message_id	ja_sha1	en	source
2071_010_01	995b99a0d583716b213bf73383359e155db122a5	Everyone's medical checks are\ncomplete! Fortunately, it\ndoesn't look like anyone is\ngoing to undergo beastification!	machine
2071_010_02	ff6a42a0e05b07c43d2bcd433eebbcaa44868583	That's surprising, Verda. Are\nyou a scientist at your age?	machine
2071_010_03	6a1aad0dec5777854fefbe9e507906f057871b46	Well, I'm just a bit of one.\nHehehe.	machine
2071_010_04	347f3443e3128098c22351f5b2933c41ea16a5cb	As for you, Henri, judging by\nthe data you've received, your\nway of organizing papers and\ndata is very much like a\ndoctor's.	machine
2071_010_05	04917f0ef793b0ebe5f2acef1fe24a40d598dcdb	At first, I thought you were\nsomething like President\nOnelsen.	machine
2071_010_06	ff83e11619c3f07b14b1eb1b20365f2e8e8cad10	Well, I'm just a bit of one\nmyself.	machine
2071_010_07	76d8096a52e817c37a07aa82044ded3c0b7d9e27	In the end, I lacked the\nstrength and have spent my\ntime doing nothing of value\nuntil today.	machine
2071_010_08	e0f4d4ff68e0e3680f7c50214470a9e48944e79b	That's why I just asked Valka\nnot to call me "Doctor."	machine
2071_010_09	3ee01c2ec1414afd77de9b66ea49073ab987b895	...It's not over yet.	machine
2071_010_10	c28a699603e4af5b37ff2c0b4ad1f7e11ad9facc	As long as you don't lose your\nambition, you'll stop caring\nabout what others call you.	machine
2071_010_11	1cdab2e8004f06fec285bd78594cb877dc4f8162	I hope that's the case.	machine
2071_010_12	01d67a60a97ea50d0ba7f14039a6339747427fe1	By the way, does the\nbeastification virus still remain\nin Daftes as it is now?	machine
2071_010_13	073c611e37798d2af6dcc9922b03b7e2122b1169	You predicted that it would\nhave a high affinity with that\n"Burning Death" disease that\nspread through Levarance.	machine
2071_010_14	1ed036598db0682b053957a60eb5c8937e68d18e	Yes, that is the matter, Coro.	machine
2071_010_15	035abdf504da9d73222ffb490e8b42d680899122	Right. After cross-referencing\nit with the data I received from\nHenri,	machine
2071_010_16	6cb8443fa866a1262cb93d2fee1759c1320c055b	I detected an advanced\nevolutionary form of the virus\nin Daftes' atmosphere.	machine
2071_010_17	240161808f8c8305f1e98af42f650864d46571e1	What? Is that not a problem?!	machine
2071_010_18	189d49dddfcc55a2a0fe51b6da6ba7f70b29ea34	Please rest easy. This\nadvanced evolutionary form is\ncurrently harmless to all human\nspecies on board this ship.	machine
2071_010_19	c05c2db9c8d9e15fe4b30f14f181a6d01907796c	I see... You gave me a scare\nfor a moment.	machine
2071_010_20	48dc0e8bfb0f5ca5cc593ec994c69ec920af7f88	We're still investigating the link\nto the Burning Death, but\nwe've repelled it before, so\nthere's no need to worry!	machine
2071_010_21	03c426fe0579d8ce609d2c46e215fb07e8ec4aff	We'll need to cooperate with\nLevarance's science team\nlater, but for now, we must\nsteadily collect data using this\nship's facilities.	machine
2071_010_22	e34a0c4a81bef7f5af99bbbb550559cb2c0c991f	I am sorry, but in the\nmeantime...	machine
2071_010_23	70675b7c0c9287d456ab9c3ab905114bffb6b071	I understand. We shall do what\nlittle we can to support your\njourney, you who are the\nsaviors of the Twin Stars.	machine
2071_010_24	7cb1e7a4ba5ce42290f69322eeb5275b99694910	Hmm, a truly reliable adult male\nhas arrived! It feels like our\njourney is going to be much\nmore stable now!	machine
2071_010_26	5bb7d04b9ca3baf529735d93ee6e823734cd754d	Eh? Ah, I-I didn't say the\nCaptain was unreliable! There's\nno way I'd say something like\nthat!	machine
2071_010_27	01e989c44c7f40799df547abea54be89ff64e350	Ahhh... No, no, no, please don't\nlook at me like that! It's going\nto become a habit, ahhh! That's\nright, that's right!	machine
2071_010_28	bc2ec24111a1fe2c6096b70f39af15302ceedec1	Karlyn! Euwin!	machine
2071_010_29	8f30eb242cfdd67a3705cb02c7d790a311b2f7a1	...What is it?	machine
2071_010_30	907e83607c22faba3cc06ea7bf0ae1b3cd39483c	Ah... Um, you're that one, right?\nThe voice that Eve and the\nothers occasionally heard\naround them...?	machine
2071_010_31	1c54405b9ce680d9efd42fb20211322e506795f8	So, what exactly are you?	machine
2071_010_32	bc43ba1887e78e0d9be0f57f43d16702b6737759	I am the operating system AI\nfor this GFSS-3214F, model\nOCAI-880-56!	machine
2071_010_34	84b5975641bba0356420345d471534309c7f2f94	Eve: Coro, you're doing this on\npurpose, aren't you?	machine
2071_010_35	db1d8a3d38386b999f58b028114d639ca626c8d8	You're being ridiculous from\nstart to finish.	machine
2071_010_36	e4b3a5445cd994ae557677622b376c9035a4304b	I didn't come here to talk to\nyou for no reason.	machine
2071_010_37	dde73796c3bdf392f988fa62fefd4965b16ae956	If you're planning to tease us,\nI'll crush you, okay?	machine
2071_010_38	48fab198ba6ef89a2efe5b3a1a9c8705c09a83a9	Y-Yes, that's right. Actually, I\nhave some rather serious news\nfor you two.	machine
2071_010_39	7e1875dc81ff8bfd5d111337f8cd250467fa14d0	Serious news?	machine
2071_010_40	541a5de5abe8a2bc90f8a1bde17122f8f046448c	Yes. Actually, the Baschen\nEmpire has launched a\nlarge-scale attack against the\nRubarika Kingdom.	machine
2071_010_41	84d138405d3e5b3f290091c9a738e4237ed78f77	Baschen has already pushed\ndeep into the border, and the\nRubarika Royal Capital is in a\nvery dangerous state.	machine
2071_010_42	d0266993ffce130079272ddd5c92354a296e6d59	What!?	machine
2071_010_43	04449e372513f31edc045c292b6480efdbac59a5	Wh...	machine
2071_010_44	0cf592b6f17f137876f04b6b65f2af0df109b5ac	WHAAAAAAAT!?	machine
2071_020_01	59b9803a93bb1c229a697172290564c0ad53a4ff	<font color=blue>Coro</font> This map shows the\nmovements on the battlefield\nup until just before I received\nthe transmission from Onelsen.	machine
2071_020_02	d89d2161b95006b0f45bcd640c494b2c1ba27fdd	Baschen's invasion speed and\nrange are truly incredible.	machine
2071_020_03	c30ed1d7322e0bd10f6b75d7b8ee5994a75caba4	<font color=blue>Karlyn</font> They've never launched\nan offensive this large. They\nmust have been preparing for\nmonths.	machine
2071_020_04	5b6fcad6a3d3945e5608db30e3621d28bb0b1280	But I've never heard anything\nabout a plan like this.	machine
2071_020_05	a2de3fa2560e81af91cb400bbecc48d1a8759b32	<font color=blue>Welch</font> ...It's no use trying to\nhide it from us!	machine
2071_020_06	390746012af30828f817834ac6eff766deba9a57	<font color=blue>Karlyn</font> At this stage, I have no\nreason to keep secrets from\nyou.	machine
2071_020_07	4a28a454938a7eadce8e113e8d120b03852804e6	<font color=blue>Welch</font> ...Are you sure?	machine
2071_020_08	ed9add1c0748a8e4f59a4f67728ad1cf9a2a43fb	<font color=blue>Karlyn</font> Besides, even when we\nWitches of the Beast exerted\nour full strength in the past,	machine
2071_020_09	3775dd8544c47322dd083b3f658ddbc375cb6235	We were barely able to push\nback the front lines because of\nthe light arrows from\nRubarika's messengers.	machine
2071_020_10	6808578b4748ba3bc8fe2a74a440be5e199060d3	In this Holy Land War, as much\nas I hated to admit it,\nRubarika's power surpassed\nthat of Baschen.	machine
2071_020_11	c340b08c7c86c0af7cdec31ad955369f8d9e39b1	Baschen shouldn't possess the\npower to overwhelm Rubarika\nacross such a wide area in\nsuch a short time.	machine
2071_020_12	f58d4166d11c7df7a0bdaf7afec482347c2aca85	<font color=blue>Coro</font> It seems a political coup\nin the Baschen Imperial Capital\nis behind this large-scale\noffensive.	machine
2071_020_13	83180b7650184d61c0d5da9a58c4e2d6130fe508	<font color=blue>Euwin</font> A political coup?	machine
2071_020_14	29e5a208e220c18c4ba944f4979f13042a0aca1e	<font color=blue>Coro</font> This is just speculation,\nbut...	machine
2071_020_16	aea21b40d13eb6044f0f66480effbee2a5b5f346	<font color=blue>Euwin</font> What?!	machine
2071_020_17	4fbeb7a7d4f01618a67c21f8f26863991a6af7b9	<font color=blue>Valka</font> I couldn't detect any life\nsigns other than Lady Leash\nand her group within a 50km\nradius of my starship, but...	machine
2071_020_18	931537940e084de0c6aa48809dd4814fafb25d73	<font color=blue>Coro</font> Regardless, I sense an\nincident occurred in the\nImperial Capital while the\nEmperor was away.	machine
2071_020_19	38064632c8520ae9bcadc8eeadbec5c794f418bc	<font color=blue>Karlyn</font> The Crown Prince must\nhave seized power.	machine
2071_020_20	81760c8481cbced7d46b69320e30f8a5837b461e	<font color=blue>Welch</font> The Crown Prince?	machine
2071_020_21	c66188e2f17d2517fffb2c2fd8e9266d35dbdb91	<font color=blue>Karlyn</font> Yes. He's an extreme\nhawk, even more so than His\nMajesty the Emperor.	machine
2071_020_22	91db9c634216e0ce0ad766ee4d2ddef18fcc496b	He's always saying that winning\nthe Holy Land War isn't\nenough, and that we should\ndestroy Rubarika itself...	machine
2071_020_23	c35e4d30608548245592c2e5143904fe70be7e7b	Naturally, he isn't the type to\ncare about the means used to\nachieve his goals.	machine
2071_020_24	7b4630465067f983ec4ca5ef0a34267d72d19616	<font color=blue>Welch</font> Ugh... that's the worst.	machine
2071_020_25	746fc61996b3534a1e5d46d8c74dde1a3a319dee	<font color=blue>Coro</font> We've confirmed most\n"Baschen Beasts" deployed to\nthe battlefield are the\nbeastman types in question.	machine
2071_020_26	55b3b02ecca20e0862ddd0cf264466c20084fc8a	This footage shows a portion\nof them.	machine
2071_020_28	c108b8acba10a3bd2c03b73847b9a16c154618a2	<font color=blue>Coro</font> Precisely. No matter how\npowerful the Light Arrows are,\nthey are useless if they cannot\nhit their target.	machine
2071_020_29	1b813141d89aa036d6bcbad4f986885f8a8d9d3f	Beastman-type Thornites are\nincredibly fast and strong,\naren't they?	machine
2071_020_30	36afb0550f175161afbdd5f475731b89411a57c4	Numerous Rubarika soldiers,\nlacking proficiency, failed to hit\nthe "Beasts" with their new\nLight Arrows, forcing repeated\nretreats.	machine
2071_020_31	46f479b48fa8789a2ff1698acc595d29dc26f817	...Can't we intervene in the war\nusing this ship?	machine
2071_020_33	3d693abf6af87aaf49d512c844e682862a78198f	We have to stop the Witches\nof the Beast... we have to stop\nthose girls...	machine
2071_020_34	e8e8d9e4b31db5cb7caa4d8b8acdb7fc224f6f80	Huh? What are you talking\nabout? You're on Baschen's\nside, aren't you? This should\nbe convenient for you...	machine
2071_020_35	395547f13fdbb1c843b271dfca7dd5569b48116a	I never heard anything about\nthis!!	machine
2071_020_36	68229785c05ae2ed4cc7ea665b9917266bc842a2	Wh-what's with the sudden\nshouting...?	machine
2071_020_37	69a2bddee6f85592ecc938b77b6e5dfaf82e5cbc	I don't need to know about\nyour strange technology to see\nwhat's happening!	machine
2071_020_38	4b28b9f01bb9653c5c0a1bc808359256753b9dbd	Beastman-type "Beasts"... no\nmatter how you look at it, that\nmeans...	machine
2071_020_39	0f555277b4f3843202402836efa2cf0ac869c3f1	They are likely... our kin from\nDaftes.	machine
2071_020_40	378a33689bfdd78c8cf8fecf326ce089595beacf	Eh... you mean...	machine
2071_020_41	ff0f679bb563ea7c7230ecd9c6d170932b11af73	It's a bit late for that... Every\n"Beast" we've summoned has\ncome from Daftes.	machine
2071_020_42	8ccfd0fcd49ccd87d20688e917dde6403f4c10fb	That's not what I meant! You\ntwo little spheres over there!	machine
2071_020_43	5e019ccc14473fddf577750251ba3104a6a9c34d	L-Little spheres?! Are you\ntalking about us?!	machine
2071_020_44	a9a1d5384af17d0bdf2290bf04ac3b925d9aa547	...While it is still in the\nverification stage, I lack the\nevidence to deny it.	machine
2071_020_45	3bdd5c7b647fe63e21b34cfd5b313425d800fec9	From an optical standpoint, the\nbiological forms of the\ncreatures inhabiting Daftes\nshow an extremely high rate of\nsimilarity to the Thornite that\nKarlyn Kayson has been\nemploying.	machine
2071_020_46	30a4e95acb9b2823e0d94a9b93e1b566e664d2f8	If the beastmen of Daftes,\nLady Carlin's "Beasts,"	machine
2071_020_47	eaf1b9c3f669ee82e58af6b597eb182e45f2a4c5	and the Thornite mentioned by\nLady Leash and the others are\nall the same thing,	machine
2071_020_48	57f59782d34668613ec823d183faa708918205ca	then there is a high possibility\nthat those so-called beastmen\nhave been perfected as\nhigh-level biological weapons...	machine
2071_020_49	8dbee8b069211f92aead8586ecdd612683ae2486	I am a soldier! I kill my enemies!\nNo matter what methods I have\nto use!	machine
2071_020_50	bd573ca5e44cc2a7851654265d01929005a9508d	But... but even so, I haven't\nfallen so low that I'd hide\nbehind the manipulation of\ncompletely innocent people!!	machine
2071_020_51	1b67fd35bf71d48a338b612880e86296180b520b	Why on earth would Baschen\nallow such a thing to happen?!	machine
2071_020_52	effde5199e687f8d317cad6200af3d8d9ecae047	Now, now, calm down.	machine
2071_020_53	c7d19ca09bcfc782703c253a853f4ccd553f2ca5	The people of Baschen have no\nidea that humans even live on\nDaftes, so there's no need for\nyou to be so worked up...	machine
2071_020_54	39742f941ba35ec066533454043d57a9d4013baf	I'm not so heartless that I\ncould say that in front of\nHenri!!	machine
2071_020_55	ef06d737cfc76a5a5c1ed0a4297c0dcf049aaef3	There is no need for you to\ntrouble yourself.	machine
2071_020_56	276b44b028c27200f674ba88d7206a5af16daf3a	It's been nearly 30,000 years\nsince civilization fell. It's easy\nto imagine humanity has long\nsince returned to the wild,\nliving like beasts.	machine
2071_020_57	2bb6916f151b51937821806d789746033aab6687	Therefore...	machine
2071_020_58	8e816a9bfde55f8762fb60a46f422366809e3b5c	My family was killed by\nRubarika soldiers on the front\nlines of the Holy Land War!	machine
2071_020_60	b80b6255f6146d9e8de3fab53adb8acd81452429	It was a fishing village by the\nsea.	machine
2071_020_61	1caad5c5a86ead29c99eb5c11cc38c50ddc352c2	Rubarika's analysis says it was\nkilled simply because it was\nnear the waters where the\nHoly Land of Asyl might\nsurface.	machine
2071_020_62	a1d7ba5ee3bdba131daf96ee98b21b1d6eb650e7	Hmm? Surface...?	machine
2071_020_63	a87f39236c7d0ad95433f8597d898b62e1dd4379	But later, it turned out that\nBaschen had already detected\nRubarika's movements, and...	machine
2071_020_64	60fb0fca4287dd7aa52b8e1ae19673672c8426f8	I learned Baschen abandoned\nthe village just to gauge the\ntrue strength of Rubarika's\nnaval forces...	machine
2071_020_65	cc8cf724b7952464a937feb9f22a1008cec22118	Even so, why would you submit\nto someone like the Witch of\nthe Beast...?	machine
2071_020_66	f54fe988bf1338aef689ac024e932585869d5f1c	It's because Lord Givel found\nme... The Baschen army obeyed\nme, as I wielded the Witch of\nthe Beast's powers better than\nanyone.	machine
2071_020_67	bd1fde6a271ef5c9982cd2f32c1fae580a2f737a	Lord Givel is an emissary of\nDaftes. He is not a true\nBaschen.	machine
2071_020_68	0aa145db81c2c8fae5bc4c2f8661c20565475434	That's why I followed him; he\ngave me power. The power to\nsubjugate both Baschen and\nRubarika...	machine
2071_020_69	8b753c48806fe9930e2c6f535d49ac5434a9a178	But, this... how could it end like\nthis...?	machine
2071_020_70	4c973c75af22ad490d997eb2037969da52ba5d73	I never once cared to wonder\nwhere the "Beasts" actually\ncame from...	machine
2071_020_71	940a32ae5a34ffc5d040660f7d9942939cf4aeb7	If the people of Onelsen were\nsummoned by chance... if there\nis a place where people live at\nthe edge of the sky...	machine
2071_020_72	0d66a046b8fabc9e249ec4d938d1ffe7ace431fa	By some terrible mistake, I\ncalled them "Beasts," and one\nday, I will once again... humans...	machine
2071_020_73	41e9f51e5a6f11696e2f9ca94b36723ebccbb7b6	Karlyn...	machine
2071_020_74	82465ace12e0f543e5f630d4cb11c8a80bb95052	...Karlyn, that is...	machine
2071_020_75	1c72b25be534a92c25de195b92e4529c3c59fffb	No, I...	machine
2071_020_76	92e41602bcd33de3f6f4c725adb344be36ac985c	Karlyn, may I ask you\nsomething?	machine
2071_020_77	ea7624ae12c0d088c5c514bfc9879f4dd4aef4c4	It's, well, I'm sorry if it's a\nquestion that doesn't have\nmuch to do with your troubles.	machine
2071_020_78	a04577a6f259820b3dc23b45648e173218cb5c01	...What is it?	machine
2071_020_79	69fb036b2294d5861cd6d2b3e11248fcfa3d85b1	You just said the Holy Land is\ngoing to "surface," right? Isn't\nthe Holy Land of Asyl located\nin one specific place?	machine
2071_020_80	74d0c0e66550b31179d996f3bab103700ddf0d62	Huh? What are you talking\nabout...?	machine
2071_020_81	c19bbfd1c73bb93eb3278fc0ef5edda4ad65bca5	Oh, did we not mention that?\nThe Holy Land of Asyl is\nusually at the bottom of the\nsea.	machine
2071_020_82	6512ba10969544ca73fda72d312fa72a9562e046	The bottom of the sea!?	machine
2071_050_01	c19bbfd1c73bb93eb3278fc0ef5edda4ad65bca5	Oh, did I not mention this? The\nHoly Land of Asyl usually lies\nat the bottom of the sea.	machine
2071_050_02	6512ba10969544ca73fda72d312fa72a9562e046	The bottom of the sea!?	machine
2071_050_03	fac1a37ee22ddca8bf7b358224f7958c5158e5d5	That's right. The Moonshadow\nLadder doesn't always descend\nto the same place.	machine
2071_050_04	66ee458a7696ca675a2745a71ae11454e6b773c8	Since the Holy Land of Asyl\nappears wherever the Ladder\ndescends, it won't always show\nup in the same spot.	machine
2071_050_05	2fcfc024bb79a29d5835192097cb8bd32f6de1f9	May I ask? Does "Moonshadow\nLadder" refer to a massive\nshadow connecting a moon to\nthe planet's surface?	machine
2071_050_06	cffcf74a1149a8d04ba14c093c5c87f062c5c521	Yes. There are many paintings\nof that nature within Rubarika.	machine
2071_050_07	dbc34df28758a500f2c136a303a2a641ec7f47ee	Hmm. If the Ladder is the\nshadow of a solar or lunar\neclipse, it feels as though the\narea would be quite narrow.	machine
2071_050_08	364382e992638d4532ae903f951207607254d378	Assuming the "Moonshadow\nLadder" is indeed the shadow\nof a solar eclipse,	machine
2071_050_09	6fc62416f91f69d20bc912e7fcae40dd61e7873e	True, the observable location\nshifts due to the rotation and\nrevolution of the planet and\nmoon, and the axial tilt.	machine
2071_050_10	7c8b52e77d00df680bab2e0b2e1873370c20958c	And in this case, that would\nmean the position where the\nshadow descends is always\nover the ocean.	machine
2071_050_11	628f47bc3b3eb0328a9a62201605a4cd7cc8ea4d	So that's why the ancient\nbattlefields of the Holy Land\nWar were all along the\ncoastlines...	machine
2071_050_12	5a8073a1d3169d577ee9df71512aca7c6248bb80	But the Holy Land is at the\nbottom of the sea? And it\nsurfaces during every solar\neclipse? Is that even a natural\nphenomenon...?	machine
2071_050_13	49bcfc7240546348e711dc87fdc30da83f5c5fb3	Even if you ask me that, it's\njust how it's been since ancient\ntimes...	machine
2071_050_14	b96a0e7dfcfafd3356facea5da01e5fc21deb8e9	...No, that was the mistake to\nbegin with.	machine
2071_050_15	be831e483222dc642626fb450c303d9bfe0dd9d9	Eu?	machine
2071_050_16	b971232d548dad7d4d9e784fe3784d189dcc7f65	Because it had always been\nthat way, it felt natural.\nBecause that's just how things\nwere.	machine
2071_050_17	108e554afc07e61ac197220db2a166c86460bd60	Because that belief is rooted in\neveryone involved in the Holy\nLand War, we've been\nrepeating this cycle forever.	machine
2071_050_18	faa3ffde8c80e06f223e38baa685475368113f52	That's right. The Holy Land,\nAsyl, is on an island that rises\nfrom the bottom of the sea.	machine
2071_050_19	f41f84efbf6d6ca0882f84aac93a0685d721d786	You've both heard of it, haven't\nyou, Welch and Karlyn?	machine
2071_050_20	900613dfc3871728757c2fd07f49ee5f36ab8698	Tides alone can't explain this,\nand don't you think it's strange\nthat the appearance location\nchanges so drastically?	machine
2071_050_21	b8b06c5e0325f69920318b507e453f57ff30f652	Have you ever heard of any\nother island like that?	machine
2071_050_22	9cba6c43c52ee04eddabe12524087576735518ce	There must be a cause.\nLooking down from above, it's\nclearly abnormal. Something is\nhappening to this Holy Land,\nAsyl.	machine
2071_050_23	f51f7c0f4767db34d04d511e61d74bf1226d70d2	Is it... human will?	machine
2071_050_24	067b94540abd72a70d7330303ec5bbcb373ed9dd	There's no way an island could\nrise and fall just because of\nhuman will.	machine
2071_050_25	3676439bb222c95423a4a70874adeb35ac528d44	When you're shown a world this\nvast, anything is possible. Tika\nis a perfect example.	machine
2071_050_26	5b8d7982954d221e2bcfa23514aa448bec1dd919	Eh?	machine
2071_050_27	24b1f4432fa503c41e23263f5f3a4b11de891a81	Tika, you just said it, didn't\nyou? That the battlefields of\nthe Holy Land War are all along\nthe coast.	machine
2071_050_28	5e5aab8543203949816507c1e754372f35fc4227	Y-yeah.	machine
2071_050_29	5370b76592be08bd4e11b99e00454f72b9cbf272	A child like Tika knows about\nmultiple battlefields from the\nHoly Land War. Which means...	machine
2071_050_30	b35c62f6b70f2c259112cd25f68e2ca08dbc2974	Rubarika and Baschen in Tika's\ntime must be at peace. Tika,\nyou came from the "future"...	machine
2071_050_31	f1df5f82d296af8d4540a1fe43064616c4379b4e	You came from far beyond\ntomorrow, didn't you?!	machine
2071_050_33	d7d4c7a08ca6f6f8e8c2a1fb62fc6489985ead93	In the era Tika was born, the\nHoly Land War isn't being\nfought.	machine
2071_050_34	5a3439b88f46c7c5659273644e5e3070980413dd	If that's the case, the Holy\nLand War ended before Tika\nwas even born.	machine
2071_050_35	53eb0142c1c3733dd151599595d322b8efcad878	In a "future" further ahead than\nour own.	machine
2071_050_36	b2e9cf60aebec416ce1c918d224506b91fb16f88	Otherwise... Tika, who claims to\nbe from the future, wouldn't be\nhere.	machine
2071_050_37	052ae0678240c816db8d643b32dca0eae1aac2a1	Euwin...	machine
2071_050_38	b8948db552a8c2108507cab0680cbd09fd98c54e	Welch, Karlyn, and I, having\nventured out into the wide\nworld, can all be here together\nwithout fighting.	machine
2071_050_39	e502e8f4b780b4ae2a1c85b4f310d19cecacadcc	I think this might be the\nbeginning of the end for the\ncenturies-long Holy Land War\nbetween Rubarika and\nBaschen.	machine
2071_050_40	71c04ac7f632d67310040d6eee77bf7d04046f5f	Neither the "Light Arrow of the\nMessenger" nor the "Beast of\nBaschen" were miracles or\nanything of the sort.	machine
2071_050_41	e584b066882b2371e3c40573faa3022a91662561	They have been explained by\nthe logic of this vast world,\nsomething we never knew\nbefore.	machine
2071_050_42	026368a7f6934e2e76e013e577928da61213147f	There was no such thing as a\n"Messenger of Daftes" in\nDaftes.	machine
2071_050_43	5f985d086e3e7db0a2ff689afda4e6837e29f110	The Holy Land War... it was a\nconflict born from making\nassumptions without truly\nunderstanding the truth.	machine
2071_050_44	622b169a8b91e3e91e0b63e10a54b58406be94a8	It is a war where not a single\nperson fighting actually knows\nthe truth.	machine
2071_050_45	fda46ab3c67c4a4b09808c4540f122abbdb3ab84	If we leave things unknown,\nwe... Daftine, and Tika... we will\nnever reach the future where\nshe exists.	machine
2071_050_46	54b83df4c15c8738a1e7a8bd94b97a663c81c46f	Captain, Eve, Verda,	machine
2071_050_47	4916b185d1151718211ee6750ea4f95968ea78b6	Valka, Henri.	machine
2071_050_48	ffef6734a7150179826eea7bfdf99286d25cf546	Coro, Rekoro, will you lend us\nyour strength?	machine
2071_050_49	c7b476c3a38ca2840e7ca487aa84589168c16fae	With your incredible,\nmysterious power...	machine
2071_050_50	f64e7490ee019e36e0a20e0c193424efe86b85ce	I want you to use your\nmysterious power to uncover\nthe truth of the holy land, Asyl,\nwhich has remained a mystery\nto us.	machine
2071_050_52	a448adb80ac10e34ccd76aca65af91d3630ceb70	C-Captain, if you go that far,\neven an unmapped planet's\nprotection is gonna\nbe―WAAAGH!!	machine
2071_050_53	9ac7dd0863df120401fe42c68142129b11fde099	Shut it, Coro. This is no longer\na matter concerning Daftine\nalone.	machine
2071_050_54	4c8260d4c95f6e4ba79b3e75c7c8e5d4b7da2edf	It is a matter that involves\nDaftes, and even Levarance.	machine
2071_050_55	a618ef2f644bc581d26030d5841860582ec5a283	Considering how Givel's\nSummoning Crest Arts brought\nto the Witches of the Beast\nhas crossed the cosmos to\naffect Daftes,	machine
2071_050_56	b662bface1b598a10f1831bb8d1e5be4d1f6739a	There is no telling when the\npeople of Levarance might be\ndrawn into this.	machine
2071_050_58	f08e04a6807b8462edaddacfcc1830476d7505a6	We can no longer run away\nfrom Daftine with our tails\nbetween our legs.	machine
2071_050_59	802328f1f75f18fa913ed71297465f1d3ab5db48	Not for the sake of peace in\nthe universe, and above all, not\nfor the sake of our comrades.	machine
2071_050_60	350d66096e9b8d5b75e124bf28e6f8bc91607a8d	Wouldn't you agree, Captain?	machine
2071_050_62	47e6a1c28e7830e0dd491d711057cc3fb66914ae	...To be honest, I saw this\ncoming...	machine
2071_050_63	a25848d89840f2a4cc8b2b8ed4f3d006c1684d91	But listen, Euwin, let me make\none thing perfectly clear...!	machine
2071_050_64	c3eaca754e3f8c104751b4d627fe39de9effc3ae	I know. The responsibility to\nstop this war lies with us, the\npeople of Rubarika and\nBaschen.	machine
2071_050_65	f18b05366c2f5423400591e30a0fab2bedd44956	I swear, we will never sit idly\nby, relying solely on your\nstrength.	machine
2071_050_66	f24fb90757787f71d3e99da978bf1ceb414f26ef	……………………Yes. ……Well then,\nshall we go?	machine
2072_100_01	58910b594fde9862528da99af5714bb345eba6a1	Why is this taking so long? We\narrived here so quickly!	machine
2072_100_02	179f0ccc004ffc273ce7a09c2fa7b165482e72d2	Once we arrive at Daftine,\nthere is an extremely high\nprobability that we will enter a\ncombat zone.	machine
2072_100_03	3cb2fd980fa0e0e46317b6324589ba3288adcb28	Due to the journey through\nDaftes, everyone's gear is\ndamaged and strength is\ndepleted. If we don't recover,\nthe mission may fail.	machine
2072_100_04	f64f3a181ff067213f86bd01c91cdedea7129cd5	Coro and Big Sister Verda said\nthey wanted to take two days\nfor repairs and treatment.	machine
2072_100_05	f1f32fb12795ccf372e3fe692938cdb6d5e0ab1a	Big Sister Karlyn, let's rest for\nnow, okay?	machine
2072_100_06	d195affabb8e546af9448a04af5bfad8dba3f026	...Ugh. I'm really not in the\nmood for that.	machine
2072_100_07	7af0c5d74aa7ec36bb66b8830f3785661ff96558	Big Sister Karlyn...	machine
2072_100_08	7e2ea09ab3af93646be0f9141b46b725773bc217	<font color=blue>Rekoro</font> ...She seems on edge.\nThat will hinder the efficiency\nof our rest.	machine
2072_100_09	dbab8d5039001477f4af2bf2e877a1d4fc2ee035	<font color=blue>Henri</font> It's understandable. I feel\nthe same way, and you all are\nin a highly chaotic situation.	machine
2072_100_10	c67da47b6e12174f42c37736a1b3c1bb3c9b58b0	Especially her; she likely feels a\nprofound sense of betrayal by\nthe homeland she once\nbelieved in.	machine
2072_100_11	00e96a00302c7bc728f7c9639072d5bbb741aaa5	For now, we have no choice\nbut to leave her be.	machine
2072_100_12	955767ff47b923fe521f17b077469d4b61168856	<font color=blue>Rekoro</font> As a life-saving pod AI,\nit is pathetic that I am forced\nto choose the "leave alone"\noption.	machine
2072_100_13	16d2d9fa0f30ea3c87a90eaaa4e2cd80e4cc7ffb	<font color=blue>Henri</font> Things like this happen\nsometimes.	machine
2072_100_14	9ddf4e7d0cb1d196b80fdc47223b9cf2b0bc4d19	It is only natural that Karlyn,\nEuwin, and Welch would show\nsome mental strain when\nthinking of their homelands.	machine
2072_100_15	9699af4f485929322a56b7b4b7654db05cc82111	<font color=blue>Rekoro</font> Even so, Eve's reaction\nis incomprehensible.	machine
2072_100_16	7d4af4007a24d431ebefb9c4bcf362c260facbc9	I understand that she wishes\nfor peace in Daftine from a\nhumanitarian standpoint.	machine
2072_100_17	58dad09ae7fe44d21fcee387aab44ec55d18173f	Yet, despite having no stake in\nDaftine's politics, she has\nremained shut in her room ever\nsince that conversation.	machine
2072_100_18	334cd93e60f8fd3bbfbe30772214868863281c1c	<font color=blue>Tika</font> I wonder if big sister Eve\nis okay...	machine
2072_100_19	6ea1665813cf806b84eb89f8db0826574466b9b3	<font color=blue>Henri</font> She is likely troubled by\nwhat Karlyn and Verda said.	machine
2072_100_20	97b426bb83dc6944f54463a043e95e75952eb381	<font color=blue>Tika</font> Eh?	machine
2072_100_21	6b3b8244ea04525d45fd39762d6ba1a9da9cb4df	<font color=blue>Henri</font> Karlyn, though unaware,\nhad been summoning our kin\nand forcing them to fight\nagainst their will.	machine
2072_100_22	0514e2f89ee5df2f59f50cfbb43116d351cc8d33	Karlyn was deeply pained by\nthis, feeling that human dignity\nhad been trampled upon.	machine
2072_100_23	e734e273dd518547fcf0b6121c15a48bf48ef125	<font color=blue>Tika</font> Ah...	machine
2072_100_24	d1cae9eef02efd4e231d7dc674e7890b2df54f82	<font color=blue>Henri</font> Now, she is likely\nquestioning herself, wondering\nwhat that makes her, and\nunable to find an answer.	machine
2072_100_25	6b8b258ec3251e331613609621f1d2a788f52175	<font color=blue>Tika</font> That can't be...! But, Eve\nis...	machine
2072_100_26	b87435871431b4c65d0ba6c359902360a7708ab6	...Most likely, there is no one\nelse besides you who can\nrouse her spirit.	machine
2072_100_27	e33b6237186ceade41d155c97afe12e104ca4c97	Go to her.	machine
2072_100_28	d9964b59abc17536bfd158f4c18fdfcf76fee7c3	...Okay, I understand!	machine
2072_100_29	45006566e90d84ea8217bc9ebddf95ec744e9be3	...Me too.	machine
2072_100_30	7ef6c52d53433147e772d966d5dbf891deef0133	You will stay here and lecture\nme on the history of Daftine.	machine
2072_100_31	aae1f129d4885371d0c8a4a41f7af44d1cda170f	B-but!	machine
2072_100_32	5271140adc5328fce4d5fa4b29000f49efd79066	Let a precious child travel.	machine
2072_100_33	8950effe041cf69cc426aff8bef7243edd88a29c	Respecting their judgment and\nletting them learn to interact\nwith others on their own is also\na form of "parental love.	machine
2072_100_34	235833f444ce35165c8a8a59937cca588b9d8a6a	This is by no means "neglect."	machine
2072_100_35	a8486c54e8d5c773627be6bec966be8989e0aa6a	...Humans are still such\nmysteries.	machine
2072_110_01	6e5ae462a40288953605b1497c21ba44d5fb2dc9	Eve... are you okay?	machine
2072_110_02	159d5705ef3b3b7558ac9ab8f4805153457fb1e5	Eve: Ah, Tika.	machine
2072_110_03	8901996e7c7adf4753dbd300fb3026efc991d306	Are you alright?	machine
2072_110_04	6a790e7837757ee073e659f78af788b80a5bea14	Eve: Well, I suppose. I'm just... a\nlittle tired...	machine
2072_110_05	50a9fa083c27f01daf3c97b43fa029af290535ba	...Is it about Henri's friends?	machine
2072_110_06	66706a3d66469a17ae9080045c0b9837adeb36a5	Eve: ...Well, it's pretty obvious,\nisn't it?	machine
2072_110_07	084b93de610396e63d45f45c1ad3740ed63f4f5c	Eve: What Verda said... it really\nhit home.	machine
2072_110_08	764348bc7b4bc294361f07618d105bae5fb622d4	Eve: I started wondering what I\nactually thought of my\ncomrades...	machine
2072_110_10	de406d02325c8e9237b7623ad90f1c90ab3020ff	Eve: Summoning them across\nspace and time, regardless of\ntheir own will...	machine
2072_110_11	2ea76910ceca6eb56e2d1b144a83dd25d22324f9	Eve: But our comrades...\nthey're all human...	machine
2072_110_12	f021fea11dcfb5f6c3d4d92c6f7d0b9649092d0b	Eve: I've brought them all on a\njourney through space and\ntime, with no guarantee I can\never take them home.	machine
2072_110_13	f390e9cfbd35a33ac9ca96da95de599d1e9e9057	But... you saved me.	machine
2072_110_14	0fceb3bc5a6c5ca70e261fdfa0417fa04389ca69	Eve: What...?	machine
2072_110_15	c9026eac83af7b9ef577fa03f4dcb759bc302fb2	I was saved because you were\nthere, Eve.	machine
2072_110_16	d39d4222dd83d3ced56c8c4157555956beafb8d9	Eve: Tika, but, that's...	machine
2072_110_18	be1af6db7905017c6ed18cf59062dfe40ed90954	I was able to survive even\nthrough the passage of time.	machine
2072_110_19	6724a1c6b007d585e482745037fc592240c2f856	Please, don't deny that...	machine
2072_110_21	15e9ba8b4e6025ccded4af6fa5cab4092448c774	Eve: ...Tika.	machine
2072_110_23	13588dc36cc78e0629f8308a4be75cad5da79e3b	You're not someone who uses\nit to hurt them.	machine
2072_110_24	e880553c782f8f2fac99aecf25049a7ba8a5b974	Even Karlyn was fighting with\nthat power because she\nwanted to protect the people\nof Baschen...	machine
2072_110_25	87833a2d1cc87446094d5470acaf639580ab6633	But that man, Givel...	machine
2072_110_26	f110676319b334da090e5538dfd09ee868e6f12b	I felt like... he didn't even see\nhumans as human beings.	machine
2072_110_27	983255004f5ec29b9166031fa33f69dd75ff28ff	He's nothing like you, Eve.	machine
2072_110_28	15e9ba8b4e6025ccded4af6fa5cab4092448c774	...Tika.	machine
2072_110_29	f47c2202137d1b59dadc22709709198fc92451a6	That's why we can't... leave\nDaftine's future in his hands,\nright?	machine
2072_150_01	4d0c4f9b007089b9be53c1fc1fe3dae746a54ae2	I'm relieved that our voyage\nhas been going smoothly so\nfar.	machine
2072_150_02	dd5bb228687f68125668e9f3f26f9e2811b4943e	Don't worry. After the Captain\nand the others left, I scanned\nthe surrounding space very\nthoroughly.	machine
2072_150_03	899f72b9863b325a3886905fa90b6081cc45e80d	At the very least, around\nDaftine and Daftes,	machine
2072_150_04	b75efe1c4874cafaf40f4384474db762332cf67b	there are no hostile spacecraft\nor asteroid belts that could\ncause a collision.	machine
2072_150_05	1178be98e9281b61c56777edbd987d9e6e3fef2c	Then why did my ship crash?	machine
2072_150_06	349f79178a0e70479b6071c2ccb48d5aaefbcc7b	Perhaps it was due to poor\nmaintenance?	machine
2072_150_07	0de005e9e3a1b74e3115d09fa4b2bf89fc23b438	Poor maintenance...	machine
2072_150_08	5d1db35c3e978c7be54f32f5710b10e7a2030ab5	T-That's not true!	machine
2072_150_09	565c8fde2559dba617fb3993a0434c217463ad1f	But even with the data, we\nfound nothing besides the\nevidence of an external\nimpact...	machine
2072_150_10	d7c118ca55ddb82b859020c0f910baf5b33b5840	I-It's not true!	machine
2072_150_11	80a749900c63ca2a049144b91c0913be4b67dafa	...Huh?	machine
2072_150_12	1c7cd991053cff48ad4b34318c95b3dd8b78418c	My father maintained that ship!\nI've always taken such good\ncare of it! There's no way it\nwas poor maintenance!	machine
2072_150_13	c8d4cad3c6c219a6ec3b33fd82a3474d5e7b6aaf	Don't talk bad about Father's\nship! You idiot, Coro!	machine
2072_150_14	8e44f8a455d0abc57d7d341e2bdbfca653944c62	W-Wait, Valka?	machine
2072_150_15	064d481f95bb7459e9f2c4842f3935f5c3cd8da9	N-Now, now, Valka. Coro is\nmerely saying that we shouldn't\nrule out any possibilities.	machine
2072_150_16	4a2675092ed85966999a409a779370ae8d8060d8	He's just being a bit insensitive\nwith his choice of words.	machine
2072_150_17	ad5d71f0a7583210e82fa47c535571e5d586c859	No, I was being serious...	machine
2072_150_18	4b6d5b03423dfb45076661ca32436c11a41430a6	Coro!	machine
2072_150_19	fd281abcba0737419c955205da736dbe084add90	...Uu. There was definitely...\ndefinitely something there...	machine
2072_150_20	553c7116e37ca294ca1ea2abbc1e8196fb047aef	...Watch your tone! You should\nbe able to manage that much!	machine
2072_150_21	3ded38f3f37fd569bc8e8612a4b0feab1e86c5a4	Ah... um, well, considering\neveryone from Onelsen, we'll be\nreturning to Daftes again\nanyway.	machine
2072_150_22	4c2bc8373c1cbcf70b485423c8ea18ea86abac2a	Once the chaos of the Holy\nLand War is over, let's make\nsure to investigate it properly,\nokay...?	machine
2072_150_23	0b19f7417fc57861095f44c60a0ffdca9bd55d00	A-And, um, I'm sorry.	machine
2072_150_24	21d363aba4be65f0fe0068ce8ae33a1bd0847104	...Yeah.	machine
2072_150_25	f0d4b5373f893bd4a4b4b4e32082dad2622c5d17	Alright! Now that we've settled\nthat, Valka, about the Holy\nLand of Asyl...	machine
2072_150_26	5b32c10812ae87142ec5be41be28f4fe9d508deb	Hmm!	machine
2072_150_27	876f3b722947aaef611b01087a603420c885444f	...Ah, based on the data\ncollected by Administrator\nKoro, the calculations are\nalready complete.	machine
2072_150_28	53d06c1e8d150dff177b2d0bd9ea450e30963253	W-why do I feel so thrown off\nby that...?	machine
2072_150_29	689919c1b97309362ee7cfcb5549927464588328	My, my, to throw Coro off like\nthat... Good grief.	machine
2072_150_30	ee2364ae3febb7c7d549329b1dab09bb1f690ef2	<font color=blue>Valka</font> By calculating the\nmovements of Daftine and the\nsatellite Mastima, we can\nnarrow down where the\nMoonshadow Ladder descends.	machine
2072_150_31	4e4743aa191e94f73e4cccc7cda4cdfab208f4ea	And when overlaid with the\nareas Rubarika and Baschen's\nnaval strength could secure, as\ninferred from Administrator\nKoro's footage,	machine
2072_150_32	639b0aab5b53b11d36753f8b3000a85fb76621e2	It looks like this diagram.	machine
2072_150_33	d8ea0219982a806ca134b62dde2d47713ec0d988	<font color=blue>Verda</font> It's wider than I thought.\nWhat is the average depth?	machine
2072_150_34	1f51a142d3014c7ebe7d0d4a3dd8f42b653c803f	<font color=blue>Valka</font> The continental shelf\ndrops off around here, and the\ndepth increases suddenly.	machine
2072_150_35	6d8353f7581f3821de72a374a7268bb95ebebdf4	Furthermore, several trenches\nhave been identified. The\ndeepest reaches a depth of\n8,000 meters.	machine
2072_150_36	69f682cf03a3438edfa24d97ef58a230bd1c5b50	<font color=blue>Verda</font> That's right on the limit\nof where vertebrate life can\nsurvive.	machine
2072_150_37	9de3c0a51202d8cd9e5a324fe70d4a254c0eb5f0	Coro, can this ship's pressure\nresistance equipment handle\ndiving into this trench?	machine
2072_150_38	0781aca3f5bc1441297eef3f00b0f5fde8f6cb65	<font color=blue>Coro</font> Don't be ridiculous. This\nship isn't equipped for\nunderwater use.	machine
2072_150_39	dbbe53d1609abab147457b12092e60bc91372a87	<font color=blue>Verda</font> ...I figured as much.	machine
2072_150_40	d3e1f0a48f5c3ceb2e1299eacce975ea0ee429c2	<font color=blue>Coro</font> Even with Asyl, if they\ncall it a Holy Land, there must\nbe buildings or something\nthere, right?	machine
2072_150_41	974a6259d4caa246b40a69e4bcc3b7181938e1dd	Isn't it possible they aren't\nlocated in such deep waters?	machine
2072_150_42	7f885d87294de35a682a8ea70cce4d0b478f472c	At 8,000 meters, even a steel\nsphere would be crushed flat!	machine
2072_150_43	7fa1b9c413f702919726661b1fa3c37a8ec3891c	<font color=blue>Valka</font> Administrator Koro, do\nyour sensors show any such\nreadings?	machine
2072_150_44	d435a8623772cace341dbe38e1e0845e1b1e15a8	In the continental shelf area,\nthe depth should be around\n300 meters at most.	machine
2072_150_45	b73e8357000fb3e8f1ecf04b038def0564bdcbc1	<font color=blue>Coro</font> Not a single thing.	machine
2072_150_46	548bac5619545eb5bf84ff5c4d4a229ac67b16cf	...Hmm.	machine
2072_150_47	3d89f83b56717babd3e970ff17b903aafc5c1259	What is it?	machine
2072_150_48	eff9506b227fa8b440b59b17135d67bfe0ac9b3e	...Maybe it's just poor\nmaintenance on your part,\nCoro?	machine
2072_150_49	982ca654f0d640eacc161fae523a8694a45db6bf	...Valka, you're actually quite\npetty, aren't you...!	machine
2072_150_50	a9cc04d144fa9223338ef6a37d4512f292a458de	Haaaaah... Honestly!	machine
2072_150_51	db87a7fa2c606c4a1d6f57ed38372be5221d3c39	I just had my maintenance\ndone on Planet Viret, so\nthere's no way it's a\nmaintenance issue!	machine
2072_150_52	91f1192f3f221464047fa497af4886e17987e867	Goodness, what a headache.	machine
2072_150_53	689bfc8582f6b8adc9d2f37d5ad6d9d82f7fa360	I'll have everyone gather to\nshare their opinions... If I leave\nthese two to talk, nothing will\never get resolved...	machine
2073_160_02	01e000449e659352c37ccfbb9f91eed08bfe4a34	I see... So even with the\ncaptains' technology, they can't\ndetermine where Asyl is.	machine
2073_160_03	fed1c8bf2dd529f28ae22275692f3315b7184d02	Isn't it just Coro's poor\nmaintenance?	machine
2073_160_04	00b85de26be138d8f719ef173b9d716acafdc630	Even you, Welch?! I'm telling\nyou, that's not it!	machine
2073_160_05	9f777c9965a3453477c1eb83a0b894cddf760042	<font color=blue>Tika</font> ...I think it might be hidden.	machine
2073_160_06	930afbf212f2e024070c8b07b0df4b9ae02e78e8	<font color=blue>Verda</font> Hidden?	machine
2073_160_07	b326c68892547397ed904ab9515f74d72338efc1	<font color=blue>Tika</font> I mean, I think someone is\nhiding it with such incredible\npower that no one can find\nCoro.	machine
2073_160_08	348a5662fb55a7e33a11971ac93324adc5822f8a	You know, like that place\nwhere Henri was with Onelsen?\nIt felt similar to that, didn't it?	machine
2073_160_09	eb295e8d62dbb76858f007ca23c67740581ced3e	<font color=blue>Rekoro</font> It's true; without the\ntechnology to bypass\nelectronic locks, one wouldn't\nknow how to open that door.	machine
2073_160_10	06619995b339373143625d45d73c124e9e20f7ee	<font color=blue>Henri</font> Whoever hides the Holy\nLand of Asyl only reveals itself\nwhen the Moonshadow\nLadder's descent conditions\nare met.	machine
2073_160_11	0ce9589c3e724627c028385fa4b4a544eca1def0	And at all other times, they\nhave ensured its existence\ncannot be detected at all.	machine
2073_160_12	d12186e8f337a6d7b4ddd35db3097118d5c286d1	<font color=blue>Eve</font> So in the end, we just\nhave to wait until the ladder\ndescends? We won't be able to\nintervene in the war like that.	machine
2073_160_13	d47eec5a5992e3057d46fd5b5f409086ab964bbf	<font color=blue>Coro</font>, I've been thinking. Since\nit's called a "Holy Land," it must\nbe at least bigger than the\nfacility where Henri and the\nothers were.	machine
2073_160_14	be6c74198e0aa08f929eb24788a3387cc683b45d	I think the methods for\ndisguising something of that\nscale would be quite limited.	machine
2073_160_15	2c8454f48f59f14ec7bfaee361ff9b3dc236a239	We're searching for signs of\nmechanical tech, Crest\nScience, or even concealment\nby natural phenomena...	machine
2073_160_16	2d299b3f391563749e29e66440ed99bb066a7902	Unfortunately, nothing\nresembling that has triggered\nour sensors at all.	machine
2073_160_17	d99401a8160e3c89072b7d1f62f95d0d400d0141	<font color=blue>Karlyn</font> I think the possibility of\nCrest Arts is low.	machine
2073_160_18	79dfdf0b4fda6174156cdc3c2a1ea54cec838315	<font color=blue>Coro</font> Why is that?	machine
2073_160_19	2ef7acb626b0730792de4cbc2f1e050895defa30	<font color=blue>Karlyn</font> Asyl has been rising and\nfalling for hundreds of years\nevery time the Moonshadow\nLadder descends, hasn't it?	machine
2073_160_20	aba3fca88b60ad5ef202e6ca4ab2377dffd48670	No one could stay there\nconstantly, and if it's Crest\nArts, its durability and range\nare beyond anything\nreasonable.	machine
2073_160_21	555cba935a780bb90eecc33dc3bc7e680baad47b	<font color=blue>Rekoro</font> There should be Barrier\nArts within Crest Arts that\ncontinue to function even after\nthe caster's hands leave them.	machine
2073_160_22	e22622cc843db9b06f2e5ead60b5cf29783cb830	<font color=blue>Karlyn</font> A barrier simply stays in\none place to protect what's\ninside.	machine
2073_160_23	49ed2ea66dbe40be96212dbda5a254912a0ba46b	<font color=blue>Karlyn</font> Besides, once it's\nflawed, it's over. To fix it, the\ncaster must go back and\nre-cast it.	machine
2073_160_24	c4f1037c854c57b13a12391cb25ad9a0b36025f6	<font color=blue>Euwin</font> I see. If Crest Arts were\nbeing used on Asyl,	machine
2073_160_25	49990f1cc5f0f9928078c5f60621882b32665f5d	It must be a spell that reacts\nto a Ladder of unknown\ndescent, causing it to surface\nand appear, then sink and\nvanish once more.	machine
2073_160_26	f738f9dfab0ea6a66b4bee561b5068c91a2a9bb0	Even a layman like me can see\nhow complex it is.	machine
2073_160_27	eaba1e52e52873925ce7dd6593817d011e9eba34	<font color=blue>Karlyn</font> Moreover, the spell\nmust act independently,\njudging the surroundings on its\nown. Such a Crest technique...	machine
2073_160_28	7375965e3d9954268b06ea0f51cea026c4efdd33	It exists, you know.	machine
2073_160_29	c5a511bc057ad3d27d6f8ecc4f9340a334d63d1b	Right, of course it doesn't...	machine
2073_160_30	5590ff8011105dbc9611adfe36ab2f63edc164d3	Huh?	machine
2073_160_31	c9fb6b537b88da94b919dac5f0daddac9ff67326	Found it! A Crest technique\nthat activates on its own even\nafter leaving the caster. It's\nright there on your neck.	machine
2073_160_32	109f686ed331e7de46c9e6c6f2b651559dd368ec	!! That collar... that man put it\non me...!	machine
2073_160_33	b4cf0bbd24427325cbd4d52739f164a6c46525e9	Eh? A collar put on you by a\nman? What's that about?	machine
2073_160_34	1b5eb3b57ba56b42d8754d38e7330798ffd22dbe	The collar that masked man\nput on you in the Rubarika\ndungeon!	machine
2073_160_35	80a6f3a3a6af291cda40d61a0d98100aaca38c9a	It's true, when Givel's and my\nCrest techniques clashed, it\nsuddenly came off and a new\nCrest flew out!	machine
2073_160_36	f00bfc9c078ca97fdc7aa8ae9353726bff7a9733	That masked guy said\nsomething like if we didn't do\nwhat he said, the collar would\nexplode and Karlyn would die.	machine
2073_160_37	ed879087e650f76fd541b46cebb7df29347c43e4	Doesn't that mean the Crest\nembedded in the collar would\nactivate depending on the\nsurrounding conditions and\nblast you away, Daftes?	machine
2073_160_38	ddd57593b9852fa7c7e29bcb9ba3b29c65b64a4e	I-It's true... if I had been thrown\nout to Daftes all alone, I\nprobably wouldn't have\nsurvived for long...	machine
2073_160_40	09b5ed01d4103add6d03dbce343f0c60a34ab9c4	...Hm? What is it, Valka?	machine
2073_160_41	7cfebf73327c4a51fb9f406948233eeb4ada11c2	...I think I would have saved you\nanyway...	machine
2073_160_43	ee755ac03a424334d4f6abad41f22c70525ddd97	...I know I would!	machine
2073_160_44	b758f929295bdf2b5fd5bdc2bfc10954cc83da6c	...Yes, yes, thank you.	machine
2073_160_45	9b20da62d2ba9461e6ebbb637fd88e7169b9d9c3	Yeah!	machine
2073_160_46	fe89b786095da94ee4afe6fb7120acb86001399b	Good grief... but I suppose that\nis a convincing argument.	machine
2073_160_47	e19c527cb26ca651950a92247c32f013f27be992	In other words, if we could\nobtain a Hint regarding such\ncomplex Gem arts from that\nmasked man,	machine
2073_160_48	630489baded62d80ea64aabebb079ba037f7ed37	It might prove useful in our\nsearch for Asyl.	machine
2073_160_49	0db547a190e56fc68a20b28029f59d6b5a167127	It may be better than\nsearching for Asyl blindly,	machine
2073_160_50	d77f71c4900c1d2c77819bf02454d1bac27cac1d	But finding that man will be\nquite a difficult task in its own\nright, you know?	machine
2073_160_51	0443a9faa2ea47fa031bbc37af23eb0f0c747cdd	True, we don't even know who\nhe is or where he's from.	machine
2073_160_53	17afe6483a28bc83dc5e102222910377dde6845a	You're right. The place where\nwe met him made no sense,\nand he's... well, he's quite\nelusive.	machine
2073_160_54	719acd3d03f413b805576b64c6fe18533b4bb66d	It might deviate from our\nsearch for Asyl, but we still\nhave time before we descend\nthe ladder.	machine
2073_160_55	5f1aa4f10b32ac9f1f71893d27739e4f01db3965	I wonder if there's any way for\nus to search for that man.	machine
2073_160_56	34be9c8f87515a9ec037ede62e3ee70d52b09957	Coro, you've seen him at least\nonce, right? Can't you track\nhim?	machine
2073_160_57	5d1242bfd7d502ab64cc9184b69cecc5073c8972	Unfortunately, it was\nimpossible. For some reason, I\nwas unable to attach a\ntracking tag to him.	machine
2073_160_58	ac383ab0c6d745be2fe61f3ebca2745391cc8b5a	It's as if he's being shielded\nfrom everything except optical\nvisibility by some kind of\ninterference wave...	machine
2073_160_59	8eef9f76f4a0e710f63baeae06201013f6b8fa11	Most likely, that man is also a\nhuman from an advanced\nplanet.	machine
2073_160_60	4690c5556c90a257b17858b25fbe135c40bfd2cf	He probably possesses some\nmethod to evade Coro's\ntracking.	machine
2073_160_61	550bda4012c3c670d2f4262bc5fad52959fc9f48	Come to think of it, even when\nI whacked him with my hammer,\nit didn't seem to affect him at\nall.	machine
2073_160_62	bff706d60496bd4d6291dd77c81136a677021b25	That was a rough way to\ncheck... but he might have\ndefensive mechanisms relying\non advanced tech, like gravity\nmanipulation.	machine
2073_160_63	a563e69900f11bbb87f443661ab3bb1f62ae5f2e	But if that's the case, finding\nhim seems a bit difficult. We\nhave no idea what his\nobjectives are...	machine
2073_160_64	b5dde758405f431be40d006d4af1a401c80c0703	Objectives...	machine
2073_160_65	0d60e86181c0b19953db5cfd4c444553a5e01a8e	...Ah.	machine
2073_160_66	4a554593c25a38d1804714947b21c0d25dfef3ad	Tika?	machine
2073_160_67	d9772090564c5cd962e330580e255c9e0941f602	Um... I just thought of\nsomething...	machine
2073_160_68	90a37532140499662630ea82d92d51ea97cd718b	I hope it isn't anything\ndangerous.	machine
2073_160_69	daf286b7a371deb3873940ab93c0ffd12cc4e121	I think it'll be okay. I think we\ncan meet them. The masked\nperson.	machine
2073_160_70	e6928037327748361696e73de0c4c7f6c0b1af9c	What do you mean?	machine
2073_160_71	a53bff3f038f85d1cdc247e16648e9586c9c2507	Karlyn, Henri, and I will lure\nthem out.	machine
2073_160_74	72441af49906a7bde734c0f775b83bc945cdf604	If I get captured by Baschen's\narmy again... I bet they'll come\nfor me.	machine
2073_170_01	6a354d9f0651cd766734ca184b6ff7e38aef8118	Many on the front lines don't\nknow what happened at the\nImperial Castle. Since Karlyn is\nimportant, she can easily blend\nin.	machine
2073_170_02	c3dcbc8d3fde7551210cbb2e31c336478729b7f8	I was thinking... if Henri can\nprotect her while disguised as\na "Beast"... what do you think?	machine
2073_170_03	d0aacb0709030ec3461b5ed4d1808776f921be6c	...It's true that he's incredibly\nobsessed with Tika, so it\nseems like a good idea, but...	machine
2073_170_04	666c96ab92316eb132845cac94ddb93b46ac14bd	I wonder if people will get\nsuspicious of Henri's\nappearance after he\ntransforms into a Beast.	machine
2073_170_05	5286031b0f51e3d36c94e370bd718294eda2310b	If it's about the glowing stakes,\nI think it'll be fine.	machine
2073_170_06	5b8d7982954d221e2bcfa23514aa448bec1dd919	Eh?	machine
2073_170_07	da8d320ce370d7796ae427f0bbdbbcde3c4b68b4	As for the logic behind the\nsubtle differences in "Beasts"...\nit's embarrassing, but even we,\nthe Witches of the Beast, don't\nfully understand it.	machine
2073_170_08	ec923203427d8c5a3adc128a7c348e15b985b783	Probably only Lord Givel\nunderstands it.	machine
2073_170_09	37036c28d2074349ee4f0273f3ac45534bfcfda1	If I just say I'm a new type of\n"Beast," I should be able to\ndeceive the soldiers on the\nfront lines easily enough.	machine
2073_170_10	5d9282c9aa3612ac009cb78bf35cae977dafa348	But he did let you capture us\nonce before, Karlyn.	machine
2073_170_11	a3b0895f5067ec31447b34d9fc54d2849ec02eb3	If Tika gets captured again, I\nwonder if he'll actually go out\nof his way to come and save\nher.	machine
2073_170_12	3f43327814ed2af5a9ced8f44bbb99bc8dadb0d5	I think that'll be okay too.\nKarlyn isn't involved in\nBaschen's attack this time,\nright?	machine
2073_170_13	24df9fb7f6545a82ccc15a8cfbdce5a1f7d7d069	Even so, if they hear that I've\nbeen captured on the front\nlines again, I think they'll realize\nsomething is unnatural.	machine
2073_170_14	bc587962eee12ec710a989f76948727071442ecc	Hmm... I suppose that might\nwork, but...	machine
2073_170_15	5635dc6c6ce2194141c55d6f60b528dea22a88d5	I disagree. I understand that\neach of these circumstances\nworks in favor of this\noperation.	machine
2073_170_16	c3a6bc9055b8bbd755eeea0afaef26426c43b71b	However, Karlyn and Henri\naccompanying us is a\ncompletely different matter\nfrom ensuring Tika's safety.	machine
2073_170_17	cd5a0d1c43dde670f63c2842d00de8ecc49d3e0a	Rekoro is right about that.	machine
2073_170_18	1c137e3a6c12e5e6e447b0ad9f444f9ef7579a0b	Tika, there is no such thing as\na safe place on the front lines\nof a war.	machine
2073_170_19	48e21dd3b6deafb98bc72426c3974f19fcbcdadd	Rather, Karlyn, the risk\nregarding the absence of\nmembers other than you and\nHenri is far too great.	machine
2073_170_20	babb57dcf3d0c744463669c4911fd0c4b6d49d16	Tika, you must properly\nconsider that point...	machine
2073_170_21	bb874b83c100e368e8e3ab2d83e603f6c6d68476	I know! But if there's a chance\nto stop our sisters' homeland\nfrom fighting, then I want to do\nit.	machine
2073_170_22	a56a38e16f006f8e88eb89cd80e4c48edf0e0f85	Because maybe, this will lead\nto something... to the future, in\nmy time.	machine
2073_170_23	d2491c265c6a5070217197d96eb8cfbb9036428c	The future...	machine
2073_170_24	30b693795446d3976f83db10be17db7a6df10f91	Besides, if Daftine doesn't\nbecome peaceful now, the\nfuture me might be in danger.	machine
2073_170_25	58c8436ee94d15b2f50bfb4618cc508b6fc10178	So please, Rekoro. I want you\nto come with me. I want you to\nfight by my side.	machine
2073_170_26	49ca9069c8dc425f87012b2b78c89dbff9fb9f56	Grrr... Nnnngh!	machine
2073_170_27	0ed7989d0cc7ed959bef3aedf928f731323adde7	If you are truly doing this, I\nhave no objection. If this\nloathsome disease can serve\nthe peace of Daftine, I will\ngladly cooperate.	machine
2073_170_28	d03e2cd115b9107e3ee136a823cf99e2102398b4	Ggggh...!	machine
2073_170_29	ae8104ec3abc393c3c3a47f19b19dcf917ad72d8	Sir Ewin: In that case, I'll act as\na prisoner too.	machine
2073_170_30	126998001fd0a68442955417b38ffb74d32fbfb1	Sir Ewin: That masked man's\nobsession with Tika is\nabnormal. It'll be a disaster if\nhe attacks them due to a\nmisunderstanding.	machine
2073_170_31	1d04fceddba1046d2b9275fe1fa8605b243ca325	Sir Ewin: If word spreads that\nthe youngest Rakstar is also\ncaptive, rumors will fly through\nRubarika and reach his ears\nquickly.	machine
2073_170_32	ad4d9f96c7156128a815d7ae1a0fb9c4de4eeba8	I shall descend with you.\nInvisibility is my specialty. I will\nprotect Sir Ewin and Lady Tika\nso that no one discovers us.	machine
2073_170_33	b092a407b165c88f7f2fc40dad133751ecda07d2	With this many people, Tika\nwon't be in that much danger,\nright, Rekoro?	machine
2073_170_34	4ba6e999efd21bb88731b2303e876aff76abe396	I-It can't... be helped... Nnnngh.\nFor the sake of Tika's future...\nsafety... Ggggh.	machine
2073_170_35	bfea0ed52004b23281615a072a35f04856965ab5	Thank you, Rekoro!	machine
2073_170_37	d72f04109f1725d99554614045c97d6cc6b8a7bd	Then count me in too.	machine
2073_170_38	64de6be9809c336f1936c48bfb4549e743938586	I shall go with you too...	machine
2073_170_39	f5aea8df5d398258bc613924e12f022ade6ee9b1	Now, now, Captain, Eve,\nVerda―wait a minute. There's\nno point in all of us going in a\nbig crowd.	machine
2073_170_40	7bc4c35c76d515be35da9533d2ca5ac19d670ced	That Givel guy was obsessed\nwith Eve. If too many of us are\ncaptured, word might get out\nand they might do something\nto us.	machine
2073_170_41	3bccb5e6ca15e07d335c174a4645c0bbcff6d5a4	Right, Eu?	machine
2073_170_42	4f90df4e9fb385c6f4bc6179dcb2804be731c5e4	Eh!? W-well, that's true, but...	machine
2073_170_44	d54906fb9620357e3d6565d9266e74efbd0e07a9	Since everyone else is working\nhard, wouldn't it be more\nefficient for us to search for\nAsyl using our usual\napproach...?	machine
2073_170_45	507c1f8e546db469775a9f12ac4e0e91234ba749	Hey, what's with those looks\nyou're giving me?	machine
2073_170_46	39191f5a8c296a7d95982f7f9087749043cca789	...I think we're just surprised\nthat a constructive opinion\nactually came out of your\nmouth.	machine
2073_170_47	09c49fe9195a97aea43508f54790f7490baae3e3	Do you all think I'm an idiot or\nsomething?	machine
2073_170_49	589fcd5743d45ed4f0abf8040bff6f72006a7f0f	You there! Don't look away!	machine
2073_170_50	349a1af81baadaf0ae25fd433c99a6a52f347099	...Are you plotting something?\nLike trying to do something\nsuspicious while I'm gone...?	machine
2073_170_51	9dd3784b3ea954b945aa5591e6c7ae9911a12ba6	No, no, nothing at all! I'm\ndefinitely not thinking about\nsecretly dismantling Coro or\nthis ship!	machine
2073_170_52	2577888e3f3629aed4f94d0d813891d55eb8def6	Did you not just say something\nabsolutely outrageous?	machine
2073_170_53	d2cc89d86fc0ec5f0f8b0cf75df2c3eeee4e3ad9	No, nothing at all!	machine
2073_170_54	e347ababaf844cc574e288d5bd2e4ed71afbe41d	You're really going through with\nit, aren't you? You're really,\nreally doing it?	machine
2073_170_55	2fa6816f2b5d8f239b8585e8d5cbf171aa31c182	Yeah! Everyone is here, so it'll\nbe okay!	machine
2073_170_56	c22760631195fe7713ed52110ee7f1b9673951aa	Rest easy, Rekoro. I will make\nsure Tika is protected.	machine
2073_170_57	b85c0803b1d34889e2c5ca3415a43c2b7b8d373d	Yeah!!	machine
2073_170_58	69c0483ff4f691b611f99b63602b52c3adedb205	Even a child this small is\nspeaking with such conviction.\nEveryone, prepare yourselves.	machine
2073_170_59	b65c9548c440948ba30f85626418159339e9b276	However, if Lord Givel moves,\nthe mission is aborted no\nmatter what. Do you\nunderstand, Tika?	machine
2073_170_60	7f1491ba12c17bb2410d653405e4bb592b4c8fb2	Got it!	machine
2074_180_01	1d25a96e0ed81689f24f18a1192ff390e4f739ef	<font color=blue>Coro</font>: Alright, let's review the\noverview for Operation: Lure\nOut the Masked Man.	machine
2074_180_02	9f8b4616f52cedd22f510fbbf20463c93940f4a9	First, Karlyn and Henri\ndescended to the front-line\nunits and managed to blend in\nwithout raising suspicion.	machine
2074_180_03	17987f56aea3e7d71a73e45e83c1ef6f07f76fbb	I watched nervously, fearing\nwe'd be caught, but Baschen's\nfront-line units seem too\npreoccupied to notice.	machine
2074_180_04	7dbe672f55b157adc015305703e0792d1c7bac64	Due to the large-scale\noffensive, they seem to be\nshort on personnel, so they\nwere actually quite welcomed.	machine
2074_180_05	e85c73d8f1024a8a0064644dbb04cdccb5b857a3	According to them, a beastman\nunit led by the Beast Witch is\ncharging toward Conroy, a\nvillage in Rubarika.	machine
2074_180_06	30b5e1110df33f13caa4e9666fd2eea9626c588d	<font color=blue>Coro</font>: Tika, descend onto that\ninvasion route with Rekoro,\nEuwin, and Valka, and let\nKarlyn capture you.	machine
2074_180_07	60d9d92e74642c0a7fa173d6e4f82c37cbf0baa5	<font color=blue>Tika</font>: Got it! I'll do my best!	machine
2074_180_08	71c5372e8ec195ec6a5ef9dffb7c0e2db6c34397	<font color=blue>Rekoro</font>: Ugh... I still disagree.\nThis is far too dangerous...	machine
2074_180_09	9d21a9d591f0f7707c4588d95caff042543efbf1	<font color=blue>Welch</font>: Then you just have to\nmake sure you protect them\nproperly. I'm telling you to steel\nyour resolve!	machine
2074_180_10	b6fd3151a1c76d7dc41650197e9184717431197c	<font color=blue>Coro</font>: Euwin, you will boldly\nidentify yourself as a member\nof the Rakstar family and\ncause a fair amount of chaos.	machine
2074_180_11	444cdb9c72ce2f23c70708c3d841865da27719ae	Valka, please act to prevent\nheavy casualties on both sides,\nand let me know if you\ndetermine the situation is too\ndangerous.	machine
2074_180_12	94699f49e1484b92371cb64af351f9073617f7fd	I will then initiate a\nteleportation containment.	machine
2074_180_13	d4de8bbb62b1318b43986ec426b7da292f2c296f	<font color=blue>Euwin</font> Leave it to me. I've been\ncaught up in things like this\nbefore, so I'll handle it\nsmoothly.	machine
2074_180_14	d69d7fcc016363c11af6dfc7f50a21be664f9964	<font color=blue>Valka</font> I understand... Ugh... I\nwonder if I can do this...	machine
2074_180_15	a10a1df58872dedc959a1602b14bead0f12853cf	<font color=blue>Verda</font> It'll be fine, it'll be fine.	machine
2074_180_16	5a96fa1810197e19ec5ee9338f2102620d66f668	Valka is strong. If she stays\ncalm and acts like she always\ndoes, she's invincible.	machine
2074_180_17	a3dbecbd2873d4cfe922820a755142232db3efa9	It'll be fine, it'll be fine.	machine
2074_180_18	b53df0b951c0c2add6b98d269bca4c851b53f4d0	<font color=blue>Valka</font> Y-yeah, thanks, Verda.\nI'll... I'll do my best...!	machine
2074_180_19	21ab618051eb3383c0f9c3771619c0f4d4feb99d	<font color=blue>Rekoro</font> I'm anxious!	machine
2074_180_21	de253bab4be38467b3995af93c2be53728350cbb	We'll scatter flyers via\ntransport descent, claiming\nEwin Laxter and Tika Blanche\nhave been captured.	machine
2074_180_22	eadef230bdfa9d3c41028d69e9946dead9c2a714	<font color=blue>Euwin</font> Yeah, well, I'll just have\nto let my father and brothers\ndeal with the trouble back in\nthe Royal Capital.	machine
2074_180_23	9750ca9d5191fa2fe5e040ae977202a62f872fae	As for my sister, I'll just\napologize to her later.	machine
2074_180_24	f4e1b1099223d23ebb6497f887d31d0e3b2afeb4	<font color=blue>Coro</font> After that, we'll receive\nregular, detailed updates from\nRekoro, Valka, and Henri,	machine
2074_180_25	fdac0bb8518e210a819d5e32751737ba34ffae86	We will also keep a close watch\non the Imperial Capital area for\nany suspicious movements.	machine
2074_180_26	d23d38553546967f5919b5b762471e63def62186	If the masked man appears\nbefore abnormalities hit the\nImperial Capital, the operation\nsucceeds. Otherwise, it's a\nfailure and we move to plan B.	machine
2074_180_27	19e4795f53a09343853a98cefdf47a4167e60686	<font color=blue>Eve</font> In the meantime, we'll\ncontinue to put all our effort\ninto searching for the Holy\nLand.	machine
2074_180_28	6e407333b8609d8917195fc8166ef417d3c8d1bd	<font color=blue>Valka</font> Captain. Aside from that,\nthere is something else I want\nyou to continue investigating.	machine
2074_180_30	11d986e0096b3eac388b407eb651c6b2272d50d3	<font color=blue>Valka</font> Searching for the entity\nthat brought down my ship. I\nsimply cannot stop thinking\nabout it.	machine
2074_180_32	f694211475b0fe92dfcda10de858654e41704291	<font color=blue>Valka</font> In this sector, nothing\nbut things that defy our\ncommon sense keep happening.	machine
2074_180_33	20bfef9115e534ac3c6874e0dfeb0372a11bfbdf	The dungeons of the Rubarika\nRoyal Capital, the Baschen\nImperial Castle, the masked\nman, and the Holy Land, Asyl.	machine
2074_180_34	52591ac98b06912382f9ed4b5b806fb5deeec6d0	Administrator Koro's sensors\nare already unable to detect\nso many of these things.	machine
2074_180_35	68d002be83074edc14dda943391302e1b5e1961f	Just because we can't see\nanything right now doesn't\nmean they don't exist.	machine
2074_180_37	4d0ad0500fcbbf74b2c3de1b65d6fa5ec7392f36	<font color=blue>Valka</font> Nothing happened during\nDaftine and Daftes's round trip,\nbut that may not stay the\ncase.	machine
2074_180_38	bde3d399b7da2eaeb9758eb51159c5ce83bd1c4d	I don't want to be alone\nanymore, and above all, it's for\nLady Tika's future safety.	machine
2074_180_39	fbac1be0c438fb72dc12d47b277acf4068f98e1c	<font color=blue>Rekoro</font> Coro! Captain! You\nheard her! Continue the\ninvestigation! It's for Tika's\nsafety!	machine
2074_180_41	0fbd97d9572e260a6d8aaf0ec49b7b10418b6db1	<font color=blue>Coro</font> I get it, I get it! I'm on it,\nI'm on it! I'll even try to find out\nwhy your ship went down,\nValka, on my honor!	machine
2074_180_42	617feac46eeb30a6899b69dec773f1c79a4a312f	<font color=blue>Valka</font> ...I'm counting on you.	machine
2074_180_43	e55b426c7894531393776bf784334b050590a599	<font color=blue>Coro</font> Right, then, is everyone\nready?!	machine
2074_180_44	9c73aeb5ba6a98d0a02f6e4ca39efac57cc1e017	First, Tika, Rekoro, Euwin, and\nValka, please prepare for\ntransport descent!	machine
2074_180_45	b7079c0ec0eba672a9a19cb6dd29dfc5ec2d2a27	Right! Well then, Welch.	machine
2074_180_46	1ce138f2f17ac8cfb6ecd6a6d23f14db5fb3ddad	Yeah, yeah.	machine
2074_180_47	892b189e1f9cd8e5ce98640066fe70714ca6190f	I'm heading out.	machine
2074_180_48	c1375864c36aa34581e8baf17b7a31450050514f	Mm! Take care.	machine
2074_180_49	4c561360611addd7d90d46488bc89284fe874099	Now then! I wonder what I\nshould take apart first...	machine
2074_180_50	bf546f371fd1e4a1cd80c4c7ee3c2e055dfef5a1	...Wait, what?	machine
2074_180_52	de3ecad088f6576b11f591888cb7fd05377de343	You're right. There's just\nsomething about those two.	machine
2074_180_53	78ab8e79fe3dd57462045a5d4e66cce608fddc8b	It feels as though they have\nalready reached perfection...	machine
2074_180_54	b476b493d0e0bb8df9f31cf84698979c08199edc	What? What are you talking\nabout? It's incredibly annoying\nhow you're all looking at me like\nthat! What is it?!	machine
2074_180_55	c35a9a5a8384a348b7375b705d1b582ceed824d4	...It's nothing at all...	machine
2074_180_57	ad1f5dcb8fba532b0723443d17f08bcaaf4335cb	Let's focus on our tasks while\nsearching for Asyl and staying\nready to report any strange\nmovement in the Baschen\nImperial Capital!	machine
2074_200_01	684fc76713a02dc8b7f979814a8bf82b40a2b3b9	Wow, this is incredible. I can't\nbelieve we arrived here in just\nan instant!	machine
2074_200_02	5c9f767aa3c8597f2e89145828ff427ac011eac0	The first teleportation is\nalways nerve-wracking. I\nremember my heart racing like\ncrazy back then, too.	machine
2074_200_03	af7cbe8337345f85b7b565576633c1b80cfea4ad	I guess teleportation is just a\nnormal thing in the future\nwhere you live, Tika. If this kind\nof technology were common,\nhorse carriages and ships\nwould become obsolete.	machine
2074_200_04	39f3ed83204501b53f4f36b44311230f650e55c3	Surprisingly, that's not quite\nthe case. It's not the logistics\nmainstream, but horse\ncarriages and sea vessels still\nexist quite well.	machine
2074_200_05	73db7090f52564c2f2355e9409beba1aeacda012	I'd love to see it. Such an\namazing world...!	machine
2074_200_06	ee9ee7a2d494902a6994f762fcf2fe70a54b0272	This is no time to be getting\ncarried away.	machine
2074_200_07	eff3467ccb08e9c35b5f90c58295ffc490eeeeaf	Let's assess the situation. I'm\nbringing up the map now.	machine
2074_200_08	d44658cecc8f16ec530b0349b0c1712443551f46	Valka, your gear is amazing\ntoo! Glowing pictures and maps\nfloating in mid-air!	machine
2074_200_09	07e06ee8f9fb68dc9ba37d7679904905cde6e665	D-don't... y-you won't get\nanything out of praising me!\nEhe, ehehehe...	machine
2074_200_10	5bae23dbbdcd2cf1e0781ed25fb1178598a542da	...I'm uneasy.	machine
2074_200_11	af8588815929d78e4ac96510d6e1329132fbc088	S-so, um, let's see, let's see...	machine
2074_200_12	924c45a6b46849e978c7a64409959df717d3a087	Mm, ah, this is the location of\nMista Henri's communicator.	machine
2074_200_13	2ecc3947e8f1e433a9c6830d350a8642c26d3cb4	Big sister Valka is way cuter\nwhen she's just smiling, so I\nwonder why she always talks\nlike that.	machine
2074_200_14	a84e20419a66224d670f644146202633ea7ac3b5	I feel uneasy...	machine
2074_200_15	bf42e628d9ef95ac7e1fe51021e753e2cdebf84c	Baschen's Conroy conquest\nforce is heading our way. We'll\nencounter them eventually,\neven if we stay here.	machine
2074_200_16	c3a14876dfdbdcaf5c14dd202611a77531e49592	Given Conroy Village's location,\nthe damage to the village will\nlikely depend on where we\nengage in combat.	machine
2074_200_17	85be8712792a1da55ab2ae9b4fd6ebdea4545d39	I see. If this dot represents\nus...	machine
2074_200_18	e4e1fc074a717e1551422103e0282f08d09ca11f	Is it here? The spot where we\ncan avoid causing any damage\nto Conroy.	machine
2074_200_19	f5a562e5ba210cc0a85a9608baa2075b3fc734a3	I agree. Not only the village,\nbut I also want to avoid\ncasualties among Baschen's\nconquest force and...	machine
2074_200_20	af2dac73ee53f27a6f41a8cee131ee321b355b9b	Mista Henri's kin, who have\nlikely been summoned by the\nWitch of Beasts.	machine
2074_200_21	2b4b0d7028eaf23c53c3a142a3f367a2ec86437b	If we cause a commotion here,\nwe can force the Conroy\nconquest force to retreat\nbefore Rubarika's defense\nforce arrives.	machine
2074_200_22	dbe79d9880e79149953c5e2272eb1985170f90c5	Well then, let's go. Tika, Rekoro.	machine
2074_200_23	9b20da62d2ba9461e6ebbb637fd88e7169b9d9c3	Yeah!	machine
2074_200_24	c98142920645552057e1f8ee75565ae82ed66789	...I will do everything in my\npower to ensure Tika's safety.	machine
2074_200_25	6154f0f9f309401b65c5e121ed99f7be5bec152e	Then, I shall shroud myself in\noptical camouflage. Even if\nunseen, I am right by your side.\nPlease, proceed with\nconfidence.	machine
2074_200_26	5be8251290cc827e84a273c24a95ef716548c0e4	Y-you really did disappear...\nThat's amazing, Valka!	machine
2074_200_27	c0fde671619905d0b7fa8d4437fd2df54707cdab	...I-I told you, it's not like I'll give\nyou anything just for praising\nme!	machine
2074_200_28	4b31518a667c3f0c5ded60383e8fa5114a456e78	Valka! You're turning a little bit\nred!	machine
2074_200_29	c0c0674ac8f83036594c5d4de9c91f98347b1b26	I'm getting anxious!	machine
2074_210_01	9345abcf4918f76fb1fa135e900c11893abcdf57	Wait, wait, waaaaait!	machine
2074_210_02	4008e80a61ece4fff603780188ea9c3224a052b8	You lot are the Baschen\ninvasion force, aren't you! I\nwon't let you lay a finger on\nConroy!	machine
2074_210_03	3bfd47672b5ad6a612eb02503189ebcdf9c6de9f	If you're determined to go,\nyou'll have to get through me\nfirst!	machine
2074_210_06	cfd258316d8cc2023f4691f59276982b75f8bf3d	Big brother Euwin, you're so\ncool!	machine
2074_210_07	c227b4bc8ec7b75eefb56ed1fe55386235818f5e	Rekoro & Valka: ...Are we sure\nabout that?	machine
2074_210_08	c2e64442a0580a908f4ea0e19fe70229497d68c9	And besides, this girl is the one\nGeneral Ricardo Franz is\nsearching for with a massive\nsum of 100,000 Forz!	machine
2074_210_09	5e6107081b42070062ffe2bbb483ea9a4f1b17b4	If you charge into Conroy now,\nGeneral Ricardo won't let you\nget away with it!!	machine
2074_210_10	26a1a19f97077c699951cb1d6b57281325d1f8c8	Big brother Euwin is so cool!	machine
2074_210_11	d0ce3325e3bb3c80cac7e1132d397525dc02954a	Rekoro & Valka: Are we sure\nabout that...?	machine
2074_210_12	2be4fbb436b9d62b85dc4cf66cdd0af6dc16a9e3	I wonder if there wasn't a...\nslightly more dignified way to\nhandle this.	machine
2074_210_13	692777cfe2c234c4c4919076f45535be80252f23	At least he's got spirit.	machine
2074_210_14	507590d0517677014a962252e5fef3e3d5f2d053	What happened to his\nseasoned traveler vibe and\nknack for negotiation? Why did\nit have to end up like that?	machine
2074_210_15	42c36f49be90b688b07922670ecc8e8b3e9acbbd	I suppose there's a big\ndifference in his mind between\n"making a lie look real" and\nsimply "acting."	machine
2074_210_16	90e72bfe7e5e39546a076acec3a547a7e00e178a	If Welch were here, she'd tease\nhim for the rest of her life...\n*Sigh.*	machine
2074_210_17	45ef059155584e6526409db50aaec32604683e61	All units, halt!	machine
2074_210_18	cecfb7c8cb15b93f9eea28508c2112be9f81e47e	I don't fully understand, but if\nthey're linked to the Rakstar\nfamily or Ricardo Franz, we\ncan't let them go! Capture\nthem, but don't kill them!	machine
2074_210_19	c2f1dfe5ea810add6b202ea247fef9cf0c15b0ee	Baschen Soldier: Y-Yes,\nma'am...!	machine
2074_210_20	49975879fa17f5e580432ed66f7a5a76d3d34ec7	Witch of the Beast: Um, for\nnow, just attack!	machine
2074_210_21	415bc79d88b4cccaee4f87ccde24370cb72f8d19	Waaaaah! Bring it on!\nHyaaaaaah!!	machine
2074_210_22	8b375ef31b558b4a2e1e6a1da8810cb58aa8a4fc	He's certainly full of life.	machine
2074_210_23	0d32360872b592287a1b30ca144f50fdc4f88c8a	Honestly...	machine
2074_210_24	a8ce746a7df4897e63f06199979f90cf657b9d92	Hyaaaaaaaaah!!	machine
2074_210_25	70424690711c7d11af6b647388c10a56a25ec119	Now! Subdue them!	machine
2074_210_26	7d1b840c16c1600b8ba82cd3207b583f9a37455e	Grrrrrrrraaaaaah!!	machine
2074_210_27	db03b4750c70c238478ddd2c221a9249b5f95cf5	Waaah! What is this wolf?!\nDammit! I've been beaten!	machine
2074_210_28	4f62a12b1de51642d8c1c42dca0c3e9dcc0956a8	Big broooo! Help meeeee!	machine
2074_210_29	068cf645273eb41704990c599da5bdbd349dd559	I have nothing left to say...	machine
2074_210_30	e3b8e60b4690b73131c3fdbc83628fd1fcc613f7	...Argh! Good grief, um...!	machine
2074_210_31	8dafa66f05ad928b452fada262c7b81ce2cb968d	It seems it really is true that\nthey are members of the\nRakstar family.	machine
2074_210_32	ae918c8c9e2062c09406eb6d5932e3410bb3ba01	This child's face also matches\nthe wanted posters in\nRubarika.	machine
2074_210_33	5c07cb2569b8ddb6d94288ccec74a0057b6a1f8a	Temporary retreat! We're\nchanging the plan to use this\nhostage to our advantage!	machine
2074_210_34	b617729081d8561480f191889facef32a18bc724	Dammit! Where do you think\nyou're taking us?!	machine
2074_210_35	0b682f34f65ebcc4cf54a5e24fc2db5c083461ab	Heeeeelp meeeee!	machine
2074_210_36	d6ee237478a78b96eccf75ae50d43933edad08df	Just be quiet for a second!	machine
2074_210_37	c3f8934535bfc5bb84576f7b9bfcbc2fa2e4c3e8	Eh?	machine
2074_210_38	e6de824a8e9fe4429f82166b8cd9b5cd5eefb87a	Ah, yes.	machine
2074_210_39	49b1e06148a6ff7bcfeacde41e2f3e0ce2680f9e	Good grief...	machine
2074_230_01	17d34192c219fefe21716922b1b426992eadc624	I can't believe the place they\nretreated to was Korurine's\nvillage...	machine
2074_230_02	762d4b81a90772bd8282a7321c1bebb3999927bc	I wonder if the villagers who\nwere caught up in the battle\nback then are okay...	machine
2074_230_03	ab7ef5cfec74cb5c75e9a5831cbd1ac68adf9791	From what I've heard,\nunfortunately, there were quite\na few casualties in the battle\nyou all were caught in.	machine
2074_230_04	045f46267759020931cf0eaf70e1a9a1f273e580	The survivors evacuated to the\nImperial Capital, and now only\nsoldiers remain.	machine
2074_230_05	d9ff3cdb54f91f5128129b42cd78dc23766102a0	...I see.	machine
2074_230_06	aa9e35d3b52ad54fc30a60b094f98f7494b0e306	So, Karlyn says both of you\nshould stop acting and just\nstay quiet while you're\ncaptured.	machine
2074_230_07	f5259e6dbc849ff5c30eee2336158face4083fef	Was there something wrong\nwith our acting?	machine
2074_230_08	ebc2122f1d377912ce2c7c6805ab41b2f6e19f01	...I'll warn you, it was nothing\nbut problems.	machine
2074_230_09	d6e0e215b067941dcee6381af071704b1d289e44	But we tried so hard...	machine
2074_230_10	801bd3a895f95232a9ea1cd7669a107bd108bc65	I thought you did fine, you\nknow? What about you, Valka?\nAre you nearby? What did you\nthink?	machine
2074_230_11	147f8f154e2157c54211f59172e9580ece0c3ac1	...I'm here. Sorry, but honestly...\num... uh... sorry, I can't\ncomment on that.	machine
2074_230_12	0d24a1a846ddfbfe3a5592e4cf3b06473f98497b	Whaaaat?	machine
2074_230_13	9a9440da21be2defbc0187eb4a0ca479c9752c2a	I-I think you were really cool,\nEuwin! You did a great job!	machine
2074_230_14	405daac34033e3bd75b0e25f46864604bf2ad322	Tika. Turning a blind eye to the\ntruth goes against the very\npurpose of this journey.	machine
2074_230_15	8d3c010eff0d099f9997cdfe612a95f1fff113c5	Now, now, that's enough,\neveryone. For now, we wait\nhere until that masked man\nappears.	machine
2074_230_16	f63622b7e827396058ed5f307e2107317fc5564e	<font color=blue>Henri</font> As a beast summoned by\nKarlyn, I cannot stay here for\nlong. Valka, I leave the two of\nthem to you.	machine
2074_230_17	02e8fc7e57c92415ccfc03496e21e4b81587d036	<font color=blue>Valka</font> Leave it to me.	machine
2074_230_18	c3f6e3f8a648b3a75c69849675d28f721243b90b	<font color=blue>Euwin</font> I wonder if things are\nalright in the Imperial Capital.	machine
2074_230_19	d46e8b26e9b3b2295a329fe22c3ac316a2aacb43	If word gets out that Karlyn is\nleading a unit on her own, Givel\nwill surely come for us...	machine
2074_230_20	ceebb640ec26d4409a07fee389658e7c1bf29db0	<font color=blue>Henri</font> Regarding that, it seems\nthis Commander-in-Chief Givel\nhas headed to the battlefield\nat sea.	machine
2074_230_21	0089b657d0f70038804694a2a4b7278b2daf4ece	It seems "Daftes's Messenger"\nfrom Rubarika has taken\ncommand, fighting for control\nof the waters where Asyl is\nexpected to appear.	machine
2074_230_22	a1ecca36585f3a6eb8dfe19e600ddcfd06a6fc95	<font color=blue>Euwin</font> ...So it's finally\nhappening.	machine
2074_230_23	9b1fa7a800d189e3f956219037c27716780eddc1	<font color=blue>Tika</font> The Rubarika messenger...\nthat's the person Euwin\nmentioned back in the Royal\nCapital, right?	machine
2074_230_24	6f53b6828aaf7a7cfb6c200861728108378cfd02	The one who... recruited\nGeneral Ricardo...	machine
2074_230_25	d9a89de1f109bfc5fc5a5ba4309a946a559c8586	I wonder if they're as scary as\nthat Givel person?	machine
2074_230_26	6bcc8b16059946896f8b7e416a5de5b18404f10b	<font color=blue>Euwin</font> I told you, they say\nGeneral Ricardo is the\nApostle's power. Unlike Givel,\nwe hardly hear anything about\nhim.	machine
2074_230_27	de0fa9acf9105c2dc85858eb11b0244c7332f374	All I know about Rubarika's\n"Apostle of Daftes" is that her\nname is <font color=yellow>Elaine</font>.	machine
2074_230_28	a27752a854704bb2a27982cea6e0a345da0ba95d	<font color=blue>Tika</font> Eh?	machine
2074_230_29	51e1de0db21e0e1f4baf91739692717a79d1fd9d	What's wrong?	machine
2074_230_30	d858a55ade7bf9db8afb65cf931a0ccbe473d94a	N-nothing, it's just that Elaine\nis the same name as my\nmother, so I was a little\nsurprised.	machine
2074_230_31	3098dad424a719be08afd6a9a4136a2f5f564191	...I wonder if there's a\nconnection. With everything\ngoing on, everything starts to\nfeel significant.	machine
2074_230_33	181a2ef5bd732c7d33382fa074d9dd1e5f8bdbf2	But my mom is just a\nhousewife. Even in the past,\nshe couldn't spread tech like\n"Apostle's Light Arrow.	machine
2074_230_34	52568eca492e762bee462c704f1bcac197203886	She's close with General\nRicardo, too. Mom gets nervous\naround people like him... So, I\ndon't think it's her.	machine
2074_230_35	7a2137e5e58316edaba1241c1ebbf162847b17c7	Hahaha, I'm being lectured by a\nchild. My parents would be\nashamed.	machine
2074_230_36	930849810fbb0d7522a68ee8bb92cd0bd154b5cc	But... she's a kind mother.	machine
2074_230_37	7ad3dff722dea5224044a40f0325df8cfd64774d	If she's safe, I don't want her\nto be in a place like this. I'm\nsure Mom is terrified...	machine
2074_230_38	c144c3ab919b10858cf947a1eb425325d7fdfdea	That may not be the case.	machine
2074_230_39	5590ff8011105dbc9611adfe36ab2f63edc164d3	Eh?	machine
2074_230_40	e38bb347cc7021e0edbb1541a944e16a93d1c2e8	It seems that when it comes to\ntheir children, parents can\novercome any hardship.	machine
2074_230_41	d857866022c2c256426be4fbb6a1503f29a39914	Perhaps Lady Tika's mother is\nalso undertaking a journey\nacross time to save you.	machine
2074_230_42	5cd2a62f9ace6b43dd566ec604f587195686afdb	...Maybe... you're right.	machine
2074_230_43	8af7635c77989e861d600cdd73abecd610d99dc0	If I could see her somewhere,\nI'd be so happy, but...	machine
2074_230_44	54fedcf8ceb6cccf30cc46558d62c56d7aed2785	If this "Messenger" named\nElaine has any connection to\nTika, we will eventually cross\npaths.	machine
2074_230_45	0d60e86181c0b19953db5cfd4c444553a5e01a8e	...Ah.	machine
2074_230_46	2c354cb11f78f1195bc6bf303ed0f946fec41359	If she is indeed your mother,\nyou should embrace her when\nthat time comes.	machine
2074_230_47	4a687f8776e73d4bec6393ab4fc2f489b1a746c5	If she is not... then you must\nsimply keep moving forward for\nthe sake of future peace, just\nas you have until now.	machine
2074_230_48	db63039875ce03aa07793e15110cbd7ba68f4455	We are with you. You have\nnothing to fear.	machine
2074_230_49	b6d3e4ca7893d9e7dc930ca2bc93437ea016b628	...Yeah. You're right... Thank\nyou.	machine
2074_230_50	ad6f92ae3e76cf0ffabd5c9d112369f9b91737f1	First, we must bring the Holy\nLand War to an end. Let us\nmove forward toward that goal\nwithout wavering.	machine
2074_230_51	099cab8df05d4d90a52ae1fea42080657cf0bd66	And for now, let us wait\npatiently for the appearance of\nthis "Masked Man" you all\nspeak of.	machine
2074_240_01	101520615fc9e5261c70c4f0574438537e9281f2	It's been three days already,\nand there's still no sign of that\nmasked man.	machine
2074_240_02	31aacd101c893c1b0d5347c6770bb7dce9dee4d0	So far, the masked man has\nonly appeared in Rubarika, so it\nmay be a while before he\nshows up in Baschen.	machine
2074_240_03	632ec345ecec55b715bbf50d16f237e2d8f0a3fd	...Hm?	machine
2074_240_04	6fb35a6d86d748f896cb9b636f945e128e4f725e	Whoops. Nn... there we go.	machine
2074_240_05	448bc5eeff527a049d13710ae780f323e1d329ba	<font color=blue>Karlyn</font> Go ahead.	machine
2074_240_06	c27833a37e46be599f257860a849927823a2ec74	<font color=blue>Henri</font> Grrr...	machine
2074_240_07	2cb63fdd6b9e9dee2fae835ec60bdaa1adf83b40	<font color=blue>Witch of Beasts</font> Excuse me!\nOrders have arrived from the\nImperial Capital for each unit\non the front lines!	machine
2074_240_08	890b93a98c3a6d64e9edb9a6597dc203689bc784	<font color=blue>Karlyn</font> Orders? Can I see\nthem?	machine
2074_240_09	049707c426b3721b1424009077bcb032996ec735	<font color=blue>Henri</font> Grrr...?	machine
2074_240_10	a69c259b6fcc0a955d0f7a19744c274e63f80cf8	<font color=blue>Karlyn</font> ...A new unit is coming\nfrom the Imperial Capital?	machine
2074_240_11	4cda63521813fee0b2db3c8d19ad1f0eafb7f46e	<font color=blue>Witch of Beasts</font> Yes. It is to\nfavor the land battles, since\nLord Givel has taken command\nof the Navy...	machine
2074_240_12	4b7c436dc9d9915c6fd46464da146bd04be90b32	<font color=blue>Karlyn</font> I see. And when will this\nnew unit arrive here in\nKorurine?	machine
2074_240_13	4f720d02700d88ff735d96e1f3c4b8a5f6886ea3	<font color=blue>Beast Witch</font> No, Lord Givel's\norders only said they'd appear\nwhen the time comes. No\nmarch schedule was enclosed.	machine
2074_240_14	7456ca68d669923b36afb296cefde885c328da37	<font color=blue>Beast Witch</font> ...Um, Lady Karlyn.\nAre you sure we shouldn't tell\nthe Imperial Capital that you've\nreturned?	machine
2074_240_15	46fe505b1bb4477de57e4bb8db4af9e94ba1e29b	<font color=blue>Karlyn</font> I won't trouble Lord\nGivel with trivial reports while\nhe fights Rubarika's\n"messengers." I'll report when\nnecessary.	machine
2074_240_16	4863c17120dfbae0a8c3fb578b7ce833a1c0fd5a	You, however, are to report\nevery single detail regarding\nthat new unit... You are\ndismissed.	machine
2074_240_17	4bffc08d7375e92f48fa4399ba0506e99ee324af	<font color=blue>Beast Witch</font> Y-yes... Excuse\nme.	machine
2074_240_18	b5fababca1221ea55913d3ce978ec2883f706e04	<font color=blue>Karlyn</font> A new unit from the\nImperial Capital... Perhaps\nTika's plan was too soft after\nall.	machine
2074_240_19	130cbbabd6fcab0a27be8b339bef7e1287e11a85	<font color=blue>Henri</font> If it comes down to it, we\nhave the Teleportation\nContainment.	machine
2074_240_20	5697506e21bebc80cae6f91d5351382a7f7eb350	Neither Valka nor I have heard\nfrom the captains. Even if we\nwait until the last moment,\nthere shouldn't be a problem...	machine
2074_240_21	825a43f5654b2ca26640e95d7a87d7a6c52b5fb0	Hmm.	machine
2074_240_22	a65449f8f2c90512625956eea5a071f840e98129	Beast Witch: E-excuse me! A\nguard on perimeter watch\nreports an intruder has\nentered Korurine!	machine
2074_240_24	4fb913fe4e520263376373bab163af8975f31a25	Grrr...!	machine
2074_240_25	99083315bc8570789bfba7dff6fb26e0c053479d	Beast Witch: And, I am so\nsorry! We have currently lost\nsight of the intruder! T-that\nshouldn't even be possible...!	machine
2074_240_26	04921ec7df177b339ab907beaf8e9dee4f19ac2b	Beast Witch: A-anyway,\nRubarika soldiers may have\ninfiltrated Korurine! I will handle\nLady Karlyn's protection...!	machine
2074_240_27	619b78228b7584104e305f1fe18527a0c86d7aec	...Sigh.	machine
2074_240_28	f82351a419fec95883d0d35aa506572fc4c0feb5	Beast Witch: Lady Karlyn!?	machine
2074_240_29	3c73669a3038ebf1dbbf3af1b1859647fa162cca	I'll be fine. I already have a fine\nguard right here, so you go and\nhelp search for that intruder.	machine
2074_240_30	199e7a3bbf46d2df93450356701ac5d0d0189467	I'm not about to be taken down\nby a mere Rubarika soldier.	machine
2074_240_31	b7e7151e47cc8bc050421b38178bb02bdee33f57	Now, go!	machine
2074_240_32	29f5bf42333579752da992713e50272e64ddd62e	Beast Witch: Y-yes, ma'am!	machine
2074_240_33	ea9ea883bf628c0178428a2e9a46da99cec652ec	...Speak of the devil.	machine
2074_240_34	5021e81e76768112cea6c56812c608a7f34d7df4	Well then, shall we begin\npreparations for retreat?	machine
2074_250_02	7df542bf26c64c030f1092ba3d04875474a56d72	H-He actually showed up...	machine
2074_250_03	b0c19351473948a76d109c56663753236bf9a0c3	Masked Man: You Rakstar brat!\nHow dare you pull such a\nstunt! Thanks to you lot,\neverything's in total chaos!	machine
2074_250_04	3c719acddf3330a7041117414631c01375422e21	That was exactly our intention.	machine
2074_250_05	074483a254bd0af209c3803704ffb401953e83b6	It was my idea! It's not Euwin's\nfault!	machine
2074_250_06	6642889c0109adcb3a2814184b4dcb8ae2e9e632	Masked Man: ...!	machine
2074_250_07	f36d8924270a0253f4c81a8291ddc0a255c993d8	We just wanted to meet you.	machine
2074_250_08	cc6acae5f84d7ef564aff78c73e58189d15a5d05	That's why we had no other\nchoice! Please, just listen to us!	machine
2074_250_09	16505ac13f7cef4191817432bf4fdeae524d3efa	Masked Man: ...But even so,\nwhy a high-security place like\nthis... damn it!	machine
2074_250_10	964992c63962b46da2c530adcd8310a5046739a1	Please. We want to ask you\nabout the collar you used on\nKarlyn.	machine
2074_250_11	81bdcc384ca82d2edb4e478266c98dab75b7df43	There's a place we want you to\ngo with us right now...	machine
2074_250_12	3e7a113fd3e77c51f619467ed0f74f4fe3990535	Masked Man: Fine, fine. I'll tell\nyou what I can. But not here!	machine
2074_250_13	3bd546a3ff998609cba0093046a155025fe79347	Masked Man: Hey! You, woman,\nholding that dangerous-looking\nthing! Stop skulking around and\nshow yourself!	machine
2074_250_14	7981773e736b41afc1b03f54440a462ecb1d2df1	Masked Man: You think you\ncan hide with that pathetic\nlevel of invisibility?!	machine
2074_250_15	d0266993ffce130079272ddd5c92354a296e6d59	Eh!?	machine
2074_250_16	0325f7f2d0c768e7d9d09bc2d55da2be6d9cdc26	What!?	machine
2074_250_17	88cc0c75145af3d6d31212d2b19d6821f8034849	Y-You mean you can see my\ninvisibility?!	machine
2074_250_18	a6b75ac5877d112ff4e1ba20c04cacfa3b06e069	Masked Man: I already know\nexactly what you people are up\nto! Anyway, we're getting Tika\nout of here right now!!	machine
2074_250_19	56f51c1d6b3e3d2c8589689245358e8b40cebd02	Um... how do you know who I\nam? Are you trying to protect\nme?	machine
2074_250_20	678db0534a646c6e353c5a9a4b2998f3c955eff0	Masked Man: ...You really have\nno idea, do you?	machine
2074_250_21	5b8d7982954d221e2bcfa23514aa448bec1dd919	Huh?	machine
2074_250_22	28cbb6c1c03d0bb03edd34f6abead4b0443a4e04	Masked Man: No, forget it.\nLet's just get out of here.	machine
2074_250_23	cbd92395b60098ab3507ee272d24f2b730c0e0a0	Masked Man: Hey, Rakstar\nbrat! Where are Karlyn Kayson\nand that Daftes werewolf?!\nThey're nearby, aren't they?!	machine
2074_250_24	8bcd281be7d333863696c3250a63399c3c4ec979	Wait! How do you even know\nabout Henri?	machine
2074_250_25	7b29c354ee722dd133d9c22794ec185e20002390	You shouldn't have ever met\nHenri...	machine
2074_250_26	f4d1958d3340b9669c532a4f634250e834ff2191	Masked Man: I told you, we'll\ntalk later!	machine
2074_250_27	1cbbb54b4cbc2a823e1bc01f22a85cd5c1a8fc19	Masked Man: Listen! Everything\nI have is borrowed!!	machine
2074_250_28	3a863a1571332919e15f6fcebce8c8c9e738d457	Masked Man: I don't\nunderstand a thing about the\nWitch's Collar or its Crest Arts!\nIt's all, all borrowed!	machine
2074_250_29	de540c9e494bd4c674c175031addb65c8202248d	Masked Man: Damn it, I won't\nlet myself stumble in a place\nlike this!	machine
2074_250_30	b3e768030040e86fb014eba3a15e50b1d6bfafdb	Masked Man: Hey, are you\nlistening, Coro?! You piece of\njunk AI! Get everyone into the\nship, now!	machine
2074_250_31	1ae12c627812369515fd8294945a71518521c288	"Huh!? W-Why do you know my\nname...!?"	machine
2074_250_32	0b2539a40c5c5a037e884681fe854a8c714fa1a9	Who on earth are you...!	machine
2074_250_33	2237ca28ed4de1b05f680beef072a92ac160122b	Nngh... What is this?! An\nabnormal Crest reaction is\napproaching!	machine
2074_250_34	de8288928edb5ac1bf9be20855aa698441f37519	Detecting a life sign\napproaching with massive\nCrest power! Coro! Initiate\ntransport containment!	machine
2074_250_35	41ed25e7bdd3e2386d5025c8b85d5f64249b8faa	"A-Ah, u-um, wait!? Th-That's\nstrange! I can't lock onto\neveryone!"	machine
2074_250_36	474ef99242967a7308876376943e398c90e86aea	Masked Man: Damn it, I knew\nit... It's coming!	machine
2074_250_37	4268a76b9002d7134523dc47ba411b1a1697a3d1	Witch of the Beast: Ah...\nAaaaaah...	machine
2074_250_38	1dc52fd3c5912e883de554ed44bdd15c3eebd7e3	Is that... the Witch of the\nBeast?	machine
2074_250_39	80ad6997de0dd41b4ae4993550b893969905ebef	Something's wrong with her!	machine
2074_250_40	14354614505217a8a4ac38186d856f09b8b80b4e	Witch of the Beast:\nAaaaaaaah!!	machine
2074_250_41	5399adb896cb5dc81ae37d1fffcd873f9b06695f	Masked Man: Damn it... that\npiece-of-junk AI!	machine
2074_250_42	fc7dec5f6c16f856c6bbdd42b5a5328633fea8f8	Who on earth is he...? Is she\nalso one of the "Beasts of\nBaschen"!?	machine
2074_250_43	abbe09848f94f6ede8a0106dfbb8506a0946d45d	Masked Man: Don't be an idiot.\nThere's no way a "Beast" like\nthat would just be out there...\nWe're getting out of here.	machine
2074_250_44	d0266993ffce130079272ddd5c92354a296e6d59	What!?	machine
2074_250_45	d4ef2b53ed426b0bfe58b6db52355cdcf9d5b7fa	Masked Man: Meddling halfway\nwill cost more than just blood!\nWe regroup with that witch\nfirst. Until then, protect Tika\nwith your life!	machine
2074_260_01	51ff3ad389edb5374dbcfb64057c8f2b182d6c03	Tika! You're safe!	machine
2074_260_02	157dfe291039280b9f8e9222a5c5e5f41218956c	Thank goodness! Karlyn, you're\nsafe too!! I'm so glad!	machine
2074_260_03	4d975cefa69995013557c92af59d860d53ea9cac	Euwin! Valka! Rekoro! So you\nmanaged to regroup with the\nMasked Man!	machine
2074_260_04	3332c356762ce79b4971780238d848dc360b60bc	The village is a mess! Those\nsix-winged creatures appeared\nout of nowhere and are\nrampaging indiscriminately.\nThey're out of control!	machine
2074_260_05	96e4dcec2409a2d732ee334da36462457fdc8fa0	We saw it! They were the\nBeast Witches in their\ntransformed states!	machine
2074_260_06	fa887249d5366aa7c4aa17875d15551ebd1701e4	W-what did you say!?	machine
2074_260_07	25205e494d814af6d01aedea3a6ad0dd6db4364a	We saw the witches transform!	machine
2074_260_08	448195fac3bcf9ea11f9297f618376309348bdec	Masked Man: That's not the\npoint! Even after coming all this\nway, you still can't contain\nthem?!	machine
2074_260_09	e6383a8bcad4400f1c050bfec4d3217ad0f94111	It's just, at the same time the\nwitches transformed, the\nteleportation signals went\nhaywire...	machine
2074_260_10	4fd1d489314183a6dfdcf082b06c23d5dbda7d92	Hey, Coro! What are you doing\nwhen Eu and the others are in\ndanger?!	machine
2074_260_11	13c4587fcb59ecb657312403e901139548411587	I'm going! Let me down!	machine
2074_260_12	faf45f5eee677148074c95d7d2a8a5c8fa2d50c6	Hyahhh!? Welch-san, please\ndon't touch the wrong buttons!!	machine
2074_260_13	b329e3dc47d1c07f13bedda2ebcb95dddbd3aeca	Masked Man: Welch Vineyard!\nDon't come here! You'll only\nmake things more complicated!!	machine
2074_260_14	0648f78e999e3be78f25629c3f2d558713cb4c6f	Masked Man: Hey, Witch! How\nmany Beast Witches were\nstationed in this village!	machine
2074_260_15	e99883ddf330ec5ce628c0d68e116a984afa0c16	Th-there shouldn't be ten...\nB-but what on earth is that...?\nWhat is happening to those\nchildren?	machine
2074_260_16	04cec487e6922450ec7f281e7be97dd58d556309	Masked Man: The Crown Prince\nof Baschen sought new power\nfrom those Givel fools to\ndestroy Rubarika.	machine
2074_260_17	2c22733850dc1c91f37c8abd3aec5e9c99af5aae	Masked Man: And those\nbastards in Givel accepted it\nand deployed them to the\nRubarika front.	machine
2074_260_18	4bb69a6efafd1b2d9ff02cc4e8d0e5408bd79faa	Masked Man: That's what I\nheard... You must've received\norders about a new unit being\nformed in your area, too.	machine
2074_260_19	76c814ceddb816615968dd35df55ef4447f733ae	We did receive one, but... is\nthis what it meant?!	machine
2074_260_20	6da822912c5663c203935bc88109ed702523c4e7	"When the time comes"... The\nBeast Witches... to be turned\ninto that...	machine
2074_260_21	71a67dca512f670f6ae2563a78557a3c60819563	Why... why would they do such\na thing!!	machine
2074_260_22	fcba9dc97d2275597a1ca3bce99bbd689193e2c5	To think that this Givel would\ntreat not only my kin but the\npeople of this land like\ndisposable pawns...	machine
2074_260_23	4ea47fe3af74fbcc9f12fd3e14f3b1495f63877c	It seems they are a more\ndangerous individual than I had\nheard.	machine
2074_260_24	d6333c33235dd2d5b43af345b9f1d431b84c6456	That doesn't matter right now!\nHow are we going to ensure\nTika's safety from here on out!	machine
2074_260_25	672a9f198aadfbc12e5058525d606b195df82552	Masked Man: ...You're Rekoro,\naren't you? Bad news. To be\ntransferred to containment,\nyou must wipe out those\nwitches turned into monsters.	machine
2074_260_26	63150e8ef1c59d0eebf58f78442bda78e4b9245a	What...!	machine
2074_260_27	2b99a7ffcb8191220774d92865627c13fd396a53	Masked Man: Apparently, the\nGem Power they're emitting is\nwarping space itself. The only\nway is to take out the source.	machine
2074_260_28	9a012251c453ded9cfaa2ddd879a7f18c828fd91	Isn't there any other way to\nsave them!?	machine
2074_260_29	190fe89ce538c31f636cc737239d9f3d104f8748	Masked Man: Once they reach\nthat state, there's nothing to\nbe done but kill them.	machine
2074_260_30	9a00dca902fea3b5240f8d8ab5286f9c2cc43b81	No...!	machine
2074_260_31	d2058838d145b2d55c8154e57e23cbd6f07be47d	Mista, how much do you know\nabout those witches'\ntransformation? We can't fight\nunless you share your\ninformation.	machine
2074_260_32	93f61944bb03988b72c3c313943cd873157b3357	Masked Man: ...They call them\n"Exorcisers."	machine
2074_260_33	9b44718b6ad64772f976e054f47504f857e5b36f	"Exorcisers"?	machine
2074_260_34	0ad7cacf46b39ec288a0f2a9eb24a9c688b102a3	Masked Man: That's\nsupposedly Givel's true goal in\nthe Holy Land War... or so I've\nheard.	machine
2074_260_35	b441b2bd0e08d53604eeb3236c9756ba82cf0b6d	Who... who are you? How do\nyou know such things?	machine
2074_260_36	244a2f199ab5b4ccb0c64a63fb6f7843a311a115	Masked Man: What, Rakstar\nbrat, you still hadn't realized?	machine
2074_260_37	a6bf8c17e7707260ef2ac1b615209c8a733c9ebd	In Rubarika, I'm known as\nRicardo Franz. Though my true\nname is something else\nentirely.	machine
2074_260_38	a566d4688366da39761a2335f79cee5e27e18741	You... You're General Ricardo?	machine
2074_260_39	97d54dfb4334eace03b12bf430974da4e920283b	...Why were you looking for me?	machine
2074_260_40	79391d84f62f9e7103b4a772a8929ff0f6fc7e71	To protect your life.	machine
2074_260_41	1f384519d574e221077f2632fcc17a2be6f5602a	I don't understand. How do you\nknow about me? I am...	machine
2074_260_42	0087ae8f5a5cad40bad9150159bb776eb80290c2	I came from the future. Does\nthat make sense?	machine
2074_260_44	7b9a5578cd389354f6d4affdf38708a17cbf46b0	General Ricardo, you...!	machine
2074_260_45	586cc27c70c2506b9c0da9541ed65f355ca2fc7b	If you want to know what lies\nahead, first you must make it\nout of this village alive.	machine
2074_260_46	9f21feb03fcc5de12095fcadd5ff8b7aeb019de9	...Oooooooooh...	machine
2074_260_47	2f80e399592692c815f0c7116f658ed37c763ff2	Wh... When did they get here?!	machine
2074_260_48	bc1a334687b72b9802632c408d09326860475efa	Is there really... no choice but\nto fight?!	machine
2074_260_49	9345b2cf9355439ac7f7573d9576efe0a8bba56a	If you want to reach the future!\nHere they come!	machine
2074_270_01	cab048644aa831385912d8707b5f2c0c424d5359	It seems we have survived...	machine
2074_270_02	e5fd8091816e4c117afdcad736ba02fce76cc4e4	...How... How could this... How\ncould this happen!!	machine
2074_270_03	2a00e2ca63eb067d398f50a7c3225d3bfde4be25	Karlyn...	machine
2074_270_04	8243943ea3c03ffeec74a0ff4ca517dc43fd4ded	I can't forgive them... I won't\nforgive them! Giverese! To do\nthis to the witches... to the Fox\nSpirit people...!!	machine
2074_270_05	9d04d146b5b8439b06276cb1cffe89fc7b3bb0e2	...Save that anger for a little\nwhile longer.	machine
2074_270_06	5d9c93342847bbf5a54b29d85986c49d570fbf75	The Ladder will descend soon.\nWhen it does, you'll have to\nface that person whether you\nlike it or not.	machine
2074_270_07	3485066cc7b85efecd0fabd2414e950fe861b85e	What?! The Ladder is\ndescending?!	machine
2074_270_08	fce7fb4997391d9f2aa04b20e89e3a9a39e987b3	Yeah. The Holy Land War is\nstarting. We'll storm Asyl\nbefore Rubarika or Baschen\ncan get there.	machine
2074_270_09	200f672ba5c65129a065989614a3cb466abf40bd	B-but how are we supposed to\ndo that...?	machine
2074_270_10	138eab61a3f68c74c0b58f1bbf5d72ec13cc7ead	Asyl will surface from the sea\nbefore the Ladder descends.	machine
2074_270_11	d9aabbeaaa83ada97516f6b90aa4faa844ca2ee7	What? Does the Ladder not\ncall to Asyl?	machine
2074_270_12	a7d5cd5aa07af4e25e286091f2e651dbbcf78ee7	That's not wrong, but the folks\nin Rubarika and Baschen are\njust passing on hearsay based\non unscientific observations.	machine
2074_270_13	9f5d7ae1bb3b600599f1d44910888cd3ea84c353	It seems the surfaced Asyl and\nthe Ladder exist in a reciprocal\nrelationship.	machine
2074_270_14	3172ef687383d575d5fc7036e53bd8561014f119	In any case, there is a brief\nwindow of time when Asyl\nappears above the sea.	machine
2074_270_15	acb0656e35f6d3a34e42d17131e93eea2d3831d9	That is the time we can use to\nstop the Holy Land War.	machine
2074_270_16	ce12a6cae8dd52632e5352ee1f25cd1fbc7f49a7	Hey, I know you're listening,\nCoro! Hurry up and pull us up\nto the ship! We're teleporting\nonto Asyl!	machine
2075_300_01	76c616e5eb8dd6ca2270ef58eeeb377a49244adf	...It seems I'm not exactly being\nwelcomed here, huh?	machine
2075_300_02	bd9744f2a976e23bbfb0305b931cdacb92a58f7f	If you thought you'd be\nwelcomed, you're being way too\noptimistic.	machine
2075_300_03	0bc20789025cb236e6c606a79803c594a2ba08b6	Just who are you? No matter\nhow you look at it, you know\nfar too much.	machine
2075_300_04	b77e16c310e286909c2d4db6e3af11cc1e714383	And even at this stage, you\nstill intend to keep that mask\non?	machine
2075_300_05	7d38b48d4061edabc62341ab8835bdeca4a2c948	Neither your mask nor your\narmor can be scanned by me,\nand they aren't Daftine\nproducts, are they?	machine
2075_300_06	30f391c2d178967271aa28855c9404ce1e39428f	I could tell by looking that the\nRoyal Army crest you held was\ngenuine. I am, after all, a minor\nmember of the nobility.	machine
2075_300_07	a2e6cfb23ef26bb755a8f0ff4867716d4b17f160	However, there are far too\nmany strange things about you.\nYou'll answer all of our\nquestions, won't you?	machine
2075_300_08	74a1084700a4cf96ffa9ba30dc17b746e2682a0c	Good grief, you lot certainly\ndon't hold back, do you?	machine
2075_300_09	93ccd8a2b2f2d0c655ef71a3da3bdf119ee2f259	I'm not Tika's enemy. Isn't that\nenough for you?	machine
2075_300_10	b9b8d31f396efc2762ee9f467a8ef6b015499e12	Ugh, this is getting\ncomplicated.	machine
2075_300_11	796516a1bfc52e37ee91a0c9c9de19cefa093c6a	It's true that General Ricardo\ndid everything in his power to\ndefend Tika.	machine
2075_300_12	85cda05015f7e9abfb32089e289a30f53190b229	But that is a completely\ndifferent matter.	machine
2075_300_13	a41cdf7603ef6c6c5924ade455e928846e485213	Look, Tika is terrified.	machine
2075_300_14	6e46ff8b6e9fb0b67fe8fb7d497e268828f203ab	Exactly, exactly!	machine
2075_300_15	eb2cce46900bec9cd39a45cc501ece0c6e201177	And while I agreed to the\nemergency transport, letting\nsomeone like you on board is\nnormally...	machine
2075_300_16	16ad37c61cce855fb540a0b3ef4a34fb0699458d	You're saying I'm violating\nGalactic Federation regulations\nand the Uninhabited Planet\nProtection Treaty?	machine
2075_300_17	7024cb27040ed626631260d6d74c9deb54bf7c90	Idiots never change. I don't\ngive a damn about your\ncircumstances.	machine
2075_300_18	9cad79fd2f08021d4c544e9a6026e3020e4b64c4	Huh!?	machine
2075_300_20	632ec345ecec55b715bbf50d16f237e2d8f0a3fd	...Hm?	machine
2075_300_21	cd8406379c1c8978876a33cac03181a9e123f7a7	You even know about the\nGalactic Federation?	machine
2075_300_22	d03394e14e197f8e7d1d6411f5ff1674cc6ca05a	So what if I do? That's not\nwhat matters right now.	machine
2075_300_23	13e89a334432bc3d9e5bf852f2d063b6d6e3f581	I told you Asyl is surfacing. I\nassume you're scanning the\nsea surface.	machine
2075_300_24	5426d4696383704c717f0d882e1a4b1c0629975f	...Coro, Verda, and I have been\nkeeping watch the whole time.	machine
2075_300_25	a9821ab49d1b1a257c79d0504e39fd32dccd002d	What are the positions of the\nRubarika and Baschen navies?	machine
2075_300_26	6a15f410815c30aa32f29e64a52ca99b312ef382	Probably right here on the\nmap.	machine
2075_300_27	6e38ea2aab1e6ead0e61bfbd7ee7c662cf125dd0	Besides, who do you think you\nare, bossing us around before\nwe've even said a word?	machine
2075_300_28	b5ab131e735d19fcf4ae6c66d9629ff88c538701	...Damn it, this isn't what I\nheard.	machine
2075_300_29	8694368ff887061f60f19e5c0eb1044f9c1db308	Did those so-called Exorcisers\ninterfere on this side too?	machine
2075_300_30	25993d5281d53d9dd1e43514a5a61c5a64fc3445	At this rate, we won't be able\nto buy much time...	machine
2075_300_31	cdd8448e9de5962d7d77dace6c15fd6e1489df2e	Hm!	machine
2075_300_32	62177900c6660d3014f9b05cc8a30423ec3ee4ec	Ah, ahhh! C-Captain! Look! Look\nat that!	machine
2075_300_34	61af0437f5209cfd877de71075e15fc723253a4f	It's here.	machine
2075_300_35	07e5793d34c86aac1b27802b75777afc2242dfe7	W-what is it, Coro?!	machine
2075_300_36	d8006589f9e8457c904a28f5ae5e11828b50cfb7	It's that! Look at that!!	machine
2075_300_37	3fdb6bb76f375060661042c417b6535be6af4c3f	The sea... is rising!	machine
2075_300_38	d6327ce08cb9faa666788b8c40e300984efd25f0	Something is coming out!	machine
2075_300_39	96b82bdbdf62757d2944f69fde45d960cdc51f51	Th-this is...!	machine
2075_300_40	16b2eca51cc1557d8113d6b483ff5ec0582c5a93	So this is... the Holy Land of\nAsyl...!	machine
2075_300_41	8199e7499a06f08441ee3001408481c5dacda003	Unbelievable... An island of this\nscale, rising from beneath the\nsea...!	machine
2075_300_42	dff0a03e22820384159a4e2f82dcc2a946201721	...All this time... For hundreds of\nyears, we've been waiting... for\nthis...?	machine
2075_300_43	701afabfa4650c2b915ea8ca69f1b9477bb1a3b3	...The movements of both\nnavies have changed... The\ntime for the final battle is\ndrawing near.	machine
2075_300_44	2a8c2237ab4e11619a1baa832dd423bfd7b83aff	If we go there... we'll finally\nknow the truth.	machine
2075_300_45	f9ce31854c009a9e92d1b5699fc7cb63f6be34d9	Exactly. The Moonshadow\nLadder will descend soon, and\nthe offensives by Rubarika and\nBaschen will likely reach their\npeak.	machine
2075_300_46	418b61986129787de498669d41652ca2d00a4289	However, there should still be a\nlittle time before both armies\nland on Asyl.	machine
2075_300_47	29221c33a039d3dfff01a92660be08953c3f4689	Hey, Ewin Laxter. You haven't\nforgotten what you said\nyourself, have you?	machine
2075_300_48	93cf35be7c895a4ed6ed5eed549bd76c96c139da	Ewin: I'll do it!	machine
2075_300_49	3e0db4b6d775208ba2a803a787bf371068a41b67	Ewin: I will definitely bring an\nend to the Holy Land War!	machine
2075_300_50	24fc74f27426e7a7a920becead3ac8871543510e	Ewin: A Holy Land... is\nsomething Daftine doesn't\nneed!	machine
2075_300_51	e97844c934eebbea2928d1ee79320b8ec8b33cb2	That's right.	machine
2075_300_52	040bb3f132e97cd4d03590e2d9b46907dfe8680f	From here on, we're going to\ntear that Holy Land apart!\nRight in front of the Rubarika\nand Baschen armies!	machine
