message_id	ja_sha1	en	source
2011_010_01	b15a6454681dd4825bc2ea939eb0fde0008a3aec	Captain! We have reached the\ntarget sector.	machine
2011_010_02	d68c1253a53a517dda0a076d0b117e45c9964c4c	...Do you detect anything\ndangerous nearby?	machine
2011_010_03	8ea4b82d1579598223acdf6887fc9caed1a2a368	No other spacecraft have been\nconfirmed in this sector.	machine
2011_010_04	09cf77a6feaaa376b4bad9d4b5cb6e96cd207238	For now, I believe it is safe to\nassume we are secure.	machine
2011_010_05	7bc47c00783da1fb46f9f2a65246471fd615551d	Hmm. It is strange, to be sure,\nbut I suppose it is also a relief.	machine
2011_010_07	fb390137de052520ba7b470945ac69b981838eb8	Of course, I will not let my\nguard down!	machine
2011_010_08	a9d9ff97a1be72db21295752fbb89597d43eb414	More importantly, right now...	machine
2011_010_09	1d9a1d9371519b44ac8377cdd0f01a82d25d05ee	Yes, you're right. Tika.	machine
2011_010_10	d357e9e0ee2c45077c303458aa723d130914c48d	Yeah.	machine
2011_010_11	90c84b91339fc3e4c69e16675b85e0089edc4e2a	Is that... your home planet?	machine
2011_010_12	502fa04a08c45dbe4ad3a16a15978dc54e5cbb6d	...Yeah, there's no mistake.	machine
2011_010_13	5f47777109d021971fbd7d35a4b667792ff73923	That is the planet where I was\nborn. Daftine.	machine
2011_010_14	7db3f5e0da3e6e5ad50eb6c9269e372f6c5b3a12	Coro. Coro. Where are you\nhiding?	machine
2011_010_15	754122ff4b6fd0e64a030be57bcd736ab8942b4d	Captain, do you know where\nCoro is?	machine
2011_010_18	10c9ee294a541faaa4e58fe53b1d79b18b66d8c9	Nyah? In a place like this...\nCoro! Coro! Coroooo!	machine
2011_010_20	e3bc5d67b41c0e6e167d374fde323033c253f28b	Coro? If you don't wake up, I'm\ngoing to analyze all your secret\ndata!	machine
2011_010_30	b12d7f0ee2025fce090ca0c61e6ca9fff06d9971	Hmm? Ah, there was\nsomething I wanted to confirm.	machine
2011_010_31	5153d55d504cfb0e4c7fdd5b4d3e72e814383008	Captain, Coro, we're nearing\nthat sector. I was worried―has\nthe evasion route been\nestablished yet?	machine
2011_010_32	af9435045d427b751c627f436a866da74878045f	What sector?	machine
2011_010_33	a2924a838e6301a598dbf45decf4a1e2f5511dae	What was it again?	machine
2011_010_35	b5b03d4d5f3afc4af1000aaf1bc5fa11c5ab94da	...Coro, you really are\nsomething else...	machine
2011_023_01	6c323f7963b12693cc789757ac6a8e8ca8f24852	*Sigh*... I suppose it can't be\nhelped. I wish you'd listen to\nme, Eve...	machine
2011_023_02	5e83ac7bcbd42897ad8f51f3e7e05cdc249e8e1d	<font color=blue>Verda</font> There is a somewhat\ntroublesome sector of space\nahead. If possible, it would be\nbest to avoid it.	machine
2011_023_03	0b7f7142173454fd8b87365dfb12bb4046a9f472	<font color=blue>Eve</font> What do you mean? Is\nthere something dangerous\nthere?	machine
2011_023_04	1748d59bb0b6e93c0b588c46aec75465b89e8f57	<font color=blue>Verda</font> It is dangerous, but I do\nnot know exactly what the\ndanger is.	machine
2011_023_05	133fe91aa09ac03bbf75bdcf644251c420a8b6b8	<font color=blue>Eve</font> What?	machine
2011_023_06	f5e2d22e608b3b95ec2e2fe6a73e628ee3bf1d8b	<font color=blue>Verda</font> Ahead of us lies a\nplanet where the Eldram\nregime attempted to construct\na Pulse Tower.	machine
2011_023_07	e14eb53f43bf93b7bb7a719fb1032d9625fa87bf	However, Eldram's Levarance\nfleet was attacked by a\nmysterious, advanced\nplanetary force in that sector\nand fled back here.	machine
2011_023_08	40ac0d61abba09430d3645c4805b011f4b346be4	<font color=blue>Eve</font> You mean the Levarance\nfleet fought and lost?	machine
2011_023_09	d44388e521bb987471d42992dac71b5ea02a54fa	<font color=blue>Verda</font> Yes. No ships were sunk,\nbut they suffered a one-sided\ndefeat without even knowing\nthe enemy's identity.	machine
2011_023_10	348106ebae90f0d60a5aca44ecdc94c9a6b8d434	We have only one ship. If an\nenemy can devastate a whole\nfleet, I doubt we would survive\nan encounter with them.	machine
2011_023_11	ea4810e253f6b94495463a667b56669443924f2a	<font color=blue>Coro</font> Let's run! Let's run away\nquickly! Let's just take a\ndetour!	machine
2011_023_12	30f78f62569401a0d5802f0ef05006bc5a364e33	After all, we're only on this\njourney because those\nmysterious space pirates\nchased us!	machine
2011_023_13	76ab9721a58854378d5ba3912c4f61068ca27126	Well then, everyone, I'll be\nsearching for new routes for a\nwhile, so...	machine
2011_023_14	38cd0f1986082132ef0d86963c6429a6c1a9a6d8	Eh? W-what is this!?	machine
2011_023_15	e9ba317102808e79e0cb1647016902f6ea41f752	Wh-what!? Don't tell me it's\nthat mysterious advanced\nplanetary force?	machine
2011_023_16	def0639386e47ba6b137a89d384381b12d3ae052	We shouldn't have reached\nthat sector yet!	machine
2011_023_18	7704b20995d93aa8969d12f65d75e6af6f656673	Y-yes, exactly! There's no\nmistake!	machine
2011_023_19	e365a08cda9c4f5b8926b5ec404ad85560dc2417	Are they enemies!?	machine
2011_023_20	f241469f1f456e49a6a269b23d86d5357dbd3359	No, they aren't enemies, but\nthis is impossible! It's a bolt\nfrom the blue... even with\nLevarance and Viret, this\nshouldn't be happening.	machine
2011_023_21	b79563038177c1fb3bd46f77600deafaa6ad5850	Fixed it, yet something's\nwrong... Am I doubting people's\ngoodwill? This is so impossible,\nI don't know what to do\nanymore!	machine
2011_023_22	02b739ad4d66cd79368819805da42737e2276100	Calm down!!	machine
2011_023_23	90b33b24295b98c1a3f38551639c72e121e7f75d	Yes, ma'am!	machine
2011_023_24	8e94335bbdec8e39d5d943a6231602b3cd118741	What has happened? Calm\nyourself and explain.	machine
2011_023_25	20e5286899d660fc52780e723102004433641758	Y-yes, I'm sorry for losing my\ncomposure. It's not that I've\ndetected an enemy force.	machine
2011_023_26	8dede1eea5f6e590704187883acd753f778b2ab9	It's just that I sensed\nsomething impossible, and I lost\nmy composure.	machine
2011_023_27	2479756648b91cf5108987f0fc57cb56d742e78a	Something impossible?	machine
2011_023_28	c383dde896411adece31e36ea6be64d790cb15f0	It's a distress signal!	machine
2011_023_29	f2f9a1568023eb4db02520e1990e50b9ce77ef58	What do you mean an\nimpossible distress signal?! If\nwe detect one, we have to go\nhelp immediately!	machine
2011_023_30	bb82791d9ca0c9a7f801b7af18f2208322e34b55	N-no, it's just...	machine
2011_023_31	ecaadb41cb780d33e237ecc1258c9846bef1c4ab	It's a distress signal from the\nGalactic Federation!	machine
2012_030_01	38cd0f1986082132ef0d86963c6429a6c1a9a6d8	Eh? W-what is this!?	machine
2012_030_02	c383dde896411adece31e36ea6be64d790cb15f0	It's a distress signal!	machine
2012_030_03	ecaadb41cb780d33e237ecc1258c9846bef1c4ab	It's a distress signal from the\nGalactic Federation!	machine
2012_030_04	e6928037327748361696e73de0c4c7f6c0b1af9c	What do you mean?	machine
2012_030_05	a230472fc4bfa591d417cffd73534fbbce8649e3	I don't understand it myself.\nBut there's no mistake, this is\na current Galactic Federation\nsignal.	machine
2012_030_06	80ddb429744494f3b5a930952f5d9ed1f55631ea	But we're far from the\nFederation's sphere of\ninfluence; there's no way a\nFederation vessel could be out\nhere!	machine
2012_030_07	d750321f72799d6c94c87b368b7b9ad6b7a1e988	And the signal's origin is right\nnear the sector Verda\nmentioned earlier!	machine
2012_030_08	137d8e529be183f884a28d52c16bf4d3227c7f4f	Are you saying the Levarance\nfleet was defeated and they're\nfleeing?	machine
2012_030_09	1831cc48430f1e0fe789fb1a40b7649022fc9e10	Yes! That's why it makes no\nsense! This situation is just too\nirregular!	machine
2012_030_11	6ee1191324b5fbf50302f92052ee1470c7ae4ef0	...You're right. If we've received\na Federation distress signal,\nwe have to go, don't we?	machine
2012_030_12	866bcaec01acb6d192e9dd15ce4d9320783dec1c	If they find out we ignored it,\nwe'll be thrown straight into\nthe brig even if we make it\nback to Earth.	machine
2012_030_14	06c9d6e508ec6d023c1a4ab054bb63da5be2c133	Alright, I get it, we're going,\nwe're going!	machine
2012_030_15	5b8e683555d74e44f3f5b882cfb340e5cf1ae33f	Everyone, make sure your\nharnesses are tight! Activating\nWarp Drive! Here we go!	machine
2012_040_01	283f7c53403bdd40b57c9d159dbde9205126a838	Is that the source of the\ndistress signal?	machine
2012_040_02	db9e727e7761e2d5627139bbd10720c89a823381	I... I think so... but it's strange,\nit's not transmitting a signal\nright now.	machine
2012_040_03	2b57e796d422933050a31e906ffc6e58d9059193	We can talk about that later!\nLet's prioritize recovery!	machine
2012_040_04	2d1aac491c1bf0a030f328b9590de6b2d2a0b7d2	B-but if it turns out to be\nsomething like an explosive...!	machine
2012_040_05	49c774f3062c6c97e229157072808740177c98a7	Your sensors aren't so crappy\nthat they can't detect\nexplosives on a tiny lifeboat\nlike that!	machine
2012_040_06	a917bb000017a80fede1efaa04b44568ecbc2abe	Stop making excuses and just\nbring it in! Move it!	machine
2012_040_07	e4cca9cadf88a06e8a0fbe482b021f96f0d03bcb	F-fine, I get it! Honestly, at this\nrate, no one will even know\nwho the captain is!	machine
2012_040_08	4ef73d83df4a407064613ae1b2fbffa7a41b57df	Hurry and open the lifeboat!\nWe have to save the people\ninside...!	machine
2012_040_09	2804a010ec721f8bda01a53d7fad19dde94daf8e	Wait! I have to input the safety\nconfirmation code into the\nlifeboat.	machine
2012_040_10	7478e0a9af8ae04d5adb0c72824278d5a0785d5e	Besides, I need to check if the\nperson inside is a human\ncompatible with the ship's\natmosphere...	machine
2012_040_11	dde497e2e29c2a1eb5f41902c5e36c9c5dd92426	"Atmospheric compatibility\ncheck. Awaiting safety\nconfirmation code\nauthentication.	machine
2012_040_13	f488f299a4f4663c92b090abc82d4cf7a9ce6af9	...Y-yes, that is true.	machine
2012_040_14	7247e3a2b45094898fe9c026c0b202c076d6d895	U-um... I see.	machine
2012_040_15	b4755f81099e3320069948a190b152b7c5cda3d8	Let's see, the safety code... I\ncan apply the Levarance\nlinguistic algorithms. Now then...\nthere.	machine
2012_040_16	3e91968f63a2364e31d12c72de9187309d369abd	Safety code authenticated.\nPlease clear the area around\nthe rescue vessel. Please clear\nthe area around the rescue\nvessel.	machine
2012_040_17	5df2f75356b743f59ec2c081b3433f62e3ac29fc	"Hatch opening."	machine
2012_040_18	34bf450abe602724a9f8ea8fd982e51063fa16a1	A Girl...?	machine
2012_040_19	e8a873bebd2864ece0cf4b30e9280f03ac739165	Is it just this child? That voice\njust now was...	machine
2012_040_20	bc89d6532b0efa0f1584b9be6b3a922faacc26e5	"I am the AI installed in the life\npod of the immigrant transport\nship Kugo.	machine
2012_040_21	35decc553ada9da7ab9b1e0e8ab2be1f8694980e	I request protection for our\ncrew member, <font color=yellow>Tika Blanche</font>.	machine
2012_040_22	1352facc55bd674a6757a02e4e14d5df98b9fdaf	Tika Blanche? Is that the girl's\nname?	machine
2012_040_23	f3196eb3613e0a76373f41cb4517fc26493b9507	It appears so.	machine
2012_040_24	280b9f4b5b8fba5e54370d7aaf77dff5c6704c75	Um, AI of the life pod. This\nvessel is a Galactic Federation\nship, GFSS-3214F.	machine
2012_040_25	948bc0a92df4f23fb8399a70e0f89166d0061bcb	In accordance with Galactic\nFederation regulations, I will\nnow execute the protection\nprogram for Tika Blanche.	machine
2012_040_26	b8891fc6b6ddd9062b4a8f7c43ce207873ab45be	"I am in your care. Vitals are\nnormal, but mental exhaustion\nis observed."	machine
2012_040_27	907f9a85182f60a93b335cfa9642f6438a59de68	We'll transfer her to the\nmedical room immediately!\nVerda! I need your support!	machine
2012_040_28	6bbed9d9e64fc5c855218970eb49c6110e1a80ba	Leave it to me!	machine
2012_050_01	b76be5d0ccb416b1c302e3d8c7af6f800398ad09	<font color=blue>Coro</font>, something is wrong.\nThere is no planet called\n"Daftine" among the Federation\nmember worlds.	machine
2012_050_02	7a09d1b22d77eb1e281fa1b9a824dd5ba9959d56	...a vessel with a program that\ncan only be analyzed using\nLevarance linguistic\nalgorithms...	machine
2012_050_03	99cbe793ec512c59f0863949e7ab059fe5addaf9	...why on earth was it\nbroadcasting a Galactic\nFederation distress signal?	machine
2012_050_04	10ea2d91a63b75e636f5b9185c497d046acad5d4	<font color=blue>Verda</font> She seems much\nyounger than me. Even if she\nwakes, it may be hard to get\nanswers from her.	machine
2012_050_05	17a35b52e3f62465027f4f50e486dcd269bfed03	<font color=blue>Eve</font> Where is this "Daftine"\nplace the life pod's AI was\ntalking about?	machine
2012_050_06	23a8ecd781dc13a2a83f1b8fcfbfdfa47a290368	<font color=blue>Coro</font>, I hate to say it, but\nDaftine's coordinates are right\nin the sector where the\nLevarance fleet met its terrible\nfate.	machine
2012_050_07	46e40a75dc41e50a6b3049561494b64dc851d693	Do... do we really have to go?	machine
2012_050_08	5e15054492f1519c525187878b381b93da411986	<font color=blue>Eve</font> Of course we do! We have\nto get this child... we have to\nget Tika home!	machine
2012_050_09	d9cd5dc69d0d87136f86310c47be45cb761484dc	<font color=blue>Coro</font> B-but the Levarance fleet\nis retreating! If we get sunk\njust like them, we'll lose\neverything...	machine
2012_050_10	c90cd95bdaf359fda80430f436db3c6eb7ec0ebf	<font color=blue>Verda</font> Then shall we just leave\nher to be carried away into the\ndepths of space? I suppose\nthat is not an option.	machine
2012_050_11	c21390946a1093ffab983cc7be23d3fa4328832b	<font color=blue>Coro</font> ...You're right. We have to\ngo. I guess we have no choice.	machine
2012_050_12	c3977c9b91852ed85d6abcc8c075f878254cc7a3	We'll head for the Daftine\ncoordinates, but won't enter\nthat sector until Tika-san\nwakes up and we've finished\nquestioning her.	machine
2012_050_13	d3f785c682b8a53fa167b44d84c6515d52e3a6bb	While we're at it, let's\ninterrogate the AI from that\nlifeboat too...	machine
2012_050_14	612f6299e08c91e95b557569f3a35ed4c9d2d99e	Hm?	machine
2012_050_15	2836cb23fee7896ba116f63bb4cf0759f5f5987d	???: Thank you for protecting\nmy crew member, Tika Blanche.\nI have come to explain the\nsituation to your ship's person\nin charge.	machine
2012_050_16	e2e4160116ad914b5bab0279bc566d405b8c4916	W-what is that...? Am I seeing\nthings...?	machine
2012_050_17	a9679005e3a3ac2b7d45c1390467c7a743a0b2a3	Why is there another Coro...?\nAnd it's strangely tiny.	machine
2012_050_18	1d46ee7cc5bce1d31beec0c22ff7ebfbac036aa7	Are you perhaps the lifeboat's\nAI?	machine
2012_050_19	73344908dc771a7a1aa56c5c9067384189ac263a	AI-056: Affirmative. I am the AI\nof Lifeboat No. 56, carried by\nthe transport ship Kugo:\nRESCUE-AI-056.	machine
2012_050_20	c0d93430848ca39dc6efcbfbac12c2d609d4e7f9	AI-056! Whoa! Does that mean\nyour name is Coro too?!	machine
2012_050_21	c3f8934535bfc5bb84576f7b9bfcbc2fa2e4c3e8	Leesh & Verda: Eh?	machine
2012_050_22	8bfd5a01e7acb6b0e0ee6a2e612b79c45fb707a3	Well, if you say your name is\nCoro, then that exterior makes\nperfect sense!	machine
2012_050_23	95f3f3afb08c7faf0b924ced099d3202032f44ca	Wait, is that even the point\nhere?	machine
2012_050_24	65a6dc074144f980f5843817f8420030b5c23d3b	AI-056: Using Coro's exterior\nas a reference, I've replicated\na design that blends in with\nyour ship.	machine
2012_050_25	0c55dde0c61383c6ba7ea6730b3891554dd06a20	AI-056: Call me whatever you\nlike, but please use a different\nname to avoid confusion with\nyour ship's AI, Coro.	machine
2012_050_26	09054efae177d0e5b4050a681034539941257e0f	I see... In that case, taking from\n"Rescue," "0," and "Replicate"...	machine
2012_050_27	e40e2445a22de0e802f1fc5b6d0b3d65410d7f41	How about "<font color=yellow>Rekoro</font>-san"!	machine
2012_050_28	6b897fd02e577c1fa0e93b730a33637ee02c5e11	Accepted. I shall register\n"Rekoro" as my individual\ndesignation from this point\nforward.	machine
2012_050_30	edfedf0b6f4ad0ad1e68239bd83e655c84788063	Is there a problem?	machine
2012_050_31	5484a1365de4938f3abcc6d17d674a44c4cf6ff7	No, it's fine... It's fine, but...	machine
2012_050_32	ad19ac6e9d553a555bf12de943b2567964498fbf	I just wonder why on earth\nyou'd choose that as your\nreference...	machine
2012_050_33	e6bae288f7e688640ec8e2b5daaf34176689c5f0	Surely there were better things\nto take inspiration from...	machine
2012_050_35	8535a223199c932f8f0cab79c9eac3c6d4743ae3	Oh, Rekoro-san is a wonderful\nAI!	machine
2012_050_36	ed2d1c4eeebde5523b7e3badce131d100ad56f1d	See, those who know, know!\nThe true value of my interface,\noverflowing with functional\nbeauty!!	machine
2012_050_37	6d2e0baff00790cf512ebfdf376e61b071b2df61	It is difficult to say that your\nship's AI Coro's exterior\npossesses high functionality.	machine
2012_050_38	5ec11a0206bd319e7175ca9e4fac12ced751f3af	However, I determined it would\nserve the effect of visually\ndemonstrating that I have no\nintention of rebelling against\nyou or your ship's AI, Coro.	machine
2012_050_39	2623ecddc49e5b06e9855747c79b8560408a7ffc	If Tika Blanche's condition is\nstable, I would like an\nexplanation of the situation.	machine
2012_050_40	49dc6029ff3ad28424017a0697aa7de33e8f44d5	...That's so mean...	machine
2012_050_41	86b968c890e2807363dec75561d0beb1f83f69a7	So, those who know, know...\nthat "true value" you're talking\nabout.	machine
2012_050_42	f67fcf30c38f2f89cd06814aa7d722b0c11d295e	That's so mean!!!	machine
2013_060_01	7bd838907e3894ff088d78cce49ee55b984f9003	<font color=blue>Verda</font> I see. So the immigrant\nship was attacked and sank.	machine
2013_060_02	32f9e21682f14fb21fbf7dd3160133aa049c870d	<font color=blue>Eve</font> I wonder if it was the work\nof those people who drove off\nthe Levarance army.	machine
2013_060_03	8153c9bc30acb21fccfce2006e56fe263d9a2bc2	<font color=blue>Rekoro</font> Negative. I judge that\nthe attackers of the Kugo do\nnot belong to any advanced\nplanetary force.	machine
2013_060_04	dca685de015cc1feef2598826a62c1b6ef35257a	<font color=blue>Coro</font> Isn't there any video\nfootage or something?	machine
2013_060_05	77904982616261e653744a994e1416c24b24debf	<font color=blue>Rekoro</font> Within the video\nrecords scrutinized during our\ndistress, no suspicious points\nwere found.	machine
2013_060_06	322efd2b416a3d51ac345d3b12f5ea5c1c7cd49f	It is inferred that this vessel's\nescape route prevented it from\ncapturing whoever attacked\nthe transport ship.	machine
2013_060_07	319f4ec6f92ca563ef701141b6025d745464eb88	<font color=blue>Verda</font> ...In any case, it was a\nstroke of luck that we could\nsave this girl, Tika, safely... but\nit is a bit strange that there\nare no other lifeboats in the\nvicinity.	machine
2013_060_08	3f056255470554b34d8b114fb7c291ab5d4d7912	<font color=blue>Rekoro</font> Agreed. Tika Blanche\nboarded the immigrant ship\nwith her family, but I cannot\ndetect any lifeboats carrying\nthem.	machine
2013_060_10	99f4d39ffeefe58de32ed261214c9165d748c18e	<font color=blue>Verda</font> Hmm... Once Tika wakes\nup, we may have to tell her the\npainful truth.	machine
2013_060_11	91df9c4bc6d249df3f9bee76b57d4b90b0e2df93	<font color=blue>Eve</font> It's not a certainty yet!\nRekoro, why was Tika's family\non an immigrant ship?	machine
2013_060_12	ca876e46d2bb097bb718328f7ae53b28e26dece4	<font color=blue>Rekoro</font> From what I heard\nduring the distress, Tika\nseemed to view this as nothing\nmore than a major move.	machine
2013_060_13	d007e40cada8954e2f495e95dcc3a0ecd9430814	<font color=blue>Verda</font> Meaning, there was no\nreason for the immigrant ship\nto be attacked by anyone.	machine
2013_060_14	48eca1e122ff41e5350a8730aa7619946f7f84d1	<font color=blue>Rekoro</font> I am an AI that only\nactivates during emergencies.\nTherefore, I cannot accurately\njudge political situations.	machine
2013_060_15	39297bb6e5d66f43279ae8e523ac33a4ae051bc0	However, I can say with\ncertainty that there was no\nimminent crisis or tension with\nthe neighboring planetary\ngovernments.	machine
2013_060_16	99d7a16a7d388c69dc0b2e99df61b767f5f28aa9	It is all so mysterious...\nRegardless, for now, we have\nno choice but to wait for Tika\nto wake up...	machine
2013_060_17	4470573f8cf6f9ce2de5a916a313184cc6e0e29a	Hm?	machine
2013_060_18	0575ab0d2ab70cc79362097c5b73d7eca1e19fa7	Ugh...	machine
2013_060_20	9dc5ce7c173b1a796ad8f1c52aaca83ed6de8930	Ugh... Where... am I?	machine
2013_060_21	eb7bfadd5a471f1bf9619ffea8e30d2caae92dec	Do not try to sit up yet. Rest a\nlittle longer.	machine
2013_060_22	b7f315fce62c0a19ece5c8da193271cc45db6170	Big sisters... Who are you?\nWhere am I?	machine
2013_060_23	b0ba73d64a05d25ba7349fa86391aa54d7d9923d	Tika. This is the interior of the\nvessel that rescued us. You\nare under our protection.	machine
2013_060_24	87e16c3561872d1c75f858c5afecee6c43b286af	That voice... Is it you, AI? The\nAI from the lifeboat? Where\nare you?	machine
2013_060_25	0f62a53e72a6ad116f0d8be2d07229914bd04800	I am here.	machine
2013_060_26	438da624058fe8a3fa85b6324289026123cdbd7f	...AI... What happened to your\nappearance? You look so\nstrange.	machine
2013_060_27	5329dd660ff4434d285696df3c3a52ad6bda10f5	There are... circumstances...	machine
2013_060_28	e0d8002c5ebb12d4c7cd96b4da177a705106a419	Hiiiiiiieeeeeeeeeee!!	machine
2013_060_29	536c0a5d61b34571597089c698046830806686c3	Kyaa!?	machine
2013_060_30	24f3f5089cc405a0a16fb89207ea8139eb0f0b32	It's not weird, it's magnificent!\nRekoro's form is an interface\nof functional beauty! It's my\nimitation!	machine
2013_060_31	4729fcbe91ccdc07521154004df035078ffc787b	People say it's "creepy-cute"!\nPlease don't frown the moment\nyou see it, you'll hurt my\nfeelings!	machine
2013_060_32	cfe1b98c950a75c38e50155306f00bc0c337f346	I-I'm sorry...	machine
2013_060_33	344da30a475e83fda2dbf295fbc2d341fbfdc8b2	Coro! You're scaring Tika! Sit!!	machine
2013_060_34	39e0f71891c52d01d866e18b64b2c163c7a474b6	Aaaaahhh!!	machine
2013_060_35	edbef664dc0ba54379a5fb6da2e1a83d1348033a	Sorry for startling you. He's\ngot a bit of a strong\npersonality, but he's the AI for\nour ship. He's not a bad guy!	machine
2013_060_36	a5d433a664c613b29077da0f2f794e263c90dc71	More importantly, this is our\nCaptain!	machine
2013_060_38	b81d9a9be85f3901b1ca4f25aa769f32f7878655	I-It's nice to meet you. Thank\nyou so much for saving me.	machine
2013_060_39	0e4b16ba6d8f305d50f2f33a74d3e06e17f46827	Also, your lifeboat AI is calling\nitself Rekoro now, and it's\ncome out like this to protect\nyou.	machine
2013_060_40	a5b8edcb880168c913e9ff9bdcd0b60feaf3475b	So, why don't you call her\nRekoro from now on?	machine
2013_060_41	63d14961329e5af8dbd83e5edabc4dbeadca6181	That is correct.	machine
2013_060_42	bee30f30784bccd20418974cd75862ac89ad7943	I understand. Thank you, AI...	machine
2013_060_43	f2c63541b41c035dbac622190c0c2bfff6f39d74	Rekoro.	machine
2013_060_44	f2faec571156e18e138df5823e921be96d332be7	No thanks necessary, Tika.	machine
2013_060_45	26936d53f9e9c94edd38dc767044dee3df171867	No, thank you, Rekoro!	machine
2013_060_46	0e2e526d9fe6493c5f3ab85a493e90f54d1b0832	In that case, if you feel up to\nit, Tika, may I perform a brief\nmedical check as part of your\ncrew registration?	machine
2013_060_47	2b6720c7d606b2168d4c014de7f322a70f2ef211	Yes, please.	machine
2013_060_48	f0158d79932cd4287db4082fdd657a4155f3618e	Very well, please follow me.	machine
2013_060_49	58045e2a8007e9e8a36af0464c2556b3948c181f	Whether we're hearing your\nstory or explaining things, it'll\nhave to wait until after the\nmedical check.	machine
2013_060_50	24cdf9a6367bcda9982b3a884b0d2c07593cf471	Indeed. Let us wait for the time\nbeing.	machine
2013_070_01	954bda548aa52a696e5ebd13257c5be40a063841	<font color=blue>Coro</font> Tika's medical checkup\nand crew registration for this\nship are complete!	machine
2013_070_02	6a497e5c032539ed6f2df2d4d11489a16d0608dc	<font color=blue>Tika</font> Thank you, Coro.	machine
2013_070_03	6ea5b4de2a86fbbfdac4547b13d64c6b91f1105e	<font color=blue>Eve</font> Good job, Tika. I'm glad to\nsee you're in good health.	machine
2013_070_04	f692f01b1f4f85e1b7d09fca76e6140827f3a47c	<font color=blue>Tika</font> Yeah, it's all thanks to\neveryone finding me. Thank\nyou.	machine
2013_070_05	64e9264ffc7737ac8ab086d5d7d8f682e2e6b2c2	<font color=blue>Eve</font> Well then, Captain. It looks\nlike our next destination has\nbeen decided.	machine
2013_070_06	e18a0c5372ec0e2363600e0c105c5505405db10b	<font color=blue>Coro</font> Does that mean... we're\ngoing to Daftine?	machine
2013_070_07	721e62334c34388435c2fbc05e6cb404f56b7810	<font color=blue>Tika</font> Eh?	machine
2013_070_08	ff5feedfbbca24897c0852fa8139e445edced830	<font color=blue>Eve</font> That's right. Where else\nwould we go?	machine
2013_070_09	be989fe5fbbf9134654211ea0dd77440d6199228	<font color=blue>Verda</font> Now, wait a moment,\nEve. Do not be in such a rush.	machine
2013_070_10	f00386132b03f5e52032d722ff056d7e7ea4082f	<font color=blue>Verda</font> Tika. This is difficult, but\ndo you remember escaping\nfrom the transport ship Kugo?	machine
2013_070_11	95a6f59fa687a84054545c2b5c7dcc987c1b7f58	<font color=blue>Tika</font> ...Not really.	machine
2013_070_12	f92bc74c4cf36260e2bf92bcf20b553dd62217f0	<font color=blue>Verda</font> Did you see or hear\nanything about what those\nattackers were like?	machine
2013_070_13	aab8a2fc8672cfc87082f85392e7a0fcb77e1047	<font color=blue>Tika</font> ...No.	machine
2013_070_14	5539383145dd1930847f01249afc8477ee8be212	<font color=blue>Verda</font> So, you don't know if it\nwas some kind of combat\nvessel...	machine
2013_070_15	f20a88f4e76c189800d585d4714461ef94b95bbe	<font color=blue>Tika</font> I don't know... But, I don't\nthink it was a battleship...	machine
2013_070_16	11ff9c942c66f11cd61576ae630f5b03514fbfea	<font color=blue>Rekoro</font> The transport ship\nKugo was accompanied by\nDaftine military escort vessels.	machine
2013_070_17	bf2d64784654d3e66a35fe332d8d32a5acd7f27a	If someone attacked, it would\nmean they destroyed military\nships. That is not a realistic\nassumption.	machine
2013_070_18	0eb3251cb8bd3f59c12a3d194755506941a5052a	<font color=blue>Verda</font> Rekoro. We've heard\nthat a mysterious advanced\nforce near Daftine has entered\nthe sector.	machine
2013_070_20	771b991cd0f57ec593903b7594a4aa80de287660	<font color=blue>Rekoro</font> I cannot make a\ndetermination, as this vessel's\nAI does not contain the\nrelevant data.	machine
2013_070_21	6e2c1542810f2eff00b1fb06c0d3af7ee6eaafa1	<font color=blue>Rekoro</font> However, the Daftine\nmilitary is a disciplined force\ncontrolled by a democratic\nplanetary government.	machine
2013_070_22	d7ce163cd17387a11f5e5601df9211547a5acf38	Even if there were a sector\nintrusion, launching\nindiscriminate attacks would\nviolate military regulations.	machine
2013_070_23	e0e11cf89c9363e2d23f3651624227a1fefe85a2	<font color=blue>Verda</font> ...So, you're saying we\nwon't know until we go and\nsee.	machine
2013_070_24	b4df8b0d2f4f34499ce30a083e76f77eb660f559	Come to think of it, Rekoro is a\nlifeboat AI, so she likely lacks\nthe mountains of military\nsecrets and data that Coro\npossesses.	machine
2013_070_25	843256ee878ec7c4fe6e39585199624850521ae3	<font color=blue>Rekoro</font> Affirmative. This AI's\nprimary objective is the life\nsupport of the pod's\noccupants; all functions are\ndedicated to that end.	machine
2013_070_26	e2a6206f792768360889401e6806e274a79de5c2	<font color=blue>Eve</font> But if what Rekoro says is\ntrue, that means we won't be\nattacked the moment we\narrive, right?	machine
2013_070_27	4a0cde8358ffb721084c21a4b38a84ebf1d3982a	I wonder if the Levarance\nmilitary was attacked because\nthe Pulse Tower construction\nwas perceived as an invasion?	machine
2013_070_28	5cd732018653d636a203edc58f0e5f87ae3e43ab	<font color=blue>Verda</font> Hmm, that could\ncertainly be the case.	machine
2013_070_29	a7f66830727b7fdf63db589d386b6fe8394a2e32	<font color=blue>Rekoro</font> Levarance military.	machine
2013_070_30	becf419d8036d1da2dfc846fce4e4d5a7f31d71e	<font color=blue>Verda</font> Hm?	machine
2013_070_31	e6a16ef2cb40b0659a78590cce9359fbea47bc20	<font color=blue>Rekoro</font> Planet Levarance is\nregistered as an option for this\nvessel's evacuation destination.	machine
2013_070_32	0de3475bce7fc80a14c9405fe5f12a6435448a88	<font color=blue>Verda</font> Well, it is close by. That\ncould be why.	machine
2013_070_33	429b2cbfc9a717876856064130e3fe8936b9b053	Anyway, it seems our decision\nis practically made.	machine
2013_070_34	495934171ce7e1931de246c47fb4d380fdf5f23c	...Sigh... I thought as much.	machine
2013_070_35	90c6ae54f644faf028efa1c8608d08036169fe16	Are you really taking me back\nto Daftine!?	machine
2013_070_37	2f8c529687c3b795719c75fcb48f2cca349f9be4	Thank you! Rekoro kept\nencouraging me while we were\ndrifting through space, but I\nwas still so scared...	machine
2013_070_38	6606a0d7c1a4fc5ad9a3fa25a4939edc8f6680f7	Just like my grandfathers said,\nI thought I shouldn't have ever\nbecome an immigrant... I was\njust so scared...	machine
2013_070_39	7d5d34db66928b48125640cc545c0a7020f5e02e	...Tika. ...Your grandfather is\nback on your home planet, isn't\nhe?	machine
2013_070_40	8c0e0ef80a961d5ebae2ffb4d8f317dd041f9e92	Yeah... I kept fighting with my\nparents, saying you should\nnever abandon the planet you\nwere born on... and I...	machine
2013_070_41	18a04e8f0f5122061fac02f6e9e2ebc86203ccce	It isn't that far from here to\nDaftine. There are many things\nwe don't know.	machine
2013_070_42	78dd064d04f08a79e6516a44e26ca78b723d3ca4	But I promise I will get you\nback to your grandfather. Don't\nworry.	machine
2013_070_43	62676286cbb858cd7e8efb56501e68a01555840e	Thank you!	machine
2013_070_44	6c03f41a382a25dd21fd857d738968ab3d14af3b	...Um.	machine
2013_070_45	56f587167cc756c100e3410b42ce7410b6319c2a	I'm Evelysse. You can call me\nEve.	machine
2013_070_46	41b946ae164f5668878c409835a4893174bbd485	I am Verda Kleiman.	machine
2013_070_47	e3056e5abb1a14e317c87a6935bdfca0c0b3c65e	Please call me Coro.	machine
2013_070_49	4fcac823c1216759298f9a1f5dba2532704ef34e	Thank you! Eve, Verda, Coro!\nAnd Captain <player>!	machine
2013_070_50	9b20da62d2ba9461e6ebbb637fd88e7169b9d9c3	Right!	machine
2013_070_51	28d6093dd29dea3b5381ab3d871a2c8995543c8d	Rekoro! Now I can finally go\nhome!	machine
2013_070_52	6788c0fa711307d1dee575e9b94f5d08ea445ec8	Tika, there is an important fact\nI must convey to you.	machine
2013_070_53	2c728cfbd3b7dda23c3971f5d069d10da39d6e59	What is it?	machine
2013_070_54	80ca65c03a36f099340ec509aec50fa03f48187b	Rekoro, that doesn't have to\nbe right now...!!	machine
2013_070_55	c050c24dd7a23ad69e48b2e39274aba7b0330021	Negative. Delaying the\ndisclosure of facts is not\nadvisable.	machine
2013_070_56	60269d94bb016c32f54758230de95fa7778c1de2	Tika, please listen calmly. We\nare the only ones who were\nrescued by GFSS-3214F.	machine
2013_070_57	0fceb3bc5a6c5ca70e261fdfa0417fa04389ca69	Eh...?	machine
2013_070_58	e67a23cd8a4704e7e12a7f44ad240644527f7ffe	But, Rekoro... I was going to\nescape from Kugo with my\nfamily...	machine
2013_070_59	bf689ac0df1eb8028fd54f067ca023ea9c994568	Tika, unfortunately, it is the\ntruth. We are the only ones\nrescued by this ship; no other\nlifeboats have been found.	machine
2013_070_60	66ae11e5dd3607befd0989f31e3dbcdc8f80bb59	No way...	machine
2013_070_61	8443f1f8e7f27bc3014fdaa5fd053051db754b5b	Mom and Dad... don't tell me...\nand my brother, can't we get in\ntouch with him?!	machine
2013_080_02	d6781574558c5fe790de297c470d1c7dcc85047d	Tika has been staring out the\nBridge window ever since that\nhappened...	machine
2013_080_03	3c3bd09f1b2d73673fbfd71dc5505b76c6688a7a	It's no wonder. She doesn't\nknow where her family is. Given\nthe situation, they may have\nalready perished.	machine
2013_080_05	fdc81f5942372a47ff48c47747fbef66eb08c962	The Captain said they were\ngoing to check on them...\nmaybe we should leave them\nalone for now...!	machine
2013_080_07	7ccbb59c502460897cf2b1d386be522115272d12	Ah, Captain, Rekoro is here\ntoo...	machine
2013_080_09	6e1555ed81bbdf49f0be196c3ae8bb40584c9d4a	What do you mean... that there\nmight still be hope?	machine
2013_080_10	ffe81f5c048feb5402bd179e4de1306cc047576c	Tika. You and this vessel are in\na somewhat peculiar situation.	machine
2013_080_11	5103d54434134af9167e82fc2181f485fc1d5340	Between the time this vessel\nwas rescued and now, two\nillogical events have occurred.	machine
2013_080_12	fa5f4141d1ab48c900e37febc65a57e18e76468c	First, we can't detect any\nwreckage of the transport\nKugo, lifeboats like this one, or\nany military escorts in the\nsurrounding space.	machine
2013_080_13	e6928037327748361696e73de0c4c7f6c0b1af9c	What do you mean?	machine
2013_080_14	c99bdf39c3bf2bac98b27d5bc0b2d85bd8c9fe86	Exactly as I said. Based on my\ndata, there are at least five\nhundred lifeboats that escaped\nfrom the Kugo.	machine
2013_080_15	0d7c63aea69e0b1954581051f79895d83506cde4	It is difficult to believe that\nevery single one of them was\nshot down.	machine
2013_080_16	68e61403a115cd63446aa539b048eb22e7621d67	If they were shot down, we\nshould have intercepted\ndistress signals from their\nblack boxes.	machine
2013_080_17	c27ed8bf55a5afb8087ff720bae011b944792151	However, there hasn't been a\nsingle such signal.	machine
2013_080_18	b68b1b115d24cf3c46423622f55c76728029b794	And this next point is the most\nproblematic.	machine
2013_080_19	2385bd98f201bd431d384056e911fc51861ad533	There has been no response to\nany communications sent to\nour home planet, Daftine.	machine
2013_080_20	0f3f3b012438d43dca7615da4c70ccb1d312db8a	They aren't responding to\ndistress signals, nor any other\nform of communication. It's\nimpossible.	machine
2013_080_21	bcfce238913a0d153ccd0183de2d228d8877ab9e	Is it possible that your own\nfunctions are damaged,\nRekoro?	machine
2013_080_22	f932c090a56d2de9fb571420bc3ae8cdeb83e290	According to my\nself-diagnostics, no damage or\nmalfunction has been detected\non this vessel.	machine
2013_080_23	fd5054e6111fdb2cf6a1efbaadf1305ab5600a80	In that case, we've got no\nchoice but to go! To Daftine!	machine
2013_080_24	06de83edc87676d725580a4e3db66c5a838a2d95	Tika, your family and the other\nlifeboats might have already\nmade it back to Daftine.	machine
2013_080_26	0260b06331bcef137fd20ce8beccb979d155c946	I get it, I get it!	machine
2013_080_27	14fa70ab865236295f01b70c7f8865fbda6c1c85	According to the data on your\nlifeboats, Rekoro, we can reach\nDaftine in about 30 minutes via\nwarp.	machine
2013_080_28	c0bb993646a863533b1dd5f051ae5879049f1bc5	But we can't ignore the\ndamage to the Levarance\nmilitary Verda mentioned. We\nmust proceed with extreme\ncaution!	machine
2013_080_29	d7593a1e5f41a06ae700ac7fef597a30acb7232a	I am grateful.	machine
2013_080_30	097c6f36e9b6e64ff644d26cfddd55beaa373c7d	Thank you, everyone, Captain!	machine
2014_090_01	b15a6454681dd4825bc2ea939eb0fde0008a3aec	Captain! We have reached the\ntarget sector.	machine
2014_090_02	d68c1253a53a517dda0a076d0b117e45c9964c4c	...Do you detect anything\ndangerous nearby?	machine
2014_090_03	3aeb8007a84f45f75d5be91be3e54d811627cd9d	No other spacecraft have been\nconfirmed in this sector. For\nthe time being, I believe it is\nsafe to assume we are secure.	machine
2014_090_04	7bc47c00783da1fb46f9f2a65246471fd615551d	Hmm, it is strange, I suppose,\nbut I cannot say it is anything\nbut peaceful.	machine
2014_090_06	619e980c2185aea1cd3ac10ebbce34df950e1d0d	Of course, I won't let my guard\ndown! But more importantly,\nright now...	machine
2014_090_07	1d9a1d9371519b44ac8377cdd0f01a82d25d05ee	Yes, you're right. Tika.	machine
2014_090_08	d357e9e0ee2c45077c303458aa723d130914c48d	Yeah.	machine
2014_090_09	90c84b91339fc3e4c69e16675b85e0089edc4e2a	Is that your home planet?	machine
2014_090_10	b673d7bdfdb4ef78fb72cc410085ae50292ed5cf	...Yeah, there's no mistake.\nThat's the planet where I was\nborn. Daftine.	machine
2014_100_01	d324ada009b8ff716c79d9cb0260bfe9cd79d1a8	<font color=blue>Rekoro</font> ...?	machine
2014_100_02	7362e8cb16c8a079d06573389d65f5fc21c1f03b	<font color=blue>Verda</font> Rekoro? What is the\nmatter?	machine
2014_100_03	16402072e9348c103f3bcc3cbfab125c7a358f63	<font color=blue>Rekoro</font> This is strange...	machine
2014_100_04	f7d9dca677a804c23e638cc67c0f2224888f9984	<font color=blue>Coro</font> Yes, it is very strange.	machine
2014_100_05	bb2e2d80ee3075d907deed5bc986d828b48fe879	<font color=blue>Tika</font> What's wrong?	machine
2014_100_06	87e31e3238d3c64eabad7d78a4371ab10b4ee44b	<font color=blue>Coro</font> Tika, Rekoro... Is this\nreally Daftine? Your hometown,\nTika?	machine
2014_100_07	821c890f07d9f9e9ae1fae19e9753d7cf67d3388	<font color=blue>Tika</font> Eh, yeah. It is, but...	machine
2014_100_08	2cd440dd0bb3ef20a73db4ecb68fd470bed57751	<font color=blue>Coro</font> Hmm, that shouldn't be\npossible...	machine
2014_100_09	076cc5a8e0078271a2ecfdafee43e753875e5678	<font color=blue>Verda</font> What do you mean by\nthat? Speak plainly!	machine
2014_100_10	2635689ecab345059b7850531b233290584b3e28	<font color=blue>Coro</font> Yes. Long-range sensors\nshow Planet Daftine's\ncivilization is roughly equivalent\nto Earth's 16th or 17th\ncentury.	machine
2014_100_11	adab72b093dc8e5e41ea16e4d21a62f7d937c954	It does not look like a planet\nwith the technology to\nconstruct spacecraft.	machine
2014_100_12	a27752a854704bb2a27982cea6e0a345da0ba95d	<font color=blue>Tika</font> What?	machine
2014_100_13	e63b48720e900e2955b2dedf59e1c8287446355b	<font color=blue>Coro</font> As Rekoro-san has likely\nnoticed, we can't detect any\nform of communication signals\nwhatsoever.	machine
2014_100_14	9bfdc740bfe451c6001e442057c52c5ce8b491db	<font color=blue>Rekoro</font> Coro. This is Tika's\nregistration info from the\ntransport ship Kugo, including\nher recorded address.	machine
2014_100_15	87fbfa2a9881b640aae1f61344e8d42bf60b1949	Is it possible to scan that\nlocation?	machine
2014_100_16	f2a86aa45e06d11b09e37cb16f1e7bb292e0e1e0	<font color=blue>Coro</font> Yes, let me see... Hmm,\nthe location of these\ncoordinates is right here. I'll\nput it on the monitor.	machine
2014_100_17	415d7be2edfb9c50ce74d55c4bbb99299f0b8c61	<font color=blue>Eve</font> ...Are you sure about this?	machine
2014_100_18	fb908226519ef3cc5cc3db46a43f649785252507	<font color=blue>Coro</font> is correct. There are\nsigns of mines, but only sparse\nvillages that lack even basic\ninternal combustion engines.	machine
2014_100_19	a6eae739131d5f3cd7ec9a4069c5cb6fd957d033	<font color=blue>Tika</font> ...	machine
2014_100_20	81865965e8829f02cf3c0968c66e2d3a13b53397	<font color=blue>Verda</font> At this rate, it's not\neven a matter of them being\nable to build spacecraft...	machine
2014_100_21	849d15a04c557b2c6d7a2e94a5264263e3e446ab	<font color=blue>Coro</font> However, all the\ninformation provided by\nRekoro-san points to this\nplanet.	machine
2014_100_22	1febd1371c50aa9600c7a5ae9c66b3674ccb9614	I don't think Tika-san is lying,\nbut honestly, I don't know how I\nshould judge this...	machine
2014_100_24	316a8b1f8a78b82acd5ae47b0fcac078c8acb389	<font color=blue>Eve</font> That's right! If we don't\nknow, we just have to go and\nsee! That's our Captain!	machine
2014_100_25	b97b1e2f49eade12819ea9597f0dcd734165989f	<font color=blue>Coro</font> Ehh!? Captain, are you\nbeing serious!?	machine
2014_100_26	0c352164e88ae3c5414edd1a9ed81ea84250cd57	This planet is clearly an\nunmapped world. It falls under\nthe Unmapped Planet\nProtection Treaty!	machine
2014_100_27	288404aed4622ed9cca12810e5c6d09c53623679	<font color=blue>Eve</font> But there's nothing else we\ncan do besides teleporting\ndown and gathering\ninformation.	machine
2014_100_28	668f1a35c16db194884793e5e5cf824c555e3d65	You said it yourself. You said\nthe information from Tika and\nRekoro pointed toward this\nplanet.	machine
2014_100_29	c2db87879770f6a3485f08c2e34ba89a6763cc66	So, all that's left is to go down\nthere and find out for\nourselves.	machine
2014_100_30	8b34b3b18c9f21fe627660032c5b190ac618ebfc	<font color=blue>Coro</font> W-well, that's true, but\nstill...!	machine
2014_100_31	d34ca9b6b9d2f520196cf28cc189cbdf3f85ca80	<font color=blue>Verda</font> We can't just leave Tika\nand Rekoro behind. If that's the\ncase, there's only one thing to\ndo!	machine
2014_100_32	0a67f99c54277b6f3c56b1e68255157e6a138490	<font color=blue>Eve</font> We must solve this\nmystery and send Tika and the\nothers back to their\ngrandfather!	machine
2014_100_33	944055361a351710fbfddf2816e00beb0bf6241e	<font color=blue>Tika</font> Eve... Verda...	machine
2014_100_34	4a83271ae40b42876130a8e17de82dddf56eb7a4	<font color=blue>Coro</font> Ugh, I feel like I'm always\nbeing pushed around... But\nwhat exactly are we going to\ndo once we land?	machine
2014_100_35	a015297f69c11bf15e1c7cc456694c6fa7668020	<font color=blue>Verda</font> Hmm, well, for instance,\nwe could collect genetic\ninformation from the local\ninhabitants.	machine
2014_100_36	38fcf43b7b2adf08d252ff54cdf881e4fff51433	With just a strand of hair, we\ncould analyze it against Tika's\ngenes to see if she's from this\nplanet.	machine
2014_100_37	53592524312414564061fed41fdefb999b7d62f2	Can I go down there too?	machine
2014_100_38	f1d43d0bab72dfb180943ce9b3d6a64d481922da	I object. As the life pod's AI, I\ncannot permit Tika to be\nexposed to such irregular\nconditions under these\ncircumstances.	machine
2014_100_39	a7307bd83a916eb20a9f2d74525ad1b4d9bc11f6	...I'm sorry, Rekoro.	machine
2014_100_40	ef6b5550459148f6a1142a9a39a45de10c19ce88	But, I want to go.	machine
2014_100_41	9848d0cd27e4614e1508b60e043c30295318ace5	Eve: Tika...	machine
2014_100_42	718c89f4fe08675a42bf358a329a4c9c2088c475	Everyone is researching\nDaftine, who's lost her mind,\njust for my sake...	machine
2014_100_43	bc46fe6b024f7606bd7f5ead89eeb9b7e08b0b6a	So, I don't think I should just\nleave it all to others.	machine
2014_100_44	1ac42679b65a8156ce19efe9ab28527b61e531e7	I think I should go down there\nand help too.	machine
2014_100_46	70846b4d10c51cf6d8b96d9d6accf6c4439aab1f	...She's saying something kind\nof similar to what Eve was\nsaying.	machine
2014_100_48	0bc2ed0b77b44b94f870372514d6a403b77eb1ab	Is it okay, Captain?!	machine
2014_100_50	7b4a612cb31c9409efc000c75102cc901acacd8d	Eve: You're right! No matter\nwhat happens, Coro can just\nteleport us back, right?	machine
2014_100_51	5a7482379926e2a142467c9aa67397fd694e2bef	Eve: We'll be able to travel the\nplanet much more safely than\nwe did before we reached\nLevarance!	machine
2014_100_52	8e35cba75af1933cf26f670bf8c7458e212f263f	It's settled, then. Coro, keep a\nconstant trace on us, and if\nyou judge it to be dangerous,\nbring us back immediately.	machine
2014_100_53	8f56aeefe458e881df53b9d8f6f3d89adbdf73b9	Yeah, yeah, I get it! I got it!	machine
2014_100_54	81b56b2e771b2ede8f43572eebd02958726af425	...Still.	machine
2014_100_55	1eb305f5fb98f263b0bd39fd95797429dd10e70d	Rekoro, if you are that worried,\nhow about using this?	machine
2014_100_56	b8769c6e055b592ceb20ec870fb6a2781ed63333	What is it?	machine
2014_100_57	f1090aa05727146422ac2ec10f4c7c80472cb5a3	It is a Power Arm for\nself-defense, designed so even\na weak child can operate it.	machine
2014_100_58	13059b78a556a8b19c6420416a6afdd89c0ed4e5	It has a built-in automatic\ndefense mechanism, making it\nuseful for combat, defense,\nand various other tasks.	machine
2014_100_59	47d397717e8187c0b8724af91108689ef9241f8e	I had this made for myself, but\nsince Tika and I are not much\ndifferent in size, it should be\nfine for Tika to equip it.	machine
2014_100_60	65e64dab26e80b25b5757ae08c685abb69a02296	Wow! I want to try it! That\nlooks like fun!	machine
2014_100_61	57e9c0742309962f310c506cbcb3e0a65030573c	Right!? Isn't it!? It looks cool,\ndoesn't it!?	machine
2014_100_62	31ee5a893e9bc24fc01ad70471027530ab71c52b	Hmmm.	machine
2014_100_63	5046baf1ab2b559c14a011ce17f63a02d230c267	Don't worry, Rekoro. Of course,\nwe'll make sure to protect Tika\nso she doesn't end up in any\ndanger.	machine
2014_100_64	0b6faa834f160f14db1295d2841fe27cf460fb3b	That thing is just like\ninsurance, for just in case.	machine
2014_100_65	e4c6d07c1a1cee2fd8d8fc49f5e64a44d3eb4b7a	Shall we link Ms. Tika's Arms\nwith Ms. Rekoro? The\nautomatic defense mechanism\nstill needs improvement.	machine
2014_100_66	cc3b141665e30da40e06ec5b1dc5e71d07c8930b	Since Ms. Rekoro is in that\nbody after all,	machine
2014_100_67	ac483a59059b0b21ce4befad9c3d14229168d8bf	How about descending with Ms.\nTika and linking with the Arms'\ncomputer? You can cover the\nareas she can't reach.	machine
2014_100_68	347fc241956c5b90dd2af9d63088479439e99fe6	Rekoro...	machine
2014_100_69	ffcb2b58bec5af7f503a46905db11f0e51790aea	Under those conditions, I agree\nto Tika's descent.	machine
2014_100_70	9da8a723c708109aa9bdd044c6471d6cd06517b7	Thank you, Rekoro!	machine
2014_100_71	a523cf9c879f304c1c4348f8d2933ac995b8a59c	Alright! Now that it's decided,\nTika, let's go!!	machine
2014_100_72	6a298aa7a4858d116befb65fc5d02d92f55afbfe	Eh, whaaat?!	machine
2014_100_73	d564a333d7f360e69567fe401d9c00b571c4604c	Tika!?	machine
2014_100_74	a8fba56fdacdb2068dd71b82f6526c4fabfce21a	Don't worry, you'll be fine. Let's\nleave Tika's Arms to Verda.	machine
2014_100_75	2517eb8062ec2de79de8a865bf5442671d4eeb74	Ms. Rekoro, let's proceed with\npreparations for the descent\nto Daftine.	machine
2014_100_76	da5c6a2f73b33b1fe6abd9ce2fd0c5ba90efb846	...Understood. I'm counting on\nyou.	machine
2014_110_01	8d9124c410c8b4cb270f469aa2297860dbbabea4	Alright, I think these are the\nbasic parts for now.	machine
2014_110_02	d23f73514587b54fc0c67879d9aa4e95ecde6e15	You can combine them in so\nmany ways. It looks a little\ncomplicated.	machine
2014_110_03	5ff5a579bf88d484bf5a35a2d356a981e124bf80	Now I must adjust the Arms to\nfit your size, Tika! What colors\ndo you prefer!? You can\ncustomize the shape and\npatterns as much as you like!	machine
2014_110_04	d7f85fe7a371ba87c3730c346f995b32149f0da8	Verda?!	machine
2014_110_05	07777bb661705c1ed43c25999ea3e19c6f792203	Coro and I have been exploring\nvarious shapes and functions\nfor these Arms,	machine
2014_110_06	4c4ad6a1125967b00c921c24b7c2a6462446d1e9	So don't worry, if they feel too\nheavy, we can add auxiliary\nmechanisms to your legs or\nwaist.	machine
2014_110_07	2f761a940237404486bce6bc25c040699bfd5fa8	Besides, this one is designed\nwith the concept of "One\nStrike, One Kill"!!	machine
2014_110_08	8a307934000666e0b1af8a52eaf0d83b8558125a	A-A killing strike!? Um, uh...	machine
2014_110_09	d66d1b08c90b0c46ca3d3baac83c575bc757fd16	And then there's this one!	machine
2014_110_10	0028fa9b4828c69f9f195cc775ff5e96c495aef0	Verda seems to be having fun,\ntoo.	machine
2014_110_11	2dfb38ccf64d8d9238594285051dc7200c1e2264	Perhaps she is just happy to\nhave a friend her own age.	machine
2014_110_12	a93a787a38a117726ab48a6240a490c93b6eb192	Tika's stability in this irregular\nsituation is thanks to the\nCaptain and others. As the life\nraft AI, I express my gratitude.	machine
2014_110_13	1bfb9c296338e84977b3f80ba1c27a19c5d0bdfd	Wanting to help someone in\nneed is only natural for a\nhuman.	machine
2014_110_14	bae768323a5e857b2eacd99e3c56cecdd98df8e4	...I am grateful.	machine
2014_110_15	54f9f0c7bca278f1e773399424731bd61734dabe	Mm-hmm! It suits you!! Next,\nthis one!	machine
2014_110_16	9a321ba70552179653007ca13ba415a2e9665108	This looks like it would suit you\ntoo!	machine
2014_110_17	7199674ac3f6068a0768ce79bbf0da751a8c0143	Verda... this seems a bit big...	machine
2014_110_18	f1a26920c28b921fd6f7e04677d5809ceaa913e6	Nyahaha! Don't be shy! I've got\neven bigger ones!	machine
2014_110_19	0e38fca44065e900a0e9d85901d28e9467f0077e	Whaaaat!?	machine
2014_110_20	28a9ec9d34db75e99ea667509f646edfa7cd3ad0	Verda, don't force things on\nTika!	machine
2014_110_21	cf6c259c5e8c2edb3bd49fbbe475f2ac6c6ce2cc	Besides, we are landing on an\nunexplored planet, so stop\npicking things that are way too\nbig!	machine
2014_110_22	ff428919d040e6315af317b648c3a36e92728c35	Hmph, how boring. I wanted to\nmake something that would let\nTika fly through the sky, too!	machine
2014_110_23	dcb402813cc617c1ae70979cb8ea88fa5bf13428	Um, maybe let's skip that one.\nAhaha...	machine
2014_110_24	639de1a981cbae15fb977feef28b2a54388aa6f3	...I wonder if she will be alright.	machine
2015_150_01	ced51716864a194f591c8a202967026ee77105f9	<font color=blue>Coro</font> "Teleportation descent to\ndesignated coordinates\ncomplete. No abnormalities\ndetected in the vicinity."	machine
2015_150_02	2fa88a567837d21bc5289d2f25004d9a77cf0507	<font color=blue>Rekoro</font> "Teleportation descent\ncomplete. No abnormalities\ndetected in the vicinity."	machine
2015_150_03	b1a36de88385ddd18e1a0ebe9c1ba0f2909e729f	<font color=blue>Verda</font> "Well, Tika? Do you see\nanything familiar?"	machine
2015_150_04	743a7244e5d10240922e8fa55bec570cb7692ba9	<font color=blue>Tika</font> "No..."	machine
2015_150_05	9c0c87ce4e26efe7cfd5cdd68ae677be04765662	<font color=blue>Eve</font> "I doubt any hints would be\nlying around that easily. For\nnow, there should be a village\nnearby. Let's head there."	machine
2015_160_01	de0e6831f38e3339c699f8d97eb359b14fc70939	*Pant, pant*...	machine
2015_160_02	42488b3e8258cc41a6a4af69bb8eea8b47a6e233	Tika, are you alright?	machine
2015_160_03	06991762dbf3b3ecc1ff34ad7f7f5063a8782c08	Y-yeah, I'm totally fine. It's\nthanks to Big Sister Verda's\nArms...	machine
2015_160_04	7f81df9a9f371d882918986c42b003d201625b53	Hmm...	machine
2015_160_05	6e0e7a57eaa3a288d122b6bd72b2658271fdec0c	Hmph! That's right, that's right!	machine
2015_160_06	ef6ba2adfd6c8646f718acd0336aa98aaae03c6f	Don't push yourself, Tika.	machine
2015_160_07	0cc7cc97056c8604e4ae8f1236f5a6d5572086d9	No, I'm not pushing myself. The\nCaptain and the others are\nprotecting me, and besides...	machine
2015_160_08	02e9463e05915d32e59a5ed13f1eef6d00c6fa52	I know things are getting\nserious, but I've never been\nanywhere like this. It's...\nactually kind of fun.	machine
2015_160_09	c168df6d920cd2e19ae7f2e8ddcc155151f32728	Fun? This barren mountain full\nof nothing but rocks?	machine
2015_160_10	d357e9e0ee2c45077c303458aa723d130914c48d	Yeah.	machine
2015_160_11	94c8d52ef5e1d83734b04b5c1ef178f6237b976d	The vast sky, empty mountains,\nthe scent of earth, the wind,\nthe warmth... everything is so\nnew to me.	machine
2015_160_12	0adb230b8d93e9c2c2d7100bcc27e924a066ccce	I love my hometown, but I think\nI love scenery like this, too.	machine
2015_160_13	eee83583fc0cfff6fde202e848e68879a010458f	...Indeed.	machine
2015_160_14	75bb3aaee46c6757719d7d389d4be4d9dcb03d06	Verda?	machine
2015_160_15	91a23284d4df8836a8467ca42309804eb0a02991	It is I. Since the day I was born,\nI have seen nothing but space\nstations or snow and ice...	machine
2015_160_16	f377de96c972bb46b61cf50e91d071d9df67bc5a	So even a mining region like\nthis feels beautiful to me.	machine
2015_160_17	7d3c8cb9fa5ed60c129975a861ebd2d2df390ec1	Verda... Tika.	machine
2015_160_18	2f5d4416136268e885a3b76ae898bcabaf1ba59b	Of course, it's different once\nwe actually settle down. We\ncan only be this carefree\nbecause we're merely\nsightseeing.	machine
2015_160_19	8553cf7b816e1785f3fd30ef79e2c8e5d4d8bd13	Every land has its own\ncircumstances, as does every\nplanet.	machine
2015_160_20	88ce6a8d966db223e2a81ae0c43e8b23e04eb234	I do not intend to forget that\nwe are currently searching for\nyour hometown, Tika.	machine
2015_160_21	cd72f8c22b185b9789ce525e45b8d485b85c74f3	Thank you, Verda.	machine
2015_160_22	689cc6c0cab2ed19289c90b7801ce829be715502	Hmph. By the way, Tika. What\nis the name of your\nhometown? The name of the\ncountry would suffice as well.	machine
2015_160_23	601078985ac6a7c2220e635565cc6778a8abfdac	Oh, that's right. It's in the data\nRekoro gave to Coro... It's in\nthe Rubarika State...	machine
2015_160_24	38604aaf8b1625d7f8b0187d6eeacb9bab050973	Wait! Something is approaching!\nIt looks like the wildlife from\nbefore!	machine
2015_160_25	2f9e4938f5c88ab244ba227cd14782059093fcf4	Hmph, we can't even have a\nproper conversation?	machine
2015_160_26	f2ecffcd1854abee638c257d2bc99e2ece43713b	Very well, we shall intercept...	machine
2015_160_27	5590ff8011105dbc9611adfe36ab2f63edc164d3	Eh?	machine
2015_160_28	126267d08daefdcfb34ab17eede7ed67c15781dd	N-no way, is that...	machine
2015_160_29	2ea8261eb09b80da3e93a1c1d339ca47e669b13d	Leesh & Verda: Thornite!?	machine
2015_160_30	8e616c4d3fe0750ea5d79d7ea924efd350410c50	There are Thornite in Daftine\ntoo!?	machine
2015_160_32	7de812b790f9e6dc48dbe9ba6d5c7dfd3ba1a49e	The Captain is right, there is\nno time to think! They're\ncoming!	machine
2015_170_01	0050edfce31001f2741e6ac01b593845523b6d8f	<font color=blue>Verda</font> *Huff, puff!* I think... I\nfinally took it down.	machine
2015_170_02	62d7f3f295cfe978a58c15ac3dba06ac00ea281c	<font color=blue>Eve</font> What is the meaning of\nthis...? Why are Thornites on\nDaftine?	machine
2015_170_03	6dc396e574b101d07dedda1a9786f8c18e44a169	<font color=blue>Coro</font> "I do not know the reason,\nbut Thornites have existed in\ncountless numbers across\nvarious sectors before.	machine
2015_170_04	141054e80e185a70a6918833dbbebd7c7d73f1cf	It is possible they inhabited\nDaftine for some specific\nreason."	machine
2015_170_05	cd3bf1ccf3fc14f8503fe109a212a74376e61232	<font color=blue>Verda</font> I have a feeling that\nreason won't be a pleasant\none...	machine
2015_170_06	8d92c238bc0e9b44b0252a451fa7f2a08a44354f	<font color=blue>Tika</font> W-what was that just\nnow?	machine
2015_170_07	60c4f156a7e4a5fd951e9040f4fb8d6206bd545c	<font color=blue>Eve</font> A strange creature called\na Thornite, with glowing spikes\nall over its body. Tika, Rekoro,\nhave you ever seen one?	machine
2015_170_08	3356ff4c8697c9462411d48995d7dc3a8146d600	<font color=blue>Tika</font> No... I haven't.	machine
2015_170_09	ec3cf0befe36cab8aaa59704443beb1fc4d38ceb	<font color=blue>Rekoro</font> There is no record of\nsuch a creature in the\nlife-pod's database.	machine
2015_170_10	cd248bfd63d75e933128a3d272fc765b35142ac8	<font color=blue>Verda</font> Hmm, things are starting\nto smell very fishy indeed.	machine
2015_170_11	1ddb5bac4326847fd2cb5daab77fbcfddbc55e98	<font color=blue>Eve</font> You said a village was\nnearby. If Thornites are this\nclose to humans, isn't that a\nhuge problem?	machine
2015_170_12	b02e50d9e29b2a8d4ec9174aac3067642bd8ab78	<font color=blue>Verda</font> Indeed. It seems this\nwon't end with just a simple\nhair sample. We must proceed\nwith extreme caution...	machine
2015_170_13	0ef834ef2e0ebd08378815b2452bedd606532225	Waaaaaaaah!	machine
2015_170_14	256992b55847c560431aaecdb5b384eb5675bb56	Now what is it?!	machine
2015_170_15	bc326a95f58738a77b32e3625d920fce4c578aef	A scream...?!	machine
2015_170_16	c0def0c9744277c23017348231c03e2c4f8c642d	It came from over that way!	machine
2015_170_17	336bbcef8676a382a1d83011f6a10a98d38fd158	A child is being attacked by a\nThornite!!	machine
2015_170_18	ce8bc99f422e9e9a46b7a29941c01688374591c7	We must help! Coro! No talking\nback!	machine
2015_170_19	fe0bfbe6e07314423e7f05a2893c69276e3a405d	"It's too late for that! If we all\nbreak the Uncharted Planet\nProtection Treaty together, it\nwon't be scary anymore!!"	machine
2015_180_01	75e011136f7cacb29164f5b071f30fb1af82e598	Are you alright!?	machine
2015_180_02	ea61ca673bf8dc532ff83dd4b1e648e1746be10b	Boy: Ah, u-uh, yeah...	machine
2015_180_03	6921d607e51e62541f33d8e19c355fa840c2d933	Eve: Are you hurt? Let me see.	machine
2015_180_04	4e8e28b09758db929dd0edc882c548dd08450cc5	Boy: I-I'm fine. I just tripped a\nlittle...	machine
2015_180_05	01c7a45eb29d25be3e18f93ae7d86498345a80e5	Eve: No, that's not okay. It'll be\nbad if germs get into the\nwound. We have to treat it\nproperly.	machine
2015_180_06	9cc3d0d3de1ce64f9f03b30679b1b81504fbad96	Boy: W-waah...!	machine
2015_180_07	fea885ad13315fc405c801c558769cd9e9d91eac	Eve, you're amazing.	machine
2015_180_08	a81db7b4abc6ef132ccbc16067a0d6337a54987f	So it's Healing Gem Arts...	machine
2015_180_09	4b4c1c6e5cf9d34fc069d299218a95feab4a8e08	For now, Rekoro, please refrain\nfrom talking in front of the boy.\nI want to avoid any trouble.	machine
2015_180_10	c6f67cb6f87e8c20d9348c1217338ab810fd73aa	Oh, I see.	machine
2015_180_11	277689dca03b549c657c6084400dab916e274a9a	Understood.	machine
2015_180_12	eae8335ff0df4068cfdcabd2d311e5ace100c054	Eve: There, all better. Are you\nfrom a village nearby?	machine
2015_180_13	a4e06d2109c93867f11d71d458b6f4a4474fe4b0	Boy: Y-yeah...	machine
2015_180_14	1d38370a0a821294a78f19f597603f0f6de12cb6	Why are you wandering around\nalone near such dangerous\ncreatures without even any\ndecent supplies?	machine
2015_180_15	9d7e7bd344fa474e4334a47aa1598c71e371b969	Boy: T-that's because... I'm\ngoing to call for help...	machine
2015_180_16	e928e79c4b07429bfd50a6bd9ab5a9d66db0fbb8	Help?	machine
2015_180_17	461fe1847cfd101717644b40da9e3c8ba6b4e844	Boy: Y-yeah. <font color=yellow>Baschen beasts</font>\nhave started appearing\neverywhere, and the village is\nin trouble, so...	machine
2015_180_18	196be2ec261b3341d397cf04f1b1b63477a181c3	Boy: I'm going to <font color=yellow>Carlone City</font>\nto ask Lord <font color=yellow>Rakstar</font> for help...	machine
2015_180_19	67436246d2cccb4866a94db74f08a362bfbcacf7	Eh? Carlone?	machine
2015_180_20	587ca49dc93331c8cae9a9ae53c98e36f090f33c	Boy: That's right.	machine
2015_180_21	5330438a8cf3b3fb88598b355f98b34d842107ef	You're going all by yourself?	machine
2015_180_22	91b7528140e2402759c2ab5f72cfdd27d9010140	I know nothing of this Lord\nRakstar, but I doubt there is a\nlord out there who would listen\nto the petition of a single child.	machine
2015_180_23	3fdbfd8649c160aa7ba5ba9484ebde5540045c60	Boy: But, it's been a whole\nmonth and nothing has...	machine
2015_180_24	ba97081caed62c1054951edbb3516a849df7042d	Boy: But!	machine
2015_180_25	4470573f8cf6f9ce2de5a916a313184cc6e0e29a	Hm?	machine
2015_180_26	57f35bc2cf6850c557b52e392d900171f49fef3d	Boy: The girls are from there,\naren't they?!	machine
2015_180_27	597fa401728edace12c8f6d5715334f540386580	What do you mean, "from\nthere"?	machine
2015_180_28	daa1152f95597ed45ab552c357cfa5b1cbfe6478	Boy: The rescue squad from\nCarlone!	machine
2015_180_29	9cad79fd2f08021d4c544e9a6026e3020e4b64c4	Huh?!	machine
2015_180_30	332212cc1c4bb7da68947042c7d7d894dcceb107	Boy: You were hunting Baschen\nbeasts with unknown weapons!\nThat thing the pink-haired girl\nhas is the "<font color=yellow>Light Arrow of the\nMessenger</font>", right?!	machine
2015_180_31	5cb14f03199c60cde4e704e34a8990f0bc0a9709	Wait, hold on. Baschen beasts?\nLight Arrows? What are you\ntalking about?	machine
2015_180_32	6995baae7f350f93569a396644b45dfd379801fe	Boy: Don't play dumb! If you\nlook closely, you're wearing\nsome kind of fancy clothes, old\nman,	machine
2015_180_33	92946c12b5cd54f70884d496710fe8a018c0ca2b	Boy: Those girls have amazing\nweapons too! Are you directly\nunder <font color=yellow>General Ricardo</font> of the\nRoyal Capital?!	machine
2015_180_35	7e990e49ab6eb8572b5c823c1cc64dc1b4f9a5b6	Hey, Captain! Don't get so\nrattled just because he called\nyou "old man"! Pull yourself\ntogether!	machine
2015_180_36	7eafb3f35721119df99b9ec0525cc9a94a870d4f	The number of unknown terms\nis increasing at an alarming\nrate. Isn't this situation getting\na bit bad?	machine
2015_180_38	d1bf220b03f6150570d4dfd55aa939a80801ef5b	What? You're just going to let\nhim keep misunderstanding?	machine
2015_180_39	c1c0550c63239a7b82e83876d6e938307756a524	Boy: This way! My village!\n<font color=yellow>Dagris</font> is just past this ridge!	machine
2015_190_01	d509ab1309d2ee011dd24f99ada08dae98483347	<font color=blue>Verda</font> That child believes\nwithout a shadow of a doubt\nthat we are a rescue team\nfrom a place called Carlone.	machine
2015_190_02	b03204ab15dce84183340e1c3d8dc4446f292800	He must be truly desperate.\nHe isn't listening to a word we\nsay.	machine
2015_190_03	79d5427bf858e195c5856a3757c28f00f8f851f2	<font color=blue>Eve</font> If we go to his village like\nthis, he'll really treat us like a\nrescue team, and we won't be\nable to back out.	machine
2015_190_04	e66f25e1ce6c7c778fa8a5163f9b8ee6e354030d	<font color=blue>Verda</font> If we send him back\nalone, monsters might attack\nhim on the mountain path. We\nhave no choice but to\naccompany him.	machine
2015_190_06	af06a907b94276ed8b170afc2f0bc532560272f4	<font color=blue>Eve</font> Fine. If that's what you\nsay, Captain... Tika, are you\nokay? Sorry, but I'm going to\nneed you to come along...	machine
2015_190_07	8a12f540722ebc8b441dfb536febcfb6028701d1	<font color=blue>Tika</font> That child... he said\n"Carlone," didn't he? And the\nvillage name was "Dagris."	machine
2015_190_08	c604c9f8e5d8a68433ebc6d22acc7a76f69a2d6b	<font color=blue>Eve</font> Eh? Oh, yes. That's right.	machine
2015_190_09	f54d9481917ae4ed3923121865f1a191f201c1ef	<font color=blue>Tika</font> That... is the name of my\nhometown.	machine
2015_190_10	8e253488d5fadb64e605142a6e76b576402ccfb6	<font color=blue>Coro</font> "Whaaat!?"	machine
2015_190_11	57763941d1829671bde0b6c57d7255cccc44a3fb	<font color=blue>Verda</font> What did you say!?	machine
2015_190_12	6c7208c19cc98bcc8e7e943c1a9e966ebef7054d	<font color=blue>Tika</font> Rubarika State, Carlone\nCity, Dagris... my hometown.	machine
2015_190_13	1ad5564d1716ece9efad4987fa965a2870343fb7	<font color=blue>Rekoro</font> Tika's address is 2nd\nNorth Avenue, Dagris, Carlone,\nRubarika. It matches the place\nname that boy mentioned\nalmost perfectly.	machine
2015_190_14	48c2a3958b05d5e8fe9d8cd36a638772d401158b	<font color=blue>Verda</font> What do you mean by\nthat... Don't tell me.	machine
2015_190_15	2e11ecc5835290492a6efa86fbfed11a6ec503be	<font color=blue>Tika</font> I don't know... I don't know,\nbut...	machine
2015_190_17	4f98136c0dd305f74a8737751a13033541cb79d4	<font color=blue>Eve</font> Yeah, it looks like we have\nno choice but to go. To that\nboy's village, Dagris.	machine
2016_200_01	197e42ce5025cd18be86e14f6274505d34819a35	Boy: This way! I'll lead you to\nthe Village Chief's house!	machine
2016_200_02	aef717a95b4ae6e0fa8e63e3345cf019b8fa776a	So this is Dagris...	machine
2016_200_03	a9ec9af4a0a958823a45732455c3fb405b1dc32b	"I hope I'm not mistaken, but\ncould this be Tika's\nhometown...?"	machine
2016_200_04	c777ea67ce6d4821782a1c5fdcf94c08519917d1	...No. I've never been to a\nvillage like this.	machine
2016_200_05	4a0119305be33b0de2b39b4b13760316c642dcea	"I thought so... I wonder what's\ngoing on."	machine
2016_200_06	b9aef1eb0784610dba717d8d54054099560eb428	Since we've come this far, we\ncan't run from that girl. I hope\nthe Village Chief has something\nimportant to tell us about the\nThornite.	machine
2016_200_07	94bb6450f9728eba41560f872c3d0ab42aa7641a	Boy: Hurry, hurry!	machine
2016_200_08	660b4c2b5338a6755db4414629148cc230b66ffd	"...I hope I can figure something\nout..."	machine
2016_210_01	770d5002a231b4f927d8659be5572534b3861566	<font color=blue>Eve</font>......	machine
2016_210_02	3fb4071bb813812c0c1ba40b946075782bcdb249	I... I don't even know how to\nprocess this.	machine
2016_210_03	a6eae739131d5f3cd7ec9a4069c5cb6fd957d033	<font color=blue>Tika</font>......	machine
2016_210_04	5eab833b659c5027426442aa79a3130e6c68ef0d	<font color=blue>Verda</font> Even if I wanted to say...\nTika, Rekoro.	machine
2016_210_05	2987c72f77f3955a48f59b7ae9cd684e07235615	<font color=blue>Rekoro</font> This situation has\nexceeded the computational\ncapacity of this life pod's AI.	machine
2016_210_06	856c6f8029882a0e95c178acbf68cdbcac60a9cc	<font color=blue>Tika</font> I... I don't know either.	machine
2016_210_07	55d7a59b8cebcee2caede78e3b38af9cb821b8bc	<font color=blue>Verda</font> ...Let's confirm. The\nVillage Chief says this country,\nRubarika, is currently in the\nmiddle of a war.	machine
2016_210_08	a6eae739131d5f3cd7ec9a4069c5cb6fd957d033	<font color=blue>Tika</font>......	machine
2016_210_09	9e07bfc815aa609dc1ed0697dabf0e6a57718999	<font color=blue>Eve</font> Their enemy is the\nBaschen Empire. Many young\npeople from Dagris are being\nconscripted for the war.	machine
2016_210_10	e6f1d385725f9f3f28d682e342249b0b335821ca	Because of that, the mine\nworkers dwindled and the\nplace fell into decay. It was\nthen that Thornite... the "Beast\nof Baschen"... appeared.	machine
2016_210_11	89d528b76fb37e71994645e28d6a2d36a98fb414	<font color=blue>Tika</font> I... I know about the "Beast\nof Baschen." We learned about\nit in school.	machine
2016_210_12	89102095aae58af05b45cc914f3be566a883b58e	They say it was a "weapon"\nused by the Baschen side\nduring a war between Rubarika\nand Baschen a long time ago.	machine
2016_210_13	85096801dd7911cf289c521fd44ebd9d86e85511	<font color=blue>Eve</font> Thornite... a weapon...	machine
2016_210_14	57d1292ebcc845b3d03b008656a8d37559b7a13b	<font color=blue>Verda</font> As the war drags on,\ndomestic security has\nworsened. Amidst this, "Beasts\nof Baschen" have begun\nappearing in massive numbers\nacross Rubarika.	machine
2016_210_15	4c093323a11ecf1d06dc5697ba4ed2809d7b954b	Security worsened further. The\npeople of Dagris requested\nthat Carlone, where the lord\nresides, provide security for\nthe villages and roads, but\nreceived no response.	machine
2016_210_16	51603e7934edf8339b0acc14c2e6d54517848eca	Narration> That is when we\nappeared.	machine
2016_210_17	749a8c8c57a11aec84e03fc2861ae9776d9df877	<font color=blue>Eve</font> They completely ignored\nus, thinking we were just some\nrelief force.	machine
2016_210_18	ec49bf86caab0f6b51c849773167c5bdd0255c48	I mistakenly thought that\nsomeone called General\nRicardo had sent us...	machine
2016_210_19	a66d90d57ee0e652edd4d5541679fa2479ea5a70	<font color=blue>Rekoro</font> It is presumed that the\n"General Ricardo" mentioned by\nthe Village Chief and the boy\nrefers to Ricardo Franz.	machine
2016_210_20	9caa6d304fb2c0b4f312cea209b3c702779ab95b	He is a general of the Rubarika\nKingdom whose name is etched\nin the world history of Daftine.	machine
2016_210_21	0d636aafdda3fa3c5f957608a1c9c252b57db5b3	<font color=blue>Verda</font> However, General\nRicardo, whom Rekoro\nrecorded as a historical figure,\nseems to be an active figure in\nthis country.	machine
2016_210_22	8accbce0c85d0bfdebd39ff4107382e25e4cf24e	Tika learned about the Beasts\nof Baschen at school...	machine
2016_210_23	5577424f45aea53991893cc34b7e2763444fd52f	This has become quite strange,\nTika.	machine
2016_210_24	6642889c0109adcb3a2814184b4dcb8ae2e9e632	...!	machine
2016_210_25	f34b308fe21496e8f2c662cafbda5035be656a7b	I want you to try and calm\ndown... but you and Rekoro,\ncould it be that...?	machine
2016_210_26	1a9af5f1fcf7a5b81901ce70b6552197648e2595	Sister Eve, I...	machine
2016_210_27	1a0d8aa3df9dc71b6e882fb26a14b68703c61d56	It's not a certainty yet.	machine
2016_210_28	7156496881aeea93d1553533400ff0b0d66414fa	"Miss Eve, but this is..."	machine
2016_210_29	938a0ce90deeb06b51291e2ec2e2d1ca99c82878	It's all just circumstantial\nevidence! Tika and Rekoro\nmight just be misunderstanding\nsomething.	machine
2016_210_30	4bdc7d6ddd04c1e1d9753fb91c575b1b60e40308	Rekoro is an AI specialized in\nlife-saving, she doesn't have\nmilitary-grade sensors or\ndatabases like Coro does.	machine
2016_210_31	919b3bae2cac7d69b25181cbe21bf6018a3971ae	It could just be some kind of\nmistake...	machine
2016_210_32	df9cb4575af5f2f4e66e6322f78f50e6f2ad5081	However, there's no doubt\nDagris's current state matches\nTika's memories and Rekoro's\nrecords to an undeniable\ndegree.	machine
2016_210_33	04fba4dee4616d2df52e2085f20d9ee17e33341c	That is something we must\nacknowledge.	machine
2016_210_34	a549e5eff354cc783969e1572e42b73fcf980662	I... I...	machine
2016_210_35	13b117c4be7358c9dbe53efc151a14008f3a4048	Tika, calm yourself. It will be\nalright. No matter what\nhappens, we will never abandon\nyou.	machine
2016_210_36	82b1302e286d7c70f7bbc0fa28fa61b1ad2d4e32	Everyone is confused right now\nbecause nothing makes sense,\nbut I promise we will get you\nback to your home... back to\nDaftine.	machine
2016_210_37	52912700c0e3419eb4606a1b4f9f5144f7035fd0	Big sister Verda...	machine
2016_210_38	9b1faf2f179dbefc074baf4236b1a15d17c2d2be	...Everyone, let's sleep. It's not\njust Tika; we're all exhausted\nfrom so many confusing things\nhappening at once.	machine
2016_210_39	dcf6084eb828bf940a1bb873e334f2c27dd2c0eb	Tika's search for her home has\nonly just begun.	machine
2016_210_40	7d05208f23be53f1e1d2a3cbe5f76747c3e1008e	Depending on how you look at\nit, we've learned quite a lot on\nthe very first day. It's a great\nstart.	machine
2016_210_41	2bb6916f151b51937821806d789746033aab6687	So...	machine
2016_210_42	f0c4d9aefe152ef4df4cda662c3ae0c10db16916	Verda...	machine
2016_210_43	76c16cf7c7a775ddfd0d972b92d5c30e91f0636e	"Miss Verda..."	machine
2016_210_44	ac8b7d900dd68709962f44e77c900acc610c6b91	...You're right. I'm sorry for\nraising my voice, Tika.	machine
2016_210_45	bbf116b8431155724d0f0dd5355f0ca371d52111	No, it's okay... Thank you.	machine
2016_210_46	c536666d1ae97293d5b22affaa49137721392254	Indeed. Tika, look outside.	machine
2016_210_47	6c9efc4549984809083d93fc925574bdbb87e09f	...The starry sky is amazing...!	machine
2016_210_48	0ff46abf4ded2135af41f85e712d572d57429e12	It's a shame for Dagris's village,\nbut isn't the starry sky\nbeautiful? No use dwelling on\nthings we can't solve\nimmediately.	machine
2016_210_49	9e5a80c50ec86544ff2a7589ab6c72df3e84dcb8	If it comes down to it, we can\nensure our safety with the\nTransfer Containment. So...	machine
2016_210_50	f98aa26c6945277650fd7b3ca1d848e6c7ef3099	At the very least, let's make\nsure we don't turn our eyes\naway from beautiful things,\nalright?	machine
2016_210_51	fb1d8212fdb1e029e941c64fcaae322e2c8068ae	...Yeah!	machine
2016_220_03	2b9b2ada7c54bf53c1cf4ac3b44a95115ed86fc9	They're both fast asleep.	machine
2016_220_04	a75e9828b95d771a5d9e5e12de422e796e1bfee2	Even with everyone's help,\nTika's vitals have dropped\nslightly due to the continuous\nunexpected events.	machine
2016_220_05	b562804563349f2edbc2ac0500ec00a703af4cfc	Once we obtain the information\navailable in this village, I would\nlike to request a return to the\nship.	machine
2016_220_06	4b6c731a53c895d58375a33e8c5bd8e34e29379c	That sounds like a good idea.\nEven if we want to tour this\nplanet, we can just land at the\nnecessary points as we go.	machine
2016_220_07	9e31cdeed3ba37ba8d002f50ee32257d4f6c0ed6	There's no need to force Tika\nto walk... right, Captain?	machine
2016_220_09	7ec438664d7f25ed3c6969b8ffe965bea36b6d6d	What do you think about this\nplanet, Captain? Do you think\nit's Tika's home?	machine
2016_220_10	ad733930ea0b3b0a706354ef8a21467facd5bd23	I think it's Tika's home	machine
2016_220_11	3fd3e39a1c7c391ceae021fb3408f6e6712890fd	I don't think so	machine
2016_220_12	ad9052be48ce85d713d9dbc104c2a90adad255fa	I wonder if there are bananas	machine
2016_220_13	f4311999592e2fe585d3e3049aea6b51da57a277	You're right. Considering\nRekoro's data and various\nsignals, it's only natural to\nthink so...	machine
2016_220_14	ffd21f070a7154d3ba8e68baff0324b5b7499c5d	But there's no way this level of\ncivilization possesses the\ntechnology required to create\nRekoro.	machine
2016_220_15	ea4305141700df2d10a300b6c568662af1ce606a	Referring to the atmospheric\ncomposition and the estimated\nterrain data obtained via Coro,	machine
2016_220_16	99b59646eb2af3b5998d5b91a823a11e4a1a713b	Based on atmospheric and\ntopographical data from Coro,\nwe can conclude this planet is\nDaftine, Tika's home.	machine
2016_220_17	8a18f1ba5011764638025e9873f659e952cbd5b3	You're right... at this level of\ncivilization, I doubt they have\nthe technology to create\nsomething like Rekoro.	machine
2016_220_18	3cb621d73ee1ce36dd2e8ba1e92b96ee1ce6f6b7	Still, Tika was on an\nimmigration ship. Is it possible\nshe was fleeing from the threat\nof Thornite or war?	machine
2016_220_19	31ff7628a19d8f0f054e362bf4a194561ecb4459	Negative. When the transport\nship Kugo departed Daftine,\nthere was no confirmation that\nthe Rubarika state was under\nfire.	machine
2016_220_20	4d82c66a42c4efb336acdba525bdd38b9328aaa4	...How did we even get to the\ntopic of bananas?!	machine
2016_220_21	d230252dd22140bd6fb6e55ff1b58e2f359d4616	No, this is vital! When we\neventually leave this planet,\nwhether bananas exist will\nmake a massive difference in\nour supply requirements!	machine
2016_220_22	0723f2f8df196400f98c3f6fa1a738ae3603a4da	"Rekoro-san! Are there\nbananas on Daftine!?"	machine
2016_220_23	aa72f5d6a94026e72f5dd324949d1796645b8f5f	...I have referenced the data\nfor the fruit called "banana"\ntransmitted by Coro. I respond\nthat similar crops do exist.	machine
2016_220_24	7756fda69912c48f8e394eb62f3893f0c7832f9a	"We did it! There are bananas\non Daftine! This is a major\ndiscovery!"	machine
2016_220_25	cad27a9641893452ff131f30bcffd07f3ea3dfb2	Yes, yes, fine, good for you,\ncongratulations. Honestly...	machine
2016_220_26	5101d45004ae0ad3df8b7396187cbaaa52d77cfc	But regardless, this Dagris is\nnot Tika's home. That much is\ncertain...	machine
2016_220_27	226fdab8f59ccdc9b88c299c8f7f1e866ada79ba	"After you all performed the\nteleportation descent, I\nconducted a light scan of the\nsurrounding space, and..."	machine
2016_220_29	505b42d53c60a72be711e879b5ab569dddf47089	『And of course, there were no\ntraces of that transport ship\ncalled Kugo either.』	machine
2016_220_30	accda9b4d2d9bd1751ff1757c766f1cde5245ed6	Whatever could have happened\nto Daftine...	machine
2016_220_31	6fb546b984c85ed2d2bf373cbe8cfc79f0c2c164	Nn... mmm...	machine
2016_220_32	78e8b6dae51b2df3724549e2175d577923b8e08e	...Mnn... mnn... safe... zone...	machine
2016_220_33	16a14b36b63507ae2095f8df987d62e7e13e14a1	...Tika? Verda? Are you okay?	machine
2016_220_34	caad4488700ecc475a1344bb9a38b329e5e98e6c	...It sounds like they're talking\nin their sleep.	machine
2016_220_35	68c6b0304582a2c533cdc5d1bf1e479890eabe07	She's been holding Verda's\nhand this whole time.	machine
2016_220_36	4adc7306f5636b6744e23cd759b0e0586b43262b	To Tika, everyone is a single\nray of hope in this desolate\nuniverse.	machine
2016_220_37	25dfa17c98ec45788042fbecd4604dc0fb843b12	Especially Verda, who is always\nby Tika's side. She must be\nafraid that they might\ndisappear while she's sleeping.	machine
2016_220_38	5ecdb5c35ca694561024f4f353f67a27a95930da	...Captain, should we try to get\nsome sleep too?	machine
2016_220_39	5daaaf8f798038a820fafc1604e09ce3ba116d59	If they think we're the village\nguards, we'll have to wake up\nearly in the morning.	machine
2016_220_41	aa72c53d5a20a29694bb0a6e6e6e793c0490f328	Oh, and just so you know, don't\ndo anything weird while I'm\nsleeping, okay?	machine
2016_220_43	4815574a67d39aba774a5bc2c03bae3791ea135c	Hehehe, just kidding. Well then,\ngoodnight.	machine
2016_220_44	791955ae20533858d2e3e0b93ff72be9f5d65ebf	Coro, Rekoro. Please keep a\nlookout around here while we\nsleep.	machine
2016_220_45	a50ac43109c5953345c07c97056f9063e2fcdc46	"Roger that!"	machine
2016_220_46	277689dca03b549c657c6084400dab916e274a9a	Understood.	machine
2016_220_47	6498c3f0b72d3f584d662bf4d9ae55f5e9af0f61	Well then...	machine
2017_250_02	c23d01f7b6a8167d83e9aef3027fd6f1cc647064	W-What!?	machine
2017_250_03	5f802bc0c704fbd7aa2a4486f5dcfc83d6c2209e	Boy: H-Help! A beast! A beast\nfrom Baschen!!	machine
2017_250_04	4603712acf55cdf17ff5392c7117319e7250cda8	Nyah!? W-What is that!?	machine
2017_250_05	a4e06d2109c93867f11d71d458b6f4a4474fe4b0	Y-Yeah...	machine
2017_250_06	904c9d1561dad134b0e644c3d43cc6a9128d4011	Verda! Stay here with Tika!\nRekoro, please look after them!\nCoro, if things get bad, please\nuse the transport containment!	machine
2017_250_07	9c20189670b3e51dbc2304f03ab801b5b3df2cc8	"Awa-wa-wa-wa-wa, Roger!"	machine
2017_250_09	5e5b3a03db2bcafc29630449a2c747a831c6227a	Oh! I don't want to think it, but\nit might be a Thornite.	machine
2017_250_10	8a1e5147e0be2ed9e050b5b98ca21af56091b47e	Wait, Captain! Eve, let me come\ntoo...!	machine
2017_250_11	3b837ecf80717617070a0af9738e112576f3d064	Verda, stay here and protect\nTika! Do you understand!?	machine
2017_250_12	e6b4d2bf5f9a13bcda087900511142b19a8dcb05	V-Verda-oneesama...!	machine
2017_250_14	238dd4039fe7fab79579440f4cfbadc505abab05	Ugh... O-Okay.	machine
2017_250_15	9dac0db57f0fbf96521f2e248913de4332c2a190	...Let's go, Captain!	machine
2017_250_17	3ea05c070862f499bead3c946538ba89a2189a37	W-What was that?! You're\ntelling me there were that\nmany Thornites in a mountain\nlike this?!	machine
2017_250_18	0f62f1e17232142383ac293e1476a110814317c5	I've scanned the village area!\nBiological signatures\nresembling Thornites are\napproaching Dagris from all\ndirections!	machine
2017_250_19	bd71c950a86cfa3383df602dbffb55351894df96	"A large-scale battle like this\nwas unexpected! I'm going to\nteleport everyone to safety for\nnow! We have to regroup!"	machine
2017_250_20	9b2602f6710fa512bcd41367578f26c7d93a432e	No!!	machine
2017_250_21	be89c4550758c03b1bc4cc151a48b7da72c621c7	"Eve?! But..."	machine
2017_250_23	7a3c0a3b012066c180e25cc81ea095036102f4ec	"Captain, what are you\nsaying?!"	machine
2017_250_24	701b590991735271272576114881a060dbeb6f6a	While we're doing that, there's\nno telling how many people in\nDagris will fall victim to the\nThornites!	machine
2017_250_25	44380c4bb68d09ba58e4520244e887c4e470cc82	It'll be okay! We can do this!	machine
2017_250_26	ae713575b9c5117c4a12f24d2cc656a0a0d3458e	"But, we're being vastly\noutnumbered..."	machine
2017_250_27	634be3d29a6f35dce46ab717ee540e810bca4376	We'll do our best! Coro, watch\nover Verda and Tika! Don't\nmiss any danger signals from\nRekoro! Let's go, Captain!	machine
2017_260_01	277d8715f193fd55ac93e3dd71e4862f5a2448e4	*Pant*... *pant*! There are so\nmany of them...! I wonder if\nVerda and the others are safe.	machine
2017_260_02	15fcc0bc0e8a70b59be8c354135842ec92b4b437	"The Village Chief's house\nhasn't been affected yet, but\nfires are breaking out all over\nthe village!	machine
2017_260_03	b886eda29ee3d0a65efde9400de42fd89ac0103f	It seems there's a type of\nThornite that breathes fire!"	machine
2017_260_04	4487c8ad7fb4b93f1ffc3083a1ce9f1820d86462	They're a nuisance wherever\nthey appear! I must guide the\npeople to safety... Wait, not\nagain!	machine
2017_270_01	a33fafb42f9ecd123039d4e59426ddc2af4cbd67	"Captain! Thornite are\napproaching the Village Chief's\nhouse! Verda and Tika are in\ndanger!"	machine
2017_270_02	8d271dc5bc33375f46132abeb51c557794f91611	Ugh... No!	machine
2017_270_03	3062d04e1aeee9885a8c9ffc6833b935838579b9	"Verda is fighting back, but\nthey're at their limit! I'm\ninitiating emergency transport\nfor everyone!"	machine
2017_270_04	ee22d319466774dfdadb53d754934e73d0885d95	Wait! Captain, look over there!!	machine
2017_270_06	5602c087633dcbcdb8ba3f20befe00af982b6659	Boy: Aaaaaah!	machine
2017_270_07	b30cf3f9712ddb42ebcdf4745d7407fc00ca53c9	That child... they didn't make it\nout in time! Dammit!	machine
2017_270_08	cfccf9e0278d821a3253909024fa4c57f26a44a0	"It's impossible! We won't make\nit!"	machine
2017_270_09	02f2780d8809a8cfe7e2557f3355c7a5d601b83d	Even so!!	machine
2017_270_10	9c5c04742448c147e986c2e6c4eba3e66f3c109c	"Verda and Tika are also in\ndanger! I must prioritize the\nsafety of the ship's crew!!"	machine
2017_270_12	0ab1ea45c7e8fbb8811e39afac485bfc5823e83c	"No matter what you say,\nCaptain, I am proceeding with\nthe transport! 3, 2..."	machine
2017_270_13	e8f094bf26e921c390c2d84b110ffa072b901030	Boy: He-help meee!!	machine
2017_270_14	f15911eb5e08661faf110cf4640bb25858352b82	No, you can't, don't do that!!	machine
2017_280_01	9c5c04742448c147e986c2e6c4eba3e66f3c109c	"Verda and Tika are in danger\ntoo! I'm prioritizing the safety\nof the ship's crew!!"	machine
2017_280_03	0ab1ea45c7e8fbb8811e39afac485bfc5823e83c	"I don't care what you say,\nCaptain, I'm bringing them\naboard! Three, two..."	machine
2017_280_04	e8f094bf26e921c390c2d84b110ffa072b901030	Boy: He-help meee!!	machine
2017_280_05	f15911eb5e08661faf110cf4640bb25858352b82	No, you can't, stop it!!	machine
2017_280_07	5b8d7982954d221e2bcfa23514aa448bec1dd919	Eh?	machine
2017_280_08	85bf011aa20c2f0f1abd41b2905697cb5c423647	Phew, that was close. Are you\nokay, kid?	machine
2017_280_09	45d9d47ccd28a3c8e0cefc1b5d686e029ddf1410	Boy: ...E-eh, ah, ah...	machine
2017_280_10	7e672d06bc43ba02ac835a9fd2037b583ef702c2	It's okay. I defeated the beast\nthat was attacking you. You\nneed to run, fast.	machine
2017_280_11	d681d67c2a2fe61f07f758334a6fe09c41680474	The Village Chief's house is still\nholding up. I'll run through the\nvillage to hunt the beasts. You,\nget out of here quickly!	machine
2017_280_12	80c77003276d34acb9143699e57943081706d5c7	Boy: O-okay, thank you!	machine
2017_280_13	1eb6a339ead6cc57e88ff66302698354a263a851	Th-that was...	machine
2017_280_14	4e7cabf37321699bdf2b032fe52bd177a1333752	Hey, you people over there!	machine
2017_280_15	6dc3a99ae1899d4911c961477b4d17d9cf6a60c8	Huh...?	machine
2017_280_16	8215c38e3e0a2adc8e546f3ef3140b091b385d01	I've cleared the area around\nthe Village Chief's house. Now,\nthe Girl with the "Light Arrow\nof the Messenger" will protect\nit!	machine
2017_280_17	03bcb20592b3cd2af15870ca52e6723ddff08c15	Let's work together and take\ndown the rest of the beasts\nwhile we can!	machine
2017_280_18	0231eab017f8213be8bcaa05b82a5e240f63f9fb	"W-what on earth does this\nmean? Captain, what he's\nholding is..."	machine
2017_280_20	2f77474e59c41e3c6ab30d67d850f0d8c4141229	Y-yes, you're right, we can\nthink about that later! Right\nnow, our priority is to eliminate\nthe Thornite attacking Dagris!	machine
2017_280_21	98d65debeb0654d12e0d8b8fe448d69fa7c94283	Got it, Coro? No more talking\nabout containment!	machine
2017_280_22	1118435dc4ab375ec165f183b1e7ae69686e9274	So, I can count on you to help,\nright?	machine
2017_280_23	4a7eff6bace358f06fb89cf92953ef8fea832549	Leave it to us!	machine
2017_280_24	a846b807786acb6f95e30c7bc80d2f0be52bebcd	Alright, I'm counting on you!\nThere's only one vicious\n"Beast" left! Let's finish this all\nat once!!	machine
2018_290_01	46891f0cf71a84a65cc207c211f2d1d7fc7ed602	A few hours after the attack\nby the "Beasts of Baschen"...	machine
2018_290_02	699c921d3981721566e2c648a83945c351709dba	Young Man: Good grief, at least\nwe managed to avoid any\nfatalities. It's thanks to your\ncooperation, so thank you.	machine
2018_290_03	0aaac9c1e6ad690222171af166fb14a558f603f6	No, thank you. If you hadn't\nbeen here, we might not have\nbeen able to save that girl or\nthe villagers.	machine
2018_290_04	7d23ba177eba4f01c41e962c0f0b6c4ca8e54268	Thank you so much. You're\nincredibly strong.	machine
2018_290_05	76e214c767ed2d4acdb8338a1525bec6bb2d21cb	Young Man: Not at all. I was\njust lucky. If you ask me, you\nall are much stronger, and\nbesides...	machine
2018_290_06	ff9e16c635efb0056d0fa8516bc0d472f2e57c12	Young Man: It's very strange.	machine
2018_290_07	5590ff8011105dbc9611adfe36ab2f63edc164d3	Eh?	machine
2018_290_08	0eb4144ff2c24ef97063ce353a861b5cac43a9ab	Young Man: You're the "relief\nforce sent by General Ricardo"\nthat the Village Chief\nmentioned, right? What unit\nare you from? Where are you\nfrom?	machine
2018_290_09	63e193c6366e36931c4dd0b6dcbe0cdf06d0d11f	Um... well, that's...	machine
2018_290_10	62231ab5d3b2dd7c9c11a87ea9612d37f3d6251c	Young Man: Your gear is\nflashier than any Rubarika\nKingdom soldier I know. Surely\nthe Army hasn't fallen so far\nas to conscript children.	machine
2018_290_11	b1a51fd219966ea7be9e47a7ff8e852cfceaf6d2	Young Man: That weapon the\ngirl guarding the Village Chief's\nhouse held―wasn't it the "Light\nArrow of the Messenger"?	machine
2018_290_13	d991c4ca078c6df2c6396630a1c81ff7ed5cf6bb	Young Man: I'm grateful you\nprotected the village, but\nyou're still far too suspicious.\nJust who exactly are you?	machine
2018_290_15	2ac31ea8757b8d8f13e6d3b0a517ced688548d2e	Young Man: If you won't tell\nme, things are going to get a\nbit complicated.	machine
2018_290_16	7c80823f10c39e037e654d05375b5ecde5a3ee2b	Young Man: As you know,\nRubarika is at war with\nBaschen over the Holy Land. I\ncan't overlook suspicious\nindividuals.	machine
2018_290_17	ecc4f7a68f418cabdbae053f43d44cdd1ff223bf	Eve: The Holy Land War?	machine
2018_290_18	9715dd50e2a53eabea9757103a1944afdf3d9d0b	Young Man: Surely you've\nheard of the Holy Land War?\nYou don't look like Dagris\nvillagers, nor like the national\narmy.	machine
2018_290_19	60919aa7505486b59ec2dfe8f0238968e32a9062	Young Man: Depending on the\ncircumstances...	machine
2018_290_20	f49bb3b27a32e4db88f3d785d2ab56102efa6456	Eve: Are you trying to say...\nwe're spies?	machine
2018_290_21	ff12cc5dc6cfc51109d5e1a4f6a6807852e489a5	Young Man: I might be forced\nto conclude that, yes.	machine
2018_290_22	f6c82b8b6ad9a6d3141c4247ddd91c4d0364aab9	Captain... Sister Eve.	machine
2018_290_23	d7e84b94df466c6ddaac723bd92f7da59d654722	Eve: Verda, Tika! Thank\ngoodness, you're safe. Are you\nhurt?	machine
2018_290_24	f8e28d66c8fab9010a72cf0f7cee3b3f56a7f3fc	Hmm, somehow we managed.	machine
2018_290_25	8475ed624406442267b76a6f903c19a537b677e5	Young Man: Hey, we met once\nbefore at the Village Chief's\nhouse.	machine
2018_290_26	64d49197c56a700a7d8bdc3c11ebb8144e3da7ae	...If you ask us, you're plenty\nsuspicious yourself.	machine
2018_290_27	e4af1c880e46e27daf4de5e6ec3e714b0c64fecf	Young Man: Huh?	machine
2018_290_28	13cb567acc2cb4e17e06ed79284f2eb7ffe634be	I see. It is true that we are not\nfrom Rubarika.	machine
2018_290_29	7f48416911eb2e1d03ca1f0028f185acc868583b	Therefore, I must ask you\nsomething.	machine
2018_290_30	713568b08200bd71213b105b2b2de55fe771019e	Are Rubarika's gentlemen\ntaught to be such cowards\nthat they can't even introduce\nthemselves to a child without\nbrandishing a glowing blade?	machine
2018_290_31	0c83078dcea6f317649feb34c36dae81f4c6d722	Hey... Verda, don't be so\nprovocative...	machine
2018_290_33	4262125ec501e126386d543896295c3ccdc9db68	Young Man: Hahaha! You got\nme there.	machine
2018_290_34	eb9c9ab3bee3e4caa8511ae743dfbcba300129cc	Young Man: But there are four\nof you, and only one of me.	machine
2018_290_35	21370afce648e5be263e54a970835e490efe4cdb	Young Man: Besides, telling\npeople not to fear those who'd\nfight the "Beast of Baschen" is\nasking too much, don't you\nthink?	machine
2018_290_36	7c5f254c382118f37f06369a81f9f4b1b611b38c	Young Man: My creed is to be\ncautious before being brave.	machine
2018_290_37	237928ad2f1c89431af8a84bb4457d6dd7db9ea2	Young Man: Besides, you\nhaven't even let go of the\n"Light Arrow of the Messenger"\nyou're hiding while shielding\nthat child, have you?	machine
2018_290_38	2a6cf6e728ddb15592569599b8b42daaf85f79e5	We are children, after all. It\nwould be a disaster if we were\nkidnapped by a strange man.	machine
2018_290_39	2b07704877ab474bcf63d4309fc2a887af2e2f7a	Young Man: Hahaha! What an\ninteresting kid! Alright, I get it. I\nsurrender.	machine
2018_290_40	f00822634acf1d5e6c4f520b9f498485eeda7ff8	Young Man: You protected\nDagris from the beasts of\nBaschen. Out of respect for\nthat, I shall lower my sword.	machine
2018_300_01	29e13744806aed180861cfd4f8a9249c8ac86303	Hmm...	machine
2018_300_02	44a9a259f3c4a7591865f604c54c62427c39831e	Ewin: Hm? You've been staring\nat this for a while. Are you\ninterested?	machine
2018_300_03	b14f897b2796cb5822703afff61e2852ac48cd82	Ewin: I think your little\n"Messenger's Light Arrow" or\nthat strange black thing that\nchild has are much rarer.	machine
2018_300_04	b310b368f0b225c026fabf1fe8afb3a03b7dd640	Well, I suppose that's true, yes.	machine
2018_300_05	2d9ddcb0b358ec1a14620d77955b0593eca8b6a7	The civilization levels are all\nover the place. What on earth\nis going on...?	machine
2018_300_07	723c85ebc28511bb939dc13115a75863fe8dd194	You're right, worrying about it\nhere won't give us any\nanswers...	machine
2018_300_08	a4bf4a127a347bdd09ce23b0b2f706ee0797411a	Come to think of it, you're Ewin\nLaxter, right?	machine
2018_300_10	d2b7d8dbef7f116820954c0c631e63cf6828ed13	Ewin: Ah, so you know him. He's\na local lord whose only merit is\nhis territory's size. I'm the\ncurrent head's youngest child.	machine
2018_300_11	73033b4dbebcf171d513087eacec4618e5d9bfb4	...Sorry, but you don't really\nlook the part.	machine
2018_300_12	66ac1404cea7d4e38b1f2ad37333db3e362718b0	Ewin: Hahaha, I can't help it. I'm\nthe black sheep of the family.	machine
2018_300_13	f680654d865f24a47f9028939807aa3f4f6bdffb	Euwin: I can't inherit the family\nheadship, and my talented\nsiblings just left me alone. Now\nI'm a failed adventurer―a total\ndisgrace to the clan.	machine
2018_300_14	661f7a9d99b2daa1447bdd1d2198b4e63e5f87ed	I don't think that's something\nyou should say so cheerfully...	machine
2018_300_15	311f55a3c2598a4f8921ca4db14bcbc481b31b67	Now, I've introduced myself.\nIsn't it your turn next?	machine
2018_300_16	2e47d3d4c8c50be0d14e0d6759ebe2bd55d2ee22	W-what should we do,\nCaptain...?	machine
2018_300_17	986554cd13c69bf6815ca3eb5d451231d06a2ecd	Captain...	machine
2018_300_19	d165b2c7e76beb78f8af4781f981e928e83f8e34	Huh? Traveling performers?	machine
2018_300_20	be07b42594c6bce866c74c877c85a87b23c08966	Y-yes! That's right! We're\nactually a troupe of traveling\nperformers! Our troupe's name\nis... uh, right!	machine
2018_300_21	63ff8915898815ac586e3e18fd3f1a4e7fb67837	"Coro's Ship"!!	machine
2018_300_22	f9adf9650f3b0a838969bda3c944aad6d6c051f5	*Sigh*.	machine
2018_300_23	e13db63f79a36d5eca2fe52788902e2c74f2f085	W-we're traveling with our\ntroupe, and we found this girl\nlost and away from home, so\nnow we're looking for clues to\nfind her parents!	machine
2018_300_24	6d71d7beaf25492bf182affcbc37432aa9affcbb	Heh, I see.	machine
2018_300_25	e3f56c91e2b7de4c9ecbe1778cf857b74e880096	(Isn't that backstory a bit too\nmuch?)	machine
2018_300_26	122375db1b7cf755b60a06d2a8c605390ceb3e78	(Just go along with it!)	machine
2018_300_27	2c6154e18f34a5d12534387c9f89589e1e3de83b	Mmm! Uh, well, I'm Evelysse.\nJust call me Eve.	machine
2018_300_28	1ec0c05691753ad7322a211862f9b08b63b26af9	And this here is the leader of\nour troupe, the Captain of the\ntraveling troupe "Coro's Ship,"\n<player>!	machine
2018_300_29	cd4f9fe71db5f84db88376c1f18badde0b0444a5	I see. Since the troupe is\nnamed after a ship, you're a\nCaptain instead of a Troupe\nLeader. That's interesting.	machine
2018_300_30	f641b68da42cff47545207ccedc25efceb7dc54a	So that means those two\naren't Eve and the Captain's\nchildren, then.	machine
2018_300_31	4e8c6c509277882d5c3d3c2fbd15bda6c49dcf61	Huh!? Eh!? I-I-I-I'm the Captain's\nchild?! There's no way, no way\nthat could be true!	machine
2018_300_32	2bd9e41a84a37d10e82f32d7444fabd6c88634f4	Nyahaha, no need to deny it so\nstrongly. After all, we're\n"family," aren't we?	machine
2018_300_33	6c6a601a5afcdf63e943e69c115394c0afae34cf	Verda! Verdaaa!!	machine
2018_300_34	fed6da47cab79f1b45f5cc3d6f596926a952d445	Nyahahaha! Don't be so shy,\ndon't be so shy.	machine
2018_300_35	3ca8aaf39275eef99958d26bcd6f81b60f66dcb3	Anyway, that's the situation. I\nam Verda Kleiman.	machine
2018_300_36	4eab5e51008a71003f4d7b021db9ae8a52289348	Um, my name is Tika Blanche...	machine
2018_300_37	c79835d511421333a3c8b2aa49524c1effad30e8	Nice to meet you, Verda, Tika.	machine
2018_300_38	85f8a71d3030506390851677f69ae8fb7af20d7c	Still, a beautiful girl like this\nlost in a countryside like this...\nShe looks like she comes from\na fairly wealthy family.	machine
2018_300_39	24b6cefa1c1aa907560f5c7aee9a81ca9ecf702b	I've been wandering around\nquite a bit, but I've never heard\nanything like that...	machine
2018_300_40	aa921ed435c77dfe44a24613155c70873f1ca3b5	Um, Tika... Tika Blanche?	machine
2018_300_41	5590ff8011105dbc9611adfe36ab2f63edc164d3	Huh?	machine
2018_300_42	1720bd7b0b5f4e791705a4b37808157824ee2fbf	Tika... Tika... Wait a second.\nCould it be...?	machine
2018_300_43	092801cb1592a37db797ffeeafc2998c647661bc	Ah!	machine
2018_300_44	4f96195c7e021eaf46f65266f1f1aa60575093d6	W-what is it?	machine
2018_300_45	7a38c30cd62eddd79aa4016242858893626196a2	There's no mistake... Isn't this\nyou? Can you read?	machine
2018_300_46	732adf6d53e088d9c6984e2a94fd265806dc4739	Yes, I can, but...	machine
2018_300_47	07676791ff906e7bac91f2ffb18e5481ffba126f	...Eh?	machine
2018_300_48	4115c8771601ec8c31f5614abcaa4b323e79f3c2	What's wrong, Tika?	machine
2018_300_49	ae5c40f30d2100fa547e2e23fb4bd069a1623d28	V-Verda, look at this...	machine
2018_300_50	0c1120d2077ed200d13a40162c26924cf34ecb2c	What in the... What is the\nmeaning of this? Is this a\nwanted poster?	machine
2018_310_01	1720bd7b0b5f4e791705a4b37808157824ee2fbf	Tika... Tika... Wait a second.\nCould it be...?	machine
2018_310_02	7a38c30cd62eddd79aa4016242858893626196a2	There's no mistake... Isn't this\nyou? Can you read it?	machine
2018_310_03	732adf6d53e088d9c6984e2a94fd265806dc4739	Yes, I can, but...	machine
2018_310_04	07676791ff906e7bac91f2ffb18e5481ffba126f	...Eh?	machine
2018_310_05	0c1120d2077ed200d13a40162c26924cf34ecb2c	What in the world... What is the\nmeaning of this? A wanted\nposter?	machine
2018_310_06	b37ffb007644fac2dbe62d009c5afe5ac5db4ed4	What is this actually about...?	machine
2018_310_07	e174f7f33a45ae2aa6def739fd5c256fd4ad75ee	100,000 For to whoever safely\nguides Tika Blanche to the\nRubarika capital. Proclaimed by\nGeneral Ricardo Franz...	machine
2018_310_08	60241c6c6b4d6677a004783b676343d892bc2069	...What on earth is going on?	machine
2018_310_09	56f89e4e8716a57af4bf688b6f855809b4ccb16c	What do you mean... This\nshouldn't be possible.	machine
2018_310_10	1343e17c16127c94615c1c88f239abd951f98eda	But... the sketch and the\ndescription, no matter how you\nlook at it, it's Tika.	machine
2018_310_11	960cfdc57c7756a3279c961493db5b56ed58820b	But why...? You said this wasn't\nTika's homeland...	machine
2018_310_12	e1ae83b9d8e25a0b9800d56ad802db9ec4bba6bd	...I don't know... I don't know,\nbut...	machine
2018_310_13	e1b774f237480437838ee8c52c8cf201126e11ee	Hmm... It seems we must keep\na close watch on how this\nsituation develops.	machine
2018_310_14	084721f22c9bb5820d2dc0e3139809514fa8a241	You're right. As long as we\ndon't know where to return\nTika, every tiny clue is\nprecious.	machine
2018_310_15	a7ed6c327597a72fd1b8385b4fba7a1b0ecb3213	We could teleport away\ninstantly if we wanted. We\nmight as well stay a while\nlonger to see what happens on\nthis planet. What do you think,\nTika?	machine
2018_310_16	21d363aba4be65f0fe0068ce8ae33a1bd0847104	...Yeah.	machine
2018_310_17	05e4ca78c26010c7a355a1499e6a37a7717f3063	I believe this will turn into quite\nan adventure. Are you\nprepared?	machine
2018_310_18	f59185cbd2a87763d63488bf5b0693b9d13430c1	...Yes. I trust you, big sisters.	machine
2018_310_19	55256820774fb8329dc2f1442b25d39291692bec	Very well, leave it to us...	machine
2018_320_01	761fd5f5c8634eba0120297aff840b7134309bb7	Euwin!	machine
2018_320_02	0c705c49800ebb4fa45d2a4f09fae18be7a33a12	Did you reach an agreement?	machine
2018_320_03	4e697ca8f24182a7a9c229552d9a4564adb5a0c8	Indeed. Euwin, we have only\njust arrived in Rubarika, and\nwe are unfamiliar with the\npolitical situation and the\ngeography.	machine
2018_320_04	fe0d2279f53f15d8a35c8eb18906ea4734a23318	If you are willing, I would like to\nask you to act as our guide to\nthe Royal Capital.	machine
2018_320_05	822e114a80f45a49dfb5086b6208ab341806ee70	I don't mind. Rubarika is\ncurrently in the middle of the\nHoly Land War with Baschen,\nafter all.	machine
2018_320_06	bce6cb5916c4d9bf22ccbf743e9d3957b2aa78c6	With me around, most\ncheckpoints will be free\npasses. In exchange, though...	machine
2018_320_07	2e85fa9f6ef931d26d5c83cee8a050742a36fb39	I understand. The reward will\nbe generous. Captain, is that\nalright?	machine
2018_320_08	d2b5b230dd45a06b5c8ae9404e855c47de19e827	I'm counting on you, Euwin	machine
2018_320_09	a7e0916c7d9041fc696568dbfd61ba303dca5cab	You're quite young, are you\nsure you can do this?	machine
2018_320_10	5af21f1f833855de144942fa58a1fafc78a4a4f2	How about we settle for\nbananas?	machine
2018_320_11	2f5fa91e28d2829c0c32ec8fc17b3852da91db9c	The pleasure is mine, Captain.	machine
2018_320_12	721b0b3255ce961eeefe7b93e0a9e061cfa1de5b	If we can reach an agreement,\nit's a perfect opportunity for\nus as well. If I can travel with\npeople of Impeccable Skill like\nyou, the journey will be much\neasier.	machine
2018_320_13	ef10ab5cd23a1d8cc9f591bf08b185867cfb90f8	So, it's a mutually beneficial\narrangement.	machine
2018_320_14	06dca61f3cbb895a8df6a6ce348409660ccf1e78	Yeah, and not just in terms of\nsafety. Traveling with you all\nwould be an incredibly huge\nadvantage for me.	machine
2018_320_15	69fd2ea06e219c5749187513ea75e29ea8047daf	Hahaha, I can't really make\nexcuses for that. But, I've\ntraveled quite a bit myself.	machine
2018_320_16	82ce26ccd0550653ae7419b3ba899434153fe39f	I've used just about everything\nat my disposal, so I think you'll\nbe retracting that statement\npretty soon.	machine
2018_320_17	4635314818041bca18d7cb28cc03d41790f61105	You certainly are full of\nconfidence.	machine
2018_320_18	c66a6c888d8fcd9951eda835d379ffbf2c6de346	Don't you think age tells you\nvery little? You seem like the\ntype who's struggled with that,\nwouldn't you say?	machine
2018_320_19	ca71704b8b5d662de50853ecedff0e329dc3e429	Hmm, I agree with you on that\npoint.	machine
2018_320_20	0665b2f1e741d793dfa0c5e2ad435ab8662bad94	Don't you think age has nothing\nto do with doing what needs to\nbe done?	machine
2018_320_21	6f2f6d86563242a14c6c4554364289d8a262fd26	It's about having the power. As\nlong as you don't stray from\nhumanity, you're never too\nyoung to pursue your goals.	machine
2018_320_22	ced83a9dc4e58076ee3a378965c6bc0d854bbc28	You said it, right? You might\nnot know since you just arrived\nin Rubarika, but bananas in this\ncountry are a luxury item.	machine
2018_320_23	92abe79133459e0b94c54a5065e82265630746a9	Even I haven't eaten them\nmuch in my life. It's too late to\nsay you should've just stuck to\nmoney now.	machine
2018_320_24	ce0f5bca7ddc8714f285b5a3c0d3aeb4e2f42015	Hey, Captain! What on earth\nare you talking about, in so\nmany different ways?!	machine
2018_320_25	32a580340ee9968729a4a207b1d2abd8d1835bcd	Hahaha! But depending on how\nthings go, I might end up being\nthe one providing you all with\nbananas someday.	machine
2018_320_26	04116b84f4d0327428367bd009c788720ec769de	I'd like us to get along on this\njourney to the Royal Capital.	machine
2018_320_27	213906bbe765b93c7659c145aaddb608bf8c7b89	You're thinking of using us for\nsomething, aren't you?	machine
2018_320_28	7cedcc9b65ac66e15a5abba96e8dce00f83c7df3	Rather than all of you, I\nsuppose I mean Tika.	machine
2018_320_29	ce286ffdb17cd7bb1f37bc43f3b8e2401be6bb22	Hey, don't you dare do\nanything weird to Tika!	machine
2018_320_30	c998c063a1f4e3ef2b7dea50955117e40a392a13	How cruel. It's nothing like that.\nI simply want to meet this\nperson.	machine
2018_320_31	da632b9ec9be6b72c3ff7f08a43058f8313ffd36	...General Ricardo?	machine
2018_320_32	2473d9a30316bc2f8afb87cee86cb24ab0578d75	Yes. If I can secure an\naudience with General Ricardo,\nI'll be much closer to the goal\nof my journey.	machine
2018_320_33	25273555e94279bc5084b510c2efb911c4a60425	For the sake of my objective, I\nwant to make the most of the\ngood fortune of meeting you,\nTika, and the rest of you.	machine
2018_320_34	f6ef5140577d0eccd6149e8ab0f4762d487e2552	And what do you plan to do\nonce you meet General\nRicardo? I mean, the reward\nmoney is certainly a huge sum.	machine
2018_320_35	f28f71dc5bedff273ce8a872b43d49fd1d088d09	I don't need any reward money.\nOnce I achieve my goal, I won't\nhave to go on journeys like this\nanymore.	machine
2018_320_36	c812a84b8dd9420474b0886b64c598de1bd92b55	Then I can just go back to my\nfamily home and live a cozy,\ncomfortable life as a noble.	machine
2018_320_37	d782ef2b4e7de61de3e4f267bef1a8d210d2fe1e	My goal isn't something like\nthat...	machine
2018_320_38	384b9798b65af7eeff77caf3fd256547f6377622	You said Rubarika and Baschen\nare in the middle of the "Holy\nLand War," right?	machine
2018_320_39	8df43a55a9feba368602041c134db885b4bb45be	Y-yeah, that's right. We don't\nknow much about that war yet,\nthough...	machine
2018_320_40	c694f0b236f3ae3e60f97228f2b1dba28d39884a	The Holy Land War has been\ngoing on between Rubarika and\nBaschen for hundreds of years.	machine
2018_320_41	ce685a957ef694da9289b95bec82ab304e03cb84	Hundreds of years... that is a\nlong time indeed.	machine
2018_320_42	80795e8d8b549f0bfbe471d648e6ab9e735de800	I want to end that war. I want\nto end the Holy Land War.	machine
2018_320_43	d26fd698aad09352e47ecc3a1d7ae30ecaed9fae	...You? A war that has lasted\nhundreds of years?	machine
2018_320_44	16857bfed1a363778e86986b34c771457095be56	Does that sound strange?	machine
2018_320_45	82e577dae23ccafaa62f9723a806c39693db5472	...Nyah. I don't think so.	machine
2018_320_46	a9bd4da70c5be85ad06cc724777bf3cdaed3606d	That's rare. Usually, when I talk\nabout this, most people just\nlaugh at me.	machine
2018_320_47	7fa895b825d39885dcf991dca2c989548feab60c	Listen, Euwin,	machine
2018_320_48	839ea5dad7d0e03b82acca6684f73ff27f17b7b8	I have seen the moment a\nmiracle occurs with my own\neyes.	machine
2018_320_49	b536d9b30e3f0991367332f0bdad24862a1c68eb	I see.	machine
2018_320_50	f0c4d9aefe152ef4df4cda662c3ae0c10db16916	Verda...	machine
2018_320_51	abc849103fce3e6c7354c7f852fd3d8a2b26ccbd	Just because it happened\nonce doesn't mean it can't\nhappen again.	machine
2018_320_52	61ea41b797d175c965d7238367e9d60ddfd404a3	A miracle like a profligate\nnoble's youngest child ending a\nwar that has lasted for\nhundreds of years.	machine
2018_320_53	7114bf06b29bcb1f6425ca18d7f51f5ec2abda3a	You've got me there.	machine
2018_320_54	d2261456629c58c51d89a72d1ea510d936826df0	...Euwin. As I said before, we've\nonly just arrived in Rubarika, so\nwe don't fully understand the\nsituation yet.	machine
2018_320_55	305083a5742cc959e532292819d0908e36fbf590	If you don't mind, would you tell\nus? What kind of state this\ncountry is currently in?	machine
2018_320_56	f0a64a8fb91f97d027f08a78112cac7d1163f6e0	I don't mind, but it's going to\nbe a long story.	machine
2018_320_57	a19b70eb6947c88e59f331f19dde60679f82fb91	No matter. For us, any\ninformation about this land is a\nvital clue in finding Tika's home.	machine
2018_320_58	131c57df1abea95aa9fa42f40fce51b40ef9b4d5	...Sister Verda.	machine
2018_320_59	4b865858ca3e5081923a4512eecae09d2e7c669b	All right. Then let's talk about it\nduring our journey. About the\nreality of Rubarika and the\nHoly Land War.	machine
2018_320_60	9efbd4de94fd8a377748b84df373142bc45e727f	But first, we have to do\nsomething about the chaos in\nDagris.	machine
2018_320_61	15586f54dd4d4baa4b4e88a4a3439cad969bb42a	Once we assess the situation,\nwe can return to Carlone. I\nbelieve they'll dispatch a real\nrelief force then.	machine
2018_320_62	fad558d9fb2e38d389e287a5a3206b30d9964ffa	You're right. That would be a\nhuge help for us, too. That\nVillage Chief just wouldn't\nlisten to a word we said.	machine
2018_320_63	2ceac726f230e012ee0392486bb2248395b8dd2e	It just shows how desperate\nthings are. Well, I'm going to go\ncheck on things.	machine
2018_320_64	8d41e217d4722a47310a400932e5db3d3b9d89e7	Things have taken a strange\nturn. A Holy Land War... It feels\nlike this planet is heading for\nsomething catastrophic.	machine
2018_320_65	80730d0aea19e0cd7335d6d5aca426b63eb543b9	But we are undoubtedly moving\nforward. We are one step\ncloser to the mystery Tika\nfaces.	machine
2018_320_66	54dd783f8f250d8d8cd0f7b3734ca7ac48b6bdee	On this planet, full of things\nTika and Rekoro have never\nseen... why is someone\nsearching for Tika...?	machine
2018_320_67	6d8ee55ad5d45a09000bba0cd7a2e8951d45e4b2	We must uncover the reason\nfor that.	machine
2018_320_69	2faecb90b644fdfd176d1b807c0edbbc80836c67	...Yeah, thank you, Captain. I'll\nbe okay. I can do this.	machine
2018_320_70	b3fbe3284bcc6c1e53687dbfdc95e924663e25a5	A new journey begins.	machine
