message_id	ja_sha1	en	source
6031_010_01	37cba13e6520a20b482d9d31ccb267a10f75a193	I mean, since this is where\npeople with mechanical bodies\nlive on a planet that's\nsupposed to be uninhabited,	machine
6031_010_02	ab4adfefa0f0d8ed72bb901a5cf66aed6a9a5511	I was expecting some amazing\narchitecture, like when we saw\nValka's ship on Daftes...	machine
6031_010_03	2a59e4941d971004c7d43bd220d9696b2f2413a2	How should I put it... it feels\nexactly like a roadside shack.\nRubarika had plenty of houses\nlike this.	machine
6031_010_04	d5f588f161cb2563026b8f1db04feb9144cbe69c	This is a paper book... no, a\nmagazine.	machine
6031_010_05	dd4a4bf0afc3049796d690d61c8c135bd9735fe2	A mag-a-zine?	machine
6031_010_06	aed756349b0d1b0b260ade0391b48616e0510a3e	It's a composite publication. A type of\nbook where articles and photos from\nmany different people are published\nbased on a specific theme.	machine
6031_010_07	127abf18f9c5e7315d4412972d02848eb85a4551	Judging by the cover, I believe\nthis one is a magazine themed\naround science and technology.	machine
6031_010_08	d5def91a7fa2beeb2365b8fe90bebf18ec3a5e84	What's that thing shooting fire\nand flying behind the old guy's\nface?	machine
6031_010_10	eaaa5d9adfe19f3bb54cb892b744fdface662e12	...This is strange. Why... why\nwould a magazine like that be\nin a place like this?	machine
6031_010_11	eee1fde9c6b2c0a22ee06e941e3a3f641a681859	...I can't believe it... everything\nis exactly as the records\ndescribed...	machine
6031_010_12	8bd6c5f163d4e2898a98aea28f058847567db40b	Mista Kevin, let me confirm.\nMista is...	machine
6031_010_13	7deed4c1222fded892fd70c31de7c68ce132ea4d	No, could it be that Planet\nRaza is...	machine
6031_010_14	76bdc4ed174318a3bc40c29bbef3713a48bad0a0	If my foster father had\nsurvived like I did, I'm sure he\nwould have wanted to meet\nyou, Valka S90.	machine
6031_010_15	210dede1ff420bc3a9ccb125f0343272b5d171c0	...Then, it really is true.	machine
6031_010_16	9c877c1480d163033c7d578bc51d699862fe0a81	Yes. It is as you suspect.	machine
6031_010_17	3fbc8b540a3f74f267f4e478035ac214dfcaaf29	I don't suspect a damn thing...\nWhat's going on?	machine
6031_010_18	88cd347711e64c7d929f0162bebad51b72b09cce	Why have Valka, Coro, and the\nCaptain been freaking out for a\nwhile now? ...Don't tell me you\nguys actually know Kevin.	machine
6031_010_19	1b6633193c02f990dac0ad58c9f02264a7fa762e	It's not exactly that we are\n"acquaintances."	machine
6031_010_20	7a9fe4f702139e0420ebd1136f067734b3c647a3	But... Mista Kevin's foster\nfather and my father... were\nlikely acquainted.	machine
6031_010_21	547403907e92dcd8d8978f1f0f33f97243f7c04e	Huh...?	machine
6031_010_22	d2a031cd1d90a6a8e9771aeeda83400a096a9a15	I see. So you were his\ndaughter.	machine
6031_010_23	d9f03914f32dd012099573e192fc7d5f1f159012	What do you mean? Are you saying\nyour father came all the way to the\nAzurite system on some mission for the\nHardier Warrior of Morphus?	machine
6031_010_24	90d1915c5b2c206478fdff445d93a5de4cc7f47a	To be precise, Valka's father\nonce set foot on Planet Raza.	machine
6031_010_25	6578de931a0342504cf0b4d7a7aa92b94eb90865	However, he never visited the\nAzurite system.	machine
6031_010_26	126cec461fe0379cdf326da45160108057116dc3	This makes no sense.	machine
6031_010_27	c334cc22da784f4aa1617820528745914237f7eb	When Valka's father... Bacchus\nD-79, met my father-in-law,\nKlaus Barktain,	machine
6031_010_28	50f01f1836dbc5e7edbe125b534bd20b6fd015bd	Planet Raza was located in a place\ncalled the Solar System, at the far\nedge of a galaxy much further than the\nAzurite system.	machine
6031_010_29	6007a070a187993a2a232a94bbc34607308d6ace	The Solar System... Captain...\nCoro, that means...	machine
6031_010_31	52452f11b4e677bf1dabb17586de4f3a5ff6dca7	Back when it was in the Solar\nSystem... the people living on\nPlanet Raza called their world\nthis.	machine
6031_010_32	53030965b9544fa628e28e59add4906221f41573	... "Earth."	machine
6031_010_33	8d6370a56cd5cab281845989b0f4c2d4013d9429	T-that can't be right! Raza\nbeing Earth... that's impossible!	machine
6031_010_34	e3aab24e1e5a8eef0b17b42172dadee7617f2dfc	...My father used to call that\nplanet <font color=yellow>Another Earth</font>.	machine
6031_010_35	22f9b6b00a19419470f406a7cc131216dc90c77c	Another Earth? "Another\nland"...? What does that mean?	machine
6031_010_36	6977425e02a702efc2f5372baa676146c23b7903	...Mista Heath, you were able to\nunderstand the meaning of\nthat phrase, based on the\nlanguage of Earth, immediately.	machine
6031_010_37	308063ef2119f364ec47da814d90b428527f7338	This fact alone leaves no room\nfor doubt that Raza is Another\nEarth.	machine
6031_010_38	8b2fbd003708bfe65c8816cd0e06596f5b08dc81	To us, it means "Another\nEarth"... but...	machine
6031_010_39	91458fbb68caeb11f7a26e43af358b03a5461a63	Exactly. Another Earth is a\n"second Earth" that shouldn't\nexist. An Earth that existed in\nanother dimension.	machine
6031_010_40	1f8e4b859513ced27af2ee2ec11810c9f19cb8d0	And that Earth... shortly after\nmy father and his companions\narrived...	machine
6031_010_41	ceb4668bcebff3a4bfacf914bf23cd5144e1176c	...was supposed to have\nvanished completely from the\nuniverse.	machine
6031_010_42	db19edf1de53f4eb5a1581d701aba6ba0aba4fb6	Oh? Vanished.	machine
6031_010_43	bd5f8e592ead16f3d69d2630c082bf88a35e067c	Mista Heath. You mentioned\nthis before.	machine
6031_010_44	6ea77358c8fbe10cbf2653923d7716764b95a11c	That before Gems were\ndiscovered on Raza, starships\nwere powered by a different\nenergy source.	machine
6031_010_45	bee1378b4b2f5e3c453213d5520b49b27a83244c	Yeah.	machine
6031_010_46	481a0248bb1eb6ddbe4e629f7422e3765b3b54e2	Was that energy source\n<font color=yellow>Exalithium crystals</font>?	machine
6031_010_47	8c2f102bb6c6705c11778832a1afef0ad768f827	! How do you... Did your old\nman tell you that too?	machine
6031_010_49	5b6486d771ba677cd15141f6eaff48357002797f	Yes. It is a name my father and\nhis companions can never\nforget.	machine
6031_010_50	c6c88da4d495cdfd3c59286c5874473629199798	Because... the direct cause of\nAnother Earth's disappearance\nfrom the solar system was\nthose Exalithium crystals.	machine
6031_010_51	5590ff8011105dbc9611adfe36ab2f63edc164d3	What?	machine
6031_010_52	9035c9f64f2250de1decbfb8fcd64f2ac1c1fe88	When my father first arrived on\nAnother Earth, it was still in the early\nstages of space exploration. Resources\nwere scarce worldwide, and scientific\nprogress was sluggish.	machine
6031_010_53	f5f3a67f2e7ab392393999156e1d90962fc4172e	But one day, Exalithium\ncrystals―an innovative energy\nsource from an advanced\ncivilization―were brought there.	machine
6031_010_54	de440a5db5671a25abbe5a7e907e10681f8aa9a6	And then... a scientist,\ncaptivated by them, attempted\nto control the crystals using an\nunfinished antimatter reactor...	machine
6031_010_55	1c216a490ef3f51444004cfb6973c6cdfa03a096	He failed.	machine
6031_010_56	50a6230003a1341e8a33a9ddfce53a76dac34ca2	Anti-matter? What's that?	machine
6031_010_57	0d055b325501a6346af7973d544a117c212f7a5c	...To put it in terms you'd\nunderstand,	machine
6031_010_58	a1e665c42155fb46c2986a69bc206e1130eb946d	It's a dangerous energy source.\nA piece the size of a pinky nail\ncould wipe Rubarika off the\nmap without leaving a trace.	machine
6031_010_59	f5183008bfed0f928e898395dd8e916c1c1cb89d	A bit oversimplified, but not\nwrong.	machine
6031_010_60	2144d5aea36f77a23c5583a00454149cd5933137	With Exalithium crystals, no matter how\nsmall the fragment, blowing up a whole\nplanet is a breeze once you trigger\nannihilation.	machine
6031_010_61	ce70e04fb710da5da2ad784aa6050a1b5c29469a	...And the name of the\nantimatter reactor used at\nthat time was...	machine
6031_010_62	ead8bd42ab53df97c270790fa5d35038f2e6ab8d	...Kevin.	machine
6031_010_63	4a664fbf88e8c3a3ec10c8abeed587aa3fd6f6db	You are well-informed.	machine
6031_010_64	c06e44f5741168b3da969299f5bec88d3bd89033	I've heard that your father...\nand your comrades... regretted\nit from the bottom of their\nhearts.	machine
6031_010_65	80686bbfe6516599d58bd0f7401a461644805ca6	It was not the fault of your\nfather and the others, Valka.	machine
6031_010_66	91e5b23deab0eb70b45a7fc2fadf8d29bc2de275	The responsibility lies entirely with my\nstepmother, who could not discipline\nherself, and my stepfather, who failed\nto stop her.	machine
6031_010_67	abce16bdc2d869e55ac68df31868e2960c4611f4	Your stepmother's name was...\n<font color=yellow>Mira Baktain</font>, was it not?	machine
6031_010_68	703e6fdd8543b47f7bae228deb776570ddd9694e	...It is a complete coincidence\nthat my name is "Kevin." My\nbiological parents gave me this\nname.	machine
6031_010_69	81e163100da9d032319263dc3006084524e9ab01	And then... shortly after the\nday the world changed... that\nday of tragedy...	machine
6031_010_70	7acd695e0633057151da45c0ac92f25060acf4e4	I met my foster parents.	machine
6031_030_01	adb463ba5bdc494f7d8cc1fd9af2f4f4e4d66125	Bacchus D-79, Edge Maverick,\nReimi Saionji,	machine
6031_030_02	20b937ef782f94a79f25ebfb6fc02b9ace166c37	Phase Cipher Beres, Rimuru\nRemuri Fai,	machine
6031_030_03	43b5b48a7a960d23cc23ec9797d3a04121d25dcc	and Merikuru Shamlot.	machine
6031_030_04	91f518c31c8baf1d6565ee9c0966111208dfb7e2	My foster father always said\nthey were the most radiant\npeople in this world.	machine
6031_030_05	c230c4c20cd5e8c953ff22765693fc13ade8fd82	When they arrived, "our Earth"\nin the year 1957 AD was on\nthe brink of a global energy\ncrisis.	machine
6031_030_06	39b1188bb147024454e8ee7084cad9a65fb15ab4	In the midst of that, my foster\nmother rashly reached out for\nan unknown energy brought\nfrom "their Earth."	machine
6031_030_07	38c1c7fc7962b2db2bed90dfc38b0b56bf9cc423	My father claimed to have\nconfirmed the complete\nannihilation of the other... no,\nyour Earth.	machine
6031_030_08	4e5bdb401548a50b6f7115226695ee9cf2ddd572	How could Mrs. Mira and\nDoctor Klaus have survived?	machine
6031_030_09	3ef9c37bf901586eb3d973fb497e99558a913d59	...Earth had not been\nannihilated. It had been warped\nto the Azurite system.	machine
6031_030_10	1eb07e4bf582c85d3ca16656dbb5b898db0c1892	Warped...?	machine
6031_030_11	40847c9cfe72f56035d6cd5b166da4bd4eb2ce12	As for why that happened...\neven now, I do not know for\ncertain.	machine
6031_030_12	ad449a6d4b7ac1b70a91763cfefb0bf978bb7e1a	<font color=blue>Kevin</font> When Edge Maverick's\nparty appeared, my foster\nmother obtained one prisoner\nand an Exalithium crystal.	machine
6031_030_13	40f11251919756c89aaa2f2515484c0ff37f56a0	<font color=blue>Valka</font> A prisoner... Reimi Saionji,\nthen.	machine
6031_030_14	9718d6a21ba1c5f12b4689f1b7af4bc6c06129f8	<font color=blue>Kevin</font> Yes. At first, my stepmother\nfocused her efforts on the medical\nstudy of Reimi Saionji, as she was an\n"alien."	machine
6031_030_15	d34655741482ae4cea75f75a834e56bfcbfecaff	...However, once she obtained\nthe Exalithium crystal, she\nprioritized the completion of\nthe antimatter reactor,	machine
6031_030_16	f63ab0e0bcf311cd0dfefe9dbd2e141d7733493d	...and she failed to control it.	machine
6031_030_17	0dc32a2b7030c8dbb411a51e8594488fe058c244	The antimatter reactor went\ncritical, and Earth was swept\nup in a vortex of energy.	machine
6031_030_18	1e5784412b2ca32c37e91ff92dcf87bb21a75e6f	My stepmother and stepfather\nprepared themselves for death.	machine
6031_030_19	dac597ed78a19c8c03d1ceeada2867c48e7e7ba9	...But at the final moment, they\nboth saw something.	machine
6031_030_20	a6e118b9e3e2e7bbe23b2acc099e529f30c77eed	<font color=blue>Kevin</font> They saw light stretching\nfrom the antimatter reactor\nout into space.	machine
6031_030_21	80305add1602e25857dc4bc5a6f721e7b4837a74	<font color=blue>Valka</font> Stretching into space?	machine
6031_030_22	bb80486ef1a5324c80bc85b5c5ad2fe8740da2bc	<font color=blue>Kevin</font> Yes. ...As for why Earth\nwarped to the Azurite system,\nmy stepfather once offered an\nanalysis of sorts.	machine
6031_030_23	1f809347eabc72982ab489fe35d3a4642225e435	Exalithium crystals are substances that\nconnect space to space, and are\nessential for activating a subspace\nWarp Drive.	machine
6031_030_24	2def5e5bdda4275baacee270eab3e1ad798bf5fc	And at that time, there was\nanother powerful Exalithium\ncrystal present, aside from the\none built into the reactor.	machine
6031_030_25	eb97783ec63674be65aa90bb76a7a7f742dba76d	<font color=blue>Valka</font> ...Merikuru Shamlot's\npendant...	machine
6031_030_26	596f8dbd98d81f02b417479e446d729adf426424	<font color=blue>Kevin</font> Yes. Those two\nExalithium crystals reacted\nwith one another, creating a\nspatial rift.	machine
6031_030_27	6c2013daa324aee81a8201899f691b8ee1c44d0d	Earth was swallowed by that\nrift... and the entire planet was\nwarped to another star\nsystem.	machine
6031_030_28	3df98abe4eec8748d8bf4843c6457ecac3167775	That was my stepfather's\nanalysis, though it was based\nlargely on inference and wishful\nthinking.	machine
6031_030_29	cbdbedabefcc4b4fb12b13a107b9adab3e05a1fc	<font color=blue>Valka</font> I can't believe it... If\nthat's true, it can only be\ndescribed as a miracle...	machine
6031_030_30	07d2b2cf3b3784d712b3f6d7e99cf2fd31b3e1ed	<font color=blue>Welch</font> I don't really get it, but is it like\nwhen Baschen sent us flying to Daftes,\nexcept the whole planet flew far away\ninto the sky?	machine
6031_030_31	281d3609e48f5a6952f516caa8659b8bc3d475be	I'm starting to get confused\nagain.	machine
6031_030_32	804473156b3890e179f847e4885661b57b357cca	<font color=blue>Euwin</font> It's like if all of Daftine\nmoved to the Azurite system. If\nthat happened, the whole\nplanet would be in total chaos.	machine
6031_030_33	20749193775931e1e113722f770e033661efba1f	<font color=blue>Mastima</font> Still, to have moved\ninto the habitable zone of\nanother star system is an\nunbelievable stroke of luck.	machine
6031_030_34	dbc3e0481d13db6df6fc859aaf165fcd1641bc2b	Are the environments of the\nAzurite system and the Solar\nSystem really that similar?	machine
6031_030_35	71ab8b2062099e91872b7fbad61c529b9b67173c	<font color=blue>Kevin</font> Of course, many\nproblems arose.	machine
6031_030_36	bc94a1da8dc68a22ca2c90b9e30b40739e8e38d6	Changes to the planetary environment\ndue to the shift in the axial tilt,\nchanges in the nature of the solar wind,\nand so on...	machine
6031_030_37	2708c5062cc94813ceb17553a91922624e15800b	While the star itself survived, many fell victim to\nthe great cataclysm or failed to adapt to the\nchanging environment. The population\nplummeted to a tenth of its former size, and\ncivilization regressed significantly.	machine
6031_030_38	1b9b20b8a119b2758eba6fc6c9e3558a3dd54cd4	That happened... approximately\n670 years ago.	machine
6031_030_39	81fada4062ecd33e4781e4c9438730eb07fdda3e	Still, it is hard to believe that you could\novercome a disaster that caused such\na regression and rebuild your\ncivilization to the point of waging\ninterstellar war once more.	machine
6031_030_40	ab209474015e2ebe5619f4ff3ae2bc11343481ff	The fact that Milla and Klaus's research\nfacility remained intact, despite being\nthe source of that great cataclysm, is\nwhat prevented the total collapse of\nour civilization.	machine
6031_030_41	9cd3bad78b9bf0ce9c84196daced2a4e2095ecdd	Furthermore, that facility\ncontained the Hint on how to\n"reincarnate Earthlings as\nRaza,"	machine
6031_030_42	aca386c5ebb41469e4c2cc68d871a6e5c42c4fbf	...the hints for "adapting them\nto a new environment" were\nleft behind.	machine
6031_030_43	d801a7e41ba47d9a3e95fc4e2f607798635be6f8	Over a long period of time, this\nwas gradually implemented\nacross all of humanity on\nEarth.	machine
6031_030_44	e03b3aa9be9f9c966fa0083a8c4bb40fefb64d64	"Adapt to the environment"...\nSurely you don't mean...	machine
6031_030_45	7fb3e7068ebfd508c958608fad20dc4e06666734	Yes. Exactly. The secret hidden\nwithin the body of Reimi\nSaionji, whom my foster\nmother... Milla captured...	machine
6031_030_46	2b1f70c0b25b62034ae242df4d477b44b61ae57f	A mysterious gene that allows\nthe physical body to adapt to\nany environment, as long as it\nis within a habitable zone.	machine
6031_030_47	46fd3a671da508b10d8662620fe7590729e61229	I am of the first generation\nentrusted with those "genes."	machine
6031_030_48	8f780c865defb84e76fc689aa5c4934a9a24dbf0	A survivor of the children\nraised in Milla's research\nfacility.	machine
6031_030_49	5052df2f440ebac874b5ec44a6eb4d16c2e54fcb	Milla and Klaus gave a name to\nthose of us who survived the\nGreat Catastrophe as the new\nhumans of Earth.	machine
6031_030_50	76fece70c690927d2996aca3e806235ea77a02d4	The children of luck. The\n<font color=yellow>Fortune Babies</font>.	machine
6031_040_01	1ddd7b19a5e8b40af11ffdc96ee4a7ce2c317162	This building where I reside in Lazuli is\na recreation of the hut where my\nfather-in-law used to converse with\nBacchus D-79 and the others.	machine
6031_040_02	8314b52d231d8cd117c0d3b0b3c26011a2e6d081	I thought that by staying here, I might\nbe able to see something regarding the\nfuture of the stars... and of this Azurite\nsystem.	machine
6031_040_03	0101fd37fa8a1aed0b4ffc5b08a6a9325323d971	...It is hard to believe, but much\nof this aligns with the stories I\nheard from my father...	machine
6031_040_04	b94869880daafcaa168843bb16954ff07c3baeca	If that is the case, then what\nMista Kevin says is true,	machine
6031_040_05	caa8c098c8115b0fe5a799d6fd0957a944e5f049	And the planet Raza... is\nanother Earth that came from\nanother dimension.	machine
6031_040_06	18d6e3cb4017fa132b0343c4f1d362fa15c10c1b	Hey, can I ask something?	machine
6031_040_07	58bd2b811f169a9daa05e7cd6e65bf044477fef0	Assuming what Valka said is\ntrue... does that mean you've\nbeen alive for at least 600\nyears?	machine
6031_040_08	b8137cde1e23d318d3a04eb71f52c0d71b716adc	Well, if you can call existing in\nthis state "living."	machine
6031_040_09	e142793a35401491e004fb00a8737c249eba2982	I think you're alive, so that's\ngood enough for me.	machine
6031_040_10	cfc0184d99693d6a3e7f6054d0cc6fc0f4fe3a25	In that case, there's something\nI want to know.	machine
6031_040_11	82699cc8b6655b5a46a1089cef624d0089afc224	...Yes, what is it?	machine
6031_040_12	102c59fae1a2d09bc65e3232c1a3c09b4a2502e8	This "Kevin" who started the\nStardust Bazaar... was that\nyou?	machine
6031_040_13	833f604488c01cf5eba972ca634b8fe27641ae9e	There is no point in hiding it.\nThat is correct.	machine
6031_040_14	ad7f4a280f35b6d9f3b8d2ca8cefdcb1fb218f78	...Do you ever think that the\nindependence of the Stardust Bazaar\nwas, in the end, a distant cause of the\ninterstellar war between Raza and\nOber?	machine
6031_040_15	6c13469771fc0fa012b78b832b315c5747372198	I do. Though I never imagined a\nwar of this scale would break\nout, nor that it would drag on\nfor so long.	machine
6031_040_16	bf6d8b5110ac34043f273989e62fdb8f14c809dc	...I'll ask you this. Knowing that,\nwhy did you do it?	machine
6031_040_17	d0765d0c30668b302819c47537abd70dfa8d1cbd	To prevent the calamity\nbrought about by my\nstepmother from happening\nagain.	machine
6031_040_18	099228cf66b87b133b1af027347235d9f6865140	What?	machine
6031_040_19	1f9cf3f0d3132e9decb1b02d772cd4d9916a9d8f	Whether it be Exalithium crystals or\nGems, it took a terrifying amount of\ntime and sacrifice before they could be\nstably controlled as they are now.	machine
6031_040_20	3b74d92886cd659ceafeadacd0ddcfaf6dba949c	The most extreme example of\nthis, as I mentioned, was the\nrisk of an entire planet\nvanishing.	machine
6031_040_21	3caa75bc1f0cd22ee9cb234a17a8da1ac4c59876	...If the Bazaar were to fall into\nthe hands of either planet now,\na similar tragedy would surely\noccur. I must prevent that.	machine
6031_040_22	6c88e8f5938b53394d935708746d0c984f47623e	...I'm going to be blunt here.	machine
6031_040_23	7cc17ad4896fbffc9d804769dcdaf41f6df1eb94	It was your old lady who\nscrewed up,	machine
6031_040_24	482951ab8498fc889a5440b40505e1a63abb7c3b	and isn't it a bit much to pin\nthat on the general lack of\nawareness among all of\nhumanity?	machine
6031_040_25	6fc9aa4001310b8d83575999a295da6d7d77bde0	It is also true that there are\ncountless others capable of\nmaking the same mistakes my\nstepmother did.	machine
6031_040_26	60043d1b96d4500c56467c55a7974f934ab7c58a	My stepmother confused her own\nmisfortunes with the noble cause of\nsaving the world, eventually resorting to\ninhumane experiments and triggering\nthe Great Calamity.	machine
6031_040_27	70d794810d2bf9f3e9de9d990ac4d932b4fd1188	Whatever humans are capable\nof doing, there is a possibility it\nwill happen again.	machine
6031_040_28	0cb0a544efacfe8d273352f99f35eced910cda6f	Therefore, it is not unnatural\nfor those who know the truth\nto fear it and seek measures\nto prevent its recurrence.	machine
6031_040_29	ef2b1538484c51321a62bbc54aae958210867f2c	But still...!	machine
6031_040_30	f108fe7ce30d8a786e9fd0d4be1245f546535fb2	Furthermore, I am not speaking\nwithout evidence.	machine
6031_040_31	351319aa35b54d462e75c3c956a537cf814d7e84	Heath, you likely only know\nthat the Gem hunters of\nSatellite Rigas, myself included,	machine
6031_040_32	5e51a417519512b06a3d150cd3cc9fd99cb0a4cf	discovered a new vein and\nestablished the Stardust\nBazaar.	machine
6031_040_33	e2fcdb9d29ee628e10d950e1721ddbe764393ac1	In that case, let me ask you\nthis:	machine
6031_040_34	a23cf4cccc14aa73cf05ccaf6cb2cf255059e137	Why do you think someone like\nme, who could have become\nthe supreme authority of the\nStardust Bazaar,	machine
6031_040_35	a2be698c32ba4640675e0ac23c85ad86034d85e2	is living a life of seclusion on a\nplanet like this?	machine
6031_040_37	67a75dc0fdb0c5d935513c2319140cefc80a8a22	Exactly. Long before we ever\nfound the asteroid belt of the\nStardust Bazaar,	machine
6031_040_38	6db5fa5a7b853954214dd82c3462eeb26e9ffd18	Long before the asteroid belt of the\nStardust Bazaar was ever discovered, I\nfound *it* here on Lazuli, back when no\none paid this planet any mind.	machine
6031_040_39	36caf4dacb06a834e267caf20f33f23bd84fc22e	That stone gate, which\npossesses a power beyond\nhuman understanding or\nimagination.	machine
6031_040_40	3bb0043950e0ae427ea7c686be16520236048fa6	...The Urza System...	machine
6031_040_41	0897f1d807fd1ee8a9b48b8182a1bec58b6efa91	I call that stone gate the <font color=yellow>Lazuli\nStone</font>.	machine
6031_040_42	5563a879358b04aa461f9acb2acef5b8afd63977	No matter what happens, it is\nsomething that must never fall\ninto the hands of Raza or\nOber.	machine
6031_040_43	45e643ee2da732adb35443c790abb5ca2cf65a7b	You sound as if you know\nsomething specific regarding\nthat gate.	machine
6031_040_44	e42dc58d43a3c05162aa6955abd0de4bf2cd58cf	...I can say no more than that.	machine
6031_040_45	60f55de16f09d79b6f86b23a4a841b97e660cb80	It is not a conversation I should\nbe having within earshot of a\nRaza soldier,	machine
6031_040_46	845f0640eb26be4586b7c260b65e295cd669bddb	And if you'll pardon my bluntness, there\nis no guarantee that you all wouldn't\nabuse the truth once you learned it.	machine
6031_040_47	10f7285a6a1c79b9a102a152a2acf92b71b29950	Huh?! You can't be serious\nafter we've come all this way!	machine
6031_040_48	de900cbcd56047f976dbb09a46dafedb0a2d7bb4	We don't even know why the\nplanetary governments are\nfighting over this place! If you\nknow something, just tell us!	machine
6031_040_49	52c0aabdadfe78d8935167339c89e71587524b8e	I cannot.	machine
6031_040_50	8796c419c5c202d0a58ba89202f138cfdd47e7df	Besides, even if the current Raza and\nOber people heard what I've said, it\nwould only cause some unrest and lead\nthem to reconsider their roots.	machine
6031_040_51	2fc6222b8f1108387de13198ffdf749281e57723	But the Lazuli Stone is\ndifferent. That... can clearly\nchange the future.	machine
6031_040_52	5483dabd6b16a9d68ccf34ea48dd3ad3c13a00fb	Master Mastima: ...Are you\nreferring to the power of Event\nExtraction?	machine
6031_040_53	a0c3d8869b23665f9ffe184488549b95abfb02a9	...!!	machine
6031_040_54	6b96efecd7b3786b39381e7c06f8cb2d07195028	Master Mastima?	machine
6031_040_55	a6d4b9c3b36b45e27dc97de8c9adf95801990ad6	Event Extraction? What are\nyou talking about?	machine
6031_040_56	dfb7ca7998e609d5408b88dba02a9668d28b9c29	Master Mastima: As I said\nbefore, projecting images of\nthe past is merely a secondary\neffect of that stone gate.	machine
6031_040_57	72dc48a71baf20d5d0fe724a2a9de168817591b4	Master Mastima: It was\ncreated for a different\npurpose.	machine
6031_050_01	1ed965ad29b48f81f8fcac564a191cb371900d84	Wait! Why would you do such a\nthing...?!	machine
6031_050_02	a01f7e33bb1cbc54be1533c5c6b23773d8ee2719	There are some circumstances.\nI've simply looked over the\nresearch materials regarding\nthat gate.	machine
6031_050_03	0c333642ba89d53e4df2c0c95738acb683eed127	The Lazuli Stone... the primary\nfunction of the Urza System is\nthe "Extraction of Specific\nTemporal Events."	machine
6031_050_04	95f743e4bea4e6fd3fca819793f13a01ad8fc516	What does that mean?	machine
6031_050_05	95417d4875574da43e7f93808dd145a56d8d02b3	Exactly what it sounds like.	machine
6031_050_06	6fb4291c6ddb47cfca0c37dfca2e8b099782b91a	I've heard it's a technology that\ncan summon something from a\nprojected image of the past\ninto this very moment.	machine
6031_050_07	091c74006cc6ae44bd314dc84156b48424396a4f	It "summons objects or people\nacross time."	machine
6031_050_08	0a490d08ec520de1f20b2747a3618aef3eba5844	That's just like...!	machine
6031_050_09	02a69d96aee402f15b042eb585609a3989e0dcbb	Yes. Does it remind you of\nsomething?	machine
6031_050_10	a67e87baa9d0c3d89442376286efe45739b7d9cc	Like Evelysse's... summons?	machine
6031_050_11	87f69f78c3c2d1a8ee6fb2f73a25dee0d17e9f1c	I've heard that as long as the\nconditions are met, the Urza\nSystem can summon a\nconsiderable amount of mass.	machine
6031_050_12	f29dad12208da7b7adaf73bd69e08de2321bfa90	Who knows? It might even be\npossible to summon an entire\nplanet.	machine
6031_050_13	5290d0e12b76a125adab3ea369f868b7153f2eac	...What are you talking about?\nSuch an absurd power is surely\nimpossible.	machine
6031_050_14	2ef70cba8f18e9300a9f866d3d730df992724878	...A space-time warp shield...	agent
6031_050_15	4470573f8cf6f9ce2de5a916a313184cc6e0e29a	Hm?	machine
6031_050_16	bef51b9dc8a70aaf77103a54f842be54805bf46c	The mass of an entire planet\ncrossing through time...	machine
6031_050_17	76ae70bd5abc4a9ede683100af7bb598c489f8fc	The Galactic Federation has\nalready confirmed that\nphenomenon as a scientific\nfact.	machine
6031_050_18	87bb3f6f4a5e09f4e22e24115fe5fd3d1baa3c28	<font color=blue>Coro</font> The technology to use a powerful\ngravitational field to phase-shift space-time and\ninterfere with the flow of time within a closed\nspace already existed in Energy Nede 700\nmillion years ago.	machine
6031_050_19	0488cee0da72bef048a3a3ef5b5c5331277c56ed	<font color=blue>Heath</font> Hey, all this complicated\ntalk is coming at me one after\nanother. I'm starting to lose\ntrack here.	machine
6031_050_20	06068779e05d00ab692b6bcce5d662972c5a825f	<font color=blue>Coro</font> To put it simply, we have already\nconfirmed instances where "a lost star\nwas extracted from a past timeline and\nrevived."	machine
6031_050_21	46f5c4c5223f452ab420ca0be4d0a674678a6ab4	<font color=blue>Heath</font> ...Everything you guys\ntalk about is on such a\nmassive scale that I just don't\nget it.	machine
6031_050_22	8d9ab934ffc2123f883512da1c50020bae191b81	Summoning a whole planet\nfrom the past? How... and why\non earth would anyone do such\na thing...?	machine
6031_050_23	81552b738e9a405a97714a84b08ac5cec6ef9895	<font color=blue>Kevin</font> ...	machine
6031_050_24	f484fb5da27ac74e2f10a26700a0ef7b5f98ecf0	<font color=blue>Mastima</font> In this vast universe, there\nwere fools driven so far to the edge\nthat they had to seriously consider\nsuch madness.	machine
6031_050_25	117b1aeef7cba0b89fc3570c8427337b1d86f7eb	Though, I never heard that this\nso-called space-time warp shield was\never completed before I was cast out\nof paradise.	machine
6031_050_26	af80b4225332eea430d20bca997612c44bc12d58	The Captain, Coro, and Valka\nS90 are likely more\nknowledgeable about these\nmatters.	machine
6031_050_28	be97016ab63372845e8c10c9357406b998d10755	<font color=blue>Mastima</font> Indeed. Energy Nede. Energy\nNede are fragments of the planet Nede.\nThey vanished from the universe as if\nfleeing from their own sins.	machine
6031_050_29	529579f5605c0d5c866825cec0b92652a820c585	On the other hand, Vandione, who\nrefused to be bound by the prisons of\nthe universe, set out to protect a new\ncosmic order.	machine
6031_050_30	4c3ff64b347c59303c05e5e11415282912b386bd	And... there was also a faction\nthat researched and applied\nthe Urza System, plotting the\nrevival of the planet Nede.	machine
6031_050_31	f2df3fd699f0c9bf2a9ba022b203dde8556a7c3a	Well, as you know, it seems\nthey weren't successful.	machine
6031_050_32	ae61dc65cf4a6ff2bab59f70c11fbe3d7dcc364a	<font color=blue>Valka</font> Why did it fail?	machine
6031_050_33	6bed758429927452e5f3774bbdcf8ad770b5c977	<font color=blue>Mastima</font> Simply put, they\nlacked the energy.	machine
6031_050_34	53318e762b7b0f9d41ef89de4aa8f8c7e39812fd	Pulling out a mass as enormous and\ncomplex as an entire planet is a\ncompletely different story from pulling\nout a single human.	machine
6031_050_35	673fe6adf9b58534ac6f4cf16fdf1e18b8f3a76a	<font color=blue>Henri</font> Even for a single human,\nthat's generally quite a feat.	machine
6031_050_36	babdedbf8e7a19953ce873b7443166f433f32192	<font color=blue>Mastima</font> The cause of failure for those who\nmight be called the Nede Revivalists was that\nthey couldn't accumulate enough energy or\nprepare a caster capable of controlling it in\ntime.	machine
6031_050_37	93f46058d4441276bad6bbf2bdb14983e746bad0	<font color=blue>Henri</font> Then, conversely, if they\nhad succeeded...	machine
6031_050_38	b81ea91d5a82badf89678d82bde654f5bee2ae28	<font color=blue>Mastima</font> There would be one\nmore star in this universe that\nshouldn't exist right now.	machine
6031_050_39	9db255d5a6bee6363a7893e00d9dbe7fd180d44e	Well, according to Coro, there are\ncases where stars that should have\nvanished were restored, separate from\nPlanet Nede.	machine
6031_050_40	e30efa0236966d94d9625ed55687fb47e49d7ba7	I'll have to hear more about\nthat in due time.	machine
6031_050_41	c9ab0bb90d6d6032b6795f75edaad6dd79364045	<font color=blue>Mastima</font> What's important now\nis that the Urza System is here\non Planet Lazuli.	machine
6031_050_42	a1a2266fb9b4d764d18594a6ecbb70577a7605d3	That significantly changes the\nmeaning behind why Raza and\nOber are fighting over this\nplanet.	machine
6031_050_43	074caef6a1e1bcd7468e44495f10182369e2948d	<font color=blue>Heath</font> You're saying both Raza\nand Ober are aware of this\n"Urza System" thing?	machine
6031_050_44	66a6ba3ea62f95ae5fda08aa0871f1f0f6f71529	<font color=blue>Valka</font> Yeah. In an interstellar war\nspanning twenty years, you have to\nassume there's a hidden objective that\nhasn't been made public.	machine
6031_050_45	bae4354b9bf29de7130621310c477e98cf7c59b2	...Tell me, Mastima. You\nmentioned earlier that the Urza\nSystem requires energy to\noperate.	machine
6031_050_46	23524a36bde7f4911a607a1935344fafc45c6260	In this case, the energy\nsource... is it what I think it is?	machine
6031_050_47	c6978147e185767fb431b6975e7df168444063cd	From here on, this is nothing\nmore than my speculation.	machine
6031_050_48	be9a9365daa8428ebc7a9b60060beb126460f9d9	However, the Evelysse in the\nrecording possessed a massive\namount of cargo stolen from\nLavarnia.	machine
6031_050_49	32038cf28c7203fa458bd2e1d632678c142c595e	And there is a man who established the\nStardust Bazaar, which controls the\nprimary resources of the star system.	machine
6031_050_50	9f86c23dc92b617f04ff92be83d7c50b5aaa3547	And the man who established the\nStardust Bazaar to control the\nsystem's primary resources is right\nhere, keeping watch over that gate.	machine
6031_050_51	4561c2d46adf6c3e9c8ca4dd3d53201e77eb0b82	With all these pieces in place,\nthe answer should be simple,\nwouldn't you say?	machine
6031_050_53	beb7ff186a14c1497ce1de86e9ac33c40c69c3e4	If that's the case, then what on\nearth are Raza and Ober\ngathering them for...?	machine
6031_050_54	886f107d067564b2ff9fba6df513b45f64dbd539	...Gems.	machine
6031_060_01	4f64b10a8a22ffca70ed2df35dca583a7e58c64a	In that case, I am concerned\nabout the Thornite.	machine
6031_060_02	9490a1a18841294573df7e8944f31461be7b2e8f	The fact that a Thornite is\nnear a gate with the limited\nability to interfere with\nspace-time is...	machine
6031_060_03	65d8f611a18da1823f07bed96104ebee45031730	I heard about this from\nEvelysse before.	machine
6031_060_04	4e8e3f44d869aa698b8881a96f8c499ff58b9a6c	Givel said that the Thornite's\nthorns act as antennas and\nneedles to repair dimensional\nrifts.	machine
6031_060_05	23459eb225e27d5596a18ce2683ecfeae08cfff4	So, I think it's trying to repair\nthe space-time distortion\ncaused by the gate's power\nthis time too.	machine
6031_060_06	80cc1df87df45c1ea0140fa05271f019bae0ba69	Hmm... so the Thornite appears\nwhenever time is crossed.	machine
6031_060_07	0050d86964e43b64bc79e9e3d3f97e2618694355	Then what about the incident at the\nBazaar? Was the Thornite that\nappeared in the Rose family's\nwarehouse separate from Givel's?	machine
6031_060_08	9415006e0ac4bd684da21124eff81694c996790a	We don't have nearly enough\ninformation right now. Don't get\nahead of yourself.	machine
6031_060_09	bfbfb9822df673192a33c328dd707889962364b4	For now, we have no way off\nthis planet. Besides, our\nprimary goal is to get Heath\nback to the mothership.	machine
6031_060_10	c42afc47cb7612c9e485303f11fba10f210250ee	True. Since there is so much\nwe can't confirm, we should\nfocus on the goals right in\nfront of us.	machine
6031_060_11	d8c5ed9772b532b25d5688cc49644da04c115a90	But given the state of the\nOverman... all we can do now is\nwait for the ship to be\nrepaired...	machine
6031_060_12	3f56957e1ce7d4ac7b6ff0b4a6371d0e136ed040	Hm? Speaking of which, what\nhappened to the owner of the\nOverman?	machine
6031_060_13	fd6ddc7b4f73eb895c446cf6b5a2ba16939d4510	I noticed Welch disappeared at\nsome point. No wonder it\nsuddenly got so quiet.	machine
6031_060_14	bc6286051c4e0871bd69bcb70712e4ea5d85886f	Oh, those two?	machine
6031_060_15	6b3c95703dce1baa9277c8e44e4ee3febeb1a69d	They went to repair the ship just now,\ntaking Euwin along and using the\nmaintenance machine they borrowed\nfrom Kevin.	machine
6031_060_16	7c16419569a58da08fbb411fbee55920ddb42344	Welch said that since I wouldn't\nunderstand anyway, she'd just\ntell me later.	machine
6031_060_17	7ab3bf677cf6899ab0246e1a7eaf215151b14f40	...Poor Euwin, getting dragged\ninto that.	machine
6031_060_18	9e48e6dd26b68fd372a3feb1ec66bc7b36b6b442	No, I'm thinking of Euwin.	machine
6031_060_19	4af0a88d252fe799ae119705adb3066b6569c64c	He likely volunteered to keep\nan eye on things so Welch\nwouldn't break the Overman or\nKevin's machine.	machine
6031_060_21	cf5d2ae7cbe45db52ce271e3a47825999986d720	In any case, let us wait for the\nOverman to be repaired.	machine
6031_060_22	5f67dfb168ad65c060f1b829217feeffd842430b	We've had one trouble after another,\nand we've received far too much new\ninformation. Everyone here must be\nexhausted, both mentally and\nphysically.	machine
6031_060_23	ff06fefb52659e495e34dc0258eb8c74a6682d91	We should take a short break.	machine
6031_060_24	4245b3492b8c691ac0bf763fe199df78ef88ff92	True that. I don't even know\nwhat I'm doing or what I'm\nlistening to anymore.	machine
6031_060_25	d1de2fd9d90fb59eb0f1dd6c4c79eec9bfa4bb14	Kevin. I wish to apologize for intruding\nupon your territory so suddenly and for\nprying into your affairs in such an\nabrupt manner.	machine
6031_060_26	3a85a48fb08f63ca9dd9d8de4967aa427779f28f	That being said, I have a\nrequest. Please, let us rest\nuntil the situation aboard the\nOverman improves.	machine
6031_060_27	b98483be1be37dcbb1067b1df0d944f754579508	...Yes, that is fine. I also have a\nfew more things I would like to\nask...	machine
6031_060_28	3e374459098660c3678fb27a5d10edb5f21a61c7	Captain. Coro.	machine
6031_060_30	eacbcb80b259bde8b02310a59d41a88f7ec336f2	If you wouldn't mind, could you\ntell me?	machine
6031_060_31	982be5f08cfac1e79b93e33b366c7d3df8f5953a	What the "Earth" in this\nuniverse, in this dimension, is\nlike right now...	machine
6032_070_01	eeacc5f30843f49a7006480f58dcb29705546c15	How's it going? Is the repair\nproceeding smoothly?	machine
6032_070_02	86097da4214925aa9dd9844242009fe31eb900ac	Oh. Are you guys done talking\nalready?	machine
6032_070_03	137c290b6a72bb12423f1b030ed43136c6b3c0c6	Not exactly, but we're taking a\nquick break.	machine
6032_070_04	e66bcd8627be70cfdb2aa1522e3491075a82b241	In the end, there were still a lot\nof things that didn't quite add\nup regarding that gate and the\nreason for the war.	machine
6032_070_05	e2a6b0d332eabb838bc6d41c756d9eb2a4459c82	Hmm. I see.	machine
6032_070_06	7c1442cd75172af24a7c1e8987a7af80fb3d02c4	So? Euwin, you look exhausted.\nIt doesn't seem like you're just\nhelping with the repairs...	machine
6032_070_07	7e73549c09acbebf0f7e463da799937ba23a1263	Ah, well, there's just... quite a\nlot of Thornite around here,\nwhew...	machine
6032_070_08	76b8fd45a8be53ac19ee7ec7adfced076328c72a	You can't be serious! Were you\nfighting the Thornite all by\nyourself!?	machine
6032_070_09	5b7ff6849aafc5d822266cd9b25048ecd8c9fee0	I wouldn't say fighting, more\nlike driving them away...	machine
6032_070_10	a2199c183a724d03f5f9b2fe783781d9e8913451	You see, we accidentally broke\na bit of Kevin's big machine.	machine
6032_070_11	58aa9518fa682bc33252b5ed570239b5b92594fe	Right now, a spare machine is\nhandling the capture, but...	machine
6032_070_12	64de942ae9062da2bc6a67d80937cde37e1834e6	It's a spare, so it's wimpy. It\ngets tossed around easily.	machine
6032_070_13	649c13af87b4f85c8296aa9cab6493f53f456c31	It's getting in the way of the\nOverman's repairs, too. That's\nwhy I told little Eu to go give\nthem a hand.	machine
6032_070_14	b919638a56dc35f1b15e334dbc6e6be4f521abb6	You should have sent someone\nto get him. What if he got\nseriously hurt?	machine
6032_070_15	25a9364356f983e45bc3a521a3d9335c92d730a2	Oh, no, the fighting itself isn't\nthat hard. Besides the spare\nmachine, Lavarnia's... thing is\nhelping out too.	machine
6032_070_16	a350c46d37853d34f07b162339e389da2d4b7011	"Thing"... you mean those wings\non Lavarnia's back?	machine
6032_070_17	76d9ca02c569b6f1995494bc3b631ea574390077	Right?! Isn't it amazing?! I heard Lover\ncan make them fly and even perform\nsimple attacks just by thinking about\nit!!	machine
6032_070_18	f468b70575687b6cc844a1a8af18948c13122ecc	Huh. It is impressive. But why\nare you the one bragging about\nit?	machine
6032_070_19	d124959517ac4f89511883d17a728e996827dbf9	Because I'm going to have\nthem teach me how to make\nsome! Hehehehe.	machine
6032_070_20	b5624352e9921f93b19bfe104c2b809f37868d12	...Anyway, they seemed to be\nhaving fun, so I just got caught\nup in it.	machine
6032_070_21	131b8714a05b43e799f6630e7f1c83e44fc54381	I wish Mastima's research were\nas heartwarming as you two...	machine
6032_070_22	e83da462456242f0441df0bbe1016887151243c3	By the way, is there anything I\ncan do to help? Looking at the\nsituation, it might be a good\ntime to switch with Euwin.	machine
6032_070_23	93f73da26e961ae8afe6475c2100930632ec39c4	...That would be a help. Euwin\nsays that, but his movements\nwere starting to slow down.	machine
6032_070_24	26628fa2045fd9198648974f6b90c67cb85e10aa	Haha...	machine
6032_070_25	8f8f662c05af7d255c9bbc01ca53c02980d957bc	Of course. Go get some rest.\nSince we're capturing it, we\ncan't beat it up too badly,\nright?	machine
6032_070_26	f4f85fd6cee14528ad997052f70603841738fdf3	...It seems so. Look, it's already\nhere.	machine
6032_070_27	583b728fcf1e58549e1441dc9aea11066322a739	Those wings act as eyes, don't\nthey?	machine
6032_070_28	02802a4b5e9167308bf8d2b9901b30735732b448	Leave it to me. I'll give it a little\ntwist.	machine
6032_080_01	39edac1160a2ffa29bb7a2a5a2fabec91a9c7ec4	...Impressive.	machine
6032_080_02	1bc8575e26d001001dac6c9a1551a65dd76cf3c3	I had the support of your\nwings. Otherwise, I might have\naccidentally taken out two or\nthree more.	machine
6032_080_03	958fa9e2b2989f2a3e26f586ef7111d7644356cb	...Thank you.	machine
6032_080_04	3266107c89a034648819e421670ea3945d234335	I'm sorry. We ended up\ndestroying your ship for our\nown convenience.	machine
6032_080_05	61b6f4e0b0b9e31ed007c83f6fb762e230730b69	...It can't be helped. It was to\nrepay the debt of saving my\nlife.	machine
6032_080_06	42c51981905e696a4a09456f622be423f89f16df	I don't think it was quite that\ndramatic. Besides, you're a\npretty capable fighter yourself.	machine
6032_080_07	6361dfb972f0601c8302356afec2da135865025f	...I'm not as accustomed to\ncombat as you and the others,\nKarlyn.	machine
6032_080_08	7048ed9ff22eb9ce1c210e17baec67ebb537e07a	Oh, really?	machine
6032_080_09	883e50ea53b02e3790058b66788b3ebef7cde7f8	On our ship, we have a\nmachine called "Lambda."	machine
6032_080_10	e428de61d69ad4d2b4945fc88bc86031f7d59506	It has something called an "AI,"\nwhich allows it to judge and\nact on its own without anyone\ngiving it orders.	machine
6032_080_11	fbd5467a6b48ea474d515fd03180aeefc56e2671	...And?	machine
6032_080_12	72944666811e0c122bcf3cc9b04802c379540629	But with your mechanical\nwings, you're the one making\nthe judgments and directing\nevery move, right?	machine
6032_080_13	46bf93d5b1d60bc71213711613a05a4aafdb8878	Your support for me and the\ncapture machines was precise.\nThat's not something you can\ndo without combat experience.	machine
6032_080_14	ac4fdd2d7f3e78125f3a2cb69e94fa56b6122389	...Do you think so?	machine
6032_080_15	9c970ce265f3afbfd0434d0e868e7db32556a139	Hey, Eu! If you're just lounging\naround, give me a hand. Bring\nthat radiator over here.	machine
6032_080_16	b48f6b8e5b92cbcd02f7cdd0436decf7aa955562	I'm resting because I need to\nrest! Which one is the\nradiator?	machine
6032_080_17	0d368f24da576a6d60841d1a85cd1f833bdf6f71	That thing to your left! The one\nthat's all clunky!	machine
6032_080_18	138b3367fb9b1896265523247c7c9649a89e81a2	What do you mean "clunky\nmachine"... Is this it?!	machine
6032_080_19	9ae86b78f7c04d3372960b62bd9a6365c833b358	Yep! Can you attach that to\nthe top part over there?	machine
6032_080_20	322b24b9723dcc4b03be60e7f53864223d4552ca	Where?! How am I supposed to\ndo that?!	machine
6032_080_21	6bbd1bbf396b85ec6cc36649c8b43e99998a7edd	Just make it look good!	machine
6032_080_22	809931c95b769cc6b53d4b94a2aaf09d7b95ffc5	No way! Lavarnia will get mad\nat me!	machine
6032_080_23	3d9a53ab6f99705533e1339245d0c3be4d7e2ca0	...Those two.	machine
6032_080_24	5590ff8011105dbc9611adfe36ab2f63edc164d3	Hmm?	machine
6032_080_25	7cab90c3e0ae920608b8d275f206fd2c2ced3940	...Are Euwin and Welch lovers?	machine
6032_080_26	3d987604dddb2801f152efa1e2f622e233b9d56c	Oh, aren't they basically\nmarried?	machine
6032_080_27	9e793f475696b6a005d680f74331e883f818ba0f	What!? They're married!?	machine
6032_080_28	3223e0f39b8cdc86f3002011e3e0332380a42d20	Oh, sorry. I didn't mean literally.\nI just mean they don't have\nthat unstable, immature kind of\n"lover" relationship.	machine
6032_080_29	e3e9ad46226cc40d532d599fe999c9396e453987	They've developed a bond\nmore like "family"―something\nthat can't be severed.	machine
6032_080_30	ec58d244cfd9a4d648ab5804d78dac29267ea902	...Family.	machine
6032_080_31	e00c2a6478f4092a26e2f1883abe2ddf85dde466	They accept any absurdity...\nthough it's usually Welch\ncausing it...	machine
6032_080_32	2c8c22c6bdde6a23a43c24f57c56bbc8965242fc	And if one of them is about to\ngo astray... again, probably\nWelch... the other would risk\ntheir life to bring them back.	machine
6032_080_33	f9ad505672bb29943498a586dcf1064eea97c91c	Normally, they understand each other\nwithout saying a word, and they share\neverything, from the joyful moments to\nthe infuriating ones.	machine
6032_080_34	5436c7e9ff200b1747b3eebe36678ff60658659d	If you asked me what that kind\nof relationship is, I couldn't find\na word other than "married."	machine
6032_080_35	eecac6bd1bdca84cd9ab747bf6ad1fe86171efa1	Just don't tell them I said that.\nThey'll get angry.	machine
6032_080_36	3ef3e5765488009ad90232e4300d5ce2c084a3ad	...Strange. It's the complete\nopposite of my father and\nmother.	machine
6032_080_37	5590ff8011105dbc9611adfe36ab2f63edc164d3	Huh?	machine
6032_080_38	08341d90a9d02cf0e7373911cf1fe6e4e9caffd7	...My parents... they ended up\ntogether after a great\nromance.	machine
6032_080_39	8f60abc7ea71490b0e852d5560d34e8636c96f8f	Is that so?	machine
6032_080_40	ce4cf8ce8193ad6eca2f1ab18ae7dfbe90215a06	Succubus are often called a\nrace that seduces men of\nother species, but that's not\nexactly right.	machine
6032_080_41	6f45dfd158a1a985c3faefa5c82d41e270239758	We simply unravel the other\nperson's guard and steal their\nGem power through their\ndreams.	machine
6032_080_42	d40b92e5146d7f73c7d53c44b0fc21eb60afc4d5	Well, I suppose it depends on\nhow you interpret "unraveling"\nsomeone's guard...	machine
6032_080_43	be6dbc462288625da933fa7723e22729813ca1c7	...But we are destined to stay\nwith only one person for our\nentire lives.	machine
6032_080_44	69e5d55ec89cde6a941bac9fe835a78ae8d84daa	Until that one person is found,\nwe must absolutely protect\nourselves.	machine
6032_080_45	711b50e9541588eb529c0cbfab1ab752eceba9d0	And then... when the time\ncomes, we fall deeply in love.	machine
6032_080_46	b536d9b30e3f0991367332f0bdad24862a1c68eb	I see.	machine
6032_080_47	dc3bdcf1bd8899e70cd99df8af56f427952aada4	Apparently, my mother simply couldn't\nunravel my father's heart or peek into\nhis dreams, and she became desperate\nto know what he was thinking.	machine
6032_080_48	522c2e96d3b3560693748f7c4ec3c6779dea35ad	She chased him for years and\nyears, until she realized she\ncouldn't think of anything but\nhim.	machine
6032_080_49	36d530f3b265e81e131c7b7629bd31d537b698e3	That's why she always told me\nshe wanted me to find\nsomeone like that for myself.	machine
6032_080_50	b5dcb1c0ce602f67925ab95566f6e79fb379a8b3	...Wait, could it be?	machine
6032_080_51	34af337218384b272483e460253bed51fcc09442	...Just so we're clear, I'm not\ntalking about Heath.	machine
6032_080_52	7e0bcd5d1a3a7822925a241835d4caa888e0e0a9	Oh?	machine
6032_080_53	eefa646c96d1642edffb4ed89876f07cd7580bfc	And it's not a case of me being\nshy and actually meaning him,\neither.	machine
6032_080_54	aa641f4e61d8d57db9cc213bd3be358382630d82	My, my...	machine
6032_080_55	cc0e3cf155e34ea99cf22194b330c8c3c6599763	...Heath is different. It's true we\nwere close back when he was\nwith Rose's family...	machine
6032_080_56	93e470cee5b2d347d033ba6346775194e44ae9e8	But Heath is simple; it's easy\nto see right through him.	machine
6032_080_57	3e651d84dedb8f2479ccb7783d49a6f219706ead	He always treats me like a\nchild.	machine
6032_080_58	4de1bc62782ab1d3594233ffeefc9dc5c0ae8acc	Even now. He thinks I'm just\nsome pampered princess who\ncan't do anything without my\nfather protecting me.	machine
6032_080_59	7092c8c04b668c38f9e9739b1158b3a6483ad780	...I see.	machine
6032_080_60	53dc2cf8bea22c71dde0b3ee5782e1bd02932873	...I just wanted to show him\nthat I'm not like that. That's all.	machine
6032_080_61	7bd54d03eb8e1623e425369b6d5efe0663565cab	I see... Yeah. I think that's a\ngood goal to have.	machine
6032_080_62	bbbad52768c3c106fa12263bd5a1eaef692bf173	...Ms. Karlyn?	machine
6032_080_63	da3ba0f56306f7d92dac614f1e7750766d495421	It's nothing. I just think you're\ndoing fine as you are.	machine
6032_080_64	3caef59a707f02c2c055d35cfe314be0a24dec1a	Sorry for interrupting your\nwork. Could you keep an eye\non Welch for a little while?\nThanks.	machine
6032_080_65	5ebe8c066d7a4edab4a134ed68647a225aad66f1	...O-okay...	machine
6032_080_66	382e50bec76bc10815e97094358a7f63a8749c30	There! All done! Thanks for the\nhelp. You're always so reliable,\nEuwin!	machine
6032_080_67	e0521137ef17030dc9c5b48942ecc68b5cbd298d	Yeah, yeah, you're welcome.\nCan I take a break now?	machine
6032_080_68	5e7c0d2a3b0094345ce1232f0129eda855f8997c	Yep! Thanks again!	machine
6032_090_01	7241a18f0ea95d9e9f1fc77fe1faab39382e443f	So, how's the repair coming\nalong?	machine
6032_090_02	e5112119a763025efb26b83cdb3c0b111532e149	Thanks to the parts Kevin gave\nme, it's mostly fixed. It should\nbe fine if we're just heading\nback into space.	machine
6032_090_03	6c210397b8b7ba634ca6632448f601c18a0d8132	No way! That's insane! You did\nall that in just one day?	machine
6032_090_05	ecb5d539f97419d6317652f0a64c0214f8a94ade	W-what is it?	machine
6032_090_06	8868dd3e6bddbc92630d65fd270a25a8a529a391	...But there's nothing I can do\nabout the Warp Drive.	machine
6032_090_07	10810031fca0a62ed04ac778b79829dbc93878ee	The reactor specs don't match,\nand it would take over a month\nto manufacture the parts from\nscratch.	machine
6032_090_08	e00397d6af0d6bebd30426426e923c751749f340	Hmm... it really is inconvenient\nnot having a Replicator at a\ntime like this.	machine
6032_090_09	35d42cde3001abdb9d04e4635893f237ca1b6b3b	We can't take any risks without warp\ncapabilities. Especially with McKinley\ninvolved. Around Lazuli, mobility is\ndirectly linked to safety and survival.	machine
6032_090_10	13d998133e252fe5a2e3f23c218c4ea3f46473bc	I have stockpiled enough food\nfor everyone in case of\nemergency, so staying here for\na while won't be an issue.	machine
6032_090_11	77439b6e801b5ec2ff3e5f602846d7b72d788cc4	If it's only for a month, maybe\nbeing a nuisance for a bit is\nour best bet.	machine
6032_090_12	d1ff27fc47459aba64c1685648d5570efb390074	No way! While we're doing that,\nEvelysse might go somewhere\nelse!	machine
6032_090_13	9235313c480cd1762c84d2ac3a25a5fcd7cc1d9b	I hear you, but unlike during\nthe Holy War, we aren't in a\nsituation where acting faster\nmeans the war ends sooner.	machine
6032_090_14	c8fd09f4619f90c949f981d7812fad03c361b473	Even Evelysse isn't moving\nfaster than a starship,\nregardless of how she's\ntraveling.	machine
6032_090_15	b7282673c73748812e1ef108651d31498e49d428	True. And based on the\nfootage shown by the Urza\nSystem,	machine
6032_090_16	12538d1e01baf49191fc46be0ef1b046031d30ae	I believe the purpose behind\nEvelysse's actions lies\nsomewhere within this Azurite\nsystem.	machine
6032_090_17	0ef33ba45caf881aacf48d92f30b148e7da67b42	At the very least, it didn't\nseem like her goal was simply\nto watch some footage on\nLazuli.	machine
6032_090_18	0b46e8bc1576bc2512493b4714265bf80c713f47	I guess... that's true...	machine
6032_090_19	f676c8722bddc623b34bed767f29912d1e9bc111	I understand that Kevin's story\nwas a huge shock to Heath,\nValka, and the Captain.	machine
6032_090_20	d286106fe3520da2132392793590fa0d838e83df	However, the events he\ndescribed are, after all, a\ndistant part of history.	machine
6032_090_21	86199502897c1022d6b11dec3e7e719a9abdc418	While they may provide a hint\nto unraveling the present, they\nare a bit unreliable as a guide\nfor the future.	machine
6032_090_22	8b6c8c23a2e065c0bd283769151c88b218911a2e	Ultimately, I believe that\nmoving blindly will achieve\nnothing if we cannot grasp the\ncurrent situation.	machine
6032_090_23	24a842d99071875ddcafec58e8ac41d54e4fff17	...I... yeah... you're right.	machine
6032_090_24	b78d076d47bcee8ca29d283cd5afbf919d6e44af	...Tika...	machine
6032_090_25	bf18a717426307d11f2f5145d7a5c870f51888e2	Say, Captain. If we cannot\nhead out into space right now,\ncould we perhaps investigate\nthat Urza System ourselves?	machine
6032_090_27	799f614c498cd135478cc7a343ff3f7a927eab19	The Evelysse in the recording\nwas using Lavarnia's Gems,\nright? Why don't we try to\nrecreate that ourselves?	machine
6032_090_28	c33160bf00c8ce3833e14b065805a2d642b838cc	I see. We do have the\nnecessary components.	machine
6032_090_29	de528f8dc872a995420b8344a40bcbb3ae8ee51e	First, Karlyn's summoning\ncrest. As for the Gems, there's\none final box left that wasn't\ntransported by McKinley.	machine
6032_090_30	1515f562af61161745a49047dedf6cf85b035265	Regardless, if we can view past\nrecordings through the Urza\nSystem,	machine
6032_090_31	8ab137676fb902b4faeec9ae608bdd377d79f886	we might be able to trace\nEvelysse's footsteps or find\nout if Raza and Ober are truly\nhiding the purpose of the war.	machine
6032_090_32	79d8fc98b5c3f8b62a2693f97a664198e88338f3	Yes. I'm not confident I can handle it\nwell, but I think I should try again too.\nFor the sake of learning Evelysse's\ngoal.	machine
6032_090_33	6abc9f3c73b694d0fb70c13f07adeaa1421ea6ea	I propose this is a useful plan.\nMista Kevin, do you concur?	machine
6032_090_34	d09f3f3c23887c0d18819b4330b72701d05fe949	...That is fine. I have spent\nmany years researching that\ngate, so I am curious to see\nwhat happens.	machine
6032_090_35	b7a50db0f2b596d98a7da01a4ccdd3c6b8e922ea	Even if the conditions are met,\nwe don't have a manual. Stay\nvigilant.	machine
6032_090_36	0104eb00c3a9428f78a1ac95756fa51629038c84	I know. ...Let's go, everyone.	machine
6033_100_01	d17c756d6441100c3e29a7add5a0d743cfd3d289	All right, let's do this. Evelysse,\nyou're holding the Gem, right?	machine
6033_100_02	ad1e77abee7117db484fa01e9f1b0b318dc4a85a	If you sense any danger, we\nstop the experiment\nimmediately. Don't push\nyourself.	machine
6033_100_03	b7b119f1d0508f57d2d1cef2385f082b2535bd56	...It's actually kind of creepy\nwhen you're genuinely worried\nabout me.	machine
6033_100_04	16ee3dce71b7ceb2eb0f1e2b9f1f918e9a446b04	...Alright, here I go!	machine
6033_100_06	8dfe5f0f76f0eb2188edbe3391fb4f3362cc62ff	...Sparkling stars, become the\nbeacon that guides him!!	machine
6033_100_07	caab91c96011fb9d0b0cc9947d535bbaa1bdab1f	Whoa! What is this...!	machine
6033_100_08	78a0e084141bdf8b71c4243744a10d24f8569bff	I-incredible... I didn't expect this\nmuch...	machine
6033_100_09	0d580b5cbd0f9c53e165b22052edd9cd816f4594	This is on a completely\ndifferent level than last time.\nThe image is much clearer\nusing the Gem as a medium.	machine
6033_100_10	3751d55d3adc8672010b8f2a5c93e5c1394b90bc	Hey, look over there! Isn't that\nRekoro?	machine
6033_100_11	e313e7d23003defda94a01765fce3f6aa9bed50b	You're right... If he's doing something\nwith Lambda on the Bridge, then this\nfootage must be from after we left the\nStardust Bazaar.	machine
6033_100_12	94c5531bfbeec8e6bfd635cec5f1a8ff6c2e7538	...Over here is the Baschen\nImperial Capital. And that in\nthe bottom right is the\nRubarika Royal Capital.	machine
6033_100_13	77ddc20dba155705d3cda0ebf8480f9222de5951	Hey, Captain! Isn't this the\nforest where we first met\nWelch and Karlyn?	machine
6033_100_15	d4f10f7e19a8703b553ae89b6c1b87a110eb6f66	I can see Onelsen's Ark and Ex\nGiva as well.	machine
6033_100_16	de6bfb7303fb84e14366b0ce87c118b411c2598a	That... is my starship, crashed\non Daftes...	machine
6033_100_17	9c829c784b42141cdf08c0cfd1fe93c7e2666b44	Aside from Rekoro, it's mostly\njust locations. Can anyone\nnarrow it down to a specific\nperson?	machine
6033_100_18	0ed1524aeabd3f847a5c5a510239e30b1077581e	W-wait. It really is quite\ncluttered, so I have to be\ncareful how I handle it...	machine
6033_100_19	fd41cd8979023a4e5342d59130ad27cbe5941ff7	Um... how about this one?	machine
6033_100_20	3c4a44934c04d0c4e62e1d2fe5e019d824fc740b	I've never seen this before, but\nI can see a winter scene with\nVerda and the Captain. It\nshould be appearing up there.	machine
6033_100_21	45e4e236daa2e2e734557fc6c1491b2b68689ea1	...Levarance... After Eldram and\nGrandfather were gone...	machine
6033_100_22	901ab7d2ba41b9f049640ffdc4d946015775d5cc	This one is Tika. I think it's a\nscene from Ex Giva.	machine
6033_100_23	82083dc063b8ac915ce1bbbdca72b34e8ceb14a6	...Yeah. This is the third year\nsince I went to Ex Giva. Hey,\nMastima, that Bunny person...	machine
6033_100_24	fe5d62e9bb50d0e7a2747908ea7004e42956e054	...Yes. Quite impressive.	machine
6033_100_25	16807c1679aaaca0ea225958741514a75e6219dd	By the way, are you feeling any\nphysical discomfort?	machine
6033_100_26	25ab715a2f87c91598fa7021c6188652fdfa7eb6	Not really. It feels like I'm\ncarrying a heavy load that's a\nbit too much for me, but I think\nI can manage a little longer.	machine
6033_100_27	6c3303cb4c1764822a46cb100d2402b8b0a75dcd	Still, it seems difficult to find\npeople I've only known for a\nshort time. I think this is Heath,\nbut...	machine
6033_100_28	99aa29824997185ce2c1daf2353f54801845e493	What!? Stop it! My past\ndoesn't matter right now!	machine
6033_100_29	56e58ddac54020b44fe633807b47279377615b4a	...Fine, let me see.	machine
6033_100_30	223a21c563c49ed3537f0fc2b7ca3eaaa7179515	Hey!	machine
6033_100_31	2cc543584b75a095064490ce294e32e866ef0dc2	Sorry. Once I focus on it, it\nseems to just pull me in\nautomatically.	machine
6033_100_32	a8c3f224954ea175390e01899d98a59b491f5ccf	He is wearing a uniform. He\nlooks a bit younger than he\ndoes now.	machine
6033_100_33	bb171d26ebce9726ca44b9870810818057d44c18	Tsk... That's a recording from\nmy commissioning ceremony.	machine
6033_100_34	ca669f110b63d90b0d051166665d64761fe31b23	Karlyn: Hmm. You look quite\nproud of yourself. I guess the\nmilitary life really suited you.	machine
6033_100_35	1a1f929b259755d2ef38d43d1cd713b303429428	Watch how you say that...	machine
6033_100_36	7624833cdbb8ec6a88a25025d4bb2574f51ee87e	There! I found it! This is the\nrecording of Evelysse I saw the\nother day...! She should be\nappearing on the right!	machine
6033_100_38	533346c24fca0e2ffd2dbba8d0fe81fad9e3d1da	Oh, it is far clearer than it was\nback then!	machine
6033_100_39	7b18d66b4117634c540fcd0306432f28fbb39f68	They've been staring at the\nrecording while holding the\nGems...	machine
6033_100_40	8c2c7b483d9e347a934be65f6d04acee1f93d488	Kevin. Do you know anything\nabout her?	machine
6033_100_41	0834d5666ff8d0e72242dd89942fd14f0baafa13	My apologies. I have never\nseen her before.	machine
6033_100_42	dbf018590ea894fee3dd00b5db45fffb2b0d5fe3	I see...	machine
6033_100_43	c6ab639f08117411ccb1b084041dd0aaebfa1874	Hm? Is Evelysse watching a\nrecording of some planet?\nWhere on earth is that...	machine
6033_100_44	0febcfb236197edb550d1d2766cbdcc268e959f4	Earth...	machine
6033_100_45	5590ff8011105dbc9611adfe36ab2f63edc164d3	What?	machine
6033_100_46	add7d1d608f52db2bac690b5293436062adfa836	There is no mistake. That is...\nEarth.	machine
6033_110_01	01d19110008dc0ac03389db75f0d1ba7323fb0dc	You're right. The shape of the\ncontinents matches Earth\nperfectly, without a doubt...	machine
6033_110_02	d0b1ed56b642af0bbf06eaeb468f4b0333af060e	And I think it's Earth from\nbefore my time or the\nCaptain's... before the era of\nspace colonization.	machine
6033_110_03	103ff7ec279965e999c09d4904720719e0e29cb2	What makes thee say that?	machine
6033_110_04	7b8f8317963547783a157f9f78ec865f2545d147	If we were looking down at modern\nEarth from that distance, we should\nsee many more starships and space\nstations just above the atmosphere.	machine
6033_110_05	06f07949b9ac11967401a8429d4b094a442ef835	It wouldn't be like this, where\nyou can see nothing but the\nplanet itself...	machine
6033_110_06	e5ab9b9c5f6a809489eee18f1acc53c7190b54dd	Huh?	machine
6033_110_07	43dfa92311e280d64f4357961bca2b7879d94566	What is it? There is a light... on\nthe continent in the Northern\nHemisphere.	machine
6033_110_08	2cf42191cfb4634d551cea87e39f02dc47f422ab	Is that...! Valka!	machine
6033_110_09	6af168ac05bf7830e2cfcc51a911beddfe962269	This light... Mista Kevin, could\nthis be...?	machine
6033_110_10	f0124a5993494de4f40a340ba4ac21232d2fbee8	Yes... there's no mistake...!	machine
6033_110_11	7481844950be78156d384d374fcc916a24635dad	The Earth Lady Evelysse was\nseeing isn't the Captain's Earth.	agent
6033_110_12	8aa102caab1c752fdd7bd4a4b06ea396275d639d	It's Mista Kevin's Earth. In\nother words, the planet Raza.	machine
6033_110_13	8f693cfd05ad3a23c13835c5ae391595542e9c9c	What!! This is Raza...!? You mean this is\nfootage of the exact moment it blew up\nbecause of a failure in handling\nExalithium crystals?	machine
6033_110_14	c51c4a9b0df8e40d42b9c430e3f86dd570e30aff	Why on earth is she watching\nsomething like that?!	machine
6033_110_15	02ac2ea48910600f5a1da7bc340b8cd4d8920ceb	I don't know, but... hm, it looks\nlike the image Lady Evelysse\nwas seeing has cut out.	agent
6033_110_16	242498006224f59013b0cb10dce6c47307bb7ebc	The Gems Evelysse had were\nshattered... They were probably low\nquality, so she couldn't make them last\nas long as Karlyn did.	machine
6033_110_17	7ae9871ebfbc3eec794210951252ecedfd5ad71d	But I'm reaching my limit too.\nIsn't there anything else that\nlooks like a hint?	machine
6033_110_18	21cff367e96d5bd5dbabb6eacfdd6c988a92a152	Evelysse has picked up the\nnext Gem and started watching\na new image! Just hang on a\nlittle longer!	machine
6033_110_19	fe576dac9c93313efc34e01b3eb69e2799b2202d	This image is kind of dark. I\nwonder if it's a different Earth\nthan the last one.	machine
6033_110_20	a16177a35d64e22d360bb753a01ab83cf44374ac	The screen is small, so it's\nhard to tell... but it looks like\nit's inside some kind of building.	machine
6033_110_21	dc0ad4f8aa46901934586ed18da5848ad6120709	It gives the impression of a\nscience plant or a medical\nplant. Look, there's something\nlike a bed in the back... huh?	machine
6033_110_22	50449d30d73578979c7c7dbe30d36b979e3abd7d	Oh.	machine
6033_110_23	5fb2490f07a3ab251961ef896f3d84a187dfcdec	N-no way... that person! The\nperson lying there...!!	machine
6033_110_24	1b647d400dd3662fa5d221234ebc73340bbd5067	...Givel...!?	machine
6033_110_25	00194f2c49fe6ad9ff6ada9ff09813b94454a57f	What... Givel!?	machine
6033_110_26	7d0db518ad72e03d0549f24f0d55e51f0d230edd	No mistake! It's Givel...! Look!\nHe's lying there on that\nmechanical bed!	machine
6033_110_27	e96339db15dadd98ef6a2d732f75cbfb6cb5adf7	He's gotten so thin, and even\nhis hair color has changed...	machine
6033_110_28	5ea28ce5e79cfe164e8221c7fc75cf5eec2a3004	Is he unconscious...? It looks\nlike he's being restrained.	machine
6033_110_29	afecdfb8d7b20ed9c5a4b1865f9f692601672c29	Wait, there's someone else\nbeside him...!	machine
6033_110_30	36d9b9ce29789f267fe9beef0644693181852dfb	Wh-who is it...!? Hey, they're\nfacing away, I can't see their\nface! Get around them and give\nus more light!	machine
6033_110_31	30d4865b57381a5c08386d4c8c6b3bfe45140945	...Why... why is Evelysse seeing\na vision like this?	machine
6033_110_32	8acbc0a76ced00937ac77ef50ef5b7ea3aa4ffd0	Ugh... I'm reaching my limit... Is\nthere anything else...?	machine
6033_110_33	438bac12181ed1d7b35892159a0854c03f032d42	Hm? Evelysse is turning\naround.	machine
6033_110_34	a8270e12e68b37dfa8ff9c05ae0f6e776fd3605f	"...This feeling... could it be\nKarlyn?"	machine
6033_110_36	a8a683c31ab2a896997df5c45d690a955d5cab61	"...I wonder if Mastima knew\nabout Urza's Gate...	machine
6033_110_37	b82ce76257d38ae99e57451e8d90f9b6294bd94c	...Even though I told her to\nleave this star system."	machine
6033_110_38	34677848649f4d5a97f41873c290659460adb274	Evelysse! Evelysse, what are\nyou saying!? You...!	machine
6033_110_39	15ad9dca5bf5292d430f9c43cde7c9fa963386fb	"But it's... too late now."	machine
6033_110_40	f3e71d2ee8e17a12803b3be9bf5430f24c6689a5	Evelysse!	machine
6033_110_41	cdce8496f1528c14f6b32f06d00065cab696be9b	Evelysse!	machine
6033_120_01	0916042f0a8eb28fdc5e4dcf625e3447d7d15f97	*Hah... hah...* I'm... I'm sorry. I've\nreached my limit...	machine
6033_120_02	0e9954cd150247b552f3dd09f6980850b848739f	No, you did quite well. I was\nable to see something very\ninteresting.	machine
6033_120_03	1ca82d1ee410cc593471063186fa0d5e1c77ef83	...Evelysse...	machine
6033_120_04	4afaea1e6ee05d35e0e89d5dafb2bda6dbf260d8	That was definitely Givel, right?	machine
6033_120_05	56c4bfd8daec887ca82eb9cd3fb39fb31620637a	It looked as if he were being\ntreated... or perhaps\nrestrained. And the person\nnext to him...	machine
6033_120_06	71cd78323d282836518fe2af1c72bce6b4fb7732	...I think they were likely an\nOber.	machine
6033_120_07	84e26253b163792de18b9b3c88e5e080ce12d9b5	Really!?	machine
6033_120_08	a7fd15ca71f7a381ac8085c49efe4fc8b0192f34	...At first glance they looked\nHuman, but they had\nsomething like horns on their\nhead.	machine
6033_120_09	78cd289e60edb4f33e730a69ea20503abd603838	Many different races have\nhorns, so that might not be\nmuch of a clue...	machine
6033_120_10	7968398de25e663c649e48c8566e20e676711088	Huh? What? So you're saying\nGivel didn't actually disappear\nback then,	machine
6033_120_11	485121b430cdfdd0a19533d7589f71eee50836ee	but was actually captured by\nsome Ober somewhere?	machine
6033_120_12	e4cdcf23ae4a97f28913509a350c52b6a99a5509	No, Evelysse should be seeing\na recording of the past.	machine
6033_120_13	d770a4754d028ea5f1430d6b843a0f0a3d0d6b34	It's possible that the footage is\nfrom before Givel ever came to\nDaftine.	machine
6033_120_14	e2617abb2461488c484ce962c4d3da2736557759	Ugh... my head is spinning!	machine
6033_120_15	4d91cacef1e2ff5e479d6407ea2c6924647f26f2	The issue isn't so much when\nthe footage is from, but why\nEvelysse was watching it.	machine
6033_120_16	9411f73efd1c9e62d20ee15442bf3f4b3779446d	After stealing the Rose family's\nGems and shaking us off,	machine
6033_120_17	2e56aa3bc197b47104e82e2ff121318895f5a05c	She must have come here\nspecifically to see those\nimages of Planet Raza and\nGivel.	machine
6033_120_18	a103db3e0f4459b195bcad390a6640e8cdd8bc0b	Either way, that just adds to\nthe number of suspicious\nthings about that woman.	machine
6033_120_19	62025175569d982017f944c7d0fa7ac752b0d774	I don't doubt she's been an ally of ours,\nbut she may have been connected to\nthe Giverese in some way in the past.	machine
6033_120_20	a6c91d000a73971b823812f17448b42c0a768b51	...No way.	machine
6033_120_21	9986cadbe16f7e891bc3aca958359d119c4c2056	When Evelysse first met the\nCaptain and me, she said she\nhad lost her memories.	machine
6033_120_22	26ee48de8034f82c0de9d52956eb72919cbbe448	I don't know how much of that\nwas true.	machine
6033_120_23	d448ea896800ce98ab87e2c866502dbdad0a8611	But... throughout our journey,\nshe's never shown any sign of\nharboring ill will toward us.	machine
6033_120_24	75dd9f36bfafe59ffdbd1cdd000981de162d68c6	Coro...	machine
6033_120_25	93f3bab0291c1d38051627f0024902261a858503	Can you really say that to Karlyn\nKayson? I bet Giverese played the\ninnocent act for the Beast Witches for\na long time, didn't she?	machine
6033_120_26	0a3d25efd240d728c5e9fd1fc8b963d1eadde437	I know. I know that true villains\ndon't show their real colors\nuntil the very end...	machine
6033_120_27	687158dfaa56b769f712faa19dac4f5cb18287a2	But if that's the case, there's\none thing I just can't wrap my\nhead around.	machine
6033_120_28	d3799734d0f34cc481541a4dc9c461825d9be4dd	...I feel the same.	machine
6033_120_29	814c0a69a754f2bd7bc90bcd4163ec26bc2e5ea1	If Evelysse were actually a\nvillain, plotting to use us from\nthe shadows to cause some\nkind of harm...	machine
6033_120_30	252032881bd2600f3b08ea090456b464007f5d50	Then there is one thing that\nsimply cannot be explained.	machine
6033_120_31	2cb4c8ce9fd4c28bad49d8515c6b611e9d714577	Right, Captain?	machine
6033_120_33	6576352cf6671b025f8004eaee977396d4da40a8	If Evelysse were a villain... then\nwhy, back then...	machine
6033_120_34	612f6299e08c91e95b557569f3a35ed4c9d2d99e	Hmm?	machine
6033_120_35	4470573f8cf6f9ce2de5a916a313184cc6e0e29a	Hm?	machine
6033_120_36	5590ff8011105dbc9611adfe36ab2f63edc164d3	What?	machine
6033_120_37	9e73e62b62479e8d28f9f68ecdfd27433abddbf4	Wh-wh-what's happening?!\nWhere did this come from?!	machine
6033_120_38	a67f897799e87cd1b207bc62f4ea9e41c8c22f19	This is... a fleet battle! A fleet\nbattle is taking place in the\nspace sector near Lazuli's\natmosphere!	machine
6033_120_39	a5942dc61ec76e364be28d97af51825eec90ec56	A fleet battle?!	machine
6033_120_40	8de42ec018d21605acf253839580d8b06c121bfa	W-wait a minute! A "fleet"\nbattle!? That's impossible!	machine
6033_120_41	606b935505dd58b1ffe1ec6b128af1fd25033b6b	A-according to the emergency\ntransmission from Rekoro...\nthere is only "one" Raza ship\ncurrently above Lazuli!!	machine
6033_120_42	768425242901f2319b0fc02bc14821ff57c9ce5a	...I've got a lock! It's at the very\nedge of my sensor range...\nThere is indeed one starship...	machine
6033_120_43	bab334f5f9802ff3c49ab0a6905a15658002f141	But what is this? There's\nsomething... strange...	machine
6033_120_44	cfc6f17023a3a1886236dc87935c02ac33a67a56	A Raza ship... Don't tell me\nMcKinley followed us here!	machine
6033_120_45	7ee4929d7f9536d7668bdc1109ac517d5c0e7ccf	If that were the case, he wouldn't pull a\nstunt like this in space. He'd be\nsearching for us more cautiously after\nour crash landing.	machine
6033_120_46	a287d3c60f52f200a4da6249b58bdce6efb2d99b	Another transmission from\nRekoro!	machine
6033_120_47	784cf772176abba3a0259cde11b02cb80e88612e	Fleets that appear to be from\nthe Raza and Ober armies are\nheading toward Lazuli in\nmassive numbers!	machine
6033_120_48	7db5276f5dc3aebf881f41381ca841c9d65a10e9	They likely detected the\ncombat activity just above the\natmosphere!	machine
6033_120_49	953548b48a77b8b2cf18ebe50175b56f713bac31	Dammit! Who the hell is fighting\nup there in the sky!	machine
6033_120_50	f0e16ce23a451a0135e762d9bf02ab422d93c6fd	...It's just like what happened\nback then, at the satellite\nRigas.	machine
6033_120_51	5590ff8011105dbc9611adfe36ab2f63edc164d3	Huh?	machine
6033_120_52	edde4da1e0605dd1dec04dde5e08a543c12162a4	The smugglers were sunk by\nsomething invisible...	machine
6033_120_53	e8d4bff0dae78e1b42669ffeb0a7668cc56b0a22	At the time, we dismissed it as\nan accident...	machine
6033_120_54	7accf7ded405f6a7e14c1e4d9502d26481dd6bd9	Dammit... if the Overman's\nsensors were back online, we'd\nhave more details.	machine
6033_120_55	b96954f928c48fe613d2c5edde9f2916c1f13c59	For now, I think we should get\nout of here.	machine
6033_120_56	8ea68a280a68010c3c6f2ccf56da8cafc90d6c05	We don't know what's\nhappening, but the Urza\nSystem must be incredibly\nimportant to this star system.	machine
6033_120_57	05ce9687b23544c575f205191a3016bad9ad12c3	If either army finds us right\nnow, it'll only cause problems.	machine
6033_120_58	04b0b361505e2ee69fc9129c37864cfd603a1998	Hmm. True. Perhaps we should\nreturn to Kevin's hideout for a\nwhile...	machine
6033_120_59	7b766ec0059626bfcd9a16e4ad19d580a3b149bb	...No, it seems that won't be\npossible.	machine
6033_120_60	099228cf66b87b133b1af027347235d9f6865140	What?	machine
6033_120_61	f9db033dff065da70dc27ec7e3fdc25d6604f47f	Something is falling from the\nsky!	machine
6033_120_62	b8d251f65f128108ffe8bfcae3009731c627946a	It's silicon! Massive chunks of\nsilicon are falling straight\ntoward us!	machine
6033_120_63	49413d647e6d43f3cde00a7a81e50a7b969674a1	W-what are these things!	machine
6033_120_64	88ff70a334311ad038329b127e47829336ae31c0	Th-they're shaped like people!?	machine
6033_120_65	c788e2b5e5dd50e5175555329996dc5e936df634	They're carrying something like\nweapons! Here they come!!	machine
6033_140_01	f27d337ce30c726e6e4dda99874a657c8e2258b0	More of them are falling!	machine
6033_140_02	2a2fde82b86b7ff53faeb2a145b9a8c8e76bcac7	Dammit...! What on earth are\nthese things!	machine
6033_140_03	68f4798861ac7a3df0017b5572293b7cdfb9d345	...! Heath, behind you!	machine
6033_140_04	464353b243b406dc1f94c9885033809cb8785ecd	Huh... Ah!	machine
6033_140_05	caff3297501926c28c97ab61ea1214d92b98b548	...Got you! That was close... You\nokay!	machine
6033_140_06	c90c1952bcccd6353dbb5b50559b49c473705811	S-sorry. I let my guard down.	machine
6033_140_07	1063b1aa88a9ad3bfc0d5485dbfbcd70f3321ac1	Strange creatures. They have\na slightly different feel than\nthe black monsters summoned\nby Giverese and Evelysse.	machine
6033_140_08	5827b606deda0dbc35221743b4bc0dbc8b36e7c0	Mastima! Save the analysis for\nlater!	machine
6033_150_01	4f44ba0b5a37be09ec5c91c6b5440274f874669b	Just as I thought! These soldiers have\nthe exact same structure as the silicon\ncomponents left around the smugglers'\nships on the satellite Rigas!	machine
6033_150_02	66319a72aa42d39e127cafe8e4019957aff55323	What!? They're tough, sure, but\nare you telling me a starship\nwas destroyed by these weird\nhumanoid things!	machine
6033_150_03	d2511b668434bad9fcccd993fa2dec2f1346ae7d	There's no other explanation.\nThe match rate is 99.987%!	machine
6033_150_04	d31b9dc17f6889058405a01549570f74d4045805	Dammit! This makes no sense!	machine
6033_150_05	93977f2a7665b7ca5fdd916dc20ce6c0fbb6d703	More importantly, how long are\nthese things going to keep\nfalling from the sky!	machine
6033_150_06	59d88b2d7a888dcf63581a36376ee445e40cb8cf	Something's wrong... these\nthings, they really are...	machine
6033_150_07	f9ecd15d3651b707530bbc4449ba075780466d29	What is the matter with thee,\nHeath? Thou art acting\nstrange.	machine
6033_150_08	3813dc1c6bcc6cd7906537dcff1ecd2ce63be5d3	It's wrong. ...Their armament...\nthey're from the 5th Fleet...\nthey're from McKinley's unit in\nthe 5th Fleet!	machine
6033_150_09	377b031194b17b1ca52d3cb415ba505d2c8d7f52	What!?	machine
6033_150_10	d395aa65cc55817b0c7a4df14940e73a89269393	What do you mean...!?	machine
6033_150_11	25b623a76de337c56113a46554a8667e60a27d06	Nuwah!? W-what is that!? That\ngiant object in the sky...!?	machine
6033_150_12	dfcfec337834e92cd4906deabd2e7c64ecc1dee1	Hey... hey, you've gotta be\nkidding me... that's...	machine
6033_150_13	23450c17ca9cb3fb9ee4d741d7d34b429a042f29	McKinley!!	machine
6033_150_14	e374b31570794f72c33874411d4a4280257f0730	Impossible! It's just like the soldiers!\nThe shape is McKinley's, but it's\nsilicon-based... a form I recognize...!!	machine
6033_150_15	21d51fa2193d784834f5da0e538d3eb8152e094d	It's as if... as if...!!	machine
6033_150_16	8e140760b70467f9f101ec25e1b9d0d913829725	Sister Valka!? What's wrong?\nPlease, calm down...!	machine
6033_150_17	d9bccb1dc9631375e01fe2f81be9e563e1d4e720	No, it can't be... At the edge of\nthe universe... there's no way\nthey could be here...!!	machine
6033_150_18	dcd2111ee24d2cb9cc9aab4c13de11ae42c4d919	They...? What do you mea―	machine
6033_150_19	e061b48b262ede30e8465ed46cabaea620088137	...! Tika!! Behind you!!	machine
6033_150_20	3264941d47a621db353be63049b833e7c826e506	Huh...!	machine
6033_150_21	6642889c0109adcb3a2814184b4dcb8ae2e9e632	...!	machine
6033_150_22	bf4fdf630ff1ca51dd0dafc53d6cf6a5040208a8	Gwaaaah!!	machine
6033_150_23	54347867e2f45d40c53fffbbd19826a708eb6709	Sister Valka!!	machine
6033_150_24	b7bdbe56a2782689655a6fb46d8169ba9044d995	Ngh... I'm fine.	machine
6033_150_25	1c9b723633b504118cbb24f5de5f6821027ec6c9	But! You're hurt...!	machine
6033_150_26	7127fcefe125ae255008ab2562d983bc4d9a7dfc	It's only the outer plating; my\nmobility isn't affected...! More\nimportantly, Captain...	machine
6033_150_27	3f1d71d2c89be6120ced3a59acf4a72b1e82a96b	...We have to retreat.	machine
6033_150_28	51e5ffc687402ab019ed8dc5c3a27364a8948e3d	A battleship-type... there's no way we\ncan win... No matter how many we take\ndown, they just keep coming... At this\nrate...	machine
6033_155_01	6f85b814752c158bba9a8d2c25755c48467192b1	What is it this time?!	machine
6033_155_02	102b20b85d4c065b9080ceefcab2f7b080dde10a	...! It's Thornite!!	machine
6033_155_03	49f0819f163aadbb4f5b408f3cf73f80c4401781	Th-there are so many of them!\nWhere on earth are they\ncoming from?!	machine
6033_155_04	406eb72fb5593bcbfac7b757207fd899176325ab	Dammit! How are we supposed\nto deal with this in a situation\nlike this?!	machine
6033_155_05	74abe135aecc48bb811d1111b90996bb994560ae	...! Wait! The Thornite are...!	machine
6033_155_06	3716f9535f16dbeb8f9bd3638a4462f316886d90	They're flying into the sky?!	machine
6033_155_07	f178e40252f7fc844ddf3051162e2d931c6e0584	...What is the meaning of this?\nThat's the same behavior we\nsaw when the people of\nDaftine turned into Thornite.	machine
6033_155_08	b6788f92ffb062a6ddbe99da1eb945a679c2b6dc	It seems these silicon lumps\nare enemies of the Thornite.	machine
6033_155_09	249d342b291d2812cb01f97cfd7cfdae0e34ab32	B-but we're up against\nsomething the size of a\nstarship...	machine
6033_155_10	20c4403fc0b4154e2c9eb288626cba3ecd32f62a	Kyaah?! This shelling... it's not\ncoming from the McKinley!\nDon't tell me there's another\nnew enemy...?!	machine
6033_155_11	7ccb126d81caeb805d559a7e4f1f2d8c73cb5820	Another ship is approaching\nfrom behind the black\nMcKinley!	machine
6033_155_12	20d1107993258d214709b4b400d8ce9cbbfa1503	Are you kidding me...?! Two\nstarships...?!	machine
6033_155_13	50f9da8115bcd484a334065cb6c3dd2c3617a331	...Wait! That's...	machine
6033_155_14	97a877977b206f47aa00e5a2bb0c6ac5b36d967a	Gasp! The McKinley is going\ndown!! Was that attack aimed\nat the McKinley...?!	machine
6033_155_15	0a9e402a42e259785aa4751989a0659401276ef5	That one looks normal, but...\nwait...	machine
6033_155_16	a330bc85790895ec2bdc3eb4eb5a1363f529fb49	Isn't it heading straight for us?!	machine
6033_155_17	9c168ac32d433b2d4c66c781ece5cb99ed7eac8a	Could it be the Raza army\ncoming to capture us?!	machine
6033_155_18	ccad17a59d2c2632d81181f31c9e46629fbf0e0c	No!! That's...	machine
6033_155_19	f01924ae78aea7e337ebf09ed1993658b85c1461	My mothership, the Isabel!!	machine
6033_155_20	0b4b6c9fba5fd2934ab644224375cb1a4809a319	...Wait.	machine
6033_155_21	c590427423d7cb5878592e45ac50b0d8dcc4f8d9	Hey, the turrets are pointing\nthis way... Hold on, no way!	machine
6033_155_22	51b87edb656c4f4b44e39307e8ef22bec70fed6b	Uh, ah, f-f-fire control reaction\nconfirmed! The targets seem to\nbe the remaining silicon\nsoldiers, but...!	machine
6033_155_23	118acbabfce457d0f458b65b00cbcdc37ed168ea	Waaaaah!! They're planning to\nfire at us!! Everyone, get down!!	machine
6033_155_24	d1f047e8d972d8593536e04b4414c4cd63c16557	You've gotta be kidding meeee!!	machine
6034_160_01	3c5e2e5c2cd13b4cf7158aaa9709ebc45842b839	*Cough*... *hack*!! Is... is\neveryone okay!?	machine
6034_160_02	31b4b45e054c53147b39574c1b88044ea71f4229	Are you insane... using a\nstarship for a ground attack...	machine
6034_160_03	6ec22e79059bf70c9887181209f54c8cfc826cc5	Still, it seems those silicon\nsoldiers and Thornite...\n*cough*... have been wiped out.	machine
6034_160_04	525b1fe27d69631a0c96b9a2fb111e6f2f6f2713	That ship, Isabel... there's been\nno response since it landed...	machine
6034_160_05	5da9a8dd9a87bc19969684434fce487321c0d1bc	Wait, ah! S-someone's coming\ndown...!	machine
6034_160_06	3cbde98ea2290a55123312aa1200c999b941194e	I'm surprised, Heath. Just what\nhappened that led to you\nfighting those things on the\nsurface of Lazuli?	machine
6034_160_07	94e87dae59f6ee9af991ba805c90cb33b16be774	Yes, Boss!	machine
6034_160_08	fc0f1ba30ed68f280c4a35c6258a4bc346e3dfff	A lot happened, and it ended\nup like this! Thanks for coming\nto pick me up personally!	machine
6034_160_09	b226396bc475e4965157b8ac1bd7ae984cc1c9fe	Hmm. "A lot."	machine
6034_160_10	79581188e056dbffd6884171bb0e31015efdadca	You bet!	machine
6034_160_11	4b7e1380d3450127af55839689a5427cdd9d8bf9	I-is that person Heath's\n"Boss"? I think... her name is\nJeanne...	machine
6034_160_12	7494946c50760f36f5672492282e95e7d2026025	...Which means she's the one\nwho chucked the escape pod\nHeath and the others were in.	machine
6034_160_13	281f6e25b240b9ea079d0e2d9fba2df728cd7fc0	Oh, so that's how it is. But she\ndoesn't seem like the type to\ndo something so reckless...	machine
6034_160_14	3b279427fd4950fb6d58b30a31599f99397284b0	As for those details, I think I'll\njust ask your body directly\nlater.	machine
6034_160_15	671736dd5597d8654b51ba1e4a71f53f76248211	Huh? I mean, I'm happy to just\ntell you everything, uh...	machine
6034_160_16	ad74eaad5589881b3770f8dd746f34540fcd5069	...Yikes, she's actually\nterrifying...	machine
6034_160_17	999c3f0bc2400e689cb49fb8901a91c648dae93f	Yes, I am. You can't serve as a\ncombat ship captain or an\nacademy instructor without\nbeing a bit terrifying.	machine
6034_160_18	871dfef48c4671e314d34d531df014d6453ad48b	Eek...!	machine
6034_160_19	7105fd0272abbb74a7ccde2fa1ff6c15e567cbab	Yeah... she's definitely the type\nyou don't want to make angry...	machine
6034_160_22	60c18c9816ca700b4d6e3df9950f5cf1fe21aa68	Captain of the mysterious\nship...	machine
6034_160_23	83b303a64b5607069f6f77f8c04103355b448c85	Thank you for granting my\nrude request back then,	machine
6034_160_24	6a87d82ea1b0c60e58783e1860dfdadf39cd0cc1	and for taking care of my\nincompetent subordinates. I\ntruly appreciate it.	machine
6034_160_25	1ab04ff156be2e875578b78fc2f1098a07a8b411	Allow me to introduce myself\nproperly. I am Jeanne\nMarswest, Captain of the\ncombat ship Isabel.	machine
6034_160_27	957eab0d671fc30f5b67309199f9524f5900d756	Captain <player>.	machine
6034_160_28	d6abc2b9c6fe0062aa7aa3119fc687eddbbb9ac3	You may have been military on\nyour home planet, but at this\nmoment, you are under the\nprotection of the Raza army.	machine
6034_160_29	de1e385b1bed8c6661fdbf9d5d137bd1784cfcd7	Furthermore, civilian access to\nthe planet Lazuli is restricted.	machine
6034_160_30	d594dbb710bbe098187607f7db9db2fec51eae3c	If Heath was carrying out my\norders, you all should have\nentered the Stardust Bazaar.	machine
6034_160_31	d2b418fa8009f4fc92f7f45ea2c96f193a9e07c9	I will escort you and your crew\nthere.	machine
6034_160_32	fc95b951441d0b446599e1f4943a1299a0674018	W-wait! There are still things\nwe need to investigate in the\nAzurite system...!	machine
6034_160_33	dce898a58247855af6d9f1c356b7b27496af698b	To us, you are unwelcome\nguests.	machine
6034_160_34	e33b7425739e1e665fdcbba2795e1d772788e1f0	While you are subjects to be\nprotected according to law and\nmilitary regulations, you are\nalso subjects of surveillance.	machine
6034_160_35	7ac191a29a5fecf2e8fcdc5e2da845df8bebeeec	If you do not comply with our\nrequests, I will have no choice\nbut to arrest and detain you.	machine
6034_160_36	bd57ee9112731fc402d37fa987483a3d22356e74	Hold on a second, Boss!	machine
6034_160_37	79bb05c402cf00e196a442539895b95c2287a0c6	Be quiet, Heath. I am not\nasking for your opinion.	machine
6034_160_38	c94ba509f08e9b76530937f9a7c2c51ab43e7e0b	Then I'll just speak my mind!	machine
6034_160_39	cf816f03fa04e111267adf28a7f4e1ba86c90d10	Why can't you just listen to\nwhat they want!	machine
6034_160_40	74d260127281c4519ffa08197a0b01dcfc18c021	Depending on the situation, it\nmight even change the course\nof the war between Raza and\nOber...!	machine
6034_160_41	e1ecdf59761477c47f6a6bb5a3fe9c64799ed515	...Do you truly believe I would\nbe moved by such tedious\nphrasing as "depending on the\nsituation"?	machine
6034_160_42	21dbf808f3caec7224ff1264ca599b0071ac0956	Advice should be swift,\nconcrete, and clear.	machine
6034_160_43	dc0c6621b7a9032d07158f93f4abd18cbf3acdbb	I believe that is how I taught\nyou.	machine
6034_160_44	5fbf9d1541e5988538616d32142048c1e372a16a	Eek! Y-yes, Boss!	machine
6034_160_45	fd98bde678e134fc3b4323d49043d27834e397a9	Yikes... holding a sword to\nsomeone's throat... yikes.	machine
6034_160_46	2d8bad124055d3a062e4b989b8ee21d9820b65e5	Once the fleets of Raza and\nOber catch wind of the battle\nbetween us and that strange\nship resembling McKinley,	machine
6034_160_47	d99c5bb6eb7f365688839e69113f08f26228cf82	the fleets of Raza and Ober\nwill descend upon us\nimmediately.	machine
6034_160_48	7dc10df17c06347ec92d0bd825620e7433923750	Provide your advice in 100\ncharacters or less on how\nthese people will influence this\nwar.	machine
6034_160_49	855188dfcb00486b47d5d1ced764718940ae8d15	Yes, Boss! These people know\nsecrets about Lazuli that we\ndon't!	machine
6034_160_50	3af27f4900643c7cd123733cc7bd27fda45db2d4	That dim-witted AI is actually\nsuper high-spec, and McKinley\nisn't just some joke!	machine
6034_160_51	2e503a2e8d815b0578506367ae8d6d934f11d6ec	Plus, they probably know the\ntrue identity of that weird\nMcKinley from earlier!	machine
6034_160_52	7d5ddfb8dc1d8ba99d105130c7fcd7f3d16dc2eb	H-Hey, you...!	machine
6034_160_53	cca53db0fdac27e71e1e8a819e6396220e69b3ea	Very well. I shall invite them to\nthe Isabel.	machine
6034_160_54	803ada3ba958e61a6dd15d19f13483705129939e	It seems... we also have the\ndaughter of a prominent figure\nfrom the Bazaar among us.	machine
6034_160_55	9ef8cc9825f17b46a9be48f5a64ae5a8ef9e368f	...You know who I am?	machine
6034_160_56	04f0fff880a988798da5798e8803ef1965e1c5a1	If we list them as a group of military\nobservers from the Stardust Bazaar,\nwe will have a valid pretext for them to\nboard.	machine
6034_160_57	014254b3d7f411c23552290c00febf72cc36d72e	We shall also take in that ship of theirs,\nwhich appears to be malfunctioning.\nPlease board within 120 seconds.\nHeath, guide them.	machine
6034_160_58	78e35cc735923b40f6568abedd90c3c0e3493cb2	120 seconds!? No way!! I\nmean...	machine
6034_160_59	c52eaba2e6fbbbfb3d1a9974e3103e0e7ef0a89f	Time is passing even as you\nspeak. 116 seconds, 115\nseconds, 114 seconds...	machine
6034_160_60	55a06e1557ddf0752450cd3f16584038f6b89471	No time for complaining!\nEveryone, run!!	machine
6034_170_01	98f40073ad1a2d2943d99c6d5491c359226cccd7	*Pant... pant...* My heart's\nabout to jump out of my\nchest... *Ugh...*	machine
6034_170_02	45cab982ba76b9f760741a250e8a1ad5c9fc60bb	I got caught up in the momentum and\nran right in myself. It's been a while\nsince I've exercised this vigorously.\nHahaha.	machine
6034_170_03	fc68fac2534671bb81609c531833611fa0657b57	This is no laughing matter...!\n*Haa...* How should I put this...\nthe Captain is like a whirlwind...	machine
6034_170_04	653578d669bbee9b9fe65466a2f00e6e9012407f	A far cry from a certain\nCaptain who's always fooling\naround with Coro, shouting\n"banana, banana!"	machine
6034_170_06	0498a73d3e63ef3eef80d1068855c9b71f6f370e	...Heath, you bastard. You just spilled\neverything about us without a second\nthought. Don't come crying to me when\nthings go south.	machine
6034_170_07	e9b202f481fd4d02ff636d937750649628aba47c	Sorry... but I'm sure the Boss\nwon't treat you guys badly.	machine
6034_170_08	11c045f391bd1a7151fe28815ab861e7066194b4	In the military, "probably" and\n"should be" don't cut it.	machine
6034_170_09	520a5fef49b619e1de39d1756b169f4a3f51341c	We have no choice but to rely\non them for now. I'm worried\nabout Valka's injuries, too...	machine
6034_170_10	8a50d0e2444e0b14dbc4bfdd0925bbf4c29dd77e	My apologies. The damage isn't\ncritical, but I would appreciate\nit if I could undergo\nmaintenance.	machine
6034_170_11	e82547875de87bd156cd4db217878de7aa50c44e	I'm so sorry I let you get hurt\nbecause I was careless... Thank\nyou so much for protecting me.	machine
6034_170_12	ed494f317a5a19429f5a8b80563fe9d5a69677a7	No, you are not at fault, Lady Tika. If\nanything, it was caused by my own loss\nof composure. I have shown a pathetic\nside of myself as a warrior.	machine
6034_170_13	0255334f4da64784e7fbb700b57c8734e98da55a	(But... that thing from before\nwas definitely... If that's the\ncase, there may be a way to\nhandle this...)	machine
6034_170_14	97efcc5a7cccae12f1f69c764f770648189e95fd	Still, can we really trust that\nwoman, Jeanne?	machine
6034_170_15	4bc24430d282404828666abbf756cbfc9776c011	...Heath was assigned to help\nthe war refugees of Ober\nunder her orders, was he not?	machine
6034_170_16	a238737970caa9150a187bd7a4fc7a7864516e62	Yeah. That's right.	machine
6034_170_17	8e9efd6541052e1b51d3d6c2efd178acef43542e	If that is the case, then she is\nworthy of trust. At least, that\nis my belief.	machine
6034_170_18	b778ec3606aad8bcae146e5620158dd6a3ac57f1	Aren't you being a bit too\nbiased toward Heath?	machine
6034_170_19	7b4937509ed2ff7cd9c6b67ad5b54fc98d65b341	...Perhaps. But a refugee child\nwho suffered during this war\nchose to believe in them.	machine
6034_170_20	a646d3d725a42f147e6dd487afe00873cc3180f3	I trust that boy, and therefore,\nI trust them.	machine
6034_170_21	178b844ae79d181efe9afb6c59b0ba776b14aa59	...Good grief, you're too soft.	machine
6034_170_22	708481fab8d4203fbe8743ca56b9c2c17689c41b	I didn't expect Kevin to come\nalong, though.	machine
6034_170_23	46932975e72a8efd82fe812b3bf2c9bb156ea184	He was running so naturally\nthat I didn't notice, but I ended\nup sweeping him up in the\nmomentum... My apologies...	machine
6034_170_24	5335735dea6f9e2537566930751752244f7e96ef	Not at all. In fact, I was\nplanning to force my way in\neven if I were refused, so\nplease don't worry about it.	machine
6034_170_25	650acc8ec90f690f902ab89c0b3dba97c5d7cfac	What you all showed me at the\nLazuli Stone has allowed my\nyears of research to take a\nmassive leap forward.	machine
6034_170_26	1283fadf7347d0ec7ea7078e024e79b63d5c99d6	I cannot simply part ways with\nyou all without uncovering the\ntruth behind it all.	machine
6034_170_27	1ebf562f05ee100e5be605c72d5e2a04425327be	I'm glad to hear you say that.	machine
6034_170_28	3bda83b72557d9963be918d977bad6869c2217d6	Even though I was the one who\nactually activated the gate, it's\nnot as if I truly understand how\nit works.	machine
6034_170_29	e74a7655e6b80d68c521a132193bc4522e60612d	That's why we'll need your\nknowledge―you've studied the\nUrza System... the Lazuli Stone,\nlonger than anyone else.	machine
6034_170_30	5ba11cdc16b5279b6673daa336a6e48ab498fb9e	Yeah. I bet our boss didn't\neven know something like that\nexisted on Lazuli.	machine
6034_170_31	9f74fce919fdcf3a4cf26442956f8768ddd64d00	It'll be a lot faster if you're the\none to explain it rather than\nus.	machine
6034_170_32	5ebde943c436788576220ef3c612e6d3c22ff204	Leave it to me. However, I will\nnot side with either Raza or\nOber. If you can accept that, I\nam at your service.	machine
6034_170_33	a62a40120acb20965c98a8fda7f170d1e6b9dbf2	Right... I owe you one.	machine
6034_170_34	6e8345438039c17ff88fb2b73b76734a898f957e	Good grief. It's been about 200\nyears since I last boarded a\nRaza army vessel―not since\nmy trip to the satellite Rigas.	machine
6034_170_35	1c49cae66be5c2e55d00bfcb5f885117dea54fbf	...So that's the kind of person\nthey were.	machine
6034_170_36	612f6299e08c91e95b557569f3a35ed4c9d2d99e	Hm?	machine
6034_170_37	4eb5811f5abbe435edb28d7265e2da25d36afd7c	The person who tore you away\nfrom your family.	machine
6034_170_38	1439e1c41d8f8b3b68d48f13911d9cf90b0623e6	Huh? Oh, yeah, I guess so.	machine
6034_170_39	aa3bf68cb773d1570f2a9b8b39bbf81bf716a5fe	...He's quite cute.	machine
6034_170_40	eeddb85a95679998e1c08fb16816c584ff7b2775	What?	machine
6034_170_41	25f013a3c3240776ba91a20cd4668119acc89acf	Whaaaat!? What are you\ntalking about! What on earth\nare you saying!	machine
6034_170_42	8f0a1325b59b12acd99edc5c12bcb8ece69ea660	Huh? What?	machine
6034_170_43	08758752be7c7eb8dc2334fefad01cf882b96097	Do you have any idea how\nmany idiots were completely\nbroken after being fooled by\nthose looks!?	machine
6034_170_44	bf55afaa0c4d07f5817ba994fe9c53c4a4e3876e	Heck, there are plenty of\npeople who were nearly broken\neven without being fooled!?	machine
6034_170_45	3cbeb591febc27fef4dd3766c8f7533df2251246	Give me a break with the jokes!	machine
6034_170_46	be96813a5b2303f3d90b4376e99ca771d4f4a079	...R-really?	machine
6034_170_47	517685272c71343202c3e5f2da071941f134be16	He looks like that, but he's got\nmonstrous strength, insane\nStamina, and his mental\nattacks are brutal.	machine
6034_170_48	3b6e6a9b0b15acb237cda91b6c30b64ca6402f00	When you think about how many\nmuscle-heads have been made to cry\nby those slender arms, you should\nnever call that boss cute even if your\nmouth were ripped ope―	machine
6034_170_49	1a6151339dbe75e83f137e249a1fa27a2e133b3e	It's fine to say it, you know? I\ndon't mind.	machine
6034_170_50	8f9cffea45c276464d90f6766cd4985e73805ba1	...*Gasp*...	machine
6034_170_51	ea715ded836b999adaf8a8316dd7204a9c77e787	Eek!	machine
6034_170_52	e69aa81e71b7a7eb3995f1b6b898a3926b25a99f	Since you said you couldn't say it even\nif your mouth were torn open, that\nmeans you truly think I'm cute, don't\nyou, Heath? I'm so happy.	machine
6034_170_53	3ddbff1490c467012e45596ab778cfa292a8c737	U-um... Boss...	machine
6034_170_54	0e37ce28f5e886ba0afe5ad91466a67a2639e81d	It seems Heath finds women\nwith superhuman strength,\nendless Stamina, and brutal\nmental attacks cute.	machine
6034_170_55	a8af8d1a42c4b92d85883e4ae6bb9b06ab0912fd	I'll do my best to make sure\nyou keep thinking of me that\nway, okay?	machine
6034_170_56	8ed4b594169174c8ecc4334d8f70a21888e681bf	...See? Scary, right?	machine
6034_170_57	9466463150b207f2f8d60fe03c2961f411c17470	...Y-yeah...	machine
6034_170_58	68c027569abd54552b7340b3ac8e6aa41042d6d7	I feel like... we're leaving Valka\nin the hands of someone truly\nterrifying...	machine
6034_170_59	a0822db942c9413d1ff2edfc2acee30cd6cc0dc1	I wonder if Valka will be okay. I\nhope she doesn't get scared of\ntheir captain and start crying.	machine
6034_170_61	9191ae017089d480c5799261afddeff8a8d6d0a4	What are you shaking for!\nYou're both captains, so pull\nyourself together!	machine
6034_170_62	7888e8d7468b2b45d1013874657039dfd3b6cf73	...Still, this is finally a step\nforward.	machine
6034_170_63	701f5f6a3437144f733d0b2068496eb2ae140b94	Tika... You are right about that.	machine
6034_170_64	dafca1da9d718cb51565bbd034da6e24ad64fcff	We managed to bring Heath\nand Jeanne together.	machine
6034_170_65	6c06f5e0cc549ac51d0baf555b21cd47d521d8df	Now... I have to find Evelysse\nand ask her why she did such\na thing.	machine
6034_170_66	887e9aff222a97164061f11d0a160cc1f356f17f	...Finding a way home for you\nand Ricardo is also an\nimportant goal.	machine
6034_170_67	d678b6dae26fea7b372c0fd3e87678df18a51607	Thank you.	machine
6034_170_68	c37eced0d82ab72f9c6ed160e167588372e27ab6	But I'm okay for now. Right\nnow, we have a place to return\nto.	machine
6034_170_69	bae76e8055ee72231661a32c4bf8a191251f1016	That's why... I will absolutely\nprotect the place where\nEvelysse belongs.	machine
6034_170_70	d2aff6bcf232937abd923a7380ce0b1c6a3e69e4	Boss! Takeoff preparations are\ncomplete!	machine
6034_170_71	47a4b9a5ee7bee9998560b3cc6c869a9a2f5d877	That was close. Ober's fleet is\nalready closing in on us.	machine
6034_170_72	76f7dfbd380c2998ab4545050d14e48406b3adc9	We'll use the subspace Warp\nDrive to escape to the edge of\nthe star system for now.	machine
6035_190_01	b94c8775029ddca1a662528ab387b0b76739b83b	It looks like everyone is here.	machine
6035_190_02	a77827145109bc2afe495740c0243d75f9dd936a	Yes, boss. Only Valka S90 is\nstill in the infirmary getting a\ncheckup!	machine
6035_190_03	731afb2a1ab5579f50f4e73ed4b315ba38c9e93b	I see.	machine
6035_190_04	aea7d17d5beb60e847123870034734f7fc8f4b2a	...Valka seemed kind of spaced out. I\nwonder if she's okay... She looked really\nshaken when she saw that black\nstarship, too...	machine
6035_190_05	2f424dd2ef3fe4f29c70a24b406fb9847cd22284	She was acting strangely\ndepressed, but for now, all we\ncan do is wait for her body to\nbe repaired.	machine
6035_190_06	5ef9e73a26a778402d9bccbf1b53e8a5ced14439	Now, once more...	machine
6035_190_07	df55d898c0259ad9b50f0ad5bf2e1ab350a86508	Captain. Please allow me to\napologize for my rudeness the\nother day.	machine
6035_190_08	3450eee8407bc1da269c735db216664763ba3d1b	At the time, I knew that you all\nhad come from outside the\nstar system,	machine
6035_190_09	c882d8f614703182e07096148f3746d18e3853a3	and that your ship's\nperformance clearly far\nexceeded the specs of our\nown,	machine
6035_190_10	09b01b3eeb9851df93a201605460aed22eed8b36	yet I still forced you to take in\nHeath and the refugees.	machine
6035_190_12	433ab0d2c3967f3c4a7e312121cb0242c0ca8f10	The Captain is right, please\ndon't worry about it.	machine
6035_190_13	a3b9f334a1cbded869e6755cfcc09cd73782f1eb	We're just glad we could help\nHeath.	machine
6035_190_14	e58b03273ecdd9863c2619ffd993035cec2b83aa	Even after arriving at the Stardust\nBazaar, the war refugees remained\ndeeply concerned about Ensign Heath's\nfuture.	machine
6035_190_15	2455914628256d14b4a646f3856888a48856b3ba	That would not be the case if\nhe and you, his superior, had\nnot treated them with such\nsincerity.	machine
6035_190_16	3133aa28e4baaf3f242907d90c7db816367941a3	Thank you for your\nunderstanding. Heath has\nalready explained the situation\nregarding our ship...	machine
6035_190_17	c67a0f09b2b1e9ff3bb6bb23def6818e3a7c2f53	I've heard the gist of it. That\nyou're being hunted by allied\nforces for defying an inhumane\norder...	machine
6035_190_18	964263c85089badf22ec2ea30e2f52c3a1f31a6c	However, judging by the\ncurrent situation, it seems\nthings have changed slightly.	machine
6035_190_19	afd39cc8407768d59523b7001820b998d7eac0eb	Huh? What do you mean?	machine
6035_190_20	f740cb7e2cdc44c12188ec73935a1247eecfc04f	...Your intuition is correct.	machine
6035_190_21	880f9b3ce6274317c75795337011eda584747b1d	Since then, Isabel has returned to her\noriginal unit and been transferred to\nthe 5th Fleet. She is now deployed on\nthe front lines of the war against Ober.	machine
6035_190_22	45b2ffa69631fcec6a6834b17326a00c52a2a8b5	What!? That actually\nhappened!?	machine
6035_190_23	3d7595645952a3908cacec22b8c70c493f364c48	Officially, Raza and Ober are\nfighting over Lazuli.	machine
6035_190_24	f49b0d5820e6fdbdad0ef0b174124dc7d3a6bf6b	The fact that you could fly in here as a\nsingle ship proves that the surveillance\nnetworks of Raza and Ober aren't\nexactly airtight.	machine
6035_190_25	5c0cbff1cee5ad9fdd65fb4a75efde15ce209bda	But if that's the case, wouldn't it make\nsense for pursuers to have come after\nus the moment we made our\nemergency landing?	machine
6035_190_26	d63fb94204d365215309d81464e909d04f7cd99d	I'm sure they did. But those\npursuers messed up.	machine
6035_190_27	599586f84ad5c7b42035924b96da5c604f58e669	Messed up?	machine
6035_190_28	1638d4a7e70dfbcc3668d3ec4943bb1add735d70	The McKinley, the combat ship tracking\nour Overman, turned into some kind of\nunidentifiable monster and crashed\nonto Lazuli.	machine
6035_190_29	52812c3954dad044909ff2afaaa55db01367ebea	I reckon there's a hint in there\nsomewhere.	machine
6035_190_30	8a9991867ca229f98fba628e292d25d5ef69035d	Heath. You fought those\nhumanoid silicon masses on the\nsurface of Lazuli, didn't you?	machine
6035_190_31	0970e883d1699ee1b6762526a308b400494d5e3b	Did you notice anything\nunusual?	machine
6035_190_32	f05de65fa2d0f17e8f7787b057bd31ce321451df	...Yeah. Those things... I thought\nthey were wearing Raza army\nuniforms... or more specifically,\nthe McKinley's...	machine
6035_190_33	70cfe54927392f4d81f919d9a3d37f5b7e46c2e3	Exactly.	machine
6035_190_34	70b896686134787a8327e9b7b7c4e0749573a9bc	Just now, the Isabel engaged a\nblack starship in the shape of\nthe McKinley above Lazuli.	machine
6035_190_35	499b52cf801ebdc54d8fc565fbef66bf305a8637	I was shocked at first.\nBecause... we had come to\nrescue that McKinley.	machine
6035_190_36	1d6e43fbe680ea946ed2fb3d5ed8b4a012c0532a	Rescue the McKinley? What\nhappened to it?	machine
6035_190_37	4c4f02aa6359060e47e160db9e9f6429571b576a	While pursuing pirate ships\nfrom the Stardust Bazaar, they\nencountered an unidentified\nenemy fleet and were sunk.	machine
6035_190_38	7fc98954ae37a1383ebbb63f11371738d84e8676	...They were scrubs in close\nquarters, but their piloting and\nfire control were top-notch.	machine
6035_190_39	3a8aa47069b74ee06159c8cb3103a8e375e6db11	How is it possible that they\nwere sunk so easily?	machine
6035_190_40	59ec02ea0d2793e1e5ff316cd6380115a6ccdae4	Over the last few months, ace-class\nwarships have been sunk one after\nanother across various fronts, causing\nour lines to be pushed back repeatedly.	machine
6035_190_41	968f2dd5f229b0a2b99c8debf5cec76e2f00d24d	For some reason, the identity of the\nenemy fleets remains unknown, and in\nmany cases, they aren't detected until\nthe moment of engagement.	machine
6035_190_42	8d838b0e67fab817bd76c6a37ba38b443b087ee1	It has been a constant source\nof frustration for the military\nhigh command.	machine
6035_190_43	57a1f267c8827825207fb63705fc26fefaba8b61	However, by cross-referencing\nthe testimonies of soldiers who\nsurvived these defeated fleets,	machine
6035_190_44	add3beaf52c0a6133ab21d0c92791c65678cade8	one particular phrase has\nbegun to draw attention.	machine
6035_190_45	6cb7c50c8aeaf7850a25d3d4636da188d6caac71	Every single one of them encountered\nblack warships and black soldiers, as if\nthe darkness of space itself had\nmelted.	machine
6035_190_46	f81bbf59f0f231a1e426c5943ac707f77a773458	Black ships and soldiers... just\nlike the ones we fought on\nLazuli.	machine
6035_190_47	57f419794de3d568e5989c6b4f0632ca3bfaabd5	Those who fought them all\nwore expressions of pure\nterror, describing those\nsilicon-based enemies as such.	machine
6035_190_48	45e945313f8f20c17f930a42a1d4a33473681187	...The <font color=yellow>Phantom</font> Fleet...	machine
6035_200_01	2c5bf3de7fb253eb68e113daf2719514280f5fc6	The Phantom Fleet?	machine
6035_200_02	a6a2c46e9c563980cdfdea65a70f7c424fbaf384	Phantom...? In our tongue, that\nmeans "ghost," but...	machine
6035_200_03	f595417bbb320eee97d4b1e9f0911fb220ad361f	After reviewing the data, it has become\nclear that the appearance of the\nPhantom Fleet dates back\napproximately five months.	machine
6035_200_04	f5e9567743f42c2b8f47d97d527a06dd6ea2bab6	<font color=blue>Jeanne</font> At first, only a small number of\nblack Ober ships, like the ones you all\nsaw, appeared, and the damage was\nnegligible.	machine
6035_200_05	234fc64f5fb62f8b4335f4d27e2eeb6d5c00a58a	However, those black Ober\nships soon vanished, and black\nRaza ships began to be sighted\ninstead.	machine
6035_200_06	007e97ac7ace41b1dedc77948e32aed086daaa20	But since the sensors left no\ntrace of them even then, it\nwasn't considered a serious\nproblem.	machine
6035_200_07	dc864c03fbcda2915330cc0e6c5fd13548a1000e	In fact, at the time... people\nsimply said that traitors had\nappeared within the Raza army.	machine
6035_200_08	201529443224e02ff3334be6f65b19ee5acf006c	<font color=blue>Heath</font> This is the first I've ever\nheard of this...	machine
6035_200_09	6f4dd5dcd46aaa89aef844b1a62b84aac255c26f	<font color=blue>Jeanne</font> I imagine so. The\ninformation was kept secret\nfrom anyone below a certain\nrank.	machine
6035_200_10	59401e1e5f316e73e0f8cab1ba0278f6d7bd6460	Back then, rumors even began to\ncirculate among some that Raza\nwarships had been captured and\nrepainted in the colors of the Ober\narmy.	machine
6035_200_11	e981958067c51a018799fe2a55fa48f3a97419f6	<font color=blue>Ricardo</font> Well, that's the logical\nconclusion. It's far more reasonable\nthan thinking allies who were supposed\nto be dead became shadow monsters.	machine
6035_200_12	72e57d06e47ca1a0a33a030f16521722d71dca90	<font color=blue>Tika</font> Shadow... monsters...	machine
6035_200_13	555c997326396b070b2eb1ddc18e52315f202236	<font color=blue>Mastima</font> ...	machine
6035_200_14	c2721e2d2423658343857f17e364d88c9cdbd93d	<font color=blue>Jeanne</font> However, from the time the\nPhantom ship began to be sighted, the\nfront line was gradually pushed back,\nand Raza's casualties slowly began to\nmount.	machine
6035_200_15	3f8d61e8f7eb17c0ac35eff28def8273bbf828ac	Panicked by a situation that\nfelt like being slowly strangled,\nthe high command issued an\norder to us.	machine
6035_200_16	7bfeb98264fd34fbaf74d7cfcbfd7356c928114a	That order was to attack\nOber's civilian space stations.	machine
6035_200_18	f981139c0d7a2fa4bddbf4f296e6e90d2fe1588d	<font color=blue>Euwin</font> I don't know why, but\nthis sounds like a story I've\nheard somewhere before.	machine
6035_200_19	a3133ac4369dd5afe207187d88c28193fdfb8b95	<font color=blue>Karlyn</font> Yes. Whether it's\nBaschen or Rubarika, I've heard\nstories like that more times\nthan I can count.	machine
6035_200_20	3ca5607e71311bede622558bf7d52ba74ba48d1d	But you guys didn't follow\nthose orders, and that's why\nthings ended up the way they\ndid, right?	machine
6035_200_21	7d36b16858e0181ae4a63b3f6a594d914e2b4c30	...I shall speak honestly.	machine
6035_200_22	51f0b54fd14fa60e6bf5b45fa4f13ac6d63a8540	Boss!	machine
6035_200_23	e10c6599fd88ef67deb07f13aafa9e7da14a58d3	It is fine.	machine
6035_200_24	b325e68867cf4bd74bcb420334b4fc03bff7c1ee	As "Military Observers," you must grasp\nthe situation accurately so that you\nmay assist in the subsequent peace\nnegotiations.	machine
6035_200_26	40a2cfbdbdb62de02eaa664ca6643d48ca280b23	...If you're saying that, it\nmeans...	machine
6035_200_27	b60cd063c7f5f6570ac75f7481c56d5c36bee739	Isabel and I captured two\nspace bases within Ober's\nsphere of influence.	machine
6035_200_28	5b6ab62d6dc6f5c3707bebaaefe6b3d719c2c370	The people you were entrusted\nwith are the residents of the\nthird base.	machine
6035_200_30	4e711c6ac7895f60e218c8b5a14360e559c1fd88	Welch.	machine
6035_200_31	96f73149d1d9625e17dcb28e842f6743c5a21be0	...I'm fine. I get it. I guess it's\nbetter that she's just being\nhonest about it.	machine
6035_200_32	4c67e791e70977817f70cccc02963f458322872c	...If I may offer an excuse, we\nwere in a state of confusion\nourselves.	machine
6035_200_33	dbc41d457df4977804cb860eebf591a6df00f1d9	The reports coming in from the\nfront lines were constantly\nstating that Raza's army was\nat a disadvantage.	machine
6035_200_34	4d296a24c5fdb2bc985930696dd45d534d304976	Despite that, instead of being sent to\nsupport the front, we were ordered to\ninvade a space base where the\npresence of military defenses was\nuncertain.	machine
6035_200_35	c46ebd053f7901b97a618795948a9a70981c2597	At the time, those of us in the rear had\nthe least understanding of the\nsituation, and panic spread through the\narmy.	machine
6035_200_36	09ed6fb29814bd9f5dc3f508a1a517ed9b67bc56	In such a climate, following the\norders we were given was the\nonly way to keep the soldiers\nfrom wavering.	machine
6035_200_37	d34921bdd77b406c7e2979f64106713608acc146	Soldiers are less likely to panic when\nthere's a clear operational objective;\nfield commanders don't need a view of\nthe big picture. ...That's what my\nbrother used to say.	machine
6035_200_38	71d02166e6714bb5be16ef2367f8b1205c31dfe0	Ugh, seriously!! Hmph!	machine
6035_200_39	6af3f9497016899f280105a54d940ddd2428d0c0	But at that time, things were\nclearly wrong.	machine
6035_200_40	01e0ff76abc7763ae03e88989cdf7f7c3890eb28	Near our operational sector,\nthe 7th Fleet suffered\ncasualties that left them nearly\nannihilated.	machine
6035_200_41	c09639ea5ffe67383ecc7df23ef33810e99d4d70	I requested permission from\nheadquarters to send relief,\nbut I was denied.	machine
6035_200_42	b4ea226875d09e70cfc1b4407408befe74a14d56	Instead, I was ordered to\nlaunch a solo assault on a\nspace station of no strategic\nimportance.	machine
6035_200_43	d33148f45d245fa662e2315f8e1158266319ea94	So that's when you snapped.	machine
6035_200_44	65c92fe1e9bfcd45bfca7dfcd02cf9d00f734edb	A space station too small to\neven serve as a fleet port, or\nrescuing and supporting the\nretreat of allied forces.	machine
6035_200_45	55031e5414bd9c2a4e116174741c55e6bb7fbe1a	It goes without saying which\nshould have taken priority.	machine
6035_200_46	a3f0437a56ebdd96534e76692dda1fb9176fc735	However, at that point, we\nwere merely voicing our\nobjections.	machine
6035_200_47	0c0988f93f616d5dd3597db8982661f406f476c4	It was after that when things\nstarted feeling truly strange.	machine
6035_200_48	f687f2ae5a6b92f4f8c650f55d0211b2eaab18a6	What is it? Did a disciplinary\nsquad show up or something?	machine
6035_200_49	898f6828153e50668cf357b5b131312126d0ca27	Not like that.	machine
6035_200_50	6cfbc53ec6aed231cdda6b6bd4f8b6e44031ec6c	The 10th Fleet, which was supposed to\nbe guarding Raza's home planet,\nmarched right toward the space station\nwe were meant to take.	machine
6035_200_51	745478c23a9f00f3482eb454521150654e3d2ab5	Can you believe it? While the 7th Fleet\nwas being wiped out on the front lines,\nthe key to the home planet's defense\njust vanished.	machine
6035_200_52	d584e72fc33e3952872ffd718e4a77c04440f5fd	I can say for a fact that space\nstation wasn't worth doing all\nthat for.	machine
6035_200_53	5f220c55233d6fc77776c202bffa7e824f35fce3	Once we made our decision, we\nevacuated as many residents\nas possible and fled the base.	machine
6035_200_54	7f4df3ad49048729aacdf05c0fa5bbe12b7b9066	That was when we\nencountered you...	machine
6035_200_55	ce66ed1c90cf1a7ac5597871bf9968767c10610e	After parting ways with Heath,\nwe gathered information while\nfleeing through the sector and\nheard an unexpected rumor.	machine
6035_200_56	53da4d661de6e8b9d2077e11abb61fad8e7524b8	It concerns the 7th Fleet,\nwhich was wiped out\npreviously.	machine
6035_200_57	1036825bbdc2e63be3ee599dbf44ddedcf047fbc	Based on the flow of this\nconversation, I assume you\nmean they were destroyed by\nthe Phantom fleet?	machine
6035_200_58	dec266452869f9cb0a02dd151a960ced56b5f3df	It is more than that. You all\nsaw it yourselves... what\nhappened to the McKinley\nafter it was sunk.	machine
6035_200_59	306f34a04ffc5d56bcca84a3b4894b3c5a6c2d3e	You don't mean... the 7th Fleet\nitself?!	machine
6035_200_60	588a8734a8ef724c24784dcdc059e24e6c28f462	...Yes. It seems they have\nbecome a Phantom fleet and\nare now ravaging the various\nbattlefronts.	machine
6035_210_01	bce2cf96bed00205d5cc40b81f82e68870c96aa8	Come to think of it... when we\nlearned about space on\nDaftes... Valka mentioned\nsomething about a ghost ship...	machine
6035_210_02	ea23c80347fd7932cbb25fee836aa8ef9b2a5c90	She did! Valka said something\nabout an army of phantoms!	machine
6035_210_03	90f6f508125e42527355ff22f98c880ba313761c	Wait, does that mean Valka\nknows something about those\nguys!?	machine
6035_210_04	08d6d53c033cc77b3d70c683fda3b48db650b4ce	It's possible.	machine
6035_210_05	f994b0a28a8c19bb378695fd55385a14f057e75b	Kevin, do you know anything\nabout this Phantom fleet?	machine
6035_210_06	325ab0fd0a8d407d8c39c38bf34724475ae5415f	Unfortunately, I have never\nheard of anything called the\nPhantom.	machine
6035_210_07	c5b462b02951181705025a4cf1198eb9e93ae139	However... Captain Jeanne, did\nyou say the Phantom fleet first\nappeared five months ago?	machine
6035_210_08	88149875daa0d12390b14bdbeaa5b61c29595ec3	Yes.	machine
6035_210_09	a6d5e5239f75a5c2c12a7eefc9726fdf811b8c4f	Captain, those strange\ncreatures you call Thornite...	machine
6035_210_10	35552fda4a1b505c47b24b2b7b3d445c0ba51f04	They began to be observed on\nthe surface of Lazuli right\naround that time.	machine
6035_210_12	cff4aff003f178710b9aace04193a39d11c4b214	I wonder if there's a\nconnection...	machine
6035_210_13	aaadabaa6cf0acd78fce6aeb0c1cec2b5bffd593	Considering how those Thornite\ncharged toward that black\nstarship called the McKinley,	machine
6035_210_14	166db63acd5e3cceae8b063a27513bf6f927717e	It would be difficult to conclude\nthat they are unrelated.	machine
6035_210_15	6d63972ba42a5abb5478183be11b41cfbe9158e9	However, as for how they are\nrelated, I cannot say for\ncertain.	machine
6035_210_16	684d33337f46dad4cb6d93f54051b2822aaef772	...In the end, doesn't this just\nmean there's more stuff we\ndon't understand?	machine
6035_210_17	43e90eb6ee308d9202faab72864f3dda07f13150	Even if we did figure it out, it's\nnot like we can just side with\nHeath.	machine
6035_210_18	7e00fe09de848ebde88479121587c17e920195a0	I suppose all we can do now is\nwait for Valka to recover and\nthen decide our next move...	machine
6035_210_19	2d6f062507f3c38f08023d333a7e9815462c2642	In a situation like this,\nsearching for Evelysse is out\nof the question.	machine
6035_210_20	1ca82d1ee410cc593471063186fa0d5e1c77ef83	...Evelysse...	machine
6035_210_21	e01934cc625ead5dec426d499dd95c8cab77ccf8	Um, Jeanne?	machine
6035_210_22	bc27e2b5781c82d6545e56c4e980ef60be4d1388	Yes?	machine
6035_210_23	57444733e56f1a02a77ead2ef06ac8f263e57230	Is there... some kind of omen or\nsign that appears when a\nPhantom manifests?	machine
6035_210_24	139fd58ca200f325f9f3f8416a431fdb6ed3da78	...Like a crest, or a giant disc\nappearing...	machine
6035_210_25	e83535540cf4b091e763179193088756b62be05e	An omen... No, I have never\nheard of any particular crests\nor discs.	machine
6035_210_26	c9e309bff30e948e57ccd5eeff2a4477b6c49519	I see...	machine
6035_210_27	c9f58ab48c20d12837fd1665018573287019be4a	Tika, you...	machine
6035_210_28	35d4799ddade6f878f7dd9b69d65398049a41cfc	No... I just wanted to rule out\nany possibilities.	machine
6035_210_29	e80fd7b7e8bdc7a74b2833451cf1571a7136d5de	Just because Jeanne hasn't\nseen it doesn't mean it's\ndefinitely not happening.	machine
6035_210_30	9e577fa4a89b27aa92755ae0fba5473b61aff406	However, if there is one\nstrange thing...	machine
6035_210_31	cdcdb85ebb9949479098e11e99d20161690e9186	Hmm, is something wrong?	machine
6035_210_32	4228e2f10705e72ed44ae4fd98f382c2e1c8e7dd	Oh, no, it's not something that\nhappened at the scene.	machine
6035_210_33	c8dfb616fc68a42653a596f199a31945045166f9	It's currently being investigated\non the home planet of Raza,\nbut...	machine
6035_210_34	ecbed4d579f0b5a4851c17e6f3e746f78bb9b890	Around the time the Phantom fleet\nappeared, the Commander-in-Chief of\nthe Ober Space Force was replaced.	machine
6035_210_35	66806505afe6b10b5289f90c89605a47b7537f3e	The Commander-in-Chief...?	machine
6035_210_36	50abfd5101ec26b9da35e1d312bc3c3b81237e8f	Wait a minute! The one who\nbecame the\nCommander-in-Chief of the\nOber army was...!!	machine
6035_210_38	cc4fd75a510d3d71265f59c236d9d794c1bc3acd	That's right! That man\nGivel―no, isn't his name\nGiverese!?	machine
6035_210_39	469da79f8cbfa2e08bd82116fafbd5387da2f5eb	If we think of these Phantoms\nas the same as those black\nmonsters Givel summons, it all\nmakes sense...!	machine
6035_210_40	7b6cdb7ebde651dfcb4b56b3699e25d9fd6c35c7	What? No, that is not the\nname.	machine
6035_210_41	5f6a4f2b13ce1904d7bf0dba69fd274918f4d643	Hm, I-I see... My apologies. I got\nahead of myself.	machine
6035_210_42	52fe7ec254d20c56cbd88fb0d0fc5e93fc5f22a3	I doubt it is quite that simple.	machine
6035_210_43	9f813892ae4dcf66ee31d0c7ccdb7fd9935840f8	Still, it's not impossible. I\nthought the same thing for a\nmoment.	machine
6035_210_44	a2f65a1e48dfdfde27f6a363c0063a84bac4a4d0	Hmm, no matter how\nmysterious Givel is,	machine
6035_210_45	e6116eba1d406506a78969d95e01511f081ad5b6	Taking over the military of a\nplanet that's been at war for\n20 years in such a short time...\nthat's just...	machine
6035_210_46	6eeeb1f4643f5e7c256b9677b7fe589839a22886	To continue, the current\nCommander-in-Chief of the\nOber Space Force is named\n<font color=yellow>Asmodeus</font>.	machine
6035_210_47	ca350b9243174f7eb29eb20046a7976a77c9b651	He rose to power suddenly five months\nago. That name wasn't among the\nleading candidates, so the Raza military\nleadership was also surprised...	machine
6035_210_49	09b3e3ed145faea407f73fb2cd1fb52584f7ba00	...What did you just say?	machine
6035_210_50	d05fb232cc5e132087e684d929b12aa5aa13bc6a	Captain, Coro, what is it? You\nboth have strange looks on\nyour faces.	machine
6035_210_51	d44c42f3905eb3d94683dc7011db22459ef4238b	Captain Jeanne... what, what\ndid you just say? The name of\nthe Ober Commander-in-Chief.	machine
6035_210_52	9b731cb59cb272e7bfb6903f3b821efedd53da67	Asmodeus, I said.	machine
6035_210_54	0e48ac9ca454fea2d9dfd8d6dfb06c6f6bd8da32	The people of Ober really are\ncompletely under your thumb,\naren't they?	machine
6035_210_55	da35d1eb3f805e5c3f6a460d8d9b3f370767b395	The lack of unity among the people of\nOber is ultimately due to their\narrogance―the belief that they are the\npinnacle of all races.	machine
6035_210_56	3376896c117a0a0e3b673171f1c56b87c47b023f	By suppressing them with\nabsolute power and crushing\nthat pride, a unity born of\nobedience is created.	machine
6035_210_57	78030c7a5ddabf6a52be069dd88feec71fe96480	What a bloody methodology.	machine
6035_210_58	861d70e773ff5f204a6a6c0ec0a2709827117c51	...Hmph. I was summoned\nprecisely because that is what\nwas required. Is it not so?	machine
6035_210_59	877c78101424ded30ce8c11a603655a4725f8dbd	...Yes.	machine
6035_210_60	cac134cd0e607525b8367696c460acd18ca4183a	I have lived up to those\nexpectations. ...However,	machine
6035_210_61	89fbe6ba0027fa549c07497abba5158725f6eb09	I will not let it end here. ...I will\nnever forgive those who toy\nwith my destiny.	machine
6035_210_62	978ae478a4278502608a32f8682f9aa12f1d36d8	Even if my opponent be a god.	machine
6035_210_63	57c60374a48ef4fee9a93d1eee5768b025581b2e	I'm tired of hearing that. ...What\nare you going to do next?	machine
6035_210_64	4023292cc7e38e40de88b5ed6903acbfc81913e5	There is no need for you to\nknow that now. You simply do\nwhat I cannot.	machine
6035_210_65	96c90844fe400a73efbbff7488ae09dd5930ef5e	I leave the management of this\nman to you. I'm counting on\nyou, Evelysse.	machine
6035_210_66	83d8be1ea497bd1737b85f524ebbfabf97e71549	...Fine. I understand.	machine
6035_210_67	9fc067abdf776adee69ad706e1336432c676023e	Honestly... how ridiculous.	machine
6035_210_68	e5b99a17a513ea0479ed03fd26dea186fcd5a822	...Hey, don't you think so too?\n...Givel.	machine
