# port-restore: work/rebase/cov-port-restore/prof (lib 380), 185.3 s, 85174 armed entries, 7060 executed. Derived by tools/rebase_inventory.py --coverage.
kind	function (G: guest function as its vaddr in this lib, named by the tool; N: native symbol)	first_hit_s	self_samples	incl_samples	native_calls
G	10faebc	0.10	0	0	
G	10faeec	0.10	1	1	
G	10fb488	0.10	1	1	
G	10fbccc	0.10	0	0	
G	10fc268	0.10	1	1	
G	10fc804	0.10	0	0	
G	10fcda0	0.10	1	1	
G	10fd33c	0.10	0	0	
G	1e7a294	0.10	0	0	
G	1e80104	0.10	0	0	
G	10fd8d8	0.11	1	1	
G	10fde74	0.11	0	0	
G	10fe410	0.11	1	1	
G	10fe9ac	0.11	0	0	
G	10fef48	0.11	1	1	
G	10ff4e4	0.11	1	1	
G	10ffa80	0.11	0	0	
G	1100040	0.11	1	1	
G	11005dc	0.11	0	0	
G	1100b78	0.11	1	1	
G	1101114	0.11	0	0	
G	11016b0	0.11	1	1	
G	1101c4c	0.11	1	1	
G	11021e8	0.11	0	0	
G	1102784	0.11	1	1	
G	1102d20	0.11	1	1	
G	11032bc	0.11	0	0	
G	1103858	0.12	1	1	
G	1103df4	0.12	0	0	
G	1104390	0.12	1	1	
G	110492c	0.12	0	0	
G	1104ec8	0.12	1	1	
G	1105464	0.12	1	1	
G	1105a00	0.12	0	0	
G	1105f9c	0.12	1	1	
G	1106538	0.12	0	0	
G	1106ad4	0.12	1	1	
G	1107070	0.12	0	0	
G	110760c	0.12	1	1	
G	1107ba8	0.12	1	1	
G	1108144	0.12	1	1	
G	11086e0	0.12	0	0	
G	1108c7c	0.12	1	1	
G	1109218	0.13	1	1	
G	11097b4	0.13	0	0	
G	1109d50	0.13	1	1	
G	110a2ec	0.13	0	0	
G	110a888	0.13	1	1	
G	110ae24	0.13	0	0	
G	110b3c0	0.13	1	1	
G	110b95c	0.13	1	1	
G	110bef8	0.13	0	0	
G	110c494	0.13	1	1	
G	110ca30	0.13	0	0	
G	110cfcc	0.13	1	1	
G	110d568	0.13	0	0	
G	110db04	0.13	1	1	
G	110e0a0	0.13	0	0	
G	110e63c	0.13	1	1	
G	110ebd8	0.13	0	0	
G	110f174	0.13	1	1	
G	110f710	0.13	0	0	
G	110fcac	0.14	1	1	
G	1110248	0.14	0	0	
G	11107e4	0.14	1	1	
G	1110d80	0.14	0	0	
G	111131c	0.14	1	1	
G	11118b8	0.14	0	0	
G	1111e54	0.14	1	1	
G	11123f0	0.14	0	0	
G	111298c	0.14	1	1	
G	1112f28	0.14	0	0	
G	11134c4	0.14	1	1	
G	1113a60	0.14	0	0	
G	1113ffc	0.14	1	1	
G	1114598	0.14	0	0	
G	1114b34	0.14	1	1	
G	11150d0	0.14	0	0	
G	111566c	0.14	2	2	
G	1115c08	0.15	1	1	
G	11161a4	0.15	1	1	
G	1116740	0.15	0	0	
G	1116cdc	0.15	1	1	
G	1117278	0.15	0	0	
G	1117814	0.15	1	1	
G	1117db0	0.15	0	0	
G	111834c	0.15	1	1	
G	11188e8	0.15	0	0	
G	1118e84	0.15	1	1	
G	1119420	0.15	0	0	
G	11199bc	0.15	1	1	
G	1119f58	0.15	0	0	
G	111a4f4	0.15	1	1	
G	111aa90	0.15	0	0	
G	111b02c	0.15	1	1	
G	111b5c8	0.15	0	0	
G	111bb64	0.15	1	1	
G	111c100	0.15	0	0	
G	111c69c	0.16	1	1	
G	111cc38	0.16	0	0	
G	111d1d4	0.16	1	1	
G	111d770	0.16	0	0	
G	111dd0c	0.16	1	1	
G	111e2a8	0.16	1	1	
G	111e844	0.16	0	0	
G	112218c	0.17	1	1	
G	1122728	0.17	0	0	
G	1122790	0.17	0	0	
G	1122d2c	0.17	1	1	
G	11232c8	0.17	1	1	
G	1123864	0.17	1	1	
G	1123e00	0.17	1	1	
G	112439c	0.17	1	1	
G	1124938	0.17	1	1	
G	1124ed4	0.17	0	0	
G	1125470	0.18	1	1	
G	1125544	0.18	0	0	
G	1125574	0.18	0	0	
G	11255bc	0.18	0	0	
G	1125664	0.18	0	0	
G	1125748	0.18	0	0	
G	1125768	0.18	1	1	
G	11257bc	0.18	0	0	
G	1125820	0.18	0	0	
G	1125ad8	0.18	0	0	
G	1125b18	0.18	1	1	
G	1125ba0	0.18	0	0	
G	1125c1c	0.18	0	0	
G	1125c4c	0.18	0	0	
G	1125c7c	0.18	0	0	
G	1125ca8	0.18	0	0	
G	1125d28	0.18	0	0	
G	1125de4	0.18	0	1	
G	1125e04	0.18	0	0	
G	1125e34	0.18	0	0	
G	1125e64	0.18	0	0	
G	1125f14	0.18	0	0	
G	1125f44	0.18	0	0	
G	1125f5c	0.18	0	0	
G	1125f78	0.18	0	0	
G	1125f9c	0.18	0	0	
G	1125fc0	0.18	0	0	
G	1125fd4	0.18	0	0	
G	1126058	0.18	0	0	
G	1126080	0.18	0	1	
G	11260c0	0.18	0	0	
G	11264a4	0.18	1	2	
G	1126500	0.18	1	1	
G	112655c	0.18	0	0	
G	11265c4	0.18	0	0	
G	11265e0	0.18	0	0	
G	112662c	0.18	0	0	
G	1e78ba8	0.18	0	0	
G	1f009f0	0.18	0	0	
G	1f7c554	0.18	0	0	
G	1f7cbd0	0.18	3	4	
G	1f827a4	0.18	8	8	
G	1f82bf8	0.18	1	2	
G	20e097c	0.18	1	1	
G	261f680	0.18	1	1	
G	261f774	0.18	0	0	
G	263ce98	0.18	0	0	
G	263d244	0.18	0	1	
G	263e4a4	0.18	0	0	
G	1efc800	0.20	0	0	
G	1f00760	0.20	0	0	
G	2209a40	0.20	19	19	
G	1efc964	0.22	0	178	
G	1efd1dc	0.22	0	0	
G	1f009d8	0.22	0	0	
G	1f0ffe8	0.22	0	0	
G	1f10008	0.22	4	182808	
G	22098a0	0.22	0	0	
G	2209a3c	0.22	0	0	
G	2209d14	0.22	1	1	
G	2209db4	0.22	18	18	
G	1efcad8	0.24	1	160	
G	216c47c	0.24	155	159	
G	22099a4	0.24	0	0	
G	220a164	0.24	0	0	
G	220a31c	0.24	0	0	
G	216c858	0.39	1	1	
G	220a660	0.39	1	3	
G	220a918	0.39	0	3	
G	1e5b13c	0.40	0	0	
G	1e5b148	0.40	0	0	
G	1efcca8	0.40	0	0	
G	1f0ff70	0.40	182625	182625	
G	1f7c5ec	0.40	5	5	
G	220a104	0.40	0	0	
G	220a9a8	0.40	2	2	
G	1f102f0	0.42	0	181343	
G	1f7c7e8	0.42	1	5232846	
G	1e59ad8	0.44	0	0	
G	1e5b128	0.44	0	0	
G	1f10564	0.44	0	0	
G	1f42384	0.44	0	1	
G	1f4248c	0.44	1	1	
G	1f47524	0.44	0	0	
G	1f47710	0.44	0	18	
G	1f48040	0.44	0	18	
G	1f4891c	0.44	0	0	
G	1e318d0	0.46	6	6	
G	1e59b30	0.46	0	0	
G	1efc85c	0.46	0	0	
G	1efc878	0.46	0	0	
G	1f00afc	0.46	0	1	
G	1f01388	0.46	0	0	
G	1f52428	0.46	0	0	
G	1f551dc	0.46	2	2	
G	1f7c99c	0.46	0	0	
G	1f7cb0c	0.46	0	0	
G	216ca68	0.46	29	29	
G	216d894	0.46	0	2	
G	216d954	0.46	1	1	
G	216dba8	0.46	1	1	
G	216e91c	0.46	52	237	
G	216eb24	0.46	0	0	
G	2224b54	0.46	0	0	
G	222bc38	0.46	0	0	
G	222bcf8	0.46	2	2	
G	216cce0	0.49	0	0	
G	216bfa4	0.54	3	3	
G	216c274	0.54	8	9	
G	216ed28	0.54	0	2	
G	216fa54	0.54	2	2	
G	2212ee0	0.54	0	0	
G	20b6fc8	0.55	0	0	
G	216ee14	0.55	0	21	
G	2176d18	0.55	6	12	
G	2185854	0.55	0	0	
G	137037c	0.57	1	1	
G	1f17bc0	0.57	168	168	
G	216f7ac	0.57	129	130	
G	2178c4c	0.57	0	0	
G	217c624	0.57	0	0	
G	217d4dc	0.57	2	4	
G	217d5ec	0.57	2	2	
G	217d888	0.57	0	0	
G	235885c	0.57	0	0	
G	11fcfbc	0.70	0	0	
G	1352018	0.70	0	0	
G	14b7554	0.70	1	1	
G	1f105ac	0.70	0	0	
G	1f105c8	0.70	0	0	
G	1f1839c	0.70	36	36	
G	1f19d28	0.70	0	0	
G	1f22e8c	0.70	1	1	
G	1f5b6a4	0.70	5	5	
G	1f77e34	0.70	1	1	
G	1f79308	0.70	0	0	
G	20ec9e0	0.70	1	1	
G	20f0704	0.70	0	0	
G	20f070c	0.70	0	0	
G	20f0714	0.70	0	0	
G	20f071c	0.70	0	0	
G	20f0724	0.70	0	0	
G	20f0738	0.70	0	0	
G	20f0740	0.70	0	0	
G	20f7248	0.70	1	21	
G	20f7694	0.70	1	1	
G	20f7834	0.70	0	0	
G	217108c	0.70	2	2	
G	22135d0	0.70	0	0	
G	2221378	0.70	0	0	
G	2221cb0	0.70	0	0	
G	2226fd8	0.70	0	0	
G	1f009dc	0.72	0	0	
G	1f84b38	0.72	0	0	
G	20f03cc	0.72	1	182305	
G	20f90a0	0.72	0	1	
G	21ce7ac	0.72	1	1	
G	21cecec	0.72	0	0	
G	2213584	0.72	0	0	
G	22135a8	0.72	0	0	
G	221a05c	0.72	0	2	
G	221b35c	0.72	0	2	
G	221b3fc	0.72	0	0	
G	221d9fc	0.72	1	1	
G	221dd90	0.72	1	2	
G	222bf70	0.72	0	182307	
G	25a01d8	0.72	0	0	
G	25a01ec	0.72	0	0	
G	25a0240	0.72	0	0	
G	25a0258	0.72	0	0	
G	1f17f40	0.73	32	32	
G	1f2f7b4	0.73	0	0	
G	1f2f9d4	0.73	0	0	
G	1f2fb60	0.73	0	0	
G	1f4d914	0.73	0	0	
G	1f64fa8	0.73	0	1	
G	1f85184	0.73	0	0	
G	2094ea4	0.73	0	0	
G	20e9560	0.73	0	0	
G	2132394	0.73	0	0	
G	213a768	0.73	0	0	
G	2143b08	0.73	0	0	
G	21457e8	0.73	1	1	
G	2183364	0.73	0	0	
G	21835e4	0.73	0	1	
G	2185800	0.73	1	1	
G	2213598	0.73	0	0	
G	221b43c	0.73	0	0	
G	222e3d0	0.73	1	1	
G	222ea20	0.73	0	0	
G	222eeb8	0.73	0	0	
G	22309d4	0.73	0	0	
G	22310f4	0.73	0	1	
G	2231328	0.73	1	1	
G	22314cc	0.73	0	0	
G	2345fd0	0.73	0	4	
G	2346728	0.73	0	0	
G	261bb6c	0.73	1	1	
G	261d768	0.73	0	0	
G	261d850	0.73	0	0	
G	261eeb4	0.73	0	0	
G	261f77c	0.73	2	2	
G	261fd3c	0.73	0	0	
G	261fe70	0.73	0	0	
G	261fe78	0.73	0	0	
G	261fe80	0.73	0	0	
G	2630254	0.73	0	0	
G	2635ce4	0.73	0	1	
G	2639f58	0.73	0	0	
G	263e3dc	0.73	0	0	
G	263e3e4	0.73	0	0	
G	263ef14	0.73	0	0	
G	2643978	0.73	0	0	
G	2648a3c	0.73	0	0	
G	264b87c	0.73	0	1	
G	264c544	0.73	1	1	
G	1efb7f4	0.74	148	148	
G	1f6045c	0.74	0	0	
G	1f620e4	0.74	0	0	
G	1f62304	0.74	0	0	
G	1f63ac8	0.74	6	12	
G	1f689b0	0.74	0	0	
G	1f6957c	0.74	0	0	
G	1f695f0	0.74	0	0	
G	1f69640	0.74	1	2	
G	1f6b1f4	0.74	0	0	
G	1f6c2b4	0.74	3	3	
G	1f6e2d8	0.74	0	0	
G	1f6e4ec	0.74	1	1	
G	2213538	0.74	0	0	
G	221354c	0.74	0	0	
G	2213558	0.74	0	0	
G	2213570	0.74	0	0	
G	22394e4	0.74	0	0	
G	223951c	0.74	1	1	
G	223994c	0.74	0	0	
G	223af0c	0.74	0	0	
G	223b148	0.74	0	1	
G	223b1c0	0.74	0	0	
G	223bb4c	0.74	0	1	
G	223c6f0	0.74	0	0	
G	223eb2c	0.74	0	0	
G	223eb94	0.74	0	0	
G	223ed74	0.74	0	0	
G	223edd8	0.74	0	0	
G	25a0b70	0.74	0	0	
G	25a0c68	0.74	0	0	
G	25a0ca0	0.74	0	0	
G	25a0dc8	0.74	0	0	
G	25a0e38	0.74	0	0	
G	261bad8	0.74	0	0	
G	1f152a8	0.75	0	1	
G	1f15e08	0.75	0	0	
G	1f16634	0.75	1	1	
G	1f5a454	0.75	1	1	
G	1f5a7bc	0.75	0	0	
G	1f5aa54	0.75	0	1	
G	1f5af38	0.75	0	0	
G	1f60548	0.75	0	2	
G	1f60d24	0.75	0	0	
G	1f61bc0	0.75	2	2	
G	1f61f84	0.75	0	0	
G	20cfcfc	0.75	0	0	
G	20df798	0.75	0	0	
G	2127058	0.75	1	1	
G	216cee8	0.75	0	0	
G	218836c	0.75	0	0	
G	21883c8	0.75	0	0	
G	2188500	0.75	0	0	
G	2217130	0.75	0	0	
G	2218f20	0.75	1	31	
G	221936c	0.75	0	0	
G	2219508	0.75	0	0	
G	221af70	0.75	10	364560	
G	222bea8	0.75	0	0	
G	23604d8	0.75	0	0	
G	1f2f4bc	0.76	0	182268	
G	1f30368	0.76	0	0	
G	222ea50	0.76	39	546707	
G	2232864	0.76	0	182269	
G	2233998	0.76	1	1	
G	1f16020	0.77	5	182253	
G	1f64c90	0.77	15	182219	
G	1f7cb14	0.77	363561	363561	
G	223ebd4	0.77	1	182263	
G	1f26d24	0.78	0	0	
G	20df4bc	0.78	1	182245	
G	20df974	0.78	0	0	
G	21315bc	0.78	0	0	
G	2131984	0.78	0	1	
G	2153f68	0.78	3	30	
G	21d05bc	0.78	9	44	
G	21dd034	0.78	0	0	
G	11fcfc0	0.79	0	0	
G	20d1364	0.79	0	1	
G	215fb54	0.79	0	0	
G	2165ce0	0.79	1	2	
G	2166650	0.79	5	5	
G	21671d4	0.79	3	7	
G	2168dd8	0.79	1	1	
G	216b2a8	0.79	1	1	
G	216b490	0.79	1	1	
G	219f550	0.79	6	11	
G	219fdac	0.79	0	0	
G	21ae130	0.79	1	1	
G	21b08a8	0.79	0	4	
G	21b09e0	0.79	2	3	
G	21b0acc	0.79	0	1	
G	21b0ea8	0.79	1	1	
G	21b0ee4	0.79	0	0	
G	21b1e20	0.79	0	0	
G	21b21fc	0.79	0	0	
G	21b8994	0.79	1	4	
G	21b90dc	0.79	0	0	
G	21d0274	0.79	3	3	
G	21d1300	0.79	18	45	
G	21d1970	0.79	1	1	
G	21d1a44	0.79	7	31	
G	21d3200	0.79	0	0	
G	21ddc04	0.79	2	2	
G	21ddd08	0.79	11	27	
G	2351dec	0.79	0	0	
G	2361b90	0.79	0	0	
G	1f52528	0.80	0	0	
G	20de0e4	0.80	0	1	
G	20e9afc	0.80	0	0	
G	21260a8	0.80	1	1	
G	216cfdc	0.80	1	1	
G	21a681c	0.80	1	10	
G	21a68ac	0.80	2	3	
G	21a6c18	0.80	2	2	
G	21a7258	0.80	2	2	
G	21a752c	0.80	0	0	
G	21a7d88	0.80	0	1	
G	21a7e7c	0.80	0	0	
G	21a80c4	0.80	0	0	
G	21af038	0.80	0	0	
G	21d3264	0.80	0	0	
G	22399f8	0.80	8	8	
G	223bd64	0.80	4	12	
G	223eb44	0.80	3	7	
G	2358888	0.80	0	0	
G	1f43308	0.81	0	0	
G	20a28b0	0.81	0	1	
G	20b6b18	0.81	12	12	
G	20b6df4	0.81	23	23	
G	20b71ac	0.81	40	40	
G	20b73b8	0.81	17	17	
G	20dc7f8	0.81	0	0	
G	20dc8ac	0.81	0	0	
G	20dca5c	0.81	0	0	
G	212e460	0.81	0	0	
G	2154b54	0.81	1	1	
G	21814ec	0.81	0	0	
G	2181540	0.81	1	9	
G	218174c	0.81	0	0	
G	21a0f1c	0.81	0	0	
G	21a0f24	0.81	0	0	
G	21a2130	0.81	1	3	
G	21a65c0	0.81	0	0	
G	21a76e8	0.81	2	2	
G	21a79ec	0.81	2	2	
G	21a8898	0.81	0	0	
G	21b0f3c	0.81	0	0	
G	21b7c24	0.81	8	8	
G	21b90f4	0.81	105	182062	
G	21bc6d4	0.81	10	182216	
G	21bc98c	0.81	17	182216	
G	21cb860	0.81	0	0	
G	21e12a4	0.81	0	0	
G	21e1304	0.81	0	0	
G	234d898	0.81	0	1	
G	2162154	0.82	0	1	
G	21ad558	0.82	0	0	
G	235f7f4	0.82	0	0	
G	259ca7c	0.85	0	0	
G	1efbecc	0.86	2	2	
G	1f0140c	0.86	0	0	
G	1f188c8	0.86	1	1	
G	1f20140	0.86	0	3	
G	1f2191c	0.86	1	3	
G	1f76470	0.86	0	0	
G	1f764cc	0.86	0	0	
G	1f76528	0.86	0	0	
G	1f76554	0.86	0	0	
G	1f76714	0.86	1	1	
G	20a3254	0.86	21	52	
G	20ad41c	0.86	0	0	
G	216bf94	0.86	0	0	
G	216c23c	0.86	0	0	
G	216cfb4	0.86	0	0	
G	216d0b4	0.86	1	7	
G	216d358	0.86	0	2	
G	216d460	0.86	1	3	
G	217698c	0.86	0	11	
G	2176a74	0.86	3	3	
G	2177630	0.86	1	1	
G	2177874	0.86	0	0	
G	21bfe4c	0.86	0	77	
G	234d914	0.86	1	60	
G	235f958	0.86	0	5	
G	235fb18	0.86	1	7	
G	235fb68	0.86	0	6	
G	1f17fd0	0.87	0	0	
G	1f19358	0.87	0	1	
G	1f197f8	0.87	0	0	
G	1f19a34	0.87	0	0	
G	1f528b8	0.87	0	1	
G	1f52c3c	0.87	0	1	
G	1f54628	0.87	0	0	
G	1f54658	0.87	0	0	
G	20a72d8	0.87	1	2	
G	21e8530	0.87	0	182154	
G	221a560	0.87	17	53	
G	221ae14	0.87	7	7	
G	221dd54	0.87	0	0	
G	221dd80	0.87	0	0	
G	221de6c	0.87	0	2	
G	221def0	0.87	1	2	
G	221e46c	0.87	0	0	
G	221e5fc	0.87	0	0	
G	221e608	0.87	0	0	
G	221e870	0.87	0	0	
G	221e8a0	0.87	0	0	
G	1f54458	0.88	2	3	
G	20a77a0	0.88	0	182144	
G	20a7858	0.88	1	407	
G	20a794c	0.88	1	4	
G	216cf14	0.88	0	0	
G	1f015e8	0.89	3	3	
G	1f01870	0.89	0	0	
G	1f531bc	0.89	0	1	
G	1f53adc	0.89	0	1	
G	1f53bdc	0.89	0	0	
G	1f546d4	0.89	0	0	
G	20a4118	0.89	8	8	
G	20a48f8	0.89	0	386	
G	20a7b34	0.89	0	0	
G	20a7cb0	0.89	1	399	
G	20ab53c	0.89	1	361	
G	20ab5f8	0.89	3	16	
G	20b6280	0.89	0	0	
G	20b65e0	0.89	0	0	
G	20b6614	0.89	2	2	
G	20b6ab0	0.89	0	2	
G	20b75dc	0.89	0	0	
G	216d09c	0.89	0	0	
G	20a4b60	0.91	6	6	
G	216d248	0.91	1	7	
G	1f7cb60	0.92	124115	124115	
G	20a37a4	0.92	300	302	
G	20a3bfc	0.92	182	364	
G	20a3e88	0.92	175	175	
G	20a43a8	0.92	1	7	
G	20a6ca4	0.92	1	1	
G	20b4ee8	0.92	0	2	
G	20b5238	0.92	0	0	
G	20b746c	0.92	24	24	
G	20b75f0	0.92	0	0	
G	216d5fc	0.92	0	0	
G	216d60c	0.92	1	1	
G	2172698	0.92	2	6	
G	2177a5c	0.92	2	4	
G	2177dc8	0.92	0	0	
G	2177e88	0.92	0	2	
G	21afcc8	0.92	9	9	
G	21cc7d4	0.92	0	1	
G	234d9e8	0.92	2	7	
G	234dd5c	0.92	0	0	
G	234de80	0.92	0	0	
G	235d0e0	0.92	10	10	
G	1ef83e8	0.94	1	1	
G	1f01aac	0.94	0	0	
G	1f1b400	0.94	0	0	
G	1f1b860	0.94	0	0	
G	1f73b3c	0.94	0	0	
G	1f73b64	0.94	1	1	
G	1f73c00	0.94	6	6	
G	1f73c50	0.94	0	0	
G	1f73e24	0.94	0	0	
G	1f74264	0.94	0	0	
G	1f82480	0.94	0	0	
G	21d3594	0.94	2	18	
G	221bea4	0.94	0	1	
G	221bf34	0.94	0	1	
G	221c288	0.94	0	1	
G	221c37c	0.94	0	0	
G	221c668	0.94	0	0	
G	221cde0	0.94	0	0	
G	221cdfc	0.94	0	0	
G	221e8cc	0.94	1	1	
G	221eb44	0.94	1	33	
G	221ed20	0.94	4	4	
G	221f108	0.94	0	0	
G	221f264	0.94	2	37	
G	221f3d0	0.94	0	0	
G	221f778	0.94	0	0	
G	221fa84	0.94	1	1	
G	221fb0c	0.94	0	0	
G	221fb24	0.94	0	0	
G	221fb88	0.94	0	0	
G	2220bd4	0.94	0	0	
G	2220c48	0.94	2	2	
G	2224b94	0.94	2	6	
G	2226388	0.94	0	2	
G	2231878	0.94	0	11	
G	2231978	0.94	0	0	
G	2231be8	0.94	1	11	
G	223295c	0.94	0	0	
G	11d597c	0.95	0	0	
G	1f01fcc	0.95	0	0	
G	1f02354	0.95	0	0	
G	1f1ab84	0.95	0	1	
G	1f1abdc	0.95	0	4	
G	1f1b100	0.95	0	0	
G	1f1b284	0.95	0	0	
G	1f22164	0.95	0	0	
G	1f22184	0.95	0	0	
G	1f22768	0.95	1	1	
G	1f22b28	0.95	0	0	
G	1f22c98	0.95	1	1	
G	1f23c10	0.95	1	77	
G	1f23c64	0.95	15	75	
G	1f24d48	0.95	0	0	
G	1f25614	0.95	2	17	
G	1f25680	0.95	13	16	
G	1f260d8	0.95	0	13	
G	1f265bc	0.95	0	0	
G	1f265c0	0.95	0	0	
G	1f3a378	0.95	7	7	
G	1f4261c	0.95	0	0	
G	1f46fe8	0.95	0	0	
G	1f46ff4	0.95	0	0	
G	1f47024	0.95	0	0	
G	1f5b7fc	0.95	7	7	
G	1f6d448	0.95	0	0	
G	1f73d1c	0.95	7	7	
G	21d3434	0.95	0	0	
G	21d3d90	0.95	1	1	
G	21dbe68	0.95	0	0	
G	221ea44	0.95	0	1	
G	221ef30	0.95	0	0	
G	221eff0	0.95	1	1	
G	2220b18	0.95	0	0	
G	2220bb4	0.95	0	0	
G	2226bf0	0.95	0	0	
G	222772c	0.95	0	0	
G	2228b30	0.95	0	0	
G	2228b48	0.95	0	0	
G	22322b4	0.95	0	0	
G	113ee94	0.96	0	0	
G	113eefc	0.96	0	0	
G	113ef08	0.96	0	0	
G	113ef14	0.96	0	0	
G	113ef20	0.96	0	0	
G	113ef2c	0.96	0	0	
G	113efd4	0.96	2	5	
G	113f914	0.96	6	10	
G	11466d4	0.96	3	3	
G	1e2d6c8	0.96	0	0	
G	1e2d6cc	0.96	0	0	
G	1e2d7c0	0.96	0	0	
G	1e2e894	0.96	0	0	
G	1e2ebf4	0.96	1	1	
G	1e300e4	0.96	0	1	
G	1e3053c	0.96	0	0	
G	1e305e4	0.96	0	0	
G	1e3067c	0.96	0	0	
G	1e30888	0.96	1	1	
G	1e59b34	0.96	22	180815	
G	1e5b874	0.96	0	0	
G	1e78aa0	0.96	0	0	
G	1e78b14	0.96	0	1	
G	1efbde0	0.96	1	1	
G	1efbe0c	0.96	0	0	
G	1f1ad3c	0.96	0	0	
G	1f1ad4c	0.96	0	0	
G	1f1ad5c	0.96	1	1	
G	1f1aec8	0.96	2	73	
G	2143b10	0.96	0	0	
G	21551b4	0.96	0	0	
G	215f07c	0.96	0	0	
G	2165818	0.96	0	1	
G	216a3b0	0.96	1	1	
G	216c960	0.96	0	0	
G	216ca28	0.96	0	0	
G	216ca3c	0.96	0	0	
G	216ca50	0.96	0	0	
G	216ca5c	0.96	0	0	
G	2171070	0.96	0	0	
G	21bbb64	0.96	1	1	
G	21bbb84	0.96	1	1	
G	2362240	0.96	0	1	
G	2362b1c	0.96	0	0	
G	2365308	0.96	0	1	
G	1efd57c	0.98	6	15	
G	21658b8	0.98	0	0	
G	21658d0	0.98	1	49	
G	216c044	0.98	0	0	
G	216d874	0.98	0	0	
G	2174590	0.98	0	0	
G	21745a0	0.98	0	0	
G	2178914	0.98	1	2	
G	2178a30	0.98	1	1	
G	218336c	0.98	0	0	
G	2183370	0.98	0	0	
G	2183390	0.98	0	0	
G	21833d4	0.98	0	0	
G	2183898	0.98	1	25	
G	216a084	1.00	0	0	
G	216d040	1.00	0	2	
G	2171918	1.00	2	2	
G	21820fc	1.00	0	0	
G	218225c	1.00	0	0	
G	21823a4	1.00	0	0	
G	2183a04	1.00	1	2	
G	2183b30	1.00	1	1	
G	2183d58	1.00	0	0	
G	21b19bc	1.00	2	2	
G	21694d0	1.02	3	3	
G	217115c	1.02	0	0	
G	218222c	1.02	0	0	
G	21827a4	1.02	1	2	
G	2185010	1.02	13	13	
G	21a1520	1.02	0	3	
G	21a1668	1.02	1	6	
G	21d2514	1.02	1	3	
G	138ce48	1.03	17	18	
G	1e59da8	1.03	1	1	
G	1e5b2d8	1.03	0	0	
G	1e5b328	1.03	0	0	
G	1e5f5e0	1.03	0	0	
G	1e7d178	1.03	0	0	
G	1e90a30	1.03	0	1	
G	1f009d4	1.03	0	0	
G	1f433a8	1.03	0	0	
G	20d4214	1.03	7	7	
G	20e2e98	1.03	0	3	
G	20e3244	1.03	4	4	
G	212d9e4	1.03	0	0	
G	212da04	1.03	0	0	
G	212da2c	1.03	0	0	
G	212db08	1.03	0	0	
G	212db58	1.03	1	1	
G	212dbc4	1.03	0	0	
G	2154d34	1.03	0	0	
G	215feb4	1.03	0	0	
G	216111c	1.03	0	0	
G	21611f8	1.03	0	0	
G	21613ac	1.03	0	0	
G	21614d8	1.03	0	0	
G	2161538	1.03	0	0	
G	2161598	1.03	0	0	
G	21615e0	1.03	0	0	
G	2164680	1.03	0	0	
G	2165be8	1.03	0	0	
G	2181e74	1.03	0	0	
G	2182234	1.03	0	0	
G	218223c	1.03	0	0	
G	21a12d0	1.03	0	1	
G	21b220c	1.03	0	1	
G	2212f08	1.03	0	0	
G	114ec44	1.04	23	35	
G	1e5b194	1.04	0	0	
G	1e5b38c	1.04	0	0	
G	1e5b468	1.04	0	0	
G	1e5b4a8	1.04	0	0	
G	1e5b578	1.04	0	0	
G	1e5b688	1.04	3	3	
G	1e7728c	1.04	0	0	
G	1e7a754	1.04	2	2	
G	1e7a8e0	1.04	0	0	
G	1e7ce08	1.04	0	0	
G	1e94570	1.04	0	0	
G	1e954b4	1.04	0	0	
G	1e9559c	1.04	0	1	
G	1e959b8	1.04	0	1	
G	1e95bd0	1.04	2	5	
G	1f4087c	1.04	0	0	
G	1f47058	1.04	1	1	
G	1f6956c	1.04	0	0	
G	2096ab0	1.04	0	0	
G	21615e8	1.04	0	0	
G	216a5f0	1.04	2	8	
G	216bf88	1.04	0	0	
G	21e251c	1.04	9	9	
G	21e274c	1.04	2	2	
G	2333440	1.04	0	0	
G	2361c40	1.04	9	16	
G	2361e7c	1.04	4	4	
G	2361f14	1.04	7	7	
G	236223c	1.04	0	0	
G	2362b24	1.04	0	3	
G	2362e20	1.04	0	2	
G	1e5f7cc	1.06	1	1	
G	1e5f8fc	1.06	0	0	
G	20e3218	1.06	0	0	
G	11498d8	1.07	0	0	
G	1e59fcc	1.07	0	0	
G	1e72da0	1.07	0	0	
G	1e72de8	1.07	0	0	
G	1e72ecc	1.07	0	0	
G	1e731d4	1.07	0	0	
G	1e732cc	1.07	0	6	
G	1e73354	1.07	0	0	
G	1e73d54	1.07	0	0	
G	1e73d9c	1.07	0	0	
G	1e78bec	1.07	0	0	
G	1e7d3b4	1.07	0	0	
G	1e7fe44	1.07	1	1	
G	1e802d4	1.07	0	0	
G	1e8060c	1.07	0	0	
G	1e8081c	1.07	0	1	
G	1e80b34	1.07	1	1	
G	1e8c39c	1.07	0	0	
G	1e8cb80	1.07	0	0	
G	1e8cd64	1.07	1	1	
G	1e947c8	1.07	0	0	
G	1e948a4	1.07	0	0	
G	1efd778	1.07	0	0	
G	1efd86c	1.07	0	0	
G	1f004d0	1.07	0	0	
G	1f47aa8	1.07	2	2	
G	1f48134	1.07	0	2	
G	1f48184	1.07	1	3	
G	1f4892c	1.07	0	0	
G	1f4893c	1.07	0	0	
G	1f4ba08	1.07	0	0	
G	1f4d8dc	1.07	0	0	
G	20b58a8	1.07	42	42	
G	20b7a30	1.07	0	0	
G	20b7ae8	1.07	0	0	
G	20b7b0c	1.07	0	0	
G	20b7bcc	1.07	1	1	
G	20b9bfc	1.07	3	8	
G	21279c0	1.07	0	0	
G	2127b38	1.07	0	0	
G	213b540	1.07	0	0	
G	213b698	1.07	0	0	
G	213cb34	1.07	1	5	
G	213cde0	1.07	6	14	
G	213e484	1.07	1	1	
G	213e610	1.07	0	0	
G	216a50c	1.07	1	9	
G	216a890	1.07	4	4	
G	216a8a4	1.07	3	3	
G	216aa58	1.07	1	5	
G	216ab9c	1.07	0	0	
G	216abac	1.07	0	0	
G	216bf7c	1.07	0	0	
G	21ae558	1.07	0	0	
G	21ae56c	1.07	0	0	
G	21ae580	1.07	4	39	
G	21b29fc	1.07	1	1	
G	21b2e54	1.07	5	8	
G	21b2f70	1.07	3	3	
G	21b38b8	1.07	2	2	
G	21b5cbc	1.07	1	4	
G	21b5e30	1.07	0	0	
G	21b6678	1.07	1	1	
G	21b6794	1.07	5	7	
G	21b6928	1.07	24	24	
G	21b6a78	1.07	2	2	
G	21b6b30	1.07	0	0	
G	21ddaa0	1.07	0	0	
G	21df524	1.07	1	1	
G	21e1570	1.07	10	10	
G	21e22dc	1.07	6	14	
G	21e2b44	1.07	5	5	
G	222bd7c	1.07	0	0	
G	234e194	1.07	0	0	
G	234e1d4	1.07	3	3	
G	23652c4	1.07	0	0	
G	23652c8	1.07	0	4	
G	11406f0	1.08	1	1	
G	11407fc	1.08	1	1	
G	1140918	1.08	3	3	
G	1140a34	1.08	0	0	
G	1140b50	1.08	1	1	
G	1140c6c	1.08	1	1	
G	1148a00	1.08	0	0	
G	1148a1c	1.08	0	0	
G	1e78198	1.08	0	0	
G	1e7d188	1.08	0	0	
G	1e8b8b8	1.08	0	0	
G	1e8bc2c	1.08	0	0	
G	1e90b24	1.08	0	0	
G	1e92d10	1.08	0	0	
G	1e92e8c	1.08	0	0	
G	1e93104	1.08	0	0	
G	1e95c28	1.08	0	0	
G	1e97fa8	1.08	1	1	
G	1e982a8	1.08	0	0	
G	1e98414	1.08	0	0	
G	1e99ac8	1.08	0	0	
G	1ec4904	1.08	0	0	
G	1f4dc8c	1.08	1	1	
G	1f4ddd8	1.08	0	1	
G	1f4fcb8	1.08	30	181924	
G	114921c	1.09	0	0	
G	1149230	1.09	0	0	
G	136fb98	1.09	0	7	
G	136fd68	1.09	0	5	
G	13701c4	1.09	0	0	
G	13b843c	1.09	0	0	
G	17d8c80	1.09	0	0	
G	17d9230	1.09	0	0	
G	17d96c4	1.09	0	0	
G	17ff9e0	1.09	0	0	
G	17ffde8	1.09	3	7	
G	1802dfc	1.09	0	0	
G	1802e10	1.09	0	0	
G	1e50ea0	1.09	0	0	
G	1e510f4	1.09	0	1	
G	1e5117c	1.09	1	1	
G	1e5a008	1.09	0	0	
G	1e77320	1.09	0	0	
G	1e78260	1.09	0	0	
G	1f20030	1.09	0	0	
G	1f20438	1.09	1	3	
G	1f20bac	1.09	13	33	
G	1f20ea0	1.09	3	11	
G	1f2119c	1.09	4	4	
G	1f471d8	1.09	0	0	
G	1f7d17c	1.09	1	1	
G	1f7d320	1.09	0	0	
G	1f801a0	1.09	0	0	
G	11410c0	1.10	0	0	
G	11410d4	1.10	0	0	
G	1146d50	1.10	0	0	
G	1147218	1.10	0	0	
G	13b7f88	1.10	22	22	
G	1501a10	1.10	16	22	
G	1509ab8	1.10	2	2	
G	150a384	1.10	1	1	
G	150a6fc	1.10	0	0	
G	16f0030	1.10	0	0	
G	18030c0	1.10	1	1	
G	1e2cce0	1.10	1	1	
G	1e62c98	1.10	0	0	
G	1e63038	1.10	0	1	
G	1e63674	1.10	0	0	
G	1e6381c	1.10	0	0	
G	1e63924	1.10	0	2	
G	1e6397c	1.10	0	2	
G	1e640ac	1.10	0	0	
G	1e641fc	1.10	0	0	
G	1e64384	1.10	0	2	
G	1e65570	1.10	0	1	
G	1e86f48	1.10	0	0	
G	1e90b68	1.10	0	0	
G	1e93114	1.10	0	0	
G	1e93264	1.10	0	0	
G	1e93398	1.10	1	1	
G	1f0fcb4	1.10	2	2	
G	150a9c4	1.11	0	0	
G	150ab98	1.11	0	0	
G	150adac	1.11	1	1	
G	150afd4	1.11	0	0	
G	150b37c	1.11	1	1	
G	150b574	1.11	0	0	
G	150bbc8	1.11	1	1	
G	150be04	1.11	0	0	
G	1554340	1.12	6	6	
G	1596598	1.12	0	0	
G	16ed018	1.12	0	0	
G	16ed17c	1.12	0	0	
G	16ed190	1.12	0	0	
G	16f0344	1.12	2	85	
G	16fccec	1.12	0	0	
G	16fd1e4	1.12	0	0	
G	16fd3ac	1.12	0	0	
G	16fdcc4	1.12	0	0	
G	17002ec	1.12	0	0	
G	1703650	1.12	0	8	
G	172356c	1.12	0	0	
G	1723e24	1.12	1	13	
G	12a3e0c	1.13	8	8	
G	1513b38	1.13	1	1	
G	15540fc	1.13	1	1	
G	15afd18	1.13	0	0	
G	15b1424	1.13	38	45	
G	15b913c	1.13	0	0	
G	15ba16c	1.13	0	0	
G	15bb2f8	1.13	0	0	
G	15bd690	1.13	0	0	
G	15be82c	1.13	0	0	
G	15bfb58	1.13	0	0	
G	15c0cec	1.13	0	0	
G	15c2968	1.13	0	0	
G	16ed530	1.13	0	0	
G	16eea44	1.13	0	0	
G	16f07c0	1.13	0	0	
G	1703cd8	1.13	0	0	
G	1703cdc	1.13	0	2	
G	1703efc	1.13	1	1	
G	17241bc	1.13	0	0	
G	15c4668	1.14	0	0	
G	15c56e0	1.14	0	0	
G	15c66bc	1.14	0	0	
G	15c7698	1.14	1	1	
G	15c8674	1.14	0	0	
G	15c9750	1.14	0	0	
G	15ca72c	1.14	0	0	
G	15cba4c	1.14	0	0	
G	15ccd6c	1.14	0	0	
G	15ce9d0	1.14	0	0	
G	15cf9ac	1.14	0	0	
G	15d0f6c	1.14	0	0	
G	15d2588	1.14	0	0	
G	15d411c	1.14	0	0	
G	15d59f4	1.14	0	0	
G	15d73f0	1.14	0	0	
G	15d8e20	1.14	0	0	
G	15d9e18	1.14	0	0	
G	15db4b0	1.14	0	0	
G	15dc48c	1.14	0	0	
G	15dde28	1.14	0	0	
G	15dfc58	1.14	0	0	
G	15e0c34	1.14	0	0	
G	15e2d10	1.14	0	0	
G	15e4cb8	1.14	0	0	
G	15e98fc	1.14	0	0	
G	15ec5b4	1.14	0	0	
G	15ee23c	1.14	0	0	
G	15f0834	1.14	0	0	
G	15f2b54	1.14	0	0	
G	15f4468	1.14	0	0	
G	15f5a48	1.14	0	0	
G	15f6b24	1.14	0	0	
G	15f8188	1.14	0	0	
G	15f94dc	1.14	0	0	
G	15fb6c8	1.14	0	0	
G	15fc774	1.14	0	0	
G	15fdd7c	1.14	0	0	
G	15fee58	1.14	0	0	
G	15ffd34	1.14	0	0	
G	16016b4	1.14	0	0	
G	16027e0	1.14	0	0	
G	16036bc	1.14	0	0	
G	1604fa8	1.14	0	0	
G	160673c	1.14	0	0	
G	1607f9c	1.14	0	0	
G	160905c	1.14	0	0	
G	160a038	1.14	0	0	
G	160b4f4	1.14	0	0	
G	160c5d0	1.14	0	0	
G	160e020	1.14	0	0	
G	160fa48	1.14	0	0	
G	161249c	1.14	0	0	
G	161380c	1.14	0	0	
G	1614850	1.14	0	0	
G	1615fe0	1.14	0	0	
G	1617e4c	1.14	0	0	
G	16195e4	1.14	0	0	
G	161afe0	1.14	0	0	
G	161c578	1.14	0	0	
G	161df88	1.14	0	0	
G	161fcf8	1.14	0	0	
G	1620b94	1.15	0	0	
G	16212a8	1.15	0	0	
G	1621afc	1.15	0	0	
G	16236e0	1.15	0	0	
G	1624fe0	1.15	0	0	
G	1626894	1.15	0	0	
G	1628780	1.15	0	0	
G	1629f90	1.15	0	0	
G	162b9a0	1.15	0	0	
G	162d12c	1.15	0	0	
G	162f7a0	1.15	0	0	
G	162feb4	1.15	0	0	
G	1630608	1.15	0	0	
G	1631d90	1.15	0	0	
G	16335f4	1.15	0	0	
G	1634f84	1.15	0	0	
G	16369c8	1.15	0	0	
G	163863c	1.15	0	0	
G	163a0f0	1.15	0	0	
G	163b7b0	1.15	0	0	
G	163d310	1.15	0	0	
G	163e354	1.15	0	0	
G	16402f4	1.15	0	0	
G	1640cc0	1.15	0	0	
G	1641d80	1.15	0	0	
G	164430c	1.15	0	0	
G	1645cc0	1.15	0	0	
G	1646fe0	1.15	0	0	
G	16483d8	1.15	0	0	
G	164966c	1.15	0	0	
G	164b0c8	1.15	0	0	
G	164c10c	1.15	0	0	
G	164cfe8	1.15	0	0	
G	164e9c8	1.15	0	0	
G	16501e4	1.15	0	0	
G	165199c	1.15	0	0	
G	165321c	1.15	0	0	
G	1654b94	1.15	0	0	
G	1655c70	1.15	1	1	
G	1658594	1.15	0	0	
G	1659e5c	1.15	0	0	
G	165b988	1.15	0	0	
G	165c710	1.15	0	0	
G	165e044	1.15	0	0	
G	165fa78	1.15	0	0	
G	1661280	1.15	0	0	
G	1661a94	1.15	0	0	
G	16621e8	1.15	0	0	
G	1663c2c	1.15	0	0	
G	1664c70	1.15	0	0	
G	1666340	1.15	0	0	
G	1667f40	1.15	0	0	
G	1669870	1.15	0	0	
G	166b93c	1.15	0	0	
G	166d5f8	1.15	0	0	
G	166f060	1.15	0	1	
G	1670da0	1.15	0	0	
G	1671de4	1.15	0	0	
G	16736d0	1.15	0	0	
G	16750ac	1.15	0	0	
G	16763d0	1.15	0	0	
G	1677854	1.15	0	0	
G	1678a30	1.15	0	0	
G	167a45c	1.15	0	0	
G	167c00c	1.15	0	0	
G	167d934	1.15	0	0	
G	167ed80	1.15	0	0	
G	167fd5c	1.15	0	0	
G	1680ea0	1.15	0	0	
G	1682cd8	1.15	0	0	
G	1683d1c	1.15	0	0	
G	16850fc	1.15	0	0	
G	1687d30	1.15	0	0	
G	13c0c44	1.16	0	2	
G	13f617c	1.16	0	0	
G	13f6188	1.16	4	4	
G	13f6494	1.16	0	0	
G	13f6be0	1.16	0	0	
G	13f6be4	1.16	0	0	
G	140aa0c	1.16	0	0	
G	15140f4	1.16	16	51	
G	151b434	1.16	3	3	
G	151cce0	1.16	0	0	
G	151d078	1.16	0	0	
G	151d07c	1.16	0	0	
G	151dcb0	1.16	0	0	
G	151dcb4	1.16	0	0	
G	1522e8c	1.16	0	0	
G	1522e90	1.16	0	0	
G	1688e0c	1.16	0	0	
G	168a12c	1.16	1	1	
G	168bed4	1.16	0	0	
G	168d1f4	1.16	0	0	
G	168ee44	1.16	0	0	
G	1690570	1.16	0	0	
G	1691fc4	1.16	0	0	
G	16930a4	1.16	0	0	
G	1693fe8	1.16	0	0	
G	169606c	1.16	0	0	
G	16988f8	1.16	0	0	
G	169a140	1.16	0	0	
G	169ba18	1.16	0	0	
G	169d09c	1.16	0	0	
G	169eb2c	1.16	0	0	
G	16a01d8	1.16	0	0	
G	16a1d50	1.16	0	0	
G	16a36d4	1.16	1	1	
G	16a4ee8	1.16	1	1	
G	16a6914	1.16	0	0	
G	16a7eb4	1.16	0	0	
G	16a90d4	1.16	0	0	
G	16aa3f4	1.16	0	0	
G	16abc70	1.16	0	0	
G	16ad128	1.16	0	0	
G	16ae908	1.16	1	1	
G	16b0124	1.16	0	0	
G	16b1c9c	1.16	0	0	
G	16b38b0	1.16	0	0	
G	13c1ac8	1.17	1	1	
G	13f852c	1.17	0	0	
G	140643c	1.17	0	0	
G	1406704	1.17	0	0	
G	140a810	1.17	0	0	
G	140b07c	1.17	0	0	
G	140b080	1.17	0	0	
G	151e44c	1.17	0	0	
G	151e450	1.17	0	0	
G	151ef20	1.17	1	1	
G	151ef24	1.17	0	0	
G	151fc10	1.17	0	0	
G	151fc14	1.17	0	0	
G	152036c	1.17	0	0	
G	1520370	1.17	0	0	
G	1521114	1.17	0	0	
G	1521118	1.17	0	0	
G	1521124	1.17	0	0	
G	1521248	1.17	0	0	
G	152143c	1.17	0	0	
G	1521440	1.17	0	0	
G	1523350	1.17	1	1	
G	15235f8	1.17	0	0	
G	1523754	1.17	0	0	
G	1523850	1.17	0	0	
G	1523c68	1.17	0	0	
G	1523c6c	1.17	0	0	
G	1524474	1.17	0	0	
G	1524478	1.17	0	0	
G	1524c5c	1.17	0	0	
G	15259f0	1.17	0	0	
G	15259f4	1.17	0	0	
G	1526c3c	1.17	0	0	
G	1526cec	1.17	0	0	
G	1526cf8	1.17	0	0	
G	1526d04	1.17	0	0	
G	1526d10	1.17	0	0	
G	1526dc0	1.17	0	0	
G	1526dcc	1.17	0	0	
G	1526dd8	1.17	0	0	
G	1526de4	1.17	0	0	
G	1526ee0	1.17	0	0	
G	1527324	1.17	0	0	
G	1527328	1.17	0	0	
G	1527d74	1.17	0	0	
G	1527d78	1.17	0	0	
G	152910c	1.17	0	0	
G	1529110	1.17	0	0	
G	152a6e4	1.17	0	0	
G	152a6e8	1.17	0	0	
G	152a9a8	1.17	0	0	
G	152ac54	1.17	0	0	
G	152ae98	1.17	0	0	
G	152ae9c	1.17	0	0	
G	152b0c0	1.17	1	1	
G	152b33c	1.17	0	0	
G	152b574	1.17	0	0	
G	152b578	1.17	0	0	
G	152b7c4	1.17	0	0	
G	152b7d0	1.17	0	0	
G	152b938	1.17	0	0	
G	152b944	1.17	0	0	
G	152b950	1.17	0	0	
G	152bb34	1.17	0	0	
G	152bcc8	1.17	0	0	
G	152bccc	1.17	0	0	
G	152c214	1.17	0	0	
G	152c218	1.17	0	0	
G	152c7b8	1.17	0	0	
G	152c7bc	1.17	0	0	
G	152cef4	1.17	0	0	
G	152cef8	1.17	0	0	
G	152d2e4	1.17	0	0	
G	152d8d0	1.17	1	1	
G	152daa8	1.17	0	0	
G	152daac	1.17	0	0	
G	152e24c	1.17	0	0	
G	152e250	1.17	0	0	
G	152e7ac	1.17	0	0	
G	152e7b8	1.17	0	0	
G	152e9e0	1.17	0	0	
G	152e9e4	1.17	0	0	
G	152f35c	1.17	0	0	
G	152f360	1.17	0	0	
G	152faec	1.17	0	0	
G	152faf0	1.17	0	0	
G	153057c	1.17	0	0	
G	1530580	1.17	0	0	
G	1531164	1.17	0	0	
G	1531168	1.17	0	0	
G	15314e4	1.17	0	0	
G	15314f0	1.17	0	0	
G	15314fc	1.17	0	0	
G	1531958	1.17	0	0	
G	153195c	1.17	0	0	
G	1531dbc	1.17	0	0	
G	1531e5c	1.17	1	1	
G	153b318	1.17	0	0	
G	153b550	1.17	0	0	
G	153b5fc	1.17	0	1	
G	153b6f8	1.17	0	0	
G	153b930	1.17	0	0	
G	153b934	1.17	0	0	
G	153bb80	1.17	0	0	
G	153bb8c	1.17	1	1	
G	153bea8	1.17	0	0	
G	153c2d8	1.17	0	0	
G	153c2dc	1.17	0	0	
G	153c660	1.17	0	0	
G	153ca40	1.17	0	0	
G	153ca44	1.17	0	0	
G	153d298	1.17	0	0	
G	153d29c	1.17	0	0	
G	153e100	1.17	0	0	
G	153e104	1.17	0	0	
G	153e6c4	1.17	0	0	
G	153e6c8	1.17	0	0	
G	153e8c8	1.17	0	0	
G	153e978	1.17	0	0	
G	153ed30	1.17	0	0	
G	153ed34	1.17	0	0	
G	153f2c8	1.17	0	0	
G	153f2cc	1.17	0	0	
G	153f68c	1.17	0	0	
G	153f73c	1.17	0	0	
G	153faf4	1.17	0	0	
G	153faf8	1.17	0	0	
G	154008c	1.17	0	0	
G	1540090	1.17	0	0	
G	15408e0	1.17	0	0	
G	15408e4	1.17	0	0	
G	1540fd8	1.17	0	0	
G	1540fdc	1.17	0	0	
G	1541958	1.17	0	0	
G	154195c	1.17	0	0	
G	1542d34	1.17	1	1	
G	15436b8	1.17	0	0	
G	154383c	1.17	0	0	
G	1543840	1.17	0	0	
G	15446f8	1.17	0	0	
G	15446fc	1.17	0	0	
G	1545fac	1.17	0	0	
G	1545fb0	1.17	0	0	
G	1547bf4	1.17	0	0	
G	1547bf8	1.17	0	0	
G	15571ac	1.17	0	0	
G	15623f0	1.17	0	0	
G	1571734	1.17	0	0	
G	1571738	1.17	0	0	
G	15724f0	1.17	0	0	
G	15724f4	1.17	0	0	
G	1500e9c	1.18	0	0	
G	1500ea8	1.18	0	0	
G	150140c	1.18	0	0	
G	1522024	1.18	1	1	
G	15229a4	1.18	0	0	
G	1541790	1.18	0	0	
G	154990c	1.18	1	1	
G	1549e44	1.18	0	0	
G	1549e50	1.18	2	2	
G	154ac70	1.18	0	0	
G	154c3d0	1.18	0	0	
G	154c508	1.18	0	0	
G	154c514	1.18	0	0	
G	154c7b8	1.18	0	0	
G	154c7c4	1.18	0	0	
G	154c7d0	1.18	0	0	
G	154cdb8	1.18	1	1	
G	154d090	1.18	0	0	
G	154d094	1.18	0	0	
G	154d294	1.18	1	1	
G	154d4e0	1.18	0	0	
G	154d4ec	1.18	0	0	
G	154d734	1.18	0	0	
G	154da60	1.18	0	0	
G	154da64	1.18	0	0	
G	154eb78	1.18	0	0	
G	154eb7c	1.18	0	0	
G	154f700	1.18	0	0	
G	154f704	1.18	0	0	
G	154ffc0	1.18	0	0	
G	154ffc4	1.18	0	0	
G	155085c	1.18	0	0	
G	1550860	1.18	0	0	
G	1551bcc	1.18	0	0	
G	1551bd0	1.18	0	0	
G	1555118	1.18	0	0	
G	155511c	1.18	0	0	
G	1555548	1.18	0	0	
G	155554c	1.18	0	0	
G	155574c	1.18	0	0	
G	1555b64	1.18	0	0	
G	1555b68	1.18	0	0	
G	15564b4	1.18	0	0	
G	15575e8	1.18	0	0	
G	15575ec	1.18	0	0	
G	15577ec	1.18	0	0	
G	15577f8	1.18	0	0	
G	1557804	1.18	0	0	
G	1557988	1.18	0	0	
G	155798c	1.18	0	0	
G	1559b6c	1.18	0	0	
G	1559b70	1.18	0	0	
G	155a010	1.18	0	0	
G	155a1e4	1.18	0	0	
G	155a1e8	1.18	0	0	
G	155ab9c	1.18	0	0	
G	155aba0	1.18	0	0	
G	155b0f8	1.18	1	1	
G	155b5c4	1.18	0	0	
G	155bb08	1.18	0	0	
G	155bb0c	1.18	0	0	
G	155c07c	1.18	0	0	
G	155c088	1.18	0	0	
G	155c094	1.18	0	0	
G	155c2b0	1.18	0	0	
G	155c468	1.18	0	0	
G	155c584	1.18	0	0	
G	155c74c	1.18	0	0	
G	155c750	1.18	0	0	
G	155eb74	1.18	0	0	
G	155ec08	1.18	0	0	
G	155ec14	1.18	0	0	
G	155ee4c	1.18	0	0	
G	155ee50	1.18	0	0	
G	155f45c	1.18	0	0	
G	155f460	1.18	0	0	
G	155ffa4	1.18	0	0	
G	155ffa8	1.18	0	0	
G	1560d34	1.18	0	0	
G	1560d38	1.18	0	0	
G	156155c	1.18	0	0	
G	1561560	1.18	0	0	
G	156198c	1.18	0	0	
G	1561990	1.18	0	0	
G	1561dbc	1.18	0	0	
G	1561dc0	1.18	0	0	
G	15621ec	1.18	0	0	
G	15621f0	1.18	0	0	
G	1562628	1.18	0	0	
G	156262c	1.18	0	0	
G	1562a58	1.18	0	0	
G	1562a5c	1.18	0	0	
G	1562fd8	1.18	0	0	
G	1562fdc	1.18	0	0	
G	1563824	1.18	0	0	
G	13f963c	1.19	1	1	
G	13f9ab8	1.19	0	0	
G	13f9c80	1.19	0	0	
G	13f9c84	1.19	0	0	
G	13fa358	1.19	0	0	
G	13fa708	1.19	0	0	
G	1409ecc	1.19	0	0	
G	140a1dc	1.19	0	0	
G	1531e68	1.19	1	1	
G	153230c	1.19	0	0	
G	1532784	1.19	0	0	
G	1532788	1.19	0	0	
G	153468c	1.19	0	0	
G	1534690	1.19	0	0	
G	1534d24	1.19	0	0	
G	1534d28	1.19	0	0	
G	1535868	1.19	0	0	
G	153586c	1.19	0	0	
G	1535e6c	1.19	0	0	
G	1535e70	1.19	0	0	
G	15366a4	1.19	0	0	
G	15366a8	1.19	0	0	
G	1538f0c	1.19	1	1	
G	1539314	1.19	0	0	
G	15393b8	1.19	1	1	
G	15398cc	1.19	0	0	
G	1539b30	1.19	0	0	
G	1539b34	1.19	0	0	
G	153a210	1.19	0	0	
G	153a79c	1.19	0	0	
G	15455e0	1.19	0	0	
G	15455e4	1.19	0	0	
G	15564c0	1.19	0	0	
G	155654c	1.19	0	0	
G	1556ac4	1.19	0	0	
G	1563efc	1.19	0	0	
G	1563f00	1.19	0	0	
G	1564f44	1.19	0	0	
G	1564f48	1.19	0	0	
G	1565394	1.19	0	0	
G	15655fc	1.19	0	0	
G	1565600	1.19	0	0	
G	1565b38	1.19	0	0	
G	1565b3c	1.19	0	0	
G	1566bd0	1.19	0	0	
G	156711c	1.19	0	0	
G	1567120	1.19	0	0	
G	1567d00	1.19	0	0	
G	1567d04	1.19	0	0	
G	1567f50	1.19	0	0	
G	156823c	1.19	0	0	
G	1568564	1.19	0	0	
G	1568568	1.19	0	0	
G	15686ec	1.19	0	0	
G	15686f0	1.19	0	0	
G	15686fc	1.19	2	2	
G	156a798	1.19	0	0	
G	156ae48	1.19	0	0	
G	156ae4c	1.19	0	0	
G	156b67c	1.19	0	0	
G	156b7a0	1.19	0	0	
G	158e0b0	1.19	0	0	
G	158e0b4	1.19	0	0	
G	158ef68	1.19	0	0	
G	158f090	1.19	0	0	
G	158f09c	1.19	0	0	
G	158f0fc	1.19	0	0	
G	158f5ac	1.19	0	0	
G	158f5b0	1.19	0	0	
G	13c0cf4	1.20	2	2	
G	13c0ea8	1.20	2	2	
G	13c112c	1.20	0	0	
G	13c1524	1.20	1	1	
G	13c1748	1.20	1	1	
G	13f7d74	1.20	0	0	
G	13f80bc	1.20	0	0	
G	13f811c	1.20	0	0	
G	13f8428	1.20	0	0	
G	13faa34	1.20	0	0	
G	13faa38	1.20	0	0	
G	13fc4a4	1.20	0	0	
G	13fc6f0	1.20	0	0	
G	1405a10	1.20	1	1	
G	1405bac	1.20	0	0	
G	140c3b4	1.20	0	0	
G	140c548	1.20	0	0	
G	153236c	1.20	0	0	
G	153310c	1.20	0	0	
G	1533110	1.20	0	0	
G	1533c30	1.20	0	0	
G	1533c34	1.20	0	0	
G	15340ec	1.20	0	0	
G	15379b4	1.20	0	0	
G	15379b8	1.20	0	0	
G	1538470	1.20	0	0	
G	1538474	1.20	0	0	
G	153adcc	1.20	0	0	
G	153add0	1.20	0	0	
G	156c040	1.20	0	0	
G	156c044	1.20	0	0	
G	156c5cc	1.20	0	0	
G	156c5d8	1.20	0	0	
G	156c82c	1.20	0	0	
G	156c838	1.20	0	0	
G	156c918	1.20	0	0	
G	156cb50	1.20	0	0	
G	156cb54	1.20	0	0	
G	156d09c	1.20	0	0	
G	156d0a0	1.20	0	0	
G	156dae4	1.20	0	0	
G	156dae8	1.20	0	0	
G	156df68	1.20	0	0	
G	156df6c	1.20	0	0	
G	156e40c	1.20	0	0	
G	156e5c4	1.20	0	0	
G	156e9ec	1.20	0	0	
G	156fa40	1.20	0	0	
G	156fa44	1.20	0	0	
G	157017c	1.20	0	0	
G	1570180	1.20	0	0	
G	1570380	1.20	0	0	
G	15706ac	1.20	0	0	
G	15706b0	1.20	0	0	
G	15706bc	1.20	0	0	
G	15708ec	1.20	0	0	
G	15708f0	1.20	0	0	
G	1570c9c	1.20	0	0	
G	1570ed4	1.20	0	0	
G	1570ed8	1.20	0	0	
G	1571304	1.20	0	0	
G	1571308	1.20	0	0	
G	1571e6c	1.20	0	0	
G	1571e70	1.20	0	0	
G	15722b8	1.20	0	0	
G	1572740	1.20	0	0	
G	157274c	1.20	0	0	
G	1572984	1.20	0	0	
G	1572988	1.20	0	0	
G	1572dcc	1.20	0	0	
G	1573184	1.20	0	0	
G	1573188	1.20	0	0	
G	1573a58	1.20	0	0	
G	1573a5c	1.20	0	0	
G	1574998	1.20	0	0	
G	157499c	1.20	0	0	
G	1575030	1.20	0	0	
G	1575034	1.20	0	0	
G	1575040	1.20	0	0	
G	15754e0	1.20	1	1	
G	15758bc	1.20	0	0	
G	15758c0	1.20	0	0	
G	1576b1c	1.20	0	0	
G	1576b20	1.20	0	0	
G	15775bc	1.20	0	0	
G	15775c0	1.20	0	0	
G	1577a38	1.20	1	1	
G	1577b58	1.20	0	0	
G	1577f0c	1.20	0	0	
G	1577f10	1.20	0	0	
G	157830c	1.20	0	0	
G	1578310	1.20	0	0	
G	1578f34	1.20	0	0	
G	1578f38	1.20	0	0	
G	1579c4c	1.20	0	0	
G	1579c50	1.20	0	0	
G	157b470	1.20	1	1	
G	157b618	1.20	0	0	
G	157b9d0	1.20	0	0	
G	157b9d4	1.20	0	0	
G	157c29c	1.20	0	0	
G	157c2a0	1.20	0	0	
G	157cb94	1.20	0	0	
G	157cb98	1.20	0	0	
G	157d4f8	1.20	0	0	
G	157d4fc	1.20	0	0	
G	157de88	1.20	0	0	
G	157de8c	1.20	0	0	
G	157f334	1.20	1	1	
G	157f338	1.20	0	0	
G	1580118	1.20	0	0	
G	158011c	1.20	0	0	
G	158052c	1.20	1	1	
G	15806d8	1.20	0	0	
G	158088c	1.20	0	0	
G	15809bc	1.20	0	0	
G	1580b84	1.20	0	0	
G	1580b88	1.20	0	0	
G	1581bec	1.20	0	0	
G	1581d0c	1.20	0	0	
G	15820ec	1.20	0	0	
G	15820f0	1.20	0	0	
G	1582838	1.20	0	0	
G	158283c	1.20	0	0	
G	1582bfc	1.20	0	0	
G	1582dc0	1.20	0	0	
G	15832e4	1.20	0	0	
G	15832e8	1.20	0	0	
G	15837b0	1.20	0	0	
G	1583bc8	1.20	0	0	
G	1583bcc	1.20	0	0	
G	1584880	1.20	0	0	
G	158488c	1.20	0	0	
G	1584d30	1.20	0	0	
G	1584d34	1.20	0	0	
G	15858d4	1.20	0	0	
G	15858d8	1.20	0	0	
G	158637c	1.20	0	0	
G	1586380	1.20	0	0	
G	13b8944	1.21	0	0	
G	13b8a8c	1.21	1	1	
G	13b8b84	1.21	0	0	
G	13c1918	1.21	1	1	
G	13f8434	1.21	0	0	
G	1551048	1.21	0	0	
G	155104c	1.21	0	0	
G	15515f8	1.21	0	0	
G	15515fc	1.21	0	0	
G	1556ac8	1.21	0	0	
G	15571b0	1.21	0	0	
G	15573b0	1.21	0	0	
G	155a01c	1.21	0	0	
G	156f07c	1.21	0	0	
G	156f080	1.21	0	0	
G	157ace0	1.21	0	0	
G	157ace4	1.21	0	0	
G	157e58c	1.21	0	0	
G	157e590	1.21	0	0	
G	158686c	1.21	0	0	
G	1586870	1.21	0	0	
G	1586d58	1.21	0	0	
G	1586d5c	1.21	0	0	
G	15871c8	1.21	0	0	
G	15871cc	1.21	0	0	
G	158778c	1.21	1	1	
G	1587790	1.21	0	0	
G	1587ee8	1.21	0	0	
G	1587eec	1.21	0	0	
G	1588228	1.21	0	0	
G	1588324	1.21	0	0	
G	1588580	1.21	0	0	
G	1588584	1.21	0	0	
G	158b480	1.21	0	0	
G	158b484	1.21	0	0	
G	158bb50	1.21	0	0	
G	158bb54	1.21	0	0	
G	158c068	1.21	0	0	
G	158c170	1.21	0	0	
G	158c610	1.21	0	0	
G	158c614	1.21	0	0	
G	158cd1c	1.21	0	0	
G	158cf54	1.21	0	0	
G	158cf58	1.21	0	0	
G	158d3c4	1.21	0	0	
G	158d3c8	1.21	0	0	
G	158dc3c	1.21	0	0	
G	158dcd0	1.21	0	0	
G	17d0754	1.21	0	0	
G	17d087c	1.21	0	0	
G	1800bd4	1.21	1	269	
G	1800d70	1.21	13	220	
G	18036f4	1.21	0	0	
G	180388c	1.21	1	1	
G	1dabcac	1.21	0	0	
G	1dac024	1.21	0	20	
G	1df8900	1.21	0	0	
G	1e631fc	1.21	0	0	
G	1e646bc	1.21	1	1	
G	1e64738	1.21	0	0	
G	1e648c0	1.21	1	1	
G	1e78c64	1.21	0	0	
G	1e78dec	1.21	0	0	
G	1e78fb8	1.21	0	0	
G	1e78fc8	1.21	0	0	
G	1e7ecec	1.21	0	0	
G	1e7edc4	1.21	0	0	
G	1e7f098	1.21	0	0	
G	1e7f178	1.21	0	0	
G	268bdac	1.21	3	3	
G	269043c	1.21	0	0	
G	2690714	1.21	0	3	
G	269113c	1.21	0	0	
G	269c240	1.21	0	0	
G	269c3d0	1.21	0	0	
G	269dbe4	1.21	0	0	
G	1148a24	1.22	5	12	
G	1148f18	1.22	5	5	
G	13b848c	1.22	0	0	
G	13b849c	1.22	0	0	
G	13b853c	1.22	1	1	
G	17f2e2c	1.22	3	6	
G	17f2f94	1.22	0	47	
G	17f37ac	1.22	0	0	
G	17f37b0	1.22	0	0	
G	17f37dc	1.22	0	0	
G	17f3810	1.22	0	0	
G	17f3814	1.22	0	5	
G	17f384c	1.22	0	0	
G	17f3898	1.22	2	5	
G	17f3c00	1.22	3	27	
G	17f3de8	1.22	4	15	
G	17f458c	1.22	0	0	
G	17f45c4	1.22	0	0	
G	17f4a38	1.22	13	130	
G	17f4fac	1.22	2	6	
G	17f51e4	1.22	17	89	
G	17f5354	1.22	3	13	
G	17f57b8	1.22	2	4	
G	17f5908	1.22	2	4	
G	17f5e00	1.22	1	1	
G	17f5e38	1.22	0	0	
G	17f607c	1.22	0	0	
G	17f63dc	1.22	3	31	
G	17f67c8	1.22	1	4	
G	17f6800	1.22	0	0	
G	17fa7a4	1.22	1	5	
G	17fa800	1.22	2	2	
G	17fa99c	1.22	2	2	
G	17faa90	1.22	0	0	
G	17faa94	1.22	0	0	
G	17fb638	1.22	1	137	
G	18012a0	1.22	2	211	
G	18015c8	1.22	0	113	
G	18018dc	1.22	6	6	
G	18019bc	1.22	2	81	
G	18022f0	1.22	0	0	
G	1802848	1.22	5	208	
G	1e513c4	1.22	42	50	
G	1e76f44	1.22	0	0	
G	1e774d4	1.22	6	85	
G	1e77e94	1.22	2	130	
G	1e8031c	1.22	0	0	
G	1e84b10	1.22	3	3	
G	1e855fc	1.22	0	0	
G	1e85830	1.22	3	88	
G	1e86cf4	1.22	1	1	
G	1e86f04	1.22	1	1	
G	1e87db0	1.22	0	0	
G	1e87e0c	1.22	0	0	
G	1f17b60	1.22	1	1	
G	1f4da58	1.22	0	0	
G	1f4db74	1.22	1	1	
G	2690f0c	1.22	1	1	
G	269e588	1.22	1	1	
G	11a8c7c	1.23	0	0	
G	13b8cac	1.23	0	0	
G	1803364	1.23	0	0	
G	18035ac	1.23	1	1	
G	18036ac	1.23	0	0	
G	1803bb8	1.23	1	1	
G	180509c	1.23	0	0	
G	18053a4	1.23	0	1	
G	18849ec	1.23	2	2	
G	19656ec	1.23	0	0	
G	19658b0	1.23	1	1	
G	1ab0e30	1.23	0	0	
G	1ab108c	1.23	0	0	
G	1ab76f0	1.23	0	0	
G	1ab770c	1.23	0	0	
G	1bc4b90	1.23	0	0	
G	1bc4ba4	1.23	0	0	
G	1bc4ea8	1.23	0	0	
G	1bc5154	1.23	0	0	
G	1c30e44	1.23	0	0	
G	1c30fc0	1.23	0	3	
G	1cb3ba0	1.23	0	0	
G	1d93960	1.23	1	1	
G	1d93cbc	1.23	0	0	
G	1d93cc0	1.23	0	0	
G	1d9b0f0	1.23	0	0	
G	1dacabc	1.23	0	0	
G	1dae574	1.23	0	0	
G	1dae970	1.23	1	2	
G	1daeab0	1.23	2	52	
G	1db0cf4	1.23	0	0	
G	1db0e04	1.23	1	1	
G	1df8910	1.23	0	0	
G	1e0babc	1.23	0	0	
G	1e0bc3c	1.23	0	0	
G	1e110a4	1.23	0	0	
G	1e78428	1.23	5	5	
G	1e7850c	1.23	1	1	
G	1e78618	1.23	0	226	
G	1e786fc	1.23	0	0	
G	1e79160	1.23	1	1	
G	1e7f208	1.23	0	1	
G	1e7fd9c	1.23	3	3	
G	1e86a54	1.23	0	16	
G	1e86db8	1.23	0	0	
G	1e86f98	1.23	0	241	
G	1e86fd0	1.23	0	0	
G	1e87e70	1.23	0	0	
G	1e947a8	1.23	0	0	
G	1eaa404	1.23	0	0	
G	1eb644c	1.23	1	1	
G	1ebaa0c	1.23	0	0	
G	1ec1788	1.23	0	0	
G	1f1335c	1.23	0	0	
G	1f15388	1.23	4	14	
G	1f15c18	1.23	0	0	
G	1f163f8	1.23	6	6	
G	1f187b8	1.23	46	46	
G	1f18888	1.23	0	0	
G	1f19438	1.23	0	0	
G	1f19a58	1.23	0	0	
G	221b40c	1.23	0	0	
G	221b410	1.23	0	0	
G	221d4bc	1.23	2	90	
G	221d578	1.23	1	308	
G	221d610	1.23	2	307	
G	221d96c	1.23	0	0	
G	1149454	1.24	0	0	
G	1149468	1.24	0	0	
G	1370674	1.24	0	0	
G	1370700	1.24	0	0	
G	17d8924	1.24	0	0	
G	17d8a68	1.24	0	0	
G	18022a0	1.24	1	241	
G	18053d8	1.24	0	0	
G	1807e4c	1.24	1	1	
G	1808210	1.24	2	56	
G	1808f5c	1.24	0	0	
G	1e78704	1.24	0	0	
G	1e9897c	1.24	1	1	
G	1f68914	1.24	0	0	
G	113ad98	1.25	0	0	
G	113b528	1.25	0	0	
G	113b678	1.25	0	3	
G	113b69c	1.25	0	3	
G	113c2c4	1.25	0	0	
G	113c2f8	1.25	0	0	
G	113c79c	1.25	0	0	
G	113c810	1.25	1	2	
G	113ca9c	1.25	0	0	
G	113cd74	1.25	1	1	
G	113d35c	1.25	0	0	
G	113d970	1.25	1	1	
G	113dae8	1.25	0	0	
G	113db2c	1.25	0	0	
G	113e34c	1.25	0	0	
G	113e398	1.25	0	0	
G	113e418	1.25	0	1	
G	113e6f4	1.25	0	1	
G	113e794	1.25	0	0	
G	113e9bc	1.25	0	0	
G	13be420	1.25	0	0	
G	14880ac	1.25	0	0	
G	1488868	1.25	0	0	
G	14892d4	1.25	0	0	
G	148940c	1.25	0	0	
G	14902e0	1.25	0	0	
G	1490c6c	1.25	0	0	
G	1490c88	1.25	0	0	
G	1490d18	1.25	0	0	
G	1490d34	1.25	0	0	
G	14bdfa8	1.25	0	4	
G	14fcfac	1.25	0	0	
G	1500920	1.25	0	0	
G	17d85f0	1.25	1	1	
G	1801de4	1.25	4	65	
G	18083b4	1.25	1	1	
G	1808ba8	1.25	2	32	
G	180f920	1.25	0	0	
G	18810d0	1.25	0	0	
G	18812b0	1.25	0	9	
G	1881478	1.25	0	0	
G	18814a4	1.25	0	0	
G	1881500	1.25	4	4	
G	19611b0	1.25	0	1	
G	19611f4	1.25	1	9	
G	1962da0	1.25	1	1	
G	1963540	1.25	0	0	
G	1963c3c	1.25	1	1	
G	1963df8	1.25	2	13	
G	1e47fb4	1.25	0	0	
G	1e48088	1.25	0	0	
G	1f46fec	1.25	0	0	
G	21b1098	1.25	0	0	
G	113ee98	1.26	0	0	
G	114163c	1.26	0	0	
G	136fd60	1.26	0	0	
G	14be584	1.26	0	0	
G	14fe664	1.26	0	0	
G	17bbe64	1.26	0	0	
G	17bc8dc	1.26	0	1	
G	17bd5b4	1.26	0	0	
G	17ceb2c	1.26	0	0	
G	17ceb90	1.26	0	0	
G	1807678	1.26	0	0	
G	18077b8	1.26	0	0	
G	18077c0	1.26	0	0	
G	1d94af4	1.26	4	6	
G	1dac9cc	1.26	2	2	
G	1dead04	1.26	0	11	
G	1e2ce68	1.26	0	0	
G	1e2d150	1.26	0	0	
G	1e2e6ec	1.26	0	0	
G	1e30de0	1.26	0	0	
G	1f202e8	1.26	0	20	
G	1f206f8	1.26	1	1	
G	1f20978	1.26	1	19	
G	1f48944	1.26	1	2	
G	1f48a88	1.26	0	0	
G	1f48bc8	1.26	0	0	
G	1f48c08	1.26	0	0	
G	1f48fd0	1.26	1	1	
G	1f4b9e8	1.26	0	0	
G	22147dc	1.26	0	0	
G	22147e4	1.26	0	0	
G	13b84ac	1.27	0	0	
G	148f82c	1.27	0	0	
G	1de2614	1.27	1	2	
G	1e5a044	1.27	0	0	
G	1e5a338	1.27	0	1	
G	1e6bd84	1.27	0	0	
G	1f609ec	1.27	67	67	
G	1f60ce0	1.27	2	62	
G	1f84c88	1.27	36	124346	
G	20a46fc	1.27	3	373	
G	20a6054	1.27	12	13	
G	20e9228	1.27	9	81	
G	212c0f8	1.27	0	0	
G	2130574	1.27	0	0	
G	2135974	1.27	1	1	
G	2146388	1.27	0	0	
G	2146558	1.27	0	0	
G	215f3cc	1.27	0	0	
G	215f3d0	1.27	0	0	
G	215f3d8	1.27	5	34	
G	215fb5c	1.27	0	0	
G	21610e0	1.27	6	6	
G	216110c	1.27	0	0	
G	21611e8	1.27	0	0	
G	21612c4	1.27	18	124944	
G	2164c74	1.27	2	2	
G	216c160	1.27	1	9	
G	21a636c	1.27	10	10	
G	21ad398	1.27	0	0	
G	21bc480	1.27	6	29	
G	21bffdc	1.27	2	388	
G	21cae38	1.27	50	532	
G	21cb7a4	1.27	0	0	
G	21e12a8	1.27	5	19	
G	2346650	1.27	0	0	
G	1e91ce8	1.28	0	0	
G	1f237fc	1.28	2	3	
G	1f26d1c	1.28	0	0	
G	1f26d28	1.28	0	0	
G	21745c8	1.28	0	0	
G	2182148	1.28	0	0	
G	21b1fd0	1.28	0	0	
G	21cf4f8	1.28	0	1	
G	21cf718	1.28	2	8	
G	21cfc74	1.28	2	4	
G	21d0d60	1.28	0	6	
G	21d278c	1.28	1	1	
G	21dd5e4	1.28	0	0	
G	21ddc50	1.28	1	1	
G	21de158	1.28	0	0	
G	21de3bc	1.28	0	1	
G	2361c10	1.28	1	1	
G	1e5c79c	1.32	1	1	
G	1e91cec	1.32	0	0	
G	1e92d08	1.32	0	0	
G	1f25b80	1.32	1	2	
G	2131af8	1.32	0	0	
G	21d2d30	1.32	3	9	
G	1e6be04	1.34	0	0	
G	21260fc	1.34	0	0	
G	212635c	1.34	0	0	
G	212640c	1.34	2	2	
G	2126714	1.34	4	4	
G	215fd90	1.34	0	0	
G	215fdc4	1.34	0	0	
G	216bcc8	1.34	1	65	
G	2172360	1.34	1	1	
G	2176630	1.34	1	1	
G	2179760	1.34	0	2232	
G	2179900	1.34	0	2232	
G	217a930	1.34	63	64	
G	217d9f4	1.34	1	1	
G	2182cc8	1.34	0	54	
G	218521c	1.34	0	0	
G	21a9318	1.34	0	0	
G	21a9330	1.34	0	0	
G	21b0d9c	1.34	0	0	
G	21b0dbc	1.34	0	0	
G	21b86ec	1.34	0	0	
G	21cadb4	1.34	8	8	
G	2358c00	1.34	1	1	
G	2358cf4	1.34	0	0	
G	2358d58	1.34	1	4	
G	2169964	1.35	1	1	
G	2169e98	1.35	0	0	
G	2169f70	1.35	0	0	
G	2169f80	1.35	0	0	
G	216d008	1.35	0	0	
G	2181cec	1.35	0	0	
G	21830f8	1.35	0	8	
G	216a6b8	1.36	1	1	
G	2187d1c	1.36	1	1	
G	21a2974	1.36	0	1	
G	21a40c8	1.36	0	0	
G	21a42c0	1.36	1	1	
G	21a446c	1.36	1	1	
G	21b01f8	1.36	0	1	
G	1140d88	1.37	0	0	
G	1498e88	1.37	2	2	
G	17d8b48	1.37	1	1	
G	180211c	1.37	4	7	
G	1e7428c	1.37	0	0	
G	1e80600	1.37	0	0	
G	1e859bc	1.37	17	30	
G	1e86cec	1.37	0	0	
G	215f868	1.37	9	25	
G	215f89c	1.37	0	0	
G	215fde8	1.37	0	0	
G	215fdf0	1.37	0	0	
G	2181c34	1.37	0	0	
G	2181cd4	1.37	0	0	
G	2184ebc	1.37	0	0	
G	218587c	1.37	0	0	
G	2187cc0	1.37	8	8	
G	21a1cbc	1.37	1	1	
G	21a1e70	1.37	0	0	
G	21b9ce8	1.37	0	0	
G	21bc7c8	1.37	1	1	
G	21cc784	1.37	6	11	
G	234e020	1.37	0	2	
G	1f18164	1.38	39	39	
G	1f181b4	1.38	1	1	
G	217eba4	1.38	0	19	
G	217eda0	1.38	4	4	
G	21cc780	1.38	0	0	
G	215f44c	1.39	0	0	
G	2171914	1.39	0	0	
G	21767a8	1.39	0	0	
G	2184c1c	1.39	0	0	
G	21850c4	1.39	0	0	
G	21851e8	1.39	0	0	
G	21a5a40	1.39	0	0	
G	21a5d00	1.39	0	0	
G	21b19b4	1.39	0	0	
G	21bff98	1.39	6	6	
G	11fcfb8	1.41	0	0	
G	1e783d4	1.41	0	0	
G	1e86bec	1.41	0	1	
G	1e8914c	1.41	1	1	
G	1e95b78	1.41	0	0	
G	1f2feb0	1.41	1	4	
G	1f308e8	1.41	0	0	
G	1f30930	1.41	1	1	
G	1f30950	1.41	0	0	
G	1f30d68	1.41	0	2	
G	1f30f28	1.41	1	1	
G	1f77c34	1.41	1	1	
G	1f7c8dc	1.41	1	1	
G	1f85020	1.41	0	0	
G	17dc1d8	1.47	0	0	
G	1140dcc	1.49	0	0	
G	1140dd0	1.49	0	0	
G	137082c	1.49	2	2	
G	13b8ca4	1.49	0	0	
G	17dd80c	1.49	3	6	
G	1e518a0	1.49	0	39	
G	1e5a310	1.49	0	0	
G	1e5a324	1.49	0	0	
G	1e6d208	1.49	0	0	
G	1e73070	1.49	5	7	
G	1e733d0	1.49	0	0	
G	1e73574	1.49	28	39	
G	1e73a70	1.49	0	0	
G	1e7f44c	1.49	11	40	
G	1e7fecc	1.49	1	20	
G	1e80040	1.49	8	14	
G	1e8b844	1.49	4	4	
G	1e8bdcc	1.49	7	11	
G	1e9473c	1.49	0	0	
G	1e94748	1.49	0	0	
G	1efd874	1.49	0	0	
G	1f484f4	1.49	5	5	
G	2219eb4	1.49	0	0	
G	265a068	1.49	0	0	
G	269d5a4	1.49	0	0	
G	2662848	1.51	0	16	
G	269d5ec	1.51	1	1	
G	1e521e0	1.52	1	2	
G	265bf24	1.52	0	0	
G	265bfc4	1.52	0	0	
G	265c24c	1.52	0	0	
G	265fc90	1.52	1	1	
G	2660aa8	1.52	0	0	
G	16f0858	1.53	5	672	
G	17ba9f8	1.53	0	0	
G	17babcc	1.53	0	0	
G	15b0c98	1.54	5	107	
G	17d0880	1.54	2	36	
G	1801e74	1.54	1	1	
G	1801fe0	1.54	1	7	
G	1dacb34	1.54	7	2608	
G	1dad520	1.54	0	0	
G	1dad534	1.54	0	0	
G	1dad53c	1.54	0	0	
G	1e5baec	1.54	0	0	
G	1e5be9c	1.54	0	11	
G	1e5c018	1.54	2	11	
G	1e5c4d4	1.54	4	12	
G	1e87b90	1.54	0	0	
G	1e87c68	1.54	0	0	
G	1f22e08	1.54	1	1	
G	2126fec	1.54	0	0	
G	2126ffc	1.54	0	0	
G	2127134	1.54	0	5	
G	2168b90	1.54	1	1	
G	216a220	1.54	0	0	
G	2360408	1.54	0	0	
G	2360444	1.54	0	0	
G	2360494	1.54	0	0	
G	2360708	1.54	0	5	
G	2360e28	1.54	0	4	
G	25a24cc	1.54	0	0	
G	25a4048	1.54	0	2	
G	25a4308	1.54	0	2	
G	25a43fc	1.54	2	4	
G	1140e10	1.55	0	0	
G	1488c08	1.55	1	30	
G	148b224	1.55	2	16	
G	1801eb0	1.55	0	0	
G	18816ac	1.55	11	11	
G	1881728	1.55	19	28	
G	18817a8	1.55	0	28	
G	1965034	1.55	16	90	
G	1cb3e30	1.55	8	8	
G	1e7d35c	1.55	0	0	
G	1e7d3a4	1.55	0	0	
G	1e7d3ac	1.55	0	0	
G	20adcec	1.55	81	233	
G	2126ff0	1.55	0	0	
G	213b964	1.55	37	45	
G	213e510	1.55	5	50	
G	2164880	1.55	1	2	
G	2164a90	1.55	1	1	
G	2181750	1.55	0	0	
G	2181f9c	1.55	0	8	
G	21b39e8	1.55	3	274	
G	21b3fa4	1.55	49	49	
G	21b69d0	1.55	1	1	
G	234ee4c	1.55	12	271	
G	11a8c78	1.56	0	0	
G	1231950	1.56	0	0	
G	17bac40	1.56	3	456	
G	18043b8	1.56	10	10	
G	1805e80	1.56	0	17	
G	18095b0	1.56	0	0	
G	1809680	1.56	3	4	
G	180a73c	1.56	0	1	
G	180a8e8	1.56	3	4	
G	180abd4	1.56	1	1	
G	180aca4	1.56	0	0	
G	180af60	1.56	0	1	
G	180b0c8	1.56	2	5	
G	19659bc	1.56	5	22	
G	1c312a4	1.56	4	5	
G	1daf160	1.56	4	4	
G	1daf23c	1.56	8	175	
G	1daf330	1.56	1	86	
G	1dafbe0	1.56	0	0	
G	1e0bc40	1.56	3	17	
G	1e51908	1.56	0	2	
G	1e6cc7c	1.56	0	0	
G	1e86dc8	1.56	0	0	
G	20ad450	1.56	11	17	
G	20b3af0	1.56	7	26	
G	20b5718	1.56	28	28	
G	20b5d34	1.56	21	50	
G	20b76bc	1.56	0	0	
G	216a7ac	1.56	0	0	
G	216a7c4	1.56	0	0	
G	216aaa4	1.56	3	3	
G	216ab80	1.56	0	0	
G	2186450	1.56	30	31	
G	2186618	1.56	0	1	
G	2186690	1.56	4	4	
G	21af52c	1.56	2	2	
G	21af550	1.56	0	0	
G	21b3bf4	1.56	624	1279	
G	21b3e44	1.56	4	54	
G	21b3f50	1.56	1	2	
G	234df40	1.56	1	359	
G	234efe0	1.56	10	12	
G	265b018	1.56	0	0	
G	265b020	1.56	0	2	
G	265b538	1.56	0	0	
G	265b540	1.56	0	0	
G	265b5dc	1.56	0	0	
G	265b5e4	1.56	0	0	
G	265d2c0	1.56	0	0	
G	265e378	1.56	0	0	
G	265e9fc	1.56	0	0	
G	265f6c0	1.56	1	1	
G	265f7a0	1.56	0	0	
G	2660650	1.56	0	0	
G	2660730	1.56	0	0	
G	2660910	1.56	0	0	
G	2661f38	1.56	0	0	
G	266349c	1.56	0	0	
G	266357c	1.56	0	0	
G	1803ce4	1.57	10	10	
G	1ab1128	1.57	10	38	
G	1ab13a8	1.57	5	5	
G	1ab1564	1.57	9	9	
G	1ab179c	1.57	4	4	
G	1c31160	1.57	6	6	
G	1c311d4	1.57	3	4	
G	1c31298	1.57	0	0	
G	1dacd1c	1.57	16	30	
G	1daced0	1.57	8	12	
G	1dad2e0	1.57	2	2	
G	265b0bc	1.57	0	0	
G	265b0c4	1.57	0	0	
G	265b2ac	1.57	0	0	
G	265b2b4	1.57	0	0	
G	265b350	1.57	0	0	
G	265b358	1.57	0	1	
G	265ec80	1.57	0	0	
G	265ed60	1.57	0	0	
G	265ef40	1.57	1	1	
G	2662df8	1.57	0	0	
G	265f600	1.59	1	43	
G	266375c	1.59	0	0	
G	217691c	1.61	1	1	
G	2661034	1.61	1	1	
G	2661454	1.61	0	21	
G	265de80	1.63	0	0	
G	265f58c	1.63	1	1	
G	266133c	1.63	0	0	
G	266144c	1.63	0	0	
G	1596600	1.67	0	1	
G	159ccbc	1.67	0	0	
G	159cd10	1.67	1	1	
G	159cd78	1.67	0	0	
G	16f1f38	1.67	15	18	
G	17ba9e8	1.69	0	0	
G	1e7747c	1.69	1	1	
G	1e785ac	1.69	0	0	
G	1f182b8	1.69	1	1	
G	1f19c94	1.69	0	0	
G	1f1a1f0	1.69	1	39	
G	1f1aa80	1.69	0	0	
G	11a8eac	1.71	1	1	
G	17bbe3c	1.71	0	0	
G	180178c	1.71	0	20	
G	1e78494	1.71	1	1	
G	1e87950	1.91	0	0	
G	1e98a50	1.91	0	1	
G	1e98e0c	1.91	1	1	
G	1ea070c	1.91	1	2	
G	1eb0a74	1.91	0	2	
G	1eb6964	1.91	4	99	
G	1ec7fb4	1.91	0	0	
G	1ed2580	1.91	5	22	
G	1f18890	1.91	2	2	
G	11410dc	1.92	0	0	
G	16ed6dc	1.92	1	1	
G	1dafbe4	1.92	0	1	
G	1e7aa2c	1.92	0	0	
G	1e7abb8	1.92	0	2	
G	1e7ac8c	1.92	2	3	
G	1e7c860	1.92	0	0	
G	1e7c868	1.92	1	1	
G	1e7c878	1.92	0	0	
G	1e7c888	1.92	0	0	
G	1e7c8a0	1.92	0	0	
G	1e7c908	1.92	0	0	
G	1e7cfb8	1.92	1	1	
G	1e879dc	1.92	0	0	
G	1e87a78	1.92	0	0	
G	1e9f4ec	1.92	1	1	
G	1e9f580	1.92	0	0	
G	1e9f868	1.92	1	4	
G	1e9fa34	1.92	2	3	
G	1ea0010	1.92	0	0	
G	1ea002c	1.92	0	0	
G	1ea0224	1.92	0	0	
G	1ea0240	1.92	0	0	
G	1ea1b80	1.92	0	0	
G	1eae0d4	1.92	1	18	
G	1eb5988	1.92	1	1	
G	1ec081c	1.92	1	1	
G	1ec1914	1.92	0	0	
G	1ec19b8	1.92	0	0	
G	1ec3904	1.92	2	2	
G	1ec41c4	1.92	0	0	
G	1ec7fc0	1.92	0	0	
G	1ec98a0	1.92	2	2	
G	1ecf3b4	1.92	0	0	
G	1ed2098	1.92	0	0	
G	1ed21f4	1.92	0	0	
G	1ed22c4	1.92	1	1	
G	1ef3210	1.92	0	0	
G	15b9120	1.93	0	0	
G	15f635c	1.93	0	0	
G	15f6360	1.93	0	0	
G	1602ff4	1.93	0	0	
G	1602ff8	1.93	0	0	
G	161025c	1.93	0	0	
G	1610260	1.93	0	0	
G	17bbe34	1.93	0	0	
G	1e6c184	1.93	0	1	
G	1e6fb14	1.93	0	0	
G	1e98b30	1.93	0	0	
G	1e993f8	1.93	0	0	
G	1e9a13c	1.93	1	3	
G	1e9a2c8	1.93	0	2	
G	1e9ab58	1.93	2	4	
G	1e9b244	1.93	0	11	
G	1e9b838	1.93	2	4	
G	1e9bcbc	1.93	0	11	
G	1e9d464	1.93	1	1	
G	1e9d534	1.93	1	1	
G	1e9d914	1.93	0	0	
G	1e9d9e4	1.93	1	1	
G	1e9ddd4	1.93	2	2	
G	1e9f024	1.93	1	1	
G	1e9f160	1.93	0	0	
G	1e9f230	1.93	0	0	
G	1ea036c	1.93	0	0	
G	1ea0388	1.93	0	0	
G	1ea05a4	1.93	0	0	
G	1ea05c0	1.93	0	0	
G	1eae168	1.93	0	0	
G	1eaeab4	1.93	0	0	
G	1eaead0	1.93	0	0	
G	1eaedf0	1.93	0	0	
G	1eaee0c	1.93	0	0	
G	1eaf144	1.93	0	0	
G	1eaf160	1.93	0	0	
G	1eafac8	1.93	0	0	
G	1eafae4	1.93	0	0	
G	1eb07e4	1.93	0	0	
G	1eb0800	1.93	0	0	
G	1ef3a24	1.93	0	0	
G	15cf1e4	1.94	0	0	
G	15cf1e8	1.94	0	0	
G	1608894	1.94	0	0	
G	1608898	1.94	0	0	
G	1609870	1.94	0	0	
G	1609874	1.94	0	0	
G	12b205c	1.95	1	1	
G	12b2548	1.95	0	0	
G	12b2b74	1.95	1	2	
G	15b9134	1.95	0	0	
G	15c6fd0	1.95	0	0	
G	16fb314	1.95	2	23	
G	16fcb84	1.95	4	20	
G	26641e4	1.95	0	0	
G	26643f4	1.95	0	0	
G	2664bdc	1.95	0	0	
G	2664d78	1.95	0	0	
G	26724fc	1.95	0	0	
G	2672500	1.95	5	14	
G	2674350	1.95	2	2	
G	2678014	1.95	1	2	
G	2692694	1.95	1	1	
G	269754c	1.95	0	0	
G	269755c	1.95	0	0	
G	269ca6c	1.95	5	5	
G	15c6fd4	1.96	0	0	
G	1881b48	1.98	1	1	
G	1881c00	1.98	0	0	
G	1961f1c	1.98	0	0	
G	1dec830	1.98	1	5	
G	1e09924	1.98	0	0	
G	1e09938	1.98	0	0	
G	1e6c2b0	1.98	0	0	
G	1eac944	1.98	0	0	
G	1f16ea8	1.98	0	0	
G	1e782f8	1.99	0	0	
G	1e7878c	1.99	1	2	
G	1e858cc	1.99	0	0	
G	1e87f1c	1.99	0	2	
G	1e88040	1.99	0	0	
G	1f1ab74	1.99	0	0	
G	1f77bb4	1.99	0	0	
G	1f77c54	1.99	0	0	
G	16ed1f0	2.00	3	5	
G	16ed6d0	2.00	0	0	
G	16ed6e4	2.00	0	3	
G	16ed744	2.00	1	3	
G	16edc78	2.00	0	0	
G	16edddc	2.00	2	2	
G	16ee0c8	2.00	0	0	
G	16f164c	2.00	3	127	
G	16fa980	2.00	1	2	
G	16fc810	2.00	0	0	
G	16fd264	2.00	0	0	
G	16fd270	2.00	0	0	
G	16fde38	2.00	0	0	
G	16fde44	2.00	0	109	
G	16ff7b0	2.00	0	0	
G	1704764	2.00	0	0	
G	1f1ad00	2.00	0	2	
G	1f3a2c0	2.00	0	2	
G	151b428	2.01	0	0	
G	15b98b8	2.01	0	0	
G	15ba1b4	2.01	3	7	
G	15baa48	2.01	0	0	
G	15baa54	2.01	0	0	
G	15bba74	2.01	0	0	
G	15bd6d8	2.01	0	50	
G	15bdf6c	2.01	0	0	
G	15bdf78	2.01	0	0	
G	15be874	2.01	0	0	
G	15bf108	2.01	0	0	
G	15bf114	2.01	0	0	
G	15bfba0	2.01	1	1	
G	15c0434	2.01	0	0	
G	15c0440	2.01	1	1	
G	15c1468	2.01	0	0	
G	15c30e4	2.01	0	0	
G	15c4e80	2.01	0	0	
G	15c5e5c	2.01	0	0	
G	15c6e38	2.01	0	0	
G	15c7e14	2.01	0	0	
G	15c8df0	2.01	0	0	
G	15c9ecc	2.01	0	0	
G	15caea8	2.01	0	0	
G	15cc1c8	2.01	0	0	
G	15cd4e8	2.01	0	0	
G	15cf14c	2.01	0	0	
G	15d0250	2.01	0	0	
G	15d17d4	2.01	0	0	
G	15d2d04	2.01	0	0	
G	15d4898	2.01	0	0	
G	15d6170	2.01	0	0	
G	15d7b6c	2.01	0	0	
G	15d96b8	2.01	0	0	
G	15da6b0	2.01	0	0	
G	15dbc2c	2.01	0	0	
G	15dcc08	2.01	0	0	
G	15de5a4	2.01	0	0	
G	15e03d4	2.01	0	0	
G	15e13b0	2.01	0	0	
G	15e348c	2.01	0	0	
G	15e5434	2.01	0	0	
G	15ea078	2.01	0	0	
G	15ecd30	2.01	0	0	
G	15ee9b8	2.01	0	0	
G	15f0fb0	2.01	0	0	
G	15f32d0	2.01	0	0	
G	15f4c74	2.01	0	0	
G	15f61c4	2.01	0	0	
G	15f73fc	2.01	0	0	
G	15f81d0	2.01	2	11	
G	15f8a64	2.01	0	0	
G	15f8a70	2.01	0	0	
G	15f9c58	2.01	0	0	
G	15fbe44	2.01	0	0	
G	15fc7bc	2.01	0	3	
G	15fd26c	2.01	0	0	
G	15fd278	2.01	0	0	
G	15fe4f8	2.01	1	1	
G	15ff5d4	2.01	0	0	
G	16004b0	2.01	0	0	
G	1601f88	2.01	0	0	
G	1602f5c	2.01	0	0	
G	1603e1c	2.01	0	0	
G	160582c	2.01	0	0	
G	1606eb8	2.01	0	0	
G	16086fc	2.01	0	0	
G	16097d8	2.01	0	0	
G	160a844	2.01	0	0	
G	160bc70	2.01	0	0	
G	160cd4c	2.01	0	0	
G	160e79c	2.01	0	0	
G	16101c4	2.01	0	0	
G	1612d2c	2.01	0	0	
G	1613f88	2.01	0	0	
G	1614fcc	2.01	0	0	
G	161675c	2.01	0	0	
G	16186d0	2.01	0	0	
G	1619d60	2.01	0	0	
G	161b7ec	2.01	0	0	
G	161ccf4	2.01	0	0	
G	161e704	2.01	0	0	
G	1620474	2.01	0	0	
G	1620c0c	2.01	0	0	
G	1621320	2.01	0	0	
G	1622278	2.01	0	0	
G	1623e5c	2.01	0	0	
G	16258c4	2.01	0	0	
G	1627010	2.01	0	0	
G	1628efc	2.01	0	0	
G	162a70c	2.01	0	0	
G	162c100	2.01	0	0	
G	162d88c	2.01	0	0	
G	162f818	2.01	0	0	
G	162ff2c	2.01	0	0	
G	1630e8c	2.01	0	0	
G	163250c	2.01	0	0	
G	1633d70	2.01	0	0	
G	1635870	2.01	0	0	
G	1637144	2.01	0	0	
G	1638db8	2.01	0	0	
G	163a850	2.01	0	0	
G	163bf2c	2.01	0	0	
G	163da8c	2.01	0	0	
G	163ead0	2.01	0	0	
G	1640a70	2.01	0	0	
G	1641420	2.01	0	0	
G	16424fc	2.01	0	0	
G	1644a88	2.01	0	0	
G	164643c	2.01	0	0	
G	164775c	2.01	0	0	
G	1648420	2.01	0	4	
G	1648cb4	2.01	1	1	
G	1648cc0	2.01	0	0	
G	1649de8	2.01	0	0	
G	164b844	2.01	0	0	
G	164c888	2.01	0	0	
G	164d764	2.01	0	0	
G	164f258	2.01	0	0	
G	1650944	2.01	0	0	
G	1652118	2.01	0	0	
G	1653998	2.01	0	0	
G	1655310	2.01	0	0	
G	165653c	2.01	0	0	
G	1658cf4	2.01	0	0	
G	165a5d8	2.01	0	0	
G	165c20c	2.01	0	0	
G	165ce8c	2.01	0	0	
G	165e7c0	2.01	0	0	
G	1660350	2.01	0	0	
G	16612f8	2.01	0	0	
G	1661b0c	2.01	0	0	
G	1662948	2.01	0	0	
G	16643a8	2.01	0	0	
G	16653d0	2.01	0	0	
G	1666abc	2.01	0	0	
G	16686bc	2.01	0	0	
G	1669fec	2.01	0	0	
G	166c0b8	2.01	0	0	
G	166dd74	2.01	0	0	
G	166f7dc	2.01	0	0	
G	167151c	2.01	0	0	
G	16726b8	2.01	0	0	
G	1673e4c	2.01	0	0	
G	1675828	2.01	0	0	
G	1676b30	2.01	0	0	
G	1678120	2.01	0	0	
G	16791ac	2.01	0	0	
G	167abd8	2.01	0	0	
G	167c788	2.01	0	0	
G	167e1c4	2.01	0	0	
G	167f4fc	2.01	0	0	
G	16804d8	2.01	0	0	
G	168161c	2.01	0	0	
G	1683454	2.01	0	0	
G	16845e8	2.01	0	0	
G	1685878	2.01	0	0	
G	16884ac	2.01	0	0	
G	1689588	2.01	0	0	
G	168a8a8	2.01	0	0	
G	168c650	2.01	0	0	
G	168d970	2.01	0	0	
G	168f5a4	2.01	0	0	
G	1690cec	2.01	0	0	
G	1692740	2.01	0	0	
G	1693820	2.01	0	0	
G	1694764	2.01	0	0	
G	16968f0	2.01	0	0	
G	1699058	2.01	0	0	
G	169a8a0	2.01	0	0	
G	169c29c	2.01	0	0	
G	169d7fc	2.01	0	0	
G	169f3b0	2.01	0	0	
G	16a0954	2.01	0	0	
G	16a24cc	2.01	0	0	
G	16a3e34	2.01	0	0	
G	16a5648	2.01	0	0	
G	16a7120	2.01	0	0	
G	16a8630	2.01	0	0	
G	16a9850	2.01	0	0	
G	16aac78	2.01	0	0	
G	16ac3ec	2.01	0	0	
G	16ad8a4	2.01	0	0	
G	16af068	2.01	0	0	
G	16b08a0	2.01	0	0	
G	16b2418	2.01	0	0	
G	16b3928	2.01	0	0	
G	16ed318	2.01	0	0	
G	16ed3f4	2.01	0	0	
G	16ee43c	2.01	0	0	
G	16ee50c	2.01	0	0	
G	16fd3b4	2.02	0	0	
G	16fd630	2.02	6	8	
G	16fd7dc	2.02	19	19	
G	16fdea8	2.02	10	109	
G	16fe324	2.02	11	16	
G	16fe910	2.02	5	23	
G	16fea74	2.02	1	3	
G	16fed60	2.02	0	0	
G	16ff2d0	2.02	0	0	
G	16ff3a0	2.02	2	2	
G	15f91d0	2.07	1	1	
G	15f8664	2.08	2	8	
G	16fb1a4	2.08	1	2	
G	16fc48c	2.08	0	0	
G	1c31088	2.09	0	1	
G	1dc334c	2.09	0	0	
G	1dc83a4	2.09	0	0	
G	1ea0854	2.09	1	2	
G	1ea08ac	2.09	0	1	
G	1eaa80c	2.09	2	2	
G	1eaaafc	2.09	0	7	
G	1ec0a20	2.09	1	2	
G	1397630	2.10	0	0	
G	1965980	2.10	0	0	
G	1d83590	2.10	0	0	
G	1d83704	2.10	0	13	
G	1dd0e64	2.10	0	0	
G	1debc78	2.10	0	0	
G	1e48598	2.10	2	3	
G	1d83930	2.11	0	1	
G	1db04a8	2.18	0	0	
G	1ec9744	2.18	0	0	
G	1eca06c	2.18	0	0	
G	1702fe0	2.28	0	0	
G	1702fe4	2.28	0	0	
G	1d8377c	2.28	0	11	
G	1d83a98	2.28	0	0	
G	1d83afc	2.28	0	0	
G	1d83b18	2.28	0	0	
G	1dc5b80	2.28	0	0	
G	1ddf964	2.28	0	0	
G	1ddfaf8	2.28	1	8	
G	1ddfc58	2.28	1	17	
G	1d83bf4	2.29	0	0	
G	1d83c10	2.29	0	0	
G	1ddfe54	2.29	0	6	
G	1e2ce7c	2.29	0	0	
G	1e2eb54	2.29	0	1	
G	1e5c458	2.29	0	0	
G	1e5c460	2.29	1	1	
G	1ea10f0	2.29	0	0	
G	1ea5f5c	2.29	0	0	
G	1ea5f74	2.29	0	0	
G	1ea60a0	2.29	0	0	
G	1eb727c	2.29	0	24	
G	1eb995c	2.29	3	6	
G	1ec2f14	2.29	0	0	
G	2127030	2.29	3	3	
G	2127108	2.29	0	0	
G	23604c4	2.29	0	0	
G	2360648	2.29	1	1	
G	1f10374	2.30	0	0	
G	1f103c0	2.30	7	7	
G	20fb0d0	2.30	0	0	
G	2105eb8	2.30	0	0	
G	216a928	2.30	9	9	
G	1e0a2e4	2.31	3	10	
G	1e7bb54	2.31	7	7	
G	1e7c8a8	2.31	0	0	
G	1e7df54	2.31	0	0	
G	1ec54a8	2.31	20	25	
G	1f47b20	2.33	1	2	
G	2167f4c	2.33	0	0	
G	2169b44	2.33	0	0	
G	217ae88	2.33	3	2168	
G	217b880	2.33	2161	2164	
G	2181948	2.33	0	0	
G	218194c	2.33	0	0	
G	218198c	2.33	0	0	
G	21aee74	2.33	0	0	
G	222bdb8	2.33	1	1	
G	222be3c	2.33	0	0	
G	1d83a70	2.79	0	0	
G	1d83c18	10.27	0	0	
G	1d83a54	10.28	0	0	
G	1daf184	10.28	1	2	
G	1daf22c	10.28	0	0	
G	1eb6c88	10.28	2	2	
G	17bd5b0	10.29	0	0	
G	1803ad8	10.30	0	0	
G	1dac918	10.30	0	0	
G	1daf910	10.30	3	16	
G	1e5b9b8	10.35	1	5	
G	1e5c810	10.35	8	10	
G	1e5c9fc	10.35	0	0	
G	1e7ab38	10.35	0	1	
G	1e7cf90	10.35	0	0	
G	1e9847c	10.35	1	1	
G	1e9a408	10.35	1	7	
G	1e9a75c	10.35	1	5	
G	1e9aec0	10.35	3	3	
G	1e9f51c	10.35	0	0	
G	1e9fb84	10.35	0	1	
G	1e9fe6c	10.35	0	1	
G	1ea083c	10.35	0	1	
G	1eaa550	10.35	0	2	
G	1eaa60c	10.35	0	0	
G	1eb6504	10.35	1	17	
G	1eb65dc	10.35	2	13	
G	1eb694c	10.35	0	19	
G	1ec08d0	10.35	0	0	
G	1ec17b0	10.35	1	3	
G	1ec40fc	10.35	0	0	
G	1ece3f4	10.35	0	0	
G	1ed0f98	10.35	0	0	
G	20ba9b8	10.35	0	0	
G	21af478	10.35	0	0	
G	21d101c	10.35	2	7	
G	1ea0838	10.36	0	0	
G	1ea1c3c	10.36	0	0	
G	1eb0b90	10.36	0	2	
G	1e6eccc	10.37	0	4	
G	1f265b4	10.37	0	0	
G	20b5480	10.37	1	1	
G	2106b18	10.37	1	1	
G	2127a28	10.37	0	0	
G	213bfe0	10.37	0	0	
G	216a3e0	10.37	2	2	
G	216a45c	10.37	0	0	
G	2179804	10.37	5	6	
G	2181594	10.37	1	5	
G	2182090	10.37	0	0	
G	21b2ff4	10.37	9	13	
G	21b3214	10.37	0	7	
G	21b5c3c	10.37	0	0	
G	21b5eec	10.37	0	10	
G	21b60dc	10.37	0	8	
G	21b77c4	10.37	0	0	
G	21b7f84	10.37	4	4	
G	21ddb08	10.37	0	0	
G	21e2298	10.37	0	0	
G	234f6d4	10.37	1	2	
G	2361e44	10.37	0	0	
G	13ad1e4	10.38	0	0	
G	1db0c9c	10.38	0	0	
G	217c4bc	10.38	1	1	
G	11a8c80	10.40	0	0	
G	13b8cb4	10.40	0	0	
G	148f97c	10.40	0	0	
G	148f988	10.40	1	1	
G	1625a5c	10.40	0	0	
G	1625a60	10.40	0	0	
G	17bd5d4	10.40	0	0	
G	17cc420	10.40	0	1	
G	17cc6bc	10.40	0	0	
G	17ceb68	10.40	0	0	
G	17ceb94	10.40	0	0	
G	18033ec	10.40	0	3	
G	18034f0	10.40	0	2	
G	1d83654	10.40	0	1	
G	1dae6c8	10.40	0	1	
G	1dae7a4	10.40	0	1	
G	1e796c4	10.40	0	0	
G	1e796d8	10.40	1	1	
G	1e7f398	10.40	1	2	
G	1e941b4	10.40	1	1	
G	1370704	10.42	0	1	
G	17cc728	10.42	1	30	
G	17cd0f4	10.42	0	0	
G	17cd110	10.42	0	0	
G	17cd118	10.42	0	1	
G	1e88ef4	10.43	0	0	
G	1e89018	10.43	0	0	
G	148f994	10.45	0	4	
G	1500a58	10.45	1	1	
G	1705400	10.45	0	0	
G	1f1ac0c	10.45	0	0	
G	1f225f8	10.45	0	0	
G	1f24f14	10.45	2	3	
G	1f26738	10.45	0	0	
G	1f26774	10.45	0	0	
G	1f269e8	10.45	0	0	
G	1f296c8	10.45	0	3	
G	1f2e348	10.45	0	0	
G	1f2f4b8	10.45	0	0	
G	148e27c	10.46	1	2	
G	148eb30	10.46	0	0	
G	148edf0	10.46	1	1	
G	1490ebc	10.46	0	0	
G	14982ec	10.46	0	0	
G	1498308	10.46	0	0	
G	17cd1b0	10.46	0	0	
G	17cd1cc	10.46	0	0	
G	17cd1d4	10.46	0	0	
G	17cd2b0	10.46	0	0	
G	17cd2cc	10.46	0	0	
G	17d0ed8	10.49	0	0	
G	1500b78	10.72	0	21	
G	1e2d5e0	10.72	11	214	
G	115d908	10.74	2	114	
G	13c0ad4	10.74	1	1	
G	13c12e0	10.74	0	0	
G	13c1430	10.74	1	1	
G	13f74b4	10.74	0	0	
G	13f7604	10.74	0	0	
G	13f78bc	10.74	0	0	
G	13f7c80	10.74	1	1	
G	13fbc14	10.74	0	0	
G	13ff550	10.74	0	0	
G	13ffd9c	10.74	0	0	
G	1401b8c	10.74	0	0	
G	140219c	10.74	0	1	
G	14024b4	10.74	1	1	
G	1403090	10.74	0	0	
G	140356c	10.74	0	0	
G	1403864	10.74	0	0	
G	1403f0c	10.74	0	0	
G	1404514	10.74	1	1	
G	1404958	10.74	0	0	
G	1404e44	10.74	0	0	
G	1405588	10.74	0	0	
G	1405bb4	10.74	0	0	
G	1405cd4	10.74	0	0	
G	1405de4	10.74	0	0	
G	1405e5c	10.74	0	0	
G	1405ef4	10.74	1	1	
G	1406d90	10.74	0	1	
G	1406de0	10.74	0	0	
G	140711c	10.74	1	1	
G	14072d0	10.74	0	0	
G	1407428	10.74	0	0	
G	1407508	10.74	0	0	
G	14075a0	10.74	1	1	
G	1407650	10.74	0	0	
G	1407700	10.74	0	0	
G	1407798	10.74	0	0	
G	1407860	10.74	0	0	
G	1407f2c	10.74	0	0	
G	1df6828	10.74	0	0	
G	115dad0	10.75	0	0	
G	1400514	10.75	3	23	
G	151d088	10.75	1	1	
G	115dacc	10.77	0	0	
G	115f9f0	10.77	9	11	
G	115fb34	10.77	1	3	
G	115fc78	10.77	2	2	
G	115fe50	10.77	1	1	
G	12b303c	10.77	1	1	
G	12b3040	10.77	0	0	
G	12b3240	10.77	2	2	
G	12b36e0	10.77	0	0	
G	12b3dc0	10.77	2	2	
G	12b3f64	10.77	0	0	
G	12b7270	10.77	0	0	
G	139ca64	10.77	0	0	
G	139da04	10.77	0	0	
G	13ffdec	10.77	3	3	
G	140d874	10.77	0	4	
G	140d9f8	10.77	10	18	
G	13768f0	10.78	1	1	
G	1376d2c	10.78	0	0	
G	13fcf7c	10.78	0	1	
G	13fd240	10.78	1	1	
G	1408aec	10.78	0	0	
G	140b08c	10.78	0	1	
G	140b214	10.78	0	0	
G	151e45c	10.78	1	1	
G	151e668	10.78	0	0	
G	151e8c8	10.78	0	0	
G	151eab4	10.78	0	0	
G	1523080	10.78	0	0	
G	152316c	10.78	0	1	
G	1559d60	10.78	0	0	
G	156c234	10.78	0	0	
G	156c348	10.78	0	0	
G	1592cb8	10.78	0	0	
G	1594458	10.78	0	0	
G	15252f4	10.79	1	1	
G	1525520	10.79	0	0	
G	15256f4	10.79	0	0	
G	1525be4	10.79	0	0	
G	15262c0	10.79	0	0	
G	15262cc	10.79	0	0	
G	1526540	10.79	3	5	
G	15267e4	10.79	0	1	
G	1526a24	10.79	1	1	
G	1526b2c	10.79	1	1	
G	1551dc0	10.79	0	4	
G	1551ee0	10.79	0	1	
G	1553270	10.79	3	3	
G	1565b48	10.79	0	0	
G	1565d60	10.79	1	1	
G	1566294	10.79	1	1	
G	15664d0	10.79	0	0	
G	1566654	10.79	0	0	
G	157c490	10.79	0	0	
G	159429c	10.79	1	2	
G	12b12c0	10.80	0	0	
G	12b14c0	10.80	0	0	
G	12b40c0	10.80	0	0	
G	12b426c	10.80	3	3	
G	12b4b54	10.80	1	1	
G	12b5104	10.80	0	0	
G	12b5110	10.80	2	3	
G	12b662c	10.80	0	0	
G	12b6638	10.80	1	1	
G	12b67a0	10.80	0	0	
G	12b688c	10.80	0	0	
G	139d25c	10.80	0	0	
G	139d260	10.80	0	0	
G	1407fd4	10.80	1	5	
G	1409a6c	10.80	1	1	
G	1409bf0	10.80	0	0	
G	140a23c	10.80	0	0	
G	1542a68	10.80	0	0	
G	154dc54	10.80	0	0	
G	154eb88	10.80	0	0	
G	154eca8	10.80	0	0	
G	154ee30	10.80	0	1	
G	154f0b4	10.80	0	0	
G	15933d4	10.80	0	0	
G	13b7ed8	10.81	4	25	
G	13c1c78	10.81	0	0	
G	148a3f8	10.81	0	0	
G	148a914	10.81	0	0	
G	1490430	10.81	0	0	
G	1500824	10.81	0	0	
G	1500ba0	10.81	0	2	
G	1523e5c	10.81	0	0	
G	1523fec	10.81	0	0	
G	1524668	10.81	1	2	
G	1524e4c	10.81	1	1	
G	154dfd4	10.81	0	0	
G	154e4ec	10.81	1	1	
G	154e58c	10.81	0	0	
G	154e624	10.81	0	0	
G	1562638	10.81	0	0	
G	1578604	10.81	0	0	
G	1579128	10.81	0	0	
G	1594314	10.81	0	0	
G	1594390	10.81	0	1	
G	171012c	10.81	0	0	
G	17cd2d4	10.81	1	1	
G	1ce1ed4	10.81	1	1	
G	1ce20b0	10.81	0	20	
G	1ce2344	10.83	2	3	
G	1ce25fc	10.83	0	0	
G	1eb9c60	10.85	0	0	
G	1ec2b08	10.85	0	0	
G	1eb63d0	10.90	1	1	
G	1ce21f0	11.00	1	1	
G	1ce2638	11.00	0	0	
G	135f4c0	11.02	0	0	
G	16f1dac	11.02	0	0	
G	1ce2640	11.02	0	0	
G	17d8aac	11.03	1	2	
G	18086d4	11.03	2	6	
G	1808918	11.03	0	0	
G	180a5d0	11.03	1	1	
G	17e715c	11.05	0	0	
G	1149894	11.08	0	0	
G	20a48a0	11.08	0	0	
G	216d764	11.08	0	0	
G	1db0308	11.10	0	0	
G	1ce2190	11.25	0	0	
G	1eb5b1c	11.32	0	0	
G	1ecf6e4	11.32	0	0	
G	17cc628	11.37	0	0	
G	17cc6c0	11.37	0	0	
G	17ce79c	11.37	0	0	
G	17ce800	11.37	0	0	
G	1ce1fdc	11.37	0	1	
G	1cdb2c4	11.40	0	0	
G	1d7fcf8	11.40	0	12	
G	1e157b8	11.40	2	2	
G	1308d5c	11.41	0	0	
G	13194c8	11.41	1	1	
G	1370428	11.41	5	5	
G	13b84a4	11.41	0	0	
G	1500cb0	11.41	18	19	
G	1633f08	11.41	0	0	
G	1633f0c	11.41	0	0	
G	1668754	11.41	0	0	
G	1668758	11.41	1	1	
G	16fe22c	11.41	3	4	
G	1ab1cc0	11.41	3	24	
G	1ab26d8	11.41	1	29	
G	1ab2ac4	11.41	2	24	
G	1ab37d8	11.41	0	6	
G	1ab3ae0	11.41	2	2	
G	1ab3fb4	11.41	0	0	
G	1ab5d1c	11.41	1	6	
G	1ab790c	11.41	1	2	
G	1ab7b20	11.41	1	1	
G	1ab7f74	11.41	0	1	
G	1ab89b8	11.41	1	1	
G	1ab8a10	11.41	2	2	
G	1ab8b4c	11.41	0	0	
G	1d7ff24	11.41	3	37	
G	1dac954	11.41	0	0	
G	1daca44	11.41	0	0	
G	1e0fbe0	11.41	0	0	
G	1e2d9c0	11.41	0	0	
G	1e4858c	11.41	0	0	
G	19614bc	11.42	1	1	
G	19615f4	11.42	1	20	
G	19636a4	11.42	1	1	
G	19647ac	11.42	0	0	
G	1964950	11.42	0	1	
G	1d81ff0	11.42	1	1	
G	1d8200c	11.42	0	0	
G	1e2da78	11.42	0	0	
G	170874c	11.43	0	1	
G	1961f3c	11.43	1	1	
G	1d82180	11.43	0	0	
G	1d8219c	11.43	0	0	
G	1d82568	11.43	0	0	
G	1d82584	11.43	0	0	
G	1d826d8	11.43	0	0	
G	1d826f4	11.43	0	0	
G	1df8cbc	11.43	0	1	
G	1df8e28	11.43	0	0	
G	1df8eb4	11.43	0	0	
G	1d82934	11.44	0	0	
G	1d82950	11.44	0	0	
G	1e1592c	11.44	2	26	
G	1e16b48	11.44	0	0	
G	1e16b64	11.44	0	0	
G	1e16cd8	11.44	0	0	
G	1e16cf4	11.44	0	0	
G	170297c	11.45	0	0	
G	1702988	11.45	0	0	
G	180f930	11.45	1	1	
G	1cdbe84	11.45	0	3	
G	1d82ac4	11.45	0	0	
G	1d82ae0	11.45	0	0	
G	1e168e0	11.45	2	5	
G	1e2da7c	11.45	0	3	
G	1e31830	11.45	1	3	
G	1ec9bc0	11.52	0	0	
G	1ec9dcc	11.52	0	0	
G	1964300	11.55	0	0	
G	1cdb4c8	11.55	0	2	
G	1cdb5d4	11.55	1	1	
G	1e16808	11.55	0	1	
G	1e16fe4	11.55	0	0	
G	1e17000	11.55	0	0	
G	1cdbd7c	11.56	1	1	
G	1d80c98	11.62	1	10	
G	1d82ca8	11.62	0	0	
G	1d82cc4	11.62	0	0	
G	1665468	11.63	0	0	
G	166546c	11.63	0	0	
G	1807db8	11.63	0	4	
G	1807fe4	11.63	0	85	
G	1808078	11.63	0	0	
G	1808ecc	11.63	0	0	
G	1ab19f4	11.63	1	9	
G	1ab5620	11.63	0	2	
G	1bc4f7c	11.63	0	0	
G	1d82e14	11.63	0	0	
G	1d82e30	11.63	0	0	
G	1d82eac	11.63	0	0	
G	1d82ec8	11.63	0	0	
G	1d82f64	11.63	0	0	
G	1d82f80	11.63	0	0	
G	1d82ffc	11.63	0	0	
G	1d83018	11.63	0	0	
G	1dc18e0	11.63	0	94	
G	1dcead4	11.63	0	0	
G	1dcf0f0	11.63	0	0	
G	1deb2bc	11.63	0	0	
G	1e0a784	11.63	0	0	
G	1e0a78c	11.63	0	0	
G	1e0c460	11.63	0	3	
G	1e0c4d8	11.63	0	0	
G	1e0fd24	11.63	0	0	
G	1e5a104	11.63	0	0	
G	1e72f50	11.63	0	0	
G	16fe10c	11.64	1	2	
G	16fe568	11.64	1	1	
G	18026c4	11.64	0	0	
G	1805944	11.64	4	4	
G	1806d38	11.64	1	5	
G	1e026a8	11.64	0	0	
G	1e028bc	11.64	0	0	
G	1e77a80	11.64	0	0	
G	1e8c218	11.64	0	0	
G	1f6b120	11.64	0	1	
G	1f6d8d0	11.64	1	9	
G	1f6d9d8	11.64	0	1	
G	1f6dd80	11.64	3	3	
G	1f6f8e0	11.64	2	2	
G	1f7079c	11.64	0	0	
G	122e52c	11.65	5	5	
G	1805f18	11.65	13	65	
G	18069f0	11.65	0	0	
G	1806a10	11.65	1	5	
G	1809230	11.65	9	17	
G	180993c	11.65	5	6	
G	1809c68	11.65	2	2	
G	1809e10	11.65	0	0	
G	1809ee0	11.65	0	0	
G	180a19c	11.65	2	2	
G	1ab2fe0	11.65	0	7	
G	1ab3648	11.65	0	0	
G	1ab7c90	11.65	0	0	
G	1ab7db4	11.65	0	0	
G	1d8353c	11.65	0	0	
G	1d83558	11.65	0	0	
G	1e78c04	11.65	0	0	
G	1e8caa0	11.65	4	4	
G	1f6bba8	11.65	2	5	
G	1f6d900	11.65	2	7	
G	14af73c	11.66	0	0	
G	1f199c0	11.66	0	0	
G	1f6c330	11.66	4	117	
G	1f6d30c	11.66	0	0	
G	1f6d414	11.66	0	0	
G	1f6fb0c	11.66	1	1	
G	1f6fcf8	11.66	3	25	
G	1f700ec	11.66	1	3	
G	1f70288	11.66	2	2	
G	1f7219c	11.66	0	0	
G	1f721bc	11.66	0	0	
G	1f721d8	11.66	1	1	
G	1f72638	11.66	0	0	
G	222d720	11.66	1	1	
G	2233bbc	11.66	0	0	
G	2233ca4	11.66	0	1	
G	2233d4c	11.66	1	1	
G	2233f10	11.66	0	0	
G	2233fa4	11.66	1	1	
G	22340f8	11.66	1	1	
G	22342dc	11.66	0	0	
G	2234304	11.66	0	1	
G	223af28	11.66	0	0	
G	223c04c	11.66	1	1	
G	223ce34	11.66	1	2	
G	223cfac	11.66	0	88	
G	223d0fc	11.66	0	0	
G	223d260	11.66	3	88	
G	223d67c	11.66	2	82	
G	223ddac	11.66	1	1	
G	223de54	11.66	0	0	
G	223efc0	11.66	0	5	
G	223fd4c	11.66	0	0	
G	1f68e54	11.68	0	0	
G	222dcf8	11.68	0	0	
G	223b100	11.68	0	0	
G	223bd90	11.68	0	0	
G	223ee6c	11.68	0	0	
G	223feec	11.68	0	0	
G	22401b4	11.68	0	0	
G	224020c	11.68	0	0	
G	1f6b540	11.70	2	4	
G	1f6bc8c	11.70	0	0	
G	1f6c318	11.70	0	0	
G	1f6d424	11.70	11	11	
G	1f6defc	11.70	15	15	
G	1f6e10c	11.70	8	8	
G	1f701c8	11.70	0	0	
G	1f73e8c	11.70	4	4	
G	1f74000	11.70	0	0	
G	1f742b8	11.70	0	0	
G	222dd68	11.70	4	4	
G	222dde4	11.70	8	15	
G	222e2a4	11.70	13	44	
G	223c244	11.70	0	0	
G	223c6f8	11.70	0	0	
G	223c864	11.70	14	14	
G	223c9d8	11.70	0	0	
G	223d560	11.70	1	1	
G	223d9d8	11.70	18	47	
G	223ff28	11.70	3	15	
G	1e5b990	11.79	1	5	
G	1f199b8	11.79	0	0	
G	1f743a4	11.79	0	2	
G	1f74550	11.79	1	3	
G	1f753f4	11.79	3	4	
G	1f755d0	11.79	2	4	
G	221b4b8	11.79	0	0	
G	221b53c	11.79	0	0	
G	221bb90	11.79	0	0	
G	221e974	11.79	1	1	
G	221f138	11.79	0	1	
G	221fb1c	11.79	0	0	
G	222d598	11.79	0	0	
G	223439c	11.79	0	5	
G	1f6d638	11.81	0	132136	
G	1f74f44	11.81	0	0	
G	1f75dfc	11.81	4	4	
G	1f75f50	11.81	2	42	
G	1f760a0	11.81	9	9	
G	222d988	11.81	1	36	
G	222dc38	11.81	0	0	
G	1f7494c	11.82	1	10	
G	1f74c68	11.82	1	3	
G	221bddc	11.82	1	1	
G	1d83560	12.67	0	0	
G	1ec1780	12.67	0	0	
G	1f74d58	13.06	1	3	
G	222dfc8	13.06	6	15	
G	223fe9c	13.06	0	0	
G	1f73f58	13.24	6	6	
G	1e9c170	13.78	0	1	
G	1e9c804	13.78	0	1	
G	1e9cba0	13.78	1	1	
G	1e9e64c	13.78	0	8	
G	1e9eb20	13.78	1	1	
G	1e9f71c	13.78	0	0	
G	1eac120	13.78	0	6	
G	1ead21c	13.78	2	2	
G	1eae9b4	13.78	0	0	
G	1eae9bc	13.78	0	6	
G	1ec4950	13.78	0	0	
G	1ec7f88	13.78	0	0	
G	1149470	13.86	0	0	
G	1364eec	13.86	0	0	
G	1805d30	13.86	1	15	
G	18069f8	13.86	0	0	
G	18077c8	13.86	0	0	
G	1ab4084	13.86	1	1	
G	1ab4188	13.86	1	1	
G	1d82ccc	13.86	0	2	
G	1d8322c	13.86	0	0	
G	1d83248	13.86	0	0	
G	1e0c90c	13.86	0	0	
G	1e0fcb8	13.86	0	0	
G	1e8c924	13.86	0	1	
G	1e98a28	13.86	0	6	
G	1ec4960	13.86	0	0	
G	1ec4968	13.86	0	0	
G	1ec49e0	13.86	0	0	
G	1ab8cb0	13.87	0	0	
G	1f6a890	13.87	0	2	
G	1f7066c	13.87	1	1	
G	223622c	13.87	1	1	
G	2237748	13.87	0	0	
G	2237968	13.87	23	23	
G	223d8d0	13.87	0	0	
G	223d93c	13.87	1	1	
G	223fda0	13.87	1	1	
G	223fde4	13.87	2	5	
G	1f69634	14.18	0	0	
G	1f6d804	14.18	1	1	
G	1f6d8b8	14.18	0	1	
G	1f6ff00	14.18	1	3	
G	1f7cc04	14.18	1	1	
G	222d7f4	14.18	0	0	
G	22401e4	14.18	0	0	
G	2240298	14.18	0	0	
G	224032c	14.18	1	6	
G	1f62374	14.20	0	0	
G	1f6ab6c	14.20	1	5	
G	1f6abbc	14.20	3	3	
G	1f6ad6c	14.20	2	7	
G	1f6b340	14.20	0	0	
G	1f6dab0	14.20	1	13	
G	1f6de5c	14.20	0	0	
G	1f70488	14.20	0	0	
G	2233ba8	14.20	0	0	
G	223408c	14.20	1	2	
G	223b044	14.20	0	0	
G	223b090	14.20	0	0	
G	223b0c4	14.20	0	0	
G	223c1b4	14.20	0	0	
G	223cebc	14.20	1	4	
G	223d0e4	14.20	0	4	
G	223d188	14.20	0	1	
G	223edf4	14.20	0	0	
G	223ef28	14.20	0	1	
G	1f70720	14.70	0	0	
G	22361f0	14.70	0	1	
G	223fdbc	14.70	1	1	
G	1f6b2a8	14.83	0	0	
G	1f6d394	14.83	0	4	
G	1f6d71c	14.83	0	0	
G	1f7084c	14.83	0	0	
G	1f74370	14.83	0	3	
G	1f745f8	14.83	3	3	
G	1f75390	14.83	0	0	
G	1f7c568	14.83	0	0	
G	1f7c59c	14.83	0	0	
G	1f7c5b0	14.83	0	0	
G	221b618	14.83	0	0	
G	223454c	14.83	0	4	
G	1d83250	14.85	0	0	
G	18816d0	14.87	0	0	
G	1ab47f8	14.87	1	1	
G	1ab4c60	14.87	1	2	
G	1e0fc4c	14.87	0	0	
G	1e16aa0	14.87	0	0	
G	18819a8	14.88	2	8	
G	1e8888c	14.92	0	0	
G	1e889b0	14.92	0	0	
G	1eaa690	14.94	0	2	
G	1ec0904	14.94	0	0	
G	1ed0a2c	14.94	0	0	
G	1ed0b3c	14.94	0	0	
G	1ef3490	14.94	0	1	
G	1881718	14.95	0	0	
G	1e16abc	15.00	0	0	
G	17c7a44	15.04	0	0	
G	17ce7d8	15.04	0	0	
G	17ce804	15.04	1	1	
G	18810fc	15.04	1	1	
G	1881134	15.04	0	0	
G	196118c	15.04	0	0	
G	19611d8	15.04	0	0	
G	1963578	15.04	0	0	
G	1963610	15.04	1	1	
G	1963c98	15.04	1	2	
G	1cdb420	15.04	0	0	
G	1d7fe10	15.04	2	3	
G	1d7fed4	15.04	0	3	
G	1e15854	15.04	0	1	
G	1e2d9e4	15.04	0	0	
G	14954a8	15.05	0	0	
G	14954c4	15.05	0	0	
G	17c7a4c	15.05	0	0	
G	1e50094	15.27	0	7	
G	1e500a4	15.27	0	7	
G	1e50394	15.28	1	13	
G	13723c8	15.29	0	0	
G	14fe7c4	15.29	0	0	
G	14fe970	15.29	0	0	
G	14ff09c	15.29	0	0	
G	17402e4	15.29	0	0	
G	17bf780	15.29	0	0	
G	17bf828	15.29	1	1	
G	17c7a1c	15.29	0	0	
G	17c7a48	15.29	0	0	
G	17cefb4	15.29	0	0	
G	17d17e4	15.29	0	0	
G	17e6e70	15.29	0	0	
G	1d96af0	15.29	0	0	
G	1ddf5d0	15.29	0	0	
G	1de0d20	15.29	0	0	
G	1de489c	15.29	0	0	
G	21fce10	15.29	0	0	
G	1cdc38c	15.31	0	3	
G	1cdc580	15.31	1	10	
G	1cdfea8	15.32	0	0	
G	1cdfec4	15.32	0	0	
G	1ce0034	15.32	0	0	
G	1ce0050	15.32	0	0	
G	1ce01b4	15.32	0	0	
G	1ce01d0	15.32	0	0	
G	1ce032c	15.32	0	0	
G	1ce0348	15.32	0	0	
G	1ce04a4	15.32	0	0	
G	1ce04c0	15.32	0	0	
G	1ce061c	15.32	0	0	
G	1ce0638	15.32	0	0	
G	1ce0794	15.32	0	0	
G	1ce07b0	15.32	0	0	
G	1cdcf80	15.33	1	9	
G	1ce0edc	15.33	0	0	
G	1ce10d0	15.33	0	0	
G	1ce124c	15.33	1	21	
G	1ce1a90	15.33	0	0	
G	1ce1aac	15.33	0	0	
G	1cdcf7c	15.49	0	0	
G	1ce1240	15.50	0	0	
G	1ce14d4	15.50	0	0	
G	17c2604	15.53	0	0	
G	17c2620	15.53	0	0	
G	17da73c	15.53	0	0	
G	17dcc60	15.53	1	1	
G	17da80c	15.55	0	0	
G	17da814	15.55	0	0	
G	17dd9bc	15.55	0	0	
G	17e49e4	15.60	2	3	
G	17e619c	15.61	0	1	
G	17ee794	15.61	0	1	
G	17ef0c8	15.61	0	1	
G	17f1240	15.61	0	0	
G	17f1478	15.61	0	0	
G	17f14b8	15.61	1	1	
G	16f1848	15.65	8	66	
G	16fdd08	15.65	0	14	
G	16fdd8c	15.65	4	14	
G	16fde20	15.65	0	14	
G	17c1e18	15.65	0	69	
G	17c2628	15.65	0	0	
G	17ef338	15.65	0	0	
G	15b8fc8	15.66	0	0	
G	15b9858	15.66	0	0	
G	15b99c8	15.66	0	0	
G	15ba03c	15.66	0	0	
G	15ba9e8	15.66	0	0	
G	15baa78	15.66	0	0	
G	15bba14	15.66	0	0	
G	15bbb08	15.66	0	0	
G	15bd560	15.66	0	0	
G	15bdf0c	15.66	0	0	
G	15bdfa4	15.66	0	0	
G	15bf0a8	15.66	1	1	
G	15bf124	15.66	0	0	
G	15bf208	15.66	0	0	
G	15bfa30	15.66	0	0	
G	15c03d4	15.66	0	0	
G	15c046c	15.66	0	0	
G	15c1408	15.66	0	0	
G	15c14e8	15.66	0	0	
G	15c15fc	15.66	0	0	
G	15c3084	15.66	0	0	
G	15c3178	15.66	0	0	
G	15c4e20	15.66	0	0	
G	15c4f00	15.66	0	0	
G	15c5014	15.66	0	0	
G	15c5dfc	15.66	0	0	
G	15c5edc	15.66	0	0	
G	15c5ff0	15.66	0	0	
G	15c6dd8	15.66	0	1	
G	15c6eb8	15.66	1	1	
G	15c6fcc	15.66	0	0	
G	15c7db4	15.66	0	0	
G	15c7e94	15.66	0	0	
G	15c7fa8	15.66	0	0	
G	15c8d90	15.66	0	0	
G	15c8e70	15.66	0	0	
G	15c8f84	15.66	0	0	
G	15c95f8	15.66	0	0	
G	15c9e6c	15.66	0	0	
G	15c9f60	15.66	0	0	
G	15ca5d4	15.66	0	0	
G	15cae48	15.66	0	0	
G	15caf3c	15.66	0	0	
G	15cb8f4	15.66	0	0	
G	15cc168	15.66	0	0	
G	15cc25c	15.66	0	0	
G	15ccc14	15.66	0	0	
G	15cd488	15.66	0	0	
G	15cd57c	15.66	0	0	
G	15ce878	15.66	0	0	
G	15cf0ec	15.66	1	1	
G	15cf1e0	15.66	0	0	
G	15cf854	15.66	0	0	
G	15d01f0	15.66	0	0	
G	15d02e4	15.66	0	0	
G	15d1774	15.66	0	0	
G	15d1854	15.66	0	0	
G	15d1968	15.66	0	0	
G	15d2ca4	15.66	0	0	
G	15d2d84	15.66	0	0	
G	15d2e98	15.66	0	0	
G	15d3fc4	15.66	0	0	
G	15d4838	15.66	0	0	
G	1661168	15.66	0	0	
G	16b3798	15.66	0	0	
G	16ed564	15.66	0	0	
G	16ed6b8	15.66	0	0	
G	1700948	15.66	0	1	
G	1702c68	15.66	0	1	
G	1702fdc	15.66	0	0	
G	12860c0	15.67	0	0	
G	1286114	15.67	0	0	
G	15d492c	15.67	0	0	
G	15d6110	15.67	0	0	
G	15d61f0	15.67	0	0	
G	15d6304	15.67	0	0	
G	15d7298	15.67	1	1	
G	15d7b0c	15.67	0	1	
G	15d7c00	15.67	0	0	
G	15d8cc8	15.67	0	0	
G	15d9658	15.67	0	0	
G	15d974c	15.67	0	0	
G	15da650	15.67	0	0	
G	15da730	15.67	0	0	
G	15da844	15.67	0	0	
G	15dbbcc	15.67	0	0	
G	15dbcc0	15.67	0	0	
G	15dc334	15.67	0	0	
G	15dcba8	15.67	0	0	
G	15dcc9c	15.67	0	0	
G	15de544	15.67	0	0	
G	15de624	15.67	0	0	
G	15de738	15.67	0	0	
G	15dfb00	15.67	0	0	
G	15e0374	15.67	0	0	
G	15e0468	15.67	0	0	
G	15e0adc	15.67	1	1	
G	15e1350	15.67	0	1	
G	15e1444	15.67	0	0	
G	15e2bb8	15.67	0	0	
G	15e342c	15.67	0	0	
G	15e3520	15.67	0	0	
G	15e4b60	15.67	0	0	
G	15e53d4	15.67	0	0	
G	15e54c8	15.67	0	0	
G	15ea018	15.67	0	0	
G	15ea0f8	15.67	0	0	
G	15ea20c	15.67	0	0	
G	15ec45c	15.67	0	0	
G	15eccd0	15.67	0	0	
G	15ecdc4	15.67	0	0	
G	15ee958	15.67	0	0	
G	15eea38	15.67	0	0	
G	15eeb4c	15.67	0	0	
G	15f06dc	15.67	1	1	
G	15f0f50	15.67	0	1	
G	15f1044	15.67	0	0	
G	15f3270	15.67	0	0	
G	15f3350	15.67	0	0	
G	15f3464	15.67	0	0	
G	15f4c14	15.67	0	0	
G	15f4cf4	15.67	0	0	
G	15f4e08	15.67	0	0	
G	15f6164	15.67	0	0	
G	15f6244	15.67	0	0	
G	15f6358	15.67	0	0	
G	15f69cc	15.67	0	0	
G	15f739c	15.67	0	0	
G	15f7490	15.67	0	0	
G	15f8a04	15.67	0	1	
G	15f8a80	15.67	1	1	
G	15f8b5c	15.67	0	0	
G	15f9384	15.67	0	0	
G	15f9bf8	15.67	0	0	
G	15f9cec	15.67	0	0	
G	15fbde4	15.67	0	0	
G	15fbec4	15.67	0	0	
G	15fbfd8	15.67	0	0	
G	15fc64c	15.67	0	0	
G	15fd20c	15.67	0	0	
G	15fd29c	15.67	0	0	
G	15fe498	15.67	0	0	
G	15fe578	15.67	0	0	
G	15fe68c	15.67	0	0	
G	15fed00	15.67	0	0	
G	15ff574	15.67	0	0	
G	15ff668	15.67	0	0	
G	1600450	15.67	0	1	
G	1600530	15.67	1	1	
G	1600644	15.67	0	0	
G	160155c	15.67	0	0	
G	1601f28	15.67	0	0	
G	1602688	15.67	0	0	
G	1602efc	15.67	0	0	
G	1602ff0	15.67	0	0	
G	1603dbc	15.67	0	0	
G	1603e9c	15.67	0	0	
G	1603fb0	15.67	0	0	
G	1604e50	15.67	0	0	
G	16057cc	15.67	0	0	
G	16058c0	15.67	0	0	
G	16065e4	15.67	0	0	
G	1606e58	15.67	0	0	
G	1606f4c	15.67	0	0	
G	160869c	15.67	0	1	
G	160877c	15.67	1	1	
G	1608890	15.67	0	0	
G	1608f04	15.67	0	0	
G	1609778	15.67	0	0	
G	160986c	15.67	0	0	
G	1609ee0	15.67	0	0	
G	160a7e4	15.67	0	0	
G	160a8d8	15.67	0	0	
G	160bc10	15.67	0	0	
G	160bcf0	15.67	0	0	
G	160be04	15.67	0	0	
G	160c478	15.67	0	0	
G	160ccec	15.67	0	0	
G	160cde0	15.67	0	0	
G	160dec8	15.67	0	0	
G	160e73c	15.67	0	0	
G	160e830	15.67	0	0	
G	160f8f0	15.67	1	1	
G	1610164	15.67	0	1	
G	1610258	15.67	0	0	
G	1612ccc	15.67	0	0	
G	1612dac	15.67	0	0	
G	1612ec0	15.67	0	0	
G	16136b4	15.67	0	0	
G	1613f28	15.67	0	0	
G	161401c	15.67	0	0	
G	16146f8	15.67	0	0	
G	1614f6c	15.67	0	0	
G	1615060	15.67	0	0	
G	16166fc	15.67	0	1	
G	16167dc	15.67	1	1	
G	16168f0	15.67	0	0	
G	1617cf4	15.67	0	0	
G	1618670	15.67	0	0	
G	1618764	15.67	0	0	
G	161948c	15.67	0	0	
G	1619d00	15.67	0	0	
G	1619df4	15.67	0	0	
G	161b78c	15.67	0	0	
G	161b86c	15.67	0	0	
G	161b980	15.67	0	0	
G	161cc94	15.67	0	0	
G	161cd74	15.67	0	0	
G	161ce88	15.67	0	0	
G	161e6a4	15.67	0	0	
G	161e784	15.67	0	0	
G	161e898	15.67	0	0	
G	161fba0	15.67	0	0	
G	1620414	15.67	0	0	
G	1620508	15.67	0	0	
G	1620bf0	15.67	0	0	
G	1620c1c	15.67	0	0	
G	1621304	15.67	1	1	
G	1621330	15.67	0	0	
G	16219a4	15.67	0	0	
G	1622218	15.67	0	0	
G	162230c	15.67	0	0	
G	1623dfc	15.67	0	0	
G	1623edc	15.67	0	0	
G	1623ff0	15.67	0	0	
G	1625864	15.67	0	0	
G	1625944	15.67	0	0	
G	1625a58	15.67	0	0	
G	162673c	15.67	0	0	
G	1626fb0	15.67	0	0	
G	16270a4	15.67	0	0	
G	1628628	15.67	0	0	
G	1628e9c	15.67	0	0	
G	166197c	15.67	0	0	
G	1628f90	15.68	0	0	
G	162a6ac	15.68	0	0	
G	162a78c	15.68	0	0	
G	162a8a0	15.68	0	0	
G	162b848	15.68	0	0	
G	162c0a0	15.68	0	0	
G	162c194	15.68	0	0	
G	162cfd4	15.68	0	0	
G	162d82c	15.68	0	0	
G	162d920	15.68	0	0	
G	162f7fc	15.68	0	0	
G	162f828	15.68	0	0	
G	162ff10	15.68	0	0	
G	162ff3c	15.68	0	0	
G	1630e2c	15.68	0	0	
G	1630f0c	15.68	0	0	
G	1631020	15.68	0	0	
G	16324ac	15.68	0	0	
G	163258c	15.68	0	0	
G	16326a0	15.68	0	0	
G	1633d10	15.68	0	0	
G	1633df0	15.68	0	0	
G	1633f04	15.68	0	0	
G	1635810	15.68	0	0	
G	16358f0	15.68	0	0	
G	1635a04	15.68	0	0	
G	1636870	15.68	0	0	
G	16370e4	15.68	0	0	
G	16371d8	15.68	0	0	
G	16384e4	15.68	1	1	
G	1638d58	15.68	0	1	
G	1638e4c	15.68	0	0	
G	1639f98	15.68	0	0	
G	163a7f0	15.68	0	0	
G	163a8e4	15.68	0	0	
G	163becc	15.68	0	0	
G	163bfac	15.68	0	0	
G	163c0c0	15.68	0	0	
G	163d1b8	15.68	0	0	
G	163da2c	15.68	0	0	
G	163db20	15.68	0	0	
G	163e1fc	15.68	0	0	
G	163ea70	15.68	0	0	
G	163eb64	15.68	0	0	
G	1640a10	15.68	0	0	
G	1640af0	15.68	0	0	
G	16413c0	15.68	0	1	
G	16414a0	15.68	1	1	
G	16415b4	15.68	0	0	
G	1641c28	15.68	0	0	
G	164249c	15.68	0	0	
G	1642590	15.68	0	0	
G	1644a28	15.68	0	0	
G	1644b08	15.68	0	0	
G	1644c1c	15.68	0	0	
G	16463dc	15.68	0	0	
G	16464bc	15.68	0	0	
G	16465d0	15.68	0	0	
G	16476fc	15.68	0	0	
G	16477dc	15.68	0	0	
G	16478f0	15.68	0	0	
G	16482a8	15.68	0	0	
G	1648c54	15.68	0	0	
G	1648cec	15.68	0	0	
G	1649514	15.68	1	1	
G	1649d88	15.68	0	1	
G	1649e7c	15.68	0	0	
G	164af70	15.68	0	0	
G	164b7e4	15.68	0	0	
G	164b8d8	15.68	0	0	
G	164bfb4	15.68	0	0	
G	164c828	15.68	0	0	
G	164c91c	15.68	0	0	
G	164d704	15.68	0	0	
G	164d7e4	15.68	0	0	
G	164d8f8	15.68	0	0	
G	164e870	15.68	0	0	
G	164f1f8	15.68	0	0	
G	164f2ec	15.68	0	0	
G	165008c	15.68	0	0	
G	16508e4	15.68	0	0	
G	16509d8	15.68	0	0	
G	1651844	15.68	0	0	
G	16520b8	15.68	0	0	
G	16521ac	15.68	0	0	
G	16530c4	15.68	0	0	
G	1653938	15.68	0	0	
G	1653a2c	15.68	0	0	
G	16552b0	15.68	0	0	
G	1655390	15.68	0	0	
G	16554a4	15.68	0	0	
G	1655b18	15.68	0	0	
G	16564dc	15.68	0	0	
G	16565d0	15.68	0	0	
G	165843c	15.68	0	0	
G	1658c94	15.68	0	0	
G	1658d88	15.68	0	0	
G	165a578	15.68	0	0	
G	165a658	15.68	0	0	
G	165a76c	15.68	0	0	
G	165b830	15.68	0	0	
G	165c1ac	15.68	0	0	
G	165ce2c	15.68	0	0	
G	165cf0c	15.68	0	0	
G	165d020	15.68	0	0	
G	165e760	15.68	0	0	
G	165e840	15.68	0	0	
G	165e954	15.68	0	0	
G	16602f0	15.68	0	1	
G	16603d0	15.68	1	1	
G	16604e4	15.68	0	0	
G	16612dc	15.68	0	0	
G	1661308	15.68	0	0	
G	1661af0	15.68	0	0	
G	1661b1c	15.68	0	0	
G	16628e8	15.68	0	0	
G	16629c8	15.68	0	0	
G	1662adc	15.68	0	0	
G	1663ad4	15.68	0	0	
G	1664348	15.68	0	0	
G	166443c	15.68	0	0	
G	1664b18	15.68	0	0	
G	1665370	15.68	0	0	
G	1665464	15.68	0	0	
G	1666a5c	15.68	0	0	
G	1666b3c	15.68	0	0	
G	1666c50	15.68	0	0	
G	1667de8	15.68	0	0	
G	166865c	15.68	0	0	
G	1668750	15.68	0	0	
G	1669f8c	15.68	0	0	
G	166a06c	15.68	0	0	
G	166a180	15.68	0	0	
G	166b7e4	15.68	0	0	
G	166c058	15.68	0	0	
G	166c14c	15.68	0	0	
G	166dd14	15.68	0	0	
G	166ddf4	15.68	0	0	
G	166df08	15.68	0	0	
G	166ef08	15.68	0	0	
G	166f77c	15.68	0	0	
G	166f870	15.68	0	0	
G	16714bc	15.68	0	0	
G	167159c	15.68	0	0	
G	16716b0	15.68	0	0	
G	1672658	15.68	0	0	
G	1672738	15.68	0	0	
G	167284c	15.68	0	0	
G	1673578	15.68	0	0	
G	1673dec	15.68	0	0	
G	1673ee0	15.68	0	0	
G	1674f54	15.68	0	0	
G	16757c8	15.68	0	0	
G	16758bc	15.68	0	0	
G	1676278	15.68	0	0	
G	1676ad0	15.68	0	0	
G	1676bc4	15.68	0	0	
G	16776fc	15.68	0	0	
G	16780c0	15.68	0	0	
G	16781b4	15.68	0	0	
G	167914c	15.68	0	0	
G	167922c	15.68	0	0	
G	1679340	15.68	0	0	
G	167ab78	15.68	0	0	
G	167ac58	15.68	0	0	
G	167ad6c	15.68	0	0	
G	167beb4	15.68	0	0	
G	167c728	15.68	0	0	
G	167c81c	15.68	0	0	
G	167d7dc	15.68	0	0	
G	167e164	15.68	0	0	
G	167e258	15.68	0	0	
G	167f49c	15.68	0	0	
G	167f57c	15.68	0	0	
G	167f690	15.68	0	0	
G	1680478	15.68	0	0	
G	1680558	15.68	0	0	
G	168066c	15.68	0	0	
G	1680d48	15.68	0	0	
G	16815bc	15.68	0	0	
G	16816b0	15.68	0	0	
G	16833f4	15.68	0	0	
G	16834d4	15.68	0	0	
G	16835e8	15.68	0	0	
G	1684588	15.68	0	0	
G	1684668	15.68	0	0	
G	168477c	15.68	0	0	
G	1684fa4	15.68	0	0	
G	1685818	15.68	0	0	
G	168590c	15.68	0	0	
G	168844c	15.68	0	0	
G	168852c	15.68	0	0	
G	1688640	15.68	0	0	
G	1688cb4	15.68	0	0	
G	1689528	15.68	0	0	
G	168961c	15.68	0	0	
G	1689fd4	15.68	0	0	
G	168a848	15.68	0	0	
G	168a93c	15.68	0	0	
G	168c5f0	15.68	0	0	
G	168c6d0	15.68	0	0	
G	168c7e4	15.68	0	0	
G	168d910	15.68	0	0	
G	168d9f0	15.68	0	0	
G	168db04	15.68	0	0	
G	168ecec	15.68	0	0	
G	168f544	15.68	0	0	
G	168f638	15.68	0	0	
G	1690c8c	15.68	0	0	
G	1690d6c	15.68	0	0	
G	1ab7564	15.68	0	0	
G	1ab7598	15.68	0	0	
G	11498dc	15.69	0	0	
G	15afdfc	15.69	0	0	
G	1690e80	15.69	0	0	
G	16926e0	15.69	0	0	
G	16927c0	15.69	0	0	
G	16928d4	15.69	0	0	
G	1692f4c	15.69	0	0	
G	16937c0	15.69	0	0	
G	16938b4	15.69	0	0	
G	1694704	15.69	0	1	
G	16947e4	15.69	1	1	
G	16948f8	15.69	0	0	
G	1696890	15.69	0	0	
G	1696970	15.69	0	0	
G	1696a84	15.69	0	0	
G	16987a0	15.69	0	0	
G	1698ff8	15.69	0	0	
G	16990ec	15.69	0	0	
G	169a840	15.69	0	0	
G	169a920	15.69	0	0	
G	169aa34	15.69	0	0	
G	169b8c0	15.69	0	0	
G	169c23c	15.69	0	0	
G	169c330	15.69	0	0	
G	169d79c	15.69	0	0	
G	169d87c	15.69	0	0	
G	169d990	15.69	0	0	
G	169e9d4	15.69	0	0	
G	169f350	15.69	0	0	
G	169f444	15.69	0	0	
G	16a08f4	15.69	1	1	
G	16a09d4	15.69	0	0	
G	16a0ae8	15.69	0	0	
G	16a246c	15.69	0	0	
G	16a254c	15.69	0	0	
G	16a2660	15.69	0	0	
G	16a357c	15.69	0	0	
G	16a3dd4	15.69	0	0	
G	16a3ec8	15.69	0	0	
G	16a55e8	15.69	0	0	
G	16a56c8	15.69	0	0	
G	16a57dc	15.69	0	0	
G	16a67bc	15.69	0	0	
G	16a70c0	15.69	0	0	
G	16a71b4	15.69	0	0	
G	16a7d5c	15.69	0	0	
G	16a85d0	15.69	0	0	
G	16a86c4	15.69	0	0	
G	16a97f0	15.69	0	0	
G	16a98d0	15.69	0	0	
G	16a99e4	15.69	0	0	
G	16aac18	15.69	0	1	
G	16aacf8	15.69	1	1	
G	16aae0c	15.69	0	0	
G	16abb18	15.69	0	0	
G	16ac38c	15.69	0	0	
G	16ac480	15.69	0	0	
G	16acfd0	15.69	0	0	
G	16ad844	15.69	0	0	
G	16ad938	15.69	0	0	
G	16af008	15.69	0	0	
G	16af0e8	15.69	0	0	
G	16af1fc	15.69	0	0	
G	16b0840	15.69	0	0	
G	16b0920	15.69	0	0	
G	16b0a34	15.69	0	0	
G	16b23b8	15.69	0	0	
G	16b2498	15.69	0	0	
G	16b25ac	15.69	0	0	
G	16b390c	15.69	0	0	
G	16b3938	15.69	0	0	
G	17baaa4	15.69	0	1	
G	17bab98	15.69	0	1	
G	1e73de0	15.69	0	0	
G	1e8011c	15.69	1	1	
G	1e801b4	15.69	0	0	
G	11494a8	15.72	0	0	
G	1149680	15.72	0	0	
G	1149840	15.72	0	0	
G	1149858	15.72	0	0	
G	20a485c	15.72	0	0	
G	20a4880	15.72	0	0	
G	216d700	15.72	0	0	
G	216d734	15.72	0	0	
G	114969c	15.73	1	33	
G	1f82fd4	15.80	1	1	
G	20a7248	15.80	0	0	
G	20a484c	16.17	0	0	
G	20a74a4	16.17	0	0	
G	216d6e8	16.17	0	0	
G	2177fd4	16.17	1	2	
G	2178218	16.17	1	1	
G	114986c	16.53	1	1	
G	1f93b4c	26.70	0	0	
G	1ce25e0	32.02	0	0	
G	17086ec	32.21	0	0	
G	1cdc528	32.21	0	1	
G	17dc1f8	32.22	4	4	
G	17dc210	32.22	1	1	
G	17dc38c	32.22	1	1	
G	1965c6c	32.22	10	17	
G	1cdf72c	32.29	0	0	
G	18049a4	32.32	4	4	
G	17bf7f0	32.37	0	0	
G	17bf8b0	32.37	0	0	
G	17cfefc	32.37	0	0	
G	17cff98	32.37	0	0	
G	1cdc414	32.37	0	1	
G	1cdc4d8	32.37	0	1	
G	21e3b74	32.37	0	0	
G	149837c	32.39	0	0	
G	1498398	32.39	0	0	
G	17cffa4	32.39	0	2	
G	1df891c	32.39	1	1	
G	1e0b9ac	32.39	0	0	
G	1e0b9c0	32.39	0	0	
G	1e0b9c8	32.39	0	0	
G	1e0ba4c	32.39	0	0	
G	1e0ba68	32.39	0	0	
G	17bc9e8	32.42	0	1	
G	1e0ba70	32.42	0	0	
G	17c3ac4	32.44	0	0	
G	17c3b9c	32.44	0	0	
G	17cff68	32.44	0	0	
G	17cff9c	32.44	0	0	
G	1cb49f8	32.44	0	0	
G	1df890c	32.44	0	0	
G	16928d8	32.46	0	0	
G	16928e0	32.46	0	4	
G	16929cc	32.46	0	4	
G	1692de0	32.46	0	0	
G	17461b0	32.46	0	0	
G	17461d8	32.46	0	0	
G	17ba9f0	32.46	0	0	
G	1854c10	32.46	0	0	
G	19edd60	32.46	0	0	
G	19f0408	32.46	0	0	
G	1ac77d8	32.46	1	17	
G	1ac8444	32.46	0	4	
G	1ac91dc	32.46	0	17	
G	1ae0f4c	32.46	0	17	
G	21e8630	32.46	0	0	
G	21ebc64	32.46	0	1	
G	16928dc	32.47	0	0	
G	19eddc0	32.47	0	0	
G	19f0560	32.47	0	0	
G	19f09b4	32.47	0	0	
G	1ac8644	32.47	0	1	
G	1ae10c0	32.47	0	0	
G	1dc5948	32.47	0	0	
G	1df8204	32.47	1	1	
G	1df82f4	32.47	1	2	
G	1e72fd0	32.47	1	1	
G	21e863c	32.47	0	0	
G	1412b54	32.50	0	0	
G	151aa6c	32.50	0	0	
G	1592428	32.50	0	0	
G	15925dc	32.50	0	0	
G	159262c	32.50	0	0	
G	159272c	32.50	0	0	
G	16270a8	32.50	0	0	
G	16270ac	32.50	0	0	
G	1704798	32.50	0	0	
G	19f1b34	32.50	0	0	
G	1d94b5c	32.50	0	0	
G	1dda204	32.50	0	12	
G	1dda374	32.50	0	0	
G	1319700	32.51	4	9	
G	131ae1c	32.51	0	0	
G	16716b4	32.51	0	0	
G	16716b8	32.51	0	0	
G	16af200	32.51	0	0	
G	16af204	32.51	0	0	
G	181f778	32.51	0	0	
G	18836a0	32.51	0	0	
G	1895508	32.51	0	0	
G	18958cc	32.51	0	0	
G	191fad4	32.51	0	0	
G	1a020d0	32.51	0	0	
G	1a02284	32.51	0	0	
G	1a02354	32.51	0	0	
G	1ad0260	32.51	0	1	
G	1ad0284	32.51	1	1	
G	181f974	32.52	1	1	
G	1884c2c	32.52	2	3	
G	18974a8	32.52	0	0	
G	1e86e18	32.59	0	0	
G	1e87b14	32.59	0	0	
G	1eb18c8	32.59	0	0	
G	1eb38dc	32.59	1	11	
G	1eb43e4	32.59	0	1	
G	1eb4718	32.59	1	1	
G	1ec9f1c	32.59	0	0	
G	1ef38b0	32.59	0	0	
G	1e975b0	32.60	1	1	
G	15c1600	32.69	0	0	
G	15c1604	32.69	1	1	
G	1854ea0	32.69	0	0	
G	1855118	32.69	0	2	
G	18553e8	32.69	1	3	
G	1856e34	32.69	0	0	
G	18571c0	32.69	0	1	
G	185b88c	32.69	0	0	
G	19f1fc8	32.69	0	0	
G	1cf0a68	32.69	0	0	
G	1deb328	32.69	0	0	
G	1deb338	32.69	0	0	
G	1ded46c	32.69	0	0	
G	1def21c	32.69	0	0	
G	1df0ce4	32.69	0	1	
G	1df0ff8	32.69	0	1	
G	1df11a8	32.69	1	1	
G	1df2abc	32.69	0	0	
G	1e0a9a0	32.69	0	0	
G	1e0aca8	32.69	0	0	
G	1eb9cdc	32.69	0	0	
G	1eb9ce4	32.69	3	5	
G	1ec2dec	32.69	1	1	
G	16058c4	32.70	0	0	
G	16058c8	32.70	0	0	
G	1624fd4	32.70	0	0	
G	1638e50	32.70	0	0	
G	1638e54	32.70	0	0	
G	16df77c	32.70	0	4	
G	16dfa7c	32.70	2	4	
G	17291c8	32.70	0	9	
G	175ea68	32.70	0	10	
G	175eae8	32.70	1	1	
G	1895974	32.70	0	0	
G	1dd7420	32.70	0	0	
G	1deb628	32.70	0	0	
G	1ded790	32.70	0	1	
G	1def33c	32.70	1	2	
G	1140f0c	32.71	0	1	
G	114127c	32.71	1	31	
G	1141388	32.71	1	39	
G	137030c	32.71	0	2	
G	1736258	32.71	0	0	
G	175ec28	32.71	1	1	
G	175ee70	32.71	0	0	
G	18582dc	32.71	0	0	
G	1883bb8	32.71	0	0	
G	1883c1c	32.71	2	3	
G	188c078	32.71	0	0	
G	188c094	32.71	0	0	
G	188c444	32.71	0	0	
G	188c5c8	32.71	0	0	
G	188c5e4	32.71	0	0	
G	188c940	32.71	0	0	
G	188c95c	32.71	0	0	
G	188ccc0	32.71	0	0	
G	188ccdc	32.71	0	0	
G	1894dd4	32.71	0	0	
G	1894df0	32.71	0	0	
G	1894eec	32.71	0	0	
G	1894f08	32.71	0	0	
G	1894f70	32.71	0	0	
G	1894f8c	32.71	0	0	
G	18950a4	32.71	0	0	
G	18950c0	32.71	0	0	
G	1a64f58	32.71	0	0	
G	1d93668	32.71	3	3	
G	1dc319c	32.71	0	0	
G	1dee904	32.71	0	0	
G	1df025c	32.71	0	0	
G	1df0558	32.71	0	0	
G	1e517a4	32.71	0	2	
G	1e77ac4	32.71	0	0	
G	1e87f14	32.71	0	0	
G	1e97f24	32.71	1	1	
G	1e97fa0	32.71	0	0	
G	1eb7898	32.71	0	5	
G	1eb86f0	32.71	1	39	
G	1eb8880	32.71	4	6	
G	1ebaae8	32.71	1	1	
G	1ebb46c	32.71	0	0	
G	1ebb5b4	32.71	1	1	
G	1ebb684	32.71	1	1	
G	11411f0	32.72	1	2	
G	1379488	32.72	1	2	
G	1379c64	32.72	0	0	
G	1379ee0	32.72	1	1	
G	137a278	32.72	2	10	
G	137abf8	32.72	0	10	
G	138c7fc	32.72	1	1	
G	138caf0	32.72	0	0	
G	138cd08	32.72	0	0	
G	139762c	32.72	0	0	
G	1672850	32.72	0	0	
G	1672854	32.72	0	0	
G	1763b00	32.72	1	1	
G	1ab5a10	32.72	0	0	
G	1e0fd78	32.72	0	0	
G	1ebabdc	32.72	0	0	
G	11a7c38	32.73	0	0	
G	11cfd24	32.73	0	0	
G	122d2c4	32.73	0	0	
G	122d858	32.73	0	0	
G	1230f3c	32.73	0	0	
G	137be64	32.73	0	0	
G	1390a7c	32.73	0	0	
G	1390a98	32.73	0	0	
G	176418c	32.73	0	0	
G	1bc4dd0	32.73	0	0	
G	1de3f50	32.73	2	7	
G	1e5a08c	32.73	1	1	
G	1e70730	32.73	0	0	
G	1e8c000	32.73	0	0	
G	1e8c028	32.73	0	0	
G	1e8c1e4	32.73	0	0	
G	1f11998	32.73	1	143	
G	1f23a0c	32.73	0	0	
G	1f60700	32.73	0	2	
G	1f60890	32.73	0	0	
G	1f6216c	32.73	73	75	
G	11cfbb8	32.74	1	1	
G	11cfe90	32.74	1	1	
G	1763ebc	32.74	0	0	
G	1ab85cc	32.74	1	1	
G	1e6c124	32.74	1	1	
G	1eb990c	32.74	0	0	
G	1ebbce8	32.74	0	0	
G	162050c	32.75	0	0	
G	1622310	32.75	0	0	
G	1622314	32.75	0	0	
G	1623ff4	32.75	0	0	
G	1623ff8	32.75	0	0	
G	1721048	32.75	0	0	
G	17222dc	32.75	0	0	
G	17225cc	32.75	0	0	
G	1743304	32.75	0	0	
G	1748298	32.75	2	4	
G	1766250	32.75	0	0	
G	185e90c	32.75	0	0	
G	185e928	32.75	0	0	
G	1ac92c4	32.75	4	11	
G	1df6c1c	32.75	0	0	
G	1eb48c8	32.75	0	0	
G	1eb5764	32.75	0	0	
G	1620510	32.76	0	0	
G	17480a8	32.76	0	0	
G	1748ccc	32.76	0	0	
G	1749338	32.76	0	0	
G	17a48fc	32.76	0	0	
G	19ede00	32.76	1	1	
G	19ee98c	32.76	1	1	
G	19eefa0	32.76	0	0	
G	19eefbc	32.76	0	0	
G	19ef0e8	32.76	0	0	
G	19ef104	32.76	0	0	
G	19ef2cc	32.76	0	0	
G	19ef2e8	32.76	0	0	
G	19ef44c	32.76	0	0	
G	19ef468	32.76	0	0	
G	19ef594	32.76	0	0	
G	19ef5b0	32.76	0	0	
G	19ef778	32.76	0	0	
G	19ef794	32.76	0	0	
G	19ef8c4	32.76	0	0	
G	19ef8e0	32.76	0	0	
G	19efab4	32.76	0	0	
G	19efad0	32.76	0	0	
G	19efbfc	32.76	0	0	
G	19efc18	32.76	0	0	
G	19efde0	32.76	0	0	
G	19efdfc	32.76	0	0	
G	19eff28	32.76	0	0	
G	19eff44	32.76	0	0	
G	19f010c	32.76	0	0	
G	19f0128	32.76	0	0	
G	19f0258	32.76	0	0	
G	19f0274	32.76	0	0	
G	1e87508	32.76	2	2	
G	1e875b8	32.76	1	4	
G	1e87308	32.78	2	6	
G	1f30968	32.79	0	0	
G	1e6c23c	32.80	1	3	
G	1ebb940	32.80	4	5	
G	1e6f234	32.82	2	4	
G	1e6f69c	32.82	0	0	
G	1e87834	32.82	0	0	
G	1e87924	32.82	0	0	
G	122d63c	32.87	2	2	
G	122e0c8	32.87	3	16	
G	122ea40	32.87	0	0	
G	114968c	32.90	0	0	
G	122dea0	32.92	0	2	
G	1294330	32.92	0	0	
G	1294a24	32.92	3	136	
G	1344840	32.92	0	0	
G	137b800	32.92	2	4	
G	137bb20	32.92	0	1	
G	13b1d94	32.92	0	1	
G	13b25ac	32.92	0	2	
G	13b649c	32.92	1	1	
G	15afe6c	32.92	0	5	
G	15b02ec	32.92	2	2	
G	15b0f38	32.92	0	14	
G	16b4180	32.92	1	1	
G	16b4250	32.92	2	2	
G	1e58ac8	32.92	0	0	
G	1e880dc	32.92	0	0	
G	1e90c8c	32.92	0	0	
G	11a8c74	32.93	0	0	
G	11a93fc	32.93	0	0	
G	11a9464	32.93	0	0	
G	11ab1f0	32.93	3	5	
G	1293cb8	32.93	0	0	
G	1294a80	32.93	5	10	
G	1f26360	32.93	0	0	
G	1f46ff0	32.93	0	0	
G	1f81a4c	32.93	6	13	
G	11a8ce8	32.95	1	3	
G	11a94a8	32.95	0	0	
G	11a94e4	32.95	0	0	
G	11a9520	32.95	0	0	
G	132c520	32.95	0	0	
G	1801f64	32.95	0	1	
G	1e526ec	32.95	0	0	
G	1e52c64	32.95	0	0	
G	1e569e8	32.95	0	0	
G	1e5d1a8	32.95	0	0	
G	1e5d240	32.95	1	1	
G	1e5fb10	32.95	1	1	
G	1e5fbdc	32.95	0	109	
G	1e600fc	32.95	3	106	
G	1e610cc	32.95	1	20	
G	1e6163c	32.95	2	2	
G	1e61678	32.95	8	10	
G	1e961b4	32.95	4	7	
G	1f0157c	32.95	0	1	
G	1f020cc	32.95	0	0	
G	1f02324	32.95	0	0	
G	20955e4	32.95	0	0	
G	2096420	32.95	0	0	
G	20d9b50	32.95	1	1	
G	2131afc	32.95	0	0	
G	2131d28	32.95	0	0	
G	2131d90	32.95	0	0	
G	21322d8	32.95	0	0	
G	21322e8	32.95	1	2	
G	2133004	32.95	0	0	
G	213551c	32.95	1	1	
G	21355b8	32.95	0	0	
G	21355c0	32.95	0	0	
G	2213878	32.95	2	3	
G	16488b4	32.97	1	1	
G	1649360	32.97	0	0	
G	20d4378	32.99	0	1	
G	17d85c4	33.00	0	0	
G	17d85dc	33.00	0	0	
G	1e6bdb8	33.00	0	0	
G	20b5b20	33.00	0	0	
G	20cfbd4	33.00	1	1	
G	20cff6c	33.00	0	0	
G	20e1220	33.00	0	0	
G	20e1904	33.00	0	0	
G	20e3f98	33.00	0	0	
G	20ea70c	33.00	0	0	
G	20ea740	33.00	2	2	
G	20ea8fc	33.00	0	2	
G	20eaaf8	33.00	0	0	
G	2127c60	33.00	1	1	
G	2132e94	33.00	1	1	
G	213be78	33.00	2	2	
G	213bec8	33.00	0	2	
G	213c02c	33.00	0	0	
G	213c050	33.00	1	1	
G	213c27c	33.00	4	7	
G	2146a94	33.00	0	0	
G	2146c00	33.00	0	0	
G	21656bc	33.00	0	0	
G	21aeef0	33.00	9	10	
G	21b12d4	33.00	0	0	
G	21b1344	33.00	4	4	
G	21b13c4	33.00	0	0	
G	21ca300	33.00	2	24	
G	234d480	33.00	4	4	
G	2358dac	33.00	0	0	
G	20d1058	33.02	0	1	
G	129940c	33.03	0	0	
G	1e5f5c8	33.03	0	0	
G	1e6bd40	33.03	0	0	
G	20db308	33.03	0	0	
G	20e18ec	33.03	0	0	
G	20e18fc	33.03	0	0	
G	20eaaf0	33.03	0	0	
G	2127e2c	33.03	2	3	
G	21280b0	33.03	2	2	
G	2128520	33.03	1	1	
G	2133398	33.03	1	1	
G	2146bf8	33.03	0	0	
G	2169d64	33.03	0	0	
G	21ab6dc	33.03	1	1	
G	12949d0	33.04	0	2	
G	1e559a8	33.04	0	0	
G	1e55afc	33.04	0	0	
G	1e55bc4	33.04	1	46	
G	1e55e68	33.04	0	0	
G	1e55f48	33.04	0	0	
G	1e55f58	33.04	0	0	
G	1e596cc	33.04	0	0	
G	1e59730	33.04	0	0	
G	1e59884	33.04	1	1	
G	1e59924	33.04	0	0	
G	1e5992c	33.04	0	0	
G	1e6bda0	33.04	0	0	
G	1e6be90	33.04	0	0	
G	1e7a4cc	33.04	0	2	
G	1f1aaa4	33.04	1	2	
G	1f26020	33.04	1	1	
G	1f2edfc	33.04	1	1	
G	1f2ee94	33.04	0	0	
G	209398c	33.04	0	0	
G	2093a28	33.04	0	0	
G	2093bb8	33.04	2	2	
G	20a13f4	33.04	0	0	
G	20a1c74	33.04	0	0	
G	20ba690	33.04	0	0	
G	20d5f4c	33.04	1	1	
G	20e08b4	33.04	0	0	
G	218c898	33.04	0	5	
G	219bfcc	33.04	10	13	
G	219c618	33.04	1	6	
G	219f4b4	33.04	0	0	
G	233dbfc	33.04	0	0	
G	233dd78	33.04	0	0	
G	233e21c	33.04	0	1	
G	2362ff8	33.04	0	5	
G	2599610	33.04	0	0	
G	11a2fb0	33.05	0	0	
G	12945a0	33.05	0	6	
G	1299408	33.05	0	0	
G	1e58b18	33.05	0	0	
G	1e58b28	33.05	4	6	
G	1e60be0	33.05	1	1	
G	1e7e874	33.05	0	0	
G	1e90d48	33.05	0	0	
G	1e90ebc	33.05	0	0	
G	1e90f08	33.05	0	2	
G	1e916a8	33.05	1	1	
G	1e91890	33.05	1	2	
G	1e96cb8	33.05	1	8	
G	20e7a40	33.05	0	0	
G	2126b74	33.05	51	56	
G	2127388	33.05	2	3	
G	21824c4	33.05	0	0	
G	218c480	33.05	0	0	
G	218c484	33.05	0	0	
G	219cda0	33.05	0	0	
G	219cda4	33.05	0	0	
G	2358c44	33.05	1	1	
G	1e96828	33.06	2	2	
G	20a0e64	33.06	3	3	
G	212d88c	33.06	1	2	
G	2187984	33.06	0	0	
G	233dcdc	33.06	0	0	
G	2184c58	33.07	13	275	
G	21855bc	33.07	1	63	
G	21856a0	33.07	19	70	
G	2185770	33.07	0	0	
G	2185778	33.07	4	4	
G	2358c70	33.07	7	111	
G	2358d90	33.07	0	0	
G	1230fdc	33.08	2	2	
G	1803dd4	33.08	5	5	
G	1e55eec	33.08	5	5	
G	1e55f30	33.08	2	2	
G	1e59758	33.08	4	4	
G	1e60b8c	33.08	5	5	
G	2173848	33.08	0	0	
G	2181c28	33.08	0	0	
G	2181cdc	33.08	0	0	
G	2184500	33.08	1	1	
G	21cc934	33.08	0	0	
G	137acb0	33.10	1	59	
G	13b2974	33.10	0	0	
G	13b3264	33.10	0	58	
G	13b32e4	33.10	0	0	
G	13b33dc	33.10	2	58	
G	13b54dc	33.10	1	1	
G	15b0a84	33.10	0	0	
G	11e0f20	33.11	34	43	
G	11f4474	33.11	0	0	
G	11f4780	33.11	1	1	
G	11f4a8c	33.12	1	1	
G	11f4d98	33.12	0	0	
G	11f50a4	33.12	0	0	
G	11f53b0	33.12	0	0	
G	11f56bc	33.12	0	0	
G	11f59c8	33.12	0	0	
G	11f5cd4	33.12	0	0	
G	11f5fe0	33.12	1	1	
G	11f62ec	33.12	1	1	
G	11f65f8	33.12	1	1	
G	11f6904	33.12	0	0	
G	11f6c10	33.12	0	0	
G	11f6f1c	33.12	1	1	
G	11f7228	33.12	1	1	
G	11f7534	33.12	0	0	
G	11f7840	33.12	0	0	
G	11f7b4c	33.12	0	0	
G	11f7e58	33.12	0	0	
G	11f8164	33.12	2	2	
G	11f8470	33.13	0	0	
G	11f877c	33.13	0	0	
G	11f8a88	33.13	0	0	
G	11f8d94	33.13	0	0	
G	12430d8	33.13	7	18	
G	138ea54	33.13	0	0	
G	138ea88	33.13	0	0	
G	13b2a0c	33.13	1	2	
G	13b2c3c	33.13	0	1	
G	13b60e8	33.13	1	1	
G	13b6224	33.13	0	1	
G	13b6bcc	33.13	1	1	
G	164b8dc	33.13	0	0	
G	164b8e0	33.13	0	0	
G	11d8c74	33.14	0	0	
G	11dc15c	33.14	0	0	
G	1203748	33.14	11	11	
G	121123c	33.14	0	0	
G	1211258	33.14	0	0	
G	1239790	33.14	0	0	
G	1297b0c	33.14	0	0	
G	132c41c	33.14	0	0	
G	217db68	33.14	1	2	
G	11f90a0	33.15	0	0	
G	11f9264	33.15	0	0	
G	1232164	33.15	0	0	
G	1235404	33.15	0	0	
G	12398e8	33.15	0	0	
G	1261190	33.15	3	3	
G	1268d4c	33.15	1	1	
G	126c820	33.15	0	0	
G	126cb64	33.15	10	10	
G	1294c18	33.15	0	0	
G	14bd38c	33.15	1	1	
G	11d8e84	33.17	0	0	
G	122ea30	33.17	0	0	
G	123488c	33.17	0	0	
G	1234bf8	33.17	0	0	
G	1234c08	33.17	0	0	
G	123a6e4	33.17	7	35	
G	1269460	33.17	0	0	
G	1269464	33.17	0	0	
G	1297b84	33.17	0	0	
G	1297b94	33.17	1	1	
G	1297bb4	33.17	0	0	
G	14bd3c4	33.17	1	1	
G	14bd610	33.17	6	6	
G	213515c	33.17	7	7	
G	2138920	33.17	1	1	
G	2138db4	33.17	1	4	
G	21ae0e8	33.17	0	0	
G	21ae10c	33.17	0	0	
G	234e0d4	33.17	0	9	
G	2598ea4	33.18	0	0	
G	2598eb8	33.18	0	0	
G	1e58f94	33.24	0	0	
G	1e603b4	33.24	2	56	
G	1e92d00	33.24	0	0	
G	206d2c4	33.24	0	0	
G	20966d8	33.24	0	0	
G	209850c	33.24	0	0	
G	206d024	33.25	1	1	
G	213c90c	33.25	0	0	
G	231cb0c	33.25	1	1	
G	231de58	33.25	2	3	
G	231e958	33.25	5	9	
G	231f3f0	33.25	0	0	
G	2330fc0	33.25	0	0	
G	1e52a00	33.26	0	0	
G	1e52b78	33.26	0	0	
G	1e55dfc	33.26	0	0	
G	1e55ea4	33.26	0	0	
G	1e591e0	33.26	1	1	
G	1e594d4	33.26	1	1	
G	1e5d370	33.26	2	2	
G	1e5d7f0	33.26	0	0	
G	1f9f1fc	33.26	0	0	
G	1fbfd18	33.26	1	1	
G	1fe07fc	33.26	0	0	
G	1fe097c	33.26	2	2	
G	1fe0abc	33.26	0	0	
G	1fe136c	33.26	0	1	
G	206b438	33.26	0	0	
G	206b458	33.26	1	1	
G	206b628	33.26	0	1	
G	206d2d8	33.26	0	0	
G	2094ed4	33.26	1	1	
G	2094efc	33.26	1	2	
G	2094f44	33.26	1	1	
G	20960f0	33.26	0	2	
G	231d8c4	33.26	0	0	
G	231de9c	33.26	0	0	
G	231e0e8	33.26	0	0	
G	231e0f4	33.26	1	1	
G	231e154	33.26	1	1	
G	2330ff4	33.26	0	0	
G	11f93b4	33.28	0	0	
G	11f9fc8	33.28	0	0	
G	1252fbc	33.28	2	7	
G	132c428	33.28	0	1	
G	1e5902c	33.28	0	0	
G	1e59070	33.28	1	4	
G	1e60cac	33.28	3	7	
G	1e60f5c	33.28	0	0	
G	1e61360	33.28	1	1	
G	1e61ba4	33.28	0	0	
G	1e910a8	33.28	0	0	
G	1e9142c	33.28	2	3	
G	11f9f38	33.30	0	0	
G	11f9f3c	33.30	1	1	
G	18090d4	33.30	0	6	
G	1f77de8	33.30	0	0	
G	206de98	33.30	0	0	
G	2132790	33.30	14	14	
G	2132aec	33.30	20	20	
G	213d9f0	33.30	0	0	
G	21b0e64	33.30	223	223	
G	21c87b4	33.30	44	45	
G	21cc2b4	33.30	8	52	
G	22291c8	33.30	38	38	
G	222a094	33.30	18	18	
G	231de94	33.30	0	0	
G	21581b4	33.31	0	0	
G	215ed08	33.31	4	4	
G	215ef4c	33.31	39	39	
G	218475c	33.31	0	1	
G	21859c8	33.31	0	0	
G	21862bc	33.31	0	0	
G	20ad574	33.32	3	3	
G	20ad920	33.32	4	10	
G	20b3de8	33.32	0	2	
G	213b6bc	33.32	0	0	
G	213da04	33.32	2	2	
G	2185254	33.32	0	0	
G	2185ac0	33.32	0	0	
G	2185b60	33.32	1	4	
G	2185f40	33.32	1	1	
G	21b4654	33.32	2	2	
G	21b6c5c	33.32	7	12	
G	234f0a0	33.32	0	2	
G	11fd05c	33.33	0	0	
G	1269458	33.33	0	0	
G	1e60f28	33.33	0	0	
G	1f2edcc	33.33	1	2	
G	20b4534	33.33	0	2	
G	20b6290	33.33	0	0	
G	20b62e4	33.33	0	0	
G	20b6308	33.33	1	1	
G	20b65f0	33.33	0	0	
G	20b6844	33.33	0	0	
G	20b68f8	33.33	0	0	
G	20b6958	33.33	0	0	
G	20b7a48	33.33	3	3	
G	20b7c34	33.33	0	0	
G	20d7de0	33.33	1	1	
G	20d80c8	33.33	0	0	
G	20d8104	33.33	0	0	
G	20de764	33.33	2	2	
G	20de814	33.33	1	1	
G	21862d4	33.33	0	0	
G	21aa670	33.33	0	0	
G	21aaea8	33.33	0	0	
G	21abfd0	33.33	0	0	
G	21b3378	33.33	0	3	
G	21b35fc	33.33	23	60	
G	21b5210	33.33	5	7	
G	234f274	33.33	0	2	
G	11fa138	33.34	0	0	
G	1234c38	33.34	3	3	
G	1234e84	33.34	1	1	
G	123519c	33.34	3	3	
G	137bc04	33.34	0	5	
G	1e2c95c	33.34	0	0	
G	1e2ca30	33.34	0	66	
G	1e55870	33.34	7	8	
G	1e55e8c	33.34	0	0	
G	1e56960	33.34	7	7	
G	1e59830	33.34	0	0	
G	1e598fc	33.34	0	0	
G	1e5cfc0	33.34	3	3	
G	1e5cfd8	33.34	14	14	
G	1e5d2e4	33.34	18	32	
G	1e5d754	33.34	3	3	
G	1fbfd00	33.34	0	0	
G	1fe1258	33.34	0	0	
G	231fe54	33.34	0	0	
G	21861c0	33.41	4	175	
G	21b9cc0	33.41	0	0	
G	131a0d0	33.46	2	2	
G	131a3ac	33.46	1	2	
G	13b710c	33.46	0	2	
G	1e0d1a0	33.46	0	3	
G	1e0f6ac	33.46	1	6	
G	137b248	33.47	0	0	
G	1e0d5bc	33.47	0	0	
G	1e0f4d4	33.47	0	0	
G	1e60c68	33.47	0	1	
G	2165bb8	33.47	0	0	
G	11a437c	33.52	3	3	
G	1e54450	33.52	0	0	
G	1e55ed0	33.52	0	0	
G	20b3d50	33.52	0	1	
G	1e0fab0	33.69	0	2	
G	1e6d34c	33.71	0	0	
G	1185270	33.73	0	0	
G	11a237c	33.73	0	0	
G	1344700	33.73	0	0	
G	137bea8	33.73	3	4	
G	137cd7c	33.73	0	0	
G	137cebc	33.73	1	1	
G	138332c	33.73	0	0	
G	1385148	33.73	0	0	
G	13869c0	33.73	1	1	
G	138b818	33.73	1	1	
G	138b908	33.73	0	0	
G	1390ad0	33.73	0	0	
G	1e73058	33.77	0	0	
G	1384d4c	33.79	0	0	
G	1384e3c	33.79	1	1	
G	1e52b20	33.79	0	0	
G	1e59744	33.79	0	0	
G	148fcfc	34.08	0	0	
G	1d937fc	34.08	0	0	
G	1d94e24	34.08	2	3	
G	1e1114c	34.08	0	0	
G	1d95084	34.09	0	0	
G	17091f8	34.11	0	0	
G	17d17cc	34.11	0	0	
G	17d0998	34.13	2	33	
G	17d0efc	34.13	0	29	
G	1cf8b4c	34.13	0	0	
G	1cf8d4c	34.13	0	0	
G	1dde298	34.13	1	1	
G	1cf8d78	34.15	1	146	
G	1721dec	34.32	0	0	
G	1cf8d6c	34.32	0	0	
G	1cf8e80	34.32	0	0	
G	1dde214	34.32	0	0	
G	1dde488	34.32	1	3	
G	1dde904	34.32	0	0	
G	1df58c4	34.32	1	1	
G	1e165f8	34.32	0	0	
G	1593114	34.33	0	0	
G	1df8790	34.33	0	3	
G	1e12f18	34.33	1	5	
G	1e14ac8	34.33	0	0	
G	1e16eec	34.33	0	0	
G	1e16f08	34.33	0	0	
G	1e2ce88	34.33	0	0	
G	1e2d0a0	34.33	1	3	
G	1e310b8	34.33	0	0	
G	1e31164	34.33	1	126	
G	1eadf8c	34.33	1	1	
G	1f771ec	34.33	0	0	
G	1f7d828	34.33	2	2	
G	1961314	34.46	1	5	
G	1962060	34.46	0	2	
G	19639bc	34.46	1	1	
G	1963b54	34.46	0	0	
G	1964304	34.46	1	2	
G	1964758	34.46	0	0	
G	1964aa8	34.46	0	0	
G	1964bf4	34.46	1	4	
G	19654fc	34.46	0	0	
G	1965518	34.46	0	0	
G	19656b0	34.46	0	0	
G	19656b8	34.46	0	0	
G	1cf8ec4	34.46	0	0	
G	1cf8ee0	34.46	0	0	
G	1deb194	34.46	1	1	
G	1deb1f4	34.46	0	0	
G	1ea1c78	34.46	0	0	
G	1ea1d48	34.46	0	0	
G	1eaddec	34.46	2	4	
G	1e2cf20	34.47	0	0	
G	1e2cf28	34.47	0	0	
G	1965638	34.62	0	0	
G	1965640	34.62	0	0	
G	1386db0	39.18	0	0	
G	1964f08	42.92	0	0	
G	1965520	42.92	0	1	
G	1e16f10	42.92	0	1	
G	180f928	43.08	0	0	
G	1cf8d04	43.08	0	2	
G	1cf8ee8	43.08	0	0	
G	1dde390	43.08	0	1	
G	15d2e9c	43.09	0	0	
G	15d2ea0	43.09	0	0	
G	15d4930	43.09	0	0	
G	15d4934	43.09	0	0	
G	17d13b8	43.09	0	4	
G	17d1648	43.09	0	0	
G	17d18b4	43.09	0	0	
G	17d1980	43.09	2	3	
G	17d4b14	43.09	0	0	
G	17d4b48	43.09	0	0	
G	17d4b4c	43.09	0	0	
G	17d4cc4	43.09	1	1	
G	17d4edc	43.09	0	0	
G	1cf1304	43.09	0	0	
G	1cf1878	43.10	0	1	
G	1cf2ca0	43.11	2	24	
G	1cf8e88	43.16	0	0	
G	20d7bc4	43.16	1	1	
G	20de8a8	43.16	0	0	
G	213585c	43.16	0	0	
G	219d950	43.16	0	0	
G	219da90	43.16	0	0	
G	1cf8c3c	43.24	0	0	
G	1cf0774	43.28	0	2	
G	1cf0fe0	43.28	0	0	
G	1cf1110	43.28	0	0	
G	1cf1988	43.28	1	6	
G	1cf2360	43.28	0	1	
G	1cf24a0	43.28	0	0	
G	1cf2738	43.28	0	0	
G	1cf283c	43.28	1	1	
G	1cf32ac	43.28	0	11	
G	1cf3a24	43.28	0	0	
G	1cf5e6c	43.28	1	1	
G	1cf6330	43.28	0	0	
G	1cf66a4	43.28	0	0	
G	1cf69a8	43.28	0	0	
G	1cf7350	43.28	0	0	
G	1cf736c	43.28	0	0	
G	1cf77a4	43.28	0	0	
G	1cf77c0	43.28	0	0	
G	1cf7840	43.28	0	0	
G	1cf785c	43.28	0	0	
G	1cf78dc	43.28	0	0	
G	1cf78f8	43.28	0	0	
G	1cf7b10	43.28	0	0	
G	1cf7b2c	43.28	0	0	
G	1cf7bd0	43.28	0	0	
G	1eaa6a8	43.28	1	2	
G	1eb98a8	43.28	0	0	
G	1ec0940	43.28	0	1	
G	1cf3a54	43.29	0	10	
G	1cf46bc	43.29	1	4	
G	1cf5690	43.29	1	10	
G	1cf5a24	43.29	0	4	
G	1dd42d4	43.29	0	0	
G	13926e8	43.30	1	1	
G	17290c4	43.30	0	7	
G	1cf5d94	43.30	0	0	
G	1dcc3d0	43.30	0	1	
G	1dd43e4	43.30	0	0	
G	1eb9cac	43.30	0	0	
G	1ec2bf4	43.30	0	0	
G	26aa078	43.30	0	0	
G	1cf7e14	43.32	0	0	
G	1cf7e30	43.32	0	0	
G	1cf39fc	43.33	0	0	
G	1cf7e38	43.63	0	0	
G	1cf7f50	43.63	0	0	
G	1cf7f6c	43.63	0	0	
G	1cf7f74	43.87	1	1	
G	1cf8094	43.87	0	0	
G	1cf80b0	43.87	0	0	
G	11a2570	44.76	0	0	
G	1390aa0	44.76	0	0	
G	1cf80b8	44.76	0	2	
G	1d96534	44.76	0	0	
G	1cf817c	44.77	0	0	
G	1cf8198	44.77	0	0	
G	1eb9d2c	44.77	0	0	
G	1ec30b4	44.77	0	0	
G	1dc1720	44.79	0	0	
G	1cf81a0	45.34	1	1	
G	1cf8344	45.34	0	0	
G	1cf8360	45.34	0	0	
G	1cf2a54	45.49	0	0	
G	1cf8368	45.49	0	0	
G	1cf7d8c	45.50	0	0	
G	1cf7da8	45.50	0	0	
G	1eb9a50	45.50	0	0	
G	1cf7db0	45.51	0	0	
G	1cf7374	48.18	0	0	
G	1cf7664	48.19	0	0	
G	1cf7680	48.19	0	0	
G	1cf17e0	48.50	1	1	
G	1cf7688	48.50	0	0	
G	1b68ce8	48.52	0	0	
G	1d96c60	48.55	0	0	
G	1d972b0	48.55	0	0	
G	1803b2c	48.57	0	0	
G	1d95404	48.57	0	0	
G	1e977d8	48.57	0	0	
G	1cf1458	48.62	0	0	
G	1cf1704	48.62	0	0	
G	1e8720c	48.67	0	2	
G	1e872ec	48.67	0	2	
G	1352808	49.72	0	0	
G	1a09a44	49.72	0	0	
G	1dd3bf8	49.72	0	0	
G	1762494	49.73	0	0	
G	1883924	51.77	0	0	
G	18974d8	51.77	0	0	
G	19fb814	51.77	0	0	
G	1cb4848	51.77	1	1	
G	1dac36c	51.77	0	0	
G	1e09d50	51.84	0	0	
G	1eb1a10	51.84	0	0	
G	1ed0c5c	51.84	0	0	
G	18974fc	51.86	0	0	
G	1cb4910	51.86	0	0	
G	18837a4	51.94	0	0	
G	1886268	51.94	0	0	
G	1895730	51.94	0	0	
G	137b9b0	52.14	0	2	
G	13b28d4	52.14	0	2	
G	15b0ae4	52.14	1	11	
G	15ba40c	52.14	0	1	
G	15baa5c	52.14	0	0	
G	15bd930	52.14	1	2	
G	15bdf80	52.14	0	0	
G	15beacc	52.14	0	0	
G	15bf11c	52.14	0	0	
G	15bfdf8	52.14	0	0	
G	15c0448	52.14	0	0	
G	16ed250	52.14	0	0	
G	16f1ef0	52.14	3	10	
G	1700194	52.14	1	1	
G	1e0f1cc	52.14	0	0	
G	1e0f758	52.14	0	0	
G	1e0f8f8	52.14	0	0	
G	15f8428	52.15	1	1	
G	15f8a78	52.15	0	0	
G	15fca14	52.15	0	1	
G	15fd280	52.15	0	0	
G	1648678	52.15	1	1	
G	1648cc8	52.15	0	0	
G	1e8c204	52.15	0	0	
G	122d3c4	52.16	0	2	
G	1294580	52.16	0	0	
G	1805730	52.16	0	0	
G	1e74794	52.16	0	0	
G	11f90f8	52.18	0	0	
G	11f9140	52.18	0	0	
G	120aca0	52.18	0	0	
G	122d37c	52.18	0	1	
G	122ea50	52.18	0	0	
G	1239a4c	52.18	0	0	
G	124d468	52.18	0	0	
G	125155c	52.18	3	20	
G	1251e84	52.18	0	0	
G	12520e4	52.18	0	0	
G	1803b80	52.18	0	1	
G	1803a90	52.19	0	0	
G	1e60b44	52.19	0	0	
G	1e55a98	52.28	0	0	
G	2094e1c	52.29	0	0	
G	1e52748	52.31	0	0	
G	1e559e0	52.31	0	5	
G	1e56a28	52.31	0	0	
G	1e58ad0	52.31	0	0	
G	1e58afc	52.31	0	1	
G	1e5d210	52.31	0	0	
G	1e5fb98	52.31	0	5	
G	1e60a70	52.31	3	14	
G	1e90ca0	52.31	1	1	
G	1e90cd8	52.31	0	1	
G	1e91d18	52.31	0	1	
G	1f77cec	52.31	0	0	
G	20d7f64	52.31	0	0	
G	20d8168	52.31	0	0	
G	20dfca8	52.31	0	0	
G	20e171c	52.31	0	0	
G	20ea9e0	52.31	0	0	
G	213392c	52.31	0	0	
G	2146bbc	52.31	0	0	
G	21ca444	52.31	0	0	
G	21ca5d8	52.31	0	0	
G	231dd58	52.31	1	1	
G	23314ac	52.31	0	0	
G	1e6f8e8	52.33	2	7	
G	206d0ac	52.33	0	0	
G	206d2a4	52.33	0	0	
G	209518c	52.33	0	0	
G	20968ec	52.33	0	0	
G	20984ec	52.33	0	0	
G	209854c	52.33	0	0	
G	2098658	52.33	0	0	
G	209876c	52.33	0	0	
G	2098bc0	52.33	0	0	
G	20c4894	52.33	0	0	
G	20db298	52.33	0	0	
G	2129240	52.33	0	1	
G	21337c0	52.33	0	0	
G	2133914	52.33	0	0	
G	21356f8	52.33	0	0	
G	21656c0	52.33	0	0	
G	21893fc	52.33	0	0	
G	219c324	52.33	1	2	
G	219c59c	52.33	0	0	
G	219c600	52.33	0	0	
G	21aa0d8	52.33	0	0	
G	21aa1d0	52.33	0	0	
G	21ae30c	52.33	0	0	
G	231cd68	52.33	1	1	
G	231e904	52.33	0	0	
G	231fdec	52.33	0	0	
G	233171c	52.33	0	0	
G	235a470	52.33	0	0	
G	235a640	52.33	0	0	
G	2363320	52.33	0	0	
G	23cc0e8	52.33	0	1	
G	1297c68	52.34	0	1	
G	12397b0	52.35	0	0	
G	1268fc8	52.35	2	7	
G	1269440	52.35	0	8	
G	126c748	52.35	0	0	
G	126c934	52.35	0	0	
G	126e9ec	52.35	0	0	
G	126ea7c	52.35	0	0	
G	126eacc	52.35	0	0	
G	126eb1c	52.35	0	0	
G	1294494	52.35	0	1	
G	1803830	52.35	0	0	
G	20a12e4	52.35	0	1	
G	233f680	52.35	0	0	
G	11a95ec	52.36	0	0	
G	11a9738	52.36	0	9	
G	18020a4	52.36	0	0	
G	1e5fb5c	52.36	0	1	
G	1fbd488	52.36	0	0	
G	20a1d84	52.36	1	1	
G	233dc18	52.36	0	0	
G	233de44	52.36	0	0	
G	1e6f768	52.38	1	1	
G	1e6f8e0	52.38	0	0	
G	1e88048	52.38	0	0	
G	1e88174	52.38	0	0	
G	1e8817c	52.38	0	0	
G	1e882a0	52.38	0	0	
G	1e882a8	52.38	0	0	
G	1e883cc	52.38	0	0	
G	1e88760	52.38	0	0	
G	1e88884	52.38	0	0	
G	1e6f858	52.40	0	5	
G	1e6f5a4	52.42	1	3	
G	21d0ca0	52.42	0	0	
G	1e6f8c8	52.43	0	0	
G	11a4370	52.45	0	0	
G	122d304	52.45	0	0	
G	180372c	52.45	1	1	
G	137a15c	52.50	1	1	
G	17bd614	52.50	0	0	
G	17bd6e4	52.50	0	0	
G	17c3b4c	52.50	0	0	
G	17c3ba0	52.50	1	1	
G	180d950	52.50	0	0	
G	1854ca0	52.50	0	0	
G	19edda0	52.50	0	0	
G	19f0964	52.50	0	0	
G	1e889b8	52.50	0	0	
G	1e88adc	52.50	0	0	
G	17bdd0c	52.51	2	2	
G	1f26d20	52.51	0	0	
G	12c6e98	52.52	0	0	
G	12c70fc	52.52	0	1	
G	12cadcc	52.52	1	1	
G	15bbb0c	52.52	0	0	
G	15bbb10	52.52	0	0	
G	15dbcc4	52.52	0	0	
G	15dbcc8	52.52	0	0	
G	1713970	52.52	0	2	
G	171cdf0	52.52	0	1	
G	1e480f4	52.52	0	0	
G	11acc00	52.53	0	24	
G	12c9a4c	52.53	0	0	
G	12c9d68	52.53	1	1	
G	1495dc8	52.53	0	0	
G	1495de4	52.53	0	0	
G	1dac444	52.53	0	0	
G	1de04d8	52.53	0	0	
G	1c28124	52.55	0	0	
G	1c282c0	52.55	0	1	
G	1c2ac70	52.55	1	1	
G	1c2ae3c	52.55	0	3	
G	1c2af00	52.55	0	0	
G	11883e4	52.56	0	0	
G	12ad23c	52.56	11	15	
G	12b1838	52.56	0	0	
G	12b183c	52.56	0	0	
G	130e758	52.56	1	1	
G	130edf0	52.56	0	0	
G	1397634	52.56	2	5	
G	13977d8	52.56	0	3	
G	13978e0	52.56	0	0	
G	13978fc	52.56	0	0	
G	1397904	52.56	0	0	
G	16e52b0	52.56	4	29	
G	17246b0	52.56	0	8	
G	1724ca0	52.56	0	2	
G	1725934	52.56	0	0	
G	1727df0	52.56	0	1	
G	1727f3c	52.56	1	1	
G	172a6ec	52.56	2	35	
G	11a90fc	52.57	2	2	
G	12b3738	52.57	1	1	
G	12b3bd8	52.57	0	0	
G	12b3f70	52.57	0	0	
G	15c5ff4	52.57	0	0	
G	15c5ff8	52.57	0	0	
G	16c96b8	52.57	0	0	
G	16c9bec	52.57	4	4	
G	16e1b38	52.57	0	1	
G	16e2bfc	52.57	0	0	
G	16e2dd8	52.57	1	1	
G	16e2e90	52.57	0	0	
G	16e30e0	52.57	0	0	
G	16e3ad4	52.57	0	0	
G	16e7b6c	52.57	1	1	
G	1763d70	52.57	0	0	
G	1210f28	52.58	0	0	
G	1210ff8	52.58	2	2	
G	15fe690	52.58	0	0	
G	15fe694	52.58	0	0	
G	15ff66c	52.58	0	0	
G	15ff670	52.58	0	0	
G	162c198	52.58	0	0	
G	162c19c	52.58	0	0	
G	16cea34	52.58	0	5	
G	16cedbc	52.58	0	0	
G	16d04a0	52.58	0	0	
G	16d6204	52.58	0	0	
G	16d6334	52.58	0	3	
G	16dc3dc	52.58	2	3	
G	16dd4b0	52.58	0	0	
G	16df56c	52.58	0	0	
G	16e2da8	52.58	0	0	
G	16e2db4	52.58	0	0	
G	16e45e8	52.58	0	0	
G	16e8548	52.58	2	2	
G	12a5494	52.59	5	6	
G	12a61b0	52.59	0	5	
G	12b1a2c	52.59	0	0	
G	12b4964	52.59	1	1	
G	130ea28	52.59	0	1	
G	130ec7c	52.59	1	1	
G	16dd844	52.59	0	0	
G	16dd9ac	52.59	0	0	
G	12cb7b0	52.63	2	3	
G	12cbf0c	52.63	1	1	
G	12dc6c8	52.63	1	1	
G	152dab8	52.63	1	1	
G	152dd98	52.63	0	1	
G	139db48	52.64	10	10	
G	139f84c	52.64	0	0	
G	152bcd8	52.64	1	6	
G	1722f88	52.65	0	0	
G	1dac460	52.67	0	0	
G	15e046c	52.82	0	0	
G	15e0470	52.82	0	0	
G	1c2b130	52.82	0	0	
G	1c2b3c8	52.82	3	23	
G	1c2e8f0	52.82	0	0	
G	1c2e90c	52.82	0	0	
G	1c2eb70	52.82	0	0	
G	1c2fca4	52.82	0	0	
G	15d196c	52.83	0	0	
G	15d1970	52.83	0	0	
G	170f58c	52.83	0	0	
G	1c288a8	52.83	0	9	
G	1c290b8	52.83	0	7	
G	1c2af38	52.83	2	9	
G	1c2cf38	52.83	0	0	
G	1c2d138	52.83	0	0	
G	1c2ea4c	52.83	0	0	
G	1c2ea68	52.83	0	0	
G	1ded1d0	52.84	0	0	
G	20ecc6c	52.88	2	2	
G	20ed3fc	52.88	1	24	
G	20ed810	52.88	0	0	
G	20ed984	52.88	1	1	
G	20edccc	52.88	0	2	
G	20edf64	52.88	1	35	
G	20f06e4	52.88	0	0	
G	20f1404	52.88	0	0	
G	20f7f1c	52.88	0	0	
G	20f7fc4	52.88	0	0	
G	20f87d0	52.88	0	0	
G	20f8970	52.88	0	0	
G	20f8adc	52.88	0	1	
G	21d241c	52.88	0	0	
G	21d7710	52.88	0	0	
G	21d7924	52.88	0	0	
G	21d8684	52.88	0	0	
G	20ef3d8	52.90	0	1	
G	20ef6d0	52.90	0	1	
G	20f2d50	52.90	0	0	
G	20f3a4c	52.90	0	0	
G	20f41c0	52.90	0	0	
G	21d22c4	52.90	0	1	
G	21d29b0	52.90	0	0	
G	21de1b4	52.90	0	0	
G	2354588	52.90	1	2	
G	20f5580	52.91	0	0	
G	20f5d5c	52.91	1	1	
G	20f717c	52.91	0	0	
G	21d1840	52.91	0	0	
G	21dfb54	52.91	0	0	
G	2354758	52.91	0	1	
G	235538c	52.91	1	7	
G	2355818	52.91	0	8	
G	2358850	52.91	0	0	
G	235886c	52.91	0	0	
G	20edb18	52.92	1	1	
G	20ef328	52.92	0	1	
G	2358494	52.92	0	0	
G	1e6becc	52.93	1	1	
G	2354940	52.93	0	0	
G	2358404	52.93	0	0	
G	2358380	52.94	1	1	
G	2181c00	52.95	0	0	
G	21822d0	52.95	1	1	
G	2182c20	52.95	0	0	
G	2185140	52.95	0	1	
G	2356a68	52.95	0	60	
G	23582f4	52.95	0	0	
G	23583c8	52.95	0	60	
G	2181c40	52.96	0	0	
G	21730ac	53.01	0	0	
G	21730bc	53.01	0	0	
G	23546ac	53.02	0	3	
G	235490c	53.02	0	3	
G	20ef908	53.03	1	2	
G	20efbd8	53.03	0	0	
G	21d0594	53.03	0	0	
G	21d18d8	53.03	1	1	
G	11ab414	53.36	1	65	
G	11abb9c	53.36	0	0	
G	12ca1cc	53.36	1	1	
G	12e3934	53.36	0	0	
G	12eed94	53.36	8	10	
G	1c2ab70	53.36	0	0	
G	1c2ab8c	53.36	0	0	
G	1250d18	53.37	1	1	
G	12e5e10	53.37	1	14	
G	12f8dd4	53.37	0	0	
G	12fa174	53.37	10	69	
G	1304b38	53.37	0	0	
G	1315a4c	53.37	0	0	
G	15b99cc	53.37	0	0	
G	15b99d0	53.37	0	0	
G	15bf08c	53.37	0	0	
G	15bf20c	53.37	0	0	
G	1275f58	53.38	0	1	
G	1277c40	53.38	0	0	
G	1277c4c	53.38	0	0	
G	127aa94	53.38	0	0	
G	127aaa0	53.38	0	0	
G	12ebdb0	53.38	2	4	
G	12fec24	53.38	1	7	
G	12ff4e0	53.38	0	4	
G	1308bc4	53.38	0	0	
G	15bd688	53.38	0	0	
G	15bdef0	53.38	0	0	
G	15bf210	53.38	0	0	
G	15c03b8	53.38	0	0	
G	15c0470	53.38	0	0	
G	15c0474	53.38	0	0	
G	16fc340	53.38	1	3	
G	18084e0	53.38	0	5	
G	114f420	53.39	0	0	
G	114f5a0	53.39	0	0	
G	11600b8	53.39	0	0	
G	1297368	53.39	0	0	
G	1299410	53.39	0	0	
G	129981c	53.39	2	4	
G	12ead1c	53.39	3	6	
G	131a5cc	53.39	2	2	
G	131a888	53.39	1	1	
G	15f8180	53.39	0	0	
G	11ac9f4	53.42	0	9	
G	12ec724	53.42	5	7	
G	15c7fac	53.42	0	0	
G	15c7fb0	53.42	0	0	
G	15c8f88	53.42	0	0	
G	15c8f8c	53.42	0	0	
G	15c9f64	53.42	0	0	
G	15c9f68	53.42	0	0	
G	18016bc	53.43	0	36	
G	11acba0	53.45	0	0	
G	11acd44	53.45	0	0	
G	1315760	53.45	0	0	
G	131576c	53.45	0	0	
G	15bc1d4	53.45	0	0	
G	15bc1e0	53.45	0	0	
G	1769148	53.45	0	0	
G	176917c	53.45	0	0	
G	115d4a4	53.46	0	0	
G	115d4b0	53.46	0	0	
G	1171218	53.46	0	0	
G	1171224	53.46	0	0	
G	1176f2c	53.46	0	0	
G	1176f38	53.46	0	0	
G	117adfc	53.46	0	0	
G	117ae08	53.46	0	0	
G	1181ee0	53.46	0	0	
G	1181eec	53.46	0	0	
G	119f668	53.46	1	1	
G	119fa68	53.46	3	15	
G	11a6b2c	53.46	0	0	
G	11a6b38	53.46	0	0	
G	11af408	53.46	0	0	
G	11af414	53.46	0	0	
G	11b4290	53.46	0	0	
G	11b429c	53.46	0	0	
G	1210f18	53.46	0	0	
G	1210f24	53.46	0	0	
G	1277b90	53.46	0	1	
G	1277be4	53.46	0	0	
G	127a9e4	53.46	0	0	
G	127aa38	53.46	0	0	
G	12d7214	53.46	0	0	
G	12d7220	53.46	0	0	
G	12e3648	53.46	0	0	
G	12e3654	53.46	0	0	
G	1324680	53.46	0	0	
G	132468c	53.46	0	0	
G	13263f0	53.46	0	0	
G	13263fc	53.46	0	0	
G	132a824	53.46	0	0	
G	132a830	53.46	0	0	
G	15c465c	53.46	0	0	
G	15c5018	53.46	0	0	
G	15c501c	53.46	0	0	
G	15d3564	53.46	0	0	
G	15d3570	53.46	0	0	
G	1606064	53.46	0	0	
G	1606070	53.46	0	0	
G	16de0f4	53.46	0	0	
G	16de128	53.46	0	0	
G	16e16e0	53.46	0	0	
G	16e1714	53.46	0	0	
G	16eb9c8	53.46	0	0	
G	16eb9fc	53.46	0	0	
G	176a940	53.46	0	0	
G	176a974	53.46	0	0	
G	1784e98	53.46	0	0	
G	1784ecc	53.46	0	0	
G	1786bfc	53.46	0	0	
G	1786c30	53.46	0	0	
G	19fe84c	53.46	0	0	
G	19fe880	53.46	0	0	
G	1c2ab04	53.46	0	0	
G	1c2ab38	53.46	0	0	
G	1198aac	53.48	0	0	
G	119c34c	53.48	1	1	
G	119ca0c	53.48	0	0	
G	11b4730	53.48	0	8	
G	11b4974	53.48	2	2	
G	11b5e78	53.48	5	5	
G	11b96a0	53.48	7	8	
G	12e5954	53.48	0	0	
G	11d4c34	53.49	1	4	
G	11d5984	53.49	0	0	
G	11d5aa4	53.49	0	0	
G	11d5c94	53.49	0	3	
G	11d5cd4	53.49	2	2	
G	1de03f0	53.49	0	0	
G	1e5edd8	53.49	0	0	
G	11ca4b0	53.50	0	2	
G	11d3d58	53.50	0	0	
G	11d7084	53.50	2	2	
G	11d9300	53.50	0	0	
G	11dd2d8	53.50	0	0	
G	129a9d8	53.50	1	2	
G	129f804	53.50	0	0	
G	129f8dc	53.50	0	1	
G	129faf4	53.50	0	0	
G	129fe40	53.50	1	1	
G	12bce58	53.50	0	0	
G	12bce88	53.50	0	0	
G	167e25c	53.50	0	0	
G	167e260	53.50	0	0	
G	1838e30	53.50	0	1	
G	129a350	53.51	0	0	
G	1fa4144	53.65	1	1	
G	1fa5470	53.65	1	1	
G	215ea90	53.65	0	0	
G	215ea98	53.65	0	0	
G	1e6d1c4	53.67	0	0	
G	1f86a3c	53.67	1	1	
G	1fb3320	53.67	0	0	
G	2068ca4	53.67	1	2	
G	20697e4	53.67	0	0	
G	2069a30	53.67	0	0	
G	20c1034	53.67	13	19	
G	20c3c88	53.67	2	2	
G	20daf7c	53.67	0	0	
G	212b7f8	53.67	0	0	
G	21af074	53.67	0	0	
G	2333d18	53.67	1	1	
G	20269bc	53.68	0	0	
G	2026f74	53.68	0	0	
G	202a5ec	53.68	0	0	
G	202a624	53.68	0	0	
G	2033598	53.68	0	0	
G	20349a8	53.68	4	4	
G	20370c8	53.68	0	0	
G	20377e0	53.68	0	0	
G	203e6e8	53.68	0	0	
G	203edd8	53.68	0	0	
G	20426c0	53.68	0	0	
G	2042a94	53.68	0	0	
G	2042e80	53.68	0	1	
G	2042fa8	53.68	1	1	
G	2044364	53.68	0	0	
G	2044a7c	53.68	0	0	
G	2047084	53.68	0	0	
G	2047478	53.68	0	0	
G	20477fc	53.68	0	1	
G	2047924	53.68	1	1	
G	204a2c0	53.68	0	0	
G	20579e4	53.68	0	0	
G	2058778	53.68	2	2	
G	202b758	53.69	0	0	
G	202baa0	53.69	0	0	
G	202bad8	53.69	1	1	
G	202cbb0	53.69	0	0	
G	202cf10	53.69	0	0	
G	202cf48	53.69	1	1	
G	2039848	53.69	0	0	
G	2039b58	53.69	0	0	
G	2039e94	53.69	0	0	
G	204589c	53.69	0	0	
G	20460c0	53.69	0	0	
G	2048dac	53.69	0	0	
G	2129288	53.69	0	1	
G	2129dd4	53.69	0	0	
G	2129dfc	53.69	1	1	
G	203fb7c	53.70	0	0	
G	203fe74	53.70	0	0	
G	204012c	53.70	1	1	
G	11bd334	53.71	0	3	
G	11bd460	53.71	1	1	
G	12e5964	53.71	0	0	
G	1e8bfa4	53.71	0	0	
G	1e8c044	53.71	0	0	
G	1e8c05c	53.71	0	0	
G	1e8c084	53.71	0	0	
G	1e8c0fc	53.71	0	0	
G	1e8c124	53.71	0	0	
G	1e8c138	53.71	0	0	
G	1f61140	53.71	0	0	
G	2333de8	53.71	0	0	
G	1231268	53.72	0	0	
G	123145c	53.74	0	0	
G	129a508	53.74	1	1	
G	11ca8e0	53.86	1	135	
G	182025c	53.86	1	1	
G	1820f98	53.86	0	3	
G	1843148	53.86	0	0	
G	1843474	53.86	0	0	
G	1db03e8	53.86	1	7	
G	1deb17c	53.86	0	0	
G	181f3d0	53.87	0	0	
G	184a140	53.87	0	0	
G	184a2ac	53.87	0	1	
G	184a454	53.87	0	0	
G	184a968	53.87	0	0	
G	184ac34	53.87	0	2	
G	184b07c	53.87	0	0	
G	1850c24	53.87	0	0	
G	1850eec	53.87	1	1	
G	1ca4170	53.87	0	0	
G	1ca4560	53.87	1	1	
G	1d96454	53.87	0	0	
G	184a484	53.88	1	1	
G	184b0ac	53.88	0	0	
G	1dafbdc	53.88	0	0	
G	1c2ea70	53.91	0	0	
G	1c2eaf8	53.91	0	0	
G	1c2eb14	53.91	0	0	
G	1eb63fc	53.95	0	0	
G	1ec9a70	53.95	0	0	
G	1db0194	53.96	1	5	
G	1db0598	53.96	0	3	
G	1db0adc	53.96	0	4	
G	1db0f40	53.96	1	1	
G	1e97814	53.96	0	0	
G	1e9786c	53.96	0	0	
G	1ef3518	53.96	0	1	
G	1ef3570	53.96	1	1	
G	11d22f4	54.06	0	0	
G	18210c4	54.06	14	20	
G	18286c0	54.06	0	0	
G	1eaab80	54.06	1	2	
G	1ead0d4	54.06	1	1	
G	1711254	54.07	0	1	
G	1711528	54.07	1	1	
G	1711b7c	54.07	0	0	
G	1711eac	54.07	0	0	
G	1820e18	54.07	0	0	
G	18287e8	54.07	0	1	
G	1839f20	54.07	0	0	
G	1839f3c	54.07	0	0	
G	183a248	54.07	0	0	
G	183a264	54.07	0	0	
G	183a2d0	54.07	0	0	
G	183a2ec	54.07	0	0	
G	183a3f4	54.07	0	0	
G	183a410	54.07	1	1	
G	183a684	54.07	0	0	
G	183a6a8	54.07	0	0	
G	183a8d8	54.07	0	0	
G	183a8f4	54.07	0	0	
G	183aaf4	54.07	0	0	
G	183ab10	54.07	0	0	
G	183ae30	54.07	0	0	
G	183ae4c	54.07	0	0	
G	183bd14	54.07	0	0	
G	183bd30	54.07	0	0	
G	183c20c	54.07	0	0	
G	183c228	54.07	0	0	
G	183c60c	54.07	0	0	
G	183c628	54.07	0	0	
G	183c9e0	54.07	0	0	
G	183c9fc	54.07	0	0	
G	183cf90	54.07	0	0	
G	183cfac	54.07	0	0	
G	183d8a4	54.07	0	0	
G	183d8c0	54.07	0	0	
G	183dbe4	54.07	0	0	
G	183dc00	54.07	0	0	
G	183dee4	54.07	0	0	
G	183df00	54.07	0	0	
G	183e318	54.07	0	0	
G	183e334	54.07	0	0	
G	183e9cc	54.07	0	0	
G	183e9e8	54.07	0	0	
G	183eb3c	54.07	0	0	
G	183eb58	54.07	0	0	
G	183efa0	54.07	0	0	
G	183efbc	54.07	0	0	
G	183f358	54.07	0	0	
G	183f374	54.07	0	0	
G	183f5dc	54.07	0	0	
G	183f5f8	54.07	0	0	
G	183fa48	54.07	0	0	
G	183fc1c	54.07	0	0	
G	183fc38	54.07	0	0	
G	183fdb4	54.07	0	0	
G	183fe08	54.07	0	0	
G	183ffa8	54.07	0	0	
G	1d94acc	54.07	0	0	
G	1de99d4	54.07	1	1	
G	183fcd0	54.08	1	1	
G	183fdac	54.08	0	0	
G	18435dc	54.08	2	2	
G	1ca4690	54.08	4	11	
G	184a3e4	54.09	0	0	
G	184afac	54.09	0	0	
G	1851264	54.09	1	1	
G	1ca883c	54.09	1	1	
G	1caa140	54.09	0	1	
G	1caa658	54.09	0	0	
G	1caa674	54.09	0	0	
G	1caa994	54.09	0	0	
G	1caa9b0	54.09	0	0	
G	1caaa3c	54.09	0	0	
G	1caaa58	54.09	0	0	
G	1caaae4	54.09	0	0	
G	1caab00	54.09	0	0	
G	1caabd8	54.09	0	0	
G	1caabf4	54.09	0	0	
G	1caacd4	54.09	0	0	
G	1caacf0	54.09	0	0	
G	1cab16c	54.09	0	0	
G	1cab188	54.09	0	0	
G	1cab3cc	54.09	0	0	
G	1cab3e8	54.09	0	0	
G	1cab494	54.09	0	0	
G	1cab4b0	54.09	0	0	
G	1cab690	54.09	0	0	
G	1cab6ac	54.09	0	0	
G	1cab758	54.09	0	0	
G	1cab774	54.09	0	0	
G	1cab954	54.09	0	0	
G	1cab970	54.09	0	0	
G	1cabc94	54.09	0	0	
G	1cabcb0	54.09	0	0	
G	1cabd8c	54.09	0	0	
G	1cabda8	54.09	0	0	
G	1cabeb8	54.09	0	0	
G	1cabed4	54.09	0	0	
G	1cac01c	54.09	0	0	
G	1cac038	54.09	0	0	
G	12a0a1c	54.11	1	2	
G	12a0bc0	54.11	1	10	
G	12ab3ec	54.11	1	1	
G	12ab76c	54.11	0	0	
G	12ab8b4	54.11	0	0	
G	16c32f0	54.11	0	0	
G	181f5cc	54.11	0	0	
G	1ca7fa0	54.11	0	0	
G	11d4f78	54.12	8	33	
G	11d53cc	54.12	0	0	
G	11d59dc	54.12	0	15	
G	11d5a28	54.12	1	1	
G	11d72e8	54.12	2	3	
G	11d752c	54.12	11	12	
G	11d8594	54.12	5	5	
G	11de598	54.12	3	3	
G	12e5ab4	54.12	0	0	
G	12f2850	54.12	1	4	
G	1e5dbc0	54.12	0	0	
G	1e5ee98	54.12	0	0	
G	1e94768	54.12	0	0	
G	20e4c00	54.12	2	2	
G	12f2c4c	54.13	0	0	
G	127f184	54.16	0	0	
G	127f1f0	54.16	0	0	
G	127f25c	54.16	0	2	
G	127f520	54.16	0	0	
G	15bdb6c	54.16	3	49	
G	15be618	54.16	1	1	
G	15fcc30	54.16	1	2	
G	15fd910	54.16	1	1	
G	12aaf68	54.17	1	1	
G	12b6f98	54.17	0	0	
G	12b7098	54.17	0	0	
G	12c5a70	54.17	0	0	
G	12f31ec	54.17	18	322	
G	15ba648	54.17	1	3	
G	15bb0ec	54.17	0	0	
G	15fdac4	54.17	1	1	
G	1315c9c	54.20	0	0	
G	131633c	54.20	0	0	
G	164c920	54.20	0	0	
G	164c924	54.20	0	0	
G	16781b8	54.20	0	0	
G	16781bc	54.20	0	0	
G	11e8b40	54.21	4	8	
G	11ed58c	54.21	0	0	
G	11ed8e0	54.21	0	0	
G	119111c	54.22	0	0	
G	1191148	54.22	0	4	
G	11972a4	54.22	0	0	
G	11972b0	54.22	0	0	
G	11972b4	54.22	0	0	
G	1198ac0	54.22	1	5	
G	1198e68	54.22	0	0	
G	11995f8	54.22	0	0	
G	11edc34	54.22	0	0	
G	11edf88	54.22	1	1	
G	11ee2dc	54.22	0	0	
G	11ee630	54.22	0	0	
G	11ee984	54.22	0	0	
G	11eecd8	54.22	0	0	
G	11ef02c	54.22	0	0	
G	11ef380	54.22	0	0	
G	11ef6d4	54.22	0	0	
G	11efa28	54.22	0	0	
G	11efd7c	54.22	0	0	
G	11f00d0	54.22	1	1	
G	11f0424	54.22	0	0	
G	11f0778	54.22	0	0	
G	11f0acc	54.22	0	0	
G	11f0e20	54.22	1	1	
G	11f1174	54.22	0	0	
G	11f14c8	54.22	0	0	
G	11f181c	54.22	0	0	
G	11f1b70	54.22	1	1	
G	11f1ec4	54.22	0	0	
G	11f2218	54.22	0	0	
G	11f256c	54.22	0	0	
G	13089f4	54.22	0	0	
G	15ba9cc	54.22	0	0	
G	1199734	54.23	0	0	
G	125bf74	54.23	0	104	
G	125c23c	54.23	0	104	
G	125cf04	54.23	1	1	
G	125d1e4	54.23	2	95	
G	125dc7c	54.23	1	1	
G	1261fec	54.23	0	0	
G	1281578	54.23	0	0	
G	1281584	54.23	0	0	
G	1281588	54.23	0	1	
G	1281718	54.23	1	1	
G	1281924	54.23	1	1	
G	125e418	54.24	0	0	
G	1252700	54.25	3	101	
G	125ebe4	54.26	1	20	
G	12626c0	54.26	0	0	
G	1209728	54.27	0	0	
G	120c12c	54.27	0	0	
G	1252408	54.27	2	20	
G	125efdc	54.27	2	4	
G	1299460	54.27	1	1	
G	11971f4	54.28	0	0	
G	1197248	54.28	0	0	
G	11dbca4	54.28	0	0	
G	11de69c	54.28	1	4	
G	11ded88	54.28	0	0	
G	11def8c	54.28	0	0	
G	11df1e0	54.28	4	9	
G	11df2e0	54.28	0	0	
G	11e0394	54.28	0	0	
G	126ee48	54.28	0	0	
G	126ee64	54.28	0	0	
G	12814c8	54.28	0	0	
G	128151c	54.28	0	0	
G	1297660	54.28	7	7	
G	12f300c	54.28	0	9	
G	127f4b4	54.38	0	0	
G	127f58c	54.38	0	0	
G	1299cec	54.44	0	0	
G	1e2c784	54.44	0	0	
G	1fa39f4	54.44	0	0	
G	1fa3e18	54.44	1	2	
G	20c9830	54.44	4	4	
G	2319c84	54.44	0	1	
G	231c07c	54.44	0	0	
G	1234bdc	54.45	0	0	
G	1e622fc	54.45	0	3	
G	2075e28	54.45	0	3	
G	2083b04	54.45	0	1	
G	2083d9c	54.45	1	1	
G	2094a7c	54.45	9	13	
G	125bd2c	54.78	1	4	
G	1e61bf0	54.78	0	0	
G	1e6be64	54.78	0	0	
G	124d24c	54.81	1	1	
G	12978a0	54.81	0	0	
G	1299d98	54.81	1	1	
G	11d8d74	54.83	0	0	
G	1e61c24	54.83	0	0	
G	1e6bebc	54.83	0	0	
G	20badf8	54.83	0	0	
G	212b96c	54.83	4	5	
G	21af278	54.83	13	42	
G	1c2ab94	55.06	0	0	
G	1268034	55.10	0	3	
G	12685ec	55.10	0	1	
G	12973b0	55.10	0	0	
G	1299d70	55.10	0	0	
G	129a30c	55.10	0	0	
G	1fa3980	55.10	0	0	
G	1fa8a78	55.10	0	0	
G	2319bf0	55.10	0	0	
G	231c738	55.10	0	0	
G	13014dc	55.11	3	3	
G	16c3a4c	55.11	1	8	
G	16c5b0c	55.11	0	0	
G	1fa8bec	55.11	0	0	
G	1fbe76c	55.11	0	0	
G	130e8c0	55.12	0	0	
G	16c5e6c	55.12	0	0	
G	16c60b4	55.12	0	0	
G	1e2cabc	55.12	0	0	
G	130f144	55.13	0	1	
G	139a5b4	55.13	0	0	
G	1412d54	55.13	0	0	
G	171c48c	55.13	0	1	
G	171c770	55.13	0	2	
G	1723998	55.13	1	1	
G	172469c	55.13	0	0	
G	17251cc	55.13	1	3	
G	1725e6c	55.13	0	0	
G	1726128	55.13	1	1	
G	1728690	55.13	0	0	
G	1749ff4	55.13	0	0	
G	174a034	55.13	1	4	
G	174a764	55.13	0	4	
G	174be40	55.13	0	11	
G	1773390	55.13	0	2	
G	1838ec4	55.13	3	75	
G	174c014	55.14	0	9	
G	174c2d0	55.14	0	17	
G	174ca04	55.14	0	11	
G	1dc6b6c	55.14	1	17	
G	174c4c0	55.16	0	0	
G	174c560	55.16	0	0	
G	174c578	55.16	0	0	
G	174c5e8	55.16	0	6	
G	174c7e4	55.16	0	5	
G	130f2d8	55.17	0	0	
G	130f30c	55.17	0	0	
G	1399424	55.17	0	2	
G	13999e8	55.17	0	0	
G	1399ad0	55.17	2	2	
G	139a1dc	55.17	0	0	
G	1705804	55.17	0	2	
G	174cc28	55.17	0	0	
G	1763e9c	55.17	0	0	
G	1773524	55.17	0	0	
G	1773558	55.17	0	0	
G	1848104	55.17	0	4	
G	1dd802c	55.17	0	0	
G	11d0ee8	55.21	0	0	
G	11d0f20	55.21	0	19	
G	11d13f4	55.21	0	0	
G	1dc26e4	55.21	0	0	
G	11cfaf8	55.22	0	8	
G	11d0ba4	55.22	0	5	
G	11bd52c	55.24	0	1	
G	11bd600	55.24	0	1	
G	12a0d70	55.24	1	7	
G	12ca528	55.24	1	2	
G	1c2eb1c	55.25	0	0	
G	209e3d0	55.38	0	1	
G	209e588	55.38	1	1	
G	209fdec	55.38	0	0	
G	20ddab8	55.38	0	0	
G	1e61198	55.40	0	0	
G	206de78	55.45	0	0	
G	209fcc8	55.47	1	1	
G	212c34c	55.58	3	3	
G	23443e4	55.58	0	0	
G	16c3e74	55.59	1	2	
G	16c6754	55.60	1	1	
G	16c6900	55.60	0	0	
G	11d0860	55.61	2	4	
G	11d1114	55.61	0	5	
G	11d1158	55.61	1	5	
G	122d9d4	55.63	1	6	
G	1293cbc	55.63	0	0	
G	1293f58	55.63	1	3	
G	1294240	55.63	5	7	
G	1297b60	55.63	0	0	
G	15d9750	55.63	0	0	
G	15d9754	55.63	0	0	
G	1e60e00	55.63	0	3	
G	1294308	55.64	0	0	
G	129430c	55.64	0	0	
G	1294310	55.64	0	0	
G	20b5c24	55.64	6	6	
G	20ba304	55.64	0	0	
G	20c1f70	55.64	100	207	
G	20c38b8	55.64	6	6	
G	212954c	55.65	3	15	
G	2129ddc	55.65	1	2	
G	11cb204	55.75	35	123	
G	20de3f0	55.75	0	0	
G	23329dc	55.75	0	0	
G	2332af4	55.75	0	0	
G	233316c	55.75	0	0	
G	1f9f170	55.86	0	0	
G	20a104c	55.86	1	1	
G	2332ab0	55.86	0	0	
G	23341dc	55.86	0	0	
G	233dc2c	55.86	0	0	
G	233dc64	55.86	0	0	
G	233e254	55.86	0	1	
G	233ec44	55.86	0	0	
G	233ece4	55.86	0	0	
G	2340218	55.86	0	0	
G	234072c	55.86	0	0	
G	2340868	55.86	0	0	
G	2341eec	55.86	0	0	
G	2341f04	55.86	0	0	
G	2342038	55.86	1	1	
G	234266c	55.86	0	0	
G	18058ac	55.98	1	1	
G	1808f74	55.98	0	1	
G	1e2cb54	55.98	0	0	
G	1e590c8	55.98	0	0	
G	233dee8	55.98	0	0	
G	1fa0280	56.02	0	0	
G	1fcb90c	56.02	0	0	
G	1fcb944	56.02	0	0	
G	1147bc8	56.03	0	0	
G	126fe28	56.03	0	0	
G	1289f0c	56.03	0	0	
G	128f3fc	56.03	0	0	
G	128f4dc	56.03	0	0	
G	128f590	56.03	0	0	
G	128f754	56.03	0	0	
G	129fee0	56.03	1	2	
G	12babdc	56.03	0	0	
G	12bac48	56.03	0	0	
G	12bacb4	56.03	0	0	
G	12bad20	56.03	0	0	
G	12bad8c	56.03	0	0	
G	12badf8	56.03	0	0	
G	12bae64	56.03	0	0	
G	12baed0	56.03	0	0	
G	12baf3c	56.03	0	0	
G	12bafa8	56.03	0	0	
G	12bb014	56.03	0	0	
G	12bb080	56.03	0	0	
G	12bb0ec	56.03	0	0	
G	12bb158	56.03	0	0	
G	12bb1c4	56.03	0	0	
G	12bb230	56.03	0	0	
G	12bc978	56.03	0	0	
G	12bca48	56.03	0	0	
G	12bcee0	56.03	0	0	
G	12e1168	56.03	0	0	
G	14bd400	56.03	0	0	
G	15fbfdc	56.03	0	0	
G	15fbfe0	56.03	0	0	
G	1688644	56.03	0	0	
G	1688648	56.03	0	0	
G	1199cc8	56.04	0	0	
G	119b4f4	56.04	0	0	
G	11d4ecc	56.04	0	3	
G	1206404	56.04	4	5	
G	1239150	56.04	0	0	
G	1289510	56.04	0	0	
G	1289584	56.04	0	0	
G	12895b4	56.04	1	1	
G	1289d30	56.04	1	1	
G	1289ef0	56.04	0	0	
G	1289ff0	56.04	2	3	
G	128f43c	56.04	0	0	
G	128f440	56.04	1	23	
G	128f4d8	56.04	0	0	
G	128f690	56.04	0	0	
G	128f714	56.04	0	1	
G	128f864	56.04	0	0	
G	12904e0	56.04	0	1	
G	132c4a0	56.04	0	0	
G	15f89e8	56.04	0	0	
G	1e59294	56.04	0	0	
G	1e61048	56.04	0	0	
G	11a8cdc	56.05	0	0	
G	11c104c	56.05	0	0	
G	11cf1e4	56.05	0	1	
G	1239158	56.05	0	0	
G	12396f0	56.05	0	0	
G	1239718	56.05	0	0	
G	1239730	56.05	0	0	
G	1239b70	56.05	0	1	
G	123a4c4	56.05	0	0	
G	123a63c	56.05	0	0	
G	123ab44	56.05	0	8	
G	123aef4	56.05	0	10	
G	123afc0	56.05	0	0	
G	128b7e8	56.05	1	1	
G	128f1c8	56.05	0	0	
G	1290524	56.05	0	0	
G	12bcca4	56.05	0	0	
G	13bad2c	56.05	0	0	
G	13bc130	56.05	1	3	
G	1835010	56.05	0	0	
G	1835198	56.05	0	0	
G	18384c4	56.05	1	1	
G	1dac458	56.05	0	0	
G	1e78c10	56.05	0	0	
G	1e79114	56.05	0	0	
G	1e79860	56.05	1	2	
G	1e7f580	56.05	0	26	
G	11aa53c	56.06	2	2	
G	11cf868	56.06	1	1	
G	1239710	56.06	0	0	
G	123976c	56.06	0	0	
G	123977c	56.06	0	0	
G	123978c	56.06	0	0	
G	1239fdc	56.06	1	4	
G	123a200	56.06	0	0	
G	12413b0	56.06	0	0	
G	128e918	56.06	0	0	
G	132cefc	56.06	0	0	
G	132d0fc	56.06	1	1	
G	132e428	56.06	0	0	
G	132e434	56.06	0	0	
G	182a00c	56.06	4	5	
G	182bef4	56.06	3	7	
G	182c750	56.06	4	4	
G	182d140	56.06	6	10	
G	182e340	56.06	6	6	
G	182e9a8	56.06	3	6	
G	182ef98	56.06	2	24	
G	182f658	56.06	0	0	
G	182ffec	56.06	1	1	
G	18312cc	56.06	0	0	
G	1831824	56.06	0	0	
G	1831c30	56.06	0	0	
G	1838ab0	56.06	1	1	
G	1840518	56.06	0	0	
G	1848298	56.06	0	0	
G	1dc84ec	56.06	0	0	
G	1e5dc34	56.06	1	1	
G	11d04fc	56.07	0	0	
G	11d4544	56.07	0	0	
G	17ca4fc	56.07	0	0	
G	18321dc	56.07	0	0	
G	18328d4	56.07	0	0	
G	1832ab8	56.07	0	0	
G	1835414	56.07	8	9	
G	1840260	56.07	0	0	
G	184027c	56.07	0	0	
G	1e5db04	56.07	0	0	
G	1eae09c	56.07	0	0	
G	1eb57a4	56.07	0	0	
G	1f9f1b4	56.18	1	1	
G	1f9f264	56.18	0	0	
G	11a8cd4	56.19	0	0	
G	126945c	56.19	0	0	
G	1294818	56.19	0	0	
G	1297080	56.19	1	2	
G	12971c4	56.19	1	1	
G	1803e24	56.19	0	0	
G	1e7a5a8	56.19	0	276	
G	207309c	56.19	0	0	
G	20a1784	56.19	2	2	
G	233541c	56.19	5	5	
G	233f990	56.19	0	274	
G	2342630	56.19	2	2	
G	23427ac	56.19	8	45	
G	234306c	56.19	1	182	
G	25a1240	56.19	67	179	
G	25a1804	56.19	5	92	
G	25a18e4	56.19	0	0	
G	25a1aa0	56.19	45	90	
G	2319df8	56.63	8	17	
G	231b490	56.63	0	0	
G	11c8a84	57.41	0	0	
G	11c8b44	57.41	0	0	
G	12312e0	57.41	0	0	
G	1838794	57.41	0	0	
G	1844758	57.41	0	0	
G	1844860	57.41	1	1	
G	1848afc	57.41	0	0	
G	1848b18	57.41	0	0	
G	1d95474	57.41	0	0	
G	1eb9ca4	57.41	0	0	
G	11aaf00	57.42	0	13	
G	1206258	57.42	0	0	
G	120ada8	57.42	0	0	
G	124c450	57.42	0	0	
G	1264330	57.42	0	0	
G	128f8ac	57.42	2	3	
G	128fa2c	57.42	0	0	
G	128faf8	57.42	1	1	
G	12a7ac8	57.42	1	3	
G	12bd078	57.42	0	0	
G	12bd09c	57.42	0	0	
G	12bd2b8	57.42	0	0	
G	12c24ec	57.42	0	1	
G	12c34ac	57.42	0	1	
G	12c5cac	57.42	0	0	
G	12c6a78	57.42	1	1	
G	12c6d68	57.42	0	0	
G	12c6d74	57.42	0	0	
G	132e438	57.42	0	0	
G	132e4b8	57.42	3	11	
G	15fd1f0	57.42	0	0	
G	1805bfc	57.42	0	2	
G	1806bac	57.42	0	50	
G	1844b4c	57.42	0	0	
G	1d964d4	57.42	0	0	
G	119be50	57.43	0	0	
G	11cf9b8	57.43	0	1	
G	11d4320	57.43	1	1	
G	1289684	57.43	3	22	
G	1289b64	57.43	1	11	
G	184c58c	57.43	0	0	
G	1de9a34	57.43	1	1	
G	1e5dc2c	57.43	0	0	
G	118e3d8	57.44	0	0	
G	118f294	57.44	1	2	
G	118f3e8	57.44	1	1	
G	118f9d0	57.44	0	0	
G	118ff38	57.44	1	1	
G	11901d0	57.44	0	0	
G	1190560	57.44	1	1	
G	119068c	57.44	0	0	
G	11907c4	57.44	0	0	
G	1190f0c	57.44	0	0	
G	1191064	57.44	0	0	
G	11921b4	57.44	1	10	
G	1199c30	57.44	0	0	
G	1199c40	57.44	0	0	
G	1199e70	57.44	0	0	
G	119a1fc	57.44	0	0	
G	119a768	57.44	0	1	
G	119a828	57.44	0	0	
G	119b768	57.44	0	0	
G	119ba30	57.44	1	1	
G	119ca90	57.44	2	2	
G	119dccc	57.44	0	0	
G	119e320	57.44	0	0	
G	11b45a4	57.44	0	0	
G	1234bd4	57.44	0	0	
G	128ed78	57.44	0	0	
G	1199da8	57.48	0	0	
G	1199db8	57.48	0	0	
G	119a474	57.48	2	2	
G	119a614	57.48	0	0	
G	119a904	57.48	0	0	
G	119a934	57.48	0	4	
G	119b4d8	57.48	0	0	
G	119b4e0	57.48	0	0	
G	11a8390	57.48	0	0	
G	11a83f4	57.48	1	1	
G	11a871c	57.48	0	0	
G	11a8748	57.48	0	7	
G	11a8c70	57.48	0	0	
G	123b728	57.48	0	0	
G	123b784	57.48	0	0	
G	123b81c	57.48	0	0	
G	123b8b0	57.48	1	2	
G	123bf1c	57.48	0	3	
G	123c088	57.48	0	1	
G	125424c	57.48	0	0	
G	125e7c8	57.48	0	0	
G	12623a0	57.48	1	1	
G	1289d78	57.48	0	0	
G	128ca4c	57.48	0	0	
G	128cc40	57.48	0	0	
G	128d1cc	57.48	0	0	
G	128e93c	57.48	0	0	
G	13baf60	57.48	0	1	
G	13bb100	57.48	0	3	
G	1829c38	57.48	1	1	
G	119b4e8	57.50	0	0	
G	128a13c	57.50	1	1	
G	128a474	57.50	7	11	
G	1297b8c	57.50	0	0	
G	14bd548	57.50	0	0	
G	1fb8dc8	57.50	0	0	
G	118e4d8	57.56	0	0	
G	118e848	57.56	1	1	
G	118e978	57.56	0	0	
G	119032c	57.56	0	0	
G	119b43c	57.56	1	1	
G	119ac44	57.58	0	0	
G	119b1a0	57.58	0	1	
G	119bb90	57.58	0	0	
G	123e280	57.59	0	0	
G	123e588	57.59	1	1	
G	123ec68	57.59	3	6	
G	1240744	57.59	0	0	
G	1268948	57.59	0	0	
G	128d504	57.59	0	0	
G	128e7e4	57.59	0	0	
G	13bb814	57.59	0	1	
G	1831ca0	57.59	0	0	
G	11aaf9c	57.61	0	40	
G	1255628	57.61	1	60	
G	128e724	57.61	0	0	
G	132c4e0	57.61	0	0	
G	1c28194	57.61	0	0	
G	1c2851c	57.61	0	0	
G	1c2acd8	57.61	0	0	
G	1c2adec	57.61	0	0	
G	1e8c268	57.61	0	0	
G	231a050	57.61	0	0	
G	231a3a4	57.61	5	7	
G	231a754	57.61	0	0	
G	1254100	57.62	0	0	
G	1f60bb4	57.62	0	0	
G	1f623b0	57.62	15	17	
G	1f6ae58	57.62	0	5	
G	1f6b97c	57.62	6	6	
G	1f6192c	57.63	2	2	
G	1f73924	57.63	3	3	
G	2040dc8	57.64	0	0	
G	20410d8	57.64	0	0	
G	2041400	57.64	0	0	
G	11a88ac	57.65	0	0	
G	1262480	57.66	0	0	
G	12312ac	57.67	0	0	
G	128ee2c	57.67	0	0	
G	128ba8c	57.68	1	2	
G	128e104	57.68	0	0	
G	21271e0	57.73	0	0	
G	2127ab4	57.73	1	1	
G	124c7b0	57.78	1	1	
G	1263528	57.78	0	0	
G	1190108	57.85	1	1	
G	1190e84	57.85	0	0	
G	1f60c10	57.85	0	0	
G	119ad20	57.87	0	0	
G	119bcf0	57.87	1	1	
G	123c7fc	57.88	1	1	
G	123e1f8	57.88	0	0	
G	13bb238	57.88	0	1	
G	123cd30	57.89	1	5	
G	1f8ccdc	57.90	0	0	
G	1f9f4d8	57.90	0	1	
G	2038598	57.90	0	0	
G	2038890	57.90	0	0	
G	2038b84	57.90	0	0	
G	11d04a0	57.94	0	0	
G	123bbf4	57.94	0	0	
G	1251160	57.94	1	1	
G	128eaa0	57.94	0	0	
G	1831dc0	57.94	0	0	
G	1838c68	57.94	0	0	
G	184727c	57.94	0	1	
G	1849e34	57.94	0	0	
G	1849e50	57.94	0	0	
G	1254e6c	57.95	0	0	
G	1260654	57.95	0	8	
G	128aaa4	57.95	1	6	
G	12e7f3c	57.95	2	7	
G	13124c4	57.95	0	0	
G	132ce44	57.95	0	0	
G	1e95c7c	57.95	0	0	
G	12607f8	57.96	1	1	
G	12e7224	57.96	1	1	
G	132e7cc	57.96	0	0	
G	1f9f57c	57.98	1	1	
G	2068f98	57.98	3	3	
G	206923c	57.98	4	7	
G	2069ae8	57.98	0	0	
G	236498c	57.99	8	8	
G	2365404	57.99	0	0	
G	123b710	58.09	0	0	
G	11d8cb8	58.28	1	1	
G	11e0510	58.28	0	0	
G	126ee6c	58.28	1	8	
G	126f424	58.28	0	0	
G	126f42c	58.28	0	0	
G	126f468	58.28	0	0	
G	131230c	58.28	0	0	
G	2075bac	58.28	0	3	
G	2081248	58.28	1	3	
G	20815e0	58.28	2	2	
G	1235c7c	58.29	0	0	
G	1237220	58.29	0	0	
G	123729c	58.29	0	0	
G	12414b4	58.29	0	0	
G	12416fc	58.29	0	38	
G	12ea1ac	58.29	1	2	
G	1235668	58.34	0	0	
G	1241810	58.34	1	1	
G	1242278	58.34	4	11	
G	12428e0	58.34	0	0	
G	1242d8c	58.34	0	0	
G	1242eac	58.34	1	1	
G	1295240	58.34	0	0	
G	20762fc	58.34	1	16	
G	2087694	58.34	3	4	
G	11df67c	58.35	1	1	
G	2087934	58.35	1	1	
G	11d90cc	58.36	0	0	
G	11e0f0c	58.36	0	0	
G	11e0f10	58.38	0	0	
G	1199dc8	58.46	0	0	
G	1199f4c	58.47	0	0	
G	1199f84	58.47	0	0	
G	1239168	58.47	0	0	
G	1239e00	58.47	1	1	
G	11d8f14	58.49	2	2	
G	11d9198	58.49	0	0	
G	1255dcc	58.49	0	3	
G	1255fc4	58.49	0	0	
G	11a3668	58.50	1	1	
G	11a74fc	58.50	0	0	
G	11a75f0	58.50	0	0	
G	1234bd0	58.50	0	0	
G	1242950	58.50	1	1	
G	1243008	58.50	0	1	
G	1243048	58.50	0	0	
G	12545c8	58.50	1	2	
G	1254b64	58.50	0	0	
G	12560f0	58.50	1	2	
G	13b9f88	58.50	0	0	
G	1e94498	58.50	1	1	
G	119d3f4	58.51	0	0	
G	1257330	58.51	4	9	
G	1259420	58.51	0	0	
G	12595d0	58.51	0	0	
G	126f714	58.51	0	0	
G	13bc778	58.51	0	9	
G	13bd670	58.51	0	0	
G	182a548	58.51	2	2	
G	119d7a0	58.52	0	0	
G	1240b2c	58.52	0	3	
G	12413d4	58.52	0	0	
G	1259f40	58.52	0	3	
G	13bc078	58.52	0	3	
G	11fa088	58.53	0	0	
G	1240bc4	58.53	3	4	
G	1261124	58.53	0	0	
G	128ea0c	58.53	0	0	
G	128ecb8	58.53	0	0	
G	12bccac	58.53	0	0	
G	1e61530	58.53	1	1	
G	128b4e0	58.54	1	3	
G	129541c	58.54	0	0	
G	212aa60	58.54	2	2	
G	21ae694	58.54	16	19	
G	118ef20	58.58	0	0	
G	118fbe0	58.58	0	0	
G	11d9058	58.58	0	0	
G	11ab3a0	58.66	0	0	
G	11ab3a8	58.66	0	0	
G	1234bcc	58.66	0	0	
G	1e8c670	58.66	0	0	
G	1e8ed34	58.66	1	1	
G	128edf8	58.72	0	0	
G	184277c	58.81	0	0	
G	1842798	58.81	0	0	
G	212a37c	58.84	1	2	
G	11a8c4c	58.93	0	0	
G	12371ec	58.93	0	0	
G	12415fc	58.93	0	0	
G	1289ed0	58.94	0	0	
G	1289ef4	58.94	0	0	
G	11de958	58.96	1	1	
G	18427a0	58.96	0	0	
G	119d5d0	59.06	1	1	
G	128eecc	59.06	0	0	
G	1848b20	59.30	0	0	
G	123c5bc	59.33	0	1	
G	123c7e4	59.33	0	1	
G	1260ac4	59.33	1	1	
G	1831ef4	59.33	0	0	
G	118f6b8	59.37	0	0	
G	118f844	59.37	0	0	
G	118fb50	59.37	0	0	
G	11a8964	59.41	0	0	
G	11a8a20	59.41	0	0	
G	125f8c0	59.43	1	1	
G	11a894c	59.50	0	0	
G	11a8b2c	59.50	0	0	
G	11a95a8	59.50	0	0	
G	1f9f49c	59.50	0	0	
G	202a5d4	59.50	0	0	
G	202de20	59.50	0	0	
G	202dee4	59.50	0	0	
G	20370b0	59.50	0	0	
G	2038ae8	59.50	0	0	
G	203ac34	59.50	0	0	
G	203e6d0	59.50	0	0	
G	203fb64	59.50	0	0	
G	20413c4	59.50	0	0	
G	20426a8	59.50	0	0	
G	204434c	59.50	0	0	
G	2045884	59.50	0	0	
G	204706c	59.50	0	0	
G	2048d94	59.50	0	0	
G	204a2a8	59.50	0	0	
G	2069a38	59.50	0	0	
G	2388a08	59.51	0	0	
G	118fc68	59.74	1	1	
G	20699a4	59.84	0	0	
G	1235804	59.85	0	0	
G	123583c	59.85	0	0	
G	1241ae0	59.85	1	2	
G	118ee6c	59.90	0	0	
G	123be00	60.02	0	0	
G	123bf04	60.02	1	1	
G	1fb4514	60.03	0	0	
G	1fb93d0	60.03	0	0	
G	1fc1500	60.03	0	0	
G	1fc2650	60.03	0	0	
G	23c3f2c	60.04	0	0	
G	24bd444	60.04	1	2	
G	12356b4	60.17	0	0	
G	1235874	60.17	1	1	
G	12358b4	60.17	0	0	
G	1242fb0	60.17	0	1	
G	1289efc	60.53	0	0	
G	1840284	60.89	0	0	
G	123e2e0	62.08	1	1	
G	123e570	62.08	0	1	
G	1fb8188	62.20	0	0	
G	222d808	62.95	0	0	
G	11c8c78	63.03	0	0	
G	11c8c94	63.03	0	0	
G	1829b88	63.03	0	0	
G	1831fe8	63.03	0	0	
G	1833420	63.03	0	0	
G	1833838	63.03	0	0	
G	18340e8	63.03	1	1	
G	1845330	63.03	1	2	
G	1845c50	63.03	0	0	
G	1848dc8	63.03	0	0	
G	1848ef8	63.03	0	0	
G	1def90c	63.03	0	0	
G	1df4ff4	63.03	0	0	
G	1df5054	63.03	0	0	
G	1eb9c58	63.03	0	0	
G	1f6c048	64.87	0	0	
G	11c8c9c	65.20	0	0	
G	1848f38	65.20	1	1	
G	11a236c	65.21	0	0	
G	18057fc	66.24	0	0	
G	1e8c628	66.24	0	0	
G	1e8c6b4	66.24	0	0	
G	1e8ee54	66.24	0	0	
G	18381a8	66.25	1	1	
G	1845d8c	66.25	0	0	
G	1198f38	66.27	1	1	
G	1241424	66.27	0	0	
G	1252e74	66.27	0	0	
G	1289eec	66.27	0	0	
G	1289fec	66.27	0	0	
G	128f3bc	66.27	1	1	
G	1230cec	66.29	0	0	
G	1230e34	66.29	1	1	
G	1293e50	66.29	1	1	
G	2333310	66.29	1	1	
G	213b828	66.30	0	0	
G	11cecc4	66.31	1	1	
G	1fa8830	66.41	0	0	
G	1fb3308	66.41	0	0	
G	20a0b68	66.44	0	0	
G	2332a7c	66.46	0	0	
G	2333de0	66.46	0	0	
G	23341c4	66.46	0	0	
G	233f3b0	66.48	0	1	
G	234262c	66.48	1	1	
G	2344114	66.48	0	0	
G	12bd018	66.53	0	0	
G	21cbaa0	67.06	2	2	
G	2350200	67.06	0	0	
G	21ca21c	67.07	0	0	
G	1289540	67.32	0	0	
G	128ca34	67.32	0	0	
G	128f894	67.32	0	0	
G	1840f48	67.34	1	1	
G	1841200	67.34	0	1	
G	11d2420	69.25	0	0	
G	11d251c	69.25	0	0	
G	125986c	69.25	1	1	
G	126f9cc	69.25	0	0	
G	1f68f68	69.25	0	0	
G	1f6ae00	69.25	0	0	
G	12411b0	69.26	0	0	
G	12411f8	69.26	1	1	
G	128efd0	69.26	0	0	
G	13bc20c	69.26	1	1	
G	1241484	69.27	0	0	
G	128c290	69.28	1	1	
G	1259a24	69.45	0	0	
G	126fcb4	69.45	0	0	
G	12407cc	69.46	0	0	
G	13bbe08	69.46	0	0	
G	1240818	69.47	0	0	
G	124d1c8	69.47	0	0	
G	128eb50	69.47	0	0	
G	128b2f0	69.48	1	1	
G	1239784	69.50	0	0	
G	12413f4	69.52	0	0	
G	118e2a8	70.40	0	0	
G	1496008	70.99	0	0	
G	1496024	70.99	0	0	
G	16c2ca0	70.99	0	1	
G	16c5328	70.99	1	1	
G	16c54d4	70.99	0	0	
G	13c68ac	71.13	0	0	
G	13f5a40	71.13	0	0	
G	13f5b1c	71.13	0	0	
G	13f5f64	71.13	0	0	
G	13f89d0	71.13	0	0	
G	140227c	71.13	0	0	
G	152f550	71.13	1	1	
G	152fafc	71.13	0	1	
G	152fc80	71.13	1	1	
G	153058c	71.13	1	1	
G	1530918	71.13	0	0	
G	1530c60	71.13	0	0	
G	1531b4c	71.13	0	0	
G	16c32a4	71.13	0	0	
G	13c64dc	71.14	1	2	
G	13c67a0	71.14	0	0	
G	1527518	71.14	0	0	
G	1527624	71.14	0	0	
G	1527874	71.14	1	1	
G	1527f68	71.14	1	1	
G	1528574	71.14	0	0	
G	1528768	71.14	0	0	
G	1528c20	71.14	0	0	
G	1528c2c	71.14	0	0	
G	1528d0c	71.14	0	0	
G	1529300	71.14	0	0	
G	1529abc	71.14	0	0	
G	1529ac8	71.14	0	0	
G	1529d04	71.14	0	1	
G	1529e8c	71.14	1	1	
G	152a128	71.14	0	0	
G	152a2ec	71.14	0	0	
G	1594158	71.14	0	0	
G	15941d0	71.14	0	0	
G	159424c	71.14	0	0	
G	11a235c	73.57	0	0	
G	1828c4c	73.57	0	0	
G	1829078	73.57	0	0	
G	12410cc	75.33	0	7	
G	125bc00	75.33	0	0	
G	128eed4	75.33	0	0	
G	1294bf4	75.33	1	1	
G	1848ab4	75.33	0	0	
G	124146c	75.34	0	0	
G	12600f0	75.35	0	0	
G	128c10c	75.35	2	2	
G	122ea60	75.37	1	4	
G	1230f4c	75.37	0	0	
G	1230f94	75.37	1	1	
G	12941d0	75.37	0	0	
G	129a664	75.37	0	2	
G	1e5a050	75.37	0	0	
G	1e61adc	75.37	0	0	
G	1e715c8	75.37	0	1	
G	20e5ed8	75.37	1	11	
G	231c1a0	75.37	2	3	
G	235007c	75.37	3	3	
G	1838c5c	75.38	0	0	
G	183fc40	82.69	0	0	
G	12c66fc	83.77	0	0	
G	12c672c	83.77	0	0	
G	12c6990	83.77	1	1	
G	148fcf4	83.77	0	0	
G	1965264	83.77	0	0	
G	129a3dc	83.82	0	1	
G	21d4864	83.98	0	0	
G	129a314	83.99	0	0	
G	129a3a8	83.99	0	0	
G	2129d18	84.06	1	1	
G	24c6210	84.06	0	0	
G	1745d1c	84.09	0	0	
G	1d11db8	84.09	1	1	
G	1d121d8	84.09	1	8	
G	1d1e9ec	84.10	0	0	
G	1d1a3e4	84.11	4	8	
G	11987c0	84.13	0	0	
G	11987cc	84.13	0	0	
G	11b8b74	84.13	0	0	
G	11b8c20	84.13	1	1	
G	11c3a94	84.13	0	0	
G	11d4e14	84.13	0	0	
G	11d5c90	84.13	0	0	
G	1230a00	84.13	0	0	
G	1230a0c	84.13	0	0	
G	12bc968	84.13	0	0	
G	12bc974	84.13	0	0	
G	12e0e7c	84.13	0	0	
G	12e0e88	84.13	0	0	
G	13086e0	84.13	0	0	
G	1308714	84.13	0	0	
G	11ca060	84.14	0	3	
G	11ca0cc	84.14	0	2	
G	11d974c	84.14	0	0	
G	11ded14	84.14	0	0	
G	129fcec	84.14	0	0	
G	129fe28	84.14	0	0	
G	1820f74	84.14	0	0	
G	1ecfa0c	84.19	1	1	
G	1820f90	84.21	0	0	
G	1843328	84.24	0	0	
G	184a1fc	84.24	0	0	
G	184aaf4	84.24	0	0	
G	1850dac	84.24	0	0	
G	1ca4394	84.24	0	0	
G	139b040	84.28	2	5	
G	139b68c	84.28	2	2	
G	139d26c	84.28	0	0	
G	170582c	84.28	0	0	
G	173b300	84.28	3	3	
G	1d12b10	84.28	8	63	
G	139c4ac	84.29	0	1	
G	1d207cc	84.29	0	0	
G	1d207e8	84.29	0	0	
G	1d208bc	84.29	0	0	
G	1d208d8	84.29	0	0	
G	1d20990	84.29	0	0	
G	1d209ac	84.29	0	0	
G	1d20ca0	84.29	0	0	
G	1d20cbc	84.29	0	0	
G	13ff774	84.30	1	1	
G	151dcc0	84.30	0	0	
G	15dcca0	84.30	0	0	
G	15dcca4	84.30	0	0	
G	1628f94	84.30	0	0	
G	1628f98	84.30	0	0	
G	1631024	84.30	0	0	
G	1631028	84.30	0	0	
G	16c8d58	84.30	0	2	
G	16d1b00	84.30	0	0	
G	16d5090	84.30	1	1	
G	16d6c58	84.30	1	1	
G	16e4594	84.30	0	0	
G	170fa6c	84.30	0	10	
G	170fe2c	84.30	1	1	
G	174f840	84.30	0	3	
G	1752238	84.30	1	1	
G	1752564	84.30	0	9	
G	1780efc	84.30	0	0	
G	1af3658	84.30	0	10	
G	1af3904	84.30	0	0	
G	1af3c88	84.30	0	0	
G	1af3db8	84.30	0	12	
G	1af47ac	84.30	0	6	
G	1af5740	84.30	0	0	
G	1af59b8	84.30	0	0	
G	1af6698	84.30	0	0	
G	1d20d2c	84.30	1	1	
G	1dc3884	84.30	0	0	
G	13ff5a0	84.31	0	0	
G	1704a20	84.31	0	0	
G	1af344c	84.31	0	0	
G	1af4a1c	84.31	0	0	
G	1af88dc	84.31	0	0	
G	1af93f8	84.31	0	0	
G	1afa280	84.31	1	1	
G	1d189d4	84.31	2	2	
G	1dc3a60	84.31	0	0	
G	1df2fb8	84.31	0	0	
G	1e9fe84	84.31	0	0	
G	114fcc8	84.32	0	2	
G	15966bc	84.32	0	0	
G	1612ec4	84.32	0	0	
G	1612ec8	84.32	1	1	
G	163db24	84.32	0	0	
G	163db28	84.32	0	0	
G	171b4b0	84.32	1	1	
G	1723978	84.32	0	0	
G	1727d74	84.32	0	0	
G	17288f8	84.32	1	3	
G	1728fe8	84.32	0	1	
G	17335d0	84.32	1	1	
G	1af4c8c	84.32	1	5	
G	1af5414	84.32	1	1	
G	1afa92c	84.32	0	0	
G	1d214d4	84.32	0	0	
G	1d218a0	84.32	1	1	
G	1dd8ce0	84.32	0	0	
G	1df79e0	84.32	0	0	
G	1328dd8	84.33	1	1	
G	1729f00	84.33	0	0	
G	1729ff4	84.33	0	10	
G	172b0f8	84.33	0	0	
G	172bae0	84.33	0	0	
G	172d678	84.33	0	0	
G	172d758	84.33	0	0	
G	199cd8c	84.33	0	0	
G	1d21ea0	84.33	0	0	
G	1d21ebc	84.33	0	0	
G	1dc2de8	84.33	0	0	
G	1dd7394	84.33	0	0	
G	1dd7424	84.33	0	0	
G	1dd7858	84.33	1	1	
G	1dd8694	84.33	0	0	
G	1dd8dfc	84.33	1	3	
G	1dd7568	84.34	0	0	
G	1eb9d38	84.34	0	0	
G	1ec313c	84.34	0	0	
G	21bd6d4	84.34	0	0	
G	18206f0	84.35	0	0	
G	1820f24	84.35	0	0	
G	21bd59c	84.35	0	0	
G	21bd5b4	84.35	2	2	
G	21bd7d8	84.37	1	1	
G	1d22288	84.62	0	0	
G	1d222a4	84.62	0	0	
G	1d222ac	84.77	0	0	
G	1d22464	84.78	0	0	
G	1d22480	84.78	0	0	
G	1d1e9a4	85.10	0	0	
G	1d22488	85.10	1	1	
G	1d1cf98	85.12	1	3	
G	1d1ea3c	85.12	0	2	
G	1d22f38	85.12	0	0	
G	1d22f40	85.12	0	2	
G	1d241d4	85.12	1	1	
G	1d22f1c	85.14	0	0	
G	2127808	86.57	0	0	
G	180cb6c	87.19	0	0	
G	1d23470	87.19	0	0	
G	1d2348c	87.19	0	0	
G	1d207f0	87.31	0	0	
G	1d23494	87.70	0	0	
G	1d208e0	91.93	0	0	
G	1d236b0	91.93	0	0	
G	1d236cc	91.93	0	0	
G	180cce4	92.00	1	1	
G	1d236d4	92.00	0	1	
G	1d2387c	92.00	0	0	
G	1d23898	92.00	0	0	
G	1d238a0	92.15	0	1	
G	1d239cc	92.15	0	0	
G	1d239e8	92.15	0	0	
G	1d239f0	92.46	0	0	
G	1d1e400	92.48	0	0	
G	1d202c0	92.48	0	0	
G	1d20cc4	96.57	0	0	
G	1d240d0	96.57	0	0	
G	1d240ec	96.57	0	0	
G	199a71c	96.63	1	1	
G	1d240f4	96.63	0	1	
G	181f1b0	96.99	0	0	
G	199824c	96.99	0	0	
G	19984f4	96.99	0	3	
G	199cb98	96.99	1	1	
G	181f3c4	97.00	0	0	
G	199aff8	97.00	0	1	
G	1d245b8	97.05	1	1	
G	1d12b08	97.07	0	0	
G	21bd844	97.07	0	2	
G	1eb5b34	97.08	0	1	
G	1eb5b8c	97.08	0	0	
G	1d11efc	97.10	0	0	
G	1d12188	97.10	1	1	
G	1998688	97.17	1	6	
G	1721b28	97.18	0	0	
G	1721b2c	97.18	0	0	
G	199860c	97.18	0	1	
G	199d3b8	97.18	0	0	
G	199d3d4	97.18	0	0	
G	17bd740	97.24	1	1	
G	1d94adc	97.24	0	0	
G	17bdcac	97.26	0	0	
G	1998678	97.26	0	0	
G	12c6f30	97.29	0	1	
G	17bd694	97.29	0	0	
G	181f1b4	97.29	0	0	
G	199837c	97.29	0	0	
G	19984a4	97.29	0	0	
G	1e4851c	97.29	1	1	
G	1eb9b64	104.71	1	1	
G	1ec2720	104.71	0	0	
G	17c3708	110.49	0	0	
G	19b9294	110.51	0	6	
G	1a487f8	110.51	0	0	
G	1dc41b0	110.51	1	5	
G	19b976c	110.52	4	39	
G	19ea724	110.52	0	8	
G	1d27300	110.52	0	0	
G	19ec1f4	110.53	0	0	
G	19ec210	110.53	0	0	
G	19ec2b0	110.53	0	0	
G	19ec2cc	110.53	0	0	
G	1a488cc	110.54	0	1	
G	1497a7c	110.56	0	0	
G	1497a98	110.56	0	0	
G	19c2c18	110.56	14	729	
G	19d81bc	110.56	0	0	
G	19d85d4	110.56	0	0	
G	19d85e8	110.56	0	0	
G	19d85f0	110.56	0	0	
G	19d869c	110.56	0	0	
G	19d86b8	110.56	0	0	
G	1404064	110.62	1	1	
G	15015f4	110.62	0	0	
G	1501740	110.62	0	0	
G	1547de8	110.62	1	1	
G	1547ebc	110.62	0	0	
G	1547fbc	110.62	0	0	
G	15486cc	110.62	0	0	
G	15486d0	110.62	0	0	
G	15486dc	110.62	1	1	
G	15488ec	110.62	1	1	
G	1548ef8	110.62	0	0	
G	1549448	110.62	0	0	
G	19d86c0	110.63	0	0	
G	1ea8950	110.68	0	1	
G	1ebd428	110.68	1	1	
G	1ebdb98	110.68	0	0	
G	1ebee10	110.68	0	0	
G	1ebee2c	110.68	0	0	
G	1ebeed0	110.68	0	0	
G	1ebeeec	110.68	0	0	
G	1ebef88	110.68	0	0	
G	1ebefa4	110.68	0	0	
G	1ebf0e0	110.68	0	1	
G	1ec0540	110.68	1	1	
G	1ec069c	110.68	0	0	
G	1ec06b8	110.68	0	0	
G	19ea660	110.71	0	0	
G	19eb0ec	110.71	0	0	
G	1a4893c	110.71	0	0	
G	19b9f98	110.78	7	31	
G	19bd444	110.79	0	3	
G	19d87a4	110.79	0	0	
G	19d87c0	110.79	0	0	
G	19d88e8	110.79	0	0	
G	19d8904	110.79	0	0	
G	19d89e4	110.79	0	0	
G	19d8a00	110.79	0	0	
G	19d9ac0	110.79	0	0	
G	19d9adc	110.79	0	0	
G	19da360	110.79	0	0	
G	19da37c	110.79	0	0	
G	19da46c	110.79	0	0	
G	19da488	110.79	0	0	
G	19dab4c	110.79	0	0	
G	19dab68	110.79	0	0	
G	19dac24	110.79	0	0	
G	19dac40	110.79	0	0	
G	19dacb8	110.79	0	0	
G	19dacd4	110.79	0	0	
G	19dad4c	110.79	0	0	
G	19dad68	110.79	0	0	
G	19dafb4	110.79	0	0	
G	19dafd0	110.79	0	0	
G	1dd1690	110.79	2	3	
G	1dd2824	110.79	0	0	
G	1e051cc	110.79	0	0	
G	1ea9a28	110.79	0	1	
G	1eaa0d8	110.79	0	0	
G	1eaa0fc	110.79	0	0	
G	1eaa324	110.79	0	0	
G	1eaa340	110.79	0	0	
G	1eb0bb8	110.79	0	0	
G	1eb0c10	110.79	0	0	
G	1ebfca8	110.79	0	0	
G	19d8a08	110.81	2	9	
G	1def944	110.81	0	0	
G	1d2869c	110.92	1	1	
G	1d96078	110.92	0	0	
G	159e8ec	110.94	0	0	
G	15cc260	110.94	0	0	
G	19c3cc0	110.94	2	166	
G	1ddc488	110.94	2	124	
G	15cc264	111.03	0	0	
G	1e077f4	111.03	0	0	
G	163c0c4	111.04	0	0	
G	185a334	111.04	1	1	
G	185ab70	111.04	0	0	
G	1dd9cbc	111.04	0	15	
G	1dd9e2c	111.04	1	1	
G	1dd9f64	111.04	0	3	
G	163c0c8	111.05	0	0	
G	1763ae4	111.05	0	0	
G	19c8cdc	111.05	0	0	
G	19c9040	111.05	2	26	
G	19c9510	111.05	0	0	
G	19c9698	111.05	3	31	
G	19ca428	111.05	0	1	
G	19ca8f8	111.05	0	0	
G	19e0560	111.05	1	1	
G	19e07a4	111.05	0	0	
G	1dda0d4	111.05	0	0	
G	1df0844	111.05	0	25	
G	1df0bd0	111.05	0	0	
G	19b8d4c	111.06	0	2	
G	19cabf8	111.06	0	0	
G	19cc178	111.06	0	0	
G	19dde78	111.06	0	0	
G	19e2450	111.06	1	2	
G	19e25c0	111.06	1	1	
G	19e2d98	111.06	0	0	
G	19c0f00	111.07	0	0	
G	19c92e4	111.07	0	0	
G	19d4514	111.07	0	0	
G	19d4890	111.07	0	0	
G	19ddfc8	111.07	0	0	
G	19de168	111.07	0	0	
G	159ea28	111.10	0	0	
G	19c4500	111.10	2	46	
G	19e4100	111.10	0	0	
G	19e410c	111.10	0	0	
G	15a6a2c	111.14	0	1	
G	16478f4	111.14	0	0	
G	16478f8	111.14	0	0	
G	19c4aec	111.14	0	4	
G	19cb324	111.14	2	3	
G	19cbaf8	111.14	0	4	
G	19cbd8c	111.14	0	0	
G	19e09a8	111.14	0	0	
G	19e0ac8	111.14	0	0	
G	19e14c8	111.14	1	1	
G	19e1978	111.14	0	1	
G	159cf6c	111.15	0	0	
G	1676abc	111.15	0	0	
G	1676bc8	111.15	0	0	
G	1676bcc	111.15	0	0	
G	19bd074	111.15	0	1	
G	19be09c	111.15	1	1	
G	19be554	111.15	1	1	
G	19c4bd4	111.15	0	2	
G	19de31c	111.15	1	1	
G	19def94	111.15	0	0	
G	19e0978	111.15	0	0	
G	19e0984	111.15	0	0	
G	1dc59a4	111.15	0	2	
G	1dc5b84	111.15	0	13	
G	1ddad34	111.15	1	2	
G	1763af4	111.16	0	0	
G	19c1ae4	111.16	1	3	
G	1eb63b0	111.16	0	0	
G	19dc830	111.45	0	0	
G	19dc84c	111.45	0	0	
G	19dc854	111.68	0	0	
G	19d890c	121.55	0	0	
G	1ebee34	125.09	0	0	
G	1ebefac	125.10	1	1	
G	1740790	125.17	0	0	
G	19c8830	125.17	0	0	
G	19d9ae4	125.17	1	1	
G	19dd5b4	125.17	0	0	
G	19dd5d0	125.17	0	0	
G	1eaa104	125.17	0	1	
G	1ebeef4	125.17	0	0	
G	19be7c0	125.41	0	0	
G	19bec44	125.41	0	0	
G	19beef4	125.41	1	4	
G	19bf290	125.41	0	12	
G	19bf384	125.41	0	1	
G	19bf4c8	125.41	0	0	
G	19bf760	125.41	1	6	
G	19bfd1c	125.41	0	1	
G	19c1c44	125.41	1	1	
G	19c1dc8	125.41	0	0	
G	19cd7ac	125.41	0	5	
G	19dd5d8	125.41	0	0	
G	19cebe4	125.42	2	2	
G	19e37bc	125.42	0	0	
G	19e37e0	125.42	0	0	
G	19c1638	125.78	1	1	
G	19c1764	125.82	0	0	
G	19d3cb8	125.82	0	0	
G	19c56a8	125.83	0	0	
G	19c0684	125.84	0	0	
G	19e37e8	129.79	0	10	
G	19c081c	129.80	0	0	
G	19c0b54	129.80	0	10	
G	19c0ce0	129.80	0	0	
G	19e98e0	129.80	0	0	
G	19eac94	129.80	1	7	
G	1807720	132.83	1	1	
G	180a3c0	132.83	0	0	
G	180a3c8	132.83	0	0	
G	19ec2d4	132.83	0	0	
G	1e8c6bc	132.83	0	0	
G	19ec36c	133.16	0	0	
G	19ec388	133.16	0	0	
G	14979ec	133.33	0	0	
G	1497a08	133.33	0	0	
G	19c1f1c	133.33	1	2	
G	19c26a4	133.33	1	1	
G	19dbed0	133.33	0	0	
G	19dc11c	133.33	0	0	
G	19dc140	133.33	0	0	
G	19dc380	133.33	0	0	
G	19dc39c	133.33	0	0	
G	19ec390	133.33	0	0	
G	1402ce8	133.35	1	1	
G	1541b4c	133.35	0	1	
G	1541c98	133.35	1	1	
G	15447a0	133.35	1	2	
G	1544b08	133.35	0	0	
G	1544e78	133.35	1	1	
G	13f7074	133.36	1	1	
G	14031a0	133.36	0	0	
G	140364c	133.36	0	0	
G	140f120	133.36	1	1	
G	140f490	133.36	0	0	
G	140f808	133.36	0	0	
G	154f8f4	133.36	0	0	
G	1550a50	133.36	0	0	
G	1550c30	133.36	0	0	
G	1948c88	133.37	0	3	
G	1952900	133.37	0	0	
G	19d0744	133.37	0	12	
G	19dc3a4	133.37	0	12	
G	1ce35dc	133.37	0	0	
G	1ce3b20	133.37	1	11	
G	19bd754	133.38	1	1	
G	19c5fd8	133.38	9	120	
G	19d0a10	133.38	0	0	
G	1ce4bb4	133.38	0	1	
G	1ce3df0	133.55	0	2	
G	1ce474c	133.55	1	1	
G	1ce5814	133.55	0	0	
G	1ceaac8	133.55	0	6	
G	1ceaba4	133.55	0	0	
G	1ceb214	133.55	1	5	
G	1cedef8	133.55	0	0	
G	1cee448	133.55	0	0	
G	1cee464	133.55	0	0	
G	1cee8d4	133.55	0	0	
G	1cee8f0	133.55	0	0	
G	1cee964	133.55	0	0	
G	1cee980	133.55	0	0	
G	1ceea08	133.55	1	1	
G	1ceea24	133.55	0	0	
G	1ceea94	133.55	0	0	
G	1ceeab0	133.55	0	0	
G	1ceeb34	133.55	0	0	
G	1ceeb50	133.55	0	0	
G	1ceebc4	133.55	0	0	
G	1ceebe0	133.55	0	0	
G	1cf0528	133.55	2	2	
G	114a35c	133.56	1	7	
G	165a770	133.56	0	0	
G	165a774	133.56	0	0	
G	1ce9404	133.56	0	1	
G	1ce953c	133.56	0	0	
G	1cedde0	133.56	0	0	
G	1cf0698	133.56	0	0	
G	1dd8790	133.56	0	0	
G	1dd884c	133.56	0	1	
G	1e0c968	133.56	0	0	
G	1e0d9e8	133.56	1	3	
G	1e0db40	133.56	0	0	
G	1e0deac	133.56	0	2	
G	1e0edbc	133.56	0	0	
G	1e123b4	133.56	1	1	
G	1e12b5c	133.57	0	0	
G	1e12b68	133.57	0	0	
G	114b128	133.74	3	37	
G	1dc2b74	133.75	0	0	
G	206dea8	133.86	0	0	
G	12946b4	134.13	0	1	
G	1f8633c	134.13	0	1	
G	1f86518	134.13	1	1	
G	1f866f4	134.13	1	1	
G	1fa0270	134.13	0	0	
G	1fa04dc	134.13	0	0	
G	1fa3790	134.13	0	0	
G	1fca6c8	134.13	0	0	
G	1fccf18	134.13	1	1	
G	1fcd3b0	134.13	0	0	
G	2237d20	134.14	14	14	
G	114c5c0	134.39	3	48	
G	19dad70	140.51	2	2	
G	1e55d24	140.68	0	0	
G	129475c	149.74	0	0	
G	1fa37c8	151.53	0	0	
G	1fca700	151.53	0	0	
G	1fcd3e8	151.53	0	0	
G	1e5a140	151.55	1	1	
G	1e73348	151.55	0	0	
G	12f0408	151.77	3	19	
G	132ab10	151.77	0	0	
G	12e630c	151.78	0	5	
G	160be08	151.78	0	0	
G	160be0c	151.78	0	0	
G	1288450	151.79	1	1	
G	19cf35c	153.47	0	3	
G	1cead94	153.47	1	1	
G	19d05fc	153.48	1	1	
G	1ceae00	153.48	0	0	
G	19d03a4	153.83	0	0	
G	132ac28	157.52	0	0	
G	19dafd8	161.76	0	0	
G	1895c7c	162.32	0	0	
G	19c77f0	162.32	0	10	
G	19d14c8	162.32	0	0	
G	19eedc0	162.32	0	0	
G	1ce7238	162.32	0	0	
G	1ce7e1c	162.32	1	10	
G	170ec30	162.33	0	1	
G	170ed0c	162.33	1	1	
G	170f754	162.33	1	1	
G	170f944	162.33	0	3	
G	1ce5ff4	162.33	0	0	
G	1ce7508	162.33	0	0	
G	1ce8514	162.33	0	0	
G	1ce85c0	162.33	0	0	
G	1ce87ec	162.33	0	0	
G	1ce9694	162.33	0	0	
G	1ce9820	162.33	1	7	
G	1ce9cd0	162.33	1	2	
G	19dca90	162.34	0	0	
G	19dcaac	162.34	0	0	
G	1ce4ce4	162.34	0	0	
G	1ce5a44	162.34	0	0	
G	1ceac68	162.34	0	0	
G	1ceddd0	162.34	0	0	
G	1cee46c	167.39	0	7	
G	1cef534	167.39	0	0	
G	1cef550	167.39	0	0	
G	1cef558	168.21	0	0	
G	172dfe8	172.02	0	0	
G	1952938	172.02	1	1	
G	1ce6b40	172.02	0	0	
G	1cee3bc	172.02	0	1	
G	19c7b4c	172.03	0	0	
G	19cc610	172.03	0	1	
G	19ccc24	172.03	0	0	
G	19cce3c	172.03	1	1	
G	1ea8a54	172.08	0	0	
G	1eb0b7c	172.08	0	0	
G	1ebd988	172.08	0	0	
G	1ebf8bc	172.08	0	0	
G	1ebf980	172.08	0	0	
G	1593450	172.13	0	0	
G	1710168	172.13	0	0	
G	1cbb1f0	172.13	0	0	
G	1ce3984	172.13	0	0	
G	1ce3ad0	172.13	0	0	
G	19ef10c	175.57	0	0	
G	1e9ee68	175.57	0	1	
G	1807670	175.65	0	0	
G	19eee60	175.65	1	1	
G	19eefc4	175.65	0	4	
G	1dc2214	175.65	0	3	
G	19ef2f0	175.66	0	0	
G	1eb9c74	175.66	0	0	
G	19db380	176.06	0	0	
G	19db808	176.06	0	0	
G	1e04c20	176.06	0	0	
G	1e05008	176.06	0	0	
G	17c370c	176.16	0	0	
G	19b9484	176.16	0	2	
G	19b971c	176.16	0	2	
G	19e9b0c	176.16	0	0	
G	1a48824	176.16	0	0	
G	1d27330	176.16	1	1	
N	<coverage>		3	3	0
N	@0x1149238		226	226	672
N	@0x14954cc		0	6	1
N	@0x1495dec		0	30	1
N	@0x149602c		0	12	1
N	@0x1497a10		0	11	1
N	@0x1498310		0	84	1
N	@0x14983a0		0	3	2
N	AssetPackDownloadState_destroy		0	1	4
N	AssetPackDownloadState_getBytesDownloaded		0	0	4
N	AssetPackDownloadState_getStatus		0	0	4
N	AssetPackDownloadState_getTotalBytesToDownload		0	0	4
N	AssetPackLocation_destroy		0	0	2
N	AssetPackLocation_getAssetsPath		0	0	2
N	AssetPackLocation_getStorageMethod		0	0	2
N	AssetPackManager_getAssetPackLocation		0	0	2
N	AssetPackManager_getDownloadState		0	0	4
N	AssetPackManager_requestDownload		0	0	1
N	AssetPackManager_requestInfo		0	2	1
N	_Z17CreateParticle_MCPKN4Aska3AFF18AsfParticleEmitterEj		0	0	467
N	_Z17CreateParticle_MRPKN4Aska3AFF18AsfParticleEmitterEj		0	0	76
N	_Z18CreateParticle_MCTPKN4Aska3AFF18AsfParticleEmitterEj		0	19	460
N	_Z18CreateParticle_MRCPKN4Aska3AFF18AsfParticleEmitterEj		0	0	460
N	_Z18CreateParticle_MRTPKN4Aska3AFF18AsfParticleEmitterEj		0	0	76
N	_Z18searchByTreeNameExIPN9Framework5Cocos10CCocosNodeEET_S3_PKc		18	18	2861
N	_Z18searchByTreeNameExIPN9Framework5Cocos11CCocosImageEET_PNS1_10CCocosNodeEPKc		2	2	1194
N	_Z18searchByTreeNameExIPN9Framework5Cocos11CCocosLabelEET_PNS1_10CCocosNodeEPKc		0	0	87
N	_Z18searchByTreeNameExIPN9Framework5Cocos11CCocosPanelEET_PNS1_10CCocosNodeEPKc		0	0	194
N	_Z18searchByTreeNameExIPN9Framework5Cocos12CCocosButtonEET_PNS1_10CCocosNodeEPKc		0	0	119
N	_Z18searchByTreeNameExIPN9Framework5Cocos12CCocosSliderEET_PNS1_10CCocosNodeEPKc		0	0	2
N	_Z18searchByTreeNameExIPN9Framework5Cocos12CCocosSpriteEET_PNS1_10CCocosNodeEPKc		0	0	68
N	_Z18searchByTreeNameExIPN9Framework5Cocos14CCocosListViewEET_PNS1_10CCocosNodeEPKc		0	0	13
N	_Z18searchByTreeNameExIPN9Framework5Cocos16CCocosAtlasLabelEET_PNS1_10CCocosNodeEPKc		13	13	6174
N	_Z18searchByTreeNameExIPN9Framework5Cocos16CCocosScrollViewEET_PNS1_10CCocosNodeEPKc		0	0	2
N	_Z18searchByTreeNameExIPN9Framework5Cocos17CCocosProgressBarEET_PNS1_10CCocosNodeEPKc		0	0	50
N	_Z19CreateParticle_MRTCPKN4Aska3AFF18AsfParticleEmitterEj		1	6	76
N	_Z41Function_UpdateHierarchicallyByUsingStackILi256ELb0EEvPN4Aska27HierarchicalObjectContainerE		8	8	27995
N	_ZN10CApiNotify12AddCharacterEv		0	4	2
N	_ZN10CApiNotify12OnMissionEndEPaRj		0	12	1
N	_ZN10CApiNotify14OnGetPlayerResEPaRj		0	6	1
N	_ZN10CApiNotify14OnMissionStartEPaRj		0	30	1
N	_ZN10CApiNotify14OnSaleGachaResEPaRj		0	11	1
N	_ZN10CApiNotify15OnMissionEndResEPaRj		0	12	1
N	_ZN10CApiNotify15UpdateStackItemEv		0	0	4
N	_ZN10CApiNotify17DeserializeToInfoEPaRj		2	160	8
N	_ZN10CApiNotify17OnMissionStartResEPaRj		0	30	1
N	_ZN10CApiNotify17OnNoLoginStartResEPaRj		0	84	1
N	_ZN10CApiNotify18OnGetServerTimeResEPaRj		0	3	2
N	_ZN10CApiNotify19OnGetGachaInDataResEPaRj		0	19	1
N	_ZN10CApiNotify7AddItemEv		0	0	2
N	_ZN10CPauseMenu11RefundInputEv		0	0	1
N	_ZN10CPauseMenu8ProgressEv		6	6	1664
N	_ZN10CPauseMenu9SetEnableEb		0	0	3
N	_ZN10CUIUtility10IsCoinPlusEj		0	0	5
N	_ZN10CUIUtility10IsNEXTPlusEj		0	0	3
N	_ZN10CUIUtility10tListCache10InitializeEjPN9Framework5Cocos14CCocosListViewE		0	0	1
N	_ZN10CUIUtility10tListCache12IsNeedUpdateEjj		0	0	8
N	_ZN10CUIUtility10tListCache5ResetEv		0	0	1
N	_ZN10CUIUtility11GetMaxLevelEv		0	0	11
N	_ZN10CUIUtility11GetSEVolumeEv		0	0	7
N	_ZN10CUIUtility11IsMultiPlayEv		2	2	8123
N	_ZN10CUIUtility11SetBackFlagEPN9Framework5Cocos11CCocosImageE		0	0	8
N	_ZN10CUIUtility11SetSEVolumeEib		0	0	1
N	_ZN10CUIUtility12GetBGMVolumeEv		0	0	2
N	_ZN10CUIUtility12GetCharaFileERKNSt6__ndk112basic_stringIcNS0_11char_traitsIcEEN9Framework13CSTLAllocatorIcNS4_22CSTLStringAllocatorInfEEEEESA_		0	0	56
N	_ZN10CUIUtility12GetFrameRateEv		0	4	2
N	_ZN10CUIUtility12PlaySystemSeEib		0	15	35
N	_ZN10CUIUtility12SetBGMVolumeEib		0	0	1
N	_ZN10CUIUtility12SetBadgeIconEPN9Framework5Cocos10CCocosNodeEjPKcS5_j		0	0	56
N	_ZN10CUIUtility12SetFrameRateENS_13FrameRateTypeEb		0	2	1
N	_ZN10CUIUtility12SetLabelTextEPN9Framework5Cocos11CCocosLabelEPKcb		0	0	3
N	_ZN10CUIUtility12StopSystemSeEiNSt6__ndk16chrono8durationIfNS0_5ratioILl1ELl1000EEEEE		0	0	14
N	_ZN10CUIUtility12tCharaStatus14IsGreaterEqualERKS0_S2_		0	0	8
N	_ZN10CUIUtility12tCharaStatusC1Ev		0	0	8
N	_ZN10CUIUtility13GetResolutionEv		0	0	5
N	_ZN10CUIUtility13IsCampaignAnyERKN9Framework10CSTLVectorIN6Common8Campaign12CampaignTypeEEE		0	0	8
N	_ZN10CUIUtility13IsFooterBadgeEN16CFooterBadgeInfo4TypeENS0_12CategoryTypeEl		0	0	34
N	_ZN10CUIUtility13SetResolutionENS_14ResolutionTypeEbb		0	2	2
N	_ZN10CUIUtility13SetSceneTitleEPN9Framework5Cocos11CCocosSceneEPKcS5_S5_S5_b		0	6	1
N	_ZN10CUIUtility14GetBattleUI_LREv		0	1	4
N	_ZN10CUIUtility14GetEffectAlphaENS_13CharacterTypeE		0	2	18
N	_ZN10CUIUtility14GetVoiceVolumeEv		0	0	7
N	_ZN10CUIUtility14SetVoiceVolumeEib		0	0	1
N	_ZN10CUIUtility15GetNextLevelExpEj		0	1	5
N	_ZN10CUIUtility15GetParticleFlagEv		0	0	5
N	_ZN10CUIUtility15IsFirstDownloadEv		0	0	1
N	_ZN10CUIUtility16GetBorderVisibleEv		0	0	5
N	_ZN10CUIUtility16GetScenePriorityENS_8PriorityE		0	0	66
N	_ZN10CUIUtility16GetSystemMessageERKNSt6__ndk112basic_stringIcNS0_11char_traitsIcEEN9Framework13CSTLAllocatorIcNS4_22CSTLStringAllocatorInfEEEEElPb		0	273	149
N	_ZN10CUIUtility16GetThumbnailPathERKNSt6__ndk112basic_stringIcNS0_11char_traitsIcEEN9Framework13CSTLAllocatorIcNS4_22CSTLStringAllocatorInfEEEEE		0	0	22
N	_ZN10CUIUtility16GetVoiceLanguageEv		0	0	1
N	_ZN10CUIUtility16SetVoiceLanguageEN9CLanguage9tLanguageE		0	1	1
N	_ZN10CUIUtility17GetCameraDistanceEv		0	0	1
N	_ZN10CUIUtility17GetUsePartyAssistEv		0	0	5
N	_ZN10CUIUtility17GetVirtualPadHoldEv		0	0	1
N	_ZN10CUIUtility17SetAtlasLabelTextEPN9Framework5Cocos16CCocosAtlasLabelEPKc		0	0	4
N	_ZN10CUIUtility17SetAtlasLabelTextEPN9Framework5Cocos16CCocosAtlasLabelERKNSt6__ndk112basic_stringIcNS4_11char_traitsIcEENS0_13CSTLAllocatorIcNS0_22CSTLStringAllocatorInfEEEEE		0	0	4
N	_ZN10CUIUtility17SetGalaxyPassIconEPN9Framework5Cocos10CCocosNodeEPKcb		0	0	8
N	_ZN10CUIUtility17SetScrollbarParamEPN9Framework5Cocos12CCocosSliderE		0	0	1
N	_ZN10CUIUtility18GetBattleHitEffectENS_13CharacterTypeE		0	0	15
N	_ZN10CUIUtility18GetBattleSkillInfoENS_13CharacterTypeE		0	0	3
N	_ZN10CUIUtility18GetSeSetTypeEnableENS_13CharacterTypeE		0	4	15
N	_ZN10CUIUtility18IsLocalKVSPlayerIDEv		0	2	4
N	_ZN10CUIUtility18IsResolutionLegacyEv		0	0	1
N	_ZN10CUIUtility19GetMasterParam_RoleEj		0	1	12
N	_ZN10CUIUtility19IsBattleSeReductionEv		0	0	5
N	_ZN10CUIUtility19IsCampaignOnMissionEN6Common8Campaign12CampaignTypeENS0_11MissionTypeE		0	0	24
N	_ZN10CUIUtility19IsDecConsumeStaminaEN6Common11MissionTypeE		0	0	12
N	_ZN10CUIUtility19PlayVoiceFromMenuIDEj		0	8	5
N	_ZN10CUIUtility19SetAtlasLabelNumberEPN9Framework5Cocos10CCocosNodeEPKcj		0	0	30
N	_ZN10CUIUtility20GetBattleDecoVisibleEb		1	2	14
N	_ZN10CUIUtility20GetBattleInfo_FactorEv		0	0	1
N	_ZN10CUIUtility20GetBattleTouchTargetEv		0	0	1
N	_ZN10CUIUtility20GetNextLevelTotalExpEj		0	3	2
N	_ZN10CUIUtility20GetReturnedShipCountEv		0	0	11
N	_ZN10CUIUtility20GetSkillIconFileNameERKNSt6__ndk112basic_stringIcNS0_11char_traitsIcEEN9Framework13CSTLAllocatorIcNS4_22CSTLStringAllocatorInfEEEEESA_		0	0	19
N	_ZN10CUIUtility20IsFavoriteIncreaseUpEN6Common11MissionTypeE		0	0	12
N	_ZN10CUIUtility20IsImageQualityNormalEv		0	0	345
N	_ZN10CUIUtility20SetButtonStateDarkEXEPN9Framework5Cocos10CCocosNodeEb		0	0	24
N	_ZN10CUIUtility20SetupCharaImageFrameEPN9Framework5Cocos11CCocosImageEbjNS_15eCharaFrameTypeEb		0	0	12
N	_ZN10CUIUtility21GetEventAutoPageSpeedEv		0	0	1
N	_ZN10CUIUtility21GetRarityIconFileNameEj		0	0	33
N	_ZN10CUIUtility21GetVoiceSetTypeEnableENS_13CharacterTypeE		0	1	15
N	_ZN10CUIUtility21IsMenuVoiceCoroEnableEv		0	3	110
N	_ZN10CUIUtility21SetFamiliarFrameImageEPN9Framework5Cocos10CCocosNodeEjb		0	0	18
N	_ZN10CUIUtility22DoneSetUsersGuideAgreeEv		0	0	1
N	_ZN10CUIUtility22FormCharDetailFileNameERKNSt6__ndk112basic_stringIcNS0_11char_traitsIcEEN9Framework13CSTLAllocatorIcNS4_22CSTLStringAllocatorInfEEEEEi		0	0	4
N	_ZN10CUIUtility22GetBattleDamageVisibleENS_13CharacterTypeE		0	0	3
N	_ZN10CUIUtility22GetPersonVoiceSwitchIDEj		0	7	114
N	_ZN10CUIUtility22GetResolutionHomeModelEv		0	0	3
N	_ZN10CUIUtility22IsWithinDayEnableEmptyERKNSt6__ndk112basic_stringIcNS0_11char_traitsIcEEN9Framework13CSTLAllocatorIcNS4_22CSTLStringAllocatorInfEEEEESA_		7	19	495
N	_ZN10CUIUtility23GetAutoOptimisationFlagEv		0	0	1
N	_ZN10CUIUtility23GetBattleCameraBehaviorEv		0	0	1
N	_ZN10CUIUtility23SetLocalKVSGamerServiceENS_17GamerServiceStateE		0	1	1
N	_ZN10CUIUtility24GetAttributeIconFileNameEN3BAS10eAttributeE		0	0	4
N	_ZN10CUIUtility24GetBattleAssistSkillInfoENS_13CharacterTypeE		0	0	3
N	_ZN10CUIUtility24GetMasterParameterPersonEj		0	0	6
N	_ZN10CUIUtility24GetRushSkillIconFileNameERKNSt6__ndk112basic_stringIcNS0_11char_traitsIcEEN9Framework13CSTLAllocatorIcNS4_22CSTLStringAllocatorInfEEEEESA_		0	0	4
N	_ZN10CUIUtility25GetBattleInfo_FactorBoostEv		0	0	1
N	_ZN10CUIUtility25GetLimitBreakIconFileNameEjj		0	0	17
N	_ZN10CUIUtility25GetSkillRangeIconFileNameEj		0	0	4
N	_ZN10CUIUtility25IsMenuVoiceEveleashEnableEv		0	0	8
N	_ZN10CUIUtility26GetAssistSkillLaunchByHoldEv		0	0	1
N	_ZN10CUIUtility27DoneSetFirstInputPlayerNameEv		0	4	1
N	_ZN10CUIUtility29IsLocalKVSGamerServiceConnectEv		0	0	1
N	_ZN10CUIUtility31ChangeScreenResolutionWithCheckENS_14ResolutionTypeE		0	0	4
N	_ZN10CUIUtility31FormHomeCharacterIllustFileNameERKNSt6__ndk112basic_stringIcNS0_11char_traitsIcEEN9Framework13CSTLAllocatorIcNS4_22CSTLStringAllocatorInfEEEEE		0	0	3
N	_ZN10CUIUtility32GetParameterAddMaxFromMasterRoleENSt6__ndk110shared_ptrI27CMasterParameterRoleElementEE		0	0	8
N	_ZN10CUIUtility38FormRoleIconFileNameFromMasterCategoryEib		0	0	32
N	_ZN10CUIUtility45CreateFaceIconFileNameFromMasterPersonIDLabelERKNSt6__ndk112basic_stringIcNS0_11char_traitsIcEEN9Framework13CSTLAllocatorIcNS4_22CSTLStringAllocatorInfEEEEE		0	0	4
N	_ZN10CUIUtility4ShowEPN9Framework5Cocos10CCocosNodeEPKcb		1	1	154
N	_ZN10CUIUtility4ShowEPN9Framework5Cocos10CCocosNodeEb		0	0	41
N	_ZN10CUIUtility5TouchEPN9Framework5Cocos10CCocosNodeEPKcb		0	0	11
N	_ZN10CUIUtility5TouchEPN9Framework5Cocos10CCocosNodeEb		0	0	165
N	_ZN10CUIUtility6IsShowEPN9Framework5Cocos10CCocosNodeE		0	0	1
N	_ZN10CUIUtility6IsShowEPN9Framework5Cocos10CCocosNodeEPKc		5	5	888
N	_ZN10CUIUtility7Num2StrEjb		0	0	33
N	_ZN10CUIUtility7PlayBGMENS_8BGM_TYPEEfNSt6__ndk16chrono8durationIfNS1_5ratioILl1ELl1000EEEEES6_		0	98	5
N	_ZN10CUIUtility7SetTextEPN9Framework5Cocos10CCocosNodeEPKcRKNSt6__ndk112basic_stringIcNS6_11char_traitsIcEENS0_13CSTLAllocatorIcNS0_22CSTLStringAllocatorInfEEEEEb		0	0	53
N	_ZN10CUIUtility7SetTextEPN9Framework5Cocos10CCocosNodeEPKcS5_b		0	10	13
N	_ZN10CUIUtility8SetImageEPN9Framework5Cocos10CCocosNodeEPKcRKNSt6__ndk112basic_stringIcNS6_11char_traitsIcEENS0_13CSTLAllocatorIcNS0_22CSTLStringAllocatorInfEEEEE		0	0	19
N	_ZN10CUIUtility8SetImageEPN9Framework5Cocos10CCocosNodeEPKcS5_		0	0	5
N	_ZN10CUIUtility9GetMascotEv		0	5	118
N	_ZN10CUIUtility9IsFolPlusEj		0	0	7
N	_ZN10CUIUtility9SetMascotERKNSt6__ndk112basic_stringIcNS0_11char_traitsIcEEN9Framework13CSTLAllocatorIcNS4_22CSTLStringAllocatorInfEEEEE		0	2	6
N	_ZN11CPhase_Home15IsEnableReleaseEv		0	0	84
N	_ZN11CPhase_Home8ProgressEv		8	131	2462
N	_ZN12CArenaCamera10CameraModeENS_11eCameraModeEb		0	0	3
N	_ZN12CArenaCamera16InitializeCameraEv		0	0	1
N	_ZN12CMasterCache13LimitBreakMaxEj		0	0	8
N	_ZN12CMasterCache14tLevelMaxCache3GetEj		0	1	12
N	_ZN12CMasterCache6IsTickEv		0	0	20863
N	_ZN12CMasterCache8InstanceEv		0	0	20887
N	_ZN12CParameterUI12tEpisodeData28IsReservedDeleteEpisodeStateEjb		0	0	10
N	_ZN12CParameterUI12tEpisodeData30IsReservedDownloadEpisodeStateEjb		0	0	10
N	_ZN12CParameterUI15SetPlaySeHandleEim		0	0	29
N	_ZN12CParameterUI17SetMissionRestartEj		0	0	1
N	_ZN12CParameterUI18SetLoadingProgressENS_13LoadingPlayerEi		0	0	8
N	_ZN12CParameterUI19SetLoadingDisconectENS_13LoadingPlayerEb		0	0	8
N	_ZN12CParameterUI20ClearMissionMenuInfoEv		0	0	3
N	_ZN12CParameterUI21SetDownloadingBarFlagEb		0	0	3
N	_ZN12CParameterUI39ClearLastWorldMapMissionListTabCategoryEv		0	0	3
N	_ZN12CPhase_Gacha15IsEnableReleaseEv		1	1	9
N	_ZN12CPhase_Gacha8ProgressEv		8	60	3809
N	_ZN12CPhase_GachaC1Ev		0	0	1
N	_ZN12CPhase_GachaD0Ev		0	0	1
N	_ZN12CPhase_Title15IsEnableReleaseEv		0	0	10
N	_ZN12CPhase_Title8ProgressEv		0	49	209
N	_ZN12CThingObject11PreProgressEv		16	275	20114
N	_ZN12CThingObject11rAsfHandlerEv		0	0	1764
N	_ZN12CThingObject13Progress_LoadEv		2	104	107
N	_ZN12CThingObject13Progress_MainEv		10	145	19817
N	_ZN12CThingObject16InitializeByFileEPKcS1_S1_S1_b		0	0	29
N	_ZN12CThingObject16Progress_ReleaseEv		0	10	190
N	_ZN12CThingObject21StartAnimationWithApkEPKcj		0	1	4
N	_ZN12CThingObject22ProgressInitialize_AafEPh		0	2	6
N	_ZN12CThingObject22ProgressInitialize_AcfEPh		0	1	6
N	_ZN12CThingObject22ProgressInitialize_AsfEPh		0	84	21
N	_ZN12CThingObject23InitializeByFileWithApkEPKcS1_S1_S1_b		0	1	6
N	_ZN12CThingObject26StartAnimationWithAafImageEPKvj		0	0	1
N	_ZN12CThingObject9IsVisibleEb		0	0	16
N	_ZN12CThingObject9ToReleaseEv		0	0	30
N	_ZN12CThingObjectC1Ev		0	0	35
N	_ZN12CThingObjectD0Ev		0	2	5
N	_ZN12CTimeUtility10str2time_tEPKclbb		112	136	17883
N	_ZN12CTimeUtility12IsEnableTimeI34CMasterParameterAchievementElementEEblRKT_PlS5_		0	0	117
N	_ZN12CTimeUtility12IsEnableTimeI34CMasterParameterHomeMessageElementEEblRKT_PlS5_		1	1	375
N	_ZN12CTimeUtility14MaxApRemainSecEiiill		0	0	3
N	_ZN12CTimeUtility14OneApRemainSecEiiill		4	96	6132
N	_ZN12CTimeUtility5NowApEiiill		6	356	8473
N	_ZN12CTimeUtility7NowDateEv		0	0	5
N	_ZN12CTimeUtility7NowTimeEv		18	802	19822
N	_ZN12IInfoBaseMapIm11CFollowInfoE16DeserializeChildEPKN4Aska4ASON6AValue4AMapE		0	11	2
N	_ZN12IInfoBaseMapIm11CPersonInfoE16DeserializeChildEPKN4Aska4ASON6AValue4AMapE		0	1	1
N	_ZN12IInfoBaseMapIm11CPlanetInfoE16DeserializeChildEPKN4Aska4ASON6AValue4AMapE		0	1	8
N	_ZN12IInfoBaseMapIm12PartySetInfoE16DeserializeChildEPKN4Aska4ASON6AValue4AMapE		0	3	2
N	_ZN12IInfoBaseMapIm13CWorldMapInfoE16DeserializeChildEPKN4Aska4ASON6AValue4AMapE		0	1	1
N	_ZN12IInfoBaseMapIm15CLimitBreakInfoE16DeserializeChildEPKN4Aska4ASON6AValue4AMapE		0	0	1
N	_ZN12IInfoBaseMapIm16CAchievementInfoE16DeserializeChildEPKN4Aska4ASON6AValue4AMapE		2	6	3
N	_ZN12IInfoBaseMapIm16CMissionInfoListE16DeserializeChildEPKN4Aska4ASON6AValue4AMapE		0	7	12
N	_ZN12IInfoBaseMapIm16CStepUpGachaInfoE16DeserializeChildEPKN4Aska4ASON6AValue4AMapE		0	0	1
N	_ZN12IInfoBaseMapIm16SubscriptionInfoE16DeserializeChildEPKN4Aska4ASON6AValue4AMapE		0	0	2
N	_ZN12IInfoBaseMapIm17CBoxGachaListInfoE16DeserializeChildEPKN4Aska4ASON6AValue4AMapE		0	1	1
N	_ZN12IInfoBaseMapIm17CharacterChipInfoE16DeserializeChildEPKN4Aska4ASON6AValue4AMapE		0	0	1
N	_ZN12IInfoBaseMapIm20CMissionDropInfoListE16DeserializeArrayEPKN4Aska4ASON6AValue6AArrayE		0	0	1
N	_ZN12IInfoBaseMapIm20SubscriptionPlanInfoE16DeserializeChildEPKN4Aska4ASON6AValue4AMapE		0	0	2
N	_ZN12IInfoBaseMapIm21CAreaInfoCategoryListE16DeserializeChildEPKN4Aska4ASON6AValue4AMapE		0	2	8
N	_ZN12IInfoBaseMapIm21CEventMaintenanceInfoE16DeserializeChildEPKN4Aska4ASON6AValue4AMapE		0	0	2
N	_ZN12IInfoBaseMapIm21CWorldMapCellInfoListE16DeserializeChildEPKN4Aska4ASON6AValue4AMapE		0	1	1
N	_ZN12IInfoBaseMapIm22CGachaHashInfoListInfoE16DeserializeChildEPKN4Aska4ASON6AValue4AMapE		0	3	1
N	_ZN12IInfoBaseMapIm24CWorldMapMissionInfoListE16DeserializeChildEPKN4Aska4ASON6AValue4AMapE		0	1	1
N	_ZN12IInfoBaseMapIm27CMissionResultCharacterInfoE16DeserializeChildEPKN4Aska4ASON6AValue4AMapE		0	1	1
N	_ZN12IInfoBaseMapIm32CExchangeShopExCountInfoCategoryE16DeserializeChildEPKN4Aska4ASON6AValue4AMapE		0	1	2
N	_ZN12IInfoBaseMapIm32CMissionResultCharacterFavorInfoE16DeserializeChildEPKN4Aska4ASON6AValue4AMapE		0	1	1
N	_ZN12IInfoBaseMapIm32CPlayerCharacterFavorInfoElementE16DeserializeChildEPKN4Aska4ASON6AValue4AMapE		0	1	2
N	_ZN12IInfoBaseMapIm9CAreaInfoE16DeserializeChildEPKN4Aska4ASON6AValue4AMapE		0	1	4
N	_ZN12IInfoBaseMapIm9CGearInfoE16DeserializeChildEPKN4Aska4ASON6AValue4AMapE		0	0	2
N	_ZN12IInfoBaseMapIm9CItemInfoE16DeserializeArrayEPKN4Aska4ASON6AValue6AArrayE		0	0	1
N	_ZN13CDetailDialog8ProgressEv		0	0	2234
N	_ZN13CGachaConfirm11OpenConfirmEjjjNS_11ConfirmTypeEjRKNSt6__ndk112basic_stringIcNS1_11char_traitsIcEEN9Framework13CSTLAllocatorIcNS5_22CSTLStringAllocatorInfEEEEE		0	10	1
N	_ZN13CGachaConfirm12RequestCloseEv		0	0	1
N	_ZN13CGachaConfirmC1Ev		0	1	1
N	_ZN13CGachaConfirmD1Ev		0	1	1
N	_ZN13CGachaManager10InitializeEv		0	8	1
N	_ZN13CGachaManager11DeleteStageEv		0	2	2
N	_ZN13CGachaManager11StartCameraEPKc		1	1	3
N	_ZN13CGachaManager11StartEffectEjb		0	0	6
N	_ZN13CGachaManager16CheckMagicEffectEv		0	0	25
N	_ZN13CGachaManager16RequestNextCharaEv		0	0	1
N	_ZN13CGachaManager18CheckDiscDisappearEv		0	0	251
N	_ZN13CGachaManager19StartEffectToEffectEjbjPKc		0	0	1
N	_ZN13CGachaManager5OnTapEv		0	0	3
N	_ZN13CGachaManager8ProgressEv		3	94	1430
N	_ZN13CGachaManager9CheckDiscEv		0	1	252
N	_ZN13CGachaManager9ForceExitEv		0	0	1
N	_ZN13CGachaManagerC1Ev		0	0	1
N	_ZN13CGachaManagerD1Ev		0	0	1
N	_ZN13CPartyManager11OnWinBattleEv		0	0	1
N	_ZN13CPartyManager13OnResetBattleEv		0	0	1
N	_ZN13CPartyManager14ChangeAutoModeEb		0	0	1
N	_ZN13CPartyManager14OnStartMissionEv		0	0	1
N	_ZN13CPartyManager15OnDeadOrRevivalEib		1	1	8
N	_ZN13CPartyManager16OnStartWinCameraEv		0	0	1
N	_ZN13CPartyManager18OnReleaseCollisionEjN9Parameter9eAttackIDEi		5	6	1654
N	_ZN13CPartyManager20OnDecideBattleResultEv		0	1	2
N	_ZN13CPartyManager21PauseCharacterControlEb		0	0	2
N	_ZN13CPhase_Battle7ReleaseEv		0	1	2
N	_ZN13CPhase_Battle8ProgressEv		6	251	2486
N	_ZN13CStageManager9ForceExitEb		0	0	1
N	_ZN13FakeApiCaller12MissionStartEjjjmjmj		0	0	1
N	_ZN13FakeApiCaller12NoLoginStartEPKa		0	0	1
N	_ZN13FakeApiCaller13GetServerTimeEv		0	0	2
N	_ZN13FakeApiCaller14GetGachaInDataEv		0	0	1
N	_ZN13FakeApiCaller5LoginEv		0	0	1
N	_ZN13FakeApiCaller9SaleGachaEjPKa		0	0	1
N	_ZN13FakeApiCallerC1Ev		0	0	1
N	_ZN13InfoBaseArrayI11CPersonInfoE16DeserializeArrayEPKN4Aska4ASON6AValue6AArrayE		0	33	2
N	_ZN13InfoBaseArrayI13CCampaignInfoE16DeserializeArrayEPKN4Aska4ASON6AValue6AArrayE		0	3	2
N	_ZN13InfoBaseArrayI13CItemShopInfoE16DeserializeArrayEPKN4Aska4ASON6AValue6AArrayE		0	1	2
N	_ZN13InfoBaseArrayI14CGachaHashInfoE16DeserializeArrayEPKN4Aska4ASON6AValue6AArrayE		0	2	29
N	_ZN13InfoBaseArrayI14CStackItemInfoE16DeserializeArrayEPKN4Aska4ASON6AValue6AArrayE		1	3	3
N	_ZN13InfoBaseArrayI15CLoginBonusInfoE16DeserializeArrayEPKN4Aska4ASON6AValue6AArrayE		0	1	2
N	_ZN13InfoBaseArrayI16CGachaResultInfoE16DeserializeArrayEPKN4Aska4ASON6AValue6AArrayE		0	3	1
N	_ZN13InfoBaseArrayI16CMissionDropInfoE16DeserializeArrayEPKN4Aska4ASON6AValue6AArrayE		0	0	3
N	_ZN13InfoBaseArrayI17CMissionStageInfoE16DeserializeArrayEPKN4Aska4ASON6AValue6AArrayE		0	4	1
N	_ZN13InfoBaseArrayI17CPersonStatusInfoE16DeserializeArrayEPKN4Aska4ASON6AValue6AArrayE		0	18	1
N	_ZN13InfoBaseArrayI19CWebViewInfoElementE16DeserializeArrayEPKN4Aska4ASON6AValue6AArrayE		0	0	2
N	_ZN13InfoBaseArrayI20CMissionDropItemInfoE16DeserializeArrayEPKN4Aska4ASON6AValue6AArrayE		0	1	2
N	_ZN13InfoBaseArrayI21PartySetCharacterInfoE16DeserializeArrayEPKN4Aska4ASON6AValue6AArrayE		0	2	20
N	_ZN13InfoBaseArrayI22CPremiumLoginBonusInfoE16DeserializeArrayEPKN4Aska4ASON6AValue6AArrayE		0	0	2
N	_ZN13InfoBaseArrayI25CMissionDropCharacterInfoE16DeserializeArrayEPKN4Aska4ASON6AValue6AArrayE		0	0	2
N	_ZN13InfoBaseArrayI25CMissionDropStackItemInfoE16DeserializeArrayEPKN4Aska4ASON6AValue6AArrayE		0	1	2
N	_ZN13InfoBaseArrayI9CItemInfoE16DeserializeArrayEPKN4Aska4ASON6AValue6AArrayE		0	0	2
N	_ZN14CBattleManager12AddKillCountEi		0	0	8
N	_ZN14CBattleManager13AddHitCounterEf		0	0	10
N	_ZN14CBattleManager13OnStartBattleEv		1	8	2
N	_ZN14CBattleManager13SetHitCounterEifb		0	0	18
N	_ZN14CBattleManager14ChangeAutoModeEb		0	0	1
N	_ZN14CBattleManager15SetBattleResultENS_13eBattleResultE		0	1	2
N	_ZN14CBattleManager16LocalStartBattleEv		0	7	2
N	_ZN14CBattleManager17CheckBattleResultEv		1	3	322
N	_ZN14CBattleManager19Progress_BattleMainEf		1	26	1050
N	_ZN14CBattleManager20SetTemporaryAutoModeEb		0	0	1
N	_ZN14CBattleManager21Progress_BattleResultEf		0	6	435
N	_ZN14CBattleManager22SetTensionMaxModeLightEP16CCharacterObjectb		0	1	8
N	_ZN14CBattleManager26Progress_LocalBattleNormalEf		0	0	322
N	_ZN14CBattleManager8ProgressEf		0	3	2
N	_ZN14CBattleUtility10CheckSeQueEPK16CCharacterObjectPKN9Parameter19AttackDataParameterEi		0	0	35
N	_ZN14CBattleUtility13SplitNodeNameERKNSt6__ndk112basic_stringIcNS0_11char_traitsIcEEN9Framework13CSTLAllocatorIcNS4_22CSTLStringAllocatorInfEEEEERNS4_10CSTLVectorIS8_EE		0	0	12
N	_ZN14CBattleUtility14WeaponFileNameEPKcPNSt6__ndk112basic_stringIcNS2_11char_traitsIcEEN9Framework13CSTLAllocatorIcNS6_22CSTLStringAllocatorInfEEEEESB_		0	0	20
N	_ZN14CBattleUtility15GetVoicePackageEj		0	3	36
N	_ZN14CBattleUtility16CheckRandomParamEff		0	0	3145
N	_ZN14CBattleUtility16IsActionCategoryEjj		0	0	22
N	_ZN14CBattleUtility16MapFileFromMapIdEPKcPNSt6__ndk112basic_stringIcNS2_11char_traitsIcEEN9Framework13CSTLAllocatorIcNS6_22CSTLStringAllocatorInfEEEEESB_SB_		0	0	5
N	_ZN14CBattleUtility17GetVoiceParameterEj		0	1	48
N	_ZN14CBattleUtility18DeleteAttackObjectEb		0	1	1
N	_ZN14CBattleUtility18FixWeaponNodeScaleERN4Aska10AsfHandlerEfj		0	1	6
N	_ZN14CBattleUtility19EffectFileReplaceIdERKNSt6__ndk112basic_stringIcNS0_11char_traitsIcEEN9Framework13CSTLAllocatorIcNS4_22CSTLStringAllocatorInfEEEEE		0	2	976
N	_ZN14CBattleUtility21CreateCharacterByRoleEjjjbjNS_24CreateCharacterSceneTypeE		0	35	2
N	_ZN14CBattleUtility22EffectFileFromEffectIdEPKcPNSt6__ndk112basic_stringIcNS2_11char_traitsIcEEN9Framework13CSTLAllocatorIcNS6_22CSTLStringAllocatorInfEEEEESB_SB_		0	0	743
N	_ZN14CBattleUtility28CreateCharacterFileListByAPIENS_16FileListCategoryEiPN9Framework10CSTLVectorINSt6__ndk112basic_stringIcNS3_11char_traitsIcEENS1_13CSTLAllocatorIcNS1_22CSTLStringAllocatorInfEEEEEEENS_24CreateCharacterSceneTypeE		0	52	4
N	_ZN14CBattleUtility29BattleTimeFrameToMilliSecondsEf		0	0	2
N	_ZN14CBattleUtility29CreateBulletByAttackParameterERKN9Parameter15AttackParameterEP16CCharacterObjectjPKN9Framework7CMatrixEj		0	41	20
N	_ZN14CBattleUtility31ResourceNameFromPersonParameterENSt6__ndk110shared_ptrI29CMasterParameterPersonElementEEPNS0_12basic_stringIcNS0_11char_traitsIcEEN9Framework13CSTLAllocatorIcNS7_22CSTLStringAllocatorInfEEEEESC_SC_SC_		0	0	36
N	_ZN14CBattleUtility35CollisionAndEffectByAttackParameterERKN9Parameter15AttackParameterEP16CCharacterObjectjbbPKN9Framework7CMatrixEPKNS6_7CVectorEj		0	46	44
N	_ZN14CBattleUtility36CreateCharacterFileListByEnemyBaseIdENS_16FileListCategoryEjPN9Framework10CSTLVectorINSt6__ndk112basic_stringIcNS3_11char_traitsIcEENS1_13CSTLAllocatorIcNS1_22CSTLStringAllocatorInfEEEEEEENS_24CreateCharacterSceneTypeE		0	9	8
N	_ZN14CCharacterData15AddAttackDamageEf		0	0	10
N	_ZN14CCharacterData15AddTensionGaugeEf		0	0	20
N	_ZN14CCharacterData15ResetFaintPointEv		0	0	8
N	_ZN14CCharacterData15SubTensionGaugeEf		0	0	1409
N	_ZN14CCharacterData16AddReceiveDamageEf		0	0	10
N	_ZN14CCharacterData17ResetAttackDamageEv		0	0	4
N	_ZN14CCharacterData18ResetReceiveDamageEv		0	0	4
N	_ZN14CCharacterData19UpdateNoDamageCountEf		0	0	2094
N	_ZN14CCharacterData20ResetLinkAttackCountEv		0	0	11
N	_ZN14CCharacterData20UpdateForceGutsCountEf		0	0	2094
N	_ZN14CCharacterData21ResetCancelBonusCountEv		0	0	11
N	_ZN14CCharacterData21UpdateSuperArmorCountEf		0	0	2094
N	_ZN14CCharacterData2APEf		0	0	1165
N	_ZN14CCharacterData2HPEfb		0	0	18
N	_ZN14CCharacterData9RushGaugeEf		0	0	20
N	_ZN14CFactorManager10InitializeEj		0	0	12
N	_ZN14CFactorManager15ClearUpdateFlagEv		1	1	7405
N	_ZN14CFactorManager19ReleaseByEffectTypeEjj		0	0	45
N	_ZN14CFactorManager24ClearUpdateConditionFlagEv		1	1	7405
N	_ZN14CFactorManager7ReleaseEv		0	0	26
N	_ZN14CGachaShortage10InitializeEv		0	2	1
N	_ZN14CGachaShortageC1Ev		0	0	1
N	_ZN14CMovableObject11AddVelocityERKN9Framework7CVectorE		2	2	12448
N	_ZN14CMovableObject12PostProgressEv		6	6	12649
N	_ZN14CMovableObject12ResetRotateYEv		0	0	187
N	_ZN14CMovableObject12SetFallSpeedEf		0	0	9
N	_ZN14CMovableObject13Friction_JumpEf		0	0	10
N	_ZN14CMovableObject14EnablePushMoveEb		0	0	187
N	_ZN14CMovableObject15ProgressHormingEfRKN9Framework7CVectorEfb		0	1	390
N	_ZN14CMovableObject16SetExternalForceERKN9Framework7CVectorE		0	0	10
N	_ZN14CMovableObject17ResetLandingFrameEv		0	0	172
N	_ZN14CMovableObject19EnableMoveCollisionEb		0	0	187
N	_ZN14CMovableObject23StartIntersectCollisionEv		1	2	1807
N	_ZN14CMovableObject24Callback_EndPostProgressEv		13	316	12649
N	_ZN14CMovableObject32IntersectCollisionAndSetVelocityEv		8	288	7761
N	_ZN14CMovableObject8FrictionEf		0	0	10
N	_ZN14CMovableObjectC1Ev		0	0	37
N	_ZN14CSignalChecker11CheckSignalEPKcS1_jfb		21	28	216348
N	_ZN14StaminaUtility10MaxStaminaEN6Common11StaminaTypeE		0	0	7
N	_ZN14StaminaUtility10NowStaminaEN6Common11StaminaTypeE		20	549	8473
N	_ZN14StaminaUtility15StaminaHealTimeEN6Common11StaminaTypeE		14	89	14608
N	_ZN14StaminaUtility19IsStaminaRemainPlusEj		0	0	3
N	_ZN14StaminaUtility19MaxStaminaRemainSecEN6Common11StaminaTypeE		0	1	3
N	_ZN14StaminaUtility19OneStaminaRemainSecEN6Common11StaminaTypeE		7	127	6132
N	_ZN14StaminaUtility23FindGlobalNumberWithKeyERKNSt6__ndk112basic_stringIcNS0_11char_traitsIcEEN9Framework13CSTLAllocatorIcNS4_22CSTLStringAllocatorInfEEEEEj		52	72	14608
N	_ZN14StaminaUtility26SetupStaminaHealRemainTimeEPN9Framework5Cocos16CCocosAtlasLabelERN17CParameterUtility8tMessageEl		14	54	6132
N	_ZN15CBattleLogModel11AddHitCountEj		0	0	10
N	_ZN15CBattleLogModel11SetHitCountEj		0	0	22
N	_ZN15CBattleLogModel14AddDamageTotalEj		0	0	10
N	_ZN15CBattleLogModel15AddPlayerDamageEj		0	0	10
N	_ZN15CBattleLogModel18AddDefeatCharacterEPK16CCharacterObject		0	1	8
N	_ZN15CBattleLogModel9AddDamageEj		0	0	1
N	_ZN15CBehaviorObject10InitializeEv		0	0	17
N	_ZN15CBehaviorObject11PreProgressEv		8	1479	10836
N	_ZN15CBehaviorObject12PostProgressEv		6	12	10836
N	_ZN15CBehaviorObject14CancelBehaviorEj		1	2	74
N	_ZN15CBehaviorObject16OnReceiveMessageEP15CBASMessageBase		1	14	160
N	_ZN15CBehaviorObject17SetAnimationSpeedENS_12eAnimationIDEf		0	0	28
N	_ZN15CBehaviorObject18StartAnimationByIDENS_12eAnimationIDEb		0	1	153
N	_ZN15CBehaviorObject19ResistBehaviorQueueEP13BehaviorQueueibb		0	1	77
N	_ZN15CBehaviorObject24RegisterObjectControllerEP16ObjectController		0	0	14
N	_ZN15CBehaviorObject28FirstInitializeStateProgressEv		1	2	17
N	_ZN15CBehaviorObject29StartAnimationByAnimationNameEPKcfb		0	0	9
N	_ZN15CBehaviorObject8ProgressEv		6	95	10836
N	_ZN15CBehaviorObject9ToReleaseEv		0	2	26
N	_ZN15CBehaviorObjectC1Ev		0	0	17
N	_ZN15CBehaviorObjectD1Ev		0	1	16
N	_ZN15CNowLoadingBase10SetOpacityEf		1	1	170
N	_ZN15CNowLoadingBase11SetShowTipsEb		0	0	2
N	_ZN15CNowLoadingBase12SetFadeFrameEf		0	0	2
N	_ZN15CNowLoadingBase16RequestNextPhaseEi		0	33	8
N	_ZN15CNowLoadingBase4OpenEv		0	0	4
N	_ZN15CNowLoadingBase5CloseEv		0	0	2
N	_ZN15CNowLoadingBase5SetupEv		0	0	2
N	_ZN15CNowLoadingBase8IsStatusEi		0	0	4
N	_ZN15CNowLoadingBase8ProgressEv		0	34	303
N	_ZN15CNowLoadingBase9StartOpenEv		0	0	2
N	_ZN15CNowLoadingBase9ToReleaseEv		0	0	2
N	_ZN15CPaymentManager8ProgressEv		4	4	10497
N	_ZN16CAITargetManager12CalcHateRateEv		0	0	2
N	_ZN16CAITargetManager12UpdateTargetEv		0	0	330
N	_ZN16CAITargetManager13OnStartBattleEv		0	0	2
N	_ZN16CAITargetManager8ProgressEf		1	3	322
N	_ZN16CBattleUIManager10rPauseMenuEv		0	0	1
N	_ZN16CBattleUIManager10rRushComboEv		0	0	1962
N	_ZN16CBattleUIManager12pBattleAnimeEv		0	0	8
N	_ZN16CBattleUIManager12rBattleAnimeEv		0	0	10
N	_ZN16CBattleUIManager16IsInitializeDoneEv		0	0	12
N	_ZN16CBattleUIManager18StopSkillAnimationEjjb		0	1	2
N	_ZN16CBattleUIManager21PlaySkillEndAnimationEjj		0	0	8
N	_ZN16CBattleUIManager21SetVisibleTargetGuideEb		0	0	1
N	_ZN16CBattleUIManager22PlaySkillWaitAnimationEjjb		0	0	2
N	_ZN16CBattleUIManager23PlaySkillStartAnimationEjj		0	0	8
N	_ZN16CBattleUIManager3EndEv		0	0	1
N	_ZN16CBattleUIManager9HideStampEv		0	0	1
N	_ZN16CBattleUIManager9rBattleUIEv		0	0	3543
N	_ZN16CBattleUIManagerC1Ev		0	0	1
N	_ZN16CCharacterObject10ResetMagicEv		0	0	13
N	_ZN16CCharacterObject10SetLightIDEhb		0	1	8
N	_ZN16CCharacterObject11ChangeColorERKN9Framework7CVectorEbb		0	2	324
N	_ZN16CCharacterObject11CheckSignalEPKcN9Parameter9eAttackIDEjfP14CSignalCheckerjj		11	148	7630
N	_ZN16CCharacterObject11PreProgressEv		31	1601	10833
N	_ZN16CCharacterObject11StartAttackEN9Parameter9eAttackIDEj		0	0	9
N	_ZN16CCharacterObject12CreateWeaponEjb		0	2	6
N	_ZN16CCharacterObject12LastProgressEv		3	44	10833
N	_ZN16CCharacterObject12PostProgressEv		10	184	10833
N	_ZN16CCharacterObject12SetRushGaugeEf		0	0	20
N	_ZN16CCharacterObject13IsBarrierOpenEv		0	0	10
N	_ZN16CCharacterObject13WeaponVisibleEbb		1	2	8691
N	_ZN16CCharacterObject14CheckMoveSpeedEv		0	0	24
N	_ZN16CCharacterObject14UpdateHpDamageEf		0	0	2094
N	_ZN16CCharacterObject15SetTargetObjectEj		1	2	561
N	_ZN16CCharacterObject15UpdateHpRecoverEf		1	1	2094
N	_ZN16CCharacterObject16OnChangeBehaviorEv		0	0	77
N	_ZN16CCharacterObject16OnReceiveMessageEP15CBASMessageBase		0	24	160
N	_ZN16CCharacterObject16ResetCancelBonusEv		0	0	11
N	_ZN16CCharacterObject17CheckFactorTimingEjjfff		0	0	142
N	_ZN16CCharacterObject17IntersectToCameraEf		3	6	7761
N	_ZN16CCharacterObject17IsSlideMoveTimingEv		0	0	158
N	_ZN16CCharacterObject17UpdateRangeAcrossEv		1	2	2094
N	_ZN16CCharacterObject18IsReadyWinResourceEv		0	0	145
N	_ZN16CCharacterObject18ResetAbnormalStateEv		0	0	28
N	_ZN16CCharacterObject18ResetWeaponVisibleEv		0	1	2
N	_ZN16CCharacterObject18UpdateTensionGaugeEf		0	0	2094
N	_ZN16CCharacterObject19AttachCharacterDataERK14CCharacterData		0	8	12
N	_ZN16CCharacterObject19SignalEffectVisibleEb		3	3	8691
N	_ZN16CCharacterObject19UpdateAbnormalStateEf		0	0	2094
N	_ZN16CCharacterObject19UpdateSeedConditionEv		9	17	2094
N	_ZN16CCharacterObject19UpdateTargetedCountEv		1	3	2094
N	_ZN16CCharacterObject20ClearSightOutRequestEv		0	0	6
N	_ZN16CCharacterObject20PlayVoiceByParameterEN6battle10eVoiceTypeEb		1	9	12
N	_ZN16CCharacterObject20SetPrevChargeAssaultEv		0	0	8
N	_ZN16CCharacterObject20TimingSkillCheckType29TransrateTimingSkillCheckTypeEj		0	0	22
N	_ZN16CCharacterObject21InitializeAIParameterEPKc		0	5	12
N	_ZN16CCharacterObject21UpdateChargeComboPlusEf		0	0	2094
N	_ZN16CCharacterObject23AttachPersonalParameterERKN9Parameter17PersonalParameterE		0	3	17
N	_ZN16CCharacterObject23StopChargeAssaultEffectEv		0	0	8
N	_ZN16CCharacterObject24CalcCharacterOffsetColorEv		1	7	6036
N	_ZN16CCharacterObject24CreateRunningSmokeEffectERKN9Framework7CVectorEi		0	26	244
N	_ZN16CCharacterObject25CheckAttackActionLinkNodeEv		0	1	17
N	_ZN16CCharacterObject2HPEfb		0	0	10
N	_ZN16CCharacterObject38UpdateSeedCondition_UseFactorConditionEv		0	0	2094
N	_ZN16CCharacterObject5ScaleEfb		0	0	12
N	_ZN16CCharacterObject5UseAPEfb		0	0	8
N	_ZN16CCharacterObject7OnEnterEv		0	0	17
N	_ZN16CCharacterObject8ProgressEv		8	117	10833
N	_ZN16CCharacterObject8UpdateAPEf		2	3	2094
N	_ZN16CParameterParser14GetParserValueEPKN4Aska4ASON6AValue4AMapEj		2	2	8615
N	_ZN16CPhase_TitleLogo15IsEnableReleaseEv		0	0	7
N	_ZN16CPhase_TitleLogo8ProgressEv		0	17	508
N	_ZN16StringDBEelementD2Ev		0	0	120
N	_ZN17CArenaEffectModel18SetSignalParameterEPKc		0	0	33
N	_ZN17CArenaEffectModel19OffsetObjectLocatorEPK21CAnimationModelObjectPN4Aska18HierarchicalObjectERKN9Framework7CMatrixEf		0	0	9
N	_ZN17CArenaEffectModel22UpdatePostureForEffectEv		0	0	9
N	_ZN17CArenaEffectModel4StopEv		0	1	1
N	_ZN17CArenaEffectModelC1Ev		1	2	321
N	_ZN17CBaseDamageObject23pShooterCharacterObjectEv		0	0	1762
N	_ZN17CBaseDamageObject24Callback_EndPostProgressEv		2	7	1813
N	_ZN17CBaseDamageObject24SetCommonAttackCollisionERK35AttackCollisionElement_BaseArgumentRKN9Framework7CMatrixERKN9Parameter15AttackParameterEPK16CCharacterObjectf		1	5	1646
N	_ZN17CBaseDamageObject5StartERK31BaseDamageObject_StartArguments		0	38	20
N	_ZN17CBaseDamageObject8ProgressEv		1	15	1807
N	_ZN17CBaseDamageObject9DisappearEv		0	0	14
N	_ZN17CBaseDamageObjectC1Ev		0	0	20
N	_ZN17CBaseDamageObjectD1Ev		0	0	20
N	_ZN17CBattleTransScene11RefundInputEv		0	0	1
N	_ZN17CBattleTransScene8ProgressEv		2	2	1664
N	_ZN17CNowLoadingBattle10SetOpacityEf		0	1	170
N	_ZN17CNowLoadingBattle12SetNextStageEjj		0	0	2
N	_ZN17CNowLoadingBattle12SetSelfIndexEi		0	0	2
N	_ZN17CNowLoadingBattle13ProgressChildEf		0	0	323
N	_ZN17CNowLoadingBattle16RequestNextPhaseEi		0	33	8
N	_ZN17CNowLoadingBattle16UpdateDisconnectEv		0	0	323
N	_ZN17CNowLoadingBattle18StartWalkAnimationEv		0	1	4
N	_ZN17CNowLoadingBattle29GetDownloadingBarPositionNodeEv		0	0	2
N	_ZN17CNowLoadingBattle8StartEndEv		0	0	2
N	_ZN17CNowLoadingBattle9StartOpenEv		0	24	2
N	_ZN17CParameterManager11DeserializeEPKN4Aska4ASON6AValue4AMapE		2	192	47
N	_ZN17CParameterUtility10GetNumCoinEj		5	5	6141
N	_ZN17CParameterUtility10IsOpenDecoEv		0	0	20
N	_ZN17CParameterUtility10IsPlayerIdEj		0	0	14
N	_ZN17CParameterUtility10PlayerInfoEv		0	0	7
N	_ZN17CParameterUtility10tCharaData20InitializeFromMasterEjjjjbj		0	1	4
N	_ZN17CParameterUtility10tCharaData24InitializeAssitCharaDataEmPKjNSt6__ndk110shared_ptrI27CMasterParameterRoleElementEENS4_I29CMasterParameterPersonElementEE		0	1	18
N	_ZN17CParameterUtility11IsRoleDeityEj		0	0	64
N	_ZN17CParameterUtility12IsOpenStudioEv		0	0	3
N	_ZN17CParameterUtility12NowFollowMaxEv		0	0	1
N	_ZN17CParameterUtility12tAchievement11GetCategoryEPK34CMasterParameterAchievementElement		0	0	117
N	_ZN17CParameterUtility15GetPresentCountEv		0	0	3
N	_ZN17CParameterUtility15IsOpenEvolutionEv		0	0	3
N	_ZN17CParameterUtility15IsOpenWorldBossEv		0	0	3
N	_ZN17CParameterUtility16FindPersonWithIdEj		0	0	124
N	_ZN17CParameterUtility17FindGlobalWithKeyERKNSt6__ndk112basic_stringIcNS0_11char_traitsIcEEN9Framework13CSTLAllocatorIcNS4_22CSTLStringAllocatorInfEEEEE		0	0	3
N	_ZN17CParameterUtility17IsOpenAssistSkillEv		0	0	20
N	_ZN17CParameterUtility18IsOpenEventMissionEv		0	0	6
N	_ZN17CParameterUtility18IsOpenExtraDungeonEv		0	0	9
N	_ZN17CParameterUtility18IsOpenFavorabilityEv		0	0	62
N	_ZN17CParameterUtility18IsOpenTowerMissionEv		0	0	6
N	_ZN17CParameterUtility19IsOpenSubscriptionsEv		0	0	2
N	_ZN17CParameterUtility20GetFavorabilityLevelEj		0	0	6
N	_ZN17CParameterUtility20GetFavorabilityParamEj		0	0	3
N	_ZN17CParameterUtility20IsPartialMaintenanceEPKc		0	0	8
N	_ZN17CParameterUtility20IsTutorialViewStatusEj		0	0	420
N	_ZN17CParameterUtility22IsOpenSphere211MissionEv		0	0	3
N	_ZN17CParameterUtility23FindGlobalStringWithKeyERKNSt6__ndk112basic_stringIcNS0_11char_traitsIcEEN9Framework13CSTLAllocatorIcNS4_22CSTLStringAllocatorInfEEEEE		53	785	40722
N	_ZN17CParameterUtility24IsOpenEquipCachedStorageEv		0	0	1
N	_ZN17CParameterUtility24IsOpenFavorabilityBattleEv		0	0	3
N	_ZN17CParameterUtility24MasterRole2LimitBreakMaxERK27CMasterParameterRoleElement		0	0	4
N	_ZN17CParameterUtility24MasterRole2LimitBreakMaxERKNSt6__ndk110shared_ptrI27CMasterParameterRoleElementEE		0	1	18
N	_ZN17CParameterUtility29IsOpenFavorabilitySendPresentEv		0	0	3
N	_ZN17CParameterUtility34IsOpenFavorabilityStaminaHealBonusEv		0	0	3
N	_ZN17CParameterUtility36FindAwakenWithRoleCateforyIdAndLevelEjj		0	0	4
N	_ZN17CParameterUtility6NowFolEv		0	0	3
N	_ZN17CParameterUtility8LevelMaxEj		0	0	16
N	_ZN17CParameterUtility8tMessage10SetMessageERKNSt6__ndk112basic_stringIcNS1_11char_traitsIcEEN9Framework13CSTLAllocatorIcNS5_22CSTLStringAllocatorInfEEEEE		0	3	1
N	_ZN17CParameterUtility8tMessage14SetMessageListERN9Framework10CSTLVectorINSt6__ndk112basic_stringIcNS3_11char_traitsIcEENS1_13CSTLAllocatorIcNS1_22CSTLStringAllocatorInfEEEEEEEb		0	23	5
N	_ZN17CParameterUtility8tMessage14SetMessageListESt16initializer_listIPKcEb		0	41	14
N	_ZN17CParameterUtility8tMessage16GetSystemMessageERKNSt6__ndk112basic_stringIcNS1_11char_traitsIcEEN9Framework13CSTLAllocatorIcNS5_22CSTLStringAllocatorInfEEEEE		7	10	6197
N	_ZN18COrderGaugeManager10InitializeEj		0	0	1
N	_ZN18COrderGaugeManager10ResetOrderEv		0	0	2
N	_ZN18COrderGaugeManager12RefreashViewEb		0	0	322
N	_ZN18COrderGaugeManager8AddGaugeEfj		0	0	8
N	_ZN18InfoBaseValueArrayIj23CParameterPropertyValueIjLj13E18CPropertyConverterEE16DeserializeArrayEPKN4Aska4ASON6AValue6AArrayE		0	0	2
N	_ZN19CArenaEffectManager10InitializeEP20CGameResourceManagerb		0	0	16
N	_ZN19CArenaEffectManager11AddForArenaEPKcS1_jjbj		0	0	143
N	_ZN19CArenaEffectManager14StartFromArenaEjPKcRKN9Framework14CEffectManager10tArgumentsEPPNS2_12CEffectModelE		1	68	291
N	_ZN19CArenaEffectManager15RemoveFromArenaEj		1	6	73
N	_ZN19CArenaEffectManagerC1Ev		0	0	16
N	_ZN19CArenaEffectManagerD0Ev		0	0	11
N	_ZN19CArenaEffectManagerD1Ev		0	2	15
N	_ZN19CPhase_DataDownload8ProgressEv		2	98	975
N	_ZN19ICalculateParameter10IsCriticalERK16CCharacterObjectS2_RKN9Parameter15AttackParameterERK35AttackCollisionElement_BaseArgument		0	0	10
N	_ZN19ICalculateParameter14InitRandomSeedEv		0	1	1
N	_ZN19ICalculateParameter4GutsERK16CCharacterObjectf		0	0	8
N	_ZN19ICalculateParameter6DamageERK16CCharacterObjectRKN24IAttackCollisionCallback23CallbackArgument_DamageE		0	0	10
N	_ZN19ICalculateParameter7IsGuardERKN9Framework7CVectorERK16CCharacterObjectb		0	0	10
N	_ZN20CMasterHome3DElement10InitializeEv		0	0	19
N	_ZN20CMasterHome3DElementC2ERKS_		0	0	53
N	_ZN20CMasterHome3DElementC2Ev		0	0	130
N	_ZN20CMasterHome3DElementD2Ev		0	0	139
N	_ZN20CMasterHome3DElementaSERKS_		0	0	84
N	_ZN21CAnimationModelObject10SetLightIDEhb		0	1	8
N	_ZN21CAnimationModelObject11ChangeColorERKN9Framework7CVectorEbb		0	2	324
N	_ZN21CAnimationModelObject11PreProgressEv		9	1470	10836
N	_ZN21CAnimationModelObject11SleepObjectEb		0	1	16
N	_ZN21CAnimationModelObject12LastProgressEv		7	41	10836
N	_ZN21CAnimationModelObject12StopDynamicsEb		0	0	3
N	_ZN21CAnimationModelObject13Progress_LoadEv		1	112	135
N	_ZN21CAnimationModelObject13Progress_MainEv		43	1341	10541
N	_ZN21CAnimationModelObject13StartDynamicsEb		0	8	3
N	_ZN21CAnimationModelObject14AnimationSpeedEf		0	0	165
N	_ZN21CAnimationModelObject14ResetAnimationEv		0	3	5
N	_ZN21CAnimationModelObject14StartAnimationEPKcfbb		0	2	19
N	_ZN21CAnimationModelObject14StartAnimationEifbb		0	1	153
N	_ZN21CAnimationModelObject15EndAddAnimationEPKc		0	0	34
N	_ZN21CAnimationModelObject16InitializeByFileEPKcRKN9Framework10CSTLVectorINSt6__ndk112basic_stringIcNS4_11char_traitsIcEENS2_13CSTLAllocatorIcNS2_22CSTLStringAllocatorInfEEEEEEES1_S1_b		0	0	17
N	_ZN21CAnimationModelObject16Progress_ReleaseEv		1	8	160
N	_ZN21CAnimationModelObject17StartAddAnimationEPKcfb		0	0	17
N	_ZN21CAnimationModelObject18StartAnimationSafeEPKcfbb		0	0	3
N	_ZN21CAnimationModelObject19rCollisionContainerEv		0	0	16
N	_ZN21CAnimationModelObject22ProgressInitialize_AcfEPh		0	1	17
N	_ZN21CAnimationModelObject23ImmediateChangePositionERKN9Framework7CVectorE		0	0	3
N	_ZN21CAnimationModelObject23SetupCharacterCollisionEj		0	0	12
N	_ZN21CAnimationModelObject6rModelEv		4	5	42594
N	_ZN21CAnimationModelObject9ToReleaseEv		0	1	26
N	_ZN21CAnimationModelObjectC1Ev		0	0	17
N	_ZN21CAnimationModelObjectD1Ev		0	1	16
N	_ZN21CGameAssetPackManager8ProgressEv		18	60	10497
N	_ZN21CHomeModelViewManager10CheckInputEv		0	0	2246
N	_ZN21CHomeModelViewManager12SetCameraPosEPNS_13HomeCharacterEb		0	0	3
N	_ZN21CHomeModelViewManager12UpdateCameraEv		0	0	2245
N	_ZN21CHomeModelViewManager13Progress_MainEv		2	2	2245
N	_ZN21CHomeModelViewManager14BlushEffectEndEPNS_13HomeCharacterE		0	0	8
N	_ZN21CHomeModelViewManager14IsVoicePlayingEv		0	0	2
N	_ZN21CHomeModelViewManager15MouthMotionStopEPNS_13HomeCharacterE		0	1	13
N	_ZN21CHomeModelViewManager17Progress_HomeTalkEv		9	148	2423
N	_ZN21CHomeModelViewManager20PlayStayMotionRandomEPNS_13HomeCharacterEjf		0	3	7
N	_ZN21CHomeModelViewManager20Progress_Voice_DelayEPNS_13HomeCharacterE		0	0	2245
N	_ZN21CHomeModelViewManager20SetCameraInitialdataEv		0	1	3
N	_ZN21CHomeModelViewManager7SetExitEv		0	0	2
N	_ZN21CHomeModelViewManager8ProgressEv		6	154	2423
N	_ZN21CHomeModelViewManager9StopVoiceEv		0	0	6
N	_ZN21CParameterElementBase11AddPropertyEP18IParameterProperty		0	0	575454
N	_ZN21CParameterElementBase11DeserializeEPKN4Aska4ASON6AValue4AMapE		57	61	56309
N	_ZN21CSceneObjectContainer8ProgressEv		87	2482	10496
N	_ZN22AofObjectDeleteHandlerIN4Aska16RenderStateArrayEE14DeleteCallbackEiPv		0	0	72
N	_ZN22AofObjectDeleteHandlerIN4Aska16SkinMatricesBaseEE14DeleteCallbackEiPv		0	0	72
N	_ZN22CParameterPropertyBaseILj100EE11CryptStringINSt6__ndk112basic_stringIcNS2_11char_traitsIcEEN9Framework13CSTLAllocatorIcNS6_22CSTLStringAllocatorInfEEEEEEEvRT_RKSB_		0	0	2
N	_ZN22CParameterPropertyBaseILj105EE11CryptStringINSt6__ndk112basic_stringIcNS2_11char_traitsIcEEN9Framework13CSTLAllocatorIcNS6_22CSTLStringAllocatorInfEEEEEEEvRT_RKSB_		0	0	184
N	_ZN22CParameterPropertyBaseILj106EE11CryptStringINSt6__ndk112basic_stringIcNS2_11char_traitsIcEEN9Framework13CSTLAllocatorIcNS6_22CSTLStringAllocatorInfEEEEEEEvRT_RKSB_		0	0	275
N	_ZN22CParameterPropertyBaseILj107EE11CryptStringINSt6__ndk112basic_stringIcNS2_11char_traitsIcEEN9Framework13CSTLAllocatorIcNS6_22CSTLStringAllocatorInfEEEEEEEvRT_RKSB_		0	0	216
N	_ZN22CParameterPropertyBaseILj108EE11CryptStringINSt6__ndk112basic_stringIcNS2_11char_traitsIcEEN9Framework13CSTLAllocatorIcNS6_22CSTLStringAllocatorInfEEEEEEEvRT_RKSB_		0	0	243
N	_ZN22CParameterPropertyBaseILj109EE11CryptStringINSt6__ndk112basic_stringIcNS2_11char_traitsIcEEN9Framework13CSTLAllocatorIcNS6_22CSTLStringAllocatorInfEEEEEEEvRT_RKSB_		0	0	25
N	_ZN22CParameterPropertyBaseILj110EE11CryptStringINSt6__ndk112basic_stringIcNS2_11char_traitsIcEEN9Framework13CSTLAllocatorIcNS6_22CSTLStringAllocatorInfEEEEEEEvRT_RKSB_		0	0	27
N	_ZN22CParameterPropertyBaseILj111EE11CryptStringINSt6__ndk112basic_stringIcNS2_11char_traitsIcEEN9Framework13CSTLAllocatorIcNS6_22CSTLStringAllocatorInfEEEEEEEvRT_RKSB_		0	0	41
N	_ZN22CParameterPropertyBaseILj112EE11CryptStringINSt6__ndk112basic_stringIcNS2_11char_traitsIcEEN9Framework13CSTLAllocatorIcNS6_22CSTLStringAllocatorInfEEEEEEEvRT_RKSB_		0	0	25
N	_ZN22CParameterPropertyBaseILj113EE11CryptStringINSt6__ndk112basic_stringIcNS2_11char_traitsIcEEN9Framework13CSTLAllocatorIcNS6_22CSTLStringAllocatorInfEEEEEEEvRT_RKSB_		0	0	34
N	_ZN22CParameterPropertyBaseILj115EE11CryptStringINSt6__ndk112basic_stringIcNS2_11char_traitsIcEEN9Framework13CSTLAllocatorIcNS6_22CSTLStringAllocatorInfEEEEEEEvRT_RKSB_		0	0	2
N	_ZN22CParameterPropertyBaseILj118EE11CryptStringINSt6__ndk112basic_stringIcNS2_11char_traitsIcEEN9Framework13CSTLAllocatorIcNS6_22CSTLStringAllocatorInfEEEEEEEvRT_RKSB_		0	0	9
N	_ZN22CParameterPropertyBaseILj120EE11CryptStringINSt6__ndk112basic_stringIcNS2_11char_traitsIcEEN9Framework13CSTLAllocatorIcNS6_22CSTLStringAllocatorInfEEEEEEEvRT_RKSB_		0	0	11
N	_ZN22CParameterPropertyBaseILj123EE11CryptStringINSt6__ndk112basic_stringIcNS2_11char_traitsIcEEN9Framework13CSTLAllocatorIcNS6_22CSTLStringAllocatorInfEEEEEEEvRT_RKSB_		0	0	9
N	_ZN22CParameterPropertyBaseILj126EE11CryptStringINSt6__ndk112basic_stringIcNS2_11char_traitsIcEEN9Framework13CSTLAllocatorIcNS6_22CSTLStringAllocatorInfEEEEEEEvRT_RKSB_		1	1	2345
N	_ZN22CParameterPropertyBaseILj128EE11CryptStringINSt6__ndk112basic_stringIcNS2_11char_traitsIcEEN9Framework13CSTLAllocatorIcNS6_22CSTLStringAllocatorInfEEEEEEEvRT_RKSB_		0	0	3
N	_ZN22CParameterPropertyBaseILj129EE11CryptStringINSt6__ndk112basic_stringIcNS2_11char_traitsIcEEN9Framework13CSTLAllocatorIcNS6_22CSTLStringAllocatorInfEEEEEEEvRT_RKSB_		0	0	9
N	_ZN22CParameterPropertyBaseILj130EE11CryptStringINSt6__ndk112basic_stringIcNS2_11char_traitsIcEEN9Framework13CSTLAllocatorIcNS6_22CSTLStringAllocatorInfEEEEEEEvRT_RKSB_		0	0	18
N	_ZN22CParameterPropertyBaseILj132EE11CryptStringINSt6__ndk112basic_stringIcNS2_11char_traitsIcEEN9Framework13CSTLAllocatorIcNS6_22CSTLStringAllocatorInfEEEEEEEvRT_RKSB_		0	0	35
N	_ZN22CParameterPropertyBaseILj143EE11CryptStringINSt6__ndk112basic_stringIcNS2_11char_traitsIcEEN9Framework13CSTLAllocatorIcNS6_22CSTLStringAllocatorInfEEEEEEEvRT_RKSB_		1	1	699
N	_ZN22CParameterPropertyBaseILj144EE11CryptStringINSt6__ndk112basic_stringIcNS2_11char_traitsIcEEN9Framework13CSTLAllocatorIcNS6_22CSTLStringAllocatorInfEEEEEEEvRT_RKSB_		0	0	701
N	_ZN22CParameterPropertyBaseILj145EE11CryptStringINSt6__ndk112basic_stringIcNS2_11char_traitsIcEEN9Framework13CSTLAllocatorIcNS6_22CSTLStringAllocatorInfEEEEEEEvRT_RKSB_		0	0	9
N	_ZN22CParameterPropertyBaseILj146EE11CryptStringINSt6__ndk112basic_stringIcNS2_11char_traitsIcEEN9Framework13CSTLAllocatorIcNS6_22CSTLStringAllocatorInfEEEEEEEvRT_RKSB_		0	0	9
N	_ZN22CParameterPropertyBaseILj147EE11CryptStringINSt6__ndk112basic_stringIcNS2_11char_traitsIcEEN9Framework13CSTLAllocatorIcNS6_22CSTLStringAllocatorInfEEEEEEEvRT_RKSB_		0	0	9
N	_ZN22CParameterPropertyBaseILj148EE11CryptStringINSt6__ndk112basic_stringIcNS2_11char_traitsIcEEN9Framework13CSTLAllocatorIcNS6_22CSTLStringAllocatorInfEEEEEEEvRT_RKSB_		0	0	26
N	_ZN22CParameterPropertyBaseILj151EE11CryptStringINSt6__ndk112basic_stringIcNS2_11char_traitsIcEEN9Framework13CSTLAllocatorIcNS6_22CSTLStringAllocatorInfEEEEEEEvRT_RKSB_		0	0	10
N	_ZN22CParameterPropertyBaseILj152EE11CryptStringINSt6__ndk112basic_stringIcNS2_11char_traitsIcEEN9Framework13CSTLAllocatorIcNS6_22CSTLStringAllocatorInfEEEEEEEvRT_RKSB_		0	0	238
N	_ZN22CParameterPropertyBaseILj153EE11CryptStringINSt6__ndk112basic_stringIcNS2_11char_traitsIcEEN9Framework13CSTLAllocatorIcNS6_22CSTLStringAllocatorInfEEEEEEEvRT_RKSB_		0	0	10
N	_ZN22CParameterPropertyBaseILj160EE11CryptStringINSt6__ndk112basic_stringIcNS2_11char_traitsIcEEN9Framework13CSTLAllocatorIcNS6_22CSTLStringAllocatorInfEEEEEEEvRT_RKSB_		0	0	32
N	_ZN22CParameterPropertyBaseILj161EE11CryptStringINSt6__ndk112basic_stringIcNS2_11char_traitsIcEEN9Framework13CSTLAllocatorIcNS6_22CSTLStringAllocatorInfEEEEEEEvRT_RKSB_		0	0	32
N	_ZN22CParameterPropertyBaseILj162EE11CryptStringINSt6__ndk112basic_stringIcNS2_11char_traitsIcEEN9Framework13CSTLAllocatorIcNS6_22CSTLStringAllocatorInfEEEEEEEvRT_RKSB_		0	0	32
N	_ZN22CParameterPropertyBaseILj163EE11CryptStringINSt6__ndk112basic_stringIcNS2_11char_traitsIcEEN9Framework13CSTLAllocatorIcNS6_22CSTLStringAllocatorInfEEEEEEEvRT_RKSB_		0	0	41
N	_ZN22CParameterPropertyBaseILj164EE11CryptStringINSt6__ndk112basic_stringIcNS2_11char_traitsIcEEN9Framework13CSTLAllocatorIcNS6_22CSTLStringAllocatorInfEEEEEEEvRT_RKSB_		0	0	25
N	_ZN22CParameterPropertyBaseILj165EE11CryptStringINSt6__ndk112basic_stringIcNS2_11char_traitsIcEEN9Framework13CSTLAllocatorIcNS6_22CSTLStringAllocatorInfEEEEEEEvRT_RKSB_		0	0	45
N	_ZN22CParameterPropertyBaseILj166EE11CryptStringINSt6__ndk112basic_stringIcNS2_11char_traitsIcEEN9Framework13CSTLAllocatorIcNS6_22CSTLStringAllocatorInfEEEEEEEvRT_RKSB_		0	0	25
N	_ZN22CParameterPropertyBaseILj167EE11CryptStringINSt6__ndk112basic_stringIcNS2_11char_traitsIcEEN9Framework13CSTLAllocatorIcNS6_22CSTLStringAllocatorInfEEEEEEEvRT_RKSB_		0	0	16
N	_ZN22CParameterPropertyBaseILj168EE11CryptStringINSt6__ndk112basic_stringIcNS2_11char_traitsIcEEN9Framework13CSTLAllocatorIcNS6_22CSTLStringAllocatorInfEEEEEEEvRT_RKSB_		0	0	16
N	_ZN22CParameterPropertyBaseILj169EE11CryptStringINSt6__ndk112basic_stringIcNS2_11char_traitsIcEEN9Framework13CSTLAllocatorIcNS6_22CSTLStringAllocatorInfEEEEEEEvRT_RKSB_		0	0	16
N	_ZN22CParameterPropertyBaseILj16EE11CryptStringINSt6__ndk112basic_stringIcNS2_11char_traitsIcEEN9Framework13CSTLAllocatorIcNS6_22CSTLStringAllocatorInfEEEEEEEvRT_RKSB_		0	0	6
N	_ZN22CParameterPropertyBaseILj170EE11CryptStringINSt6__ndk112basic_stringIcNS2_11char_traitsIcEEN9Framework13CSTLAllocatorIcNS6_22CSTLStringAllocatorInfEEEEEEEvRT_RKSB_		0	0	16
N	_ZN22CParameterPropertyBaseILj171EE11CryptStringINSt6__ndk112basic_stringIcNS2_11char_traitsIcEEN9Framework13CSTLAllocatorIcNS6_22CSTLStringAllocatorInfEEEEEEEvRT_RKSB_		0	0	16
N	_ZN22CParameterPropertyBaseILj172EE11CryptStringINSt6__ndk112basic_stringIcNS2_11char_traitsIcEEN9Framework13CSTLAllocatorIcNS6_22CSTLStringAllocatorInfEEEEEEEvRT_RKSB_		0	0	16
N	_ZN22CParameterPropertyBaseILj173EE11CryptStringINSt6__ndk112basic_stringIcNS2_11char_traitsIcEEN9Framework13CSTLAllocatorIcNS6_22CSTLStringAllocatorInfEEEEEEEvRT_RKSB_		0	0	16
N	_ZN22CParameterPropertyBaseILj174EE11CryptStringINSt6__ndk112basic_stringIcNS2_11char_traitsIcEEN9Framework13CSTLAllocatorIcNS6_22CSTLStringAllocatorInfEEEEEEEvRT_RKSB_		0	0	16
N	_ZN22CParameterPropertyBaseILj175EE11CryptStringINSt6__ndk112basic_stringIcNS2_11char_traitsIcEEN9Framework13CSTLAllocatorIcNS6_22CSTLStringAllocatorInfEEEEEEEvRT_RKSB_		0	0	36
N	_ZN22CParameterPropertyBaseILj178EE11CryptStringINSt6__ndk112basic_stringIcNS2_11char_traitsIcEEN9Framework13CSTLAllocatorIcNS6_22CSTLStringAllocatorInfEEEEEEEvRT_RKSB_		0	0	21
N	_ZN22CParameterPropertyBaseILj180EE11CryptStringINSt6__ndk112basic_stringIcNS2_11char_traitsIcEEN9Framework13CSTLAllocatorIcNS6_22CSTLStringAllocatorInfEEEEEEEvRT_RKSB_		0	0	4
N	_ZN22CParameterPropertyBaseILj181EE11CryptStringINSt6__ndk112basic_stringIcNS2_11char_traitsIcEEN9Framework13CSTLAllocatorIcNS6_22CSTLStringAllocatorInfEEEEEEEvRT_RKSB_		0	0	29
N	_ZN22CParameterPropertyBaseILj183EE11CryptStringINSt6__ndk112basic_stringIcNS2_11char_traitsIcEEN9Framework13CSTLAllocatorIcNS6_22CSTLStringAllocatorInfEEEEEEEvRT_RKSB_		0	0	4
N	_ZN22CParameterPropertyBaseILj186EE11CryptStringINSt6__ndk112basic_stringIcNS2_11char_traitsIcEEN9Framework13CSTLAllocatorIcNS6_22CSTLStringAllocatorInfEEEEEEEvRT_RKSB_		0	0	3
N	_ZN22CParameterPropertyBaseILj189EE11CryptStringINSt6__ndk112basic_stringIcNS2_11char_traitsIcEEN9Framework13CSTLAllocatorIcNS6_22CSTLStringAllocatorInfEEEEEEEvRT_RKSB_		0	0	2
N	_ZN22CParameterPropertyBaseILj192EE11CryptStringINSt6__ndk112basic_stringIcNS2_11char_traitsIcEEN9Framework13CSTLAllocatorIcNS6_22CSTLStringAllocatorInfEEEEEEEvRT_RKSB_		0	0	2
N	_ZN22CParameterPropertyBaseILj195EE11CryptStringINSt6__ndk112basic_stringIcNS2_11char_traitsIcEEN9Framework13CSTLAllocatorIcNS6_22CSTLStringAllocatorInfEEEEEEEvRT_RKSB_		0	0	7
N	_ZN22CParameterPropertyBaseILj196EE11CryptStringINSt6__ndk112basic_stringIcNS2_11char_traitsIcEEN9Framework13CSTLAllocatorIcNS6_22CSTLStringAllocatorInfEEEEEEEvRT_RKSB_		0	0	7
N	_ZN22CParameterPropertyBaseILj197EE11CryptStringINSt6__ndk112basic_stringIcNS2_11char_traitsIcEEN9Framework13CSTLAllocatorIcNS6_22CSTLStringAllocatorInfEEEEEEEvRT_RKSB_		0	0	7
N	_ZN22CParameterPropertyBaseILj201EE11CryptStringINSt6__ndk112basic_stringIcNS2_11char_traitsIcEEN9Framework13CSTLAllocatorIcNS6_22CSTLStringAllocatorInfEEEEEEEvRT_RKSB_		0	0	23
N	_ZN22CParameterPropertyBaseILj209EE11CryptStringINSt6__ndk112basic_stringIcNS2_11char_traitsIcEEN9Framework13CSTLAllocatorIcNS6_22CSTLStringAllocatorInfEEEEEEEvRT_RKSB_		0	0	4
N	_ZN22CParameterPropertyBaseILj22EE11CryptStringINSt6__ndk112basic_stringIcNS2_11char_traitsIcEEN9Framework13CSTLAllocatorIcNS6_22CSTLStringAllocatorInfEEEEEEEvRT_RKSB_		0	0	1
N	_ZN22CParameterPropertyBaseILj23EE11CryptStringINSt6__ndk112basic_stringIcNS2_11char_traitsIcEEN9Framework13CSTLAllocatorIcNS6_22CSTLStringAllocatorInfEEEEEEEvRT_RKSB_		0	0	1
N	_ZN22CParameterPropertyBaseILj30EE11CryptStringINSt6__ndk112basic_stringIcNS2_11char_traitsIcEEN9Framework13CSTLAllocatorIcNS6_22CSTLStringAllocatorInfEEEEEEEvRT_RKSB_		0	0	2808
N	_ZN22CParameterPropertyBaseILj31EE11CryptStringINSt6__ndk112basic_stringIcNS2_11char_traitsIcEEN9Framework13CSTLAllocatorIcNS6_22CSTLStringAllocatorInfEEEEEEEvRT_RKSB_		0	0	583
N	_ZN22CParameterPropertyBaseILj32EE11CryptStringINSt6__ndk112basic_stringIcNS2_11char_traitsIcEEN9Framework13CSTLAllocatorIcNS6_22CSTLStringAllocatorInfEEEEEEEvRT_RKSB_		0	0	45275
N	_ZN22CParameterPropertyBaseILj33EE11CryptStringINSt6__ndk112basic_stringIcNS2_11char_traitsIcEEN9Framework13CSTLAllocatorIcNS6_22CSTLStringAllocatorInfEEEEEEEvRT_RKSB_		0	0	27
N	_ZN22CParameterPropertyBaseILj34EE11CryptStringINSt6__ndk112basic_stringIcNS2_11char_traitsIcEEN9Framework13CSTLAllocatorIcNS6_22CSTLStringAllocatorInfEEEEEEEvRT_RKSB_		0	0	28
N	_ZN22CParameterPropertyBaseILj35EE11CryptStringINSt6__ndk112basic_stringIcNS2_11char_traitsIcEEN9Framework13CSTLAllocatorIcNS6_22CSTLStringAllocatorInfEEEEEEEvRT_RKSB_		0	0	1
N	_ZN22CParameterPropertyBaseILj36EE11CryptStringINSt6__ndk112basic_stringIcNS2_11char_traitsIcEEN9Framework13CSTLAllocatorIcNS6_22CSTLStringAllocatorInfEEEEEEEvRT_RKSB_		0	0	3
N	_ZN22CParameterPropertyBaseILj37EE11CryptStringINSt6__ndk112basic_stringIcNS2_11char_traitsIcEEN9Framework13CSTLAllocatorIcNS6_22CSTLStringAllocatorInfEEEEEEEvRT_RKSB_		0	0	119
N	_ZN22CParameterPropertyBaseILj38EE11CryptStringINSt6__ndk112basic_stringIcNS2_11char_traitsIcEEN9Framework13CSTLAllocatorIcNS6_22CSTLStringAllocatorInfEEEEEEEvRT_RKSB_		0	0	990
N	_ZN22CParameterPropertyBaseILj39EE11CryptStringINSt6__ndk112basic_stringIcNS2_11char_traitsIcEEN9Framework13CSTLAllocatorIcNS6_22CSTLStringAllocatorInfEEEEEEEvRT_RKSB_		0	0	743
N	_ZN22CParameterPropertyBaseILj40EE11CryptStringINSt6__ndk112basic_stringIcNS2_11char_traitsIcEEN9Framework13CSTLAllocatorIcNS6_22CSTLStringAllocatorInfEEEEEEEvRT_RKSB_		0	0	14
N	_ZN22CParameterPropertyBaseILj41EE11CryptStringINSt6__ndk112basic_stringIcNS2_11char_traitsIcEEN9Framework13CSTLAllocatorIcNS6_22CSTLStringAllocatorInfEEEEEEEvRT_RKSB_		0	0	35638
N	_ZN22CParameterPropertyBaseILj42EE11CryptStringINSt6__ndk112basic_stringIcNS2_11char_traitsIcEEN9Framework13CSTLAllocatorIcNS6_22CSTLStringAllocatorInfEEEEEEEvRT_RKSB_		0	0	861
N	_ZN22CParameterPropertyBaseILj43EE11CryptStringINSt6__ndk112basic_stringIcNS2_11char_traitsIcEEN9Framework13CSTLAllocatorIcNS6_22CSTLStringAllocatorInfEEEEEEEvRT_RKSB_		7	7	15434
N	_ZN22CParameterPropertyBaseILj44EE11CryptStringINSt6__ndk112basic_stringIcNS2_11char_traitsIcEEN9Framework13CSTLAllocatorIcNS6_22CSTLStringAllocatorInfEEEEEEEvRT_RKSB_		0	0	811
N	_ZN22CParameterPropertyBaseILj45EE11CryptStringINSt6__ndk112basic_stringIcNS2_11char_traitsIcEEN9Framework13CSTLAllocatorIcNS6_22CSTLStringAllocatorInfEEEEEEEvRT_RKSB_		0	0	243
N	_ZN22CParameterPropertyBaseILj46EE11CryptStringINSt6__ndk112basic_stringIcNS2_11char_traitsIcEEN9Framework13CSTLAllocatorIcNS6_22CSTLStringAllocatorInfEEEEEEEvRT_RKSB_		0	0	485
N	_ZN22CParameterPropertyBaseILj47EE11CryptStringINSt6__ndk112basic_stringIcNS2_11char_traitsIcEEN9Framework13CSTLAllocatorIcNS6_22CSTLStringAllocatorInfEEEEEEEvRT_RKSB_		0	0	290
N	_ZN22CParameterPropertyBaseILj48EE11CryptStringINSt6__ndk112basic_stringIcNS2_11char_traitsIcEEN9Framework13CSTLAllocatorIcNS6_22CSTLStringAllocatorInfEEEEEEEvRT_RKSB_		0	0	20
N	_ZN22CParameterPropertyBaseILj495EE11CryptStringINSt6__ndk112basic_stringIcNS2_11char_traitsIcEEN9Framework13CSTLAllocatorIcNS6_22CSTLStringAllocatorInfEEEEEEEvRT_RKSB_		0	0	1
N	_ZN22CParameterPropertyBaseILj49EE11CryptStringINSt6__ndk112basic_stringIcNS2_11char_traitsIcEEN9Framework13CSTLAllocatorIcNS6_22CSTLStringAllocatorInfEEEEEEEvRT_RKSB_		0	0	17
N	_ZN22CParameterPropertyBaseILj51EE11CryptStringINSt6__ndk112basic_stringIcNS2_11char_traitsIcEEN9Framework13CSTLAllocatorIcNS6_22CSTLStringAllocatorInfEEEEEEEvRT_RKSB_		0	0	214
N	_ZN22CParameterPropertyBaseILj539EE11CryptStringINSt6__ndk112basic_stringIcNS2_11char_traitsIcEEN9Framework13CSTLAllocatorIcNS6_22CSTLStringAllocatorInfEEEEEEEvRT_RKSB_		0	0	3
N	_ZN22CParameterPropertyBaseILj53EE11CryptStringINSt6__ndk112basic_stringIcNS2_11char_traitsIcEEN9Framework13CSTLAllocatorIcNS6_22CSTLStringAllocatorInfEEEEEEEvRT_RKSB_		0	0	4364
N	_ZN22CParameterPropertyBaseILj545EE11CryptStringINSt6__ndk112basic_stringIcNS2_11char_traitsIcEEN9Framework13CSTLAllocatorIcNS6_22CSTLStringAllocatorInfEEEEEEEvRT_RKSB_		0	0	1
N	_ZN22CParameterPropertyBaseILj54EE11CryptStringINSt6__ndk112basic_stringIcNS2_11char_traitsIcEEN9Framework13CSTLAllocatorIcNS6_22CSTLStringAllocatorInfEEEEEEEvRT_RKSB_		0	0	1575
N	_ZN22CParameterPropertyBaseILj554EE11CryptStringINSt6__ndk112basic_stringIcNS2_11char_traitsIcEEN9Framework13CSTLAllocatorIcNS6_22CSTLStringAllocatorInfEEEEEEEvRT_RKSB_		0	0	16
N	_ZN22CParameterPropertyBaseILj55EE11CryptStringINSt6__ndk112basic_stringIcNS2_11char_traitsIcEEN9Framework13CSTLAllocatorIcNS6_22CSTLStringAllocatorInfEEEEEEEvRT_RKSB_		0	0	210
N	_ZN22CParameterPropertyBaseILj566EE11CryptStringINSt6__ndk112basic_stringIcNS2_11char_traitsIcEEN9Framework13CSTLAllocatorIcNS6_22CSTLStringAllocatorInfEEEEEEEvRT_RKSB_		0	0	1
N	_ZN22CParameterPropertyBaseILj56EE11CryptStringINSt6__ndk112basic_stringIcNS2_11char_traitsIcEEN9Framework13CSTLAllocatorIcNS6_22CSTLStringAllocatorInfEEEEEEEvRT_RKSB_		0	0	371
N	_ZN22CParameterPropertyBaseILj57EE11CryptStringINSt6__ndk112basic_stringIcNS2_11char_traitsIcEEN9Framework13CSTLAllocatorIcNS6_22CSTLStringAllocatorInfEEEEEEEvRT_RKSB_		0	0	10
N	_ZN22CParameterPropertyBaseILj58EE11CryptStringINSt6__ndk112basic_stringIcNS2_11char_traitsIcEEN9Framework13CSTLAllocatorIcNS6_22CSTLStringAllocatorInfEEEEEEEvRT_RKSB_		0	0	90
N	_ZN22CParameterPropertyBaseILj67EE11CryptStringINSt6__ndk112basic_stringIcNS2_11char_traitsIcEEN9Framework13CSTLAllocatorIcNS6_22CSTLStringAllocatorInfEEEEEEEvRT_RKSB_		0	0	4
N	_ZN22CParameterPropertyBaseILj68EE11CryptStringINSt6__ndk112basic_stringIcNS2_11char_traitsIcEEN9Framework13CSTLAllocatorIcNS6_22CSTLStringAllocatorInfEEEEEEEvRT_RKSB_		1	1	12275
N	_ZN22CParameterPropertyBaseILj69EE11CryptStringINSt6__ndk112basic_stringIcNS2_11char_traitsIcEEN9Framework13CSTLAllocatorIcNS6_22CSTLStringAllocatorInfEEEEEEEvRT_RKSB_		0	0	2373
N	_ZN22CParameterPropertyBaseILj70EE11CryptStringINSt6__ndk112basic_stringIcNS2_11char_traitsIcEEN9Framework13CSTLAllocatorIcNS6_22CSTLStringAllocatorInfEEEEEEEvRT_RKSB_		0	0	4
N	_ZN22CParameterPropertyBaseILj73EE11CryptStringINSt6__ndk112basic_stringIcNS2_11char_traitsIcEEN9Framework13CSTLAllocatorIcNS6_22CSTLStringAllocatorInfEEEEEEEvRT_RKSB_		0	0	162
N	_ZN22CParameterPropertyBaseILj74EE11CryptStringINSt6__ndk112basic_stringIcNS2_11char_traitsIcEEN9Framework13CSTLAllocatorIcNS6_22CSTLStringAllocatorInfEEEEEEEvRT_RKSB_		0	0	26
N	_ZN22CParameterPropertyBaseILj76EE11CryptStringINSt6__ndk112basic_stringIcNS2_11char_traitsIcEEN9Framework13CSTLAllocatorIcNS6_22CSTLStringAllocatorInfEEEEEEEvRT_RKSB_		0	0	458
N	_ZN22CParameterPropertyBaseILj77EE11CryptStringINSt6__ndk112basic_stringIcNS2_11char_traitsIcEEN9Framework13CSTLAllocatorIcNS6_22CSTLStringAllocatorInfEEEEEEEvRT_RKSB_		0	0	272
N	_ZN22CParameterPropertyBaseILj78EE11CryptStringINSt6__ndk112basic_stringIcNS2_11char_traitsIcEEN9Framework13CSTLAllocatorIcNS6_22CSTLStringAllocatorInfEEEEEEEvRT_RKSB_		0	0	62
N	_ZN22CParameterPropertyBaseILj79EE11CryptStringINSt6__ndk112basic_stringIcNS2_11char_traitsIcEEN9Framework13CSTLAllocatorIcNS6_22CSTLStringAllocatorInfEEEEEEEvRT_RKSB_		0	0	44
N	_ZN22CParameterPropertyBaseILj80EE11CryptStringINSt6__ndk112basic_stringIcNS2_11char_traitsIcEEN9Framework13CSTLAllocatorIcNS6_22CSTLStringAllocatorInfEEEEEEEvRT_RKSB_		0	0	108
N	_ZN22CParameterPropertyBaseILj81EE11CryptStringINSt6__ndk112basic_stringIcNS2_11char_traitsIcEEN9Framework13CSTLAllocatorIcNS6_22CSTLStringAllocatorInfEEEEEEEvRT_RKSB_		0	0	84
N	_ZN22CParameterPropertyBaseILj82EE11CryptStringINSt6__ndk112basic_stringIcNS2_11char_traitsIcEEN9Framework13CSTLAllocatorIcNS6_22CSTLStringAllocatorInfEEEEEEEvRT_RKSB_		0	0	83
N	_ZN22CParameterPropertyBaseILj83EE11CryptStringINSt6__ndk112basic_stringIcNS2_11char_traitsIcEEN9Framework13CSTLAllocatorIcNS6_22CSTLStringAllocatorInfEEEEEEEvRT_RKSB_		0	0	216
N	_ZN22CParameterPropertyBaseILj84EE11CryptStringINSt6__ndk112basic_stringIcNS2_11char_traitsIcEEN9Framework13CSTLAllocatorIcNS6_22CSTLStringAllocatorInfEEEEEEEvRT_RKSB_		0	0	297
N	_ZN22CParameterPropertyBaseILj85EE11CryptStringINSt6__ndk112basic_stringIcNS2_11char_traitsIcEEN9Framework13CSTLAllocatorIcNS6_22CSTLStringAllocatorInfEEEEEEEvRT_RKSB_		0	0	202
N	_ZN22CParameterPropertyBaseILj86EE11CryptStringINSt6__ndk112basic_stringIcNS2_11char_traitsIcEEN9Framework13CSTLAllocatorIcNS6_22CSTLStringAllocatorInfEEEEEEEvRT_RKSB_		0	0	275
N	_ZN22CParameterPropertyBaseILj87EE11CryptStringINSt6__ndk112basic_stringIcNS2_11char_traitsIcEEN9Framework13CSTLAllocatorIcNS6_22CSTLStringAllocatorInfEEEEEEEvRT_RKSB_		0	0	195
N	_ZN22CParameterPropertyBaseILj88EE11CryptStringINSt6__ndk112basic_stringIcNS2_11char_traitsIcEEN9Framework13CSTLAllocatorIcNS6_22CSTLStringAllocatorInfEEEEEEEvRT_RKSB_		0	0	63
N	_ZN22CParameterPropertyBaseILj90EE11CryptStringINSt6__ndk112basic_stringIcNS2_11char_traitsIcEEN9Framework13CSTLAllocatorIcNS6_22CSTLStringAllocatorInfEEEEEEEvRT_RKSB_		0	0	23
N	_ZN22CParameterPropertyBaseILj91EE11CryptStringINSt6__ndk112basic_stringIcNS2_11char_traitsIcEEN9Framework13CSTLAllocatorIcNS6_22CSTLStringAllocatorInfEEEEEEEvRT_RKSB_		0	0	10
N	_ZN22CParameterPropertyBaseILj92EE11CryptStringINSt6__ndk112basic_stringIcNS2_11char_traitsIcEEN9Framework13CSTLAllocatorIcNS6_22CSTLStringAllocatorInfEEEEEEEvRT_RKSB_		0	0	8
N	_ZN22CParameterPropertyBaseILj93EE11CryptStringINSt6__ndk112basic_stringIcNS2_11char_traitsIcEEN9Framework13CSTLAllocatorIcNS6_22CSTLStringAllocatorInfEEEEEEEvRT_RKSB_		0	0	1
N	_ZN22CParameterPropertyBaseILj94EE11CryptStringINSt6__ndk112basic_stringIcNS2_11char_traitsIcEEN9Framework13CSTLAllocatorIcNS6_22CSTLStringAllocatorInfEEEEEEEvRT_RKSB_		0	0	19
N	_ZN22CParameterPropertyBaseILj95EE11CryptStringINSt6__ndk112basic_stringIcNS2_11char_traitsIcEEN9Framework13CSTLAllocatorIcNS6_22CSTLStringAllocatorInfEEEEEEEvRT_RKSB_		0	0	279
N	_ZN22CParameterPropertyBaseILj96EE11CryptStringINSt6__ndk112basic_stringIcNS2_11char_traitsIcEEN9Framework13CSTLAllocatorIcNS6_22CSTLStringAllocatorInfEEEEEEEvRT_RKSB_		0	0	10
N	_ZN22CParameterPropertyBaseILj97EE11CryptStringINSt6__ndk112basic_stringIcNS2_11char_traitsIcEEN9Framework13CSTLAllocatorIcNS6_22CSTLStringAllocatorInfEEEEEEEvRT_RKSB_		0	0	6
N	_ZN22CParameterPropertyBaseILj98EE11CryptStringINSt6__ndk112basic_stringIcNS2_11char_traitsIcEEN9Framework13CSTLAllocatorIcNS6_22CSTLStringAllocatorInfEEEEEEEvRT_RKSB_		0	0	6
N	_ZN22CParameterPropertyBaseILj99EE11CryptStringINSt6__ndk112basic_stringIcNS2_11char_traitsIcEEN9Framework13CSTLAllocatorIcNS6_22CSTLStringAllocatorInfEEEEEEEvRT_RKSB_		0	0	203
N	_ZN22CSimpleSqliteConnectorIN24CMasterEventRankingGroup39SimpleMasterDB_CMasterEventRankingGroupES1_E14QueryToMsgPackEPKcRN4Aska12TSharedArrayIaEERlPNS5_5Yayoi10QueryParamEj		0	0	3
N	_ZN22CSimpleSqliteConnectorIN8MasterDB10CEventTermEN4Aska5Yayoi13TEntity_SlaveINS3_12SQLiteDriverES1_NS3_7NoCacheEEEE14QueryToMsgPackEPKcRNS2_12TSharedArrayIaEERlPNS3_10QueryParamEj		1	1	3
N	_ZN22CSimpleSqliteConnectorIN8MasterDB10CWinCameraEN4Aska5Yayoi13TEntity_SlaveINS3_12SQLiteDriverES1_NS3_7NoCacheEEEE14QueryToMsgPackEjjRNS2_12TSharedArrayIaEERl		4	4	18
N	_ZN22CSimpleSqliteConnectorIN8MasterDB11CEnemyPartyEN4Aska5Yayoi13TEntity_SlaveINS3_12SQLiteDriverES1_NS3_7NoCacheEEEE14QueryToMsgPackEjjRNS2_12TSharedArrayIaEERl		2	2	4
N	_ZN22CSimpleSqliteConnectorIN8MasterDB11CFactorSeedEN4Aska5Yayoi13TEntity_SlaveINS3_12SQLiteDriverES1_NS3_7NoCacheEEEE14QueryToMsgPackEjjRNS2_12TSharedArrayIaEERl		5	5	11
N	_ZN22CSimpleSqliteConnectorIN8MasterDB11CGachaImageEN4Aska5Yayoi13TEntity_SlaveINS3_12SQLiteDriverES1_NS3_7NoCacheEEEE14QueryToMsgPackEPKcRNS2_12TSharedArrayIaEERlPNS3_10QueryParamEj		0	0	1
N	_ZN22CSimpleSqliteConnectorIN8MasterDB11CLoginBonusEN4Aska5Yayoi13TEntity_SlaveINS3_12SQLiteDriverES1_NS3_7NoCacheEEEE14QueryToMsgPackEjjRNS2_12TSharedArrayIaEERl		0	0	1
N	_ZN22CSimpleSqliteConnectorIN8MasterDB11CWeaponKindEN4Aska5Yayoi13TEntity_SlaveINS3_12SQLiteDriverES1_NS3_7NoCacheEEEE14QueryToMsgPackEjjRNS2_12TSharedArrayIaEERl		2	2	88
N	_ZN22CSimpleSqliteConnectorIN8MasterDB12CAchievementEN4Aska5Yayoi13TEntity_SlaveINS3_12SQLiteDriverES1_NS3_7NoCacheEEEE14QueryToMsgPackEPKcRNS2_12TSharedArrayIaEERlPNS3_10QueryParamEj		2	2	3
N	_ZN22CSimpleSqliteConnectorIN8MasterDB12CEventWeeklyEN4Aska5Yayoi13TEntity_SlaveINS3_12SQLiteDriverES1_NS3_7NoCacheEEEE14QueryToMsgPackEPKcRNS2_12TSharedArrayIaEERlPNS3_10QueryParamEj		0	0	3
N	_ZN22CSimpleSqliteConnectorIN8MasterDB12CHomeMessageEN4Aska5Yayoi13TEntity_SlaveINS3_12SQLiteDriverES1_NS3_7NoCacheEEEE14QueryToMsgPackEPKcRNS2_12TSharedArrayIaEERlPNS3_10QueryParamEj		1	1	3
N	_ZN22CSimpleSqliteConnectorIN8MasterDB12CItemComposeEN4Aska5Yayoi13TEntity_SlaveINS3_12SQLiteDriverES1_NS3_7NoCacheEEEE14QueryToMsgPackEjjRNS2_12TSharedArrayIaEERl		0	0	2
N	_ZN22CSimpleSqliteConnectorIN8MasterDB12CPlayerLevelEN4Aska5Yayoi13TEntity_SlaveINS3_12SQLiteDriverES1_NS3_7NoCacheEEEE14QueryToMsgPackEPKcRNS2_12TSharedArrayIaEERlPNS3_10QueryParamEj		1	1	174
N	_ZN22CSimpleSqliteConnectorIN8MasterDB12CPlayerLevelEN4Aska5Yayoi13TEntity_SlaveINS3_12SQLiteDriverES1_NS3_7NoCacheEEEE14QueryToMsgPackEjjRNS2_12TSharedArrayIaEERl		0	0	2
N	_ZN22CSimpleSqliteConnectorIN8MasterDB12CRoleBoostedEN4Aska5Yayoi13TEntity_SlaveINS3_12SQLiteDriverES1_NS3_7NoCacheEEEE14QueryToMsgPackEPKcRNS2_12TSharedArrayIaEERlPNS3_10QueryParamEj		0	0	2
N	_ZN22CSimpleSqliteConnectorIN8MasterDB12CStageLayoutEN4Aska5Yayoi13TEntity_SlaveINS3_12SQLiteDriverES1_NS3_7NoCacheEEEE14QueryToMsgPackEjjRNS2_12TSharedArrayIaEERl		0	0	1
N	_ZN22CSimpleSqliteConnectorIN8MasterDB13CBattleGlobalEN4Aska5Yayoi13TEntity_SlaveINS3_12SQLiteDriverES1_NS3_7NoCacheEEEE14QueryToMsgPackEjjRNS2_12TSharedArrayIaEERl		0	0	3
N	_ZN22CSimpleSqliteConnectorIN8MasterDB13CLoginMessageEN4Aska5Yayoi13TEntity_SlaveINS3_12SQLiteDriverES1_NS3_7NoCacheEEEE14QueryToMsgPackEPKcRNS2_12TSharedArrayIaEERlPNS3_10QueryParamEj		0	0	2
N	_ZN22CSimpleSqliteConnectorIN8MasterDB13CMasterAwakenES1_E14QueryToMsgPackEPKcRN4Aska12TSharedArrayIaEERlPNS5_5Yayoi10QueryParamEj		0	0	4
N	_ZN22CSimpleSqliteConnectorIN8MasterDB13CMissionStageEN4Aska5Yayoi13TEntity_SlaveINS3_12SQLiteDriverES1_NS3_7NoCacheEEEE14QueryToMsgPackEPKcRNS2_12TSharedArrayIaEERlPNS3_10QueryParamEj		0	1	1
N	_ZN22CSimpleSqliteConnectorIN8MasterDB13CMissionStageEN4Aska5Yayoi13TEntity_SlaveINS3_12SQLiteDriverES1_NS3_7NoCacheEEEE14QueryToMsgPackEjjRNS2_12TSharedArrayIaEERl		1	1	4
N	_ZN22CSimpleSqliteConnectorIN8MasterDB13CRoleLevelMaxEN4Aska5Yayoi13TEntity_SlaveINS3_12SQLiteDriverES1_NS3_7NoCacheEEEE14QueryToMsgPackEPKcRNS2_12TSharedArrayIaEERlPNS3_10QueryParamEj		0	0	1
N	_ZN22CSimpleSqliteConnectorIN8MasterDB14CMasterMenuBGMEN4Aska5Yayoi13TEntity_SlaveINS3_12SQLiteDriverES1_NS3_7NoCacheEEEE14QueryToMsgPackEPKcRNS2_12TSharedArrayIaEERlPNS3_10QueryParamEj		1	1	6
N	_ZN22CSimpleSqliteConnectorIN8MasterDB15CSkillParameterEN4Aska5Yayoi13TEntity_SlaveINS3_12SQLiteDriverES1_NS3_7NoCacheEEEE14QueryToMsgPackEPKcRNS2_12TSharedArrayIaEERlPNS3_10QueryParamEj		2	2	4
N	_ZN22CSimpleSqliteConnectorIN8MasterDB15CSkillParameterEN4Aska5Yayoi13TEntity_SlaveINS3_12SQLiteDriverES1_NS3_7NoCacheEEEE14QueryToMsgPackEjjRNS2_12TSharedArrayIaEERl		3	3	12
N	_ZN22CSimpleSqliteConnectorIN8MasterDB16CMasterGiftGachaES1_E14QueryToMsgPackEPKcRN4Aska12TSharedArrayIaEERlPNS5_5Yayoi10QueryParamEj		0	0	2
N	_ZN22CSimpleSqliteConnectorIN8MasterDB16CMenuCommonVoiceEN4Aska5Yayoi13TEntity_SlaveINS3_12SQLiteDriverES1_NS3_7NoCacheEEEE14QueryToMsgPackEPKcRNS2_12TSharedArrayIaEERlPNS3_10QueryParamEj		2	2	24
N	_ZN22CSimpleSqliteConnectorIN8MasterDB16CReplaceResourceEN4Aska5Yayoi13TEntity_SlaveINS3_12SQLiteDriverES1_NS3_7NoCacheEEEE14QueryToMsgPackEPKcRNS2_12TSharedArrayIaEERlPNS3_10QueryParamEj		0	0	4
N	_ZN22CSimpleSqliteConnectorIN8MasterDB17CMasterFavorLevelEN4Aska5Yayoi13TEntity_SlaveINS3_12SQLiteDriverES1_NS3_7NoCacheEEEE14QueryToMsgPackEPKcRNS2_12TSharedArrayIaEERlPNS3_10QueryParamEj		0	0	3
N	_ZN22CSimpleSqliteConnectorIN8MasterDB18CMasterHeatUpBonusEN4Aska5Yayoi13TEntity_SlaveINS3_12SQLiteDriverES1_NS3_7NoCacheEEEE14QueryToMsgPackEPKcRNS2_12TSharedArrayIaEERlPNS3_10QueryParamEj		0	0	1
N	_ZN22CSimpleSqliteConnectorIN8MasterDB19CEnemyBaseParameterEN4Aska5Yayoi13TEntity_SlaveINS3_12SQLiteDriverES1_NS3_7NoCacheEEEE14QueryToMsgPackEjjRNS2_12TSharedArrayIaEERl		2	2	2
N	_ZN22CSimpleSqliteConnectorIN8MasterDB19CLoginBonusContentsEN4Aska5Yayoi13TEntity_SlaveINS3_12SQLiteDriverES1_NS3_7NoCacheEEEE14QueryToMsgPackEPKcRNS2_12TSharedArrayIaEERlPNS3_10QueryParamEj		0	0	2
N	_ZN22CSimpleSqliteConnectorIN8MasterDB20CMasterBannerReplaceEN4Aska5Yayoi13TEntity_SlaveINS3_12SQLiteDriverES1_NS3_7NoCacheEEEE14QueryToMsgPackEPKcRNS2_12TSharedArrayIaEERlPNS3_10QueryParamEj		0	0	1
N	_ZN22CSimpleSqliteConnectorIN8MasterDB20CMasterFavorScheduleEN4Aska5Yayoi13TEntity_SlaveINS3_12SQLiteDriverES1_NS3_7NoCacheEEEE14QueryToMsgPackEPKcRNS2_12TSharedArrayIaEERlPNS3_10QueryParamEj		0	0	4
N	_ZN22CSimpleSqliteConnectorIN8MasterDB20CMissionClearPresentEN4Aska5Yayoi13TEntity_SlaveINS3_12SQLiteDriverES1_NS3_7NoCacheEEEE14QueryToMsgPackEPKcRNS2_12TSharedArrayIaEERlPNS3_10QueryParamEj		1	1	1
N	_ZN22CSimpleSqliteConnectorIN8MasterDB21CEnemyCommonParameterEN4Aska5Yayoi13TEntity_SlaveINS3_12SQLiteDriverES1_NS3_7NoCacheEEEE14QueryToMsgPackEjjRNS2_12TSharedArrayIaEERl		0	0	2
N	_ZN22CSimpleSqliteConnectorIN8MasterDB23CItemLimitBreakLevelMaxEN4Aska5Yayoi13TEntity_SlaveINS3_12SQLiteDriverES1_NS3_7NoCacheEEEE14QueryToMsgPackEPKcRNS2_12TSharedArrayIaEERlPNS3_10QueryParamEj		0	0	3
N	_ZN22CSimpleSqliteConnectorIN8MasterDB24CharacterCommonParameterEN4Aska5Yayoi13TEntity_SlaveINS3_12SQLiteDriverES1_NS3_7NoCacheEEEE14QueryToMsgPackEPKcRNS2_12TSharedArrayIaEERlPNS3_10QueryParamEj		0	0	10
N	_ZN22CSimpleSqliteConnectorIN8MasterDB24CharacterCommonParameterEN4Aska5Yayoi13TEntity_SlaveINS3_12SQLiteDriverES1_NS3_7NoCacheEEEE14QueryToMsgPackEjjRNS2_12TSharedArrayIaEERl		0	0	1
N	_ZN22CSimpleSqliteConnectorIN8MasterDB25CMasterMenuVoiceParameterEN4Aska5Yayoi13TEntity_SlaveINS3_12SQLiteDriverES1_NS3_7NoCacheEEEE14QueryToMsgPackEPKcRNS2_12TSharedArrayIaEERlPNS3_10QueryParamEj		1	1	1
N	_ZN22CSimpleSqliteConnectorIN8MasterDB26CMasterHome3DMotionSettingEN4Aska5Yayoi13TEntity_SlaveINS3_12SQLiteDriverES1_NS3_7NoCacheEEEE14QueryToMsgPackEPKcRNS2_12TSharedArrayIaEERlPNS3_10QueryParamEj		4	4	93
N	_ZN22CSimpleSqliteConnectorIN8MasterDB27CMasterAssistSkillParameterEN4Aska5Yayoi13TEntity_SlaveINS3_12SQLiteDriverES1_NS3_7NoCacheEEEE14QueryToMsgPackEPKcRNS2_12TSharedArrayIaEERlPNS3_10QueryParamEj		1	1	12
N	_ZN22CSimpleSqliteConnectorIN8MasterDB29CMasterParameterAIAppointMoveEN4Aska5Yayoi13TEntity_SlaveINS3_12SQLiteDriverES1_NS3_7NoCacheEEEE14QueryToMsgPackEjjRNS2_12TSharedArrayIaEERl		0	0	2
N	_ZN22CSimpleSqliteConnectorIN8MasterDB31CMasterParameterChantEffectTypeEN4Aska5Yayoi13TEntity_SlaveINS3_12SQLiteDriverES1_NS3_7NoCacheEEEE14QueryToMsgPackEPKcRNS2_12TSharedArrayIaEERlPNS3_10QueryParamEj		0	0	2
N	_ZN22CSimpleSqliteConnectorIN8MasterDB4CMapEN4Aska5Yayoi13TEntity_SlaveINS3_12SQLiteDriverES1_NS3_7NoCacheEEEE14QueryToMsgPackEjjRNS2_12TSharedArrayIaEERl		0	0	2
N	_ZN22CSimpleSqliteConnectorIN8MasterDB5CAreaEN4Aska5Yayoi13TEntity_SlaveINS3_12SQLiteDriverES1_NS3_7NoCacheEEEE14QueryToMsgPackEPKcRNS2_12TSharedArrayIaEERlPNS3_10QueryParamEj		0	0	1
N	_ZN22CSimpleSqliteConnectorIN8MasterDB5CAreaEN4Aska5Yayoi13TEntity_SlaveINS3_12SQLiteDriverES1_NS3_7NoCacheEEEE14QueryToMsgPackEjjRNS2_12TSharedArrayIaEERl		1	1	1
N	_ZN22CSimpleSqliteConnectorIN8MasterDB5CItemEN4Aska5Yayoi13TEntity_SlaveINS3_12SQLiteDriverES1_NS3_7NoCacheEEEE14QueryToMsgPackEjjRNS2_12TSharedArrayIaEERl		13	13	23
N	_ZN22CSimpleSqliteConnectorIN8MasterDB5CRankEN4Aska5Yayoi13TEntity_SlaveINS3_12SQLiteDriverES1_NS3_7NoCacheEEEE14QueryToMsgPackEPKcRNS2_12TSharedArrayIaEERlPNS3_10QueryParamEj		0	0	8
N	_ZN22CSimpleSqliteConnectorIN8MasterDB5CRoleEN4Aska5Yayoi13TEntity_SlaveINS3_12SQLiteDriverES1_NS3_7NoCacheEEEE14QueryToMsgPackEjjRNS2_12TSharedArrayIaEERl		1	1	22
N	_ZN22CSimpleSqliteConnectorIN8MasterDB5CTextEN4Aska5Yayoi13TEntity_SlaveINS3_12SQLiteDriverES1_NS3_7NoCacheEEEE14QueryToMsgPackEPKcRNS2_12TSharedArrayIaEERlPNS3_10QueryParamEj		60	61	19
N	_ZN22CSimpleSqliteConnectorIN8MasterDB5CTextEN4Aska5Yayoi13TEntity_SlaveINS3_12SQLiteDriverES1_NS3_7NoCacheEEEE14QueryToMsgPackEjjRNS2_12TSharedArrayIaEERl		398	400	145
N	_ZN22CSimpleSqliteConnectorIN8MasterDB6CGachaEN4Aska5Yayoi13TEntity_SlaveINS3_12SQLiteDriverES1_NS3_7NoCacheEEEE14QueryToMsgPackEPKcRNS2_12TSharedArrayIaEERlPNS3_10QueryParamEj		8	8	2
N	_ZN22CSimpleSqliteConnectorIN8MasterDB6CSkillEN4Aska5Yayoi13TEntity_SlaveINS3_12SQLiteDriverES1_NS3_7NoCacheEEEE14QueryToMsgPackEPKcRNS2_12TSharedArrayIaEERlPNS3_10QueryParamEj		0	0	4
N	_ZN22CSimpleSqliteConnectorIN8MasterDB6CSkillEN4Aska5Yayoi13TEntity_SlaveINS3_12SQLiteDriverES1_NS3_7NoCacheEEEE14QueryToMsgPackEjjRNS2_12TSharedArrayIaEERl		7	7	12
N	_ZN22CSimpleSqliteConnectorIN8MasterDB6CTitleEN4Aska5Yayoi13TEntity_SlaveINS3_12SQLiteDriverES1_NS3_7NoCacheEEEE14QueryToMsgPackEPKcRNS2_12TSharedArrayIaEERlPNS3_10QueryParamEj		0	0	2
N	_ZN22CSimpleSqliteConnectorIN8MasterDB7CBannerEN4Aska5Yayoi13TEntity_SlaveINS3_12SQLiteDriverES1_NS3_7NoCacheEEEE14QueryToMsgPackEPKcRNS2_12TSharedArrayIaEERlPNS3_10QueryParamEj		2	2	8
N	_ZN22CSimpleSqliteConnectorIN8MasterDB7CEffectEN4Aska5Yayoi13TEntity_SlaveINS3_12SQLiteDriverES1_NS3_7NoCacheEEEE14QueryToMsgPackEPKcRNS2_12TSharedArrayIaEERlPNS3_10QueryParamEj		10	11	12
N	_ZN22CSimpleSqliteConnectorIN8MasterDB7CEffectEN4Aska5Yayoi13TEntity_SlaveINS3_12SQLiteDriverES1_NS3_7NoCacheEEEE14QueryToMsgPackEjjRNS2_12TSharedArrayIaEERl		7	7	23
N	_ZN22CSimpleSqliteConnectorIN8MasterDB7CFactorEN4Aska5Yayoi13TEntity_SlaveINS3_12SQLiteDriverES1_NS3_7NoCacheEEEE14QueryToMsgPackEjjRNS2_12TSharedArrayIaEERl		13	13	61
N	_ZN22CSimpleSqliteConnectorIN8MasterDB7CGlobalEN4Aska5Yayoi13TEntity_SlaveINS3_12SQLiteDriverES1_NS3_7NoCacheEEEE14QueryToMsgPackEPKcRNS2_12TSharedArrayIaEERlPNS3_10QueryParamEj		740	740	41742
N	_ZN22CSimpleSqliteConnectorIN8MasterDB7CPersonEN4Aska5Yayoi13TEntity_SlaveINS3_12SQLiteDriverES1_NS3_7NoCacheEEEE14QueryToMsgPackEPKcRNS2_12TSharedArrayIaEERlPNS3_10QueryParamEj		1	1	2
N	_ZN22CSimpleSqliteConnectorIN8MasterDB7CPersonEN4Aska5Yayoi13TEntity_SlaveINS3_12SQLiteDriverES1_NS3_7NoCacheEEEE14QueryToMsgPackEjjRNS2_12TSharedArrayIaEERl		3	3	24
N	_ZN22CSimpleSqliteConnectorIN8MasterDB7CTalentEN4Aska5Yayoi13TEntity_SlaveINS3_12SQLiteDriverES1_NS3_7NoCacheEEEE14QueryToMsgPackEjjRNS2_12TSharedArrayIaEERl		3	3	22
N	_ZN22CSimpleSqliteConnectorIN8MasterDB7CWeaponEN4Aska5Yayoi13TEntity_SlaveINS3_12SQLiteDriverES1_NS3_7NoCacheEEEE14QueryToMsgPackEjjRNS2_12TSharedArrayIaEERl		4	4	61
N	_ZN22CSimpleSqliteConnectorIN8MasterDB8CMissionEN4Aska5Yayoi13TEntity_SlaveINS3_12SQLiteDriverES1_NS3_7NoCacheEEEE14QueryToMsgPackEjjRNS2_12TSharedArrayIaEERl		1	1	2
N	_ZN23AofObjectReleaseHandlerIN4Aska10AofHandlerEE14DeleteCallbackEiPv		1	5	72
N	_ZN23AofObjectReleaseHandlerIN4Aska11RenderStateEE14DeleteCallbackEiPv		0	1	144
N	_ZN23CMasterSphere211ElementD2Ev		0	0	1
N	_ZN23CParameterPropertyValueIbLj123E18CPropertyConverterE11DeserializeEPKN4Aska4ASON6AValue4AMapE		0	0	10
N	_ZN23CParameterPropertyValueIbLj126E18CPropertyConverterE11DeserializeEPKN4Aska4ASON6AValue4AMapE		0	0	10
N	_ZN23CParameterPropertyValueIbLj14E18CPropertyConverterE11DeserializeEPKN4Aska4ASON6AValue4AMapE		0	0	82
N	_ZN23CParameterPropertyValueIbLj15E18CPropertyConverterE11DeserializeEPKN4Aska4ASON6AValue4AMapE		0	0	82
N	_ZN23CParameterPropertyValueIbLj16E18CPropertyConverterE11DeserializeEPKN4Aska4ASON6AValue4AMapE		0	0	338
N	_ZN23CParameterPropertyValueIbLj17E18CPropertyConverterE11DeserializeEPKN4Aska4ASON6AValue4AMapE		0	0	270
N	_ZN23CParameterPropertyValueIbLj189E18CPropertyConverterE11DeserializeEPKN4Aska4ASON6AValue4AMapE		0	0	2
N	_ZN23CParameterPropertyValueIbLj18E18CPropertyConverterE11DeserializeEPKN4Aska4ASON6AValue4AMapE		0	0	272
N	_ZN23CParameterPropertyValueIbLj190E18CPropertyConverterE11DeserializeEPKN4Aska4ASON6AValue4AMapE		0	0	2
N	_ZN23CParameterPropertyValueIbLj191E18CPropertyConverterE11DeserializeEPKN4Aska4ASON6AValue4AMapE		0	0	2
N	_ZN23CParameterPropertyValueIbLj192E18CPropertyConverterE11DeserializeEPKN4Aska4ASON6AValue4AMapE		0	0	2
N	_ZN23CParameterPropertyValueIbLj19E18CPropertyConverterE11DeserializeEPKN4Aska4ASON6AValue4AMapE		0	0	1
N	_ZN23CParameterPropertyValueIbLj203E18CPropertyConverterE11DeserializeEPKN4Aska4ASON6AValue4AMapE		0	0	1
N	_ZN23CParameterPropertyValueIbLj204E18CPropertyConverterE11DeserializeEPKN4Aska4ASON6AValue4AMapE		0	0	1
N	_ZN23CParameterPropertyValueIbLj224E18CPropertyConverterE11DeserializeEPKN4Aska4ASON6AValue4AMapE		0	0	4
N	_ZN23CParameterPropertyValueIbLj225E18CPropertyConverterE11DeserializeEPKN4Aska4ASON6AValue4AMapE		0	0	4
N	_ZN23CParameterPropertyValueIbLj22E18CPropertyConverterE11DeserializeEPKN4Aska4ASON6AValue4AMapE		0	0	1
N	_ZN23CParameterPropertyValueIbLj242E18CPropertyConverterE11DeserializeEPKN4Aska4ASON6AValue4AMapE		0	0	4
N	_ZN23CParameterPropertyValueIbLj24E18CPropertyConverterE11DeserializeEPKN4Aska4ASON6AValue4AMapE		0	0	2
N	_ZN23CParameterPropertyValueIbLj26E18CPropertyConverterE11DeserializeEPKN4Aska4ASON6AValue4AMapE		0	0	2
N	_ZN23CParameterPropertyValueIbLj29E18CPropertyConverterE11DeserializeEPKN4Aska4ASON6AValue4AMapE		0	0	2
N	_ZN23CParameterPropertyValueIbLj38E18CPropertyConverterE11DeserializeEPKN4Aska4ASON6AValue4AMapE		0	0	48
N	_ZN23CParameterPropertyValueIbLj43E18CPropertyConverterE11DeserializeEPKN4Aska4ASON6AValue4AMapE		0	0	20
N	_ZN23CParameterPropertyValueIbLj44E18CPropertyConverterE11DeserializeEPKN4Aska4ASON6AValue4AMapE		0	0	20
N	_ZN23CParameterPropertyValueIbLj45E18CPropertyConverterE11DeserializeEPKN4Aska4ASON6AValue4AMapE		0	0	20
N	_ZN23CParameterPropertyValueIbLj57E18CPropertyConverterE11DeserializeEPKN4Aska4ASON6AValue4AMapE		0	0	2700
N	_ZN23CParameterPropertyValueIbLj66E18CPropertyConverterE11DeserializeEPKN4Aska4ASON6AValue4AMapE		0	0	20
N	_ZN23CParameterPropertyValueIbLj84E18CPropertyConverterE11DeserializeEPKN4Aska4ASON6AValue4AMapE		0	0	6
N	_ZN23CParameterPropertyValueIfLj184E18CPropertyConverterE11DeserializeEPKN4Aska4ASON6AValue4AMapE		0	0	4
N	_ZN23CParameterPropertyValueIfLj185E18CPropertyConverterE11DeserializeEPKN4Aska4ASON6AValue4AMapE		0	0	4
N	_ZN23CParameterPropertyValueIfLj186E18CPropertyConverterE11DeserializeEPKN4Aska4ASON6AValue4AMapE		0	0	4
N	_ZN23CParameterPropertyValueIfLj187E18CPropertyConverterE11DeserializeEPKN4Aska4ASON6AValue4AMapE		0	0	4
N	_ZN23CParameterPropertyValueIfLj188E18CPropertyConverterE11DeserializeEPKN4Aska4ASON6AValue4AMapE		0	0	4
N	_ZN23CParameterPropertyValueIfLj189E18CPropertyConverterE11DeserializeEPKN4Aska4ASON6AValue4AMapE		0	0	4
N	_ZN23CParameterPropertyValueIfLj190E18CPropertyConverterE11DeserializeEPKN4Aska4ASON6AValue4AMapE		0	0	4
N	_ZN23CParameterPropertyValueIfLj192E18CPropertyConverterE11DeserializeEPKN4Aska4ASON6AValue4AMapE		0	0	4
N	_ZN23CParameterPropertyValueIfLj193E18CPropertyConverterE11DeserializeEPKN4Aska4ASON6AValue4AMapE		0	0	4
N	_ZN23CParameterPropertyValueIfLj194E18CPropertyConverterE11DeserializeEPKN4Aska4ASON6AValue4AMapE		0	0	4
N	_ZN23CParameterPropertyValueIfLj195E18CPropertyConverterE11DeserializeEPKN4Aska4ASON6AValue4AMapE		0	0	4
N	_ZN23CParameterPropertyValueIfLj196E18CPropertyConverterE11DeserializeEPKN4Aska4ASON6AValue4AMapE		0	0	4
N	_ZN23CParameterPropertyValueIfLj197E18CPropertyConverterE11DeserializeEPKN4Aska4ASON6AValue4AMapE		0	0	4
N	_ZN23CParameterPropertyValueIfLj198E18CPropertyConverterE11DeserializeEPKN4Aska4ASON6AValue4AMapE		0	0	4
N	_ZN23CParameterPropertyValueIfLj23E18CPropertyConverterE11DeserializeEPKN4Aska4ASON6AValue4AMapE		0	0	8
N	_ZN23CParameterPropertyValueIiLj27E18CPropertyConverterE11DeserializeEPKN4Aska4ASON6AValue4AMapE		0	0	8
N	_ZN23CParameterPropertyValueIjLj100E18CPropertyConverterE11DeserializeEPKN4Aska4ASON6AValue4AMapE		0	0	20
N	_ZN23CParameterPropertyValueIjLj101E18CPropertyConverterE11DeserializeEPKN4Aska4ASON6AValue4AMapE		0	0	22
N	_ZN23CParameterPropertyValueIjLj102E18CPropertyConverterE11DeserializeEPKN4Aska4ASON6AValue4AMapE		0	0	2
N	_ZN23CParameterPropertyValueIjLj103E18CPropertyConverterE11DeserializeEPKN4Aska4ASON6AValue4AMapE		0	0	2
N	_ZN23CParameterPropertyValueIjLj110E18CPropertyConverterE11DeserializeEPKN4Aska4ASON6AValue4AMapE		0	0	20
N	_ZN23CParameterPropertyValueIjLj113E18CPropertyConverterE11DeserializeEPKN4Aska4ASON6AValue4AMapE		0	0	20
N	_ZN23CParameterPropertyValueIjLj114E18CPropertyConverterE11DeserializeEPKN4Aska4ASON6AValue4AMapE		0	0	20
N	_ZN23CParameterPropertyValueIjLj115E18CPropertyConverterE11DeserializeEPKN4Aska4ASON6AValue4AMapE		0	0	20
N	_ZN23CParameterPropertyValueIjLj117E18CPropertyConverterE11DeserializeEPKN4Aska4ASON6AValue4AMapE		0	0	10
N	_ZN23CParameterPropertyValueIjLj121E18CPropertyConverterE11DeserializeEPKN4Aska4ASON6AValue4AMapE		0	0	10
N	_ZN23CParameterPropertyValueIjLj13E18CPropertyConverterE11DeserializeEPKN4Aska4ASON6AValue4AMapE		0	0	162
N	_ZN23CParameterPropertyValueIjLj14E18CPropertyConverterE11DeserializeEPKN4Aska4ASON6AValue4AMapE		0	0	160
N	_ZN23CParameterPropertyValueIjLj15E18CPropertyConverterE11DeserializeEPKN4Aska4ASON6AValue4AMapE		0	0	350
N	_ZN23CParameterPropertyValueIjLj162E18CPropertyConverterE11DeserializeEPKN4Aska4ASON6AValue4AMapE		0	0	4
N	_ZN23CParameterPropertyValueIjLj163E18CPropertyConverterE11DeserializeEPKN4Aska4ASON6AValue4AMapE		0	0	4
N	_ZN23CParameterPropertyValueIjLj164E18CPropertyConverterE11DeserializeEPKN4Aska4ASON6AValue4AMapE		0	0	8
N	_ZN23CParameterPropertyValueIjLj165E18CPropertyConverterE11DeserializeEPKN4Aska4ASON6AValue4AMapE		0	0	4
N	_ZN23CParameterPropertyValueIjLj166E18CPropertyConverterE11DeserializeEPKN4Aska4ASON6AValue4AMapE		0	0	4
N	_ZN23CParameterPropertyValueIjLj167E18CPropertyConverterE11DeserializeEPKN4Aska4ASON6AValue4AMapE		0	0	4
N	_ZN23CParameterPropertyValueIjLj16E18CPropertyConverterE11DeserializeEPKN4Aska4ASON6AValue4AMapE		0	0	23
N	_ZN23CParameterPropertyValueIjLj170E18CPropertyConverterE11DeserializeEPKN4Aska4ASON6AValue4AMapE		0	0	4
N	_ZN23CParameterPropertyValueIjLj171E18CPropertyConverterE11DeserializeEPKN4Aska4ASON6AValue4AMapE		0	0	4
N	_ZN23CParameterPropertyValueIjLj172E18CPropertyConverterE11DeserializeEPKN4Aska4ASON6AValue4AMapE		0	0	4
N	_ZN23CParameterPropertyValueIjLj174E18CPropertyConverterE11DeserializeEPKN4Aska4ASON6AValue4AMapE		0	0	4
N	_ZN23CParameterPropertyValueIjLj176E18CPropertyConverterE11DeserializeEPKN4Aska4ASON6AValue4AMapE		0	0	4
N	_ZN23CParameterPropertyValueIjLj177E18CPropertyConverterE11DeserializeEPKN4Aska4ASON6AValue4AMapE		0	0	4
N	_ZN23CParameterPropertyValueIjLj179E18CPropertyConverterE11DeserializeEPKN4Aska4ASON6AValue4AMapE		0	0	4
N	_ZN23CParameterPropertyValueIjLj17E18CPropertyConverterE11DeserializeEPKN4Aska4ASON6AValue4AMapE		0	0	82
N	_ZN23CParameterPropertyValueIjLj180E18CPropertyConverterE11DeserializeEPKN4Aska4ASON6AValue4AMapE		0	0	4
N	_ZN23CParameterPropertyValueIjLj182E18CPropertyConverterE11DeserializeEPKN4Aska4ASON6AValue4AMapE		0	0	4
N	_ZN23CParameterPropertyValueIjLj188E18CPropertyConverterE11DeserializeEPKN4Aska4ASON6AValue4AMapE		0	0	2
N	_ZN23CParameterPropertyValueIjLj18E18CPropertyConverterE11DeserializeEPKN4Aska4ASON6AValue4AMapE		0	0	95
N	_ZN23CParameterPropertyValueIjLj191E18CPropertyConverterE11DeserializeEPKN4Aska4ASON6AValue4AMapE		0	0	20
N	_ZN23CParameterPropertyValueIjLj194E18CPropertyConverterE11DeserializeEPKN4Aska4ASON6AValue4AMapE		0	0	29
N	_ZN23CParameterPropertyValueIjLj196E18CPropertyConverterE11DeserializeEPKN4Aska4ASON6AValue4AMapE		0	0	3
N	_ZN23CParameterPropertyValueIjLj197E18CPropertyConverterE11DeserializeEPKN4Aska4ASON6AValue4AMapE		0	0	3
N	_ZN23CParameterPropertyValueIjLj198E18CPropertyConverterE11DeserializeEPKN4Aska4ASON6AValue4AMapE		0	0	3
N	_ZN23CParameterPropertyValueIjLj199E18CPropertyConverterE11DeserializeEPKN4Aska4ASON6AValue4AMapE		0	0	4
N	_ZN23CParameterPropertyValueIjLj19E18CPropertyConverterE11DeserializeEPKN4Aska4ASON6AValue4AMapE		0	0	84
N	_ZN23CParameterPropertyValueIjLj200E18CPropertyConverterE11DeserializeEPKN4Aska4ASON6AValue4AMapE		0	0	8
N	_ZN23CParameterPropertyValueIjLj202E18CPropertyConverterE11DeserializeEPKN4Aska4ASON6AValue4AMapE		0	0	4
N	_ZN23CParameterPropertyValueIjLj203E18CPropertyConverterE11DeserializeEPKN4Aska4ASON6AValue4AMapE		0	0	4
N	_ZN23CParameterPropertyValueIjLj205E18CPropertyConverterE11DeserializeEPKN4Aska4ASON6AValue4AMapE		0	0	4
N	_ZN23CParameterPropertyValueIjLj207E18CPropertyConverterE11DeserializeEPKN4Aska4ASON6AValue4AMapE		0	0	4
N	_ZN23CParameterPropertyValueIjLj208E18CPropertyConverterE11DeserializeEPKN4Aska4ASON6AValue4AMapE		0	0	4
N	_ZN23CParameterPropertyValueIjLj20E18CPropertyConverterE11DeserializeEPKN4Aska4ASON6AValue4AMapE		0	0	91
N	_ZN23CParameterPropertyValueIjLj210E18CPropertyConverterE11DeserializeEPKN4Aska4ASON6AValue4AMapE		0	0	4
N	_ZN23CParameterPropertyValueIjLj211E18CPropertyConverterE11DeserializeEPKN4Aska4ASON6AValue4AMapE		0	0	4
N	_ZN23CParameterPropertyValueIjLj212E18CPropertyConverterE11DeserializeEPKN4Aska4ASON6AValue4AMapE		0	0	4
N	_ZN23CParameterPropertyValueIjLj214E18CPropertyConverterE11DeserializeEPKN4Aska4ASON6AValue4AMapE		0	0	4
N	_ZN23CParameterPropertyValueIjLj215E18CPropertyConverterE11DeserializeEPKN4Aska4ASON6AValue4AMapE		0	0	4
N	_ZN23CParameterPropertyValueIjLj216E18CPropertyConverterE11DeserializeEPKN4Aska4ASON6AValue4AMapE		0	0	4
N	_ZN23CParameterPropertyValueIjLj21E18CPropertyConverterE11DeserializeEPKN4Aska4ASON6AValue4AMapE		0	0	8
N	_ZN23CParameterPropertyValueIjLj22E18CPropertyConverterE11DeserializeEPKN4Aska4ASON6AValue4AMapE		0	0	5
N	_ZN23CParameterPropertyValueIjLj238E18CPropertyConverterE11DeserializeEPKN4Aska4ASON6AValue4AMapE		0	0	4
N	_ZN23CParameterPropertyValueIjLj239E18CPropertyConverterE11DeserializeEPKN4Aska4ASON6AValue4AMapE		0	0	4
N	_ZN23CParameterPropertyValueIjLj23E18CPropertyConverterE11DeserializeEPKN4Aska4ASON6AValue4AMapE		0	0	9
N	_ZN23CParameterPropertyValueIjLj240E18CPropertyConverterE11DeserializeEPKN4Aska4ASON6AValue4AMapE		0	0	4
N	_ZN23CParameterPropertyValueIjLj243E18CPropertyConverterE11DeserializeEPKN4Aska4ASON6AValue4AMapE		0	0	4
N	_ZN23CParameterPropertyValueIjLj244E18CPropertyConverterE11DeserializeEPKN4Aska4ASON6AValue4AMapE		0	0	4
N	_ZN23CParameterPropertyValueIjLj245E18CPropertyConverterE11DeserializeEPKN4Aska4ASON6AValue4AMapE		0	0	4
N	_ZN23CParameterPropertyValueIjLj24E18CPropertyConverterE11DeserializeEPKN4Aska4ASON6AValue4AMapE		0	0	11
N	_ZN23CParameterPropertyValueIjLj25E18CPropertyConverterE11DeserializeEPKN4Aska4ASON6AValue4AMapE		0	0	10
N	_ZN23CParameterPropertyValueIjLj26E18CPropertyConverterE11DeserializeEPKN4Aska4ASON6AValue4AMapE		0	0	5
N	_ZN23CParameterPropertyValueIjLj28E18CPropertyConverterE11DeserializeEPKN4Aska4ASON6AValue4AMapE		0	0	2
N	_ZN23CParameterPropertyValueIjLj30E18CPropertyConverterE11DeserializeEPKN4Aska4ASON6AValue4AMapE		0	0	1
N	_ZN23CParameterPropertyValueIjLj350E18CPropertyConverterE11DeserializeEPKN4Aska4ASON6AValue4AMapE		0	0	2
N	_ZN23CParameterPropertyValueIjLj351E18CPropertyConverterE11DeserializeEPKN4Aska4ASON6AValue4AMapE		0	0	2
N	_ZN23CParameterPropertyValueIjLj36E18CPropertyConverterE11DeserializeEPKN4Aska4ASON6AValue4AMapE		0	0	48
N	_ZN23CParameterPropertyValueIjLj37E18CPropertyConverterE11DeserializeEPKN4Aska4ASON6AValue4AMapE		0	0	59
N	_ZN23CParameterPropertyValueIjLj38E18CPropertyConverterE11DeserializeEPKN4Aska4ASON6AValue4AMapE		0	0	11
N	_ZN23CParameterPropertyValueIjLj39E18CPropertyConverterE11DeserializeEPKN4Aska4ASON6AValue4AMapE		0	0	31
N	_ZN23CParameterPropertyValueIjLj40E18CPropertyConverterE11DeserializeEPKN4Aska4ASON6AValue4AMapE		0	0	59
N	_ZN23CParameterPropertyValueIjLj41E18CPropertyConverterE11DeserializeEPKN4Aska4ASON6AValue4AMapE		0	0	205
N	_ZN23CParameterPropertyValueIjLj42E18CPropertyConverterE11DeserializeEPKN4Aska4ASON6AValue4AMapE		0	0	20
N	_ZN23CParameterPropertyValueIjLj43E18CPropertyConverterE11DeserializeEPKN4Aska4ASON6AValue4AMapE		0	0	150
N	_ZN23CParameterPropertyValueIjLj46E18CPropertyConverterE11DeserializeEPKN4Aska4ASON6AValue4AMapE		0	0	169
N	_ZN23CParameterPropertyValueIjLj47E18CPropertyConverterE11DeserializeEPKN4Aska4ASON6AValue4AMapE		0	0	169
N	_ZN23CParameterPropertyValueIjLj48E18CPropertyConverterE11DeserializeEPKN4Aska4ASON6AValue4AMapE		0	0	169
N	_ZN23CParameterPropertyValueIjLj51E18CPropertyConverterE11DeserializeEPKN4Aska4ASON6AValue4AMapE		0	0	8
N	_ZN23CParameterPropertyValueIjLj52E18CPropertyConverterE11DeserializeEPKN4Aska4ASON6AValue4AMapE		0	0	2850
N	_ZN23CParameterPropertyValueIjLj530E18CPropertyConverterE11DeserializeEPKN4Aska4ASON6AValue4AMapE		0	0	3
N	_ZN23CParameterPropertyValueIjLj536E18CPropertyConverterE11DeserializeEPKN4Aska4ASON6AValue4AMapE		0	0	2
N	_ZN23CParameterPropertyValueIjLj53E18CPropertyConverterE11DeserializeEPKN4Aska4ASON6AValue4AMapE		0	0	2700
N	_ZN23CParameterPropertyValueIjLj54E18CPropertyConverterE11DeserializeEPKN4Aska4ASON6AValue4AMapE		0	0	8
N	_ZN23CParameterPropertyValueIjLj55E18CPropertyConverterE11DeserializeEPKN4Aska4ASON6AValue4AMapE		0	0	2854
N	_ZN23CParameterPropertyValueIjLj569E18CPropertyConverterE11DeserializeEPKN4Aska4ASON6AValue4AMapE		0	0	4
N	_ZN23CParameterPropertyValueIjLj56E18CPropertyConverterE11DeserializeEPKN4Aska4ASON6AValue4AMapE		0	0	2706
N	_ZN23CParameterPropertyValueIjLj571E18CPropertyConverterE11DeserializeEPKN4Aska4ASON6AValue4AMapE		0	0	2
N	_ZN23CParameterPropertyValueIjLj572E18CPropertyConverterE11DeserializeEPKN4Aska4ASON6AValue4AMapE		0	0	2
N	_ZN23CParameterPropertyValueIjLj57E18CPropertyConverterE11DeserializeEPKN4Aska4ASON6AValue4AMapE		0	0	6
N	_ZN23CParameterPropertyValueIjLj58E18CPropertyConverterE11DeserializeEPKN4Aska4ASON6AValue4AMapE		1	1	154
N	_ZN23CParameterPropertyValueIjLj63E18CPropertyConverterE11DeserializeEPKN4Aska4ASON6AValue4AMapE		0	0	6
N	_ZN23CParameterPropertyValueIjLj64E18CPropertyConverterE11DeserializeEPKN4Aska4ASON6AValue4AMapE		0	0	26
N	_ZN23CParameterPropertyValueIjLj65E18CPropertyConverterE11DeserializeEPKN4Aska4ASON6AValue4AMapE		0	0	26
N	_ZN23CParameterPropertyValueIjLj66E18CPropertyConverterE11DeserializeEPKN4Aska4ASON6AValue4AMapE		0	0	5
N	_ZN23CParameterPropertyValueIjLj67E18CPropertyConverterE11DeserializeEPKN4Aska4ASON6AValue4AMapE		0	0	6
N	_ZN23CParameterPropertyValueIjLj68E18CPropertyConverterE11DeserializeEPKN4Aska4ASON6AValue4AMapE		0	0	422
N	_ZN23CParameterPropertyValueIjLj70E18CPropertyConverterE11DeserializeEPKN4Aska4ASON6AValue4AMapE		0	0	149
N	_ZN23CParameterPropertyValueIjLj73E18CPropertyConverterE11DeserializeEPKN4Aska4ASON6AValue4AMapE		0	0	148
N	_ZN23CParameterPropertyValueIjLj74E18CPropertyConverterE11DeserializeEPKN4Aska4ASON6AValue4AMapE		1	1	148
N	_ZN23CParameterPropertyValueIjLj75E18CPropertyConverterE11DeserializeEPKN4Aska4ASON6AValue4AMapE		0	0	148
N	_ZN23CParameterPropertyValueIjLj76E18CPropertyConverterE11DeserializeEPKN4Aska4ASON6AValue4AMapE		0	0	151
N	_ZN23CParameterPropertyValueIjLj77E18CPropertyConverterE11DeserializeEPKN4Aska4ASON6AValue4AMapE		0	0	9
N	_ZN23CParameterPropertyValueIjLj78E18CPropertyConverterE11DeserializeEPKN4Aska4ASON6AValue4AMapE		0	0	3
N	_ZN23CParameterPropertyValueIjLj80E18CPropertyConverterE11DeserializeEPKN4Aska4ASON6AValue4AMapE		0	0	26
N	_ZN23CParameterPropertyValueIjLj81E18CPropertyConverterE11DeserializeEPKN4Aska4ASON6AValue4AMapE		0	0	21
N	_ZN23CParameterPropertyValueIjLj82E18CPropertyConverterE11DeserializeEPKN4Aska4ASON6AValue4AMapE		0	0	1
N	_ZN23CParameterPropertyValueIjLj84E18CPropertyConverterE11DeserializeEPKN4Aska4ASON6AValue4AMapE		0	0	20
N	_ZN23CParameterPropertyValueIjLj85E18CPropertyConverterE11DeserializeEPKN4Aska4ASON6AValue4AMapE		0	0	20
N	_ZN23CParameterPropertyValueIjLj86E18CPropertyConverterE11DeserializeEPKN4Aska4ASON6AValue4AMapE		0	0	20
N	_ZN23CParameterPropertyValueIjLj92E18CPropertyConverterE11DeserializeEPKN4Aska4ASON6AValue4AMapE		0	0	6
N	_ZN23CParameterPropertyValueIjLj96E18CPropertyConverterE11DeserializeEPKN4Aska4ASON6AValue4AMapE		0	0	20
N	_ZN23CParameterPropertyValueIjLj97E18CPropertyConverterE11DeserializeEPKN4Aska4ASON6AValue4AMapE		0	0	20
N	_ZN23CParameterPropertyValueIjLj98E18CPropertyConverterE11DeserializeEPKN4Aska4ASON6AValue4AMapE		0	0	20
N	_ZN23CParameterPropertyValueIjLj99E18CPropertyConverterE11DeserializeEPKN4Aska4ASON6AValue4AMapE		0	0	20
N	_ZN23CParameterPropertyValueImLj118E18CPropertyConverterE11DeserializeEPKN4Aska4ASON6AValue4AMapE		0	0	10
N	_ZN23CParameterPropertyValueImLj122E18CPropertyConverterE11DeserializeEPKN4Aska4ASON6AValue4AMapE		0	0	10
N	_ZN23CParameterPropertyValueImLj15E18CPropertyConverterE11DeserializeEPKN4Aska4ASON6AValue4AMapE		0	0	80
N	_ZN23CParameterPropertyValueImLj163E18CPropertyConverterE11DeserializeEPKN4Aska4ASON6AValue4AMapE		0	0	4
N	_ZN23CParameterPropertyValueImLj168E18CPropertyConverterE11DeserializeEPKN4Aska4ASON6AValue4AMapE		0	0	4
N	_ZN23CParameterPropertyValueImLj169E18CPropertyConverterE11DeserializeEPKN4Aska4ASON6AValue4AMapE		0	0	4
N	_ZN23CParameterPropertyValueImLj16E18CPropertyConverterE11DeserializeEPKN4Aska4ASON6AValue4AMapE		0	0	80
N	_ZN23CParameterPropertyValueImLj17E18CPropertyConverterE11DeserializeEPKN4Aska4ASON6AValue4AMapE		0	0	80
N	_ZN23CParameterPropertyValueImLj21E18CPropertyConverterE11DeserializeEPKN4Aska4ASON6AValue4AMapE		0	0	80
N	_ZN23CParameterPropertyValueImLj36E18CPropertyConverterE11DeserializeEPKN4Aska4ASON6AValue4AMapE		0	0	9
N	_ZN23CParameterPropertyValueImLj40E18CPropertyConverterE11DeserializeEPKN4Aska4ASON6AValue4AMapE		0	0	149
N	_ZN23CParameterPropertyValueImLj44E18CPropertyConverterE11DeserializeEPKN4Aska4ASON6AValue4AMapE		0	0	148
N	_ZN23CParameterPropertyValueImLj45E18CPropertyConverterE11DeserializeEPKN4Aska4ASON6AValue4AMapE		0	0	148
N	_ZN23CParameterPropertyValueImLj51E18CPropertyConverterE11DeserializeEPKN4Aska4ASON6AValue4AMapE		0	0	2700
N	_ZN23CParameterPropertyValueImLj75E18CPropertyConverterE11DeserializeEPKN4Aska4ASON6AValue4AMapE		0	0	3
N	_ZN23CParameterPropertyValueImLj76E18CPropertyConverterE11DeserializeEPKN4Aska4ASON6AValue4AMapE		0	0	6
N	_ZN23CParameterPropertyValueImLj79E18CPropertyConverterE11DeserializeEPKN4Aska4ASON6AValue4AMapE		0	0	20
N	_ZN23CParameterPropertyValueImLj80E18CPropertyConverterE11DeserializeEPKN4Aska4ASON6AValue4AMapE		0	0	148
N	_ZN23CParameterPropertyValueImLj81E18CPropertyConverterE11DeserializeEPKN4Aska4ASON6AValue4AMapE		0	0	148
N	_ZN23CParameterPropertyValueImLj82E18CPropertyConverterE11DeserializeEPKN4Aska4ASON6AValue4AMapE		0	0	20
N	_ZN23CParameterPropertyValueImLj83E18CPropertyConverterE11DeserializeEPKN4Aska4ASON6AValue4AMapE		0	0	26
N	_ZN23CParameterPropertyValueImLj87E18CPropertyConverterE11DeserializeEPKN4Aska4ASON6AValue4AMapE		0	0	6
N	_ZN23CParameterPropertyValueImLj88E18CPropertyConverterE11DeserializeEPKN4Aska4ASON6AValue4AMapE		0	0	6
N	_ZN23CParameterPropertyValueImLj89E18CPropertyConverterE11DeserializeEPKN4Aska4ASON6AValue4AMapE		0	0	6
N	_ZN24CParameterPropertyStringINSt6__ndk112basic_stringIcNS0_11char_traitsIcEEN9Framework13CSTLAllocatorIcNS4_22CSTLStringAllocatorInfEEEEELj165EE11DeserializeEPKN4Aska4ASON6AValue4AMapE		0	0	4
N	_ZN24CParameterPropertyStringINSt6__ndk112basic_stringIcNS0_11char_traitsIcEEN9Framework13CSTLAllocatorIcNS4_22CSTLStringAllocatorInfEEEEELj16EE11DeserializeEPKN4Aska4ASON6AValue4AMapE		0	0	74
N	_ZN24CParameterPropertyStringINSt6__ndk112basic_stringIcNS0_11char_traitsIcEEN9Framework13CSTLAllocatorIcNS4_22CSTLStringAllocatorInfEEEEELj175EE11DeserializeEPKN4Aska4ASON6AValue4AMapE		0	0	4
N	_ZN24CParameterPropertyStringINSt6__ndk112basic_stringIcNS0_11char_traitsIcEEN9Framework13CSTLAllocatorIcNS4_22CSTLStringAllocatorInfEEEEELj178EE11DeserializeEPKN4Aska4ASON6AValue4AMapE		0	0	4
N	_ZN24CParameterPropertyStringINSt6__ndk112basic_stringIcNS0_11char_traitsIcEEN9Framework13CSTLAllocatorIcNS4_22CSTLStringAllocatorInfEEEEELj17EE11DeserializeEPKN4Aska4ASON6AValue4AMapE		0	0	2
N	_ZN24CParameterPropertyStringINSt6__ndk112basic_stringIcNS0_11char_traitsIcEEN9Framework13CSTLAllocatorIcNS4_22CSTLStringAllocatorInfEEEEELj181EE11DeserializeEPKN4Aska4ASON6AValue4AMapE		0	0	4
N	_ZN24CParameterPropertyStringINSt6__ndk112basic_stringIcNS0_11char_traitsIcEEN9Framework13CSTLAllocatorIcNS4_22CSTLStringAllocatorInfEEEEELj18EE11DeserializeEPKN4Aska4ASON6AValue4AMapE		0	0	75
N	_ZN24CParameterPropertyStringINSt6__ndk112basic_stringIcNS0_11char_traitsIcEEN9Framework13CSTLAllocatorIcNS4_22CSTLStringAllocatorInfEEEEELj195EE11DeserializeEPKN4Aska4ASON6AValue4AMapE		0	0	29
N	_ZN24CParameterPropertyStringINSt6__ndk112basic_stringIcNS0_11char_traitsIcEEN9Framework13CSTLAllocatorIcNS4_22CSTLStringAllocatorInfEEEEELj196EE11DeserializeEPKN4Aska4ASON6AValue4AMapE		0	0	29
N	_ZN24CParameterPropertyStringINSt6__ndk112basic_stringIcNS0_11char_traitsIcEEN9Framework13CSTLAllocatorIcNS4_22CSTLStringAllocatorInfEEEEELj197EE11DeserializeEPKN4Aska4ASON6AValue4AMapE		0	0	29
N	_ZN24CParameterPropertyStringINSt6__ndk112basic_stringIcNS0_11char_traitsIcEEN9Framework13CSTLAllocatorIcNS4_22CSTLStringAllocatorInfEEEEELj201EE11DeserializeEPKN4Aska4ASON6AValue4AMapE		0	0	7
N	_ZN24CParameterPropertyStringINSt6__ndk112basic_stringIcNS0_11char_traitsIcEEN9Framework13CSTLAllocatorIcNS4_22CSTLStringAllocatorInfEEEEELj209EE11DeserializeEPKN4Aska4ASON6AValue4AMapE		0	0	4
N	_ZN24CParameterPropertyStringINSt6__ndk112basic_stringIcNS0_11char_traitsIcEEN9Framework13CSTLAllocatorIcNS4_22CSTLStringAllocatorInfEEEEELj20EE11DeserializeEPKN4Aska4ASON6AValue4AMapE		0	0	2
N	_ZN24CParameterPropertyStringINSt6__ndk112basic_stringIcNS0_11char_traitsIcEEN9Framework13CSTLAllocatorIcNS4_22CSTLStringAllocatorInfEEEEELj21EE11DeserializeEPKN4Aska4ASON6AValue4AMapE		0	0	8
N	_ZN24CParameterPropertyStringINSt6__ndk112basic_stringIcNS0_11char_traitsIcEEN9Framework13CSTLAllocatorIcNS4_22CSTLStringAllocatorInfEEEEELj22EE11DeserializeEPKN4Aska4ASON6AValue4AMapE		0	0	10
N	_ZN24CParameterPropertyStringINSt6__ndk112basic_stringIcNS0_11char_traitsIcEEN9Framework13CSTLAllocatorIcNS4_22CSTLStringAllocatorInfEEEEELj23EE11DeserializeEPKN4Aska4ASON6AValue4AMapE		0	0	4
N	_ZN24CParameterPropertyStringINSt6__ndk112basic_stringIcNS0_11char_traitsIcEEN9Framework13CSTLAllocatorIcNS4_22CSTLStringAllocatorInfEEEEELj26EE11DeserializeEPKN4Aska4ASON6AValue4AMapE		0	0	8
N	_ZN24CParameterPropertyStringINSt6__ndk112basic_stringIcNS0_11char_traitsIcEEN9Framework13CSTLAllocatorIcNS4_22CSTLStringAllocatorInfEEEEELj27EE11DeserializeEPKN4Aska4ASON6AValue4AMapE		0	0	2
N	_ZN24CParameterPropertyStringINSt6__ndk112basic_stringIcNS0_11char_traitsIcEEN9Framework13CSTLAllocatorIcNS4_22CSTLStringAllocatorInfEEEEELj33EE11DeserializeEPKN4Aska4ASON6AValue4AMapE		0	0	2
N	_ZN24CParameterPropertyStringINSt6__ndk112basic_stringIcNS0_11char_traitsIcEEN9Framework13CSTLAllocatorIcNS4_22CSTLStringAllocatorInfEEEEELj34EE11DeserializeEPKN4Aska4ASON6AValue4AMapE		0	0	2
N	_ZN24CParameterPropertyStringINSt6__ndk112basic_stringIcNS0_11char_traitsIcEEN9Framework13CSTLAllocatorIcNS4_22CSTLStringAllocatorInfEEEEELj38EE11DeserializeEPKN4Aska4ASON6AValue4AMapE		0	0	20
N	_ZN24CParameterPropertyStringINSt6__ndk112basic_stringIcNS0_11char_traitsIcEEN9Framework13CSTLAllocatorIcNS4_22CSTLStringAllocatorInfEEEEELj39EE11DeserializeEPKN4Aska4ASON6AValue4AMapE		0	0	48
N	_ZN24CParameterPropertyStringINSt6__ndk112basic_stringIcNS0_11char_traitsIcEEN9Framework13CSTLAllocatorIcNS4_22CSTLStringAllocatorInfEEEEELj40EE11DeserializeEPKN4Aska4ASON6AValue4AMapE		0	0	20
N	_ZN24CParameterPropertyStringINSt6__ndk112basic_stringIcNS0_11char_traitsIcEEN9Framework13CSTLAllocatorIcNS4_22CSTLStringAllocatorInfEEEEELj41EE11DeserializeEPKN4Aska4ASON6AValue4AMapE		0	0	20
N	_ZN24CParameterPropertyStringINSt6__ndk112basic_stringIcNS0_11char_traitsIcEEN9Framework13CSTLAllocatorIcNS4_22CSTLStringAllocatorInfEEEEELj51EE11DeserializeEPKN4Aska4ASON6AValue4AMapE		0	0	148
N	_ZN24CParameterPropertyStringINSt6__ndk112basic_stringIcNS0_11char_traitsIcEEN9Framework13CSTLAllocatorIcNS4_22CSTLStringAllocatorInfEEEEELj53EE11DeserializeEPKN4Aska4ASON6AValue4AMapE		0	0	6
N	_ZN24CParameterPropertyStringINSt6__ndk112basic_stringIcNS0_11char_traitsIcEEN9Framework13CSTLAllocatorIcNS4_22CSTLStringAllocatorInfEEEEELj54EE11DeserializeEPKN4Aska4ASON6AValue4AMapE		0	0	2848
N	_ZN24CParameterPropertyStringINSt6__ndk112basic_stringIcNS0_11char_traitsIcEEN9Framework13CSTLAllocatorIcNS4_22CSTLStringAllocatorInfEEEEELj554EE11DeserializeEPKN4Aska4ASON6AValue4AMapE		0	0	8
N	_ZN24CParameterPropertyStringINSt6__ndk112basic_stringIcNS0_11char_traitsIcEEN9Framework13CSTLAllocatorIcNS4_22CSTLStringAllocatorInfEEEEELj57EE11DeserializeEPKN4Aska4ASON6AValue4AMapE		1	1	148
N	_ZN24CParameterPropertyStringINSt6__ndk112basic_stringIcNS0_11char_traitsIcEEN9Framework13CSTLAllocatorIcNS4_22CSTLStringAllocatorInfEEEEELj68EE11DeserializeEPKN4Aska4ASON6AValue4AMapE		0	0	6
N	_ZN24CParameterPropertyStringINSt6__ndk112basic_stringIcNS0_11char_traitsIcEEN9Framework13CSTLAllocatorIcNS4_22CSTLStringAllocatorInfEEEEELj69EE11DeserializeEPKN4Aska4ASON6AValue4AMapE		0	0	6
N	_ZN24CParameterPropertyStringINSt6__ndk112basic_stringIcNS0_11char_traitsIcEEN9Framework13CSTLAllocatorIcNS4_22CSTLStringAllocatorInfEEEEELj70EE11DeserializeEPKN4Aska4ASON6AValue4AMapE		0	0	2
N	_ZN24CParameterPropertyStringINSt6__ndk112basic_stringIcNS0_11char_traitsIcEEN9Framework13CSTLAllocatorIcNS4_22CSTLStringAllocatorInfEEEEELj72EE11DeserializeEPKN4Aska4ASON6AValue4AMapE		0	0	154
N	_ZN24CParameterPropertyStringINSt6__ndk112basic_stringIcNS0_11char_traitsIcEEN9Framework13CSTLAllocatorIcNS4_22CSTLStringAllocatorInfEEEEELj73EE11DeserializeEPKN4Aska4ASON6AValue4AMapE		0	0	6
N	_ZN24CParameterPropertyStringINSt6__ndk112basic_stringIcNS0_11char_traitsIcEEN9Framework13CSTLAllocatorIcNS4_22CSTLStringAllocatorInfEEEEELj78EE11DeserializeEPKN4Aska4ASON6AValue4AMapE		0	0	2
N	_ZN24CParameterPropertyStringINSt6__ndk112basic_stringIcNS0_11char_traitsIcEEN9Framework13CSTLAllocatorIcNS4_22CSTLStringAllocatorInfEEEEELj86EE11DeserializeEPKN4Aska4ASON6AValue4AMapE		0	0	6
N	_ZN24CParameterPropertyStringINSt6__ndk112basic_stringIcNS0_11char_traitsIcEEN9Framework13CSTLAllocatorIcNS4_22CSTLStringAllocatorInfEEEEELj93EE11DeserializeEPKN4Aska4ASON6AValue4AMapE		0	0	6
N	_ZN25CMasterParameterAIElement10InitializeEv		0	0	970
N	_ZN25CMasterParameterAIElementC2ERKS_		0	0	970
N	_ZN25CMasterParameterAIElementC2Ev		0	0	1754
N	_ZN25CMasterParameterAIElementD2Ev		0	0	2724
N	_ZN25CMasterParameterAIElementaSERKS_		0	0	784
N	_ZN26CMasterParameterMapElementD2Ev		0	0	1
N	_ZN27CMasterParameterAreaElement10InitializeEv		0	0	1
N	_ZN27CMasterParameterAreaElementD0Ev		0	0	1
N	_ZN27CMasterParameterAreaElementD2Ev		0	0	1
N	_ZN27CMasterParameterItemElementD2Ev		0	0	9
N	_ZN27CMasterParameterRankElementC2Ev		0	0	44
N	_ZN27CMasterParameterRankElementD2Ev		0	0	120
N	_ZN27CMasterParameterRankElementaSERKS_		0	0	44
N	_ZN27CMasterParameterRoleElementC2ERKS_		0	0	8
N	_ZN27CMasterParameterRoleElementC2Ev		0	0	4
N	_ZN27CMasterParameterRoleElementD2Ev		0	0	20
N	_ZN27CMasterParameterRoleElementaSERKS_		0	0	4
N	_ZN28CMasterParameterGachaElementC2Ev		1	1	2281
N	_ZN28CMasterParameterGachaElementD2Ev		1	1	4562
N	_ZN28CMasterParameterGachaElementaSERKS_		2	2	2281
N	_ZN28CMasterParameterSkillElement10InitializeEv		0	0	4
N	_ZN28CMasterParameterSkillElementC2Ev		0	0	425
N	_ZN28CMasterParameterSkillElementD0Ev		0	0	4
N	_ZN28CMasterParameterSkillElementD2Ev		0	0	1529
N	_ZN28CMasterParameterSkillElementaSERKS_		0	0	421
N	_ZN28CMasterParameterTitleElement10InitializeEv		0	0	2
N	_ZN28CMasterParameterTitleElementD0Ev		0	0	1
N	_ZN29CMasterParameterBannerElementC2ERKS_		1	1	3548
N	_ZN29CMasterParameterBannerElementD2Ev		1	1	7096
N	_ZN29CMasterParameterEffectElementC2ERKS_		1	1	4150
N	_ZN29CMasterParameterEffectElementD2Ev		0	0	33402
N	_ZN29CMasterParameterFactorElementD2Ev		0	0	21
N	_ZN29CMasterParameterGlobalElement10InitializeEv		0	0	8
N	_ZN29CMasterParameterGlobalElementD0Ev		0	0	4
N	_ZN29CMasterParameterGlobalElementD2Ev		0	0	1
N	_ZN29CMasterParameterPersonElement10InitializeEv		0	0	2
N	_ZN29CMasterParameterPersonElementC2ERKS_		0	0	8
N	_ZN29CMasterParameterPersonElementC2Ev		0	0	4
N	_ZN29CMasterParameterPersonElementD0Ev		0	0	1
N	_ZN29CMasterParameterPersonElementD2Ev		0	0	22
N	_ZN29CMasterParameterSignalElement10InitializeEv		0	0	2320
N	_ZN29CMasterParameterSignalElementC2ERKS_		1	1	2320
N	_ZN29CMasterParameterSignalElementC2Ev		0	0	2520
N	_ZN29CMasterParameterSignalElementD2Ev		0	0	4822
N	_ZN29CMasterParameterSignalElementaSERKS_		0	0	200
N	_ZN29CMasterParameterTalentElementD2Ev		0	0	17
N	_ZN29CMasterParameterWeaponElementD2Ev		0	0	12
N	_ZN30CMasterParameterMenuBGMElementC2ERKS_		0	0	56
N	_ZN30CMasterParameterMenuBGMElementD2Ev		0	0	352
N	_ZN30CMasterParameterMissionElementD2Ev		0	0	2
N	_ZN31CMasterEventRankingGroupElementC2ERKS_		0	0	27
N	_ZN31CMasterEventRankingGroupElementD2Ev		0	0	54
N	_ZN32CMasterParameterEnemyBaseElementD2Ev		0	0	2
N	_ZN32CMasterParameterEventTermElementD2Ev		0	0	801
N	_ZN32CMasterParameterGiftGachaElementC2ERKS_		0	0	1480
N	_ZN32CMasterParameterGiftGachaElementD2Ev		0	0	2960
N	_ZN32CMasterParameterMenuVoiceElementC2Ev		0	0	1
N	_ZN32CMasterParameterMenuVoiceElementD2Ev		0	0	1
N	_ZN32CMasterParameterWinCameraElementD2Ev		0	0	8
N	_ZN33CMasterHome3DMotionSettingElement10InitializeEv		0	0	93
N	_ZN33CMasterHome3DMotionSettingElementD0Ev		0	0	91
N	_ZN33CMasterParameterBaseSqlite_SimpleI16StringDBEelementE10ClearCacheEv		0	0	4
N	_ZN33CMasterParameterBaseSqlite_SimpleI16StringDBEelementE10InitializeEv		0	0	2
N	_ZN33CMasterParameterBaseSqlite_SimpleI21CMasterItemSetElementE10ClearCacheEv		0	0	4
N	_ZN33CMasterParameterBaseSqlite_SimpleI21CMasterItemSetElementE10InitializeEv		0	0	2
N	_ZN33CMasterParameterBaseSqlite_SimpleI23CMasterSphere211ElementE10ClearCacheEv		0	0	4
N	_ZN33CMasterParameterBaseSqlite_SimpleI23CMasterSphere211ElementE10InitializeEv		0	0	2
N	_ZN33CMasterParameterBaseSqlite_SimpleI23CMasterTimeBonusElementE10InitializeEv		0	0	2
N	_ZN33CMasterParameterBaseSqlite_SimpleI23CMasterWorldBossElementE10ClearCacheEv		0	0	4
N	_ZN33CMasterParameterBaseSqlite_SimpleI23CMasterWorldBossElementE10InitializeEv		0	0	2
N	_ZN33CMasterParameterBaseSqlite_SimpleI24CMasterCommonDropElementE10ClearCacheEv		0	0	4
N	_ZN33CMasterParameterBaseSqlite_SimpleI24CMasterCommonDropElementE10InitializeEv		0	0	2
N	_ZN33CMasterParameterBaseSqlite_SimpleI25CMasterFactorBoostElementE10ClearCacheEv		0	0	4
N	_ZN33CMasterParameterBaseSqlite_SimpleI25CMasterFactorBoostElementE10InitializeEv		0	0	2
N	_ZN33CMasterParameterBaseSqlite_SimpleI25CMasterGearLotteryElementE10InitializeEv		0	1	2
N	_ZN33CMasterParameterBaseSqlite_SimpleI25CMasterPartySymbolElementE10ClearCacheEv		0	0	4
N	_ZN33CMasterParameterBaseSqlite_SimpleI25CMasterPartySymbolElementE10InitializeEv		0	0	2
N	_ZN33CMasterParameterBaseSqlite_SimpleI25CMasterRentalBonusElementE10ClearCacheEv		0	0	4
N	_ZN33CMasterParameterBaseSqlite_SimpleI25CMasterRentalBonusElementE10InitializeEv		0	0	2
N	_ZN33CMasterParameterBaseSqlite_SimpleI26CMasterEventRankingElementE10ClearCacheEv		0	0	4
N	_ZN33CMasterParameterBaseSqlite_SimpleI26CMasterEventRankingElementE10InitializeEv		0	0	2
N	_ZN33CMasterParameterBaseSqlite_SimpleI26CMasterMissionBoardElementE10ClearCacheEv		0	0	4
N	_ZN33CMasterParameterBaseSqlite_SimpleI26CMasterMissionBoardElementE10InitializeEv		0	0	2
N	_ZN33CMasterParameterBaseSqlite_SimpleI26CMasterParameterMapElementE10ClearCacheEv		0	0	4
N	_ZN33CMasterParameterBaseSqlite_SimpleI26CMasterParameterMapElementE10InitializeEv		0	0	2
N	_ZN33CMasterParameterBaseSqlite_SimpleI26CMasterSubscriptionElementE10ClearCacheEv		0	0	4
N	_ZN33CMasterParameterBaseSqlite_SimpleI26CMasterSubscriptionElementE10InitializeEv		0	0	2
N	_ZN33CMasterParameterBaseSqlite_SimpleI27CMasterDeepSpaceAreaElementE10ClearCacheEv		0	0	4
N	_ZN33CMasterParameterBaseSqlite_SimpleI27CMasterDeepSpaceAreaElementE10InitializeEv		0	0	2
N	_ZN33CMasterParameterBaseSqlite_SimpleI27CMasterDeepSpaceShipElementE10ClearCacheEv		0	0	4
N	_ZN33CMasterParameterBaseSqlite_SimpleI27CMasterDeepSpaceShipElementE10InitializeEv		0	0	2
N	_ZN33CMasterParameterBaseSqlite_SimpleI27CMasterParameterAreaElementE10ClearCacheEv		0	0	16
N	_ZN33CMasterParameterBaseSqlite_SimpleI27CMasterParameterAreaElementE10InitializeEv		0	0	8
N	_ZN33CMasterParameterBaseSqlite_SimpleI27CMasterParameterGearElementE10InitializeEv		0	0	2
N	_ZN33CMasterParameterBaseSqlite_SimpleI27CMasterParameterItemElementE10ClearCacheEv		0	0	4
N	_ZN33CMasterParameterBaseSqlite_SimpleI27CMasterParameterItemElementE10InitializeEv		0	0	2
N	_ZN33CMasterParameterBaseSqlite_SimpleI27CMasterParameterItemElementE20SetStoreAllCacheSizeEv		9	9	2
N	_ZN33CMasterParameterBaseSqlite_SimpleI27CMasterParameterRankElementE10ClearCacheEv		0	0	4
N	_ZN33CMasterParameterBaseSqlite_SimpleI27CMasterParameterRankElementE10InitializeEv		0	0	2
N	_ZN33CMasterParameterBaseSqlite_SimpleI27CMasterParameterRankElementE20SetStoreAllCacheSizeEv		0	0	2
N	_ZN33CMasterParameterBaseSqlite_SimpleI27CMasterParameterRoleElementE10ClearCacheEv		0	0	4
N	_ZN33CMasterParameterBaseSqlite_SimpleI27CMasterParameterRoleElementE10InitializeEv		0	0	2
N	_ZN33CMasterParameterBaseSqlite_SimpleI27CMasterParameterRoleElementE20SetStoreAllCacheSizeEv		2	2	2
N	_ZN33CMasterParameterBaseSqlite_SimpleI27CMasterUniverseBoardElementE10ClearCacheEv		0	0	4
N	_ZN33CMasterParameterBaseSqlite_SimpleI27CMasterUniverseBoardElementE10InitializeEv		0	0	2
N	_ZN33CMasterParameterBaseSqlite_SimpleI27CMasterWorldBossWaveElementE10ClearCacheEv		0	0	4
N	_ZN33CMasterParameterBaseSqlite_SimpleI27CMasterWorldBossWaveElementE10InitializeEv		0	0	2
N	_ZN33CMasterParameterBaseSqlite_SimpleI28CMasterDeepSpaceBonusElementE10ClearCacheEv		0	0	4
N	_ZN33CMasterParameterBaseSqlite_SimpleI28CMasterDeepSpaceBonusElementE10InitializeEv		0	0	2
N	_ZN33CMasterParameterBaseSqlite_SimpleI28CMasterParameterGachaElementE10ClearCacheEv		0	0	4
N	_ZN33CMasterParameterBaseSqlite_SimpleI28CMasterParameterGachaElementE10InitializeEv		0	0	2
N	_ZN33CMasterParameterBaseSqlite_SimpleI28CMasterParameterSoundElementE10ClearCacheEv		0	0	4
N	_ZN33CMasterParameterBaseSqlite_SimpleI28CMasterParameterSoundElementE10InitializeEv		0	0	2
N	_ZN33CMasterParameterBaseSqlite_SimpleI28CMasterParameterStampElementE10InitializeEv		0	0	2
N	_ZN33CMasterParameterBaseSqlite_SimpleI28CMasterParameterTitleElementE10ClearCacheEv		0	0	4
N	_ZN33CMasterParameterBaseSqlite_SimpleI28CMasterParameterTitleElementE10InitializeEv		0	0	2
N	_ZN33CMasterParameterBaseSqlite_SimpleI28CMasterSphere211FloorElementE10ClearCacheEv		0	0	4
N	_ZN33CMasterParameterBaseSqlite_SimpleI28CMasterSphere211FloorElementE10InitializeEv		0	0	2
N	_ZN33CMasterParameterBaseSqlite_SimpleI28CMasterUniverseTalentElementE10ClearCacheEv		0	0	4
N	_ZN33CMasterParameterBaseSqlite_SimpleI28CMasterUniverseTalentElementE10InitializeEv		0	0	2
N	_ZN33CMasterParameterBaseSqlite_SimpleI29CMasterGearProbabilityElementE10InitializeEv		0	0	2
N	_ZN33CMasterParameterBaseSqlite_SimpleI29CMasterParameterAwakenElementE10ClearCacheEv		0	0	4
N	_ZN33CMasterParameterBaseSqlite_SimpleI29CMasterParameterAwakenElementE10InitializeEv		0	0	2
N	_ZN33CMasterParameterBaseSqlite_SimpleI29CMasterParameterBannerElementE10ClearCacheEv		0	0	4
N	_ZN33CMasterParameterBaseSqlite_SimpleI29CMasterParameterBannerElementE10InitializeEv		0	0	2
N	_ZN33CMasterParameterBaseSqlite_SimpleI29CMasterParameterEffectElementE10ClearCacheEv		1	2	4
N	_ZN33CMasterParameterBaseSqlite_SimpleI29CMasterParameterEffectElementE10InitializeEv		0	0	2
N	_ZN33CMasterParameterBaseSqlite_SimpleI29CMasterParameterFactorElementE10ClearCacheEv		0	0	4
N	_ZN33CMasterParameterBaseSqlite_SimpleI29CMasterParameterFactorElementE10InitializeEv		0	0	2
N	_ZN33CMasterParameterBaseSqlite_SimpleI29CMasterParameterFactorElementE20SetStoreAllCacheSizeEv		4	4	2
N	_ZN33CMasterParameterBaseSqlite_SimpleI29CMasterParameterGlobalElementE10ClearCacheEv		0	0	4
N	_ZN33CMasterParameterBaseSqlite_SimpleI29CMasterParameterGlobalElementE10InitializeEv		0	0	2
N	_ZN33CMasterParameterBaseSqlite_SimpleI29CMasterParameterPersonElementE10ClearCacheEv		0	0	4
N	_ZN33CMasterParameterBaseSqlite_SimpleI29CMasterParameterPersonElementE10InitializeEv		0	0	2
N	_ZN33CMasterParameterBaseSqlite_SimpleI29CMasterParameterPersonElementE20SetStoreAllCacheSizeEv		2	2	2
N	_ZN33CMasterParameterBaseSqlite_SimpleI29CMasterParameterPlanetElementE10ClearCacheEv		0	0	4
N	_ZN33CMasterParameterBaseSqlite_SimpleI29CMasterParameterPlanetElementE10InitializeEv		0	0	2
N	_ZN33CMasterParameterBaseSqlite_SimpleI29CMasterParameterTalentElementE10ClearCacheEv		0	0	4
N	_ZN33CMasterParameterBaseSqlite_SimpleI29CMasterParameterTalentElementE10InitializeEv		0	0	2
N	_ZN33CMasterParameterBaseSqlite_SimpleI29CMasterParameterTalentElementE20SetStoreAllCacheSizeEv		1	1	2
N	_ZN33CMasterParameterBaseSqlite_SimpleI29CMasterParameterWeaponElementE10ClearCacheEv		0	0	4
N	_ZN33CMasterParameterBaseSqlite_SimpleI29CMasterParameterWeaponElementE10InitializeEv		0	0	2
N	_ZN33CMasterParameterBaseSqlite_SimpleI30CMasterDeepSpaceMissionElementE10ClearCacheEv		0	0	4
N	_ZN33CMasterParameterBaseSqlite_SimpleI30CMasterDeepSpaceMissionElementE10InitializeEv		0	0	2
N	_ZN33CMasterParameterBaseSqlite_SimpleI30CMasterGearBarneyChanceElementE10InitializeEv		0	0	2
N	_ZN33CMasterParameterBaseSqlite_SimpleI30CMasterMissionEnemyInfoElementE10ClearCacheEv		0	0	4
N	_ZN33CMasterParameterBaseSqlite_SimpleI30CMasterMissionEnemyInfoElementE10InitializeEv		0	0	2
N	_ZN33CMasterParameterBaseSqlite_SimpleI30CMasterParameterBarrierElementE10ClearCacheEv		0	0	4
N	_ZN33CMasterParameterBaseSqlite_SimpleI30CMasterParameterBarrierElementE10InitializeEv		0	0	2
N	_ZN33CMasterParameterBaseSqlite_SimpleI30CMasterParameterMenuBGMElementE10ClearCacheEv		0	0	4
N	_ZN33CMasterParameterBaseSqlite_SimpleI30CMasterParameterMenuBGMElementE10InitializeEv		0	0	2
N	_ZN33CMasterParameterBaseSqlite_SimpleI30CMasterParameterMissionElementE10ClearCacheEv		0	0	16
N	_ZN33CMasterParameterBaseSqlite_SimpleI30CMasterParameterMissionElementE10InitializeEv		0	0	8
N	_ZN33CMasterParameterBaseSqlite_SimpleI30CMasterParameterNpcBaseElementE10ClearCacheEv		0	0	4
N	_ZN33CMasterParameterBaseSqlite_SimpleI30CMasterParameterNpcBaseElementE10InitializeEv		0	0	2
N	_ZN33CMasterParameterBaseSqlite_SimpleI30CMasterSubscriptionPlanElementE10ClearCacheEv		0	0	4
N	_ZN33CMasterParameterBaseSqlite_SimpleI30CMasterSubscriptionPlanElementE10InitializeEv		0	0	2
N	_ZN33CMasterParameterBaseSqlite_SimpleI31CMasterDeepSpaceBonusSetElementE10ClearCacheEv		0	0	4
N	_ZN33CMasterParameterBaseSqlite_SimpleI31CMasterDeepSpaceBonusSetElementE10InitializeEv		0	0	2
N	_ZN33CMasterParameterBaseSqlite_SimpleI31CMasterEventRankingGroupElementE10ClearCacheEv		0	0	4
N	_ZN33CMasterParameterBaseSqlite_SimpleI31CMasterEventRankingGroupElementE10InitializeEv		0	1	2
N	_ZN33CMasterParameterBaseSqlite_SimpleI31CMasterParameterCampaignElementE10ClearCacheEv		0	0	4
N	_ZN33CMasterParameterBaseSqlite_SimpleI31CMasterParameterCampaignElementE10InitializeEv		0	0	4
N	_ZN33CMasterParameterBaseSqlite_SimpleI31CMasterParameterDecoHairElementE10ClearCacheEv		0	0	4
N	_ZN33CMasterParameterBaseSqlite_SimpleI31CMasterParameterDecoHairElementE10InitializeEv		0	0	2
N	_ZN33CMasterParameterBaseSqlite_SimpleI31CMasterParameterItemShopElementE10ClearCacheEv		0	0	4
N	_ZN33CMasterParameterBaseSqlite_SimpleI31CMasterParameterItemShopElementE10InitializeEv		0	0	2
N	_ZN33CMasterParameterBaseSqlite_SimpleI31CMasterParameterLanguageElementE10ClearCacheEv		0	0	4
N	_ZN33CMasterParameterBaseSqlite_SimpleI31CMasterParameterLanguageElementE10InitializeEv		0	0	2
N	_ZN33CMasterParameterBaseSqlite_SimpleI31CMasterParameterStudioBgElementE10ClearCacheEv		0	0	4
N	_ZN33CMasterParameterBaseSqlite_SimpleI31CMasterParameterStudioBgElementE10InitializeEv		0	0	2
N	_ZN33CMasterParameterBaseSqlite_SimpleI31CMasterParameterWorldMapElementE10ClearCacheEv		0	0	4
N	_ZN33CMasterParameterBaseSqlite_SimpleI31CMasterParameterWorldMapElementE10InitializeEv		0	0	2
N	_ZN33CMasterParameterBaseSqlite_SimpleI31CMasterSphere211TreasureElementE10ClearCacheEv		0	0	4
N	_ZN33CMasterParameterBaseSqlite_SimpleI31CMasterSphere211TreasureElementE10InitializeEv		0	1	2
N	_ZN33CMasterParameterBaseSqlite_SimpleI32CMasterDeepSpaceBonusItemElementE10ClearCacheEv		0	0	4
N	_ZN33CMasterParameterBaseSqlite_SimpleI32CMasterDeepSpaceBonusItemElementE10InitializeEv		0	0	2
N	_ZN33CMasterParameterBaseSqlite_SimpleI32CMasterEventRankingRewardElementE10ClearCacheEv		0	0	4
N	_ZN33CMasterParameterBaseSqlite_SimpleI32CMasterEventRankingRewardElementE10InitializeEv		0	0	2
N	_ZN33CMasterParameterBaseSqlite_SimpleI32CMasterParameterEnemyBaseElementE10ClearCacheEv		0	0	4
N	_ZN33CMasterParameterBaseSqlite_SimpleI32CMasterParameterEnemyBaseElementE10InitializeEv		0	1	2
N	_ZN33CMasterParameterBaseSqlite_SimpleI32CMasterParameterEventTermElementE10ClearCacheEv		0	0	4
N	_ZN33CMasterParameterBaseSqlite_SimpleI32CMasterParameterEventTermElementE10InitializeEv		0	0	2
N	_ZN33CMasterParameterBaseSqlite_SimpleI32CMasterParameterGachaItemElementE10ClearCacheEv		0	0	4
N	_ZN33CMasterParameterBaseSqlite_SimpleI32CMasterParameterGachaItemElementE10InitializeEv		0	0	2
N	_ZN33CMasterParameterBaseSqlite_SimpleI32CMasterParameterGiftGachaElementE10ClearCacheEv		0	0	4
N	_ZN33CMasterParameterBaseSqlite_SimpleI32CMasterParameterGiftGachaElementE10InitializeEv		0	0	2
N	_ZN33CMasterParameterBaseSqlite_SimpleI32CMasterParameterHome3DMapElementE10ClearCacheEv		0	0	4
N	_ZN33CMasterParameterBaseSqlite_SimpleI32CMasterParameterHome3DMapElementE10InitializeEv		0	0	2
N	_ZN33CMasterParameterBaseSqlite_SimpleI32CMasterParameterMenuVoiceElementE10ClearCacheEv		0	0	4
N	_ZN33CMasterParameterBaseSqlite_SimpleI32CMasterParameterMenuVoiceElementE10InitializeEv		0	0	2
N	_ZN33CMasterParameterBaseSqlite_SimpleI32CMasterParameterWinCameraElementE10ClearCacheEv		0	0	4
N	_ZN33CMasterParameterBaseSqlite_SimpleI32CMasterParameterWinCameraElementE10InitializeEv		0	0	2
N	_ZN33CMasterParameterBaseSqlite_SimpleI33CMasterDeepSpaceTimeSavingElementE10ClearCacheEv		0	0	4
N	_ZN33CMasterParameterBaseSqlite_SimpleI33CMasterDeepSpaceTimeSavingElementE10InitializeEv		0	0	2
N	_ZN33CMasterParameterBaseSqlite_SimpleI33CMasterHome3DMotionSettingElementE10ClearCacheEv		0	0	4
N	_ZN33CMasterParameterBaseSqlite_SimpleI33CMasterHome3DMotionSettingElementE10InitializeEv		0	0	2
N	_ZN33CMasterParameterBaseSqlite_SimpleI33CMasterParameterDecoObjectElementE10ClearCacheEv		0	0	4
N	_ZN33CMasterParameterBaseSqlite_SimpleI33CMasterParameterDecoObjectElementE10InitializeEv		0	0	2
N	_ZN33CMasterParameterBaseSqlite_SimpleI33CMasterParameterEnemyPartyElementE10ClearCacheEv		0	0	4
N	_ZN33CMasterParameterBaseSqlite_SimpleI33CMasterParameterEnemyPartyElementE10InitializeEv		0	0	2
N	_ZN33CMasterParameterBaseSqlite_SimpleI33CMasterParameterEnemyTransElementE10ClearCacheEv		0	0	4
N	_ZN33CMasterParameterBaseSqlite_SimpleI33CMasterParameterEnemyTransElementE10InitializeEv		0	0	2
N	_ZN33CMasterParameterBaseSqlite_SimpleI33CMasterParameterFactorLockElementE10ClearCacheEv		0	0	4
N	_ZN33CMasterParameterBaseSqlite_SimpleI33CMasterParameterFactorLockElementE10InitializeEv		0	0	2
N	_ZN33CMasterParameterBaseSqlite_SimpleI33CMasterParameterFactorSeedElementE10ClearCacheEv		0	0	4
N	_ZN33CMasterParameterBaseSqlite_SimpleI33CMasterParameterFactorSeedElementE10InitializeEv		0	0	2
N	_ZN33CMasterParameterBaseSqlite_SimpleI33CMasterParameterFavorBonusElementE10ClearCacheEv		0	0	4
N	_ZN33CMasterParameterBaseSqlite_SimpleI33CMasterParameterFavorBonusElementE10InitializeEv		0	0	2
N	_ZN33CMasterParameterBaseSqlite_SimpleI33CMasterParameterFavorLevelElementE10ClearCacheEv		0	0	4
N	_ZN33CMasterParameterBaseSqlite_SimpleI33CMasterParameterFavorLevelElementE10InitializeEv		0	0	2
N	_ZN33CMasterParameterBaseSqlite_SimpleI33CMasterParameterGachaImageElementE10ClearCacheEv		0	0	4
N	_ZN33CMasterParameterBaseSqlite_SimpleI33CMasterParameterGachaImageElementE10InitializeEv		0	0	2
N	_ZN33CMasterParameterBaseSqlite_SimpleI33CMasterParameterItemAwakenElementE10ClearCacheEv		0	0	4
N	_ZN33CMasterParameterBaseSqlite_SimpleI33CMasterParameterItemAwakenElementE10InitializeEv		0	0	2
N	_ZN33CMasterParameterBaseSqlite_SimpleI33CMasterParameterLoginBonusElementE10ClearCacheEv		0	0	4
N	_ZN33CMasterParameterBaseSqlite_SimpleI33CMasterParameterLoginBonusElementE10InitializeEv		0	0	2
N	_ZN33CMasterParameterBaseSqlite_SimpleI33CMasterParameterMissionNpcElementE10ClearCacheEv		0	0	4
N	_ZN33CMasterParameterBaseSqlite_SimpleI33CMasterParameterMissionNpcElementE10InitializeEv		0	0	2
N	_ZN33CMasterParameterBaseSqlite_SimpleI33CMasterParameterRoleChangeElementE10ClearCacheEv		0	0	4
N	_ZN33CMasterParameterBaseSqlite_SimpleI33CMasterParameterRoleChangeElementE10InitializeEv		0	0	2
N	_ZN33CMasterParameterBaseSqlite_SimpleI33CMasterParameterSelectPartElementE10ClearCacheEv		0	0	4
N	_ZN33CMasterParameterBaseSqlite_SimpleI33CMasterParameterSelectPartElementE10InitializeEv		0	0	2
N	_ZN33CMasterParameterBaseSqlite_SimpleI33CMasterParameterWeaponKindElementE10ClearCacheEv		0	0	4
N	_ZN33CMasterParameterBaseSqlite_SimpleI33CMasterParameterWeaponKindElementE10InitializeEv		0	0	2
N	_ZN33CMasterParameterBaseSqlite_SimpleI33CMasterSphere211FloorAssetElementE10ClearCacheEv		0	0	4
N	_ZN33CMasterParameterBaseSqlite_SimpleI33CMasterSphere211FloorAssetElementE10InitializeEv		0	0	2
N	_ZN33CMasterParameterBaseSqlite_SimpleI33CMasterSphere211MissionBoxElementE10ClearCacheEv		0	0	4
N	_ZN33CMasterParameterBaseSqlite_SimpleI33CMasterSphere211MissionBoxElementE10InitializeEv		0	0	2
N	_ZN33CMasterParameterBaseSqlite_SimpleI34CMasterParameterAchievementElementE10ClearCacheEv		0	0	4
N	_ZN33CMasterParameterBaseSqlite_SimpleI34CMasterParameterAchievementElementE10InitializeEv		0	0	2
N	_ZN33CMasterParameterBaseSqlite_SimpleI34CMasterParameterAssistSkillElementE10ClearCacheEv		0	0	4
N	_ZN33CMasterParameterBaseSqlite_SimpleI34CMasterParameterAssistSkillElementE10InitializeEv		0	0	2
N	_ZN33CMasterParameterBaseSqlite_SimpleI34CMasterParameterBunkerSetupElementE10ClearCacheEv		0	0	4
N	_ZN33CMasterParameterBaseSqlite_SimpleI34CMasterParameterBunkerSetupElementE10InitializeEv		0	0	2
N	_ZN33CMasterParameterBaseSqlite_SimpleI34CMasterParameterEnemyCommonElementE10ClearCacheEv		0	0	4
N	_ZN33CMasterParameterBaseSqlite_SimpleI34CMasterParameterEnemyCommonElementE10InitializeEv		0	0	2
N	_ZN33CMasterParameterBaseSqlite_SimpleI34CMasterParameterEventWeeklyElementE10ClearCacheEv		0	0	4
N	_ZN33CMasterParameterBaseSqlite_SimpleI34CMasterParameterEventWeeklyElementE10InitializeEv		0	0	2
N	_ZN33CMasterParameterBaseSqlite_SimpleI34CMasterParameterFriendGaugeElementE10ClearCacheEv		0	0	4
N	_ZN33CMasterParameterBaseSqlite_SimpleI34CMasterParameterFriendGaugeElementE10InitializeEv		0	0	2
N	_ZN33CMasterParameterBaseSqlite_SimpleI34CMasterParameterHeatUpBonusElementE10ClearCacheEv		0	0	4
N	_ZN33CMasterParameterBaseSqlite_SimpleI34CMasterParameterHeatUpBonusElementE10InitializeEv		0	0	2
N	_ZN33CMasterParameterBaseSqlite_SimpleI34CMasterParameterHomeMessageElementE10ClearCacheEv		0	0	4
N	_ZN33CMasterParameterBaseSqlite_SimpleI34CMasterParameterHomeMessageElementE10InitializeEv		0	0	2
N	_ZN33CMasterParameterBaseSqlite_SimpleI34CMasterParameterItemComposeElementE10ClearCacheEv		0	0	4
N	_ZN33CMasterParameterBaseSqlite_SimpleI34CMasterParameterItemComposeElementE10InitializeEv		0	0	2
N	_ZN33CMasterParameterBaseSqlite_SimpleI34CMasterParameterItemGradeUpElementE10ClearCacheEv		0	0	4
N	_ZN33CMasterParameterBaseSqlite_SimpleI34CMasterParameterItemGradeUpElementE10InitializeEv		0	0	2
N	_ZN33CMasterParameterBaseSqlite_SimpleI34CMasterParameterMasteryStepElementE10ClearCacheEv		0	0	4
N	_ZN33CMasterParameterBaseSqlite_SimpleI34CMasterParameterMasteryStepElementE10InitializeEv		0	0	2
N	_ZN33CMasterParameterBaseSqlite_SimpleI34CMasterParameterMissionDropElementE10ClearCacheEv		0	0	4
N	_ZN33CMasterParameterBaseSqlite_SimpleI34CMasterParameterMissionDropElementE10InitializeEv		0	0	2
N	_ZN33CMasterParameterBaseSqlite_SimpleI34CMasterParameterPlayerLevelElementE10ClearCacheEv		0	0	4
N	_ZN33CMasterParameterBaseSqlite_SimpleI34CMasterParameterPlayerLevelElementE10InitializeEv		0	0	2
N	_ZN33CMasterParameterBaseSqlite_SimpleI34CMasterParameterRoleBoostedElementE10ClearCacheEv		0	0	4
N	_ZN33CMasterParameterBaseSqlite_SimpleI34CMasterParameterRoleBoostedElementE10InitializeEv		0	0	2
N	_ZN33CMasterParameterBaseSqlite_SimpleI34CMasterParameterStageLayoutElementE10ClearCacheEv		0	0	4
N	_ZN33CMasterParameterBaseSqlite_SimpleI34CMasterParameterStageLayoutElementE10InitializeEv		0	0	2
N	_ZN33CMasterParameterBaseSqlite_SimpleI34CMasterParameterVoiceSwitchElementE10ClearCacheEv		0	0	4
N	_ZN33CMasterParameterBaseSqlite_SimpleI34CMasterParameterVoiceSwitchElementE10InitializeEv		0	0	2
N	_ZN33CMasterParameterBaseSqlite_SimpleI34CMasterSphere211RentalBonusElementE10ClearCacheEv		0	0	4
N	_ZN33CMasterParameterBaseSqlite_SimpleI34CMasterSphere211RentalBonusElementE10InitializeEv		0	0	2
N	_ZN33CMasterParameterBaseSqlite_SimpleI35CMasterExpirationInformationElementE10ClearCacheEv		0	0	4
N	_ZN33CMasterParameterBaseSqlite_SimpleI35CMasterExpirationInformationElementE10InitializeEv		0	1	2
N	_ZN33CMasterParameterBaseSqlite_SimpleI35CMasterParameterBattleGlobalElementE10ClearCacheEv		0	0	4
N	_ZN33CMasterParameterBaseSqlite_SimpleI35CMasterParameterBattleGlobalElementE10InitializeEv		0	0	2
N	_ZN33CMasterParameterBaseSqlite_SimpleI35CMasterParameterItemSaleRateElementE10ClearCacheEv		0	0	4
N	_ZN33CMasterParameterBaseSqlite_SimpleI35CMasterParameterItemSaleRateElementE10InitializeEv		0	0	2
N	_ZN33CMasterParameterBaseSqlite_SimpleI35CMasterParameterMissionStageElementE10ClearCacheEv		0	0	4
N	_ZN33CMasterParameterBaseSqlite_SimpleI35CMasterParameterMissionStageElementE10InitializeEv		0	0	2
N	_ZN33CMasterParameterBaseSqlite_SimpleI35CMasterParameterRoleLevelMaxElementE10ClearCacheEv		0	0	4
N	_ZN33CMasterParameterBaseSqlite_SimpleI35CMasterParameterRoleLevelMaxElementE10InitializeEv		0	0	2
N	_ZN33CMasterParameterBaseSqlite_SimpleI35CMasterParameterWorldMapBaseElementE10ClearCacheEv		0	0	4
N	_ZN33CMasterParameterBaseSqlite_SimpleI35CMasterParameterWorldMapBaseElementE10InitializeEv		0	0	2
N	_ZN33CMasterParameterBaseSqlite_SimpleI35CMasterParameterWorldMapCellElementE10ClearCacheEv		0	0	4
N	_ZN33CMasterParameterBaseSqlite_SimpleI35CMasterParameterWorldMapCellElementE10InitializeEv		0	0	2
N	_ZN33CMasterParameterBaseSqlite_SimpleI36CMasterParameterAIAppointMoveElementE10ClearCacheEv		0	0	4
N	_ZN33CMasterParameterBaseSqlite_SimpleI36CMasterParameterAIAppointMoveElementE10InitializeEv		0	0	2
N	_ZN33CMasterParameterBaseSqlite_SimpleI36CMasterParameterBannerReplaceElementE10ClearCacheEv		0	0	4
N	_ZN33CMasterParameterBaseSqlite_SimpleI36CMasterParameterBannerReplaceElementE10InitializeEv		0	0	2
N	_ZN33CMasterParameterBaseSqlite_SimpleI36CMasterParameterFavorScheduleElementE10ClearCacheEv		0	0	4
N	_ZN33CMasterParameterBaseSqlite_SimpleI36CMasterParameterFavorScheduleElementE10InitializeEv		0	0	2
N	_ZN33CMasterParameterBaseSqlite_SimpleI36CMasterParameterRoleEvolutionElementE10ClearCacheEv		0	0	4
N	_ZN33CMasterParameterBaseSqlite_SimpleI36CMasterParameterRoleEvolutionElementE10InitializeEv		0	0	2
N	_ZN33CMasterParameterBaseSqlite_SimpleI36CMasterSphere211FloorAssetBoxElementE10ClearCacheEv		0	0	4
N	_ZN33CMasterParameterBaseSqlite_SimpleI36CMasterSphere211FloorAssetBoxElementE10InitializeEv		0	0	2
N	_ZN33CMasterParameterBaseSqlite_SimpleI36CMasterSphere211RankingRewardElementE10ClearCacheEv		0	0	4
N	_ZN33CMasterParameterBaseSqlite_SimpleI36CMasterSphere211RankingRewardElementE10InitializeEv		0	0	2
N	_ZN33CMasterParameterBaseSqlite_SimpleI37CMasterParameterDecoOffsetTypeElementE10ClearCacheEv		0	0	4
N	_ZN33CMasterParameterBaseSqlite_SimpleI37CMasterParameterDecoOffsetTypeElementE10InitializeEv		0	0	2
N	_ZN33CMasterParameterBaseSqlite_SimpleI37CMasterParameterDirectItemShopElementE10ClearCacheEv		0	0	4
N	_ZN33CMasterParameterBaseSqlite_SimpleI37CMasterParameterDirectItemShopElementE10InitializeEv		0	0	2
N	_ZN33CMasterParameterBaseSqlite_SimpleI37CMasterParameterGuestCharacterElementE10ClearCacheEv		0	0	4
N	_ZN33CMasterParameterBaseSqlite_SimpleI37CMasterParameterGuestCharacterElementE10InitializeEv		0	0	2
N	_ZN33CMasterParameterBaseSqlite_SimpleI37CMasterParameterItemLimitBreakElementE10ClearCacheEv		0	0	4
N	_ZN33CMasterParameterBaseSqlite_SimpleI37CMasterParameterItemLimitBreakElementE10InitializeEv		0	0	2
N	_ZN33CMasterParameterBaseSqlite_SimpleI37CMasterParameterLoadingMessageElementE10ClearCacheEv		0	0	4
N	_ZN33CMasterParameterBaseSqlite_SimpleI37CMasterParameterLoadingMessageElementE10InitializeEv		0	0	2
N	_ZN33CMasterParameterBaseSqlite_SimpleI38CMasterParameterChantEffectTypeElementE10ClearCacheEv		0	0	4
N	_ZN33CMasterParameterBaseSqlite_SimpleI38CMasterParameterChantEffectTypeElementE10InitializeEv		0	0	2
N	_ZN33CMasterParameterBaseSqlite_SimpleI38CMasterParameterCharacterCommonElementE10ClearCacheEv		0	0	4
N	_ZN33CMasterParameterBaseSqlite_SimpleI38CMasterParameterCharacterCommonElementE10InitializeEv		0	0	2
N	_ZN33CMasterParameterBaseSqlite_SimpleI38CMasterParameterFactorConditionElementE10ClearCacheEv		0	0	4
N	_ZN33CMasterParameterBaseSqlite_SimpleI38CMasterParameterFactorConditionElementE10InitializeEv		0	0	2
N	_ZN33CMasterParameterBaseSqlite_SimpleI38CMasterParameterFavorItemEffectElementE10ClearCacheEv		0	0	4
N	_ZN33CMasterParameterBaseSqlite_SimpleI38CMasterParameterFavorItemEffectElementE10InitializeEv		0	0	2
N	_ZN33CMasterParameterBaseSqlite_SimpleI38CMasterParameterItemGradeUpListElementE10ClearCacheEv		0	0	4
N	_ZN33CMasterParameterBaseSqlite_SimpleI38CMasterParameterItemGradeUpListElementE10InitializeEv		0	0	2
N	_ZN33CMasterParameterBaseSqlite_SimpleI38CMasterParameterMaterialComposeElementE10ClearCacheEv		0	0	4
N	_ZN33CMasterParameterBaseSqlite_SimpleI38CMasterParameterMaterialComposeElementE10InitializeEv		0	0	2
N	_ZN33CMasterParameterBaseSqlite_SimpleI38CMasterParameterMenuCommonVoiceElementE10ClearCacheEv		0	0	4
N	_ZN33CMasterParameterBaseSqlite_SimpleI38CMasterParameterMenuCommonVoiceElementE10InitializeEv		0	0	2
N	_ZN33CMasterParameterBaseSqlite_SimpleI38CMasterParameterReplaceResourceElementE10ClearCacheEv		0	0	4
N	_ZN33CMasterParameterBaseSqlite_SimpleI38CMasterParameterReplaceResourceElementE10InitializeEv		0	0	2
N	_ZN33CMasterParameterBaseSqlite_SimpleI38CMasterParameterRoleDeityBufferElementE10InitializeEv		0	0	2
N	_ZN33CMasterParameterBaseSqlite_SimpleI38CMasterParameterScenarioLibraryElementE10ClearCacheEv		0	0	4
N	_ZN33CMasterParameterBaseSqlite_SimpleI38CMasterParameterScenarioLibraryElementE10InitializeEv		0	0	2
N	_ZN33CMasterParameterBaseSqlite_SimpleI38CMasterParameterWorldMapMissionElementE10ClearCacheEv		0	0	4
N	_ZN33CMasterParameterBaseSqlite_SimpleI38CMasterParameterWorldMapMissionElementE10InitializeEv		0	0	2
N	_ZN33CMasterParameterBaseSqlite_SimpleI39CMasterParameterBattleEvaluationElementE10ClearCacheEv		0	0	4
N	_ZN33CMasterParameterBaseSqlite_SimpleI39CMasterParameterBattleEvaluationElementE10InitializeEv		0	0	2
N	_ZN33CMasterParameterBaseSqlite_SimpleI39CMasterParameterDecoAttachEnableElementE10ClearCacheEv		0	0	4
N	_ZN33CMasterParameterBaseSqlite_SimpleI39CMasterParameterDecoAttachEnableElementE10InitializeEv		0	0	2
N	_ZN33CMasterParameterBaseSqlite_SimpleI39CMasterParameterGuideInformationElementE10ClearCacheEv		0	0	4
N	_ZN33CMasterParameterBaseSqlite_SimpleI39CMasterParameterGuideInformationElementE10InitializeEv		0	0	2
N	_ZN33CMasterParameterBaseSqlite_SimpleI39CMasterParameterItemExchangeShopElementE10ClearCacheEv		0	0	4
N	_ZN33CMasterParameterBaseSqlite_SimpleI39CMasterParameterItemExchangeShopElementE10InitializeEv		0	0	2
N	_ZN33CMasterParameterBaseSqlite_SimpleI39CMasterParameterWeaponLimitBreakElementE10ClearCacheEv		0	0	4
N	_ZN33CMasterParameterBaseSqlite_SimpleI39CMasterParameterWeaponLimitBreakElementE10InitializeEv		0	0	2
N	_ZN33CMasterParameterBaseSqlite_SimpleI39CMasterParameterWorldMapProgressElementE10ClearCacheEv		0	0	4
N	_ZN33CMasterParameterBaseSqlite_SimpleI39CMasterParameterWorldMapProgressElementE10InitializeEv		0	0	2
N	_ZN33CMasterParameterBaseSqlite_SimpleI39CMasterSphere211TreasureContentsElementE10ClearCacheEv		0	0	4
N	_ZN33CMasterParameterBaseSqlite_SimpleI39CMasterSphere211TreasureContentsElementE10InitializeEv		0	1	2
N	_ZN33CMasterParameterBaseSqlite_SimpleI39CMasterUniverseChipGachaExchangeElementE10InitializeEv		0	0	2
N	_ZN33CMasterParameterBaseSqlite_SimpleI40CMasterParameterAssistCutinOffsetElementE10ClearCacheEv		0	0	4
N	_ZN33CMasterParameterBaseSqlite_SimpleI40CMasterParameterAssistCutinOffsetElementE10InitializeEv		0	0	2
N	_ZN33CMasterParameterBaseSqlite_SimpleI40CMasterParameterAssistVoiceMarginElementE10ClearCacheEv		0	0	4
N	_ZN33CMasterParameterBaseSqlite_SimpleI40CMasterParameterAssistVoiceMarginElementE10InitializeEv		0	0	2
N	_ZN33CMasterParameterBaseSqlite_SimpleI40CMasterParameterPremiumLoginBonusElementE10ClearCacheEv		0	0	4
N	_ZN33CMasterParameterBaseSqlite_SimpleI40CMasterParameterPremiumLoginBonusElementE10InitializeEv		0	0	2
N	_ZN33CMasterParameterBaseSqlite_SimpleI40CMasterSphere211FloorClearPresentElementE10ClearCacheEv		0	0	4
N	_ZN33CMasterParameterBaseSqlite_SimpleI40CMasterSphere211FloorClearPresentElementE10InitializeEv		0	0	2
N	_ZN33CMasterParameterBaseSqlite_SimpleI40CMasterSphere211FloorTransferRateElementE10ClearCacheEv		0	0	4
N	_ZN33CMasterParameterBaseSqlite_SimpleI40CMasterSphere211FloorTransferRateElementE10InitializeEv		0	0	2
N	_ZN33CMasterParameterBaseSqlite_SimpleI41CMasterParameterFavorBonusContentsElementE10ClearCacheEv		0	0	4
N	_ZN33CMasterParameterBaseSqlite_SimpleI41CMasterParameterFavorBonusContentsElementE10InitializeEv		0	0	2
N	_ZN33CMasterParameterBaseSqlite_SimpleI41CMasterParameterLoginBonusContentsElementE10ClearCacheEv		0	0	4
N	_ZN33CMasterParameterBaseSqlite_SimpleI41CMasterParameterLoginBonusContentsElementE10InitializeEv		0	0	2
N	_ZN33CMasterParameterBaseSqlite_SimpleI41CMasterSphere211FloorTransferLevelElementE10ClearCacheEv		0	0	4
N	_ZN33CMasterParameterBaseSqlite_SimpleI41CMasterSphere211FloorTransferLevelElementE10InitializeEv		0	0	2
N	_ZN33CMasterParameterBaseSqlite_SimpleI42CMasterParameterAccessoryLimitBreakElementE10ClearCacheEv		0	0	4
N	_ZN33CMasterParameterBaseSqlite_SimpleI42CMasterParameterAccessoryLimitBreakElementE10InitializeEv		0	0	2
N	_ZN33CMasterParameterBaseSqlite_SimpleI42CMasterParameterCharacterLimitBreakElementE10ClearCacheEv		0	0	4
N	_ZN33CMasterParameterBaseSqlite_SimpleI42CMasterParameterCharacterLimitBreakElementE10InitializeEv		0	0	2
N	_ZN33CMasterParameterBaseSqlite_SimpleI42CMasterParameterFriendGaugeContentsElementE10ClearCacheEv		0	0	4
N	_ZN33CMasterParameterBaseSqlite_SimpleI42CMasterParameterFriendGaugeContentsElementE10InitializeEv		0	0	2
N	_ZN33CMasterParameterBaseSqlite_SimpleI42CMasterParameterMissionClearPresentElementE10ClearCacheEv		0	0	4
N	_ZN33CMasterParameterBaseSqlite_SimpleI42CMasterParameterMissionClearPresentElementE10InitializeEv		0	0	2
N	_ZN33CMasterParameterBaseSqlite_SimpleI42CMasterParameterRoleDuplicationItemElementE10ClearCacheEv		0	0	4
N	_ZN33CMasterParameterBaseSqlite_SimpleI42CMasterParameterRoleDuplicationItemElementE10InitializeEv		0	0	2
N	_ZN33CMasterParameterBaseSqlite_SimpleI42CMasterSphere211OverwriteEnemyLevelElementE10ClearCacheEv		0	0	4
N	_ZN33CMasterParameterBaseSqlite_SimpleI42CMasterSphere211OverwriteEnemyLevelElementE10InitializeEv		0	0	2
N	_ZN33CMasterParameterBaseSqlite_SimpleI42CMasterSphere211TreasureStreakBonusElementE10ClearCacheEv		0	0	4
N	_ZN33CMasterParameterBaseSqlite_SimpleI42CMasterSphere211TreasureStreakBonusElementE10InitializeEv		0	0	2
N	_ZN33CMasterParameterBaseSqlite_SimpleI43CMasterParameterItemAccessoryComposeElementE10ClearCacheEv		0	0	4
N	_ZN33CMasterParameterBaseSqlite_SimpleI43CMasterParameterItemAccessoryComposeElementE10InitializeEv		0	0	2
N	_ZN33CMasterParameterBaseSqlite_SimpleI43CMasterParameterWorldMapGroupMissionElementE10ClearCacheEv		0	0	4
N	_ZN33CMasterParameterBaseSqlite_SimpleI43CMasterParameterWorldMapGroupMissionElementE10InitializeEv		0	1	2
N	_ZN33CMasterParameterBaseSqlite_SimpleI44CMasterParameterMissionCharacterBonusElementE10ClearCacheEv		0	0	4
N	_ZN33CMasterParameterBaseSqlite_SimpleI44CMasterParameterMissionCharacterBonusElementE10InitializeEv		0	0	2
N	_ZN33CMasterParameterBaseSqlite_SimpleI45CMasterParameterItemLimitBreakLevelMaxElementE10ClearCacheEv		0	0	4
N	_ZN33CMasterParameterBaseSqlite_SimpleI45CMasterParameterItemLimitBreakLevelMaxElementE10InitializeEv		0	0	2
N	_ZN33CMasterParameterBaseSqlite_SimpleI47CMasterParameterItemExchangeShopContentsElementE10ClearCacheEv		0	0	4
N	_ZN33CMasterParameterBaseSqlite_SimpleI47CMasterParameterItemExchangeShopContentsElementE10InitializeEv		0	0	2
N	_ZN33CMasterParameterBaseSqlite_SimpleI48CMasterParameterPremiumLoginBonusContentsElementE10ClearCacheEv		0	0	4
N	_ZN33CMasterParameterBaseSqlite_SimpleI48CMasterParameterPremiumLoginBonusContentsElementE10InitializeEv		0	0	2
N	_ZN33CMasterParameterEnemyPartyElementD2Ev		0	0	4
N	_ZN33CMasterParameterFavorLevelElementC2ERKS_		0	0	15
N	_ZN33CMasterParameterFavorLevelElementD2Ev		0	0	30
N	_ZN33CMasterParameterGachaImageElementC2Ev		0	0	6
N	_ZN33CMasterParameterGachaImageElementD2Ev		0	0	15
N	_ZN33CMasterParameterGachaImageElementaSERKS_		0	0	54
N	_ZN33CMasterParameterLoginBonusElementD2Ev		0	0	1
N	_ZN33CMasterParameterWeaponKindElementD2Ev		0	0	8
N	_ZN34CMasterParameterAchievementElementD2Ev		0	0	117
N	_ZN34CMasterParameterEnemyCommonElementD2Ev		0	0	2
N	_ZN34CMasterParameterEventWeeklyElementD2Ev		0	0	12
N	_ZN34CMasterParameterHomeMessageElementC2ERKS_		1	1	2256
N	_ZN34CMasterParameterHomeMessageElementD2Ev		0	0	3706
N	_ZN34CMasterParameterPlayerLevelElement10InitializeEv		0	0	174
N	_ZN34CMasterParameterPlayerLevelElementD0Ev		0	0	171
N	_ZN34CMasterParameterPlayerLevelElementD2Ev		0	0	1
N	_ZN34CMasterParameterRoleBoostedElement10InitializeEv		0	0	2
N	_ZN34CMasterParameterRoleBoostedElementD0Ev		0	0	1
N	_ZN34CMasterParameterStageLayoutElementD2Ev		0	0	1
N	_ZN35CMasterParameterAttackActionElement10InitializeEv		10	10	6969
N	_ZN35CMasterParameterAttackActionElementC2ERKS_		2	2	6969
N	_ZN35CMasterParameterAttackActionElementC2Ev		0	0	7272
N	_ZN35CMasterParameterAttackActionElementD2Ev		0	0	14241
N	_ZN35CMasterParameterAttackActionElementaSERKS_		0	0	303
N	_ZN35CMasterParameterBaseSqlite_CategoryI20CMasterHome3DElementE10InitializeEv		0	0	2
N	_ZN35CMasterParameterBaseSqlite_CategoryI25CMasterParameterAIElementE10InitializeEv		0	0	2
N	_ZN35CMasterParameterBaseSqlite_CategoryI28CMasterParameterSkillElementE10InitializeEv		0	0	2
N	_ZN35CMasterParameterBaseSqlite_CategoryI28CMasterParameterVoiceElementE10InitializeEv		0	0	2
N	_ZN35CMasterParameterBaseSqlite_CategoryI29CMasterParameterSignalElementE10InitializeEv		0	0	2
N	_ZN35CMasterParameterBaseSqlite_CategoryI35CMasterParameterAttackActionElementE10InitializeEv		0	0	2
N	_ZN35CMasterParameterBaseSqlite_CategoryI37CMasterParameterSkillParameterElementE10InitializeEv		0	0	2
N	_ZN35CMasterParameterBattleGlobalElementC2ERKS_		0	0	263
N	_ZN35CMasterParameterBattleGlobalElementD2Ev		0	0	263
N	_ZN35CMasterParameterMissionStageElementD2Ev		0	0	6
N	_ZN35CMasterParameterRoleLevelMaxElement10InitializeEv		0	0	1
N	_ZN36CMasterParameterAIAppointMoveElementD2Ev		0	0	2
N	_ZN36CMasterParameterBannerReplaceElementD2Ev		0	0	1
N	_ZN36CMasterParameterFavorScheduleElement10InitializeEv		0	0	4
N	_ZN36CMasterParameterFavorScheduleElementD0Ev		0	0	1
N	_ZN37CMasterParameterLoadingMessageElement10InitializeEv		0	0	2
N	_ZN37CMasterParameterLoadingMessageElementD0Ev		0	0	2
N	_ZN37CMasterParameterSkillParameterElement10InitializeEv		0	0	4
N	_ZN37CMasterParameterSkillParameterElementC2Ev		0	0	199
N	_ZN37CMasterParameterSkillParameterElementD0Ev		0	0	4
N	_ZN37CMasterParameterSkillParameterElementD2Ev		0	0	1623
N	_ZN37CMasterParameterSkillParameterElementaSERKS_		0	0	195
N	_ZN38CMasterParameterChantEffectTypeElement10InitializeEv		0	0	2
N	_ZN38CMasterParameterChantEffectTypeElementD0Ev		0	0	1
N	_ZN38CMasterParameterCharacterCommonElement10InitializeEv		0	0	2
N	_ZN38CMasterParameterCharacterCommonElementD0Ev		0	0	1
N	_ZN38CMasterParameterMenuCommonVoiceElement10InitializeEv		0	0	6
N	_ZN38CMasterParameterMenuCommonVoiceElementC2ERKS_		0	0	24
N	_ZN38CMasterParameterMenuCommonVoiceElementD0Ev		0	0	3
N	_ZN38CMasterParameterMenuCommonVoiceElementD2Ev		0	0	258
N	_ZN41CMasterParameterLoginBonusContentsElementC2Ev		0	0	56
N	_ZN41CMasterParameterLoginBonusContentsElementD0Ev		0	0	56
N	_ZN41CMasterParameterLoginBonusContentsElementD2Ev		0	0	56
N	_ZN41CMasterParameterLoginBonusContentsElementaSERKS_		0	0	56
N	_ZN42CMasterParameterMissionClearPresentElementC2ERKS_		0	0	4
N	_ZN42CMasterParameterMissionClearPresentElementD2Ev		0	0	7
N	_ZN4Aska10ADMHandler11FlushNotify7HandlerEm		76	154	8770
N	_ZN4Aska10AafHandler11InstantiateEv		2	2	737
N	_ZN4Aska10AafHandler17CreateControllersEPNS_10AsfHandlerEPNS_16CollisionHandlerEPNS_17AsfTargetNameListEb		26	56	1144
N	_ZN4Aska10AafHandler17DeleteControllersEv		5	5	407
N	_ZN4Aska10AafHandler9AddValuesEf		13	13	2264
N	_ZN4Aska10AafHandler9SetValuesEf		97	152	10736
N	_ZN4Aska10AafHandlerD0Ev		5	5	704
N	_ZN4Aska10AofHandler13NotifyTextureEv		2	2	11318
N	_ZN4Aska10AsfHandler10CreateTreeEPNS_11TaskManagerEPNS_13ObjectManagerEPNS_12LightManagerEPNS_13CameraManagerEPNS_15OccluderManagerEPNS_16ProjectorManagerEPNS_15ModifierManagerEPNS_20MeshGeneratorManagerENS0_6StatusE		50	209	579
N	_ZN4Aska10AsfHandler10RemoveTreeEv		3	4	562
N	_ZN4Aska10AsfHandler15SetExternalLinkEPS0_		0	2	20
N	_ZN4Aska10AsfHandler19UpdateExternalLinkREv		1	3	20
N	_ZN4Aska10AsfHandler20CalcExternalLinkListEv		0	0	59
N	_ZN4Aska10AsfHandlerC1Ev		0	0	359
N	_ZN4Aska10AsfHandlerD0Ev		2	5	330
N	_ZN4Aska10Decompress10DecodeMainILb0EEEbPNS_14COMPRESSHEADEREPh		97	97	224
N	_ZN4Aska10Decompress6DecodeEPNS_14COMPRESSHEADEREPhiPNS_14IMemoryManagerES5_S5_		108	251	555
N	_ZN4Aska10InitRandomEj		0	0	1
N	_ZN4Aska10Quaternion15CreateFromEulerEfff14EnumRotateType		0	0	8274
N	_ZN4Aska10Quaternion5SlerpEPKS0_S2_f		0	0	1554
N	_ZN4Aska10Quaternion6CreateEPKNS_6MatrixE		1	1	31230
N	_ZN4Aska10Quaternion6CreateEPKNS_6VectorES3_		0	0	309
N	_ZN4Aska10RenderPass17GetShaderKeyFlagsEPKNS_15RenderPassBatchE		0	0	218
N	_ZN4Aska10Sequencer214AddMessageNoteEjfPKvS2_		0	15	8540
N	_ZN4Aska10Sequencer217WaitingNoteNotify7HandlerEm		0	0	484
N	_ZN4Aska10Sequencer218ArrangeMessageNoteEv		2	3	25088
N	_ZN4Aska10Sequencer218ProcessMessageNoteEv		0	21	25088
N	_ZN4Aska10Sequencer2C1Ev		1	4	268
N	_ZN4Aska10Sequencer2D1Ev		1	1	266
N	_ZN4Aska10TouchPanel11ResetStatusEv		0	0	10497
N	_ZN4Aska10TouchPanel9GetStatusEv		22	26	22755
N	_ZN4Aska10WavePlayer8AudioRunEv		15	102	25088
N	_ZN4Aska11AudioPlayer10GetMessageEPNS_12AudioMessageE		1	1	32629
N	_ZN4Aska11AudioSignal18AddSignalVoiceListEPNS_7SLVoiceE		0	0	267
N	_ZN4Aska11AudioSignal21DeleteSignalVoiceListEPNS_7SLVoiceE		0	0	266
N	_ZN4Aska11AudioSignal3RunEi		19	260	10498
N	_ZN4Aska11JointObject10MakeMatrixEv		8	8	22175
N	_ZN4Aska11JointObjectD0Ev		1	1	2012
N	_ZN4Aska11LIBLManager11CopyTextureEv		0	0	10501
N	_ZN4Aska11RandomFloatEv		0	0	4419
N	_ZN4Aska11RenderState11EnableZTestEb		0	0	3
N	_ZN4Aska11RenderState11SetCullModeEi		0	0	27777
N	_ZN4Aska11RenderState12EnableZWriteEb		0	0	3
N	_ZN4Aska11RenderState12SetDepthBiasEff		0	0	131
N	_ZN4Aska11RenderState13EnableStencilENS_11StencilMode4ModeE		0	0	27643
N	_ZN4Aska11RenderState16EnableAlphaBlendEb		0	0	6
N	_ZN4Aska11RenderState16SetZTestFunctionEi		0	0	3
N	_ZN4Aska11RenderState21SetAlphaBlendFunctionENS_10AlphaBlend9OperationENS_22SeparateAlphaBlendMode1EE		0	0	2
N	_ZN4Aska11RenderState23ReadyDefaultRenderStateEPNS_14RenderDeviceGLE		0	0	5538
N	_ZN4Aska11RenderState24SetTextureSamplingFilterEiNS_7TexSamp6FilterE		0	0	35273
N	_ZN4Aska11RenderState26SetTextureSamplingWrapModeEiNS_7TexWrap4ModeE		0	0	35238
N	_ZN4Aska11RenderState27SetTextureSamplingWrapModeUEiNS_7TexWrap4ModeE		0	0	9
N	_ZN4Aska11RenderState27SetTextureSamplingWrapModeVEiNS_7TexWrap4ModeE		0	0	9
N	_ZN4Aska11RenderState30SetTextureSamplingMipmapFilterEiNS_7TexSamp9MipFilterE		0	0	35260
N	_ZN4Aska11RenderState32SetTextureSamplingMaxAnisotropicEij		0	0	35203
N	_ZN4Aska11RenderState5ResetEv		0	0	27860
N	_ZN4Aska11RenderState6Static11EnableZTestEPNS_14RenderDeviceGLEb		0	0	15
N	_ZN4Aska11RenderState6Static12EnableZWriteEPNS_14RenderDeviceGLEb		0	0	5
N	_ZN4Aska11RenderState6Static16EnableAlphaBlendEPNS_14RenderDeviceGLEb		0	0	5
N	_ZN4Aska11SoundObject17UpdateSoundStatusEv		2	2	23615
N	_ZN4Aska11SoundObject8AudioRunEv		9	52	9627
N	_ZN4Aska11TBinaryTreeIN9Framework11CStringHash8tElementEE9AllocNodeEPKv		0	0	1464
N	_ZN4Aska11TBinaryTreeIN9Framework11CStringHash8tElementEE9FreeTableEv		1	1	383
N	_ZN4Aska11TBinaryTreeIN9Framework11CStringHash8tElementEED2Ev		0	0	383
N	_ZN4Aska11TBinaryTreeINS_11AddressNodeEE8FreeNodeEPPS1_		0	0	765
N	_ZN4Aska11TBinaryTreeINS_11AddressNodeEE9AllocNodeEPKv		0	0	60
N	_ZN4Aska11TBinaryTreeINS_11AddressNodeEE9FreeTableEv		1	1	45
N	_ZN4Aska11TBinaryTreeINS_11AddressNodeEED2Ev		0	0	45
N	_ZN4Aska11TBinaryTreeINS_7AsfNodeEE9FreeTableEv		0	0	349
N	_ZN4Aska11TBinaryTreeINS_7AsfNodeEED2Ev		0	0	349
N	_ZN4Aska11TBinaryTreeINS_8AUIDNodeEE8FreeNodeEPPS1_		1	1	765
N	_ZN4Aska11TBinaryTreeINS_9TextureIDEE8FreeNodeEPPS1_		0	0	3082
N	_ZN4Aska11TPoolLegacyIN9Framework11CStringHash8tElementELb0EE10SecurePoolEjbPKvPKj		0	0	409
N	_ZN4Aska11TPoolLegacyINS_10TextureIDsELb0EE10SecurePoolEjbPKvPKj		0	0	1
N	_ZN4Aska11TPoolLegacyINS_11AddressNodeELb0EE10SecurePoolEjbPKvPKj		0	0	1
N	_ZN4Aska11TPoolLegacyINS_11LIBLManager14_AarLoaderElemELb0EE10SecurePoolEjbPKvPKj		0	0	1
N	_ZN4Aska11TPoolLegacyINS_11SoundHandleELb0EE10SecurePoolEjbPKvPKj		0	0	1
N	_ZN4Aska11TPoolLegacyINS_11SoundServer14FilePathBufferELb0EE10SecurePoolEjbPKvPKj		0	0	1
N	_ZN4Aska11TPoolLegacyINS_11SoundServer21AskaAdpcmDecodeBufferELb0EE10SecurePoolEjbPKvPKj		0	0	1
N	_ZN4Aska11TPoolLegacyINS_11TextureNodeELb0EE10SecurePoolEjbPKvPKj		0	0	1
N	_ZN4Aska11TPoolLegacyINS_12ClassNameSetELb0EE10SecurePoolEjbPKvPKj		0	0	1
N	_ZN4Aska11TPoolLegacyINS_12ParamNameSetELb0EE10SecurePoolEjbPKvPKj		0	0	103
N	_ZN4Aska11TPoolLegacyINS_12SoundCommandELb0EE10SecurePoolEjbPKvPKj		0	0	1
N	_ZN4Aska11TPoolLegacyINS_13TEventElementINS_12MappingQueue9EventItemEEELb0EE10SecurePoolEjbPKvPKj		0	0	1
N	_ZN4Aska11TPoolLegacyINS_13TEventElementINS_12_AsyncStream6EvItemEEELb0EE10SecurePoolEjbPKvPKj		0	0	1
N	_ZN4Aska11TPoolLegacyINS_13TEventElementINS_18ResourceReadyQueue6EvItemEEELb0EE10SecurePoolEjbPKvPKj		0	0	1
N	_ZN4Aska11TPoolLegacyINS_13TEventElementINS_22DecodeTextureEventItemEEELb0EE10SecurePoolEjbPKvPKj		0	0	1
N	_ZN4Aska11TPoolLegacyINS_13TextureMemoryELb0EE10SecurePoolEjbPKvPKj		0	0	2
N	_ZN4Aska11TPoolLegacyINS_14AudioInterfaceELb0EE10SecurePoolEjbPKvPKj		0	0	1
N	_ZN4Aska11TPoolLegacyINS_14HostMachineSetELb0EE10SecurePoolEjbPKvPKj		0	0	1
N	_ZN4Aska11TPoolLegacyINS_15SEControlObjectELb0EE10SecurePoolEjbPKvPKj		0	0	1
N	_ZN4Aska11TPoolLegacyINS_16AudioMessageNoteELb0EE10SecurePoolEjbPKvPKj		0	0	1
N	_ZN4Aska11TPoolLegacyINS_16BGMControlObjectELb0EE10SecurePoolEjbPKvPKj		0	0	1
N	_ZN4Aska11TPoolLegacyINS_16MappedAddressSetELb0EE10SecurePoolEjbPKvPKj		0	0	1
N	_ZN4Aska11TPoolLegacyINS_17TextureDeletionIDELb0EE10SecurePoolEjbPKvPKj		0	0	1
N	_ZN4Aska11TPoolLegacyINS_18DecodeTextureQueue15TextureMemoryExELb0EE10SecurePoolEjbPKvPKj		0	0	1
N	_ZN4Aska11TPoolLegacyINS_18DecodeTextureQueue21TextureMemoryIteratorELb0EE10SecurePoolEjbPKvPKj		0	0	1
N	_ZN4Aska11TPoolLegacyINS_18DecodeTextureQueue22TextureDecoderIteratorELb0EE10SecurePoolEjbPKvPKj		0	0	1
N	_ZN4Aska11TPoolLegacyINS_18DecodeTextureQueue23DecodeTextureIdIteratorELb0EE10SecurePoolEjbPKvPKj		0	0	1
N	_ZN4Aska11TPoolLegacyINS_19MappedMemoryPointerELb0EE10SecurePoolEjbPKvPKj		0	0	2
N	_ZN4Aska11TPoolLegacyINS_19RelatedTextureIDSetELb0EE10SecurePoolEjbPKvPKj		0	0	1
N	_ZN4Aska11TPoolLegacyINS_20MappedMemoryLocationELb0EE10SecurePoolEjbPKvPKj		0	0	1
N	_ZN4Aska11TPoolLegacyINS_20MappedMemoryRelationELb0EE10SecurePoolEjbPKvPKj		0	0	1
N	_ZN4Aska11TPoolLegacyINS_22MappedMemoryIdentifierELb0EE10SecurePoolEjbPKvPKj		0	0	1
N	_ZN4Aska11TPoolLegacyINS_5Yayoi12NetworkEvent10ConnectJobELb0EE10SecurePoolEjbPKvPKj		17	18	1
N	_ZN4Aska11TPoolLegacyINS_5Yayoi12NetworkEvent7PollJobELb0EE10SecurePoolEjbPKvPKj		0	0	1
N	_ZN4Aska11TPoolLegacyINS_5Yayoi12NetworkEvent9AcceptJobELb0EE10SecurePoolEjbPKvPKj		0	0	1
N	_ZN4Aska11TPoolLegacyINS_7AliasIDELb0EE10SecurePoolEjbPKvPKj		0	0	1
N	_ZN4Aska11TPoolLegacyINS_7SLVoiceELb0EE10SecurePoolEjbPKvPKj		0	0	1
N	_ZN4Aska11TPoolLegacyINS_8AUIDElemELb0EE10SecurePoolEjbPKvPKj		0	0	1
N	_ZN4Aska11TPoolLegacyINS_8AUIDNodeELb0EE10SecurePoolEjbPKvPKj		0	0	1
N	_ZN4Aska11TPoolLegacyINS_9SoundPassELb0EE10SecurePoolEjbPKvPKj		0	0	1
N	_ZN4Aska11TPoolLegacyINS_9TextureIDELb0EE10SecurePoolEjbPKvPKj		0	0	1
N	_ZN4Aska11TaskManager11ChangeLevelEPNS_4TaskEj		0	0	46
N	_ZN4Aska11TaskManager12AddEndNotifyEPNS_7INotifyEm		0	0	1
N	_ZN4Aska11TaskManager14OwnersKickTaskEv		197	175400	31515
N	_ZN4Aska11TaskManager16AddThreadBarrierEi		2	2	5039
N	_ZN4Aska11TaskManager19CreateEndNotifyListEi		0	0	1
N	_ZN4Aska11TaskManager19DeleteThreadBarrierEi		0	0	5038
N	_ZN4Aska11TaskManager19PreAllocateTaskListEi		0	0	36
N	_ZN4Aska11TaskManager25DeletePreAllocateTaskListEv		0	0	36
N	_ZN4Aska11TaskManager27DecrementThreadBarrierCountEi		81	160	15543
N	_ZN4Aska11TaskManager27IncrementThreadBarrierCountEi		0	0	5038
N	_ZN4Aska11TaskManager3AddEPNS_4TaskE		1	2	1603
N	_ZN4Aska11TaskManager3AddEPNS_4TaskEj		0	0	10
N	_ZN4Aska11TaskManager6AddTopEPNS_4TaskE		0	0	2
N	_ZN4Aska11TaskManager6DeleteEPNS_4TaskE		0	0	5946
N	_ZN4Aska11TextureNode6VerifyEPKv		0	0	2676
N	_ZN4Aska11TextureNode7CompareEPKv		0	0	22896
N	_ZN4Aska12AimingObject10MakeMatrixEv		55	137	28230
N	_ZN4Aska12AimingObject14MakeMatrixMainEv		56	71	21006
N	_ZN4Aska12AimingObjectC2Ev		0	0	87
N	_ZN4Aska12CameraFilter6UpdateEv		0	0	36
N	_ZN4Aska12DynamicsWait3RunEi		864	864	10501
N	_ZN4Aska12HeightObject12UpdateMinMaxEv		0	0	10
N	_ZN4Aska12LightManager17PrepareForTextureEv		6	6	10499
N	_ZN4Aska12LightManager25CalcHemisphereLightCoeffsEPNS0_10SHAmbConstEPKNS_5LightEPNS_6VectorE		2	2	6776
N	_ZN4Aska12LightManager25PrepareLightsForRenderingEPPNS_16RenderableObjectEi		23	24	10500
N	_ZN4Aska12LightManager6DeleteEPNS_4TaskE		1	1	68
N	_ZN4Aska12RenderTarget12CreateNativeEv		8	39	16052
N	_ZN4Aska12RenderTarget15SetRenderTargetEPNS_14RenderDeviceGLEi		0	40	6
N	_ZN4Aska12RenderThread12AddEndRenderEPNS_7INotifyE		1	1	10504
N	_ZN4Aska12RenderThread14AddBeginRenderEv		8	8	10504
N	_ZN4Aska12RenderThread14AddEnableFastZEb		7	7	26475
N	_ZN4Aska12RenderThread14AddRenderQueueEPNS_16RenderableObjectEPNS_13RenderContextEi		5	5	458604
N	_ZN4Aska12RenderThread16AddExposureScaleEff		5	5	21008
N	_ZN4Aska12RenderThread21AddChangeRenderTargetEjPNS_21MULTIPASS_ENVIRONMENTE		5	5	15971
N	_ZN4Aska12RenderThread21AddFinishRenderTargetEjii		5	5	15971
N	_ZN4Aska12RenderThread6RenderERiRb		4099	50816	378317
N	_ZN4Aska12RenderThread7ReqSwapEv		140	140	10505
N	_ZN4Aska12SoundManager15NoneCommandListEPNS_11SoundObjectE		0	0	266
N	_ZN4Aska12SoundManager16SoundProcessSyncEv		56	466	11422
N	_ZN4Aska12SoundManager17AddAudioInterfaceEPNS_14AudioInterfaceE		0	0	267
N	_ZN4Aska12SoundManager17DeleteSoundObjectEPNS_11SoundObjectEb		0	0	266
N	_ZN4Aska12SoundManager17RemoveSoundHandleEPNS_11SoundHandleE		0	0	266
N	_ZN4Aska12SoundManager18RemoveSoundCommandEPNS_12SoundCommandE		0	0	322
N	_ZN4Aska12SoundManager20DeleteAudioInterfaceEPNS_14AudioInterfaceE		0	0	266
N	_ZN4Aska12SoundManager22AddDeletingSoundObjectEPNS_11SoundObjectE		0	0	266
N	_ZN4Aska12SoundManager32SetDefaultDirectPlaybackSettingsEPNS_22DirectPlaybackSettingsE		0	0	289
N	_ZN4Aska12SoundManager3RunEi		9	86	10499
N	_ZN4Aska12SoundManager9PlaySoundEmbjjPKNS_22DirectPlaybackSettingsE		0	19	267
N	_ZN4Aska12SoundManager9StopSoundEPNS_11SoundObjectEj		1	1	55
N	_ZN4Aska13CameraManager14UpdatePrevViewEv		8	8	10499
N	_ZN4Aska13CameraManager22InitScreenEffectCameraEv		1	5	1
N	_ZN4Aska13DeleteManager5ClearEv		0	0	1
N	_ZN4Aska13DeleteManager7AddMainEPvhhPNS_14IDeleteHandlerE		1	1	12063
N	_ZN4Aska13DeleteManager7IsEmptyEv		0	0	8
N	_ZN4Aska13MemoryManager11VirtualFreeEPv		0	0	850
N	_ZN4Aska13MemoryManager12CalcFreeSizeEb		1	1	10500
N	_ZN4Aska13MemoryManager13AlignedMallocEml		5	6	4910
N	_ZN4Aska13MemoryManager17AlignedMallocHighEml		8	8	8857
N	_ZN4Aska13MemoryManager19GetAllocatedManagerEPKv		0	0	123
N	_ZN4Aska13MemoryManager19GetAllocatedManagerEPKvPm		0	0	3720
N	_ZN4Aska13MemoryManager19VirtualRemoveNotifyEPvPNS_13IMemoryNotifyE		0	0	850
N	_ZN4Aska13MemoryManager21VirtualRegisterNotifyEPvPNS_13IMemoryNotifyE		0	0	1010
N	_ZN4Aska13MemoryManager5SplitEPvS1_		1	1	1010
N	_ZN4Aska13MemoryManager6MallocEm		2	2	4827
N	_ZN4Aska13MemoryManager7ReallocEmPvl		0	0	137
N	_ZN4Aska13MemoryManager9LocalFreeEPv		0	0	3517
N	_ZN4Aska13ObjectManager10OnPrePaintEv		827	828	10503
N	_ZN4Aska13ObjectManager11OnPostPaintEv		164	5287	10502
N	_ZN4Aska13ObjectManager15PrepareMatricesEiPPNS_16RenderableObjectE		338	500	10502
N	_ZN4Aska13ObjectManager20TraversePaintingListEPNS_10RENDERINFOEiPPNS_16RenderableObjectEiiiPNS_6CameraEb		3991	3993	21002
N	_ZN4Aska13ObjectManager25AddPaintingListCandidatesEPNS_16RenderableObjectE		1	1	21004
N	_ZN4Aska13ObjectManager29MultithreadViewFrustumCullingEPNS_6CameraEiiPPNS_16RenderableObjectES5_i		283	288	10502
N	_ZN4Aska13ObjectManager29TraversePaintingListNoResolveEPNS_10RENDERINFOEiPPNS_16RenderableObjectEiiPNS_6CameraEb		534	537	26466
N	_ZN4Aska13ObjectManager7OnPaintEv		6	5312	10502
N	_ZN4Aska13ObjectManager9PrerenderEv		106	1646	10502
N	_ZN4Aska13ShadowManager19ShadowCasterCullingEPPNS_16RenderableObjectEiS3_i		160	324	5470
N	_ZN4Aska13TDynamicArrayINS_11GlyphMetricENS_10TAllocatorIS1_EEE7Insert_INS_6Memory18TUninitializedCopyIPKNS_5GlyphEEEEENS_14TArrayIteratorIS4_EEPKS1_mRKT_		0	0	1
N	_ZN4Aska13TDynamicArrayINS_14AudioSmallHeap8HeapInfoENS_14AudioAllocatorIS2_EEE7Insert_INS_6Memory11TConstruct1IS4_PvEEEENS_14TArrayIteratorIS5_EEPKS2_mRKT_		0	0	5
N	_ZN4Aska13TDynamicArrayINS_14AudioSmallHeap8HeapInfoENS_14AudioAllocatorIS2_EEE7ReserveEm		0	0	1
N	_ZN4Aska13TDynamicArrayINS_5TPairINS_6detail6FontIdENS2_11FontManager12FontMapValueEEENS2_19TSmallHeapAllocatorIS6_EEE7Insert_INS_6Memory11TConstruct2IS8_S3_S5_EEEENS_14TArrayIteratorIS9_EEPKS6_mRKT_		0	1	1
N	_ZN4Aska13TDynamicArrayINS_5TPairIhjEENS_10TAllocatorIS2_EEE7Insert_INS_6Memory11TConstruct1IS4_hEEEENS_14TArrayIteratorIS5_EEPKS2_mRKT_		0	0	17
N	_ZN4Aska13TDynamicArrayINS_6detail9SmallHeap8HeapInfoENS_10TAllocatorIS3_EEE7Insert_INS_6Memory11TConstruct1IS5_PvEEEENS_14TArrayIteratorIS6_EEPKS3_mRKT_		17	17	5
N	_ZN4Aska13TDynamicArrayIPNS_14ShaderKeyValueENS_10TAllocatorIS2_EEE7Insert_INS_6Memory19TUninitializedFillNIS2_EEEENS_14TArrayIteratorIS5_EEPKS2_mRKT_		0	0	1706
N	_ZN4Aska13TDynamicArrayIPNS_18ShaderProgramValueENS_10TAllocatorIS2_EEE7Insert_INS_6Memory19TUninitializedFillNIS2_EEEENS_14TArrayIteratorIS5_EEPKS2_mRKT_		0	0	523
N	_ZN4Aska13TDynamicArrayIhNS_10TAllocatorIhEEE7Insert_INS_6Memory19TUninitializedFillNIhEEEENS_14TArrayIteratorIS3_EEPKhmRKT_		0	0	690
N	_ZN4Aska13TextureMemory7CompareEPKv		0	0	10486
N	_ZN4Aska13TouchCallbackEP11android_appP11AInputEvent		0	0	36
N	_ZN4Aska13WaveVoiceBase9AudioKickEv		16	34	24822
N	_ZN4Aska14DecompressBase12IsCompressedEPKv		0	0	1262
N	_ZN4Aska14MatrixCalcFuncEPNS_6MatrixEPKNS_6VectorEPKNS_10QuaternionES7_S4_S4_PKS0_		0	0	735
N	_ZN4Aska14NotifierThread12RemoveNotifyEPNS_7INotifyE		0	0	12
N	_ZN4Aska14NotifierThread6NotifyEv		17	17	21000
N	_ZN4Aska14NotifierThread9AddNotifyEPNS_7INotifyEj		0	0	12
N	_ZN4Aska14RenderDeviceGL10SetTextureEjPKPNS_11GpuResourceE		0	5	8
N	_ZN4Aska14RenderDeviceGL11BindTextureEjj		0	0	13177
N	_ZN4Aska14RenderDeviceGL11SetCullModeENS_4Cull4ModeE		0	0	5
N	_ZN4Aska14RenderDeviceGL13ActiveTextureEj		0	0	1094
N	_ZN4Aska14RenderDeviceGL13EnableStencilENS_11StencilMode4ModeE		0	0	10
N	_ZN4Aska14RenderDeviceGL14SetPixelShaderEPNS_11PixelShaderE		0	0	17067
N	_ZN4Aska14RenderDeviceGL14SetScissorRectEPK4RECTb		1	1	3176
N	_ZN4Aska14RenderDeviceGL15BindFrameBufferEPNS_11GpuResourceE		7	8	10925
N	_ZN4Aska14RenderDeviceGL15SetVertexShaderEPNS_12VertexShaderE		0	0	17067
N	_ZN4Aska14RenderDeviceGL16BindVertexFormatEiiPv		35	35	96680
N	_ZN4Aska14RenderDeviceGL16EnableColorWriteEbbbb		1	2	37404
N	_ZN4Aska14RenderDeviceGL20DrawIndexedPrimitiveENS_8PrimType4TypeERNS_11IndexBufferEjm		1506	1787	448094
N	_ZN4Aska14RenderDeviceGL20FramebufferTexture2DEjjjj		23	23	32901
N	_ZN4Aska14RenderDeviceGL22SetPixelShaderConstantEiPKvi		0	7	6
N	_ZN4Aska14RenderDeviceGL23FramebufferRenderbufferEjj		8	8	21927
N	_ZN4Aska14RenderDeviceGL24SetTextureSamplingFilterEjNS_7TexSamp6FilterE		0	0	6
N	_ZN4Aska14RenderDeviceGL26SetTextureSamplingWrapModeEjNS_7TexWrap4ModeES2_S2_		0	0	24131
N	_ZN4Aska14RenderDeviceGL31SwapBuffers_RenderThreadContextEv		41212	41212	10505
N	_ZN4Aska15AafBlendManager10InitializeEv		0	0	481
N	_ZN4Aska15AafBlendManager11_CalcNotify7HandlerEm		561	815	28623
N	_ZN4Aska15AafBlendManager12SetPlayFrameEif		0	0	28623
N	_ZN4Aska15AafBlendManager16NormalizeWeightsEv		5	5	27445
N	_ZN4Aska15AafBlendManager4OpenEi		7	7	27445
N	_ZN4Aska15AafBlendManager5CloseEh		3	3	27445
N	_ZN4Aska15AafBlendManager6AddAafEPNS_10AafHandlerE		0	0	28623
N	_ZN4Aska15AafBlendManager6CreateEi		2	2	481
N	_ZN4Aska15AafBlendManager9SetWeightEif		1	1	28623
N	_ZN4Aska15DynamicsManager3RunEi		281	281	11106
N	_ZN4Aska15IParticleObject6AddRefEv		0	0	467
N	_ZN4Aska15IParticleObject7ReleaseEv		0	0	457
N	_ZN4Aska15ModifierManager16ProcessModifiersEv		67	73	10500
N	_ZN4Aska15ModifierManager16ProcessSetupListEv		5	5	10500
N	_ZN4Aska15ModifierManager3RunEi		29	425	21000
N	_ZN4Aska15ModifierManager7HandlerEm		170	334	21000
N	_ZN4Aska15ParticleEmitterINS_11FeatureListINS_16ParticleFeatures5SpeedENS1_INS2_6MotionENS1_INS2_14ColorAnimationENS1_INS2_7TextureENS1_INS2_9LifeLimitENS1_INS2_4LineENS_6StNULLEEEEEEEEEEEEEED0Ev		0	0	93
N	_ZN4Aska15ParticleEmitterINS_11FeatureListINS_16ParticleFeatures5SpeedENS1_INS2_6MotionENS1_INS2_14ColorAnimationENS1_INS2_7TextureENS1_INS2_9LifeLimitENS_6StNULLEEEEEEEEEEEED0Ev		0	0	281
N	_ZN4Aska15ParticleEmitterINS_11FeatureListINS_16ParticleFeatures5SpeedENS1_INS2_6MotionENS1_INS2_14ColorAnimationENS1_INS2_9LifeLimitENS1_INS2_4LineENS_6StNULLEEEEEEEEEEEED0Ev		0	0	7
N	_ZN4Aska15ParticleEmitterINS_11FeatureListINS_16ParticleFeatures5SpeedENS1_INS2_6MotionENS1_INS2_8RotationENS1_INS2_7TextureENS1_INS2_14ColorAnimationENS1_INS2_9LifeLimitENS1_INS2_4LineENS_6StNULLEEEEEEEEEEEEEEEED0Ev		0	0	48
N	_ZN4Aska15ParticleEmitterINS_11FeatureListINS_16ParticleFeatures5SpeedENS1_INS2_6MotionENS1_INS2_8RotationENS1_INS2_7TextureENS1_INS2_14ColorAnimationENS1_INS2_9LifeLimitENS_6StNULLEEEEEEEEEEEEEED0Ev		0	0	28
N	_ZN4Aska15ParticleManager18PreAllocateBuffersEv		0	3	1
N	_ZN4Aska15ParticleManager21ParticleDeleteHandler14DeleteCallbackEiPv		0	3	457
N	_ZN4Aska15ParticleManager4InitEv		0	1	1
N	_ZN4Aska15ParticleManager6MallocEm		0	0	467
N	_ZN4Aska15SEControlObject14ProcessRequestEPKNS_11SoundObject16RequestContainerE		0	0	434
N	_ZN4Aska15SEControlObject8AudioRunEv		8	131	15461
N	_ZN4Aska15TCategorizeHashINS_11TextureNodeEE6RegistEPKvj		0	2	1598
N	_ZN4Aska15TCategorizeHashINS_11TextureNodeEE6RemoveEPPS1_		0	2	1184
N	_ZN4Aska15TCategorizeHashINS_13TextureMemoryEE6RegistEPKvj		23	23	6126
N	_ZN4Aska15TCategorizeHashINS_13TextureMemoryEE6RemoveEPKvj		0	0	5588
N	_ZN4Aska15TCategorizeHashINS_13TextureMemoryEE6RemoveEPPS1_		0	0	3957
N	_ZN4Aska15TCategorizeHashINS_13TextureMemoryEE6SearchEPKvj		4	4	16666
N	_ZN4Aska15TCategorizeHashINS_13TextureMemoryEE8FreeNodeEPPS1_		0	0	6901
N	_ZN4Aska15TCategorizeHashINS_16MappedAddressSetEE6RegistEPKvj		1	1	4
N	_ZN4Aska15TCategorizeHashINS_16MappedAddressSetEE8FreeNodeEPPS1_		0	0	31
N	_ZN4Aska15TCategorizeHashINS_18DecodeTextureQueue15TextureMemoryExEE6RegistEPKv		0	0	2
N	_ZN4Aska15TCategorizeHashINS_18DecodeTextureQueue15TextureMemoryExEE6RemoveEPKvj		0	0	1
N	_ZN4Aska15TCategorizeHashINS_18DecodeTextureQueue15TextureMemoryExEE6SearchEPKvj		0	0	2
N	_ZN4Aska15TCategorizeHashINS_18DecodeTextureQueue21TextureMemoryIteratorEE6RegistEPKvj		0	0	1
N	_ZN4Aska15TCategorizeHashINS_18DecodeTextureQueue21TextureMemoryIteratorEE6RemoveEPKvj		0	0	1
N	_ZN4Aska15TCategorizeHashINS_18DecodeTextureQueue22TextureDecoderIteratorEE6RegistEPKvj		0	0	1
N	_ZN4Aska15TCategorizeHashINS_18DecodeTextureQueue22TextureDecoderIteratorEE6RemoveEPKvj		0	0	1
N	_ZN4Aska15TCategorizeHashINS_19MappedMemoryPointerEE6RegistEPKvj		39	39	3748
N	_ZN4Aska15TCategorizeHashINS_19MappedMemoryPointerEE6RemoveEPPS1_		0	0	3529
N	_ZN4Aska15TCategorizeHashINS_19MappedMemoryPointerEE6SearchEPKvj		0	0	1010
N	_ZN4Aska15TCategorizeHashINS_20MappedMemoryLocationEE6RegistEPKvj		2	2	12933
N	_ZN4Aska15TCategorizeHashINS_20MappedMemoryLocationEE6RemoveEPKvj		0	0	11363
N	_ZN4Aska15TCategorizeHashINS_20MappedMemoryLocationEE6SearchEPKvj		0	0	12933
N	_ZN4Aska15TCategorizeHashINS_22MappedMemoryIdentifierEE6RegistEPKvj		0	0	2738
N	_ZN4Aska15TCategorizeHashINS_22MappedMemoryIdentifierEE6RemoveEPKvj		0	0	2679
N	_ZN4Aska15TCategorizeHashINS_22MappedMemoryIdentifierEE6SearchEPKvj		0	0	5012
N	_ZN4Aska15_RenderDeviceGL15BufferHandlerGLILj34962EXadL_ZNS_18ASKA_OGL_STATESET014m_u32ArrayBindEEEXadL_ZNS0_20GetUsageVertexBufferEPNS_11GpuResourceEEEE6UploadES4_		480	480	342737
N	_ZN4Aska15_RenderDeviceGL15BufferHandlerGLILj34963EXadL_ZNS_18ASKA_OGL_STATESET021m_u32ElementArrayBindEEEXadL_ZNS0_19GetUsageIndexBufferEPNS_11GpuResourceEEEE6UploadES4_		278	278	314840
N	_ZN4Aska16DirectAofHandler9BeginMeshEPNS_14DirectMaterialEii		29	47	19409
N	_ZN4Aska16IParticleEmitter25DetachRenderableForRenderEv		0	0	457
N	_ZN4Aska16ProjectorManager3RunEi		5	5	21010
N	_ZN4Aska16RenderDeviceData12CreateShaderEjPNS_6ShaderE		66	66	92
N	_ZN4Aska16RenderDeviceData12ResolveDepthEPNS_15ResolveTargetGLEPNS_12RenderTargetEbiiii		166	198	11003
N	_ZN4Aska16RenderDeviceData17GetBoundTextureIDEj		0	0	2188
N	_ZN4Aska16RenderDeviceData18GetThreadOglState1Ev		0	0	7
N	_ZN4Aska16RenderDeviceData20CompileShaderProgramEPNS_18ShaderProgramValueE		147	147	94
N	_ZN4Aska16RenderDeviceData21GetTextureStateCachesEj		0	0	1222
N	_ZN4Aska16RenderDeviceData22_GetCurrentFrameBufferEv		0	1	81
N	_ZN4Aska16RenderDeviceData23SetShaderProgramUniformEPNS_18ShaderProgramValueE		0	0	101
N	_ZN4Aska17AudioSignalNotify7HandlerEm		389	457	13414
N	_ZN4Aska17FastIkEndEffector11SetMaxJointEh		0	0	48
N	_ZN4Aska17FastIkEndEffector17InverseKinematicsEv		34	38	8550
N	_ZN4Aska17OpticalPhenomenon18GetBloomBlendRatesEv		0	0	12275
N	_ZN4Aska17RenderManagerBase13MarkForDeleteEPNS_11GpuResourceEb		0	0	6150
N	_ZN4Aska17RenderPassManager7GetPassEii		1	3	102213
N	_ZN4Aska17ShaderCompression17CompressLZwordDicEPviS1_Ph		360	360	1541
N	_ZN4Aska17ShaderCompression19DecompressLZwordDicEPtS1_Ph		13	13	1737
N	_ZN4Aska18DecodeTextureQueue22TextureDecoderIterator7CompareEPKv		0	0	1
N	_ZN4Aska18HeightObjectNormal18FindIntersectPointEPKNS_3RayEtPNS_6VectorEPPNS_20AcfMaterialParameterEPNS_10AcfPolygonE		32	37	7502
N	_ZN4Aska18HierarchicalObject10MakeMatrixEv		7	7	42574
N	_ZN4Aska18HierarchicalObject10SetPostureEPKNS_10QuaternionE		0	0	4480
N	_ZN4Aska18HierarchicalObject10SetPostureEfff		0	0	9
N	_ZN4Aska18HierarchicalObject10SetPostureEffff		0	0	3
N	_ZN4Aska18HierarchicalObject11SetPositionEPKNS_6VectorE		0	0	1542
N	_ZN4Aska18HierarchicalObject11SetPositionEfff		3	3	10105
N	_ZN4Aska18HierarchicalObject14GetBoundingBoxEb		0	0	2
N	_ZN4Aska18HierarchicalObject14SetWorldMatrixEPKNS_6MatrixE		0	0	2806
N	_ZN4Aska18HierarchicalObject20InitializeConditionsEv		35	35	52394
N	_ZN4Aska18HierarchicalObject22CheckSleepAvailabilityEv		0	0	52390
N	_ZN4Aska18HierarchicalObject23SetAppropriateTaskLevelEv		0	0	52390
N	_ZN4Aska18HierarchicalObject3RunEi		4	6	126644
N	_ZN4Aska18HierarchicalObject8SetScaleEPKNS_6VectorE		1	1	1463
N	_ZN4Aska18HierarchicalObject8SetScaleEfff		0	0	22
N	_ZN4Aska18HierarchicalObjectD0Ev		0	0	3325
N	_ZN4Aska18HierarchicalObjectD2Ev		0	0	968
N	_ZN4Aska18ParticleMakeMatrix7HandlerEm		67	409	5038
N	_ZN4Aska18PerformanceCounter3SetEi		6	6	42016
N	_ZN4Aska18PerformanceCounter4MarkEi		19	19	31498
N	_ZN4Aska19CameraFilterManager15UpdatePreMatrixEv		14	14	10500
N	_ZN4Aska19CameraFilterManager20GetIsoExposureOffsetEv		55	55	28410
N	_ZN4Aska19CameraFilterManager22InitAskasRGBTableTableEv		0	0	1
N	_ZN4Aska19CameraFilterManager6DeleteEPNS_12CameraFilterE		0	0	30
N	_ZN4Aska19CameraFilterManager6GetISOEv		3	3	20998
N	_ZN4Aska19CameraFilterManager6SetISOEi		0	0	1
N	_ZN4Aska19FilterShaderManager9SetShaderEii		5	5	96680
N	_ZN4Aska19MappedMemoryPointer7CompareEPKv		0	0	22740
N	_ZN4Aska19PostProcessBloomTBR19PrepareForRenderingEPKNS_10RENDERINFOE		66	84	10504
N	_ZN4Aska19PostProcessBloomTBR20PreliminarilyPrepareEPNS_12LightManagerE		0	0	10505
N	_ZN4Aska20MappedMemoryLocation7CompareEPKv		1	1	28029
N	_ZN4Aska20MappedMemoryRelation7CompareEPKv		0	0	415
N	_ZN4Aska20MemoryManagerAdapter11AlignedFreeEPv		0	0	2710
N	_ZN4Aska20MemoryManagerAdapter13AlignedMallocEmm		2	2	1752
N	_ZN4Aska20MeshGeneratorManager15InstanceCullingEPNS_6CameraE		1	1	10505
N	_ZN4Aska20MeshGeneratorManager15PrepareMatricesEPNS_6CameraE		11	11	10505
N	_ZN4Aska20TAafNormalControllerINS_7AafTypeINS_26AafControlPoint_Normal_U24ELb0ELb0ELj0EEEE16SetControlPointsEiPKfPKS2_		0	0	2065
N	_ZN4Aska20TAafNormalControllerINS_7AafTypeINS_26AafControlPoint_Normal_U24ELb0ELb0ELj1EEEE16SetControlPointsEiPKfPKS2_		0	0	580
N	_ZN4Aska20TAafNormalControllerINS_7AafTypeINS_26AafControlPoint_Normal_U24ELb0ELb0ELj3EEEE16SetControlPointsEiPKfPKS2_		0	0	93
N	_ZN4Aska20TAafNormalControllerINS_7AafTypeINS_31AafControlPoint_Vector_Step_U24ELb0ELb0ELj0EEEE16SetControlPointsEiPKfPKS2_		0	0	2
N	_ZN4Aska20TAafNormalControllerINS_7AafTypeINS_32AafControlPoint_Vector4_Step_U24ELb0ELb0ELj0EEEE16SetControlPointsEiPKfPKS2_		0	0	1
N	_ZN4Aska20TAafNormalControllerINS_7AafTypeINS_33AafControlPoint_Vector_Linear_U24ELb0ELb0ELj0EEEE16SetControlPointsEiPKfPKS2_		0	0	389
N	_ZN4Aska20TAafNormalControllerINS_7AafTypeINS_34AafControlPoint_Vector4_Linear_U24ELb0ELb0ELj0EEEE16SetControlPointsEiPKfPKS2_		0	0	498
N	_ZN4Aska20TAafNormalControllerINS_7AafTypeINS_40AafControlPoint_Quaternion_Linear_U48EX2ELb0ELb0ELj0EEEE16SetControlPointsEiPKfPKS2_		0	0	12924
N	_ZN4Aska21AafKeyFrameController18UpdateCurrentRangeEv		1	1	3603
N	_ZN4Aska21DynamicsCommandNotify7HandlerEm		814	853	21073
N	_ZN4Aska21RenderTargetManagerGL10GetRtWidthEPNS_12RenderTargetE		0	0	1588
N	_ZN4Aska21RenderTargetManagerGL11GetRtHeightEPNS_12RenderTargetE		0	0	136997
N	_ZN4Aska21RenderTargetManagerGL12ChangeTargetEji		18	19	2
N	_ZN4Aska21ShadowManagerRegistry12FirstPrepareEPNS_12LightManagerE		0	0	10505
N	_ZN4Aska22DirectAofPrimitiveBaseD1Ev		0	3	39
N	_ZN4Aska22MappedMemoryIdentifier7CompareEPKv		0	0	174
N	_ZN4Aska22ParticleRenderableBase12SetColorRateEPKNS_6VectorE		6	6	13298
N	_ZN4Aska22ParticleRenderableBase14GetBoundingBoxEb		0	0	25508
N	_ZN4Aska22ParticleRenderableBase14SetRenderLayerEjb		2	5	467
N	_ZN4Aska22ParticleRenderableBase18SetSystemColorRateEPKNS_6VectorE		0	0	23
N	_ZN4Aska22ParticleRenderableBase19PrepareForRenderingEPKNS_10RENDERINFOE		26	45	6744
N	_ZN4Aska22ParticleRenderableBase20PreliminarilyPrepareEPNS_12LightManagerE		1	1	6744
N	_ZN4Aska22ParticleRenderableBase21ComputeBoundingSphereEb		3	3	29566
N	_ZN4Aska22PostProcessCombinerTBR19PrepareForRenderingEPKNS_10RENDERINFOE		0	0	10504
N	_ZN4Aska22PostProcessCombinerTBR20PreliminarilyPrepareEPNS_12LightManagerE		0	0	10505
N	_ZN4Aska23SimpleMessageDispatcher11PostMessageEtPNS_7INotifyEPvS3_Pja		611	611	34002
N	_ZN4Aska23SimpleMessageDispatcher11PostMessageEtPNS_7INotifyEPvS3_mmPja		320	320	19233
N	_ZN4Aska23SimpleMessageDispatcher13_WorkerThread12MessageReadyEv		0	0	6
N	_ZN4Aska23SimpleMessageDispatcher13_WorkerThread7HandlerEv		1089106	1093171	6
N	_ZN4Aska23SimpleMessageDispatcher18PostSyncMessageEndEtPiPNS_7INotifyEPvS4_Pja		63	63	3651
N	_ZN4Aska23SimpleMessageDispatcher18ResumeWorkerThreadEv		10	10	42019
N	_ZN4Aska23SimpleMessageDispatcher19SuspendWorkerThreadEv		3	3	42019
N	_ZN4Aska23SimpleMessageDispatcher21PostSyncMessageSingleEtPiPNS_7INotifyEPvS4_Pja		109	109	7502
N	_ZN4Aska24AppProjectDependentProxyC1Ev		0	0	77
N	_ZN4Aska24PostProcessBufferManager20PreliminarilyPrepareEPNS_12LightManagerE		0	0	10505
N	_ZN4Aska24PostProcessBufferManager21ProcessTextureDiscardEv		1	1	10504
N	_ZN4Aska24PostProcessBufferManager22ProcessTextureAllocateEv		2	2	10504
N	_ZN4Aska24PostProcessBufferManager24DoesInsertToPaintingListEPNS_16RenderableObject3IPLEiiPKi		3	3	10505
N	_ZN4Aska24RenderPassMultipassArray7GetPassEi		0	0	1171
N	_ZN4Aska25ObjectManagerWorkerThread7HandlerEv		178729	181891	1
N	_ZN4Aska26ArticulatedDynamicsManager8SimulateEfjf		681	684	45814
N	_ZN4Aska26ObjectManagerJobDispatcher10ChangeModeEi		320	320	21009
N	_ZN4Aska26ObjectManagerJobDispatcher5SleepEv		290	290	21009
N	_ZN4Aska27DynamicsForceEmitterManager15UpdateWorldWindEv		5	5	10501
N	_ZN4Aska27HierarchicalObjectContainer10MakeMatrixEv		13	13	32375
N	_ZN4Aska27HierarchicalObjectContainer10SwapParentEPS0_		0	0	203
N	_ZN4Aska27HierarchicalObjectContainer12OpenIteratorEv		2	2	10502
N	_ZN4Aska27HierarchicalObjectContainer13AddToIteratorEv		14	14	213332
N	_ZN4Aska27HierarchicalObjectContainer17IterateMakeMatrixEv		43	43	10502
N	_ZN4Aska27HierarchicalObjectContainer20MakeTransformParamExEv		5	5	7778
N	_ZN4Aska28AppNetworkCommonSettingProxyC1Ev		0	0	3
N	_ZN4Aska2MT4RandEv		0	0	8192
N	_ZN4Aska30ArticulatedDynamicsManagerBase14SimulateNotify7HandlerEm		41	582	39638
N	_ZN4Aska30ArticulatedDynamicsManagerBase5ScaleEfPNS_10AsfHandlerE		0	0	5
N	_ZN4Aska30ArticulatedDynamicsManagerBase8ConvergeEifi		1	66	147
N	_ZN4Aska30TAafControllerCompressionLayerINS_7AafTypeINS_26AafControlPoint_Normal_U24ELb0ELb0ELj0EEELb1ELb0EE13SetFigureRateEf		0	0	2195
N	_ZN4Aska30TAafControllerCompressionLayerINS_7AafTypeINS_26AafControlPoint_Normal_U24ELb0ELb0ELj1EEELb1ELb0EE13SetFigureRateEf		0	0	680
N	_ZN4Aska30TAafControllerCompressionLayerINS_7AafTypeINS_26AafControlPoint_Normal_U24ELb0ELb0ELj3EEELb1ELb0EE13SetFigureRateEf		0	0	97
N	_ZN4Aska30TAafControllerCompressionLayerINS_7AafTypeINS_26AafControlPoint_Vector_U24ELb0ELb0ELj0EEELb1ELb0EE13SetFigureRateEf		0	0	1531
N	_ZN4Aska30TAafControllerCompressionLayerINS_7AafTypeINS_27AafControlPoint_Vector4_U24ELb0ELb0ELj0EEELb1ELb0EE13SetFigureRateEf		0	0	766
N	_ZN4Aska30TAafControllerCompressionLayerINS_7AafTypeINS_31AafControlPoint_Normal_Step_U24ELb0ELb0ELj0EEELb1ELb0EE13SetFigureRateEf		0	0	5960
N	_ZN4Aska30TAafControllerCompressionLayerINS_7AafTypeINS_31AafControlPoint_Normal_Step_U24ELb0ELb0ELj1EEELb1ELb0EE13SetFigureRateEf		0	0	1110
N	_ZN4Aska30TAafControllerCompressionLayerINS_7AafTypeINS_31AafControlPoint_Normal_Step_U24ELb0ELb0ELj3EEELb1ELb0EE13SetFigureRateEf		0	0	923
N	_ZN4Aska30TAafControllerCompressionLayerINS_7AafTypeINS_31AafControlPoint_Vector_Step_U24ELb0ELb0ELj0EEELb1ELb0EE13SetFigureRateEf		0	0	1835
N	_ZN4Aska30TAafControllerCompressionLayerINS_7AafTypeINS_32AafControlPoint_Vector4_Step_U24ELb0ELb0ELj0EEELb1ELb0EE13SetFigureRateEf		0	0	2297
N	_ZN4Aska30TAafControllerCompressionLayerINS_7AafTypeINS_33AafControlPoint_Normal_Linear_U24ELb0ELb0ELj0EEELb1ELb0EE13SetFigureRateEf		0	0	332
N	_ZN4Aska30TAafControllerCompressionLayerINS_7AafTypeINS_33AafControlPoint_Normal_Linear_U24ELb0ELb0ELj1EEELb1ELb0EE13SetFigureRateEf		0	0	42
N	_ZN4Aska30TAafControllerCompressionLayerINS_7AafTypeINS_33AafControlPoint_Normal_Linear_U24ELb0ELb0ELj3EEELb1ELb0EE13SetFigureRateEf		0	0	20
N	_ZN4Aska30TAafControllerCompressionLayerINS_7AafTypeINS_33AafControlPoint_Vector_Linear_U24ELb0ELb0ELj0EEELb1ELb0EE13SetFigureRateEf		0	0	469
N	_ZN4Aska30TAafControllerCompressionLayerINS_7AafTypeINS_34AafControlPoint_Vector4_Linear_U24ELb0ELb0ELj0EEELb1ELb0EE13SetFigureRateEf		0	0	551
N	_ZN4Aska30TAafControllerCompressionLayerINS_7AafTypeINS_40AafControlPoint_Quaternion_Linear_U48EX2ELb0ELb0ELj0EEELb1ELb0EE13SetFigureRateEf		0	0	37490
N	_ZN4Aska3AFF7AacUtil14GetBitRateTypeENS_12AACWAVFORMATE		0	0	534
N	_ZN4Aska3AFF7AacUtil14IsAvailableAaoEPKvj		0	0	267
N	_ZN4Aska3AFF7AacUtil8IsUseAmfEPKNS0_8AskaFileE		0	0	267
N	_ZN4Aska3AFF7AifUtil14CreateImageKeyEmiiii		0	0	36
N	_ZN4Aska3AFF7AifUtil18CalcNumberOfImagesEiii		0	0	36
N	_ZN4Aska3Pad12EnableRumbleEb		0	0	1
N	_ZN4Aska3Pad17SetRepeatIntervalEh		0	0	2
N	_ZN4Aska3Pad18SetAnalogAsDigitalEb		0	0	2
N	_ZN4Aska3Pad18SetRepeatThresholdEh		0	0	2
N	_ZN4Aska3Pad9GetStatusEv		33	35	22755
N	_ZN4Aska4ACSV15DeserializeTextEPKvm		1	1	79
N	_ZN4Aska4ACSV4InitEmmNS0_9ExtensionE		0	0	79
N	_ZN4Aska4ACSV4TermEv		0	0	149
N	_ZN4Aska4ACSVC1Ev		0	0	79
N	_ZN4Aska4ACSVD1Ev		0	0	70
N	_ZN4Aska4ASON11DeserializeEPKvm		22	22	811
N	_ZN4Aska4ASON17DeserializeBinaryEPKvm		20	20	168
N	_ZN4Aska4ASON4InitEjb		1	2	979
N	_ZN4Aska4ASON6AValue4AMap4Get_EPKc		3	3	471621
N	_ZN4Aska4ASONC1Ev		0	0	985
N	_ZN4Aska4ASOND1Ev		0	0	979
N	_ZN4Aska4Algo6detail9QuickSortINS_14TArrayIteratorINS_13TDynamicArrayIPN9Framework5Cocos8Blending13tRenderResult12tRenderStateENS_10TAllocatorISA_EEEEEENS6_13tSortBlendingEEEvT_SG_T0_		0	0	404
N	_ZN4Aska5Event4ExitEv		0	0	7625
N	_ZN4Aska5Event6CreateEbb		0	0	3758
N	_ZN4Aska5EventC1Ev		0	0	5412
N	_ZN4Aska5THashIN9Framework11CStringHash8tElementEE6SearchEPKv		0	0	88
N	_ZN4Aska5THashIN9Framework11CStringHash8tElementEE6SearchEPKvj		0	0	1464
N	_ZN4Aska5THashINS_12ClassNameSetEE10IsRegistedEPKv		0	0	1
N	_ZN4Aska5THashINS_12ClassNameSetEE6RegistEPKv		0	0	103
N	_ZN4Aska5THashINS_12ParamNameSetEE6RegistEPKv		0	0	1104
N	_ZN4Aska5THashINS_18DecodeTextureQueue23DecodeTextureIdIteratorEE6RegistEPKvj		0	0	1
N	_ZN4Aska5THashINS_18DecodeTextureQueue23DecodeTextureIdIteratorEE6RemoveEPKvj		0	0	1
N	_ZN4Aska5THashINS_18DecodeTextureQueue23DecodeTextureIdIteratorEE6SearchEPKvj		0	0	2
N	_ZN4Aska5THashINS_19RelatedTextureIDSetEE6RegistEPKvj		0	0	1
N	_ZN4Aska5THashINS_20MappedMemoryRelationEE6RegistEPKv		0	0	1010
N	_ZN4Aska5THashINS_20MappedMemoryRelationEE6RemoveEPKvj		1	1	850
N	_ZN4Aska5THashINS_20MappedMemoryRelationEE6SearchEPKvj		0	0	11260
N	_ZN4Aska5THashINS_7AsfNodeEE6SearchEPKvj		0	0	186
N	_ZN4Aska5THashINS_8AUIDNodeEE6RegistEPKvj		0	0	850
N	_ZN4Aska5THashINS_9TextureIDEE10IsRegistedEPKvj		0	0	894
N	_ZN4Aska5THashINS_9TextureIDEE6RegistEPKvj		0	0	547
N	_ZN4Aska5VSync20InitializeForAndroidEv		18	18	1
N	_ZN4Aska5VSync9WaitVSyncEii		14	124360	10500
N	_ZN4Aska5Yayoi10DomainListC1Ev		0	0	10
N	_ZN4Aska5Yayoi10Downloader13ThreadHandlerEv		0	0	2
N	_ZN4Aska5Yayoi10Downloader14OrFlagDownloadEjh		0	0	2
N	_ZN4Aska5Yayoi10Downloader15DownloadElement5ResetEv		0	0	1
N	_ZN4Aska5Yayoi10Downloader4InitEii		0	0	1
N	_ZN4Aska5Yayoi10Downloader4StopEj		0	0	2
N	_ZN4Aska5Yayoi10Downloader7SetPathEPKc		0	0	1
N	_ZN4Aska5Yayoi10DownloaderC1Ev		0	0	1
N	_ZN4Aska5Yayoi12HttpProtocolC1Ev		0	0	7
N	_ZN4Aska5Yayoi12NetworkEvent10InitializeEtttttt		0	18	1
N	_ZN4Aska5Yayoi12NetworkEventC1Ev		19	19	1
N	_ZN4Aska5Yayoi12SQLiteDriver12EntityObject5FetchEv		0	0	354
N	_ZN4Aska5Yayoi12SQLiteDriver12EntityObject5StoreEP7sqlite3P12sqlite3_stmt		0	3	4
N	_ZN4Aska5Yayoi12SQLiteDriver12EntityObject7GetTypeEim		0	0	352
N	_ZN4Aska5Yayoi12SQLiteDriver12EntityObject9GetStringEiPcPmm		0	0	352
N	_ZN4Aska5Yayoi12SQLiteDriver12EntityObject9SerializeEPl		0	0	2
N	_ZN4Aska5Yayoi12SQLiteDriver12EntityObjectC1Ev		0	0	4
N	_ZN4Aska5Yayoi12SQLiteDriver12EntityObjectD1Ev		0	0	4
N	_ZN4Aska5Yayoi12SQLiteDriver4FindEPKcPKNS0_10QueryParamEmPNS1_12EntityObjectE		0	4	4
N	_ZN4Aska5Yayoi12SQLiteDriver4OpenEPNS0_14IDriverSettingIS1_EE		0	0	2
N	_ZN4Aska5Yayoi12SQLiteDriver5CloseEv		0	1	1
N	_ZN4Aska5Yayoi12SQLiteDriver6DoOpenENS0_6Entity4ModeEPKcPKNS0_9DBAddressE		0	0	567
N	_ZN4Aska5Yayoi12SQLiteDriver7ExecuteEPKcPKNS0_10QueryParamEm		0	386	360
N	_ZN4Aska5Yayoi12SQLiteDriver8RollbackEv		0	0	1
N	_ZN4Aska5Yayoi12SQLiteDriver8_ExecuteEPKcPKNS0_10QueryParamEmPNS1_12EntityObjectE		3	387	364
N	_ZN4Aska5Yayoi12SQLiteDriver8_PrepareEPKcPi		1	151	364
N	_ZN4Aska5Yayoi12SQLiteDriverC1Ev		0	0	2
N	_ZN4Aska5Yayoi12SQLiteDriverD1Ev		0	0	1
N	_ZN4Aska5Yayoi13CookieManagerC1Ev		0	0	1
N	_ZN4Aska5Yayoi13NetworkBufferC1Ev		0	0	2
N	_ZN4Aska5Yayoi13PaymentClientC1Ev		0	0	1
N	_ZN4Aska5Yayoi14NetworkManager17InitializeThreadsEv		0	38	1
N	_ZN4Aska5Yayoi14NetworkManager20RegisterNetworkEventElPNS0_12NetworkEventE		0	0	1
N	_ZN4Aska5Yayoi14PaymentProduct10DetailInfo5ResetEv		0	0	3
N	_ZN4Aska5Yayoi14PaymentProduct8BaseInfo5ResetEv		0	0	3
N	_ZN4Aska5Yayoi14PaymentReceiptC1Ev		0	0	3
N	_ZN4Aska5Yayoi16NativeHttpClientC1Ev		0	0	64
N	_ZN4Aska5Yayoi16NetworkAllocator3SetEPNS_13MemoryManagerEb		0	0	1
N	_ZN4Aska5Yayoi20NetworkManagerThread4InitEv		0	38	1
N	_ZN4Aska5Yayoi20NetworkManagerThread7HandlerEv		18	182192	1
N	_ZN4Aska5Yayoi21TransportProtocolBaseC2Ev		0	1	1
N	_ZN4Aska5Yayoi22MultiplayInterpolation4InitEmm		0	0	17
N	_ZN4Aska5Yayoi22MultiplayInterpolation4TermEv		0	0	32
N	_ZN4Aska5Yayoi22MultiplayInterpolationC2Ev		0	0	17
N	_ZN4Aska5Yayoi26NativeHttpRequestProcessor10InitializeEv		0	0	2
N	_ZN4Aska5Yayoi26NativeHttpRequestProcessorC1Ev		0	0	2
N	_ZN4Aska5Yayoi3TCPC1Ev		0	1	1
N	_ZN4Aska5Yayoi5TPeerINS0_3TCPENS0_14TProtocolSuiteINS0_7GameRPC12GameProtocolENS0_10NoProtocolILi1EEENS6_ILi2EEEEELb1EEC2Ev		0	4	1
N	_ZN4Aska5Yayoi6SocketC1Ev		0	0	1
N	_ZN4Aska5Yayoi8DNSCacheC1Ev		0	0	1
N	_ZN4Aska5Yayoi9IPAddressC1Ev		0	0	8
N	_ZN4Aska6Camera10MakeMatrixEv		10	72	10500
N	_ZN4Aska6Camera13DefaultCommonEv		0	67	31
N	_ZN4Aska6Camera14AdjustCameraEVEv		1	55	31
N	_ZN4Aska6Camera14SetWorldMatrixEPKNS_6MatrixE		2	2	1528
N	_ZN4Aska6Camera16MakeCameraMatrixEv		77	165	185236
N	_ZN4Aska6Camera20MakeViewFrustumPlaneEi		59	59	28408
N	_ZN4Aska6Camera22CloneOpticalPhenomenonEv		0	0	7
N	_ZN4Aska6Camera3RunEi		22	23	28379
N	_ZN4Aska6Camera7DefaultEv		0	48	19
N	_ZN4Aska6Camera9CloneLensEv		0	2	7
N	_ZN4Aska6CameraC1Ev		0	0	12
N	_ZN4Aska6CameraD0Ev		0	0	19
N	_ZN4Aska6CameraD1Ev		0	0	19
N	_ZN4Aska6Global10GetCPUTimeEv		11	11	76977
N	_ZN4Aska6Global12GetActivePadEv		0	0	20990
N	_ZN4Aska6Global12MakeTempPathEPcjPKc		20	20	2
N	_ZN4Aska6Global13GetPeripheralEi		0	0	41983
N	_ZN4Aska6Global15DeleteEndNotify7HandlerEm		56	129	10499
N	_ZN4Aska6Global15GetExPeripheralEi		0	0	20990
N	_ZN4Aska6Global15MakeStoragePathEPcjPKc		0	0	2
N	_ZN4Aska6Global16InstantiateVSyncEv		0	1	1
N	_ZN4Aska6Global17InstantiateLoggerEv		0	0	1
N	_ZN4Aska6Global18MakeShaderReadPathEPcjPKc		0	0	1
N	_ZN4Aska6Global18RegisterPeripheralEiPNS_14BasePeripheralE		0	0	1
N	_ZN4Aska6Global19InstantiateLocalKVSEv		0	1	1
N	_ZN4Aska6Global19MakeShaderWritePathEPcjPKc		0	0	2
N	_ZN4Aska6Global20InstantiateEventPoolEi		0	0	1
N	_ZN4Aska6Global20RegisterExPeripheralEiPNS_14BasePeripheralE		0	0	1
N	_ZN4Aska6Global21SetRenderLayerChooserEPNS_19IRenderLayerChooserE		0	0	1
N	_ZN4Aska6Global22InstantiateFrameBufferEv		0	0	1
N	_ZN4Aska6Global22InstantiateLIBLManagerEv		0	32	1
N	_ZN4Aska6Global23InitializeDeleteManagerEv		0	0	1
N	_ZN4Aska6Global23InitializeThreadManagerEv		0	0	1
N	_ZN4Aska6Global23InstantiateLightManagerEv		0	0	1
N	_ZN4Aska6Global23InstantiateMappingQueueEv		0	0	1
N	_ZN4Aska6Global23InstantiateSoundManagerEv		0	13	1
N	_ZN4Aska6Global23InstantiateVideoManagerEv		0	239	1
N	_ZN4Aska6Global24InstantiateCameraManagerEv		0	0	1
N	_ZN4Aska6Global24InstantiateObjectManagerEv		0	30	1
N	_ZN4Aska6Global25GetAvailableMemoryManagerEv		0	0	7796
N	_ZN4Aska6Global25InstantiateNetworkManagerEv		0	0	1
N	_ZN4Aska6Global25InstantiateTextureManagerEv		0	1	1
N	_ZN4Aska6Global26InstantiateDecompressQueueEv		0	1	1
N	_ZN4Aska6Global26InstantiateDynamicsManagerEv		0	0	1
N	_ZN4Aska6Global26InstantiateFileReadManagerEv		0	2	1
N	_ZN4Aska6Global26InstantiateHostMachineListEv		0	0	1
N	_ZN4Aska6Global26InstantiateModifierManagerEv		0	1	1
N	_ZN4Aska6Global26InstantiateOccluderManagerEv		0	0	1
N	_ZN4Aska6Global26InstantiateParticleManagerEv		0	0	1
N	_ZN4Aska6Global26InstantiateRenderStatePoolEv		0	0	1
N	_ZN4Aska6Global27InitializePeripheralManagerEv		0	0	1
N	_ZN4Aska6Global27InstantiateNetworkAllocatorEv		0	0	1
N	_ZN4Aska6Global27InstantiateProjectorManagerEv		0	0	1
N	_ZN4Aska6Global27InstantiateRigidBodyManagerEv		0	4	1
N	_ZN4Aska6Global28InstantiateMessageDispatcherEv		0	2	1
N	_ZN4Aska6Global28InstantiateOpticalPhenomenonEv		0	0	1
N	_ZN4Aska6Global28InstantiatePeripheralManagerEv		0	0	1
N	_ZN4Aska6Global28InstantiateShaderLinkManagerEv		0	1	1
N	_ZN4Aska6Global29InstantiateDecodeTextureQueueEv		0	22	1
N	_ZN4Aska6Global29InstantiatePerformanceCounterEv		0	0	1
N	_ZN4Aska6Global29InstantiateRenderLayerChooserEv		0	0	1
N	_ZN4Aska6Global29InstantiateRenderStateManagerEv		0	0	1
N	_ZN4Aska6Global29InstantiateResourceReadyQueueEv		0	1	1
N	_ZN4Aska6Global30InstantiateMappedMemoryManagerEv		0	1	1
N	_ZN4Aska6Global30InstantiateMeshGeometryManagerEv		0	0	1
N	_ZN4Aska6Global30InstantiateRenderTargetManagerEv		0	1	1
N	_ZN4Aska6Global31InstantiateDecodeTextureManagerEv		0	0	1
N	_ZN4Aska6Global31InstantiateMeshGeneratorManagerEv		0	0	1
N	_ZN4Aska6Global32InstantiateGeneralMessageHandlerEv		0	0	1
N	_ZN4Aska6Global32InstantiateSystemCallbackManagerEv		0	0	1
N	_ZN4Aska6Global35InitializeSystemCallbackManagerTaskEv		0	0	1
N	_ZN4Aska6Global35InstantiateShaderConstantBufferPoolEv		0	0	1
N	_ZN4Aska6Global36InstantiateDynamicsPrimitiveListPoolEv		0	0	1
N	_ZN4Aska6Global37InstantiateObjectManagerJobDispatcherEv		0	1	1
N	_ZN4Aska6Global7InitAllEv		19	528	1
N	_ZN4Aska6Global8PostInitEv		0	0	1
N	_ZN4Aska6Matrix11MulFromLeftEPKS0_		0	0	893002
N	_ZN4Aska6Matrix11SetRotationEPKNS_6VectorE14EnumRotateType		0	0	3650
N	_ZN4Aska6Matrix12SetTranslateEPKNS_6VectorE		0	0	26966
N	_ZN4Aska6Matrix19SetLookAtMatrixZPUpEPKNS_6VectorES3_S3_f		7	7	21002
N	_ZN4Aska6Matrix3MulEPKS0_		0	0	49838
N	_ZN4Aska6Matrix3MulEPKS0_S2_		0	0	4054
N	_ZN4Aska6Matrix5ScaleEPKNS_6VectorE		0	0	309
N	_ZN4Aska6Matrix6CreateEPKNS_10QuaternionE		0	0	8520
N	_ZN4Aska6Matrix6CreateEPKNS_10QuaternionEPKNS_6VectorE		1	1	4952
N	_ZN4Aska6Matrix6RotateEPKNS_10QuaternionE		0	0	3
N	_ZN4Aska6Matrix9TranslateEPKNS_6VectorE		0	0	309
N	_ZN4Aska6RandomEii		0	0	58
N	_ZN4Aska6RandomEj		0	0	384
N	_ZN4Aska6RandomEv		0	0	4459
N	_ZN4Aska6Vector11ApplyMatrixEPKNS_6MatrixE		0	0	22207
N	_ZN4Aska6Vector22ApplyMatrixNoTransportEPKNS_6MatrixE		0	0	8471
N	_ZN4Aska7AskaOGG10DecodeInitEjj		17	18	15
N	_ZN4Aska7AskaOGG13DecodeContextD1Ev		2	2	266
N	_ZN4Aska7AskaOGG16InitializeMemoryEv		0	0	1
N	_ZN4Aska7AskaOGGC1Ev		0	0	267
N	_ZN4Aska7GPUSync6NotifyEv		43	44	10500
N	_ZN4Aska7SLVoice11CreateVoiceEPNS_4IBusEPKvPNS_16MultiMediaStreamEPKNS_16PackedPlayParamsE		13	55	267
N	_ZN4Aska7SLVoice11DeleteVoiceEv		0	7	266
N	_ZN4Aska7SLVoice15UpdatePitchbendEv		0	0	801
N	_ZN4Aska7SLVoice16SLPlayerCallbackEPKPK30SLAndroidSimpleBufferQueueItf_Pv		1	1	5133
N	_ZN4Aska7SLVoice18UpdateVolumeMatrixEv		18	18	8862
N	_ZN4Aska7SLVoice4PlayEv		17	17	267
N	_ZN4Aska7SLVoice4StopEv		1	1	266
N	_ZN4Aska7SLVoice9AudioKickEv		5	39	24822
N	_ZN4Aska7SLVoiceC1Ev		22	22	267
N	_ZN4Aska7SLVoiceD1Ev		0	2	266
N	_ZN4Aska8Cryption9TChaCha20ILb0EE15CreateKeyStreamEv		1	1	1029
N	_ZN4Aska8JpegUtil12GetPlaneInfoEPjS1_S1_S1_S1_PKvm		0	0	1
N	_ZN4Aska8JpegUtil15DecodeQuantCoefEPfPsPKvm		5	5	1
N	_ZN4Aska8JpegUtil7GetInfoEPjS1_PNS0_10ColorSpaceEPbS4_PKvm		0	0	1
N	_ZN4Aska8THashMapIPKciNS_5Yayoi12SQLiteDriver12EntityObject12StringHasherENS5_13StringEqualToENS_10TAllocatorINS_5TPairIKS2_iEEEEE7Insert_ERKSB_		0	1	24
N	_ZN4Aska8THashMapIPKciNS_5Yayoi12SQLiteDriver12EntityObject12StringHasherENS5_13StringEqualToENS_10TAllocatorINS_5TPairIKS2_iEEEEE7Rehash_Em		0	1	2
N	_ZN4Aska8THashMapIPKciNS_5Yayoi12SQLiteDriver12EntityObject12StringHasherENS5_13StringEqualToENS_10TAllocatorINS_5TPairIKS2_iEEEEE8Emplace_ERSA_		0	2	44
N	_ZN4Aska8THashMapIjN9Framework13TStaticStringILm256EEENS_7THasherIjEENS_8TEqualToIjEENS_10TAllocatorINS_5TPairIKjS3_EEEEE7Rehash_Em		0	1	3
N	_ZN4Aska8THashMapIjN9Framework13TStaticStringILm256EEENS_7THasherIjEENS_8TEqualToIjEENS_10TAllocatorINS_5TPairIKjS3_EEEEEixERSA_		1	2	3156
N	_ZN4Aska8THashMapIjbNS_7THasherIjEENS_8TEqualToIjEENS_10TAllocatorINS_5TPairIKjbEEEEE7Rehash_Em		0	0	4
N	_ZN4Aska8THashMapIjmNS_7THasherIjEENS_8TEqualToIjEENS_10TAllocatorINS_5TPairIKjmEEEEEixERS7_		1	1	273
N	_ZN4Aska8THashMapIlPNS_5Yayoi12NetworkEventENS_7THasherIlEENS_8TEqualToIlEENS_10TAllocatorINS_5TPairIKlS3_EEEEEixERSA_		0	0	1
N	_ZN4Aska8THashMapImbNS_7THasherImEENS_8TEqualToImEENS_10TAllocatorINS_5TPairIKmbEEEEE7Rehash_Em		0	1	322
N	_ZN4Aska9AofObject12SetColorRateEPKNS_6VectorE		9	9	134862
N	_ZN4Aska9AofObject14GetBoundingBoxEb		1	1	179803
N	_ZN4Aska9AofObject14SetColorOffsetEPKNS_6VectorE		3	3	62375
N	_ZN4Aska9AofObject16RenderingDecidedEv		191	191	238438
N	_ZN4Aska9AofObject16SetRenderLayerIDEh		0	0	323
N	_ZN4Aska9AofObject18SetSystemColorRateEPKNS_6VectorE		1	1	87177
N	_ZN4Aska9AofObject19CheckRenderContextsEv		9	9	260516
N	_ZN4Aska9AofObject19PrepareForRenderingEPKNS_10RENDERINFOE		415	2386	245297
N	_ZN4Aska9AofObject19PrepareLightContextEPNS_12LightManagerE		72	148	85400
N	_ZN4Aska9AofObject20InitializeConditionsEv		9	37	49823
N	_ZN4Aska9AofObject20PreliminarilyPrepareEPNS_12LightManagerE		12	12	185890
N	_ZN4Aska9AofObject20SetSystemColorOffsetEPKNS_6VectorE		0	0	135
N	_ZN4Aska9AofObject21ComputeBoundingSphereEb		20	20	208464
N	_ZN4Aska9AofObject21GetShadowManagerIndexEi		5	5	76833
N	_ZN4Aska9AofObject21SetShadowManagerIndexEim		1	1	76833
N	_ZN4Aska9AofObject26ResetDynamicShaderModifierEv		97	97	757080
N	_ZN4Aska9AofObject27SetProgrammableTransparencyENS_16RenderableObject9ProgTransE		1	1	87177
N	_ZN4Aska9AofObject3RunEi		11	12	38788
N	_ZN4Aska9AofObject6RenderEPNS_13RenderContextEi		0	3	1
N	_ZN4Aska9AofObjectD0Ev		3	19	2154
N	_ZN4Aska9Collision9IntersectEPKNS_11AABB_MinMaxEPKNS_3RayE		2	2	11253
N	_ZN4Aska9Collision9IntersectEPKNS_4AABBEPKNS_3RayE		1	1	7502
N	_ZN4Aska9Projector17SetShaderConstantEPNS_21ShaderConstantManagerEi		13	30	88711
N	_ZN4Aska9Semaphore4ExitEv		0	0	1644
N	_ZN4Aska9Semaphore6CreateEii		2	2	1787
N	_ZN4Aska9SemaphoreC1Ev		1	1	1787
N	_ZN4Aska9SemaphoreD1Ev		0	0	1644
N	_ZN4Aska9TPoolFastIA90_hLb1EE10SecurePoolEjPS1_		0	0	1
N	_ZN4Aska9TPoolFastIA90_hLb1EE4SinkEPS1_i		7	7	83663
N	_ZN4Aska9TPoolFastIA90_hLb1EE5ScoopEi		9	9	83746
N	_ZN4Aska9TPoolFastINS_11IndexBufferELb1EE10SecurePoolEjPS1_		0	0	1
N	_ZN4Aska9TPoolFastINS_11IndexBufferELb1EE4SinkEPS1_		0	0	2538
N	_ZN4Aska9TPoolFastINS_11IndexBufferELb1EE5ScoopEv		0	0	2607
N	_ZN4Aska9TPoolFastINS_11RenderState9StatePackELb0EE10SecurePoolEjPS2_		0	0	1
N	_ZN4Aska9TPoolFastINS_11RenderState9StatePackELb0EE5ScoopEi		0	0	4225
N	_ZN4Aska9TPoolFastINS_12VertexBufferELb1EE10SecurePoolEjPS1_		0	0	1
N	_ZN4Aska9TPoolFastINS_12VertexBufferELb1EE4SinkEPS1_		0	0	2577
N	_ZN4Aska9TPoolFastINS_12VertexBufferELb1EE5ScoopEv		0	0	3087
N	_ZN4Aska9TPoolFastINS_14NotifierThread13NotifyElementELb0EE10SecurePoolEjPS2_		0	0	3
N	_ZN4Aska9TPoolFastINS_15_RenderDeviceGL17TextureStateCacheELb0EE10SecurePoolEjPS2_		0	0	1
N	_ZN4Aska9TPoolFastINS_17RenderManagerBase11TempSurfaceELb0EE10SecurePoolEjPS2_		0	0	1
N	_ZN4Aska9TPoolFastINS_24DynamicsPrimitiveElementELb1EE11ReleasePoolEv		0	0	1
N	_ZN4Aska9TPoolFastINS_5EventELb0EE10SecurePoolEjPS1_		0	0	1
N	_ZN4Aska9TPoolFastINS_6VectorELb0EE10SecurePoolEjPS1_		0	0	1
N	_ZN4Aska9TPoolFastINS_6VectorELb0EE5ScoopEi		0	0	3069
N	_ZN4Aska9TPoolFastINS_9ConstInfoELb0EE10SecurePoolEjPS1_		0	0	1
N	_ZN5CGame12OnInitializeEv		1	188	1
N	_ZN6CArena10InitializeEv		1	27	5
N	_ZN6CArena10LoadEffectEjP19CArenaEffectManagerb		0	9	143
N	_ZN6CArena10PlayEffectEjRKN9Framework14CEffectManager10tArgumentsEP19CArenaEffectManager		4	73	291
N	_ZN6CArena10StopEffectEjP19CArenaEffectManager		0	1	529
N	_ZN6CArena10rUIManagerEv		0	0	6721
N	_ZN6CArena11FinishOrderEv		0	0	2
N	_ZN6CArena11rMapManagerEv		0	0	168
N	_ZN6CArena12IsStopEffectEjP19CArenaEffectManager		0	0	83
N	_ZN6CArena12RemoveEffectEjP19CArenaEffectManager		1	7	73
N	_ZN6CArena12rArenaCameraEv		0	0	206
N	_ZN6CArena12rTimeElementEv		1	1	7557
N	_ZN6CArena13IsReadyEffectEjP19CArenaEffectManager		0	0	110
N	_ZN6CArena13rPartyManagerEv		0	0	64308
N	_ZN6CArena14GetEffectModelEjP19CArenaEffectManager		7	20	14322
N	_ZN6CArena14LoadEffectFileEjP19CArenaEffectManagerb		0	71	138
N	_ZN6CArena14rBattleManagerEv		0	0	17342
N	_ZN6CArena14rEffectManagerEv		0	0	10
N	_ZN6CArena15CheckFootRandomERKNSt6__ndk112basic_stringIcNS0_11char_traitsIcEEN9Framework13CSTLAllocatorIcNS4_22CSTLStringAllocatorInfEEEEEb		1	1	196
N	_ZN6CArena15PlayCharacterSEEPK16CCharacterObjectPKciRKN9Framework7CVectorEbb		0	32	210
N	_ZN6CArena15rCollisionFieldEv		0	0	16
N	_ZN6CArena16ReleaseOldEffectEji		0	0	11
N	_ZN6CArena16RemoveEffectFileEjP19CArenaEffectManager		0	7	138
N	_ZN6CArena18PlayBattleCommonSEEiiPKN9Framework7CVectorEj		0	12	22
N	_ZN6CArena18PlayCharacterVoiceEPK16CCharacterObjectPKcibb		0	7	4
N	_ZN6CArena18PlayCharacterVoiceEPK16CCharacterObjectibb		0	7	12
N	_ZN6CArena18rOrderGaugeManagerEv		1	1	1860
N	_ZN6CArena19CreateCommonTextureEv		0	4	5
N	_ZN6CArena20LoadResidentResourceEv		0	20	5
N	_ZN6CArena21rSceneObjectContainerEv		3	3	89124
N	_ZN6CArena23ReleaseResidentResourceEv		0	2	4
N	_ZN6CArena25rAttackCollisionContainerEv		0	0	1669
N	_ZN6CArena39rSceneObjectContainerForEffectContainerEv		0	0	3623
N	_ZN6CArena6PlaySEERKNS_12tSEParameterE		0	2	5
N	_ZN6CArena7PlayBGMEPKcf		0	1	3
N	_ZN6CArena7ReleaseEv		0	19	4
N	_ZN6CArena8ProgressEv		167	5530	5779
N	_ZN6CArena9ToReleaseEv		0	0	3
N	_ZN6CArenaC1Ev		1	1	5
N	_ZN6CArenaD0Ev		0	1	1
N	_ZN6CArenaD1Ev		0	20	4
N	_ZN6CGacha11RefundInputEv		0	0	2
N	_ZN6CGacha12IsEnableHashEbjRNSt6__ndk112basic_stringIcNS0_11char_traitsIcEEN9Framework13CSTLAllocatorIcNS4_22CSTLStringAllocatorInfEEEEE		0	0	9
N	_ZN6CGacha14ExitCommonMenuEv		0	0	1
N	_ZN6CGacha23Progress_Release_ClientEv		0	0	4
N	_ZN6CGacha31GetAnimationNameStart3DInsert2DENS_23AnimationName3DInsert2DE		0	0	52
N	_ZN6CGacha8SetTitleEPcS0_		0	12	1
N	_ZN6CGacha9ToReleaseEv		0	2	1
N	_ZN6CPhase20ClearRestoreShortcutEv		0	0	1
N	_ZN6CPhase5CBase15IsEnableReleaseEv		0	0	20
N	_ZN6CPhase8ProgressEv		27	696	10500
N	_ZN6CTitle11DemandInputEv		0	0	1
N	_ZN6CTitle11RefundInputEv		0	0	2
N	_ZN6CTitle12TitleFadeOutEf		0	1	1
N	_ZN6CTitle14PlayTapToStartEv		0	0	1
N	_ZN6CTitle23Progress_Release_ClientEv		0	0	4
N	_ZN6CTitle8ProgressEv		2	44	207
N	_ZN6CTitle9StartGameEv		0	2	1
N	_ZN6CTitle9ToReleaseEv		0	2	1
N	_ZN7CBattle10InputResetEv		0	0	9
N	_ZN7CBattle14GetHoldSkillIDEv		1	1	1523
N	_ZN7CBattle16UpdateOrderGauseEv		0	0	8
N	_ZN7CBattle6UpdateEv		0	63	920
N	_ZN7CBattle8ProgressEv		0	4	1667
N	_ZN8CWebView8OpenViewENS_8ViewTypeENSt6__ndk18functionIFvvEEEb		0	140	1
N	_ZN8StringDB3GetEPKcPb		0	406	233
N	_ZN8playcore11TaskManager11GetInstanceENSt6__ndk110shared_ptrINS_9JniHelperEEE		0	0	1
N	_ZN8playcore13JniHelperImpl10InitializeEP8_jobject		19	19	1
N	_ZN8playcore15StateHelperImpl10InitializeEv		0	0	1
N	_ZN8playcore15TaskManagerImpl10InitializeEv		0	0	1
N	_ZN8playcore15TaskManagerImpl18HandleTaskCompleteEP7_JNIEnviP8_jobjecti		19	63	2
N	_ZN8playcore16AssetPackManager10InitializeEP8_jobject		0	0	1
N	_ZN8playcore16AssetPackManager11GetInstanceEv		0	0	30
N	_ZN8playcore16AssetPackManager11RequestInfoEPPKcm		0	2	1
N	_ZN8playcore16AssetPackManager14UpdateStateMapERKNSt6__ndk16vectorINS1_12basic_stringIcNS1_11char_traitsIcEENS1_9allocatorIcEEEENS6_IS8_EEEE23AssetPackDownloadStatus18AssetPackErrorCodeb		0	1	2
N	_ZN8playcore16AssetPackManager15RequestDownloadEPPKcm		0	0	1
N	_ZN8playcore16AssetPackManager16GetDownloadStateEPKcPP23AssetPackDownloadState_		0	0	4
N	_ZN8playcore16AssetPackManager16MakeAsyncRequestEPPKcmP10_jmethodID23AssetPackDownloadStatusS6_		1	2	2
N	_ZN8playcore16AssetPackManager17GetLocationHelperEv		0	0	4
N	_ZN8playcore16AssetPackManager20DestroyDownloadStateEP23AssetPackDownloadState_		0	1	4
N	_ZN8playcore16AssetPackManager20UpdateStatesFromJavaEP8_jobject		20	42	2
N	_ZN8playcore16AssetPackManager24GetMutableLocationHelperEv		0	0	2
N	_ZN8playcore16AssetPackManager4InitEP7_JavaVMP8_jobject		0	37	1
N	_ZN8playcore16CollectionHelper14CreateInstanceENSt6__ndk110shared_ptrINS_9JniHelperEEE		0	16	1
N	_ZN8playcore18LocationHelperImpl10InitializeEv		0	0	1
N	_ZN8playcore18LocationHelperImpl15DestroyLocationEP18AssetPackLocation_		0	0	2
N	_ZN8playcore20CollectionHelperImplC1ENSt6__ndk110shared_ptrINS_9JniHelperEEE		0	16	1
N	_ZN8playcore9JniHelper11GetInstanceEP7_JavaVMP8_jobject		0	19	1
N	_ZN9Collision15CCollisionField12AddCollisionEPNS_19CCollisionContainerE		0	0	17
N	_ZN9Collision15CCollisionField15RemoveCollisionEPNS_19CCollisionContainerE		1	2	17
N	_ZN9Collision15CCollisionField16RegisterCallbackEPKNS_19CCollisionContainerERKNSt6__ndk18functionIFNS_24eCollisionCallbackResultERKNS_13stCollideInfoEiEEE		0	0	16
N	_ZN9Collision15CCollisionField30DetectCollidablesByShapeFilterERN9Framework10CSTLVectorINS_13stCollideInfoEEEPKNS_19CCollisionContainerES8_		54	79	7761
N	_ZN9Collision15CCollisionField31DetectCollidablesByObjectFilterERN9Framework10CSTLVectorIPKNS_19CCollisionContainerEEES5_		1	1	7761
N	_ZN9Collision18CCollisionShapeAcf9AttachAsfEPN4Aska10AsfHandlerE		0	1	17
N	_ZN9Collision18CCollisionShapeAcfC1EPKv		0	0	17
N	_ZN9Collision19CCollisionContainer10AddToFieldEPNS_15CCollisionFieldE		0	0	17
N	_ZN9Collision19CCollisionContainer10ClearShapeEv		0	0	4
N	_ZN9Collision19CCollisionContainer11SetCallbackERKNSt6__ndk18functionIFNS_24eCollisionCallbackResultERKNS_13stCollideInfoEiEEE		0	0	16
N	_ZN9Collision19CCollisionContainer12UpdateShapesEf		25	32	9386
N	_ZN9Collision19CCollisionContainer14ClearShapeBodyEj		0	0	11
N	_ZN9Collision19CCollisionContainer15RemoveFromFieldEv		0	2	29
N	_ZN9Collision19CCollisionContainer3BoxERK35AttackCollisionElement_BaseArgumentRKN9Framework7CMatrixERKNS4_7CVectorEPN4Aska18HierarchicalObjectE		0	0	8
N	_ZN9Collision19CCollisionContainer7CapsuleERK35AttackCollisionElement_BaseArgumentRKN9Framework7CMatrixEffPN4Aska18HierarchicalObjectE		1	4	1646
N	_ZN9Collision19CCollisionContainer8AddShapeEjPNS_19CCollisionShapeBaseEj		0	0	1671
N	_ZN9Collision4Math20CalcLength_LinePointERKN9Framework7CVectorES4_S4_PS2_		0	0	244
N	_ZN9Framework10CCollision11IsIntersectERKNS_7CSphereES3_RNS_7CVectorE		0	0	8124
N	_ZN9Framework10CFiberUnit7DestroyEb		0	0	5
N	_ZN9Framework10CPadReader3RunEi		14	14	10496
N	_ZN9Framework11CStringHash8tElement7CompareEPKv		0	0	3860
N	_ZN9Framework11CTouchPanel8ProgressEf		12	12	10496
N	_ZN9Framework12CApplication9CMainTask3RunEi		34	12085	10502
N	_ZN9Framework12CEffectModel11StopEmitterEv		0	0	25
N	_ZN9Framework12CEffectModel15AfterInitializeEv		0	3	321
N	_ZN9Framework12CEffectModel21DeleteParticleEmitterEv		0	0	172
N	_ZN9Framework12CEffectModel33StartEffectAnimationByAafFileNameEPKcbbfRKNS_7CMatrixEf		4	65	174
N	_ZN9Framework12CEffectModel4StopEv		1	5	172
N	_ZN9Framework12CEffectModel6FadeinEf		0	0	2
N	_ZN9Framework12CEffectModel6HandleEj		0	0	174
N	_ZN9Framework12CEffectModel7FadeoutEfbb		0	0	28
N	_ZN9Framework12CEffectModel9CheckStopEf		19	19	24159
N	_ZN9Framework12CEffectModelC1Ev		0	1	321
N	_ZN9Framework12CEffectModelD1Ev		0	1	314
N	_ZN9Framework12CFiberKernel10InitializeEv		0	0	1
N	_ZN9Framework12CFiberKernel14CreateSubFiberEPNS_10CFiberUnitE		0	0	26
N	_ZN9Framework12CFiberKernel6AttachEPNS_10CFiberUnitE		0	0	26
N	_ZN9Framework12CFiberKernel7DestroyEPNS_10CFiberUnitE		0	0	2
N	_ZN9Framework12CFiberKernel8ProgressEv		73	10937	10497
N	_ZN9Framework12CTimeElement10InitializeEv		0	0	5
N	_ZN9Framework12CTimeElement16DetachFromParentEv		0	0	287
N	_ZN9Framework12CTimeElement17IsLockTimeElementEb		0	0	21668
N	_ZN9Framework12CTimeElement3AddEf		22	22	10495
N	_ZN9Framework12CTimeElement4RateEf		0	0	5
N	_ZN9Framework12CTimeElement8AddChildEPS0_		0	0	153
N	_ZN9Framework12CTimeElementC1Ev		0	0	443
N	_ZN9Framework12CTimeElementD1Ev		0	1	424
N	_ZN9Framework13CSoundManager12CManageFiber8ProgressEv		100	104	41966
N	_ZN9Framework13CSoundManager12PlayMemorySEEPKvmRKNS_6CSound10tArgumentsEPKc		0	26	262
N	_ZN9Framework13CSoundManager4StopEmf		0	0	805
N	_ZN9Framework13CSoundManager6StopSEEf		0	0	6
N	_ZN9Framework13CSoundManager7PlayBGMEPKcRKNS_6CSound10tArgumentsE		0	1	5
N	_ZN9Framework14CEffectManager13AddDirectFileEPKcS2_jjbj		0	0	89
N	_ZN9Framework14CEffectManager15StartDirectFileEjPKcRKNS0_10tArgumentsEPPNS_12CEffectModelE		0	65	291
N	_ZN9Framework14CEffectManager16rResourceManagerEv		0	0	552
N	_ZN9Framework14CEffectManager43AttachFactoryMethodToInstantiateEffectModelEPNS0_38IFactoryMethodToInstantiateEffectModelE		0	0	16
N	_ZN9Framework14CEffectManager6CPiece11pReadyModelEv		0	0	291
N	_ZN9Framework14CEffectManager6CPiece20InitializeDirectFileEPKcS3_jjbj		0	0	89
N	_ZN9Framework14CEffectManager6CPieceC2ERKS1_		0	0	89
N	_ZN9Framework14CEffectManager6CPieceD1Ev		0	0	85
N	_ZN9Framework14CEffectManager6RemoveEj		0	5	73
N	_ZN9Framework14CEffectManager7ReleaseEv		1	7	19
N	_ZN9Framework14CEffectManager8IsSafetyEv		0	0	36
N	_ZN9Framework14CEffectManager8ProgressEf		9	376	1858
N	_ZN9Framework14CEffectManagerD1Ev		0	1	15
N	_ZN9Framework15CAnimationModel10InitializeEv		0	0	338
N	_ZN9Framework15CAnimationModel11pObjectRootEv		0	0	692
N	_ZN9Framework15CAnimationModel11rObjectRootEv		0	0	21
N	_ZN9Framework15CAnimationModel13UpdatePostureERKNS_7CMatrixE		17	76	13106
N	_ZN9Framework15CAnimationModel14AssignResourceERN4Aska10AsfHandlerERNS_24CAnimationBlendContainerE		0	0	338
N	_ZN9Framework15CAnimationModel14StartAnimationEifb		0	1	167
N	_ZN9Framework15CAnimationModel16GetVelocityByAetEf		19	28	10524
N	_ZN9Framework15CAnimationModel16InvalidateMatrixEPN4Aska18HierarchicalObjectE		51	58	13106
N	_ZN9Framework15CAnimationModel22GetVelocityByAnimationEf		18	22	10524
N	_ZN9Framework15CAnimationModel7ReleaseEv		0	0	644
N	_ZN9Framework15CAnimationModel8ProgressEf		61	2910	34547
N	_ZN9Framework16CResourceManager10InitializeEv		0	0	1
N	_ZN9Framework16CResourceManager13AddDirectFileEjPKcjb		6	94	880
N	_ZN9Framework16CResourceManager16RemoveDirectFileEPKc		7	9	974
N	_ZN9Framework16CResourceManager23AddDirectFileWithFolderEjPKcS2_jb		2	11	147
N	_ZN9Framework16CResourceManager26rResourceElementDirectFileEPKc		0	0	172
N	_ZN9Framework16CResourceManager3RunEi		68	70	10499
N	_ZN9Framework16CResourceManager4LockEv		0	0	527
N	_ZN9Framework16CResourceManager6UnlockEv		0	0	527
N	_ZN9Framework16CResourceManager8tElement22InitializeByDirectFileEjPKcjb		2	88	529
N	_ZN9Framework16CResourceManager8tElement32InitializeByDirectFileWithFolderEjPKcS3_jb		0	8	143
N	_ZN9Framework16CResourceManagerC1EPKc		0	0	1
N	_ZN9Framework16TObjectContainerIN9Collision19CollisionShapeGroupEED2Ev		0	0	17
N	_ZN9Framework16TObjectContainerINS_6CSound8CElementEE10InitializeEm		0	0	2
N	_ZN9Framework16TObjectContainerINS_6CSound8CElementEE8rElementEm		0	0	865
N	_ZN9Framework16TObjectContainerIP13BehaviorQueueE8rElementEm		0	0	21088
N	_ZN9Framework19CPerformanceCounter3SetEj		5	5	10500
N	_ZN9Framework19CPerformanceCounter4MarkEj		0	0	10500
N	_ZN9Framework21TFixedLengthAllocatorILm128EE4FreeEPv		0	0	150
N	_ZN9Framework21TFixedLengthAllocatorILm128EE9pAllocateEPKcj		0	0	150
N	_ZN9Framework21TFixedLengthAllocatorILm192EE4FreeEPv		0	0	10
N	_ZN9Framework21TFixedLengthAllocatorILm192EE9pAllocateEPKcj		0	0	10
N	_ZN9Framework21TFixedLengthAllocatorILm32EE4FreeEPv		0	0	91
N	_ZN9Framework21TFixedLengthAllocatorILm32EE9pAllocateEPKcj		0	0	195
N	_ZN9Framework22CDirectAofTextRenderer10InitializeEiN4Aska10FontHandleERKNS_10CSTLVectorImEEjb		0	9	36
N	_ZN9Framework22CDirectAofTextRenderer13AddPutCounterEmRNS0_10tSizeCacheE		5	5	66197
N	_ZN9Framework22CDirectAofTextRenderer20PreliminarilyPrepareEPN4Aska12LightManagerE		38	41	20511
N	_ZN9Framework22CDirectAofTextRenderer3PutERKNS0_7tStringEj		2	2	14788
N	_ZN9Framework22CDirectAofTextRenderer5ResetEv		4	4	36344
N	_ZN9Framework22CDirectAofTextRenderer7ReserveEj		0	2	7
N	_ZN9Framework22CDirectAofTextRenderer8PriorityEf		0	0	36
N	_ZN9Framework22CDirectAofTextRendererC1Ev		0	0	36
N	_ZN9Framework22CDirectAofTextRendererD0Ev		0	4	32
N	_ZN9Framework24CAnimationBlendContainer10InitializeEjj		0	1	338
N	_ZN9Framework24CAnimationBlendContainer13PlayAnimationEPN4Aska9FiberTaskE		2647	2681	27445
N	_ZN9Framework24CAnimationBlendContainer13ProgressBlendEf		18	58	27445
N	_ZN9Framework24CAnimationBlendContainer13ProgressFrameEfPKNS0_24tProgressFrame_ArgumentsE		26	2769	27445
N	_ZN9Framework24CAnimationBlendContainer14StartAnimationEifb		0	0	338
N	_ZN9Framework24CAnimationBlendContainer17StartAddAnimationEjfb		0	0	17
N	_ZN9Framework24CAnimationBlendContainer18DeleteBlendManagerEv		0	0	172
N	_ZN9Framework24CAnimationBlendContainer20ProgressFrame_DirectEf		51	2743	27445
N	_ZN9Framework24CAnimationBlendContainer25ResetAnimationControllersEPN4Aska10AsfHandlerEPNS1_16CollisionHandlerE		0	18	17
N	_ZN9Framework24CAnimationBlendContainer7ReleaseEv		0	4	974
N	_ZN9Framework24CAnimationBlendContainer8rElementEi		0	0	167
N	_ZN9Framework24CAnimationBlendContainer9AttachAafERN4Aska10AsfHandlerEjPKvib		0	41	722
N	_ZN9Framework27CDirectAofPrimitiveRenderer10InitializeENS0_5iTypeEjb		2	18	287
N	_ZN9Framework27CDirectAofPrimitiveRenderer14DirectMaterialERN4Aska14DirectMaterialE		0	0	419
N	_ZN9Framework27CDirectAofPrimitiveRenderer19PrepareForRenderingEPKN4Aska10RENDERINFOE		156	217	150535
N	_ZN9Framework27CDirectAofPrimitiveRenderer20PreliminarilyPrepareEPN4Aska12LightManagerE		187	249	150544
N	_ZN9Framework27CDirectAofPrimitiveRenderer3PutERKNS_21tSpriteParameter_QuadE		4	4	50701
N	_ZN9Framework27CDirectAofPrimitiveRenderer3PutERKNS_21tSpriteParameter_RectE		11	11	10510
N	_ZN9Framework27CDirectAofPrimitiveRenderer5ResetEv		9	9	292613
N	_ZN9Framework27CDirectAofPrimitiveRenderer7ReserveEj		4	8	65
N	_ZN9Framework27CDirectAofPrimitiveRenderer7TextureEPN4Aska7TextureE		0	0	370
N	_ZN9Framework27CDirectAofPrimitiveRenderer8PriorityEf		0	0	286
N	_ZN9Framework27CDirectAofPrimitiveRendererC1Ev		0	0	287
N	_ZN9Framework27CDirectAofPrimitiveRendererD0Ev		0	5	272
N	_ZN9Framework27gSetParticleEmitterNumInAsfERN4Aska10AsfHandlerEf		0	0	493
N	_ZN9Framework37CAssignedMemoryManagerForSTLAllocator4FreeEPv		19	19	294087
N	_ZN9Framework37CAssignedMemoryManagerForSTLAllocator8AllocateEmPKcj		47	48	316403
N	_ZN9Framework48gSetLocalDTRateToArticulatedDynamicsManagerInAsfERN4Aska10AsfHandlerEf		19	19	34545
N	_ZN9Framework4CPad4ModeEj		2	2	10496
N	_ZN9Framework4CPad5rUnitEj		0	0	10496
N	_ZN9Framework4CPad8ProgressEf		11	25	10496
N	_ZN9Framework56gSetLandscapeConstraintToArticulatedDynamicsManagerInAsfERN4Aska10AsfHandlerEPNS0_20ILandscapeConstraintE		0	0	23
N	_ZN9Framework5CACSV10InitializeEv		0	0	79
N	_ZN9Framework5CACSV5ParseEPKc		0	1	79
N	_ZN9Framework5CACSVC1Ev		0	0	79
N	_ZN9Framework5CACSVD1Ev		0	0	70
N	_ZN9Framework5Cocos10CCocosNode12SearchByNameERKNSt6__ndk112basic_stringIcNS2_11char_traitsIcEENS_13CSTLAllocatorIcNS_22CSTLStringAllocatorInfEEEEE		11	11	1488
N	_ZN9Framework5Cocos10CCocosNode14_PropagateFlagEj		0	0	2
N	_ZN9Framework5Cocos10CCocosNode16DetachFromParentEv		0	0	5845
N	_ZN9Framework5Cocos10CCocosNode16SearchByTreeNameERKNSt6__ndk112basic_stringIcNS2_11char_traitsIcEENS_13CSTLAllocatorIcNS_22CSTLStringAllocatorInfEEEEE		0	0	1650
N	_ZN9Framework5Cocos10CCocosNode17SearchByActionTagEi		1	1	6033
N	_ZN9Framework5Cocos10CCocosNode18RootCheckHierarchyEv		0	0	1247
N	_ZN9Framework5Cocos10CCocosNode19ToRuntimeCoordinateEv		0	0	4773
N	_ZN9Framework5Cocos10CCocosNode22_PropagateFlagToChild2Ev		0	0	260
N	_ZN9Framework5Cocos10CCocosNode8AddChildEPS1_		0	0	6022
N	_ZN9Framework5Cocos11CCocosImage11PreDrawSelfEf		0	0	844
N	_ZN9Framework5Cocos11CCocosImage8DrawSelfEv		0	0	1
N	_ZN9Framework5Cocos11CCocosLabel7SetTextERKNSt6__ndk112basic_stringIcNS2_11char_traitsIcEENS_13CSTLAllocatorIcNS_22CSTLStringAllocatorInfEEEEE		0	0	200
N	_ZN9Framework5Cocos11CCocosPanel11PreDrawSelfEf		0	0	848
N	_ZN9Framework5Cocos11CCocosScene11AddRendererEPKNS0_10CCocosNodeEPNS_22CDirectAofTextRendererE		1	1	69422
N	_ZN9Framework5Cocos11CCocosScene11AddRendererEPKNS0_10CCocosNodeEPNS_27CDirectAofPrimitiveRendererEbb		0	0	22139
N	_ZN9Framework5Cocos11CCocosScene15_PreComputeSelfEv		14	14	176883
N	_ZN9Framework5Cocos11CCocosScene21AddClipingEndRendererEPKNS0_10CCocosNodeE		1	3	1588
N	_ZN9Framework5Cocos11CCocosScene21_pSearchRendererLightERKNS0_8Blending13tRenderResult12tRenderStateE		2	72	4651
N	_ZN9Framework5Cocos11CCocosScene22_pSearchRendererLight2ERKNS0_8Blending13tRenderResult12tRenderStateE		0	26	202
N	_ZN9Framework5Cocos12CCocosSprite16SetImageResourceERKNSt6__ndk112basic_stringIcNS2_11char_traitsIcEENS_13CSTLAllocatorIcNS_22CSTLStringAllocatorInfEEEEE		0	0	50
N	_ZN9Framework5Cocos12CCocosSprite17SetImageResource2ERKNSt6__ndk112basic_stringIcNS2_11char_traitsIcEENS_13CSTLAllocatorIcNS_22CSTLStringAllocatorInfEEEEE		0	0	2205
N	_ZN9Framework5Cocos14CCocosDirector13InputProgressEf		5	52	10495
N	_ZN9Framework5Cocos14CCocosDirector13SceneProgressEf		275	717	10495
N	_ZN9Framework5Cocos14CCocosListView15UpdateAlignmentEv		0	0	2
N	_ZN9Framework5Cocos14CCocosParticle11PreDrawSelfEf		0	0	1
N	_ZN9Framework5Cocos14CCocosParticle14UpdateParticleEf		9	9	3438
N	_ZN9Framework5Cocos15CCocosGuiReader10CreateTreeERKNS_20CResourceElement_CsfERNS0_10CCocosNodeERNS0_19CCocosObjectFactoryE		26	85	79
N	_ZN9Framework5Cocos16CCocosAtlasLabel7SetTextERKNSt6__ndk112basic_stringIcNS2_11char_traitsIcEENS_13CSTLAllocatorIcNS_22CSTLStringAllocatorInfEEEEE		3	3	11615
N	_ZN9Framework5Cocos16CCocosScrollView18SetBounceBackValueEf		0	0	1
N	_ZN9Framework5Cocos16CCocosScrollView19SetVerticalPositionEf		0	0	2
N	_ZN9Framework5Cocos17CCocosProgressBar8DrawSelfEv		13	14	22142
N	_ZN9Framework5Cocos21CalcCocosDrawPriorityEPNS0_11CCocosSceneE		1	1	44
N	_ZN9Framework5Cocos22CCocosDictionaryHelper12F32ValueJsonERKN4Aska4ASON6AValueEPKcf		2	2	64306
N	_ZN9Framework5Cocos22CCocosDictionaryHelper12S32ValueJsonERKN4Aska4ASON6AValueEPKci		1	1	62924
N	_ZN9Framework5Cocos22CCocosDictionaryHelper14ArrayCountJsonERKN4Aska4ASON6AValueEi		0	0	3190
N	_ZN9Framework5Cocos22CCocosDictionaryHelper16BooleanValueJsonERKN4Aska4ASON6AValueEPKcb		0	0	3331
N	_ZN9Framework5Cocos22CCocosDictionaryHelper16pStringValueJsonERKN4Aska4ASON6AValueEPKcS8_		2	2	29744
N	_ZN9Framework5Cocos22CCocosDictionaryHelper17IsObjectExistJsonERKN4Aska4ASON6AValueEPKc		5	5	197574
N	_ZN9Framework5Cocos22CCocosDictionaryHelper18rSubDictionaryJsonERKN4Aska4ASON6AValueEPKc		1	1	42254
N	_ZN9Framework5Cocos22CCocosDictionaryHelper24rDictionaryFromArrayJsonERKN4Aska4ASON6AValueEj		0	0	13192
N	_ZN9Framework5Cocos23CCocosTimelineAnimation4PlayERKNSt6__ndk112basic_stringIcNS2_11char_traitsIcEENS_13CSTLAllocatorIcNS_22CSTLStringAllocatorInfEEEEEjjbNS2_8functionIFvvEEE		3	3	153
N	_ZN9Framework5Cocos23CCocosTimelineAnimation8ProgressEf		170	192	162519
N	_ZN9Framework6CMutex4LockEv		1	1	54548
N	_ZN9Framework6CMutex6UnlockEv		2	2	54548
N	_ZN9Framework7CCamera10InitializeERN4Aska6CameraE		0	0	921
N	_ZN9Framework7CCamera6UpdateEv		18	18	10495
N	_ZN9Framework7CCameraC1Ev		1	1	921
N	_ZN9Framework7CHash32C1EPKc		3	3	105580
N	_ZN9Framework7CHash32C1ERKNSt6__ndk112basic_stringIcNS1_11char_traitsIcEENS_13CSTLAllocatorIcNS_22CSTLStringAllocatorInfEEEEE		0	0	3814
N	_ZN9Framework7CHash32C1Ev		0	0	648515
N	_ZN9Framework7CHash32aSEPKc		0	0	616107
N	_ZN9Framework7CMatrix10MakeRotateERKNS_7CVectorEj		0	0	2558
N	_ZN9Framework7CMatrix11MakeRotateXEf		0	0	1106
N	_ZN9Framework7CMatrix11MakeRotateYEf		0	0	1364
N	_ZN9Framework7CMatrix12AddTranslateERKNS_7CVectorE		0	0	209
N	_ZN9Framework7CMatrix13ExtractRotateERKS0_		0	0	291
N	_ZN9Framework7CMatrix19InverseMathematicalEv		1	1	2149
N	_ZN9Framework7CMatrix23RotateYWithoutTranslateEf		0	0	6
N	_ZN9Framework7CMatrix7InverseEv		0	0	689
N	_ZN9Framework7CMatrix9TranslateERKNS_7CVectorE		0	0	21774
N	_ZN9Framework7CVector15TransformNormalERKNS_7CMatrixE		0	0	1646
N	_ZN9Framework7CVector22ToConstrainSelfInRangeERKS0_f		0	0	1186
N	_ZNK10CApiNotify8LoggedInEv		0	0	1
N	_ZNK10CPauseMenu6IsOpenEv		1	1	7407
N	_ZNK12CArenaCamera10CameraModeEv		0	0	2
N	_ZNK12CArenaCamera12CameraAngleYEv		0	0	2
N	_ZNK12CArenaCamera14PositionCameraEv		0	0	204
N	_ZNK12CArenaCamera17GetOriginalCameraEv		1	1	1159
N	_ZNK12CParameterUI11IsMultiplayEv		0	0	16
N	_ZNK12CParameterUI15GetPlaySeHandleEi		0	0	186
N	_ZNK12CParameterUI17tMultiPlayerCache4tOne7IsExistEv		0	0	1292
N	_ZNK12CParameterUI24IsBattleHostNetworkErrorEv		0	0	2
N	_ZNK12CThingObject12crAsfHandlerEv		0	0	13
N	_ZNK12CThingObject14IsEnableDeleteEv		0	0	273
N	_ZNK12CThingObject6IsMainEv		2	2	33113
N	_ZNK13CGachaManager12IsProcessEndEv		0	0	1003
N	_ZNK13CGachaManager14Get2DWaitIndexEv		0	0	1
N	_ZNK13CGachaManager14IsModeProgressEv		0	0	18
N	_ZNK13CGachaManager8Is2DWaitEv		0	0	999
N	_ZNK13CPartyManager10CheckAliveERiS0_		2	2	322
N	_ZNK13CPartyManager12ChoiceTargetEiN9Parameter15eAttackDataTypeEjjb		0	0	2720
N	_ZNK13CPartyManager12GetCharacterEi		13	14	91247
N	_ZNK13CPartyManager12IsBossBattleEv		2	2	922
N	_ZNK13CPartyManager13GetEnemyLevelEv		0	0	2
N	_ZNK13CPartyManager19GetControlCharacterEv		3	3	3939
N	_ZNK13CPartyManager19GetPartyPlayerCountEv		0	0	8
N	_ZNK13CPartyManager22HandleToCharacterIndexEj		0	0	817
N	_ZNK13FakeApiCaller12IsRequestingEN4Aska5Yayoi7GameRPC12GameProtocol10FunctionIDE		0	0	15
N	_ZNK13FakeApiCaller8LoggedInEv		0	0	12
N	_ZNK13FakeApiCaller9ErrorCodeEN4Aska5Yayoi7GameRPC12GameProtocol10FunctionIDE		0	0	6
N	_ZNK13FakeApiCaller9IsSuccessEN4Aska5Yayoi7GameRPC12GameProtocol10FunctionIDE		0	0	6
N	_ZNK14CBattleManager14GetCancelBonusEi		0	0	3025
N	_ZNK14CBattleManager14GetEnemyHpRateEv		0	0	8
N	_ZNK14CBattleManager15BattleTimeFrameEv		0	0	2190
N	_ZNK14CBattleManager15IsBattleTimeOutEv		0	0	2
N	_ZNK14CBattleManager20RushControlCharacterEv		0	0	1784
N	_ZNK14CCharacterData10CanRushUseEv		0	0	3680
N	_ZNK14CCharacterData11CancelBonusEv		0	0	2104
N	_ZNK14CCharacterData12DefAttributeEN3BAS10eAttributeE		0	0	18073
N	_ZNK14CCharacterData13RushGauge_MaxEv		0	0	3680
N	_ZNK14CCharacterData14BasicParameterEN6battle18BasicParameterTypeE		0	0	46
N	_ZNK14CCharacterData15IsMaxFaintPointEv		0	0	2
N	_ZNK14CCharacterData16IsAvoidComboKeepEv		0	0	8
N	_ZNK14CCharacterData16IsTransCharacterEv		2	2	7405
N	_ZNK14CCharacterData17IsTensionGaugeMaxEv		0	0	678
N	_ZNK14CCharacterData18CancelBonusPercentEv		0	0	921
N	_ZNK14CCharacterData2APEv		1	1	6116
N	_ZNK14CCharacterData2HPEv		1	1	28445
N	_ZNK14CCharacterData4BossEv		0	0	24
N	_ZNK14CCharacterData4DeadEv		0	0	71303
N	_ZNK14CCharacterData5MaxAPEv		0	0	924
N	_ZNK14CCharacterData5MaxHPEv		0	0	23851
N	_ZNK14CCharacterData6OverHPEv		0	0	3680
N	_ZNK14CCharacterData9BarrierHPEv		0	0	2157
N	_ZNK14CCharacterData9OverMaxHPEv		0	0	11040
N	_ZNK14CFactorManager13HasFactorSeedEj		0	0	186
N	_ZNK14CMovableObject11IsLongRangeERKS_		0	0	438
N	_ZNK14CMovableObject11IsLongRangeEj		0	0	3
N	_ZNK14CMovableObject20AddSceneObjectSphereERN4Aska6TArrayINS_10SphereInfoELb0EEEtPN9Framework7CVectorES7_		3	4	8124
N	_ZNK14CMovableObject24GetSceneObjectSphereListERN4Aska6TArrayINS_10SphereInfoELb0EEE		3	10	3186
N	_ZNK14CMovableObject29CalcDistanceToCollisionTargetERKS_		0	0	5069
N	_ZNK14CMovableObject7IsFrontERKN9Framework7CVectorE		1	1	2095
N	_ZNK14CMovableObject8IsBehindERKN9Framework7CVectorE		0	0	2086
N	_ZNK15CBehaviorObject12HasAnimationENS_12eAnimationIDE		0	0	7
N	_ZNK15CBehaviorObject15crAnimationInfoENS_12eAnimationIDE		0	0	4
N	_ZNK15CBehaviorObject18IsPlayingAnimationENS_12eAnimationIDE		0	0	642
N	_ZNK15CBehaviorObject19CalcAngleToPositionERKN9Framework7CVectorE		0	0	1003
N	_ZNK15CNowLoadingBase14IsBehaviorStopEv		0	0	172
N	_ZNK16CAITargetManager14GetTargetIndexEi		0	0	145
N	_ZNK16CBattleUIManager10crBattleUIEv		0	0	432
N	_ZNK16CBattleUIManager11crPauseMenuEv		0	0	7407
N	_ZNK16CCharacterObject11IsAttackAimEb		0	0	1135
N	_ZNK16CCharacterObject11IsAvailableEv		0	0	43410
N	_ZNK16CCharacterObject11IsLongRangeERK14CMovableObject		3	3	435
N	_ZNK16CCharacterObject11IsLongRangeEj		0	0	3
N	_ZNK16CCharacterObject12CenterHeightEv		0	0	417
N	_ZNK16CCharacterObject12IsBindToNodeEv		0	0	332
N	_ZNK16CCharacterObject12IsKeepDamageEv		0	0	79
N	_ZNK16CCharacterObject12IsSuperArmorEv		0	0	10
N	_ZNK16CCharacterObject13GetAttackHateEN9Parameter9eAttackIDE		0	0	2
N	_ZNK16CCharacterObject13IsInitializedEv		17	30	32519
N	_ZNK16CCharacterObject14GetAttackUseAPEN9Parameter9eAttackIDE		2	2	2795
N	_ZNK16CCharacterObject15CollisionRadiusEv		0	0	540
N	_ZNK16CCharacterObject15IsAbnormalStateEN3BAS14eAbnormalStateE		0	0	25955
N	_ZNK16CCharacterObject17IsImmediateAttackEv		0	0	11
N	_ZNK16CCharacterObject17IsSetupAttackDataEN9Parameter9eAttackIDE		0	0	7281
N	_ZNK16CCharacterObject18IsControlCharacterEv		0	0	241
N	_ZNK16CCharacterObject19IsEnableSettingTypeEh		0	0	8673
N	_ZNK16CCharacterObject21AimFromTargetPositionEv		0	0	6
N	_ZNK16CCharacterObject21IsNoDamageAndAbnormalEbbbbb		0	0	20
N	_ZNK16CCharacterObject21crAttackDataParameterEN9Parameter9eAttackIDE		0	0	5190
N	_ZNK16CCharacterObject23SearchObjectByLocatorIdEj		1	1	1601
N	_ZNK16CCharacterObject33AttackParameterIndexByAttackIndexEN9Parameter9eAttackIDEi		1	1	1656
N	_ZNK16CCharacterObject6IsDeadEv		0	0	4623
N	_ZNK16CCharacterObject7IsAvoidEv		0	0	6476
N	_ZNK16CCharacterObject8CanAvoidEv		0	0	318
N	_ZNK16CCharacterObject9IsHostileERKS_		0	0	211
N	_ZNK16CCharacterObject9IsHostileEj		0	0	338
N	_ZNK16CCharacterObject9IsNeutralEv		0	0	662
N	_ZNK17CParameterManager12pParameterUIEv		2	2	42845
N	_ZNK17CParameterManager13pMasterHome3DEv		0	0	12
N	_ZNK17CParameterManager15pParameterSoundEv		0	0	806
N	_ZNK17CParameterManager16pMasterSphere211Ev		0	0	6
N	_ZNK17CParameterManager16pParameterPlayerEv		0	0	1
N	_ZNK17CParameterManager18pMasterFactorBoostEv		0	0	12
N	_ZNK17CParameterManager18pMasterParameterAIEv		0	0	6
N	_ZNK17CParameterManager19pMasterEventRankingEv		0	0	3
N	_ZNK17CParameterManager19pMasterParameterMapEv		0	0	3
N	_ZNK17CParameterManager20pMasterParameterAreaEv		0	0	3
N	_ZNK17CParameterManager20pMasterParameterItemEv		0	0	13
N	_ZNK17CParameterManager20pMasterParameterRankEv		0	0	10
N	_ZNK17CParameterManager20pMasterParameterRoleEv		0	0	495
N	_ZNK17CParameterManager21pMasterParameterGachaEv		0	0	2
N	_ZNK17CParameterManager21pMasterParameterSkillEv		0	0	353
N	_ZNK17CParameterManager21pMasterParameterTitleEv		0	0	3
N	_ZNK17CParameterManager21pMasterParameterVoiceEv		0	0	14
N	_ZNK17CParameterManager21pMasterUniverseTalentEv		0	0	12
N	_ZNK17CParameterManager22pMasterParameterBannerEv		0	0	8
N	_ZNK17CParameterManager22pMasterParameterEffectEv		0	0	1595
N	_ZNK17CParameterManager22pMasterParameterFactorEv		0	0	25
N	_ZNK17CParameterManager22pMasterParameterGlobalEv		2	2	14615
N	_ZNK17CParameterManager22pMasterParameterPersonEv		0	0	107
N	_ZNK17CParameterManager22pMasterParameterSignalEv		0	0	2824
N	_ZNK17CParameterManager22pMasterParameterTalentEv		0	0	21
N	_ZNK17CParameterManager22pMasterParameterWeaponEv		0	0	112
N	_ZNK17CParameterManager23pMasterParameterMenuBGMEv		0	0	6
N	_ZNK17CParameterManager23pMasterParameterMissionEv		0	0	7
N	_ZNK17CParameterManager24pMasterEventRankingGroupEv		0	0	3
N	_ZNK17CParameterManager25pMasterParameterEnemyBaseEv		0	0	67
N	_ZNK17CParameterManager25pMasterParameterGiftGachaEv		0	0	2
N	_ZNK17CParameterManager25pMasterParameterMenuVoiceEv		0	0	1
N	_ZNK17CParameterManager25pMasterParameterWinCameraEv		0	0	36
N	_ZNK17CParameterManager26pMasterHome3DMotionSettingEv		0	0	6
N	_ZNK17CParameterManager26pMasterParameterEnemyPartyEv		0	0	4
N	_ZNK17CParameterManager26pMasterParameterFactorSeedEv		0	0	2
N	_ZNK17CParameterManager26pMasterParameterFavorLevelEv		0	0	3
N	_ZNK17CParameterManager26pMasterParameterGachaImageEv		0	0	1
N	_ZNK17CParameterManager26pMasterParameterLoginBonusEv		0	0	4
N	_ZNK17CParameterManager26pMasterParameterWeaponKindEv		0	0	103
N	_ZNK17CParameterManager27pMasterParameterAchievementEv		0	0	6
N	_ZNK17CParameterManager27pMasterParameterEnemyCommonEv		0	0	16
N	_ZNK17CParameterManager27pMasterParameterHeatUpBonusEv		0	0	1
N	_ZNK17CParameterManager27pMasterParameterHomeMessageEv		0	0	3
N	_ZNK17CParameterManager27pMasterParameterItemComposeEv		0	0	6
N	_ZNK17CParameterManager27pMasterParameterPlayerLevelEv		0	0	180
N	_ZNK17CParameterManager27pMasterParameterRoleBoostedEv		0	0	20
N	_ZNK17CParameterManager27pMasterParameterStageLayoutEv		0	0	4
N	_ZNK17CParameterManager28pMasterParameterAttackActionEv		0	0	195
N	_ZNK17CParameterManager28pMasterParameterBattleGlobalEv		0	0	18
N	_ZNK17CParameterManager28pMasterParameterMissionStageEv		0	0	5
N	_ZNK17CParameterManager28pMasterParameterRoleLevelMaxEv		0	0	1
N	_ZNK17CParameterManager29pMasterParameterBannerReplaceEv		0	0	1
N	_ZNK17CParameterManager29pMasterParameterFavorScheduleEv		0	0	7
N	_ZNK17CParameterManager29pParameterCocosCommonResourceEv		0	0	30
N	_ZNK17CParameterManager30pMasterParameterLoadingMessageEv		0	0	4
N	_ZNK17CParameterManager30pMasterParameterSkillParameterEv		0	0	329
N	_ZNK17CParameterManager31pMasterParameterChantEffectTypeEv		0	0	14
N	_ZNK17CParameterManager31pMasterParameterCharacterCommonEv		0	0	22
N	_ZNK17CParameterManager31pMasterParameterReplaceResourceEv		0	0	4
N	_ZNK17CParameterManager32pMasterParameterBattleEvaluationEv		0	0	1
N	_ZNK17CParameterManager33pMasterParameterAssistVoiceMarginEv		0	0	12
N	_ZNK17CParameterManager34pMasterParameterLoginBonusContentsEv		0	0	4
N	_ZNK17CParameterManager38pMasterParameterItemLimitBreakLevelMaxEv		0	0	3
N	_ZNK17CParameterManager7IsReadyEv		0	0	920
N	_ZNK17CParameterManager9pStringDBEv		0	0	233
N	_ZNK17CParameterUtility10tCharaData10LimitBreakEv		0	0	4
N	_ZNK17CParameterUtility10tCharaData11AwakenLevelEv		0	0	8
N	_ZNK17CParameterUtility10tCharaData11LevelStringEv		0	0	4
N	_ZNK17CParameterUtility10tCharaData13FamiliarCountEv		0	0	8
N	_ZNK17CParameterUtility10tCharaData16IsLimitBreakOverEv		0	0	12
N	_ZNK17CParameterUtility10tCharaData17HasMasteryPartnerEv		0	0	4
N	_ZNK17CParameterUtility10tCharaData20GetFavorabilityLevelEv		0	0	16
N	_ZNK17CParameterUtility10tCharaData20IsShowGalaxyPassIconEPKb		0	0	8
N	_ZNK17CParameterUtility10tCharaData25IsClearAllMasteryTrainingEv		0	0	8
N	_ZNK17CParameterUtility10tCharaData4RareEv		0	0	4
N	_ZNK17CParameterUtility10tCharaData4RoleEv		0	0	4
N	_ZNK17CParameterUtility10tCharaData4TypeEv		0	0	20
N	_ZNK17CParameterUtility10tCharaData5IsNewEv		0	0	4
N	_ZNK17CParameterUtility10tCharaData5LevelEv		0	0	4
N	_ZNK17CParameterUtility10tCharaData6IsSelfEv		0	0	10
N	_ZNK17CParameterUtility10tCharaData6UserIdEv		0	0	24
N	_ZNK17CParameterUtility10tCharaData7CharaIdEb		0	0	5
N	_ZNK17CParameterUtility10tCharaData7IsExistEv		0	0	10
N	_ZNK17CParameterUtility10tCharaData8RoleRankEv		0	0	20
N	_ZNK17CParameterUtility10tSkillData6DamageEv		0	0	4
N	_ZNK17CParameterUtility10tSkillData8HitCountEv		0	0	4
N	_ZNK17CParameterUtility8tMessage10GetMessageERKNSt6__ndk112basic_stringIcNS1_11char_traitsIcEEN9Framework13CSTLAllocatorIcNS5_22CSTLStringAllocatorInfEEEEE		0	0	29
N	_ZNK18COrderGaugeManager11GetPointMaxEv		1	1	938
N	_ZNK18COrderGaugeManager14GetHeatUpBonusEv		0	0	929
N	_ZNK18COrderGaugeManager16GetOrderTimeLeftEv		1	6	6282
N	_ZNK18COrderGaugeManager19IsOrderJustFinishedEv		0	0	322
N	_ZNK18COrderGaugeManager24IsAllPlayerOrderFinishedEv		0	0	929
N	_ZNK18COrderGaugeManager8GetOrderEv		5	11	17930
N	_ZNK18COrderGaugeManager8GetPointEv		0	1	1582
N	_ZNK19CArenaEffectManager12IsStopEffectEj		0	0	83
N	_ZNK21CAnimationModelObject12PresentFrameEv		1	2	16696
N	_ZNK21CAnimationModelObject13IsInitializedEv		2	2	32588
N	_ZNK21CAnimationModelObject14IsEnableDeleteEv		0	0	183
N	_ZNK21CAnimationModelObject18GetAnimationLengthEPKc		0	0	20
N	_ZNK21CAnimationModelObject20IsAnimationTerminateEf		8	8	4300
N	_ZNK21CAnimationModelObject20PresentAnimationNameEv		0	0	7405
N	_ZNK21CAnimationModelObject20crCollisionContainerEv		0	0	445
N	_ZNK21CAnimationModelObject6IsMainEv		0	0	28164
N	_ZNK21CAnimationModelObject7crModelEv		0	0	48506
N	_ZNK22BehaviorQueueContainer28IsAlreadyResistBehaviorQueueEN2Id8Behavior16BehaviorQueueIdsE		11	12	11439
N	_ZNK22CParameterPropertyBaseILj100EE8NameHashEv		0	0	21
N	_ZNK22CParameterPropertyBaseILj101EE8NameHashEv		0	0	24
N	_ZNK22CParameterPropertyBaseILj102EE8NameHashEv		0	0	24
N	_ZNK22CParameterPropertyBaseILj103EE8NameHashEv		0	0	25
N	_ZNK22CParameterPropertyBaseILj104EE8NameHashEv		0	0	21
N	_ZNK22CParameterPropertyBaseILj105EE8NameHashEv		0	0	21
N	_ZNK22CParameterPropertyBaseILj106EE8NameHashEv		0	0	20
N	_ZNK22CParameterPropertyBaseILj107EE8NameHashEv		0	0	20
N	_ZNK22CParameterPropertyBaseILj108EE8NameHashEv		0	0	20
N	_ZNK22CParameterPropertyBaseILj110EE8NameHashEv		0	0	20
N	_ZNK22CParameterPropertyBaseILj111EE8NameHashEv		0	0	20
N	_ZNK22CParameterPropertyBaseILj112EE8NameHashEv		0	0	20
N	_ZNK22CParameterPropertyBaseILj113EE8NameHashEv		0	0	20
N	_ZNK22CParameterPropertyBaseILj114EE8NameHashEv		0	0	21
N	_ZNK22CParameterPropertyBaseILj115EE8NameHashEv		0	0	21
N	_ZNK22CParameterPropertyBaseILj116EE8NameHashEv		0	0	21
N	_ZNK22CParameterPropertyBaseILj117EE8NameHashEv		0	0	11
N	_ZNK22CParameterPropertyBaseILj118EE8NameHashEv		0	0	2336
N	_ZNK22CParameterPropertyBaseILj119EE8NameHashEv		0	0	2188
N	_ZNK22CParameterPropertyBaseILj120EE8NameHashEv		0	0	2190
N	_ZNK22CParameterPropertyBaseILj121EE8NameHashEv		0	0	30
N	_ZNK22CParameterPropertyBaseILj122EE8NameHashEv		0	0	30
N	_ZNK22CParameterPropertyBaseILj123EE8NameHashEv		0	0	10
N	_ZNK22CParameterPropertyBaseILj125EE8NameHashEv		0	0	1
N	_ZNK22CParameterPropertyBaseILj126EE8NameHashEv		0	0	11
N	_ZNK22CParameterPropertyBaseILj127EE8NameHashEv		0	0	11
N	_ZNK22CParameterPropertyBaseILj12EE8NameHashEv		0	0	2
N	_ZNK22CParameterPropertyBaseILj133EE8NameHashEv		0	0	1
N	_ZNK22CParameterPropertyBaseILj134EE8NameHashEv		0	0	1
N	_ZNK22CParameterPropertyBaseILj135EE8NameHashEv		0	0	1
N	_ZNK22CParameterPropertyBaseILj136EE8NameHashEv		0	0	1
N	_ZNK22CParameterPropertyBaseILj137EE8NameHashEv		0	0	1
N	_ZNK22CParameterPropertyBaseILj138EE8NameHashEv		0	0	1
N	_ZNK22CParameterPropertyBaseILj139EE8NameHashEv		0	0	2
N	_ZNK22CParameterPropertyBaseILj13EE8NameHashEv		0	0	249
N	_ZNK22CParameterPropertyBaseILj140EE8NameHashEv		0	0	13
N	_ZNK22CParameterPropertyBaseILj141EE8NameHashEv		0	0	13
N	_ZNK22CParameterPropertyBaseILj142EE8NameHashEv		0	0	13
N	_ZNK22CParameterPropertyBaseILj143EE8NameHashEv		0	0	13
N	_ZNK22CParameterPropertyBaseILj144EE8NameHashEv		0	0	13
N	_ZNK22CParameterPropertyBaseILj145EE8NameHashEv		0	0	13
N	_ZNK22CParameterPropertyBaseILj146EE8NameHashEv		0	0	13
N	_ZNK22CParameterPropertyBaseILj147EE8NameHashEv		0	0	13
N	_ZNK22CParameterPropertyBaseILj148EE8NameHashEv		0	0	13
N	_ZNK22CParameterPropertyBaseILj149EE8NameHashEv		0	0	373
N	_ZNK22CParameterPropertyBaseILj14EE8NameHashEv		0	0	282
N	_ZNK22CParameterPropertyBaseILj150EE8NameHashEv		0	0	322
N	_ZNK22CParameterPropertyBaseILj151EE8NameHashEv		0	0	176
N	_ZNK22CParameterPropertyBaseILj152EE8NameHashEv		0	0	11
N	_ZNK22CParameterPropertyBaseILj153EE8NameHashEv		0	0	46
N	_ZNK22CParameterPropertyBaseILj154EE8NameHashEv		0	0	45
N	_ZNK22CParameterPropertyBaseILj155EE8NameHashEv		0	0	45
N	_ZNK22CParameterPropertyBaseILj156EE8NameHashEv		0	0	45
N	_ZNK22CParameterPropertyBaseILj157EE8NameHashEv		0	0	46
N	_ZNK22CParameterPropertyBaseILj158EE8NameHashEv		0	0	37
N	_ZNK22CParameterPropertyBaseILj159EE8NameHashEv		0	0	37
N	_ZNK22CParameterPropertyBaseILj15EE8NameHashEv		0	0	554
N	_ZNK22CParameterPropertyBaseILj160EE8NameHashEv		0	0	37
N	_ZNK22CParameterPropertyBaseILj161EE8NameHashEv		0	0	36
N	_ZNK22CParameterPropertyBaseILj162EE8NameHashEv		0	0	17
N	_ZNK22CParameterPropertyBaseILj163EE8NameHashEv		0	0	29
N	_ZNK22CParameterPropertyBaseILj164EE8NameHashEv		0	0	29
N	_ZNK22CParameterPropertyBaseILj165EE8NameHashEv		0	0	17
N	_ZNK22CParameterPropertyBaseILj166EE8NameHashEv		0	0	14
N	_ZNK22CParameterPropertyBaseILj167EE8NameHashEv		0	0	13
N	_ZNK22CParameterPropertyBaseILj168EE8NameHashEv		0	0	14
N	_ZNK22CParameterPropertyBaseILj169EE8NameHashEv		0	0	14
N	_ZNK22CParameterPropertyBaseILj16EE8NameHashEv		0	0	517
N	_ZNK22CParameterPropertyBaseILj170EE8NameHashEv		0	0	13
N	_ZNK22CParameterPropertyBaseILj171EE8NameHashEv		0	0	12
N	_ZNK22CParameterPropertyBaseILj172EE8NameHashEv		0	0	13
N	_ZNK22CParameterPropertyBaseILj173EE8NameHashEv		0	0	1
N	_ZNK22CParameterPropertyBaseILj174EE8NameHashEv		0	0	13
N	_ZNK22CParameterPropertyBaseILj175EE8NameHashEv		0	0	13
N	_ZNK22CParameterPropertyBaseILj176EE8NameHashEv		0	0	12
N	_ZNK22CParameterPropertyBaseILj177EE8NameHashEv		0	0	12
N	_ZNK22CParameterPropertyBaseILj178EE8NameHashEv		0	0	12
N	_ZNK22CParameterPropertyBaseILj179EE8NameHashEv		0	0	12
N	_ZNK22CParameterPropertyBaseILj17EE8NameHashEv		0	0	438
N	_ZNK22CParameterPropertyBaseILj180EE8NameHashEv		0	0	12
N	_ZNK22CParameterPropertyBaseILj181EE8NameHashEv		0	0	12
N	_ZNK22CParameterPropertyBaseILj182EE8NameHashEv		0	0	12
N	_ZNK22CParameterPropertyBaseILj184EE8NameHashEv		0	0	12
N	_ZNK22CParameterPropertyBaseILj185EE8NameHashEv		0	0	12
N	_ZNK22CParameterPropertyBaseILj186EE8NameHashEv		0	0	12
N	_ZNK22CParameterPropertyBaseILj187EE8NameHashEv		0	0	12
N	_ZNK22CParameterPropertyBaseILj188EE8NameHashEv		0	0	13
N	_ZNK22CParameterPropertyBaseILj189EE8NameHashEv		0	0	13
N	_ZNK22CParameterPropertyBaseILj18EE8NameHashEv		0	0	445
N	_ZNK22CParameterPropertyBaseILj190EE8NameHashEv		0	0	13
N	_ZNK22CParameterPropertyBaseILj191EE8NameHashEv		0	0	21
N	_ZNK22CParameterPropertyBaseILj192EE8NameHashEv		0	0	13
N	_ZNK22CParameterPropertyBaseILj193EE8NameHashEv		0	0	12
N	_ZNK22CParameterPropertyBaseILj194EE8NameHashEv		0	0	41
N	_ZNK22CParameterPropertyBaseILj195EE8NameHashEv		0	0	41
N	_ZNK22CParameterPropertyBaseILj196EE8NameHashEv		0	0	44
N	_ZNK22CParameterPropertyBaseILj197EE8NameHashEv		0	0	44
N	_ZNK22CParameterPropertyBaseILj198EE8NameHashEv		0	0	15
N	_ZNK22CParameterPropertyBaseILj199EE8NameHashEv		0	0	4
N	_ZNK22CParameterPropertyBaseILj19EE8NameHashEv		0	0	110
N	_ZNK22CParameterPropertyBaseILj200EE8NameHashEv		0	0	16
N	_ZNK22CParameterPropertyBaseILj201EE8NameHashEv		0	0	16
N	_ZNK22CParameterPropertyBaseILj202EE8NameHashEv		0	0	13
N	_ZNK22CParameterPropertyBaseILj203EE8NameHashEv		0	0	13
N	_ZNK22CParameterPropertyBaseILj204EE8NameHashEv		0	0	1
N	_ZNK22CParameterPropertyBaseILj205EE8NameHashEv		0	0	13
N	_ZNK22CParameterPropertyBaseILj206EE8NameHashEv		0	0	1
N	_ZNK22CParameterPropertyBaseILj207EE8NameHashEv		0	0	13
N	_ZNK22CParameterPropertyBaseILj208EE8NameHashEv		0	0	21
N	_ZNK22CParameterPropertyBaseILj209EE8NameHashEv		0	0	21
N	_ZNK22CParameterPropertyBaseILj20EE8NameHashEv		0	0	134
N	_ZNK22CParameterPropertyBaseILj210EE8NameHashEv		0	0	21
N	_ZNK22CParameterPropertyBaseILj211EE8NameHashEv		0	0	12
N	_ZNK22CParameterPropertyBaseILj212EE8NameHashEv		0	0	12
N	_ZNK22CParameterPropertyBaseILj214EE8NameHashEv		0	0	12
N	_ZNK22CParameterPropertyBaseILj215EE8NameHashEv		0	0	12
N	_ZNK22CParameterPropertyBaseILj216EE8NameHashEv		0	0	12
N	_ZNK22CParameterPropertyBaseILj217EE8NameHashEv		0	0	9
N	_ZNK22CParameterPropertyBaseILj218EE8NameHashEv		0	0	21
N	_ZNK22CParameterPropertyBaseILj219EE8NameHashEv		0	0	21
N	_ZNK22CParameterPropertyBaseILj21EE8NameHashEv		0	0	133
N	_ZNK22CParameterPropertyBaseILj220EE8NameHashEv		0	0	12
N	_ZNK22CParameterPropertyBaseILj221EE8NameHashEv		0	0	12
N	_ZNK22CParameterPropertyBaseILj222EE8NameHashEv		0	0	13
N	_ZNK22CParameterPropertyBaseILj223EE8NameHashEv		0	0	1
N	_ZNK22CParameterPropertyBaseILj224EE8NameHashEv		0	0	12
N	_ZNK22CParameterPropertyBaseILj225EE8NameHashEv		0	0	12
N	_ZNK22CParameterPropertyBaseILj226EE8NameHashEv		0	0	12
N	_ZNK22CParameterPropertyBaseILj228EE8NameHashEv		0	0	12
N	_ZNK22CParameterPropertyBaseILj229EE8NameHashEv		0	0	12
N	_ZNK22CParameterPropertyBaseILj22EE8NameHashEv		0	0	51
N	_ZNK22CParameterPropertyBaseILj230EE8NameHashEv		0	0	12
N	_ZNK22CParameterPropertyBaseILj231EE8NameHashEv		0	0	12
N	_ZNK22CParameterPropertyBaseILj232EE8NameHashEv		0	0	12
N	_ZNK22CParameterPropertyBaseILj233EE8NameHashEv		0	0	12
N	_ZNK22CParameterPropertyBaseILj234EE8NameHashEv		0	0	13
N	_ZNK22CParameterPropertyBaseILj235EE8NameHashEv		0	0	1
N	_ZNK22CParameterPropertyBaseILj236EE8NameHashEv		0	0	13
N	_ZNK22CParameterPropertyBaseILj238EE8NameHashEv		0	0	12
N	_ZNK22CParameterPropertyBaseILj239EE8NameHashEv		0	0	12
N	_ZNK22CParameterPropertyBaseILj23EE8NameHashEv		0	0	24
N	_ZNK22CParameterPropertyBaseILj240EE8NameHashEv		0	0	12
N	_ZNK22CParameterPropertyBaseILj242EE8NameHashEv		0	0	12
N	_ZNK22CParameterPropertyBaseILj243EE8NameHashEv		0	0	12
N	_ZNK22CParameterPropertyBaseILj244EE8NameHashEv		0	0	12
N	_ZNK22CParameterPropertyBaseILj245EE8NameHashEv		0	0	12
N	_ZNK22CParameterPropertyBaseILj247EE8NameHashEv		0	0	12
N	_ZNK22CParameterPropertyBaseILj248EE8NameHashEv		0	0	12
N	_ZNK22CParameterPropertyBaseILj249EE8NameHashEv		0	0	12
N	_ZNK22CParameterPropertyBaseILj24EE8NameHashEv		0	0	19
N	_ZNK22CParameterPropertyBaseILj25EE8NameHashEv		0	0	15
N	_ZNK22CParameterPropertyBaseILj26EE8NameHashEv		0	0	18
N	_ZNK22CParameterPropertyBaseILj27EE8NameHashEv		0	0	13
N	_ZNK22CParameterPropertyBaseILj28EE8NameHashEv		0	0	5
N	_ZNK22CParameterPropertyBaseILj29EE8NameHashEv		0	0	6
N	_ZNK22CParameterPropertyBaseILj301EE8NameHashEv		0	0	9
N	_ZNK22CParameterPropertyBaseILj302EE8NameHashEv		0	0	9
N	_ZNK22CParameterPropertyBaseILj305EE8NameHashEv		0	0	9
N	_ZNK22CParameterPropertyBaseILj30EE8NameHashEv		0	0	6
N	_ZNK22CParameterPropertyBaseILj317EE8NameHashEv		0	0	1
N	_ZNK22CParameterPropertyBaseILj31EE8NameHashEv		0	0	6
N	_ZNK22CParameterPropertyBaseILj32EE8NameHashEv		0	0	6
N	_ZNK22CParameterPropertyBaseILj33EE8NameHashEv		0	0	10
N	_ZNK22CParameterPropertyBaseILj34EE8NameHashEv		0	0	14
N	_ZNK22CParameterPropertyBaseILj350EE8NameHashEv		0	0	1
N	_ZNK22CParameterPropertyBaseILj351EE8NameHashEv		0	0	1
N	_ZNK22CParameterPropertyBaseILj35EE8NameHashEv		0	0	11
N	_ZNK22CParameterPropertyBaseILj367EE8NameHashEv		0	0	9
N	_ZNK22CParameterPropertyBaseILj368EE8NameHashEv		0	0	9
N	_ZNK22CParameterPropertyBaseILj369EE8NameHashEv		0	0	9
N	_ZNK22CParameterPropertyBaseILj36EE8NameHashEv		0	0	69
N	_ZNK22CParameterPropertyBaseILj370EE8NameHashEv		0	0	9
N	_ZNK22CParameterPropertyBaseILj37EE8NameHashEv		0	0	70
N	_ZNK22CParameterPropertyBaseILj38EE8NameHashEv		0	0	86
N	_ZNK22CParameterPropertyBaseILj397EE8NameHashEv		0	0	9
N	_ZNK22CParameterPropertyBaseILj398EE8NameHashEv		0	0	9
N	_ZNK22CParameterPropertyBaseILj39EE8NameHashEv		0	0	88
N	_ZNK22CParameterPropertyBaseILj40EE8NameHashEv		0	0	233
N	_ZNK22CParameterPropertyBaseILj41EE8NameHashEv		0	0	232
N	_ZNK22CParameterPropertyBaseILj42EE8NameHashEv		0	0	174
N	_ZNK22CParameterPropertyBaseILj43EE8NameHashEv		0	0	172
N	_ZNK22CParameterPropertyBaseILj44EE8NameHashEv		0	0	171
N	_ZNK22CParameterPropertyBaseILj45EE8NameHashEv		0	0	171
N	_ZNK22CParameterPropertyBaseILj46EE8NameHashEv		0	0	171
N	_ZNK22CParameterPropertyBaseILj47EE8NameHashEv		0	0	353
N	_ZNK22CParameterPropertyBaseILj48EE8NameHashEv		0	0	354
N	_ZNK22CParameterPropertyBaseILj495EE8NameHashEv		0	0	1
N	_ZNK22CParameterPropertyBaseILj496EE8NameHashEv		0	0	1
N	_ZNK22CParameterPropertyBaseILj49EE8NameHashEv		0	0	186
N	_ZNK22CParameterPropertyBaseILj50EE8NameHashEv		0	0	154
N	_ZNK22CParameterPropertyBaseILj510EE8NameHashEv		0	0	1
N	_ZNK22CParameterPropertyBaseILj51EE8NameHashEv		0	0	2857
N	_ZNK22CParameterPropertyBaseILj525EE8NameHashEv		0	0	1
N	_ZNK22CParameterPropertyBaseILj526EE8NameHashEv		0	0	1
N	_ZNK22CParameterPropertyBaseILj527EE8NameHashEv		0	0	1
N	_ZNK22CParameterPropertyBaseILj528EE8NameHashEv		0	0	1
N	_ZNK22CParameterPropertyBaseILj529EE8NameHashEv		0	0	1
N	_ZNK22CParameterPropertyBaseILj52EE8NameHashEv		0	0	2855
N	_ZNK22CParameterPropertyBaseILj530EE8NameHashEv		0	0	1
N	_ZNK22CParameterPropertyBaseILj531EE8NameHashEv		0	0	1
N	_ZNK22CParameterPropertyBaseILj533EE8NameHashEv		0	0	1
N	_ZNK22CParameterPropertyBaseILj534EE8NameHashEv		0	0	1
N	_ZNK22CParameterPropertyBaseILj535EE8NameHashEv		0	0	1
N	_ZNK22CParameterPropertyBaseILj536EE8NameHashEv		0	0	1
N	_ZNK22CParameterPropertyBaseILj537EE8NameHashEv		0	0	1
N	_ZNK22CParameterPropertyBaseILj539EE8NameHashEv		0	0	1
N	_ZNK22CParameterPropertyBaseILj53EE8NameHashEv		0	0	2855
N	_ZNK22CParameterPropertyBaseILj540EE8NameHashEv		0	0	1
N	_ZNK22CParameterPropertyBaseILj541EE8NameHashEv		0	0	1
N	_ZNK22CParameterPropertyBaseILj543EE8NameHashEv		0	0	1
N	_ZNK22CParameterPropertyBaseILj544EE8NameHashEv		0	0	1
N	_ZNK22CParameterPropertyBaseILj545EE8NameHashEv		0	0	1
N	_ZNK22CParameterPropertyBaseILj546EE8NameHashEv		0	0	1
N	_ZNK22CParameterPropertyBaseILj547EE8NameHashEv		0	0	1
N	_ZNK22CParameterPropertyBaseILj548EE8NameHashEv		0	0	1
N	_ZNK22CParameterPropertyBaseILj549EE8NameHashEv		0	0	1
N	_ZNK22CParameterPropertyBaseILj54EE8NameHashEv		0	0	2855
N	_ZNK22CParameterPropertyBaseILj551EE8NameHashEv		0	0	1
N	_ZNK22CParameterPropertyBaseILj552EE8NameHashEv		0	0	1
N	_ZNK22CParameterPropertyBaseILj553EE8NameHashEv		0	0	1
N	_ZNK22CParameterPropertyBaseILj554EE8NameHashEv		0	0	1
N	_ZNK22CParameterPropertyBaseILj555EE8NameHashEv		0	0	1
N	_ZNK22CParameterPropertyBaseILj558EE8NameHashEv		0	0	1
N	_ZNK22CParameterPropertyBaseILj559EE8NameHashEv		0	0	1
N	_ZNK22CParameterPropertyBaseILj55EE8NameHashEv		0	0	2854
N	_ZNK22CParameterPropertyBaseILj560EE8NameHashEv		0	0	1
N	_ZNK22CParameterPropertyBaseILj561EE8NameHashEv		0	0	1
N	_ZNK22CParameterPropertyBaseILj562EE8NameHashEv		0	0	1
N	_ZNK22CParameterPropertyBaseILj563EE8NameHashEv		0	0	1
N	_ZNK22CParameterPropertyBaseILj565EE8NameHashEv		0	0	1
N	_ZNK22CParameterPropertyBaseILj566EE8NameHashEv		0	0	1
N	_ZNK22CParameterPropertyBaseILj567EE8NameHashEv		0	0	1
N	_ZNK22CParameterPropertyBaseILj569EE8NameHashEv		0	0	1
N	_ZNK22CParameterPropertyBaseILj56EE8NameHashEv		0	0	2851
N	_ZNK22CParameterPropertyBaseILj571EE8NameHashEv		0	0	1
N	_ZNK22CParameterPropertyBaseILj572EE8NameHashEv		0	0	1
N	_ZNK22CParameterPropertyBaseILj573EE8NameHashEv		0	0	1
N	_ZNK22CParameterPropertyBaseILj575EE8NameHashEv		0	0	1
N	_ZNK22CParameterPropertyBaseILj577EE8NameHashEv		0	0	1
N	_ZNK22CParameterPropertyBaseILj579EE8NameHashEv		0	0	1
N	_ZNK22CParameterPropertyBaseILj57EE8NameHashEv		0	0	2851
N	_ZNK22CParameterPropertyBaseILj58EE8NameHashEv		0	0	151
N	_ZNK22CParameterPropertyBaseILj59EE8NameHashEv		0	0	3
N	_ZNK22CParameterPropertyBaseILj60EE8NameHashEv		0	0	152
N	_ZNK22CParameterPropertyBaseILj61EE8NameHashEv		0	0	185
N	_ZNK22CParameterPropertyBaseILj62EE8NameHashEv		0	0	333
N	_ZNK22CParameterPropertyBaseILj63EE8NameHashEv		0	0	333
N	_ZNK22CParameterPropertyBaseILj64EE8NameHashEv		0	0	354
N	_ZNK22CParameterPropertyBaseILj65EE8NameHashEv		0	0	354
N	_ZNK22CParameterPropertyBaseILj66EE8NameHashEv		0	0	362
N	_ZNK22CParameterPropertyBaseILj67EE8NameHashEv		0	0	342
N	_ZNK22CParameterPropertyBaseILj68EE8NameHashEv		0	0	764
N	_ZNK22CParameterPropertyBaseILj69EE8NameHashEv		0	0	182
N	_ZNK22CParameterPropertyBaseILj70EE8NameHashEv		0	0	150
N	_ZNK22CParameterPropertyBaseILj71EE8NameHashEv		0	0	150
N	_ZNK22CParameterPropertyBaseILj72EE8NameHashEv		0	0	150
N	_ZNK22CParameterPropertyBaseILj73EE8NameHashEv		0	0	151
N	_ZNK22CParameterPropertyBaseILj74EE8NameHashEv		0	0	151
N	_ZNK22CParameterPropertyBaseILj75EE8NameHashEv		0	0	153
N	_ZNK22CParameterPropertyBaseILj76EE8NameHashEv		0	0	154
N	_ZNK22CParameterPropertyBaseILj77EE8NameHashEv		0	0	5
N	_ZNK22CParameterPropertyBaseILj78EE8NameHashEv		0	0	153
N	_ZNK22CParameterPropertyBaseILj79EE8NameHashEv		0	0	21
N	_ZNK22CParameterPropertyBaseILj80EE8NameHashEv		0	0	170
N	_ZNK22CParameterPropertyBaseILj81EE8NameHashEv		0	0	170
N	_ZNK22CParameterPropertyBaseILj82EE8NameHashEv		0	0	21
N	_ZNK22CParameterPropertyBaseILj83EE8NameHashEv		0	0	170
N	_ZNK22CParameterPropertyBaseILj84EE8NameHashEv		0	0	170
N	_ZNK22CParameterPropertyBaseILj85EE8NameHashEv		0	0	170
N	_ZNK22CParameterPropertyBaseILj86EE8NameHashEv		0	0	170
N	_ZNK22CParameterPropertyBaseILj87EE8NameHashEv		0	0	170
N	_ZNK22CParameterPropertyBaseILj88EE8NameHashEv		0	0	22
N	_ZNK22CParameterPropertyBaseILj89EE8NameHashEv		0	0	21
N	_ZNK22CParameterPropertyBaseILj90EE8NameHashEv		0	0	22
N	_ZNK22CParameterPropertyBaseILj91EE8NameHashEv		0	0	2
N	_ZNK22CParameterPropertyBaseILj92EE8NameHashEv		0	0	3
N	_ZNK22CParameterPropertyBaseILj93EE8NameHashEv		0	0	2
N	_ZNK22CParameterPropertyBaseILj94EE8NameHashEv		0	0	2
N	_ZNK22CParameterPropertyBaseILj95EE8NameHashEv		0	0	1113
N	_ZNK22CParameterPropertyBaseILj96EE8NameHashEv		0	0	21
N	_ZNK22CParameterPropertyBaseILj97EE8NameHashEv		0	0	21
N	_ZNK22CParameterPropertyBaseILj98EE8NameHashEv		0	0	21
N	_ZNK22CParameterPropertyBaseILj99EE8NameHashEv		0	0	20
N	_ZNK26CMasterParameterBaseSqlite18DeserializeMsgPackI28CMasterParameterSkillElementEEvRKN4Aska12TSharedArrayIaEERKlPT_PN9Framework16CSTLUnorderedMapIjS9_NSt6__ndk14hashIjEENSD_8equal_toIjEEEE		0	1	4
N	_ZNK26CMasterParameterBaseSqlite18DeserializeMsgPackI29CMasterParameterEffectElementEEvRKN4Aska12TSharedArrayIaEERKlPT_PN9Framework16CSTLUnorderedMapIjS9_NSt6__ndk14hashIjEENSD_8equal_toIjEEEE		7	9	1
N	_ZNK26CMasterParameterBaseSqlite18DeserializeMsgPackI35CMasterParameterBattleGlobalElementEEvRKN4Aska12TSharedArrayIaEERKlPT_PN9Framework16CSTLUnorderedMapIjS9_NSt6__ndk14hashIjEENSD_8equal_toIjEEEE		0	0	1
N	_ZNK26CMasterParameterBaseSqlite18DeserializeMsgPackI37CMasterParameterSkillParameterElementEEvRKN4Aska12TSharedArrayIaEERKlPT_PN9Framework16CSTLUnorderedMapIjS9_NSt6__ndk14hashIjEENSD_8equal_toIjEEEE		0	0	4
N	_ZNK33CMasterParameterBaseSqlite_SimpleI16StringDBEelementE18pParameterFromHashEj		3	406	233
N	_ZNK33CMasterParameterBaseSqlite_SimpleI23CMasterSphere211ElementE18pParameterFromHashEj		0	4	6
N	_ZNK33CMasterParameterBaseSqlite_SimpleI25CMasterFactorBoostElementE19ParameterFromIdListERKN9Framework10CSTLVectorIjEERNS2_16CSTLUnorderedMapIjS0_NSt6__ndk14hashIjEENS8_8equal_toIjEEEEPKc		0	0	12
N	_ZNK33CMasterParameterBaseSqlite_SimpleI26CMasterParameterMapElementE18pParameterFromHashEj		0	0	3
N	_ZNK33CMasterParameterBaseSqlite_SimpleI27CMasterParameterAreaElementE16ParameterByQueryEPKcPN4Aska5Yayoi10QueryParamEj		0	0	1
N	_ZNK33CMasterParameterBaseSqlite_SimpleI27CMasterParameterAreaElementE18pParameterFromHashEj		0	1	1
N	_ZNK33CMasterParameterBaseSqlite_SimpleI27CMasterParameterItemElementE18pParameterFromHashEj		1	14	31
N	_ZNK33CMasterParameterBaseSqlite_SimpleI27CMasterParameterRankElementE16ParameterByQueryEPKcRN9Framework16CSTLUnorderedMapIjS0_NSt6__ndk14hashIjEENS6_8equal_toIjEEEEPN4Aska5Yayoi10QueryParamEj		0	0	8
N	_ZNK33CMasterParameterBaseSqlite_SimpleI27CMasterParameterRoleElementE18pParameterFromHashEj		0	1	552
N	_ZNK33CMasterParameterBaseSqlite_SimpleI28CMasterParameterGachaElementE16ParameterByQueryEPKcRN9Framework16CSTLUnorderedMapIjS0_NSt6__ndk14hashIjEENS6_8equal_toIjEEEEPN4Aska5Yayoi10QueryParamEj		104	119	2
N	_ZNK33CMasterParameterBaseSqlite_SimpleI28CMasterParameterTitleElementE16ParameterByQueryEPKcPN4Aska5Yayoi10QueryParamEj		0	0	3
N	_ZNK33CMasterParameterBaseSqlite_SimpleI28CMasterUniverseTalentElementE19ParameterFromIdListERKN9Framework10CSTLVectorIjEERNS2_16CSTLUnorderedMapIjS0_NSt6__ndk14hashIjEENS8_8equal_toIjEEEEPKc		0	0	12
N	_ZNK33CMasterParameterBaseSqlite_SimpleI29CMasterParameterBannerElementE16ParameterByQueryEPKcRN9Framework16CSTLUnorderedMapIjS0_NSt6__ndk14hashIjEENS6_8equal_toIjEEEEPN4Aska5Yayoi10QueryParamEj		7	13	8
N	_ZNK33CMasterParameterBaseSqlite_SimpleI29CMasterParameterEffectElementE16ParameterByQueryEPKcRN9Framework16CSTLUnorderedMapIjS0_NSt6__ndk14hashIjEENS6_8equal_toIjEEEEPN4Aska5Yayoi10QueryParamEj		27	60	12
N	_ZNK33CMasterParameterBaseSqlite_SimpleI29CMasterParameterEffectElementE18pParameterFromHashEj		1	8	2080
N	_ZNK33CMasterParameterBaseSqlite_SimpleI29CMasterParameterFactorElementE18pParameterFromHashEj		0	15	69
N	_ZNK33CMasterParameterBaseSqlite_SimpleI29CMasterParameterGlobalElementE16ParameterByQueryEPKcPN4Aska5Yayoi10QueryParamEj		11	11	14614
N	_ZNK33CMasterParameterBaseSqlite_SimpleI29CMasterParameterGlobalElementE16ParameterByQueryEPKcRN9Framework16CSTLUnorderedMapIjS0_NSt6__ndk14hashIjEENS6_8equal_toIjEEEEPN4Aska5Yayoi10QueryParamEj		0	0	1
N	_ZNK33CMasterParameterBaseSqlite_SimpleI29CMasterParameterPersonElementE16ParameterByQueryEPKcPN4Aska5Yayoi10QueryParamEj		0	1	3
N	_ZNK33CMasterParameterBaseSqlite_SimpleI29CMasterParameterPersonElementE18pParameterFromHashEj		1	5	182
N	_ZNK33CMasterParameterBaseSqlite_SimpleI29CMasterParameterTalentElementE18pParameterFromHashEj		0	4	22
N	_ZNK33CMasterParameterBaseSqlite_SimpleI29CMasterParameterWeaponElementE18pParameterFromHashEj		0	4	127
N	_ZNK33CMasterParameterBaseSqlite_SimpleI30CMasterParameterMenuBGMElementE16ParameterByQueryEPKcRN9Framework16CSTLUnorderedMapIjS0_NSt6__ndk14hashIjEENS6_8equal_toIjEEEEPN4Aska5Yayoi10QueryParamEj		0	2	6
N	_ZNK33CMasterParameterBaseSqlite_SimpleI30CMasterParameterMissionElementE18pParameterFromHashEj		0	1	6
N	_ZNK33CMasterParameterBaseSqlite_SimpleI30CMasterSubscriptionPlanElementE19ParameterFromIdListERKN9Framework10CSTLVectorIjEERNS2_16CSTLUnorderedMapIjS0_NSt6__ndk14hashIjEENS8_8equal_toIjEEEEPKc		0	0	5
N	_ZNK33CMasterParameterBaseSqlite_SimpleI31CMasterEventRankingGroupElementE16ParameterByQueryEPKcRN9Framework16CSTLUnorderedMapIjS0_NSt6__ndk14hashIjEENS6_8equal_toIjEEEEPN4Aska5Yayoi10QueryParamEj		0	0	3
N	_ZNK33CMasterParameterBaseSqlite_SimpleI32CMasterParameterEnemyBaseElementE18pParameterFromHashEj		0	2	16
N	_ZNK33CMasterParameterBaseSqlite_SimpleI32CMasterParameterEventTermElementE16ParameterByQueryEPKcRN9Framework16CSTLUnorderedMapIjS0_NSt6__ndk14hashIjEENS6_8equal_toIjEEEEPN4Aska5Yayoi10QueryParamEj		2	3	3
N	_ZNK33CMasterParameterBaseSqlite_SimpleI32CMasterParameterEventTermElementE19ParameterFromIdListERKN9Framework10CSTLVectorIjEERNS2_16CSTLUnorderedMapIjS0_NSt6__ndk14hashIjEENS8_8equal_toIjEEEEPKc		0	3	3
N	_ZNK33CMasterParameterBaseSqlite_SimpleI32CMasterParameterGiftGachaElementE16ParameterByQueryEPKcRN9Framework16CSTLUnorderedMapIjS0_NSt6__ndk14hashIjEENS6_8equal_toIjEEEEPN4Aska5Yayoi10QueryParamEj		2	3	2
N	_ZNK33CMasterParameterBaseSqlite_SimpleI32CMasterParameterMenuVoiceElementE16ParameterByQueryEPKcRN9Framework16CSTLUnorderedMapIjS0_NSt6__ndk14hashIjEENS6_8equal_toIjEEEEPN4Aska5Yayoi10QueryParamEj		0	1	1
N	_ZNK33CMasterParameterBaseSqlite_SimpleI32CMasterParameterWinCameraElementE18pParameterFromHashEj		0	4	20
N	_ZNK33CMasterParameterBaseSqlite_SimpleI33CMasterHome3DMotionSettingElementE16ParameterByQueryEPKcPN4Aska5Yayoi10QueryParamEj		0	5	93
N	_ZNK33CMasterParameterBaseSqlite_SimpleI33CMasterParameterEnemyPartyElementE18pParameterFromHashEj		0	2	4
N	_ZNK33CMasterParameterBaseSqlite_SimpleI33CMasterParameterFactorSeedElementE18pParameterFromHashEj		0	5	11
N	_ZNK33CMasterParameterBaseSqlite_SimpleI33CMasterParameterFavorLevelElementE16ParameterByQueryEPKcRN9Framework16CSTLUnorderedMapIjS0_NSt6__ndk14hashIjEENS6_8equal_toIjEEEEPN4Aska5Yayoi10QueryParamEj		0	0	3
N	_ZNK33CMasterParameterBaseSqlite_SimpleI33CMasterParameterGachaImageElementE16ParameterByQueryEPKcRN9Framework16CSTLUnorderedMapIjS0_NSt6__ndk14hashIjEENS6_8equal_toIjEEEEPN4Aska5Yayoi10QueryParamEj		0	0	1
N	_ZNK33CMasterParameterBaseSqlite_SimpleI33CMasterParameterLoginBonusElementE18pParameterFromHashEj		0	0	4
N	_ZNK33CMasterParameterBaseSqlite_SimpleI33CMasterParameterWeaponKindElementE18pParameterFromHashEj		0	2	180
N	_ZNK33CMasterParameterBaseSqlite_SimpleI34CMasterParameterAchievementElementE16ParameterByQueryEPKcRN9Framework16CSTLUnorderedMapIjS0_NSt6__ndk14hashIjEENS6_8equal_toIjEEEEPN4Aska5Yayoi10QueryParamEj		0	2	3
N	_ZNK33CMasterParameterBaseSqlite_SimpleI34CMasterParameterEnemyCommonElementE18pParameterFromHashEj		0	0	16
N	_ZNK33CMasterParameterBaseSqlite_SimpleI34CMasterParameterEventWeeklyElementE16ParameterByQueryEPKcRN9Framework16CSTLUnorderedMapIjS0_NSt6__ndk14hashIjEENS6_8equal_toIjEEEEPN4Aska5Yayoi10QueryParamEj		0	0	3
N	_ZNK33CMasterParameterBaseSqlite_SimpleI34CMasterParameterEventWeeklyElementE19ParameterFromIdListERKN9Framework10CSTLVectorIjEERNS2_16CSTLUnorderedMapIjS0_NSt6__ndk14hashIjEENS8_8equal_toIjEEEEPKc		0	0	3
N	_ZNK33CMasterParameterBaseSqlite_SimpleI34CMasterParameterHeatUpBonusElementE16ParameterByQueryEPKcRN9Framework16CSTLUnorderedMapIjS0_NSt6__ndk14hashIjEENS6_8equal_toIjEEEEPN4Aska5Yayoi10QueryParamEj		0	0	1
N	_ZNK33CMasterParameterBaseSqlite_SimpleI34CMasterParameterHomeMessageElementE16ParameterByQueryEPKcRN9Framework16CSTLUnorderedMapIjS0_NSt6__ndk14hashIjEENS6_8equal_toIjEEEEPN4Aska5Yayoi10QueryParamEj		6	11	3
N	_ZNK33CMasterParameterBaseSqlite_SimpleI34CMasterParameterItemComposeElementE18pParameterFromHashEj		0	0	6
N	_ZNK33CMasterParameterBaseSqlite_SimpleI34CMasterParameterPlayerLevelElementE16ParameterByQueryEPKcPN4Aska5Yayoi10QueryParamEj		1	2	177
N	_ZNK33CMasterParameterBaseSqlite_SimpleI34CMasterParameterPlayerLevelElementE18pParameterFromHashEj		0	0	3
N	_ZNK33CMasterParameterBaseSqlite_SimpleI34CMasterParameterRoleBoostedElementE16ParameterByQueryEPKcPN4Aska5Yayoi10QueryParamEj		0	0	20
N	_ZNK33CMasterParameterBaseSqlite_SimpleI34CMasterParameterStageLayoutElementE18pParameterFromHashEj		1	1	4
N	_ZNK33CMasterParameterBaseSqlite_SimpleI35CMasterParameterBattleGlobalElementE18pParameterFromHashEj		0	0	242
N	_ZNK33CMasterParameterBaseSqlite_SimpleI35CMasterParameterMissionStageElementE16ParameterByQueryEPKcRN9Framework16CSTLUnorderedMapIjS0_NSt6__ndk14hashIjEENS6_8equal_toIjEEEEPN4Aska5Yayoi10QueryParamEj		0	1	1
N	_ZNK33CMasterParameterBaseSqlite_SimpleI35CMasterParameterMissionStageElementE18pParameterFromHashEj		0	1	4
N	_ZNK33CMasterParameterBaseSqlite_SimpleI36CMasterParameterBannerReplaceElementE16ParameterByQueryEPKcRN9Framework16CSTLUnorderedMapIjS0_NSt6__ndk14hashIjEENS6_8equal_toIjEEEEPN4Aska5Yayoi10QueryParamEj		0	0	1
N	_ZNK33CMasterParameterBaseSqlite_SimpleI36CMasterParameterFavorScheduleElementE16ParameterByQueryEPKcPN4Aska5Yayoi10QueryParamEj		0	0	7
N	_ZNK33CMasterParameterBaseSqlite_SimpleI37CMasterParameterLoadingMessageElementE16ParameterByQueryEPKcPN4Aska5Yayoi10QueryParamEj		0	0	2
N	_ZNK33CMasterParameterBaseSqlite_SimpleI38CMasterParameterChantEffectTypeElementE16ParameterByQueryEPKcPN4Aska5Yayoi10QueryParamEj		0	0	14
N	_ZNK33CMasterParameterBaseSqlite_SimpleI38CMasterParameterCharacterCommonElementE16ParameterByQueryEPKcPN4Aska5Yayoi10QueryParamEj		0	0	12
N	_ZNK33CMasterParameterBaseSqlite_SimpleI38CMasterParameterCharacterCommonElementE16ParameterByQueryEPKcRN9Framework16CSTLUnorderedMapIjS0_NSt6__ndk14hashIjEENS6_8equal_toIjEEEEPN4Aska5Yayoi10QueryParamEj		1	1	8
N	_ZNK33CMasterParameterBaseSqlite_SimpleI38CMasterParameterCharacterCommonElementE18pParameterFromHashEj		0	0	2
N	_ZNK33CMasterParameterBaseSqlite_SimpleI38CMasterParameterCharacterCommonElementE19ParameterFromIdListERKN9Framework10CSTLVectorIjEERNS2_16CSTLUnorderedMapIjS0_NSt6__ndk14hashIjEENS8_8equal_toIjEEEEPKc		0	1	8
N	_ZNK33CMasterParameterBaseSqlite_SimpleI38CMasterParameterMenuCommonVoiceElementE16ParameterByQueryEPKcPN4Aska5Yayoi10QueryParamEj		0	1	6
N	_ZNK33CMasterParameterBaseSqlite_SimpleI38CMasterParameterMenuCommonVoiceElementE16ParameterByQueryEPKcRN9Framework16CSTLUnorderedMapIjS0_NSt6__ndk14hashIjEENS6_8equal_toIjEEEEPN4Aska5Yayoi10QueryParamEj		0	2	18
N	_ZNK33CMasterParameterBaseSqlite_SimpleI38CMasterParameterReplaceResourceElementE16ParameterByQueryEPKcRN9Framework16CSTLUnorderedMapIjS0_NSt6__ndk14hashIjEENS6_8equal_toIjEEEEPN4Aska5Yayoi10QueryParamEj		0	0	4
N	_ZNK33CMasterParameterBaseSqlite_SimpleI39CMasterParameterBattleEvaluationElementE19ParameterFromIdListERKN9Framework10CSTLVectorIjEERNS2_16CSTLUnorderedMapIjS0_NSt6__ndk14hashIjEENS8_8equal_toIjEEEEPKc		0	0	1
N	_ZNK33CMasterParameterBaseSqlite_SimpleI40CMasterParameterAssistVoiceMarginElementE16ParameterByQueryEPKcRN9Framework16CSTLUnorderedMapIjS0_NSt6__ndk14hashIjEENS6_8equal_toIjEEEEPN4Aska5Yayoi10QueryParamEj		0	1	12
N	_ZNK33CMasterParameterBaseSqlite_SimpleI41CMasterParameterLoginBonusContentsElementE16ParameterByQueryEPKcRN9Framework16CSTLUnorderedMapIjS0_NSt6__ndk14hashIjEENS6_8equal_toIjEEEEPN4Aska5Yayoi10QueryParamEj		0	0	2
N	_ZNK33CMasterParameterBaseSqlite_SimpleI42CMasterParameterMissionClearPresentElementE16ParameterByQueryEPKcRN9Framework16CSTLUnorderedMapIjS0_NSt6__ndk14hashIjEENS6_8equal_toIjEEEEPN4Aska5Yayoi10QueryParamEj		0	1	1
N	_ZNK33CMasterParameterBaseSqlite_SimpleI45CMasterParameterItemLimitBreakLevelMaxElementE16ParameterByQueryEPKcRN9Framework16CSTLUnorderedMapIjS0_NSt6__ndk14hashIjEENS6_8equal_toIjEEEEPN4Aska5Yayoi10QueryParamEj		0	0	3
N	_ZNK35CMasterParameterBaseSqlite_CategoryI20CMasterHome3DElementE18pParameterFromHashEj		0	0	12
N	_ZNK35CMasterParameterBaseSqlite_CategoryI25CMasterParameterAIElementE10pParameterEPKcS3_		2	3	916
N	_ZNK35CMasterParameterBaseSqlite_CategoryI28CMasterParameterSkillElementE10pParameterEPKcS3_		14	28	421
N	_ZNK35CMasterParameterBaseSqlite_CategoryI28CMasterParameterVoiceElementE18pParameterFromHashEj		0	0	14
N	_ZNK35CMasterParameterBaseSqlite_CategoryI29CMasterParameterSignalElementE10pParameterEPKcS3_		1	2	2788
N	_ZNK35CMasterParameterBaseSqlite_CategoryI29CMasterParameterSignalElementE18pParameterFromHashEj		0	0	36
N	_ZNK35CMasterParameterBaseSqlite_CategoryI35CMasterParameterAttackActionElementE10pParameterEPKcS3_		0	0	433
N	_ZNK35CMasterParameterBaseSqlite_CategoryI37CMasterParameterSkillParameterElementE10pParameterEPKcS3_		5	10	195
N	_ZNK4Aska10AafHandler13GetFigureRateEhh		0	0	56298
N	_ZNK4Aska10AsfHandler16SearchNextByKindEhPKNS_11IAnimatableE		1	1	57088
N	_ZNK4Aska10AsfHandler17SearchFirstByKindEh		8	8	33380
N	_ZNK4Aska10AsfHandler19QuickSearchByNameExEPKc		0	0	292
N	_ZNK4Aska10AsfHandler6SearchEPKc		4	4	6483
N	_ZNK4Aska10Quaternion9CalcEulerEPNS_6VectorE14EnumRotateType		1	1	4235
N	_ZNK4Aska11TBinaryNodeILj16EE6GetKeyEv		0	0	1397
N	_ZNK4Aska11TBinaryNodeILj24EE6GetKeyEv		0	0	7219
N	_ZNK4Aska11TBinaryNodeILj32EE6GetKeyEv		0	0	17150
N	_ZNK4Aska11TBinaryNodeILj8EE6GetKeyEv		0	0	85
N	_ZNK4Aska12AimingObject12TargetObjectEv		0	0	2767
N	_ZNK4Aska12AimingObject14UpTargetObjectEv		0	0	7
N	_ZNK4Aska12RenderThread9GetStatusEv		5	5	388977
N	_ZNK4Aska12SoundManager11IsAvailableEPNS_11SoundObjectE		0	0	55
N	_ZNK4Aska12SoundManager16QuerySoundHandleEPNS_11SoundObjectE		0	0	266
N	_ZNK4Aska12SoundManager19QueryAudioInterfaceEPNS_14AudioConnectorE		0	0	798
N	_ZNK4Aska13MemoryManager12CalcFreeSizeEPlS1_		0	0	1
N	_ZNK4Aska15AafBlendManager9GetWeightEi		2	2	28623
N	_ZNK4Aska15TCategorizeHashINS_13TextureMemoryEE7GetNextEv		0	0	541
N	_ZNK4Aska15TCategorizeHashINS_16MappedAddressSetEE7GetNextEv		0	0	4
N	_ZNK4Aska16IParticleEmitter10GetClassIDEi		0	0	2820
N	_ZNK4Aska18HierarchicalObject10GetClassIDEi		0	0	80
N	_ZNK4Aska18HierarchicalObject11WorldMatrixEv		0	0	140733
N	_ZNK4Aska18HierarchicalObject15GetDefaultLevelEv		0	0	539
N	_ZNK4Aska22ParticleRenderableBase9ColorRateEv		0	0	8319
N	_ZNK4Aska24AppProjectDependentProxy22GetDecompressQueueSizeEv		0	0	2
N	_ZNK4Aska24AppProjectDependentProxy24GetTextureAliasesPoolMaxEv		0	0	1
N	_ZNK4Aska24AppProjectDependentProxy24GetTextureManagerPoolMaxEv		0	0	1
N	_ZNK4Aska24AppProjectDependentProxy25GetDeleteManagerQueueSizeEv		0	0	1
N	_ZNK4Aska24AppProjectDependentProxy25GetTextureAliasesTableMaxEv		0	0	1
N	_ZNK4Aska24AppProjectDependentProxy25GetTextureDataBasePoolMaxEv		0	0	1
N	_ZNK4Aska24AppProjectDependentProxy25GetTextureManagerTableMaxEv		0	0	1
N	_ZNK4Aska24AppProjectDependentProxy26GetNumberOfRenderingLayersEv		0	0	71
N	_ZNK4Aska24AppProjectDependentProxy26GetTextureDataBaseTableMaxEv		0	0	1
N	_ZNK4Aska24AppProjectDependentProxy28GetNumberOfRenderStateBufferEv		0	0	1
N	_ZNK4Aska24AppProjectDependentProxy31GetTextureReturnDataBasePoolMaxEv		0	0	1
N	_ZNK4Aska24AppProjectDependentProxy32GetMappedMemoryManagerReturnPoolEv		0	0	1
N	_ZNK4Aska24AppProjectDependentProxy32GetTextureReturnDataBaseTableMaxEv		0	0	1
N	_ZNK4Aska24AppProjectDependentProxy33GetMappedMemoryManagerHandlerPoolEv		0	0	1
N	_ZNK4Aska24AppProjectDependentProxy33GetMappedMemoryManagerMappingPoolEv		0	0	1
N	_ZNK4Aska24AppProjectDependentProxy33GetMappedMemoryManagerReturnTableEv		0	0	1
N	_ZNK4Aska24AppProjectDependentProxy33GetTextureReturnIdentifierPoolMaxEv		0	0	1
N	_ZNK4Aska24AppProjectDependentProxy34GetMappedMemoryManagerHandlerTableEv		0	0	1
N	_ZNK4Aska24AppProjectDependentProxy34GetMappedMemoryManagerMappingTableEv		0	0	1
N	_ZNK4Aska24AppProjectDependentProxy34GetMappedMemoryManagerRegisterPoolEv		0	0	1
N	_ZNK4Aska24AppProjectDependentProxy34GetTextureReturnIdentifierTableMaxEv		0	0	1
N	_ZNK4Aska24AppProjectDependentProxy35GetMappedMemoryManagerRegisterTableEv		0	0	1
N	_ZNK4Aska27HierarchicalObjectContainer11ChildObjectEi		0	0	229600
N	_ZNK4Aska27HierarchicalObjectContainer19GetChildObjectCountEv		7	7	65514
N	_ZNK4Aska28AppNetworkCommonSettingProxy16GetSocketTimeoutEv		0	0	1
N	_ZNK4Aska28AppNetworkCommonSettingProxy17GetSocketRetryNumEv		0	0	1
N	_ZNK4Aska28AppNetworkCommonSettingProxy19GetPollJobQueueSizeEv		0	0	1
N	_ZNK4Aska28AppNetworkCommonSettingProxy19GetRecvJobQueueSizeEv		0	0	1
N	_ZNK4Aska28AppNetworkCommonSettingProxy19GetSendJobQueueSizeEv		0	0	1
N	_ZNK4Aska28AppNetworkCommonSettingProxy20GetDownloadQueueSizeEv		0	0	1
N	_ZNK4Aska28AppNetworkCommonSettingProxy21GetAcceptJobQueueSizeEv		0	0	1
N	_ZNK4Aska28AppNetworkCommonSettingProxy22GetConnectJobQueueSizeEv		0	0	1
N	_ZNK4Aska28AppNetworkCommonSettingProxy22GetParallelDownloadNumEv		0	0	1
N	_ZNK4Aska28AppNetworkCommonSettingProxy23GetRecvfromJobQueueSizeEv		0	0	1
N	_ZNK4Aska39AafKeyframeData_Quaternion_Linear_U48EX8GetValueEPf		1	1	49132
N	_ZNK4Aska3Box15SquaredDistanceEPKNS_7SegmentEPfS4_S4_S4_		0	0	57
N	_ZNK4Aska4ACSV8GetValueENS0_4TypeEmmPv		5	5	129910
N	_ZNK4Aska5Event3SetEv		296	296	53087
N	_ZNK4Aska5Event4WaitEj		2450085	2450085	83700
N	_ZNK4Aska5Event5ResetEv		4	4	36775
N	_ZNK4Aska5Event8IsSignalEv		0	0	3
N	_ZNK4Aska5VSync15GetVSyncCounterEv		0	0	85
N	_ZNK4Aska5VSync17GetBasicFrameRateEv		0	0	37
N	_ZNK4Aska5VSync5GetDtEi		6	6	31498
N	_ZNK4Aska6Matrix14InvertLowErrorEPS0_		10	10	23091
N	_ZNK4Aska6Matrix6PutPRSEPNS_6VectorEPNS_10QuaternionES2_		0	0	8108
N	_ZNK4Aska6Matrix9CalcEulerEPNS_6VectorE14EnumRotateType		16	16	14200
N	_ZNK4Aska6Vector11ApplyMatrixEPS0_PKNS_6MatrixE		2	2	146152
N	_ZNK4Aska7Segment15SquaredDistanceEPKNS_6VectorEPf		0	0	12640
N	_ZNK4Aska7Segment15SquaredDistanceEPKS0_PfS3_		0	0	190
N	_ZNK4Aska9AofObject15SystemColorRateEv		0	0	85131
N	_ZNK4Aska9Semaphore4WaitEv		942984	942984	105047
N	_ZNK4Aska9Semaphore6SignalEv		713	713	94539
N	_ZNK4Aska9Semaphore7IsReadyEv		0	0	2
N	_ZNK6CArena10pGetHeightEv		0	0	23
N	_ZNK6CArena11crUIManagerEv		0	0	7839
N	_ZNK6CArena12crMapManagerEv		0	0	7504
N	_ZNK6CArena13IsInitializedEv		0	0	3
N	_ZNK6CArena13crArenaCameraEv		0	0	2
N	_ZNK6CArena14IsPrecedenceSEEv		0	0	241
N	_ZNK6CArena14crPartyManagerEv		0	0	18112
N	_ZNK6CArena15IsBattleWallAllEv		0	0	2
N	_ZNK6CArena15IsSEPlaySettingEv		0	0	163
N	_ZNK6CArena15crBattleManagerEv		0	0	163090
N	_ZNK6CArena16ClearEffectCountEh		0	0	11
N	_ZNK6CArena17EffectOthersAlphaEh		0	0	537
N	_ZNK6CArena18IsVoicePlaySettingEv		0	0	24
N	_ZNK6CArena19GetControlCharacterEv		3	3	5970
N	_ZNK6CArena19IsEnableSettingTypeEhh		0	0	8680
N	_ZNK6CArena19crOrderGaugeManagerEv		0	0	18847
N	_ZNK6CArena20IsExistBattleManagerEv		0	0	4006
N	_ZNK6CArena22crSceneObjectContainerEv		1	1	14985
N	_ZNK6CArena29SearchCharacterObjectByHandleEj		2	2	27618
N	_ZNK6CArena6IsMainEv		0	0	2620
N	_ZNK6CArena8IsBattleEv		0	0	53846
N	_ZNK6CPhase7CurrentEv		0	0	10
N	_ZNK7CBattle15GetChangeTargetEv		0	0	996
N	_ZNK7CBattle19IsEnableOrderButtonEv		1	4	929
N	_ZNK8playcore13JniHelperImpl6GetEnvEv		16	16	11
N	_ZNK8playcore13JniHelperImpl8GetClassEP7_JNIEnvRKNSt6__ndk112basic_stringIcNS3_11char_traitsIcEENS3_9allocatorIcEEEE		0	0	13
N	_ZNK8playcore15StateHelperImpl19CreateDownloadStateEP7_JNIEnvP8_jobject		20	21	4
N	_ZNK8playcore16AssetPackManager17GetDownloadStatusEP23AssetPackDownloadState_		0	0	4
N	_ZNK8playcore16AssetPackManager18GetAssetPackVectorEPPKcm		0	0	2
N	_ZNK8playcore16AssetPackManager18GetBytesDownloadedEP23AssetPackDownloadState_		0	0	4
N	_ZNK8playcore16AssetPackManager20GetAssetPackLocationEPKcPP18AssetPackLocation_		0	0	2
N	_ZNK8playcore16AssetPackManager23GetTotalBytesToDownloadEP23AssetPackDownloadState_		0	0	4
N	_ZNK9Collision19CCollisionAlgorithm10IsHitCheckEPKNS_19CCollisionShapeBaseES3_RN9Framework10CSTLVectorINS0_13CollideResultEEEb		0	19	8086
N	_ZNK9Collision19CCollisionAlgorithm11Hit_Box_AcfEPKNS_19CCollisionShapeBaseEtS3_tRN9Framework10CSTLVectorINS0_13CollideResultEEEb		0	3	324
N	_ZNK9Collision19CCollisionAlgorithm15Hit_Capsule_AcfEPKNS_19CCollisionShapeBaseEtS3_tRN9Framework10CSTLVectorINS0_13CollideResultEEEb		0	15	7762
N	_ZNK9Collision19CCollisionAlgorithm29CalcHitPoint_For_NearestPointEPKNS_19CCollisionShapeBaseES3_RN9Framework7CVectorE		1	1	244
N	_ZNK9Collision19CCollisionContainer8GetShapeEi		0	0	1749
N	_ZNK9Framework11CQuaternion6MatrixEv		0	0	401
N	_ZNK9Framework11CTouchPanel11IsConnectedEv		6	6	10496
N	_ZNK9Framework11CTouchPanel11IsDragParamEv		0	0	1050
N	_ZNK9Framework12CEffectModel8IsEnableEv		7	7	396220
N	_ZNK9Framework12CTimeElement2DTEv		4	4	188900
N	_ZNK9Framework12CTimeElement4RateEv		2	2	23930
N	_ZNK9Framework13CSoundManager9IsPlayingEm		0	0	3770
N	_ZNK9Framework14CEffectManager13cpSearchPieceEj		0	0	299
N	_ZNK9Framework14CEffectManager20pEffectModelByHandleEj		15	15	14413
N	_ZNK9Framework14CEffectManager6CPiece11ApkFileNameEv		0	0	29
N	_ZNK9Framework14CEffectManager6CPiece11AsfFileNameEv		0	0	29
N	_ZNK9Framework14CEffectManager6CPiece6pModelEj		0	0	327
N	_ZNK9Framework14CEffectManager7IsReadyEj		0	0	401
N	_ZNK9Framework15CAnimationModel12PresentFrameEv		0	0	528
N	_ZNK9Framework15CAnimationModel12cpObjectRootEv		0	0	1645
N	_ZNK9Framework15CAnimationModel14IsLoopedAtOnceEv		1	1	7180
N	_ZNK9Framework15CAnimationModel16PresentAnimationEv		0	0	10524
N	_ZNK9Framework15CAnimationModel20crAssignedAsfHandlerEv		0	0	17
N	_ZNK9Framework16CResourceManager10NumLoadingEv		0	0	36
N	_ZNK9Framework16CResourceManager15GetDefaultLevelEv		0	0	1
N	_ZNK9Framework16CResourceManager17IsReadyDirectFileEPKcPb		101	104	18170
N	_ZNK9Framework16CResourceManager27crResourceElementDirectFileEPKc		2	3	523
N	_ZNK9Framework16CResourceManager9IsLoadingEv		3	3	1429
N	_ZNK9Framework16TObjectContainerINS_6CSound8CElementEE11NumElementsEv		0	0	2383
N	_ZNK9Framework16TObjectContainerINS_6CSound8CElementEE9crElementEm		0	0	1536
N	_ZNK9Framework16TObjectContainerIP13BehaviorQueueE11NumElementsEv		0	0	337633
N	_ZNK9Framework16TObjectContainerIP13BehaviorQueueE9crElementEm		1	1	309106
N	_ZNK9Framework16TObjectContainerIPNS_21IFixedLengthAllocatorEE11NumElementsEv		0	0	1103
N	_ZNK9Framework21TFixedLengthAllocatorILm128EE6IsMineEPv		0	0	160
N	_ZNK9Framework21TFixedLengthAllocatorILm16EE6IsMineEPv		0	0	182
N	_ZNK9Framework21TFixedLengthAllocatorILm192EE6IsMineEPv		0	0	10
N	_ZNK9Framework21TFixedLengthAllocatorILm32EE6IsMineEPv		0	0	182
N	_ZNK9Framework22CDirectAofTextRenderer10PutCounterEv		3	3	72701
N	_ZNK9Framework22CDirectAofTextRenderer14CalcStringRectEPKcff		0	10	5433
N	_ZNK9Framework22CDirectAofTextRenderer9CharCountEv		2	2	72701
N	_ZNK9Framework22CInteroperateParameter12ConvertToRowEPKc		0	0	129956
N	_ZNK9Framework22CInteroperateParameter7IsExistEPKc		9	9	46693
N	_ZNK9Framework24CAnimationBlendContainer11NumElementsEv		3	3	34547
N	_ZNK9Framework24CAnimationBlendContainer12pSearchEmptyEv		0	0	722
N	_ZNK9Framework24CAnimationBlendContainer9OrAllFlagEv		2	4	10524
N	_ZNK9Framework24CAnimationBlendContainer9crElementEi		2	2	10528
N	_ZNK9Framework27CDirectAofPrimitiveRenderer13NumPrimitivesEv		1	1	6230
N	_ZNK9Framework27CDirectAofPrimitiveRenderer16crDirectMaterialEv		0	0	419
N	_ZNK9Framework27CDirectAofPrimitiveRenderer9cpTextureEv		2	2	74627
N	_ZNK9Framework4CPad8NumUnitsEv		0	0	10496
N	_ZNK9Framework5CACSV10NumColumnsEv		0	0	79
N	_ZNK9Framework5CACSV6StringEmm		0	0	2008
N	_ZNK9Framework5CACSV7NumRowsEv		0	0	158
N	_ZNK9Framework5CACSV8IsStringEmm		0	0	2008
N	_ZNK9Framework5Cocos10CCocosNode12GetBasicRectEb		1	1	486
N	_ZNK9Framework5Cocos10CCocosNode13GetLayoutSizeEv		0	0	936
N	_ZNK9Framework5Cocos10CCocosNode14ColorHierarchyEv		0	0	7324
N	_ZNK9Framework5Cocos10CCocosNode14GetWorldMatrixEb		1	1	12999
N	_ZNK9Framework5Cocos10CCocosNode16OpacityHierarchyEv		0	0	9034
N	_ZNK9Framework5Cocos10CCocosNode16VisibleHierarchyEv		0	0	1199
N	_ZNK9Framework5Cocos10CCocosNode17GetLayoutPositionEv		0	0	4
N	_ZNK9Framework5Cocos10CCocosNode8HitCheckERKNS_5CRectE		0	0	224
N	_ZNK9Framework5Cocos10CCocosNode8HitCheckERKNS_8CVector2E		1	4	183
N	_ZNK9Framework5Cocos11CCocosPanel15GetClippingRectEv		0	0	67
N	_ZNK9Framework5Cocos11CCocosScene7ImageUVERKNSt6__ndk112basic_stringIcNS2_11char_traitsIcEENS_13CSTLAllocatorIcNS_22CSTLStringAllocatorInfEEEEEbb		0	1	820
N	_ZNK9Framework5Cocos11CCocosScene9ImageSizeERKNSt6__ndk112basic_stringIcNS2_11char_traitsIcEENS_13CSTLAllocatorIcNS_22CSTLStringAllocatorInfEEEEE		1	3	2532
N	_ZNK9Framework5Cocos11CCocosScene9ImageSizeERKNSt6__ndk112basic_stringIcNS2_11char_traitsIcEENS_13CSTLAllocatorIcNS_22CSTLStringAllocatorInfEEEEEPb		0	18	6990
N	_ZNK9Framework5Cocos12CCocosSlider8HitCheckERKNS_8CVector2E		0	1	1
N	_ZNK9Framework5Cocos12CCocosSprite15IsExternalImageEv		0	0	22141
N	_ZNK9Framework5Cocos12CCocosSprite23GetRenderState_DrawSelfERNS0_8Blending13tRenderResultE		0	0	993
N	_ZNK9Framework5Cocos23CCocosTimelineAnimation9GetHandleERKNSt6__ndk112basic_stringIcNS2_11char_traitsIcEENS_13CSTLAllocatorIcNS_22CSTLStringAllocatorInfEEEEE		2	2	5130
N	_ZNK9Framework7CCamera10rSubstanceEv		0	0	5446
N	_ZNK9Framework7CHash323GetEv		1	1	56326
N	_ZNK9Framework7CHash32cvjEv		0	0	94479
N	_ZNK9Framework7CHash32eqERKS0_		0	0	120166
N	_ZNK9Framework7CHash32eqERKj		0	0	44922
N	_ZNK9Framework7CMatrix13ExtractRotateEv		1	1	18457
N	_ZNK9Framework7CMatrix6AngleYEv		0	0	2911
N	_ZNK9Framework7CMatrix7IsLegalEv		0	0	20
N	_ZNK9Framework7CMatrix9TranslateEv		0	0	137345
N	_ZNK9Framework7CVector7IsLegalEv		0	0	3765
N	_ZNSt6__ndk112__hash_tableINS_17__hash_value_typeINS_12basic_stringIcNS_11char_traitsIcEEN9Framework13CSTLAllocatorIcNS5_22CSTLStringAllocatorInfEEEEE22CParameterSoundElementEENS_22__unordered_map_hasherIS9_SB_NS_4hashIS9_EELb1EEENS_21__unordered_map_equalIS9_SB_NS_8equal_toIS9_EELb1EEENS6_ISB_NS5_28CSTLUnorderedMapAllocatorInfEEEE4findIS9_EENS_15__hash_iteratorIPNS_11__hash_nodeISB_PvEEEERKT_		2	2	45338
N	_ZNSt6__ndk112__hash_tableINS_17__hash_value_typeINS_12basic_stringIcNS_11char_traitsIcEEN9Framework13CSTLAllocatorIcNS5_22CSTLStringAllocatorInfEEEEE36CParameterCocosCommonResourceElementEENS_22__unordered_map_hasherIS9_SB_NS_4hashIS9_EELb1EEENS_21__unordered_map_equalIS9_SB_NS_8equal_toIS9_EELb1EEENS6_ISB_NS5_28CSTLUnorderedMapAllocatorInfEEEE4findIS9_EENS_15__hash_iteratorIPNS_11__hash_nodeISB_PvEEEERKT_		0	0	26
N	_ZNSt6__ndk112__hash_tableINS_17__hash_value_typeINS_12basic_stringIcNS_11char_traitsIcEEN9Framework13CSTLAllocatorIcNS5_22CSTLStringAllocatorInfEEEEEN14CMasterManager6StatusEEENS_22__unordered_map_hasherIS9_SC_NS_4hashIS9_EELb1EEENS_21__unordered_map_equalIS9_SC_NS_8equal_toIS9_EELb1EEENS6_ISC_NS5_28CSTLUnorderedMapAllocatorInfEEEE4findIS9_EENS_15__hash_iteratorIPNS_11__hash_nodeISC_PvEEEERKT_		0	0	425
N	_ZNSt6__ndk112__hash_tableINS_17__hash_value_typeINS_12basic_stringIcNS_11char_traitsIcEEN9Framework13CSTLAllocatorIcNS5_22CSTLStringAllocatorInfEEEEENS5_16CSTLUnorderedMapIS9_N13CSoundManager11tSoundImageENS_4hashIS9_EENS_8equal_toIS9_EEEEEENS_22__unordered_map_hasherIS9_SI_SE_Lb1EEENS_21__unordered_map_equalIS9_SI_SG_Lb1EEENS6_ISI_NS5_28CSTLUnorderedMapAllocatorInfEEEE4findIS9_EENS_15__hash_iteratorIPNS_11__hash_nodeISI_PvEEEERKT_		0	0	45
N	_ZNSt6__ndk112__hash_tableINS_17__hash_value_typeINS_12basic_stringIcNS_11char_traitsIcEEN9Framework13CSTLAllocatorIcNS5_22CSTLStringAllocatorInfEEEEENS5_8CSTLListINS_4pairImiEEEEEENS_22__unordered_map_hasherIS9_SE_NS_4hashIS9_EELb1EEENS_21__unordered_map_equalIS9_SE_NS_8equal_toIS9_EELb1EEENS6_ISE_NS5_28CSTLUnorderedMapAllocatorInfEEEE4findIS9_EENS_15__hash_iteratorIPNS_11__hash_nodeISE_PvEEEERKT_		1	1	262
N	_ZNSt6__ndk112__hash_tableINS_17__hash_value_typeINS_12basic_stringIcNS_11char_traitsIcEEN9Framework13CSTLAllocatorIcNS5_22CSTLStringAllocatorInfEEEEENS_4pairIjjEEEENS_22__unordered_map_hasherIS9_SC_NS_4hashIS9_EELb1EEENS_21__unordered_map_equalIS9_SC_NS_8equal_toIS9_EELb1EEENS6_ISC_NS5_28CSTLUnorderedMapAllocatorInfEEEE4findIS9_EENS_15__hash_iteratorIPNS_11__hash_nodeISC_PvEEEERKT_		0	0	176
N	_ZNSt6__ndk112__hash_tableINS_17__hash_value_typeINS_12basic_stringIcNS_11char_traitsIcEEN9Framework13CSTLAllocatorIcNS5_22CSTLStringAllocatorInfEEEEEPNS5_5Cocos16CSimpleAifLoaderEEENS_22__unordered_map_hasherIS9_SD_NS_4hashIS9_EELb1EEENS_21__unordered_map_equalIS9_SD_NS_8equal_toIS9_EELb1EEENS6_ISD_NS5_28CSTLUnorderedMapAllocatorInfEEEE4findIS9_EENS_15__hash_iteratorIPNS_11__hash_nodeISD_PvEEEERKT_		2	2	8139
N	_ZNSt6__ndk112__hash_tableINS_17__hash_value_typeINS_12basic_stringIcNS_11char_traitsIcEEN9Framework13CSTLAllocatorIcNS5_22CSTLStringAllocatorInfEEEEEPNS5_5Cocos21CCocosEventDispatcher20CEventListenerVectorEEENS_22__unordered_map_hasherIS9_SE_NS_4hashIS9_EELb1EEENS_21__unordered_map_equalIS9_SE_NS_8equal_toIS9_EELb1EEENS6_ISE_NS5_28CSTLUnorderedMapAllocatorInfEEEE4findIS9_EENS_15__hash_iteratorIPNS_11__hash_nodeISE_PvEEEERKT_		0	0	720
N	_ZNSt6__ndk112__hash_tableINS_17__hash_value_typeIj16StringDBEelementEENS_22__unordered_map_hasherIjS3_NS_4hashIjEELb1EEENS_21__unordered_map_equalIjS3_NS_8equal_toIjEELb1EEEN9Framework13CSTLAllocatorIS3_NSC_28CSTLUnorderedMapAllocatorInfEEEE6rehashEm		0	0	144
N	_ZNSt6__ndk112__hash_tableINS_17__hash_value_typeIj20CMasterHome3DElementEENS_22__unordered_map_hasherIjS3_NS_4hashIjEELb1EEENS_21__unordered_map_equalIjS3_NS_8equal_toIjEELb1EEEN9Framework13CSTLAllocatorIS3_NSC_28CSTLUnorderedMapAllocatorInfEEEE6rehashEm		0	0	4
N	_ZNSt6__ndk112__hash_tableINS_17__hash_value_typeIj23CMasterSphere211ElementEENS_22__unordered_map_hasherIjS3_NS_4hashIjEELb1EEENS_21__unordered_map_equalIjS3_NS_8equal_toIjEELb1EEEN9Framework13CSTLAllocatorIS3_NSC_28CSTLUnorderedMapAllocatorInfEEEE6rehashEm		0	0	2
N	_ZNSt6__ndk112__hash_tableINS_17__hash_value_typeIj25CMasterParameterAIElementEENS_22__unordered_map_hasherIjS3_NS_4hashIjEELb1EEENS_21__unordered_map_equalIjS3_NS_8equal_toIjEELb1EEEN9Framework13CSTLAllocatorIS3_NSC_28CSTLUnorderedMapAllocatorInfEEEE6rehashEm		0	0	70
N	_ZNSt6__ndk112__hash_tableINS_17__hash_value_typeIj26CMasterParameterMapElementEENS_22__unordered_map_hasherIjS3_NS_4hashIjEELb1EEENS_21__unordered_map_equalIjS3_NS_8equal_toIjEELb1EEEN9Framework13CSTLAllocatorIS3_NSC_28CSTLUnorderedMapAllocatorInfEEEE6rehashEm		0	0	2
N	_ZNSt6__ndk112__hash_tableINS_17__hash_value_typeIj27CMasterParameterAreaElementEENS_22__unordered_map_hasherIjS3_NS_4hashIjEELb1EEENS_21__unordered_map_equalIjS3_NS_8equal_toIjEELb1EEEN9Framework13CSTLAllocatorIS3_NSC_28CSTLUnorderedMapAllocatorInfEEEE6rehashEm		0	0	1
N	_ZNSt6__ndk112__hash_tableINS_17__hash_value_typeIj27CMasterParameterItemElementEENS_22__unordered_map_hasherIjS3_NS_4hashIjEELb1EEENS_21__unordered_map_equalIjS3_NS_8equal_toIjEELb1EEEN9Framework13CSTLAllocatorIS3_NSC_28CSTLUnorderedMapAllocatorInfEEEE6rehashEm		0	0	23
N	_ZNSt6__ndk112__hash_tableINS_17__hash_value_typeIj27CMasterParameterRankElementEENS_22__unordered_map_hasherIjS3_NS_4hashIjEELb1EEENS_21__unordered_map_equalIjS3_NS_8equal_toIjEELb1EEEN9Framework13CSTLAllocatorIS3_NSC_28CSTLUnorderedMapAllocatorInfEEEE6rehashEm		0	0	8
N	_ZNSt6__ndk112__hash_tableINS_17__hash_value_typeIj27CMasterParameterRoleElementEENS_22__unordered_map_hasherIjS3_NS_4hashIjEELb1EEENS_21__unordered_map_equalIjS3_NS_8equal_toIjEELb1EEEN9Framework13CSTLAllocatorIS3_NSC_28CSTLUnorderedMapAllocatorInfEEEE6rehashEm		0	0	22
N	_ZNSt6__ndk112__hash_tableINS_17__hash_value_typeIj28CMasterParameterGachaElementEENS_22__unordered_map_hasherIjS3_NS_4hashIjEELb1EEENS_21__unordered_map_equalIjS3_NS_8equal_toIjEELb1EEEN9Framework13CSTLAllocatorIS3_NSC_28CSTLUnorderedMapAllocatorInfEEEE6rehashEm		0	0	2
N	_ZNSt6__ndk112__hash_tableINS_17__hash_value_typeIj28CMasterParameterSkillElementEENS_22__unordered_map_hasherIjS3_NS_4hashIjEELb1EEENS_21__unordered_map_equalIjS3_NS_8equal_toIjEELb1EEEN9Framework13CSTLAllocatorIS3_NSC_28CSTLUnorderedMapAllocatorInfEEEE6rehashEm		0	0	86
N	_ZNSt6__ndk112__hash_tableINS_17__hash_value_typeIj28CMasterParameterVoiceElementEENS_22__unordered_map_hasherIjS3_NS_4hashIjEELb1EEENS_21__unordered_map_equalIjS3_NS_8equal_toIjEELb1EEEN9Framework13CSTLAllocatorIS3_NSC_28CSTLUnorderedMapAllocatorInfEEEE6rehashEm		0	0	23
N	_ZNSt6__ndk112__hash_tableINS_17__hash_value_typeIj29CMasterParameterEffectElementEENS_22__unordered_map_hasherIjS3_NS_4hashIjEELb1EEENS_21__unordered_map_equalIjS3_NS_8equal_toIjEELb1EEEN9Framework13CSTLAllocatorIS3_NSC_28CSTLUnorderedMapAllocatorInfEEEE6rehashEm		0	0	35
N	_ZNSt6__ndk112__hash_tableINS_17__hash_value_typeIj29CMasterParameterFactorElementEENS_22__unordered_map_hasherIjS3_NS_4hashIjEELb1EEENS_21__unordered_map_equalIjS3_NS_8equal_toIjEELb1EEEN9Framework13CSTLAllocatorIS3_NSC_28CSTLUnorderedMapAllocatorInfEEEE6rehashEm		0	0	29
N	_ZNSt6__ndk112__hash_tableINS_17__hash_value_typeIj29CMasterParameterGlobalElementEENS_22__unordered_map_hasherIjS3_NS_4hashIjEELb1EEENS_21__unordered_map_equalIjS3_NS_8equal_toIjEELb1EEEN9Framework13CSTLAllocatorIS3_NSC_28CSTLUnorderedMapAllocatorInfEEEE6rehashEm		0	0	2
N	_ZNSt6__ndk112__hash_tableINS_17__hash_value_typeIj29CMasterParameterPersonElementEENS_22__unordered_map_hasherIjS3_NS_4hashIjEELb1EEENS_21__unordered_map_equalIjS3_NS_8equal_toIjEELb1EEEN9Framework13CSTLAllocatorIS3_NSC_28CSTLUnorderedMapAllocatorInfEEEE6rehashEm		0	0	24
N	_ZNSt6__ndk112__hash_tableINS_17__hash_value_typeIj29CMasterParameterSignalElementEENS_22__unordered_map_hasherIjS3_NS_4hashIjEELb1EEENS_21__unordered_map_equalIjS3_NS_8equal_toIjEELb1EEEN9Framework13CSTLAllocatorIS3_NSC_28CSTLUnorderedMapAllocatorInfEEEE6rehashEm		1	1	90
N	_ZNSt6__ndk112__hash_tableINS_17__hash_value_typeIj29CMasterParameterTalentElementEENS_22__unordered_map_hasherIjS3_NS_4hashIjEELb1EEENS_21__unordered_map_equalIjS3_NS_8equal_toIjEELb1EEEN9Framework13CSTLAllocatorIS3_NSC_28CSTLUnorderedMapAllocatorInfEEEE6rehashEm		0	0	22
N	_ZNSt6__ndk112__hash_tableINS_17__hash_value_typeIj29CMasterParameterWeaponElementEENS_22__unordered_map_hasherIjS3_NS_4hashIjEELb1EEENS_21__unordered_map_equalIjS3_NS_8equal_toIjEELb1EEEN9Framework13CSTLAllocatorIS3_NSC_28CSTLUnorderedMapAllocatorInfEEEE6rehashEm		0	0	21
N	_ZNSt6__ndk112__hash_tableINS_17__hash_value_typeIj30CMasterParameterMenuBGMElementEENS_22__unordered_map_hasherIjS3_NS_4hashIjEELb1EEENS_21__unordered_map_equalIjS3_NS_8equal_toIjEELb1EEEN9Framework13CSTLAllocatorIS3_NSC_28CSTLUnorderedMapAllocatorInfEEEE6rehashEm		0	0	6
N	_ZNSt6__ndk112__hash_tableINS_17__hash_value_typeIj30CMasterParameterMissionElementEENS_22__unordered_map_hasherIjS3_NS_4hashIjEELb1EEENS_21__unordered_map_equalIjS3_NS_8equal_toIjEELb1EEEN9Framework13CSTLAllocatorIS3_NSC_28CSTLUnorderedMapAllocatorInfEEEE6rehashEm		0	0	2
N	_ZNSt6__ndk112__hash_tableINS_17__hash_value_typeIj31CMasterEventRankingGroupElementEENS_22__unordered_map_hasherIjS3_NS_4hashIjEELb1EEENS_21__unordered_map_equalIjS3_NS_8equal_toIjEELb1EEEN9Framework13CSTLAllocatorIS3_NSC_28CSTLUnorderedMapAllocatorInfEEEE6rehashEm		0	0	3
N	_ZNSt6__ndk112__hash_tableINS_17__hash_value_typeIj32CMasterParameterEnemyBaseElementEENS_22__unordered_map_hasherIjS3_NS_4hashIjEELb1EEENS_21__unordered_map_equalIjS3_NS_8equal_toIjEELb1EEEN9Framework13CSTLAllocatorIS3_NSC_28CSTLUnorderedMapAllocatorInfEEEE6rehashEm		0	0	2
N	_ZNSt6__ndk112__hash_tableINS_17__hash_value_typeIj32CMasterParameterEventTermElementEENS_22__unordered_map_hasherIjS3_NS_4hashIjEELb1EEENS_21__unordered_map_equalIjS3_NS_8equal_toIjEELb1EEEN9Framework13CSTLAllocatorIS3_NSC_28CSTLUnorderedMapAllocatorInfEEEE6rehashEm		0	0	3
N	_ZNSt6__ndk112__hash_tableINS_17__hash_value_typeIj32CMasterParameterGiftGachaElementEENS_22__unordered_map_hasherIjS3_NS_4hashIjEELb1EEENS_21__unordered_map_equalIjS3_NS_8equal_toIjEELb1EEEN9Framework13CSTLAllocatorIS3_NSC_28CSTLUnorderedMapAllocatorInfEEEE6rehashEm		0	0	2
N	_ZNSt6__ndk112__hash_tableINS_17__hash_value_typeIj32CMasterParameterMenuVoiceElementEENS_22__unordered_map_hasherIjS3_NS_4hashIjEELb1EEENS_21__unordered_map_equalIjS3_NS_8equal_toIjEELb1EEEN9Framework13CSTLAllocatorIS3_NSC_28CSTLUnorderedMapAllocatorInfEEEE6rehashEm		0	0	1
N	_ZNSt6__ndk112__hash_tableINS_17__hash_value_typeIj32CMasterParameterWinCameraElementEENS_22__unordered_map_hasherIjS3_NS_4hashIjEELb1EEENS_21__unordered_map_equalIjS3_NS_8equal_toIjEELb1EEEN9Framework13CSTLAllocatorIS3_NSC_28CSTLUnorderedMapAllocatorInfEEEE6rehashEm		0	0	18
N	_ZNSt6__ndk112__hash_tableINS_17__hash_value_typeIj33CMasterParameterEnemyPartyElementEENS_22__unordered_map_hasherIjS3_NS_4hashIjEELb1EEENS_21__unordered_map_equalIjS3_NS_8equal_toIjEELb1EEEN9Framework13CSTLAllocatorIS3_NSC_28CSTLUnorderedMapAllocatorInfEEEE6rehashEm		0	0	4
N	_ZNSt6__ndk112__hash_tableINS_17__hash_value_typeIj33CMasterParameterFactorSeedElementEENS_22__unordered_map_hasherIjS3_NS_4hashIjEELb1EEENS_21__unordered_map_equalIjS3_NS_8equal_toIjEELb1EEEN9Framework13CSTLAllocatorIS3_NSC_28CSTLUnorderedMapAllocatorInfEEEE6rehashEm		0	0	11
N	_ZNSt6__ndk112__hash_tableINS_17__hash_value_typeIj33CMasterParameterFavorLevelElementEENS_22__unordered_map_hasherIjS3_NS_4hashIjEELb1EEENS_21__unordered_map_equalIjS3_NS_8equal_toIjEELb1EEEN9Framework13CSTLAllocatorIS3_NSC_28CSTLUnorderedMapAllocatorInfEEEE6rehashEm		0	0	3
N	_ZNSt6__ndk112__hash_tableINS_17__hash_value_typeIj33CMasterParameterGachaImageElementEENS_22__unordered_map_hasherIjS3_NS_4hashIjEELb1EEENS_21__unordered_map_equalIjS3_NS_8equal_toIjEELb1EEEN9Framework13CSTLAllocatorIS3_NSC_28CSTLUnorderedMapAllocatorInfEEEE6rehashEm		0	0	1
N	_ZNSt6__ndk112__hash_tableINS_17__hash_value_typeIj33CMasterParameterLoginBonusElementEENS_22__unordered_map_hasherIjS3_NS_4hashIjEELb1EEENS_21__unordered_map_equalIjS3_NS_8equal_toIjEELb1EEEN9Framework13CSTLAllocatorIS3_NSC_28CSTLUnorderedMapAllocatorInfEEEE6rehashEm		0	0	1
N	_ZNSt6__ndk112__hash_tableINS_17__hash_value_typeIj33CMasterParameterWeaponKindElementEENS_22__unordered_map_hasherIjS3_NS_4hashIjEELb1EEENS_21__unordered_map_equalIjS3_NS_8equal_toIjEELb1EEEN9Framework13CSTLAllocatorIS3_NSC_28CSTLUnorderedMapAllocatorInfEEEE6rehashEm		0	0	18
N	_ZNSt6__ndk112__hash_tableINS_17__hash_value_typeIj34CMasterParameterAchievementElementEENS_22__unordered_map_hasherIjS3_NS_4hashIjEELb1EEENS_21__unordered_map_equalIjS3_NS_8equal_toIjEELb1EEEN9Framework13CSTLAllocatorIS3_NSC_28CSTLUnorderedMapAllocatorInfEEEE6rehashEm		0	0	3
N	_ZNSt6__ndk112__hash_tableINS_17__hash_value_typeIj34CMasterParameterEnemyCommonElementEENS_22__unordered_map_hasherIjS3_NS_4hashIjEELb1EEENS_21__unordered_map_equalIjS3_NS_8equal_toIjEELb1EEEN9Framework13CSTLAllocatorIS3_NSC_28CSTLUnorderedMapAllocatorInfEEEE6rehashEm		0	0	2
N	_ZNSt6__ndk112__hash_tableINS_17__hash_value_typeIj34CMasterParameterEventWeeklyElementEENS_22__unordered_map_hasherIjS3_NS_4hashIjEELb1EEENS_21__unordered_map_equalIjS3_NS_8equal_toIjEELb1EEEN9Framework13CSTLAllocatorIS3_NSC_28CSTLUnorderedMapAllocatorInfEEEE6rehashEm		0	0	3
N	_ZNSt6__ndk112__hash_tableINS_17__hash_value_typeIj34CMasterParameterHeatUpBonusElementEENS_22__unordered_map_hasherIjS3_NS_4hashIjEELb1EEENS_21__unordered_map_equalIjS3_NS_8equal_toIjEELb1EEEN9Framework13CSTLAllocatorIS3_NSC_28CSTLUnorderedMapAllocatorInfEEEE6rehashEm		0	0	1
N	_ZNSt6__ndk112__hash_tableINS_17__hash_value_typeIj34CMasterParameterHomeMessageElementEENS_22__unordered_map_hasherIjS3_NS_4hashIjEELb1EEENS_21__unordered_map_equalIjS3_NS_8equal_toIjEELb1EEEN9Framework13CSTLAllocatorIS3_NSC_28CSTLUnorderedMapAllocatorInfEEEE6rehashEm		0	0	3
N	_ZNSt6__ndk112__hash_tableINS_17__hash_value_typeIj34CMasterParameterItemComposeElementEENS_22__unordered_map_hasherIjS3_NS_4hashIjEELb1EEENS_21__unordered_map_equalIjS3_NS_8equal_toIjEELb1EEEN9Framework13CSTLAllocatorIS3_NSC_28CSTLUnorderedMapAllocatorInfEEEE6rehashEm		0	0	2
N	_ZNSt6__ndk112__hash_tableINS_17__hash_value_typeIj34CMasterParameterPlayerLevelElementEENS_22__unordered_map_hasherIjS3_NS_4hashIjEELb1EEENS_21__unordered_map_equalIjS3_NS_8equal_toIjEELb1EEEN9Framework13CSTLAllocatorIS3_NSC_28CSTLUnorderedMapAllocatorInfEEEE6rehashEm		0	0	2
N	_ZNSt6__ndk112__hash_tableINS_17__hash_value_typeIj34CMasterParameterStageLayoutElementEENS_22__unordered_map_hasherIjS3_NS_4hashIjEELb1EEENS_21__unordered_map_equalIjS3_NS_8equal_toIjEELb1EEEN9Framework13CSTLAllocatorIS3_NSC_28CSTLUnorderedMapAllocatorInfEEEE6rehashEm		0	0	1
N	_ZNSt6__ndk112__hash_tableINS_17__hash_value_typeIj35CMasterParameterAttackActionElementEENS_22__unordered_map_hasherIjS3_NS_4hashIjEELb1EEENS_21__unordered_map_equalIjS3_NS_8equal_toIjEELb1EEEN9Framework13CSTLAllocatorIS3_NSC_28CSTLUnorderedMapAllocatorInfEEEE6rehashEm		0	0	111
N	_ZNSt6__ndk112__hash_tableINS_17__hash_value_typeIj35CMasterParameterBattleGlobalElementEENS_22__unordered_map_hasherIjS3_NS_4hashIjEELb1EEENS_21__unordered_map_equalIjS3_NS_8equal_toIjEELb1EEEN9Framework13CSTLAllocatorIS3_NSC_28CSTLUnorderedMapAllocatorInfEEEE6rehashEm		0	0	1
N	_ZNSt6__ndk112__hash_tableINS_17__hash_value_typeIj35CMasterParameterMissionStageElementEENS_22__unordered_map_hasherIjS3_NS_4hashIjEELb1EEENS_21__unordered_map_equalIjS3_NS_8equal_toIjEELb1EEEN9Framework13CSTLAllocatorIS3_NSC_28CSTLUnorderedMapAllocatorInfEEEE6rehashEm		0	0	5
N	_ZNSt6__ndk112__hash_tableINS_17__hash_value_typeIj36CMasterParameterAIAppointMoveElementEENS_22__unordered_map_hasherIjS3_NS_4hashIjEELb1EEENS_21__unordered_map_equalIjS3_NS_8equal_toIjEELb1EEEN9Framework13CSTLAllocatorIS3_NSC_28CSTLUnorderedMapAllocatorInfEEEE6rehashEm		0	0	2
N	_ZNSt6__ndk112__hash_tableINS_17__hash_value_typeIj36CMasterParameterBannerReplaceElementEENS_22__unordered_map_hasherIjS3_NS_4hashIjEELb1EEENS_21__unordered_map_equalIjS3_NS_8equal_toIjEELb1EEEN9Framework13CSTLAllocatorIS3_NSC_28CSTLUnorderedMapAllocatorInfEEEE6rehashEm		0	0	1
N	_ZNSt6__ndk112__hash_tableINS_17__hash_value_typeIj37CMasterParameterSkillParameterElementEENS_22__unordered_map_hasherIjS3_NS_4hashIjEELb1EEENS_21__unordered_map_equalIjS3_NS_8equal_toIjEELb1EEEN9Framework13CSTLAllocatorIS3_NSC_28CSTLUnorderedMapAllocatorInfEEEE6rehashEm		0	0	88
N	_ZNSt6__ndk112__hash_tableINS_17__hash_value_typeIj38CMasterParameterCharacterCommonElementEENS_22__unordered_map_hasherIjS3_NS_4hashIjEELb1EEENS_21__unordered_map_equalIjS3_NS_8equal_toIjEELb1EEEN9Framework13CSTLAllocatorIS3_NSC_28CSTLUnorderedMapAllocatorInfEEEE6rehashEm		0	0	9
N	_ZNSt6__ndk112__hash_tableINS_17__hash_value_typeIj38CMasterParameterMenuCommonVoiceElementEENS_22__unordered_map_hasherIjS3_NS_4hashIjEELb1EEENS_21__unordered_map_equalIjS3_NS_8equal_toIjEELb1EEEN9Framework13CSTLAllocatorIS3_NSC_28CSTLUnorderedMapAllocatorInfEEEE6rehashEm		0	0	18
N	_ZNSt6__ndk112__hash_tableINS_17__hash_value_typeIj41CMasterParameterLoginBonusContentsElementEENS_22__unordered_map_hasherIjS3_NS_4hashIjEELb1EEENS_21__unordered_map_equalIjS3_NS_8equal_toIjEELb1EEEN9Framework13CSTLAllocatorIS3_NSC_28CSTLUnorderedMapAllocatorInfEEEE6rehashEm		0	0	2
N	_ZNSt6__ndk112__hash_tableINS_17__hash_value_typeIj42CMasterParameterMissionClearPresentElementEENS_22__unordered_map_hasherIjS3_NS_4hashIjEELb1EEENS_21__unordered_map_equalIjS3_NS_8equal_toIjEELb1EEEN9Framework13CSTLAllocatorIS3_NSC_28CSTLUnorderedMapAllocatorInfEEEE6rehashEm		0	0	1
N	_ZNSt6__ndk112__hash_tableINS_17__hash_value_typeIj45CMasterParameterItemLimitBreakLevelMaxElementEENS_22__unordered_map_hasherIjS3_NS_4hashIjEELb1EEENS_21__unordered_map_equalIjS3_NS_8equal_toIjEELb1EEEN9Framework13CSTLAllocatorIS3_NSC_28CSTLUnorderedMapAllocatorInfEEEE6rehashEm		0	0	3
N	_ZNSt6__ndk112__hash_tableINS_17__hash_value_typeIjN6CArena9tFootStepEEENS_22__unordered_map_hasherIjS4_NS_4hashIjEELb1EEENS_21__unordered_map_equalIjS4_NS_8equal_toIjEELb1EEEN9Framework13CSTLAllocatorIS4_NSD_28CSTLUnorderedMapAllocatorInfEEEE6rehashEm		0	0	1
N	_ZNSt6__ndk112__hash_tableINS_17__hash_value_typeIjN9Parameter15SignalParameterEEENS_22__unordered_map_hasherIjS4_NS_4hashIjEELb1EEENS_21__unordered_map_equalIjS4_NS_8equal_toIjEELb1EEEN9Framework13CSTLAllocatorIS4_NSD_28CSTLUnorderedMapAllocatorInfEEEE6rehashEm		0	0	47
N	_ZNSt6__ndk112__hash_tableINS_17__hash_value_typeIjNS_10shared_ptrI16StringDBEelementEEEENS_22__unordered_map_hasherIjS5_NS_4hashIjEELb1EEENS_21__unordered_map_equalIjS5_NS_8equal_toIjEELb1EEEN9Framework13CSTLAllocatorIS5_NSE_28CSTLUnorderedMapAllocatorInfEEEE6rehashEm		0	0	6
N	_ZNSt6__ndk112__hash_tableINS_17__hash_value_typeIjNS_10shared_ptrI23CMasterSphere211ElementEEEENS_22__unordered_map_hasherIjS5_NS_4hashIjEELb1EEENS_21__unordered_map_equalIjS5_NS_8equal_toIjEELb1EEEN9Framework13CSTLAllocatorIS5_NSE_28CSTLUnorderedMapAllocatorInfEEEE6rehashEm		0	0	1
N	_ZNSt6__ndk112__hash_tableINS_17__hash_value_typeIjNS_10shared_ptrI26CMasterParameterMapElementEEEENS_22__unordered_map_hasherIjS5_NS_4hashIjEELb1EEENS_21__unordered_map_equalIjS5_NS_8equal_toIjEELb1EEEN9Framework13CSTLAllocatorIS5_NSE_28CSTLUnorderedMapAllocatorInfEEEE6rehashEm		0	0	1
N	_ZNSt6__ndk112__hash_tableINS_17__hash_value_typeIjNS_10shared_ptrI27CMasterParameterAreaElementEEEENS_22__unordered_map_hasherIjS5_NS_4hashIjEELb1EEENS_21__unordered_map_equalIjS5_NS_8equal_toIjEELb1EEEN9Framework13CSTLAllocatorIS5_NSE_28CSTLUnorderedMapAllocatorInfEEEE6rehashEm		0	0	2
N	_ZNSt6__ndk112__hash_tableINS_17__hash_value_typeIjNS_10shared_ptrI27CMasterParameterItemElementEEEENS_22__unordered_map_hasherIjS5_NS_4hashIjEELb1EEENS_21__unordered_map_equalIjS5_NS_8equal_toIjEELb1EEEN9Framework13CSTLAllocatorIS5_NSE_28CSTLUnorderedMapAllocatorInfEEEE6rehashEm		0	0	4
N	_ZNSt6__ndk112__hash_tableINS_17__hash_value_typeIjNS_10shared_ptrI27CMasterParameterRoleElementEEEENS_22__unordered_map_hasherIjS5_NS_4hashIjEELb1EEENS_21__unordered_map_equalIjS5_NS_8equal_toIjEELb1EEEN9Framework13CSTLAllocatorIS5_NSE_28CSTLUnorderedMapAllocatorInfEEEE6rehashEm		0	0	4
N	_ZNSt6__ndk112__hash_tableINS_17__hash_value_typeIjNS_10shared_ptrI28CMasterParameterTitleElementEEEENS_22__unordered_map_hasherIjS5_NS_4hashIjEELb1EEENS_21__unordered_map_equalIjS5_NS_8equal_toIjEELb1EEEN9Framework13CSTLAllocatorIS5_NSE_28CSTLUnorderedMapAllocatorInfEEEE6rehashEm		0	0	1
N	_ZNSt6__ndk112__hash_tableINS_17__hash_value_typeIjNS_10shared_ptrI29CMasterParameterEffectElementEEEENS_22__unordered_map_hasherIjS5_NS_4hashIjEELb1EEENS_21__unordered_map_equalIjS5_NS_8equal_toIjEELb1EEEN9Framework13CSTLAllocatorIS5_NSE_28CSTLUnorderedMapAllocatorInfEEEE6rehashEm		0	0	3
N	_ZNSt6__ndk112__hash_tableINS_17__hash_value_typeIjNS_10shared_ptrI29CMasterParameterGlobalElementEEEENS_22__unordered_map_hasherIjS5_NS_4hashIjEELb1EEENS_21__unordered_map_equalIjS5_NS_8equal_toIjEELb1EEEN9Framework13CSTLAllocatorIS5_NSE_28CSTLUnorderedMapAllocatorInfEEEE6rehashEm		0	0	2
N	_ZNSt6__ndk112__hash_tableINS_17__hash_value_typeIjNS_10shared_ptrI29CMasterParameterPersonElementEEEENS_22__unordered_map_hasherIjS5_NS_4hashIjEELb1EEENS_21__unordered_map_equalIjS5_NS_8equal_toIjEELb1EEEN9Framework13CSTLAllocatorIS5_NSE_28CSTLUnorderedMapAllocatorInfEEEE6rehashEm		0	0	5
N	_ZNSt6__ndk112__hash_tableINS_17__hash_value_typeIjNS_10shared_ptrI29CMasterParameterTalentElementEEEENS_22__unordered_map_hasherIjS5_NS_4hashIjEELb1EEENS_21__unordered_map_equalIjS5_NS_8equal_toIjEELb1EEEN9Framework13CSTLAllocatorIS5_NSE_28CSTLUnorderedMapAllocatorInfEEEE6rehashEm		0	0	4
N	_ZNSt6__ndk112__hash_tableINS_17__hash_value_typeIjNS_10shared_ptrI29CMasterParameterWeaponElementEEEENS_22__unordered_map_hasherIjS5_NS_4hashIjEELb1EEENS_21__unordered_map_equalIjS5_NS_8equal_toIjEELb1EEEN9Framework13CSTLAllocatorIS5_NSE_28CSTLUnorderedMapAllocatorInfEEEE6rehashEm		0	0	3
N	_ZNSt6__ndk112__hash_tableINS_17__hash_value_typeIjNS_10shared_ptrI30CMasterParameterMissionElementEEEENS_22__unordered_map_hasherIjS5_NS_4hashIjEELb1EEENS_21__unordered_map_equalIjS5_NS_8equal_toIjEELb1EEEN9Framework13CSTLAllocatorIS5_NSE_28CSTLUnorderedMapAllocatorInfEEEE6rehashEm		0	0	1
N	_ZNSt6__ndk112__hash_tableINS_17__hash_value_typeIjNS_10shared_ptrI32CMasterParameterEnemyBaseElementEEEENS_22__unordered_map_hasherIjS5_NS_4hashIjEELb1EEENS_21__unordered_map_equalIjS5_NS_8equal_toIjEELb1EEEN9Framework13CSTLAllocatorIS5_NSE_28CSTLUnorderedMapAllocatorInfEEEE6rehashEm		0	0	1
N	_ZNSt6__ndk112__hash_tableINS_17__hash_value_typeIjNS_10shared_ptrI32CMasterParameterWinCameraElementEEEENS_22__unordered_map_hasherIjS5_NS_4hashIjEELb1EEENS_21__unordered_map_equalIjS5_NS_8equal_toIjEELb1EEEN9Framework13CSTLAllocatorIS5_NSE_28CSTLUnorderedMapAllocatorInfEEEE6rehashEm		0	0	3
N	_ZNSt6__ndk112__hash_tableINS_17__hash_value_typeIjNS_10shared_ptrI33CMasterHome3DMotionSettingElementEEEENS_22__unordered_map_hasherIjS5_NS_4hashIjEELb1EEENS_21__unordered_map_equalIjS5_NS_8equal_toIjEELb1EEEN9Framework13CSTLAllocatorIS5_NSE_28CSTLUnorderedMapAllocatorInfEEEE6rehashEm		0	0	3
N	_ZNSt6__ndk112__hash_tableINS_17__hash_value_typeIjNS_10shared_ptrI33CMasterParameterEnemyPartyElementEEEENS_22__unordered_map_hasherIjS5_NS_4hashIjEELb1EEENS_21__unordered_map_equalIjS5_NS_8equal_toIjEELb1EEEN9Framework13CSTLAllocatorIS5_NSE_28CSTLUnorderedMapAllocatorInfEEEE6rehashEm		0	0	1
N	_ZNSt6__ndk112__hash_tableINS_17__hash_value_typeIjNS_10shared_ptrI33CMasterParameterFactorSeedElementEEEENS_22__unordered_map_hasherIjS5_NS_4hashIjEELb1EEENS_21__unordered_map_equalIjS5_NS_8equal_toIjEELb1EEEN9Framework13CSTLAllocatorIS5_NSE_28CSTLUnorderedMapAllocatorInfEEEE6rehashEm		0	0	3
N	_ZNSt6__ndk112__hash_tableINS_17__hash_value_typeIjNS_10shared_ptrI33CMasterParameterLoginBonusElementEEEENS_22__unordered_map_hasherIjS5_NS_4hashIjEELb1EEENS_21__unordered_map_equalIjS5_NS_8equal_toIjEELb1EEEN9Framework13CSTLAllocatorIS5_NSE_28CSTLUnorderedMapAllocatorInfEEEE6rehashEm		0	0	1
N	_ZNSt6__ndk112__hash_tableINS_17__hash_value_typeIjNS_10shared_ptrI33CMasterParameterWeaponKindElementEEEENS_22__unordered_map_hasherIjS5_NS_4hashIjEELb1EEENS_21__unordered_map_equalIjS5_NS_8equal_toIjEELb1EEEN9Framework13CSTLAllocatorIS5_NSE_28CSTLUnorderedMapAllocatorInfEEEE6rehashEm		0	0	3
N	_ZNSt6__ndk112__hash_tableINS_17__hash_value_typeIjNS_10shared_ptrI34CMasterParameterEnemyCommonElementEEEENS_22__unordered_map_hasherIjS5_NS_4hashIjEELb1EEENS_21__unordered_map_equalIjS5_NS_8equal_toIjEELb1EEEN9Framework13CSTLAllocatorIS5_NSE_28CSTLUnorderedMapAllocatorInfEEEE6rehashEm		0	0	1
N	_ZNSt6__ndk112__hash_tableINS_17__hash_value_typeIjNS_10shared_ptrI34CMasterParameterItemComposeElementEEEENS_22__unordered_map_hasherIjS5_NS_4hashIjEELb1EEENS_21__unordered_map_equalIjS5_NS_8equal_toIjEELb1EEEN9Framework13CSTLAllocatorIS5_NSE_28CSTLUnorderedMapAllocatorInfEEEE6rehashEm		0	0	1
N	_ZNSt6__ndk112__hash_tableINS_17__hash_value_typeIjNS_10shared_ptrI34CMasterParameterPlayerLevelElementEEEENS_22__unordered_map_hasherIjS5_NS_4hashIjEELb1EEENS_21__unordered_map_equalIjS5_NS_8equal_toIjEELb1EEEN9Framework13CSTLAllocatorIS5_NSE_28CSTLUnorderedMapAllocatorInfEEEE6rehashEm		0	0	4
N	_ZNSt6__ndk112__hash_tableINS_17__hash_value_typeIjNS_10shared_ptrI34CMasterParameterRoleBoostedElementEEEENS_22__unordered_map_hasherIjS5_NS_4hashIjEELb1EEENS_21__unordered_map_equalIjS5_NS_8equal_toIjEELb1EEEN9Framework13CSTLAllocatorIS5_NSE_28CSTLUnorderedMapAllocatorInfEEEE6rehashEm		0	0	1
N	_ZNSt6__ndk112__hash_tableINS_17__hash_value_typeIjNS_10shared_ptrI35CMasterParameterBattleGlobalElementEEEENS_22__unordered_map_hasherIjS5_NS_4hashIjEELb1EEENS_21__unordered_map_equalIjS5_NS_8equal_toIjEELb1EEEN9Framework13CSTLAllocatorIS5_NSE_28CSTLUnorderedMapAllocatorInfEEEE6rehashEm		0	0	1
N	_ZNSt6__ndk112__hash_tableINS_17__hash_value_typeIjNS_10shared_ptrI35CMasterParameterMissionStageElementEEEENS_22__unordered_map_hasherIjS5_NS_4hashIjEELb1EEENS_21__unordered_map_equalIjS5_NS_8equal_toIjEELb1EEEN9Framework13CSTLAllocatorIS5_NSE_28CSTLUnorderedMapAllocatorInfEEEE6rehashEm		0	0	1
N	_ZNSt6__ndk112__hash_tableINS_17__hash_value_typeIjNS_10shared_ptrI35CMasterParameterRoleLevelMaxElementEEEENS_22__unordered_map_hasherIjS5_NS_4hashIjEELb1EEENS_21__unordered_map_equalIjS5_NS_8equal_toIjEELb1EEEN9Framework13CSTLAllocatorIS5_NSE_28CSTLUnorderedMapAllocatorInfEEEE6rehashEm		0	0	1
N	_ZNSt6__ndk112__hash_tableINS_17__hash_value_typeIjNS_10shared_ptrI36CMasterParameterAIAppointMoveElementEEEENS_22__unordered_map_hasherIjS5_NS_4hashIjEELb1EEENS_21__unordered_map_equalIjS5_NS_8equal_toIjEELb1EEEN9Framework13CSTLAllocatorIS5_NSE_28CSTLUnorderedMapAllocatorInfEEEE6rehashEm		0	0	1
N	_ZNSt6__ndk112__hash_tableINS_17__hash_value_typeIjNS_10shared_ptrI36CMasterParameterFavorScheduleElementEEEENS_22__unordered_map_hasherIjS5_NS_4hashIjEELb1EEENS_21__unordered_map_equalIjS5_NS_8equal_toIjEELb1EEEN9Framework13CSTLAllocatorIS5_NSE_28CSTLUnorderedMapAllocatorInfEEEE6rehashEm		0	0	2
N	_ZNSt6__ndk112__hash_tableINS_17__hash_value_typeIjNS_10shared_ptrI37CMasterParameterLoadingMessageElementEEEENS_22__unordered_map_hasherIjS5_NS_4hashIjEELb1EEENS_21__unordered_map_equalIjS5_NS_8equal_toIjEELb1EEEN9Framework13CSTLAllocatorIS5_NSE_28CSTLUnorderedMapAllocatorInfEEEE6rehashEm		0	0	1
N	_ZNSt6__ndk112__hash_tableINS_17__hash_value_typeIjNS_10shared_ptrI38CMasterParameterChantEffectTypeElementEEEENS_22__unordered_map_hasherIjS5_NS_4hashIjEELb1EEENS_21__unordered_map_equalIjS5_NS_8equal_toIjEELb1EEEN9Framework13CSTLAllocatorIS5_NSE_28CSTLUnorderedMapAllocatorInfEEEE6rehashEm		0	0	1
N	_ZNSt6__ndk112__hash_tableINS_17__hash_value_typeIjNS_10shared_ptrI38CMasterParameterCharacterCommonElementEEEENS_22__unordered_map_hasherIjS5_NS_4hashIjEELb1EEENS_21__unordered_map_equalIjS5_NS_8equal_toIjEELb1EEEN9Framework13CSTLAllocatorIS5_NSE_28CSTLUnorderedMapAllocatorInfEEEE6rehashEm		0	0	2
N	_ZNSt6__ndk112__hash_tableINS_17__hash_value_typeIjNS_10shared_ptrI38CMasterParameterMenuCommonVoiceElementEEEENS_22__unordered_map_hasherIjS5_NS_4hashIjEELb1EEENS_21__unordered_map_equalIjS5_NS_8equal_toIjEELb1EEEN9Framework13CSTLAllocatorIS5_NSE_28CSTLUnorderedMapAllocatorInfEEEE6rehashEm		0	0	3
N	_ZNSt6__ndk112__hash_tableINS_17__hash_value_typeIjNS_10shared_ptrIN9Framework16CSTLUnorderedMapIj20CMasterHome3DElementNS_4hashIjEENS_8equal_toIjEEEEEEEENS_22__unordered_map_hasherIjSC_S7_Lb1EEENS_21__unordered_map_equalIjSC_S9_Lb1EEENS3_13CSTLAllocatorISC_NS3_28CSTLUnorderedMapAllocatorInfEEEE6rehashEm		0	0	1
N	_ZNSt6__ndk112__hash_tableINS_17__hash_value_typeIjNS_10shared_ptrIN9Framework16CSTLUnorderedMapIj25CMasterParameterAIElementNS_4hashIjEENS_8equal_toIjEEEEEEEENS_22__unordered_map_hasherIjSC_S7_Lb1EEENS_21__unordered_map_equalIjSC_S9_Lb1EEENS3_13CSTLAllocatorISC_NS3_28CSTLUnorderedMapAllocatorInfEEEE6rehashEm		0	0	1
N	_ZNSt6__ndk112__hash_tableINS_17__hash_value_typeIjNS_10shared_ptrIN9Framework16CSTLUnorderedMapIj28CMasterParameterSkillElementNS_4hashIjEENS_8equal_toIjEEEEEEEENS_22__unordered_map_hasherIjSC_S7_Lb1EEENS_21__unordered_map_equalIjSC_S9_Lb1EEENS3_13CSTLAllocatorISC_NS3_28CSTLUnorderedMapAllocatorInfEEEE6rehashEm		0	0	3
N	_ZNSt6__ndk112__hash_tableINS_17__hash_value_typeIjNS_10shared_ptrIN9Framework16CSTLUnorderedMapIj28CMasterParameterVoiceElementNS_4hashIjEENS_8equal_toIjEEEEEEEENS_22__unordered_map_hasherIjSC_S7_Lb1EEENS_21__unordered_map_equalIjSC_S9_Lb1EEENS3_13CSTLAllocatorISC_NS3_28CSTLUnorderedMapAllocatorInfEEEE6rehashEm		0	0	2
N	_ZNSt6__ndk112__hash_tableINS_17__hash_value_typeIjNS_10shared_ptrIN9Framework16CSTLUnorderedMapIj29CMasterParameterSignalElementNS_4hashIjEENS_8equal_toIjEEEEEEEENS_22__unordered_map_hasherIjSC_S7_Lb1EEENS_21__unordered_map_equalIjSC_S9_Lb1EEENS3_13CSTLAllocatorISC_NS3_28CSTLUnorderedMapAllocatorInfEEEE6rehashEm		0	0	9
N	_ZNSt6__ndk112__hash_tableINS_17__hash_value_typeIjNS_10shared_ptrIN9Framework16CSTLUnorderedMapIj35CMasterParameterAttackActionElementNS_4hashIjEENS_8equal_toIjEEEEEEEENS_22__unordered_map_hasherIjSC_S7_Lb1EEENS_21__unordered_map_equalIjSC_S9_Lb1EEENS3_13CSTLAllocatorISC_NS3_28CSTLUnorderedMapAllocatorInfEEEE6rehashEm		0	0	1
N	_ZNSt6__ndk112__hash_tableINS_17__hash_value_typeIjNS_10shared_ptrIN9Framework16CSTLUnorderedMapIj37CMasterParameterSkillParameterElementNS_4hashIjEENS_8equal_toIjEEEEEEEENS_22__unordered_map_hasherIjSC_S7_Lb1EEENS_21__unordered_map_equalIjSC_S9_Lb1EEENS3_13CSTLAllocatorISC_NS3_28CSTLUnorderedMapAllocatorInfEEEE6rehashEm		0	0	3
N	_ZNSt6__ndk112__next_primeEm		0	0	1505
N	_ZNSt6__ndk112basic_stringIcNS_11char_traitsIcEEN9Framework13CSTLAllocatorIcNS3_22CSTLStringAllocatorInfEEEE21__grow_by_and_replaceEmmmmmmPKc		0	0	7906
N	_ZNSt6__ndk112basic_stringIcNS_11char_traitsIcEEN9Framework13CSTLAllocatorIcNS3_22CSTLStringAllocatorInfEEEE6insertEmPKc		0	0	359
N	_ZNSt6__ndk112basic_stringIcNS_11char_traitsIcEEN9Framework13CSTLAllocatorIcNS3_22CSTLStringAllocatorInfEEEE7replaceEmmPKcm		0	0	1035
N	_ZNSt6__ndk112basic_stringIcNS_11char_traitsIcEEN9Framework13CSTLAllocatorIcNS3_22CSTLStringAllocatorInfEEEE7reserveEm		0	0	8200
N	_ZNSt6__ndk112basic_stringIcNS_11char_traitsIcEENS_9allocatorIcEEE6__initEPKcm		0	0	1
N	_ZNSt6__ndk112basic_stringIcNS_11char_traitsIcEENS_9allocatorIcEEE6assignEPKcm		0	0	4
N	_ZNSt6__ndk112basic_stringIcNS_11char_traitsIcEENS_9allocatorIcEEE6resizeEmc		0	0	30156
N	_ZNSt6__ndk112basic_stringIcNS_11char_traitsIcEENS_9allocatorIcEEEC1ERKS5_		0	0	30086
N	_ZNSt6__ndk112basic_stringIcNS_11char_traitsIcEENS_9allocatorIcEEED1Ev		0	0	60172
N	_ZNSt6__ndk113__tree_removeIPNS_16__tree_node_baseIPvEEEEvT_S5_		0	0	175
N	_ZNSt6__ndk114__shared_count12__add_sharedEv		0	0	29
N	_ZNSt6__ndk114__shared_count16__release_sharedEv		0	0	30086
N	_ZNSt6__ndk119__shared_weak_count10__add_weakEv		0	0	7
N	_ZNSt6__ndk119__shared_weak_count12__add_sharedEv		0	0	9324
N	_ZNSt6__ndk119__shared_weak_count14__release_weakEv		0	0	4
N	_ZNSt6__ndk119__shared_weak_count16__release_sharedEv		3	11	50762
N	_ZNSt6__ndk119__shared_weak_count4lockEv		0	0	4
N	_ZNSt6__ndk121__murmur2_or_cityhashImLm64EEclEPKvm		3	3	134867
N	_ZNSt6__ndk127__tree_balance_after_insertIPNS_16__tree_node_baseIPvEEEEvT_S5_		0	0	59612
N	_ZNSt6__ndk16__sortIRNS_6__lessIjjEEPjEEvT0_S5_T_		0	0	6
N	_ZNSt6__ndk16__treeINS_12__value_typeINS_12basic_stringIcNS_11char_traitsIcEEN9Framework13CSTLAllocatorIcNS5_22CSTLStringAllocatorInfEEEEES9_EENS_19__map_value_compareIS9_SA_NS_4lessIS9_EELb1EEENS6_ISA_NS5_19CSTLMapAllocatorInfEEEE7destroyEPNS_11__tree_nodeISA_PvEE		0	0	52
N	_ZNSt6__ndk16__treeINS_12__value_typeIPKN9Framework5Cocos10CCocosNodeEPN4Aska16RenderableObjectEEENS_19__map_value_compareIS6_SA_NS_4lessIS6_EELb1EEENS2_13CSTLAllocatorISA_NS2_24CSTLMultiMapAllocatorInfEEEE7destroyEPNS_11__tree_nodeISA_PvEE		0	0	140
N	_ZNSt6__ndk16__treeINS_12__value_typeIj20CMasterHome3DElementEENS_19__map_value_compareIjS3_NS_4lessIjEELb1EEEN9Framework13CSTLAllocatorIS3_NS8_19CSTLMapAllocatorInfEEEE25__emplace_unique_key_argsIjJRKNS_21piecewise_construct_tENS_5tupleIJOjEEENSH_IJEEEEEENS_4pairINS_15__tree_iteratorIS3_PNS_11__tree_nodeIS3_PvEElEEbEERKT_DpOT0_		0	0	144
N	_ZNSt6__ndk16__treeINS_12__value_typeIjP18IParameterPropertyEENS_19__map_value_compareIjS4_NS_4lessIjEELb1EEEN9Framework13CSTLAllocatorIS4_NS9_19CSTLMapAllocatorInfEEEE14__assign_multiINS_21__tree_const_iteratorIS4_PNS_11__tree_nodeIS4_PvEElEEEEvT_SL_		0	0	1033
N	_ZNSt6__ndk16__treeINS_12__value_typeIjP18IParameterPropertyEENS_19__map_value_compareIjS4_NS_4lessIjEELb1EEEN9Framework13CSTLAllocatorIS4_NS9_19CSTLMapAllocatorInfEEEE25__emplace_unique_key_argsIjJjRS3_EEENS_4pairINS_15__tree_iteratorIS4_PNS_11__tree_nodeIS4_PvEElEEbEERKT_DpOT0_		0	0	34188
N	_ZNSt6__ndk16__treeINS_12__value_typeIjP18IParameterPropertyEENS_19__map_value_compareIjS4_NS_4lessIjEELb1EEEN9Framework13CSTLAllocatorIS4_NS9_19CSTLMapAllocatorInfEEEE7destroyEPNS_11__tree_nodeIS4_PvEE		2	2	14027
N	_ZNSt6__ndk16__treeINS_12__value_typeIjP22CParameterSoundElementEENS_19__map_value_compareIjS4_NS_4lessIjEELb1EEEN9Framework13CSTLAllocatorIS4_NS9_19CSTLMapAllocatorInfEEEE25__emplace_unique_key_argsIjJjRS3_EEENS_4pairINS_15__tree_iteratorIS4_PNS_11__tree_nodeIS4_PvEElEEbEERKT_DpOT0_		4	4	44922
N	_ZNSt6__ndk16__treeINS_12__value_typeIjP22CParameterSoundElementEENS_19__map_value_compareIjS4_NS_4lessIjEELb1EEEN9Framework13CSTLAllocatorIS4_NS9_19CSTLMapAllocatorInfEEEE7destroyEPNS_11__tree_nodeIS4_PvEE		3	3	2
N	_ZNSt6__ndk16__treeINS_12__value_typeIjP8InfoBaseEENS_19__map_value_compareIjS4_NS_4lessIjEELb1EEEN9Framework13CSTLAllocatorIS4_NS9_19CSTLMapAllocatorInfEEEE14__assign_multiINS_21__tree_const_iteratorIS4_PNS_11__tree_nodeIS4_PvEElEEEEvT_SL_		0	0	1033
N	_ZNSt6__ndk16__treeINS_12__value_typeIjP8InfoBaseEENS_19__map_value_compareIjS4_NS_4lessIjEELb1EEEN9Framework13CSTLAllocatorIS4_NS9_19CSTLMapAllocatorInfEEEE21__emplace_unique_implIJNS9_7CHash32ERS3_EEENS_4pairINS_15__tree_iteratorIS4_PNS_11__tree_nodeIS4_PvEElEEbEEDpOT_		18	18	1312
N	_ZNSt6__ndk16__treeINS_12__value_typeIjP8InfoBaseEENS_19__map_value_compareIjS4_NS_4lessIjEELb1EEEN9Framework13CSTLAllocatorIS4_NS9_19CSTLMapAllocatorInfEEEE7destroyEPNS_11__tree_nodeIS4_PvEE		1	1	14027
N	_ZNSt6__ndk16__treeINS_12__value_typeIjPN4Aska16RenderableObjectEEENS_19__map_value_compareIjS5_NS_4lessIjEELb1EEEN9Framework13CSTLAllocatorIS5_NSA_24CSTLMultiMapAllocatorInfEEEE7destroyEPNS_11__tree_nodeIS5_PvEE		0	0	140
N	_ZNSt6__ndk16__treeINS_12__value_typeIjfEENS_19__map_value_compareIjS2_NS_4lessIjEELb1EEEN9Framework13CSTLAllocatorIS2_NS7_19CSTLMapAllocatorInfEEEE25__emplace_unique_key_argsIjJRjRfEEENS_4pairINS_15__tree_iteratorIS2_PNS_11__tree_nodeIS2_PvEElEEbEERKT_DpOT0_		0	0	538
N	_ZNSt6__ndk16__treeINS_12__value_typeIjfEENS_19__map_value_compareIjS2_NS_4lessIjEELb1EEEN9Framework13CSTLAllocatorIS2_NS7_19CSTLMapAllocatorInfEEEE7destroyEPNS_11__tree_nodeIS2_PvEE		0	0	16
N	_ZNSt6__ndk16__treeINS_12__value_typeIjjEENS_19__map_value_compareIjS2_NS_4lessIjEELb1EEEN9Framework13CSTLAllocatorIS2_NS7_19CSTLMapAllocatorInfEEEE7destroyEPNS_11__tree_nodeIS2_PvEE		0	0	15
N	_ZNSt6__ndk16__treeINS_12__value_typeIjmEENS_19__map_value_compareIjS2_NS_4lessIjEELb1EEEN9Framework13CSTLAllocatorIS2_NS7_19CSTLMapAllocatorInfEEEE7destroyEPNS_11__tree_nodeIS2_PvEE		1	1	70
N	_ZNSt6__ndk16__treeIPN9Framework5Cocos10CCocosNodeENS_4lessIS4_EENS1_13CSTLAllocatorIS4_NS1_19CSTLSetAllocatorInfEEEE7destroyEPNS_11__tree_nodeIS4_PvEE		0	0	7
N	_ZNSt6__ndk16localeC1ERKS0_		0	0	90258
N	_ZNSt6__ndk16localeC1Ev		0	3	68672
N	_ZNSt6__ndk16localeD1Ev		0	0	128844
N	_ZNSt6__ndk16vectorIN17CMenuVoiceManager11ReserveDataEN9Framework13CSTLAllocatorIS2_NS3_22CSTLVectorAllocatorInfEEEE24__emplace_back_slow_pathIJRS2_EEEvDpOT_		0	0	1
N	_ZNSt6__ndk16vectorIN6Common8Campaign12CampaignTypeEN9Framework13CSTLAllocatorIS3_NS4_22CSTLVectorAllocatorInfEEEE21__push_back_slow_pathIS3_EEvOT_		0	0	24
N	_ZNSt6__ndk16vectorINS_12basic_stringIcNS_11char_traitsIcEEN9Framework13CSTLAllocatorIcNS4_22CSTLStringAllocatorInfEEEEENS5_IS8_NS4_22CSTLVectorAllocatorInfEEEE21__push_back_slow_pathIRKS8_EEvOT_		0	0	13
N	_ZNSt6__ndk16vectorINS_12basic_stringIcNS_11char_traitsIcEEN9Framework13CSTLAllocatorIcNS4_22CSTLStringAllocatorInfEEEEENS5_IS8_NS4_22CSTLVectorAllocatorInfEEEE21__push_back_slow_pathIS8_EEvOT_		0	0	6590
N	_ZNSt6__ndk16vectorINS_12basic_stringIcNS_11char_traitsIcEEN9Framework13CSTLAllocatorIcNS4_22CSTLStringAllocatorInfEEEEENS5_IS8_NS4_22CSTLVectorAllocatorInfEEEE24__emplace_back_slow_pathIJRS8_EEEvDpOT_		0	0	336
N	_ZNSt6__ndk16vectorINS_12basic_stringIcNS_11char_traitsIcEEN9Framework13CSTLAllocatorIcNS4_22CSTLStringAllocatorInfEEEEENS5_IS8_NS4_22CSTLVectorAllocatorInfEEEE24__emplace_back_slow_pathIJS8_EEEvDpOT_		0	0	7887
N	_ZNSt6__ndk16vectorINS_12basic_stringIcNS_11char_traitsIcEEN9Framework13CSTLAllocatorIcNS4_22CSTLStringAllocatorInfEEEEENS5_IS8_NS4_22CSTLVectorAllocatorInfEEEE26__swap_out_circular_bufferERNS_14__split_bufferIS8_RSA_EE		0	0	8
N	_ZNSt6__ndk16vectorINS_12basic_stringIcNS_11char_traitsIcEEN9Framework13CSTLAllocatorIcNS4_22CSTLStringAllocatorInfEEEEENS5_IS8_NS4_22CSTLVectorAllocatorInfEEEE7reserveEm		0	0	2
N	_ZNSt6__ndk16vectorIPKvN9Framework13CSTLAllocatorIS2_NS3_22CSTLVectorAllocatorInfEEEE21__push_back_slow_pathIS2_EEvOT_		0	0	43
N	_ZNSt6__ndk16vectorIPN9Framework12CMessageBaseENS1_13CSTLAllocatorIS3_NS1_22CSTLVectorAllocatorInfEEEE21__push_back_slow_pathIS3_EEvOT_		0	0	10
N	_ZNSt6__ndk16vectorIPN9Framework14CDirectTextureENS1_13CSTLAllocatorIS3_NS1_22CSTLVectorAllocatorInfEEEE21__push_back_slow_pathIRKS3_EEvOT_		0	0	45
N	_ZNSt6__ndk16vectorIPN9Framework5Cocos10CCocosNodeENS1_13CSTLAllocatorIS4_NS1_22CSTLVectorAllocatorInfEEEE21__push_back_slow_pathIRKS4_EEvOT_		0	0	20
N	_ZNSt6__ndk16vectorIPN9Framework5Cocos11CCocosImageENS1_13CSTLAllocatorIS4_NS1_22CSTLVectorAllocatorInfEEEE21__push_back_slow_pathIRKS4_EEvOT_		0	0	5
N	_ZNSt6__ndk16vectorIPN9Framework5Cocos11CCocosSceneENS1_13CSTLAllocatorIS4_NS1_22CSTLVectorAllocatorInfEEEE21__push_back_slow_pathIRKS4_EEvOT_		0	0	6
N	_ZNSt6__ndk16vectorIPN9Framework5Cocos11CCocosTouchENS1_13CSTLAllocatorIS4_NS1_22CSTLVectorAllocatorInfEEEE21__push_back_slow_pathIRKS4_EEvOT_		0	0	16
N	_ZNSt6__ndk16vectorIPN9Framework5Cocos17CCocosProgressBarENS1_13CSTLAllocatorIS4_NS1_22CSTLVectorAllocatorInfEEEE21__push_back_slow_pathIRKS4_EEvOT_		0	0	4
N	_ZNSt6__ndk16vectorIPN9Framework5Cocos19CCocosEventListenerENS1_13CSTLAllocatorIS4_NS1_22CSTLVectorAllocatorInfEEEE21__push_back_slow_pathIRKS4_EEvOT_		0	0	507
N	_ZNSt6__ndk16vectorIPN9Framework5Cocos23CCocosTimelineAnimation13CKeyFrameBaseENS1_13CSTLAllocatorIS5_NS1_22CSTLVectorAllocatorInfEEEE21__push_back_slow_pathIS5_EEvOT_		0	0	4064
N	_ZNSt6__ndk16vectorIiN9Framework13CSTLAllocatorIiNS1_22CSTLVectorAllocatorInfEEEE21__push_back_slow_pathIRKiEEvOT_		0	0	90
N	_ZNSt6__ndk16vectorIjN9Framework13CSTLAllocatorIjNS1_22CSTLVectorAllocatorInfEEEE21__push_back_slow_pathIRKjEEvOT_		0	0	125
N	_ZNSt6__ndk16vectorIjN9Framework13CSTLAllocatorIjNS1_22CSTLVectorAllocatorInfEEEE21__push_back_slow_pathIjEEvOT_		0	0	13
N	_ZNSt6__ndk16vectorIjN9Framework13CSTLAllocatorIjNS1_22CSTLVectorAllocatorInfEEEE24__emplace_back_slow_pathIJRjEEEvDpOT_		0	0	61
N	_ZNSt6__ndk16vectorIjN9Framework13CSTLAllocatorIjNS1_22CSTLVectorAllocatorInfEEEE6assignIPjEENS_9enable_ifIXaasr21__is_forward_iteratorIT_EE5valuesr16is_constructibleIjNS_15iterator_traitsIS9_E9referenceEEE5valueEvE4typeES9_S9_		0	0	29
N	_ZNSt6__ndk16vectorImN9Framework13CSTLAllocatorImNS1_22CSTLVectorAllocatorInfEEEE21__push_back_slow_pathImEEvOT_		0	0	36
N	_ZNSt6__ndk18functionIFN15CBannerBehavior16BannerJumpEnableEjjEE4swapERS4_		0	0	3
N	_ZNSt6__ndk18functionIFN9Collision24eCollisionCallbackResultERKNS1_13stCollideInfoEiEE4swapERS7_		0	0	7761
N	_ZNSt6__ndk18functionIFbN4Aska5Yayoi7GameRPC12GameProtocol10FunctionIDENS1_6StatusEEE4swapERS8_		0	0	1
N	_ZNSt6__ndk18functionIFbPKcEE4swapERS4_		0	0	1
N	_ZNSt6__ndk18functionIFbPN9Framework5Cocos11CCocosTouchEPNS2_11CCocosEventEEE4swapERS8_		0	0	2530
N	_ZNSt6__ndk18functionIFbiiEE4swapERS2_		0	0	1
N	_ZNSt6__ndk18functionIFbvEE4swapERS2_		0	0	5
N	_ZNSt6__ndk18functionIFiRKN9Framework5Cocos11CCocosTouchEEE4swapERS7_		0	1	258
N	_ZNSt6__ndk18functionIFifEE4swapERS2_		0	0	2
N	_ZNSt6__ndk18functionIFiiiEE4swapERS2_		0	0	1
N	_ZNSt6__ndk18functionIFijjEE4swapERS2_		0	0	3
N	_ZNSt6__ndk18functionIFivEE4swapERS2_		0	0	38
N	_ZNSt6__ndk18functionIFvN4Aska5Yayoi7GameRPC12GameProtocol10FunctionIDEEE4swapERS7_		0	0	1
N	_ZNSt6__ndk18functionIFvN4Aska6StatusEEE4swapERS4_		0	0	1
N	_ZNSt6__ndk18functionIFvPN9Framework11CFileLoaderEPKcS5_PPhRmEE4swapERSA_		0	0	1
N	_ZNSt6__ndk18functionIFvPN9Framework5Cocos11CCocosEventEEE4swapERS6_		0	0	506
N	_ZNSt6__ndk18functionIFvPN9Framework5Cocos11CCocosSceneEEE4swapERS6_		0	0	1
N	_ZNSt6__ndk18functionIFvPN9Framework5Cocos11CCocosTouchEPNS2_11CCocosEventEEE4swapERS8_		1	1	2024
N	_ZNSt6__ndk18functionIFvRKN9Framework5Cocos11CCocosTouchEEE4swapERS7_		0	1	186
N	_ZNSt6__ndk18functionIFvRN4Aska5GlyphEEE4swapERS5_		0	0	1
N	_ZNSt6__ndk18functionIFvbbEE4swapERS2_		1	1	568
N	_ZNSt6__ndk18functionIFvbmEE4swapERS2_		0	0	6
N	_ZNSt6__ndk18functionIFviEE4swapERS2_		0	0	5
N	_ZNSt6__ndk18functionIFvjN4Aska6StatusEEE4swapERS4_		0	0	1
N	_ZNSt6__ndk18functionIFvjRN9Framework10CSTLVectorIP15CFactorSeedBaseEEEE4swapERS8_		0	0	1258
N	_ZNSt6__ndk18functionIFvmEE4swapERS2_		0	0	6
N	_ZNSt6__ndk18functionIFvvEE4swapERS2_		0	0	415
N	_ZNSt6__ndk1plIcNS_11char_traitsIcEEN9Framework13CSTLAllocatorIcNS3_22CSTLStringAllocatorInfEEEEENS_12basic_stringIT_T0_T1_EEPKS8_RKSB_		1	1	2248
N	_ZNSt6__ndk1plIcNS_11char_traitsIcEEN9Framework13CSTLAllocatorIcNS3_22CSTLStringAllocatorInfEEEEENS_12basic_stringIT_T0_T1_EERKSB_PKS8_		0	0	1517
N	_ZNSt6__ndk1plIcNS_11char_traitsIcEEN9Framework13CSTLAllocatorIcNS3_22CSTLStringAllocatorInfEEEEENS_12basic_stringIT_T0_T1_EERKSB_SD_		0	0	4
N	_ZThn160_N4Aska10AofHandler14DeleteCallbackEiPv		0	1	72
N	_ZThn16_N33CMasterParameterBaseSqlite_SimpleI16StringDBEelementE11DeserializeEPKN4Aska4ASON6AValue4AMapE		0	0	87
N	_ZThn16_N33CMasterParameterBaseSqlite_SimpleI21CMasterItemSetElementE11DeserializeEPKN4Aska4ASON6AValue4AMapE		0	0	87
N	_ZThn16_N33CMasterParameterBaseSqlite_SimpleI21CMasterItemSetElementE16ReleaseParameterEPKc		0	0	38
N	_ZThn16_N33CMasterParameterBaseSqlite_SimpleI23CMasterSphere211ElementE11DeserializeEPKN4Aska4ASON6AValue4AMapE		0	0	87
N	_ZThn16_N33CMasterParameterBaseSqlite_SimpleI23CMasterSphere211ElementE16ReleaseParameterEPKc		0	0	38
N	_ZThn16_N33CMasterParameterBaseSqlite_SimpleI23CMasterTimeBonusElementE11DeserializeEPKN4Aska4ASON6AValue4AMapE		0	0	87
N	_ZThn16_N33CMasterParameterBaseSqlite_SimpleI23CMasterTimeBonusElementE16ReleaseParameterEPKc		0	0	38
N	_ZThn16_N33CMasterParameterBaseSqlite_SimpleI23CMasterWorldBossElementE11DeserializeEPKN4Aska4ASON6AValue4AMapE		0	0	87
N	_ZThn16_N33CMasterParameterBaseSqlite_SimpleI23CMasterWorldBossElementE16ReleaseParameterEPKc		0	0	38
N	_ZThn16_N33CMasterParameterBaseSqlite_SimpleI24CMasterCommonDropElementE11DeserializeEPKN4Aska4ASON6AValue4AMapE		0	0	87
N	_ZThn16_N33CMasterParameterBaseSqlite_SimpleI24CMasterCommonDropElementE16ReleaseParameterEPKc		0	0	38
N	_ZThn16_N33CMasterParameterBaseSqlite_SimpleI25CMasterFactorBoostElementE11DeserializeEPKN4Aska4ASON6AValue4AMapE		0	0	87
N	_ZThn16_N33CMasterParameterBaseSqlite_SimpleI25CMasterFactorBoostElementE16ReleaseParameterEPKc		0	0	38
N	_ZThn16_N33CMasterParameterBaseSqlite_SimpleI25CMasterGearLotteryElementE11DeserializeEPKN4Aska4ASON6AValue4AMapE		0	0	87
N	_ZThn16_N33CMasterParameterBaseSqlite_SimpleI25CMasterGearLotteryElementE16ReleaseParameterEPKc		0	0	38
N	_ZThn16_N33CMasterParameterBaseSqlite_SimpleI25CMasterPartySymbolElementE11DeserializeEPKN4Aska4ASON6AValue4AMapE		0	0	87
N	_ZThn16_N33CMasterParameterBaseSqlite_SimpleI25CMasterPartySymbolElementE16ReleaseParameterEPKc		0	0	38
N	_ZThn16_N33CMasterParameterBaseSqlite_SimpleI25CMasterRentalBonusElementE11DeserializeEPKN4Aska4ASON6AValue4AMapE		0	0	87
N	_ZThn16_N33CMasterParameterBaseSqlite_SimpleI25CMasterRentalBonusElementE16ReleaseParameterEPKc		0	0	38
N	_ZThn16_N33CMasterParameterBaseSqlite_SimpleI26CMasterEventRankingElementE11DeserializeEPKN4Aska4ASON6AValue4AMapE		0	0	87
N	_ZThn16_N33CMasterParameterBaseSqlite_SimpleI26CMasterEventRankingElementE16ReleaseParameterEPKc		0	0	38
N	_ZThn16_N33CMasterParameterBaseSqlite_SimpleI26CMasterMissionBoardElementE11DeserializeEPKN4Aska4ASON6AValue4AMapE		0	0	87
N	_ZThn16_N33CMasterParameterBaseSqlite_SimpleI26CMasterMissionBoardElementE16ReleaseParameterEPKc		0	0	38
N	_ZThn16_N33CMasterParameterBaseSqlite_SimpleI26CMasterParameterMapElementE11DeserializeEPKN4Aska4ASON6AValue4AMapE		0	0	87
N	_ZThn16_N33CMasterParameterBaseSqlite_SimpleI26CMasterParameterMapElementE16ReleaseParameterEPKc		0	0	38
N	_ZThn16_N33CMasterParameterBaseSqlite_SimpleI26CMasterSubscriptionElementE11DeserializeEPKN4Aska4ASON6AValue4AMapE		0	0	87
N	_ZThn16_N33CMasterParameterBaseSqlite_SimpleI26CMasterSubscriptionElementE16ReleaseParameterEPKc		0	0	38
N	_ZThn16_N33CMasterParameterBaseSqlite_SimpleI27CMasterDeepSpaceAreaElementE11DeserializeEPKN4Aska4ASON6AValue4AMapE		0	0	87
N	_ZThn16_N33CMasterParameterBaseSqlite_SimpleI27CMasterDeepSpaceAreaElementE16ReleaseParameterEPKc		0	0	38
N	_ZThn16_N33CMasterParameterBaseSqlite_SimpleI27CMasterDeepSpaceShipElementE11DeserializeEPKN4Aska4ASON6AValue4AMapE		0	0	87
N	_ZThn16_N33CMasterParameterBaseSqlite_SimpleI27CMasterDeepSpaceShipElementE16ReleaseParameterEPKc		0	0	38
N	_ZThn16_N33CMasterParameterBaseSqlite_SimpleI27CMasterParameterAreaElementE11DeserializeEPKN4Aska4ASON6AValue4AMapE		0	0	348
N	_ZThn16_N33CMasterParameterBaseSqlite_SimpleI27CMasterParameterAreaElementE16ReleaseParameterEPKc		0	0	152
N	_ZThn16_N33CMasterParameterBaseSqlite_SimpleI27CMasterParameterGearElementE11DeserializeEPKN4Aska4ASON6AValue4AMapE		0	0	87
N	_ZThn16_N33CMasterParameterBaseSqlite_SimpleI27CMasterParameterGearElementE16ReleaseParameterEPKc		0	0	38
N	_ZThn16_N33CMasterParameterBaseSqlite_SimpleI27CMasterParameterItemElementE11DeserializeEPKN4Aska4ASON6AValue4AMapE		0	0	87
N	_ZThn16_N33CMasterParameterBaseSqlite_SimpleI27CMasterParameterItemElementE16ReleaseParameterEPKc		0	0	38
N	_ZThn16_N33CMasterParameterBaseSqlite_SimpleI27CMasterParameterRankElementE11DeserializeEPKN4Aska4ASON6AValue4AMapE		0	0	87
N	_ZThn16_N33CMasterParameterBaseSqlite_SimpleI27CMasterParameterRankElementE16ReleaseParameterEPKc		0	0	38
N	_ZThn16_N33CMasterParameterBaseSqlite_SimpleI27CMasterParameterRoleElementE11DeserializeEPKN4Aska4ASON6AValue4AMapE		0	0	87
N	_ZThn16_N33CMasterParameterBaseSqlite_SimpleI27CMasterParameterRoleElementE16ReleaseParameterEPKc		0	0	38
N	_ZThn16_N33CMasterParameterBaseSqlite_SimpleI27CMasterUniverseBoardElementE11DeserializeEPKN4Aska4ASON6AValue4AMapE		0	0	87
N	_ZThn16_N33CMasterParameterBaseSqlite_SimpleI27CMasterUniverseBoardElementE16ReleaseParameterEPKc		0	0	38
N	_ZThn16_N33CMasterParameterBaseSqlite_SimpleI27CMasterWorldBossWaveElementE11DeserializeEPKN4Aska4ASON6AValue4AMapE		0	0	87
N	_ZThn16_N33CMasterParameterBaseSqlite_SimpleI27CMasterWorldBossWaveElementE16ReleaseParameterEPKc		0	0	38
N	_ZThn16_N33CMasterParameterBaseSqlite_SimpleI28CMasterDeepSpaceBonusElementE11DeserializeEPKN4Aska4ASON6AValue4AMapE		0	0	87
N	_ZThn16_N33CMasterParameterBaseSqlite_SimpleI28CMasterDeepSpaceBonusElementE16ReleaseParameterEPKc		0	0	38
N	_ZThn16_N33CMasterParameterBaseSqlite_SimpleI28CMasterParameterGachaElementE11DeserializeEPKN4Aska4ASON6AValue4AMapE		0	0	87
N	_ZThn16_N33CMasterParameterBaseSqlite_SimpleI28CMasterParameterGachaElementE16ReleaseParameterEPKc		0	0	38
N	_ZThn16_N33CMasterParameterBaseSqlite_SimpleI28CMasterParameterSoundElementE11DeserializeEPKN4Aska4ASON6AValue4AMapE		0	0	87
N	_ZThn16_N33CMasterParameterBaseSqlite_SimpleI28CMasterParameterSoundElementE16ReleaseParameterEPKc		0	0	38
N	_ZThn16_N33CMasterParameterBaseSqlite_SimpleI28CMasterParameterStampElementE11DeserializeEPKN4Aska4ASON6AValue4AMapE		0	0	87
N	_ZThn16_N33CMasterParameterBaseSqlite_SimpleI28CMasterParameterStampElementE16ReleaseParameterEPKc		0	0	38
N	_ZThn16_N33CMasterParameterBaseSqlite_SimpleI28CMasterParameterTitleElementE11DeserializeEPKN4Aska4ASON6AValue4AMapE		0	0	87
N	_ZThn16_N33CMasterParameterBaseSqlite_SimpleI28CMasterParameterTitleElementE16ReleaseParameterEPKc		0	0	38
N	_ZThn16_N33CMasterParameterBaseSqlite_SimpleI28CMasterSphere211FloorElementE11DeserializeEPKN4Aska4ASON6AValue4AMapE		0	0	87
N	_ZThn16_N33CMasterParameterBaseSqlite_SimpleI28CMasterSphere211FloorElementE16ReleaseParameterEPKc		0	0	38
N	_ZThn16_N33CMasterParameterBaseSqlite_SimpleI28CMasterUniverseTalentElementE11DeserializeEPKN4Aska4ASON6AValue4AMapE		0	0	87
N	_ZThn16_N33CMasterParameterBaseSqlite_SimpleI28CMasterUniverseTalentElementE16ReleaseParameterEPKc		0	0	38
N	_ZThn16_N33CMasterParameterBaseSqlite_SimpleI29CMasterGearProbabilityElementE11DeserializeEPKN4Aska4ASON6AValue4AMapE		0	0	87
N	_ZThn16_N33CMasterParameterBaseSqlite_SimpleI29CMasterGearProbabilityElementE16ReleaseParameterEPKc		0	0	38
N	_ZThn16_N33CMasterParameterBaseSqlite_SimpleI29CMasterParameterAwakenElementE11DeserializeEPKN4Aska4ASON6AValue4AMapE		0	0	87
N	_ZThn16_N33CMasterParameterBaseSqlite_SimpleI29CMasterParameterAwakenElementE16ReleaseParameterEPKc		0	0	38
N	_ZThn16_N33CMasterParameterBaseSqlite_SimpleI29CMasterParameterBannerElementE11DeserializeEPKN4Aska4ASON6AValue4AMapE		0	0	87
N	_ZThn16_N33CMasterParameterBaseSqlite_SimpleI29CMasterParameterBannerElementE16ReleaseParameterEPKc		0	0	38
N	_ZThn16_N33CMasterParameterBaseSqlite_SimpleI29CMasterParameterEffectElementE11DeserializeEPKN4Aska4ASON6AValue4AMapE		0	0	87
N	_ZThn16_N33CMasterParameterBaseSqlite_SimpleI29CMasterParameterEffectElementE16ReleaseParameterEPKc		0	0	38
N	_ZThn16_N33CMasterParameterBaseSqlite_SimpleI29CMasterParameterFactorElementE11DeserializeEPKN4Aska4ASON6AValue4AMapE		0	0	87
N	_ZThn16_N33CMasterParameterBaseSqlite_SimpleI29CMasterParameterFactorElementE16ReleaseParameterEPKc		0	0	38
N	_ZThn16_N33CMasterParameterBaseSqlite_SimpleI29CMasterParameterGlobalElementE11DeserializeEPKN4Aska4ASON6AValue4AMapE		0	0	87
N	_ZThn16_N33CMasterParameterBaseSqlite_SimpleI29CMasterParameterGlobalElementE16ReleaseParameterEPKc		0	0	38
N	_ZThn16_N33CMasterParameterBaseSqlite_SimpleI29CMasterParameterPersonElementE11DeserializeEPKN4Aska4ASON6AValue4AMapE		0	0	87
N	_ZThn16_N33CMasterParameterBaseSqlite_SimpleI29CMasterParameterPersonElementE16ReleaseParameterEPKc		0	0	38
N	_ZThn16_N33CMasterParameterBaseSqlite_SimpleI29CMasterParameterPlanetElementE11DeserializeEPKN4Aska4ASON6AValue4AMapE		0	0	87
N	_ZThn16_N33CMasterParameterBaseSqlite_SimpleI29CMasterParameterPlanetElementE16ReleaseParameterEPKc		0	0	38
N	_ZThn16_N33CMasterParameterBaseSqlite_SimpleI29CMasterParameterTalentElementE11DeserializeEPKN4Aska4ASON6AValue4AMapE		0	0	87
N	_ZThn16_N33CMasterParameterBaseSqlite_SimpleI29CMasterParameterTalentElementE16ReleaseParameterEPKc		0	0	38
N	_ZThn16_N33CMasterParameterBaseSqlite_SimpleI29CMasterParameterWeaponElementE11DeserializeEPKN4Aska4ASON6AValue4AMapE		0	1	87
N	_ZThn16_N33CMasterParameterBaseSqlite_SimpleI29CMasterParameterWeaponElementE16ReleaseParameterEPKc		0	0	38
N	_ZThn16_N33CMasterParameterBaseSqlite_SimpleI30CMasterDeepSpaceMissionElementE11DeserializeEPKN4Aska4ASON6AValue4AMapE		0	0	87
N	_ZThn16_N33CMasterParameterBaseSqlite_SimpleI30CMasterDeepSpaceMissionElementE16ReleaseParameterEPKc		0	0	38
N	_ZThn16_N33CMasterParameterBaseSqlite_SimpleI30CMasterGearBarneyChanceElementE11DeserializeEPKN4Aska4ASON6AValue4AMapE		0	0	87
N	_ZThn16_N33CMasterParameterBaseSqlite_SimpleI30CMasterGearBarneyChanceElementE16ReleaseParameterEPKc		0	0	38
N	_ZThn16_N33CMasterParameterBaseSqlite_SimpleI30CMasterMissionEnemyInfoElementE11DeserializeEPKN4Aska4ASON6AValue4AMapE		0	0	87
N	_ZThn16_N33CMasterParameterBaseSqlite_SimpleI30CMasterMissionEnemyInfoElementE16ReleaseParameterEPKc		0	0	38
N	_ZThn16_N33CMasterParameterBaseSqlite_SimpleI30CMasterParameterBarrierElementE11DeserializeEPKN4Aska4ASON6AValue4AMapE		0	0	87
N	_ZThn16_N33CMasterParameterBaseSqlite_SimpleI30CMasterParameterBarrierElementE16ReleaseParameterEPKc		0	0	38
N	_ZThn16_N33CMasterParameterBaseSqlite_SimpleI30CMasterParameterMenuBGMElementE11DeserializeEPKN4Aska4ASON6AValue4AMapE		0	0	87
N	_ZThn16_N33CMasterParameterBaseSqlite_SimpleI30CMasterParameterMenuBGMElementE16ReleaseParameterEPKc		0	0	38
N	_ZThn16_N33CMasterParameterBaseSqlite_SimpleI30CMasterParameterMissionElementE11DeserializeEPKN4Aska4ASON6AValue4AMapE		0	0	348
N	_ZThn16_N33CMasterParameterBaseSqlite_SimpleI30CMasterParameterMissionElementE16ReleaseParameterEPKc		0	0	152
N	_ZThn16_N33CMasterParameterBaseSqlite_SimpleI30CMasterParameterNpcBaseElementE11DeserializeEPKN4Aska4ASON6AValue4AMapE		0	0	87
N	_ZThn16_N33CMasterParameterBaseSqlite_SimpleI30CMasterParameterNpcBaseElementE16ReleaseParameterEPKc		0	0	38
N	_ZThn16_N33CMasterParameterBaseSqlite_SimpleI30CMasterSubscriptionPlanElementE11DeserializeEPKN4Aska4ASON6AValue4AMapE		0	0	87
N	_ZThn16_N33CMasterParameterBaseSqlite_SimpleI30CMasterSubscriptionPlanElementE16ReleaseParameterEPKc		0	0	38
N	_ZThn16_N33CMasterParameterBaseSqlite_SimpleI31CMasterDeepSpaceBonusSetElementE11DeserializeEPKN4Aska4ASON6AValue4AMapE		0	0	87
N	_ZThn16_N33CMasterParameterBaseSqlite_SimpleI31CMasterDeepSpaceBonusSetElementE16ReleaseParameterEPKc		0	0	38
N	_ZThn16_N33CMasterParameterBaseSqlite_SimpleI31CMasterEventRankingGroupElementE11DeserializeEPKN4Aska4ASON6AValue4AMapE		0	0	87
N	_ZThn16_N33CMasterParameterBaseSqlite_SimpleI31CMasterEventRankingGroupElementE16ReleaseParameterEPKc		0	0	38
N	_ZThn16_N33CMasterParameterBaseSqlite_SimpleI31CMasterParameterCampaignElementE11DeserializeEPKN4Aska4ASON6AValue4AMapE		0	0	174
N	_ZThn16_N33CMasterParameterBaseSqlite_SimpleI31CMasterParameterCampaignElementE16ReleaseParameterEPKc		0	0	76
N	_ZThn16_N33CMasterParameterBaseSqlite_SimpleI31CMasterParameterDecoHairElementE11DeserializeEPKN4Aska4ASON6AValue4AMapE		0	0	87
N	_ZThn16_N33CMasterParameterBaseSqlite_SimpleI31CMasterParameterDecoHairElementE16ReleaseParameterEPKc		0	0	38
N	_ZThn16_N33CMasterParameterBaseSqlite_SimpleI31CMasterParameterItemShopElementE11DeserializeEPKN4Aska4ASON6AValue4AMapE		0	0	87
N	_ZThn16_N33CMasterParameterBaseSqlite_SimpleI31CMasterParameterItemShopElementE16ReleaseParameterEPKc		0	0	38
N	_ZThn16_N33CMasterParameterBaseSqlite_SimpleI31CMasterParameterLanguageElementE11DeserializeEPKN4Aska4ASON6AValue4AMapE		0	0	87
N	_ZThn16_N33CMasterParameterBaseSqlite_SimpleI31CMasterParameterLanguageElementE16ReleaseParameterEPKc		0	0	38
N	_ZThn16_N33CMasterParameterBaseSqlite_SimpleI31CMasterParameterStudioBgElementE11DeserializeEPKN4Aska4ASON6AValue4AMapE		0	0	87
N	_ZThn16_N33CMasterParameterBaseSqlite_SimpleI31CMasterParameterStudioBgElementE16ReleaseParameterEPKc		0	0	38
N	_ZThn16_N33CMasterParameterBaseSqlite_SimpleI31CMasterParameterWorldMapElementE11DeserializeEPKN4Aska4ASON6AValue4AMapE		0	0	87
N	_ZThn16_N33CMasterParameterBaseSqlite_SimpleI31CMasterParameterWorldMapElementE16ReleaseParameterEPKc		0	0	38
N	_ZThn16_N33CMasterParameterBaseSqlite_SimpleI31CMasterSphere211TreasureElementE11DeserializeEPKN4Aska4ASON6AValue4AMapE		0	0	87
N	_ZThn16_N33CMasterParameterBaseSqlite_SimpleI31CMasterSphere211TreasureElementE16ReleaseParameterEPKc		0	0	38
N	_ZThn16_N33CMasterParameterBaseSqlite_SimpleI32CMasterDeepSpaceBonusItemElementE11DeserializeEPKN4Aska4ASON6AValue4AMapE		0	0	87
N	_ZThn16_N33CMasterParameterBaseSqlite_SimpleI32CMasterDeepSpaceBonusItemElementE16ReleaseParameterEPKc		0	0	38
N	_ZThn16_N33CMasterParameterBaseSqlite_SimpleI32CMasterEventRankingRewardElementE11DeserializeEPKN4Aska4ASON6AValue4AMapE		0	0	87
N	_ZThn16_N33CMasterParameterBaseSqlite_SimpleI32CMasterEventRankingRewardElementE16ReleaseParameterEPKc		0	0	38
N	_ZThn16_N33CMasterParameterBaseSqlite_SimpleI32CMasterParameterEnemyBaseElementE11DeserializeEPKN4Aska4ASON6AValue4AMapE		0	0	87
N	_ZThn16_N33CMasterParameterBaseSqlite_SimpleI32CMasterParameterEnemyBaseElementE16ReleaseParameterEPKc		0	0	38
N	_ZThn16_N33CMasterParameterBaseSqlite_SimpleI32CMasterParameterEventTermElementE11DeserializeEPKN4Aska4ASON6AValue4AMapE		0	0	87
N	_ZThn16_N33CMasterParameterBaseSqlite_SimpleI32CMasterParameterEventTermElementE16ReleaseParameterEPKc		0	0	38
N	_ZThn16_N33CMasterParameterBaseSqlite_SimpleI32CMasterParameterGachaItemElementE11DeserializeEPKN4Aska4ASON6AValue4AMapE		0	0	87
N	_ZThn16_N33CMasterParameterBaseSqlite_SimpleI32CMasterParameterGachaItemElementE16ReleaseParameterEPKc		0	0	38
N	_ZThn16_N33CMasterParameterBaseSqlite_SimpleI32CMasterParameterGiftGachaElementE11DeserializeEPKN4Aska4ASON6AValue4AMapE		0	0	87
N	_ZThn16_N33CMasterParameterBaseSqlite_SimpleI32CMasterParameterGiftGachaElementE16ReleaseParameterEPKc		0	0	38
N	_ZThn16_N33CMasterParameterBaseSqlite_SimpleI32CMasterParameterHome3DMapElementE11DeserializeEPKN4Aska4ASON6AValue4AMapE		0	0	87
N	_ZThn16_N33CMasterParameterBaseSqlite_SimpleI32CMasterParameterHome3DMapElementE16ReleaseParameterEPKc		0	0	38
N	_ZThn16_N33CMasterParameterBaseSqlite_SimpleI32CMasterParameterMenuVoiceElementE11DeserializeEPKN4Aska4ASON6AValue4AMapE		0	0	87
N	_ZThn16_N33CMasterParameterBaseSqlite_SimpleI32CMasterParameterMenuVoiceElementE16ReleaseParameterEPKc		0	0	38
N	_ZThn16_N33CMasterParameterBaseSqlite_SimpleI32CMasterParameterWinCameraElementE11DeserializeEPKN4Aska4ASON6AValue4AMapE		0	0	87
N	_ZThn16_N33CMasterParameterBaseSqlite_SimpleI32CMasterParameterWinCameraElementE16ReleaseParameterEPKc		0	0	38
N	_ZThn16_N33CMasterParameterBaseSqlite_SimpleI33CMasterDeepSpaceTimeSavingElementE11DeserializeEPKN4Aska4ASON6AValue4AMapE		0	0	87
N	_ZThn16_N33CMasterParameterBaseSqlite_SimpleI33CMasterDeepSpaceTimeSavingElementE16ReleaseParameterEPKc		0	0	38
N	_ZThn16_N33CMasterParameterBaseSqlite_SimpleI33CMasterHome3DMotionSettingElementE11DeserializeEPKN4Aska4ASON6AValue4AMapE		0	0	87
N	_ZThn16_N33CMasterParameterBaseSqlite_SimpleI33CMasterHome3DMotionSettingElementE16ReleaseParameterEPKc		0	0	38
N	_ZThn16_N33CMasterParameterBaseSqlite_SimpleI33CMasterParameterDecoObjectElementE11DeserializeEPKN4Aska4ASON6AValue4AMapE		0	0	87
N	_ZThn16_N33CMasterParameterBaseSqlite_SimpleI33CMasterParameterDecoObjectElementE16ReleaseParameterEPKc		0	0	38
N	_ZThn16_N33CMasterParameterBaseSqlite_SimpleI33CMasterParameterEnemyPartyElementE11DeserializeEPKN4Aska4ASON6AValue4AMapE		0	0	87
N	_ZThn16_N33CMasterParameterBaseSqlite_SimpleI33CMasterParameterEnemyPartyElementE16ReleaseParameterEPKc		0	0	38
N	_ZThn16_N33CMasterParameterBaseSqlite_SimpleI33CMasterParameterEnemyTransElementE11DeserializeEPKN4Aska4ASON6AValue4AMapE		0	0	87
N	_ZThn16_N33CMasterParameterBaseSqlite_SimpleI33CMasterParameterEnemyTransElementE16ReleaseParameterEPKc		0	0	38
N	_ZThn16_N33CMasterParameterBaseSqlite_SimpleI33CMasterParameterFactorLockElementE11DeserializeEPKN4Aska4ASON6AValue4AMapE		0	0	87
N	_ZThn16_N33CMasterParameterBaseSqlite_SimpleI33CMasterParameterFactorLockElementE16ReleaseParameterEPKc		0	0	38
N	_ZThn16_N33CMasterParameterBaseSqlite_SimpleI33CMasterParameterFactorSeedElementE11DeserializeEPKN4Aska4ASON6AValue4AMapE		0	0	87
N	_ZThn16_N33CMasterParameterBaseSqlite_SimpleI33CMasterParameterFactorSeedElementE16ReleaseParameterEPKc		0	0	38
N	_ZThn16_N33CMasterParameterBaseSqlite_SimpleI33CMasterParameterFavorBonusElementE11DeserializeEPKN4Aska4ASON6AValue4AMapE		0	0	87
N	_ZThn16_N33CMasterParameterBaseSqlite_SimpleI33CMasterParameterFavorBonusElementE16ReleaseParameterEPKc		0	0	38
N	_ZThn16_N33CMasterParameterBaseSqlite_SimpleI33CMasterParameterFavorLevelElementE11DeserializeEPKN4Aska4ASON6AValue4AMapE		0	0	87
N	_ZThn16_N33CMasterParameterBaseSqlite_SimpleI33CMasterParameterFavorLevelElementE16ReleaseParameterEPKc		0	0	38
N	_ZThn16_N33CMasterParameterBaseSqlite_SimpleI33CMasterParameterGachaImageElementE11DeserializeEPKN4Aska4ASON6AValue4AMapE		0	0	87
N	_ZThn16_N33CMasterParameterBaseSqlite_SimpleI33CMasterParameterGachaImageElementE16ReleaseParameterEPKc		0	0	38
N	_ZThn16_N33CMasterParameterBaseSqlite_SimpleI33CMasterParameterItemAwakenElementE11DeserializeEPKN4Aska4ASON6AValue4AMapE		1	1	87
N	_ZThn16_N33CMasterParameterBaseSqlite_SimpleI33CMasterParameterItemAwakenElementE16ReleaseParameterEPKc		0	0	38
N	_ZThn16_N33CMasterParameterBaseSqlite_SimpleI33CMasterParameterLoginBonusElementE11DeserializeEPKN4Aska4ASON6AValue4AMapE		0	0	87
N	_ZThn16_N33CMasterParameterBaseSqlite_SimpleI33CMasterParameterLoginBonusElementE16ReleaseParameterEPKc		0	0	38
N	_ZThn16_N33CMasterParameterBaseSqlite_SimpleI33CMasterParameterMissionNpcElementE11DeserializeEPKN4Aska4ASON6AValue4AMapE		0	0	87
N	_ZThn16_N33CMasterParameterBaseSqlite_SimpleI33CMasterParameterMissionNpcElementE16ReleaseParameterEPKc		0	0	38
N	_ZThn16_N33CMasterParameterBaseSqlite_SimpleI33CMasterParameterRoleChangeElementE11DeserializeEPKN4Aska4ASON6AValue4AMapE		0	0	87
N	_ZThn16_N33CMasterParameterBaseSqlite_SimpleI33CMasterParameterRoleChangeElementE16ReleaseParameterEPKc		0	0	38
N	_ZThn16_N33CMasterParameterBaseSqlite_SimpleI33CMasterParameterSelectPartElementE11DeserializeEPKN4Aska4ASON6AValue4AMapE		0	0	87
N	_ZThn16_N33CMasterParameterBaseSqlite_SimpleI33CMasterParameterSelectPartElementE16ReleaseParameterEPKc		0	0	38
N	_ZThn16_N33CMasterParameterBaseSqlite_SimpleI33CMasterParameterWeaponKindElementE11DeserializeEPKN4Aska4ASON6AValue4AMapE		0	0	87
N	_ZThn16_N33CMasterParameterBaseSqlite_SimpleI33CMasterParameterWeaponKindElementE16ReleaseParameterEPKc		0	0	38
N	_ZThn16_N33CMasterParameterBaseSqlite_SimpleI33CMasterSphere211FloorAssetElementE11DeserializeEPKN4Aska4ASON6AValue4AMapE		0	0	87
N	_ZThn16_N33CMasterParameterBaseSqlite_SimpleI33CMasterSphere211FloorAssetElementE16ReleaseParameterEPKc		0	0	38
N	_ZThn16_N33CMasterParameterBaseSqlite_SimpleI33CMasterSphere211MissionBoxElementE11DeserializeEPKN4Aska4ASON6AValue4AMapE		0	0	87
N	_ZThn16_N33CMasterParameterBaseSqlite_SimpleI33CMasterSphere211MissionBoxElementE16ReleaseParameterEPKc		0	0	38
N	_ZThn16_N33CMasterParameterBaseSqlite_SimpleI34CMasterParameterAchievementElementE11DeserializeEPKN4Aska4ASON6AValue4AMapE		0	0	87
N	_ZThn16_N33CMasterParameterBaseSqlite_SimpleI34CMasterParameterAchievementElementE16ReleaseParameterEPKc		0	0	38
N	_ZThn16_N33CMasterParameterBaseSqlite_SimpleI34CMasterParameterAssistSkillElementE11DeserializeEPKN4Aska4ASON6AValue4AMapE		0	0	87
N	_ZThn16_N33CMasterParameterBaseSqlite_SimpleI34CMasterParameterAssistSkillElementE16ReleaseParameterEPKc		0	0	38
N	_ZThn16_N33CMasterParameterBaseSqlite_SimpleI34CMasterParameterBunkerSetupElementE11DeserializeEPKN4Aska4ASON6AValue4AMapE		0	0	87
N	_ZThn16_N33CMasterParameterBaseSqlite_SimpleI34CMasterParameterBunkerSetupElementE16ReleaseParameterEPKc		0	0	38
N	_ZThn16_N33CMasterParameterBaseSqlite_SimpleI34CMasterParameterEnemyCommonElementE11DeserializeEPKN4Aska4ASON6AValue4AMapE		0	0	87
N	_ZThn16_N33CMasterParameterBaseSqlite_SimpleI34CMasterParameterEnemyCommonElementE16ReleaseParameterEPKc		0	0	38
N	_ZThn16_N33CMasterParameterBaseSqlite_SimpleI34CMasterParameterEventWeeklyElementE11DeserializeEPKN4Aska4ASON6AValue4AMapE		0	0	87
N	_ZThn16_N33CMasterParameterBaseSqlite_SimpleI34CMasterParameterEventWeeklyElementE16ReleaseParameterEPKc		0	0	38
N	_ZThn16_N33CMasterParameterBaseSqlite_SimpleI34CMasterParameterFriendGaugeElementE11DeserializeEPKN4Aska4ASON6AValue4AMapE		0	0	87
N	_ZThn16_N33CMasterParameterBaseSqlite_SimpleI34CMasterParameterFriendGaugeElementE16ReleaseParameterEPKc		0	0	38
N	_ZThn16_N33CMasterParameterBaseSqlite_SimpleI34CMasterParameterHeatUpBonusElementE11DeserializeEPKN4Aska4ASON6AValue4AMapE		0	0	87
N	_ZThn16_N33CMasterParameterBaseSqlite_SimpleI34CMasterParameterHeatUpBonusElementE16ReleaseParameterEPKc		0	0	38
N	_ZThn16_N33CMasterParameterBaseSqlite_SimpleI34CMasterParameterHomeMessageElementE11DeserializeEPKN4Aska4ASON6AValue4AMapE		0	0	87
N	_ZThn16_N33CMasterParameterBaseSqlite_SimpleI34CMasterParameterHomeMessageElementE16ReleaseParameterEPKc		0	0	38
N	_ZThn16_N33CMasterParameterBaseSqlite_SimpleI34CMasterParameterItemComposeElementE11DeserializeEPKN4Aska4ASON6AValue4AMapE		0	0	87
N	_ZThn16_N33CMasterParameterBaseSqlite_SimpleI34CMasterParameterItemComposeElementE16ReleaseParameterEPKc		0	0	38
N	_ZThn16_N33CMasterParameterBaseSqlite_SimpleI34CMasterParameterItemGradeUpElementE11DeserializeEPKN4Aska4ASON6AValue4AMapE		0	0	87
N	_ZThn16_N33CMasterParameterBaseSqlite_SimpleI34CMasterParameterItemGradeUpElementE16ReleaseParameterEPKc		0	0	38
N	_ZThn16_N33CMasterParameterBaseSqlite_SimpleI34CMasterParameterMasteryStepElementE11DeserializeEPKN4Aska4ASON6AValue4AMapE		0	0	87
N	_ZThn16_N33CMasterParameterBaseSqlite_SimpleI34CMasterParameterMasteryStepElementE16ReleaseParameterEPKc		0	0	38
N	_ZThn16_N33CMasterParameterBaseSqlite_SimpleI34CMasterParameterMissionDropElementE11DeserializeEPKN4Aska4ASON6AValue4AMapE		0	0	87
N	_ZThn16_N33CMasterParameterBaseSqlite_SimpleI34CMasterParameterMissionDropElementE16ReleaseParameterEPKc		0	0	38
N	_ZThn16_N33CMasterParameterBaseSqlite_SimpleI34CMasterParameterPlayerLevelElementE11DeserializeEPKN4Aska4ASON6AValue4AMapE		0	0	87
N	_ZThn16_N33CMasterParameterBaseSqlite_SimpleI34CMasterParameterPlayerLevelElementE16ReleaseParameterEPKc		0	0	38
N	_ZThn16_N33CMasterParameterBaseSqlite_SimpleI34CMasterParameterRoleBoostedElementE11DeserializeEPKN4Aska4ASON6AValue4AMapE		0	0	87
N	_ZThn16_N33CMasterParameterBaseSqlite_SimpleI34CMasterParameterRoleBoostedElementE16ReleaseParameterEPKc		0	0	38
N	_ZThn16_N33CMasterParameterBaseSqlite_SimpleI34CMasterParameterStageLayoutElementE11DeserializeEPKN4Aska4ASON6AValue4AMapE		0	0	87
N	_ZThn16_N33CMasterParameterBaseSqlite_SimpleI34CMasterParameterStageLayoutElementE16ReleaseParameterEPKc		0	0	38
N	_ZThn16_N33CMasterParameterBaseSqlite_SimpleI34CMasterParameterVoiceSwitchElementE11DeserializeEPKN4Aska4ASON6AValue4AMapE		0	0	87
N	_ZThn16_N33CMasterParameterBaseSqlite_SimpleI34CMasterParameterVoiceSwitchElementE16ReleaseParameterEPKc		0	0	38
N	_ZThn16_N33CMasterParameterBaseSqlite_SimpleI34CMasterSphere211RentalBonusElementE11DeserializeEPKN4Aska4ASON6AValue4AMapE		0	0	87
N	_ZThn16_N33CMasterParameterBaseSqlite_SimpleI34CMasterSphere211RentalBonusElementE16ReleaseParameterEPKc		0	0	38
N	_ZThn16_N33CMasterParameterBaseSqlite_SimpleI35CMasterExpirationInformationElementE11DeserializeEPKN4Aska4ASON6AValue4AMapE		0	0	87
N	_ZThn16_N33CMasterParameterBaseSqlite_SimpleI35CMasterExpirationInformationElementE16ReleaseParameterEPKc		0	0	38
N	_ZThn16_N33CMasterParameterBaseSqlite_SimpleI35CMasterParameterBattleGlobalElementE11DeserializeEPKN4Aska4ASON6AValue4AMapE		0	0	87
N	_ZThn16_N33CMasterParameterBaseSqlite_SimpleI35CMasterParameterBattleGlobalElementE16ReleaseParameterEPKc		0	0	38
N	_ZThn16_N33CMasterParameterBaseSqlite_SimpleI35CMasterParameterItemSaleRateElementE11DeserializeEPKN4Aska4ASON6AValue4AMapE		0	0	87
N	_ZThn16_N33CMasterParameterBaseSqlite_SimpleI35CMasterParameterItemSaleRateElementE16ReleaseParameterEPKc		0	0	38
N	_ZThn16_N33CMasterParameterBaseSqlite_SimpleI35CMasterParameterMissionStageElementE11DeserializeEPKN4Aska4ASON6AValue4AMapE		0	0	87
N	_ZThn16_N33CMasterParameterBaseSqlite_SimpleI35CMasterParameterMissionStageElementE16ReleaseParameterEPKc		0	0	38
N	_ZThn16_N33CMasterParameterBaseSqlite_SimpleI35CMasterParameterRoleLevelMaxElementE11DeserializeEPKN4Aska4ASON6AValue4AMapE		0	0	87
N	_ZThn16_N33CMasterParameterBaseSqlite_SimpleI35CMasterParameterRoleLevelMaxElementE16ReleaseParameterEPKc		0	0	38
N	_ZThn16_N33CMasterParameterBaseSqlite_SimpleI35CMasterParameterWorldMapBaseElementE11DeserializeEPKN4Aska4ASON6AValue4AMapE		0	0	87
N	_ZThn16_N33CMasterParameterBaseSqlite_SimpleI35CMasterParameterWorldMapBaseElementE16ReleaseParameterEPKc		0	0	38
N	_ZThn16_N33CMasterParameterBaseSqlite_SimpleI35CMasterParameterWorldMapCellElementE11DeserializeEPKN4Aska4ASON6AValue4AMapE		0	0	87
N	_ZThn16_N33CMasterParameterBaseSqlite_SimpleI35CMasterParameterWorldMapCellElementE16ReleaseParameterEPKc		0	0	38
N	_ZThn16_N33CMasterParameterBaseSqlite_SimpleI36CMasterParameterAIAppointMoveElementE11DeserializeEPKN4Aska4ASON6AValue4AMapE		0	0	87
N	_ZThn16_N33CMasterParameterBaseSqlite_SimpleI36CMasterParameterAIAppointMoveElementE16ReleaseParameterEPKc		0	0	38
N	_ZThn16_N33CMasterParameterBaseSqlite_SimpleI36CMasterParameterBannerReplaceElementE11DeserializeEPKN4Aska4ASON6AValue4AMapE		0	0	87
N	_ZThn16_N33CMasterParameterBaseSqlite_SimpleI36CMasterParameterBannerReplaceElementE16ReleaseParameterEPKc		0	0	38
N	_ZThn16_N33CMasterParameterBaseSqlite_SimpleI36CMasterParameterFavorScheduleElementE11DeserializeEPKN4Aska4ASON6AValue4AMapE		0	0	87
N	_ZThn16_N33CMasterParameterBaseSqlite_SimpleI36CMasterParameterFavorScheduleElementE16ReleaseParameterEPKc		0	0	38
N	_ZThn16_N33CMasterParameterBaseSqlite_SimpleI36CMasterParameterRoleEvolutionElementE11DeserializeEPKN4Aska4ASON6AValue4AMapE		0	0	87
N	_ZThn16_N33CMasterParameterBaseSqlite_SimpleI36CMasterParameterRoleEvolutionElementE16ReleaseParameterEPKc		0	0	38
N	_ZThn16_N33CMasterParameterBaseSqlite_SimpleI36CMasterSphere211FloorAssetBoxElementE11DeserializeEPKN4Aska4ASON6AValue4AMapE		0	0	87
N	_ZThn16_N33CMasterParameterBaseSqlite_SimpleI36CMasterSphere211FloorAssetBoxElementE16ReleaseParameterEPKc		0	0	38
N	_ZThn16_N33CMasterParameterBaseSqlite_SimpleI36CMasterSphere211RankingRewardElementE11DeserializeEPKN4Aska4ASON6AValue4AMapE		0	0	87
N	_ZThn16_N33CMasterParameterBaseSqlite_SimpleI36CMasterSphere211RankingRewardElementE16ReleaseParameterEPKc		0	0	38
N	_ZThn16_N33CMasterParameterBaseSqlite_SimpleI37CMasterParameterDecoOffsetTypeElementE11DeserializeEPKN4Aska4ASON6AValue4AMapE		0	0	87
N	_ZThn16_N33CMasterParameterBaseSqlite_SimpleI37CMasterParameterDecoOffsetTypeElementE16ReleaseParameterEPKc		0	0	38
N	_ZThn16_N33CMasterParameterBaseSqlite_SimpleI37CMasterParameterDirectItemShopElementE11DeserializeEPKN4Aska4ASON6AValue4AMapE		0	0	87
N	_ZThn16_N33CMasterParameterBaseSqlite_SimpleI37CMasterParameterDirectItemShopElementE16ReleaseParameterEPKc		0	0	38
N	_ZThn16_N33CMasterParameterBaseSqlite_SimpleI37CMasterParameterGuestCharacterElementE11DeserializeEPKN4Aska4ASON6AValue4AMapE		0	0	87
N	_ZThn16_N33CMasterParameterBaseSqlite_SimpleI37CMasterParameterGuestCharacterElementE16ReleaseParameterEPKc		0	0	38
N	_ZThn16_N33CMasterParameterBaseSqlite_SimpleI37CMasterParameterItemLimitBreakElementE11DeserializeEPKN4Aska4ASON6AValue4AMapE		0	0	87
N	_ZThn16_N33CMasterParameterBaseSqlite_SimpleI37CMasterParameterItemLimitBreakElementE16ReleaseParameterEPKc		0	0	38
N	_ZThn16_N33CMasterParameterBaseSqlite_SimpleI37CMasterParameterLoadingMessageElementE11DeserializeEPKN4Aska4ASON6AValue4AMapE		0	0	87
N	_ZThn16_N33CMasterParameterBaseSqlite_SimpleI37CMasterParameterLoadingMessageElementE16ReleaseParameterEPKc		0	0	38
N	_ZThn16_N33CMasterParameterBaseSqlite_SimpleI38CMasterParameterChantEffectTypeElementE11DeserializeEPKN4Aska4ASON6AValue4AMapE		0	0	87
N	_ZThn16_N33CMasterParameterBaseSqlite_SimpleI38CMasterParameterChantEffectTypeElementE16ReleaseParameterEPKc		0	0	38
N	_ZThn16_N33CMasterParameterBaseSqlite_SimpleI38CMasterParameterCharacterCommonElementE11DeserializeEPKN4Aska4ASON6AValue4AMapE		0	0	87
N	_ZThn16_N33CMasterParameterBaseSqlite_SimpleI38CMasterParameterCharacterCommonElementE16ReleaseParameterEPKc		0	0	38
N	_ZThn16_N33CMasterParameterBaseSqlite_SimpleI38CMasterParameterFactorConditionElementE11DeserializeEPKN4Aska4ASON6AValue4AMapE		0	0	87
N	_ZThn16_N33CMasterParameterBaseSqlite_SimpleI38CMasterParameterFactorConditionElementE16ReleaseParameterEPKc		0	0	38
N	_ZThn16_N33CMasterParameterBaseSqlite_SimpleI38CMasterParameterFavorItemEffectElementE11DeserializeEPKN4Aska4ASON6AValue4AMapE		0	0	87
N	_ZThn16_N33CMasterParameterBaseSqlite_SimpleI38CMasterParameterFavorItemEffectElementE16ReleaseParameterEPKc		0	0	38
N	_ZThn16_N33CMasterParameterBaseSqlite_SimpleI38CMasterParameterItemGradeUpListElementE11DeserializeEPKN4Aska4ASON6AValue4AMapE		0	0	87
N	_ZThn16_N33CMasterParameterBaseSqlite_SimpleI38CMasterParameterItemGradeUpListElementE16ReleaseParameterEPKc		0	0	38
N	_ZThn16_N33CMasterParameterBaseSqlite_SimpleI38CMasterParameterMaterialComposeElementE11DeserializeEPKN4Aska4ASON6AValue4AMapE		0	0	87
N	_ZThn16_N33CMasterParameterBaseSqlite_SimpleI38CMasterParameterMaterialComposeElementE16ReleaseParameterEPKc		0	0	38
N	_ZThn16_N33CMasterParameterBaseSqlite_SimpleI38CMasterParameterMenuCommonVoiceElementE11DeserializeEPKN4Aska4ASON6AValue4AMapE		0	0	87
N	_ZThn16_N33CMasterParameterBaseSqlite_SimpleI38CMasterParameterMenuCommonVoiceElementE16ReleaseParameterEPKc		0	0	38
N	_ZThn16_N33CMasterParameterBaseSqlite_SimpleI38CMasterParameterReplaceResourceElementE11DeserializeEPKN4Aska4ASON6AValue4AMapE		0	0	87
N	_ZThn16_N33CMasterParameterBaseSqlite_SimpleI38CMasterParameterReplaceResourceElementE16ReleaseParameterEPKc		0	0	38
N	_ZThn16_N33CMasterParameterBaseSqlite_SimpleI38CMasterParameterRoleDeityBufferElementE11DeserializeEPKN4Aska4ASON6AValue4AMapE		0	0	87
N	_ZThn16_N33CMasterParameterBaseSqlite_SimpleI38CMasterParameterRoleDeityBufferElementE16ReleaseParameterEPKc		0	0	38
N	_ZThn16_N33CMasterParameterBaseSqlite_SimpleI38CMasterParameterScenarioLibraryElementE11DeserializeEPKN4Aska4ASON6AValue4AMapE		0	0	87
N	_ZThn16_N33CMasterParameterBaseSqlite_SimpleI38CMasterParameterScenarioLibraryElementE16ReleaseParameterEPKc		0	0	38
N	_ZThn16_N33CMasterParameterBaseSqlite_SimpleI38CMasterParameterWorldMapMissionElementE11DeserializeEPKN4Aska4ASON6AValue4AMapE		0	0	87
N	_ZThn16_N33CMasterParameterBaseSqlite_SimpleI38CMasterParameterWorldMapMissionElementE16ReleaseParameterEPKc		0	0	38
N	_ZThn16_N33CMasterParameterBaseSqlite_SimpleI39CMasterParameterBattleEvaluationElementE11DeserializeEPKN4Aska4ASON6AValue4AMapE		0	0	87
N	_ZThn16_N33CMasterParameterBaseSqlite_SimpleI39CMasterParameterBattleEvaluationElementE16ReleaseParameterEPKc		0	0	38
N	_ZThn16_N33CMasterParameterBaseSqlite_SimpleI39CMasterParameterDecoAttachEnableElementE11DeserializeEPKN4Aska4ASON6AValue4AMapE		0	0	87
N	_ZThn16_N33CMasterParameterBaseSqlite_SimpleI39CMasterParameterDecoAttachEnableElementE16ReleaseParameterEPKc		0	0	38
N	_ZThn16_N33CMasterParameterBaseSqlite_SimpleI39CMasterParameterGuideInformationElementE11DeserializeEPKN4Aska4ASON6AValue4AMapE		0	0	87
N	_ZThn16_N33CMasterParameterBaseSqlite_SimpleI39CMasterParameterGuideInformationElementE16ReleaseParameterEPKc		0	0	38
N	_ZThn16_N33CMasterParameterBaseSqlite_SimpleI39CMasterParameterItemExchangeShopElementE11DeserializeEPKN4Aska4ASON6AValue4AMapE		0	0	87
N	_ZThn16_N33CMasterParameterBaseSqlite_SimpleI39CMasterParameterItemExchangeShopElementE16ReleaseParameterEPKc		0	0	38
N	_ZThn16_N33CMasterParameterBaseSqlite_SimpleI39CMasterParameterWeaponLimitBreakElementE11DeserializeEPKN4Aska4ASON6AValue4AMapE		0	0	87
N	_ZThn16_N33CMasterParameterBaseSqlite_SimpleI39CMasterParameterWeaponLimitBreakElementE16ReleaseParameterEPKc		0	0	38
N	_ZThn16_N33CMasterParameterBaseSqlite_SimpleI39CMasterParameterWorldMapProgressElementE11DeserializeEPKN4Aska4ASON6AValue4AMapE		0	0	87
N	_ZThn16_N33CMasterParameterBaseSqlite_SimpleI39CMasterParameterWorldMapProgressElementE16ReleaseParameterEPKc		0	0	38
N	_ZThn16_N33CMasterParameterBaseSqlite_SimpleI39CMasterSphere211TreasureContentsElementE11DeserializeEPKN4Aska4ASON6AValue4AMapE		0	0	87
N	_ZThn16_N33CMasterParameterBaseSqlite_SimpleI39CMasterSphere211TreasureContentsElementE16ReleaseParameterEPKc		0	0	38
N	_ZThn16_N33CMasterParameterBaseSqlite_SimpleI39CMasterUniverseChipGachaExchangeElementE11DeserializeEPKN4Aska4ASON6AValue4AMapE		0	0	87
N	_ZThn16_N33CMasterParameterBaseSqlite_SimpleI39CMasterUniverseChipGachaExchangeElementE16ReleaseParameterEPKc		0	0	38
N	_ZThn16_N33CMasterParameterBaseSqlite_SimpleI40CMasterParameterAssistCutinOffsetElementE11DeserializeEPKN4Aska4ASON6AValue4AMapE		0	0	87
N	_ZThn16_N33CMasterParameterBaseSqlite_SimpleI40CMasterParameterAssistCutinOffsetElementE16ReleaseParameterEPKc		0	0	38
N	_ZThn16_N33CMasterParameterBaseSqlite_SimpleI40CMasterParameterAssistVoiceMarginElementE11DeserializeEPKN4Aska4ASON6AValue4AMapE		0	0	87
N	_ZThn16_N33CMasterParameterBaseSqlite_SimpleI40CMasterParameterAssistVoiceMarginElementE16ReleaseParameterEPKc		0	0	38
N	_ZThn16_N33CMasterParameterBaseSqlite_SimpleI40CMasterParameterPremiumLoginBonusElementE11DeserializeEPKN4Aska4ASON6AValue4AMapE		0	0	87
N	_ZThn16_N33CMasterParameterBaseSqlite_SimpleI40CMasterParameterPremiumLoginBonusElementE16ReleaseParameterEPKc		0	0	38
N	_ZThn16_N33CMasterParameterBaseSqlite_SimpleI40CMasterSphere211FloorClearPresentElementE11DeserializeEPKN4Aska4ASON6AValue4AMapE		0	0	87
N	_ZThn16_N33CMasterParameterBaseSqlite_SimpleI40CMasterSphere211FloorClearPresentElementE16ReleaseParameterEPKc		0	0	38
N	_ZThn16_N33CMasterParameterBaseSqlite_SimpleI40CMasterSphere211FloorTransferRateElementE11DeserializeEPKN4Aska4ASON6AValue4AMapE		0	0	87
N	_ZThn16_N33CMasterParameterBaseSqlite_SimpleI40CMasterSphere211FloorTransferRateElementE16ReleaseParameterEPKc		0	0	38
N	_ZThn16_N33CMasterParameterBaseSqlite_SimpleI41CMasterParameterFavorBonusContentsElementE11DeserializeEPKN4Aska4ASON6AValue4AMapE		0	0	87
N	_ZThn16_N33CMasterParameterBaseSqlite_SimpleI41CMasterParameterFavorBonusContentsElementE16ReleaseParameterEPKc		0	0	38
N	_ZThn16_N33CMasterParameterBaseSqlite_SimpleI41CMasterParameterLoginBonusContentsElementE11DeserializeEPKN4Aska4ASON6AValue4AMapE		0	0	87
N	_ZThn16_N33CMasterParameterBaseSqlite_SimpleI41CMasterParameterLoginBonusContentsElementE16ReleaseParameterEPKc		0	0	38
N	_ZThn16_N33CMasterParameterBaseSqlite_SimpleI41CMasterSphere211FloorTransferLevelElementE11DeserializeEPKN4Aska4ASON6AValue4AMapE		0	0	87
N	_ZThn16_N33CMasterParameterBaseSqlite_SimpleI41CMasterSphere211FloorTransferLevelElementE16ReleaseParameterEPKc		0	0	38
N	_ZThn16_N33CMasterParameterBaseSqlite_SimpleI42CMasterParameterAccessoryLimitBreakElementE11DeserializeEPKN4Aska4ASON6AValue4AMapE		0	0	87
N	_ZThn16_N33CMasterParameterBaseSqlite_SimpleI42CMasterParameterAccessoryLimitBreakElementE16ReleaseParameterEPKc		0	0	38
N	_ZThn16_N33CMasterParameterBaseSqlite_SimpleI42CMasterParameterCharacterLimitBreakElementE11DeserializeEPKN4Aska4ASON6AValue4AMapE		0	0	87
N	_ZThn16_N33CMasterParameterBaseSqlite_SimpleI42CMasterParameterCharacterLimitBreakElementE16ReleaseParameterEPKc		0	0	38
N	_ZThn16_N33CMasterParameterBaseSqlite_SimpleI42CMasterParameterFriendGaugeContentsElementE11DeserializeEPKN4Aska4ASON6AValue4AMapE		0	0	87
N	_ZThn16_N33CMasterParameterBaseSqlite_SimpleI42CMasterParameterFriendGaugeContentsElementE16ReleaseParameterEPKc		0	0	38
N	_ZThn16_N33CMasterParameterBaseSqlite_SimpleI42CMasterParameterMissionClearPresentElementE11DeserializeEPKN4Aska4ASON6AValue4AMapE		0	0	87
N	_ZThn16_N33CMasterParameterBaseSqlite_SimpleI42CMasterParameterMissionClearPresentElementE16ReleaseParameterEPKc		0	0	38
N	_ZThn16_N33CMasterParameterBaseSqlite_SimpleI42CMasterParameterRoleDuplicationItemElementE11DeserializeEPKN4Aska4ASON6AValue4AMapE		1	1	87
N	_ZThn16_N33CMasterParameterBaseSqlite_SimpleI42CMasterParameterRoleDuplicationItemElementE16ReleaseParameterEPKc		0	0	38
N	_ZThn16_N33CMasterParameterBaseSqlite_SimpleI42CMasterSphere211OverwriteEnemyLevelElementE11DeserializeEPKN4Aska4ASON6AValue4AMapE		0	0	87
N	_ZThn16_N33CMasterParameterBaseSqlite_SimpleI42CMasterSphere211OverwriteEnemyLevelElementE16ReleaseParameterEPKc		0	0	38
N	_ZThn16_N33CMasterParameterBaseSqlite_SimpleI42CMasterSphere211TreasureStreakBonusElementE11DeserializeEPKN4Aska4ASON6AValue4AMapE		0	0	87
N	_ZThn16_N33CMasterParameterBaseSqlite_SimpleI42CMasterSphere211TreasureStreakBonusElementE16ReleaseParameterEPKc		0	0	38
N	_ZThn16_N33CMasterParameterBaseSqlite_SimpleI43CMasterParameterItemAccessoryComposeElementE11DeserializeEPKN4Aska4ASON6AValue4AMapE		0	0	87
N	_ZThn16_N33CMasterParameterBaseSqlite_SimpleI43CMasterParameterItemAccessoryComposeElementE16ReleaseParameterEPKc		0	0	38
N	_ZThn16_N33CMasterParameterBaseSqlite_SimpleI43CMasterParameterWorldMapGroupMissionElementE11DeserializeEPKN4Aska4ASON6AValue4AMapE		0	0	87
N	_ZThn16_N33CMasterParameterBaseSqlite_SimpleI43CMasterParameterWorldMapGroupMissionElementE16ReleaseParameterEPKc		0	0	38
N	_ZThn16_N33CMasterParameterBaseSqlite_SimpleI44CMasterParameterMissionCharacterBonusElementE11DeserializeEPKN4Aska4ASON6AValue4AMapE		0	0	87
N	_ZThn16_N33CMasterParameterBaseSqlite_SimpleI44CMasterParameterMissionCharacterBonusElementE16ReleaseParameterEPKc		0	0	38
N	_ZThn16_N33CMasterParameterBaseSqlite_SimpleI45CMasterParameterItemLimitBreakLevelMaxElementE11DeserializeEPKN4Aska4ASON6AValue4AMapE		0	0	87
N	_ZThn16_N33CMasterParameterBaseSqlite_SimpleI45CMasterParameterItemLimitBreakLevelMaxElementE16ReleaseParameterEPKc		0	0	38
N	_ZThn16_N33CMasterParameterBaseSqlite_SimpleI47CMasterParameterItemExchangeShopContentsElementE11DeserializeEPKN4Aska4ASON6AValue4AMapE		0	0	87
N	_ZThn16_N33CMasterParameterBaseSqlite_SimpleI47CMasterParameterItemExchangeShopContentsElementE16ReleaseParameterEPKc		0	0	38
N	_ZThn16_N33CMasterParameterBaseSqlite_SimpleI48CMasterParameterPremiumLoginBonusContentsElementE11DeserializeEPKN4Aska4ASON6AValue4AMapE		0	0	87
N	_ZThn16_N33CMasterParameterBaseSqlite_SimpleI48CMasterParameterPremiumLoginBonusContentsElementE16ReleaseParameterEPKc		0	0	38
N	_ZThn4080_N4Aska15ParticleManager7HandlerEm		303	317	19233
N	_ZThn40_N4Aska15ParticleManager3RunEi		250	257	21009
N	_ZThn40_N4Aska20MeshGeneratorManager3RunEi		6	6	10504
N	_ZThn40_NK4Aska15ParticleManager15GetDefaultLevelEv		0	0	1
N	_ZThn8_N13FakeApiCaller8ProgressEv		631	842	10496
N	_ZdaPv		3	5	31737
N	_ZdlPv		11	11	521356
N	_ZnamRKSt9nothrow_t		5	5	22525
N	_Znammb		3	3	7093
N	_Znwm		140	140	492203
N	_ZnwmRKSt9nothrow_t		18	18	33844
N	_Znwmmb		0	0	10
N	__cxa_guard_acquire		0	0	22
N	__cxa_guard_release		0	0	22
N	__dynamic_cast		0	0	32
N	sqlite3_bind_parameter_count		0	0	364
N	sqlite3_bind_text		0	0	2
N	sqlite3_close		1	1	1
N	sqlite3_column_count		0	0	4
N	sqlite3_column_name		0	0	44
N	sqlite3_column_value		0	0	704
N	sqlite3_finalize		1	1	363
N	sqlite3_open		0	0	2
N	sqlite3_prepare_v2		149	149	364
N	sqlite3_reset		0	0	362
N	sqlite3_step		233	233	714
N	sqlite3_value_text		0	0	352
N	sqlite3_value_type		0	0	704
