# port-tutorial: work/rebase/cov-port-tutorial/prof (lib 380), 670.7 s, 85173 armed entries, 7676 executed. Derived by tools/rebase_inventory.py --coverage.
kind	function (G: guest function as its vaddr in this lib, named by the tool; N: native symbol)	first_hit_s	self_samples	incl_samples	native_calls
G	10faebc	0.11	0	0	
G	10faeec	0.11	1	1	
G	10fb488	0.11	1	1	
G	1e7a294	0.11	0	0	
G	1e80104	0.11	0	0	
G	10fbccc	0.12	0	0	
G	10fc268	0.12	1	1	
G	10fc804	0.12	0	0	
G	10fcda0	0.12	1	1	
G	10fd33c	0.12	1	1	
G	10fd8d8	0.12	0	0	
G	10fde74	0.12	1	1	
G	10fe410	0.12	1	1	
G	10fe9ac	0.12	0	0	
G	10fef48	0.12	1	1	
G	10ff4e4	0.12	0	0	
G	10ffa80	0.12	1	1	
G	1100040	0.12	1	1	
G	11005dc	0.12	0	0	
G	1100b78	0.12	1	1	
G	1101114	0.13	1	1	
G	11016b0	0.13	1	1	
G	1101c4c	0.13	1	1	
G	11021e8	0.13	1	1	
G	1102784	0.13	0	0	
G	1102d20	0.13	1	1	
G	11032bc	0.13	1	1	
G	1103858	0.13	0	0	
G	1103df4	0.13	1	1	
G	1104390	0.13	0	0	
G	110492c	0.13	1	1	
G	1104ec8	0.13	1	1	
G	1105464	0.13	0	0	
G	1105a00	0.13	1	1	
G	1105f9c	0.14	1	1	
G	1106538	0.14	0	0	
G	1106ad4	0.14	1	1	
G	1107070	0.14	0	0	
G	110760c	0.14	1	1	
G	1107ba8	0.14	1	1	
G	1108144	0.14	1	1	
G	11086e0	0.14	1	1	
G	1108c7c	0.14	0	0	
G	1109218	0.14	1	1	
G	11097b4	0.14	0	0	
G	1109d50	0.14	1	1	
G	110a2ec	0.14	1	1	
G	110a888	0.14	0	0	
G	110ae24	0.14	1	1	
G	110b3c0	0.15	0	0	
G	110b95c	0.15	1	1	
G	110bef8	0.15	0	0	
G	110c494	0.15	1	1	
G	110ca30	0.15	0	0	
G	110cfcc	0.15	0	0	
G	110d568	0.15	1	1	
G	110db04	0.15	0	0	
G	110e0a0	0.15	1	1	
G	110e63c	0.15	0	0	
G	110ebd8	0.15	1	1	
G	110f174	0.15	0	0	
G	110f710	0.15	1	1	
G	110fcac	0.15	0	0	
G	1110248	0.15	1	1	
G	11107e4	0.15	0	0	
G	1110d80	0.15	1	1	
G	111131c	0.15	0	0	
G	11118b8	0.15	1	1	
G	1111e54	0.16	0	0	
G	11123f0	0.16	1	1	
G	111298c	0.16	1	1	
G	1112f28	0.16	0	0	
G	11134c4	0.16	1	1	
G	1113a60	0.16	0	0	
G	1113ffc	0.16	0	0	
G	1114598	0.16	1	1	
G	1114b34	0.16	0	0	
G	11150d0	0.16	1	1	
G	111566c	0.16	1	1	
G	1115c08	0.16	1	1	
G	11161a4	0.16	1	1	
G	1116740	0.16	0	0	
G	1116cdc	0.17	1	1	
G	1117278	0.17	0	0	
G	1117814	0.17	1	1	
G	1117db0	0.17	0	0	
G	111834c	0.17	1	1	
G	11188e8	0.17	0	0	
G	1118e84	0.17	1	1	
G	1119420	0.17	0	0	
G	11199bc	0.17	1	1	
G	1119f58	0.17	0	0	
G	111a4f4	0.17	1	1	
G	111aa90	0.17	0	0	
G	111b02c	0.17	1	1	
G	111b5c8	0.17	0	0	
G	111bb64	0.17	1	1	
G	111c100	0.17	1	1	
G	111c69c	0.17	0	0	
G	111cc38	0.17	1	1	
G	111d1d4	0.17	0	0	
G	111d770	0.18	1	1	
G	111dd0c	0.18	1	1	
G	111e2a8	0.18	0	0	
G	111e844	0.18	1	1	
G	112218c	0.18	1	1	
G	1122728	0.19	0	0	
G	1122790	0.19	0	0	
G	1122d2c	0.19	1	1	
G	11232c8	0.19	1	1	
G	1123864	0.19	0	0	
G	1123e00	0.19	1	1	
G	112439c	0.19	0	0	
G	1124938	0.19	1	1	
G	1124ed4	0.19	0	0	
G	1125470	0.19	0	0	
G	1125544	0.19	1	1	
G	1125574	0.19	0	0	
G	11255bc	0.19	0	0	
G	1125664	0.19	0	0	
G	1125748	0.19	0	0	
G	1125768	0.19	0	0	
G	11257bc	0.19	0	0	
G	1125820	0.19	0	0	
G	1125ad8	0.19	0	0	
G	1125b18	0.19	0	0	
G	1125ba0	0.19	1	1	
G	1125c1c	0.19	0	0	
G	1125c4c	0.19	0	0	
G	1125c7c	0.19	0	0	
G	1125ca8	0.19	0	0	
G	1125d28	0.19	0	0	
G	1125de4	0.19	0	0	
G	1125e04	0.19	0	0	
G	1125e34	0.19	0	0	
G	1125e64	0.19	0	0	
G	1125f14	0.19	0	0	
G	1125f44	0.19	0	0	
G	1125f5c	0.19	0	0	
G	1125f78	0.19	0	0	
G	1125f9c	0.19	0	0	
G	1125fc0	0.19	0	0	
G	1125fd4	0.19	0	0	
G	1126058	0.19	0	0	
G	1126080	0.19	0	0	
G	11260c0	0.19	0	0	
G	11264a4	0.19	1	2	
G	1126500	0.19	0	0	
G	112655c	0.19	0	0	
G	11265c4	0.19	0	0	
G	11265e0	0.19	0	0	
G	112662c	0.19	0	0	
G	1e78ba8	0.19	0	0	
G	1f009f0	0.19	0	0	
G	1f7c554	0.19	0	0	
G	1f7cbd0	0.19	4	4	
G	1f827a4	0.19	8	8	
G	1f82bf8	0.19	1	2	
G	20e097c	0.19	0	0	
G	261f680	0.19	0	0	
G	261f774	0.19	0	0	
G	263ce98	0.19	1	1	
G	263d244	0.19	0	1	
G	263e4a4	0.19	0	0	
G	1efc800	0.21	0	0	
G	1f00760	0.21	0	0	
G	2209a40	0.21	22	22	
G	1efc964	0.23	0	194	
G	1efd1dc	0.23	0	0	
G	1f009d8	0.23	0	0	
G	1f0ffe8	0.23	0	0	
G	1f10008	0.23	3	662532	
G	22098a0	0.23	1	1	
G	2209a3c	0.23	0	0	
G	2209d14	0.23	1	1	
G	2209db4	0.23	19	19	
G	1efcad8	0.25	0	175	
G	216c47c	0.25	171	175	
G	22099a4	0.25	1	1	
G	220a164	0.25	0	0	
G	220a31c	0.25	0	0	
G	216c858	0.42	1	1	
G	220a660	0.42	1	3	
G	220a918	0.42	0	3	
G	1e5b13c	0.43	0	0	
G	1e5b148	0.43	0	0	
G	1efcca8	0.43	1	1	
G	1f0ff70	0.43	662333	662333	
G	1f7c5ec	0.43	7	7	
G	220a104	0.43	0	0	
G	220a9a8	0.43	2	2	
G	1f102f0	0.46	0	657548	
G	1f7c7e8	0.46	0	18943723	
G	1e59ad8	0.48	0	0	
G	1f42384	0.48	0	1	
G	1f4248c	0.48	1	1	
G	1e5b128	0.49	0	0	
G	1f10564	0.49	0	0	
G	1f47524	0.49	0	0	
G	1f47710	0.49	1	24	
G	1f48040	0.49	0	24	
G	1f4891c	0.49	0	0	
G	1e318d0	0.51	4	4	
G	1e59b30	0.51	0	0	
G	1efc85c	0.51	0	0	
G	1efc878	0.51	0	0	
G	1f00afc	0.51	0	1	
G	1f01388	0.51	1	1	
G	1f52428	0.51	0	0	
G	1f551dc	0.51	0	0	
G	1f7c99c	0.51	0	0	
G	1f7cb0c	0.51	0	0	
G	216ca68	0.51	31	31	
G	216d894	0.51	0	2	
G	216d954	0.51	1	1	
G	216dba8	0.51	1	1	
G	216e91c	0.51	53	238	
G	216eb24	0.51	0	0	
G	2224b54	0.51	0	0	
G	222bc38	0.51	0	0	
G	222bcf8	0.51	1	1	
G	216cce0	0.54	0	0	
G	20b6fc8	0.60	0	0	
G	216bfa4	0.60	3	3	
G	216c274	0.60	7	8	
G	216ed28	0.60	0	2	
G	216ee14	0.60	2	20	
G	216fa54	0.60	2	2	
G	2176d18	0.60	1	8	
G	2185854	0.60	0	0	
G	2212ee0	0.60	0	0	
G	137037c	0.62	1	1	
G	1f17bc0	0.62	294	294	
G	216f7ac	0.62	128	130	
G	2178c4c	0.62	1	1	
G	217c624	0.62	0	0	
G	217d4dc	0.62	2	8	
G	217d5ec	0.62	4	4	
G	217d888	0.62	1	2	
G	235885c	0.62	0	0	
G	1352018	0.75	0	0	
G	1f1839c	0.75	55	55	
G	1f19d28	0.75	0	0	
G	1f22e8c	0.75	1	1	
G	1f77e34	0.75	1	1	
G	217108c	0.75	2	2	
G	22135d0	0.75	0	0	
G	2221378	0.75	0	0	
G	2221cb0	0.75	0	0	
G	2226fd8	0.75	0	0	
G	11fcfbc	0.76	0	0	
G	14b7554	0.76	0	0	
G	1f105ac	0.76	0	0	
G	1f105c8	0.76	0	0	
G	1f5b6a4	0.76	9	9	
G	1f79308	0.76	0	0	
G	20ec9e0	0.76	1	1	
G	20f0704	0.76	0	0	
G	20f070c	0.76	0	0	
G	20f0714	0.76	0	0	
G	20f071c	0.76	0	0	
G	20f0724	0.76	0	0	
G	20f0738	0.76	0	0	
G	20f0740	0.76	0	0	
G	20f7248	0.76	0	21	
G	20f7694	0.76	0	0	
G	20f7834	0.76	1	1	
G	1f009dc	0.78	0	0	
G	1f17f40	0.78	44	44	
G	1f4d914	0.78	0	0	
G	1f84b38	0.78	0	0	
G	2094ea4	0.78	0	0	
G	20f03cc	0.78	3	661998	
G	20f90a0	0.78	1	2	
G	2183364	0.78	0	0	
G	21835e4	0.78	0	0	
G	2185800	0.78	0	0	
G	21ce7ac	0.78	1	1	
G	21cecec	0.78	0	0	
G	2213584	0.78	0	0	
G	2213598	0.78	0	0	
G	22135a8	0.78	0	0	
G	221a05c	0.78	0	1	
G	221b35c	0.78	1	2	
G	221b3fc	0.78	0	0	
G	221b43c	0.78	0	0	
G	221d9fc	0.78	0	1	
G	221dd90	0.78	0	1	
G	222bf70	0.78	0	661999	
G	222eeb8	0.78	1	1	
G	2345fd0	0.78	1	4	
G	25a01d8	0.78	0	0	
G	25a01ec	0.78	0	0	
G	25a0240	0.78	0	0	
G	25a0258	0.78	0	0	
G	261bb6c	0.78	0	0	
G	261d768	0.78	0	0	
G	261d850	0.78	0	0	
G	261eeb4	0.78	0	0	
G	261f77c	0.78	2	2	
G	261fd3c	0.78	0	0	
G	261fe70	0.78	0	0	
G	261fe78	0.78	0	0	
G	261fe80	0.78	0	0	
G	2630254	0.78	0	0	
G	2635ce4	0.78	1	1	
G	263e3dc	0.78	0	0	
G	263e3e4	0.78	0	0	
G	263ef14	0.78	0	0	
G	2643978	0.78	0	0	
G	2648a3c	0.78	0	0	
G	264b87c	0.78	0	0	
G	264c544	0.78	0	0	
G	1f2f7b4	0.79	0	1	
G	1f2f9d4	0.79	0	0	
G	1f2fb60	0.79	1	1	
G	1f6045c	0.79	0	0	
G	1f620e4	0.79	0	0	
G	1f62304	0.79	0	2	
G	1f63ac8	0.79	9	16	
G	1f64fa8	0.79	2	2	
G	1f689b0	0.79	0	0	
G	1f6957c	0.79	1	1	
G	1f6b1f4	0.79	0	0	
G	1f6c2b4	0.79	2	2	
G	1f85184	0.79	0	0	
G	20e9560	0.79	0	0	
G	2132394	0.79	0	0	
G	213a768	0.79	1	1	
G	2143b08	0.79	0	0	
G	21457e8	0.79	0	0	
G	222e3d0	0.79	0	0	
G	222ea20	0.79	0	0	
G	22309d4	0.79	0	0	
G	22310f4	0.79	1	2	
G	2231328	0.79	0	0	
G	22314cc	0.79	0	0	
G	22394e4	0.79	0	0	
G	223af0c	0.79	0	0	
G	223edd8	0.79	0	0	
G	2346728	0.79	0	0	
G	2639f58	0.79	0	0	
G	1efb7f4	0.80	416	416	
G	1f60548	0.80	1	2	
G	1f695f0	0.80	1	1	
G	1f69640	0.80	1	1	
G	1f6e2d8	0.80	0	0	
G	1f6e4ec	0.80	1	1	
G	2213538	0.80	0	0	
G	221354c	0.80	0	0	
G	2213558	0.80	0	0	
G	2213570	0.80	0	0	
G	221af70	0.80	10	1323949	
G	223951c	0.80	0	0	
G	223994c	0.80	0	0	
G	223b148	0.80	0	0	
G	223b1c0	0.80	0	0	
G	223bb4c	0.80	0	1	
G	223c6f0	0.80	0	0	
G	223eb2c	0.80	0	0	
G	223eb94	0.80	0	0	
G	223ed74	0.80	0	0	
G	25a0b70	0.80	1	1	
G	25a0c68	0.80	0	0	
G	25a0ca0	0.80	0	0	
G	25a0dc8	0.80	0	0	
G	25a0e38	0.80	0	0	
G	261bad8	0.80	0	0	
G	1f152a8	0.81	0	1	
G	1f15e08	0.81	1	1	
G	1f16634	0.81	0	0	
G	1f2f4bc	0.81	0	661967	
G	1f30368	0.81	1	1	
G	1f5a454	0.81	0	0	
G	1f5a7bc	0.81	0	0	
G	1f5aa54	0.81	1	1	
G	1f5af38	0.81	0	0	
G	1f60d24	0.81	0	0	
G	1f61bc0	0.81	1	1	
G	1f61f84	0.81	0	0	
G	20cfcfc	0.81	2	2	
G	20df798	0.81	0	0	
G	2127058	0.81	0	0	
G	216cee8	0.81	0	0	
G	218836c	0.81	0	0	
G	21883c8	0.81	0	0	
G	2188500	0.81	0	0	
G	2217130	0.81	0	0	
G	2218f20	0.81	0	31	
G	221936c	0.81	1	1	
G	2219508	0.81	0	0	
G	222bea8	0.81	0	0	
G	222ea50	0.81	171	1985776	
G	2232864	0.81	0	661963	
G	2233998	0.81	0	0	
G	23604d8	0.81	0	0	
G	1f16020	0.83	2	661939	
G	1f64c90	0.83	66	661725	
G	1f7cb14	0.83	1320874	1320874	
G	223ebd4	0.83	0	661945	
G	11fcfc0	0.84	0	0	
G	1f26d24	0.84	0	0	
G	20df4bc	0.84	1	661933	
G	20df974	0.84	0	0	
G	21315bc	0.84	0	0	
G	2131984	0.84	0	1	
G	2153f68	0.84	2	30	
G	215fb54	0.84	0	0	
G	216b490	0.84	0	0	
G	21b08a8	0.84	0	4	
G	21b09e0	0.84	3	3	
G	21d05bc	0.84	15	53	
G	21dd034	0.84	0	0	
G	20d1364	0.85	0	2	
G	20de0e4	0.85	0	1	
G	2165ce0	0.85	0	0	
G	2166650	0.85	4	4	
G	21671d4	0.85	3	7	
G	2168dd8	0.85	0	0	
G	216b2a8	0.85	0	0	
G	219f550	0.85	1	7	
G	219fdac	0.85	0	0	
G	21ae130	0.85	2	2	
G	21af038	0.85	0	0	
G	21b0acc	0.85	1	1	
G	21b0ea8	0.85	0	0	
G	21b0ee4	0.85	0	0	
G	21b1e20	0.85	0	0	
G	21b21fc	0.85	0	0	
G	21b8994	0.85	1	6	
G	21b90dc	0.85	0	0	
G	21d0274	0.85	2	2	
G	21d1300	0.85	47	73	
G	21d1970	0.85	0	0	
G	21d1a44	0.85	7	33	
G	21d3200	0.85	0	0	
G	21ddc04	0.85	2	2	
G	21ddd08	0.85	18	25	
G	2351dec	0.85	0	0	
G	2361b90	0.85	1	1	
G	1f52528	0.86	0	0	
G	20dc7f8	0.86	1	1	
G	20dca5c	0.86	0	0	
G	20e9afc	0.86	0	0	
G	21260a8	0.86	0	0	
G	216cfdc	0.86	8	8	
G	21a681c	0.86	1	10	
G	21a68ac	0.86	1	2	
G	21a6c18	0.86	2	2	
G	21a7258	0.86	2	2	
G	21a752c	0.86	0	0	
G	21a76e8	0.86	2	3	
G	21a7d88	0.86	0	1	
G	21a7e7c	0.86	0	0	
G	21a80c4	0.86	0	0	
G	21d3264	0.86	0	0	
G	22399f8	0.86	37	37	
G	223bd64	0.86	27	64	
G	223eb44	0.86	25	36	
G	2358888	0.86	1	1	
G	1f43308	0.87	0	0	
G	20a28b0	0.87	1	1	
G	20b6b18	0.87	3	3	
G	20b6df4	0.87	3	3	
G	20b71ac	0.87	5	5	
G	20b73b8	0.87	2	2	
G	20dc8ac	0.87	0	0	
G	212e460	0.87	0	0	
G	2154b54	0.87	0	0	
G	2162154	0.87	0	1	
G	21814ec	0.87	0	0	
G	2181540	0.87	0	12	
G	218174c	0.87	0	0	
G	21a0f1c	0.87	0	0	
G	21a0f24	0.87	0	0	
G	21a2130	0.87	1	3	
G	21a65c0	0.87	1	1	
G	21a79ec	0.87	1	1	
G	21a8898	0.87	0	0	
G	21ad558	0.87	0	0	
G	21b0f3c	0.87	0	0	
G	21b7c24	0.87	10	12	
G	21b90f4	0.87	372	661237	
G	21bc6d4	0.87	36	661905	
G	21bc98c	0.87	83	661905	
G	21cb860	0.87	0	0	
G	21e12a4	0.87	0	0	
G	21e1304	0.87	0	0	
G	234d898	0.87	0	1	
G	235f7f4	0.87	0	0	
G	1efbecc	0.92	2	2	
G	1f0140c	0.92	0	0	
G	1f188c8	0.92	1	1	
G	1f20140	0.92	1	3	
G	1f2191c	0.92	0	2	
G	1f76470	0.92	0	0	
G	1f764cc	0.92	0	0	
G	1f76528	0.92	0	0	
G	1f76554	0.92	0	0	
G	1f76714	0.92	1	1	
G	216bf94	0.92	1	1	
G	216cfb4	0.92	0	0	
G	216d0b4	0.92	1	3	
G	216d358	0.92	0	2	
G	216d460	0.92	1	3	
G	217698c	0.92	1	9	
G	2176a74	0.92	3	6	
G	2177630	0.92	2	2	
G	2177874	0.92	0	0	
G	21bfe4c	0.92	0	80	
G	235f958	0.92	0	5	
G	235fb18	0.92	0	7	
G	235fb68	0.92	1	6	
G	259ca7c	0.92	0	0	
G	1f17fd0	0.93	0	0	
G	1f19358	0.93	1	1	
G	1f197f8	0.93	0	0	
G	1f19a34	0.93	0	0	
G	1f528b8	0.93	0	1	
G	1f52c3c	0.93	0	1	
G	1f54628	0.93	0	0	
G	1f54658	0.93	0	0	
G	20a3254	0.93	24	55	
G	20a72d8	0.93	1	2	
G	20ad41c	0.93	0	0	
G	216c23c	0.93	0	0	
G	221a560	0.93	19	61	
G	221ae14	0.93	8	8	
G	221dd54	0.93	0	0	
G	221dd80	0.93	0	0	
G	221de6c	0.93	0	2	
G	221def0	0.93	0	2	
G	221e46c	0.93	0	0	
G	221e5fc	0.93	1	1	
G	221e608	0.93	0	0	
G	221e870	0.93	0	0	
G	221e8a0	0.93	0	0	
G	234d914	0.93	1	63	
G	21e8530	0.94	0	661835	
G	1f015e8	0.95	4	4	
G	1f01870	0.95	1	1	
G	1f531bc	0.95	0	0	
G	1f53adc	0.95	0	0	
G	1f53bdc	0.95	1	1	
G	1f54458	0.95	3	3	
G	1f546d4	0.95	0	0	
G	20a4118	0.95	6	6	
G	20a48f8	0.95	1	399	
G	20a77a0	0.95	0	661825	
G	20a7858	0.95	0	416	
G	20a794c	0.95	1	5	
G	20a7b34	0.95	0	0	
G	20a7cb0	0.95	3	408	
G	20ab5f8	0.95	2	7	
G	20b6280	0.95	0	0	
G	20b65e0	0.95	0	0	
G	20b6614	0.95	0	0	
G	20b6ab0	0.95	0	0	
G	20b75dc	0.95	0	0	
G	216cf14	0.95	0	0	
G	216d09c	0.95	0	0	
G	20ab53c	0.96	1	378	
G	20a4b60	0.97	1	1	
G	1f7cb60	0.98	509702	509702	
G	20a3bfc	0.98	26	56	
G	20a3e88	0.98	27	27	
G	20b4ee8	0.98	0	1	
G	20b5238	0.98	0	0	
G	20b746c	0.98	0	0	
G	216d248	0.98	0	6	
G	216d5fc	0.98	0	0	
G	216d60c	0.98	0	0	
G	2177a5c	0.98	1	2	
G	2177dc8	0.98	0	0	
G	2177e88	0.98	2	4	
G	234d9e8	0.98	2	7	
G	234dd5c	0.98	0	0	
G	234de80	0.98	0	0	
G	20a37a4	0.99	49	49	
G	20a43a8	0.99	4	7	
G	20a6ca4	0.99	1	1	
G	20b75f0	0.99	0	0	
G	2172698	0.99	2	8	
G	21afcc8	0.99	28	28	
G	21cc7d4	0.99	0	1	
G	235d0e0	0.99	10	10	
G	21d3594	1.00	3	19	
G	221e8cc	1.00	0	0	
G	221eb44	1.00	4	55	
G	221ed20	1.00	6	6	
G	221f108	1.00	0	0	
G	221f264	1.00	2	101	
G	221f3d0	1.00	0	0	
G	221fb0c	1.00	0	0	
G	221fb88	1.00	0	0	
G	1ef83e8	1.01	0	0	
G	1f01aac	1.01	0	0	
G	1f1b100	1.01	0	0	
G	1f1b284	1.01	0	0	
G	1f1b400	1.01	0	0	
G	1f1b860	1.01	1	1	
G	1f265c0	1.01	0	0	
G	1f46fe8	1.01	0	0	
G	1f73b3c	1.01	1	1	
G	1f73b64	1.01	0	0	
G	1f73c00	1.01	38	38	
G	1f73c50	1.01	1	1	
G	1f73d1c	1.01	2	2	
G	1f73e24	1.01	0	0	
G	1f74264	1.01	0	0	
G	1f82480	1.01	0	0	
G	221bea4	1.01	0	1	
G	221bf34	1.01	0	1	
G	221c288	1.01	0	0	
G	221c37c	1.01	0	0	
G	221c668	1.01	0	0	
G	221cde0	1.01	0	0	
G	221cdfc	1.01	0	1	
G	221f778	1.01	4	12	
G	221fa84	1.01	0	0	
G	221fb24	1.01	0	0	
G	2220b18	1.01	0	0	
G	2220bb4	1.01	0	0	
G	2220bd4	1.01	0	0	
G	2220c48	1.01	1	1	
G	2224b94	1.01	4	7	
G	2226388	1.01	1	1	
G	2226bf0	1.01	1	1	
G	222772c	1.01	0	0	
G	2228b30	1.01	0	0	
G	2228b48	1.01	0	0	
G	2231878	1.01	0	12	
G	2231978	1.01	1	1	
G	2231be8	1.01	0	11	
G	223295c	1.01	0	0	
G	113ee94	1.02	0	0	
G	113eefc	1.02	0	0	
G	113ef08	1.02	0	0	
G	113ef14	1.02	0	0	
G	113ef20	1.02	0	0	
G	113ef2c	1.02	0	0	
G	113efd4	1.02	0	5	
G	113f914	1.02	4	9	
G	11466d4	1.02	5	5	
G	11d597c	1.02	0	0	
G	1e2d6c8	1.02	0	0	
G	1e2d6cc	1.02	0	0	
G	1e2e894	1.02	2	2	
G	1e2ebf4	1.02	1	2	
G	1e300e4	1.02	1	2	
G	1e59b34	1.02	93	656992	
G	1e78aa0	1.02	0	0	
G	1e78b14	1.02	0	1	
G	1efbde0	1.02	0	0	
G	1efbe0c	1.02	1	1	
G	1f01fcc	1.02	0	0	
G	1f02354	1.02	0	0	
G	1f1ab84	1.02	0	0	
G	1f1abdc	1.02	0	3	
G	1f1ad5c	1.02	0	1	
G	1f22164	1.02	0	0	
G	1f22184	1.02	0	0	
G	1f22768	1.02	0	0	
G	1f22b28	1.02	0	0	
G	1f22c98	1.02	0	0	
G	1f23c10	1.02	0	71	
G	1f23c64	1.02	14	71	
G	1f24d48	1.02	3	3	
G	1f25614	1.02	1	15	
G	1f25680	1.02	12	14	
G	1f260d8	1.02	0	4	
G	1f265bc	1.02	0	0	
G	1f3a378	1.02	7	7	
G	1f4261c	1.02	0	0	
G	1f46ff4	1.02	0	0	
G	1f47024	1.02	0	0	
G	1f5b7fc	1.02	7	7	
G	1f6d448	1.02	0	0	
G	216ca28	1.02	0	0	
G	216ca3c	1.02	1	1	
G	216ca50	1.02	0	0	
G	216ca5c	1.02	0	0	
G	2171070	1.02	0	0	
G	21d3434	1.02	1	1	
G	21d3d90	1.02	0	0	
G	21dbe68	1.02	0	0	
G	221ea44	1.02	1	1	
G	221ef30	1.02	0	0	
G	221eff0	1.02	0	0	
G	22322b4	1.02	0	0	
G	1e2d7c0	1.03	0	0	
G	1e3053c	1.03	0	0	
G	1e305e4	1.03	1	1	
G	1e3067c	1.03	0	0	
G	1e30888	1.03	0	0	
G	1e5b874	1.03	0	0	
G	1f1ad3c	1.03	0	0	
G	1f1ad4c	1.03	0	0	
G	1f1aec8	1.03	1	75	
G	2143b10	1.03	0	0	
G	21551b4	1.03	0	0	
G	215f07c	1.03	0	0	
G	2165818	1.03	0	2	
G	216a3b0	1.03	0	0	
G	216c960	1.03	0	0	
G	21bbb64	1.03	4	4	
G	21bbb84	1.03	2	2	
G	2362240	1.03	0	0	
G	2362b1c	1.03	0	0	
G	2365308	1.03	0	0	
G	1efd57c	1.05	44	53	
G	21658b8	1.05	0	0	
G	21658d0	1.05	0	51	
G	216c044	1.05	0	0	
G	216d874	1.05	0	0	
G	2174590	1.05	0	0	
G	21745a0	1.05	0	0	
G	2178914	1.05	3	5	
G	2178a30	1.05	2	2	
G	218336c	1.05	0	0	
G	2183370	1.05	0	0	
G	2183390	1.05	0	0	
G	21833d4	1.05	0	0	
G	2183898	1.05	0	26	
G	216a084	1.07	0	0	
G	216d040	1.07	1	4	
G	2171918	1.07	8	8	
G	21820fc	1.07	1	1	
G	218225c	1.07	0	0	
G	21823a4	1.07	0	0	
G	2183a04	1.07	0	2	
G	2183b30	1.07	1	2	
G	2183d58	1.07	0	0	
G	21b19bc	1.07	3	3	
G	21694d0	1.09	7	7	
G	217115c	1.09	0	0	
G	218222c	1.09	0	0	
G	2182234	1.09	0	0	
G	21827a4	1.09	0	1	
G	2185010	1.09	64	64	
G	21a12d0	1.09	1	3	
G	21a1520	1.09	0	3	
G	21a1668	1.09	1	7	
G	21b220c	1.09	0	1	
G	21d2514	1.09	1	3	
G	114ec44	1.10	5	5	
G	138ce48	1.10	13	15	
G	1e59da8	1.10	0	0	
G	1e5b194	1.10	0	0	
G	1e5b2d8	1.10	0	0	
G	1e5b328	1.10	0	0	
G	1e5b468	1.10	0	0	
G	1e5f5e0	1.10	14	14	
G	1e7728c	1.10	0	0	
G	1e7a754	1.10	0	1	
G	1e7a8e0	1.10	0	1	
G	1e7ce08	1.10	1	1	
G	1e7d178	1.10	0	0	
G	1e90a30	1.10	0	1	
G	1e954b4	1.10	0	0	
G	1e9559c	1.10	0	0	
G	1e959b8	1.10	1	1	
G	1f009d4	1.10	0	0	
G	1f4087c	1.10	0	0	
G	1f433a8	1.10	0	0	
G	1f47058	1.10	0	0	
G	2096ab0	1.10	1	12	
G	20d4214	1.10	2	2	
G	20e2e98	1.10	3	8	
G	20e3244	1.10	5	5	
G	212d9e4	1.10	0	0	
G	212da04	1.10	1	1	
G	212da2c	1.10	0	0	
G	212db08	1.10	0	0	
G	212db58	1.10	0	0	
G	212dbc4	1.10	2	2	
G	2154d34	1.10	0	0	
G	215feb4	1.10	0	0	
G	216111c	1.10	0	0	
G	21611f8	1.10	0	0	
G	21613ac	1.10	0	0	
G	21614d8	1.10	0	0	
G	2161538	1.10	0	0	
G	2161598	1.10	0	0	
G	21615e0	1.10	0	0	
G	21615e8	1.10	0	0	
G	2164680	1.10	0	0	
G	2165be8	1.10	0	0	
G	2181e74	1.10	1	1	
G	218223c	1.10	0	0	
G	2212f08	1.10	0	0	
G	2333440	1.10	11	11	
G	1e5b38c	1.11	1	1	
G	1e5b4a8	1.11	1	1	
G	1e5b578	1.11	0	0	
G	1e5b688	1.11	0	0	
G	1e94570	1.11	0	0	
G	1e95bd0	1.11	0	0	
G	1f6956c	1.11	0	0	
G	216a5f0	1.11	5	15	
G	216bf88	1.11	0	0	
G	21e251c	1.11	14	16	
G	21e274c	1.11	1	1	
G	2361c40	1.11	15	22	
G	2361e7c	1.11	22	22	
G	2361f14	1.11	36	36	
G	236223c	1.11	0	0	
G	2362b24	1.11	0	3	
G	2362e20	1.11	1	1	
G	1e5f7cc	1.13	0	0	
G	1e5f8fc	1.13	0	0	
G	1e802d4	1.13	0	0	
G	1e8060c	1.13	0	0	
G	1e8081c	1.13	1	1	
G	1e80b34	1.13	0	0	
G	1efd778	1.13	0	0	
G	1f004d0	1.13	0	0	
G	1f4ba08	1.13	0	0	
G	1f4d8dc	1.13	0	0	
G	20e3218	1.13	0	0	
G	11498d8	1.14	0	0	
G	1e59fcc	1.14	0	0	
G	1e72da0	1.14	0	1	
G	1e72de8	1.14	0	0	
G	1e72ecc	1.14	0	0	
G	1e731d4	1.14	0	0	
G	1e732cc	1.14	0	7	
G	1e73354	1.14	0	0	
G	1e73d54	1.14	0	0	
G	1e73d9c	1.14	1	1	
G	1e78bec	1.14	0	0	
G	1e7d3b4	1.14	0	0	
G	1e7fe44	1.14	0	0	
G	1e8b8b8	1.14	0	0	
G	1e8c39c	1.14	2	2	
G	1e8cb80	1.14	0	0	
G	1e8cd64	1.14	0	2	
G	1e947c8	1.14	0	0	
G	1e948a4	1.14	0	0	
G	1efd86c	1.14	0	0	
G	1f47aa8	1.14	1	1	
G	1f48134	1.14	1	2	
G	1f48184	1.14	0	0	
G	1f4892c	1.14	0	0	
G	1f4893c	1.14	0	0	
G	20b58a8	1.14	141	142	
G	20b7a30	1.14	0	0	
G	20b7ae8	1.14	0	0	
G	20b7b0c	1.14	0	0	
G	20b7bcc	1.14	0	0	
G	20b9bfc	1.14	1	4	
G	21279c0	1.14	0	0	
G	2127b38	1.14	0	0	
G	213b540	1.14	0	0	
G	213b698	1.14	0	0	
G	213cb34	1.14	3	5	
G	213cde0	1.14	4	18	
G	213e484	1.14	0	0	
G	213e610	1.14	0	0	
G	216a50c	1.14	3	17	
G	216a890	1.14	23	23	
G	216a8a4	1.14	16	16	
G	216aa58	1.14	15	37	
G	216ab9c	1.14	0	0	
G	216abac	1.14	0	0	
G	216bf7c	1.14	0	0	
G	21ae558	1.14	0	0	
G	21ae56c	1.14	0	0	
G	21ae580	1.14	1	4	
G	21b29fc	1.14	1	1	
G	21b2e54	1.14	2	3	
G	21b2f70	1.14	0	0	
G	21b38b8	1.14	0	0	
G	21b5cbc	1.14	0	1	
G	21b5e30	1.14	2	2	
G	21b6678	1.14	2	2	
G	21b6794	1.14	4	4	
G	21b6928	1.14	0	0	
G	21b6a78	1.14	1	1	
G	21b6b30	1.14	0	0	
G	21ddaa0	1.14	1	1	
G	21df524	1.14	0	0	
G	21e1570	1.14	42	42	
G	21e22dc	1.14	8	25	
G	21e2b44	1.14	18	18	
G	222bd7c	1.14	0	0	
G	234e194	1.14	0	0	
G	234e1d4	1.14	6	6	
G	23652c4	1.14	0	0	
G	23652c8	1.14	0	7	
G	11406f0	1.15	0	0	
G	11407fc	1.15	1	1	
G	1140918	1.15	3	3	
G	1140a34	1.15	1	1	
G	1140b50	1.15	0	0	
G	1140c6c	1.15	1	1	
G	1148a00	1.15	0	0	
G	1148a1c	1.15	0	0	
G	1e78198	1.15	0	0	
G	1e7d188	1.15	0	0	
G	1e8bc2c	1.15	0	0	
G	1e90b24	1.15	0	0	
G	1e92d10	1.15	0	0	
G	1e92e8c	1.15	0	0	
G	1e93104	1.15	0	0	
G	1e95c28	1.15	0	0	
G	1e97fa8	1.15	0	0	
G	1e982a8	1.15	1	1	
G	1e98414	1.15	0	0	
G	1e99ac8	1.15	0	0	
G	1ec4904	1.15	1	1	
G	1f4dc8c	1.15	1	1	
G	1f4ddd8	1.15	0	1	
G	1f4fcb8	1.15	163	661511	
G	114921c	1.16	0	0	
G	1149230	1.16	0	0	
G	136fb98	1.16	0	5	
G	136fd68	1.16	1	3	
G	13701c4	1.16	0	0	
G	13b843c	1.16	0	0	
G	17d8c80	1.16	0	0	
G	17d9230	1.16	1	1	
G	17d96c4	1.16	0	0	
G	17ff9e0	1.16	1	1	
G	17ffde8	1.16	1	6	
G	1802dfc	1.16	0	0	
G	1802e10	1.16	0	0	
G	1e2d548	1.16	0	0	
G	1e50ea0	1.16	0	0	
G	1e510f4	1.16	0	0	
G	1e5117c	1.16	0	0	
G	1e5a008	1.16	0	0	
G	1e77320	1.16	0	0	
G	1e78260	1.16	0	0	
G	1f20030	1.16	0	0	
G	1f202e8	1.16	0	17	
G	1f20438	1.16	4	7	
G	1f206f8	1.16	1	1	
G	1f20978	1.16	3	16	
G	1f20bac	1.16	5	27	
G	1f20ea0	1.16	5	10	
G	1f471d8	1.16	0	0	
G	1f7d17c	1.16	3	3	
G	1f7d320	1.16	0	0	
G	1f801a0	1.16	0	0	
G	11410c0	1.17	0	0	
G	11410d4	1.17	0	0	
G	1146d50	1.17	0	0	
G	1147218	1.17	0	0	
G	13b7f88	1.17	70	70	
G	1501a10	1.17	18	22	
G	1509ab8	1.17	1	1	
G	150a384	1.17	0	0	
G	150a6fc	1.17	0	0	
G	16f0030	1.17	0	0	
G	18030c0	1.17	1	1	
G	1e2cce0	1.17	0	0	
G	1e62c98	1.17	0	1	
G	1e63038	1.17	0	0	
G	1e63674	1.17	0	0	
G	1e6381c	1.17	0	0	
G	1e63924	1.17	0	3	
G	1e6397c	1.17	2	3	
G	1e640ac	1.17	0	0	
G	1e641fc	1.17	0	0	
G	1e64384	1.17	0	1	
G	1e65570	1.17	0	0	
G	1e86f48	1.17	0	0	
G	1e90b68	1.17	0	0	
G	1e93114	1.17	2	2	
G	1e93264	1.17	2	2	
G	1e93398	1.17	0	0	
G	1f0fcb4	1.17	54	54	
G	150a9c4	1.18	0	0	
G	150ab98	1.18	0	0	
G	150adac	1.18	0	0	
G	150afd4	1.18	1	1	
G	150b37c	1.18	0	0	
G	150b574	1.18	1	1	
G	150bbc8	1.18	1	1	
G	150be04	1.18	0	0	
G	1554340	1.19	5	5	
G	1596598	1.19	0	0	
G	16ed018	1.19	0	0	
G	16ed17c	1.19	0	0	
G	16ed190	1.19	0	0	
G	16f0344	1.19	1	84	
G	16fccec	1.19	0	0	
G	16fd1e4	1.19	0	0	
G	16fd3ac	1.19	0	0	
G	16fdcc4	1.19	0	0	
G	17002ec	1.19	0	0	
G	1703650	1.19	2	7	
G	172356c	1.19	2	2	
G	1723e24	1.19	1	17	
G	12a3e0c	1.20	11	11	
G	1513b38	1.20	0	0	
G	15540fc	1.20	1	1	
G	15afd18	1.20	0	0	
G	15b1424	1.20	39	43	
G	15b913c	1.20	0	0	
G	15ba16c	1.20	0	0	
G	15bb2f8	1.20	0	0	
G	15bd690	1.20	0	0	
G	15be82c	1.20	0	0	
G	15bfb58	1.20	0	0	
G	15c0cec	1.20	0	0	
G	15c2968	1.20	0	0	
G	15c4668	1.20	0	0	
G	15c56e0	1.20	0	0	
G	15c66bc	1.20	0	0	
G	15c7698	1.20	0	0	
G	15c8674	1.20	0	0	
G	15c9750	1.20	0	0	
G	15ca72c	1.20	0	0	
G	15cba4c	1.20	0	0	
G	15ccd6c	1.20	0	0	
G	16ed530	1.20	0	0	
G	16eea44	1.20	0	0	
G	16f07c0	1.20	0	0	
G	1703cd8	1.20	0	0	
G	1703cdc	1.20	0	2	
G	1703efc	1.20	2	2	
G	17241bc	1.20	1	1	
G	15ce9d0	1.21	0	0	
G	15cf9ac	1.21	0	0	
G	15d0f6c	1.21	0	0	
G	15d2588	1.21	0	0	
G	15d411c	1.21	0	0	
G	15d59f4	1.21	1	1	
G	15d73f0	1.21	0	0	
G	15d8e20	1.21	0	0	
G	15d9e18	1.21	0	0	
G	15db4b0	1.21	0	0	
G	15dc48c	1.21	0	0	
G	15dde28	1.21	0	0	
G	15dfc58	1.21	0	0	
G	15e0c34	1.21	1	1	
G	15e2d10	1.21	0	0	
G	15e4cb8	1.21	0	0	
G	15e98fc	1.21	0	0	
G	15ec5b4	1.21	0	0	
G	15ee23c	1.21	0	0	
G	15f0834	1.21	0	0	
G	15f2b54	1.21	0	0	
G	15f4468	1.21	0	0	
G	15f5a48	1.21	0	0	
G	15f6b24	1.21	0	0	
G	15f8188	1.21	0	0	
G	15f94dc	1.21	0	0	
G	15fb6c8	1.21	0	0	
G	15fc774	1.21	0	0	
G	15fdd7c	1.21	0	0	
G	15fee58	1.21	0	0	
G	15ffd34	1.21	0	0	
G	16016b4	1.21	0	0	
G	16027e0	1.21	0	0	
G	16036bc	1.21	0	0	
G	1604fa8	1.21	0	0	
G	160673c	1.21	0	0	
G	1607f9c	1.21	0	0	
G	160905c	1.21	0	0	
G	160a038	1.21	0	0	
G	160b4f4	1.21	0	0	
G	160c5d0	1.21	0	0	
G	160e020	1.21	0	0	
G	160fa48	1.21	0	0	
G	161249c	1.21	0	0	
G	161380c	1.21	0	0	
G	1614850	1.21	0	0	
G	1615fe0	1.21	0	0	
G	1617e4c	1.21	0	0	
G	16195e4	1.21	0	0	
G	161afe0	1.21	0	0	
G	161c578	1.21	0	0	
G	161df88	1.21	0	0	
G	161fcf8	1.21	0	0	
G	1620b94	1.21	0	0	
G	16212a8	1.21	0	0	
G	1621afc	1.21	0	0	
G	16236e0	1.21	0	0	
G	1624fe0	1.21	0	0	
G	1626894	1.21	0	0	
G	1628780	1.21	0	0	
G	1629f90	1.21	0	0	
G	162b9a0	1.21	0	0	
G	162d12c	1.21	0	0	
G	162f7a0	1.21	0	0	
G	162feb4	1.22	0	0	
G	1630608	1.22	0	0	
G	1631d90	1.22	0	0	
G	16335f4	1.22	0	0	
G	1634f84	1.22	0	0	
G	16369c8	1.22	1	1	
G	163863c	1.22	0	0	
G	163a0f0	1.22	0	0	
G	163b7b0	1.22	0	0	
G	163d310	1.22	0	0	
G	163e354	1.22	0	0	
G	16402f4	1.22	0	0	
G	1640cc0	1.22	0	0	
G	1641d80	1.22	0	0	
G	164430c	1.22	0	0	
G	1645cc0	1.22	0	0	
G	1646fe0	1.22	1	1	
G	16483d8	1.22	0	0	
G	164966c	1.22	0	0	
G	164b0c8	1.22	0	0	
G	164c10c	1.22	0	0	
G	164cfe8	1.22	0	0	
G	164e9c8	1.22	0	0	
G	16501e4	1.22	0	0	
G	165199c	1.22	0	0	
G	165321c	1.22	0	0	
G	1654b94	1.22	0	0	
G	1655c70	1.22	0	0	
G	1658594	1.22	0	0	
G	1659e5c	1.22	0	0	
G	165b988	1.22	0	0	
G	165c710	1.22	0	0	
G	165e044	1.22	0	0	
G	165fa78	1.22	0	0	
G	1661280	1.22	0	0	
G	1661a94	1.22	0	0	
G	16621e8	1.22	0	0	
G	1663c2c	1.22	0	0	
G	1664c70	1.22	0	0	
G	1666340	1.22	0	0	
G	1667f40	1.22	0	0	
G	1669870	1.22	0	0	
G	166b93c	1.22	0	0	
G	166d5f8	1.22	0	0	
G	166f060	1.22	0	0	
G	1670da0	1.22	0	0	
G	1671de4	1.22	0	0	
G	16736d0	1.22	0	0	
G	16750ac	1.22	0	0	
G	16763d0	1.22	0	0	
G	1677854	1.22	0	0	
G	1678a30	1.22	0	0	
G	167a45c	1.22	0	0	
G	167c00c	1.22	0	0	
G	167d934	1.22	0	0	
G	167ed80	1.22	0	0	
G	167fd5c	1.22	0	0	
G	1680ea0	1.22	0	0	
G	1682cd8	1.22	0	0	
G	1683d1c	1.22	0	0	
G	16850fc	1.22	0	0	
G	1687d30	1.22	0	0	
G	1688e0c	1.22	0	0	
G	168a12c	1.22	0	0	
G	168bed4	1.22	0	0	
G	168d1f4	1.22	0	0	
G	168ee44	1.22	0	0	
G	1690570	1.22	0	0	
G	13c0c44	1.23	0	1	
G	13f617c	1.23	0	0	
G	13f6188	1.23	5	5	
G	13f6494	1.23	0	0	
G	13f6be4	1.23	0	0	
G	15140f4	1.23	17	53	
G	151b434	1.23	5	5	
G	151cce0	1.23	0	0	
G	1691fc4	1.23	0	0	
G	16930a4	1.23	0	0	
G	1693fe8	1.23	0	0	
G	169606c	1.23	0	0	
G	16988f8	1.23	0	0	
G	169a140	1.23	0	0	
G	169ba18	1.23	0	0	
G	169d09c	1.23	0	0	
G	169eb2c	1.23	0	0	
G	16a01d8	1.23	0	0	
G	16a1d50	1.23	0	0	
G	16a36d4	1.23	0	0	
G	16a4ee8	1.23	0	0	
G	16a6914	1.23	0	0	
G	16a7eb4	1.23	0	0	
G	16a90d4	1.23	0	0	
G	16aa3f4	1.23	0	0	
G	16abc70	1.23	0	0	
G	16ad128	1.23	0	0	
G	16ae908	1.23	0	0	
G	16b0124	1.23	0	0	
G	16b1c9c	1.23	0	0	
G	16b38b0	1.23	0	0	
G	13c1ac8	1.24	1	1	
G	13f6be0	1.24	0	0	
G	13f852c	1.24	0	0	
G	140643c	1.24	1	1	
G	1406704	1.24	0	0	
G	140a810	1.24	0	0	
G	140aa0c	1.24	0	0	
G	140b07c	1.24	0	0	
G	140b080	1.24	0	0	
G	151d078	1.24	0	0	
G	151d07c	1.24	0	0	
G	151dcb0	1.24	0	0	
G	151dcb4	1.24	0	0	
G	1522e8c	1.24	0	0	
G	1522e90	1.24	0	0	
G	1523350	1.24	1	1	
G	15235f8	1.24	0	0	
G	1523754	1.24	0	0	
G	1523850	1.24	0	0	
G	1523c68	1.24	0	0	
G	1523c6c	1.24	0	0	
G	1524474	1.24	0	0	
G	1524478	1.24	0	0	
G	1524c5c	1.24	0	0	
G	15259f0	1.24	0	0	
G	15259f4	1.24	0	0	
G	1526c3c	1.24	0	0	
G	1526cec	1.24	0	0	
G	1526cf8	1.24	0	0	
G	1526d04	1.24	0	0	
G	1526d10	1.24	0	0	
G	1526dc0	1.24	0	0	
G	1526dcc	1.24	0	0	
G	1526dd8	1.24	0	0	
G	1526de4	1.24	1	1	
G	1526ee0	1.24	0	0	
G	1527324	1.24	0	0	
G	1527328	1.24	0	0	
G	1527d74	1.24	0	0	
G	1527d78	1.24	0	0	
G	152910c	1.24	0	0	
G	1529110	1.24	0	0	
G	152a6e4	1.24	0	0	
G	152a6e8	1.24	0	0	
G	152a9a8	1.24	0	0	
G	152ac54	1.24	0	0	
G	152ae98	1.24	0	0	
G	152ae9c	1.24	0	0	
G	152b0c0	1.24	0	0	
G	152b33c	1.24	0	0	
G	152b574	1.24	0	0	
G	152b578	1.24	0	0	
G	152b7c4	1.24	0	0	
G	152b7d0	1.24	0	0	
G	152b938	1.24	0	0	
G	152b944	1.24	0	0	
G	152b950	1.24	1	1	
G	152bb34	1.24	0	0	
G	152bcc8	1.24	0	0	
G	152bccc	1.24	0	0	
G	152c214	1.24	0	0	
G	152c218	1.24	0	0	
G	152c7b8	1.24	0	0	
G	152c7bc	1.24	0	0	
G	152cef4	1.24	0	0	
G	152cef8	1.24	0	0	
G	152d2e4	1.24	1	1	
G	152d8d0	1.24	0	0	
G	152daa8	1.24	0	0	
G	152daac	1.24	0	0	
G	152e24c	1.24	0	0	
G	152e250	1.24	0	0	
G	152e7ac	1.24	0	0	
G	152e7b8	1.24	0	0	
G	152e9e0	1.24	0	0	
G	152e9e4	1.24	0	0	
G	152f35c	1.24	0	0	
G	152f360	1.24	0	0	
G	152faec	1.24	0	0	
G	152faf0	1.24	0	0	
G	153057c	1.24	0	0	
G	1530580	1.24	0	0	
G	1531164	1.24	0	0	
G	1531168	1.24	0	0	
G	15314e4	1.24	0	0	
G	15314f0	1.24	0	0	
G	15314fc	1.24	0	0	
G	1531958	1.24	0	0	
G	153195c	1.24	0	0	
G	1531dbc	1.24	0	0	
G	1531e5c	1.24	0	0	
G	153b318	1.24	0	0	
G	153b550	1.24	0	0	
G	153b5fc	1.24	0	1	
G	153b6f8	1.24	0	0	
G	153b930	1.24	1	1	
G	153b934	1.24	0	0	
G	153bb80	1.24	0	0	
G	153bb8c	1.24	0	0	
G	153bea8	1.24	0	0	
G	153c2d8	1.24	0	0	
G	153c2dc	1.24	0	0	
G	153c660	1.24	0	0	
G	153ca40	1.24	0	0	
G	153ca44	1.24	0	0	
G	153d298	1.24	0	0	
G	153d29c	1.24	0	0	
G	153e100	1.24	0	0	
G	153e104	1.24	0	0	
G	153e6c4	1.24	0	0	
G	153e6c8	1.24	0	0	
G	153e8c8	1.24	0	0	
G	153e978	1.24	0	0	
G	153ed30	1.24	0	0	
G	153ed34	1.24	0	0	
G	153f2c8	1.24	0	0	
G	153f2cc	1.24	0	0	
G	153f68c	1.24	0	0	
G	153f73c	1.24	0	0	
G	153faf4	1.24	0	0	
G	153faf8	1.24	0	0	
G	154008c	1.24	0	0	
G	1540090	1.24	0	0	
G	15408e0	1.24	0	0	
G	15408e4	1.24	0	0	
G	1540fd8	1.24	0	0	
G	1540fdc	1.24	0	0	
G	1541958	1.24	0	0	
G	154195c	1.24	0	0	
G	1542d34	1.24	1	1	
G	15436b8	1.24	0	0	
G	15571ac	1.24	0	0	
G	15623f0	1.24	0	0	
G	1571734	1.24	0	0	
G	1571738	1.24	0	0	
G	15724f0	1.24	0	0	
G	15724f4	1.24	0	0	
G	151e44c	1.25	0	0	
G	151e450	1.25	0	0	
G	151ef20	1.25	0	0	
G	151ef24	1.25	0	0	
G	151fc10	1.25	0	0	
G	151fc14	1.25	0	0	
G	152036c	1.25	0	0	
G	1520370	1.25	0	0	
G	1521114	1.25	0	0	
G	1521118	1.25	0	0	
G	1521124	1.25	1	1	
G	1521248	1.25	0	0	
G	152143c	1.25	0	0	
G	1521440	1.25	0	0	
G	1522024	1.25	1	1	
G	15229a4	1.25	0	0	
G	1541790	1.25	0	0	
G	154383c	1.25	0	0	
G	1543840	1.25	0	0	
G	15446f8	1.25	0	0	
G	15446fc	1.25	0	0	
G	1545fac	1.25	0	0	
G	1545fb0	1.25	0	0	
G	1547bf4	1.25	0	0	
G	1547bf8	1.25	0	0	
G	154990c	1.25	1	1	
G	1549e44	1.25	0	0	
G	1549e50	1.25	2	2	
G	154ac70	1.25	0	0	
G	154c3d0	1.25	1	1	
G	154c508	1.25	0	0	
G	154c514	1.25	0	0	
G	154c7b8	1.25	0	0	
G	154c7c4	1.25	0	0	
G	154c7d0	1.25	0	0	
G	154cdb8	1.25	0	0	
G	154d090	1.25	0	0	
G	154d094	1.25	0	0	
G	154d294	1.25	1	1	
G	154d4e0	1.25	0	0	
G	154d4ec	1.25	0	0	
G	154d734	1.25	0	0	
G	154da60	1.25	0	0	
G	154da64	1.25	0	0	
G	154eb78	1.25	0	0	
G	154eb7c	1.25	0	0	
G	154f700	1.25	0	0	
G	154f704	1.25	0	0	
G	154ffc0	1.25	0	0	
G	154ffc4	1.25	0	0	
G	155085c	1.25	0	0	
G	1550860	1.25	0	0	
G	1551bcc	1.25	0	0	
G	1551bd0	1.25	0	0	
G	1555118	1.25	0	0	
G	155511c	1.25	0	0	
G	1555548	1.25	0	0	
G	155554c	1.25	0	0	
G	155574c	1.25	0	0	
G	1555b64	1.25	0	0	
G	1555b68	1.25	0	0	
G	15564b4	1.25	0	0	
G	15575e8	1.25	0	0	
G	15575ec	1.25	0	0	
G	15577ec	1.25	0	0	
G	15577f8	1.25	0	0	
G	1557804	1.25	0	0	
G	1557988	1.25	0	0	
G	155798c	1.25	0	0	
G	1559b6c	1.25	0	0	
G	1559b70	1.25	0	0	
G	155a010	1.25	0	0	
G	155a1e4	1.25	0	0	
G	155a1e8	1.25	0	0	
G	155ab9c	1.25	0	0	
G	155aba0	1.25	0	0	
G	155b0f8	1.25	1	1	
G	155b5c4	1.25	0	0	
G	155bb08	1.25	0	0	
G	155bb0c	1.25	0	0	
G	155c07c	1.25	0	0	
G	13f963c	1.26	0	0	
G	13f9ab8	1.26	0	0	
G	13f9c80	1.26	0	0	
G	13f9c84	1.26	0	0	
G	13fa358	1.26	1	1	
G	13fa708	1.26	0	0	
G	1409ecc	1.26	1	1	
G	140a1dc	1.26	0	0	
G	1500e9c	1.26	0	0	
G	1500ea8	1.26	0	0	
G	150140c	1.26	0	0	
G	1532788	1.26	0	0	
G	15455e0	1.26	0	0	
G	15455e4	1.26	0	0	
G	15564c0	1.26	0	0	
G	155654c	1.26	0	0	
G	1556ac4	1.26	0	0	
G	155c088	1.26	0	0	
G	155c094	1.26	0	0	
G	155c2b0	1.26	0	0	
G	155c468	1.26	0	0	
G	155c584	1.26	0	0	
G	155c74c	1.26	0	0	
G	155c750	1.26	0	0	
G	155eb74	1.26	0	0	
G	155ec08	1.26	0	0	
G	155ec14	1.26	0	0	
G	155ee4c	1.26	0	0	
G	155ee50	1.26	0	0	
G	155f45c	1.26	0	0	
G	155f460	1.26	0	0	
G	155ffa4	1.26	0	0	
G	155ffa8	1.26	0	0	
G	1560d34	1.26	0	0	
G	1560d38	1.26	0	0	
G	156155c	1.26	0	0	
G	1561560	1.26	0	0	
G	156198c	1.26	0	0	
G	1561990	1.26	0	0	
G	1561dbc	1.26	0	0	
G	1561dc0	1.26	0	0	
G	15621ec	1.26	0	0	
G	15621f0	1.26	0	0	
G	1562628	1.26	0	0	
G	156262c	1.26	0	0	
G	1562a58	1.26	0	0	
G	1562a5c	1.26	0	0	
G	1562fd8	1.26	0	0	
G	1562fdc	1.26	0	0	
G	1563824	1.26	0	0	
G	1563efc	1.26	0	0	
G	1563f00	1.26	0	0	
G	1564f44	1.26	0	0	
G	1564f48	1.26	0	0	
G	1565394	1.26	0	0	
G	15655fc	1.26	0	0	
G	1565600	1.26	0	0	
G	1565b38	1.26	0	0	
G	1565b3c	1.26	0	0	
G	1566bd0	1.26	0	0	
G	156711c	1.26	0	0	
G	1567120	1.26	0	0	
G	1567d00	1.26	0	0	
G	1567d04	1.26	0	0	
G	1567f50	1.26	0	0	
G	156823c	1.26	0	0	
G	1568564	1.26	0	0	
G	1568568	1.26	0	0	
G	15686ec	1.26	0	0	
G	15686f0	1.26	0	0	
G	15686fc	1.26	3	3	
G	156a798	1.26	0	0	
G	156ae48	1.26	0	0	
G	156ae4c	1.26	0	0	
G	156b67c	1.26	0	0	
G	156b7a0	1.26	0	0	
G	158e0b0	1.26	0	0	
G	158e0b4	1.26	0	0	
G	158ef68	1.26	0	0	
G	158f090	1.26	0	0	
G	158f09c	1.26	0	0	
G	158f0fc	1.26	0	0	
G	158f5ac	1.26	0	0	
G	158f5b0	1.26	0	0	
G	13c0cf4	1.27	1	1	
G	13c0ea8	1.27	2	2	
G	13c112c	1.27	0	0	
G	13f7d74	1.27	1	1	
G	13f80bc	1.27	0	0	
G	13faa34	1.27	0	0	
G	13faa38	1.27	0	0	
G	13fc4a4	1.27	0	0	
G	13fc6f0	1.27	0	0	
G	1405a10	1.27	0	0	
G	1405bac	1.27	0	0	
G	140c3b4	1.27	0	0	
G	140c548	1.27	0	0	
G	1531e68	1.27	0	0	
G	153230c	1.27	0	0	
G	153236c	1.27	0	0	
G	1532784	1.27	0	0	
G	153310c	1.27	0	0	
G	1533110	1.27	0	0	
G	1533c30	1.27	0	0	
G	1533c34	1.27	0	0	
G	15340ec	1.27	0	0	
G	153468c	1.27	0	0	
G	1534690	1.27	0	0	
G	1534d24	1.27	0	0	
G	1534d28	1.27	0	0	
G	1535868	1.27	0	0	
G	153586c	1.27	0	0	
G	1535e6c	1.27	0	0	
G	1535e70	1.27	0	0	
G	15366a4	1.27	0	0	
G	15366a8	1.27	0	0	
G	15379b4	1.27	0	0	
G	15379b8	1.27	0	0	
G	1538470	1.27	0	0	
G	1538474	1.27	0	0	
G	1538f0c	1.27	0	0	
G	1539314	1.27	0	0	
G	15393b8	1.27	1	1	
G	15398cc	1.27	0	0	
G	1539b30	1.27	0	0	
G	1539b34	1.27	0	0	
G	153a210	1.27	1	1	
G	153a79c	1.27	0	0	
G	153adcc	1.27	0	0	
G	153add0	1.27	0	0	
G	156c040	1.27	0	0	
G	156c044	1.27	0	0	
G	156c5cc	1.27	0	0	
G	156c5d8	1.27	0	0	
G	156c82c	1.27	0	0	
G	156c838	1.27	0	0	
G	156c918	1.27	1	1	
G	156cb50	1.27	0	0	
G	156cb54	1.27	0	0	
G	156d09c	1.27	0	0	
G	156d0a0	1.27	0	0	
G	156dae4	1.27	0	0	
G	156dae8	1.27	0	0	
G	156df68	1.27	0	0	
G	156df6c	1.27	0	0	
G	156e40c	1.27	0	0	
G	156e5c4	1.27	0	0	
G	156e9ec	1.27	0	0	
G	156fa40	1.27	0	0	
G	156fa44	1.27	0	0	
G	157017c	1.27	0	0	
G	1570180	1.27	0	0	
G	1570380	1.27	0	0	
G	15706ac	1.27	0	0	
G	15706b0	1.27	0	0	
G	15706bc	1.27	0	0	
G	15708ec	1.27	0	0	
G	15708f0	1.27	0	0	
G	1570c9c	1.27	0	0	
G	1570ed4	1.27	0	0	
G	1570ed8	1.27	0	0	
G	1571304	1.27	1	1	
G	1571308	1.27	0	0	
G	1571e6c	1.27	0	0	
G	1571e70	1.27	0	0	
G	15722b8	1.27	0	0	
G	1572740	1.27	0	0	
G	157274c	1.27	0	0	
G	1572984	1.27	0	0	
G	1572988	1.27	0	0	
G	1572dcc	1.27	0	0	
G	1573184	1.27	0	0	
G	1573188	1.27	0	0	
G	1573a58	1.27	0	0	
G	1573a5c	1.27	0	0	
G	1574998	1.27	0	0	
G	157499c	1.27	0	0	
G	1575030	1.27	0	0	
G	1575034	1.27	0	0	
G	1575040	1.27	0	0	
G	15754e0	1.27	0	0	
G	15758bc	1.27	0	0	
G	15758c0	1.27	0	0	
G	1576b1c	1.27	0	0	
G	1576b20	1.27	0	0	
G	15775bc	1.27	0	0	
G	15775c0	1.27	0	0	
G	1577a38	1.27	0	0	
G	1577b58	1.27	0	0	
G	1577f0c	1.27	1	1	
G	1577f10	1.27	0	0	
G	157830c	1.27	0	0	
G	1578310	1.27	0	0	
G	1578f34	1.27	0	0	
G	1578f38	1.27	0	0	
G	1579c4c	1.27	0	0	
G	1579c50	1.27	0	0	
G	157b470	1.27	0	0	
G	157b618	1.27	0	0	
G	157b9d0	1.27	0	0	
G	157b9d4	1.27	0	0	
G	157c29c	1.27	0	0	
G	157c2a0	1.27	0	0	
G	157cb94	1.27	0	0	
G	157cb98	1.27	0	0	
G	157d4f8	1.27	0	0	
G	157d4fc	1.27	0	0	
G	157de88	1.27	0	0	
G	157de8c	1.27	0	0	
G	13b8944	1.28	1	1	
G	13b8a8c	1.28	0	1	
G	13b8b84	1.28	1	1	
G	13c1524	1.28	0	0	
G	13c1748	1.28	2	2	
G	13c1918	1.28	1	1	
G	13f811c	1.28	0	0	
G	13f8428	1.28	0	0	
G	13f8434	1.28	0	0	
G	1551048	1.28	0	0	
G	155104c	1.28	0	0	
G	15515f8	1.28	0	0	
G	15515fc	1.28	0	0	
G	1556ac8	1.28	0	0	
G	15571b0	1.28	0	0	
G	15573b0	1.28	0	0	
G	155a01c	1.28	0	0	
G	156f07c	1.28	0	0	
G	156f080	1.28	0	0	
G	157ace0	1.28	0	0	
G	157ace4	1.28	0	0	
G	157e58c	1.28	0	0	
G	157e590	1.28	0	0	
G	157f334	1.28	0	0	
G	157f338	1.28	0	0	
G	1580118	1.28	0	0	
G	158011c	1.28	0	0	
G	158052c	1.28	0	0	
G	15806d8	1.28	0	0	
G	158088c	1.28	0	0	
G	15809bc	1.28	0	0	
G	1580b84	1.28	0	0	
G	1580b88	1.28	0	0	
G	1581bec	1.28	0	0	
G	1581d0c	1.28	0	0	
G	15820ec	1.28	0	0	
G	15820f0	1.28	0	0	
G	1582838	1.28	0	0	
G	158283c	1.28	0	0	
G	1582bfc	1.28	0	0	
G	1582dc0	1.28	0	0	
G	15832e4	1.28	0	0	
G	15832e8	1.28	0	0	
G	15837b0	1.28	0	0	
G	1583bc8	1.28	0	0	
G	1583bcc	1.28	0	0	
G	1584880	1.28	0	0	
G	158488c	1.28	0	0	
G	1584d30	1.28	0	0	
G	1584d34	1.28	0	0	
G	15858d4	1.28	0	0	
G	15858d8	1.28	0	0	
G	158637c	1.28	0	0	
G	1586380	1.28	0	0	
G	158686c	1.28	0	0	
G	1586870	1.28	0	0	
G	1586d58	1.28	0	0	
G	1586d5c	1.28	0	0	
G	15871c8	1.28	0	0	
G	15871cc	1.28	0	0	
G	158778c	1.28	0	0	
G	1587790	1.28	0	0	
G	1587ee8	1.28	0	0	
G	1587eec	1.28	0	0	
G	1588228	1.28	1	1	
G	1588324	1.28	0	0	
G	1588580	1.28	0	0	
G	1588584	1.28	0	0	
G	158b480	1.28	0	0	
G	158b484	1.28	0	0	
G	158bb50	1.28	0	0	
G	158bb54	1.28	0	0	
G	158c068	1.28	0	0	
G	158c170	1.28	0	0	
G	158c610	1.28	0	0	
G	158c614	1.28	0	0	
G	158cd1c	1.28	0	0	
G	158cf54	1.28	0	0	
G	158cf58	1.28	0	0	
G	158d3c4	1.28	1	1	
G	158d3c8	1.28	0	0	
G	158dc3c	1.28	0	0	
G	158dcd0	1.28	0	0	
G	1e78c64	1.28	0	0	
G	1e78dec	1.28	0	0	
G	1e78fb8	1.28	0	0	
G	1e78fc8	1.28	0	0	
G	1e7ecec	1.28	0	0	
G	1e7edc4	1.28	0	0	
G	1e7f098	1.28	0	0	
G	17d0754	1.29	0	0	
G	17d087c	1.29	0	0	
G	17f2e2c	1.29	2	6	
G	17f2f94	1.29	1	28	
G	17f37ac	1.29	0	0	
G	17f37b0	1.29	0	0	
G	17f37dc	1.29	0	0	
G	17f3810	1.29	0	0	
G	17f3814	1.29	1	3	
G	17f384c	1.29	0	0	
G	17f3898	1.29	3	3	
G	17f3c00	1.29	1	10	
G	17f3de8	1.29	1	10	
G	17f458c	1.29	0	0	
G	17f45c4	1.29	0	0	
G	17f4a38	1.29	21	119	
G	17f4fac	1.29	0	2	
G	17f51e4	1.29	23	59	
G	17f5354	1.29	12	27	
G	17f57b8	1.29	0	3	
G	17f5908	1.29	5	7	
G	17f5e00	1.29	1	1	
G	17f5e38	1.29	2	2	
G	17f607c	1.29	0	0	
G	17f63dc	1.29	2	9	
G	17f67c8	1.29	0	2	
G	17f6800	1.29	1	1	
G	17fa7a4	1.29	0	2	
G	17fa800	1.29	1	1	
G	17fa99c	1.29	3	3	
G	17faa90	1.29	0	0	
G	17faa94	1.29	0	0	
G	17fb638	1.29	2	122	
G	1800bd4	1.29	3	337	
G	1800d70	1.29	17	159	
G	18012a0	1.29	2	298	
G	18036f4	1.29	0	0	
G	180388c	1.29	1	1	
G	1dabcac	1.29	0	0	
G	1dac024	1.29	1	23	
G	1df8900	1.29	0	0	
G	1e631fc	1.29	1	1	
G	1e646bc	1.29	0	0	
G	1e64738	1.29	0	0	
G	1e648c0	1.29	0	0	
G	1e7f178	1.29	0	0	
G	1f4da58	1.29	1	1	
G	268bdac	1.29	2	3	
G	269043c	1.29	0	0	
G	2690714	1.29	0	3	
G	2690f0c	1.29	0	0	
G	269113c	1.29	1	1	
G	269c240	1.29	0	0	
G	269c3d0	1.29	0	0	
G	269dbe4	1.29	0	1	
G	269e588	1.29	0	0	
G	1148a24	1.30	10	13	
G	1148f18	1.30	2	2	
G	11a8c7c	1.30	0	0	
G	13b848c	1.30	0	0	
G	13b849c	1.30	0	0	
G	13b853c	1.30	0	0	
G	13b8cac	1.30	0	0	
G	18015c8	1.30	1	185	
G	18018dc	1.30	45	53	
G	18019bc	1.30	41	338	
G	18022f0	1.30	1	1	
G	1802848	1.30	4	294	
G	1803364	1.30	0	1	
G	18035ac	1.30	0	0	
G	18036ac	1.30	0	0	
G	1803bb8	1.30	1	2	
G	1c30e44	1.30	0	1	
G	1c30fc0	1.30	0	2	
G	1dae574	1.30	2	3	
G	1dae970	1.30	0	0	
G	1daeab0	1.30	6	81	
G	1db0cf4	1.30	1	1	
G	1db0e04	1.30	1	1	
G	1e513c4	1.30	35	40	
G	1e76f44	1.30	0	0	
G	1e774d4	1.30	8	157	
G	1e77e94	1.30	4	233	
G	1e78428	1.30	46	46	
G	1e7850c	1.30	1	1	
G	1e78618	1.30	2	297	
G	1e786fc	1.30	0	0	
G	1e79160	1.30	1	1	
G	1e7f208	1.30	0	1	
G	1e7fd9c	1.30	2	2	
G	1e8031c	1.30	0	0	
G	1e84b10	1.30	7	9	
G	1e855fc	1.30	0	0	
G	1e85830	1.30	1	158	
G	1e86a54	1.30	1	17	
G	1e86cf4	1.30	0	0	
G	1e86f04	1.30	0	0	
G	1e86f98	1.30	0	313	
G	1e87db0	1.30	0	0	
G	1e87e0c	1.30	0	0	
G	1e87e70	1.30	0	0	
G	1e947a8	1.30	0	0	
G	1eaa404	1.30	3	3	
G	1eb644c	1.30	1	2	
G	1ebaa0c	1.30	0	0	
G	1ec1788	1.30	0	0	
G	1f1335c	1.30	0	0	
G	1f15388	1.30	4	15	
G	1f15c18	1.30	1	1	
G	1f163f8	1.30	4	4	
G	1f17b60	1.30	3	3	
G	1f187b8	1.30	123	123	
G	1f18888	1.30	0	0	
G	1f19438	1.30	0	0	
G	1f19a58	1.30	0	0	
G	1f4db74	1.30	1	1	
G	221b40c	1.30	0	0	
G	221b410	1.30	0	0	
G	221d4bc	1.30	3	119	
G	221d578	1.30	2	430	
G	221d610	1.30	1	428	
G	221d96c	1.30	0	0	
G	1149454	1.31	0	0	
G	1149468	1.31	0	0	
G	1370674	1.31	0	0	
G	1370700	1.31	0	0	
G	17d8924	1.31	0	0	
G	17d8a68	1.31	0	0	
G	18022a0	1.31	2	255	
G	180509c	1.31	0	0	
G	18053a4	1.31	0	1	
G	18053d8	1.31	0	0	
G	1807e4c	1.31	2	2	
G	1808210	1.31	3	109	
G	1808f5c	1.31	0	0	
G	18849ec	1.31	1	1	
G	19656ec	1.31	0	0	
G	19658b0	1.31	1	1	
G	1ab0e30	1.31	0	0	
G	1ab108c	1.31	0	1	
G	1ab76f0	1.31	0	0	
G	1ab770c	1.31	0	0	
G	1bc4b90	1.31	0	0	
G	1bc4ba4	1.31	0	0	
G	1bc4ea8	1.31	1	1	
G	1bc5154	1.31	0	0	
G	1cb3ba0	1.31	0	0	
G	1d93960	1.31	0	0	
G	1d93cbc	1.31	0	0	
G	1d93cc0	1.31	0	0	
G	1d9b0f0	1.31	0	0	
G	1dacabc	1.31	0	0	
G	1df8910	1.31	0	0	
G	1e0babc	1.31	0	0	
G	1e0bc3c	1.31	0	0	
G	1e110a4	1.31	0	0	
G	1e78704	1.31	0	0	
G	1e86db8	1.31	0	0	
G	1e86fd0	1.31	0	1	
G	1e9897c	1.31	0	0	
G	1f68914	1.31	0	0	
G	18083b4	1.32	0	0	
G	113ad98	1.33	0	0	
G	113b528	1.33	0	0	
G	113b678	1.33	0	4	
G	113b69c	1.33	0	4	
G	113c2c4	1.33	0	0	
G	113c2f8	1.33	0	0	
G	113c79c	1.33	0	0	
G	113c810	1.33	1	2	
G	113ca9c	1.33	0	0	
G	113cd74	1.33	1	1	
G	113d35c	1.33	1	1	
G	113d970	1.33	0	0	
G	113dae8	1.33	0	0	
G	113db2c	1.33	0	0	
G	113e34c	1.33	0	0	
G	113e398	1.33	0	0	
G	113e418	1.33	1	1	
G	113e6f4	1.33	0	1	
G	113e794	1.33	0	0	
G	113e9bc	1.33	0	0	
G	13be420	1.33	2	2	
G	14880ac	1.33	0	0	
G	1488868	1.33	0	0	
G	14892d4	1.33	0	0	
G	148940c	1.33	0	0	
G	14902e0	1.33	0	0	
G	1490c6c	1.33	0	0	
G	1490c88	1.33	0	0	
G	1490d18	1.33	0	0	
G	1490d34	1.33	0	0	
G	14bdfa8	1.33	0	5	
G	14be584	1.33	0	0	
G	14fcfac	1.33	0	0	
G	14fe664	1.33	0	0	
G	1500920	1.33	0	0	
G	17d85f0	1.33	0	1	
G	1801de4	1.33	18	488	
G	1808ba8	1.33	5	30	
G	180f920	1.33	0	0	
G	18810d0	1.33	0	0	
G	18812b0	1.33	1	8	
G	1881478	1.33	0	0	
G	18814a4	1.33	0	0	
G	1881500	1.33	1	1	
G	19611b0	1.33	0	0	
G	19611f4	1.33	0	5	
G	1962da0	1.33	0	0	
G	1963540	1.33	0	0	
G	1963c3c	1.33	0	0	
G	1963df8	1.33	1	10	
G	1e2ce68	1.33	0	0	
G	1e2e6ec	1.33	0	0	
G	1e47fb4	1.33	0	0	
G	1e48088	1.33	0	0	
G	1f46fec	1.33	0	0	
G	1f48944	1.33	0	2	
G	1f48a88	1.33	1	1	
G	1f48bc8	1.33	0	0	
G	1f48c08	1.33	1	1	
G	21b1098	1.33	1	1	
G	22147dc	1.33	0	0	
G	22147e4	1.33	0	0	
G	113ee98	1.34	0	0	
G	114163c	1.34	0	0	
G	136fd60	1.34	0	0	
G	13b84ac	1.34	0	0	
G	17bbe64	1.34	0	0	
G	17bc8dc	1.34	1	1	
G	17bd5b4	1.34	0	0	
G	17ceb2c	1.34	0	0	
G	17ceb90	1.34	0	0	
G	1807678	1.34	0	0	
G	18077b8	1.34	0	0	
G	18077c0	1.34	0	0	
G	1d94af4	1.34	7	17	
G	1dac9cc	1.34	10	10	
G	1de2614	1.34	0	1	
G	1dead04	1.34	1	8	
G	1e2d150	1.34	0	0	
G	1e30de0	1.34	0	0	
G	1e5a044	1.34	0	0	
G	1e5a338	1.34	0	1	
G	1f48fd0	1.34	0	1	
G	1f4b9e8	1.34	0	0	
G	148f82c	1.35	0	0	
G	1e6bd84	1.35	0	0	
G	1f609ec	1.35	314	316	
G	1f60ce0	1.35	6	314	
G	1f84c88	1.35	163	509741	
G	20a46fc	1.35	29	410	
G	20a6054	1.35	44	76	
G	20e9228	1.35	38	416	
G	212c0f8	1.35	0	0	
G	2130574	1.35	0	0	
G	2135974	1.35	18	24	
G	2146388	1.35	0	0	
G	2146558	1.35	1	1	
G	215f3cc	1.35	0	0	
G	215f3d0	1.35	0	0	
G	215f3d8	1.35	15	74	
G	215fb5c	1.35	0	0	
G	21610e0	1.35	8	11	
G	216110c	1.35	0	0	
G	21611e8	1.35	0	0	
G	21612c4	1.35	115	511073	
G	2164c74	1.35	10	10	
G	216c160	1.35	1	9	
G	21a636c	1.35	44	54	
G	21ad398	1.35	0	0	
G	21bc480	1.35	29	57	
G	21bffdc	1.35	37	523	
G	21cae38	1.35	162	1488	
G	21cb7a4	1.35	0	0	
G	21e12a8	1.35	39	60	
G	2346650	1.35	0	0	
G	1e91ce8	1.36	0	0	
G	1f237fc	1.36	6	7	
G	1f26d1c	1.36	0	0	
G	1f26d28	1.36	0	0	
G	21745c8	1.36	0	0	
G	2182148	1.36	0	1	
G	21b1fd0	1.36	0	0	
G	21cf4f8	1.36	0	2	
G	21cf718	1.36	3	15	
G	21cfc74	1.36	0	5	
G	21d0d60	1.36	1	10	
G	21d278c	1.36	0	0	
G	21dd5e4	1.36	0	0	
G	21ddc50	1.36	0	1	
G	21de158	1.36	0	0	
G	21de3bc	1.36	0	4	
G	2361c10	1.36	0	0	
G	1e5c79c	1.40	2	2	
G	1e91cec	1.40	0	0	
G	1e92d08	1.40	0	0	
G	1f25b80	1.40	4	4	
G	2131af8	1.40	0	0	
G	21d2d30	1.40	15	31	
G	1e6be04	1.43	0	0	
G	21260fc	1.43	2	2	
G	212635c	1.43	15	16	
G	212640c	1.43	0	0	
G	2126714	1.43	7	10	
G	215fd90	1.43	0	0	
G	215fdc4	1.43	13	13	
G	2169964	1.43	0	0	
G	2169e98	1.43	0	0	
G	2169f70	1.43	0	0	
G	2169f80	1.43	0	0	
G	216bcc8	1.43	3	174	
G	216d008	1.43	0	0	
G	2172360	1.43	0	0	
G	2176630	1.43	6	6	
G	2179760	1.43	0	2402	
G	2179900	1.43	0	2402	
G	217a930	1.43	171	171	
G	217d9f4	1.43	1	1	
G	2181cec	1.43	0	0	
G	2182cc8	1.43	1	153	
G	21830f8	1.43	0	4	
G	218521c	1.43	0	0	
G	21a9318	1.43	0	0	
G	21a9330	1.43	0	0	
G	21b0d9c	1.43	0	0	
G	21b0dbc	1.43	6	6	
G	21b86ec	1.43	24	24	
G	21cadb4	1.43	24	24	
G	2358c00	1.43	4	4	
G	2358cf4	1.43	3	3	
G	2358d58	1.43	1	10	
G	21a2974	1.44	1	2	
G	1140d88	1.45	0	0	
G	17d8b48	1.45	0	0	
G	180211c	1.45	4	8	
G	1e7428c	1.45	0	0	
G	1e80600	1.45	0	0	
G	1e859bc	1.45	26	39	
G	1e86cec	1.45	0	0	
G	215f868	1.45	76	128	
G	215f89c	1.45	0	0	
G	215fde8	1.45	0	0	
G	215fdf0	1.45	0	0	
G	216a6b8	1.45	0	1	
G	2181cd4	1.45	0	0	
G	2184ebc	1.45	0	0	
G	2187cc0	1.45	32	34	
G	2187d1c	1.45	2	2	
G	21a1cbc	1.45	2	2	
G	21a40c8	1.45	0	0	
G	21a42c0	1.45	1	1	
G	21a446c	1.45	1	1	
G	21b01f8	1.45	5	6	
G	21b9ce8	1.45	0	0	
G	21bc7c8	1.45	10	10	
G	234e020	1.45	0	2	
G	1498e88	1.46	4	4	
G	2181c34	1.46	0	0	
G	218587c	1.46	0	0	
G	21a1e70	1.46	0	0	
G	21cc784	1.46	39	72	
G	1f18164	1.47	36	36	
G	1f181b4	1.47	3	3	
G	217eba4	1.47	0	18	
G	217eda0	1.47	0	0	
G	21851e8	1.47	1	1	
G	21cc780	1.47	0	0	
G	215f44c	1.48	0	0	
G	2171914	1.48	0	0	
G	21767a8	1.48	0	0	
G	2184c1c	1.48	0	0	
G	21850c4	1.48	4	4	
G	21a5a40	1.48	0	0	
G	21a5d00	1.48	0	0	
G	21b19b4	1.48	0	0	
G	21bff98	1.48	16	16	
G	11fcfb8	1.50	0	0	
G	1e783d4	1.50	0	0	
G	1e86bec	1.50	0	0	
G	1e8914c	1.50	0	0	
G	1e95b78	1.50	0	0	
G	1f2feb0	1.50	0	3	
G	1f308e8	1.50	0	0	
G	1f30930	1.50	0	0	
G	1f30950	1.50	0	0	
G	1f30d68	1.50	2	3	
G	1f30f28	1.50	0	0	
G	1f77c34	1.50	0	0	
G	1f7c8dc	1.50	0	0	
G	1f85020	1.50	0	0	
G	17dc1d8	1.56	2	2	
G	1140dcc	1.57	0	0	
G	1e7fecc	1.57	14	93	
G	1e9473c	1.57	0	0	
G	1e94748	1.57	0	0	
G	1efd874	1.57	0	0	
G	1140dd0	1.58	0	0	
G	137082c	1.58	18	18	
G	13b8ca4	1.58	0	0	
G	17dd80c	1.58	11	16	
G	1e518a0	1.58	0	43	
G	1e5a310	1.58	0	0	
G	1e5a324	1.58	0	0	
G	1e6d208	1.58	0	0	
G	1e73070	1.58	23	26	
G	1e733d0	1.58	1	1	
G	1e73574	1.58	94	141	
G	1e73a70	1.58	0	0	
G	1e7f44c	1.58	89	185	
G	1e80040	1.58	52	75	
G	1e8b844	1.58	12	15	
G	1e8bdcc	1.58	38	54	
G	1f484f4	1.58	4	4	
G	2219eb4	1.58	0	0	
G	265a068	1.58	0	0	
G	269d5a4	1.58	0	0	
G	2662848	1.60	0	19	
G	269d5ec	1.60	0	0	
G	16f0858	1.62	14	702	
G	17ba9f8	1.62	1	1	
G	17babcc	1.62	0	0	
G	1e521e0	1.62	2	3	
G	265bf24	1.62	1	1	
G	265bfc4	1.62	0	0	
G	265c24c	1.62	0	0	
G	265fc90	1.62	0	0	
G	2660aa8	1.62	0	0	
G	15b0c98	1.63	29	104	
G	17d0880	1.63	19	40	
G	1801e74	1.63	0	0	
G	1801fe0	1.63	2	7	
G	1dacb34	1.63	63	7063	
G	1dad520	1.63	0	0	
G	1dad534	1.63	0	0	
G	1dad53c	1.63	0	0	
G	1e5baec	1.63	0	1	
G	1e5be9c	1.63	0	12	
G	1e5c018	1.63	1	12	
G	1e5c4d4	1.63	22	38	
G	1e87b90	1.63	0	0	
G	1e87c68	1.63	0	0	
G	2126fec	1.63	0	0	
G	2126ffc	1.63	0	0	
G	2360408	1.63	2	2	
G	2360494	1.63	0	0	
G	1140e10	1.64	0	0	
G	1488c08	1.64	6	92	
G	148b224	1.64	11	20	
G	1801eb0	1.64	1	1	
G	18816ac	1.64	31	31	
G	1881728	1.64	56	66	
G	18817a8	1.64	2	31	
G	1965034	1.64	151	283	
G	1cb3e30	1.64	3	3	
G	1e7d35c	1.64	0	0	
G	1e7d3a4	1.64	0	0	
G	1e7d3ac	1.64	0	0	
G	1f22e08	1.64	0	0	
G	2126ff0	1.64	0	0	
G	2127134	1.64	0	5	
G	2164880	1.64	11	18	
G	2164a90	1.64	7	7	
G	2168b90	1.64	0	0	
G	216a220	1.64	0	0	
G	2360444	1.64	0	0	
G	2360708	1.64	0	5	
G	2360e28	1.64	1	5	
G	25a24cc	1.64	0	0	
G	25a4048	1.64	1	3	
G	25a4308	1.64	0	2	
G	25a43fc	1.64	1	4	
G	20ad450	1.65	1	1	
G	20adcec	1.65	18	28	
G	20b3af0	1.65	0	1	
G	20b5718	1.65	29	29	
G	20b5d34	1.65	62	167	
G	20b76bc	1.65	0	0	
G	213b964	1.65	87	124	
G	213e510	1.65	13	138	
G	216a7ac	1.65	1	1	
G	216a7c4	1.65	0	0	
G	216ab80	1.65	0	0	
G	2181750	1.65	0	0	
G	2181f9c	1.65	1	12	
G	2186450	1.65	107	110	
G	2186618	1.65	8	9	
G	2186690	1.65	4	5	
G	21af550	1.65	0	0	
G	21b39e8	1.65	11	47	
G	21b3bf4	1.65	41	101	
G	21b3e44	1.65	10	179	
G	21b3f50	1.65	5	16	
G	21b3fa4	1.65	7	8	
G	21b69d0	1.65	0	0	
G	234df40	1.65	2	35	
G	234ee4c	1.65	4	36	
G	234efe0	1.65	3	3	
G	11a8c78	1.66	0	0	
G	1231950	1.66	0	0	
G	17bac40	1.66	2	465	
G	1803ce4	1.66	80	80	
G	18043b8	1.66	59	59	
G	1805e80	1.66	8	20	
G	18095b0	1.66	1	1	
G	1809680	1.66	2	6	
G	180a73c	1.66	0	0	
G	180a8e8	1.66	0	0	
G	180abd4	1.66	0	0	
G	180aca4	1.66	0	0	
G	180af60	1.66	0	3	
G	180b0c8	1.66	4	5	
G	19659bc	1.66	37	165	
G	1ab1128	1.66	33	87	
G	1ab13a8	1.66	22	22	
G	1ab1564	1.66	16	17	
G	1ab179c	1.66	6	6	
G	1c31160	1.66	16	22	
G	1c311d4	1.66	8	11	
G	1c31298	1.66	0	0	
G	1c312a4	1.66	22	30	
G	1dacd1c	1.66	59	113	
G	1daced0	1.66	30	35	
G	1dad2e0	1.66	16	17	
G	1daf160	1.66	31	31	
G	1daf23c	1.66	41	308	
G	1daf330	1.66	3	96	
G	1dafbe0	1.66	0	0	
G	1e0bc40	1.66	16	34	
G	1e51908	1.66	1	3	
G	1e6cc7c	1.66	0	0	
G	1e86dc8	1.66	1	1	
G	216aaa4	1.66	16	16	
G	21af52c	1.66	2	2	
G	265b018	1.66	0	0	
G	265b020	1.66	0	2	
G	265b2b4	1.66	0	0	
G	265b538	1.66	0	0	
G	265b540	1.66	0	0	
G	265b5dc	1.66	0	0	
G	265b5e4	1.66	0	0	
G	265d2c0	1.66	0	0	
G	265e378	1.66	0	0	
G	265e9fc	1.66	0	0	
G	265ec80	1.66	0	0	
G	265ed60	1.66	0	0	
G	265f6c0	1.66	0	0	
G	265f7a0	1.66	1	1	
G	2660650	1.66	0	0	
G	2660730	1.66	0	0	
G	2660910	1.66	0	0	
G	2661f38	1.66	0	0	
G	2662df8	1.66	0	0	
G	266349c	1.66	0	0	
G	266357c	1.66	0	0	
G	265b0bc	1.67	0	0	
G	265b0c4	1.67	0	0	
G	265b2ac	1.67	0	0	
G	265b350	1.67	0	0	
G	265b358	1.67	0	0	
G	265ef40	1.67	0	0	
G	265f600	1.68	0	39	
G	266375c	1.68	0	0	
G	217691c	1.70	1	1	
G	2661034	1.70	1	1	
G	2661454	1.70	0	19	
G	265de80	1.72	0	0	
G	265f58c	1.72	0	0	
G	266133c	1.72	0	0	
G	266144c	1.72	0	0	
G	1596600	1.77	1	1	
G	159ccbc	1.77	0	0	
G	159cd10	1.77	0	0	
G	159cd78	1.77	0	0	
G	16f1f38	1.77	12	16	
G	17ba9e8	1.78	0	0	
G	1e7747c	1.78	0	0	
G	1e785ac	1.78	0	0	
G	1f182b8	1.78	1	1	
G	1f19c94	1.78	0	0	
G	1f1a1f0	1.78	0	36	
G	1f1aa80	1.78	0	0	
G	11a8eac	1.80	2	2	
G	17bbe3c	1.80	0	0	
G	180178c	1.80	2	7	
G	1e78494	1.80	0	0	
G	1e87950	2.02	0	0	
G	1e98a50	2.02	2	3	
G	1e98e0c	2.02	1	1	
G	1ea070c	2.02	1	4	
G	1eb0a74	2.02	0	2	
G	1eb6964	2.02	3	184	
G	1ec081c	2.02	2	3	
G	1ec7fb4	2.02	0	0	
G	1ed2580	2.02	2	23	
G	1f18890	2.02	5	5	
G	11410dc	2.03	0	0	
G	16ed6dc	2.03	0	0	
G	1dafbe4	2.03	1	1	
G	1e7aa2c	2.03	0	0	
G	1e7abb8	2.03	0	2	
G	1e7ac8c	2.03	2	3	
G	1e7c860	2.03	0	0	
G	1e7c868	2.03	0	0	
G	1e7c878	2.03	0	0	
G	1e7c888	2.03	0	0	
G	1e7c8a0	2.03	0	0	
G	1e7c908	2.03	0	0	
G	1e7cfb8	2.03	1	1	
G	1e879dc	2.03	0	0	
G	1e87a78	2.03	1	1	
G	1e9f4ec	2.03	0	0	
G	1e9f580	2.03	0	0	
G	1e9f868	2.03	1	4	
G	1e9fa34	2.03	2	3	
G	1ea0010	2.03	0	0	
G	1ea002c	2.03	0	0	
G	1ea0224	2.03	0	0	
G	1ea0240	2.03	0	0	
G	1ea036c	2.03	0	0	
G	1ea0388	2.03	0	0	
G	1ea05a4	2.03	1	1	
G	1ea05c0	2.03	0	0	
G	1ea1b80	2.03	1	1	
G	1eae0d4	2.03	1	20	
G	1eae168	2.03	1	1	
G	1eaeab4	2.03	0	0	
G	1eaead0	2.03	0	0	
G	1eaedf0	2.03	0	0	
G	1eaee0c	2.03	0	0	
G	1eb5988	2.03	2	2	
G	1ec1914	2.03	1	3	
G	1ec19b8	2.03	2	2	
G	1ec3904	2.03	0	3	
G	1ec41c4	2.03	3	3	
G	1ec7fc0	2.03	0	0	
G	1ec98a0	2.03	0	4	
G	1ecf3b4	2.03	0	0	
G	1ed2098	2.03	1	1	
G	1ed21f4	2.03	0	0	
G	1ed22c4	2.03	1	1	
G	1ef3210	2.03	3	4	
G	1ef3a24	2.03	0	1	
G	15b9120	2.04	0	0	
G	15f635c	2.04	0	0	
G	15f6360	2.04	0	0	
G	1602ff4	2.04	0	0	
G	1602ff8	2.04	0	0	
G	1608894	2.04	0	0	
G	1608898	2.04	0	0	
G	1609870	2.04	0	0	
G	161025c	2.04	0	0	
G	1610260	2.04	0	0	
G	17bbe34	2.04	0	0	
G	1e6c184	2.04	0	0	
G	1e6fb14	2.04	0	0	
G	1e98b30	2.04	0	0	
G	1e993f8	2.04	0	0	
G	1e9a13c	2.04	1	2	
G	1e9a2c8	2.04	0	1	
G	1e9ab58	2.04	4	5	
G	1e9b244	2.04	1	14	
G	1e9b838	2.04	0	5	
G	1e9bcbc	2.04	0	14	
G	1e9d464	2.04	1	1	
G	1e9d534	2.04	0	0	
G	1e9d914	2.04	0	0	
G	1e9d9e4	2.04	1	1	
G	1e9ddd4	2.04	11	11	
G	1e9f024	2.04	1	1	
G	1e9f160	2.04	0	0	
G	1e9f230	2.04	0	0	
G	1eaf144	2.04	0	0	
G	1eaf160	2.04	0	0	
G	1eafac8	2.04	0	0	
G	1eafae4	2.04	0	0	
G	1eb07e4	2.04	0	0	
G	1eb0800	2.04	0	0	
G	15b9134	2.05	0	0	
G	15c6fd0	2.05	0	0	
G	15cf1e4	2.05	0	0	
G	15cf1e8	2.05	0	0	
G	1609874	2.05	0	0	
G	12b205c	2.06	2	2	
G	12b2548	2.06	1	1	
G	12b2b74	2.06	2	2	
G	16fb314	2.06	3	21	
G	16fcb84	2.06	2	14	
G	26641e4	2.06	0	0	
G	26643f4	2.06	1	1	
G	2664bdc	2.06	0	0	
G	2664d78	2.06	0	0	
G	26724fc	2.06	0	0	
G	2672500	2.06	6	10	
G	2674350	2.06	2	2	
G	2678014	2.06	1	1	
G	2692694	2.06	0	0	
G	269754c	2.06	0	0	
G	269755c	2.06	0	0	
G	269ca6c	2.06	0	0	
G	15c6fd4	2.07	0	0	
G	1881b48	2.09	0	0	
G	1881c00	2.09	0	0	
G	1961f1c	2.09	0	0	
G	1dec830	2.09	1	5	
G	1e09924	2.09	0	0	
G	1e09938	2.09	0	0	
G	1eac944	2.09	0	0	
G	1e6c2b0	2.10	0	0	
G	1e782f8	2.10	0	0	
G	1e7878c	2.10	0	1	
G	1e858cc	2.10	0	0	
G	1e87f1c	2.10	0	0	
G	1e88040	2.10	0	0	
G	1f16ea8	2.10	1	1	
G	1f1ab74	2.10	0	0	
G	1f77bb4	2.10	0	0	
G	1f77c54	2.10	0	0	
G	16ed1f0	2.11	2	4	
G	16ed6d0	2.11	0	0	
G	16ed6e4	2.11	0	3	
G	16ed744	2.11	1	3	
G	16edc78	2.11	1	1	
G	16edddc	2.11	1	1	
G	16ee0c8	2.11	0	0	
G	16f164c	2.11	3	133	
G	16fa980	2.11	1	1	
G	16fc810	2.11	0	0	
G	16fd264	2.11	0	0	
G	16fd270	2.11	1	1	
G	16fde38	2.11	0	0	
G	16fde44	2.11	0	114	
G	16ff7b0	2.11	0	0	
G	1704764	2.11	0	0	
G	1f1ad00	2.11	0	4	
G	1f3a2c0	2.11	0	4	
G	151b428	2.12	0	0	
G	15b98b8	2.12	0	0	
G	15ba1b4	2.12	1	4	
G	15baa48	2.12	0	0	
G	15baa54	2.12	0	0	
G	15bba74	2.12	0	0	
G	15bd6d8	2.12	1	37	
G	15bdf6c	2.12	0	0	
G	15bdf78	2.12	0	0	
G	15be874	2.12	0	0	
G	15bf108	2.12	0	0	
G	15bf114	2.12	0	0	
G	15bfba0	2.12	0	0	
G	15c0434	2.12	0	0	
G	15c0440	2.12	0	0	
G	15c1468	2.12	0	0	
G	15c30e4	2.12	0	0	
G	15c4e80	2.12	0	0	
G	15c5e5c	2.12	0	0	
G	15c6e38	2.12	0	0	
G	15c7e14	2.12	0	0	
G	15c8df0	2.12	0	0	
G	15c9ecc	2.12	0	0	
G	15caea8	2.12	0	0	
G	15cc1c8	2.12	0	0	
G	15cd4e8	2.12	0	0	
G	15cf14c	2.12	0	0	
G	15d0250	2.12	0	0	
G	15d17d4	2.12	1	1	
G	15d2d04	2.12	0	0	
G	15d4898	2.12	0	0	
G	15d6170	2.12	0	0	
G	15d7b6c	2.12	0	0	
G	15d96b8	2.12	0	0	
G	15da6b0	2.12	0	0	
G	15dbc2c	2.12	0	0	
G	15dcc08	2.12	0	0	
G	15de5a4	2.12	0	0	
G	15e03d4	2.12	0	0	
G	15e13b0	2.12	0	0	
G	15e348c	2.12	0	0	
G	15e5434	2.12	0	0	
G	15ea078	2.12	0	0	
G	15ecd30	2.12	0	0	
G	15ee9b8	2.12	0	0	
G	15f0fb0	2.12	0	0	
G	15f32d0	2.12	0	0	
G	15f4c74	2.12	0	0	
G	15f61c4	2.12	0	0	
G	15f73fc	2.12	0	0	
G	15f81d0	2.12	2	10	
G	15f8a64	2.12	0	0	
G	15f8a70	2.12	0	0	
G	15f9c58	2.12	0	0	
G	15fbe44	2.12	0	0	
G	15fc7bc	2.12	1	3	
G	15fd26c	2.12	0	0	
G	15fd278	2.12	0	0	
G	15fe4f8	2.12	0	0	
G	15ff5d4	2.12	0	0	
G	16004b0	2.12	0	0	
G	1601f88	2.12	0	0	
G	1602f5c	2.12	0	0	
G	1603e1c	2.12	0	0	
G	160582c	2.12	0	0	
G	1606eb8	2.12	0	0	
G	16086fc	2.12	0	0	
G	16097d8	2.12	0	0	
G	160a844	2.12	0	0	
G	160bc70	2.12	0	0	
G	160cd4c	2.12	0	0	
G	160e79c	2.12	0	0	
G	16101c4	2.12	0	0	
G	1612d2c	2.12	0	0	
G	1613f88	2.12	0	0	
G	1614fcc	2.12	0	0	
G	161675c	2.12	0	0	
G	16186d0	2.12	0	0	
G	1619d60	2.12	0	0	
G	161b7ec	2.12	0	0	
G	161ccf4	2.12	0	0	
G	161e704	2.12	0	0	
G	1620474	2.12	0	0	
G	1620c0c	2.12	0	0	
G	1621320	2.12	0	0	
G	1622278	2.12	0	0	
G	1623e5c	2.12	0	0	
G	16258c4	2.12	0	0	
G	1627010	2.12	0	0	
G	1628efc	2.12	0	0	
G	162a70c	2.12	0	0	
G	162c100	2.12	0	0	
G	162d88c	2.12	0	0	
G	162f818	2.12	0	0	
G	162ff2c	2.12	0	0	
G	1630e8c	2.12	0	0	
G	163250c	2.12	0	0	
G	1633d70	2.12	0	0	
G	1635870	2.12	0	0	
G	1637144	2.12	0	0	
G	1638db8	2.12	0	0	
G	163a850	2.12	0	0	
G	163bf2c	2.12	0	0	
G	163da8c	2.12	0	0	
G	163ead0	2.12	0	0	
G	1640a70	2.12	0	0	
G	1641420	2.12	0	0	
G	16424fc	2.12	0	0	
G	1644a88	2.12	0	0	
G	164643c	2.12	0	0	
G	164775c	2.12	0	0	
G	1648420	2.12	0	2	
G	1648cb4	2.12	0	0	
G	1648cc0	2.12	0	0	
G	1649de8	2.12	0	0	
G	164b844	2.12	0	0	
G	164c888	2.12	0	0	
G	164d764	2.12	0	0	
G	164f258	2.12	0	0	
G	1650944	2.12	0	0	
G	1652118	2.12	0	0	
G	1653998	2.12	0	0	
G	1655310	2.12	0	0	
G	165653c	2.12	0	0	
G	1658cf4	2.12	0	0	
G	165a5d8	2.12	0	0	
G	165c20c	2.12	0	0	
G	165ce8c	2.12	0	0	
G	165e7c0	2.12	0	0	
G	1660350	2.12	0	0	
G	16612f8	2.12	0	0	
G	1661b0c	2.12	0	0	
G	1662948	2.12	0	0	
G	16643a8	2.12	0	0	
G	16653d0	2.12	0	0	
G	1666abc	2.12	0	0	
G	16686bc	2.12	0	0	
G	1669fec	2.12	0	0	
G	166c0b8	2.12	0	0	
G	166dd74	2.12	0	0	
G	166f7dc	2.12	0	0	
G	167151c	2.12	0	0	
G	16726b8	2.12	0	0	
G	1673e4c	2.12	0	0	
G	1675828	2.12	0	0	
G	1676b30	2.12	0	0	
G	1678120	2.12	0	0	
G	16791ac	2.12	0	0	
G	167abd8	2.12	0	0	
G	167c788	2.12	0	0	
G	167e1c4	2.12	0	0	
G	167f4fc	2.12	0	0	
G	16804d8	2.12	0	0	
G	168161c	2.12	0	0	
G	1683454	2.12	0	0	
G	16845e8	2.12	0	0	
G	1685878	2.12	0	0	
G	16884ac	2.12	0	0	
G	1689588	2.12	0	0	
G	168a8a8	2.12	0	0	
G	168c650	2.12	0	0	
G	168d970	2.12	0	0	
G	168f5a4	2.12	0	0	
G	1690cec	2.12	0	0	
G	1692740	2.12	0	0	
G	1693820	2.12	0	0	
G	1694764	2.12	0	0	
G	16968f0	2.12	0	0	
G	1699058	2.12	0	0	
G	169a8a0	2.12	0	0	
G	169c29c	2.12	0	0	
G	169d7fc	2.12	0	0	
G	169f3b0	2.12	0	0	
G	16a0954	2.12	0	0	
G	16a24cc	2.12	0	0	
G	16a3e34	2.12	1	1	
G	16a5648	2.12	0	0	
G	16a7120	2.12	0	0	
G	16a8630	2.12	0	0	
G	16a9850	2.12	0	0	
G	16aac78	2.12	0	0	
G	16ac3ec	2.12	0	0	
G	16ad8a4	2.12	0	0	
G	16af068	2.12	0	0	
G	16b08a0	2.12	0	0	
G	16b2418	2.12	0	0	
G	16b3928	2.12	0	0	
G	16ed318	2.12	0	0	
G	16ed3f4	2.12	0	0	
G	16ee43c	2.12	0	0	
G	16ee50c	2.12	0	0	
G	16fd3b4	2.13	5	5	
G	16fd630	2.13	2	2	
G	16fd7dc	2.13	18	19	
G	16fdea8	2.13	17	114	
G	16fe324	2.13	9	18	
G	16fe910	2.13	12	29	
G	16fea74	2.13	3	5	
G	16fed60	2.13	1	1	
G	16ff2d0	2.13	0	0	
G	16ff3a0	2.13	2	2	
G	15f8664	2.19	1	7	
G	15f91d0	2.19	1	1	
G	16fb1a4	2.19	0	0	
G	16fc48c	2.19	0	0	
G	1397630	2.21	0	0	
G	1965980	2.21	0	0	
G	1c31088	2.21	0	2	
G	1d83590	2.21	0	1	
G	1d83704	2.21	0	14	
G	1dc334c	2.21	1	1	
G	1dc83a4	2.21	0	0	
G	1dd0e64	2.21	0	0	
G	1debc78	2.21	0	0	
G	1e48598	2.21	1	1	
G	1ea0854	2.21	0	4	
G	1ea08ac	2.21	0	3	
G	1eaa80c	2.21	40	40	
G	1eaaafc	2.21	1	12	
G	1ec0a20	2.21	9	46	
G	1d83930	2.22	1	1	
G	1db04a8	2.29	0	0	
G	1ec9744	2.29	1	1	
G	1eca06c	2.29	1	3	
G	1702fe0	2.39	0	0	
G	1d8377c	2.39	0	6	
G	1d83a98	2.39	0	0	
G	1d83afc	2.39	0	0	
G	1d83b18	2.39	0	0	
G	1dc5b80	2.39	0	0	
G	1ddfc58	2.39	0	16	
G	1ddfe54	2.39	1	9	
G	1702fe4	2.40	0	0	
G	1d83bf4	2.40	0	0	
G	1d83c10	2.40	0	0	
G	1e2ce7c	2.40	0	0	
G	1e2eb54	2.40	0	1	
G	1e5c458	2.40	0	0	
G	1e5c460	2.40	0	0	
G	1ea10f0	2.40	0	0	
G	1ea5f5c	2.40	0	0	
G	1ea5f74	2.40	11	13	
G	1ea60a0	2.40	2	2	
G	1eb727c	2.40	1	45	
G	1eb995c	2.40	5	18	
G	1ec2f14	2.40	1	1	
G	2127030	2.40	9	9	
G	2127108	2.40	0	0	
G	23604c4	2.40	0	0	
G	2360648	2.40	12	12	
G	1f10374	2.41	7	7	
G	1f103c0	2.41	12	12	
G	20fb0d0	2.41	3	3	
G	2105eb8	2.41	0	0	
G	216a928	2.41	44	44	
G	1e0a2e4	2.42	34	56	
G	1e7bb54	2.42	38	48	
G	1e7c8a8	2.42	0	0	
G	1e7df54	2.42	0	0	
G	1ec54a8	2.42	88	116	
G	1f47b20	2.44	0	0	
G	2167f4c	2.44	1	1	
G	2169b44	2.44	0	0	
G	217ae88	2.44	1	2231	
G	217b880	2.44	2229	2229	
G	2181948	2.44	0	0	
G	218194c	2.44	0	0	
G	218198c	2.44	0	0	
G	21aee74	2.44	13	15	
G	222bdb8	2.44	0	0	
G	222be3c	2.44	0	0	
G	1d83a70	2.90	0	0	
G	1f93b4c	5.95	0	0	
G	1d83c18	10.39	0	0	
G	1d83a54	10.40	1	1	
G	1daf184	10.40	2	2	
G	1daf22c	10.40	0	0	
G	1eb6c88	10.40	3	3	
G	17bd5b0	10.41	0	0	
G	1de0890	10.41	0	2	
G	1de0ad8	10.41	0	2	
G	1803ad8	10.42	0	0	
G	1dac918	10.42	0	0	
G	1daf910	10.42	6	23	
G	1e5b9b8	10.47	0	2	
G	1e5c810	10.47	3	4	
G	1e5c9fc	10.47	0	0	
G	1e7ab38	10.47	0	2	
G	1e7cf90	10.47	0	1	
G	1e9847c	10.47	0	0	
G	1e9a408	10.47	0	6	
G	1e9a75c	10.47	3	4	
G	1e9aec0	10.47	1	1	
G	1eaa550	10.47	1	8	
G	1eaa60c	10.47	0	0	
G	1eb6504	10.47	2	18	
G	1eb65dc	10.47	2	12	
G	1eb694c	10.47	0	25	
G	1ec17b0	10.47	1	4	
G	1ec40fc	10.47	1	1	
G	1ece3f4	10.47	0	0	
G	1ed0f98	10.47	1	1	
G	20ba9b8	10.47	0	0	
G	21af478	10.47	0	0	
G	21d101c	10.47	0	4	
G	1e9f51c	10.48	0	0	
G	1e9fb84	10.48	2	3	
G	1e9fe6c	10.48	0	3	
G	1ea0838	10.48	0	0	
G	1ea083c	10.48	0	2	
G	1ea1c3c	10.48	0	0	
G	1eb0b90	10.48	0	4	
G	1ec08d0	10.48	0	0	
G	1e6eccc	10.49	0	1	
G	1f265b4	10.49	0	0	
G	20b5480	10.49	1	1	
G	2106b18	10.49	0	0	
G	2127a28	10.49	0	0	
G	213bfe0	10.49	0	0	
G	216a3e0	10.49	1	1	
G	216a45c	10.49	0	1	
G	2181594	10.49	1	9	
G	2182090	10.49	1	1	
G	21b2ff4	10.49	4	12	
G	21b3214	10.49	1	10	
G	21b5c3c	10.49	1	1	
G	21b5eec	10.49	3	14	
G	21b60dc	10.49	0	13	
G	21b77c4	10.49	0	0	
G	21b7f84	10.49	8	8	
G	21ddb08	10.49	1	1	
G	21e2298	10.49	1	1	
G	234f6d4	10.49	1	2	
G	2361e44	10.49	0	0	
G	13ad1e4	10.50	0	0	
G	2179804	10.50	13	13	
G	217c4bc	10.50	0	0	
G	1db0c9c	10.51	0	0	
G	11a8c80	10.52	0	0	
G	13b8cb4	10.52	0	0	
G	148f97c	10.52	0	0	
G	148f988	10.52	0	0	
G	1625a5c	10.52	0	0	
G	1625a60	10.52	0	0	
G	17bd5d4	10.52	0	0	
G	17cc420	10.52	1	1	
G	17cc6bc	10.52	0	0	
G	17ceb68	10.52	0	0	
G	17ceb94	10.52	0	0	
G	18033ec	10.52	0	1	
G	18034f0	10.52	0	1	
G	1d83654	10.52	0	2	
G	1dae6c8	10.52	1	1	
G	1dae7a4	10.52	0	0	
G	1e796c4	10.52	0	0	
G	1e796d8	10.52	0	0	
G	1e7f398	10.52	1	1	
G	1e941b4	10.52	1	1	
G	1370704	10.54	1	1	
G	17cc728	10.54	4	31	
G	17cd0f4	10.54	0	0	
G	17cd110	10.54	0	0	
G	1e2d15c	10.54	0	0	
G	1e2d160	10.56	0	0	
G	1e2d1f0	10.56	0	0	
G	1e2d1f8	10.56	0	0	
G	1e88ef4	10.56	0	0	
G	1e89018	10.56	0	0	
G	1f1ac0c	10.57	1	1	
G	1f225f8	10.57	0	0	
G	1f24f14	10.57	1	3	
G	1f26738	10.57	0	0	
G	1f26774	10.57	0	0	
G	1f269e8	10.57	0	0	
G	1f296c8	10.57	0	4	
G	1f2e348	10.57	0	0	
G	1f2f4b8	10.57	0	0	
G	17cd118	20.55	0	0	
G	148f994	20.56	0	9	
G	1500a58	20.56	0	0	
G	1705400	20.56	2	2	
G	148e27c	20.57	0	1	
G	148eb30	20.57	1	1	
G	148edf0	20.57	0	0	
G	1490ebc	20.57	0	0	
G	14982ec	20.57	0	0	
G	1498308	20.57	0	0	
G	17cd1b0	20.57	0	0	
G	17cd1cc	20.57	0	0	
G	17cd1d4	20.57	0	0	
G	17cd2b0	20.57	0	0	
G	17cd2cc	20.57	0	0	
G	1500b78	20.59	0	20	
G	1e2d5e0	20.59	24	489	
G	13c0ad4	20.61	0	0	
G	13f74b4	20.61	0	0	
G	13f7604	20.61	0	0	
G	13f78bc	20.61	0	0	
G	13f7c80	20.61	0	0	
G	13fbc14	20.61	0	0	
G	13ff550	20.61	0	0	
G	13ffd9c	20.61	0	0	
G	1401b8c	20.61	0	0	
G	140219c	20.61	1	1	
G	14024b4	20.61	0	0	
G	1403090	20.61	1	1	
G	140356c	20.61	0	0	
G	1403864	20.61	0	0	
G	1403f0c	20.61	0	0	
G	1404514	20.61	0	0	
G	1404958	20.61	0	0	
G	1404e44	20.61	0	0	
G	1405588	20.61	0	0	
G	1405bb4	20.61	0	0	
G	1405cd4	20.61	0	0	
G	1df6828	20.61	0	0	
G	115d908	20.62	1	116	
G	115f9f0	20.62	3	5	
G	115fb34	20.62	3	3	
G	115fc78	20.62	1	1	
G	13b7ed8	20.62	24	94	
G	13c12e0	20.62	0	0	
G	13c1430	20.62	1	1	
G	13c1c78	20.62	0	0	
G	1405de4	20.62	0	0	
G	1405e5c	20.62	1	1	
G	1405ef4	20.62	0	0	
G	1406d90	20.62	0	2	
G	1406de0	20.62	0	0	
G	140711c	20.62	0	0	
G	14072d0	20.62	0	0	
G	1407428	20.62	0	0	
G	1407508	20.62	0	0	
G	14075a0	20.62	0	0	
G	1407650	20.62	0	0	
G	1407700	20.62	0	0	
G	1407798	20.62	0	0	
G	1407860	20.62	0	0	
G	1407f2c	20.62	0	0	
G	1500ba0	20.62	0	0	
G	1523e5c	20.62	0	0	
G	1523fec	20.62	0	0	
G	1524668	20.62	1	2	
G	1524e4c	20.62	1	1	
G	15252f4	20.62	0	0	
G	1525520	20.62	0	0	
G	15256f4	20.62	0	0	
G	1525be4	20.62	0	0	
G	15262c0	20.62	1	1	
G	15262cc	20.62	0	0	
G	1526540	20.62	1	4	
G	15267e4	20.62	1	2	
G	1526a24	20.62	1	1	
G	1526b2c	20.62	2	2	
G	159429c	20.62	0	2	
G	1594314	20.62	0	0	
G	1594390	20.62	1	1	
G	148a3f8	20.63	1	1	
G	148a914	20.63	1	1	
G	1490430	20.63	1	1	
G	1500824	20.63	0	0	
G	171012c	20.63	0	0	
G	17cd2d4	20.63	0	0	
G	1ce1ed4	20.63	0	1	
G	1ce20b0	20.63	0	21	
G	1ce2344	20.65	1	3	
G	1ce25fc	20.65	0	0	
G	1eb9c60	20.66	0	0	
G	1ec2b08	20.66	0	0	
G	1eb63d0	20.72	15	15	
G	1ce21f0	20.82	0	10	
G	1ce2638	20.82	0	0	
G	135f4c0	20.83	0	0	
G	16f1dac	20.83	0	0	
G	1ce2640	20.83	0	0	
G	17d8aac	20.85	0	1	
G	18086d4	20.85	3	5	
G	1808918	20.85	0	0	
G	180a5d0	20.85	0	0	
G	17e715c	20.87	0	0	
G	1149894	20.90	0	0	
G	20a48a0	20.90	0	0	
G	216d764	20.90	0	0	
G	1db0308	20.92	0	0	
G	1ce2190	21.07	1	1	
G	1eb5b1c	21.13	0	0	
G	1ecf6e4	21.13	1	1	
G	17cc628	21.18	0	0	
G	17cc6c0	21.18	0	0	
G	17ce79c	21.18	0	0	
G	17ce800	21.18	0	0	
G	1ce1fdc	21.18	0	0	
G	1668754	21.22	0	0	
G	1668758	21.22	0	0	
G	1ab1cc0	21.22	1	21	
G	1ab26d8	21.22	2	34	
G	1ab2ac4	21.22	1	23	
G	1cdb2c4	21.22	0	0	
G	1d7fcf8	21.22	2	15	
G	1dac954	21.22	0	0	
G	1daca44	21.22	0	0	
G	1e0fbe0	21.22	0	0	
G	1e157b8	21.22	0	0	
G	1e2d9c0	21.22	0	0	
G	1308d5c	21.23	0	0	
G	13194c8	21.23	0	0	
G	1370428	21.23	1	3	
G	13b84a4	21.23	0	0	
G	1500cb0	21.23	49	63	
G	1633f08	21.23	0	0	
G	1633f0c	21.23	0	0	
G	16fe22c	21.23	21	22	
G	1ab37d8	21.23	1	6	
G	1ab3ae0	21.23	3	3	
G	1ab3fb4	21.23	1	1	
G	1ab5d1c	21.23	0	3	
G	1ab790c	21.23	0	0	
G	1ab7b20	21.23	0	0	
G	1ab7f74	21.23	0	0	
G	1ab89b8	21.23	0	0	
G	1ab8a10	21.23	0	0	
G	1ab8b4c	21.23	0	0	
G	1d7ff24	21.23	1	38	
G	1e4858c	21.23	0	0	
G	19614bc	21.24	0	2	
G	19615f4	21.24	4	20	
G	19636a4	21.24	0	0	
G	19647ac	21.24	2	2	
G	1964950	21.24	1	1	
G	1d81ff0	21.24	0	0	
G	1e2da78	21.24	0	0	
G	170874c	21.25	0	0	
G	1961f3c	21.25	0	0	
G	1d8200c	21.25	0	0	
G	1d82180	21.25	0	0	
G	1d8219c	21.25	0	0	
G	1d82568	21.25	0	0	
G	1d82584	21.25	0	0	
G	1d826d8	21.25	0	0	
G	1d826f4	21.25	0	0	
G	1df8cbc	21.25	0	0	
G	1df8e28	21.25	0	0	
G	1df8eb4	21.25	0	0	
G	1d82934	21.26	0	0	
G	1d82950	21.26	0	0	
G	1e1592c	21.26	2	40	
G	1e16b48	21.26	0	0	
G	1e16b64	21.26	0	0	
G	1e16cd8	21.26	0	0	
G	1e16cf4	21.26	0	0	
G	180f930	21.27	1	1	
G	1cdbe84	21.27	0	7	
G	1d82ac4	21.27	0	0	
G	1d82ae0	21.27	0	0	
G	1e168e0	21.27	2	6	
G	1e2da7c	21.27	0	13	
G	1e31830	21.27	4	13	
G	1ec9bc0	21.34	1	2	
G	1ec9dcc	21.34	1	1	
G	1964300	21.38	0	0	
G	1cdb4c8	21.38	0	4	
G	1cdb5d4	21.38	2	3	
G	1cdbd7c	21.38	1	1	
G	1e16808	21.38	0	1	
G	1e16fe4	21.38	0	0	
G	1e17000	21.38	0	0	
G	1d80c98	21.44	2	8	
G	170297c	21.45	0	0	
G	1702988	21.45	0	0	
G	1807db8	21.45	1	7	
G	1808ecc	21.45	0	0	
G	1ab19f4	21.45	0	3	
G	1ab5620	21.45	1	8	
G	1bc4f7c	21.45	1	1	
G	1d82ca8	21.45	0	0	
G	1d82cc4	21.45	0	0	
G	1d82e14	21.45	0	0	
G	1d82e30	21.45	0	0	
G	1d82eac	21.45	0	0	
G	1d82ec8	21.45	0	0	
G	1d82f64	21.45	0	0	
G	1d82f80	21.45	1	1	
G	1d82ffc	21.45	0	0	
G	1d83018	21.45	0	0	
G	1dcead4	21.45	0	0	
G	1dcf0f0	21.45	0	41	
G	1deb2bc	21.45	0	0	
G	1e0a784	21.45	0	0	
G	1e0a78c	21.45	0	0	
G	1e0c460	21.45	0	7	
G	1e0c4d8	21.45	0	0	
G	1e0fd24	21.45	0	0	
G	1e5a104	21.45	3	3	
G	1e72f50	21.45	0	0	
G	1f2119c	21.45	4	4	
G	1665468	21.46	0	0	
G	166546c	21.46	0	0	
G	1807fe4	21.46	0	52	
G	1808078	21.46	1	1	
G	1dc18e0	21.46	0	58	
G	16fe10c	21.47	0	4	
G	16fe568	21.47	4	4	
G	18026c4	21.47	0	0	
G	1805944	21.47	5	7	
G	1805f18	21.47	19	176	
G	1806a10	21.47	1	5	
G	1806d38	21.47	2	14	
G	1809230	21.47	37	84	
G	180993c	21.47	17	30	
G	1809c68	21.47	0	0	
G	1809e10	21.47	0	0	
G	1809ee0	21.47	4	4	
G	180a19c	21.47	2	2	
G	1ab2fe0	21.47	0	7	
G	1d8353c	21.47	0	0	
G	1d83558	21.47	0	0	
G	1e026a8	21.47	0	0	
G	1e028bc	21.47	0	0	
G	1e77a80	21.47	0	0	
G	1e78c04	21.47	0	0	
G	1e8c218	21.47	2	2	
G	1f6b120	21.47	0	0	
G	1f6bba8	21.47	6	14	
G	1f6d8d0	21.47	1	19	
G	1f6d900	21.47	4	18	
G	1f6d9d8	21.47	0	0	
G	1f6dd80	21.47	4	4	
G	1f6f8e0	21.47	13	13	
G	1f7079c	21.47	0	0	
G	122e52c	21.48	19	22	
G	18069f0	21.48	0	0	
G	1ab3648	21.48	0	0	
G	1ab7c90	21.48	0	0	
G	1ab7db4	21.48	0	0	
G	1e8caa0	21.48	23	23	
G	14af73c	21.49	0	0	
G	1f199c0	21.49	0	0	
G	1f6c330	21.49	2	328	
G	1f6d30c	21.49	0	0	
G	1f6d414	21.49	1	1	
G	1f6fb0c	21.49	7	7	
G	1f6fcf8	21.49	13	43	
G	1f700ec	21.49	3	5	
G	1f70288	21.49	10	10	
G	1f7219c	21.49	0	0	
G	1f721bc	21.49	0	0	
G	1f721d8	21.49	2	2	
G	1f72638	21.49	0	0	
G	222d720	21.49	0	0	
G	2233bbc	21.49	3	3	
G	2233ca4	21.49	0	3	
G	2233d4c	21.49	2	2	
G	2233f10	21.49	0	0	
G	2233fa4	21.49	2	4	
G	22340f8	21.49	3	5	
G	22342dc	21.49	0	0	
G	2234304	21.49	2	4	
G	223af28	21.49	2	2	
G	223c04c	21.49	2	2	
G	223ce34	21.49	0	3	
G	223cfac	21.49	0	281	
G	223d0fc	21.49	2	2	
G	223d260	21.49	2	281	
G	223d67c	21.49	2	264	
G	223ddac	21.49	1	1	
G	223de54	21.49	0	0	
G	223efc0	21.49	1	7	
G	223fd4c	21.49	2	2	
G	1f68e54	21.51	0	0	
G	222dcf8	21.51	0	0	
G	223b100	21.51	0	0	
G	223bd90	21.51	1	1	
G	223ee6c	21.51	2	2	
G	223feec	21.51	0	0	
G	22401b4	21.51	0	0	
G	224020c	21.51	0	0	
G	1f6b540	21.53	4	7	
G	1f6bc8c	21.53	1	1	
G	1f6c318	21.53	0	0	
G	1f6d424	21.53	79	79	
G	1f6defc	21.53	67	67	
G	1f6e10c	21.53	64	64	
G	1f701c8	21.53	0	0	
G	1f73e8c	21.53	13	17	
G	1f74000	21.53	8	8	
G	1f742b8	21.53	0	0	
G	222dd68	21.53	25	25	
G	222dde4	21.53	19	58	
G	222e2a4	21.53	64	229	
G	223c244	21.53	0	0	
G	223c6f8	21.53	0	0	
G	223c864	21.53	82	84	
G	223c9d8	21.53	2	2	
G	223d560	21.53	0	0	
G	223d9d8	21.53	90	149	
G	223ff28	21.53	6	46	
G	1e5b990	21.62	1	7	
G	1f199b8	21.62	0	0	
G	1f743a4	21.62	0	3	
G	1f74550	21.62	0	3	
G	221b4b8	21.62	0	0	
G	221b53c	21.62	0	0	
G	221e974	21.62	0	0	
G	221f138	21.62	0	2	
G	221fb1c	21.62	0	0	
G	222d598	21.62	0	0	
G	223439c	21.62	1	7	
G	1f753f4	21.63	8	14	
G	1f755d0	21.63	9	10	
G	221bb90	21.63	0	0	
G	1f6d638	21.64	3	417019	
G	1f74f44	21.64	1	1	
G	1f75f50	21.64	3	114	
G	1f760a0	21.64	25	25	
G	222d988	21.64	2	101	
G	222dc38	21.64	0	0	
G	1f75dfc	21.65	7	10	
G	1f7494c	21.66	6	29	
G	1f74c68	21.66	0	15	
G	221bddc	21.66	6	6	
G	1d83560	22.43	0	0	
G	1ec1780	22.43	0	0	
G	1f74d58	22.89	4	10	
G	222dfc8	22.89	28	57	
G	223fe9c	22.89	0	0	
G	1f73f58	23.07	14	18	
G	1d83174	23.96	1	1	
G	1d83190	23.96	0	0	
G	1f69634	26.37	0	0	
G	1f6d804	26.37	2	2	
G	1f6d8b8	26.37	0	2	
G	1f6ff00	26.37	9	15	
G	1f7cc04	26.37	0	4	
G	222d7f4	26.37	0	0	
G	22401e4	26.37	0	0	
G	2240298	26.37	0	0	
G	224032c	26.37	0	12	
G	1f62374	26.38	0	0	
G	1f6ab6c	26.38	1	8	
G	1f6abbc	26.38	5	5	
G	1f6ad6c	26.38	3	26	
G	1f6b340	26.38	0	0	
G	1f6dab0	26.38	0	34	
G	1f6de5c	26.38	1	1	
G	1f70488	26.38	9	9	
G	2233ba8	26.38	0	0	
G	223408c	26.38	1	5	
G	223b044	26.38	0	0	
G	223b090	26.38	0	0	
G	223b0c4	26.38	0	0	
G	223c1b4	26.38	0	0	
G	223cebc	26.38	1	22	
G	223d0e4	26.38	1	23	
G	223d188	26.38	0	4	
G	223edf4	26.38	0	0	
G	223ef28	26.38	0	1	
G	1d83198	27.94	0	0	
G	1e9c170	40.47	0	0	
G	1e9c804	40.48	7	12	
G	1e9cba0	40.48	5	5	
G	1e9e64c	40.48	2	35	
G	1e9eb20	40.48	1	2	
G	1e9f71c	40.48	1	1	
G	1eac120	40.48	0	30	
G	1ead21c	40.48	20	20	
G	1eae9b4	40.48	0	0	
G	1eae9bc	40.48	0	30	
G	1ec4950	40.48	0	0	
G	1ec7f88	40.48	0	0	
G	1149470	40.56	0	0	
G	1364eec	40.56	2	2	
G	1805d30	40.56	0	17	
G	18077c8	40.56	0	1	
G	1ab4084	40.56	0	0	
G	1ab4188	40.56	1	1	
G	1d82ccc	40.56	0	2	
G	1d8322c	40.56	0	0	
G	1d83248	40.56	0	0	
G	1e0c90c	40.56	0	0	
G	1e0fcb8	40.56	0	0	
G	1e8c924	40.56	0	2	
G	1e98a28	40.56	0	8	
G	1ec4960	40.56	0	0	
G	1ec4968	40.56	0	0	
G	1ec49e0	40.56	0	0	
G	1ab8cb0	40.57	0	0	
G	1f6a890	40.58	0	0	
G	1f7066c	40.58	1	1	
G	223622c	40.58	0	0	
G	2237748	40.58	0	0	
G	2237968	40.58	114	114	
G	223d8d0	40.58	0	0	
G	223d93c	40.58	13	13	
G	223fda0	40.58	0	0	
G	223fde4	40.58	3	21	
G	1f70720	41.40	0	0	
G	22361f0	41.40	0	1	
G	223fdbc	41.40	0	1	
G	1d83250	41.54	0	0	
G	18816d0	41.55	1	1	
G	1ab47f8	41.55	1	1	
G	1ab4c60	41.55	1	2	
G	1e0fc4c	41.55	0	0	
G	1e16aa0	41.55	0	0	
G	1f6d394	41.55	0	11	
G	1f6d71c	41.55	0	0	
G	1f74370	41.55	0	10	
G	1f745f8	41.55	10	10	
G	1f75390	41.55	0	0	
G	1f7c568	41.55	0	0	
G	1f7c59c	41.55	0	0	
G	1f7c5b0	41.55	0	0	
G	221b618	41.55	0	0	
G	223454c	41.55	0	11	
G	1f6b2a8	41.56	0	0	
G	1f7084c	41.56	0	0	
G	18819a8	41.57	2	8	
G	1e8888c	41.60	0	0	
G	1e889b0	41.60	0	0	
G	1eaa690	41.62	0	3	
G	1ec0904	41.62	1	1	
G	1ed0a2c	41.62	0	0	
G	1ed0b3c	41.62	0	0	
G	1ef3490	41.62	0	3	
G	1881718	41.64	0	0	
G	1e16abc	41.69	1	1	
G	17c7a44	41.72	0	0	
G	17ce7d8	41.72	0	0	
G	17ce804	41.72	0	0	
G	18810fc	41.72	0	0	
G	1881134	41.72	0	0	
G	196118c	41.72	0	0	
G	19611d8	41.72	0	0	
G	1963578	41.72	0	0	
G	1963610	41.72	0	0	
G	1963c98	41.72	1	1	
G	1cdb420	41.72	0	0	
G	1d7fe10	41.72	1	2	
G	1d7fed4	41.72	0	2	
G	1e15854	41.72	0	1	
G	1e2d9e4	41.72	0	0	
G	14954a8	41.74	0	0	
G	14954c4	41.74	0	0	
G	17c7a4c	41.74	0	0	
G	1488298	41.76	0	2	
G	1489548	41.76	0	0	
G	1489ee8	41.76	0	0	
G	1489ff8	41.76	0	0	
G	148ac20	41.76	0	1	
G	148ba68	41.76	0	0	
G	148d444	41.76	1	2	
G	1490c90	41.76	0	2	
G	14fd008	41.76	0	0	
G	17c8b08	41.77	0	0	
G	1cb25cc	41.77	0	0	
G	1cb22c8	41.78	0	5	
G	1cb2814	41.78	0	0	
G	1cb3270	41.81	0	0	
G	19639bc	41.98	0	0	
G	1964304	41.98	2	2	
G	1964aa8	41.98	0	0	
G	1964bf4	41.98	1	3	
G	19654fc	41.98	0	0	
G	1965518	41.98	0	0	
G	19656b0	41.98	0	0	
G	19656b8	41.98	0	0	
G	1cb3098	41.98	0	0	
G	1cb3568	41.98	0	0	
G	1de0914	41.98	0	2	
G	1deb194	41.98	0	0	
G	1deb1f4	41.98	0	0	
G	1965638	42.14	0	0	
G	1965640	42.14	0	0	
G	1964f08	45.59	0	0	
G	1965520	45.59	0	0	
G	180f928	45.74	0	0	
G	1cb311c	45.74	0	7	
G	1cfbbfc	45.74	0	0	
G	1cfbfac	45.74	1	7	
G	1de0b5c	45.74	0	0	
G	1cfca78	45.75	0	0	
G	1cfca94	45.75	0	0	
G	1cfdabc	45.75	0	0	
G	1cfdad8	45.75	0	0	
G	18049a4	45.76	1	1	
G	1cfc480	45.76	2	3	
G	1cfc5fc	45.76	0	0	
G	1cfb7a4	45.86	1	1	
G	1cfb87c	45.86	0	0	
G	1cfc6b8	45.86	0	0	
G	1cfc6d4	45.86	0	0	
G	17bf374	45.92	0	0	
G	1cfc510	45.92	0	0	
G	1cfdc84	45.92	0	0	
G	1cfdca0	45.92	0	0	
G	1cfdca8	46.09	0	0	
G	1cfc6dc	50.72	0	943	
G	1de992c	50.72	0	943	
G	1e2d158	50.72	0	0	
G	1e30f4c	50.72	0	942	
G	1dd3fa8	51.66	1	1	
G	1de9450	51.66	0	0	
G	1f779c8	51.66	0	0	
G	1cfca9c	53.86	0	0	
G	1cfcb60	53.86	0	0	
G	1cfcb7c	53.86	0	0	
G	1cfc60c	54.01	0	0	
G	1cfcb84	54.01	0	0	
G	1cb3484	54.03	0	0	
G	1dac36c	54.03	0	0	
G	1495a68	54.04	0	0	
G	1495a84	54.04	0	0	
G	17c8d48	54.04	0	1	
G	1de9724	54.04	1	1	
G	151d088	54.28	2	2	
G	115dad0	54.29	0	0	
G	1400514	54.29	3	21	
G	115dacc	54.31	0	0	
G	115fe50	54.31	0	0	
G	12b303c	54.31	0	0	
G	12b3040	54.31	0	0	
G	12b3240	54.31	3	3	
G	12b36e0	54.31	0	0	
G	12b3dc0	54.31	0	0	
G	12b3f64	54.31	0	0	
G	12b7270	54.31	0	0	
G	139ca64	54.31	0	1	
G	139da04	54.31	0	0	
G	13fcf7c	54.31	0	0	
G	13fd240	54.31	1	1	
G	13ffdec	54.31	2	2	
G	140b08c	54.31	2	2	
G	140d874	54.31	0	3	
G	140d9f8	54.31	6	9	
G	1523080	54.31	0	1	
G	152316c	54.31	1	1	
G	1594458	54.31	0	0	
G	13768f0	54.32	1	1	
G	1376d2c	54.32	0	0	
G	140b214	54.32	0	0	
G	151e45c	54.32	0	0	
G	151e668	54.32	0	0	
G	151e8c8	54.32	0	0	
G	151eab4	54.32	0	0	
G	1559d60	54.32	1	1	
G	1565b48	54.32	0	0	
G	1565d60	54.32	2	2	
G	1566294	54.32	1	1	
G	15664d0	54.32	0	0	
G	1566654	54.32	0	0	
G	157c490	54.32	0	0	
G	1592cb8	54.32	0	0	
G	12b12c0	54.33	0	0	
G	12b14c0	54.33	0	0	
G	12b40c0	54.33	0	0	
G	12b426c	54.33	4	4	
G	12b4b54	54.33	1	1	
G	12b5104	54.33	0	0	
G	12b5110	54.33	4	4	
G	12b662c	54.33	0	0	
G	12b6638	54.33	0	0	
G	12b67a0	54.33	0	0	
G	12b688c	54.33	0	0	
G	139d25c	54.33	0	0	
G	139d260	54.33	0	0	
G	1407fd4	54.33	0	5	
G	1542a68	54.33	0	0	
G	1551dc0	54.33	0	3	
G	1551ee0	54.33	0	1	
G	1553270	54.33	2	2	
G	1409a6c	54.34	1	1	
G	1409bf0	54.34	0	0	
G	140a23c	54.34	0	0	
G	154dc54	54.34	0	0	
G	154dfd4	54.34	0	0	
G	154e4ec	54.34	0	0	
G	154e58c	54.34	0	0	
G	154e624	54.34	1	1	
G	154eb88	54.34	0	0	
G	154eca8	54.34	0	1	
G	154ee30	54.34	1	1	
G	154f0b4	54.34	0	0	
G	1562638	54.34	0	0	
G	1578604	54.34	0	0	
G	1579128	54.34	0	0	
G	15933d4	54.34	0	0	
G	1df5294	54.34	0	0	
G	1cfc64c	54.36	0	0	
G	1cb3570	54.52	0	0	
G	13723c8	54.54	1	1	
G	14fe7c4	54.54	0	0	
G	17402e4	54.54	0	0	
G	17cefb4	54.54	0	0	
G	1d96af0	54.54	0	0	
G	1ddf5d0	54.54	0	1	
G	1de0d20	54.54	0	0	
G	1de47b0	54.54	0	0	
G	1de489c	54.54	0	0	
G	1e50094	54.54	0	7	
G	1e500a4	54.54	3	7	
G	1e50394	54.54	0	1	
G	14fe970	54.55	0	0	
G	14ff09c	54.55	0	0	
G	21fce10	54.55	0	0	
G	1cfbe10	54.59	0	0	
G	17bf780	54.60	0	0	
G	17bf828	54.60	0	1	
G	17c7a1c	54.60	0	0	
G	17c7a48	54.60	0	0	
G	17e6e70	54.60	1	1	
G	1cb2718	54.60	0	0	
G	1cdc38c	54.62	0	3	
G	1cdc580	54.62	2	7	
G	1cdfea8	54.63	0	0	
G	1cdfec4	54.63	0	0	
G	1ce0034	54.63	0	0	
G	1ce0050	54.63	0	0	
G	1ce01b4	54.63	0	0	
G	1ce01d0	54.63	0	0	
G	1ce032c	54.63	0	0	
G	1ce0348	54.63	0	0	
G	1ce04a4	54.63	0	0	
G	1ce04c0	54.63	0	0	
G	1ce061c	54.63	0	0	
G	1ce0638	54.63	0	0	
G	1ce0794	54.63	0	0	
G	1ce07b0	54.63	0	0	
G	1ce0edc	54.63	0	0	
G	1ce10d0	54.63	0	1	
G	1ce1a90	54.63	1	1	
G	1ce1aac	54.63	0	0	
G	1cdcf80	54.64	1	11	
G	1ce124c	54.64	11	120	
G	1cdcf7c	54.80	0	0	
G	1ce1240	54.81	0	0	
G	1ce14d4	54.81	0	0	
G	1ddf964	54.81	0	0	
G	1ddfaf8	54.81	1	5	
G	17c2604	54.84	0	0	
G	17c2620	54.84	0	0	
G	17da73c	54.84	0	0	
G	17dcc60	54.84	1	1	
G	17da80c	54.85	0	0	
G	17da814	54.85	0	0	
G	17dd9bc	54.85	0	0	
G	17e49e4	54.90	1	3	
G	17e619c	54.92	0	2	
G	17ee794	54.92	0	1	
G	17ef0c8	54.92	0	1	
G	17f1240	54.92	0	0	
G	17f1478	54.92	0	0	
G	17f14b8	54.92	1	1	
G	17c2628	54.95	0	0	
G	17ef338	54.95	0	1	
G	16f1848	54.96	6	66	
G	16fdd08	54.96	0	15	
G	16fdd8c	54.96	7	15	
G	16fde20	54.96	0	15	
G	17c1e18	54.96	0	68	
G	15b8fc8	54.97	0	0	
G	15b9858	54.97	0	0	
G	15b99c8	54.97	0	0	
G	15ba03c	54.97	0	0	
G	15ba9e8	54.97	0	0	
G	15baa78	54.97	0	0	
G	15bba14	54.97	0	0	
G	15bbb08	54.97	0	0	
G	15bd560	54.97	0	0	
G	15bdf0c	54.97	0	0	
G	15bdfa4	54.97	0	0	
G	15bf0a8	54.97	0	0	
G	15bf124	54.97	0	0	
G	15bf208	54.97	0	0	
G	15bfa30	54.97	0	0	
G	15c03d4	54.97	0	0	
G	15c046c	54.97	0	0	
G	15c1408	54.97	0	0	
G	15c14e8	54.97	0	0	
G	15c15fc	54.97	0	0	
G	15c3084	54.97	0	1	
G	15c3178	54.97	0	0	
G	15c4e20	54.97	0	0	
G	15c4f00	54.97	0	0	
G	15c5014	54.97	0	0	
G	15c5dfc	54.97	0	0	
G	15c5edc	54.97	0	0	
G	15c5ff0	54.97	0	0	
G	15c6dd8	54.97	0	0	
G	15c6eb8	54.97	0	0	
G	15c6fcc	54.97	0	0	
G	15c7db4	54.97	0	0	
G	15c7e94	54.97	0	0	
G	15c7fa8	54.97	0	0	
G	15c8d90	54.97	0	0	
G	15c8e70	54.97	0	0	
G	15c8f84	54.97	0	0	
G	15c95f8	54.97	0	0	
G	15c9e6c	54.97	0	0	
G	15c9f60	54.97	0	0	
G	15ca5d4	54.97	1	1	
G	15cae48	54.97	0	1	
G	15caf3c	54.97	0	0	
G	15cb8f4	54.97	0	0	
G	15cc168	54.97	0	0	
G	15cc25c	54.97	0	0	
G	15ccc14	54.97	0	0	
G	15cd488	54.97	0	0	
G	15cd57c	54.97	0	0	
G	15ce878	54.97	0	0	
G	15cf0ec	54.97	0	0	
G	15cf1e0	54.97	0	0	
G	15cf854	54.97	0	0	
G	15d01f0	54.97	0	0	
G	15d02e4	54.97	0	0	
G	15d1774	54.97	0	0	
G	15d1854	54.97	0	0	
G	15d1968	54.97	0	0	
G	15d2ca4	54.97	0	1	
G	15d2d84	54.97	1	1	
G	15d2e98	54.97	0	0	
G	15d3fc4	54.97	0	0	
G	15d4838	54.97	0	0	
G	15d492c	54.97	0	0	
G	15d6110	54.97	0	0	
G	15d61f0	54.97	0	0	
G	15d6304	54.97	0	0	
G	15d7298	54.97	0	0	
G	15d7b0c	54.97	0	0	
G	15d7c00	54.97	0	0	
G	15d8cc8	54.97	0	0	
G	15d9658	54.97	0	0	
G	15d974c	54.97	0	0	
G	15da650	54.97	0	0	
G	15da730	54.97	0	0	
G	15da844	54.97	0	0	
G	15dbbcc	54.97	0	0	
G	15dbcc0	54.97	0	0	
G	15dc334	54.97	1	1	
G	15dcba8	54.97	0	1	
G	15dcc9c	54.97	0	0	
G	15de544	54.97	0	0	
G	15de624	54.97	0	0	
G	15de738	54.97	0	0	
G	1661168	54.97	0	0	
G	166197c	54.97	0	0	
G	16b3798	54.97	1	1	
G	16ed564	54.97	0	0	
G	16ed6b8	54.97	0	0	
G	1700948	54.97	0	0	
G	1702c68	54.97	0	0	
G	1702fdc	54.97	0	0	
G	12860c0	54.98	0	0	
G	1286114	54.98	0	0	
G	15dfb00	54.98	0	0	
G	15e0374	54.98	0	0	
G	15e0468	54.98	0	0	
G	15e0adc	54.98	0	0	
G	15e1350	54.98	0	0	
G	15e1444	54.98	0	0	
G	15e2bb8	54.98	0	0	
G	15e342c	54.98	0	0	
G	15e3520	54.98	0	0	
G	15e4b60	54.98	0	0	
G	15e53d4	54.98	0	0	
G	15e54c8	54.98	0	0	
G	15ea018	54.98	0	0	
G	15ea0f8	54.98	0	0	
G	15ea20c	54.98	0	0	
G	15ec45c	54.98	1	1	
G	15eccd0	54.98	0	1	
G	15ecdc4	54.98	0	0	
G	15ee958	54.98	0	0	
G	15eea38	54.98	0	0	
G	15eeb4c	54.98	0	0	
G	15f06dc	54.98	0	0	
G	15f0f50	54.98	0	0	
G	15f1044	54.98	0	0	
G	15f3270	54.98	0	0	
G	15f3350	54.98	0	0	
G	15f3464	54.98	0	0	
G	15f4c14	54.98	0	0	
G	15f4cf4	54.98	0	0	
G	15f4e08	54.98	0	0	
G	15f6164	54.98	0	0	
G	15f6244	54.98	0	0	
G	15f6358	54.98	0	0	
G	15f69cc	54.98	0	0	
G	15f739c	54.98	0	0	
G	15f7490	54.98	0	0	
G	15f8a04	54.98	0	1	
G	15f8a80	54.98	1	1	
G	15f8b5c	54.98	0	0	
G	15f9384	54.98	0	0	
G	15f9bf8	54.98	0	0	
G	15f9cec	54.98	0	0	
G	15fbde4	54.98	0	2	
G	15fbec4	54.98	2	2	
G	15fbfd8	54.98	0	0	
G	15fc64c	54.98	0	0	
G	15fd20c	54.98	0	0	
G	15fd29c	54.98	0	0	
G	15fe498	54.98	0	0	
G	15fe578	54.98	0	0	
G	15fe68c	54.98	0	0	
G	15fed00	54.98	0	0	
G	15ff574	54.98	0	0	
G	15ff668	54.98	0	0	
G	1600450	54.98	0	0	
G	1600530	54.98	0	0	
G	1600644	54.98	0	0	
G	160155c	54.98	0	0	
G	1601f28	54.98	0	0	
G	1602688	54.98	0	0	
G	1602efc	54.98	0	0	
G	1602ff0	54.98	0	0	
G	1603dbc	54.98	0	1	
G	1603e9c	54.98	1	1	
G	1603fb0	54.98	0	0	
G	1604e50	54.98	0	0	
G	16057cc	54.98	0	0	
G	16058c0	54.98	0	0	
G	16065e4	54.98	0	0	
G	1606e58	54.98	0	0	
G	1606f4c	54.98	0	0	
G	160869c	54.98	0	0	
G	160877c	54.98	0	0	
G	1608890	54.98	0	0	
G	1608f04	54.98	0	0	
G	1609778	54.98	0	0	
G	160986c	54.98	0	0	
G	1609ee0	54.98	0	0	
G	160a7e4	54.98	0	0	
G	160a8d8	54.98	0	0	
G	160bc10	54.98	0	0	
G	160bcf0	54.98	0	0	
G	160be04	54.98	0	0	
G	160c478	54.98	1	1	
G	160ccec	54.98	0	1	
G	160cde0	54.98	0	0	
G	160dec8	54.98	0	0	
G	160e73c	54.98	0	0	
G	160e830	54.98	0	0	
G	160f8f0	54.98	0	0	
G	1610164	54.98	0	0	
G	1610258	54.98	0	0	
G	1612ccc	54.98	0	0	
G	1612dac	54.98	0	0	
G	1612ec0	54.98	0	0	
G	16136b4	54.98	0	0	
G	1613f28	54.98	0	0	
G	161401c	54.98	0	0	
G	16146f8	54.98	0	0	
G	1614f6c	54.98	0	0	
G	1615060	54.98	0	0	
G	16166fc	54.98	0	0	
G	16167dc	54.98	0	0	
G	16168f0	54.98	0	0	
G	1617cf4	54.98	0	0	
G	1618670	54.98	0	0	
G	1618764	54.98	0	0	
G	161948c	54.98	0	0	
G	1619d00	54.98	0	0	
G	1619df4	54.98	0	0	
G	161b78c	54.98	0	0	
G	161b86c	54.98	0	0	
G	161b980	54.98	0	0	
G	161cc94	54.98	0	0	
G	161cd74	54.98	0	0	
G	161ce88	54.98	0	0	
G	161e6a4	54.98	0	0	
G	161e784	54.98	0	0	
G	161e898	54.98	0	0	
G	161fba0	54.98	1	1	
G	1620414	54.98	0	1	
G	1620508	54.98	0	0	
G	1620bf0	54.98	0	0	
G	1620c1c	54.98	0	0	
G	1621304	54.98	0	0	
G	1621330	54.98	0	0	
G	16219a4	54.98	0	0	
G	1622218	54.98	0	0	
G	162230c	54.98	0	0	
G	1623dfc	54.98	0	0	
G	1623edc	54.98	0	0	
G	1623ff0	54.98	0	0	
G	1625864	54.98	0	0	
G	1625944	54.98	0	0	
G	1625a58	54.98	0	0	
G	162673c	54.98	0	0	
G	1626fb0	54.98	0	0	
G	16270a4	54.98	0	0	
G	1628628	54.98	0	0	
G	1628e9c	54.98	0	0	
G	1628f90	54.98	0	0	
G	162a6ac	54.98	0	0	
G	162a78c	54.98	0	0	
G	162a8a0	54.98	0	0	
G	162b848	54.98	1	1	
G	162c0a0	54.98	0	1	
G	162c194	54.98	0	0	
G	162cfd4	54.98	0	0	
G	162d82c	54.98	0	0	
G	162d920	54.98	0	0	
G	162f7fc	54.98	0	0	
G	162f828	54.98	0	0	
G	162ff10	54.98	0	0	
G	162ff3c	54.98	0	0	
G	1630e2c	54.98	0	0	
G	1630f0c	54.98	0	0	
G	1631020	54.98	0	0	
G	16324ac	54.98	0	0	
G	163258c	54.98	0	0	
G	16326a0	54.98	0	0	
G	1633d10	54.98	0	0	
G	1633df0	54.98	0	0	
G	1633f04	54.98	0	0	
G	1635810	54.98	0	0	
G	16358f0	54.98	0	0	
G	1635a04	54.98	0	0	
G	1636870	54.98	1	1	
G	16370e4	54.98	0	1	
G	16371d8	54.98	0	0	
G	16384e4	54.98	0	0	
G	1638d58	54.98	0	0	
G	1638e4c	54.98	0	0	
G	1639f98	54.98	0	0	
G	163a7f0	54.98	0	0	
G	163a8e4	54.99	0	0	
G	163becc	54.99	0	0	
G	163bfac	54.99	0	0	
G	163c0c0	54.99	0	0	
G	163d1b8	54.99	0	0	
G	163da2c	54.99	0	0	
G	163db20	54.99	0	0	
G	163e1fc	54.99	0	0	
G	163ea70	54.99	0	0	
G	163eb64	54.99	0	0	
G	1640a10	54.99	0	0	
G	1640af0	54.99	0	0	
G	16413c0	54.99	0	0	
G	16414a0	54.99	0	0	
G	16415b4	54.99	0	0	
G	1641c28	54.99	0	0	
G	164249c	54.99	1	1	
G	1642590	54.99	0	0	
G	1644a28	54.99	0	0	
G	1644b08	54.99	0	0	
G	1644c1c	54.99	0	0	
G	16463dc	54.99	0	0	
G	16464bc	54.99	0	0	
G	16465d0	54.99	0	0	
G	16476fc	54.99	0	0	
G	16477dc	54.99	0	0	
G	16478f0	54.99	0	0	
G	16482a8	54.99	0	0	
G	1648c54	54.99	0	0	
G	1648cec	54.99	0	0	
G	1649514	54.99	0	0	
G	1649d88	54.99	0	0	
G	1649e7c	54.99	0	0	
G	164af70	54.99	1	1	
G	164b7e4	54.99	0	1	
G	164b8d8	54.99	0	0	
G	164bfb4	54.99	0	0	
G	164c828	54.99	0	0	
G	164c91c	54.99	0	0	
G	164d704	54.99	0	0	
G	164d7e4	54.99	0	0	
G	164d8f8	54.99	0	0	
G	164e870	54.99	0	0	
G	164f1f8	54.99	0	0	
G	164f2ec	54.99	0	0	
G	165008c	54.99	0	0	
G	16508e4	54.99	0	0	
G	16509d8	54.99	0	0	
G	1651844	54.99	0	0	
G	16520b8	54.99	0	0	
G	16521ac	54.99	0	0	
G	16530c4	54.99	0	0	
G	1653938	54.99	0	0	
G	1653a2c	54.99	0	0	
G	16552b0	54.99	0	1	
G	1655390	54.99	1	1	
G	16554a4	54.99	0	0	
G	1655b18	54.99	0	0	
G	16564dc	54.99	0	0	
G	16565d0	54.99	0	0	
G	165843c	54.99	0	0	
G	1658c94	54.99	0	0	
G	1658d88	54.99	0	0	
G	165a578	54.99	0	0	
G	165a658	54.99	0	0	
G	165a76c	54.99	0	0	
G	165b830	54.99	0	0	
G	165c1ac	54.99	0	0	
G	165ce2c	54.99	0	0	
G	165cf0c	54.99	0	0	
G	165d020	54.99	0	0	
G	165e760	54.99	0	0	
G	165e840	54.99	0	0	
G	165e954	54.99	0	0	
G	16602f0	54.99	0	0	
G	16603d0	54.99	0	0	
G	16604e4	54.99	0	0	
G	16612dc	54.99	0	0	
G	1661308	54.99	0	0	
G	1661af0	54.99	0	0	
G	1661b1c	54.99	0	0	
G	16628e8	54.99	0	0	
G	16629c8	54.99	0	0	
G	1662adc	54.99	0	0	
G	1663ad4	54.99	0	0	
G	1664348	54.99	0	0	
G	166443c	54.99	0	0	
G	1664b18	54.99	0	0	
G	1665370	54.99	0	0	
G	1665464	54.99	0	0	
G	1666a5c	54.99	0	0	
G	1666b3c	54.99	0	0	
G	1666c50	54.99	0	0	
G	1667de8	54.99	1	1	
G	166865c	54.99	0	1	
G	1668750	54.99	0	0	
G	1669f8c	54.99	0	0	
G	166a06c	54.99	0	0	
G	166a180	54.99	0	0	
G	166b7e4	54.99	0	0	
G	166c058	54.99	0	0	
G	166c14c	54.99	0	0	
G	166dd14	54.99	0	0	
G	166ddf4	54.99	0	0	
G	166df08	54.99	0	0	
G	166ef08	54.99	0	0	
G	166f77c	54.99	0	0	
G	166f870	54.99	0	0	
G	16714bc	54.99	0	0	
G	167159c	54.99	0	0	
G	16716b0	54.99	0	0	
G	1672658	54.99	0	0	
G	1672738	54.99	0	0	
G	167284c	54.99	0	0	
G	1673578	54.99	1	1	
G	1673dec	54.99	0	1	
G	1673ee0	54.99	0	0	
G	1674f54	54.99	0	0	
G	16757c8	54.99	0	0	
G	16758bc	54.99	0	0	
G	1676278	54.99	0	0	
G	1676ad0	54.99	0	0	
G	1676bc4	54.99	0	0	
G	16776fc	54.99	0	0	
G	16780c0	54.99	0	0	
G	16781b4	54.99	0	0	
G	167914c	54.99	0	0	
G	167922c	54.99	0	0	
G	1679340	54.99	0	0	
G	167ab78	54.99	0	0	
G	167ac58	54.99	0	0	
G	167ad6c	54.99	0	0	
G	167beb4	54.99	0	0	
G	167c728	54.99	0	0	
G	167c81c	54.99	0	0	
G	167d7dc	54.99	0	0	
G	167e164	54.99	0	0	
G	167e258	54.99	0	0	
G	167f49c	54.99	0	1	
G	167f57c	54.99	1	1	
G	167f690	54.99	0	0	
G	1680478	54.99	0	0	
G	1680558	54.99	0	0	
G	168066c	54.99	0	0	
G	1680d48	54.99	0	0	
G	16815bc	54.99	0	0	
G	16816b0	54.99	0	0	
G	16833f4	54.99	0	0	
G	16834d4	54.99	0	0	
G	16835e8	54.99	0	0	
G	1684588	54.99	0	0	
G	1684668	54.99	0	0	
G	168477c	54.99	0	0	
G	1684fa4	54.99	0	0	
G	1685818	54.99	0	0	
G	168590c	54.99	0	0	
G	168844c	54.99	0	1	
G	168852c	54.99	1	1	
G	1688640	54.99	0	0	
G	1688cb4	54.99	0	0	
G	1689528	54.99	0	0	
G	168961c	54.99	0	0	
G	1689fd4	54.99	0	0	
G	168a848	54.99	0	0	
G	168a93c	54.99	0	0	
G	168c5f0	54.99	0	0	
G	168c6d0	54.99	0	0	
G	168c7e4	54.99	0	0	
G	168d910	54.99	0	0	
G	168d9f0	54.99	0	0	
G	168db04	54.99	0	0	
G	168ecec	54.99	0	0	
G	168f544	54.99	0	0	
G	168f638	54.99	0	0	
G	1690c8c	54.99	0	0	
G	1690d6c	54.99	0	0	
G	1690e80	54.99	0	0	
G	16926e0	54.99	0	1	
G	16927c0	54.99	1	1	
G	16928d4	54.99	0	0	
G	1692f4c	54.99	0	0	
G	16937c0	54.99	0	0	
G	16938b4	54.99	0	0	
G	1694704	54.99	0	0	
G	16947e4	54.99	0	0	
G	16948f8	54.99	0	0	
G	1696890	54.99	0	0	
G	1696970	54.99	0	0	
G	1696a84	54.99	0	0	
G	16987a0	54.99	0	0	
G	1698ff8	54.99	0	0	
G	16990ec	54.99	0	0	
G	169a840	54.99	0	0	
G	169a920	54.99	0	0	
G	169aa34	54.99	0	0	
G	169b8c0	54.99	0	0	
G	169c23c	54.99	0	0	
G	169c330	54.99	0	0	
G	169d79c	54.99	0	1	
G	169d87c	54.99	1	1	
G	169d990	54.99	0	0	
G	169e9d4	54.99	0	0	
G	169f350	54.99	0	0	
G	169f444	54.99	0	0	
G	16a08f4	54.99	0	0	
G	1ab7564	54.99	0	0	
G	1ab7598	54.99	0	0	
G	11498dc	55.00	0	0	
G	15afdfc	55.00	0	0	
G	16a09d4	55.00	0	0	
G	16a0ae8	55.00	0	0	
G	16a246c	55.00	0	0	
G	16a254c	55.00	0	0	
G	16a2660	55.00	0	0	
G	16a357c	55.00	0	0	
G	16a3dd4	55.00	0	0	
G	16a3ec8	55.00	0	0	
G	16a55e8	55.00	0	0	
G	16a56c8	55.00	0	0	
G	16a57dc	55.00	0	0	
G	16a67bc	55.00	0	0	
G	16a70c0	55.00	0	0	
G	16a71b4	55.00	0	0	
G	16a7d5c	55.00	0	0	
G	16a85d0	55.00	0	0	
G	16a86c4	55.00	0	0	
G	16a97f0	55.00	0	0	
G	16a98d0	55.00	0	0	
G	16a99e4	55.00	0	0	
G	16aac18	55.00	0	0	
G	16aacf8	55.00	0	0	
G	16aae0c	55.00	0	0	
G	16abb18	55.00	0	0	
G	16ac38c	55.00	0	0	
G	16ac480	55.00	0	0	
G	16acfd0	55.00	0	0	
G	16ad844	55.00	0	0	
G	16ad938	55.00	0	0	
G	16af008	55.00	0	0	
G	16af0e8	55.00	0	0	
G	16af1fc	55.00	0	0	
G	16b0840	55.00	0	0	
G	16b0920	55.00	0	0	
G	16b0a34	55.00	0	0	
G	16b23b8	55.00	0	0	
G	16b2498	55.00	0	0	
G	16b25ac	55.00	0	0	
G	16b390c	55.00	0	0	
G	16b3938	55.00	0	0	
G	17baaa4	55.00	0	1	
G	17bab98	55.00	0	1	
G	1e73de0	55.00	0	0	
G	1e8011c	55.00	0	0	
G	1e801b4	55.00	0	0	
G	11494a8	55.03	0	0	
G	1149680	55.03	0	0	
G	1149840	55.03	0	0	
G	1149858	55.03	0	0	
G	20a485c	55.03	0	0	
G	20a4880	55.03	0	0	
G	216d700	55.03	0	0	
G	216d734	55.03	0	0	
G	114969c	55.04	1	32	
G	20a7248	55.10	0	0	
G	1f82fd4	55.11	1	1	
G	2177fd4	55.48	1	2	
G	2178218	55.48	1	1	
G	20a484c	55.49	0	0	
G	20a74a4	55.49	0	0	
G	216d6e8	55.49	0	0	
G	114986c	55.85	0	0	
G	1ce25e0	71.31	0	0	
G	17086ec	71.50	0	0	
G	17ceeec	71.50	0	0	
G	1cdc528	71.50	0	0	
G	1d9323c	71.50	0	0	
G	1d94b58	71.50	0	0	
G	1de4e08	71.50	0	1	
G	17dc1f8	71.52	13	13	
G	17dc210	71.52	19	19	
G	17dc38c	71.52	22	22	
G	1965c6c	71.52	73	136	
G	1cdf72c	71.58	0	0	
G	17bf7f0	71.67	0	0	
G	17bf8b0	71.67	0	0	
G	17cefbc	71.67	0	0	
G	17cf02c	71.67	0	0	
G	1cdc414	71.67	0	0	
G	1cdc4d8	71.67	0	0	
G	17cf998	71.68	1	1	
G	12cadcc	71.70	0	0	
G	15bbb0c	71.70	0	0	
G	15bbb10	71.70	0	0	
G	15dbcc4	71.70	0	0	
G	15dbcc8	71.70	0	0	
G	15f7494	71.70	0	0	
G	15f7498	71.70	0	0	
G	1704798	71.70	0	0	
G	1713598	71.70	1	6	
G	1713708	71.70	1	5	
G	1713970	71.70	0	0	
G	171cdf0	71.70	0	1	
G	1720184	71.70	0	0	
G	1720d2c	71.70	1	1	
G	173d608	71.70	3	67	
G	1743ac8	71.70	0	0	
G	17440dc	71.70	0	6	
G	1744170	71.70	0	0	
G	1744194	71.70	0	0	
G	17441b8	71.70	0	0	
G	17441dc	71.70	0	0	
G	17441f4	71.70	0	1	
G	1744288	71.70	0	0	
G	1799a04	71.70	0	0	
G	1799b24	71.70	0	0	
G	17cf170	71.70	1	59	
G	1397634	71.71	0	5	
G	13977d8	71.71	0	4	
G	13978e0	71.71	0	0	
G	13978fc	71.71	0	0	
G	1397904	71.71	0	0	
G	1638e50	71.71	0	0	
G	1638e54	71.71	0	0	
G	17246b0	71.71	2	26	
G	1725934	71.71	1	1	
G	17291c8	71.71	2	18	
G	173a18c	71.71	1	26	
G	173b0d4	71.71	0	0	
G	11883e4	71.72	0	0	
G	130e758	71.72	2	3	
G	130edf0	71.72	2	2	
G	139b040	71.72	3	9	
G	139b68c	71.72	3	3	
G	139c4ac	71.72	2	2	
G	139d26c	71.72	0	0	
G	139db48	71.72	12	13	
G	1724ca0	71.72	1	4	
G	1727df0	71.72	0	0	
G	1727f3c	71.72	0	0	
G	179a658	71.72	1	18	
G	12a5494	71.73	6	6	
G	12a61b0	71.73	0	7	
G	12b1a2c	71.73	0	0	
G	12b4964	71.73	1	1	
G	139f84c	71.73	0	1	
G	1496098	71.73	0	0	
G	14960b4	71.73	0	0	
G	17d0160	71.73	0	0	
G	17d017c	71.73	0	0	
G	17d0184	71.73	0	3	
G	17d037c	71.73	1	1	
G	17d04c0	71.73	0	0	
G	1527518	71.76	0	0	
G	1527624	71.76	0	0	
G	1527874	71.76	0	0	
G	1527f68	71.76	0	0	
G	1528574	71.76	0	0	
G	1528768	71.76	0	0	
G	1528c20	71.76	0	0	
G	1528c2c	71.76	0	0	
G	1528d0c	71.76	0	0	
G	1529300	71.76	0	0	
G	1529abc	71.76	0	0	
G	1529ac8	71.76	1	1	
G	1529d04	71.76	1	1	
G	1529e8c	71.76	0	0	
G	152a128	71.76	0	0	
G	152a2ec	71.76	0	0	
G	1594158	71.76	0	1	
G	15941d0	71.76	1	1	
G	159424c	71.76	0	0	
G	17d0500	71.76	0	0	
G	17cf004	71.78	0	0	
G	17cf030	71.78	0	0	
G	17cfefc	71.78	0	0	
G	17cff98	71.78	0	0	
G	21e3b74	71.78	1	1	
G	149837c	71.80	0	0	
G	1498398	71.80	0	0	
G	17cffa4	71.80	1	2	
G	1df891c	71.80	0	1	
G	1e0b9ac	71.80	1	1	
G	1e0b9c0	71.80	0	0	
G	1e0b9c8	71.80	0	0	
G	1e0ba4c	71.80	0	0	
G	1e0ba68	71.80	0	0	
G	17bc9e8	71.83	0	0	
G	1e0ba70	71.83	0	0	
G	17c2c54	71.85	0	0	
G	17c2cbc	71.85	0	0	
G	17cff68	71.85	0	0	
G	17cff9c	71.85	0	0	
G	1df890c	71.85	0	0	
G	17c2cc4	71.86	9	22	
G	19719c0	71.86	0	0	
G	1971b2c	71.86	0	1	
G	197223c	71.86	0	0	
G	19edd60	71.86	0	0	
G	1e72fd0	71.86	0	0	
G	181f778	71.87	0	0	
G	18836a0	71.87	1	3	
G	1895508	71.87	0	0	
G	18958cc	71.87	0	0	
G	18974a8	71.87	0	0	
G	170493c	71.88	0	0	
G	181f974	71.88	4	4	
G	1884c2c	71.88	13	17	
G	1971b8c	71.88	0	0	
G	1971d7c	71.88	45	57	
G	1e975b0	71.95	0	0	
G	16058c4	72.05	1	1	
G	16058c8	72.05	0	0	
G	1624fd4	72.05	0	0	
G	16df77c	72.05	0	2	
G	16dfa7c	72.05	0	2	
G	1736258	72.05	0	0	
G	175ea68	72.05	0	3	
G	175eae8	72.05	0	0	
G	1895974	72.05	0	0	
G	1971d30	72.05	0	0	
G	1dc319c	72.05	0	0	
G	1dd7420	72.05	0	0	
G	1dee904	72.05	1	1	
G	1140f0c	72.06	1	2	
G	114127c	72.06	0	58	
G	1141388	72.06	1	464	
G	175ec28	72.06	2	2	
G	175ee70	72.06	0	0	
G	1883bb8	72.06	0	0	
G	1883c1c	72.06	1	2	
G	188c078	72.06	0	0	
G	188c094	72.06	0	0	
G	188c444	72.06	0	0	
G	188c5c8	72.06	0	0	
G	188c5e4	72.06	0	0	
G	188c940	72.06	0	0	
G	188c95c	72.06	0	0	
G	188ccc0	72.06	0	0	
G	188ccdc	72.06	0	0	
G	1894dd4	72.06	0	0	
G	1894df0	72.06	0	0	
G	1894eec	72.06	0	0	
G	1894f08	72.06	0	0	
G	1894f70	72.06	0	0	
G	1894f8c	72.06	0	0	
G	18950a4	72.06	0	0	
G	18950c0	72.06	0	0	
G	1a64f58	72.06	0	0	
G	1df025c	72.06	0	0	
G	1df0558	72.06	0	0	
G	1e517a4	72.06	0	1	
G	1e77ac4	72.06	0	0	
G	1e87f14	72.06	0	0	
G	1e97f24	72.06	4	4	
G	1e97fa0	72.06	0	0	
G	1eb7898	72.06	1	7	
G	1eb86f0	72.06	27	136	
G	1eb8880	72.06	74	76	
G	1ebaae8	72.06	1	1	
G	1ebb46c	72.06	0	0	
G	1ebb5b4	72.06	0	0	
G	1ebb684	72.06	1	1	
G	1f11998	72.09	2	104	
G	1f23a0c	72.09	0	1	
G	1e875b8	72.11	3	8	
G	1e87508	72.12	2	2	
G	132f980	72.14	0	0	
G	132fc9c	72.14	0	3	
G	139762c	72.14	0	0	
G	19ede00	72.14	2	2	
G	19eefa0	72.14	0	0	
G	19eefbc	72.14	0	0	
G	19ef0e8	72.14	0	0	
G	19ef104	72.14	0	0	
G	19ef2cc	72.14	0	0	
G	19ef2e8	72.14	0	0	
G	19ef44c	72.14	0	0	
G	19ef468	72.14	0	0	
G	19ef594	72.14	0	0	
G	19ef5b0	72.14	0	0	
G	19ef778	72.14	0	0	
G	19ef794	72.14	0	0	
G	19ef8c4	72.14	0	0	
G	19ef8e0	72.14	0	0	
G	19efab4	72.14	0	0	
G	19efad0	72.14	0	0	
G	19efbfc	72.14	0	0	
G	19efc18	72.14	0	0	
G	19efde0	72.14	0	0	
G	19efdfc	72.14	0	0	
G	19eff28	72.14	0	0	
G	19eff44	72.14	0	0	
G	19f010c	72.14	0	0	
G	19f0128	72.14	0	0	
G	19f0258	72.14	0	0	
G	19f0274	72.14	0	0	
G	133c34c	72.15	1	1	
G	1344840	72.15	0	0	
G	15afe6c	72.15	1	5	
G	15b02ec	72.15	4	5	
G	16b4180	72.15	0	0	
G	16b4250	72.15	1	1	
G	1e73058	72.15	0	0	
G	1700014	72.16	0	0	
G	15b0f38	72.17	2	5	
G	15b0a84	72.21	0	0	
G	1333594	72.22	0	0	
G	1330068	72.25	7	93	
G	1333804	72.26	0	0	
G	1352ddc	72.26	1	1	
G	135311c	72.26	1	1	
G	133391c	72.27	10	11	
G	133ac78	72.27	1	1	
G	133ad48	72.27	0	0	
G	13539d0	72.27	0	0	
G	1353a28	72.27	0	0	
G	1352dd4	72.28	0	0	
G	1353114	72.28	0	0	
G	13532a0	72.28	0	0	
G	13533c0	72.28	0	0	
G	1807670	72.28	0	0	
G	20ecc6c	72.30	1	1	
G	20ed810	72.30	0	0	
G	20ed984	72.30	1	2	
G	20edccc	72.30	1	4	
G	20f06e4	72.30	0	0	
G	20f1404	72.30	0	0	
G	20f7f1c	72.30	0	0	
G	20f7fc4	72.30	0	0	
G	20f87d0	72.30	1	1	
G	20f8970	72.30	0	0	
G	20f8adc	72.30	1	1	
G	21d7710	72.30	0	0	
G	21d7924	72.30	0	0	
G	21d8684	72.30	0	0	
G	20ed3fc	72.31	1	24	
G	20edf64	72.31	1	150	
G	20f7f64	72.31	0	0	
G	21d241c	72.31	0	0	
G	20ef3d8	72.33	0	1	
G	20ef6d0	72.33	0	1	
G	20f2d50	72.33	0	0	
G	20f3a4c	72.33	0	0	
G	20f41c0	72.33	0	0	
G	20f5580	72.33	0	0	
G	20f5d5c	72.33	0	0	
G	20f717c	72.33	0	0	
G	21d1840	72.33	0	0	
G	21d22c4	72.33	1	2	
G	21d29b0	72.33	0	0	
G	21de1b4	72.33	0	0	
G	21dfb54	72.33	0	0	
G	2354588	72.33	1	2	
G	2354758	72.33	1	2	
G	235538c	72.33	2	119	
G	2355818	72.33	3	122	
G	2358850	72.33	0	0	
G	235886c	72.33	0	0	
G	20edb18	72.34	0	0	
G	20ef328	72.34	0	0	
G	2358494	72.34	0	0	
G	1e6becc	72.35	0	0	
G	2354940	72.35	1	1	
G	2358404	72.35	1	1	
G	2181c00	72.37	0	0	
G	2181c28	72.37	0	0	
G	21822d0	72.37	1	1	
G	2182c20	72.37	0	5	
G	2185140	72.37	0	1	
G	2356a68	72.37	3	267	
G	23582f4	72.37	1	1	
G	2358380	72.37	0	0	
G	23583c8	72.37	0	268	
G	2181c40	72.38	0	0	
G	21730ac	72.42	0	0	
G	21730bc	72.42	0	0	
G	217db68	72.49	0	1	
G	20ef908	72.50	1	2	
G	20efbd8	72.50	1	1	
G	23546ac	72.50	0	4	
G	235490c	72.50	0	4	
G	21ae30c	72.51	0	0	
G	21d0594	72.51	0	0	
G	21d18d8	72.51	0	0	
G	1e86e18	72.59	0	0	
G	1e87b14	72.59	0	0	
G	1e9fe84	72.59	0	0	
G	1eb18c8	72.59	1	1	
G	1eb38dc	72.59	2	7	
G	1eb43e4	72.59	2	2	
G	1eb4718	72.59	0	0	
G	1ebd428	72.59	0	0	
G	1ebdb98	72.59	0	0	
G	1ebee10	72.59	0	0	
G	1ebee2c	72.59	0	0	
G	1ebeed0	72.59	0	0	
G	1ebeeec	72.59	0	0	
G	1ebef88	72.59	0	0	
G	1ebefa4	72.59	0	0	
G	1ebf0e0	72.59	1	1	
G	1ec0540	72.59	0	0	
G	1ec069c	72.59	0	0	
G	1ec06b8	72.59	0	0	
G	1ef38b0	72.59	1	1	
G	133c8a0	72.60	11	20	
G	1354350	72.60	0	0	
G	1354358	72.60	0	0	
G	1eaa6a8	72.60	2	3	
G	1eaab80	72.60	3	7	
G	1ec0940	72.60	0	0	
G	1ec9f1c	72.60	2	2	
G	1eca1bc	72.60	0	0	
G	1354410	72.61	0	0	
G	1354418	72.61	0	1	
G	13544f4	72.61	0	0	
G	1eb0bb8	72.61	0	0	
G	1eb0c10	72.61	0	0	
G	1eb48c8	72.61	1	1	
G	1eb5764	72.61	0	0	
G	1ebfca8	72.61	0	0	
G	11cfbb8	72.62	1	1	
G	11cfd24	72.62	0	0	
G	132ee88	72.62	0	3	
G	13520d0	72.62	1	7	
G	13521cc	72.62	0	0	
G	13521d4	72.62	1	5	
G	13541dc	72.62	0	0	
G	13542b8	72.62	0	0	
G	13544ec	72.62	0	0	
G	13546f0	72.62	0	0	
G	135470c	72.62	0	0	
G	1354804	72.62	0	0	
G	1354820	72.62	0	0	
G	1354a70	72.62	0	0	
G	1354a8c	72.62	0	0	
G	1354d38	72.62	0	0	
G	1354d54	72.62	0	0	
G	1354f84	72.62	0	0	
G	1354fa0	72.62	0	0	
G	13550c0	72.62	0	0	
G	13550dc	72.62	0	0	
G	1355188	72.62	0	0	
G	13551a4	72.62	0	0	
G	1355868	72.62	0	0	
G	1355884	72.62	0	0	
G	1355bb4	72.62	0	0	
G	1355bd0	72.62	0	0	
G	1355d24	72.62	0	0	
G	1355d40	72.62	0	0	
G	1dec9e0	72.62	0	0	
G	1eaaee8	72.62	0	0	
G	1ec3cc4	72.62	0	6	
G	1ec4714	72.62	0	0	
G	1ec471c	72.62	1	1	
G	13520c8	72.63	1	1	
G	1352808	72.63	0	0	
G	1352a38	72.63	0	0	
G	1352c30	72.63	0	0	
G	1354030	72.63	0	0	
G	135603c	72.63	0	0	
G	1356044	72.63	0	0	
G	1eaae7c	72.63	0	0	
G	1ec3b5c	72.63	0	1	
G	1ec452c	72.63	0	0	
G	1ec4534	72.63	1	1	
G	18090d4	72.67	6	12	
G	1344bdc	72.69	3	36	
G	1344e9c	72.69	0	0	
G	1344f04	72.69	1	1	
G	13457a4	72.69	0	0	
G	13459dc	72.69	0	0	
G	13560dc	72.69	0	0	
G	1356490	72.69	0	0	
G	1356498	72.69	0	0	
G	1357b6c	72.69	4	5	
G	1358834	72.69	0	0	
G	135893c	72.69	0	0	
G	1358958	72.69	0	0	
G	13605f4	72.69	1	1	
G	1360bd4	72.69	0	0	
G	1360bf0	72.69	0	0	
G	1368190	72.69	1	1	
G	1368198	72.69	51	55	
G	1eb9ca4	72.69	0	0	
G	1eb9d2c	72.69	0	0	
G	1eb9d38	72.69	0	0	
G	1eb9d40	72.69	0	0	
G	1ec2bf4	72.69	0	0	
G	1ec30b4	72.69	0	0	
G	1ec313c	72.69	0	0	
G	1ec3170	72.69	0	0	
G	1ec3e1c	72.69	0	0	
G	1358960	72.70	0	0	
G	135b628	72.70	0	3	
G	135c65c	72.70	1	1	
G	135c93c	72.70	0	0	
G	1360bf8	72.70	0	0	
G	1367018	72.70	2	10	
G	1367e58	72.70	0	0	
G	1368070	72.70	0	0	
G	1ec31f8	72.70	2	3	
G	1ec443c	72.70	0	1	
G	1356fe8	72.71	0	0	
G	13570b8	72.71	1	1	
G	135b768	72.71	3	18	
G	135c654	72.71	0	0	
G	135ca0c	72.71	0	0	
G	135cd68	72.71	0	6	
G	136091c	72.71	0	1	
G	1360c6c	72.71	0	0	
G	1360c88	72.71	0	0	
G	13653cc	72.71	0	0	
G	1365528	72.71	1	2	
G	1365d04	72.71	2	16	
G	1805080	72.71	0	0	
G	1805ca4	72.71	0	0	
G	1ec4434	72.71	0	0	
G	135bd2c	72.72	4	4	
G	222d808	76.03	1	2	
G	13420dc	76.73	0	0	
G	1342704	76.73	0	0	
G	13428c4	76.73	0	0	
G	135b734	76.73	1	1	
G	13605a8	76.73	0	0	
G	1360b34	76.73	0	0	
G	1360c90	76.73	0	0	
G	1f6c048	76.88	0	0	
G	135b414	79.11	1	1	
G	1368094	79.11	0	0	
G	135bcb0	81.89	0	0	
G	1365b84	81.89	0	0	
G	1365cac	81.89	0	0	
G	1365fd0	81.89	0	1	
G	18069f8	81.89	0	0	
G	1358594	81.97	0	0	
G	1358a04	81.97	0	0	
G	1358a20	81.97	0	0	
G	1e87308	81.99	3	4	
G	1356544	82.01	0	0	
G	135654c	82.01	0	0	
G	1358804	82.01	0	1	
G	1358858	82.01	1	1	
G	1358a28	82.01	0	0	
G	1366068	82.01	1	2	
G	1360f1c	85.70	1	1	
G	136219c	85.70	0	0	
G	13621b8	85.70	0	0	
G	1eb9854	85.70	1	1	
G	1ebb940	85.70	2	2	
G	13621c0	86.03	0	0	
G	1361e60	86.77	1	1	
G	1361ed4	86.77	1	1	
G	13599dc	86.78	0	2	
G	1359d34	86.78	0	1	
G	135aeec	86.78	1	1	
G	135b074	86.78	0	0	
G	135b090	86.78	1	1	
G	135b15c	86.78	0	0	
G	135b178	86.78	0	0	
G	135be54	86.78	2	4	
G	13614ac	86.78	3	5	
G	1dee2e0	86.78	0	7	
G	1e0a29c	86.78	0	4	
G	1ea1d48	86.78	0	2	
G	1eadf8c	86.78	0	0	
G	1ebeef4	86.78	0	0	
G	1ebefac	86.78	1	1	
G	1354fa8	87.43	0	2	
G	13550e4	88.44	0	0	
G	135c42c	88.54	0	0	
G	1360ecc	88.54	1	2	
G	1365c2c	88.54	0	0	
G	136649c	88.54	0	0	
G	1361d00	88.66	0	1	
G	13605d0	88.78	0	0	
G	1eb9c6c	89.45	0	0	
G	1ec2d34	89.45	0	0	
G	132f978	91.10	0	0	
G	13515f0	93.44	1	15	
G	1357a50	93.45	0	0	
G	1357a6c	93.45	0	0	
G	1357a74	93.61	0	1	
G	1354714	96.09	0	0	
G	13551ac	96.49	1	1	
G	1355654	96.50	0	0	
G	1355670	96.50	0	0	
G	1355678	96.65	0	0	
G	1358850	96.90	0	0	
G	135a968	96.90	0	0	
G	1361368	97.64	1	1	
G	1362234	97.64	0	0	
G	1362250	97.64	0	0	
G	1360cd8	97.89	0	0	
G	1362078	97.89	0	0	
G	1362140	97.89	0	0	
G	1362258	97.89	0	0	
G	1345354	101.72	0	0	
G	136658c	101.72	3	5	
G	1367ccc	101.72	0	0	
G	1367ce8	101.72	0	0	
G	11411f0	101.74	0	0	
G	1ebabdc	101.74	0	0	
G	1367cf0	101.75	0	0	
G	1366ec8	103.05	0	0	
G	1367d94	103.05	0	0	
G	1367db0	103.05	0	0	
G	1367c80	103.08	0	0	
G	1367db8	103.08	0	0	
G	135cdb0	108.26	0	0	
G	135a95c	122.69	0	0	
G	1495b88	122.69	0	0	
G	1495ba4	122.69	0	0	
G	1971fec	122.71	0	3	
G	19eef34	122.71	0	3	
G	1dc2214	122.71	2	6	
G	1883924	123.05	0	0	
G	18974d8	123.05	0	0	
G	1d94adc	123.07	0	0	
G	1e6c124	123.12	0	0	
G	1e977d8	123.12	0	0	
G	18974fc	123.14	0	0	
G	133b194	123.17	2	15	
G	13424cc	123.17	0	14	
G	135a880	123.17	0	0	
G	135a944	123.17	0	0	
G	135ce3c	123.17	1	1	
G	1971a14	123.17	0	14	
G	1971adc	123.17	0	14	
G	1e6c23c	123.17	0	0	
G	1eb0b7c	123.17	0	0	
G	1eb1a10	123.17	0	0	
G	1ebda34	123.17	0	0	
G	1ebf8bc	123.17	1	1	
G	1ebf980	123.17	0	1	
G	1ed0c5c	123.17	0	0	
G	1ed1f60	123.17	0	0	
G	1352020	123.18	0	0	
G	15b0ae4	123.18	0	16	
G	15ba40c	123.18	1	1	
G	15baa5c	123.18	0	0	
G	15bd930	123.18	0	2	
G	15bdf80	123.18	0	0	
G	15beacc	123.18	1	1	
G	15bf11c	123.18	0	0	
G	15bfdf8	123.18	0	0	
G	15c0448	123.18	0	0	
G	15f8428	123.18	1	1	
G	15f8a78	123.18	0	0	
G	15fca14	123.18	0	1	
G	15fd280	123.18	0	0	
G	1648678	123.18	0	0	
G	1648cc8	123.18	0	0	
G	16ed250	123.18	0	0	
G	16f1ef0	123.18	5	14	
G	1700194	123.18	1	2	
G	19edda0	123.18	0	0	
G	1351b5c	123.19	0	1	
G	1352000	123.19	0	1	
G	17c2c94	123.22	0	0	
G	17c2cc0	123.22	1	1	
G	18837a4	123.22	0	0	
G	1886268	123.22	0	0	
G	1895730	123.22	0	0	
G	1e8720c	123.22	1	1	
G	1e872ec	123.22	0	2	
G	149825c	123.24	0	0	
G	1498278	123.24	0	0	
G	174029c	123.24	0	0	
G	1d966f0	123.24	0	0	
G	1d9d0a0	123.24	0	0	
G	1d9d0bc	123.24	0	0	
G	1d9d0c4	123.24	0	0	
G	1d9d1dc	123.24	0	0	
G	1d9d30c	123.24	0	0	
G	1d9d34c	123.27	0	0	
G	133b0c0	123.72	0	0	
G	1353b38	123.72	0	0	
G	1353cb0	123.72	0	0	
G	1353dc0	123.72	0	0	
G	1ec9a70	123.87	1	1	
G	135b970	129.34	0	1	
G	1356218	135.50	1	1	
G	135632c	135.50	0	0	
G	134512c	147.90	1	1	
G	135d0f4	147.90	0	2	
G	135e7b8	147.90	0	0	
G	135f548	147.90	0	0	
G	135f564	147.90	0	0	
G	135e584	148.24	0	0	
G	135f56c	148.24	0	0	
G	135ceb8	148.57	0	0	
G	135de00	148.57	0	0	
G	135df8c	148.57	2	35	
G	135e764	148.57	0	0	
G	135f770	148.57	0	0	
G	135f78c	148.57	0	0	
G	135ff00	148.57	0	0	
G	135ff08	148.57	4	7	
G	135f794	150.90	0	0	
G	135f910	150.90	0	0	
G	135f92c	150.90	0	0	
G	135f934	151.72	0	0	
G	135fa44	151.72	0	0	
G	135fa60	151.73	0	0	
G	135fa68	152.55	0	0	
G	135fc20	152.55	0	0	
G	135fc3c	152.55	0	0	
G	135fca4	152.55	0	0	
G	135fcc0	152.55	0	0	
G	135fcc8	152.87	1	1	
G	135fc44	153.37	0	0	
G	1361898	153.79	2	5	
G	1ea1c78	153.79	0	0	
G	135e678	155.21	0	0	
G	135d0cc	155.61	0	0	
G	135fda4	175.30	0	0	
G	135fdc0	175.30	0	0	
G	135fdc8	175.62	0	0	
G	135dcb0	187.75	1	1	
G	135f6ac	187.75	0	0	
G	135f6c8	187.75	0	0	
G	135cfa0	188.08	0	0	
G	135ecf4	188.08	0	0	
G	135edd0	188.08	0	0	
G	135f6d0	188.08	0	0	
G	1eb57a4	247.06	0	0	
G	1eb5728	247.38	0	0	
G	1ed0e84	250.40	0	0	
G	1ed0ea0	250.40	0	0	
G	1e995d4	274.93	1	1	
G	1ecfa0c	291.83	0	0	
G	1603fb4	291.93	0	0	
G	1603fb8	291.93	0	0	
G	1606f50	291.93	0	0	
G	1606f54	291.93	0	0	
G	17133e0	291.93	1	1	
G	17264f8	291.93	1	6	
G	15fe690	291.94	0	0	
G	15fe694	291.94	0	0	
G	1725e6c	291.94	0	3	
G	17290c4	291.94	1	3	
G	17bd614	291.97	0	0	
G	17bd6e4	291.97	0	0	
G	1cb49f8	291.97	0	0	
G	12c6e98	291.98	0	0	
G	12c70fc	291.98	0	2	
G	17bdd0c	291.98	2	2	
G	1e480f4	291.99	0	0	
G	11acc00	292.00	1	56	
G	12c9a4c	292.00	0	0	
G	12c9d68	292.00	0	0	
G	1495dc8	292.00	0	0	
G	1495de4	292.00	0	0	
G	1dac444	292.00	1	1	
G	1de04d8	292.00	0	0	
G	1c28124	292.02	0	0	
G	1c282c0	292.02	0	3	
G	1c2ac70	292.02	0	0	
G	1c2ae3c	292.02	1	5	
G	1c2af00	292.02	0	0	
G	16d74d0	292.03	1	35	
G	16db010	292.03	1	30	
G	12ad23c	292.04	13	36	
G	12b1838	292.04	0	0	
G	12b183c	292.04	0	0	
G	12b3738	292.04	2	2	
G	12b3bd8	292.04	0	0	
G	12b3f70	292.04	0	0	
G	15c5ff4	292.04	0	0	
G	15c5ff8	292.04	0	0	
G	16d73c0	292.04	0	0	
G	16db344	292.04	3	16	
G	16e1b38	292.04	1	1	
G	16e308c	292.04	0	0	
G	11a90fc	292.05	4	4	
G	1210f28	292.05	0	0	
G	1210ff8	292.05	0	0	
G	15ff66c	292.05	0	0	
G	15ff670	292.05	0	0	
G	1628f94	292.05	0	0	
G	1628f98	292.05	0	0	
G	16c96b8	292.05	0	0	
G	16c9bec	292.05	2	2	
G	16cea34	292.05	0	6	
G	16cedbc	292.05	0	0	
G	16d04a0	292.05	0	0	
G	16d1b00	292.05	0	0	
G	16d6c58	292.05	0	1	
G	16dc3dc	292.05	4	4	
G	16dd4b0	292.05	1	1	
G	16df56c	292.05	0	0	
G	16e2bfc	292.05	0	0	
G	16e2da8	292.05	0	0	
G	16e2db4	292.05	0	0	
G	16e2dd8	292.05	0	0	
G	16e2e90	292.05	0	0	
G	16e3a80	292.05	0	0	
G	16e4594	292.05	0	0	
G	130ea28	292.06	0	0	
G	130ec7c	292.06	0	0	
G	16d767c	292.06	3	3	
G	16dd0dc	292.06	0	0	
G	16dd844	292.06	0	0	
G	16dd9ac	292.06	0	0	
G	139fb18	292.07	0	0	
G	139fc68	292.07	0	0	
G	16da394	292.07	0	0	
G	160be08	292.08	0	0	
G	160be0c	292.08	0	0	
G	16ce28c	292.08	0	1	
G	16ceeec	292.08	1	1	
G	12cb7b0	292.11	2	4	
G	12cbf0c	292.11	0	0	
G	12dc6c8	292.11	1	1	
G	152dab8	292.11	1	1	
G	152dd98	292.11	0	1	
G	152bcd8	292.14	0	4	
G	1722f88	292.16	0	0	
G	1dac460	292.17	0	0	
G	15e046c	292.33	0	0	
G	15e0470	292.33	0	0	
G	1c2b130	292.33	0	1	
G	1c2b3c8	292.33	0	43	
G	1c2e8f0	292.33	0	0	
G	1c2e90c	292.33	0	0	
G	1c2eb70	292.33	1	1	
G	1c2fca4	292.33	0	0	
G	15d196c	292.36	0	0	
G	15d1970	292.36	0	0	
G	170f58c	292.36	1	1	
G	1c288a8	292.36	0	9	
G	1c290b8	292.36	1	7	
G	1c2af38	292.36	2	9	
G	1c2cf38	292.36	1	1	
G	1c2d138	292.36	1	1	
G	1c2ea4c	292.36	0	0	
G	1c2ea68	292.36	0	0	
G	1ded1d0	292.37	2	4	
G	11ab414	292.85	1	84	
G	11abb9c	292.85	0	0	
G	12ca1cc	292.85	1	2	
G	12e3934	292.85	0	0	
G	12e5e10	292.85	0	0	
G	12eed94	292.85	6	7	
G	1315a4c	292.85	1	1	
G	1c2ab70	292.85	0	0	
G	1c2ab8c	292.85	0	0	
G	1250d18	292.86	0	0	
G	1275f58	292.86	0	0	
G	12f8dd4	292.86	0	1	
G	12fa174	292.86	10	72	
G	1304b38	292.86	1	1	
G	15b99cc	292.86	0	0	
G	15b99d0	292.86	0	0	
G	15bf08c	292.86	0	0	
G	15bf20c	292.86	0	0	
G	16fc340	292.86	2	2	
G	1277c40	292.87	0	0	
G	1277c4c	292.87	0	0	
G	12ebdb0	292.87	3	4	
G	12fec24	292.87	1	15	
G	1308bc4	292.87	1	1	
G	15bf210	292.87	0	0	
G	18084e0	292.87	0	11	
G	114f5a0	292.88	1	1	
G	127aa94	292.88	0	0	
G	127aaa0	292.88	0	0	
G	1297368	292.88	0	0	
G	1297c68	292.88	2	2	
G	1299410	292.88	0	0	
G	129981c	292.88	1	2	
G	12ead1c	292.88	4	8	
G	12ff4e0	292.88	0	4	
G	15bd688	292.88	0	0	
G	15bdef0	292.88	0	0	
G	15c03b8	292.88	0	0	
G	15c0470	292.88	0	0	
G	15c0474	292.88	0	0	
G	15f8180	292.88	0	0	
G	1e58ac8	292.88	0	0	
G	1e58ad0	292.88	0	0	
G	1e90c8c	292.88	0	0	
G	1e90ca0	292.88	0	0	
G	1e90cd8	292.88	0	0	
G	114f420	292.89	0	0	
G	11600b8	292.89	0	0	
G	1319700	292.89	2	6	
G	131a0d0	292.89	1	1	
G	131a3ac	292.89	1	2	
G	131a5cc	292.89	0	1	
G	131a888	292.89	2	2	
G	131ae1c	292.89	1	1	
G	1308e5c	292.91	0	0	
G	11ac9f4	292.92	1	10	
G	12ec724	292.92	5	6	
G	15c7fac	292.92	0	0	
G	15c7fb0	292.92	0	0	
G	15c8f88	292.92	0	0	
G	15c8f8c	292.92	0	0	
G	15c9f64	292.92	0	0	
G	15c9f68	292.92	0	0	
G	18016bc	292.93	0	54	
G	115d4a4	292.99	0	0	
G	115d4b0	292.99	0	0	
G	1171218	292.99	0	0	
G	1171224	292.99	0	0	
G	1176f2c	292.99	1	1	
G	1176f38	292.99	0	0	
G	117adfc	292.99	0	0	
G	117ae08	292.99	0	0	
G	1181ee0	292.99	0	0	
G	1181eec	292.99	0	0	
G	11acba0	292.99	1	1	
G	11acd44	292.99	0	0	
G	11af408	292.99	0	0	
G	11af414	292.99	0	0	
G	11b4290	292.99	0	0	
G	11b429c	292.99	0	0	
G	1210f18	292.99	0	0	
G	1210f24	292.99	0	0	
G	1218304	292.99	0	0	
G	1218310	292.99	0	0	
G	1277b90	292.99	1	1	
G	1277be4	292.99	0	0	
G	127a9e4	292.99	0	1	
G	127aa38	292.99	0	0	
G	12d7214	292.99	0	0	
G	12d7220	292.99	0	0	
G	1315760	292.99	0	0	
G	131576c	292.99	0	0	
G	1324680	292.99	0	0	
G	132468c	292.99	0	0	
G	13263f0	292.99	0	0	
G	13263fc	292.99	0	0	
G	132a824	292.99	0	0	
G	132a830	292.99	0	0	
G	15bc1d4	292.99	0	0	
G	15bc1e0	292.99	0	0	
G	15f7b5c	292.99	0	0	
G	15f7b68	292.99	0	0	
G	16047f4	292.99	0	0	
G	1604800	292.99	0	0	
G	1606064	292.99	0	0	
G	1606070	292.99	0	0	
G	1607618	292.99	0	0	
G	1607624	292.99	0	0	
G	162965c	292.99	0	0	
G	1629668	292.99	0	0	
G	16da35c	292.99	0	0	
G	16da390	292.99	0	0	
G	16de0f4	292.99	0	0	
G	16de128	292.99	0	0	
G	16e16e0	292.99	0	0	
G	16e1714	292.99	0	0	
G	1769148	292.99	0	0	
G	176917c	292.99	0	0	
G	176a940	292.99	0	0	
G	176a974	292.99	0	0	
G	1784e98	292.99	0	0	
G	1784ecc	292.99	0	0	
G	1c2ab04	292.99	0	0	
G	1c2ab38	292.99	0	0	
G	119f668	293.00	1	1	
G	119fa68	293.00	1	15	
G	15c465c	293.00	0	0	
G	15c5018	293.00	0	0	
G	15c501c	293.00	0	0	
G	11b4730	293.01	1	9	
G	11b4974	293.01	2	2	
G	1198aac	293.02	0	0	
G	119c34c	293.02	1	1	
G	119ca0c	293.02	0	0	
G	11b5e78	293.02	5	5	
G	11b96a0	293.02	10	10	
G	12e5954	293.02	0	0	
G	11d4c34	293.03	0	4	
G	11d5984	293.03	0	0	
G	11d5aa4	293.03	1	1	
G	11d5c94	293.03	0	3	
G	11d5cd4	293.03	2	2	
G	1de03f0	293.03	0	0	
G	1e5edd8	293.03	0	0	
G	11ca4b0	293.04	0	8	
G	11d7084	293.04	2	2	
G	11d8c74	293.04	0	0	
G	11d9300	293.04	0	0	
G	11dc15c	293.04	0	0	
G	11dd2d8	293.04	0	0	
G	129a9d8	293.04	1	2	
G	129f804	293.04	1	1	
G	129f8dc	293.04	0	0	
G	129faf4	293.04	0	0	
G	129fe40	293.04	0	0	
G	12bce58	293.04	0	0	
G	12bce88	293.04	0	0	
G	167e25c	293.04	0	0	
G	167e260	293.04	0	0	
G	1838e30	293.04	0	0	
G	1de3f50	293.04	0	0	
G	11a7c38	293.05	0	0	
G	11d36b0	293.05	0	0	
G	11d36cc	293.05	0	0	
G	11d3760	293.05	0	0	
G	11d377c	293.05	0	0	
G	11d3810	293.05	1	1	
G	11d382c	293.05	0	0	
G	11d3978	293.05	0	0	
G	11d3994	293.05	0	0	
G	11d3a5c	293.05	0	0	
G	11d3a78	293.05	0	0	
G	11d3b10	293.05	0	0	
G	11d3b2c	293.05	0	0	
G	122d2c4	293.05	0	0	
G	122d858	293.05	0	0	
G	1230f3c	293.05	0	0	
G	129a350	293.05	0	0	
G	1d9330c	293.05	0	7	
G	1d93424	293.05	1	7	
G	1d94b5c	293.05	1	8	
G	1d94c98	293.05	0	0	
G	1d958f8	293.05	0	0	
G	1d97b48	293.05	0	0	
G	1d97dcc	293.05	0	0	
G	1d9d75c	293.05	0	0	
G	1d9d9a0	293.05	0	6	
G	1e5a08c	293.05	5	5	
G	1e70730	293.05	1	1	
G	1e8c000	293.05	0	0	
G	1e8c028	293.05	0	0	
G	1e8c1e4	293.05	0	0	
G	1f60700	293.05	1	3	
G	1f60890	293.05	1	1	
G	1e880dc	293.07	0	0	
G	1f6216c	293.07	186	187	
G	1d9dedc	293.08	8	8	
G	1f30968	293.10	0	0	
G	1e6f234	293.13	3	3	
G	1e6f69c	293.13	0	0	
G	1e87834	293.13	0	0	
G	1e87924	293.13	0	0	
G	11a93fc	293.15	0	0	
G	1f26360	293.15	0	0	
G	1f46ff0	293.15	0	0	
G	1f81a4c	293.15	2	4	
G	11a9464	293.16	0	0	
G	11a8ce8	293.18	1	2	
G	11a94a8	293.18	0	0	
G	11a94e4	293.18	0	0	
G	11a9520	293.18	0	0	
G	132c520	293.18	0	0	
G	1801f64	293.18	1	5	
G	1e526ec	293.18	0	0	
G	1e52c64	293.18	0	0	
G	1e569e8	293.18	0	0	
G	1e5d1a8	293.18	0	0	
G	1e5d240	293.18	0	1	
G	1e5fb10	293.18	2	2	
G	1e5fbdc	293.18	0	96	
G	1e600fc	293.18	2	105	
G	1e610cc	293.18	10	33	
G	1e6163c	293.18	8	8	
G	1e61678	293.18	17	19	
G	1e961b4	293.18	5	5	
G	1f0157c	293.18	1	4	
G	1f020cc	293.18	0	0	
G	1f02324	293.18	0	0	
G	20955e4	293.18	1	1	
G	2096420	293.18	0	0	
G	20d9b50	293.18	0	0	
G	2131afc	293.18	1	1	
G	2131d28	293.18	0	0	
G	2131d90	293.18	0	0	
G	21322d8	293.18	0	0	
G	21322e8	293.18	0	2	
G	2133004	293.18	0	0	
G	213551c	293.18	0	0	
G	21355b8	293.18	0	0	
G	21355c0	293.18	0	0	
G	2213878	293.18	0	4	
G	17d85c4	293.20	2	2	
G	17d85dc	293.20	2	2	
G	1e52a00	293.20	0	0	
G	1e52b78	293.20	0	0	
G	1e559a8	293.20	1	1	
G	1e55afc	293.20	0	3	
G	1e55bc4	293.20	1	29	
G	1e55dfc	293.20	0	0	
G	1e55e68	293.20	4	4	
G	1e55ea4	293.20	1	2	
G	1e55f48	293.20	0	0	
G	1e55f58	293.20	0	0	
G	1e58b18	293.20	0	0	
G	1e58b28	293.20	1	6	
G	1e58f94	293.20	6	6	
G	1e591e0	293.20	0	0	
G	1e594d4	293.20	0	0	
G	1e596cc	293.20	1	3	
G	1e59730	293.20	0	0	
G	1e59884	293.20	1	1	
G	1e59924	293.20	0	0	
G	1e5992c	293.20	0	0	
G	1e5d370	293.20	3	3	
G	1e5d7f0	293.20	2	2	
G	1e5f5c8	293.20	0	0	
G	1e6bd40	293.20	0	0	
G	1e6be90	293.20	0	0	
G	1e90d48	293.20	0	0	
G	1e90ebc	293.20	0	0	
G	1e90f08	293.20	4	5	
G	1e916a8	293.20	0	0	
G	1e91890	293.20	1	2	
G	1f1aaa4	293.20	5	15	
G	1f9f1fc	293.20	0	0	
G	1fa4144	293.20	0	0	
G	1fa5470	293.20	0	0	
G	215ea90	293.20	0	0	
G	215ea98	293.20	0	0	
G	218c898	293.20	1	1	
G	219bfcc	293.20	3	3	
G	219c618	293.20	0	7	
G	219f4b4	293.20	0	0	
G	21b1344	293.20	7	7	
G	2362ff8	293.20	0	8	
G	2599610	293.20	0	0	
G	1e6bda0	293.21	0	0	
G	1e6bdb8	293.21	0	0	
G	20b5b20	293.21	0	0	
G	213be78	293.21	1	1	
G	213bec8	293.21	1	2	
G	213c02c	293.21	0	0	
G	213c050	293.21	0	0	
G	213c27c	293.21	6	11	
G	21aeef0	293.21	43	54	
G	21b12d4	293.21	0	0	
G	21b13c4	293.21	0	0	
G	234d480	293.21	14	14	
G	20cfbd4	293.22	0	0	
G	20cff6c	293.22	0	0	
G	20d1058	293.22	2	2	
G	20d4378	293.22	0	0	
G	20e1220	293.22	0	0	
G	20e1904	293.22	0	0	
G	20e3f98	293.22	0	0	
G	20ea740	293.22	1	1	
G	20ea8fc	293.22	0	1	
G	2127c60	293.22	2	2	
G	2132e94	293.22	2	2	
G	2146a94	293.22	0	0	
G	2146c00	293.22	0	0	
G	21656bc	293.22	0	0	
G	21ab6dc	293.22	0	0	
G	21ca300	293.22	0	8	
G	2358dac	293.22	0	0	
G	1e6d1c4	293.23	0	0	
G	1e6d34c	293.23	0	0	
G	1f86a3c	293.23	1	1	
G	1fb3320	293.23	0	0	
G	1fbfd18	293.23	0	0	
G	1fe07fc	293.23	0	0	
G	1fe097c	293.23	1	1	
G	1fe0abc	293.23	0	0	
G	1fe136c	293.23	1	3	
G	2068ca4	293.23	0	0	
G	20697e4	293.23	1	1	
G	2069a30	293.23	0	0	
G	20c1034	293.23	52	87	
G	20c3c88	293.23	1	1	
G	20daf7c	293.23	0	0	
G	20db308	293.23	0	0	
G	20e18fc	293.23	0	0	
G	20ea70c	293.23	0	0	
G	20eaaf8	293.23	0	0	
G	2127e2c	293.23	1	3	
G	21280b0	293.23	2	2	
G	2128520	293.23	1	1	
G	212b7f8	293.23	1	1	
G	2133398	293.23	1	1	
G	21af074	293.23	0	0	
G	2333d18	293.23	0	0	
G	20269bc	293.24	0	0	
G	2026f74	293.24	0	0	
G	202a5ec	293.24	0	0	
G	202a624	293.24	0	0	
G	202b758	293.24	0	0	
G	202baa0	293.24	0	0	
G	202bad8	293.24	1	1	
G	202cbb0	293.24	0	0	
G	202cf10	293.24	0	0	
G	202cf48	293.24	0	0	
G	2033598	293.24	0	0	
G	20349a8	293.24	1	1	
G	20370c8	293.24	0	0	
G	20377e0	293.24	0	0	
G	2039848	293.24	0	0	
G	2039b58	293.24	0	0	
G	2039e94	293.24	0	0	
G	203e6e8	293.24	0	0	
G	203edd8	293.24	0	0	
G	20426c0	293.24	0	0	
G	2042a94	293.24	0	0	
G	2042e80	293.24	0	1	
G	2042fa8	293.24	1	1	
G	2044364	293.24	0	0	
G	2044a7c	293.24	0	0	
G	204589c	293.24	0	0	
G	20460c0	293.24	1	1	
G	2047084	293.24	0	0	
G	2047478	293.24	0	0	
G	20477fc	293.24	1	1	
G	2047924	293.24	0	0	
G	2048dac	293.24	0	0	
G	204a2c0	293.24	0	0	
G	20579e4	293.24	0	0	
G	2058778	293.24	0	1	
G	2129288	293.24	0	0	
G	2129dd4	293.24	0	0	
G	2129dfc	293.24	0	0	
G	213c90c	293.24	3	3	
G	1e92d00	293.26	0	0	
G	203fb7c	293.26	0	0	
G	203fe74	293.26	0	0	
G	204012c	293.26	0	0	
G	2333de8	293.27	1	1	
G	11a2fb0	293.28	0	0	
G	11bd334	293.28	0	4	
G	11bd460	293.28	1	1	
G	12e5964	293.28	0	0	
G	1e60be0	293.28	6	6	
G	1e7e874	293.28	0	0	
G	1e8bfa4	293.28	0	0	
G	1e8c044	293.28	0	0	
G	1e8c05c	293.28	0	0	
G	1e8c084	293.28	0	0	
G	1e8c0fc	293.28	0	0	
G	1e8c124	293.28	0	0	
G	1e8c138	293.28	0	0	
G	1f61140	293.28	0	0	
G	1231268	293.30	0	0	
G	1d9da88	293.30	0	2	
G	1da1770	293.30	0	0	
G	1da178c	293.30	0	0	
G	1da18a0	293.30	0	0	
G	1da18bc	293.30	0	0	
G	1da19d0	293.30	0	0	
G	1da19ec	293.30	1	1	
G	1ded570	293.30	2	2	
G	1ded790	293.30	0	1	
G	1def248	293.30	1	3	
G	1def33c	293.30	0	1	
G	122d63c	293.31	2	2	
G	122e0c8	293.31	5	24	
G	11a8c74	293.32	0	0	
G	122ea40	293.32	0	0	
G	123145c	293.32	4	11	
G	129a508	293.32	1	2	
G	129940c	293.35	0	0	
G	1299408	293.36	0	0	
G	11ca8e0	293.43	22	1535	
G	182025c	293.43	1	1	
G	1820f98	293.43	1	3	
G	1db03e8	293.43	1	8	
G	1deb17c	293.43	0	0	
G	181f3d0	293.44	0	0	
G	1843148	293.44	0	0	
G	1843474	293.44	1	1	
G	184a140	293.44	0	0	
G	184a2ac	293.44	0	1	
G	184a454	293.44	0	0	
G	184a968	293.44	0	0	
G	184ac34	293.44	1	5	
G	184b07c	293.44	0	0	
G	1850c24	293.44	0	0	
G	1850eec	293.44	0	0	
G	1ca4170	293.44	0	0	
G	1ca4560	293.44	0	0	
G	1d96454	293.44	6	6	
G	1803b2c	293.45	1	1	
G	184a484	293.45	0	0	
G	184b0ac	293.45	10	11	
G	1dafbdc	293.45	0	0	
G	1c2ea70	293.46	0	0	
G	1c2eaf8	293.47	0	0	
G	1c2eb14	293.47	0	0	
G	1eb63fc	293.52	0	0	
G	1db0194	293.53	1	4	
G	1db0598	293.53	1	2	
G	1db0adc	293.53	1	3	
G	1e97814	293.53	0	0	
G	1e9786c	293.53	0	0	
G	1ef3518	293.53	1	3	
G	1ef3570	293.53	1	1	
G	1db0f40	293.54	0	0	
G	18210c4	293.63	15	23	
G	11d22f4	293.64	7	7	
G	18286c0	293.64	1	1	
G	1deb628	293.64	0	0	
G	1711254	293.65	0	1	
G	1711528	293.65	1	1	
G	1711b7c	293.65	0	0	
G	1711eac	293.65	0	0	
G	1839f20	293.65	0	0	
G	1839f3c	293.65	0	0	
G	183a248	293.65	0	0	
G	183a264	293.65	0	0	
G	183a2d0	293.65	0	0	
G	183a2ec	293.65	0	0	
G	183a3f4	293.65	0	0	
G	183a410	293.65	0	0	
G	183aaf4	293.65	0	0	
G	183ab10	293.65	0	0	
G	183ae30	293.65	0	0	
G	183ae4c	293.65	0	0	
G	183bd14	293.65	0	0	
G	183bd30	293.65	0	0	
G	183c20c	293.65	0	0	
G	183c228	293.65	0	0	
G	183c60c	293.65	0	0	
G	183c628	293.65	0	0	
G	183c9e0	293.65	0	0	
G	183c9fc	293.65	0	0	
G	183cf90	293.65	0	0	
G	183cfac	293.65	0	0	
G	183d8a4	293.65	0	0	
G	183d8c0	293.65	0	0	
G	183dbe4	293.65	0	0	
G	183dc00	293.65	0	0	
G	183dee4	293.65	0	0	
G	183df00	293.65	0	0	
G	183e318	293.65	0	0	
G	183e334	293.65	1	1	
G	183e9cc	293.65	0	0	
G	183e9e8	293.65	0	0	
G	183eb3c	293.65	0	0	
G	183eb58	293.65	0	0	
G	183efa0	293.65	0	0	
G	183efbc	293.65	0	0	
G	183f358	293.65	0	0	
G	183f374	293.65	0	0	
G	183f5dc	293.65	0	0	
G	183f5f8	293.65	0	0	
G	183fa48	293.65	0	0	
G	183fc1c	293.65	0	0	
G	183fc38	293.65	0	0	
G	183fdb4	293.65	0	0	
G	183fe08	293.65	0	0	
G	183ffa8	293.65	0	0	
G	1d94acc	293.65	0	0	
G	1de99d4	293.65	18	18	
G	1ead0d4	293.65	3	3	
G	1820e18	293.66	0	0	
G	183fcd0	293.66	0	0	
G	183fdac	293.66	0	0	
G	18435dc	293.66	3	3	
G	1ca4690	293.66	6	13	
G	184a3e4	293.67	0	0	
G	184afac	293.67	1	1	
G	1851264	293.67	0	0	
G	1ca883c	293.67	0	0	
G	1caa140	293.67	0	0	
G	1caa658	293.67	0	0	
G	1caa674	293.67	0	0	
G	1caa994	293.67	0	0	
G	1caa9b0	293.67	0	0	
G	1caaa3c	293.67	0	0	
G	1caaa58	293.67	0	0	
G	1caaae4	293.67	0	0	
G	1caab00	293.67	0	0	
G	1caabd8	293.67	0	0	
G	1caabf4	293.67	0	0	
G	1caacd4	293.67	0	0	
G	1caacf0	293.67	0	0	
G	1cab16c	293.67	0	0	
G	1cab188	293.67	0	0	
G	1cab3cc	293.67	0	0	
G	1cab3e8	293.67	0	0	
G	1cab494	293.67	0	0	
G	1cab4b0	293.67	0	0	
G	1cab690	293.67	0	0	
G	1cab6ac	293.67	0	0	
G	1cab758	293.67	0	0	
G	1cab774	293.67	0	0	
G	1cab954	293.67	0	0	
G	1cab970	293.67	0	0	
G	1cabc94	293.67	0	0	
G	1cabcb0	293.67	1	1	
G	1cabd8c	293.67	0	0	
G	1cabda8	293.67	0	0	
G	1cabeb8	293.67	0	0	
G	1cabed4	293.67	0	0	
G	1cac01c	293.67	0	0	
G	1cac038	293.67	0	0	
G	114968c	293.68	1	1	
G	12a0bc0	293.69	0	10	
G	16c32f0	293.69	0	0	
G	181f5cc	293.69	0	0	
G	1ca7fa0	293.69	1	1	
G	12a0a1c	293.70	1	1	
G	12ab3ec	293.70	0	0	
G	12ab76c	293.70	0	0	
G	12ab8b4	293.70	0	0	
G	12e5ab4	293.70	5	5	
G	12f2850	293.70	0	1	
G	11ab1f0	293.71	22	36	
G	11d4f78	293.71	41	384	
G	11d53cc	293.71	0	0	
G	11d59dc	293.71	0	257	
G	11d5a28	293.71	3	3	
G	11d72e8	293.71	43	83	
G	11d752c	293.71	143	174	
G	11d8594	293.71	61	61	
G	11de598	293.71	17	19	
G	12f2c4c	293.71	1	1	
G	1803dd4	293.71	30	30	
G	1e5dbc0	293.71	0	0	
G	1e5ee98	293.71	2	2	
G	1e60b8c	293.71	10	10	
G	1e94768	293.71	0	0	
G	20e4c00	293.71	14	15	
G	127f184	293.75	0	0	
G	127f1f0	293.75	0	0	
G	127f25c	293.75	0	2	
G	12c5a70	293.75	0	0	
G	15bdb6c	293.75	1	34	
G	15be618	293.75	0	0	
G	15fcc30	293.75	2	2	
G	15fd910	293.75	0	0	
G	15fdac4	293.75	0	0	
G	127f4b4	293.76	0	0	
G	127f520	293.76	0	0	
G	12aaf68	293.77	0	1	
G	12b6f98	293.77	1	1	
G	12b7098	293.77	0	0	
G	12f31ec	293.77	10	301	
G	15ba648	293.77	2	3	
G	15bb0ec	293.77	0	0	
G	11e0f20	293.78	31	46	
G	11f4474	293.79	2	2	
G	11f4780	293.79	1	1	
G	11f4a8c	293.79	1	1	
G	11f4d98	293.79	1	1	
G	11f50a4	293.79	0	0	
G	11f53b0	293.79	0	0	
G	11f56bc	293.79	1	1	
G	11f59c8	293.79	0	0	
G	11f5cd4	293.79	0	0	
G	11f5fe0	293.79	1	1	
G	11f62ec	293.80	0	0	
G	11f65f8	293.80	0	0	
G	11f6904	293.80	0	0	
G	11f6c10	293.80	1	1	
G	11f6f1c	293.80	1	1	
G	11f7228	293.80	1	1	
G	11f7534	293.80	1	1	
G	11f7840	293.80	0	0	
G	11f7b4c	293.80	0	0	
G	11f7e58	293.80	0	0	
G	11f8164	293.80	1	1	
G	11f8470	293.80	1	1	
G	11f877c	293.80	0	0	
G	11f8a88	293.80	1	1	
G	11f8d94	293.80	1	1	
G	1315c9c	293.80	0	0	
G	131633c	293.80	0	0	
G	164c920	293.80	0	0	
G	164c924	293.80	0	0	
G	16781b8	293.80	0	0	
G	1203748	293.81	10	10	
G	121123c	293.81	0	0	
G	1211258	293.81	0	0	
G	1239790	293.81	0	0	
G	12430d8	293.81	5	16	
G	1297b0c	293.81	0	0	
G	16781bc	293.81	0	0	
G	11e8b40	293.82	5	10	
G	11ed58c	293.82	0	0	
G	11ed8e0	293.82	0	0	
G	11f90a0	293.82	0	0	
G	11f9264	293.82	0	0	
G	1232164	293.82	0	0	
G	1235404	293.82	0	0	
G	12398e8	293.82	0	0	
G	1261190	293.82	1	1	
G	132c41c	293.82	0	0	
G	14bd38c	293.82	1	2	
G	119111c	293.83	0	0	
G	1191148	293.83	2	3	
G	1198ac0	293.83	0	5	
G	11995f8	293.83	0	0	
G	11edc34	293.83	1	1	
G	11edf88	293.83	0	0	
G	11ee2dc	293.83	0	0	
G	11ee630	293.83	0	0	
G	11ee984	293.83	1	1	
G	11eecd8	293.83	0	0	
G	11ef02c	293.83	0	0	
G	11ef380	293.83	1	1	
G	11ef6d4	293.83	0	0	
G	11efa28	293.83	0	0	
G	11efd7c	293.83	0	0	
G	11f00d0	293.83	0	0	
G	11f0424	293.83	0	0	
G	11f0778	293.83	1	1	
G	11f0acc	293.83	0	0	
G	11f0e20	293.83	0	0	
G	11f1174	293.83	0	0	
G	11f14c8	293.83	1	1	
G	11f181c	293.83	0	0	
G	11f1b70	293.83	0	0	
G	11f1ec4	293.83	0	0	
G	11f2218	293.83	0	0	
G	11f256c	293.83	0	0	
G	13089f4	293.83	1	1	
G	11972a4	293.84	0	0	
G	11972b0	293.84	0	0	
G	11972b4	293.84	0	0	
G	1198e68	293.84	0	2	
G	1199734	293.84	2	2	
G	125bf74	293.84	0	113	
G	125c23c	293.84	5	113	
G	125cf04	293.84	0	0	
G	1261fec	293.84	1	1	
G	1281588	293.84	0	0	
G	1281718	293.84	0	0	
G	15ba9cc	293.84	0	0	
G	125d1e4	293.85	2	100	
G	125dc7c	293.85	1	1	
G	125e418	293.85	1	1	
G	1281578	293.85	0	0	
G	1281584	293.85	0	0	
G	1281924	293.85	0	0	
G	1252700	293.87	0	75	
G	125ebe4	293.87	3	15	
G	12626c0	293.87	0	0	
G	1209728	293.89	0	0	
G	120c12c	293.89	0	0	
G	1252408	293.89	1	11	
G	125efdc	293.89	1	2	
G	11971f4	293.90	0	0	
G	1197248	293.90	0	0	
G	11e0394	293.90	0	0	
G	1268d4c	293.90	0	0	
G	126c820	293.90	0	0	
G	126cb64	293.90	8	8	
G	126ee48	293.90	0	0	
G	126ee64	293.90	0	0	
G	12814c8	293.90	0	0	
G	128151c	293.90	0	0	
G	1294c18	293.90	0	0	
G	1299460	293.90	0	0	
G	12f300c	293.90	0	9	
G	11d8e84	293.92	2	2	
G	11dbca4	293.92	1	1	
G	11de69c	293.92	15	43	
G	11ded88	293.92	2	2	
G	11def8c	293.92	2	2	
G	11df1e0	293.92	15	55	
G	11df2e0	293.92	1	1	
G	123488c	293.92	0	0	
G	1234bf8	293.92	0	0	
G	1234c08	293.92	0	0	
G	123a6e4	293.92	41	106	
G	1269460	293.92	0	0	
G	1269464	293.92	0	0	
G	1297660	293.92	28	34	
G	1297b84	293.92	0	0	
G	1297b94	293.92	31	31	
G	1297bb4	293.92	0	0	
G	14bd3c4	293.92	1	1	
G	14bd610	293.92	15	17	
G	20ad574	293.98	0	0	
G	20ad920	293.98	1	1	
G	2138920	293.98	10	10	
G	213d9f0	293.98	0	0	
G	2169d64	293.98	1	1	
G	21b0e64	293.98	311	311	
G	127f58c	293.99	0	0	
G	1299cec	294.05	0	0	
G	1e2c784	294.05	0	0	
G	1e603b4	294.05	1	32	
G	20966d8	294.06	0	0	
G	1f26020	294.07	2	2	
G	1f2edfc	294.07	0	0	
G	1f2ee94	294.07	0	0	
G	206b438	294.07	0	0	
G	206b458	294.07	0	0	
G	206b628	294.07	0	0	
G	206d024	294.07	0	0	
G	206d2c4	294.07	0	0	
G	206d2d8	294.07	0	0	
G	2094ed4	294.07	0	0	
G	2094efc	294.07	0	0	
G	2094f44	294.07	0	0	
G	20960f0	294.07	0	0	
G	209850c	294.07	0	0	
G	20ba690	294.07	0	0	
G	20d5f4c	294.07	0	0	
G	20e08b4	294.07	0	0	
G	231cb0c	294.07	0	0	
G	231d8c4	294.07	0	0	
G	231de58	294.07	0	1	
G	231de9c	294.07	0	0	
G	231e0e8	294.07	0	0	
G	231e0f4	294.07	0	0	
G	231e154	294.07	0	0	
G	231e958	294.07	5	5	
G	231f3f0	294.07	0	0	
G	2330fc0	294.07	0	0	
G	2330ff4	294.07	0	0	
G	1234bdc	294.09	0	0	
G	1e622fc	294.09	1	47	
G	2075e28	294.09	4	46	
G	2083b04	294.09	11	13	
G	2083d9c	294.09	2	2	
G	209398c	294.09	0	0	
G	2093a28	294.09	2	2	
G	2093bb8	294.09	0	1	
G	2094a7c	294.09	17	51	
G	11f93b4	294.29	0	0	
G	11f9fc8	294.29	0	0	
G	1252fbc	294.29	3	6	
G	132c428	294.29	0	0	
G	1e5902c	294.29	0	0	
G	1e59070	294.29	1	8	
G	1e60cac	294.29	4	12	
G	1e60f5c	294.29	1	1	
G	1e61360	294.29	1	1	
G	1e61ba4	294.29	0	0	
G	1e910a8	294.29	0	0	
G	1e9142c	294.29	6	8	
G	1234c38	294.30	5	5	
G	123519c	294.30	8	8	
G	1e55ed0	294.30	0	0	
G	1e61bf0	294.30	8	8	
G	11a2570	294.31	0	0	
G	11f9f38	294.31	0	0	
G	11f9f3c	294.31	2	2	
G	124d24c	294.31	1	2	
G	124d468	294.31	2	2	
G	12978a0	294.31	0	0	
G	1299d98	294.31	1	1	
G	1f77de8	294.31	0	0	
G	206de98	294.31	0	0	
G	231de94	294.31	0	0	
G	11a437c	294.33	7	7	
G	11d8d74	294.33	4	4	
G	1234e84	294.33	4	4	
G	1269458	294.33	0	0	
G	1e55870	294.33	19	19	
G	1e55e8c	294.33	0	0	
G	1e55eec	294.33	14	14	
G	1e56960	294.33	30	30	
G	1e59758	294.33	27	27	
G	1e59830	294.33	0	0	
G	1e598fc	294.33	0	0	
G	1e5cfc0	294.33	13	13	
G	1e5cfd8	294.33	33	33	
G	1e5d2e4	294.33	48	81	
G	1e5d754	294.33	23	23	
G	1e61c24	294.33	0	0	
G	20badf8	294.33	0	0	
G	212b96c	294.33	11	11	
G	231fe54	294.33	0	0	
G	125bd2c	294.42	0	7	
G	20c9830	294.42	6	7	
G	1e2c95c	294.47	0	0	
G	1e2ca30	294.48	0	21	
G	1268034	294.50	0	1	
G	129a30c	294.50	0	0	
G	1e2cabc	294.50	0	0	
G	12685ec	294.51	0	0	
G	12973b0	294.51	0	0	
G	1299d70	294.51	0	0	
G	13014dc	294.51	3	3	
G	130e8c0	294.51	0	0	
G	16c3a4c	294.51	0	4	
G	16c5b0c	294.51	0	0	
G	16c5e6c	294.51	1	1	
G	16c60b4	294.51	0	0	
G	1e60f28	294.51	0	0	
G	1f2edcc	294.51	0	0	
G	1fa8a78	294.51	0	0	
G	1fbd488	294.51	0	0	
G	1fe1258	294.51	0	0	
G	207558c	294.51	0	0	
G	2093efc	294.51	0	0	
G	20d7de0	294.51	0	0	
G	20d80c8	294.51	0	0	
G	20d8104	294.51	0	0	
G	130f144	294.52	1	2	
G	139a5b4	294.52	0	0	
G	1412d54	294.52	1	1	
G	171c48c	294.52	0	2	
G	1723998	294.52	1	2	
G	172469c	294.52	0	0	
G	17251cc	294.52	1	3	
G	1726128	294.52	0	0	
G	1728690	294.52	0	0	
G	1749ff4	294.52	0	0	
G	174a034	294.52	1	4	
G	174a764	294.52	1	5	
G	1838ec4	294.52	1	93	
G	171c770	294.53	0	1	
G	174be40	294.53	1	10	
G	174c014	294.53	1	11	
G	1773390	294.53	1	1	
G	174c2d0	294.54	0	23	
G	174ca04	294.54	0	11	
G	1dc6b6c	294.54	1	23	
G	13926e8	294.56	0	1	
G	174c4c0	294.56	0	0	
G	174c560	294.56	0	0	
G	174c578	294.56	0	0	
G	174c5e8	294.56	0	7	
G	174c7e4	294.56	0	5	
G	1848104	294.56	0	10	
G	26aa078	294.56	1	1	
G	130f2d8	294.57	0	0	
G	130f30c	294.57	0	0	
G	1399424	294.57	2	4	
G	13999e8	294.57	0	1	
G	1399ad0	294.57	1	1	
G	139a1dc	294.57	0	0	
G	1705804	294.57	0	4	
G	174cc28	294.57	0	0	
G	1763e9c	294.57	0	0	
G	1773524	294.57	0	0	
G	1773558	294.57	0	0	
G	1dd802c	294.57	2	2	
G	11d0ee8	294.61	0	0	
G	11d0f20	294.61	0	34	
G	11d13f4	294.61	0	0	
G	11cfaf8	294.62	0	6	
G	1dc26e4	294.62	0	0	
G	11d0ba4	294.63	0	3	
G	11bd52c	294.65	0	1	
G	11bd600	294.65	0	1	
G	12a0d70	294.65	1	7	
G	12ca528	294.65	0	2	
G	1c2ab94	294.67	0	0	
G	1c2eb1c	294.80	0	0	
G	209a530	294.81	0	0	
G	209a5d8	294.81	0	0	
G	209a664	294.81	0	0	
G	209a6cc	294.81	0	0	
G	209fdc8	294.81	0	0	
G	209ff20	294.81	1	1	
G	20a000c	294.81	0	0	
G	20ddab8	294.81	1	1	
G	1e61198	294.84	0	0	
G	11fa138	294.85	0	0	
G	20d7f64	294.85	1	1	
G	20dfca8	294.85	0	1	
G	231dd58	294.85	0	0	
G	23314ac	294.85	0	0	
G	20ccf24	294.95	0	0	
G	206de78	294.96	0	0	
G	20ccf04	294.96	0	0	
G	209a738	294.98	48	137	
G	209fcc8	294.98	3	3	
G	16c3e74	295.06	0	1	
G	16c6754	295.06	0	1	
G	16c6900	295.06	1	1	
G	1fa8bec	295.06	0	0	
G	11d0860	295.07	0	4	
G	11d1114	295.07	0	4	
G	11d1158	295.07	0	4	
G	20a0c00	295.08	15	29	
G	212abb4	295.08	62	69	
G	212c348	295.08	0	0	
G	212c34c	295.08	8	8	
G	21cd054	295.08	21	27	
G	21cdaa8	295.08	0	0	
G	23443e4	295.08	3	3	
G	122d9d4	295.09	0	6	
G	1293cbc	295.09	0	0	
G	1293f58	295.09	1	2	
G	1294240	295.09	42	80	
G	1294330	295.09	0	0	
G	1294a24	295.09	3	84	
G	1297b60	295.09	0	0	
G	15d9750	295.09	0	0	
G	15d9754	295.09	0	0	
G	1e60e00	295.09	1	6	
G	1293cb8	295.10	0	0	
G	1294308	295.10	0	0	
G	129430c	295.10	0	0	
G	1294310	295.10	0	0	
G	1294a80	295.10	34	76	
G	20b5c24	295.10	35	35	
G	20ba304	295.10	7	7	
G	20c1f70	295.10	150	282	
G	20c38b8	295.10	35	35	
G	2126b74	295.10	82	95	
G	2127388	295.10	9	9	
G	21824c4	295.10	0	0	
G	21af278	295.10	73	165	
G	122ea30	295.11	0	0	
G	20b3d50	295.11	0	0	
G	212954c	295.11	44	119	
G	2129ddc	295.11	7	10	
G	2358c44	295.11	2	2	
G	2184c58	295.12	45	731	
G	21855bc	295.12	7	155	
G	21856a0	295.12	54	162	
G	2185770	295.12	0	0	
G	2185778	295.12	5	5	
G	2358c70	295.12	10	278	
G	2358d90	295.12	0	0	
G	2173848	295.13	0	0	
G	2181cdc	295.13	0	0	
G	21cc934	295.13	0	0	
G	20e18ec	295.20	0	0	
G	20eaaf0	295.20	0	0	
G	2132790	295.20	40	40	
G	2132aec	295.20	62	62	
G	213515c	295.20	22	22	
G	2146bf8	295.20	0	0	
G	218c480	295.20	0	0	
G	218c484	295.20	0	0	
G	219cda0	295.20	0	0	
G	219cda4	295.20	0	0	
G	21581b4	295.21	0	0	
G	215ed08	295.21	9	9	
G	215ef4c	295.21	75	75	
G	218475c	295.21	0	1	
G	2185254	295.21	0	0	
G	21859c8	295.21	0	0	
G	2185ac0	295.21	0	0	
G	2185b60	295.21	1	3	
G	2185f40	295.21	0	0	
G	21862bc	295.21	0	0	
G	21c87b4	295.21	127	127	
G	21cc2b4	295.21	45	151	
G	22291c8	295.21	84	85	
G	222a094	295.21	36	36	
G	11fd05c	295.22	0	0	
G	20b3de8	295.22	0	2	
G	20b7a48	295.22	0	0	
G	20b7c34	295.22	0	0	
G	20de764	295.22	1	1	
G	20de814	295.22	6	6	
G	213b6bc	295.22	1	1	
G	213da04	295.22	1	2	
G	21862d4	295.22	0	0	
G	21aa670	295.22	0	0	
G	21aaea8	295.22	0	0	
G	21abfd0	295.22	0	0	
G	21b3378	295.22	2	2	
G	21b35fc	295.22	88	199	
G	21b4654	295.22	2	2	
G	21b6c5c	295.22	13	25	
G	234f0a0	295.22	0	2	
G	20de3f0	295.23	0	0	
G	213853c	295.23	3	3	
G	21861c0	295.23	4	444	
G	21b9cc0	295.23	0	0	
G	23329dc	295.23	0	0	
G	2332af4	295.23	0	0	
G	233316c	295.23	0	0	
G	2138db4	295.32	17	22	
G	234e0d4	295.32	0	25	
G	11cb204	295.33	386	1491	
G	12949d0	295.33	0	2	
G	1e7a4cc	295.33	1	2	
G	20a104c	295.33	0	0	
G	20a13f4	295.33	0	0	
G	20a1c74	295.33	0	0	
G	2332ab0	295.33	7	7	
G	23341dc	295.33	0	0	
G	233dbfc	295.33	0	0	
G	233dc2c	295.33	0	0	
G	233dc64	295.33	0	0	
G	233dd78	295.33	0	0	
G	233e21c	295.33	0	1	
G	233e254	295.33	1	1	
G	233ec44	295.33	0	0	
G	233ece4	295.33	0	0	
G	2340218	295.33	0	0	
G	2341eec	295.33	0	0	
G	2341f04	295.33	0	0	
G	234266c	295.33	0	0	
G	2598ea4	295.38	0	0	
G	2598eb8	295.39	1	1	
G	12945a0	295.40	0	5	
G	18058ac	295.40	0	0	
G	1808f74	295.40	0	1	
G	1e2cb54	295.40	2	2	
G	1e590c8	295.40	1	2	
G	1e96828	295.40	1	1	
G	1e96cb8	295.40	3	11	
G	20a0e64	295.40	4	4	
G	20e7a40	295.40	0	0	
G	212d88c	295.40	1	1	
G	2187984	295.40	1	1	
G	233dcdc	295.40	0	0	
G	233dee8	295.40	0	0	
G	1230fdc	295.43	4	9	
G	1e55f30	295.43	4	4	
G	2184500	295.43	0	1	
G	1147bc8	295.77	0	0	
G	1199cc8	295.77	0	0	
G	119b4f4	295.77	3	4	
G	11d4ecc	295.77	0	17	
G	126fe28	295.77	0	0	
G	1289510	295.77	0	0	
G	1289584	295.77	0	0	
G	12895b4	295.77	0	0	
G	1289d30	295.77	0	0	
G	1289ef0	295.77	0	0	
G	1289f0c	295.77	0	0	
G	128f3fc	295.77	0	0	
G	128f4dc	295.77	1	1	
G	128f590	295.77	0	0	
G	128f690	295.77	0	0	
G	128f754	295.77	1	1	
G	128f864	295.77	0	0	
G	12904e0	295.77	0	0	
G	129fee0	295.77	1	3	
G	12babdc	295.77	1	1	
G	12bac48	295.77	0	0	
G	12bacb4	295.77	0	0	
G	12bad20	295.77	0	0	
G	12bad8c	295.77	0	0	
G	12badf8	295.77	0	0	
G	12bae64	295.77	0	0	
G	12baed0	295.77	0	0	
G	12baf3c	295.77	0	0	
G	12bafa8	295.77	0	0	
G	12bb014	295.77	1	1	
G	12bb080	295.77	0	0	
G	12bb0ec	295.77	0	0	
G	12bb158	295.77	0	0	
G	12bb1c4	295.77	0	0	
G	12bb230	295.77	0	0	
G	12bc978	295.77	0	0	
G	12bca48	295.77	0	0	
G	12bcee0	295.77	0	0	
G	12e1168	295.77	0	0	
G	14bd400	295.77	0	0	
G	15fbfdc	295.77	0	0	
G	15fbfe0	295.77	0	0	
G	1688644	295.77	0	0	
G	1688648	295.77	0	0	
G	20d7bc4	295.77	0	0	
G	20de8a8	295.77	0	0	
G	213585c	295.77	0	0	
G	219d950	295.77	0	0	
G	219da90	295.77	0	0	
G	1206404	295.78	23	39	
G	1239150	295.78	0	0	
G	1289ff0	295.78	11	32	
G	128f43c	295.78	1	1	
G	128f440	295.78	7	153	
G	128f4d8	295.78	0	0	
G	128f714	295.78	0	0	
G	132c4a0	295.78	1	1	
G	15f89e8	295.78	0	0	
G	1e59294	295.78	10	10	
G	1e61048	295.78	23	29	
G	11a8cdc	295.89	0	0	
G	11c104c	295.89	0	0	
G	11cf1e4	295.89	0	1	
G	1239158	295.89	0	0	
G	12396f0	295.89	0	0	
G	1239718	295.89	0	0	
G	1239b70	295.89	2	2	
G	123a4c4	295.89	0	0	
G	123a63c	295.89	2	2	
G	123ab44	295.89	3	17	
G	123aef4	295.89	0	22	
G	128b7e8	295.89	1	1	
G	1290524	295.89	1	1	
G	12bcca4	295.89	0	0	
G	13bad2c	295.89	0	1	
G	13bc130	295.89	0	2	
G	1835010	295.89	0	0	
G	1835198	295.89	0	0	
G	18384c4	295.89	1	1	
G	1dac458	295.89	0	0	
G	1e78c10	295.89	0	0	
G	1e79114	295.89	1	1	
G	1e79860	295.89	2	3	
G	1e7f580	295.89	2	94	
G	11aa53c	295.90	1	1	
G	1239710	295.90	0	0	
G	1239730	295.90	0	0	
G	123976c	295.90	0	0	
G	123977c	295.90	0	0	
G	123978c	295.90	1	1	
G	1239fdc	295.90	2	4	
G	123a200	295.90	0	0	
G	123afc0	295.90	1	1	
G	12413b0	295.90	0	0	
G	128f1c8	295.90	0	0	
G	132cefc	295.90	0	0	
G	132d0fc	295.90	1	1	
G	132e428	295.90	0	0	
G	132e434	295.90	0	0	
G	182a00c	295.90	10	11	
G	182bef4	295.90	28	61	
G	182c750	295.90	24	32	
G	182d140	295.90	45	84	
G	182e340	295.90	39	45	
G	182e9a8	295.90	5	15	
G	182ef98	295.90	19	319	
G	182f658	295.90	3	3	
G	182ffec	295.90	13	13	
G	18312cc	295.90	0	0	
G	1840518	295.90	0	0	
G	1dc84ec	295.90	0	0	
G	1e5dc34	295.90	21	24	
G	11cf868	295.91	39	43	
G	11cfe90	295.91	1	1	
G	11d04fc	295.91	1	1	
G	11d4544	295.91	0	0	
G	128e918	295.91	7	7	
G	17ca4fc	295.91	0	0	
G	1831824	295.91	0	0	
G	1831c30	295.91	3	3	
G	18321dc	295.91	6	6	
G	18328d4	295.91	2	24	
G	1832ab8	295.91	0	0	
G	1835414	295.91	107	134	
G	1838ab0	295.91	4	4	
G	1838e70	295.91	2	2	
G	1840260	295.91	0	0	
G	184027c	295.91	0	0	
G	1848298	295.91	2	2	
G	1e5db04	295.91	0	0	
G	1eaddec	295.91	38	76	
G	1eae09c	295.91	8	8	
G	1eb9ce4	295.91	15	25	
G	1ec2dec	295.91	5	5	
G	20b4534	295.96	1	2	
G	20b6290	295.96	0	0	
G	20b62e4	295.96	0	0	
G	20b6308	295.96	0	0	
G	20b65f0	295.96	0	0	
G	20b6844	295.96	0	0	
G	20b68f8	295.96	0	1	
G	20b6958	295.96	1	1	
G	21b5210	295.96	25	25	
G	234f274	295.96	0	3	
G	1829c38	295.97	2	2	
G	1831fe8	295.97	2	2	
G	183c230	295.97	0	15	
G	11a8cd4	295.98	0	0	
G	126945c	295.98	0	0	
G	1294818	295.98	4	4	
G	1297080	295.98	25	155	
G	12971c4	295.98	12	12	
G	1803e24	295.98	0	0	
G	1e7a5a8	295.98	6	3389	
G	207309c	295.98	32	32	
G	20a1784	295.98	14	14	
G	233541c	295.98	13	15	
G	233f990	295.98	7	3370	
G	2342630	295.98	7	7	
G	23427ac	295.98	34	359	
G	234306c	295.98	16	1037	
G	25a1240	295.98	265	1017	
G	25a1804	295.98	49	2326	
G	25a18e4	295.98	0	0	
G	25a1aa0	295.98	472	831	
G	183c630	296.21	0	19	
G	183cfb4	296.21	0	1	
G	11c8a70	297.35	0	0	
G	11c8a84	297.35	0	0	
G	11c8b28	297.35	0	0	
G	11c8b44	297.35	0	0	
G	12312e0	297.35	0	0	
G	1838794	297.35	0	0	
G	1d95238	297.35	1	1	
G	1d95474	297.35	0	0	
G	1d9f114	297.35	0	0	
G	11c8a8c	297.36	0	0	
G	11cf9b8	297.36	9	61	
G	11d4320	297.36	14	14	
G	1206258	297.36	0	0	
G	120aca0	297.36	5	5	
G	1264330	297.36	1	1	
G	12a7ac8	297.36	1	2	
G	1d964d4	297.36	0	0	
G	1de9a34	297.36	6	6	
G	1e5dc2c	297.36	0	0	
G	21bd6d4	297.36	0	1	
G	119ca90	297.37	4	6	
G	119dccc	297.37	0	0	
G	128ed78	297.37	3	3	
G	1e111ec	297.37	0	0	
G	21bd59c	297.37	1	1	
G	21bd5b4	297.37	8	9	
G	21bd7d8	297.38	1	1	
G	1c28194	297.48	0	0	
G	1c2851c	297.48	0	0	
G	1c2acd8	297.48	0	0	
G	1c2adec	297.48	0	0	
G	20d8168	297.48	0	0	
G	12312ac	297.51	0	1	
G	1e11340	298.35	0	0	
G	1d9309c	298.37	1	1	
G	1d9f188	298.37	0	0	
G	1d9f2c8	298.37	1	75	
G	1d9fc08	298.37	0	0	
G	1da25b8	298.37	0	0	
G	11d36d4	298.38	0	1	
G	1ab2294	298.38	0	5	
G	1ab22e4	298.38	2	5	
G	1d96b50	298.38	1	6	
G	1d9fd04	298.38	0	0	
G	1d9ff84	298.38	2	3	
G	1da0464	298.38	0	0	
G	1da1bd8	298.38	0	0	
G	1ded300	298.38	0	0	
G	1def944	298.38	0	1	
G	1df502c	298.38	0	0	
G	1e113dc	298.38	0	3	
G	1ea1104	298.38	2	2	
G	1eb9c58	298.38	0	0	
G	17f5608	298.39	0	0	
G	17fa698	298.39	0	0	
G	17fa700	298.39	0	0	
G	1bfb8cc	298.39	1	1	
G	1e6e180	298.39	0	0	
G	1ea618c	298.39	0	0	
G	1ea64bc	298.39	1	3	
G	1ea6658	298.39	0	0	
G	1ea686c	298.39	0	0	
G	1ea69e4	298.39	0	0	
G	1ea6bf8	298.39	0	2	
G	1ea6d68	298.39	1	1	
G	1ea7018	298.39	1	1	
G	1ea7130	298.39	1	2	
G	1ea73d0	298.39	1	1	
G	1ea756c	298.39	0	0	
G	1ea78a4	298.39	0	0	
G	1ea7c50	298.39	1	3	
G	1ea7f14	298.39	0	0	
G	1ea80fc	298.39	0	0	
G	1ea86a4	298.39	0	0	
G	1840284	298.54	0	0	
G	1e9ee68	302.86	1	1	
G	1da19f4	302.95	0	2	
G	1e09d90	302.95	0	0	
G	1da1794	303.75	0	0	
G	1e09b60	303.75	0	0	
G	1d9fd40	303.76	0	1	
G	1d9ff1c	303.76	0	0	
G	1decc20	303.76	0	0	
G	11d3784	303.79	0	0	
G	11d3834	305.90	0	1	
G	1d9e0ac	305.90	1	1	
G	1da0634	305.90	1	2	
G	1da09f8	305.90	0	0	
G	1da0a00	305.90	0	0	
G	1da18c4	314.01	0	0	
G	11d399c	314.05	0	0	
G	1d9df5c	314.05	0	0	
G	11d3a80	323.91	0	0	
G	1d9ff24	324.27	0	0	
G	11aaf00	324.31	0	37	
G	11c8b4c	324.31	0	1	
G	1805bfc	324.31	1	12	
G	1806bac	324.31	2	154	
G	1844758	324.31	0	0	
G	1844860	324.31	0	0	
G	1844b4c	324.31	0	0	
G	1848afc	324.31	0	0	
G	1848b18	324.31	0	0	
G	1d95314	324.31	0	0	
G	1d9f174	324.31	0	0	
G	119be50	324.32	3	3	
G	11b45a4	324.32	3	3	
G	120ada8	324.32	1	1	
G	124c450	324.32	1	1	
G	1289684	324.32	41	93	
G	1289b64	324.32	18	31	
G	128f8ac	324.32	11	54	
G	128fa2c	324.32	4	4	
G	128faf8	324.32	24	35	
G	12bd078	324.32	0	7	
G	12bd09c	324.32	7	7	
G	12bd2b8	324.32	6	6	
G	184c58c	324.32	1	1	
G	118e2a8	324.33	0	0	
G	118e3d8	324.33	0	0	
G	118e4d8	324.33	0	0	
G	11921b4	324.33	2	6	
G	1199c30	324.33	0	0	
G	1199e70	324.33	0	0	
G	119a1fc	324.33	1	1	
G	119b768	324.33	0	0	
G	1199c40	324.34	0	1	
G	1199dc8	324.34	0	0	
G	119a474	324.34	5	5	
G	119a614	324.34	0	0	
G	119b4e0	324.34	0	0	
G	123b728	324.34	0	0	
G	123b784	324.34	2	4	
G	128ca4c	324.34	2	2	
G	128cc40	324.34	1	1	
G	13baf60	324.34	1	2	
G	1199da8	324.36	0	0	
G	1199db8	324.36	0	0	
G	1199f4c	324.36	2	2	
G	1199f84	324.36	0	0	
G	119b4e8	324.36	0	0	
G	1289d78	324.36	0	0	
G	128a13c	324.36	14	24	
G	128a474	324.36	11	23	
G	128d1cc	324.36	0	0	
G	1297b8c	324.36	0	0	
G	14bd548	324.36	1	1	
G	11aaf9c	324.49	0	136	
G	1255628	324.49	2	141	
G	132c4e0	324.49	1	1	
G	1e8c268	324.49	0	0	
G	1254100	324.50	3	3	
G	1f60bb4	324.50	0	0	
G	1f6ae58	324.50	5	11	
G	1f6b97c	324.50	7	7	
G	1f6192c	324.51	20	20	
G	1f623b0	324.51	133	158	
G	1f73924	324.51	24	24	
G	128e104	324.54	2	2	
G	21271e0	324.61	2	2	
G	2127ab4	324.61	0	0	
G	21ae0e8	324.61	0	0	
G	21ae10c	324.61	0	0	
G	183a26c	324.69	0	0	
G	183a418	324.69	0	0	
G	1845d8c	324.69	0	0	
G	1f60c10	324.81	0	0	
G	183eb60	324.92	1	1	
G	119a828	324.99	0	0	
G	119ba30	324.99	0	0	
G	1234bd4	324.99	0	0	
G	124c9a4	324.99	1	1	
G	1289d64	324.99	0	0	
G	18387ac	324.99	1	2	
G	183e9f0	324.99	1	1	
G	183efc4	324.99	1	4	
G	11a8390	325.01	0	0	
G	11a83f4	325.01	0	5	
G	11a871c	325.01	2	2	
G	11a8748	325.01	5	48	
G	11a8c70	325.01	0	0	
G	123b81c	325.01	0	0	
G	123b8b0	325.01	2	8	
G	123bf1c	325.01	0	6	
G	123c088	325.01	1	4	
G	125424c	325.01	0	0	
G	125e7c8	325.01	0	0	
G	12623a0	325.01	0	0	
G	128e93c	325.01	2	2	
G	13bb100	325.01	0	6	
G	1eb9d48	325.22	1	1	
G	1ec34f4	325.22	0	0	
G	124cc10	325.29	1	2	
G	124d1c8	325.29	0	0	
G	1266bcc	325.29	0	0	
G	1834af0	325.29	0	0	
G	1834ed4	325.29	0	0	
G	1834edc	325.29	0	0	
G	1834ee4	325.29	0	0	
G	124c7b0	325.43	0	0	
G	1263528	325.43	0	0	
G	128d504	325.43	0	0	
G	128e724	325.45	1	1	
G	11a88ac	325.46	1	6	
G	1251160	325.48	0	0	
G	128ea0c	325.48	0	0	
G	1254e6c	325.50	0	0	
G	1260654	325.50	1	16	
G	12607f8	325.50	1	1	
G	128aaa4	325.50	21	52	
G	12e7f3c	325.50	3	14	
G	13124c4	325.50	0	1	
G	132ce44	325.50	1	3	
G	1e60c68	325.50	1	2	
G	12e7224	325.51	5	8	
G	2068f98	325.51	13	13	
G	206923c	325.51	25	34	
G	2069ae8	325.51	0	0	
G	11a237c	325.67	0	0	
G	128edf8	325.67	0	0	
G	12c24ec	325.67	3	5	
G	12c34ac	325.67	1	2	
G	12c5cac	325.67	0	0	
G	12c6a78	325.67	0	1	
G	12c6d68	325.67	0	0	
G	12c6d74	325.67	0	0	
G	132e438	325.67	1	1	
G	132e4b8	325.67	3	19	
G	15fd1f0	325.67	0	0	
G	11ab3a0	325.68	0	0	
G	11ab3a8	325.68	1	3	
G	1234bcc	325.68	0	0	
G	1e8c670	325.68	1	1	
G	1e8ed34	325.68	9	12	
G	212a2e4	325.90	1	1	
G	212a37c	325.90	16	20	
G	212aa60	325.90	11	12	
G	21ae694	325.90	18	29	
G	21aee1c	325.90	0	9	
G	11d8cb8	325.91	0	0	
G	11e0510	325.91	0	0	
G	124eda0	325.91	1	2	
G	126ee6c	325.91	2	29	
G	126f424	325.91	0	0	
G	126f42c	325.91	0	0	
G	126f468	325.91	4	5	
G	128614c	325.91	0	0	
G	1286168	325.91	0	0	
G	131230c	325.91	1	1	
G	1831ca0	325.91	0	0	
G	20762fc	325.91	2	23	
G	2087694	325.91	3	8	
G	2087934	325.91	5	5	
G	11a3668	325.92	0	0	
G	11a74fc	325.92	0	1	
G	11a75f0	325.92	1	1	
G	11d8f14	325.92	1	1	
G	11d9198	325.92	0	0	
G	12545c8	325.92	0	2	
G	1254b64	325.92	1	1	
G	1255dcc	325.92	1	6	
G	1255fc4	325.92	0	0	
G	12560f0	325.92	3	14	
G	13b9f88	325.92	0	0	
G	1e94498	325.92	0	0	
G	13bc778	325.97	1	65	
G	13bd670	325.97	0	0	
G	119d3f4	325.98	1	1	
G	1259420	325.98	0	0	
G	125986c	325.98	0	0	
G	126f9cc	325.98	1	1	
G	182a548	325.98	6	9	
G	11d2420	325.99	4	4	
G	11d251c	325.99	0	0	
G	1239e00	325.99	0	0	
G	12411b0	325.99	0	0	
G	12413d4	325.99	0	0	
G	13bc20c	325.99	0	1	
G	1eb9cdc	325.99	0	0	
G	123b710	326.00	0	0	
G	12411f8	326.00	0	0	
G	1241484	326.00	0	0	
G	128efd0	326.00	0	0	
G	128c290	326.02	1	1	
G	184277c	326.07	0	0	
G	1842798	326.07	0	0	
G	1259a24	326.08	0	0	
G	126fcb4	326.08	0	0	
G	12407cc	326.10	0	0	
G	1240818	326.10	1	2	
G	128eb50	326.10	0	0	
G	13bbe08	326.10	0	2	
G	128b2f0	326.12	4	5	
G	11d9058	326.13	0	0	
G	1848b20	326.14	0	0	
G	11d90cc	326.15	0	0	
G	11e0f0c	326.16	0	0	
G	18427a0	326.19	0	0	
G	2075bac	326.74	1	17	
G	2081248	326.74	4	9	
G	20815e0	326.74	4	5	
G	1239168	326.77	0	0	
G	12413f4	326.78	0	0	
G	13bb514	326.87	0	0	
G	119ad20	326.88	0	0	
G	119bcf0	326.88	0	0	
G	1286170	326.88	1	1	
G	11a8964	326.89	0	0	
G	11a95ec	326.89	0	0	
G	123be00	326.89	0	1	
G	123bf04	326.89	0	1	
G	123c7fc	326.89	1	5	
G	123cd30	326.89	10	29	
G	123e1f8	326.89	0	0	
G	12413e4	326.89	0	0	
G	1260ac4	326.89	0	1	
G	13bb238	326.89	0	3	
G	18020a4	326.89	3	14	
G	11e0f10	326.90	0	0	
G	11d04a0	326.94	0	0	
G	123bbf4	326.94	0	0	
G	1262330	326.94	1	1	
G	1831dc0	326.94	0	5	
G	1838c68	326.94	0	0	
G	184727c	326.94	1	1	
G	128eaa0	326.95	0	0	
G	1840480	326.95	0	0	
G	184049c	326.95	0	0	
G	1849e34	326.95	0	0	
G	1849e50	326.95	0	0	
G	123273c	326.96	1	1	
G	1233a90	326.96	0	0	
G	1233aa0	326.96	0	1	
G	132e7cc	326.96	0	0	
G	1e542b0	326.96	1	1	
G	1e544c0	326.96	0	0	
G	1e56f38	326.96	1	1	
G	1e56fd0	326.96	0	0	
G	1e59744	326.96	0	0	
G	11a894c	327.06	0	0	
G	11a8b2c	327.06	2	2	
G	11a8c4c	327.06	0	0	
G	11a95a8	327.06	0	0	
G	11a9738	327.06	1	8	
G	1e52748	327.06	1	1	
G	1e559e0	327.06	1	5	
G	1e56a28	327.06	0	0	
G	1e58afc	327.06	0	0	
G	1e5d210	327.06	0	0	
G	1e5fb5c	327.06	0	3	
G	1e60a70	327.06	1	8	
G	1e91d18	327.06	0	0	
G	1fb3308	327.06	0	0	
G	1fb4514	327.06	0	0	
G	1fb8188	327.06	0	0	
G	1fbfd00	327.06	0	0	
G	1fc2650	327.06	0	0	
G	2069a38	327.06	0	0	
G	1259948	327.11	1	1	
G	126fb40	327.11	0	0	
G	1239784	327.13	0	0	
G	1240974	327.13	0	0	
G	12409c0	327.13	1	5	
G	128ebfc	327.13	2	2	
G	13bbf40	327.13	0	1	
G	128b4e0	327.14	2	5	
G	128ec90	327.14	2	2	
G	12952e0	327.14	0	0	
G	1295310	327.14	0	0	
G	129541c	327.14	0	0	
G	1255604	327.26	0	0	
G	125f428	328.13	0	0	
G	128eb38	328.13	0	0	
G	18404a4	328.92	1	1	
G	123c5bc	329.58	0	1	
G	123c7e4	329.58	0	1	
G	1831ef4	329.58	1	1	
G	1eb9b64	329.58	0	0	
G	1ec2720	329.58	0	0	
G	202a5d4	329.58	0	0	
G	20370b0	329.58	0	0	
G	20426a8	329.58	0	0	
G	204434c	329.58	0	0	
G	204706c	329.58	0	0	
G	1f77cec	329.59	0	0	
G	219c324	329.59	1	1	
G	219c59c	329.59	0	0	
G	219c600	329.59	0	0	
G	2363320	329.59	0	0	
G	23c3f2c	329.59	0	0	
G	23cc0e8	329.59	1	1	
G	124140c	330.10	0	0	
G	1849e58	330.59	0	0	
G	1199fc8	332.71	1	1	
G	119a120	332.71	0	0	
G	119b8dc	332.71	0	0	
G	123b008	332.73	0	0	
G	123b074	332.73	2	2	
G	128d3a8	332.73	0	0	
G	13badc0	332.73	0	0	
G	124963c	333.32	0	0	
G	1268948	333.33	0	0	
G	123aff0	334.40	0	0	
G	1235c7c	334.93	0	0	
G	1237220	334.93	0	0	
G	123729c	334.93	0	0	
G	12414b4	334.93	1	1	
G	12416fc	334.93	0	45	
G	12ea1ac	334.93	1	1	
G	12428e0	334.98	0	0	
G	1242eac	334.98	0	0	
G	11df67c	334.99	0	0	
G	1234bd0	334.99	0	0	
G	1235668	334.99	0	0	
G	1241810	334.99	0	0	
G	1242278	334.99	1	3	
G	1242950	334.99	1	7	
G	1242d8c	334.99	0	0	
G	1243008	334.99	1	8	
G	1243048	334.99	0	0	
G	1295240	334.99	0	0	
G	1e6bebc	335.07	0	0	
G	12371ec	335.39	0	0	
G	12415fc	335.39	0	1	
G	2040dc8	335.41	0	0	
G	20410d8	335.41	0	0	
G	2041400	335.41	1	1	
G	21ca21c	335.78	0	0	
G	21cbaa0	335.78	7	7	
G	2350200	335.78	5	5	
G	202de20	336.80	0	0	
G	202dee4	336.80	0	0	
G	203fb64	336.80	0	0	
G	2045884	336.80	0	0	
G	2048d94	336.80	0	0	
G	204a2a8	336.80	0	0	
G	1294be4	337.22	0	0	
G	1eb9c74	338.28	0	0	
G	20413c4	338.44	0	0	
G	24bd444	338.46	0	1	
G	12413c8	345.48	0	0	
G	12595d0	345.90	0	0	
G	126f714	345.90	0	0	
G	119d7a0	345.92	0	0	
G	11fa088	345.92	1	1	
G	1240b2c	345.92	0	3	
G	1240bc4	345.92	1	2	
G	12520e4	345.92	0	0	
G	1259f40	345.92	0	3	
G	1261124	345.92	0	0	
G	128ecb8	345.92	0	0	
G	12bccac	345.92	0	0	
G	13bc078	345.92	0	3	
G	1e61530	345.92	0	0	
G	1289ed0	346.25	0	0	
G	1289ef4	346.25	0	0	
G	11de958	346.27	2	2	
G	1fbe76c	355.89	0	0	
G	1fc1500	355.89	0	0	
G	1eb9cac	364.75	0	0	
G	1f6d6e0	377.45	0	0	
G	1f750ac	377.45	0	0	
G	2234584	377.45	0	0	
G	128e7e4	384.39	0	0	
G	1f751c4	415.02	0	0	
G	2234594	415.02	0	0	
G	1f6c050	415.81	1	1	
G	1289efc	432.52	0	0	
G	11c8c78	435.02	0	0	
G	11c8c94	435.02	0	0	
G	1829b88	435.02	0	1	
G	1833838	435.02	0	0	
G	18340e8	435.02	1	1	
G	1845330	435.02	3	3	
G	1845c50	435.02	0	0	
G	1848dc8	435.02	0	0	
G	1848ef8	435.02	0	0	
G	1def90c	435.02	0	0	
G	1df4ff4	435.02	0	0	
G	1df5054	435.02	0	0	
G	1833420	435.03	0	0	
G	11c8c9c	437.17	0	1	
G	1848f38	437.17	0	0	
G	11a236c	437.18	0	0	
G	1805730	437.18	1	1	
G	18057fc	438.20	1	1	
G	1e8c628	438.20	0	0	
G	1e8c6b4	438.20	0	0	
G	1e8ee54	438.20	0	0	
G	18381a8	438.22	0	1	
G	1198f38	438.24	2	2	
G	11f90f8	438.24	0	0	
G	11f9140	438.24	0	0	
G	1239a4c	438.24	1	1	
G	1241424	438.24	0	0	
G	125155c	438.24	0	7	
G	1251e84	438.24	0	0	
G	1252e74	438.24	0	0	
G	1289eec	438.24	0	0	
G	1289fec	438.24	0	0	
G	128f3bc	438.24	0	0	
G	122d3c4	438.25	1	2	
G	1230cec	438.25	0	0	
G	1230e34	438.25	0	0	
G	1294580	438.25	0	0	
G	1e60b44	438.25	0	0	
G	1293e50	438.26	1	1	
G	2333310	438.26	0	0	
G	11cecc4	438.27	1	1	
G	1eb990c	438.27	1	1	
G	1ebbce8	438.27	0	0	
G	213b828	438.27	0	0	
G	1e88048	438.29	0	0	
G	1e88174	438.29	0	0	
G	1e88760	438.29	0	0	
G	1e88884	438.29	0	0	
G	1e55a98	438.42	1	2	
G	2094e1c	438.42	1	1	
G	1e5fb98	438.43	0	2	
G	1e6f8e8	438.45	0	3	
G	209518c	438.45	0	0	
G	209fe88	438.45	0	0	
G	12397b0	438.47	0	0	
G	1268fc8	438.47	2	2	
G	1269440	438.47	0	2	
G	126c748	438.47	0	0	
G	126c934	438.47	0	0	
G	126e9ec	438.47	0	0	
G	126ea7c	438.47	0	0	
G	126eacc	438.47	0	0	
G	126eb1c	438.47	0	0	
G	20c4894	438.47	1	1	
G	20db298	438.47	0	0	
G	20e171c	438.47	0	0	
G	20ea9e0	438.47	0	0	
G	2129240	438.47	0	0	
G	21337c0	438.47	0	1	
G	2133914	438.47	0	1	
G	213392c	438.47	1	1	
G	21356f8	438.47	1	1	
G	2146bbc	438.47	0	0	
G	21656c0	438.47	0	0	
G	21893fc	438.47	1	1	
G	21aa0d8	438.47	0	0	
G	21aa1d0	438.47	0	0	
G	21ca444	438.47	0	0	
G	21ca5d8	438.47	0	0	
G	2332a7c	438.47	0	0	
G	2333de0	438.47	0	0	
G	23341c4	438.47	0	0	
G	235a470	438.47	0	0	
G	235a640	438.47	0	0	
G	1294494	438.49	0	0	
G	20a12e4	438.49	0	0	
G	233f3b0	438.49	0	0	
G	233f680	438.49	0	0	
G	234262c	438.49	0	0	
G	1e8817c	438.50	0	0	
G	1e882a0	438.50	0	0	
G	1e882a8	438.50	0	0	
G	1e883cc	438.50	0	0	
G	20a1d84	438.50	1	1	
G	233dc18	438.50	0	0	
G	233de44	438.50	0	0	
G	12bd018	438.54	0	0	
G	1289540	438.98	0	0	
G	128ca34	438.98	0	0	
G	128f894	438.98	0	0	
G	1e09940	440.85	0	0	
G	11d3b34	441.08	0	2	
G	11d3ca8	441.08	0	0	
G	11d3cc4	441.08	0	0	
G	1d9e2b8	441.08	1	1	
G	1da1ca8	441.08	1	1	
G	1da1dd8	441.08	1	1	
G	11a2b58	441.09	0	0	
G	125f2e8	441.09	0	0	
G	11c8da0	442.87	0	0	
G	11c8dbc	442.87	0	0	
G	11c8f9c	442.87	0	0	
G	11c8fb8	442.87	0	0	
G	11d3ccc	442.87	0	0	
G	1266cbc	442.87	0	1	
G	1268fa0	442.87	0	0	
G	12907b8	442.87	0	0	
G	129bfe4	442.87	0	0	
G	13ba3d8	442.87	0	0	
G	13bcb98	442.87	0	1	
G	13bd11c	442.87	0	0	
G	13bd694	442.87	0	0	
G	13bd6a0	442.87	0	0	
G	14b3234	442.87	1	1	
G	1831980	442.87	0	0	
G	1834af8	442.87	0	0	
G	1837130	442.87	0	2	
G	1837188	442.87	0	2	
G	183783c	442.87	1	1	
G	1837c78	442.87	0	0	
G	18380cc	442.87	0	0	
G	1845ed0	442.87	0	1	
G	18490d8	442.87	0	0	
G	1849208	442.87	0	0	
G	184b144	442.87	0	1	
G	184b4c8	442.87	1	4	
G	184cb94	442.87	0	2	
G	184fd20	442.87	0	0	
G	184fe50	442.87	0	0	
G	1850a88	442.87	1	2	
G	1850ba4	442.87	0	0	
G	1d964e4	442.87	0	0	
G	1da1680	442.87	0	3	
G	1da1e18	442.87	0	2	
G	1deeae8	442.87	1	1	
G	1df5040	442.87	1	1	
G	1eb6fc0	442.87	0	0	
G	11c8dc4	443.36	0	0	
G	12bf2dc	443.36	0	0	
G	12bf3f0	443.36	0	0	
G	12c3228	443.36	0	0	
G	184fe90	443.36	0	0	
G	1850be4	443.36	0	0	
G	124b174	443.37	0	0	
G	1264458	443.37	0	0	
G	12bf5d4	443.37	5	32	
G	1834dbc	443.37	1	1	
G	1e8c014	443.37	0	0	
G	122ec7c	443.72	2	5	
G	1e55d24	443.72	0	0	
G	11e0540	443.73	0	0	
G	1230f4c	443.73	0	0	
G	1253cec	443.73	0	0	
G	12638ac	443.73	0	0	
G	1266f34	443.73	0	0	
G	12941d0	443.73	0	0	
G	1e61adc	443.73	1	1	
G	122edf0	443.76	0	0	
G	125f564	443.76	0	0	
G	12c055c	443.76	3	14	
G	12c13dc	443.76	0	5	
G	1846784	443.76	1	1	
G	1849598	443.76	0	0	
G	18495b4	443.76	0	0	
G	184b7e4	443.76	1	1	
G	184b880	443.76	0	0	
G	1850590	443.76	0	0	
G	18505ac	443.76	0	0	
G	1dc2b74	443.76	0	0	
G	1deec34	443.76	0	0	
G	12c1f40	443.77	0	0	
G	2106d90	443.81	0	0	
G	2106fa0	443.81	0	0	
G	2164e08	443.81	0	0	
G	2164e48	443.81	1	1	
G	218c54c	443.81	1	1	
G	21ad564	443.81	0	0	
G	21ad5d4	443.81	0	0	
G	21ad6ac	443.81	0	1	
G	21ad888	443.81	0	0	
G	21adac8	443.81	0	0	
G	21adad0	443.81	0	0	
G	21af610	443.81	0	0	
G	21af614	443.81	0	0	
G	1f8ccdc	443.82	0	0	
G	1f9f4d8	443.82	0	0	
G	18495bc	443.91	0	0	
G	12907e0	444.40	0	0	
G	18505b4	444.40	0	0	
G	1d93668	444.40	0	0	
G	1d937fc	444.40	0	2	
G	1d94e24	444.40	3	8	
G	1d9da40	444.40	0	0	
G	1e1114c	444.40	1	3	
G	12907d8	444.41	0	0	
G	1df50b8	444.41	0	0	
G	1ec31b8	444.41	0	0	
G	1da1640	444.46	0	1	
G	1e09b20	444.46	0	0	
G	1e09d50	444.46	0	0	
G	1d9df54	444.48	0	0	
G	21bd844	444.48	0	1	
G	1d9d7ec	444.51	0	0	
G	1d9d950	444.51	0	0	
G	11c8fc0	444.52	0	0	
G	1849248	444.52	0	0	
G	1295270	444.77	0	0	
G	1260084	444.79	0	0	
G	12c33ac	444.79	0	0	
G	12c33c8	444.79	0	0	
G	184c8ec	444.79	0	1	
G	184f850	444.79	1	1	
G	184f980	444.79	0	0	
G	184f9c0	445.44	0	2	
G	11a03bc	445.45	0	0	
G	12c33d0	445.45	0	0	
G	184fbe8	445.45	0	0	
G	184fc04	445.45	0	0	
G	123154c	445.49	1	6	
G	12c0f44	445.49	0	6	
G	1f9f170	445.49	0	0	
G	1fccf18	445.49	0	0	
G	122edd0	445.50	0	0	
G	1230f94	445.50	0	0	
G	1f8633c	445.51	1	2	
G	1f86518	445.51	0	0	
G	1fa3790	445.51	0	0	
G	1fca6c8	445.51	1	1	
G	1fcd3b0	445.51	0	0	
G	20e5ed8	445.51	1	6	
G	235007c	445.51	1	1	
G	184fc0c	446.08	0	0	
G	24be780	446.66	1	1	
G	1f9f57c	447.45	0	0	
G	20699a4	447.45	0	0	
G	2107e1c	447.45	1	1	
G	21adf08	447.45	1	2	
G	1e6befc	447.46	0	0	
G	1f9f1b4	447.46	0	0	
G	2107290	447.46	0	0	
G	21072d8	447.47	3	11	
G	210763c	447.47	1	5	
G	2126244	447.47	0	0	
G	2126270	447.47	1	24	
G	212684c	447.47	0	0	
G	21650f8	447.47	5	9	
G	216b564	447.47	0	0	
G	2173304	447.47	0	0	
G	2173318	447.47	3	18	
G	217dfb0	447.47	10	14	
G	217e500	447.47	3	4	
G	2181c14	447.47	0	0	
G	2181c24	447.47	0	0	
G	21adad8	447.47	0	1	
G	21adc00	447.47	0	0	
G	21adc90	447.47	0	0	
G	21addac	447.47	0	0	
G	2181c44	447.48	0	0	
G	11da3d4	449.75	0	1	
G	11db22c	449.75	1	1	
G	1846634	449.76	1	1	
G	11d9c0c	451.63	0	5	
G	11da2d0	451.63	0	0	
G	11da810	451.63	0	0	
G	11dc3c8	451.63	0	0	
G	11e057c	451.63	0	0	
G	2075f3c	451.63	0	5	
G	2084918	451.63	1	3	
G	2084bb4	451.63	2	2	
G	11e0f04	452.75	0	0	
G	1267f10	455.90	0	0	
G	182973c	455.90	0	1	
G	1832c2c	455.90	1	1	
G	1846a50	455.90	0	0	
G	1849994	455.90	0	0	
G	1849ac4	455.90	0	0	
G	12c31bc	455.91	0	0	
G	12c31d8	455.91	0	0	
G	1840330	455.91	0	0	
G	184034c	455.91	0	0	
G	184cfd0	455.91	0	0	
G	18501b4	455.91	0	0	
G	18502e4	455.91	0	0	
G	1840354	455.97	0	0	
G	1f9f49c	456.04	0	0	
G	203ac34	456.04	0	0	
G	203e6d0	456.04	0	0	
G	2106ef0	456.04	0	0	
G	2107f14	456.05	0	0	
G	24c6210	456.05	0	0	
G	2106de8	456.06	0	0	
G	2164e2c	456.06	1	1	
G	21ad5bc	456.06	0	1	
G	122ede0	456.54	0	0	
G	1230f58	456.54	0	0	
G	12317f4	456.54	0	1	
G	125a480	456.54	0	0	
G	12603a8	456.54	0	0	
G	12c10dc	456.54	0	2	
G	12c11b4	456.54	1	1	
G	12c2c30	456.54	2	15	
G	12c31e0	456.54	0	15	
G	1850324	456.54	0	16	
G	11a8ccc	456.55	0	0	
G	1230f60	456.55	0	0	
G	12907d4	456.55	0	0	
G	12bded4	456.55	0	0	
G	118f294	456.56	1	1	
G	118f3e8	456.56	0	0	
G	118ff38	456.56	0	0	
G	1190560	456.56	0	0	
G	11907c4	456.56	0	0	
G	11dc948	456.56	1	1	
G	12062b0	456.56	0	0	
G	1206bb4	456.56	0	0	
G	120734c	456.56	0	3	
G	1207c84	456.56	0	0	
G	12082f0	456.56	0	2	
G	1208950	456.56	0	0	
G	120ae10	456.56	1	2	
G	120af00	456.56	0	1	
G	1211260	456.56	0	0	
G	12185f0	456.56	1	1	
G	1218f60	456.56	0	0	
G	1227894	456.56	0	0	
G	1229af8	456.56	0	0	
G	12bf32c	456.56	0	0	
G	1832fd4	456.56	0	0	
G	18504b0	456.56	1	1	
G	18504cc	456.56	0	0	
G	11901d0	456.57	0	0	
G	119068c	456.57	1	1	
G	1190f0c	456.57	0	0	
G	1191064	456.57	0	0	
G	18343a4	456.57	0	1	
G	1841920	456.57	1	1	
G	1841ac0	456.57	0	0	
G	1841c78	456.57	1	1	
G	1842d48	456.57	1	1	
G	1842e90	456.57	0	0	
G	1fa8830	456.65	1	1	
G	1190108	457.03	1	1	
G	119032c	457.03	0	0	
G	1190e84	457.03	0	0	
G	119b43c	457.03	0	0	
G	119b1a0	457.05	1	1	
G	119a904	457.07	1	1	
G	119a934	457.07	0	1	
G	119b4d8	457.07	0	0	
G	118e848	457.13	0	0	
G	118e978	457.13	0	0	
G	119ac44	457.15	0	0	
G	119bb90	457.15	0	0	
G	11a8a20	457.17	0	0	
G	123e280	457.17	0	0	
G	123e588	457.17	0	0	
G	123ec68	457.17	3	6	
G	1240744	457.17	0	0	
G	13bb814	457.17	1	1	
G	1f9f264	457.17	0	0	
G	18504d4	457.19	0	0	
G	2038598	457.19	0	0	
G	2038890	457.19	0	0	
G	2038b84	457.19	0	0	
G	11aa340	457.22	0	1	
G	11aa7e8	457.22	0	0	
G	1262480	457.22	0	0	
G	128ee2c	457.22	1	1	
G	1e54380	457.22	0	0	
G	1e54a9c	457.22	0	0	
G	1e56f84	457.22	0	0	
G	1e571d0	457.22	0	0	
G	1e5990c	457.22	0	0	
G	128ba8c	457.24	2	2	
G	2094180	457.29	0	1	
G	2094218	457.29	0	0	
G	2094424	457.29	1	1	
G	1849b04	457.54	1	1	
G	1293840	458.55	0	0	
G	12938fc	458.55	0	0	
G	12938c8	458.57	0	0	
G	1293a3c	458.57	0	0	
G	1293aa8	458.57	0	5	
G	2127808	458.62	1	1	
G	18420bc	458.87	0	0	
G	184212c	458.87	0	0	
G	1235804	459.17	0	0	
G	123583c	459.17	0	0	
G	1241ae0	459.17	1	1	
G	1842130	459.19	0	0	
G	1841db0	459.21	0	0	
G	1841dcc	459.21	0	0	
G	1841dd4	459.43	1	1	
G	119d5d0	459.65	0	0	
G	125f8c0	460.50	0	0	
G	125ffe4	460.50	0	0	
G	1e7e8a8	460.50	0	0	
G	118ef20	460.52	0	0	
G	118f6b8	461.55	0	0	
G	118f844	461.55	0	0	
G	118fb50	461.55	1	1	
G	118fc68	461.55	0	0	
G	11a8280	463.04	0	0	
G	1e7267c	463.04	0	0	
G	1496008	463.08	0	0	
G	1496024	463.08	0	0	
G	16c2ca0	463.08	1	2	
G	16c5328	463.08	1	1	
G	16c54d4	463.08	0	0	
G	16c32a4	463.21	0	0	
G	123e2e0	463.68	0	0	
G	123e570	463.68	0	0	
G	11a235c	465.64	0	0	
G	1828c4c	465.64	0	0	
G	1829078	465.64	0	0	
G	2038ae8	466.59	0	0	
G	12410cc	467.40	0	2	
G	124146c	467.40	0	0	
G	125bc00	467.40	0	0	
G	128eed4	467.40	0	0	
G	1294bf4	467.40	0	0	
G	1848ab4	467.40	1	1	
G	12600f0	467.41	0	0	
G	128c10c	467.41	0	0	
G	122ea60	467.43	1	5	
G	129a664	467.43	0	4	
G	1e5a050	467.43	0	0	
G	1fcad88	467.43	0	0	
G	1fe43d4	467.43	0	0	
G	1fe44cc	467.43	0	0	
G	1fcb2d8	467.44	0	0	
G	1838c5c	467.45	0	0	
G	1fa0280	468.92	0	0	
G	1fca700	468.92	0	0	
G	1fcb310	469.81	0	0	
G	183fc40	470.40	0	0	
G	1fa37c8	471.11	0	0	
G	12c66fc	471.48	0	0	
G	12c672c	471.48	0	0	
G	12c6990	471.48	0	0	
G	148fcf4	471.48	0	0	
G	1965264	471.48	0	0	
G	122ea50	471.51	0	0	
G	122d37c	471.53	0	0	
G	129a3dc	471.53	0	0	
G	1803b80	471.53	0	0	
G	1f26d20	471.54	0	0	
G	1803a90	471.55	0	0	
G	206d0ac	471.68	0	0	
G	206d2a4	471.68	0	0	
G	20968ec	471.68	1	1	
G	20984ec	471.68	0	0	
G	209854c	471.68	0	0	
G	2098658	471.68	0	0	
G	209876c	471.68	0	0	
G	2098bc0	471.68	0	0	
G	21d4864	471.68	0	0	
G	231cd68	471.68	1	1	
G	231e904	471.68	0	0	
G	231fdec	471.68	0	0	
G	233171c	471.68	0	0	
G	129a314	471.69	0	1	
G	129a3a8	471.70	0	0	
G	1803830	471.70	0	0	
G	2129d18	471.74	1	1	
G	1e6f768	471.75	0	0	
G	1e6f8e0	471.75	0	0	
G	1e6f858	471.76	1	3	
G	1d11db8	471.77	0	0	
G	1d121d8	471.77	1	10	
G	1745d1c	471.78	0	0	
G	1d1e9ec	471.78	0	0	
G	1d1a3e4	471.79	5	7	
G	1e6f5a4	471.79	0	2	
G	1e6f8c8	471.79	0	0	
G	1e74794	471.79	0	0	
G	21d0ca0	471.79	0	0	
G	11987c0	471.81	0	0	
G	11987cc	471.81	0	0	
G	11a6b2c	471.81	0	0	
G	11a6b38	471.81	0	0	
G	1230a00	471.81	0	0	
G	1230a0c	471.81	0	0	
G	12bc968	471.81	0	0	
G	12bc974	471.81	0	0	
G	12e0e7c	471.81	0	0	
G	12e0e88	471.81	0	0	
G	13086e0	471.81	0	0	
G	1308714	471.81	0	0	
G	1e8c204	471.81	0	0	
G	11a4370	471.82	0	0	
G	11b8b74	471.82	0	0	
G	11b8c20	471.82	1	1	
G	11c3a94	471.82	0	0	
G	11ca060	471.82	0	2	
G	11ca0cc	471.82	0	1	
G	11d4e14	471.82	0	0	
G	11d5c90	471.82	0	0	
G	11d974c	471.82	1	1	
G	11ded14	471.82	0	0	
G	122d304	471.82	0	0	
G	129fcec	471.82	0	0	
G	129fe28	471.82	0	0	
G	180372c	471.82	0	0	
G	1820f74	471.82	0	1	
G	1e889b8	471.86	0	0	
G	1e88adc	471.86	0	0	
G	1820f90	471.89	0	0	
G	1843328	471.93	0	0	
G	184a1fc	471.93	0	0	
G	184aaf4	471.93	0	0	
G	1850dac	471.93	0	0	
G	1ca4394	471.93	0	0	
G	170582c	471.96	0	0	
G	173b300	471.96	3	3	
G	1d12b10	471.96	7	41	
G	1d207cc	471.96	0	0	
G	1d207e8	471.96	0	0	
G	1d208bc	471.96	0	0	
G	1d208d8	471.96	0	0	
G	1d20990	471.96	0	0	
G	1d209ac	471.96	0	0	
G	170fa6c	471.97	0	1	
G	170fe2c	471.97	0	0	
G	1752564	471.97	1	1	
G	1af3658	471.97	0	1	
G	1af3904	471.97	0	1	
G	1af3c88	471.97	0	0	
G	1af3db8	471.97	0	2	
G	1af47ac	471.97	1	1	
G	1af4a1c	471.97	0	0	
G	1af5740	471.97	0	0	
G	1af59b8	471.97	0	0	
G	1af6698	471.97	1	1	
G	1af88dc	471.97	0	0	
G	1d189d4	471.97	1	2	
G	1d20ca0	471.97	0	0	
G	1d20cbc	471.97	0	0	
G	1d20d2c	471.97	0	0	
G	1704a20	471.98	0	3	
G	1723978	471.98	0	0	
G	17288f8	471.98	0	0	
G	1af344c	471.98	1	1	
G	1af4c8c	471.98	1	2	
G	1af5414	471.98	0	0	
G	1afa92c	471.98	0	0	
G	1d214d4	471.98	0	0	
G	1d218a0	471.98	0	0	
G	1dcc3d0	471.98	0	0	
G	1df2fb8	471.98	0	0	
G	1df79e0	471.98	0	0	
G	171b4b0	471.99	0	0	
G	1729f00	471.99	0	0	
G	1729ff4	471.99	0	8	
G	172b0f8	471.99	0	0	
G	172bae0	471.99	0	0	
G	172d678	471.99	0	0	
G	172d758	471.99	0	0	
G	199cd8c	471.99	0	0	
G	1d21ea0	471.99	0	0	
G	1d21ebc	471.99	0	0	
G	1dc2de8	471.99	0	0	
G	1dd7394	471.99	0	0	
G	1dd7424	471.99	0	0	
G	1dd7568	471.99	1	1	
G	1dd7858	471.99	1	1	
G	18206f0	472.00	1	1	
G	1820f24	472.00	0	1	
G	1dee7cc	472.00	0	0	
G	1d22288	472.29	0	0	
G	1d222a4	472.29	0	0	
G	1d222ac	472.44	0	0	
G	1d22464	472.46	0	0	
G	1d22480	472.46	0	0	
G	1d1e9a4	472.78	0	0	
G	1d22488	472.78	0	0	
G	1d1cf98	472.79	2	2	
G	1d1ea3c	472.79	0	0	
G	1d22f38	472.79	0	0	
G	1d22f40	472.79	0	0	
G	1d241d4	472.79	0	0	
G	1d22f1c	472.81	0	0	
G	1d1d3cc	473.03	0	0	
G	1d207f0	473.03	1	1	
G	180cb6c	473.05	0	0	
G	1d23470	473.05	0	0	
G	1d2348c	473.05	0	0	
G	1d23494	473.59	0	0	
G	1d236b0	473.62	0	0	
G	1d236cc	473.62	0	0	
G	180cce4	473.69	0	0	
G	1d236d4	473.69	0	0	
G	1d2387c	473.69	0	0	
G	1d23898	473.69	0	0	
G	1d238a0	473.84	0	0	
G	1d239cc	473.84	0	0	
G	1d239e8	473.84	0	0	
G	1d239f0	474.16	0	0	
G	1d20cc4	481.05	0	0	
G	1d240d0	481.05	0	0	
G	1d240ec	481.05	0	0	
G	199a71c	481.11	0	0	
G	1d240f4	481.11	0	0	
G	181f1b0	481.47	0	0	
G	199824c	481.47	0	0	
G	19984f4	481.47	1	3	
G	199cb98	481.47	0	0	
G	181f3c4	481.48	0	0	
G	199aff8	481.48	0	0	
G	1d12b08	481.55	0	0	
G	1eb5b34	481.55	0	1	
G	1eb5b8c	481.55	1	1	
G	1d11efc	481.58	0	0	
G	1d12188	481.58	1	1	
G	1998688	481.65	1	6	
G	1721b28	481.66	0	0	
G	1721b2c	481.66	0	0	
G	199860c	481.66	0	0	
G	199d3b8	481.66	0	0	
G	199d3d4	481.66	0	0	
G	1cb4848	481.66	0	0	
G	17bd740	481.72	0	0	
G	17bdcac	481.73	0	0	
G	1998678	481.73	0	0	
G	1cb4910	481.73	0	0	
G	12c6f30	481.77	0	0	
G	17bd694	481.77	0	0	
G	181f1b4	481.77	0	0	
G	199837c	481.77	1	1	
G	19984a4	481.77	0	1	
G	1e4851c	481.77	0	0	
G	17c96dc	590.02	0	0	
G	17c9858	590.02	0	0	
G	1494f74	590.03	0	0	
G	17c9860	590.03	1	35	
G	17ca22c	590.03	0	0	
G	17ca240	590.03	0	0	
G	17ca248	590.03	0	0	
G	17ca2f4	590.03	0	0	
G	17ca310	590.03	0	0	
G	17ca318	590.05	0	0	
G	185fa10	590.06	0	0	
G	1bd72c0	590.06	0	0	
G	1caeedc	590.06	0	0	
G	19eddc0	590.07	0	0	
G	1bd8814	590.07	1	6	
G	1bf0378	590.07	0	0	
G	1bf0394	590.07	0	0	
G	1bf0454	590.07	0	0	
G	1bf0470	590.07	0	0	
G	1bf0534	590.07	0	0	
G	1bf0550	590.07	0	0	
G	1d93218	590.07	0	0	
G	1d958fc	590.07	1	1	
G	1d95ba4	590.07	0	1	
G	1385554	590.08	1	1	
G	1b21310	590.08	0	0	
G	1ea8950	590.15	0	0	
G	171f6dc	590.26	1	2	
G	17222dc	590.26	0	1	
G	17225cc	590.26	1	1	
G	1796a7c	590.26	1	1	
G	1796c38	590.26	0	0	
G	1bd9470	590.26	1	11	
G	1bf1ac8	590.26	0	0	
G	1bf1ae4	590.26	0	0	
G	1bf1d68	590.26	0	0	
G	1bf1d84	590.26	0	0	
G	1bf1e44	590.26	0	0	
G	1bf1e60	590.26	0	0	
G	1bf2198	590.26	0	0	
G	1bf21b4	590.26	0	0	
G	1bf2408	590.26	0	0	
G	1bf2424	590.26	0	0	
G	1bf2690	590.26	0	0	
G	1bf26ac	590.26	0	0	
G	1df0ce4	590.26	0	1	
G	171cc84	590.27	1	1	
G	171eb68	590.27	0	6	
G	171ef64	590.27	0	1	
G	1720270	590.27	0	7	
G	17202c8	590.27	0	6	
G	1720c8c	590.27	0	0	
G	1720cb8	590.27	0	0	
G	1745bd0	590.27	1	1	
G	1779c2c	590.27	0	0	
G	179507c	590.27	2	3	
G	1795640	590.27	0	0	
G	1796a4c	590.27	0	0	
G	1796a58	590.27	0	0	
G	1be42a8	590.27	0	0	
G	1be43a8	590.27	1	14	
G	1bf27c0	590.27	0	0	
G	1bf282c	590.27	0	0	
G	1bf3014	590.27	0	0	
G	1bf3080	590.27	0	0	
G	1bf30cc	590.27	0	0	
G	1bf3138	590.27	0	0	
G	1bf87d8	590.27	1	1	
G	1bf8954	590.27	0	0	
G	1defcf8	590.27	0	0	
G	1766c24	590.28	0	1	
G	1789c48	590.28	0	0	
G	1789c54	590.28	0	0	
G	179370c	590.28	0	0	
G	1793718	590.28	0	0	
G	1be459c	590.28	0	1	
G	17150f0	590.29	0	1	
G	1789c78	590.29	1	1	
G	178aa50	590.29	0	0	
G	1bda5c4	590.29	1	9	
G	1be47c4	590.29	0	10	
G	1be9d94	590.29	0	0	
G	1bf366c	590.29	0	0	
G	1bf36dc	590.29	0	0	
G	1bf3954	590.29	0	0	
G	1bf3970	590.29	0	0	
G	1bf8b10	590.29	0	0	
G	1bf3d6c	590.30	0	0	
G	1bf3d88	590.30	0	0	
G	1bf42cc	590.30	0	0	
G	1bf42e8	590.30	0	0	
G	1bf43fc	590.30	0	0	
G	1bf4418	590.30	0	0	
G	1bf45f4	590.30	0	0	
G	1bf4610	590.30	0	0	
G	1bf47ec	590.30	0	0	
G	1bf4808	590.30	0	0	
G	1bf4a90	590.30	0	0	
G	1bf4ab4	590.30	0	0	
G	1bf4bfc	590.30	0	0	
G	1bf4c18	590.30	0	0	
G	1bf4c98	590.30	0	0	
G	1bf4cb4	590.30	0	0	
G	1bf4d34	590.30	0	0	
G	1bf4d50	590.30	0	0	
G	1bf4dc0	590.30	0	0	
G	1bf4ddc	590.30	0	0	
G	1bf5c88	590.30	0	0	
G	1bf5cac	590.30	0	0	
G	1bf6164	590.30	0	0	
G	1bf6180	590.30	0	0	
G	1bf6408	590.30	0	0	
G	1bf6424	590.30	0	0	
G	1bf66ac	590.30	0	0	
G	1bf66c8	590.30	0	0	
G	1bf6908	590.30	0	0	
G	1bf6924	590.30	0	0	
G	1dedab4	590.30	1	1	
G	1def430	590.30	0	1	
G	139904c	590.32	1	1	
G	1bf6a4c	590.33	0	0	
G	1bf6a68	590.33	0	0	
G	1bf6f68	590.33	0	0	
G	1bf6f84	590.33	0	0	
G	1bf701c	590.33	0	0	
G	1bf7038	590.33	0	0	
G	1bf713c	590.33	0	0	
G	1bf7158	590.33	0	0	
G	1bf7210	590.33	0	0	
G	1bf722c	590.33	0	0	
G	1bf7a08	590.33	0	0	
G	1bf7a24	590.33	0	0	
G	1dd0e68	590.33	0	0	
G	1ea9a28	590.33	0	2	
G	1eaa0d8	590.33	1	1	
G	1eaa0fc	590.33	0	0	
G	1eaa324	590.33	0	0	
G	1eaa340	590.33	0	0	
G	1bf7b2c	590.34	0	0	
G	1bf7b48	590.34	0	0	
G	1bf7c4c	590.34	0	0	
G	1bf7c68	590.34	0	0	
G	1bf7e28	590.35	0	0	
G	1bf7e44	590.35	0	0	
G	1bf7ee4	590.35	0	0	
G	1bf7f00	590.35	0	0	
G	1bf7fa0	590.35	0	0	
G	1bf7fbc	590.35	0	0	
G	1bf8098	590.35	0	0	
G	1bf80b4	590.35	0	0	
G	1bf8178	590.36	0	0	
G	1bf8194	590.36	0	0	
G	1bf822c	590.36	0	0	
G	1bf8248	590.36	0	0	
G	1bf82e0	590.36	0	0	
G	1bf82fc	590.36	0	0	
G	164d8fc	590.37	0	0	
G	164d900	590.37	0	0	
G	16b75b4	590.37	0	0	
G	1766afc	590.37	0	0	
G	17ca460	590.37	0	0	
G	185fb84	590.37	1	8	
G	1be5dd4	590.37	0	1	
G	1caf140	590.37	0	0	
G	1caf248	590.37	3	3	
G	1d958a0	590.37	0	0	
G	1d96078	590.37	0	0	
G	1de1f48	590.37	0	1	
G	1de20f4	590.37	0	0	
G	1bf4d58	590.38	0	0	
G	1be8560	590.52	1	1	
G	1be9988	590.52	1	1	
G	1be93bc	590.86	0	1	
G	1be8640	590.87	0	0	
G	1bfb510	590.87	0	0	
G	1bfb52c	590.87	0	0	
G	1dcead8	590.87	1	2	
G	1bf039c	591.39	0	2	
G	1d9e9a0	591.39	1	3	
G	1e09a04	591.39	0	0	
G	1bfb534	591.83	0	0	
G	1e0c560	598.41	0	0	
G	1ab5bcc	598.81	0	0	
G	1e0c8c0	598.81	0	0	
G	1bf36e0	599.63	1	1	
G	1bf3848	599.63	0	0	
G	1bf38a8	599.63	0	0	
G	1da2444	599.63	1	10	
G	1be8744	599.79	0	0	
G	1beb004	599.79	0	1	
G	1bf38ac	599.79	0	0	
G	1bfb06c	599.79	0	0	
G	1bfb088	599.79	0	0	
G	1bfb5f4	599.79	0	0	
G	1bfb610	599.79	0	0	
G	1de711c	599.79	0	1	
G	1decaf0	599.79	0	0	
G	1bfb618	600.77	0	0	
G	1bfb090	601.79	0	0	
G	1bfb154	601.79	0	0	
G	1bfb170	601.79	0	0	
G	1be6288	601.81	5	51	
G	1bfb178	601.81	0	33	
G	160cde4	601.82	0	0	
G	160cde8	601.82	0	0	
G	17108d0	601.82	0	0	
G	1710cf8	601.82	0	10	
G	171b8f4	601.82	0	3	
G	171c09c	601.82	1	4	
G	171d0b8	601.82	1	2	
G	171d280	601.82	1	1	
G	171d5e4	601.82	0	0	
G	1745b10	601.82	0	0	
G	1788584	601.82	0	0	
G	179373c	601.82	0	0	
G	17938b4	601.82	0	0	
G	1ad2dcc	601.82	0	0	
G	1ae4d54	601.82	0	0	
G	1bdaa34	601.82	3	26	
G	1bf8e98	601.82	0	0	
G	1ddbd94	601.82	0	4	
G	1ddbec4	601.82	0	4	
G	1ddc350	601.82	0	0	
G	1710a84	601.83	1	1	
G	17110bc	601.83	0	0	
G	171da6c	601.83	0	0	
G	1720d28	601.83	0	0	
G	17231c0	601.83	0	0	
G	17883a4	601.83	0	0	
G	1788554	601.83	0	0	
G	1788560	601.83	1	1	
G	17885ec	601.83	0	0	
G	1788794	601.83	0	0	
G	179456c	601.83	0	0	
G	1794578	601.83	0	0	
G	1bead9c	601.83	0	0	
G	1bf9118	601.83	1	1	
G	1bf9604	601.83	0	0	
G	1bf99d8	601.83	0	0	
G	1dd168c	601.83	0	0	
G	1dd3724	601.83	0	1	
G	1e059e8	601.83	1	1	
G	1be8328	601.84	1	1	
G	1bea738	601.84	0	1	
G	1bea88c	601.84	0	0	
G	1beaa64	601.84	0	0	
G	1beaba8	601.84	1	1	
G	1bfb250	601.84	0	0	
G	1bfb26c	601.84	0	0	
G	1bfb68c	601.84	0	0	
G	1bfb6a8	601.84	0	0	
G	1bfb6b0	601.84	0	0	
G	1bfb7ec	601.84	0	0	
G	1bfb808	601.84	0	0	
G	1bfb810	601.84	2	2	
G	1bfc698	601.84	0	0	
G	1bfc6bc	601.84	0	0	
G	1eadaa0	601.84	0	0	
G	1bfb274	601.95	0	1	
G	1bfb334	601.95	0	0	
G	1bfb350	601.95	0	0	
G	1bfb358	602.28	0	0	
G	1bfb41c	602.28	0	0	
G	1bfb438	602.28	0	0	
G	1bfb440	602.28	0	0	
G	1bf0478	602.32	0	1	
G	1da1368	602.32	0	0	
G	1da137c	602.32	0	0	
G	1da13d8	602.32	0	0	
G	1da13ec	602.32	0	0	
G	1da1448	602.32	0	0	
G	1da145c	602.32	0	0	
G	1ebdae8	602.32	0	0	
G	1ebdb40	602.32	0	0	
G	1da1384	611.56	0	0	
G	1da1464	611.61	0	0	
G	185fa30	611.64	0	0	
G	1ada750	611.64	0	5	
G	1bea334	611.64	0	0	
G	1bfafdc	611.64	0	0	
G	1bfaff8	611.64	0	0	
G	1bfb000	611.64	0	0	
G	1bfc6c4	611.64	0	1	
G	1bfd1d4	611.64	0	0	
G	1bfd1f0	611.64	0	0	
G	1da13f4	611.64	0	0	
G	1df389c	611.64	1	4	
G	1df3d24	611.64	1	5	
G	1bfd1f8	611.65	0	0	
G	1df3f70	611.65	0	0	
G	1bf0558	612.22	0	1	
G	1bf7c70	614.65	0	1	
G	1caf438	614.97	1	1	
G	1be9c50	614.99	0	3	
G	1caf35c	614.99	1	1	
G	17ca1a4	615.02	0	0	
G	1bf31f8	615.05	0	0	
G	1da2404	615.05	0	0	
G	1e0461c	615.05	0	0	
G	1e04914	615.05	0	0	
G	1e09f80	615.05	0	0	
G	1ea8a54	615.05	0	1	
G	1ebd988	615.05	0	1	
G	1be9d54	615.07	0	0	
G	1d95084	615.12	0	0	
G	1bd753c	615.15	1	2	
G	1bd7e0c	615.15	0	0	
G	1bd7ed4	615.15	0	0	
G	1bd7fac	615.15	0	2	
G	17c9790	615.16	0	0	
G	17c9840	615.16	1	1	
G	17c985c	615.16	0	0	
G	1352c94	625.70	0	2	
G	1354828	635.27	1	1	
G	13549d4	635.27	0	0	
G	13549f0	635.27	0	0	
G	13549f8	635.40	0	0	
G	1354a94	637.28	0	1	
G	1354bc8	637.28	0	0	
G	1354be4	637.28	0	0	
G	1354bec	637.43	0	3	
G	1361e28	637.43	0	0	
G	1bf0624	638.58	0	0	
G	1bf0640	638.58	0	0	
G	1bf06d4	638.58	0	0	
G	1bf06f0	638.58	0	0	
G	196427c	639.33	0	0	
G	1bf83cc	639.33	0	0	
G	1bf8458	639.33	0	0	
G	1bf8644	639.33	0	0	
G	1bf86c8	639.33	0	0	
G	1caf150	639.33	0	0	
G	1bf0648	639.86	0	0	
G	1bf06f8	647.11	0	0	
G	19eee60	649.93	0	0	
G	19eefc4	649.93	0	6	
G	1be9bcc	649.93	0	0	
G	1621334	650.49	0	0	
G	1621338	650.49	0	0	
G	162ff40	650.49	0	0	
G	162ff44	650.49	0	0	
G	16554a8	650.49	0	0	
G	16554ac	650.49	1	1	
G	1661b20	650.49	0	0	
G	1661b24	650.49	0	0	
G	17c3ac4	650.52	0	0	
G	17c3b9c	650.52	0	0	
G	16928d8	650.54	0	0	
G	16928dc	650.54	0	0	
G	16928e0	650.54	0	4	
G	16929cc	650.54	1	5	
G	1692de0	650.54	1	1	
G	17461b0	650.54	0	0	
G	17461d8	650.54	0	0	
G	17ba9f0	650.54	0	0	
G	1854c10	650.54	0	0	
G	19f0408	650.54	0	0	
G	1ac77d8	650.54	1	10	
G	1ac8444	650.54	0	5	
G	1ac8644	650.54	0	0	
G	1ac91dc	650.54	1	11	
G	1ae0f4c	650.54	0	10	
G	1dc5948	650.54	0	0	
G	21e8630	650.54	0	0	
G	21e863c	650.54	0	0	
G	21ebc64	650.54	0	2	
G	19f0560	650.55	0	0	
G	19f09b4	650.55	1	1	
G	1ae10c0	650.55	0	0	
G	1df8204	650.55	0	0	
G	1df82f4	650.55	0	0	
G	1412b54	650.60	0	0	
G	151aa6c	650.60	1	1	
G	1592428	650.60	0	0	
G	15925dc	650.60	0	0	
G	159262c	650.60	0	0	
G	159272c	650.60	0	0	
G	16270a8	650.60	0	0	
G	1dda204	650.60	1	4	
G	16270ac	650.61	0	0	
G	16716b4	650.61	0	0	
G	16716b8	650.61	0	0	
G	16af200	650.61	0	0	
G	191fad4	650.61	0	0	
G	19f1b34	650.61	0	0	
G	1a020d0	650.61	1	2	
G	1a02284	650.61	0	0	
G	1a02354	650.61	1	1	
G	1ad0260	650.61	0	1	
G	1ad0284	650.61	1	1	
G	1dda374	650.61	0	0	
G	16af204	650.62	0	0	
G	15c1600	650.79	0	0	
G	15c1604	650.79	0	0	
G	1854ea0	650.79	1	1	
G	1855118	650.79	0	2	
G	18553e8	650.79	1	1	
G	18571c0	650.79	0	0	
G	19f1fc8	650.79	0	0	
G	1ded46c	650.79	0	0	
G	1def21c	650.79	0	0	
G	1856e34	650.80	1	1	
G	185b88c	650.80	0	0	
G	1cf0a68	650.80	0	0	
G	1deb328	650.80	0	0	
G	1deb338	650.80	0	0	
G	1df0ff8	650.80	1	1	
G	1df11a8	650.80	0	0	
G	1df2abc	650.80	0	0	
G	1e0a9a0	650.80	0	0	
G	1e0aca8	650.80	0	0	
G	137030c	650.81	0	1	
G	1379488	650.81	1	2	
G	1379c64	650.81	1	1	
G	1672850	650.81	0	0	
G	1672854	650.81	0	0	
G	1763b00	650.81	0	0	
G	18582dc	650.81	0	0	
G	1ab5a10	650.81	0	0	
G	1e0fd78	650.81	0	0	
G	1379ee0	650.82	0	0	
G	137a278	650.82	1	3	
G	137abf8	650.82	0	3	
G	138c7fc	650.82	0	0	
G	138caf0	650.82	0	0	
G	138cd08	650.82	0	0	
G	1390a7c	650.82	0	0	
G	1390a98	650.82	0	0	
G	1763ebc	650.82	0	0	
G	176418c	650.82	0	0	
G	1bc4dd0	650.82	0	0	
G	1622310	650.83	0	0	
G	1622314	650.83	0	0	
G	1623ff4	650.83	0	0	
G	1623ff8	650.83	0	0	
G	1743304	650.83	0	0	
G	1766250	650.83	0	0	
G	185e90c	650.83	0	0	
G	185e928	650.83	0	0	
G	1ab85cc	650.83	0	0	
G	1ac92c4	650.83	1	5	
G	1df6c1c	650.83	0	0	
G	13765d4	650.84	0	0	
G	13f868c	650.84	0	0	
G	162050c	650.84	0	0	
G	1620510	650.84	1	1	
G	1721048	650.84	0	0	
G	17480a8	650.84	0	0	
G	1748298	650.84	2	5	
G	1748ccc	650.84	0	0	
G	1748e54	650.84	0	0	
G	1749338	650.84	0	0	
G	17a44b8	650.84	0	1	
G	17a462c	650.84	1	1	
G	17a482c	650.84	0	0	
G	17a48fc	650.84	0	0	
G	19ee98c	650.85	0	0	
G	122dea0	651.00	0	1	
G	137b800	651.00	0	2	
G	137bb20	651.00	0	0	
G	13b1d94	651.00	1	1	
G	13b25ac	651.00	0	2	
G	13b649c	651.00	1	1	
G	16488b4	651.05	1	1	
G	1649360	651.05	0	0	
G	137acb0	651.12	0	45	
G	13b2974	651.12	0	0	
G	13b3264	651.12	0	45	
G	13b32e4	651.12	0	0	
G	13b33dc	651.12	3	45	
G	13b54dc	651.12	1	1	
G	13b2a0c	651.15	1	2	
G	13b2c3c	651.15	0	0	
G	13b60e8	651.15	0	0	
G	164b8dc	651.15	0	0	
G	164b8e0	651.15	0	0	
G	137bc04	651.30	0	1	
G	137b248	651.36	0	0	
G	13b710c	651.36	1	1	
G	2165bb8	651.36	0	0	
G	13b6224	651.40	1	1	
G	13b6bcc	651.40	0	0	
G	1e0d1a0	651.40	0	0	
G	1e0d5bc	651.40	0	0	
G	1e0fab0	651.40	0	0	
G	1185270	651.41	0	0	
G	1344700	651.41	0	0	
G	137bea8	651.41	3	3	
G	137cd7c	651.41	0	0	
G	137cebc	651.41	0	0	
G	138332c	651.41	1	1	
G	1385148	651.41	1	1	
G	13869c0	651.41	0	0	
G	138b818	651.41	1	1	
G	138b908	651.41	0	0	
G	1390ad0	651.41	0	0	
G	1384d4c	651.45	0	0	
G	1390aa0	651.93	0	0	
G	1386db0	658.84	0	0	
G	17d17cc	664.11	0	0	
G	17d17e4	664.11	0	0	
G	17d0998	664.13	0	20	
G	17d0efc	664.13	0	19	
G	1cf8b4c	664.13	0	0	
G	1cf8d4c	664.13	0	0	
G	1dde298	664.13	1	1	
G	148fcfc	664.15	0	0	
G	1cf8d78	664.15	1	405	
G	17091f8	664.17	0	0	
G	1593114	664.32	0	0	
G	1cf8d6c	664.32	0	0	
G	1cf8e80	664.32	0	0	
G	1dde214	664.32	0	0	
G	1dde488	664.32	0	0	
G	1df8790	664.32	0	3	
G	1e12f18	664.32	1	4	
G	1e165f8	664.32	1	1	
G	1e16eec	664.32	0	0	
G	1e16f08	664.32	0	0	
G	1e2d0a0	664.32	1	3	
G	1f7d828	664.32	2	2	
G	1e14ac8	664.33	0	0	
G	1e2ce88	664.33	0	0	
G	1e310b8	664.33	0	0	
G	1e31164	664.33	0	388	
G	1f771ec	664.33	0	0	
G	1961314	664.72	1	2	
G	1962060	664.72	0	1	
G	1963b54	664.72	0	0	
G	1964758	664.72	0	0	
G	1cf8ec4	664.72	0	0	
G	1cf8ee0	664.72	0	0	
G	1e2cf20	664.72	0	0	
G	1e2cf28	664.72	0	0	
N	<coverage>		6	6	0
N	@0x1149238		295	295	531
N	@0x14954cc		0	5	1
N	@0x1495a8c		0	55	1
N	@0x1495bac		0	4	4
N	@0x1495dec		0	51	1
N	@0x149602c		0	7	1
N	@0x14960bc		0	5	4
N	@0x1498280		0	4	8
N	@0x1498310		0	31	1
N	@0x14983a0		0	0	2
N	AssetPackDownloadState_destroy		0	0	4
N	AssetPackDownloadState_getBytesDownloaded		0	0	4
N	AssetPackDownloadState_getStatus		0	0	4
N	AssetPackDownloadState_getTotalBytesToDownload		0	0	4
N	AssetPackLocation_destroy		0	0	2
N	AssetPackLocation_getAssetsPath		0	0	2
N	AssetPackLocation_getStorageMethod		0	0	2
N	AssetPackManager_getAssetPackLocation		0	0	2
N	AssetPackManager_getDownloadState		0	0	4
N	AssetPackManager_requestDownload		0	0	1
N	AssetPackManager_requestInfo		0	2	1
N	_Z17CreateParticle_MCPKN4Aska3AFF18AsfParticleEmitterEj		0	0	378
N	_Z17CreateParticle_MRPKN4Aska3AFF18AsfParticleEmitterEj		0	0	82
N	_Z18CreateParticle_MCTPKN4Aska3AFF18AsfParticleEmitterEj		3	10	378
N	_Z18CreateParticle_MRCPKN4Aska3AFF18AsfParticleEmitterEj		0	0	378
N	_Z18CreateParticle_MRTPKN4Aska3AFF18AsfParticleEmitterEj		0	0	82
N	_Z18searchByTreeNameExIPN9Framework5Cocos10CCocosNodeEET_S3_PKc		258	258	20311
N	_Z18searchByTreeNameExIPN9Framework5Cocos11CCocosImageEET_PNS1_10CCocosNodeEPKc		0	0	427
N	_Z18searchByTreeNameExIPN9Framework5Cocos11CCocosLabelEET_PNS1_10CCocosNodeEPKc		0	0	39
N	_Z18searchByTreeNameExIPN9Framework5Cocos11CCocosPanelEET_PNS1_10CCocosNodeEPKc		0	0	224
N	_Z18searchByTreeNameExIPN9Framework5Cocos12CCocosButtonEET_PNS1_10CCocosNodeEPKc		0	0	212
N	_Z18searchByTreeNameExIPN9Framework5Cocos12CCocosSpriteEET_PNS1_10CCocosNodeEPKc		0	0	65
N	_Z18searchByTreeNameExIPN9Framework5Cocos16CCocosAtlasLabelEET_PNS1_10CCocosNodeEPKc		95	95	24074
N	_Z18searchByTreeNameExIPN9Framework5Cocos16CCocosScrollViewEET_PNS1_10CCocosNodeEPKc		0	0	228
N	_Z18searchByTreeNameExIPN9Framework5Cocos17CCocosProgressBarEET_PNS1_10CCocosNodeEPKc		0	0	54
N	_Z19CreateParticle_MRTCPKN4Aska3AFF18AsfParticleEmitterEj		0	6	82
N	_Z41Function_UpdateHierarchicallyByUsingStackILi256ELb0EEvPN4Aska27HierarchicalObjectContainerE		24	24	183988
N	_ZN10CApiNotify12AddCharacterEv		0	0	1
N	_ZN10CApiNotify12OnMissionEndEPaRj		0	7	1
N	_ZN10CApiNotify14OnGetPlayerResEPaRj		0	5	1
N	_ZN10CApiNotify14OnMissionStartEPaRj		0	51	1
N	_ZN10CApiNotify15OnMissionEndResEPaRj		0	7	1
N	_ZN10CApiNotify15UpdateStackItemEv		0	0	3
N	_ZN10CApiNotify16OnMissionTalkResEPaRj		0	5	4
N	_ZN10CApiNotify17DeserializeToInfoEPaRj		2	162	23
N	_ZN10CApiNotify17OnCreatePlayerResEPaRj		0	55	1
N	_ZN10CApiNotify17OnMissionStartResEPaRj		0	51	1
N	_ZN10CApiNotify17OnNoLoginStartResEPaRj		0	31	1
N	_ZN10CApiNotify18OnGetServerTimeResEPaRj		0	0	2
N	_ZN10CApiNotify19OnGetPlayMissionResEPaRj		0	4	4
N	_ZN10CApiNotify19OnUpdateTutorialResEPaRj		0	4	8
N	_ZN10CApiNotify7AddItemEv		0	0	1
N	_ZN10CPauseMenu11RefundInputEv		0	0	1
N	_ZN10CPauseMenu8ProgressEv		65	72	10418
N	_ZN10CPauseMenu9SetEnableEb		0	0	3
N	_ZN10CUIUtility10IsCoinPlusEj		0	0	7
N	_ZN10CUIUtility10IsNEXTPlusEj		0	0	7
N	_ZN10CUIUtility10tListCache10InitializeEjPN9Framework5Cocos14CCocosListViewE		0	0	2
N	_ZN10CUIUtility11GetMaxLevelEv		0	0	17
N	_ZN10CUIUtility11GetPositionEPN9Framework5Cocos10CCocosNodeEPKc		0	0	40
N	_ZN10CUIUtility11GetSEVolumeEv		0	0	4
N	_ZN10CUIUtility11IsMultiPlayEv		18	19	48545
N	_ZN10CUIUtility11SetBackFlagEPN9Framework5Cocos11CCocosImageE		0	0	35
N	_ZN10CUIUtility11SetSEVolumeEib		0	0	1
N	_ZN10CUIUtility12GetBGMVolumeEv		0	0	2
N	_ZN10CUIUtility12GetCharaFileERKNSt6__ndk112basic_stringIcNS0_11char_traitsIcEEN9Framework13CSTLAllocatorIcNS4_22CSTLStringAllocatorInfEEEEESA_		0	0	26
N	_ZN10CUIUtility12GetFrameRateEv		0	4	2
N	_ZN10CUIUtility12PlaySystemSeEib		0	13	521
N	_ZN10CUIUtility12SetBGMVolumeEib		0	0	1
N	_ZN10CUIUtility12SetBadgeIconEPN9Framework5Cocos10CCocosNodeEjPKcS5_j		0	0	24
N	_ZN10CUIUtility12SetFrameRateENS_13FrameRateTypeEb		0	2	1
N	_ZN10CUIUtility12SetLabelTextEPN9Framework5Cocos11CCocosLabelEPKcb		0	41	26
N	_ZN10CUIUtility12StopSystemSeEiNSt6__ndk16chrono8durationIfNS0_5ratioILl1ELl1000EEEEE		0	0	2
N	_ZN10CUIUtility12tCharaStatus14IsGreaterEqualERKS0_S2_		0	0	6
N	_ZN10CUIUtility12tCharaStatusC1Ev		0	0	6
N	_ZN10CUIUtility13GetResolutionEv		0	0	5
N	_ZN10CUIUtility13IsCampaignAnyERKN9Framework10CSTLVectorIN6Common8Campaign12CampaignTypeEEE		0	0	14
N	_ZN10CUIUtility13IsFooterBadgeEN16CFooterBadgeInfo4TypeENS0_12CategoryTypeEl		0	0	56
N	_ZN10CUIUtility13SetResolutionENS_14ResolutionTypeEbb		0	1	2
N	_ZN10CUIUtility13SetSceneTitleEPN9Framework5Cocos11CCocosSceneEPKcS5_S5_S5_b		0	20	4
N	_ZN10CUIUtility13SetTextNumberEPN9Framework5Cocos10CCocosNodeEPKcj		0	0	2
N	_ZN10CUIUtility14GetBattleUI_LREv		0	0	4
N	_ZN10CUIUtility14GetEffectAlphaENS_13CharacterTypeE		0	2	9
N	_ZN10CUIUtility14GetVoiceVolumeEv		0	0	4
N	_ZN10CUIUtility14SetVoiceVolumeEib		0	0	1
N	_ZN10CUIUtility15GetNextLevelExpEj		0	2	9
N	_ZN10CUIUtility15GetParticleFlagEv		1	2	2
N	_ZN10CUIUtility15IsFirstDownloadEv		0	0	1
N	_ZN10CUIUtility15SetLabelTextTagEPN9Framework5Cocos11CCocosLabelE		0	0	26
N	_ZN10CUIUtility16GetBorderVisibleEv		0	0	2
N	_ZN10CUIUtility16GetImageResourceEPN9Framework5Cocos10CCocosNodeEPKc		0	0	7
N	_ZN10CUIUtility16GetScenePriorityENS_8PriorityE		0	0	70
N	_ZN10CUIUtility16GetSystemMessageERKNSt6__ndk112basic_stringIcNS0_11char_traitsIcEEN9Framework13CSTLAllocatorIcNS4_22CSTLStringAllocatorInfEEEEElPb		0	389	455
N	_ZN10CUIUtility16GetThumbnailPathERKNSt6__ndk112basic_stringIcNS0_11char_traitsIcEEN9Framework13CSTLAllocatorIcNS4_22CSTLStringAllocatorInfEEEEE		0	0	296
N	_ZN10CUIUtility16GetVoiceLanguageEv		0	0	1
N	_ZN10CUIUtility16SetVoiceLanguageEN9CLanguage9tLanguageE		0	1	1
N	_ZN10CUIUtility17GetCameraDistanceEv		0	0	1
N	_ZN10CUIUtility17GetUsePartyAssistEv		0	0	2
N	_ZN10CUIUtility17GetVirtualPadHoldEv		0	0	1
N	_ZN10CUIUtility17SetAtlasLabelTextEPN9Framework5Cocos16CCocosAtlasLabelEPKc		0	0	3
N	_ZN10CUIUtility17SetAtlasLabelTextEPN9Framework5Cocos16CCocosAtlasLabelERKNSt6__ndk112basic_stringIcNS4_11char_traitsIcEENS0_13CSTLAllocatorIcNS0_22CSTLStringAllocatorInfEEEEE		0	0	3
N	_ZN10CUIUtility17SetGalaxyPassIconEPN9Framework5Cocos10CCocosNodeEPKcb		0	0	6
N	_ZN10CUIUtility17SetScrollbarParamEPN9Framework5Cocos12CCocosSliderE		0	0	10
N	_ZN10CUIUtility18GetBattleHitEffectENS_13CharacterTypeE		0	0	6
N	_ZN10CUIUtility18GetBattleSkillInfoENS_13CharacterTypeE		0	0	3
N	_ZN10CUIUtility18GetSeSetTypeEnableENS_13CharacterTypeE		0	0	6
N	_ZN10CUIUtility18IsLocalKVSPlayerIDEv		0	2	4
N	_ZN10CUIUtility18IsResolutionLegacyEv		0	0	1
N	_ZN10CUIUtility19GetMasterParam_RoleEj		0	0	2
N	_ZN10CUIUtility19IsBattleSeReductionEv		0	0	2
N	_ZN10CUIUtility19IsCampaignOnMissionEN6Common8Campaign12CampaignTypeENS0_11MissionTypeE		0	0	8
N	_ZN10CUIUtility19IsDecConsumeStaminaEN6Common11MissionTypeE		0	0	4
N	_ZN10CUIUtility19SetAtlasLabelNumberEPN9Framework5Cocos10CCocosNodeEPKcj		0	0	55
N	_ZN10CUIUtility20GetBattleDecoVisibleEb		0	0	7
N	_ZN10CUIUtility20GetBattleInfo_FactorEv		0	0	1
N	_ZN10CUIUtility20GetBattleTouchTargetEv		0	0	1
N	_ZN10CUIUtility20GetReturnedShipCountEv		0	0	9
N	_ZN10CUIUtility20GetSkillIconFileNameERKNSt6__ndk112basic_stringIcNS0_11char_traitsIcEEN9Framework13CSTLAllocatorIcNS4_22CSTLStringAllocatorInfEEEEESA_		0	0	15
N	_ZN10CUIUtility20IsFavoriteIncreaseUpEN6Common11MissionTypeE		0	0	4
N	_ZN10CUIUtility20IsImageQualityNormalEv		0	0	287
N	_ZN10CUIUtility20SetButtonStateDarkEXEPN9Framework5Cocos10CCocosNodeEb		0	0	45
N	_ZN10CUIUtility20SetupCharaImageFrameEPN9Framework5Cocos11CCocosImageEbjNS_15eCharaFrameTypeEb		0	0	9
N	_ZN10CUIUtility21GetEventAutoPageSpeedEv		0	1	5
N	_ZN10CUIUtility21GetRarityIconFileNameEj		0	0	6
N	_ZN10CUIUtility21GetVoiceSetTypeEnableENS_13CharacterTypeE		0	0	6
N	_ZN10CUIUtility21IsMenuVoiceCoroEnableEv		0	0	93
N	_ZN10CUIUtility21SetButtonImageDisableEPN9Framework5Cocos12CCocosButtonE		0	0	5
N	_ZN10CUIUtility21SetFamiliarFrameImageEPN9Framework5Cocos10CCocosNodeEjb		0	0	6
N	_ZN10CUIUtility22DoneSetUsersGuideAgreeEv		0	0	1
N	_ZN10CUIUtility22FormCharDetailFileNameERKNSt6__ndk112basic_stringIcNS0_11char_traitsIcEEN9Framework13CSTLAllocatorIcNS4_22CSTLStringAllocatorInfEEEEEi		0	0	3
N	_ZN10CUIUtility22GetBattleDamageVisibleENS_13CharacterTypeE		0	0	3
N	_ZN10CUIUtility22GetPersonVoiceSwitchIDEj		0	3	35
N	_ZN10CUIUtility22GetResolutionHomeModelEv		0	0	1
N	_ZN10CUIUtility22IsMenuVoiceOtherEnableEv		0	2	2
N	_ZN10CUIUtility22IsWithinDayEnableEmptyERKNSt6__ndk112basic_stringIcNS0_11char_traitsIcEEN9Framework13CSTLAllocatorIcNS4_22CSTLStringAllocatorInfEEEEESA_		2	13	301
N	_ZN10CUIUtility23GetAutoOptimisationFlagEv		0	0	1
N	_ZN10CUIUtility23GetBattleCameraBehaviorEv		0	0	1
N	_ZN10CUIUtility23GetLocalKVSAutoScenarioEv		0	2	4
N	_ZN10CUIUtility23SetLocalKVSAutoScenarioEb		0	3	4
N	_ZN10CUIUtility23SetLocalKVSGamerServiceENS_17GamerServiceStateE		0	0	1
N	_ZN10CUIUtility24GetAttributeIconFileNameEN3BAS10eAttributeE		0	0	3
N	_ZN10CUIUtility24GetBattleAssistSkillInfoENS_13CharacterTypeE		0	0	3
N	_ZN10CUIUtility24GetMasterParameterPersonEj		0	0	1
N	_ZN10CUIUtility24GetRushSkillIconFileNameERKNSt6__ndk112basic_stringIcNS0_11char_traitsIcEEN9Framework13CSTLAllocatorIcNS4_22CSTLStringAllocatorInfEEEEESA_		0	0	3
N	_ZN10CUIUtility25GetBattleInfo_FactorBoostEv		0	0	1
N	_ZN10CUIUtility25GetLimitBreakIconFileNameEjj		0	0	6
N	_ZN10CUIUtility25GetSkillRangeIconFileNameEj		0	0	3
N	_ZN10CUIUtility25IsMenuVoiceEveleashEnableEv		0	8	45
N	_ZN10CUIUtility26GetAssistSkillLaunchByHoldEv		0	0	1
N	_ZN10CUIUtility27DoneSetFirstInputPlayerNameEv		0	2	1
N	_ZN10CUIUtility27PlayStarBackGroundAnimationEPN9Framework5Cocos11CCocosSceneEf		0	0	2
N	_ZN10CUIUtility29GetCampaignSituationOnMissionEN6Common8Campaign12CampaignTypeENS0_11MissionTypeEjlPf		0	0	132
N	_ZN10CUIUtility29IsLocalKVSGamerServiceConnectEv		0	0	1
N	_ZN10CUIUtility31ChangeScreenResolutionWithCheckENS_14ResolutionTypeE		0	0	2
N	_ZN10CUIUtility31CommonResourceButtonMissionData9ClearDataEv		0	0	1
N	_ZN10CUIUtility31CommonResourceButtonMissionDataC1Ev		0	0	1
N	_ZN10CUIUtility31FormHomeCharacterIllustFileNameERKNSt6__ndk112basic_stringIcNS0_11char_traitsIcEEN9Framework13CSTLAllocatorIcNS4_22CSTLStringAllocatorInfEEEEE		0	0	1
N	_ZN10CUIUtility32GetParameterAddMaxFromMasterRoleENSt6__ndk110shared_ptrI27CMasterParameterRoleElementEE		0	0	6
N	_ZN10CUIUtility38FormRoleIconFileNameFromMasterCategoryEib		0	0	9
N	_ZN10CUIUtility45CreateFaceIconFileNameFromMasterPersonIDLabelERKNSt6__ndk112basic_stringIcNS0_11char_traitsIcEEN9Framework13CSTLAllocatorIcNS4_22CSTLStringAllocatorInfEEEEE		0	0	3
N	_ZN10CUIUtility4ShowEPN9Framework5Cocos10CCocosNodeEPKcb		1	1	604
N	_ZN10CUIUtility4ShowEPN9Framework5Cocos10CCocosNodeEb		0	0	435
N	_ZN10CUIUtility5TouchEPN9Framework5Cocos10CCocosNodeEPKcb		0	0	17
N	_ZN10CUIUtility5TouchEPN9Framework5Cocos10CCocosNodeEb		0	0	180
N	_ZN10CUIUtility6IsShowEPN9Framework5Cocos10CCocosNodeE		0	0	8
N	_ZN10CUIUtility6IsShowEPN9Framework5Cocos10CCocosNodeEPKc		9	9	1120
N	_ZN10CUIUtility7Num2StrEjb		0	0	13
N	_ZN10CUIUtility7PlayBGMENS_8BGM_TYPEEfNSt6__ndk16chrono8durationIfNS1_5ratioILl1ELl1000EEEEES6_		0	64	4
N	_ZN10CUIUtility7SetTextEPN9Framework5Cocos10CCocosNodeEPKcRKNSt6__ndk112basic_stringIcNS6_11char_traitsIcEENS0_13CSTLAllocatorIcNS0_22CSTLStringAllocatorInfEEEEEb		0	0	69
N	_ZN10CUIUtility7SetTextEPN9Framework5Cocos10CCocosNodeEPKcS5_b		0	55	67
N	_ZN10CUIUtility8SetImageEPN9Framework5Cocos10CCocosNodeEPKcRKNSt6__ndk112basic_stringIcNS6_11char_traitsIcEENS0_13CSTLAllocatorIcNS0_22CSTLStringAllocatorInfEEEEE		0	0	29
N	_ZN10CUIUtility8SetImageEPN9Framework5Cocos10CCocosNodeEPKcS5_		0	0	10
N	_ZN10CUIUtility9GetMascotEv		0	3	125
N	_ZN10CUIUtility9IsFolPlusEj		0	0	14
N	_ZN10CUIUtility9SetMascotERKNSt6__ndk112basic_stringIcNS0_11char_traitsIcEEN9Framework13CSTLAllocatorIcNS4_22CSTLStringAllocatorInfEEEEE		0	1	2
N	_ZN11CPhase_Home8ProgressEv		5	81	1171
N	_ZN12CArenaCamera10CameraModeENS_11eCameraModeEb		0	0	5
N	_ZN12CArenaCamera16InitializeCameraEv		0	0	1
N	_ZN12CMasterCache13LimitBreakMaxEj		0	0	3
N	_ZN12CMasterCache6IsTickEv		9	9	49951
N	_ZN12CMasterCache8InstanceEv		5	5	49958
N	_ZN12CMissionMenu10InitializeENS_9eInitModeE		0	31	2
N	_ZN12CMissionMenu15ToMissionDetailEi		0	7	1
N	_ZN12CMissionMenu17PatrySelectReturnEv		0	0	1
N	_ZN12CMissionMenu5InputENS_16MissionMenuSceneEb		0	0	7
N	_ZN12CMissionMenu5SetupEv		1	138	2
N	_ZN12CMissionMenu6ShowExENS_7tUIModeEb		0	0	12
N	_ZN12CMissionMenu8ProgressEv		18	156	2168
N	_ZN12CMissionMenu9NextPhaseEi		0	1	1
N	_ZN12CMissionMenu9ShowStateENS_7tUIModeE		0	12	6
N	_ZN12CParameterUI12tEpisodeData24IsDownloadedEpisodeStateEj		0	0	2
N	_ZN12CParameterUI12tEpisodeData28IsReservedDeleteEpisodeStateEjb		0	0	10
N	_ZN12CParameterUI12tEpisodeData30IsReservedDownloadEpisodeStateEjb		0	0	10
N	_ZN12CParameterUI15SetPlaySeHandleEim		0	0	23
N	_ZN12CParameterUI17SetMissionRestartEj		0	0	1
N	_ZN12CParameterUI18SetLoadingProgressENS_13LoadingPlayerEi		0	0	8
N	_ZN12CParameterUI19SetLoadingDisconectENS_13LoadingPlayerEb		0	0	8
N	_ZN12CParameterUI20ClearMissionMenuInfoEv		0	0	1
N	_ZN12CParameterUI21SetDownloadingBarFlagEb		0	0	3
N	_ZN12CParameterUI39ClearLastWorldMapMissionListTabCategoryEv		0	0	1
N	_ZN12CPhase_Event15IsEnableReleaseEv		0	0	36
N	_ZN12CPhase_Title15IsEnableReleaseEv		0	0	10
N	_ZN12CPhase_Title8ProgressEv		2	55	1212
N	_ZN12CThingObject11PreProgressEv		53	557	65475
N	_ZN12CThingObject11rAsfHandlerEv		3	3	10825
N	_ZN12CThingObject13Progress_LoadEv		0	50	61
N	_ZN12CThingObject13Progress_MainEv		32	447	65304
N	_ZN12CThingObject16InitializeByFileEPKcS1_S1_S1_b		0	0	13
N	_ZN12CThingObject16Progress_ReleaseEv		0	7	110
N	_ZN12CThingObject21StartAnimationWithApkEPKcj		0	2	3
N	_ZN12CThingObject22ProgressInitialize_AafEPh		0	1	3
N	_ZN12CThingObject22ProgressInitialize_AcfEPh		0	1	3
N	_ZN12CThingObject22ProgressInitialize_AsfEPh		1	30	13
N	_ZN12CThingObject23InitializeByFileWithApkEPKcS1_S1_S1_b		0	0	3
N	_ZN12CThingObject26StartAnimationWithAafImageEPKvj		0	1	2
N	_ZN12CThingObject9IsVisibleEb		0	0	26
N	_ZN12CThingObject9ToReleaseEv		0	0	17
N	_ZN12CThingObjectC1Ev		0	0	16
N	_ZN12CThingObjectD0Ev		0	1	2
N	_ZN12CTimeUtility10str2time_tEPKclbb		512	606	49729
N	_ZN12CTimeUtility12IsEnableTimeI34CMasterParameterAchievementElementEEblRKT_PlS5_		0	0	40
N	_ZN12CTimeUtility12IsEnableTimeI34CMasterParameterHomeMessageElementEEblRKT_PlS5_		1	1	113
N	_ZN12CTimeUtility14MaxApRemainSecEiiill		0	0	7
N	_ZN12CTimeUtility14OneApRemainSecEiiill		14	421	24046
N	_ZN12CTimeUtility5NowApEiiill		27	2447	25202
N	_ZN12CTimeUtility7NowDateEv		0	2	7
N	_ZN12CTimeUtility7NowTimeEv		60	2824	49309
N	_ZN12IInfoBaseMapIm11CFollowInfoE16DeserializeChildEPKN4Aska4ASON6AValue4AMapE		0	10	2
N	_ZN12IInfoBaseMapIm11CPlanetInfoE16DeserializeChildEPKN4Aska4ASON6AValue4AMapE		0	1	23
N	_ZN12IInfoBaseMapIm12PartySetInfoE16DeserializeChildEPKN4Aska4ASON6AValue4AMapE		0	5	2
N	_ZN12IInfoBaseMapIm13CWorldMapInfoE16DeserializeChildEPKN4Aska4ASON6AValue4AMapE		0	0	9
N	_ZN12IInfoBaseMapIm16CAchievementInfoE16DeserializeChildEPKN4Aska4ASON6AValue4AMapE		2	7	3
N	_ZN12IInfoBaseMapIm16CMissionInfoListE16DeserializeChildEPKN4Aska4ASON6AValue4AMapE		2	9	35
N	_ZN12IInfoBaseMapIm16SubscriptionInfoE16DeserializeChildEPKN4Aska4ASON6AValue4AMapE		0	0	2
N	_ZN12IInfoBaseMapIm20CMissionDropInfoListE16DeserializeArrayEPKN4Aska4ASON6AValue6AArrayE		0	0	1
N	_ZN12IInfoBaseMapIm20SubscriptionPlanInfoE16DeserializeChildEPKN4Aska4ASON6AValue4AMapE		0	0	2
N	_ZN12IInfoBaseMapIm21CAreaInfoCategoryListE16DeserializeChildEPKN4Aska4ASON6AValue4AMapE		0	2	23
N	_ZN12IInfoBaseMapIm21CEventMaintenanceInfoE16DeserializeChildEPKN4Aska4ASON6AValue4AMapE		0	0	2
N	_ZN12IInfoBaseMapIm21CWorldMapCellInfoListE16DeserializeChildEPKN4Aska4ASON6AValue4AMapE		0	1	9
N	_ZN12IInfoBaseMapIm24CWorldMapMissionInfoListE16DeserializeChildEPKN4Aska4ASON6AValue4AMapE		0	3	9
N	_ZN12IInfoBaseMapIm27CMissionResultCharacterInfoE16DeserializeChildEPKN4Aska4ASON6AValue4AMapE		0	0	1
N	_ZN12IInfoBaseMapIm32CExchangeShopExCountInfoCategoryE16DeserializeChildEPKN4Aska4ASON6AValue4AMapE		0	1	2
N	_ZN12IInfoBaseMapIm32CMissionResultCharacterFavorInfoE16DeserializeChildEPKN4Aska4ASON6AValue4AMapE		0	0	1
N	_ZN12IInfoBaseMapIm32CPlayerCharacterFavorInfoElementE16DeserializeChildEPKN4Aska4ASON6AValue4AMapE		0	0	2
N	_ZN12IInfoBaseMapIm9CAreaInfoE16DeserializeChildEPKN4Aska4ASON6AValue4AMapE		0	0	12
N	_ZN12IInfoBaseMapIm9CGearInfoE16DeserializeChildEPKN4Aska4ASON6AValue4AMapE		0	0	2
N	_ZN13CPartyManager11OnWinBattleEv		0	1	1
N	_ZN13CPartyManager13OnResetBattleEv		0	0	1
N	_ZN13CPartyManager14ChangeAutoModeEb		0	0	1
N	_ZN13CPartyManager14OnStartMissionEv		0	0	1
N	_ZN13CPartyManager15ChangeRushComboEb		0	7	2
N	_ZN13CPartyManager15OnDeadOrRevivalEib		0	0	4
N	_ZN13CPartyManager16OnStartWinCameraEv		0	0	1
N	_ZN13CPartyManager18OnReleaseCollisionEjN9Parameter9eAttackIDEi		2	2	113
N	_ZN13CPartyManager20OnDecideBattleResultEv		0	2	2
N	_ZN13CPartyManager21PauseCharacterControlEb		0	0	5
N	_ZN13CPartyManager24IsMultiplaySendCharacterEi		0	0	3
N	_ZN13CPhase_Battle7ReleaseEv		0	0	2
N	_ZN13CPhase_Battle8ProgressEv		44	330	11059
N	_ZN13CStageManager9ForceExitEb		0	0	1
N	_ZN13EventScenario14CEventScenario10SetEventIdEPKcS2_		0	0	4
N	_ZN13EventScenario14CEventScenario18CalcCommand_SePlayEPNS0_12tCommandDataE		0	2	1
N	_ZN13EventScenario14CEventScenario21GetSepalateDataStringEPKcjPcm		0	0	387
N	_ZN13EventScenario14CEventScenario21InitializeCommandListEPKvmbf		0	0	4
N	_ZN13EventScenario14CEventScenario3RunEi		174	762	20756
N	_ZN13EventScenario14CEventScenario4ExitEv		4	9	4
N	_ZN13EventScenario14CEventScenario5IsEndEv		5	5	20578
N	_ZN13EventScenario14CEventScenario9AddStringEPKc		0	0	119
N	_ZN13EventScenario14CEventScenario9GetStringEf		0	0	269
N	_ZN13EventScenario18CEventScenarioBase13CMessagePrint10UpdateTextEv		7	11	1995
N	_ZN13EventScenario20CEventScenarioSprite12UnisonParentEv		0	0	4240
N	_ZN13EventScenario21CEventScenarioBackLog20CreateLogMessageNodeERKNS0_7LogDataE		3	38	139
N	_ZN13EventScenario21CEventScenarioBackLog9PushLogIDEfRKNS0_10OptionInfoE		0	2	139
N	_ZN13EventScenario23CEventScenarioCharacter12UnisonParentEv		30	93	19097
N	_ZN13EventScenario24CEventScenarioBackGround12UnisonParentEv		32	75	22081
N	_ZN13EventScenario27CEventScenarioMessageWindow11IsInputWaitEv		0	0	131
N	_ZN13EventScenario33CCocosImageEventScenarioCharacter11PreDrawSelfEf		0	0	1
N	_ZN13FakeApiCaller11MissionTalkEjjjh		3	3	4
N	_ZN13FakeApiCaller12CreatePlayerEPKaS1_		0	0	1
N	_ZN13FakeApiCaller12MissionStartEjjjmjmj		0	0	1
N	_ZN13FakeApiCaller12NoLoginStartEPKa		0	0	1
N	_ZN13FakeApiCaller13GetServerTimeEv		0	0	2
N	_ZN13FakeApiCaller14UpdateTutorialEm		0	0	8
N	_ZN13FakeApiCaller5LoginEv		0	0	2
N	_ZN13FakeApiCallerC1Ev		0	1	1
N	_ZN13InfoBaseArrayI11CPersonInfoE16DeserializeArrayEPKN4Aska4ASON6AValue6AArrayE		0	28	2
N	_ZN13InfoBaseArrayI13CCampaignInfoE16DeserializeArrayEPKN4Aska4ASON6AValue6AArrayE		0	4	2
N	_ZN13InfoBaseArrayI13CItemShopInfoE16DeserializeArrayEPKN4Aska4ASON6AValue6AArrayE		0	1	2
N	_ZN13InfoBaseArrayI14CStackItemInfoE16DeserializeArrayEPKN4Aska4ASON6AValue6AArrayE		0	0	2
N	_ZN13InfoBaseArrayI15CLoginBonusInfoE16DeserializeArrayEPKN4Aska4ASON6AValue6AArrayE		1	1	2
N	_ZN13InfoBaseArrayI16CMissionDropInfoE16DeserializeArrayEPKN4Aska4ASON6AValue6AArrayE		0	0	3
N	_ZN13InfoBaseArrayI17CMissionStageInfoE16DeserializeArrayEPKN4Aska4ASON6AValue6AArrayE		0	4	1
N	_ZN13InfoBaseArrayI17CPersonStatusInfoE16DeserializeArrayEPKN4Aska4ASON6AValue6AArrayE		0	36	1
N	_ZN13InfoBaseArrayI19CWebViewInfoElementE16DeserializeArrayEPKN4Aska4ASON6AValue6AArrayE		0	1	2
N	_ZN13InfoBaseArrayI20CMissionDropItemInfoE16DeserializeArrayEPKN4Aska4ASON6AValue6AArrayE		0	0	2
N	_ZN13InfoBaseArrayI21PartySetCharacterInfoE16DeserializeArrayEPKN4Aska4ASON6AValue6AArrayE		0	3	20
N	_ZN13InfoBaseArrayI22CPremiumLoginBonusInfoE16DeserializeArrayEPKN4Aska4ASON6AValue6AArrayE		0	0	2
N	_ZN13InfoBaseArrayI25CMissionDropCharacterInfoE16DeserializeArrayEPKN4Aska4ASON6AValue6AArrayE		0	0	2
N	_ZN13InfoBaseArrayI25CMissionDropStackItemInfoE16DeserializeArrayEPKN4Aska4ASON6AValue6AArrayE		0	0	2
N	_ZN13InfoBaseArrayI9CItemInfoE16DeserializeArrayEPKN4Aska4ASON6AValue6AArrayE		0	0	2
N	_ZN14CBattleManager12AddKillCountEi		0	0	4
N	_ZN14CBattleManager13AddHitCounterEf		0	2	105
N	_ZN14CBattleManager13OnStartBattleEv		0	3	2
N	_ZN14CBattleManager13SetHitCounterEifb		2	2	172
N	_ZN14CBattleManager14StartRushComboERKNS_18RushStartParameterE		0	0	1
N	_ZN14CBattleManager15SetBattleResultENS_13eBattleResultE		0	2	2
N	_ZN14CBattleManager16LocalStartBattleEv		1	3	2
N	_ZN14CBattleManager16ReleaseRushComboEv		0	0	1
N	_ZN14CBattleManager17CheckBattleResultEv		9	28	8534
N	_ZN14CBattleManager18AddRushComboDamageEji		0	0	12
N	_ZN14CBattleManager19Progress_BattleMainEf		33	217	10062
N	_ZN14CBattleManager20SetTemporaryAutoModeEb		0	1	1
N	_ZN14CBattleManager20StartRushComboCameraEP16CCharacterObjectPKcfb		0	6	1
N	_ZN14CBattleManager21NoLinkRushComboCameraEb		0	0	1
N	_ZN14CBattleManager21Progress_BattleResultEf		0	7	177
N	_ZN14CBattleManager21StartTransSceneCameraEP16CCharacterObjectPKcfb		0	0	1
N	_ZN14CBattleManager22SetTensionMaxModeLightEP16CCharacterObjectb		0	1	4
N	_ZN14CBattleManager25ResetCancelBonusCountRushEv		0	0	2
N	_ZN14CBattleManager26Progress_LocalBattleNormalEf		5	8	8534
N	_ZN14CBattleManager29Progress_LocalBattleRushComboEf		0	32	779
N	_ZN14CBattleManager8ProgressEf		0	4	2
N	_ZN14CBattleUtility10CheckSeQueEPK16CCharacterObjectPKN9Parameter19AttackDataParameterEi		0	5	226
N	_ZN14CBattleUtility13SplitNodeNameERKNSt6__ndk112basic_stringIcNS0_11char_traitsIcEEN9Framework13CSTLAllocatorIcNS4_22CSTLStringAllocatorInfEEEEERNS4_10CSTLVectorIS8_EE		0	0	8
N	_ZN14CBattleUtility14WeaponFileNameEPKcPNSt6__ndk112basic_stringIcNS2_11char_traitsIcEEN9Framework13CSTLAllocatorIcNS6_22CSTLStringAllocatorInfEEEEESB_		0	0	6
N	_ZN14CBattleUtility15GetVoicePackageEj		0	2	14
N	_ZN14CBattleUtility16CheckRandomParamEff		0	0	1981
N	_ZN14CBattleUtility16IsActionCategoryEjj		0	0	258
N	_ZN14CBattleUtility16MapFileFromMapIdEPKcPNSt6__ndk112basic_stringIcNS2_11char_traitsIcEEN9Framework13CSTLAllocatorIcNS6_22CSTLStringAllocatorInfEEEEESB_SB_		0	0	4
N	_ZN14CBattleUtility17GetVoiceParameterEj		0	1	21
N	_ZN14CBattleUtility18DeleteAttackObjectEb		0	0	3
N	_ZN14CBattleUtility18FixWeaponNodeScaleERN4Aska10AsfHandlerEfj		0	0	3
N	_ZN14CBattleUtility19EffectFileReplaceIdERKNSt6__ndk112basic_stringIcNS0_11char_traitsIcEEN9Framework13CSTLAllocatorIcNS4_22CSTLStringAllocatorInfEEEEE		3	3	2938
N	_ZN14CBattleUtility22EffectFileFromEffectIdEPKcPNSt6__ndk112basic_stringIcNS2_11char_traitsIcEEN9Framework13CSTLAllocatorIcNS6_22CSTLStringAllocatorInfEEEEESB_SB_		0	0	1038
N	_ZN14CBattleUtility28CreateCharacterFileListByAPIENS_16FileListCategoryEiPN9Framework10CSTLVectorINSt6__ndk112basic_stringIcNS3_11char_traitsIcEENS1_13CSTLAllocatorIcNS1_22CSTLStringAllocatorInfEEEEEEENS_24CreateCharacterSceneTypeE		0	68	3
N	_ZN14CBattleUtility29BattleTimeFrameToMilliSecondsEf		0	0	2
N	_ZN14CBattleUtility29CreateBulletByAttackParameterERKN9Parameter15AttackParameterEP16CCharacterObjectjPKN9Framework7CMatrixEj		0	48	14
N	_ZN14CBattleUtility31ResourceNameFromPersonParameterENSt6__ndk110shared_ptrI29CMasterParameterPersonElementEEPNS0_12basic_stringIcNS0_11char_traitsIcEEN9Framework13CSTLAllocatorIcNS7_22CSTLStringAllocatorInfEEEEESC_SC_SC_		0	0	14
N	_ZN14CBattleUtility35CollisionAndEffectByAttackParameterERKN9Parameter15AttackParameterEP16CCharacterObjectjbbPKN9Framework7CMatrixEPKNS6_7CVectorEj		0	64	102
N	_ZN14CBattleUtility36CreateCharacterFileListByEnemyBaseIdENS_16FileListCategoryEjPN9Framework10CSTLVectorINSt6__ndk112basic_stringIcNS3_11char_traitsIcEENS1_13CSTLAllocatorIcNS1_22CSTLStringAllocatorInfEEEEEEENS_24CreateCharacterSceneTypeE		0	9	4
N	_ZN14CBattleUtility8IsBulletEN9Parameter11eAttackTypeE		0	0	10
N	_ZN14CCharacterData12UseRushGaugeEv		0	0	1
N	_ZN14CCharacterData13AddFaintPointEf		0	0	14
N	_ZN14CCharacterData13SetSuperArmorEf		0	0	12
N	_ZN14CCharacterData15AddAttackDamageEf		0	0	105
N	_ZN14CCharacterData15AddTensionGaugeEf		0	0	210
N	_ZN14CCharacterData15ResetFaintPointEv		0	0	4
N	_ZN14CCharacterData15SubTensionGaugeEf		4	4	24164
N	_ZN14CCharacterData16AddReceiveDamageEf		0	0	105
N	_ZN14CCharacterData17ResetAttackDamageEv		0	0	3
N	_ZN14CCharacterData18AddLinkAttackCountEv		0	0	14
N	_ZN14CCharacterData18ResetReceiveDamageEv		0	0	3
N	_ZN14CCharacterData19AddCancelBonusCountEv		0	0	14
N	_ZN14CCharacterData19UpdateNoDamageCountEf		2	2	33542
N	_ZN14CCharacterData20ResetLinkAttackCountEv		0	0	28
N	_ZN14CCharacterData20UpdateForceGutsCountEf		0	0	33542
N	_ZN14CCharacterData21ResetCancelBonusCountEv		0	0	28
N	_ZN14CCharacterData21UpdateSuperArmorCountEf		5	5	33542
N	_ZN14CCharacterData2APEf		0	0	25397
N	_ZN14CCharacterData2HPEfb		1	1	109
N	_ZN14CCharacterData9RushGaugeEf		0	0	2
N	_ZN14CFactorManager10InitializeEj		0	0	7
N	_ZN14CFactorManager15ClearUpdateFlagEv		16	16	47239
N	_ZN14CFactorManager19ReleaseByEffectTypeEjj		0	0	24
N	_ZN14CFactorManager23CheckPriorityAndAddListEP15CFactorSeedBaseRN9Framework10CSTLVectorIS1_EE		0	0	2
N	_ZN14CFactorManager24ClearUpdateConditionFlagEv		0	0	47239
N	_ZN14CFactorManager7ReleaseEv		0	0	11
N	_ZN14CMovableObject11AddVelocityERKN9Framework7CVectorE		14	14	47284
N	_ZN14CMovableObject12PostProgressEv		34	35	49056
N	_ZN14CMovableObject12ResetRotateYEv		1	1	471
N	_ZN14CMovableObject12SetFallSpeedEf		0	0	61
N	_ZN14CMovableObject13Friction_JumpEf		0	0	52
N	_ZN14CMovableObject14EnablePushMoveEb		0	0	471
N	_ZN14CMovableObject16SetExternalForceERKN9Framework7CVectorE		0	0	52
N	_ZN14CMovableObject17ResetLandingFrameEv		0	0	430
N	_ZN14CMovableObject19EnableMoveCollisionEb		0	0	471
N	_ZN14CMovableObject23StartIntersectCollisionEv		1	1	379
N	_ZN14CMovableObject24Callback_EndPostProgressEv		103	4150	49056
N	_ZN14CMovableObject32IntersectCollisionAndSetVelocityEv		129	3956	47467
N	_ZN14CMovableObject8FrictionEf		0	0	52
N	_ZN14CMovableObjectC1Ev		0	0	22
N	_ZN14CSignalChecker11CheckSignalEPKcS1_jfb		202	211	1340659
N	_ZN14StaminaUtility10MaxStaminaEN6Common11StaminaTypeE		0	0	8
N	_ZN14StaminaUtility10NowStaminaEN6Common11StaminaTypeE		119	3543	25202
N	_ZN14StaminaUtility15StaminaHealTimeEN6Common11StaminaTypeE		60	524	49255
N	_ZN14StaminaUtility19IsStaminaRemainPlusEj		0	0	7
N	_ZN14StaminaUtility19MaxStaminaRemainSecEN6Common11StaminaTypeE		0	0	7
N	_ZN14StaminaUtility19OneStaminaRemainSecEN6Common11StaminaTypeE		28	614	24046
N	_ZN14StaminaUtility23FindGlobalNumberWithKeyERKNSt6__ndk112basic_stringIcNS0_11char_traitsIcEEN9Framework13CSTLAllocatorIcNS4_22CSTLStringAllocatorInfEEEEEj		341	462	49255
N	_ZN14StaminaUtility26SetupStaminaHealRemainTimeEPN9Framework5Cocos16CCocosAtlasLabelERN17CParameterUtility8tMessageEl		47	95	24046
N	_ZN15CBattleLogModel11AddHitCountEj		0	0	105
N	_ZN15CBattleLogModel11SetHitCountEj		0	0	177
N	_ZN15CBattleLogModel12AddRushCountEj		0	0	1
N	_ZN15CBattleLogModel14AddDamageTotalEj		0	0	105
N	_ZN15CBattleLogModel15AddPlayerDamageEj		0	0	105
N	_ZN15CBattleLogModel18AddDefeatCharacterEPK16CCharacterObject		0	1	4
N	_ZN15CBattleLogModel21SetRushComboCooperateEj		0	0	1
N	_ZN15CBattleLogModel23SetRushComboTotalDamageEj		0	0	12
N	_ZN15CBattleLogModel9AddDamageEj		0	0	94
N	_ZN15CBehaviorObject10InitializeEv		1	1	8
N	_ZN15CBehaviorObject11PreProgressEv		49	5976	48677
N	_ZN15CBehaviorObject12PostProgressEv		26	62	48677
N	_ZN15CBehaviorObject14CancelBehaviorEj		1	4	193
N	_ZN15CBehaviorObject16OnReceiveMessageEP15CBASMessageBase		0	22	469
N	_ZN15CBehaviorObject17SetAnimationSpeedENS_12eAnimationIDEf		0	0	19
N	_ZN15CBehaviorObject18StartAnimationByIDENS_12eAnimationIDEb		1	6	395
N	_ZN15CBehaviorObject19ResistBehaviorQueueEP13BehaviorQueueibb		0	2	199
N	_ZN15CBehaviorObject24RegisterObjectControllerEP16ObjectController		0	0	7
N	_ZN15CBehaviorObject28FirstInitializeStateProgressEv		0	0	8
N	_ZN15CBehaviorObject29StartAnimationByAnimationNameEPKcfb		0	1	37
N	_ZN15CBehaviorObject8ProgressEv		18	396	48677
N	_ZN15CBehaviorObject9ToReleaseEv		0	3	11
N	_ZN15CBehaviorObjectC1Ev		0	1	8
N	_ZN15CBehaviorObjectD1Ev		0	0	7
N	_ZN15CFactorSeedBase10InitializeEjRKNSt6__ndk110shared_ptrI33CMasterParameterFactorSeedElementEEjjjPKc		0	0	1
N	_ZN15CFactorSeedBase6UpdateEfj		0	0	869
N	_ZN15CNowLoadingBase10SetOpacityEf		1	1	170
N	_ZN15CNowLoadingBase11SetShowTipsEb		0	0	2
N	_ZN15CNowLoadingBase12SetFadeFrameEf		0	0	2
N	_ZN15CNowLoadingBase16RequestNextPhaseEi		0	54	8
N	_ZN15CNowLoadingBase4OpenEv		0	0	4
N	_ZN15CNowLoadingBase5CloseEv		0	0	2
N	_ZN15CNowLoadingBase5SetupEv		1	1	2
N	_ZN15CNowLoadingBase8IsStatusEi		0	0	4
N	_ZN15CNowLoadingBase8ProgressEv		1	60	290
N	_ZN15CNowLoadingBase9StartOpenEv		0	0	2
N	_ZN15CNowLoadingBase9ToReleaseEv		0	0	2
N	_ZN15CPaymentManager8ProgressEv		7	7	39300
N	_ZN16CAITargetManager12CalcHateRateEv		0	0	2
N	_ZN16CAITargetManager12UpdateTargetEv		15	61	8538
N	_ZN16CAITargetManager13OnStartBattleEv		0	0	2
N	_ZN16CAITargetManager8ProgressEf		13	81	8534
N	_ZN16CBattleUIManager10rPauseMenuEv		0	0	1
N	_ZN16CBattleUIManager10rRushComboEv		0	0	23922
N	_ZN16CBattleUIManager12pBattleAnimeEv		0	0	32
N	_ZN16CBattleUIManager12rBattleAnimeEv		0	0	24
N	_ZN16CBattleUIManager16IsInitializeDoneEv		0	0	12
N	_ZN16CBattleUIManager18StopSkillAnimationEjjb		0	2	32
N	_ZN16CBattleUIManager21PlaySkillEndAnimationEjj		0	1	15
N	_ZN16CBattleUIManager21SetVisibleTargetGuideEb		0	0	5
N	_ZN16CBattleUIManager22PlaySkillWaitAnimationEjjb		0	0	37
N	_ZN16CBattleUIManager23PlaySkillStartAnimationEjj		0	5	19
N	_ZN16CBattleUIManager3EndEv		0	0	1
N	_ZN16CBattleUIManager9HideStampEv		0	0	1
N	_ZN16CBattleUIManager9rBattleUIEv		4	4	39684
N	_ZN16CBattleUIManagerC1Ev		0	0	1
N	_ZN16CCharacterObject10ResetMagicEv		0	0	39
N	_ZN16CCharacterObject10SetLightIDEhb		0	1	4
N	_ZN16CCharacterObject11ChangeColorERKN9Framework7CVectorEbb		0	5	552
N	_ZN16CCharacterObject11CheckSignalEPKcN9Parameter9eAttackIDEjfP14CSignalCheckerjj		76	531	47417
N	_ZN16CCharacterObject11PreProgressEv		158	7071	48673
N	_ZN16CCharacterObject11StartAttackEN9Parameter9eAttackIDEj		0	0	37
N	_ZN16CCharacterObject12CreateWeaponEjb		0	0	3
N	_ZN16CCharacterObject12LastProgressEv		19	196	48673
N	_ZN16CCharacterObject12PostProgressEv		88	826	48673
N	_ZN16CCharacterObject12SetRushGaugeEf		0	0	210
N	_ZN16CCharacterObject13IsBarrierOpenEv		0	0	105
N	_ZN16CCharacterObject13WeaponVisibleEbb		7	9	45821
N	_ZN16CCharacterObject14CheckMoveSpeedEv		0	0	16
N	_ZN16CCharacterObject14UpdateHpDamageEf		1	1	33542
N	_ZN16CCharacterObject15SetTargetObjectEj		1	2	553
N	_ZN16CCharacterObject15UpdateHpRecoverEf		8	9	33542
N	_ZN16CCharacterObject16OnChangeBehaviorEv		0	0	204
N	_ZN16CCharacterObject16OnReceiveMessageEP15CBASMessageBase		0	88	469
N	_ZN16CCharacterObject16ResetCancelBonusEv		0	0	28
N	_ZN16CCharacterObject17CheckFactorTimingEjjfff		0	2	468
N	_ZN16CCharacterObject17IntersectToCameraEf		14	68	47467
N	_ZN16CCharacterObject17IsSlideMoveTimingEv		0	0	3193
N	_ZN16CCharacterObject17UpdateRangeAcrossEv		5	12	33542
N	_ZN16CCharacterObject18IsReadyWinResourceEv		0	0	147
N	_ZN16CCharacterObject18ResetAbnormalStateEv		0	0	14
N	_ZN16CCharacterObject18UpdateTensionGaugeEf		5	9	33542
N	_ZN16CCharacterObject19AttachCharacterDataERK14CCharacterData		0	10	7
N	_ZN16CCharacterObject19SignalEffectVisibleEb		13	13	45820
N	_ZN16CCharacterObject19UpdateAbnormalStateEf		3	3	33542
N	_ZN16CCharacterObject19UpdateSeedConditionEv		272	482	33542
N	_ZN16CCharacterObject19UpdateTargetedCountEv		10	48	33542
N	_ZN16CCharacterObject20ClearSightOutRequestEv		0	0	18
N	_ZN16CCharacterObject20PlayVoiceByParameterEN6battle10eVoiceTypeEb		0	5	75
N	_ZN16CCharacterObject20SetPrevChargeAssaultEv		0	0	19
N	_ZN16CCharacterObject20TimingSkillCheckType29TransrateTimingSkillCheckTypeEj		0	0	258
N	_ZN16CCharacterObject21InitializeAIParameterEPKc		0	5	7
N	_ZN16CCharacterObject21UpdateChargeComboPlusEf		4	4	33542
N	_ZN16CCharacterObject23AttachPersonalParameterERKN9Parameter17PersonalParameterE		0	1	8
N	_ZN16CCharacterObject23StopChargeAssaultEffectEv		0	0	20
N	_ZN16CCharacterObject24CalcCharacterOffsetColorEv		24	41	45011
N	_ZN16CCharacterObject24CreateRunningSmokeEffectERKN9Framework7CVectorEi		2	59	550
N	_ZN16CCharacterObject25CheckAttackActionLinkNodeEv		0	1	8
N	_ZN16CCharacterObject2HPEfb		0	1	105
N	_ZN16CCharacterObject38UpdateSeedCondition_UseFactorConditionEv		4	6	33542
N	_ZN16CCharacterObject5ScaleEfb		0	0	7
N	_ZN16CCharacterObject5UseAPEfb		0	0	19
N	_ZN16CCharacterObject7OnEnterEv		0	1	8
N	_ZN16CCharacterObject8OnDamageERKN24IAttackCollisionCallback23CallbackArgument_DamageEfb		7	64	105
N	_ZN16CCharacterObject8ProgressEv		53	484	48673
N	_ZN16CCharacterObject8UpdateAPEf		20	26	33542
N	_ZN16CParameterParser14GetParserValueEPKN4Aska4ASON6AValue4AMapEj		0	0	6648
N	_ZN16CPhase_TitleLogo15IsEnableReleaseEv		0	0	7
N	_ZN16CPhase_TitleLogo8ProgressEv		2	20	507
N	_ZN16StringDBEelement10InitializeEv		0	0	720
N	_ZN16StringDBEelementD2Ev		0	0	1004
N	_ZN16StringDBEelementaSERKS_		0	0	62
N	_ZN17CArenaEffectModel18SetSignalParameterEPKc		0	0	33
N	_ZN17CArenaEffectModel19OffsetObjectLocatorEPK21CAnimationModelObjectPN4Aska18HierarchicalObjectERKN9Framework7CMatrixEf		0	1	55
N	_ZN17CArenaEffectModel19OffsetObjectLocatorEPK21CAnimationModelObjectPN4Aska18HierarchicalObjectERKN9Framework7CVectorEf		0	0	19
N	_ZN17CArenaEffectModel22UpdatePostureForEffectEv		1	1	74
N	_ZN17CArenaEffectModelC1Ev		0	1	237
N	_ZN17CBaseDamageObject23pShooterCharacterObjectEv		0	0	163
N	_ZN17CBaseDamageObject24Callback_EndPostProgressEv		0	2	379
N	_ZN17CBaseDamageObject24SetCommonAttackCollisionERK35AttackCollisionElement_BaseArgumentRKN9Framework7CMatrixERKN9Parameter15AttackParameterEPK16CCharacterObjectf		0	2	53
N	_ZN17CBaseDamageObject5StartERK31BaseDamageObject_StartArguments		0	38	14
N	_ZN17CBaseDamageObject8ProgressEv		0	4	379
N	_ZN17CBaseDamageObject9DisappearEv		0	0	14
N	_ZN17CBaseDamageObjectC1Ev		0	0	14
N	_ZN17CBaseDamageObjectD1Ev		0	1	14
N	_ZN17CBattleTransScene11RefundInputEv		0	0	1
N	_ZN17CBattleTransScene8ProgressEv		17	17	10418
N	_ZN17CNowLoadingBattle10SetOpacityEf		1	5	170
N	_ZN17CNowLoadingBattle12SetNextStageEjj		0	0	2
N	_ZN17CNowLoadingBattle12SetSelfIndexEi		0	0	2
N	_ZN17CNowLoadingBattle13ProgressChildEf		0	0	307
N	_ZN17CNowLoadingBattle16RequestNextPhaseEi		0	54	8
N	_ZN17CNowLoadingBattle16UpdateDisconnectEv		0	0	307
N	_ZN17CNowLoadingBattle18StartWalkAnimationEv		0	1	4
N	_ZN17CNowLoadingBattle29GetDownloadingBarPositionNodeEv		0	0	2
N	_ZN17CNowLoadingBattle8StartEndEv		0	0	2
N	_ZN17CNowLoadingBattle9StartOpenEv		0	44	2
N	_ZN17CParameterManager11DeserializeEPKN4Aska4ASON6AValue4AMapE		5	181	55
N	_ZN17CParameterUtility10GetNumCoinEj		27	27	24051
N	_ZN17CParameterUtility10IsOpenDecoEv		0	0	9
N	_ZN17CParameterUtility10IsPlayerIdEj		0	0	7
N	_ZN17CParameterUtility10PlayerInfoEv		0	0	10
N	_ZN17CParameterUtility10tCharaData24InitializeAssitCharaDataEmPKjNSt6__ndk110shared_ptrI27CMasterParameterRoleElementEENS4_I29CMasterParameterPersonElementEE		0	0	270
N	_ZN17CParameterUtility11IsOpenMultiEb		0	0	10
N	_ZN17CParameterUtility11IsRoleDeityEj		0	0	18
N	_ZN17CParameterUtility12GetPatyIndexEv		0	0	2
N	_ZN17CParameterUtility12IsOpenStudioEv		0	0	1
N	_ZN17CParameterUtility12NowFollowMaxEv		0	0	1
N	_ZN17CParameterUtility12tAchievement11GetCategoryEPK34CMasterParameterAchievementElement		0	0	41
N	_ZN17CParameterUtility15GetPresentCountEv		0	0	1
N	_ZN17CParameterUtility15IsOpenEvolutionEv		0	0	3
N	_ZN17CParameterUtility15IsOpenWorldBossEv		0	0	1
N	_ZN17CParameterUtility16FindPersonWithIdEj		0	0	38
N	_ZN17CParameterUtility17FindGlobalWithKeyERKNSt6__ndk112basic_stringIcNS0_11char_traitsIcEEN9Framework13CSTLAllocatorIcNS4_22CSTLStringAllocatorInfEEEEE		0	0	1
N	_ZN17CParameterUtility17GetTutorialStatusEv		0	0	9
N	_ZN17CParameterUtility18IsOpenEventMissionEv		0	0	2
N	_ZN17CParameterUtility18IsOpenExtraDungeonEv		0	0	3
N	_ZN17CParameterUtility18IsOpenFavorabilityEv		0	0	23
N	_ZN17CParameterUtility18IsOpenPartySetLockEv		0	0	90
N	_ZN17CParameterUtility18IsOpenTowerMissionEv		0	0	2
N	_ZN17CParameterUtility19IsOpenSubscriptionsEv		0	0	2
N	_ZN17CParameterUtility20FindMissionNpcWithIdEj		0	0	3
N	_ZN17CParameterUtility20GetFavorabilityLevelEj		0	0	1
N	_ZN17CParameterUtility20GetFavorabilityParamEj		0	0	1
N	_ZN17CParameterUtility20IsPartialMaintenanceEPKc		0	0	2
N	_ZN17CParameterUtility22IsOpenMutualFollowRoomEv		0	0	2
N	_ZN17CParameterUtility22IsOpenSphere211MissionEv		0	0	1
N	_ZN17CParameterUtility23FindGlobalStringWithKeyERKNSt6__ndk112basic_stringIcNS0_11char_traitsIcEEN9Framework13CSTLAllocatorIcNS4_22CSTLStringAllocatorInfEEEEE		159	2724	99308
N	_ZN17CParameterUtility24IsOpenFavorabilityBattleEv		0	0	3
N	_ZN17CParameterUtility24MasterRole2LimitBreakMaxERK27CMasterParameterRoleElement		0	0	3
N	_ZN17CParameterUtility29IsOpenFavorabilitySendPresentEv		0	0	1
N	_ZN17CParameterUtility34IsOpenFavorabilityStaminaHealBonusEv		0	0	1
N	_ZN17CParameterUtility6NowFolEv		0	0	7
N	_ZN17CParameterUtility8tMessage14SetMessageListERN9Framework10CSTLVectorINSt6__ndk112basic_stringIcNS3_11char_traitsIcEENS1_13CSTLAllocatorIcNS1_22CSTLStringAllocatorInfEEEEEEEb		0	25	8
N	_ZN17CParameterUtility8tMessage14SetMessageListESt16initializer_listIPKcEb		1	49	14
N	_ZN17CParameterUtility8tMessage16GetSystemMessageERKNSt6__ndk112basic_stringIcNS1_11char_traitsIcEEN9Framework13CSTLAllocatorIcNS5_22CSTLStringAllocatorInfEEEEE		30	30	24104
N	_ZN17CRushComboManager16RushCameraNoLinkEb		0	0	1
N	_ZN17MasterFactorModel8GetParamERK33CMasterParameterFactorSeedElementRNS_15FactorParameterERK17CPersonStatusInfoj		0	0	1
N	_ZN18CFactorSeedFactory6CreateERKNSt6__ndk110shared_ptrI33CMasterParameterFactorSeedElementEEjjjjRKN9Framework10CSTLVectorIN6Factor15FactorBoostInfoEEEPSB_		0	0	1
N	_ZN18COrderGaugeManager10InitializeEj		0	0	1
N	_ZN18COrderGaugeManager10ResetOrderEv		0	0	2
N	_ZN18COrderGaugeManager12FinishHeatUpEv		0	0	1
N	_ZN18COrderGaugeManager12RefreashViewEb		4	21	6777
N	_ZN18COrderGaugeManager8AddGaugeEfj		0	0	18
N	_ZN18InfoBaseValueArrayIj23CParameterPropertyValueIjLj13E18CPropertyConverterEE16DeserializeArrayEPKN4Aska4ASON6AValue6AArrayE		1	1	2
N	_ZN19CArenaEffectManager10InitializeEP20CGameResourceManagerb		1	1	41
N	_ZN19CArenaEffectManager11AddForArenaEPKcS1_jjbj		0	3	113
N	_ZN19CArenaEffectManager14StartFromArenaEjPKcRKN9Framework14CEffectManager10tArgumentsEPPNS2_12CEffectModelE		2	101	758
N	_ZN19CArenaEffectManager15RemoveFromArenaEj		0	9	77
N	_ZN19CArenaEffectManagerC1Ev		0	1	41
N	_ZN19CArenaEffectManagerD0Ev		0	0	39
N	_ZN19CArenaEffectManagerD1Ev		0	1	40
N	_ZN19CPhase_DataDownload8ProgressEv		4	100	975
N	_ZN19ICalculateParameter10IsCriticalERK16CCharacterObjectS2_RKN9Parameter15AttackParameterERK35AttackCollisionElement_BaseArgument		3	3	105
N	_ZN19ICalculateParameter13IsAssistCutinERK16CCharacterObject		0	0	1
N	_ZN19ICalculateParameter14InitRandomSeedEv		0	0	1
N	_ZN19ICalculateParameter4GutsERK16CCharacterObjectf		0	0	4
N	_ZN19ICalculateParameter6DamageERK16CCharacterObjectRKN24IAttackCollisionCallback23CallbackArgument_DamageE		0	0	105
N	_ZN19ICalculateParameter7IsGuardERKN9Framework7CVectorERK16CCharacterObjectb		0	0	105
N	_ZN20CMasterHome3DElement10InitializeEv		0	0	9
N	_ZN20CMasterHome3DElementC2ERKS_		0	0	9
N	_ZN20CMasterHome3DElementC2Ev		0	0	35
N	_ZN20CMasterHome3DElementD2Ev		0	0	21
N	_ZN20CMasterHome3DElementaSERKS_		0	0	20
N	_ZN21CAnimationModelObject10SetLightIDEhb		0	0	4
N	_ZN21CAnimationModelObject11ChangeColorERKN9Framework7CVectorEbb		0	5	552
N	_ZN21CAnimationModelObject11PreProgressEv		49	5922	48677
N	_ZN21CAnimationModelObject11SleepObjectEb		0	0	10
N	_ZN21CAnimationModelObject12LastProgressEv		21	172	48677
N	_ZN21CAnimationModelObject12StopDynamicsEb		0	0	1
N	_ZN21CAnimationModelObject13Progress_LoadEv		1	103	75
N	_ZN21CAnimationModelObject13Progress_MainEv		225	5767	48532
N	_ZN21CAnimationModelObject13StartDynamicsEb		0	0	1
N	_ZN21CAnimationModelObject14AnimationSpeedEf		0	0	433
N	_ZN21CAnimationModelObject14ResetAnimationEv		0	0	1
N	_ZN21CAnimationModelObject14StartAnimationEPKcfbb		0	2	43
N	_ZN21CAnimationModelObject14StartAnimationEifbb		2	5	395
N	_ZN21CAnimationModelObject16InitializeByFileEPKcRKN9Framework10CSTLVectorINSt6__ndk112basic_stringIcNS4_11char_traitsIcEENS2_13CSTLAllocatorIcNS2_22CSTLStringAllocatorInfEEEEEEES1_S1_b		0	0	8
N	_ZN21CAnimationModelObject16Progress_ReleaseEv		0	3	70
N	_ZN21CAnimationModelObject19rCollisionContainerEv		0	0	12
N	_ZN21CAnimationModelObject22ProgressInitialize_AcfEPh		0	2	8
N	_ZN21CAnimationModelObject23ImmediateChangePositionERKN9Framework7CVectorE		0	0	3
N	_ZN21CAnimationModelObject23SetupCharacterCollisionEj		1	1	7
N	_ZN21CAnimationModelObject6rModelEv		14	14	222091
N	_ZN21CAnimationModelObject9ToReleaseEv		0	2	11
N	_ZN21CAnimationModelObjectC1Ev		1	1	8
N	_ZN21CAnimationModelObjectD1Ev		0	0	7
N	_ZN21CGameAssetPackManager8ProgressEv		97	143	39300
N	_ZN21CHomeModelViewManager10CheckInputEv		3	3	1129
N	_ZN21CHomeModelViewManager12SetCameraPosEPNS_13HomeCharacterEb		0	0	1
N	_ZN21CHomeModelViewManager12UpdateCameraEv		0	0	1126
N	_ZN21CHomeModelViewManager13Progress_MainEv		1	1	1126
N	_ZN21CHomeModelViewManager14BlushEffectEndEPNS_13HomeCharacterE		0	0	8
N	_ZN21CHomeModelViewManager15MouthMotionStopEPNS_13HomeCharacterE		0	1	10
N	_ZN21CHomeModelViewManager17Progress_HomeTalkEv		13	78	1158
N	_ZN21CHomeModelViewManager20PlayStayMotionRandomEPNS_13HomeCharacterEjf		0	1	5
N	_ZN21CHomeModelViewManager20Progress_Voice_DelayEPNS_13HomeCharacterE		0	0	1126
N	_ZN21CHomeModelViewManager20SetCameraInitialdataEv		0	0	1
N	_ZN21CHomeModelViewManager8ProgressEv		5	83	1158
N	_ZN21CHomeModelViewManager9StopVoiceEv		0	0	3
N	_ZN21CParameterElementBase11AddPropertyEP18IParameterProperty		0	0	578784
N	_ZN21CParameterElementBase11DeserializeEPKN4Aska4ASON6AValue4AMapE		44	45	53653
N	_ZN21CSceneObjectContainer8ProgressEv		355	6626	39298
N	_ZN22AofObjectDeleteHandlerIN4Aska16RenderStateArrayEE14DeleteCallbackEiPv		1	1	89
N	_ZN22AofObjectDeleteHandlerIN4Aska16SkinMatricesBaseEE14DeleteCallbackEiPv		0	0	89
N	_ZN22CParameterPropertyBaseILj100EE11CryptStringINSt6__ndk112basic_stringIcNS2_11char_traitsIcEEN9Framework13CSTLAllocatorIcNS6_22CSTLStringAllocatorInfEEEEEEEvRT_RKSB_		0	0	2
N	_ZN22CParameterPropertyBaseILj105EE11CryptStringINSt6__ndk112basic_stringIcNS2_11char_traitsIcEEN9Framework13CSTLAllocatorIcNS6_22CSTLStringAllocatorInfEEEEEEEvRT_RKSB_		0	0	208
N	_ZN22CParameterPropertyBaseILj106EE11CryptStringINSt6__ndk112basic_stringIcNS2_11char_traitsIcEEN9Framework13CSTLAllocatorIcNS6_22CSTLStringAllocatorInfEEEEEEEvRT_RKSB_		0	0	190
N	_ZN22CParameterPropertyBaseILj107EE11CryptStringINSt6__ndk112basic_stringIcNS2_11char_traitsIcEEN9Framework13CSTLAllocatorIcNS6_22CSTLStringAllocatorInfEEEEEEEvRT_RKSB_		0	0	153
N	_ZN22CParameterPropertyBaseILj108EE11CryptStringINSt6__ndk112basic_stringIcNS2_11char_traitsIcEEN9Framework13CSTLAllocatorIcNS6_22CSTLStringAllocatorInfEEEEEEEvRT_RKSB_		0	0	154
N	_ZN22CParameterPropertyBaseILj109EE11CryptStringINSt6__ndk112basic_stringIcNS2_11char_traitsIcEEN9Framework13CSTLAllocatorIcNS6_22CSTLStringAllocatorInfEEEEEEEvRT_RKSB_		0	0	12
N	_ZN22CParameterPropertyBaseILj110EE11CryptStringINSt6__ndk112basic_stringIcNS2_11char_traitsIcEEN9Framework13CSTLAllocatorIcNS6_22CSTLStringAllocatorInfEEEEEEEvRT_RKSB_		0	0	14
N	_ZN22CParameterPropertyBaseILj111EE11CryptStringINSt6__ndk112basic_stringIcNS2_11char_traitsIcEEN9Framework13CSTLAllocatorIcNS6_22CSTLStringAllocatorInfEEEEEEEvRT_RKSB_		0	0	18
N	_ZN22CParameterPropertyBaseILj112EE11CryptStringINSt6__ndk112basic_stringIcNS2_11char_traitsIcEEN9Framework13CSTLAllocatorIcNS6_22CSTLStringAllocatorInfEEEEEEEvRT_RKSB_		0	0	10
N	_ZN22CParameterPropertyBaseILj113EE11CryptStringINSt6__ndk112basic_stringIcNS2_11char_traitsIcEEN9Framework13CSTLAllocatorIcNS6_22CSTLStringAllocatorInfEEEEEEEvRT_RKSB_		0	0	16
N	_ZN22CParameterPropertyBaseILj115EE11CryptStringINSt6__ndk112basic_stringIcNS2_11char_traitsIcEEN9Framework13CSTLAllocatorIcNS6_22CSTLStringAllocatorInfEEEEEEEvRT_RKSB_		0	0	2
N	_ZN22CParameterPropertyBaseILj120EE11CryptStringINSt6__ndk112basic_stringIcNS2_11char_traitsIcEEN9Framework13CSTLAllocatorIcNS6_22CSTLStringAllocatorInfEEEEEEEvRT_RKSB_		0	0	3
N	_ZN22CParameterPropertyBaseILj122EE11CryptStringINSt6__ndk112basic_stringIcNS2_11char_traitsIcEEN9Framework13CSTLAllocatorIcNS6_22CSTLStringAllocatorInfEEEEEEEvRT_RKSB_		0	0	126
N	_ZN22CParameterPropertyBaseILj126EE11CryptStringINSt6__ndk112basic_stringIcNS2_11char_traitsIcEEN9Framework13CSTLAllocatorIcNS6_22CSTLStringAllocatorInfEEEEEEEvRT_RKSB_		0	0	1161
N	_ZN22CParameterPropertyBaseILj128EE11CryptStringINSt6__ndk112basic_stringIcNS2_11char_traitsIcEEN9Framework13CSTLAllocatorIcNS6_22CSTLStringAllocatorInfEEEEEEEvRT_RKSB_		0	0	1
N	_ZN22CParameterPropertyBaseILj132EE11CryptStringINSt6__ndk112basic_stringIcNS2_11char_traitsIcEEN9Framework13CSTLAllocatorIcNS6_22CSTLStringAllocatorInfEEEEEEEvRT_RKSB_		0	0	7
N	_ZN22CParameterPropertyBaseILj137EE11CryptStringINSt6__ndk112basic_stringIcNS2_11char_traitsIcEEN9Framework13CSTLAllocatorIcNS6_22CSTLStringAllocatorInfEEEEEEEvRT_RKSB_		0	0	62
N	_ZN22CParameterPropertyBaseILj145EE11CryptStringINSt6__ndk112basic_stringIcNS2_11char_traitsIcEEN9Framework13CSTLAllocatorIcNS6_22CSTLStringAllocatorInfEEEEEEEvRT_RKSB_		0	0	131
N	_ZN22CParameterPropertyBaseILj147EE11CryptStringINSt6__ndk112basic_stringIcNS2_11char_traitsIcEEN9Framework13CSTLAllocatorIcNS6_22CSTLStringAllocatorInfEEEEEEEvRT_RKSB_		0	0	69
N	_ZN22CParameterPropertyBaseILj152EE11CryptStringINSt6__ndk112basic_stringIcNS2_11char_traitsIcEEN9Framework13CSTLAllocatorIcNS6_22CSTLStringAllocatorInfEEEEEEEvRT_RKSB_		0	0	122
N	_ZN22CParameterPropertyBaseILj153EE11CryptStringINSt6__ndk112basic_stringIcNS2_11char_traitsIcEEN9Framework13CSTLAllocatorIcNS6_22CSTLStringAllocatorInfEEEEEEEvRT_RKSB_		0	0	6
N	_ZN22CParameterPropertyBaseILj160EE11CryptStringINSt6__ndk112basic_stringIcNS2_11char_traitsIcEEN9Framework13CSTLAllocatorIcNS6_22CSTLStringAllocatorInfEEEEEEEvRT_RKSB_		0	0	16
N	_ZN22CParameterPropertyBaseILj161EE11CryptStringINSt6__ndk112basic_stringIcNS2_11char_traitsIcEEN9Framework13CSTLAllocatorIcNS6_22CSTLStringAllocatorInfEEEEEEEvRT_RKSB_		0	0	16
N	_ZN22CParameterPropertyBaseILj162EE11CryptStringINSt6__ndk112basic_stringIcNS2_11char_traitsIcEEN9Framework13CSTLAllocatorIcNS6_22CSTLStringAllocatorInfEEEEEEEvRT_RKSB_		0	0	12
N	_ZN22CParameterPropertyBaseILj163EE11CryptStringINSt6__ndk112basic_stringIcNS2_11char_traitsIcEEN9Framework13CSTLAllocatorIcNS6_22CSTLStringAllocatorInfEEEEEEEvRT_RKSB_		0	0	16
N	_ZN22CParameterPropertyBaseILj164EE11CryptStringINSt6__ndk112basic_stringIcNS2_11char_traitsIcEEN9Framework13CSTLAllocatorIcNS6_22CSTLStringAllocatorInfEEEEEEEvRT_RKSB_		0	0	8
N	_ZN22CParameterPropertyBaseILj165EE11CryptStringINSt6__ndk112basic_stringIcNS2_11char_traitsIcEEN9Framework13CSTLAllocatorIcNS6_22CSTLStringAllocatorInfEEEEEEEvRT_RKSB_		0	0	17
N	_ZN22CParameterPropertyBaseILj166EE11CryptStringINSt6__ndk112basic_stringIcNS2_11char_traitsIcEEN9Framework13CSTLAllocatorIcNS6_22CSTLStringAllocatorInfEEEEEEEvRT_RKSB_		0	0	8
N	_ZN22CParameterPropertyBaseILj167EE11CryptStringINSt6__ndk112basic_stringIcNS2_11char_traitsIcEEN9Framework13CSTLAllocatorIcNS6_22CSTLStringAllocatorInfEEEEEEEvRT_RKSB_		0	0	8
N	_ZN22CParameterPropertyBaseILj168EE11CryptStringINSt6__ndk112basic_stringIcNS2_11char_traitsIcEEN9Framework13CSTLAllocatorIcNS6_22CSTLStringAllocatorInfEEEEEEEvRT_RKSB_		0	0	8
N	_ZN22CParameterPropertyBaseILj169EE11CryptStringINSt6__ndk112basic_stringIcNS2_11char_traitsIcEEN9Framework13CSTLAllocatorIcNS6_22CSTLStringAllocatorInfEEEEEEEvRT_RKSB_		0	0	8
N	_ZN22CParameterPropertyBaseILj170EE11CryptStringINSt6__ndk112basic_stringIcNS2_11char_traitsIcEEN9Framework13CSTLAllocatorIcNS6_22CSTLStringAllocatorInfEEEEEEEvRT_RKSB_		0	0	8
N	_ZN22CParameterPropertyBaseILj171EE11CryptStringINSt6__ndk112basic_stringIcNS2_11char_traitsIcEEN9Framework13CSTLAllocatorIcNS6_22CSTLStringAllocatorInfEEEEEEEvRT_RKSB_		0	0	8
N	_ZN22CParameterPropertyBaseILj172EE11CryptStringINSt6__ndk112basic_stringIcNS2_11char_traitsIcEEN9Framework13CSTLAllocatorIcNS6_22CSTLStringAllocatorInfEEEEEEEvRT_RKSB_		0	0	8
N	_ZN22CParameterPropertyBaseILj173EE11CryptStringINSt6__ndk112basic_stringIcNS2_11char_traitsIcEEN9Framework13CSTLAllocatorIcNS6_22CSTLStringAllocatorInfEEEEEEEvRT_RKSB_		0	0	8
N	_ZN22CParameterPropertyBaseILj174EE11CryptStringINSt6__ndk112basic_stringIcNS2_11char_traitsIcEEN9Framework13CSTLAllocatorIcNS6_22CSTLStringAllocatorInfEEEEEEEvRT_RKSB_		0	0	8
N	_ZN22CParameterPropertyBaseILj175EE11CryptStringINSt6__ndk112basic_stringIcNS2_11char_traitsIcEEN9Framework13CSTLAllocatorIcNS6_22CSTLStringAllocatorInfEEEEEEEvRT_RKSB_		0	0	23
N	_ZN22CParameterPropertyBaseILj178EE11CryptStringINSt6__ndk112basic_stringIcNS2_11char_traitsIcEEN9Framework13CSTLAllocatorIcNS6_22CSTLStringAllocatorInfEEEEEEEvRT_RKSB_		0	0	16
N	_ZN22CParameterPropertyBaseILj180EE11CryptStringINSt6__ndk112basic_stringIcNS2_11char_traitsIcEEN9Framework13CSTLAllocatorIcNS6_22CSTLStringAllocatorInfEEEEEEEvRT_RKSB_		0	0	3
N	_ZN22CParameterPropertyBaseILj181EE11CryptStringINSt6__ndk112basic_stringIcNS2_11char_traitsIcEEN9Framework13CSTLAllocatorIcNS6_22CSTLStringAllocatorInfEEEEEEEvRT_RKSB_		0	0	15
N	_ZN22CParameterPropertyBaseILj183EE11CryptStringINSt6__ndk112basic_stringIcNS2_11char_traitsIcEEN9Framework13CSTLAllocatorIcNS6_22CSTLStringAllocatorInfEEEEEEEvRT_RKSB_		0	0	3
N	_ZN22CParameterPropertyBaseILj186EE11CryptStringINSt6__ndk112basic_stringIcNS2_11char_traitsIcEEN9Framework13CSTLAllocatorIcNS6_22CSTLStringAllocatorInfEEEEEEEvRT_RKSB_		0	0	3
N	_ZN22CParameterPropertyBaseILj201EE11CryptStringINSt6__ndk112basic_stringIcNS2_11char_traitsIcEEN9Framework13CSTLAllocatorIcNS6_22CSTLStringAllocatorInfEEEEEEEvRT_RKSB_		0	0	15
N	_ZN22CParameterPropertyBaseILj209EE11CryptStringINSt6__ndk112basic_stringIcNS2_11char_traitsIcEEN9Framework13CSTLAllocatorIcNS6_22CSTLStringAllocatorInfEEEEEEEvRT_RKSB_		0	0	3
N	_ZN22CParameterPropertyBaseILj22EE11CryptStringINSt6__ndk112basic_stringIcNS2_11char_traitsIcEEN9Framework13CSTLAllocatorIcNS6_22CSTLStringAllocatorInfEEEEEEEvRT_RKSB_		0	0	1
N	_ZN22CParameterPropertyBaseILj23EE11CryptStringINSt6__ndk112basic_stringIcNS2_11char_traitsIcEEN9Framework13CSTLAllocatorIcNS6_22CSTLStringAllocatorInfEEEEEEEvRT_RKSB_		0	0	1
N	_ZN22CParameterPropertyBaseILj30EE11CryptStringINSt6__ndk112basic_stringIcNS2_11char_traitsIcEEN9Framework13CSTLAllocatorIcNS6_22CSTLStringAllocatorInfEEEEEEEvRT_RKSB_		0	0	3848
N	_ZN22CParameterPropertyBaseILj31EE11CryptStringINSt6__ndk112basic_stringIcNS2_11char_traitsIcEEN9Framework13CSTLAllocatorIcNS6_22CSTLStringAllocatorInfEEEEEEEvRT_RKSB_		3	3	1476
N	_ZN22CParameterPropertyBaseILj32EE11CryptStringINSt6__ndk112basic_stringIcNS2_11char_traitsIcEEN9Framework13CSTLAllocatorIcNS6_22CSTLStringAllocatorInfEEEEEEEvRT_RKSB_		0	0	45529
N	_ZN22CParameterPropertyBaseILj33EE11CryptStringINSt6__ndk112basic_stringIcNS2_11char_traitsIcEEN9Framework13CSTLAllocatorIcNS6_22CSTLStringAllocatorInfEEEEEEEvRT_RKSB_		0	0	9
N	_ZN22CParameterPropertyBaseILj34EE11CryptStringINSt6__ndk112basic_stringIcNS2_11char_traitsIcEEN9Framework13CSTLAllocatorIcNS6_22CSTLStringAllocatorInfEEEEEEEvRT_RKSB_		0	0	9
N	_ZN22CParameterPropertyBaseILj35EE11CryptStringINSt6__ndk112basic_stringIcNS2_11char_traitsIcEEN9Framework13CSTLAllocatorIcNS6_22CSTLStringAllocatorInfEEEEEEEvRT_RKSB_		0	0	8
N	_ZN22CParameterPropertyBaseILj36EE11CryptStringINSt6__ndk112basic_stringIcNS2_11char_traitsIcEEN9Framework13CSTLAllocatorIcNS6_22CSTLStringAllocatorInfEEEEEEEvRT_RKSB_		0	0	2
N	_ZN22CParameterPropertyBaseILj37EE11CryptStringINSt6__ndk112basic_stringIcNS2_11char_traitsIcEEN9Framework13CSTLAllocatorIcNS6_22CSTLStringAllocatorInfEEEEEEEvRT_RKSB_		0	0	13
N	_ZN22CParameterPropertyBaseILj38EE11CryptStringINSt6__ndk112basic_stringIcNS2_11char_traitsIcEEN9Framework13CSTLAllocatorIcNS6_22CSTLStringAllocatorInfEEEEEEEvRT_RKSB_		1	1	2950
N	_ZN22CParameterPropertyBaseILj39EE11CryptStringINSt6__ndk112basic_stringIcNS2_11char_traitsIcEEN9Framework13CSTLAllocatorIcNS6_22CSTLStringAllocatorInfEEEEEEEvRT_RKSB_		0	0	1038
N	_ZN22CParameterPropertyBaseILj40EE11CryptStringINSt6__ndk112basic_stringIcNS2_11char_traitsIcEEN9Framework13CSTLAllocatorIcNS6_22CSTLStringAllocatorInfEEEEEEEvRT_RKSB_		0	0	7
N	_ZN22CParameterPropertyBaseILj41EE11CryptStringINSt6__ndk112basic_stringIcNS2_11char_traitsIcEEN9Framework13CSTLAllocatorIcNS6_22CSTLStringAllocatorInfEEEEEEEvRT_RKSB_		1	1	25745
N	_ZN22CParameterPropertyBaseILj42EE11CryptStringINSt6__ndk112basic_stringIcNS2_11char_traitsIcEEN9Framework13CSTLAllocatorIcNS6_22CSTLStringAllocatorInfEEEEEEEvRT_RKSB_		0	0	267
N	_ZN22CParameterPropertyBaseILj43EE11CryptStringINSt6__ndk112basic_stringIcNS2_11char_traitsIcEEN9Framework13CSTLAllocatorIcNS6_22CSTLStringAllocatorInfEEEEEEEvRT_RKSB_		11	11	49539
N	_ZN22CParameterPropertyBaseILj44EE11CryptStringINSt6__ndk112basic_stringIcNS2_11char_traitsIcEEN9Framework13CSTLAllocatorIcNS6_22CSTLStringAllocatorInfEEEEEEEvRT_RKSB_		0	0	267
N	_ZN22CParameterPropertyBaseILj45EE11CryptStringINSt6__ndk112basic_stringIcNS2_11char_traitsIcEEN9Framework13CSTLAllocatorIcNS6_22CSTLStringAllocatorInfEEEEEEEvRT_RKSB_		0	0	84
N	_ZN22CParameterPropertyBaseILj46EE11CryptStringINSt6__ndk112basic_stringIcNS2_11char_traitsIcEEN9Framework13CSTLAllocatorIcNS6_22CSTLStringAllocatorInfEEEEEEEvRT_RKSB_		0	0	257
N	_ZN22CParameterPropertyBaseILj47EE11CryptStringINSt6__ndk112basic_stringIcNS2_11char_traitsIcEEN9Framework13CSTLAllocatorIcNS6_22CSTLStringAllocatorInfEEEEEEEvRT_RKSB_		0	0	140
N	_ZN22CParameterPropertyBaseILj48EE11CryptStringINSt6__ndk112basic_stringIcNS2_11char_traitsIcEEN9Framework13CSTLAllocatorIcNS6_22CSTLStringAllocatorInfEEEEEEEvRT_RKSB_		0	0	6
N	_ZN22CParameterPropertyBaseILj495EE11CryptStringINSt6__ndk112basic_stringIcNS2_11char_traitsIcEEN9Framework13CSTLAllocatorIcNS6_22CSTLStringAllocatorInfEEEEEEEvRT_RKSB_		0	0	1
N	_ZN22CParameterPropertyBaseILj49EE11CryptStringINSt6__ndk112basic_stringIcNS2_11char_traitsIcEEN9Framework13CSTLAllocatorIcNS6_22CSTLStringAllocatorInfEEEEEEEvRT_RKSB_		0	0	6
N	_ZN22CParameterPropertyBaseILj51EE11CryptStringINSt6__ndk112basic_stringIcNS2_11char_traitsIcEEN9Framework13CSTLAllocatorIcNS6_22CSTLStringAllocatorInfEEEEEEEvRT_RKSB_		0	0	564
N	_ZN22CParameterPropertyBaseILj52EE11CryptStringINSt6__ndk112basic_stringIcNS2_11char_traitsIcEEN9Framework13CSTLAllocatorIcNS6_22CSTLStringAllocatorInfEEEEEEEvRT_RKSB_		0	0	1
N	_ZN22CParameterPropertyBaseILj539EE11CryptStringINSt6__ndk112basic_stringIcNS2_11char_traitsIcEEN9Framework13CSTLAllocatorIcNS6_22CSTLStringAllocatorInfEEEEEEEvRT_RKSB_		0	0	1
N	_ZN22CParameterPropertyBaseILj53EE11CryptStringINSt6__ndk112basic_stringIcNS2_11char_traitsIcEEN9Framework13CSTLAllocatorIcNS6_22CSTLStringAllocatorInfEEEEEEEvRT_RKSB_		1	1	483
N	_ZN22CParameterPropertyBaseILj545EE11CryptStringINSt6__ndk112basic_stringIcNS2_11char_traitsIcEEN9Framework13CSTLAllocatorIcNS6_22CSTLStringAllocatorInfEEEEEEEvRT_RKSB_		0	0	1
N	_ZN22CParameterPropertyBaseILj54EE11CryptStringINSt6__ndk112basic_stringIcNS2_11char_traitsIcEEN9Framework13CSTLAllocatorIcNS6_22CSTLStringAllocatorInfEEEEEEEvRT_RKSB_		0	0	279
N	_ZN22CParameterPropertyBaseILj554EE11CryptStringINSt6__ndk112basic_stringIcNS2_11char_traitsIcEEN9Framework13CSTLAllocatorIcNS6_22CSTLStringAllocatorInfEEEEEEEvRT_RKSB_		0	0	46
N	_ZN22CParameterPropertyBaseILj55EE11CryptStringINSt6__ndk112basic_stringIcNS2_11char_traitsIcEEN9Framework13CSTLAllocatorIcNS6_22CSTLStringAllocatorInfEEEEEEEvRT_RKSB_		0	0	165
N	_ZN22CParameterPropertyBaseILj566EE11CryptStringINSt6__ndk112basic_stringIcNS2_11char_traitsIcEEN9Framework13CSTLAllocatorIcNS6_22CSTLStringAllocatorInfEEEEEEEvRT_RKSB_		0	0	1
N	_ZN22CParameterPropertyBaseILj56EE11CryptStringINSt6__ndk112basic_stringIcNS2_11char_traitsIcEEN9Framework13CSTLAllocatorIcNS6_22CSTLStringAllocatorInfEEEEEEEvRT_RKSB_		0	0	810
N	_ZN22CParameterPropertyBaseILj57EE11CryptStringINSt6__ndk112basic_stringIcNS2_11char_traitsIcEEN9Framework13CSTLAllocatorIcNS6_22CSTLStringAllocatorInfEEEEEEEvRT_RKSB_		0	0	3
N	_ZN22CParameterPropertyBaseILj58EE11CryptStringINSt6__ndk112basic_stringIcNS2_11char_traitsIcEEN9Framework13CSTLAllocatorIcNS6_22CSTLStringAllocatorInfEEEEEEEvRT_RKSB_		0	0	21
N	_ZN22CParameterPropertyBaseILj67EE11CryptStringINSt6__ndk112basic_stringIcNS2_11char_traitsIcEEN9Framework13CSTLAllocatorIcNS6_22CSTLStringAllocatorInfEEEEEEEvRT_RKSB_		0	0	4
N	_ZN22CParameterPropertyBaseILj68EE11CryptStringINSt6__ndk112basic_stringIcNS2_11char_traitsIcEEN9Framework13CSTLAllocatorIcNS6_22CSTLStringAllocatorInfEEEEEEEvRT_RKSB_		9	9	48109
N	_ZN22CParameterPropertyBaseILj69EE11CryptStringINSt6__ndk112basic_stringIcNS2_11char_traitsIcEEN9Framework13CSTLAllocatorIcNS6_22CSTLStringAllocatorInfEEEEEEEvRT_RKSB_		0	0	786
N	_ZN22CParameterPropertyBaseILj70EE11CryptStringINSt6__ndk112basic_stringIcNS2_11char_traitsIcEEN9Framework13CSTLAllocatorIcNS6_22CSTLStringAllocatorInfEEEEEEEvRT_RKSB_		0	0	3
N	_ZN22CParameterPropertyBaseILj73EE11CryptStringINSt6__ndk112basic_stringIcNS2_11char_traitsIcEEN9Framework13CSTLAllocatorIcNS6_22CSTLStringAllocatorInfEEEEEEEvRT_RKSB_		0	0	45
N	_ZN22CParameterPropertyBaseILj74EE11CryptStringINSt6__ndk112basic_stringIcNS2_11char_traitsIcEEN9Framework13CSTLAllocatorIcNS6_22CSTLStringAllocatorInfEEEEEEEvRT_RKSB_		0	0	12
N	_ZN22CParameterPropertyBaseILj76EE11CryptStringINSt6__ndk112basic_stringIcNS2_11char_traitsIcEEN9Framework13CSTLAllocatorIcNS6_22CSTLStringAllocatorInfEEEEEEEvRT_RKSB_		0	0	56
N	_ZN22CParameterPropertyBaseILj77EE11CryptStringINSt6__ndk112basic_stringIcNS2_11char_traitsIcEEN9Framework13CSTLAllocatorIcNS6_22CSTLStringAllocatorInfEEEEEEEvRT_RKSB_		0	0	46
N	_ZN22CParameterPropertyBaseILj78EE11CryptStringINSt6__ndk112basic_stringIcNS2_11char_traitsIcEEN9Framework13CSTLAllocatorIcNS6_22CSTLStringAllocatorInfEEEEEEEvRT_RKSB_		0	0	24
N	_ZN22CParameterPropertyBaseILj79EE11CryptStringINSt6__ndk112basic_stringIcNS2_11char_traitsIcEEN9Framework13CSTLAllocatorIcNS6_22CSTLStringAllocatorInfEEEEEEEvRT_RKSB_		1	1	11
N	_ZN22CParameterPropertyBaseILj80EE11CryptStringINSt6__ndk112basic_stringIcNS2_11char_traitsIcEEN9Framework13CSTLAllocatorIcNS6_22CSTLStringAllocatorInfEEEEEEEvRT_RKSB_		0	0	50
N	_ZN22CParameterPropertyBaseILj81EE11CryptStringINSt6__ndk112basic_stringIcNS2_11char_traitsIcEEN9Framework13CSTLAllocatorIcNS6_22CSTLStringAllocatorInfEEEEEEEvRT_RKSB_		0	0	33
N	_ZN22CParameterPropertyBaseILj82EE11CryptStringINSt6__ndk112basic_stringIcNS2_11char_traitsIcEEN9Framework13CSTLAllocatorIcNS6_22CSTLStringAllocatorInfEEEEEEEvRT_RKSB_		0	0	41
N	_ZN22CParameterPropertyBaseILj83EE11CryptStringINSt6__ndk112basic_stringIcNS2_11char_traitsIcEEN9Framework13CSTLAllocatorIcNS6_22CSTLStringAllocatorInfEEEEEEEvRT_RKSB_		0	0	112
N	_ZN22CParameterPropertyBaseILj84EE11CryptStringINSt6__ndk112basic_stringIcNS2_11char_traitsIcEEN9Framework13CSTLAllocatorIcNS6_22CSTLStringAllocatorInfEEEEEEEvRT_RKSB_		0	0	170
N	_ZN22CParameterPropertyBaseILj85EE11CryptStringINSt6__ndk112basic_stringIcNS2_11char_traitsIcEEN9Framework13CSTLAllocatorIcNS6_22CSTLStringAllocatorInfEEEEEEEvRT_RKSB_		0	0	121
N	_ZN22CParameterPropertyBaseILj86EE11CryptStringINSt6__ndk112basic_stringIcNS2_11char_traitsIcEEN9Framework13CSTLAllocatorIcNS6_22CSTLStringAllocatorInfEEEEEEEvRT_RKSB_		0	0	158
N	_ZN22CParameterPropertyBaseILj87EE11CryptStringINSt6__ndk112basic_stringIcNS2_11char_traitsIcEEN9Framework13CSTLAllocatorIcNS6_22CSTLStringAllocatorInfEEEEEEEvRT_RKSB_		0	0	159
N	_ZN22CParameterPropertyBaseILj88EE11CryptStringINSt6__ndk112basic_stringIcNS2_11char_traitsIcEEN9Framework13CSTLAllocatorIcNS6_22CSTLStringAllocatorInfEEEEEEEvRT_RKSB_		0	0	75
N	_ZN22CParameterPropertyBaseILj90EE11CryptStringINSt6__ndk112basic_stringIcNS2_11char_traitsIcEEN9Framework13CSTLAllocatorIcNS6_22CSTLStringAllocatorInfEEEEEEEvRT_RKSB_		0	0	16
N	_ZN22CParameterPropertyBaseILj93EE11CryptStringINSt6__ndk112basic_stringIcNS2_11char_traitsIcEEN9Framework13CSTLAllocatorIcNS6_22CSTLStringAllocatorInfEEEEEEEvRT_RKSB_		0	0	1
N	_ZN22CParameterPropertyBaseILj94EE11CryptStringINSt6__ndk112basic_stringIcNS2_11char_traitsIcEEN9Framework13CSTLAllocatorIcNS6_22CSTLStringAllocatorInfEEEEEEEvRT_RKSB_		0	0	9
N	_ZN22CParameterPropertyBaseILj95EE11CryptStringINSt6__ndk112basic_stringIcNS2_11char_traitsIcEEN9Framework13CSTLAllocatorIcNS6_22CSTLStringAllocatorInfEEEEEEEvRT_RKSB_		0	0	139
N	_ZN22CParameterPropertyBaseILj96EE11CryptStringINSt6__ndk112basic_stringIcNS2_11char_traitsIcEEN9Framework13CSTLAllocatorIcNS6_22CSTLStringAllocatorInfEEEEEEEvRT_RKSB_		0	0	6
N	_ZN22CParameterPropertyBaseILj97EE11CryptStringINSt6__ndk112basic_stringIcNS2_11char_traitsIcEEN9Framework13CSTLAllocatorIcNS6_22CSTLStringAllocatorInfEEEEEEEvRT_RKSB_		0	0	4
N	_ZN22CParameterPropertyBaseILj98EE11CryptStringINSt6__ndk112basic_stringIcNS2_11char_traitsIcEEN9Framework13CSTLAllocatorIcNS6_22CSTLStringAllocatorInfEEEEEEEvRT_RKSB_		0	0	4
N	_ZN22CParameterPropertyBaseILj99EE11CryptStringINSt6__ndk112basic_stringIcNS2_11char_traitsIcEEN9Framework13CSTLAllocatorIcNS6_22CSTLStringAllocatorInfEEEEEEEvRT_RKSB_		0	0	123
N	_ZN22CSimpleSqliteConnectorIN24CMasterEventRankingGroup39SimpleMasterDB_CMasterEventRankingGroupES1_E14QueryToMsgPackEPKcRN4Aska12TSharedArrayIaEERlPNS5_5Yayoi10QueryParamEj		0	0	1
N	_ZN22CSimpleSqliteConnectorIN8MasterDB10CEventTermEN4Aska5Yayoi13TEntity_SlaveINS3_12SQLiteDriverES1_NS3_7NoCacheEEEE14QueryToMsgPackEPKcRNS2_12TSharedArrayIaEERlPNS3_10QueryParamEj		1	1	1
N	_ZN22CSimpleSqliteConnectorIN8MasterDB10CWinCameraEN4Aska5Yayoi13TEntity_SlaveINS3_12SQLiteDriverES1_NS3_7NoCacheEEEE14QueryToMsgPackEjjRNS2_12TSharedArrayIaEERl		0	0	6
N	_ZN22CSimpleSqliteConnectorIN8MasterDB11CEnemyPartyEN4Aska5Yayoi13TEntity_SlaveINS3_12SQLiteDriverES1_NS3_7NoCacheEEEE14QueryToMsgPackEjjRNS2_12TSharedArrayIaEERl		2	2	4
N	_ZN22CSimpleSqliteConnectorIN8MasterDB11CFactorSeedEN4Aska5Yayoi13TEntity_SlaveINS3_12SQLiteDriverES1_NS3_7NoCacheEEEE14QueryToMsgPackEjjRNS2_12TSharedArrayIaEERl		0	0	2
N	_ZN22CSimpleSqliteConnectorIN8MasterDB11CMissionNpcEN4Aska5Yayoi13TEntity_SlaveINS3_12SQLiteDriverES1_NS3_7NoCacheEEEE14QueryToMsgPackEPKcRNS2_12TSharedArrayIaEERlPNS3_10QueryParamEj		0	0	6
N	_ZN22CSimpleSqliteConnectorIN8MasterDB11CMissionNpcEN4Aska5Yayoi13TEntity_SlaveINS3_12SQLiteDriverES1_NS3_7NoCacheEEEE14QueryToMsgPackEjjRNS2_12TSharedArrayIaEERl		0	0	3
N	_ZN22CSimpleSqliteConnectorIN8MasterDB11CSelectPartEN4Aska5Yayoi13TEntity_SlaveINS3_12SQLiteDriverES1_NS3_7NoCacheEEEE14QueryToMsgPackEPKcRNS2_12TSharedArrayIaEERlPNS3_10QueryParamEj		0	0	1
N	_ZN22CSimpleSqliteConnectorIN8MasterDB11CWeaponKindEN4Aska5Yayoi13TEntity_SlaveINS3_12SQLiteDriverES1_NS3_7NoCacheEEEE14QueryToMsgPackEjjRNS2_12TSharedArrayIaEERl		4	4	42
N	_ZN22CSimpleSqliteConnectorIN8MasterDB12CAchievementEN4Aska5Yayoi13TEntity_SlaveINS3_12SQLiteDriverES1_NS3_7NoCacheEEEE14QueryToMsgPackEPKcRNS2_12TSharedArrayIaEERlPNS3_10QueryParamEj		1	1	1
N	_ZN22CSimpleSqliteConnectorIN8MasterDB12CEventWeeklyEN4Aska5Yayoi13TEntity_SlaveINS3_12SQLiteDriverES1_NS3_7NoCacheEEEE14QueryToMsgPackEPKcRNS2_12TSharedArrayIaEERlPNS3_10QueryParamEj		0	1	1
N	_ZN22CSimpleSqliteConnectorIN8MasterDB12CHomeMessageEN4Aska5Yayoi13TEntity_SlaveINS3_12SQLiteDriverES1_NS3_7NoCacheEEEE14QueryToMsgPackEPKcRNS2_12TSharedArrayIaEERlPNS3_10QueryParamEj		1	1	1
N	_ZN22CSimpleSqliteConnectorIN8MasterDB12CItemComposeEN4Aska5Yayoi13TEntity_SlaveINS3_12SQLiteDriverES1_NS3_7NoCacheEEEE14QueryToMsgPackEjjRNS2_12TSharedArrayIaEERl		0	0	1
N	_ZN22CSimpleSqliteConnectorIN8MasterDB12CPlayerLevelEN4Aska5Yayoi13TEntity_SlaveINS3_12SQLiteDriverES1_NS3_7NoCacheEEEE14QueryToMsgPackEPKcRNS2_12TSharedArrayIaEERlPNS3_10QueryParamEj		0	0	2
N	_ZN22CSimpleSqliteConnectorIN8MasterDB12CPlayerLevelEN4Aska5Yayoi13TEntity_SlaveINS3_12SQLiteDriverES1_NS3_7NoCacheEEEE14QueryToMsgPackEjjRNS2_12TSharedArrayIaEERl		0	0	2
N	_ZN22CSimpleSqliteConnectorIN8MasterDB12CStageLayoutEN4Aska5Yayoi13TEntity_SlaveINS3_12SQLiteDriverES1_NS3_7NoCacheEEEE14QueryToMsgPackEjjRNS2_12TSharedArrayIaEERl		0	0	1
N	_ZN22CSimpleSqliteConnectorIN8MasterDB13CBattleGlobalEN4Aska5Yayoi13TEntity_SlaveINS3_12SQLiteDriverES1_NS3_7NoCacheEEEE14QueryToMsgPackEjjRNS2_12TSharedArrayIaEERl		0	0	3
N	_ZN22CSimpleSqliteConnectorIN8MasterDB13CEventMissionEN4Aska5Yayoi13TEntity_SlaveINS3_12SQLiteDriverES1_NS3_7NoCacheEEEE14QueryToMsgPackEjjRNS2_12TSharedArrayIaEERl		0	0	1
N	_ZN22CSimpleSqliteConnectorIN8MasterDB13CLoginMessageEN4Aska5Yayoi13TEntity_SlaveINS3_12SQLiteDriverES1_NS3_7NoCacheEEEE14QueryToMsgPackEPKcRNS2_12TSharedArrayIaEERlPNS3_10QueryParamEj		0	0	2
N	_ZN22CSimpleSqliteConnectorIN8MasterDB13CMissionBoardEN4Aska5Yayoi13TEntity_SlaveINS3_12SQLiteDriverES1_NS3_7NoCacheEEEE14QueryToMsgPackEPKcRNS2_12TSharedArrayIaEERlPNS3_10QueryParamEj		0	0	2
N	_ZN22CSimpleSqliteConnectorIN8MasterDB13CMissionStageEN4Aska5Yayoi13TEntity_SlaveINS3_12SQLiteDriverES1_NS3_7NoCacheEEEE14QueryToMsgPackEPKcRNS2_12TSharedArrayIaEERlPNS3_10QueryParamEj		3	4	3
N	_ZN22CSimpleSqliteConnectorIN8MasterDB13CMissionStageEN4Aska5Yayoi13TEntity_SlaveINS3_12SQLiteDriverES1_NS3_7NoCacheEEEE14QueryToMsgPackEjjRNS2_12TSharedArrayIaEERl		2	2	4
N	_ZN22CSimpleSqliteConnectorIN8MasterDB13CTowerMissionEN4Aska5Yayoi13TEntity_SlaveINS3_12SQLiteDriverES1_NS3_7NoCacheEEEE14QueryToMsgPackEjjRNS2_12TSharedArrayIaEERl		0	0	1
N	_ZN22CSimpleSqliteConnectorIN8MasterDB14CMasterMenuBGMEN4Aska5Yayoi13TEntity_SlaveINS3_12SQLiteDriverES1_NS3_7NoCacheEEEE14QueryToMsgPackEPKcRNS2_12TSharedArrayIaEERlPNS3_10QueryParamEj		1	1	10
N	_ZN22CSimpleSqliteConnectorIN8MasterDB15CSkillParameterEN4Aska5Yayoi13TEntity_SlaveINS3_12SQLiteDriverES1_NS3_7NoCacheEEEE14QueryToMsgPackEPKcRNS2_12TSharedArrayIaEERlPNS3_10QueryParamEj		0	0	3
N	_ZN22CSimpleSqliteConnectorIN8MasterDB15CSkillParameterEN4Aska5Yayoi13TEntity_SlaveINS3_12SQLiteDriverES1_NS3_7NoCacheEEEE14QueryToMsgPackEjjRNS2_12TSharedArrayIaEERl		3	3	14
N	_ZN22CSimpleSqliteConnectorIN8MasterDB16CMenuCommonVoiceEN4Aska5Yayoi13TEntity_SlaveINS3_12SQLiteDriverES1_NS3_7NoCacheEEEE14QueryToMsgPackEPKcRNS2_12TSharedArrayIaEERlPNS3_10QueryParamEj		2	2	25
N	_ZN22CSimpleSqliteConnectorIN8MasterDB16CReplaceResourceEN4Aska5Yayoi13TEntity_SlaveINS3_12SQLiteDriverES1_NS3_7NoCacheEEEE14QueryToMsgPackEPKcRNS2_12TSharedArrayIaEERlPNS3_10QueryParamEj		0	0	1
N	_ZN22CSimpleSqliteConnectorIN8MasterDB16CTrainingMissionEN4Aska5Yayoi13TEntity_SlaveINS3_12SQLiteDriverES1_NS3_7NoCacheEEEE14QueryToMsgPackEjjRNS2_12TSharedArrayIaEERl		0	0	1
N	_ZN22CSimpleSqliteConnectorIN8MasterDB16CWorldMapMissionEN4Aska5Yayoi13TEntity_SlaveINS3_12SQLiteDriverES1_NS3_7NoCacheEEEE14QueryToMsgPackEjjRNS2_12TSharedArrayIaEERl		0	0	1
N	_ZN22CSimpleSqliteConnectorIN8MasterDB17CMasterFavorLevelEN4Aska5Yayoi13TEntity_SlaveINS3_12SQLiteDriverES1_NS3_7NoCacheEEEE14QueryToMsgPackEPKcRNS2_12TSharedArrayIaEERlPNS3_10QueryParamEj		0	0	1
N	_ZN22CSimpleSqliteConnectorIN8MasterDB17CNpcBaseParameterEN4Aska5Yayoi13TEntity_SlaveINS3_12SQLiteDriverES1_NS3_7NoCacheEEEE14QueryToMsgPackEjjRNS2_12TSharedArrayIaEERl		0	0	3
N	_ZN22CSimpleSqliteConnectorIN8MasterDB18CMasterHeatUpBonusEN4Aska5Yayoi13TEntity_SlaveINS3_12SQLiteDriverES1_NS3_7NoCacheEEEE14QueryToMsgPackEPKcRNS2_12TSharedArrayIaEERlPNS3_10QueryParamEj		0	0	1
N	_ZN22CSimpleSqliteConnectorIN8MasterDB19CEnemyBaseParameterEN4Aska5Yayoi13TEntity_SlaveINS3_12SQLiteDriverES1_NS3_7NoCacheEEEE14QueryToMsgPackEjjRNS2_12TSharedArrayIaEERl		1	1	4
N	_ZN22CSimpleSqliteConnectorIN8MasterDB20CMasterFavorScheduleEN4Aska5Yayoi13TEntity_SlaveINS3_12SQLiteDriverES1_NS3_7NoCacheEEEE14QueryToMsgPackEPKcRNS2_12TSharedArrayIaEERlPNS3_10QueryParamEj		0	0	1
N	_ZN22CSimpleSqliteConnectorIN8MasterDB21CEnemyCommonParameterEN4Aska5Yayoi13TEntity_SlaveINS3_12SQLiteDriverES1_NS3_7NoCacheEEEE14QueryToMsgPackEjjRNS2_12TSharedArrayIaEERl		0	0	2
N	_ZN22CSimpleSqliteConnectorIN8MasterDB24CharacterCommonParameterEN4Aska5Yayoi13TEntity_SlaveINS3_12SQLiteDriverES1_NS3_7NoCacheEEEE14QueryToMsgPackEPKcRNS2_12TSharedArrayIaEERlPNS3_10QueryParamEj		0	0	1
N	_ZN22CSimpleSqliteConnectorIN8MasterDB26CMasterHome3DMotionSettingEN4Aska5Yayoi13TEntity_SlaveINS3_12SQLiteDriverES1_NS3_7NoCacheEEEE14QueryToMsgPackEPKcRNS2_12TSharedArrayIaEERlPNS3_10QueryParamEj		0	0	5
N	_ZN22CSimpleSqliteConnectorIN8MasterDB27CMasterAssistSkillParameterEN4Aska5Yayoi13TEntity_SlaveINS3_12SQLiteDriverES1_NS3_7NoCacheEEEE14QueryToMsgPackEPKcRNS2_12TSharedArrayIaEERlPNS3_10QueryParamEj		0	0	7
N	_ZN22CSimpleSqliteConnectorIN8MasterDB29CMasterParameterAIAppointMoveEN4Aska5Yayoi13TEntity_SlaveINS3_12SQLiteDriverES1_NS3_7NoCacheEEEE14QueryToMsgPackEjjRNS2_12TSharedArrayIaEERl		0	0	2
N	_ZN22CSimpleSqliteConnectorIN8MasterDB31CMasterParameterChantEffectTypeEN4Aska5Yayoi13TEntity_SlaveINS3_12SQLiteDriverES1_NS3_7NoCacheEEEE14QueryToMsgPackEPKcRNS2_12TSharedArrayIaEERlPNS3_10QueryParamEj		0	0	1
N	_ZN22CSimpleSqliteConnectorIN8MasterDB4CMapEN4Aska5Yayoi13TEntity_SlaveINS3_12SQLiteDriverES1_NS3_7NoCacheEEEE14QueryToMsgPackEjjRNS2_12TSharedArrayIaEERl		1	1	1
N	_ZN22CSimpleSqliteConnectorIN8MasterDB5CAreaEN4Aska5Yayoi13TEntity_SlaveINS3_12SQLiteDriverES1_NS3_7NoCacheEEEE14QueryToMsgPackEPKcRNS2_12TSharedArrayIaEERlPNS3_10QueryParamEj		0	0	10
N	_ZN22CSimpleSqliteConnectorIN8MasterDB5CAreaEN4Aska5Yayoi13TEntity_SlaveINS3_12SQLiteDriverES1_NS3_7NoCacheEEEE14QueryToMsgPackEjjRNS2_12TSharedArrayIaEERl		0	0	3
N	_ZN22CSimpleSqliteConnectorIN8MasterDB5CItemEN4Aska5Yayoi13TEntity_SlaveINS3_12SQLiteDriverES1_NS3_7NoCacheEEEE14QueryToMsgPackEjjRNS2_12TSharedArrayIaEERl		2	2	3
N	_ZN22CSimpleSqliteConnectorIN8MasterDB5CRankEN4Aska5Yayoi13TEntity_SlaveINS3_12SQLiteDriverES1_NS3_7NoCacheEEEE14QueryToMsgPackEPKcRNS2_12TSharedArrayIaEERlPNS3_10QueryParamEj		0	0	4
N	_ZN22CSimpleSqliteConnectorIN8MasterDB5CRoleEN4Aska5Yayoi13TEntity_SlaveINS3_12SQLiteDriverES1_NS3_7NoCacheEEEE14QueryToMsgPackEPKcRNS2_12TSharedArrayIaEERlPNS3_10QueryParamEj		0	0	2
N	_ZN22CSimpleSqliteConnectorIN8MasterDB5CRoleEN4Aska5Yayoi13TEntity_SlaveINS3_12SQLiteDriverES1_NS3_7NoCacheEEEE14QueryToMsgPackEjjRNS2_12TSharedArrayIaEERl		2	2	12
N	_ZN22CSimpleSqliteConnectorIN8MasterDB5CTextEN4Aska5Yayoi13TEntity_SlaveINS3_12SQLiteDriverES1_NS3_7NoCacheEEEE14QueryToMsgPackEPKcRNS2_12TSharedArrayIaEERlPNS3_10QueryParamEj		76	78	24
N	_ZN22CSimpleSqliteConnectorIN8MasterDB5CTextEN4Aska5Yayoi13TEntity_SlaveINS3_12SQLiteDriverES1_NS3_7NoCacheEEEE14QueryToMsgPackEjjRNS2_12TSharedArrayIaEERl		612	616	197
N	_ZN22CSimpleSqliteConnectorIN8MasterDB6CSkillEN4Aska5Yayoi13TEntity_SlaveINS3_12SQLiteDriverES1_NS3_7NoCacheEEEE14QueryToMsgPackEPKcRNS2_12TSharedArrayIaEERlPNS3_10QueryParamEj		1	1	3
N	_ZN22CSimpleSqliteConnectorIN8MasterDB6CSkillEN4Aska5Yayoi13TEntity_SlaveINS3_12SQLiteDriverES1_NS3_7NoCacheEEEE14QueryToMsgPackEjjRNS2_12TSharedArrayIaEERl		5	5	14
N	_ZN22CSimpleSqliteConnectorIN8MasterDB6CTitleEN4Aska5Yayoi13TEntity_SlaveINS3_12SQLiteDriverES1_NS3_7NoCacheEEEE14QueryToMsgPackEPKcRNS2_12TSharedArrayIaEERlPNS3_10QueryParamEj		0	0	2
N	_ZN22CSimpleSqliteConnectorIN8MasterDB7CBannerEN4Aska5Yayoi13TEntity_SlaveINS3_12SQLiteDriverES1_NS3_7NoCacheEEEE14QueryToMsgPackEPKcRNS2_12TSharedArrayIaEERlPNS3_10QueryParamEj		0	0	2
N	_ZN22CSimpleSqliteConnectorIN8MasterDB7CEffectEN4Aska5Yayoi13TEntity_SlaveINS3_12SQLiteDriverES1_NS3_7NoCacheEEEE14QueryToMsgPackEPKcRNS2_12TSharedArrayIaEERlPNS3_10QueryParamEj		12	12	13
N	_ZN22CSimpleSqliteConnectorIN8MasterDB7CEffectEN4Aska5Yayoi13TEntity_SlaveINS3_12SQLiteDriverES1_NS3_7NoCacheEEEE14QueryToMsgPackEjjRNS2_12TSharedArrayIaEERl		1	1	2
N	_ZN22CSimpleSqliteConnectorIN8MasterDB7CFactorEN4Aska5Yayoi13TEntity_SlaveINS3_12SQLiteDriverES1_NS3_7NoCacheEEEE14QueryToMsgPackEjjRNS2_12TSharedArrayIaEERl		6	6	18
N	_ZN22CSimpleSqliteConnectorIN8MasterDB7CGlobalEN4Aska5Yayoi13TEntity_SlaveINS3_12SQLiteDriverES1_NS3_7NoCacheEEEE14QueryToMsgPackEPKcRNS2_12TSharedArrayIaEERlPNS3_10QueryParamEj		2573	2573	99939
N	_ZN22CSimpleSqliteConnectorIN8MasterDB7CPersonEN4Aska5Yayoi13TEntity_SlaveINS3_12SQLiteDriverES1_NS3_7NoCacheEEEE14QueryToMsgPackEPKcRNS2_12TSharedArrayIaEERlPNS3_10QueryParamEj		0	0	1
N	_ZN22CSimpleSqliteConnectorIN8MasterDB7CPersonEN4Aska5Yayoi13TEntity_SlaveINS3_12SQLiteDriverES1_NS3_7NoCacheEEEE14QueryToMsgPackEjjRNS2_12TSharedArrayIaEERl		2	2	16
N	_ZN22CSimpleSqliteConnectorIN8MasterDB7CPlanetEN4Aska5Yayoi13TEntity_SlaveINS3_12SQLiteDriverES1_NS3_7NoCacheEEEE14QueryToMsgPackEPKcRNS2_12TSharedArrayIaEERlPNS3_10QueryParamEj		1	1	3
N	_ZN22CSimpleSqliteConnectorIN8MasterDB7CPlanetEN4Aska5Yayoi13TEntity_SlaveINS3_12SQLiteDriverES1_NS3_7NoCacheEEEE14QueryToMsgPackEjjRNS2_12TSharedArrayIaEERl		0	0	3
N	_ZN22CSimpleSqliteConnectorIN8MasterDB7CTalentEN4Aska5Yayoi13TEntity_SlaveINS3_12SQLiteDriverES1_NS3_7NoCacheEEEE14QueryToMsgPackEjjRNS2_12TSharedArrayIaEERl		1	1	8
N	_ZN22CSimpleSqliteConnectorIN8MasterDB7CWeaponEN4Aska5Yayoi13TEntity_SlaveINS3_12SQLiteDriverES1_NS3_7NoCacheEEEE14QueryToMsgPackEjjRNS2_12TSharedArrayIaEERl		1	1	26
N	_ZN22CSimpleSqliteConnectorIN8MasterDB8CMissionEN4Aska5Yayoi13TEntity_SlaveINS3_12SQLiteDriverES1_NS3_7NoCacheEEEE14QueryToMsgPackEPKcRNS2_12TSharedArrayIaEERlPNS3_10QueryParamEj		0	0	6
N	_ZN22CSimpleSqliteConnectorIN8MasterDB8CMissionEN4Aska5Yayoi13TEntity_SlaveINS3_12SQLiteDriverES1_NS3_7NoCacheEEEE14QueryToMsgPackEjjRNS2_12TSharedArrayIaEERl		4	4	7
N	_ZN23AofObjectReleaseHandlerIN4Aska10AofHandlerEE14DeleteCallbackEiPv		2	3	89
N	_ZN23AofObjectReleaseHandlerIN4Aska11RenderStateEE14DeleteCallbackEiPv		1	2	178
N	_ZN23CFactorSeed_ChangeUseAp8SetParamEfffff		0	0	1
N	_ZN23CFactorSeed_ChangeUseAp9CheckSeedEjRN9Framework10CSTLVectorIP15CFactorSeedBaseEE		0	0	1
N	_ZN23CFactorSeed_ChangeUseApD0Ev		0	0	1
N	_ZN23CParameterPropertyValueIbLj14E18CPropertyConverterE11DeserializeEPKN4Aska4ASON6AValue4AMapE		0	0	252
N	_ZN23CParameterPropertyValueIbLj15E18CPropertyConverterE11DeserializeEPKN4Aska4ASON6AValue4AMapE		0	0	252
N	_ZN23CParameterPropertyValueIbLj16E18CPropertyConverterE11DeserializeEPKN4Aska4ASON6AValue4AMapE		0	0	1077
N	_ZN23CParameterPropertyValueIbLj17E18CPropertyConverterE11DeserializeEPKN4Aska4ASON6AValue4AMapE		0	0	876
N	_ZN23CParameterPropertyValueIbLj189E18CPropertyConverterE11DeserializeEPKN4Aska4ASON6AValue4AMapE		0	0	2
N	_ZN23CParameterPropertyValueIbLj18E18CPropertyConverterE11DeserializeEPKN4Aska4ASON6AValue4AMapE		0	0	878
N	_ZN23CParameterPropertyValueIbLj190E18CPropertyConverterE11DeserializeEPKN4Aska4ASON6AValue4AMapE		0	0	2
N	_ZN23CParameterPropertyValueIbLj191E18CPropertyConverterE11DeserializeEPKN4Aska4ASON6AValue4AMapE		0	0	2
N	_ZN23CParameterPropertyValueIbLj192E18CPropertyConverterE11DeserializeEPKN4Aska4ASON6AValue4AMapE		0	0	2
N	_ZN23CParameterPropertyValueIbLj19E18CPropertyConverterE11DeserializeEPKN4Aska4ASON6AValue4AMapE		0	0	1
N	_ZN23CParameterPropertyValueIbLj203E18CPropertyConverterE11DeserializeEPKN4Aska4ASON6AValue4AMapE		0	0	9
N	_ZN23CParameterPropertyValueIbLj204E18CPropertyConverterE11DeserializeEPKN4Aska4ASON6AValue4AMapE		0	0	9
N	_ZN23CParameterPropertyValueIbLj224E18CPropertyConverterE11DeserializeEPKN4Aska4ASON6AValue4AMapE		0	0	3
N	_ZN23CParameterPropertyValueIbLj225E18CPropertyConverterE11DeserializeEPKN4Aska4ASON6AValue4AMapE		0	0	3
N	_ZN23CParameterPropertyValueIbLj22E18CPropertyConverterE11DeserializeEPKN4Aska4ASON6AValue4AMapE		0	0	1
N	_ZN23CParameterPropertyValueIbLj242E18CPropertyConverterE11DeserializeEPKN4Aska4ASON6AValue4AMapE		0	0	3
N	_ZN23CParameterPropertyValueIbLj24E18CPropertyConverterE11DeserializeEPKN4Aska4ASON6AValue4AMapE		0	0	2
N	_ZN23CParameterPropertyValueIbLj29E18CPropertyConverterE11DeserializeEPKN4Aska4ASON6AValue4AMapE		0	0	2
N	_ZN23CParameterPropertyValueIbLj38E18CPropertyConverterE11DeserializeEPKN4Aska4ASON6AValue4AMapE		0	0	48
N	_ZN23CParameterPropertyValueIbLj43E18CPropertyConverterE11DeserializeEPKN4Aska4ASON6AValue4AMapE		0	0	6
N	_ZN23CParameterPropertyValueIbLj44E18CPropertyConverterE11DeserializeEPKN4Aska4ASON6AValue4AMapE		0	0	6
N	_ZN23CParameterPropertyValueIbLj45E18CPropertyConverterE11DeserializeEPKN4Aska4ASON6AValue4AMapE		0	0	6
N	_ZN23CParameterPropertyValueIbLj57E18CPropertyConverterE11DeserializeEPKN4Aska4ASON6AValue4AMapE		0	0	2703
N	_ZN23CParameterPropertyValueIbLj66E18CPropertyConverterE11DeserializeEPKN4Aska4ASON6AValue4AMapE		0	0	20
N	_ZN23CParameterPropertyValueIbLj84E18CPropertyConverterE11DeserializeEPKN4Aska4ASON6AValue4AMapE		0	0	20
N	_ZN23CParameterPropertyValueIfLj184E18CPropertyConverterE11DeserializeEPKN4Aska4ASON6AValue4AMapE		0	0	3
N	_ZN23CParameterPropertyValueIfLj185E18CPropertyConverterE11DeserializeEPKN4Aska4ASON6AValue4AMapE		0	0	3
N	_ZN23CParameterPropertyValueIfLj186E18CPropertyConverterE11DeserializeEPKN4Aska4ASON6AValue4AMapE		0	0	3
N	_ZN23CParameterPropertyValueIfLj187E18CPropertyConverterE11DeserializeEPKN4Aska4ASON6AValue4AMapE		0	0	3
N	_ZN23CParameterPropertyValueIfLj188E18CPropertyConverterE11DeserializeEPKN4Aska4ASON6AValue4AMapE		0	0	3
N	_ZN23CParameterPropertyValueIfLj189E18CPropertyConverterE11DeserializeEPKN4Aska4ASON6AValue4AMapE		0	0	3
N	_ZN23CParameterPropertyValueIfLj190E18CPropertyConverterE11DeserializeEPKN4Aska4ASON6AValue4AMapE		0	0	3
N	_ZN23CParameterPropertyValueIfLj192E18CPropertyConverterE11DeserializeEPKN4Aska4ASON6AValue4AMapE		0	0	3
N	_ZN23CParameterPropertyValueIfLj193E18CPropertyConverterE11DeserializeEPKN4Aska4ASON6AValue4AMapE		0	0	3
N	_ZN23CParameterPropertyValueIfLj194E18CPropertyConverterE11DeserializeEPKN4Aska4ASON6AValue4AMapE		0	0	3
N	_ZN23CParameterPropertyValueIfLj195E18CPropertyConverterE11DeserializeEPKN4Aska4ASON6AValue4AMapE		0	0	3
N	_ZN23CParameterPropertyValueIfLj196E18CPropertyConverterE11DeserializeEPKN4Aska4ASON6AValue4AMapE		0	0	3
N	_ZN23CParameterPropertyValueIfLj197E18CPropertyConverterE11DeserializeEPKN4Aska4ASON6AValue4AMapE		0	0	3
N	_ZN23CParameterPropertyValueIfLj198E18CPropertyConverterE11DeserializeEPKN4Aska4ASON6AValue4AMapE		0	0	3
N	_ZN23CParameterPropertyValueIfLj23E18CPropertyConverterE11DeserializeEPKN4Aska4ASON6AValue4AMapE		0	0	8
N	_ZN23CParameterPropertyValueIiLj27E18CPropertyConverterE11DeserializeEPKN4Aska4ASON6AValue4AMapE		1	1	8
N	_ZN23CParameterPropertyValueIjLj100E18CPropertyConverterE11DeserializeEPKN4Aska4ASON6AValue4AMapE		0	0	6
N	_ZN23CParameterPropertyValueIjLj101E18CPropertyConverterE11DeserializeEPKN4Aska4ASON6AValue4AMapE		0	0	8
N	_ZN23CParameterPropertyValueIjLj102E18CPropertyConverterE11DeserializeEPKN4Aska4ASON6AValue4AMapE		0	0	2
N	_ZN23CParameterPropertyValueIjLj103E18CPropertyConverterE11DeserializeEPKN4Aska4ASON6AValue4AMapE		0	0	2
N	_ZN23CParameterPropertyValueIjLj110E18CPropertyConverterE11DeserializeEPKN4Aska4ASON6AValue4AMapE		0	0	6
N	_ZN23CParameterPropertyValueIjLj113E18CPropertyConverterE11DeserializeEPKN4Aska4ASON6AValue4AMapE		0	0	6
N	_ZN23CParameterPropertyValueIjLj114E18CPropertyConverterE11DeserializeEPKN4Aska4ASON6AValue4AMapE		0	0	6
N	_ZN23CParameterPropertyValueIjLj115E18CPropertyConverterE11DeserializeEPKN4Aska4ASON6AValue4AMapE		0	0	6
N	_ZN23CParameterPropertyValueIjLj13E18CPropertyConverterE11DeserializeEPKN4Aska4ASON6AValue4AMapE		0	0	272
N	_ZN23CParameterPropertyValueIjLj14E18CPropertyConverterE11DeserializeEPKN4Aska4ASON6AValue4AMapE		0	0	80
N	_ZN23CParameterPropertyValueIjLj15E18CPropertyConverterE11DeserializeEPKN4Aska4ASON6AValue4AMapE		0	0	896
N	_ZN23CParameterPropertyValueIjLj164E18CPropertyConverterE11DeserializeEPKN4Aska4ASON6AValue4AMapE		0	0	3
N	_ZN23CParameterPropertyValueIjLj166E18CPropertyConverterE11DeserializeEPKN4Aska4ASON6AValue4AMapE		0	0	3
N	_ZN23CParameterPropertyValueIjLj167E18CPropertyConverterE11DeserializeEPKN4Aska4ASON6AValue4AMapE		0	0	3
N	_ZN23CParameterPropertyValueIjLj16E18CPropertyConverterE11DeserializeEPKN4Aska4ASON6AValue4AMapE		0	0	32
N	_ZN23CParameterPropertyValueIjLj170E18CPropertyConverterE11DeserializeEPKN4Aska4ASON6AValue4AMapE		0	0	3
N	_ZN23CParameterPropertyValueIjLj171E18CPropertyConverterE11DeserializeEPKN4Aska4ASON6AValue4AMapE		0	0	3
N	_ZN23CParameterPropertyValueIjLj172E18CPropertyConverterE11DeserializeEPKN4Aska4ASON6AValue4AMapE		0	0	3
N	_ZN23CParameterPropertyValueIjLj174E18CPropertyConverterE11DeserializeEPKN4Aska4ASON6AValue4AMapE		0	0	3
N	_ZN23CParameterPropertyValueIjLj176E18CPropertyConverterE11DeserializeEPKN4Aska4ASON6AValue4AMapE		0	0	3
N	_ZN23CParameterPropertyValueIjLj177E18CPropertyConverterE11DeserializeEPKN4Aska4ASON6AValue4AMapE		0	0	3
N	_ZN23CParameterPropertyValueIjLj179E18CPropertyConverterE11DeserializeEPKN4Aska4ASON6AValue4AMapE		0	0	3
N	_ZN23CParameterPropertyValueIjLj17E18CPropertyConverterE11DeserializeEPKN4Aska4ASON6AValue4AMapE		0	0	3
N	_ZN23CParameterPropertyValueIjLj180E18CPropertyConverterE11DeserializeEPKN4Aska4ASON6AValue4AMapE		0	0	3
N	_ZN23CParameterPropertyValueIjLj182E18CPropertyConverterE11DeserializeEPKN4Aska4ASON6AValue4AMapE		0	0	3
N	_ZN23CParameterPropertyValueIjLj188E18CPropertyConverterE11DeserializeEPKN4Aska4ASON6AValue4AMapE		0	0	2
N	_ZN23CParameterPropertyValueIjLj18E18CPropertyConverterE11DeserializeEPKN4Aska4ASON6AValue4AMapE		0	0	70
N	_ZN23CParameterPropertyValueIjLj191E18CPropertyConverterE11DeserializeEPKN4Aska4ASON6AValue4AMapE		0	0	6
N	_ZN23CParameterPropertyValueIjLj199E18CPropertyConverterE11DeserializeEPKN4Aska4ASON6AValue4AMapE		0	0	9
N	_ZN23CParameterPropertyValueIjLj19E18CPropertyConverterE11DeserializeEPKN4Aska4ASON6AValue4AMapE		0	0	62
N	_ZN23CParameterPropertyValueIjLj200E18CPropertyConverterE11DeserializeEPKN4Aska4ASON6AValue4AMapE		0	0	12
N	_ZN23CParameterPropertyValueIjLj202E18CPropertyConverterE11DeserializeEPKN4Aska4ASON6AValue4AMapE		0	0	3
N	_ZN23CParameterPropertyValueIjLj203E18CPropertyConverterE11DeserializeEPKN4Aska4ASON6AValue4AMapE		0	0	3
N	_ZN23CParameterPropertyValueIjLj205E18CPropertyConverterE11DeserializeEPKN4Aska4ASON6AValue4AMapE		0	0	3
N	_ZN23CParameterPropertyValueIjLj207E18CPropertyConverterE11DeserializeEPKN4Aska4ASON6AValue4AMapE		0	0	3
N	_ZN23CParameterPropertyValueIjLj208E18CPropertyConverterE11DeserializeEPKN4Aska4ASON6AValue4AMapE		0	0	3
N	_ZN23CParameterPropertyValueIjLj20E18CPropertyConverterE11DeserializeEPKN4Aska4ASON6AValue4AMapE		0	0	69
N	_ZN23CParameterPropertyValueIjLj210E18CPropertyConverterE11DeserializeEPKN4Aska4ASON6AValue4AMapE		0	0	3
N	_ZN23CParameterPropertyValueIjLj211E18CPropertyConverterE11DeserializeEPKN4Aska4ASON6AValue4AMapE		0	0	3
N	_ZN23CParameterPropertyValueIjLj212E18CPropertyConverterE11DeserializeEPKN4Aska4ASON6AValue4AMapE		0	0	3
N	_ZN23CParameterPropertyValueIjLj214E18CPropertyConverterE11DeserializeEPKN4Aska4ASON6AValue4AMapE		0	0	3
N	_ZN23CParameterPropertyValueIjLj215E18CPropertyConverterE11DeserializeEPKN4Aska4ASON6AValue4AMapE		0	0	3
N	_ZN23CParameterPropertyValueIjLj216E18CPropertyConverterE11DeserializeEPKN4Aska4ASON6AValue4AMapE		0	0	3
N	_ZN23CParameterPropertyValueIjLj21E18CPropertyConverterE11DeserializeEPKN4Aska4ASON6AValue4AMapE		0	0	3
N	_ZN23CParameterPropertyValueIjLj22E18CPropertyConverterE11DeserializeEPKN4Aska4ASON6AValue4AMapE		0	0	2
N	_ZN23CParameterPropertyValueIjLj238E18CPropertyConverterE11DeserializeEPKN4Aska4ASON6AValue4AMapE		0	0	3
N	_ZN23CParameterPropertyValueIjLj239E18CPropertyConverterE11DeserializeEPKN4Aska4ASON6AValue4AMapE		0	0	3
N	_ZN23CParameterPropertyValueIjLj23E18CPropertyConverterE11DeserializeEPKN4Aska4ASON6AValue4AMapE		0	0	1
N	_ZN23CParameterPropertyValueIjLj240E18CPropertyConverterE11DeserializeEPKN4Aska4ASON6AValue4AMapE		0	0	3
N	_ZN23CParameterPropertyValueIjLj243E18CPropertyConverterE11DeserializeEPKN4Aska4ASON6AValue4AMapE		0	0	3
N	_ZN23CParameterPropertyValueIjLj244E18CPropertyConverterE11DeserializeEPKN4Aska4ASON6AValue4AMapE		0	0	3
N	_ZN23CParameterPropertyValueIjLj245E18CPropertyConverterE11DeserializeEPKN4Aska4ASON6AValue4AMapE		0	0	3
N	_ZN23CParameterPropertyValueIjLj24E18CPropertyConverterE11DeserializeEPKN4Aska4ASON6AValue4AMapE		0	0	9
N	_ZN23CParameterPropertyValueIjLj25E18CPropertyConverterE11DeserializeEPKN4Aska4ASON6AValue4AMapE		0	0	10
N	_ZN23CParameterPropertyValueIjLj26E18CPropertyConverterE11DeserializeEPKN4Aska4ASON6AValue4AMapE		0	0	2
N	_ZN23CParameterPropertyValueIjLj28E18CPropertyConverterE11DeserializeEPKN4Aska4ASON6AValue4AMapE		0	0	2
N	_ZN23CParameterPropertyValueIjLj30E18CPropertyConverterE11DeserializeEPKN4Aska4ASON6AValue4AMapE		0	0	1
N	_ZN23CParameterPropertyValueIjLj350E18CPropertyConverterE11DeserializeEPKN4Aska4ASON6AValue4AMapE		0	0	2
N	_ZN23CParameterPropertyValueIjLj351E18CPropertyConverterE11DeserializeEPKN4Aska4ASON6AValue4AMapE		0	0	2
N	_ZN23CParameterPropertyValueIjLj36E18CPropertyConverterE11DeserializeEPKN4Aska4ASON6AValue4AMapE		0	0	48
N	_ZN23CParameterPropertyValueIjLj37E18CPropertyConverterE11DeserializeEPKN4Aska4ASON6AValue4AMapE		0	0	66
N	_ZN23CParameterPropertyValueIjLj38E18CPropertyConverterE11DeserializeEPKN4Aska4ASON6AValue4AMapE		0	0	18
N	_ZN23CParameterPropertyValueIjLj39E18CPropertyConverterE11DeserializeEPKN4Aska4ASON6AValue4AMapE		0	0	24
N	_ZN23CParameterPropertyValueIjLj40E18CPropertyConverterE11DeserializeEPKN4Aska4ASON6AValue4AMapE		0	0	66
N	_ZN23CParameterPropertyValueIjLj41E18CPropertyConverterE11DeserializeEPKN4Aska4ASON6AValue4AMapE		0	0	54
N	_ZN23CParameterPropertyValueIjLj42E18CPropertyConverterE11DeserializeEPKN4Aska4ASON6AValue4AMapE		0	0	6
N	_ZN23CParameterPropertyValueIjLj43E18CPropertyConverterE11DeserializeEPKN4Aska4ASON6AValue4AMapE		0	0	7
N	_ZN23CParameterPropertyValueIjLj46E18CPropertyConverterE11DeserializeEPKN4Aska4ASON6AValue4AMapE		0	0	12
N	_ZN23CParameterPropertyValueIjLj47E18CPropertyConverterE11DeserializeEPKN4Aska4ASON6AValue4AMapE		0	0	12
N	_ZN23CParameterPropertyValueIjLj48E18CPropertyConverterE11DeserializeEPKN4Aska4ASON6AValue4AMapE		0	0	12
N	_ZN23CParameterPropertyValueIjLj51E18CPropertyConverterE11DeserializeEPKN4Aska4ASON6AValue4AMapE		0	0	20
N	_ZN23CParameterPropertyValueIjLj52E18CPropertyConverterE11DeserializeEPKN4Aska4ASON6AValue4AMapE		0	0	2709
N	_ZN23CParameterPropertyValueIjLj530E18CPropertyConverterE11DeserializeEPKN4Aska4ASON6AValue4AMapE		0	0	3
N	_ZN23CParameterPropertyValueIjLj536E18CPropertyConverterE11DeserializeEPKN4Aska4ASON6AValue4AMapE		0	0	2
N	_ZN23CParameterPropertyValueIjLj53E18CPropertyConverterE11DeserializeEPKN4Aska4ASON6AValue4AMapE		0	0	2703
N	_ZN23CParameterPropertyValueIjLj54E18CPropertyConverterE11DeserializeEPKN4Aska4ASON6AValue4AMapE		0	0	20
N	_ZN23CParameterPropertyValueIjLj55E18CPropertyConverterE11DeserializeEPKN4Aska4ASON6AValue4AMapE		0	0	2729
N	_ZN23CParameterPropertyValueIjLj569E18CPropertyConverterE11DeserializeEPKN4Aska4ASON6AValue4AMapE		0	0	4
N	_ZN23CParameterPropertyValueIjLj56E18CPropertyConverterE11DeserializeEPKN4Aska4ASON6AValue4AMapE		0	0	2723
N	_ZN23CParameterPropertyValueIjLj571E18CPropertyConverterE11DeserializeEPKN4Aska4ASON6AValue4AMapE		0	0	2
N	_ZN23CParameterPropertyValueIjLj572E18CPropertyConverterE11DeserializeEPKN4Aska4ASON6AValue4AMapE		0	0	2
N	_ZN23CParameterPropertyValueIjLj57E18CPropertyConverterE11DeserializeEPKN4Aska4ASON6AValue4AMapE		0	0	20
N	_ZN23CParameterPropertyValueIjLj58E18CPropertyConverterE11DeserializeEPKN4Aska4ASON6AValue4AMapE		0	0	26
N	_ZN23CParameterPropertyValueIjLj63E18CPropertyConverterE11DeserializeEPKN4Aska4ASON6AValue4AMapE		0	0	20
N	_ZN23CParameterPropertyValueIjLj64E18CPropertyConverterE11DeserializeEPKN4Aska4ASON6AValue4AMapE		0	0	40
N	_ZN23CParameterPropertyValueIjLj65E18CPropertyConverterE11DeserializeEPKN4Aska4ASON6AValue4AMapE		0	0	40
N	_ZN23CParameterPropertyValueIjLj66E18CPropertyConverterE11DeserializeEPKN4Aska4ASON6AValue4AMapE		0	0	20
N	_ZN23CParameterPropertyValueIjLj67E18CPropertyConverterE11DeserializeEPKN4Aska4ASON6AValue4AMapE		0	0	20
N	_ZN23CParameterPropertyValueIjLj68E18CPropertyConverterE11DeserializeEPKN4Aska4ASON6AValue4AMapE		0	0	422
N	_ZN23CParameterPropertyValueIjLj70E18CPropertyConverterE11DeserializeEPKN4Aska4ASON6AValue4AMapE		0	0	6
N	_ZN23CParameterPropertyValueIjLj73E18CPropertyConverterE11DeserializeEPKN4Aska4ASON6AValue4AMapE		0	0	6
N	_ZN23CParameterPropertyValueIjLj74E18CPropertyConverterE11DeserializeEPKN4Aska4ASON6AValue4AMapE		0	0	6
N	_ZN23CParameterPropertyValueIjLj75E18CPropertyConverterE11DeserializeEPKN4Aska4ASON6AValue4AMapE		0	0	6
N	_ZN23CParameterPropertyValueIjLj76E18CPropertyConverterE11DeserializeEPKN4Aska4ASON6AValue4AMapE		0	0	6
N	_ZN23CParameterPropertyValueIjLj77E18CPropertyConverterE11DeserializeEPKN4Aska4ASON6AValue4AMapE		0	0	20
N	_ZN23CParameterPropertyValueIjLj80E18CPropertyConverterE11DeserializeEPKN4Aska4ASON6AValue4AMapE		0	0	26
N	_ZN23CParameterPropertyValueIjLj81E18CPropertyConverterE11DeserializeEPKN4Aska4ASON6AValue4AMapE		0	0	15
N	_ZN23CParameterPropertyValueIjLj82E18CPropertyConverterE11DeserializeEPKN4Aska4ASON6AValue4AMapE		0	0	9
N	_ZN23CParameterPropertyValueIjLj84E18CPropertyConverterE11DeserializeEPKN4Aska4ASON6AValue4AMapE		0	0	6
N	_ZN23CParameterPropertyValueIjLj85E18CPropertyConverterE11DeserializeEPKN4Aska4ASON6AValue4AMapE		0	0	6
N	_ZN23CParameterPropertyValueIjLj86E18CPropertyConverterE11DeserializeEPKN4Aska4ASON6AValue4AMapE		0	0	6
N	_ZN23CParameterPropertyValueIjLj92E18CPropertyConverterE11DeserializeEPKN4Aska4ASON6AValue4AMapE		0	0	20
N	_ZN23CParameterPropertyValueIjLj96E18CPropertyConverterE11DeserializeEPKN4Aska4ASON6AValue4AMapE		0	0	6
N	_ZN23CParameterPropertyValueIjLj97E18CPropertyConverterE11DeserializeEPKN4Aska4ASON6AValue4AMapE		0	0	6
N	_ZN23CParameterPropertyValueIjLj98E18CPropertyConverterE11DeserializeEPKN4Aska4ASON6AValue4AMapE		0	0	6
N	_ZN23CParameterPropertyValueIjLj99E18CPropertyConverterE11DeserializeEPKN4Aska4ASON6AValue4AMapE		0	0	6
N	_ZN23CParameterPropertyValueImLj15E18CPropertyConverterE11DeserializeEPKN4Aska4ASON6AValue4AMapE		0	0	60
N	_ZN23CParameterPropertyValueImLj163E18CPropertyConverterE11DeserializeEPKN4Aska4ASON6AValue4AMapE		0	0	3
N	_ZN23CParameterPropertyValueImLj168E18CPropertyConverterE11DeserializeEPKN4Aska4ASON6AValue4AMapE		0	0	3
N	_ZN23CParameterPropertyValueImLj169E18CPropertyConverterE11DeserializeEPKN4Aska4ASON6AValue4AMapE		0	0	3
N	_ZN23CParameterPropertyValueImLj16E18CPropertyConverterE11DeserializeEPKN4Aska4ASON6AValue4AMapE		0	0	60
N	_ZN23CParameterPropertyValueImLj17E18CPropertyConverterE11DeserializeEPKN4Aska4ASON6AValue4AMapE		0	0	60
N	_ZN23CParameterPropertyValueImLj21E18CPropertyConverterE11DeserializeEPKN4Aska4ASON6AValue4AMapE		0	0	60
N	_ZN23CParameterPropertyValueImLj40E18CPropertyConverterE11DeserializeEPKN4Aska4ASON6AValue4AMapE		0	0	6
N	_ZN23CParameterPropertyValueImLj44E18CPropertyConverterE11DeserializeEPKN4Aska4ASON6AValue4AMapE		0	0	6
N	_ZN23CParameterPropertyValueImLj45E18CPropertyConverterE11DeserializeEPKN4Aska4ASON6AValue4AMapE		0	0	6
N	_ZN23CParameterPropertyValueImLj51E18CPropertyConverterE11DeserializeEPKN4Aska4ASON6AValue4AMapE		0	0	2703
N	_ZN23CParameterPropertyValueImLj76E18CPropertyConverterE11DeserializeEPKN4Aska4ASON6AValue4AMapE		0	0	20
N	_ZN23CParameterPropertyValueImLj79E18CPropertyConverterE11DeserializeEPKN4Aska4ASON6AValue4AMapE		0	0	6
N	_ZN23CParameterPropertyValueImLj80E18CPropertyConverterE11DeserializeEPKN4Aska4ASON6AValue4AMapE		0	0	6
N	_ZN23CParameterPropertyValueImLj81E18CPropertyConverterE11DeserializeEPKN4Aska4ASON6AValue4AMapE		0	0	6
N	_ZN23CParameterPropertyValueImLj82E18CPropertyConverterE11DeserializeEPKN4Aska4ASON6AValue4AMapE		0	0	6
N	_ZN23CParameterPropertyValueImLj83E18CPropertyConverterE11DeserializeEPKN4Aska4ASON6AValue4AMapE		0	0	26
N	_ZN23CParameterPropertyValueImLj87E18CPropertyConverterE11DeserializeEPKN4Aska4ASON6AValue4AMapE		0	0	20
N	_ZN23CParameterPropertyValueImLj88E18CPropertyConverterE11DeserializeEPKN4Aska4ASON6AValue4AMapE		0	0	20
N	_ZN23CParameterPropertyValueImLj89E18CPropertyConverterE11DeserializeEPKN4Aska4ASON6AValue4AMapE		0	0	20
N	_ZN24CParameterPropertyStringINSt6__ndk112basic_stringIcNS0_11char_traitsIcEEN9Framework13CSTLAllocatorIcNS4_22CSTLStringAllocatorInfEEEEELj165EE11DeserializeEPKN4Aska4ASON6AValue4AMapE		0	0	3
N	_ZN24CParameterPropertyStringINSt6__ndk112basic_stringIcNS0_11char_traitsIcEEN9Framework13CSTLAllocatorIcNS4_22CSTLStringAllocatorInfEEEEELj175EE11DeserializeEPKN4Aska4ASON6AValue4AMapE		0	0	3
N	_ZN24CParameterPropertyStringINSt6__ndk112basic_stringIcNS0_11char_traitsIcEEN9Framework13CSTLAllocatorIcNS4_22CSTLStringAllocatorInfEEEEELj178EE11DeserializeEPKN4Aska4ASON6AValue4AMapE		0	0	3
N	_ZN24CParameterPropertyStringINSt6__ndk112basic_stringIcNS0_11char_traitsIcEEN9Framework13CSTLAllocatorIcNS4_22CSTLStringAllocatorInfEEEEELj17EE11DeserializeEPKN4Aska4ASON6AValue4AMapE		0	0	2
N	_ZN24CParameterPropertyStringINSt6__ndk112basic_stringIcNS0_11char_traitsIcEEN9Framework13CSTLAllocatorIcNS4_22CSTLStringAllocatorInfEEEEELj181EE11DeserializeEPKN4Aska4ASON6AValue4AMapE		0	0	3
N	_ZN24CParameterPropertyStringINSt6__ndk112basic_stringIcNS0_11char_traitsIcEEN9Framework13CSTLAllocatorIcNS4_22CSTLStringAllocatorInfEEEEELj18EE11DeserializeEPKN4Aska4ASON6AValue4AMapE		0	0	1
N	_ZN24CParameterPropertyStringINSt6__ndk112basic_stringIcNS0_11char_traitsIcEEN9Framework13CSTLAllocatorIcNS4_22CSTLStringAllocatorInfEEEEELj201EE11DeserializeEPKN4Aska4ASON6AValue4AMapE		0	0	3
N	_ZN24CParameterPropertyStringINSt6__ndk112basic_stringIcNS0_11char_traitsIcEEN9Framework13CSTLAllocatorIcNS4_22CSTLStringAllocatorInfEEEEELj209EE11DeserializeEPKN4Aska4ASON6AValue4AMapE		0	0	3
N	_ZN24CParameterPropertyStringINSt6__ndk112basic_stringIcNS0_11char_traitsIcEEN9Framework13CSTLAllocatorIcNS4_22CSTLStringAllocatorInfEEEEELj20EE11DeserializeEPKN4Aska4ASON6AValue4AMapE		0	0	2
N	_ZN24CParameterPropertyStringINSt6__ndk112basic_stringIcNS0_11char_traitsIcEEN9Framework13CSTLAllocatorIcNS4_22CSTLStringAllocatorInfEEEEELj21EE11DeserializeEPKN4Aska4ASON6AValue4AMapE		0	0	8
N	_ZN24CParameterPropertyStringINSt6__ndk112basic_stringIcNS0_11char_traitsIcEEN9Framework13CSTLAllocatorIcNS4_22CSTLStringAllocatorInfEEEEELj22EE11DeserializeEPKN4Aska4ASON6AValue4AMapE		0	0	10
N	_ZN24CParameterPropertyStringINSt6__ndk112basic_stringIcNS0_11char_traitsIcEEN9Framework13CSTLAllocatorIcNS4_22CSTLStringAllocatorInfEEEEELj23EE11DeserializeEPKN4Aska4ASON6AValue4AMapE		0	0	4
N	_ZN24CParameterPropertyStringINSt6__ndk112basic_stringIcNS0_11char_traitsIcEEN9Framework13CSTLAllocatorIcNS4_22CSTLStringAllocatorInfEEEEELj26EE11DeserializeEPKN4Aska4ASON6AValue4AMapE		0	0	8
N	_ZN24CParameterPropertyStringINSt6__ndk112basic_stringIcNS0_11char_traitsIcEEN9Framework13CSTLAllocatorIcNS4_22CSTLStringAllocatorInfEEEEELj27EE11DeserializeEPKN4Aska4ASON6AValue4AMapE		0	0	2
N	_ZN24CParameterPropertyStringINSt6__ndk112basic_stringIcNS0_11char_traitsIcEEN9Framework13CSTLAllocatorIcNS4_22CSTLStringAllocatorInfEEEEELj33EE11DeserializeEPKN4Aska4ASON6AValue4AMapE		0	0	18
N	_ZN24CParameterPropertyStringINSt6__ndk112basic_stringIcNS0_11char_traitsIcEEN9Framework13CSTLAllocatorIcNS4_22CSTLStringAllocatorInfEEEEELj34EE11DeserializeEPKN4Aska4ASON6AValue4AMapE		0	0	18
N	_ZN24CParameterPropertyStringINSt6__ndk112basic_stringIcNS0_11char_traitsIcEEN9Framework13CSTLAllocatorIcNS4_22CSTLStringAllocatorInfEEEEELj38EE11DeserializeEPKN4Aska4ASON6AValue4AMapE		0	0	6
N	_ZN24CParameterPropertyStringINSt6__ndk112basic_stringIcNS0_11char_traitsIcEEN9Framework13CSTLAllocatorIcNS4_22CSTLStringAllocatorInfEEEEELj39EE11DeserializeEPKN4Aska4ASON6AValue4AMapE		0	0	48
N	_ZN24CParameterPropertyStringINSt6__ndk112basic_stringIcNS0_11char_traitsIcEEN9Framework13CSTLAllocatorIcNS4_22CSTLStringAllocatorInfEEEEELj40EE11DeserializeEPKN4Aska4ASON6AValue4AMapE		0	0	6
N	_ZN24CParameterPropertyStringINSt6__ndk112basic_stringIcNS0_11char_traitsIcEEN9Framework13CSTLAllocatorIcNS4_22CSTLStringAllocatorInfEEEEELj41EE11DeserializeEPKN4Aska4ASON6AValue4AMapE		0	0	6
N	_ZN24CParameterPropertyStringINSt6__ndk112basic_stringIcNS0_11char_traitsIcEEN9Framework13CSTLAllocatorIcNS4_22CSTLStringAllocatorInfEEEEELj51EE11DeserializeEPKN4Aska4ASON6AValue4AMapE		0	0	6
N	_ZN24CParameterPropertyStringINSt6__ndk112basic_stringIcNS0_11char_traitsIcEEN9Framework13CSTLAllocatorIcNS4_22CSTLStringAllocatorInfEEEEELj53EE11DeserializeEPKN4Aska4ASON6AValue4AMapE		0	0	20
N	_ZN24CParameterPropertyStringINSt6__ndk112basic_stringIcNS0_11char_traitsIcEEN9Framework13CSTLAllocatorIcNS4_22CSTLStringAllocatorInfEEEEELj54EE11DeserializeEPKN4Aska4ASON6AValue4AMapE		0	0	2709
N	_ZN24CParameterPropertyStringINSt6__ndk112basic_stringIcNS0_11char_traitsIcEEN9Framework13CSTLAllocatorIcNS4_22CSTLStringAllocatorInfEEEEELj554EE11DeserializeEPKN4Aska4ASON6AValue4AMapE		0	0	23
N	_ZN24CParameterPropertyStringINSt6__ndk112basic_stringIcNS0_11char_traitsIcEEN9Framework13CSTLAllocatorIcNS4_22CSTLStringAllocatorInfEEEEELj57EE11DeserializeEPKN4Aska4ASON6AValue4AMapE		0	0	6
N	_ZN24CParameterPropertyStringINSt6__ndk112basic_stringIcNS0_11char_traitsIcEEN9Framework13CSTLAllocatorIcNS4_22CSTLStringAllocatorInfEEEEELj68EE11DeserializeEPKN4Aska4ASON6AValue4AMapE		0	0	20
N	_ZN24CParameterPropertyStringINSt6__ndk112basic_stringIcNS0_11char_traitsIcEEN9Framework13CSTLAllocatorIcNS4_22CSTLStringAllocatorInfEEEEELj69EE11DeserializeEPKN4Aska4ASON6AValue4AMapE		0	0	20
N	_ZN24CParameterPropertyStringINSt6__ndk112basic_stringIcNS0_11char_traitsIcEEN9Framework13CSTLAllocatorIcNS4_22CSTLStringAllocatorInfEEEEELj70EE11DeserializeEPKN4Aska4ASON6AValue4AMapE		0	0	2
N	_ZN24CParameterPropertyStringINSt6__ndk112basic_stringIcNS0_11char_traitsIcEEN9Framework13CSTLAllocatorIcNS4_22CSTLStringAllocatorInfEEEEELj72EE11DeserializeEPKN4Aska4ASON6AValue4AMapE		0	0	26
N	_ZN24CParameterPropertyStringINSt6__ndk112basic_stringIcNS0_11char_traitsIcEEN9Framework13CSTLAllocatorIcNS4_22CSTLStringAllocatorInfEEEEELj73EE11DeserializeEPKN4Aska4ASON6AValue4AMapE		0	0	20
N	_ZN24CParameterPropertyStringINSt6__ndk112basic_stringIcNS0_11char_traitsIcEEN9Framework13CSTLAllocatorIcNS4_22CSTLStringAllocatorInfEEEEELj78EE11DeserializeEPKN4Aska4ASON6AValue4AMapE		0	0	2
N	_ZN24CParameterPropertyStringINSt6__ndk112basic_stringIcNS0_11char_traitsIcEEN9Framework13CSTLAllocatorIcNS4_22CSTLStringAllocatorInfEEEEELj86EE11DeserializeEPKN4Aska4ASON6AValue4AMapE		0	0	20
N	_ZN24CParameterPropertyStringINSt6__ndk112basic_stringIcNS0_11char_traitsIcEEN9Framework13CSTLAllocatorIcNS4_22CSTLStringAllocatorInfEEEEELj93EE11DeserializeEPKN4Aska4ASON6AValue4AMapE		0	0	20
N	_ZN25CMasterParameterAIElement10InitializeEv		0	0	619
N	_ZN25CMasterParameterAIElementC2ERKS_		0	0	619
N	_ZN25CMasterParameterAIElementC2Ev		0	0	1234
N	_ZN25CMasterParameterAIElementD2Ev		0	0	1853
N	_ZN25CMasterParameterAIElementaSERKS_		0	0	615
N	_ZN26CMasterMissionBoardElementC2Ev		0	0	62
N	_ZN26CMasterMissionBoardElementD2Ev		0	0	124
N	_ZN26CMasterMissionBoardElementaSERKS_		0	0	62
N	_ZN26CMasterParameterMapElementD2Ev		0	0	1
N	_ZN27CMasterParameterAreaElement10InitializeEv		0	0	2
N	_ZN27CMasterParameterAreaElementC2ERKS_		0	0	180
N	_ZN27CMasterParameterAreaElementC2Ev		0	0	6
N	_ZN27CMasterParameterAreaElementD0Ev		0	0	1
N	_ZN27CMasterParameterAreaElementD2Ev		0	0	217
N	_ZN27CMasterParameterAreaElementaSERKS_		0	0	6
N	_ZN27CMasterParameterItemElementD2Ev		0	0	3
N	_ZN27CMasterParameterRankElementC2Ev		0	0	33
N	_ZN27CMasterParameterRankElementD2Ev		0	0	77
N	_ZN27CMasterParameterRankElementaSERKS_		0	0	33
N	_ZN27CMasterParameterRoleElementC2ERKS_		0	0	12
N	_ZN27CMasterParameterRoleElementC2Ev		0	0	3
N	_ZN27CMasterParameterRoleElementD2Ev		0	0	27
N	_ZN27CMasterParameterRoleElementaSERKS_		0	0	3
N	_ZN28CMasterParameterSkillElement10InitializeEv		0	0	3
N	_ZN28CMasterParameterSkillElementC2Ev		0	0	250
N	_ZN28CMasterParameterSkillElementD0Ev		0	0	3
N	_ZN28CMasterParameterSkillElementD2Ev		0	0	1285
N	_ZN28CMasterParameterSkillElementaSERKS_		0	0	247
N	_ZN28CMasterParameterTitleElement10InitializeEv		0	0	2
N	_ZN28CMasterParameterTitleElementD0Ev		0	0	1
N	_ZN29CMasterParameterEffectElementC2ERKS_		1	1	4150
N	_ZN29CMasterParameterEffectElementD2Ev		4	4	33431
N	_ZN29CMasterParameterFactorElementD2Ev		0	0	18
N	_ZN29CMasterParameterGlobalElement10InitializeEv		0	0	9
N	_ZN29CMasterParameterGlobalElementD0Ev		0	0	5
N	_ZN29CMasterParameterGlobalElementD2Ev		0	0	1
N	_ZN29CMasterParameterPersonElement10InitializeEv		0	0	1
N	_ZN29CMasterParameterPersonElementC2ERKS_		0	0	6
N	_ZN29CMasterParameterPersonElementC2Ev		0	0	3
N	_ZN29CMasterParameterPersonElementD2Ev		0	0	19
N	_ZN29CMasterParameterPlanetElement10InitializeEv		0	0	1
N	_ZN29CMasterParameterPlanetElementC2ERKS_		0	0	26
N	_ZN29CMasterParameterPlanetElementD2Ev		0	0	57
N	_ZN29CMasterParameterPlanetElementaSERKS_		0	0	4
N	_ZN29CMasterParameterSignalElement10InitializeEv		1	1	2100
N	_ZN29CMasterParameterSignalElementC2ERKS_		1	1	2100
N	_ZN29CMasterParameterSignalElementC2Ev		1	1	2520
N	_ZN29CMasterParameterSignalElementD2Ev		0	0	4602
N	_ZN29CMasterParameterSignalElementaSERKS_		1	1	420
N	_ZN29CMasterParameterTalentElementD2Ev		0	0	8
N	_ZN29CMasterParameterWeaponElementD2Ev		0	0	6
N	_ZN30CMasterParameterMenuBGMElementC2ERKS_		1	1	76
N	_ZN30CMasterParameterMenuBGMElementD2Ev		0	0	214
N	_ZN30CMasterParameterMissionElement10InitializeEv		0	0	2
N	_ZN30CMasterParameterMissionElementC2ERKS_		0	0	62
N	_ZN30CMasterParameterMissionElementC2Ev		0	0	126
N	_ZN30CMasterParameterMissionElementD2Ev		0	0	316
N	_ZN30CMasterParameterMissionElementaSERKS_		1	1	125
N	_ZN30CMasterParameterNpcBaseElementD2Ev		0	0	3
N	_ZN31CMasterEventRankingGroupElementC2ERKS_		0	0	9
N	_ZN31CMasterEventRankingGroupElementD2Ev		0	0	18
N	_ZN32CMasterParameterEnemyBaseElementD2Ev		0	0	4
N	_ZN32CMasterParameterEventTermElementD2Ev		0	0	267
N	_ZN32CMasterParameterWinCameraElementD2Ev		0	0	6
N	_ZN33CMasterHome3DMotionSettingElement10InitializeEv		0	0	5
N	_ZN33CMasterParameterBaseSqlite_SimpleI16StringDBEelementE10ClearCacheEv		0	0	4
N	_ZN33CMasterParameterBaseSqlite_SimpleI16StringDBEelementE10InitializeEv		0	0	2
N	_ZN33CMasterParameterBaseSqlite_SimpleI16StringDBEelementE20DeserializeParameterERN9Framework16CSTLUnorderedMapIjNSt6__ndk110shared_ptrIS0_EENS4_4hashIjEENS4_8equal_toIjEEEEPKN4Aska4ASON6AValue6AArrayE		0	0	4
N	_ZN33CMasterParameterBaseSqlite_SimpleI21CMasterItemSetElementE10ClearCacheEv		0	0	4
N	_ZN33CMasterParameterBaseSqlite_SimpleI21CMasterItemSetElementE10InitializeEv		0	0	2
N	_ZN33CMasterParameterBaseSqlite_SimpleI23CMasterSphere211ElementE10ClearCacheEv		0	0	4
N	_ZN33CMasterParameterBaseSqlite_SimpleI23CMasterSphere211ElementE10InitializeEv		0	0	2
N	_ZN33CMasterParameterBaseSqlite_SimpleI23CMasterTimeBonusElementE10InitializeEv		0	0	2
N	_ZN33CMasterParameterBaseSqlite_SimpleI23CMasterWorldBossElementE10ClearCacheEv		0	0	4
N	_ZN33CMasterParameterBaseSqlite_SimpleI23CMasterWorldBossElementE10InitializeEv		0	1	2
N	_ZN33CMasterParameterBaseSqlite_SimpleI24CMasterCommonDropElementE10ClearCacheEv		0	0	4
N	_ZN33CMasterParameterBaseSqlite_SimpleI24CMasterCommonDropElementE10InitializeEv		0	0	2
N	_ZN33CMasterParameterBaseSqlite_SimpleI25CMasterFactorBoostElementE10ClearCacheEv		0	0	4
N	_ZN33CMasterParameterBaseSqlite_SimpleI25CMasterFactorBoostElementE10InitializeEv		0	0	2
N	_ZN33CMasterParameterBaseSqlite_SimpleI25CMasterGearLotteryElementE10InitializeEv		0	0	2
N	_ZN33CMasterParameterBaseSqlite_SimpleI25CMasterPartySymbolElementE10ClearCacheEv		0	0	4
N	_ZN33CMasterParameterBaseSqlite_SimpleI25CMasterPartySymbolElementE10InitializeEv		0	0	2
N	_ZN33CMasterParameterBaseSqlite_SimpleI25CMasterRentalBonusElementE10ClearCacheEv		0	0	4
N	_ZN33CMasterParameterBaseSqlite_SimpleI25CMasterRentalBonusElementE10InitializeEv		0	0	2
N	_ZN33CMasterParameterBaseSqlite_SimpleI26CMasterEventRankingElementE10ClearCacheEv		0	0	4
N	_ZN33CMasterParameterBaseSqlite_SimpleI26CMasterEventRankingElementE10InitializeEv		0	0	2
N	_ZN33CMasterParameterBaseSqlite_SimpleI26CMasterMissionBoardElementE10ClearCacheEv		0	0	4
N	_ZN33CMasterParameterBaseSqlite_SimpleI26CMasterMissionBoardElementE10InitializeEv		0	0	2
N	_ZN33CMasterParameterBaseSqlite_SimpleI26CMasterParameterMapElementE10ClearCacheEv		0	0	4
N	_ZN33CMasterParameterBaseSqlite_SimpleI26CMasterParameterMapElementE10InitializeEv		0	0	2
N	_ZN33CMasterParameterBaseSqlite_SimpleI26CMasterSubscriptionElementE10ClearCacheEv		0	0	4
N	_ZN33CMasterParameterBaseSqlite_SimpleI26CMasterSubscriptionElementE10InitializeEv		0	0	2
N	_ZN33CMasterParameterBaseSqlite_SimpleI27CMasterDeepSpaceAreaElementE10ClearCacheEv		0	0	4
N	_ZN33CMasterParameterBaseSqlite_SimpleI27CMasterDeepSpaceAreaElementE10InitializeEv		0	0	2
N	_ZN33CMasterParameterBaseSqlite_SimpleI27CMasterDeepSpaceShipElementE10ClearCacheEv		0	0	4
N	_ZN33CMasterParameterBaseSqlite_SimpleI27CMasterDeepSpaceShipElementE10InitializeEv		0	0	2
N	_ZN33CMasterParameterBaseSqlite_SimpleI27CMasterParameterAreaElementE10ClearCacheEv		0	0	16
N	_ZN33CMasterParameterBaseSqlite_SimpleI27CMasterParameterAreaElementE10InitializeEv		0	0	8
N	_ZN33CMasterParameterBaseSqlite_SimpleI27CMasterParameterGearElementE10InitializeEv		0	0	2
N	_ZN33CMasterParameterBaseSqlite_SimpleI27CMasterParameterItemElementE10ClearCacheEv		0	1	4
N	_ZN33CMasterParameterBaseSqlite_SimpleI27CMasterParameterItemElementE10InitializeEv		0	0	2
N	_ZN33CMasterParameterBaseSqlite_SimpleI27CMasterParameterItemElementE20SetStoreAllCacheSizeEv		8	8	2
N	_ZN33CMasterParameterBaseSqlite_SimpleI27CMasterParameterRankElementE10ClearCacheEv		0	0	4
N	_ZN33CMasterParameterBaseSqlite_SimpleI27CMasterParameterRankElementE10InitializeEv		0	0	2
N	_ZN33CMasterParameterBaseSqlite_SimpleI27CMasterParameterRankElementE20SetStoreAllCacheSizeEv		0	0	2
N	_ZN33CMasterParameterBaseSqlite_SimpleI27CMasterParameterRoleElementE10ClearCacheEv		0	0	4
N	_ZN33CMasterParameterBaseSqlite_SimpleI27CMasterParameterRoleElementE10InitializeEv		0	0	2
N	_ZN33CMasterParameterBaseSqlite_SimpleI27CMasterParameterRoleElementE20SetStoreAllCacheSizeEv		2	2	2
N	_ZN33CMasterParameterBaseSqlite_SimpleI27CMasterUniverseBoardElementE10ClearCacheEv		0	0	4
N	_ZN33CMasterParameterBaseSqlite_SimpleI27CMasterUniverseBoardElementE10InitializeEv		0	0	2
N	_ZN33CMasterParameterBaseSqlite_SimpleI27CMasterWorldBossWaveElementE10ClearCacheEv		0	0	4
N	_ZN33CMasterParameterBaseSqlite_SimpleI27CMasterWorldBossWaveElementE10InitializeEv		0	0	2
N	_ZN33CMasterParameterBaseSqlite_SimpleI28CMasterDeepSpaceBonusElementE10ClearCacheEv		0	0	4
N	_ZN33CMasterParameterBaseSqlite_SimpleI28CMasterDeepSpaceBonusElementE10InitializeEv		0	0	2
N	_ZN33CMasterParameterBaseSqlite_SimpleI28CMasterParameterGachaElementE10ClearCacheEv		0	0	4
N	_ZN33CMasterParameterBaseSqlite_SimpleI28CMasterParameterGachaElementE10InitializeEv		0	0	2
N	_ZN33CMasterParameterBaseSqlite_SimpleI28CMasterParameterSoundElementE10ClearCacheEv		0	0	4
N	_ZN33CMasterParameterBaseSqlite_SimpleI28CMasterParameterSoundElementE10InitializeEv		0	0	2
N	_ZN33CMasterParameterBaseSqlite_SimpleI28CMasterParameterStampElementE10InitializeEv		0	0	2
N	_ZN33CMasterParameterBaseSqlite_SimpleI28CMasterParameterTitleElementE10ClearCacheEv		0	0	4
N	_ZN33CMasterParameterBaseSqlite_SimpleI28CMasterParameterTitleElementE10InitializeEv		0	0	2
N	_ZN33CMasterParameterBaseSqlite_SimpleI28CMasterSphere211FloorElementE10ClearCacheEv		0	0	4
N	_ZN33CMasterParameterBaseSqlite_SimpleI28CMasterSphere211FloorElementE10InitializeEv		0	0	2
N	_ZN33CMasterParameterBaseSqlite_SimpleI28CMasterUniverseTalentElementE10ClearCacheEv		0	0	4
N	_ZN33CMasterParameterBaseSqlite_SimpleI28CMasterUniverseTalentElementE10InitializeEv		0	0	2
N	_ZN33CMasterParameterBaseSqlite_SimpleI29CMasterGearProbabilityElementE10InitializeEv		0	0	2
N	_ZN33CMasterParameterBaseSqlite_SimpleI29CMasterParameterAwakenElementE10ClearCacheEv		0	0	4
N	_ZN33CMasterParameterBaseSqlite_SimpleI29CMasterParameterAwakenElementE10InitializeEv		0	0	2
N	_ZN33CMasterParameterBaseSqlite_SimpleI29CMasterParameterBannerElementE10ClearCacheEv		0	0	4
N	_ZN33CMasterParameterBaseSqlite_SimpleI29CMasterParameterBannerElementE10InitializeEv		0	0	2
N	_ZN33CMasterParameterBaseSqlite_SimpleI29CMasterParameterEffectElementE10ClearCacheEv		1	1	4
N	_ZN33CMasterParameterBaseSqlite_SimpleI29CMasterParameterEffectElementE10InitializeEv		0	0	2
N	_ZN33CMasterParameterBaseSqlite_SimpleI29CMasterParameterFactorElementE10ClearCacheEv		0	0	4
N	_ZN33CMasterParameterBaseSqlite_SimpleI29CMasterParameterFactorElementE10InitializeEv		0	0	2
N	_ZN33CMasterParameterBaseSqlite_SimpleI29CMasterParameterFactorElementE20SetStoreAllCacheSizeEv		4	4	2
N	_ZN33CMasterParameterBaseSqlite_SimpleI29CMasterParameterGlobalElementE10ClearCacheEv		0	0	4
N	_ZN33CMasterParameterBaseSqlite_SimpleI29CMasterParameterGlobalElementE10InitializeEv		0	0	2
N	_ZN33CMasterParameterBaseSqlite_SimpleI29CMasterParameterPersonElementE10ClearCacheEv		0	0	4
N	_ZN33CMasterParameterBaseSqlite_SimpleI29CMasterParameterPersonElementE10InitializeEv		0	0	2
N	_ZN33CMasterParameterBaseSqlite_SimpleI29CMasterParameterPersonElementE20SetStoreAllCacheSizeEv		1	1	2
N	_ZN33CMasterParameterBaseSqlite_SimpleI29CMasterParameterPlanetElementE10ClearCacheEv		0	0	4
N	_ZN33CMasterParameterBaseSqlite_SimpleI29CMasterParameterPlanetElementE10InitializeEv		0	0	2
N	_ZN33CMasterParameterBaseSqlite_SimpleI29CMasterParameterTalentElementE10ClearCacheEv		0	0	4
N	_ZN33CMasterParameterBaseSqlite_SimpleI29CMasterParameterTalentElementE10InitializeEv		0	0	2
N	_ZN33CMasterParameterBaseSqlite_SimpleI29CMasterParameterTalentElementE20SetStoreAllCacheSizeEv		2	2	2
N	_ZN33CMasterParameterBaseSqlite_SimpleI29CMasterParameterWeaponElementE10ClearCacheEv		0	0	4
N	_ZN33CMasterParameterBaseSqlite_SimpleI29CMasterParameterWeaponElementE10InitializeEv		0	0	2
N	_ZN33CMasterParameterBaseSqlite_SimpleI30CMasterDeepSpaceMissionElementE10ClearCacheEv		0	0	4
N	_ZN33CMasterParameterBaseSqlite_SimpleI30CMasterDeepSpaceMissionElementE10InitializeEv		0	0	2
N	_ZN33CMasterParameterBaseSqlite_SimpleI30CMasterGearBarneyChanceElementE10InitializeEv		0	0	2
N	_ZN33CMasterParameterBaseSqlite_SimpleI30CMasterMissionEnemyInfoElementE10ClearCacheEv		0	0	4
N	_ZN33CMasterParameterBaseSqlite_SimpleI30CMasterMissionEnemyInfoElementE10InitializeEv		0	0	2
N	_ZN33CMasterParameterBaseSqlite_SimpleI30CMasterParameterBarrierElementE10ClearCacheEv		0	0	4
N	_ZN33CMasterParameterBaseSqlite_SimpleI30CMasterParameterBarrierElementE10InitializeEv		0	0	2
N	_ZN33CMasterParameterBaseSqlite_SimpleI30CMasterParameterMenuBGMElementE10ClearCacheEv		0	0	4
N	_ZN33CMasterParameterBaseSqlite_SimpleI30CMasterParameterMenuBGMElementE10InitializeEv		0	0	2
N	_ZN33CMasterParameterBaseSqlite_SimpleI30CMasterParameterMissionElementE10ClearCacheEv		0	0	16
N	_ZN33CMasterParameterBaseSqlite_SimpleI30CMasterParameterMissionElementE10InitializeEv		0	0	8
N	_ZN33CMasterParameterBaseSqlite_SimpleI30CMasterParameterNpcBaseElementE10ClearCacheEv		0	0	4
N	_ZN33CMasterParameterBaseSqlite_SimpleI30CMasterParameterNpcBaseElementE10InitializeEv		0	0	2
N	_ZN33CMasterParameterBaseSqlite_SimpleI30CMasterSubscriptionPlanElementE10ClearCacheEv		0	0	4
N	_ZN33CMasterParameterBaseSqlite_SimpleI30CMasterSubscriptionPlanElementE10InitializeEv		0	0	2
N	_ZN33CMasterParameterBaseSqlite_SimpleI31CMasterDeepSpaceBonusSetElementE10ClearCacheEv		0	0	4
N	_ZN33CMasterParameterBaseSqlite_SimpleI31CMasterDeepSpaceBonusSetElementE10InitializeEv		0	0	2
N	_ZN33CMasterParameterBaseSqlite_SimpleI31CMasterEventRankingGroupElementE10ClearCacheEv		0	0	4
N	_ZN33CMasterParameterBaseSqlite_SimpleI31CMasterEventRankingGroupElementE10InitializeEv		0	0	2
N	_ZN33CMasterParameterBaseSqlite_SimpleI31CMasterParameterCampaignElementE10ClearCacheEv		0	0	4
N	_ZN33CMasterParameterBaseSqlite_SimpleI31CMasterParameterCampaignElementE10InitializeEv		0	0	4
N	_ZN33CMasterParameterBaseSqlite_SimpleI31CMasterParameterDecoHairElementE10ClearCacheEv		0	0	4
N	_ZN33CMasterParameterBaseSqlite_SimpleI31CMasterParameterDecoHairElementE10InitializeEv		0	0	2
N	_ZN33CMasterParameterBaseSqlite_SimpleI31CMasterParameterItemShopElementE10ClearCacheEv		0	0	4
N	_ZN33CMasterParameterBaseSqlite_SimpleI31CMasterParameterItemShopElementE10InitializeEv		0	0	2
N	_ZN33CMasterParameterBaseSqlite_SimpleI31CMasterParameterLanguageElementE10ClearCacheEv		0	0	4
N	_ZN33CMasterParameterBaseSqlite_SimpleI31CMasterParameterLanguageElementE10InitializeEv		0	0	2
N	_ZN33CMasterParameterBaseSqlite_SimpleI31CMasterParameterStudioBgElementE10ClearCacheEv		0	0	4
N	_ZN33CMasterParameterBaseSqlite_SimpleI31CMasterParameterStudioBgElementE10InitializeEv		0	0	2
N	_ZN33CMasterParameterBaseSqlite_SimpleI31CMasterParameterWorldMapElementE10ClearCacheEv		0	0	4
N	_ZN33CMasterParameterBaseSqlite_SimpleI31CMasterParameterWorldMapElementE10InitializeEv		0	0	2
N	_ZN33CMasterParameterBaseSqlite_SimpleI31CMasterSphere211TreasureElementE10ClearCacheEv		0	0	4
N	_ZN33CMasterParameterBaseSqlite_SimpleI31CMasterSphere211TreasureElementE10InitializeEv		0	0	2
N	_ZN33CMasterParameterBaseSqlite_SimpleI32CMasterDeepSpaceBonusItemElementE10ClearCacheEv		0	0	4
N	_ZN33CMasterParameterBaseSqlite_SimpleI32CMasterDeepSpaceBonusItemElementE10InitializeEv		0	0	2
N	_ZN33CMasterParameterBaseSqlite_SimpleI32CMasterEventRankingRewardElementE10ClearCacheEv		0	0	4
N	_ZN33CMasterParameterBaseSqlite_SimpleI32CMasterEventRankingRewardElementE10InitializeEv		0	0	2
N	_ZN33CMasterParameterBaseSqlite_SimpleI32CMasterParameterEnemyBaseElementE10ClearCacheEv		0	0	4
N	_ZN33CMasterParameterBaseSqlite_SimpleI32CMasterParameterEnemyBaseElementE10InitializeEv		0	0	2
N	_ZN33CMasterParameterBaseSqlite_SimpleI32CMasterParameterEventTermElementE10ClearCacheEv		0	0	4
N	_ZN33CMasterParameterBaseSqlite_SimpleI32CMasterParameterEventTermElementE10InitializeEv		0	0	2
N	_ZN33CMasterParameterBaseSqlite_SimpleI32CMasterParameterGachaItemElementE10ClearCacheEv		0	0	4
N	_ZN33CMasterParameterBaseSqlite_SimpleI32CMasterParameterGachaItemElementE10InitializeEv		0	0	2
N	_ZN33CMasterParameterBaseSqlite_SimpleI32CMasterParameterGiftGachaElementE10ClearCacheEv		0	0	4
N	_ZN33CMasterParameterBaseSqlite_SimpleI32CMasterParameterGiftGachaElementE10InitializeEv		0	0	2
N	_ZN33CMasterParameterBaseSqlite_SimpleI32CMasterParameterHome3DMapElementE10ClearCacheEv		0	0	4
N	_ZN33CMasterParameterBaseSqlite_SimpleI32CMasterParameterHome3DMapElementE10InitializeEv		0	0	2
N	_ZN33CMasterParameterBaseSqlite_SimpleI32CMasterParameterMenuVoiceElementE10ClearCacheEv		0	0	4
N	_ZN33CMasterParameterBaseSqlite_SimpleI32CMasterParameterMenuVoiceElementE10InitializeEv		0	0	2
N	_ZN33CMasterParameterBaseSqlite_SimpleI32CMasterParameterWinCameraElementE10ClearCacheEv		0	0	4
N	_ZN33CMasterParameterBaseSqlite_SimpleI32CMasterParameterWinCameraElementE10InitializeEv		0	0	2
N	_ZN33CMasterParameterBaseSqlite_SimpleI33CMasterDeepSpaceTimeSavingElementE10ClearCacheEv		0	0	4
N	_ZN33CMasterParameterBaseSqlite_SimpleI33CMasterDeepSpaceTimeSavingElementE10InitializeEv		0	0	2
N	_ZN33CMasterParameterBaseSqlite_SimpleI33CMasterHome3DMotionSettingElementE10ClearCacheEv		0	0	4
N	_ZN33CMasterParameterBaseSqlite_SimpleI33CMasterHome3DMotionSettingElementE10InitializeEv		0	0	2
N	_ZN33CMasterParameterBaseSqlite_SimpleI33CMasterParameterDecoObjectElementE10ClearCacheEv		0	0	4
N	_ZN33CMasterParameterBaseSqlite_SimpleI33CMasterParameterDecoObjectElementE10InitializeEv		0	0	2
N	_ZN33CMasterParameterBaseSqlite_SimpleI33CMasterParameterEnemyPartyElementE10ClearCacheEv		0	0	4
N	_ZN33CMasterParameterBaseSqlite_SimpleI33CMasterParameterEnemyPartyElementE10InitializeEv		0	0	2
N	_ZN33CMasterParameterBaseSqlite_SimpleI33CMasterParameterEnemyTransElementE10ClearCacheEv		0	0	4
N	_ZN33CMasterParameterBaseSqlite_SimpleI33CMasterParameterEnemyTransElementE10InitializeEv		0	0	2
N	_ZN33CMasterParameterBaseSqlite_SimpleI33CMasterParameterFactorLockElementE10ClearCacheEv		0	0	4
N	_ZN33CMasterParameterBaseSqlite_SimpleI33CMasterParameterFactorLockElementE10InitializeEv		0	0	2
N	_ZN33CMasterParameterBaseSqlite_SimpleI33CMasterParameterFactorSeedElementE10ClearCacheEv		0	0	4
N	_ZN33CMasterParameterBaseSqlite_SimpleI33CMasterParameterFactorSeedElementE10InitializeEv		0	0	2
N	_ZN33CMasterParameterBaseSqlite_SimpleI33CMasterParameterFavorBonusElementE10ClearCacheEv		0	0	4
N	_ZN33CMasterParameterBaseSqlite_SimpleI33CMasterParameterFavorBonusElementE10InitializeEv		0	0	2
N	_ZN33CMasterParameterBaseSqlite_SimpleI33CMasterParameterFavorLevelElementE10ClearCacheEv		0	0	4
N	_ZN33CMasterParameterBaseSqlite_SimpleI33CMasterParameterFavorLevelElementE10InitializeEv		0	0	2
N	_ZN33CMasterParameterBaseSqlite_SimpleI33CMasterParameterGachaImageElementE10ClearCacheEv		0	0	4
N	_ZN33CMasterParameterBaseSqlite_SimpleI33CMasterParameterGachaImageElementE10InitializeEv		0	1	2
N	_ZN33CMasterParameterBaseSqlite_SimpleI33CMasterParameterItemAwakenElementE10ClearCacheEv		0	0	4
N	_ZN33CMasterParameterBaseSqlite_SimpleI33CMasterParameterItemAwakenElementE10InitializeEv		0	0	2
N	_ZN33CMasterParameterBaseSqlite_SimpleI33CMasterParameterLoginBonusElementE10ClearCacheEv		0	0	4
N	_ZN33CMasterParameterBaseSqlite_SimpleI33CMasterParameterLoginBonusElementE10InitializeEv		0	0	2
N	_ZN33CMasterParameterBaseSqlite_SimpleI33CMasterParameterMissionNpcElementE10ClearCacheEv		0	0	4
N	_ZN33CMasterParameterBaseSqlite_SimpleI33CMasterParameterMissionNpcElementE10InitializeEv		0	0	2
N	_ZN33CMasterParameterBaseSqlite_SimpleI33CMasterParameterRoleChangeElementE10ClearCacheEv		0	0	4
N	_ZN33CMasterParameterBaseSqlite_SimpleI33CMasterParameterRoleChangeElementE10InitializeEv		0	0	2
N	_ZN33CMasterParameterBaseSqlite_SimpleI33CMasterParameterSelectPartElementE10ClearCacheEv		0	0	4
N	_ZN33CMasterParameterBaseSqlite_SimpleI33CMasterParameterSelectPartElementE10InitializeEv		0	0	2
N	_ZN33CMasterParameterBaseSqlite_SimpleI33CMasterParameterWeaponKindElementE10ClearCacheEv		0	0	4
N	_ZN33CMasterParameterBaseSqlite_SimpleI33CMasterParameterWeaponKindElementE10InitializeEv		0	0	2
N	_ZN33CMasterParameterBaseSqlite_SimpleI33CMasterSphere211FloorAssetElementE10ClearCacheEv		0	0	4
N	_ZN33CMasterParameterBaseSqlite_SimpleI33CMasterSphere211FloorAssetElementE10InitializeEv		0	0	2
N	_ZN33CMasterParameterBaseSqlite_SimpleI33CMasterSphere211MissionBoxElementE10ClearCacheEv		0	0	4
N	_ZN33CMasterParameterBaseSqlite_SimpleI33CMasterSphere211MissionBoxElementE10InitializeEv		0	0	2
N	_ZN33CMasterParameterBaseSqlite_SimpleI34CMasterParameterAchievementElementE10ClearCacheEv		0	0	4
N	_ZN33CMasterParameterBaseSqlite_SimpleI34CMasterParameterAchievementElementE10InitializeEv		0	0	2
N	_ZN33CMasterParameterBaseSqlite_SimpleI34CMasterParameterAssistSkillElementE10ClearCacheEv		0	0	4
N	_ZN33CMasterParameterBaseSqlite_SimpleI34CMasterParameterAssistSkillElementE10InitializeEv		0	0	2
N	_ZN33CMasterParameterBaseSqlite_SimpleI34CMasterParameterBunkerSetupElementE10ClearCacheEv		0	0	4
N	_ZN33CMasterParameterBaseSqlite_SimpleI34CMasterParameterBunkerSetupElementE10InitializeEv		0	0	2
N	_ZN33CMasterParameterBaseSqlite_SimpleI34CMasterParameterEnemyCommonElementE10ClearCacheEv		0	0	4
N	_ZN33CMasterParameterBaseSqlite_SimpleI34CMasterParameterEnemyCommonElementE10InitializeEv		0	0	2
N	_ZN33CMasterParameterBaseSqlite_SimpleI34CMasterParameterEventWeeklyElementE10ClearCacheEv		0	0	4
N	_ZN33CMasterParameterBaseSqlite_SimpleI34CMasterParameterEventWeeklyElementE10InitializeEv		0	0	2
N	_ZN33CMasterParameterBaseSqlite_SimpleI34CMasterParameterFriendGaugeElementE10ClearCacheEv		0	0	4
N	_ZN33CMasterParameterBaseSqlite_SimpleI34CMasterParameterFriendGaugeElementE10InitializeEv		0	0	2
N	_ZN33CMasterParameterBaseSqlite_SimpleI34CMasterParameterHeatUpBonusElementE10ClearCacheEv		0	0	4
N	_ZN33CMasterParameterBaseSqlite_SimpleI34CMasterParameterHeatUpBonusElementE10InitializeEv		0	0	2
N	_ZN33CMasterParameterBaseSqlite_SimpleI34CMasterParameterHomeMessageElementE10ClearCacheEv		0	0	4
N	_ZN33CMasterParameterBaseSqlite_SimpleI34CMasterParameterHomeMessageElementE10InitializeEv		0	0	2
N	_ZN33CMasterParameterBaseSqlite_SimpleI34CMasterParameterItemComposeElementE10ClearCacheEv		0	0	4
N	_ZN33CMasterParameterBaseSqlite_SimpleI34CMasterParameterItemComposeElementE10InitializeEv		0	0	2
N	_ZN33CMasterParameterBaseSqlite_SimpleI34CMasterParameterItemGradeUpElementE10ClearCacheEv		0	0	4
N	_ZN33CMasterParameterBaseSqlite_SimpleI34CMasterParameterItemGradeUpElementE10InitializeEv		0	0	2
N	_ZN33CMasterParameterBaseSqlite_SimpleI34CMasterParameterMasteryStepElementE10ClearCacheEv		0	0	4
N	_ZN33CMasterParameterBaseSqlite_SimpleI34CMasterParameterMasteryStepElementE10InitializeEv		0	0	2
N	_ZN33CMasterParameterBaseSqlite_SimpleI34CMasterParameterMissionDropElementE10ClearCacheEv		0	0	4
N	_ZN33CMasterParameterBaseSqlite_SimpleI34CMasterParameterMissionDropElementE10InitializeEv		0	0	2
N	_ZN33CMasterParameterBaseSqlite_SimpleI34CMasterParameterPlayerLevelElementE10ClearCacheEv		0	0	4
N	_ZN33CMasterParameterBaseSqlite_SimpleI34CMasterParameterPlayerLevelElementE10InitializeEv		0	0	2
N	_ZN33CMasterParameterBaseSqlite_SimpleI34CMasterParameterRoleBoostedElementE10ClearCacheEv		0	0	4
N	_ZN33CMasterParameterBaseSqlite_SimpleI34CMasterParameterRoleBoostedElementE10InitializeEv		0	0	2
N	_ZN33CMasterParameterBaseSqlite_SimpleI34CMasterParameterStageLayoutElementE10ClearCacheEv		0	0	4
N	_ZN33CMasterParameterBaseSqlite_SimpleI34CMasterParameterStageLayoutElementE10InitializeEv		0	0	2
N	_ZN33CMasterParameterBaseSqlite_SimpleI34CMasterParameterVoiceSwitchElementE10ClearCacheEv		0	0	4
N	_ZN33CMasterParameterBaseSqlite_SimpleI34CMasterParameterVoiceSwitchElementE10InitializeEv		0	0	2
N	_ZN33CMasterParameterBaseSqlite_SimpleI34CMasterSphere211RentalBonusElementE10ClearCacheEv		0	0	4
N	_ZN33CMasterParameterBaseSqlite_SimpleI34CMasterSphere211RentalBonusElementE10InitializeEv		0	0	2
N	_ZN33CMasterParameterBaseSqlite_SimpleI35CMasterExpirationInformationElementE10ClearCacheEv		0	0	4
N	_ZN33CMasterParameterBaseSqlite_SimpleI35CMasterExpirationInformationElementE10InitializeEv		0	0	2
N	_ZN33CMasterParameterBaseSqlite_SimpleI35CMasterParameterBattleGlobalElementE10ClearCacheEv		0	0	4
N	_ZN33CMasterParameterBaseSqlite_SimpleI35CMasterParameterBattleGlobalElementE10InitializeEv		0	0	2
N	_ZN33CMasterParameterBaseSqlite_SimpleI35CMasterParameterItemSaleRateElementE10ClearCacheEv		0	0	4
N	_ZN33CMasterParameterBaseSqlite_SimpleI35CMasterParameterItemSaleRateElementE10InitializeEv		0	0	2
N	_ZN33CMasterParameterBaseSqlite_SimpleI35CMasterParameterMissionStageElementE10ClearCacheEv		0	0	4
N	_ZN33CMasterParameterBaseSqlite_SimpleI35CMasterParameterMissionStageElementE10InitializeEv		0	0	2
N	_ZN33CMasterParameterBaseSqlite_SimpleI35CMasterParameterRoleLevelMaxElementE10ClearCacheEv		0	0	4
N	_ZN33CMasterParameterBaseSqlite_SimpleI35CMasterParameterRoleLevelMaxElementE10InitializeEv		0	0	2
N	_ZN33CMasterParameterBaseSqlite_SimpleI35CMasterParameterWorldMapBaseElementE10ClearCacheEv		0	0	4
N	_ZN33CMasterParameterBaseSqlite_SimpleI35CMasterParameterWorldMapBaseElementE10InitializeEv		0	0	2
N	_ZN33CMasterParameterBaseSqlite_SimpleI35CMasterParameterWorldMapCellElementE10ClearCacheEv		0	0	4
N	_ZN33CMasterParameterBaseSqlite_SimpleI35CMasterParameterWorldMapCellElementE10InitializeEv		0	0	2
N	_ZN33CMasterParameterBaseSqlite_SimpleI36CMasterParameterAIAppointMoveElementE10ClearCacheEv		0	0	4
N	_ZN33CMasterParameterBaseSqlite_SimpleI36CMasterParameterAIAppointMoveElementE10InitializeEv		0	0	2
N	_ZN33CMasterParameterBaseSqlite_SimpleI36CMasterParameterBannerReplaceElementE10ClearCacheEv		0	0	4
N	_ZN33CMasterParameterBaseSqlite_SimpleI36CMasterParameterBannerReplaceElementE10InitializeEv		0	0	2
N	_ZN33CMasterParameterBaseSqlite_SimpleI36CMasterParameterFavorScheduleElementE10ClearCacheEv		0	0	4
N	_ZN33CMasterParameterBaseSqlite_SimpleI36CMasterParameterFavorScheduleElementE10InitializeEv		0	0	2
N	_ZN33CMasterParameterBaseSqlite_SimpleI36CMasterParameterRoleEvolutionElementE10ClearCacheEv		0	0	4
N	_ZN33CMasterParameterBaseSqlite_SimpleI36CMasterParameterRoleEvolutionElementE10InitializeEv		0	0	2
N	_ZN33CMasterParameterBaseSqlite_SimpleI36CMasterSphere211FloorAssetBoxElementE10ClearCacheEv		0	0	4
N	_ZN33CMasterParameterBaseSqlite_SimpleI36CMasterSphere211FloorAssetBoxElementE10InitializeEv		0	0	2
N	_ZN33CMasterParameterBaseSqlite_SimpleI36CMasterSphere211RankingRewardElementE10ClearCacheEv		0	0	4
N	_ZN33CMasterParameterBaseSqlite_SimpleI36CMasterSphere211RankingRewardElementE10InitializeEv		0	0	2
N	_ZN33CMasterParameterBaseSqlite_SimpleI37CMasterParameterDecoOffsetTypeElementE10ClearCacheEv		0	0	4
N	_ZN33CMasterParameterBaseSqlite_SimpleI37CMasterParameterDecoOffsetTypeElementE10InitializeEv		0	0	2
N	_ZN33CMasterParameterBaseSqlite_SimpleI37CMasterParameterDirectItemShopElementE10ClearCacheEv		0	0	4
N	_ZN33CMasterParameterBaseSqlite_SimpleI37CMasterParameterDirectItemShopElementE10InitializeEv		0	0	2
N	_ZN33CMasterParameterBaseSqlite_SimpleI37CMasterParameterGuestCharacterElementE10ClearCacheEv		0	0	4
N	_ZN33CMasterParameterBaseSqlite_SimpleI37CMasterParameterGuestCharacterElementE10InitializeEv		0	0	2
N	_ZN33CMasterParameterBaseSqlite_SimpleI37CMasterParameterItemLimitBreakElementE10ClearCacheEv		0	0	4
N	_ZN33CMasterParameterBaseSqlite_SimpleI37CMasterParameterItemLimitBreakElementE10InitializeEv		0	0	2
N	_ZN33CMasterParameterBaseSqlite_SimpleI37CMasterParameterLoadingMessageElementE10ClearCacheEv		0	0	4
N	_ZN33CMasterParameterBaseSqlite_SimpleI37CMasterParameterLoadingMessageElementE10InitializeEv		0	0	2
N	_ZN33CMasterParameterBaseSqlite_SimpleI38CMasterParameterChantEffectTypeElementE10ClearCacheEv		0	0	4
N	_ZN33CMasterParameterBaseSqlite_SimpleI38CMasterParameterChantEffectTypeElementE10InitializeEv		0	0	2
N	_ZN33CMasterParameterBaseSqlite_SimpleI38CMasterParameterCharacterCommonElementE10ClearCacheEv		0	0	4
N	_ZN33CMasterParameterBaseSqlite_SimpleI38CMasterParameterCharacterCommonElementE10InitializeEv		0	0	2
N	_ZN33CMasterParameterBaseSqlite_SimpleI38CMasterParameterFactorConditionElementE10ClearCacheEv		0	0	4
N	_ZN33CMasterParameterBaseSqlite_SimpleI38CMasterParameterFactorConditionElementE10InitializeEv		0	0	2
N	_ZN33CMasterParameterBaseSqlite_SimpleI38CMasterParameterFavorItemEffectElementE10ClearCacheEv		0	0	4
N	_ZN33CMasterParameterBaseSqlite_SimpleI38CMasterParameterFavorItemEffectElementE10InitializeEv		0	0	2
N	_ZN33CMasterParameterBaseSqlite_SimpleI38CMasterParameterItemGradeUpListElementE10ClearCacheEv		0	0	4
N	_ZN33CMasterParameterBaseSqlite_SimpleI38CMasterParameterItemGradeUpListElementE10InitializeEv		0	0	2
N	_ZN33CMasterParameterBaseSqlite_SimpleI38CMasterParameterMaterialComposeElementE10ClearCacheEv		0	0	4
N	_ZN33CMasterParameterBaseSqlite_SimpleI38CMasterParameterMaterialComposeElementE10InitializeEv		0	0	2
N	_ZN33CMasterParameterBaseSqlite_SimpleI38CMasterParameterMenuCommonVoiceElementE10ClearCacheEv		0	0	4
N	_ZN33CMasterParameterBaseSqlite_SimpleI38CMasterParameterMenuCommonVoiceElementE10InitializeEv		0	0	2
N	_ZN33CMasterParameterBaseSqlite_SimpleI38CMasterParameterReplaceResourceElementE10ClearCacheEv		0	0	4
N	_ZN33CMasterParameterBaseSqlite_SimpleI38CMasterParameterReplaceResourceElementE10InitializeEv		0	0	2
N	_ZN33CMasterParameterBaseSqlite_SimpleI38CMasterParameterRoleDeityBufferElementE10InitializeEv		0	0	2
N	_ZN33CMasterParameterBaseSqlite_SimpleI38CMasterParameterScenarioLibraryElementE10ClearCacheEv		0	0	4
N	_ZN33CMasterParameterBaseSqlite_SimpleI38CMasterParameterScenarioLibraryElementE10InitializeEv		0	0	2
N	_ZN33CMasterParameterBaseSqlite_SimpleI38CMasterParameterWorldMapMissionElementE10ClearCacheEv		0	0	4
N	_ZN33CMasterParameterBaseSqlite_SimpleI38CMasterParameterWorldMapMissionElementE10InitializeEv		0	0	2
N	_ZN33CMasterParameterBaseSqlite_SimpleI39CMasterParameterBattleEvaluationElementE10ClearCacheEv		0	0	4
N	_ZN33CMasterParameterBaseSqlite_SimpleI39CMasterParameterBattleEvaluationElementE10InitializeEv		0	0	2
N	_ZN33CMasterParameterBaseSqlite_SimpleI39CMasterParameterDecoAttachEnableElementE10ClearCacheEv		0	0	4
N	_ZN33CMasterParameterBaseSqlite_SimpleI39CMasterParameterDecoAttachEnableElementE10InitializeEv		0	0	2
N	_ZN33CMasterParameterBaseSqlite_SimpleI39CMasterParameterGuideInformationElementE10ClearCacheEv		0	0	4
N	_ZN33CMasterParameterBaseSqlite_SimpleI39CMasterParameterGuideInformationElementE10InitializeEv		0	0	2
N	_ZN33CMasterParameterBaseSqlite_SimpleI39CMasterParameterItemExchangeShopElementE10ClearCacheEv		0	0	4
N	_ZN33CMasterParameterBaseSqlite_SimpleI39CMasterParameterItemExchangeShopElementE10InitializeEv		0	0	2
N	_ZN33CMasterParameterBaseSqlite_SimpleI39CMasterParameterWeaponLimitBreakElementE10ClearCacheEv		0	0	4
N	_ZN33CMasterParameterBaseSqlite_SimpleI39CMasterParameterWeaponLimitBreakElementE10InitializeEv		0	0	2
N	_ZN33CMasterParameterBaseSqlite_SimpleI39CMasterParameterWorldMapProgressElementE10ClearCacheEv		0	0	4
N	_ZN33CMasterParameterBaseSqlite_SimpleI39CMasterParameterWorldMapProgressElementE10InitializeEv		0	0	2
N	_ZN33CMasterParameterBaseSqlite_SimpleI39CMasterSphere211TreasureContentsElementE10ClearCacheEv		0	0	4
N	_ZN33CMasterParameterBaseSqlite_SimpleI39CMasterSphere211TreasureContentsElementE10InitializeEv		0	0	2
N	_ZN33CMasterParameterBaseSqlite_SimpleI39CMasterUniverseChipGachaExchangeElementE10InitializeEv		0	0	2
N	_ZN33CMasterParameterBaseSqlite_SimpleI40CMasterParameterAssistCutinOffsetElementE10ClearCacheEv		0	0	4
N	_ZN33CMasterParameterBaseSqlite_SimpleI40CMasterParameterAssistCutinOffsetElementE10InitializeEv		0	0	2
N	_ZN33CMasterParameterBaseSqlite_SimpleI40CMasterParameterAssistVoiceMarginElementE10ClearCacheEv		0	0	4
N	_ZN33CMasterParameterBaseSqlite_SimpleI40CMasterParameterAssistVoiceMarginElementE10InitializeEv		0	0	2
N	_ZN33CMasterParameterBaseSqlite_SimpleI40CMasterParameterPremiumLoginBonusElementE10ClearCacheEv		0	0	4
N	_ZN33CMasterParameterBaseSqlite_SimpleI40CMasterParameterPremiumLoginBonusElementE10InitializeEv		0	1	2
N	_ZN33CMasterParameterBaseSqlite_SimpleI40CMasterSphere211FloorClearPresentElementE10ClearCacheEv		0	0	4
N	_ZN33CMasterParameterBaseSqlite_SimpleI40CMasterSphere211FloorClearPresentElementE10InitializeEv		0	0	2
N	_ZN33CMasterParameterBaseSqlite_SimpleI40CMasterSphere211FloorTransferRateElementE10ClearCacheEv		0	0	4
N	_ZN33CMasterParameterBaseSqlite_SimpleI40CMasterSphere211FloorTransferRateElementE10InitializeEv		0	0	2
N	_ZN33CMasterParameterBaseSqlite_SimpleI41CMasterParameterFavorBonusContentsElementE10ClearCacheEv		0	0	4
N	_ZN33CMasterParameterBaseSqlite_SimpleI41CMasterParameterFavorBonusContentsElementE10InitializeEv		0	0	2
N	_ZN33CMasterParameterBaseSqlite_SimpleI41CMasterParameterLoginBonusContentsElementE10ClearCacheEv		0	0	4
N	_ZN33CMasterParameterBaseSqlite_SimpleI41CMasterParameterLoginBonusContentsElementE10InitializeEv		0	0	2
N	_ZN33CMasterParameterBaseSqlite_SimpleI41CMasterSphere211FloorTransferLevelElementE10ClearCacheEv		0	0	4
N	_ZN33CMasterParameterBaseSqlite_SimpleI41CMasterSphere211FloorTransferLevelElementE10InitializeEv		0	0	2
N	_ZN33CMasterParameterBaseSqlite_SimpleI42CMasterParameterAccessoryLimitBreakElementE10ClearCacheEv		0	0	4
N	_ZN33CMasterParameterBaseSqlite_SimpleI42CMasterParameterAccessoryLimitBreakElementE10InitializeEv		0	0	2
N	_ZN33CMasterParameterBaseSqlite_SimpleI42CMasterParameterCharacterLimitBreakElementE10ClearCacheEv		0	0	4
N	_ZN33CMasterParameterBaseSqlite_SimpleI42CMasterParameterCharacterLimitBreakElementE10InitializeEv		0	0	2
N	_ZN33CMasterParameterBaseSqlite_SimpleI42CMasterParameterFriendGaugeContentsElementE10ClearCacheEv		0	0	4
N	_ZN33CMasterParameterBaseSqlite_SimpleI42CMasterParameterFriendGaugeContentsElementE10InitializeEv		0	1	2
N	_ZN33CMasterParameterBaseSqlite_SimpleI42CMasterParameterMissionClearPresentElementE10ClearCacheEv		0	0	4
N	_ZN33CMasterParameterBaseSqlite_SimpleI42CMasterParameterMissionClearPresentElementE10InitializeEv		0	0	2
N	_ZN33CMasterParameterBaseSqlite_SimpleI42CMasterParameterRoleDuplicationItemElementE10ClearCacheEv		0	0	4
N	_ZN33CMasterParameterBaseSqlite_SimpleI42CMasterParameterRoleDuplicationItemElementE10InitializeEv		0	0	2
N	_ZN33CMasterParameterBaseSqlite_SimpleI42CMasterSphere211OverwriteEnemyLevelElementE10ClearCacheEv		0	0	4
N	_ZN33CMasterParameterBaseSqlite_SimpleI42CMasterSphere211OverwriteEnemyLevelElementE10InitializeEv		0	0	2
N	_ZN33CMasterParameterBaseSqlite_SimpleI42CMasterSphere211TreasureStreakBonusElementE10ClearCacheEv		0	0	4
N	_ZN33CMasterParameterBaseSqlite_SimpleI42CMasterSphere211TreasureStreakBonusElementE10InitializeEv		0	0	2
N	_ZN33CMasterParameterBaseSqlite_SimpleI43CMasterParameterItemAccessoryComposeElementE10ClearCacheEv		0	0	4
N	_ZN33CMasterParameterBaseSqlite_SimpleI43CMasterParameterItemAccessoryComposeElementE10InitializeEv		0	0	2
N	_ZN33CMasterParameterBaseSqlite_SimpleI43CMasterParameterWorldMapGroupMissionElementE10ClearCacheEv		0	0	4
N	_ZN33CMasterParameterBaseSqlite_SimpleI43CMasterParameterWorldMapGroupMissionElementE10InitializeEv		0	0	2
N	_ZN33CMasterParameterBaseSqlite_SimpleI44CMasterParameterMissionCharacterBonusElementE10ClearCacheEv		0	0	4
N	_ZN33CMasterParameterBaseSqlite_SimpleI44CMasterParameterMissionCharacterBonusElementE10InitializeEv		0	0	2
N	_ZN33CMasterParameterBaseSqlite_SimpleI45CMasterParameterItemLimitBreakLevelMaxElementE10ClearCacheEv		0	0	4
N	_ZN33CMasterParameterBaseSqlite_SimpleI45CMasterParameterItemLimitBreakLevelMaxElementE10InitializeEv		0	0	2
N	_ZN33CMasterParameterBaseSqlite_SimpleI47CMasterParameterItemExchangeShopContentsElementE10ClearCacheEv		0	0	4
N	_ZN33CMasterParameterBaseSqlite_SimpleI47CMasterParameterItemExchangeShopContentsElementE10InitializeEv		0	0	2
N	_ZN33CMasterParameterBaseSqlite_SimpleI48CMasterParameterPremiumLoginBonusContentsElementE10ClearCacheEv		0	0	4
N	_ZN33CMasterParameterBaseSqlite_SimpleI48CMasterParameterPremiumLoginBonusContentsElementE10InitializeEv		0	0	2
N	_ZN33CMasterParameterEnemyPartyElementD2Ev		0	0	4
N	_ZN33CMasterParameterFactorSeedElementD2Ev		0	0	2
N	_ZN33CMasterParameterFavorLevelElementC2ERKS_		0	0	5
N	_ZN33CMasterParameterFavorLevelElementD2Ev		0	0	10
N	_ZN33CMasterParameterMissionNpcElement10InitializeEv		0	0	6
N	_ZN33CMasterParameterMissionNpcElementD0Ev		0	0	6
N	_ZN33CMasterParameterMissionNpcElementD2Ev		0	0	3
N	_ZN33CMasterParameterSelectPartElement10InitializeEv		0	0	1
N	_ZN33CMasterParameterWeaponKindElementD2Ev		0	0	8
N	_ZN34CMasterParameterAchievementElementC2Ev		0	0	1
N	_ZN34CMasterParameterAchievementElementD2Ev		0	0	39
N	_ZN34CMasterParameterAchievementElementaSERKS_		0	0	1
N	_ZN34CMasterParameterEnemyCommonElementD2Ev		0	0	2
N	_ZN34CMasterParameterEventWeeklyElementD2Ev		0	0	4
N	_ZN34CMasterParameterHomeMessageElementC2ERKS_		0	0	725
N	_ZN34CMasterParameterHomeMessageElementD2Ev		0	0	725
N	_ZN34CMasterParameterItemComposeElementD2Ev		0	0	1
N	_ZN34CMasterParameterPlayerLevelElement10InitializeEv		0	0	2
N	_ZN34CMasterParameterPlayerLevelElementD0Ev		0	0	1
N	_ZN34CMasterParameterPlayerLevelElementD2Ev		0	0	1
N	_ZN34CMasterParameterStageLayoutElementD2Ev		0	0	1
N	_ZN35CMasterParameterAttackActionElement10InitializeEv		2	2	4108
N	_ZN35CMasterParameterAttackActionElementC2ERKS_		1	1	4108
N	_ZN35CMasterParameterAttackActionElementC2Ev		1	1	4269
N	_ZN35CMasterParameterAttackActionElementD2Ev		2	2	8377
N	_ZN35CMasterParameterAttackActionElementaSERKS_		0	0	161
N	_ZN35CMasterParameterBaseSqlite_CategoryI20CMasterHome3DElementE10InitializeEv		0	0	2
N	_ZN35CMasterParameterBaseSqlite_CategoryI25CMasterParameterAIElementE10InitializeEv		0	0	2
N	_ZN35CMasterParameterBaseSqlite_CategoryI28CMasterParameterSkillElementE10InitializeEv		0	0	2
N	_ZN35CMasterParameterBaseSqlite_CategoryI28CMasterParameterVoiceElementE10InitializeEv		0	0	2
N	_ZN35CMasterParameterBaseSqlite_CategoryI29CMasterParameterSignalElementE10InitializeEv		0	0	2
N	_ZN35CMasterParameterBaseSqlite_CategoryI35CMasterParameterAttackActionElementE10InitializeEv		0	0	2
N	_ZN35CMasterParameterBaseSqlite_CategoryI37CMasterParameterSkillParameterElementE10InitializeEv		0	0	2
N	_ZN35CMasterParameterBattleGlobalElementC2ERKS_		0	0	263
N	_ZN35CMasterParameterBattleGlobalElementD2Ev		0	0	263
N	_ZN35CMasterParameterMissionStageElementC2ERKS_		0	0	120
N	_ZN35CMasterParameterMissionStageElementD2Ev		0	0	246
N	_ZN36CMasterParameterAIAppointMoveElementD2Ev		0	0	2
N	_ZN37CMasterParameterLoadingMessageElement10InitializeEv		0	0	2
N	_ZN37CMasterParameterLoadingMessageElementD0Ev		0	0	2
N	_ZN37CMasterParameterSkillParameterElement10InitializeEv		0	0	3
N	_ZN37CMasterParameterSkillParameterElementC2Ev		0	0	120
N	_ZN37CMasterParameterSkillParameterElementD0Ev		0	0	3
N	_ZN37CMasterParameterSkillParameterElementD2Ev		1	1	1493
N	_ZN37CMasterParameterSkillParameterElementaSERKS_		0	0	117
N	_ZN38CMasterParameterChantEffectTypeElement10InitializeEv		0	0	1
N	_ZN38CMasterParameterChantEffectTypeElementD0Ev		0	0	1
N	_ZN38CMasterParameterCharacterCommonElement10InitializeEv		0	0	1
N	_ZN38CMasterParameterCharacterCommonElementD0Ev		0	0	1
N	_ZN38CMasterParameterMenuCommonVoiceElement10InitializeEv		0	0	12
N	_ZN38CMasterParameterMenuCommonVoiceElementC2ERKS_		0	0	78
N	_ZN38CMasterParameterMenuCommonVoiceElementD0Ev		0	0	4
N	_ZN38CMasterParameterMenuCommonVoiceElementD2Ev		0	0	321
N	_ZN4Aska10ADMHandler11FlushNotify7HandlerEm		140	140	30025
N	_ZN4Aska10AafHandler11InstantiateEv		0	0	423
N	_ZN4Aska10AafHandler17CreateControllersEPNS_10AsfHandlerEPNS_16CollisionHandlerEPNS_17AsfTargetNameListEb		20	36	604
N	_ZN4Aska10AafHandler17DeleteControllersEv		1	1	181
N	_ZN4Aska10AafHandler9SetValuesEf		192	387	22622
N	_ZN4Aska10AafHandlerD0Ev		4	5	417
N	_ZN4Aska10AofHandler13NotifyTextureEv		4	4	14297
N	_ZN4Aska10AsfHandler10CreateTreeEPNS_11TaskManagerEPNS_13ObjectManagerEPNS_12LightManagerEPNS_13CameraManagerEPNS_15OccluderManagerEPNS_16ProjectorManagerEPNS_15ModifierManagerEPNS_20MeshGeneratorManagerENS0_6StatusE		36	143	977
N	_ZN4Aska10AsfHandler10RemoveTreeEv		6	11	967
N	_ZN4Aska10AsfHandler15SetExternalLinkEPS0_		0	3	23
N	_ZN4Aska10AsfHandler19UpdateExternalLinkREv		0	0	23
N	_ZN4Aska10AsfHandler20CalcExternalLinkListEv		0	1	38
N	_ZN4Aska10AsfHandlerC1Ev		0	0	258
N	_ZN4Aska10AsfHandlerD0Ev		1	1	243
N	_ZN4Aska10Decompress10DecodeMainILb0EEEbPNS_14COMPRESSHEADEREPh		63	63	127
N	_ZN4Aska10Decompress6DecodeEPNS_14COMPRESSHEADEREPhiPNS_14IMemoryManagerES5_S5_		181	285	406
N	_ZN4Aska10InitRandomEj		0	0	1
N	_ZN4Aska10Quaternion15CreateFromEulerEfff14EnumRotateType		2	2	48527
N	_ZN4Aska10Quaternion5SlerpEPKS0_S2_f		1	1	16848
N	_ZN4Aska10Quaternion6CreateEPKNS_6MatrixE		3	3	137517
N	_ZN4Aska10Quaternion6CreateEPKNS_6VectorE		0	0	83054
N	_ZN4Aska10Quaternion6CreateEPKNS_6VectorES3_		0	0	7955
N	_ZN4Aska10RenderPass17GetShaderKeyFlagsEPKNS_15RenderPassBatchE		0	0	215
N	_ZN4Aska10Sequencer214AddMessageNoteEjfPKvS2_		5	72	31800
N	_ZN4Aska10Sequencer217WaitingNoteNotify7HandlerEm		0	0	1778
N	_ZN4Aska10Sequencer218ArrangeMessageNoteEv		6	7	106223
N	_ZN4Aska10Sequencer218ProcessMessageNoteEv		9	156	106223
N	_ZN4Aska10Sequencer2C1Ev		3	5	1018
N	_ZN4Aska10Sequencer2D1Ev		0	0	1016
N	_ZN4Aska10TouchPanel11ResetStatusEv		0	0	39300
N	_ZN4Aska10TouchPanel9GetStatusEv		127	135	82715
N	_ZN4Aska10WavePlayer8AudioRunEv		58	311	106223
N	_ZN4Aska11AudioPlayer10GetMessageEPNS_12AudioMessageE		6	6	136932
N	_ZN4Aska11AudioSignal18AddSignalVoiceListEPNS_7SLVoiceE		0	0	1017
N	_ZN4Aska11AudioSignal21DeleteSignalVoiceListEPNS_7SLVoiceE		2	2	1016
N	_ZN4Aska11AudioSignal3RunEi		37	994	39301
N	_ZN4Aska11JointObject10MakeMatrixEv		66	66	379323
N	_ZN4Aska11JointObjectD0Ev		0	0	626
N	_ZN4Aska11LIBLManager11CopyTextureEv		9	9	39304
N	_ZN4Aska11RandomFloatEv		1	1	11094
N	_ZN4Aska11RenderState11EnableZTestEb		0	0	3
N	_ZN4Aska11RenderState11SetCullModeEi		0	0	1739
N	_ZN4Aska11RenderState12EnableZWriteEb		0	0	3
N	_ZN4Aska11RenderState12SetDepthBiasEff		0	0	52
N	_ZN4Aska11RenderState13EnableStencilENS_11StencilMode4ModeE		0	0	1684
N	_ZN4Aska11RenderState16EnableAlphaBlendEb		0	0	6
N	_ZN4Aska11RenderState16SetZTestFunctionEi		0	0	3
N	_ZN4Aska11RenderState21SetAlphaBlendFunctionENS_10AlphaBlend9OperationENS_22SeparateAlphaBlendMode1EE		0	0	2
N	_ZN4Aska11RenderState23ReadyDefaultRenderStateEPNS_14RenderDeviceGLE		0	0	11881
N	_ZN4Aska11RenderState24SetTextureSamplingFilterEiNS_7TexSamp6FilterE		0	0	3762
N	_ZN4Aska11RenderState26SetTextureSamplingWrapModeEiNS_7TexWrap4ModeE		0	0	3621
N	_ZN4Aska11RenderState27SetTextureSamplingWrapModeUEiNS_7TexWrap4ModeE		0	0	79
N	_ZN4Aska11RenderState27SetTextureSamplingWrapModeVEiNS_7TexWrap4ModeE		0	0	79
N	_ZN4Aska11RenderState30SetTextureSamplingMipmapFilterEiNS_7TexSamp9MipFilterE		0	0	3749
N	_ZN4Aska11RenderState32SetTextureSamplingMaxAnisotropicEij		0	0	3669
N	_ZN4Aska11RenderState5ResetEv		0	0	1816
N	_ZN4Aska11RenderState6Static11EnableZTestEPNS_14RenderDeviceGLEb		0	0	780
N	_ZN4Aska11RenderState6Static12EnableZWriteEPNS_14RenderDeviceGLEb		0	0	640
N	_ZN4Aska11RenderState6Static16EnableAlphaBlendEPNS_14RenderDeviceGLEb		0	0	640
N	_ZN4Aska11SoundObject17UpdateSoundStatusEv		2	2	102506
N	_ZN4Aska11SoundObject8AudioRunEv		14	88	27016
N	_ZN4Aska11TBinaryTreeIN9Framework11CStringHash8tElementEE9AllocNodeEPKv		0	0	836
N	_ZN4Aska11TBinaryTreeIN9Framework11CStringHash8tElementEE9FreeTableEv		0	0	255
N	_ZN4Aska11TBinaryTreeIN9Framework11CStringHash8tElementEED2Ev		0	0	255
N	_ZN4Aska11TBinaryTreeINS_11AddressNodeEE8FreeNodeEPPS1_		0	0	833
N	_ZN4Aska11TBinaryTreeINS_11AddressNodeEE9AllocNodeEPKv		0	0	46
N	_ZN4Aska11TBinaryTreeINS_11AddressNodeEE9FreeTableEv		0	0	32
N	_ZN4Aska11TBinaryTreeINS_11AddressNodeEED2Ev		0	0	32
N	_ZN4Aska11TBinaryTreeINS_7AsfNodeEE9FreeTableEv		0	0	254
N	_ZN4Aska11TBinaryTreeINS_7AsfNodeEED2Ev		0	0	254
N	_ZN4Aska11TBinaryTreeINS_8AUIDNodeEE8FreeNodeEPPS1_		0	0	833
N	_ZN4Aska11TBinaryTreeINS_9TextureIDEE8FreeNodeEPPS1_		1	1	3819
N	_ZN4Aska11TPoolLegacyIN9Framework11CStringHash8tElementELb0EE10SecurePoolEjbPKvPKj		0	0	261
N	_ZN4Aska11TPoolLegacyINS_10TextureIDsELb0EE10SecurePoolEjbPKvPKj		0	0	1
N	_ZN4Aska11TPoolLegacyINS_11AddressNodeELb0EE10SecurePoolEjbPKvPKj		0	0	1
N	_ZN4Aska11TPoolLegacyINS_11LIBLManager14_AarLoaderElemELb0EE10SecurePoolEjbPKvPKj		0	0	1
N	_ZN4Aska11TPoolLegacyINS_11SoundHandleELb0EE10SecurePoolEjbPKvPKj		0	0	1
N	_ZN4Aska11TPoolLegacyINS_11SoundServer14FilePathBufferELb0EE10SecurePoolEjbPKvPKj		0	0	1
N	_ZN4Aska11TPoolLegacyINS_11SoundServer21AskaAdpcmDecodeBufferELb0EE10SecurePoolEjbPKvPKj		0	0	1
N	_ZN4Aska11TPoolLegacyINS_11TextureNodeELb0EE10SecurePoolEjbPKvPKj		0	0	1
N	_ZN4Aska11TPoolLegacyINS_12ClassNameSetELb0EE10SecurePoolEjbPKvPKj		0	0	1
N	_ZN4Aska11TPoolLegacyINS_12ParamNameSetELb0EE10SecurePoolEjbPKvPKj		0	0	103
N	_ZN4Aska11TPoolLegacyINS_12SoundCommandELb0EE10SecurePoolEjbPKvPKj		0	0	1
N	_ZN4Aska11TPoolLegacyINS_13TEventElementINS_12MappingQueue9EventItemEEELb0EE10SecurePoolEjbPKvPKj		0	0	1
N	_ZN4Aska11TPoolLegacyINS_13TEventElementINS_12_AsyncStream6EvItemEEELb0EE10SecurePoolEjbPKvPKj		0	0	1
N	_ZN4Aska11TPoolLegacyINS_13TEventElementINS_18ResourceReadyQueue6EvItemEEELb0EE10SecurePoolEjbPKvPKj		0	0	1
N	_ZN4Aska11TPoolLegacyINS_13TEventElementINS_22DecodeTextureEventItemEEELb0EE10SecurePoolEjbPKvPKj		0	0	1
N	_ZN4Aska11TPoolLegacyINS_13TextureMemoryELb0EE10SecurePoolEjbPKvPKj		0	0	2
N	_ZN4Aska11TPoolLegacyINS_14AudioInterfaceELb0EE10SecurePoolEjbPKvPKj		0	0	1
N	_ZN4Aska11TPoolLegacyINS_14HostMachineSetELb0EE10SecurePoolEjbPKvPKj		0	0	1
N	_ZN4Aska11TPoolLegacyINS_15SEControlObjectELb0EE10SecurePoolEjbPKvPKj		0	0	1
N	_ZN4Aska11TPoolLegacyINS_16AudioMessageNoteELb0EE10SecurePoolEjbPKvPKj		0	0	1
N	_ZN4Aska11TPoolLegacyINS_16BGMControlObjectELb0EE10SecurePoolEjbPKvPKj		0	0	1
N	_ZN4Aska11TPoolLegacyINS_16MappedAddressSetELb0EE10SecurePoolEjbPKvPKj		0	0	1
N	_ZN4Aska11TPoolLegacyINS_17TextureDeletionIDELb0EE10SecurePoolEjbPKvPKj		0	0	1
N	_ZN4Aska11TPoolLegacyINS_18DecodeTextureQueue15TextureMemoryExELb0EE10SecurePoolEjbPKvPKj		0	0	1
N	_ZN4Aska11TPoolLegacyINS_18DecodeTextureQueue21TextureMemoryIteratorELb0EE10SecurePoolEjbPKvPKj		0	0	1
N	_ZN4Aska11TPoolLegacyINS_18DecodeTextureQueue22TextureDecoderIteratorELb0EE10SecurePoolEjbPKvPKj		0	0	1
N	_ZN4Aska11TPoolLegacyINS_18DecodeTextureQueue23DecodeTextureIdIteratorELb0EE10SecurePoolEjbPKvPKj		0	0	1
N	_ZN4Aska11TPoolLegacyINS_19MappedMemoryPointerELb0EE10SecurePoolEjbPKvPKj		0	0	2
N	_ZN4Aska11TPoolLegacyINS_19RelatedTextureIDSetELb0EE10SecurePoolEjbPKvPKj		0	0	1
N	_ZN4Aska11TPoolLegacyINS_20MappedMemoryLocationELb0EE10SecurePoolEjbPKvPKj		0	0	1
N	_ZN4Aska11TPoolLegacyINS_20MappedMemoryRelationELb0EE10SecurePoolEjbPKvPKj		0	0	1
N	_ZN4Aska11TPoolLegacyINS_22MappedMemoryIdentifierELb0EE10SecurePoolEjbPKvPKj		0	0	1
N	_ZN4Aska11TPoolLegacyINS_5Yayoi12NetworkEvent10ConnectJobELb0EE10SecurePoolEjbPKvPKj		19	19	1
N	_ZN4Aska11TPoolLegacyINS_5Yayoi12NetworkEvent7PollJobELb0EE10SecurePoolEjbPKvPKj		0	0	1
N	_ZN4Aska11TPoolLegacyINS_5Yayoi12NetworkEvent9AcceptJobELb0EE10SecurePoolEjbPKvPKj		0	0	1
N	_ZN4Aska11TPoolLegacyINS_7AliasIDELb0EE10SecurePoolEjbPKvPKj		0	0	1
N	_ZN4Aska11TPoolLegacyINS_7SLVoiceELb0EE10SecurePoolEjbPKvPKj		0	0	1
N	_ZN4Aska11TPoolLegacyINS_8AUIDElemELb0EE10SecurePoolEjbPKvPKj		0	0	1
N	_ZN4Aska11TPoolLegacyINS_8AUIDNodeELb0EE10SecurePoolEjbPKvPKj		0	0	1
N	_ZN4Aska11TPoolLegacyINS_9SoundPassELb0EE10SecurePoolEjbPKvPKj		0	0	1
N	_ZN4Aska11TPoolLegacyINS_9TextureIDELb0EE10SecurePoolEjbPKvPKj		0	0	1
N	_ZN4Aska11TaskManager11ChangeLevelEPNS_4TaskEj		0	0	32
N	_ZN4Aska11TaskManager12AddEndNotifyEPNS_7INotifyEm		0	0	1
N	_ZN4Aska11TaskManager14OwnersKickTaskEv		979	645521	117921
N	_ZN4Aska11TaskManager16AddThreadBarrierEi		17	17	8033
N	_ZN4Aska11TaskManager19CreateEndNotifyListEi		0	0	1
N	_ZN4Aska11TaskManager19DeleteThreadBarrierEi		1	1	8032
N	_ZN4Aska11TaskManager19PreAllocateTaskListEi		1	1	63
N	_ZN4Aska11TaskManager25DeletePreAllocateTaskListEv		0	0	63
N	_ZN4Aska11TaskManager27DecrementThreadBarrierCountEi		204	345	47339
N	_ZN4Aska11TaskManager27IncrementThreadBarrierCountEi		0	0	8032
N	_ZN4Aska11TaskManager3AddEPNS_4TaskE		0	1	1050
N	_ZN4Aska11TaskManager3AddEPNS_4TaskEj		0	0	7
N	_ZN4Aska11TaskManager6AddTopEPNS_4TaskE		0	0	2
N	_ZN4Aska11TaskManager6DeleteEPNS_4TaskE		2	2	6399
N	_ZN4Aska11TextureNode6VerifyEPKv		0	0	1637
N	_ZN4Aska11TextureNode7CompareEPKv		0	0	47318
N	_ZN4Aska12AimingObject10MakeMatrixEv		187	500	81849
N	_ZN4Aska12AimingObject14MakeMatrixMainEv		231	273	79259
N	_ZN4Aska12AimingObjectC2Ev		1	1	50
N	_ZN4Aska12CameraFilter6UpdateEv		0	0	24
N	_ZN4Aska12DynamicsWait3RunEi		1427	1427	39303
N	_ZN4Aska12HeightObject12UpdateMinMaxEv		0	0	4
N	_ZN4Aska12LightManager17PrepareForTextureEv		25	25	39301
N	_ZN4Aska12LightManager25CalcHemisphereLightCoeffsEPNS0_10SHAmbConstEPKNS_5LightEPNS_6VectorE		4	4	26210
N	_ZN4Aska12LightManager25PrepareLightsForRenderingEPPNS_16RenderableObjectEi		71	72	39302
N	_ZN4Aska12LightManager6DeleteEPNS_4TaskE		0	0	37
N	_ZN4Aska12RenderTarget12CreateNativeEv		12	113	50161
N	_ZN4Aska12RenderTarget15SetRenderTargetEPNS_14RenderDeviceGLEi		0	144	162
N	_ZN4Aska12RenderThread12AddEndRenderEPNS_7INotifyE		16	16	39306
N	_ZN4Aska12RenderThread14AddBeginRenderEv		19	19	39306
N	_ZN4Aska12RenderThread14AddEnableFastZEb		15	15	89990
N	_ZN4Aska12RenderThread14AddRenderQueueEPNS_16RenderableObjectEPNS_13RenderContextEi		19	19	1301089
N	_ZN4Aska12RenderThread16AddExposureScaleEff		23	23	78612
N	_ZN4Aska12RenderThread21AddChangeRenderTargetEjPNS_21MULTIPASS_ENVIRONMENTE		16	16	50684
N	_ZN4Aska12RenderThread21AddFinishRenderTargetEjii		23	23	50684
N	_ZN4Aska12RenderThread6RenderERiRb		12503	131045	480283
N	_ZN4Aska12RenderThread7ReqSwapEv		535	535	39307
N	_ZN4Aska12SoundManager15NoneCommandListEPNS_11SoundObjectE		0	0	1016
N	_ZN4Aska12SoundManager16SoundProcessSyncEv		183	1788	41503
N	_ZN4Aska12SoundManager17AddAudioInterfaceEPNS_14AudioInterfaceE		0	0	1017
N	_ZN4Aska12SoundManager17DeleteSoundObjectEPNS_11SoundObjectEb		0	0	1016
N	_ZN4Aska12SoundManager17RemoveSoundHandleEPNS_11SoundHandleE		0	0	1016
N	_ZN4Aska12SoundManager18RemoveSoundCommandEPNS_12SoundCommandE		0	0	1182
N	_ZN4Aska12SoundManager20DeleteAudioInterfaceEPNS_14AudioInterfaceE		1	10	1016
N	_ZN4Aska12SoundManager22AddDeletingSoundObjectEPNS_11SoundObjectE		0	0	1016
N	_ZN4Aska12SoundManager32SetDefaultDirectPlaybackSettingsEPNS_22DirectPlaybackSettingsE		0	0	1187
N	_ZN4Aska12SoundManager3RunEi		58	407	39301
N	_ZN4Aska12SoundManager9PlaySoundEmbjjPKNS_22DirectPlaybackSettingsE		4	49	1017
N	_ZN4Aska12SoundManager9StopSoundEPNS_11SoundObjectEj		0	2	165
N	_ZN4Aska13CameraManager14UpdatePrevViewEv		31	31	39301
N	_ZN4Aska13CameraManager22InitScreenEffectCameraEv		0	5	1
N	_ZN4Aska13DeleteManager5ClearEv		0	0	1
N	_ZN4Aska13DeleteManager7AddMainEPvhhPNS_14IDeleteHandlerE		0	0	7144
N	_ZN4Aska13DeleteManager7IsEmptyEv		0	0	2
N	_ZN4Aska13MemoryManager11VirtualFreeEPv		0	0	394
N	_ZN4Aska13MemoryManager12CalcFreeSizeEb		32	32	39303
N	_ZN4Aska13MemoryManager13AlignedMallocEml		6	7	5040
N	_ZN4Aska13MemoryManager17AlignedMallocHighEml		1	1	2444
N	_ZN4Aska13MemoryManager19GetAllocatedManagerEPKv		0	0	76
N	_ZN4Aska13MemoryManager19GetAllocatedManagerEPKvPm		0	0	1892
N	_ZN4Aska13MemoryManager19VirtualRemoveNotifyEPvPNS_13IMemoryNotifyE		0	0	394
N	_ZN4Aska13MemoryManager21VirtualRegisterNotifyEPvPNS_13IMemoryNotifyE		0	0	552
N	_ZN4Aska13MemoryManager5SplitEPvS1_		0	0	552
N	_ZN4Aska13MemoryManager6MallocEm		1	1	9545
N	_ZN4Aska13MemoryManager7ReallocEmPvl		0	0	87
N	_ZN4Aska13MemoryManager9LocalFreeEPv		0	0	1215
N	_ZN4Aska13ObjectManager10OnPrePaintEv		3279	3292	39306
N	_ZN4Aska13ObjectManager11OnPostPaintEv		818	11229	39305
N	_ZN4Aska13ObjectManager15PrepareMatricesEiPPNS_16RenderableObjectE		1195	1746	39305
N	_ZN4Aska13ObjectManager20TraversePaintingListEPNS_10RENDERINFOEiPPNS_16RenderableObjectEiiiPNS_6CameraEb		6407	6425	78608
N	_ZN4Aska13ObjectManager25AddPaintingListCandidatesEPNS_16RenderableObjectE		10	10	78610
N	_ZN4Aska13ObjectManager29MultithreadViewFrustumCullingEPNS_6CameraEiiPPNS_16RenderableObjectES5_i		938	973	39305
N	_ZN4Aska13ObjectManager29TraversePaintingListNoResolveEPNS_10RENDERINFOEiPPNS_16RenderableObjectEiiPNS_6CameraEb		1697	1698	89984
N	_ZN4Aska13ObjectManager7OnPaintEv		45	11296	39305
N	_ZN4Aska13ObjectManager9PrerenderEv		507	6152	39305
N	_ZN4Aska13RenderContext13GetBatchArrayEi		0	0	505
N	_ZN4Aska13ShadowManager19ShadowCasterCullingEPPNS_16RenderableObjectEiS3_i		430	862	11380
N	_ZN4Aska13TDynamicArrayINS_11GlyphMetricENS_10TAllocatorIS1_EEE7Insert_INS_6Memory18TUninitializedCopyIPKNS_5GlyphEEEEENS_14TArrayIteratorIS4_EEPKS1_mRKT_		0	0	1
N	_ZN4Aska13TDynamicArrayINS_14AudioSmallHeap8HeapInfoENS_14AudioAllocatorIS2_EEE7Insert_INS_6Memory11TConstruct1IS4_PvEEEENS_14TArrayIteratorIS5_EEPKS2_mRKT_		0	0	5
N	_ZN4Aska13TDynamicArrayINS_14AudioSmallHeap8HeapInfoENS_14AudioAllocatorIS2_EEE7ReserveEm		0	0	1
N	_ZN4Aska13TDynamicArrayINS_5TPairINS_6detail6FontIdENS2_11FontManager12FontMapValueEEENS2_19TSmallHeapAllocatorIS6_EEE7Insert_INS_6Memory11TConstruct2IS8_S3_S5_EEEENS_14TArrayIteratorIS9_EEPKS6_mRKT_		0	0	1
N	_ZN4Aska13TDynamicArrayINS_6detail9SmallHeap8HeapInfoENS_10TAllocatorIS3_EEE7Insert_INS_6Memory11TConstruct1IS5_PvEEEENS_14TArrayIteratorIS6_EEPKS3_mRKT_		22	22	5
N	_ZN4Aska13TDynamicArrayIPNS_14ShaderKeyValueENS_10TAllocatorIS2_EEE7Insert_INS_6Memory19TUninitializedFillNIS2_EEEENS_14TArrayIteratorIS5_EEPKS2_mRKT_		0	0	1706
N	_ZN4Aska13TDynamicArrayIPNS_18ShaderProgramValueENS_10TAllocatorIS2_EEE7Insert_INS_6Memory19TUninitializedFillNIS2_EEEENS_14TArrayIteratorIS5_EEPKS2_mRKT_		0	0	501
N	_ZN4Aska13TDynamicArrayIhNS_10TAllocatorIhEEE7Insert_INS_6Memory19TUninitializedFillNIhEEEENS_14TArrayIteratorIS3_EEPKhmRKT_		0	0	690
N	_ZN4Aska13TextureMemory7CompareEPKv		0	0	7371
N	_ZN4Aska13TouchCallbackEP11android_appP11AInputEvent		1	1	1068
N	_ZN4Aska13WaveVoiceBase9AudioKickEv		27	67	105207
N	_ZN4Aska14DecompressBase12IsCompressedEPKv		0	0	944
N	_ZN4Aska14MatrixCalcFuncEPNS_6MatrixEPKNS_6VectorEPKNS_10QuaternionES7_S4_S4_PKS0_		0	0	114
N	_ZN4Aska14NotifierThread12RemoveNotifyEPNS_7INotifyE		0	0	41
N	_ZN4Aska14NotifierThread6NotifyEv		65	65	78605
N	_ZN4Aska14NotifierThread9AddNotifyEPNS_7INotifyEj		0	0	41
N	_ZN4Aska14RenderDeviceGL10SetTextureEjPKPNS_11GpuResourceE		0	94	1731
N	_ZN4Aska14RenderDeviceGL11BindTextureEjj		2	2	23745
N	_ZN4Aska14RenderDeviceGL11SetCullModeENS_4Cull4ModeE		0	0	640
N	_ZN4Aska14RenderDeviceGL13ActiveTextureEj		0	0	1217
N	_ZN4Aska14RenderDeviceGL13DrawPrimitiveENS_8PrimType4TypeEj		4	4	505
N	_ZN4Aska14RenderDeviceGL13EnableStencilENS_11StencilMode4ModeE		0	0	140
N	_ZN4Aska14RenderDeviceGL14SetPixelShaderEPNS_11PixelShaderE		0	0	69398
N	_ZN4Aska14RenderDeviceGL14SetScissorRectEPK4RECTb		2	2	25372
N	_ZN4Aska14RenderDeviceGL15BindFrameBufferEPNS_11GpuResourceE		16	16	20995
N	_ZN4Aska14RenderDeviceGL15SetVertexShaderEPNS_12VertexShaderE		0	0	69398
N	_ZN4Aska14RenderDeviceGL16BindVertexBufferEmPv		0	0	505
N	_ZN4Aska14RenderDeviceGL16BindVertexFormatEiiPv		106	106	289546
N	_ZN4Aska14RenderDeviceGL16EnableColorWriteEbbbb		11	15	112746
N	_ZN4Aska14RenderDeviceGL16SetZTestFunctionENS_5ZTest4FuncE		0	0	505
N	_ZN4Aska14RenderDeviceGL20DrawIndexedPrimitiveENS_8PrimType4TypeERNS_11IndexBufferEjm		3796	4129	1224108
N	_ZN4Aska14RenderDeviceGL20FramebufferTexture2DEjjjj		50	50	64409
N	_ZN4Aska14RenderDeviceGL21SetAlphaBlendFunctionENS_10AlphaBlend9OperationENS_22SeparateAlphaBlendMode1EE		0	0	505
N	_ZN4Aska14RenderDeviceGL22SetPixelShaderConstantEiPKvi		0	8	3697
N	_ZN4Aska14RenderDeviceGL23FramebufferRenderbufferEjj		18	18	42977
N	_ZN4Aska14RenderDeviceGL23SetVertexShaderConstantEiPKvi		0	0	5555
N	_ZN4Aska14RenderDeviceGL24SetTextureSamplingFilterEjNS_7TexSamp6FilterE		0	0	2182
N	_ZN4Aska14RenderDeviceGL26SetTextureSamplingWrapModeEjNS_7TexWrap4ModeES2_S2_		0	0	82911
N	_ZN4Aska14RenderDeviceGL30SetTextureSamplingMipmapFilterEjNS_7TexSamp9MipFilterE		0	0	1515
N	_ZN4Aska14RenderDeviceGL31SwapBuffers_RenderThreadContextEv		108749	108749	39307
N	_ZN4Aska15AafBlendManager10InitializeEv		0	0	1446
N	_ZN4Aska15AafBlendManager11_CalcNotify7HandlerEm		2032	2371	108954
N	_ZN4Aska15AafBlendManager12SetPlayFrameEif		6	6	108954
N	_ZN4Aska15AafBlendManager16NormalizeWeightsEv		20	20	106151
N	_ZN4Aska15AafBlendManager4OpenEi		20	20	106150
N	_ZN4Aska15AafBlendManager5CloseEh		7	7	106150
N	_ZN4Aska15AafBlendManager6AddAafEPNS_10AafHandlerE		9	9	108954
N	_ZN4Aska15AafBlendManager6CreateEi		1	1	1446
N	_ZN4Aska15AafBlendManager9SetWeightEif		1	1	108954
N	_ZN4Aska15DynamicsManager3RunEi		929	929	22882
N	_ZN4Aska15IParticleObject6AddRefEv		0	0	378
N	_ZN4Aska15IParticleObject7ReleaseEv		0	0	370
N	_ZN4Aska15ModifierManager16ProcessModifiersEv		141	171	39302
N	_ZN4Aska15ModifierManager16ProcessSetupListEv		20	20	39302
N	_ZN4Aska15ModifierManager3RunEi		179	1567	78604
N	_ZN4Aska15ModifierManager7HandlerEm		548	949	78604
N	_ZN4Aska15ParticleEmitterINS_11FeatureListINS_16ParticleFeatures5SpeedENS1_INS2_6MotionENS1_INS2_14ColorAnimationENS1_INS2_7TextureENS1_INS2_9LifeLimitENS1_INS2_4LineENS_6StNULLEEEEEEEEEEEEEED0Ev		0	0	60
N	_ZN4Aska15ParticleEmitterINS_11FeatureListINS_16ParticleFeatures5SpeedENS1_INS2_6MotionENS1_INS2_14ColorAnimationENS1_INS2_7TextureENS1_INS2_9LifeLimitENS_6StNULLEEEEEEEEEEEED0Ev		0	0	228
N	_ZN4Aska15ParticleEmitterINS_11FeatureListINS_16ParticleFeatures5SpeedENS1_INS2_6MotionENS1_INS2_8RotationENS1_INS2_7TextureENS1_INS2_14ColorAnimationENS1_INS2_9LifeLimitENS1_INS2_4LineENS_6StNULLEEEEEEEEEEEEEEEED0Ev		0	0	48
N	_ZN4Aska15ParticleEmitterINS_11FeatureListINS_16ParticleFeatures5SpeedENS1_INS2_6MotionENS1_INS2_8RotationENS1_INS2_7TextureENS1_INS2_14ColorAnimationENS1_INS2_9LifeLimitENS_6StNULLEEEEEEEEEEEEEE4EmitEiPNS_16IParticleEmitter11EmitContextEPKNSH_13MatrixContextE		0	0	38
N	_ZN4Aska15ParticleEmitterINS_11FeatureListINS_16ParticleFeatures5SpeedENS1_INS2_6MotionENS1_INS2_8RotationENS1_INS2_7TextureENS1_INS2_14ColorAnimationENS1_INS2_9LifeLimitENS_6StNULLEEEEEEEEEEEEEED0Ev		0	0	34
N	_ZN4Aska15ParticleManager18PreAllocateBuffersEv		0	3	1
N	_ZN4Aska15ParticleManager21ParticleDeleteHandler14DeleteCallbackEiPv		0	2	370
N	_ZN4Aska15ParticleManager4InitEv		0	0	1
N	_ZN4Aska15ParticleManager6MallocEm		0	0	378
N	_ZN4Aska15SEControlObject14ProcessRequestEPKNS_11SoundObject16RequestContainerE		0	0	1520
N	_ZN4Aska15SEControlObject8AudioRunEv		132	762	79207
N	_ZN4Aska15TCategorizeHashINS_11TextureNodeEE6RegistEPKvj		0	2	925
N	_ZN4Aska15TCategorizeHashINS_11TextureNodeEE6RemoveEPPS1_		0	5	671
N	_ZN4Aska15TCategorizeHashINS_13TextureMemoryEE6RegistEPKvj		21	21	4434
N	_ZN4Aska15TCategorizeHashINS_13TextureMemoryEE6RemoveEPKvj		1	1	2824
N	_ZN4Aska15TCategorizeHashINS_13TextureMemoryEE6RemoveEPPS1_		0	0	2796
N	_ZN4Aska15TCategorizeHashINS_13TextureMemoryEE6SearchEPKvj		3	3	11260
N	_ZN4Aska15TCategorizeHashINS_13TextureMemoryEE8FreeNodeEPPS1_		0	0	11055
N	_ZN4Aska15TCategorizeHashINS_16MappedAddressSetEE6RegistEPKvj		0	0	4
N	_ZN4Aska15TCategorizeHashINS_16MappedAddressSetEE8FreeNodeEPPS1_		0	0	31
N	_ZN4Aska15TCategorizeHashINS_18DecodeTextureQueue15TextureMemoryExEE6RegistEPKv		0	0	54
N	_ZN4Aska15TCategorizeHashINS_18DecodeTextureQueue15TextureMemoryExEE6RemoveEPKvj		0	0	27
N	_ZN4Aska15TCategorizeHashINS_18DecodeTextureQueue15TextureMemoryExEE6SearchEPKvj		0	0	54
N	_ZN4Aska15TCategorizeHashINS_18DecodeTextureQueue21TextureMemoryIteratorEE6RegistEPKvj		1	1	27
N	_ZN4Aska15TCategorizeHashINS_18DecodeTextureQueue21TextureMemoryIteratorEE6RemoveEPKvj		0	0	27
N	_ZN4Aska15TCategorizeHashINS_18DecodeTextureQueue22TextureDecoderIteratorEE6RegistEPKvj		0	0	27
N	_ZN4Aska15TCategorizeHashINS_18DecodeTextureQueue22TextureDecoderIteratorEE6RemoveEPKvj		0	0	27
N	_ZN4Aska15TCategorizeHashINS_19MappedMemoryPointerEE6RegistEPKvj		41	41	2331
N	_ZN4Aska15TCategorizeHashINS_19MappedMemoryPointerEE6RemoveEPPS1_		0	0	2132
N	_ZN4Aska15TCategorizeHashINS_19MappedMemoryPointerEE6SearchEPKvj		1	1	552
N	_ZN4Aska15TCategorizeHashINS_20MappedMemoryLocationEE6RegistEPKvj		2	2	6009
N	_ZN4Aska15TCategorizeHashINS_20MappedMemoryLocationEE6RemoveEPKvj		1	1	4461
N	_ZN4Aska15TCategorizeHashINS_20MappedMemoryLocationEE6SearchEPKvj		0	0	6009
N	_ZN4Aska15TCategorizeHashINS_22MappedMemoryIdentifierEE6RegistEPKvj		1	1	1779
N	_ZN4Aska15TCategorizeHashINS_22MappedMemoryIdentifierEE6RemoveEPKvj		1	1	1738
N	_ZN4Aska15TCategorizeHashINS_22MappedMemoryIdentifierEE6SearchEPKvj		0	0	3353
N	_ZN4Aska15_RenderDeviceGL15BufferHandlerGLILj34962EXadL_ZNS_18ASKA_OGL_STATESET014m_u32ArrayBindEEEXadL_ZNS0_20GetUsageVertexBufferEPNS_11GpuResourceEEEE6UploadES4_		682	682	861520
N	_ZN4Aska15_RenderDeviceGL15BufferHandlerGLILj34963EXadL_ZNS_18ASKA_OGL_STATESET021m_u32ElementArrayBindEEEXadL_ZNS0_19GetUsageIndexBufferEPNS_11GpuResourceEEEE6UploadES4_		331	331	852635
N	_ZN4Aska16DirectAofHandler9BeginMeshEPNS_14DirectMaterialEii		97	160	82531
N	_ZN4Aska16IParticleEmitter17FillMatrixContextEPNS0_13MatrixContextE		0	0	38
N	_ZN4Aska16IParticleEmitter25DetachRenderableForRenderEv		0	0	370
N	_ZN4Aska16ProjectorManager3RunEi		24	25	78614
N	_ZN4Aska16RenderDeviceData11SetCullModeENS_4Cull4ModeE		0	0	505
N	_ZN4Aska16RenderDeviceData12CreateShaderEjPNS_6ShaderE		61	61	74
N	_ZN4Aska16RenderDeviceData12ResolveDepthEPNS_15ResolveTargetGLEPNS_12RenderTargetEbiiii		421	511	21717
N	_ZN4Aska16RenderDeviceData15BindFrameBufferEPNS_11GpuResourceE		0	0	505
N	_ZN4Aska16RenderDeviceData17GetBoundTextureIDEj		0	0	1424
N	_ZN4Aska16RenderDeviceData17UpdateRenderStateEPNS_14RenderDeviceGLE		0	0	505
N	_ZN4Aska16RenderDeviceData18GetThreadOglState1Ev		0	0	1522
N	_ZN4Aska16RenderDeviceData19UpdateShaderProgramEv		1	1	505
N	_ZN4Aska16RenderDeviceData20CompileShaderProgramEPNS_18ShaderProgramValueE		121	122	72
N	_ZN4Aska16RenderDeviceData21GetTextureStateCachesEj		0	0	1344
N	_ZN4Aska16RenderDeviceData22_GetCurrentFrameBufferEv		0	2	81
N	_ZN4Aska16RenderDeviceData23SetShaderProgramUniformEPNS_18ShaderProgramValueE		0	0	79
N	_ZN4Aska17AudioSignalNotify7HandlerEm		2043	2262	57885
N	_ZN4Aska17OpticalPhenomenon18GetBloomBlendRatesEv		2	2	56518
N	_ZN4Aska17RenderContextBase10AllocBatchEi		0	0	505
N	_ZN4Aska17RenderManagerBase13MarkForDeleteEPNS_11GpuResourceEb		0	0	4847
N	_ZN4Aska17RenderPassManager7GetPassEii		6	7	193554
N	_ZN4Aska17ShaderCompression17CompressLZwordDicEPviS1_Ph		377	377	1541
N	_ZN4Aska17ShaderCompression19DecompressLZwordDicEPtS1_Ph		5	5	1748
N	_ZN4Aska17ShaderLinkManager24SetBindedRenderingShaderEPvS1_S1_		0	0	505
N	_ZN4Aska18DecodeTextureQueue22TextureDecoderIterator7CompareEPKv		0	0	28
N	_ZN4Aska18HeightObjectNormal18FindIntersectPointEPKNS_3RayEtPNS_6VectorEPPNS_20AcfMaterialParameterEPNS_10AcfPolygonE		278	323	40744
N	_ZN4Aska18HierarchicalObject10MakeMatrixEv		38	38	110589
N	_ZN4Aska18HierarchicalObject10SetPostureEPKNS_10QuaternionE		1	1	48690
N	_ZN4Aska18HierarchicalObject10SetPostureEfff		0	0	6
N	_ZN4Aska18HierarchicalObject10SetPostureEffff		0	0	1
N	_ZN4Aska18HierarchicalObject11SetPositionEPKNS_6VectorE		0	0	11251
N	_ZN4Aska18HierarchicalObject11SetPositionEfff		45	45	128898
N	_ZN4Aska18HierarchicalObject14GetBoundingBoxEb		0	0	559
N	_ZN4Aska18HierarchicalObject20InitializeConditionsEv		3	3	1857
N	_ZN4Aska18HierarchicalObject22CheckSleepAvailabilityEv		0	0	1853
N	_ZN4Aska18HierarchicalObject23SetAppropriateTaskLevelEv		0	0	1853
N	_ZN4Aska18HierarchicalObject3RunEi		25	37	316629
N	_ZN4Aska18HierarchicalObject8SetScaleEPKNS_6VectorE		0	0	3603
N	_ZN4Aska18HierarchicalObject8SetScaleEfff		0	0	191
N	_ZN4Aska18HierarchicalObjectD0Ev		2	2	1861
N	_ZN4Aska18HierarchicalObjectD2Ev		0	0	581
N	_ZN4Aska18ParticleMakeMatrix7HandlerEm		133	823	8032
N	_ZN4Aska18PerformanceCounter3SetEi		18	18	157226
N	_ZN4Aska18PerformanceCounter4MarkEi		106	106	117904
N	_ZN4Aska19CameraFilterManager15UpdatePreMatrixEv		21	21	39302
N	_ZN4Aska19CameraFilterManager20GetIsoExposureOffsetEv		68	68	101443
N	_ZN4Aska19CameraFilterManager22InitAskasRGBTableTableEv		0	0	1
N	_ZN4Aska19CameraFilterManager6DeleteEPNS_12CameraFilterE		0	0	27
N	_ZN4Aska19CameraFilterManager6GetISOEv		13	13	78604
N	_ZN4Aska19CameraFilterManager6SetISOEi		0	0	1
N	_ZN4Aska19FilterShaderManager9SetShaderEii		36	36	289546
N	_ZN4Aska19MappedMemoryPointer7CompareEPKv		0	0	16560
N	_ZN4Aska19PostProcessBloomTBR19PrepareForRenderingEPKNS_10RENDERINFOE		239	300	39306
N	_ZN4Aska19PostProcessBloomTBR20PreliminarilyPrepareEPNS_12LightManagerE		0	0	39307
N	_ZN4Aska20MappedMemoryLocation7CompareEPKv		0	0	14883
N	_ZN4Aska20MappedMemoryRelation7CompareEPKv		0	0	256
N	_ZN4Aska20MemoryManagerAdapter11AlignedFreeEPv		0	0	19897
N	_ZN4Aska20MemoryManagerAdapter13AlignedMallocEmm		25	25	19203
N	_ZN4Aska20MeshGeneratorManager15InstanceCullingEPNS_6CameraE		11	11	39307
N	_ZN4Aska20MeshGeneratorManager15PrepareMatricesEPNS_6CameraE		41	41	39307
N	_ZN4Aska20TAafNormalControllerINS_7AafTypeINS_26AafControlPoint_Normal_U24ELb0ELb0ELj0EEEE16SetControlPointsEiPKfPKS2_		0	0	2296
N	_ZN4Aska20TAafNormalControllerINS_7AafTypeINS_26AafControlPoint_Normal_U24ELb0ELb0ELj1EEEE16SetControlPointsEiPKfPKS2_		0	0	584
N	_ZN4Aska20TAafNormalControllerINS_7AafTypeINS_26AafControlPoint_Normal_U24ELb0ELb0ELj3EEEE16SetControlPointsEiPKfPKS2_		0	0	96
N	_ZN4Aska20TAafNormalControllerINS_7AafTypeINS_31AafControlPoint_Vector_Step_U24ELb0ELb0ELj0EEEE16SetControlPointsEiPKfPKS2_		0	0	17
N	_ZN4Aska20TAafNormalControllerINS_7AafTypeINS_33AafControlPoint_Vector_Linear_U24ELb0ELb0ELj0EEEE16SetControlPointsEiPKfPKS2_		0	0	433
N	_ZN4Aska20TAafNormalControllerINS_7AafTypeINS_34AafControlPoint_Vector4_Linear_U24ELb0ELb0ELj0EEEE16SetControlPointsEiPKfPKS2_		0	0	629
N	_ZN4Aska20TAafNormalControllerINS_7AafTypeINS_40AafControlPoint_Quaternion_Linear_U48EX2ELb0ELb0ELj0EEEE16SetControlPointsEiPKfPKS2_		0	0	2656
N	_ZN4Aska21AafKeyFrameController18UpdateCurrentRangeEv		0	0	4562
N	_ZN4Aska21DynamicsCommandNotify7HandlerEm		1546	1680	72193
N	_ZN4Aska21RenderTargetManagerGL10GetRtWidthEPNS_12RenderTargetE		0	0	12686
N	_ZN4Aska21RenderTargetManagerGL11GetRtHeightEPNS_12RenderTargetE		1	1	416458
N	_ZN4Aska21RenderTargetManagerGL12ChangeTargetEji		20	21	507
N	_ZN4Aska21ShadowManagerRegistry12FirstPrepareEPNS_12LightManagerE		15	15	39307
N	_ZN4Aska22DirectAofPrimitiveBaseD1Ev		0	1	35
N	_ZN4Aska22MappedMemoryIdentifier7CompareEPKv		0	0	114
N	_ZN4Aska22ParticleRenderableBase12SetColorRateEPKNS_6VectorE		4	4	15193
N	_ZN4Aska22ParticleRenderableBase14GetBoundingBoxEb		1	1	48891
N	_ZN4Aska22ParticleRenderableBase14SetRenderLayerEjb		0	0	378
N	_ZN4Aska22ParticleRenderableBase19PrepareForRenderingEPKNS_10RENDERINFOE		111	186	29613
N	_ZN4Aska22ParticleRenderableBase20PreliminarilyPrepareEPNS_12LightManagerE		8	8	29613
N	_ZN4Aska22ParticleRenderableBase21ComputeBoundingSphereEb		3	3	65472
N	_ZN4Aska22PostProcessCombinerTBR19PrepareForRenderingEPKNS_10RENDERINFOE		1	1	39306
N	_ZN4Aska22PostProcessCombinerTBR20PreliminarilyPrepareEPNS_12LightManagerE		1	1	39307
N	_ZN4Aska23SimpleMessageDispatcher11PostMessageEtPNS_7INotifyEPvS3_Pja		2297	2297	135926
N	_ZN4Aska23SimpleMessageDispatcher11PostMessageEtPNS_7INotifyEPvS3_mmPja		685	685	41967
N	_ZN4Aska23SimpleMessageDispatcher13_WorkerThread12MessageReadyEv		0	0	6
N	_ZN4Aska23SimpleMessageDispatcher13_WorkerThread7HandlerEv		3959239	3970995	6
N	_ZN4Aska23SimpleMessageDispatcher18PostSyncMessageEndEtPiPNS_7INotifyEPvS4_Pja		635	635	40741
N	_ZN4Aska23SimpleMessageDispatcher18ResumeWorkerThreadEv		30	30	157227
N	_ZN4Aska23SimpleMessageDispatcher19SuspendWorkerThreadEv		4	4	157227
N	_ZN4Aska23SimpleMessageDispatcher21PostSyncMessageSingleEtPiPNS_7INotifyEPvS4_Pja		744	744	40744
N	_ZN4Aska24AppProjectDependentProxyC1Ev		0	0	77
N	_ZN4Aska24PostProcessBufferManager20PreliminarilyPrepareEPNS_12LightManagerE		0	0	39307
N	_ZN4Aska24PostProcessBufferManager21ProcessTextureDiscardEv		10	10	39306
N	_ZN4Aska24PostProcessBufferManager22ProcessTextureAllocateEv		7	7	39306
N	_ZN4Aska24PostProcessBufferManager24DoesInsertToPaintingListEPNS_16RenderableObject3IPLEiiPKi		30	30	39307
N	_ZN4Aska24RenderPassMultipassArray7GetPassEi		0	0	1223
N	_ZN4Aska25ObjectManagerWorkerThread7HandlerEv		655644	660871	1
N	_ZN4Aska26ArticulatedDynamicsManager8SimulateEfjf		1258	1265	87353
N	_ZN4Aska26ObjectManagerJobDispatcher10ChangeModeEi		1245	1245	78613
N	_ZN4Aska26ObjectManagerJobDispatcher5SleepEv		1131	1131	78613
N	_ZN4Aska27DynamicsForceEmitterManager15UpdateWorldWindEv		26	36	39303
N	_ZN4Aska27HierarchicalObjectContainer10MakeMatrixEv		44	44	93918
N	_ZN4Aska27HierarchicalObjectContainer10SwapParentEPS0_		0	0	681
N	_ZN4Aska27HierarchicalObjectContainer12OpenIteratorEv		12	12	39305
N	_ZN4Aska27HierarchicalObjectContainer13AddToIteratorEv		54	54	524272
N	_ZN4Aska27HierarchicalObjectContainer16DetachFromParentEv		0	0	1
N	_ZN4Aska27HierarchicalObjectContainer17IterateMakeMatrixEv		100	100	39305
N	_ZN4Aska28AppNetworkCommonSettingProxyC1Ev		0	0	3
N	_ZN4Aska2MT4RandEv		0	0	8192
N	_ZN4Aska30ArticulatedDynamicsManagerBase14SimulateNotify7HandlerEm		124	1366	87307
N	_ZN4Aska30ArticulatedDynamicsManagerBase5ScaleEfPNS_10AsfHandlerE		0	0	3
N	_ZN4Aska30ArticulatedDynamicsManagerBase8ConvergeEifi		0	21	48
N	_ZN4Aska30TAafControllerCompressionLayerINS_7AafTypeINS_26AafControlPoint_Normal_U24ELb0ELb0ELj0EEELb1ELb0EE13SetFigureRateEf		0	0	2406
N	_ZN4Aska30TAafControllerCompressionLayerINS_7AafTypeINS_26AafControlPoint_Normal_U24ELb0ELb0ELj1EEELb1ELb0EE13SetFigureRateEf		0	0	655
N	_ZN4Aska30TAafControllerCompressionLayerINS_7AafTypeINS_26AafControlPoint_Normal_U24ELb0ELb0ELj3EEELb1ELb0EE13SetFigureRateEf		0	0	102
N	_ZN4Aska30TAafControllerCompressionLayerINS_7AafTypeINS_26AafControlPoint_Vector_U24ELb0ELb0ELj0EEELb1ELb0EE13SetFigureRateEf		0	0	1766
N	_ZN4Aska30TAafControllerCompressionLayerINS_7AafTypeINS_27AafControlPoint_Vector4_U24ELb0ELb0ELj0EEELb1ELb0EE13SetFigureRateEf		0	0	963
N	_ZN4Aska30TAafControllerCompressionLayerINS_7AafTypeINS_31AafControlPoint_Normal_Step_U24ELb0ELb0ELj0EEELb1ELb0EE13SetFigureRateEf		0	0	162
N	_ZN4Aska30TAafControllerCompressionLayerINS_7AafTypeINS_31AafControlPoint_Normal_Step_U24ELb0ELb0ELj1EEELb1ELb0EE13SetFigureRateEf		0	0	2
N	_ZN4Aska30TAafControllerCompressionLayerINS_7AafTypeINS_31AafControlPoint_Normal_Step_U24ELb0ELb0ELj3EEELb1ELb0EE13SetFigureRateEf		0	0	128
N	_ZN4Aska30TAafControllerCompressionLayerINS_7AafTypeINS_31AafControlPoint_Vector_Step_U24ELb0ELb0ELj0EEELb1ELb0EE13SetFigureRateEf		0	0	1492
N	_ZN4Aska30TAafControllerCompressionLayerINS_7AafTypeINS_32AafControlPoint_Vector4_Step_U24ELb0ELb0ELj0EEELb1ELb0EE13SetFigureRateEf		0	0	552
N	_ZN4Aska30TAafControllerCompressionLayerINS_7AafTypeINS_33AafControlPoint_Normal_Linear_U24ELb0ELb0ELj0EEELb1ELb0EE13SetFigureRateEf		0	0	299
N	_ZN4Aska30TAafControllerCompressionLayerINS_7AafTypeINS_33AafControlPoint_Normal_Linear_U24ELb0ELb0ELj1EEELb1ELb0EE13SetFigureRateEf		0	0	40
N	_ZN4Aska30TAafControllerCompressionLayerINS_7AafTypeINS_33AafControlPoint_Normal_Linear_U24ELb0ELb0ELj3EEELb1ELb0EE13SetFigureRateEf		0	0	21
N	_ZN4Aska30TAafControllerCompressionLayerINS_7AafTypeINS_33AafControlPoint_Vector_Linear_U24ELb0ELb0ELj0EEELb1ELb0EE13SetFigureRateEf		0	0	438
N	_ZN4Aska30TAafControllerCompressionLayerINS_7AafTypeINS_34AafControlPoint_Vector4_Linear_U24ELb0ELb0ELj0EEELb1ELb0EE13SetFigureRateEf		0	0	635
N	_ZN4Aska30TAafControllerCompressionLayerINS_7AafTypeINS_40AafControlPoint_Quaternion_Linear_U48EX2ELb0ELb0ELj0EEELb1ELb0EE13SetFigureRateEf		0	0	10218
N	_ZN4Aska3AFF7AacUtil14GetBitRateTypeENS_12AACWAVFORMATE		0	0	2034
N	_ZN4Aska3AFF7AacUtil14IsAvailableAaoEPKvj		0	0	1017
N	_ZN4Aska3AFF7AacUtil8IsUseAmfEPKNS0_8AskaFileE		1	1	1017
N	_ZN4Aska3AFF7AifUtil14CreateImageKeyEmiiii		0	0	213
N	_ZN4Aska3AFF7AifUtil18CalcNumberOfImagesEiii		0	0	213
N	_ZN4Aska3Pad12EnableRumbleEb		0	0	1
N	_ZN4Aska3Pad17SetRepeatIntervalEh		0	0	2
N	_ZN4Aska3Pad18SetAnalogAsDigitalEb		0	0	2
N	_ZN4Aska3Pad18SetRepeatThresholdEh		0	0	2
N	_ZN4Aska3Pad9GetStatusEv		114	168	82715
N	_ZN4Aska4ACSV15DeserializeTextEPKvm		0	0	149
N	_ZN4Aska4ACSV4InitEmmNS0_9ExtensionE		0	1	149
N	_ZN4Aska4ACSV4TermEv		0	1	287
N	_ZN4Aska4ACSVC1Ev		0	0	149
N	_ZN4Aska4ACSVD1Ev		0	0	138
N	_ZN4Aska4ASON11DeserializeEPKvm		15	15	482
N	_ZN4Aska4ASON17DeserializeBinaryEPKvm		26	26	237
N	_ZN4Aska4ASON4InitEjb		1	2	719
N	_ZN4Aska4ASON6AValue4AMap4Get_EPKc		5	5	812661
N	_ZN4Aska4ASONC1Ev		0	0	725
N	_ZN4Aska4ASOND1Ev		0	1	719
N	_ZN4Aska4Algo6detail9QuickSortINS_14TArrayIteratorINS_13TDynamicArrayIPN9Framework5Cocos8Blending13tRenderResult12tRenderStateENS_10TAllocatorISA_EEEEEENS6_13tSortBlendingEEEvT_SG_T0_		8	8	29981
N	_ZN4Aska5Event4ExitEv		8	8	43776
N	_ZN4Aska5Event6CreateEbb		3	3	40974
N	_ZN4Aska5EventC1Ev		0	0	42124
N	_ZN4Aska5THashIN9Framework11CStringHash8tElementEE6SearchEPKv		0	0	24
N	_ZN4Aska5THashIN9Framework11CStringHash8tElementEE6SearchEPKvj		0	0	836
N	_ZN4Aska5THashINS_12ClassNameSetEE10IsRegistedEPKv		0	0	1
N	_ZN4Aska5THashINS_12ClassNameSetEE6RegistEPKv		0	0	103
N	_ZN4Aska5THashINS_12ParamNameSetEE6RegistEPKv		0	0	1104
N	_ZN4Aska5THashINS_18DecodeTextureQueue23DecodeTextureIdIteratorEE6RegistEPKvj		0	0	27
N	_ZN4Aska5THashINS_18DecodeTextureQueue23DecodeTextureIdIteratorEE6RemoveEPKvj		0	0	27
N	_ZN4Aska5THashINS_18DecodeTextureQueue23DecodeTextureIdIteratorEE6SearchEPKvj		0	0	54
N	_ZN4Aska5THashINS_19RelatedTextureIDSetEE6RegistEPKvj		0	0	27
N	_ZN4Aska5THashINS_20MappedMemoryRelationEE6RegistEPKv		1	1	552
N	_ZN4Aska5THashINS_20MappedMemoryRelationEE6RemoveEPKvj		0	0	394
N	_ZN4Aska5THashINS_20MappedMemoryRelationEE6SearchEPKvj		2	2	6130
N	_ZN4Aska5THashINS_7AsfNodeEE6SearchEPKvj		0	0	291
N	_ZN4Aska5THashINS_8AUIDNodeEE6RegistEPKvj		1	1	394
N	_ZN4Aska5THashINS_9TextureIDEE10IsRegistedEPKvj		0	0	1291
N	_ZN4Aska5THashINS_9TextureIDEE6RegistEPKvj		1	1	472
N	_ZN4Aska5VSync20InitializeForAndroidEv		18	18	1
N	_ZN4Aska5VSync9WaitVSyncEii		89	509830	39302
N	_ZN4Aska5Yayoi10DomainListC1Ev		0	0	10
N	_ZN4Aska5Yayoi10Downloader13ThreadHandlerEv		0	0	2
N	_ZN4Aska5Yayoi10Downloader14OrFlagDownloadEjh		0	0	2
N	_ZN4Aska5Yayoi10Downloader15DownloadElement5ResetEv		0	0	1
N	_ZN4Aska5Yayoi10Downloader4InitEii		0	0	1
N	_ZN4Aska5Yayoi10Downloader4StopEj		0	0	2
N	_ZN4Aska5Yayoi10Downloader7SetPathEPKc		0	0	1
N	_ZN4Aska5Yayoi10DownloaderC1Ev		0	0	1
N	_ZN4Aska5Yayoi12HttpProtocolC1Ev		0	0	7
N	_ZN4Aska5Yayoi12NetworkEvent10InitializeEtttttt		0	20	1
N	_ZN4Aska5Yayoi12NetworkEventC1Ev		21	21	1
N	_ZN4Aska5Yayoi12SQLiteDriver12EntityObject5FetchEv		0	0	354
N	_ZN4Aska5Yayoi12SQLiteDriver12EntityObject5StoreEP7sqlite3P12sqlite3_stmt		0	4	3
N	_ZN4Aska5Yayoi12SQLiteDriver12EntityObject7GetTypeEim		0	0	352
N	_ZN4Aska5Yayoi12SQLiteDriver12EntityObject9GetStringEiPcPmm		0	0	352
N	_ZN4Aska5Yayoi12SQLiteDriver12EntityObject9SerializeEPl		0	0	1
N	_ZN4Aska5Yayoi12SQLiteDriver12EntityObjectC1Ev		0	0	3
N	_ZN4Aska5Yayoi12SQLiteDriver12EntityObjectD1Ev		0	0	3
N	_ZN4Aska5Yayoi12SQLiteDriver4FindEPKcPKNS0_10QueryParamEmPNS1_12EntityObjectE		0	4	3
N	_ZN4Aska5Yayoi12SQLiteDriver4OpenEPNS0_14IDriverSettingIS1_EE		0	0	2
N	_ZN4Aska5Yayoi12SQLiteDriver5CloseEv		0	1	1
N	_ZN4Aska5Yayoi12SQLiteDriver6DoOpenENS0_6Entity4ModeEPKcPKNS0_9DBAddressE		0	0	422
N	_ZN4Aska5Yayoi12SQLiteDriver7ExecuteEPKcPKNS0_10QueryParamEm		0	399	360
N	_ZN4Aska5Yayoi12SQLiteDriver8RollbackEv		0	0	1
N	_ZN4Aska5Yayoi12SQLiteDriver8_ExecuteEPKcPKNS0_10QueryParamEmPNS1_12EntityObjectE		1	399	363
N	_ZN4Aska5Yayoi12SQLiteDriver8_PrepareEPKcPi		1	159	363
N	_ZN4Aska5Yayoi12SQLiteDriverC1Ev		0	0	2
N	_ZN4Aska5Yayoi12SQLiteDriverD1Ev		0	0	1
N	_ZN4Aska5Yayoi13CookieManagerC1Ev		0	0	1
N	_ZN4Aska5Yayoi13NetworkBufferC1Ev		0	0	2
N	_ZN4Aska5Yayoi13PaymentClientC1Ev		0	0	1
N	_ZN4Aska5Yayoi14NetworkManager17InitializeThreadsEv		1	43	1
N	_ZN4Aska5Yayoi14NetworkManager20RegisterNetworkEventElPNS0_12NetworkEventE		0	0	1
N	_ZN4Aska5Yayoi14PaymentProduct10DetailInfo5ResetEv		0	0	3
N	_ZN4Aska5Yayoi14PaymentProduct8BaseInfo5ResetEv		0	0	3
N	_ZN4Aska5Yayoi14PaymentReceiptC1Ev		0	0	3
N	_ZN4Aska5Yayoi16NativeHttpClientC1Ev		0	0	64
N	_ZN4Aska5Yayoi16NetworkAllocator3SetEPNS_13MemoryManagerEb		0	0	1
N	_ZN4Aska5Yayoi20NetworkManagerThread4InitEv		0	42	1
N	_ZN4Aska5Yayoi20NetworkManagerThread7HandlerEv		20	661878	1
N	_ZN4Aska5Yayoi21TransportProtocolBaseC2Ev		0	0	1
N	_ZN4Aska5Yayoi22MultiplayInterpolation4InitEmm		0	0	8
N	_ZN4Aska5Yayoi22MultiplayInterpolation4TermEv		0	0	14
N	_ZN4Aska5Yayoi22MultiplayInterpolationC2Ev		0	0	8
N	_ZN4Aska5Yayoi26NativeHttpRequestProcessor10InitializeEv		0	0	2
N	_ZN4Aska5Yayoi26NativeHttpRequestProcessorC1Ev		0	1	2
N	_ZN4Aska5Yayoi3TCPC1Ev		0	0	1
N	_ZN4Aska5Yayoi5TPeerINS0_3TCPENS0_14TProtocolSuiteINS0_7GameRPC12GameProtocolENS0_10NoProtocolILi1EEENS6_ILi2EEEEELb1EEC2Ev		0	4	1
N	_ZN4Aska5Yayoi6SocketC1Ev		0	0	1
N	_ZN4Aska5Yayoi8DNSCacheC1Ev		0	0	1
N	_ZN4Aska5Yayoi9IPAddressC1Ev		0	0	8
N	_ZN4Aska6Camera10MakeMatrixEv		49	378	39303
N	_ZN4Aska6Camera13DefaultCommonEv		0	33	26
N	_ZN4Aska6Camera14AdjustCameraEVEv		0	20	26
N	_ZN4Aska6Camera14SetWorldMatrixEPKNS_6MatrixE		14	15	10298
N	_ZN4Aska6Camera16MakeCameraMatrixEv		299	591	471146
N	_ZN4Aska6Camera20MakeViewFrustumPlaneEi		214	214	81428
N	_ZN4Aska6Camera22CloneOpticalPhenomenonEv		0	3	7
N	_ZN4Aska6Camera3RunEi		117	165	101420
N	_ZN4Aska6Camera7DefaultEv		0	36	16
N	_ZN4Aska6Camera9CloneLensEv		0	1	7
N	_ZN4Aska6CameraC1Ev		0	0	9
N	_ZN4Aska6CameraD0Ev		0	0	14
N	_ZN4Aska6CameraD1Ev		0	0	14
N	_ZN4Aska6Global10GetCPUTimeEv		32	32	262763
N	_ZN4Aska6Global12GetActivePadEv		0	0	78596
N	_ZN4Aska6Global12MakeTempPathEPcjPKc		18	18	2
N	_ZN4Aska6Global13GetPeripheralEi		4	4	157195
N	_ZN4Aska6Global15DeleteEndNotify7HandlerEm		219	322	39302
N	_ZN4Aska6Global15GetExPeripheralEi		0	0	78596
N	_ZN4Aska6Global15MakeStoragePathEPcjPKc		0	0	2
N	_ZN4Aska6Global16InstantiateVSyncEv		0	0	1
N	_ZN4Aska6Global17InstantiateLoggerEv		0	0	1
N	_ZN4Aska6Global18MakeShaderReadPathEPcjPKc		0	0	1
N	_ZN4Aska6Global18RegisterPeripheralEiPNS_14BasePeripheralE		0	0	1
N	_ZN4Aska6Global19InstantiateLocalKVSEv		0	1	1
N	_ZN4Aska6Global19MakeShaderWritePathEPcjPKc		0	0	2
N	_ZN4Aska6Global20InstantiateEventPoolEi		0	0	1
N	_ZN4Aska6Global20RegisterExPeripheralEiPNS_14BasePeripheralE		0	0	1
N	_ZN4Aska6Global21SetRenderLayerChooserEPNS_19IRenderLayerChooserE		0	0	1
N	_ZN4Aska6Global22InstantiateFrameBufferEv		0	0	1
N	_ZN4Aska6Global22InstantiateLIBLManagerEv		0	32	1
N	_ZN4Aska6Global23InitializeDeleteManagerEv		0	0	1
N	_ZN4Aska6Global23InitializeThreadManagerEv		0	0	1
N	_ZN4Aska6Global23InstantiateLightManagerEv		0	1	1
N	_ZN4Aska6Global23InstantiateMappingQueueEv		0	1	1
N	_ZN4Aska6Global23InstantiateSoundManagerEv		0	18	1
N	_ZN4Aska6Global23InstantiateVideoManagerEv		0	240	1
N	_ZN4Aska6Global24InstantiateCameraManagerEv		0	0	1
N	_ZN4Aska6Global24InstantiateObjectManagerEv		0	30	1
N	_ZN4Aska6Global25GetAvailableMemoryManagerEv		0	0	3044
N	_ZN4Aska6Global25InstantiateNetworkManagerEv		0	0	1
N	_ZN4Aska6Global25InstantiateTextureManagerEv		0	1	1
N	_ZN4Aska6Global26InstantiateDecompressQueueEv		0	1	1
N	_ZN4Aska6Global26InstantiateDynamicsManagerEv		0	0	1
N	_ZN4Aska6Global26InstantiateFileReadManagerEv		0	2	1
N	_ZN4Aska6Global26InstantiateHostMachineListEv		0	0	1
N	_ZN4Aska6Global26InstantiateModifierManagerEv		0	0	1
N	_ZN4Aska6Global26InstantiateOccluderManagerEv		0	0	1
N	_ZN4Aska6Global26InstantiateParticleManagerEv		0	0	1
N	_ZN4Aska6Global26InstantiateRenderStatePoolEv		0	0	1
N	_ZN4Aska6Global27InitializePeripheralManagerEv		0	0	1
N	_ZN4Aska6Global27InstantiateNetworkAllocatorEv		0	0	1
N	_ZN4Aska6Global27InstantiateProjectorManagerEv		0	0	1
N	_ZN4Aska6Global27InstantiateRigidBodyManagerEv		0	4	1
N	_ZN4Aska6Global28InstantiateMessageDispatcherEv		0	1	1
N	_ZN4Aska6Global28InstantiateOpticalPhenomenonEv		0	0	1
N	_ZN4Aska6Global28InstantiatePeripheralManagerEv		0	0	1
N	_ZN4Aska6Global28InstantiateShaderLinkManagerEv		0	1	1
N	_ZN4Aska6Global29InstantiateDecodeTextureQueueEv		0	22	1
N	_ZN4Aska6Global29InstantiatePerformanceCounterEv		0	0	1
N	_ZN4Aska6Global29InstantiateRenderLayerChooserEv		0	0	1
N	_ZN4Aska6Global29InstantiateRenderStateManagerEv		0	0	1
N	_ZN4Aska6Global29InstantiateResourceReadyQueueEv		0	2	1
N	_ZN4Aska6Global30InstantiateMappedMemoryManagerEv		0	1	1
N	_ZN4Aska6Global30InstantiateMeshGeometryManagerEv		0	0	1
N	_ZN4Aska6Global30InstantiateRenderTargetManagerEv		0	0	1
N	_ZN4Aska6Global31InstantiateDecodeTextureManagerEv		0	0	1
N	_ZN4Aska6Global31InstantiateMeshGeneratorManagerEv		0	0	1
N	_ZN4Aska6Global32InstantiateGeneralMessageHandlerEv		0	1	1
N	_ZN4Aska6Global32InstantiateSystemCallbackManagerEv		0	0	1
N	_ZN4Aska6Global35InitializeSystemCallbackManagerTaskEv		0	0	1
N	_ZN4Aska6Global35InstantiateShaderConstantBufferPoolEv		0	0	1
N	_ZN4Aska6Global36InstantiateDynamicsPrimitiveListPoolEv		0	0	1
N	_ZN4Aska6Global37InstantiateObjectManagerJobDispatcherEv		0	1	1
N	_ZN4Aska6Global7InitAllEv		26	556	1
N	_ZN4Aska6Global8PostInitEv		0	0	1
N	_ZN4Aska6Matrix11MulFromLeftEPKS0_		3	3	1993902
N	_ZN4Aska6Matrix11SetRotationEPKNS_6VectorE14EnumRotateType		1	1	21364
N	_ZN4Aska6Matrix12SetTranslateEPKNS_6VectorE		2	2	79257
N	_ZN4Aska6Matrix19SetLookAtMatrixZPUpEPKNS_6VectorES3_S3_f		23	23	79257
N	_ZN4Aska6Matrix3MulEPKS0_		1	1	185335
N	_ZN4Aska6Matrix3MulEPKS0_S2_		0	0	41408
N	_ZN4Aska6Matrix5ScaleEPKNS_6VectorE		0	0	7449
N	_ZN4Aska6Matrix6CreateEPKNS_10QuaternionE		1	1	45039
N	_ZN4Aska6Matrix6CreateEPKNS_10QuaternionEPKNS_6VectorE		0	0	8043
N	_ZN4Aska6Matrix6RotateEPKNS_10QuaternionE		0	0	1
N	_ZN4Aska6Matrix9TranslateEPKNS_6VectorE		0	0	7449
N	_ZN4Aska6RandomEii		0	0	45
N	_ZN4Aska6RandomEj		0	0	1980
N	_ZN4Aska6RandomEv		0	0	7040
N	_ZN4Aska6Vector11ApplyMatrixEPKNS_6MatrixE		1	1	245408
N	_ZN4Aska6Vector15ApplyQuaternionEPKNS_10QuaternionE		0	0	2
N	_ZN4Aska6Vector22ApplyMatrixNoTransportEPKNS_6MatrixE		0	0	83580
N	_ZN4Aska7AskaOGG10DecodeInitEjj		19	20	117
N	_ZN4Aska7AskaOGG13DecodeContextD1Ev		5	5	1016
N	_ZN4Aska7AskaOGG16InitializeMemoryEv		0	0	1
N	_ZN4Aska7AskaOGGC1Ev		0	0	1017
N	_ZN4Aska7GPUSync6NotifyEv		98	102	39303
N	_ZN4Aska7SLVoice11CreateVoiceEPNS_4IBusEPKvPNS_16MultiMediaStreamEPKNS_16PackedPlayParamsE		77	216	1017
N	_ZN4Aska7SLVoice11DeleteVoiceEv		1	16	1016
N	_ZN4Aska7SLVoice15UpdatePitchbendEv		0	0	3051
N	_ZN4Aska7SLVoice16SLPlayerCallbackEPKPK30SLAndroidSimpleBufferQueueItf_Pv		0	0	23920
N	_ZN4Aska7SLVoice18UpdateVolumeMatrixEv		42	42	35654
N	_ZN4Aska7SLVoice4PlayEv		19	19	1017
N	_ZN4Aska7SLVoice4StopEv		3	3	1016
N	_ZN4Aska7SLVoice9AudioKickEv		29	97	105207
N	_ZN4Aska7SLVoiceC1Ev		29	30	1017
N	_ZN4Aska7SLVoiceD1Ev		0	6	1016
N	_ZN4Aska8Cryption9TChaCha20ILb0EE15CreateKeyStreamEv		0	0	709
N	_ZN4Aska8JpegUtil12GetPlaneInfoEPjS1_S1_S1_S1_PKvm		0	0	27
N	_ZN4Aska8JpegUtil15DecodeQuantCoefEPfPsPKvm		114	114	27
N	_ZN4Aska8JpegUtil7GetInfoEPjS1_PNS0_10ColorSpaceEPbS4_PKvm		0	0	27
N	_ZN4Aska8THashMapIPKciNS_5Yayoi12SQLiteDriver12EntityObject12StringHasherENS5_13StringEqualToENS_10TAllocatorINS_5TPairIKS2_iEEEEE7Insert_ERKSB_		0	2	12
N	_ZN4Aska8THashMapIPKciNS_5Yayoi12SQLiteDriver12EntityObject12StringHasherENS5_13StringEqualToENS_10TAllocatorINS_5TPairIKS2_iEEEEE7Rehash_Em		0	2	1
N	_ZN4Aska8THashMapIPKciNS_5Yayoi12SQLiteDriver12EntityObject12StringHasherENS5_13StringEqualToENS_10TAllocatorINS_5TPairIKS2_iEEEEE8Emplace_ERSA_		0	2	23
N	_ZN4Aska8THashMapIjN9Framework13TStaticStringILm256EEENS_7THasherIjEENS_8TEqualToIjEENS_10TAllocatorINS_5TPairIKjS3_EEEEE7Rehash_Em		0	1	2
N	_ZN4Aska8THashMapIjN9Framework13TStaticStringILm256EEENS_7THasherIjEENS_8TEqualToIjEENS_10TAllocatorINS_5TPairIKjS3_EEEEEixERSA_		0	1	2503
N	_ZN4Aska8THashMapIjbNS_7THasherIjEENS_8TEqualToIjEENS_10TAllocatorINS_5TPairIKjbEEEEE7Rehash_Em		0	0	4
N	_ZN4Aska8THashMapIjmNS_7THasherIjEENS_8TEqualToIjEENS_10TAllocatorINS_5TPairIKjmEEEEEixERS7_		1	1	586
N	_ZN4Aska8THashMapIlPNS_5Yayoi12NetworkEventENS_7THasherIlEENS_8TEqualToIlEENS_10TAllocatorINS_5TPairIKlS3_EEEEEixERSA_		0	0	1
N	_ZN4Aska8THashMapImbNS_7THasherImEENS_8TEqualToImEENS_10TAllocatorINS_5TPairIKmbEEEEE7Rehash_Em		33	52	9188
N	_ZN4Aska9AofObject12SetColorRateEPKNS_6VectorE		31	31	243544
N	_ZN4Aska9AofObject14GetBoundingBoxEb		0	0	478383
N	_ZN4Aska9AofObject14SetColorOffsetEPKNS_6VectorE		9	9	164070
N	_ZN4Aska9AofObject16RenderingDecidedEv		723	807	652388
N	_ZN4Aska9AofObject16SetRenderLayerIDEh		0	0	292
N	_ZN4Aska9AofObject18SetSystemColorRateEPKNS_6VectorE		3	3	175923
N	_ZN4Aska9AofObject19CheckRenderContextsEv		54	54	851631
N	_ZN4Aska9AofObject19PrepareForRenderingEPKNS_10RENDERINFOE		1087	2086	669982
N	_ZN4Aska9AofObject19PrepareLightContextEPNS_12LightManagerE		218	430	224344
N	_ZN4Aska9AofObject20PreliminarilyPrepareEPNS_12LightManagerE		49	49	481043
N	_ZN4Aska9AofObject20SetSystemColorOffsetEPKNS_6VectorE		0	0	49
N	_ZN4Aska9AofObject21ComputeBoundingSphereEb		105	105	509604
N	_ZN4Aska9AofObject21GetShadowManagerIndexEi		13	14	207412
N	_ZN4Aska9AofObject21SetShadowManagerIndexEim		7	7	207412
N	_ZN4Aska9AofObject26ResetDynamicShaderModifierEv		396	396	1921085
N	_ZN4Aska9AofObject27SetProgrammableTransparencyENS_16RenderableObject9ProgTransE		7	7	178850
N	_ZN4Aska9AofObject3RunEi		45	63	115970
N	_ZN4Aska9AofObject6RenderEPNS_13RenderContextEi		0	3	1
N	_ZN4Aska9AofObjectD0Ev		1	19	1467
N	_ZN4Aska9Collision9IntersectEPKNS_11AABB_MinMaxEPKNS_3RayE		3	3	40744
N	_ZN4Aska9Collision9IntersectEPKNS_4AABBEPKNS_3RayE		0	0	40744
N	_ZN4Aska9Projector17SetShaderConstantEPNS_21ShaderConstantManagerEi		45	91	269437
N	_ZN4Aska9Semaphore4ExitEv		4	4	6264
N	_ZN4Aska9Semaphore6CreateEii		8	8	6407
N	_ZN4Aska9SemaphoreC1Ev		0	0	6407
N	_ZN4Aska9SemaphoreD1Ev		0	0	6264
N	_ZN4Aska9TPoolFastIA90_hLb1EE10SecurePoolEjPS1_		0	0	1
N	_ZN4Aska9TPoolFastIA90_hLb1EE4SinkEPS1_i		2	2	5718
N	_ZN4Aska9TPoolFastIA90_hLb1EE5ScoopEi		0	0	5791
N	_ZN4Aska9TPoolFastINS_11IndexBufferELb1EE10SecurePoolEjPS1_		0	0	1
N	_ZN4Aska9TPoolFastINS_11IndexBufferELb1EE4SinkEPS1_		0	0	1840
N	_ZN4Aska9TPoolFastINS_11IndexBufferELb1EE5ScoopEv		1	1	1898
N	_ZN4Aska9TPoolFastINS_11RenderState9StatePackELb0EE10SecurePoolEjPS2_		0	0	1
N	_ZN4Aska9TPoolFastINS_11RenderState9StatePackELb0EE5ScoopEi		2	2	5040
N	_ZN4Aska9TPoolFastINS_12VertexBufferELb1EE10SecurePoolEjPS1_		0	0	1
N	_ZN4Aska9TPoolFastINS_12VertexBufferELb1EE4SinkEPS1_		0	0	1876
N	_ZN4Aska9TPoolFastINS_12VertexBufferELb1EE5ScoopEv		1	1	2285
N	_ZN4Aska9TPoolFastINS_14NotifierThread13NotifyElementELb0EE10SecurePoolEjPS2_		0	0	3
N	_ZN4Aska9TPoolFastINS_15_RenderDeviceGL17TextureStateCacheELb0EE10SecurePoolEjPS2_		0	0	1
N	_ZN4Aska9TPoolFastINS_17RenderManagerBase11TempSurfaceELb0EE10SecurePoolEjPS2_		0	0	1
N	_ZN4Aska9TPoolFastINS_24DynamicsPrimitiveElementELb1EE11ReleasePoolEv		0	0	1
N	_ZN4Aska9TPoolFastINS_5EventELb0EE10SecurePoolEjPS1_		0	0	1
N	_ZN4Aska9TPoolFastINS_6VectorELb0EE10SecurePoolEjPS1_		0	0	1
N	_ZN4Aska9TPoolFastINS_6VectorELb0EE5ScoopEi		1	1	2686
N	_ZN4Aska9TPoolFastINS_9ConstInfoELb0EE10SecurePoolEjPS1_		0	0	1
N	_ZN5CGame12OnInitializeEv		3	192	1
N	_ZN6CArena10InitializeEv		0	20	2
N	_ZN6CArena10LoadEffectEjP19CArenaEffectManagerb		1	4	113
N	_ZN6CArena10PlayEffectEjRKN9Framework14CEffectManager10tArgumentsEP19CArenaEffectManager		8	113	758
N	_ZN6CArena10StopEffectEjP19CArenaEffectManager		0	1	291
N	_ZN6CArena10rUIManagerEv		0	0	76610
N	_ZN6CArena11FinishOrderEv		0	0	2
N	_ZN6CArena11rMapManagerEv		0	0	22
N	_ZN6CArena12IsStopEffectEjP19CArenaEffectManager		11	18	1390
N	_ZN6CArena12RemoveEffectEjP19CArenaEffectManager		0	9	77
N	_ZN6CArena12rArenaCameraEv		0	0	555
N	_ZN6CArena12rTimeElementEv		1	1	21479
N	_ZN6CArena13IsReadyEffectEjP19CArenaEffectManager		3	5	466
N	_ZN6CArena13rPartyManagerEv		2	2	751972
N	_ZN6CArena14GetEffectModelEjP19CArenaEffectManager		44	138	56533
N	_ZN6CArena14LoadEffectFileEjP19CArenaEffectManagerb		2	58	67
N	_ZN6CArena14rBattleManagerEv		2	2	162409
N	_ZN6CArena14rEffectManagerEv		0	0	105
N	_ZN6CArena15CheckFootRandomERKNSt6__ndk112basic_stringIcNS0_11char_traitsIcEEN9Framework13CSTLAllocatorIcNS4_22CSTLStringAllocatorInfEEEEEb		1	1	521
N	_ZN6CArena15PlayCharacterSEEPK16CCharacterObjectPKciRKN9Framework7CVectorEbb		3	95	654
N	_ZN6CArena15rCollisionFieldEv		0	0	10
N	_ZN6CArena16ReleaseOldEffectEji		0	0	38
N	_ZN6CArena16RemoveEffectFileEjP19CArenaEffectManager		1	2	67
N	_ZN6CArena18PlayBattleCommonSEEiiPKN9Framework7CVectorEj		0	45	143
N	_ZN6CArena18PlayCharacterVoiceEPK16CCharacterObjectPKcibb		0	10	28
N	_ZN6CArena18PlayCharacterVoiceEPK16CCharacterObjectibb		1	11	28
N	_ZN6CArena18rOrderGaugeManagerEv		1	1	19940
N	_ZN6CArena19CreateCommonTextureEv		0	3	2
N	_ZN6CArena20LoadResidentResourceEv		0	16	2
N	_ZN6CArena21rSceneObjectContainerEv		5	5	409147
N	_ZN6CArena23ReleaseResidentResourceEv		0	1	1
N	_ZN6CArena25rAttackCollisionContainerEv		0	0	157
N	_ZN6CArena39rSceneObjectContainerForEffectContainerEv		0	0	728
N	_ZN6CArena6PlaySEERKNS_12tSEParameterE		0	26	110
N	_ZN6CArena7PlayBGMEPKcf		0	2	3
N	_ZN6CArena7ReleaseEv		0	13	1
N	_ZN6CArena8ProgressEv		744	23625	11623
N	_ZN6CArenaC1Ev		0	2	2
N	_ZN6CArenaD1Ev		0	13	1
N	_ZN6CPhase20ClearRestoreShortcutEv		0	0	1
N	_ZN6CPhase5CBase15IsEnableReleaseEv		0	0	31
N	_ZN6CPhase8ProgressEv		129	946	39302
N	_ZN6CTitle11DemandInputEv		0	0	1
N	_ZN6CTitle11RefundInputEv		0	0	2
N	_ZN6CTitle12TitleFadeOutEf		0	1	1
N	_ZN6CTitle14PlayTapToStartEv		0	0	1
N	_ZN6CTitle23Progress_Release_ClientEv		0	0	4
N	_ZN6CTitle8ProgressEv		5	66	1210
N	_ZN6CTitle9StartGameEv		0	2	1
N	_ZN6CTitle9ToReleaseEv		0	1	1
N	_ZN7CBattle10InputResetEv		0	0	160
N	_ZN7CBattle14GetHoldSkillIDEv		0	0	10291
N	_ZN7CBattle16UpdateOrderGauseEv		0	0	18
N	_ZN7CBattle17ResetChangeTargetEv		0	0	5
N	_ZN7CBattle6UpdateEv		23	606	9948
N	_ZN7CBattle8ProgressEv		13	37	10421
N	_ZN8CWebView8OpenViewENS_8ViewTypeENSt6__ndk18functionIFvvEEEb		0	401	1
N	_ZN8StringDB3GetEPKcPb		3	625	1196
N	_ZN8StringDB7GetListERN9Framework16CSTLUnorderedMapIj16StringDBEelementNSt6__ndk14hashIjEENS3_8equal_toIjEEEERKNS0_10CSTLVectorINS3_12basic_stringIcNS3_11char_traitsIcEENS0_13CSTLAllocatorIcNS0_22CSTLStringAllocatorInfEEEEEEE		0	9	2
N	_ZN8playcore11TaskManager11GetInstanceENSt6__ndk110shared_ptrINS_9JniHelperEEE		0	0	1
N	_ZN8playcore13JniHelperImpl10InitializeEP8_jobject		20	20	1
N	_ZN8playcore15StateHelperImpl10InitializeEv		0	0	1
N	_ZN8playcore15TaskManagerImpl10InitializeEv		0	0	1
N	_ZN8playcore15TaskManagerImpl18HandleTaskCompleteEP7_JNIEnviP8_jobjecti		21	60	2
N	_ZN8playcore16AssetPackManager10InitializeEP8_jobject		0	1	1
N	_ZN8playcore16AssetPackManager11GetInstanceEv		0	0	30
N	_ZN8playcore16AssetPackManager11RequestInfoEPPKcm		0	2	1
N	_ZN8playcore16AssetPackManager14UpdateStateMapERKNSt6__ndk16vectorINS1_12basic_stringIcNS1_11char_traitsIcEENS1_9allocatorIcEEEENS6_IS8_EEEE23AssetPackDownloadStatus18AssetPackErrorCodeb		0	1	2
N	_ZN8playcore16AssetPackManager15RequestDownloadEPPKcm		0	0	1
N	_ZN8playcore16AssetPackManager16GetDownloadStateEPKcPP23AssetPackDownloadState_		0	0	4
N	_ZN8playcore16AssetPackManager16MakeAsyncRequestEPPKcmP10_jmethodID23AssetPackDownloadStatusS6_		0	2	2
N	_ZN8playcore16AssetPackManager17GetLocationHelperEv		0	0	4
N	_ZN8playcore16AssetPackManager20DestroyDownloadStateEP23AssetPackDownloadState_		0	0	4
N	_ZN8playcore16AssetPackManager20UpdateStatesFromJavaEP8_jobject		19	39	2
N	_ZN8playcore16AssetPackManager24GetMutableLocationHelperEv		0	0	2
N	_ZN8playcore16AssetPackManager4InitEP7_JavaVMP8_jobject		0	40	1
N	_ZN8playcore16CollectionHelper14CreateInstanceENSt6__ndk110shared_ptrINS_9JniHelperEEE		0	19	1
N	_ZN8playcore18LocationHelperImpl10InitializeEv		0	0	1
N	_ZN8playcore18LocationHelperImpl15DestroyLocationEP18AssetPackLocation_		0	0	2
N	_ZN8playcore20CollectionHelperImplC1ENSt6__ndk110shared_ptrINS_9JniHelperEEE		0	19	1
N	_ZN8playcore9JniHelper11GetInstanceEP7_JavaVMP8_jobject		0	20	1
N	_ZN9Collision15CCollisionField12AddCollisionEPNS_19CCollisionContainerE		0	0	11
N	_ZN9Collision15CCollisionField15RemoveCollisionEPNS_19CCollisionContainerE		0	2	11
N	_ZN9Collision15CCollisionField16RegisterCallbackEPKNS_19CCollisionContainerERKNSt6__ndk18functionIFNS_24eCollisionCallbackResultERKNS_13stCollideInfoEiEEE		0	0	10
N	_ZN9Collision15CCollisionField30DetectCollidablesByShapeFilterERN9Framework10CSTLVectorINS_13stCollideInfoEEEPKNS_19CCollisionContainerES8_		410	519	47467
N	_ZN9Collision15CCollisionField31DetectCollidablesByObjectFilterERN9Framework10CSTLVectorIPKNS_19CCollisionContainerEEES5_		7	7	47467
N	_ZN9Collision18CCollisionShapeAcf9AttachAsfEPN4Aska10AsfHandlerE		0	1	8
N	_ZN9Collision18CCollisionShapeAcfC1EPKv		0	1	8
N	_ZN9Collision19CCollisionContainer10AddToFieldEPNS_15CCollisionFieldE		1	1	11
N	_ZN9Collision19CCollisionContainer10ClearShapeEv		0	0	6
N	_ZN9Collision19CCollisionContainer11SetCallbackERKNSt6__ndk18functionIFNS_24eCollisionCallbackResultERKNS_13stCollideInfoEiEEE		0	0	10
N	_ZN9Collision19CCollisionContainer12UpdateShapesEf		152	162	57846
N	_ZN9Collision19CCollisionContainer14ClearShapeBodyEj		0	0	39
N	_ZN9Collision19CCollisionContainer15RemoveFromFieldEv		0	2	15
N	_ZN9Collision19CCollisionContainer3BoxERK35AttackCollisionElement_BaseArgumentRKN9Framework7CMatrixERKNS4_7CVectorEPN4Aska18HierarchicalObjectE		0	0	40
N	_ZN9Collision19CCollisionContainer7CapsuleERK35AttackCollisionElement_BaseArgumentRKN9Framework7CMatrixEffPN4Aska18HierarchicalObjectE		1	3	71
N	_ZN9Collision19CCollisionContainer8AddShapeEjPNS_19CCollisionShapeBaseEj		0	0	121
N	_ZN9Collision4Math20CalcLength_LinePointERKN9Framework7CVectorES4_S4_PS2_		1	1	1633
N	_ZN9Framework10CCollision11IsIntersectERKNS_7CSphereERKNS_8CSegmentEfRNS_7CVectorE		0	0	66
N	_ZN9Framework10CCollision11IsIntersectERKNS_7CSphereES3_RNS_7CVectorE		7	7	97489
N	_ZN9Framework10CCollision11IsIntersectERKNS_8CSegmentEfS3_fRNS_7CVectorE		0	0	75
N	_ZN9Framework10CFiberUnit7DestroyEb		0	0	2
N	_ZN9Framework10CPadReader3RunEi		50	54	39299
N	_ZN9Framework11CStringHash8tElement7CompareEPKv		1	1	4368
N	_ZN9Framework11CTouchPanel8ProgressEf		67	70	39299
N	_ZN9Framework12CApplication9CMainTask3RunEi		222	41779	39304
N	_ZN9Framework12CEffectModel11StopEmitterEv		0	0	19
N	_ZN9Framework12CEffectModel15AfterInitializeEv		0	3	237
N	_ZN9Framework12CEffectModel20NotProgrammableZmodeEv		0	0	2927
N	_ZN9Framework12CEffectModel21DeleteParticleEmitterEv		2	2	675
N	_ZN9Framework12CEffectModel33StartEffectAnimationByAafFileNameEPKcbbfRKNS_7CMatrixEf		2	92	677
N	_ZN9Framework12CEffectModel4StopEv		8	25	675
N	_ZN9Framework12CEffectModel6FadeinEf		0	0	2
N	_ZN9Framework12CEffectModel6HandleEj		0	0	677
N	_ZN9Framework12CEffectModel7FadeoutEfbb		0	0	52
N	_ZN9Framework12CEffectModel9CheckStopEf		81	81	80111
N	_ZN9Framework12CEffectModelC1Ev		0	1	237
N	_ZN9Framework12CEffectModelD1Ev		0	3	236
N	_ZN9Framework12CFiberKernel10InitializeEv		0	0	1
N	_ZN9Framework12CFiberKernel14CreateSubFiberEPNS_10CFiberUnitE		0	0	23
N	_ZN9Framework12CFiberKernel6AttachEPNS_10CFiberUnitE		0	0	23
N	_ZN9Framework12CFiberKernel7DestroyEPNS_10CFiberUnitE		0	0	2
N	_ZN9Framework12CFiberKernel8ProgressEv		390	35075	39299
N	_ZN9Framework12CTimeElement10InitializeEv		0	0	2
N	_ZN9Framework12CTimeElement16DetachFromParentEv		0	0	290
N	_ZN9Framework12CTimeElement17IsLockTimeElementEb		3	3	97350
N	_ZN9Framework12CTimeElement3AddEf		104	104	39298
N	_ZN9Framework12CTimeElement4RateEf		0	0	33
N	_ZN9Framework12CTimeElement8AddChildEPS0_		0	0	191
N	_ZN9Framework12CTimeElementC1Ev		0	0	370
N	_ZN9Framework12CTimeElementD1Ev		0	1	356
N	_ZN9Framework13CSoundManager12CManageFiber8ProgressEv		411	435	157180
N	_ZN9Framework13CSoundManager12PlayMemorySEEPKvmRKNS_6CSound10tArgumentsEPKc		1	55	1006
N	_ZN9Framework13CSoundManager4StopEmf		1	3	930
N	_ZN9Framework13CSoundManager6StopSEEf		0	0	3
N	_ZN9Framework13CSoundManager7PlayBGMEPKcRKNS_6CSound10tArgumentsE		0	3	11
N	_ZN9Framework14CEffectManager13AddDirectFileEPKcS2_jjbj		2	2	96
N	_ZN9Framework14CEffectManager15StartDirectFileEjPKcRKNS0_10tArgumentsEPPNS_12CEffectModelE		4	97	758
N	_ZN9Framework14CEffectManager16rResourceManagerEv		0	0	268
N	_ZN9Framework14CEffectManager43AttachFactoryMethodToInstantiateEffectModelEPNS0_38IFactoryMethodToInstantiateEffectModelE		0	0	41
N	_ZN9Framework14CEffectManager6CPiece11pReadyModelEv		0	0	758
N	_ZN9Framework14CEffectManager6CPiece20InitializeDirectFileEPKcS3_jjbj		0	0	96
N	_ZN9Framework14CEffectManager6CPieceC2ERKS1_		0	0	96
N	_ZN9Framework14CEffectManager6CPieceD1Ev		1	1	95
N	_ZN9Framework14CEffectManager6RemoveEj		0	9	77
N	_ZN9Framework14CEffectManager7ReleaseEv		0	3	41
N	_ZN9Framework14CEffectManager8IsSafetyEv		2	16	730
N	_ZN9Framework14CEffectManager8ProgressEf		115	1265	6012
N	_ZN9Framework14CEffectManagerD1Ev		0	0	40
N	_ZN9Framework15CAnimationModel10InitializeEv		0	0	245
N	_ZN9Framework15CAnimationModel11pObjectRootEv		0	0	2722
N	_ZN9Framework15CAnimationModel13UpdatePostureERKNS_7CMatrixE		98	236	57207
N	_ZN9Framework15CAnimationModel14AssignResourceERN4Aska10AsfHandlerERNS_24CAnimationBlendContainerE		0	0	245
N	_ZN9Framework15CAnimationModel14StartAnimationEifb		2	5	673
N	_ZN9Framework15CAnimationModel16GetVelocityByAetEf		107	129	48524
N	_ZN9Framework15CAnimationModel16InvalidateMatrixEPN4Aska18HierarchicalObjectE		112	137	57207
N	_ZN9Framework15CAnimationModel16TerminateProcessEj		0	0	2
N	_ZN9Framework15CAnimationModel22GetVelocityByAnimationEf		63	99	48524
N	_ZN9Framework15CAnimationModel6OrFlagEj		0	0	21
N	_ZN9Framework15CAnimationModel7ReleaseEv		0	0	479
N	_ZN9Framework15CAnimationModel8ProgressEf		238	10416	127968
N	_ZN9Framework16CResourceManager10InitializeEv		0	0	1
N	_ZN9Framework16CResourceManager13AddDirectFileEjPKcjb		3	93	782
N	_ZN9Framework16CResourceManager16RemoveDirectFileEPKc		4	4	895
N	_ZN9Framework16CResourceManager23AddDirectFileWithFolderEjPKcS2_jb		3	81	150
N	_ZN9Framework16CResourceManager26rResourceElementDirectFileEPKc		2	2	189
N	_ZN9Framework16CResourceManager3RunEi		238	241	39302
N	_ZN9Framework16CResourceManager4LockEv		0	0	640
N	_ZN9Framework16CResourceManager6UnlockEv		0	0	640
N	_ZN9Framework16CResourceManager8tElement22InitializeByDirectFileEjPKcjb		1	90	412
N	_ZN9Framework16CResourceManager8tElement32InitializeByDirectFileWithFolderEjPKcS3_jb		0	78	119
N	_ZN9Framework16CResourceManagerC1EPKc		0	0	1
N	_ZN9Framework16TObjectContainerIN9Collision19CollisionShapeGroupEE8rElementEm		0	0	2
N	_ZN9Framework16TObjectContainerIN9Collision19CollisionShapeGroupEED2Ev		0	0	8
N	_ZN9Framework16TObjectContainerINS_6CSound8CElementEE10InitializeEm		0	0	2
N	_ZN9Framework16TObjectContainerINS_6CSound8CElementEE8rElementEm		0	0	12823
N	_ZN9Framework16TObjectContainerIP13BehaviorQueueE8rElementEm		3	3	84220
N	_ZN9Framework19CPerformanceCounter3SetEj		8	8	39302
N	_ZN9Framework19CPerformanceCounter4MarkEj		4	4	39302
N	_ZN9Framework21TFixedLengthAllocatorILm128EE4FreeEPv		0	0	364
N	_ZN9Framework21TFixedLengthAllocatorILm128EE9pAllocateEPKcj		0	0	364
N	_ZN9Framework21TFixedLengthAllocatorILm192EE4FreeEPv		0	0	105
N	_ZN9Framework21TFixedLengthAllocatorILm192EE9pAllocateEPKcj		0	0	105
N	_ZN9Framework21TFixedLengthAllocatorILm32EE4FreeEPv		0	0	91
N	_ZN9Framework21TFixedLengthAllocatorILm32EE9pAllocateEPKcj		0	0	195
N	_ZN9Framework22CDirectAofTextRenderer10InitializeEiN4Aska10FontHandleERKNS_10CSTLVectorImEEjb		0	12	38
N	_ZN9Framework22CDirectAofTextRenderer13AddPutCounterEmRNS0_10tSizeCacheE		8	8	78249
N	_ZN9Framework22CDirectAofTextRenderer20PreliminarilyPrepareEPN4Aska12LightManagerE		153	182	33519
N	_ZN9Framework22CDirectAofTextRenderer3PutERKNS0_7tStringEj		4	4	28287
N	_ZN9Framework22CDirectAofTextRenderer5ResetEv		11	11	96965
N	_ZN9Framework22CDirectAofTextRenderer8PriorityEf		0	0	38
N	_ZN9Framework22CDirectAofTextRenderer8tPutPool12PushBackPoolERKNS0_7tStringE		0	0	460
N	_ZN9Framework22CDirectAofTextRendererC1Ev		0	0	38
N	_ZN9Framework22CDirectAofTextRendererD0Ev		0	1	35
N	_ZN9Framework24CAnimationBlendContainer10InitializeEjj		0	1	245
N	_ZN9Framework24CAnimationBlendContainer13PlayAnimationEPN4Aska9FiberTaskE		9425	9494	106151
N	_ZN9Framework24CAnimationBlendContainer13ProgressBlendEf		107	222	106151
N	_ZN9Framework24CAnimationBlendContainer13ProgressFrameEfPKNS0_24tProgressFrame_ArgumentsE		111	9851	106151
N	_ZN9Framework24CAnimationBlendContainer14StartAnimationEifb		0	2	245
N	_ZN9Framework24CAnimationBlendContainer18DeleteBlendManagerEv		0	0	675
N	_ZN9Framework24CAnimationBlendContainer20ProgressFrame_DirectEf		192	9740	106151
N	_ZN9Framework24CAnimationBlendContainer25ResetAnimationControllersEPN4Aska10AsfHandlerEPNS1_16CollisionHandlerE		0	9	8
N	_ZN9Framework24CAnimationBlendContainer7ReleaseEv		1	6	722
N	_ZN9Framework24CAnimationBlendContainer8rElementEi		1	1	673
N	_ZN9Framework24CAnimationBlendContainer9AttachAafERN4Aska10AsfHandlerEjPKvib		0	30	415
N	_ZN9Framework27CDirectAofPrimitiveRenderer10InitializeENS0_5iTypeEjb		3	25	254
N	_ZN9Framework27CDirectAofPrimitiveRenderer14DirectMaterialERN4Aska14DirectMaterialE		0	0	323
N	_ZN9Framework27CDirectAofPrimitiveRenderer19PrepareForRenderingEPKN4Aska10RENDERINFOE		740	844	396264
N	_ZN9Framework27CDirectAofPrimitiveRenderer20PreliminarilyPrepareEPN4Aska12LightManagerE		921	1181	396275
N	_ZN9Framework27CDirectAofPrimitiveRenderer3PutERKNS_21tSpriteParameter_QuadE		45	45	457087
N	_ZN9Framework27CDirectAofPrimitiveRenderer3PutERKNS_21tSpriteParameter_RectE		36	36	39309
N	_ZN9Framework27CDirectAofPrimitiveRenderer5ResetEv		80	80	964952
N	_ZN9Framework27CDirectAofPrimitiveRenderer7ReserveEj		2	20	89
N	_ZN9Framework27CDirectAofPrimitiveRenderer7TextureEPN4Aska7TextureE		0	1	298
N	_ZN9Framework27CDirectAofPrimitiveRenderer8PriorityEf		0	0	253
N	_ZN9Framework27CDirectAofPrimitiveRendererC1Ev		1	1	254
N	_ZN9Framework27CDirectAofPrimitiveRendererD0Ev		1	7	237
N	_ZN9Framework27gSetParticleEmitterNumInAsfERN4Aska10AsfHandlerEf		1	2	912
N	_ZN9Framework37CAssignedMemoryManagerForSTLAllocator4FreeEPv		31	31	815274
N	_ZN9Framework37CAssignedMemoryManagerForSTLAllocator8AllocateEmPKcj		192	195	807382
N	_ZN9Framework48gSetLocalDTRateToArticulatedDynamicsManagerInAsfERN4Aska10AsfHandlerEf		85	85	127964
N	_ZN9Framework4CPad4ModeEj		9	9	39299
N	_ZN9Framework4CPad5rUnitEj		0	0	39299
N	_ZN9Framework4CPad6GetNowEi		1	1	20579
N	_ZN9Framework4CPad8ProgressEf		46	99	39299
N	_ZN9Framework56gSetLandscapeConstraintToArticulatedDynamicsManagerInAsfERN4Aska10AsfHandlerEPNS0_20ILandscapeConstraintE		0	0	11
N	_ZN9Framework5CACSV10InitializeEv		0	0	149
N	_ZN9Framework5CACSV5ParseEPKc		1	2	149
N	_ZN9Framework5CACSVC1Ev		0	0	149
N	_ZN9Framework5CACSVD1Ev		0	1	138
N	_ZN9Framework5Cocos10CCocosNode12SearchByNameERKNSt6__ndk112basic_stringIcNS2_11char_traitsIcEENS_13CSTLAllocatorIcNS_22CSTLStringAllocatorInfEEEEE		0	0	3039
N	_ZN9Framework5Cocos10CCocosNode14_PropagateFlagEj		0	0	2
N	_ZN9Framework5Cocos10CCocosNode16DetachFromParentEv		1	1	10382
N	_ZN9Framework5Cocos10CCocosNode16SearchByTreeNameERKNSt6__ndk112basic_stringIcNS2_11char_traitsIcEENS_13CSTLAllocatorIcNS_22CSTLStringAllocatorInfEEEEE		2	2	1839
N	_ZN9Framework5Cocos10CCocosNode17ActionByActionTagEiRKNSt6__ndk18functionIFvPS1_EEE		0	1	1158
N	_ZN9Framework5Cocos10CCocosNode17SearchByActionTagEi		0	0	23040
N	_ZN9Framework5Cocos10CCocosNode18RootCheckHierarchyEv		0	0	1261
N	_ZN9Framework5Cocos10CCocosNode19ToRuntimeCoordinateEv		0	0	7336
N	_ZN9Framework5Cocos10CCocosNode22_PropagateFlagToChild2Ev		0	0	28957
N	_ZN9Framework5Cocos10CCocosNode8AddChildEPS1_		0	0	10355
N	_ZN9Framework5Cocos10CCocosNode9ActionAllERKNSt6__ndk18functionIFvPS1_EEE		1	9	155
N	_ZN9Framework5Cocos11CCocosImage11PreDrawSelfEf		8	10	19125
N	_ZN9Framework5Cocos11CCocosImage8DrawSelfEv		0	1	1
N	_ZN9Framework5Cocos11CCocosLabel7SetTextERKNSt6__ndk112basic_stringIcNS2_11char_traitsIcEENS_13CSTLAllocatorIcNS_22CSTLStringAllocatorInfEEEEE		0	0	2795
N	_ZN9Framework5Cocos11CCocosPanel11PreDrawSelfEf		0	0	3457
N	_ZN9Framework5Cocos11CCocosScene11AddRendererEPKNS0_10CCocosNodeEPNS_22CDirectAofTextRendererE		6	6	85135
N	_ZN9Framework5Cocos11CCocosScene11AddRendererEPKNS0_10CCocosNodeEPNS_27CDirectAofPrimitiveRendererEbb		0	0	140453
N	_ZN9Framework5Cocos11CCocosScene15_PreComputeSelfEv		63	63	853118
N	_ZN9Framework5Cocos11CCocosScene21AddClipingEndRendererEPKNS0_10CCocosNodeE		6	10	12686
N	_ZN9Framework5Cocos11CCocosScene21_pSearchRendererLightERKNS0_8Blending13tRenderResult12tRenderStateE		98	764	94371
N	_ZN9Framework5Cocos11CCocosScene22_pSearchRendererLight2ERKNS0_8Blending13tRenderResult12tRenderStateE		0	47	234
N	_ZN9Framework5Cocos11CCocosTouch12SetTouchInfoEiRKNS_8CVector2ES4_f		0	0	137
N	_ZN9Framework5Cocos12CCocosSprite16SetImageResourceERKNSt6__ndk112basic_stringIcNS2_11char_traitsIcEENS_13CSTLAllocatorIcNS_22CSTLStringAllocatorInfEEEEE		0	0	29765
N	_ZN9Framework5Cocos12CCocosSprite17SetImageResource2ERKNSt6__ndk112basic_stringIcNS2_11char_traitsIcEENS_13CSTLAllocatorIcNS_22CSTLStringAllocatorInfEEEEE		7	7	21554
N	_ZN9Framework5Cocos14CCocosDirector13InputProgressEf		63	1180	39297
N	_ZN9Framework5Cocos14CCocosDirector13SceneProgressEf		1680	4489	39297
N	_ZN9Framework5Cocos14CCocosListView15UpdateAlignmentEv		0	0	6
N	_ZN9Framework5Cocos14CCocosParticle14UpdateParticleEf		3	3	1410
N	_ZN9Framework5Cocos15CCocosGuiReader10CreateTreeERKNS_20CResourceElement_CsfERNS0_10CCocosNodeERNS0_19CCocosObjectFactoryE		74	165	149
N	_ZN9Framework5Cocos16CCocosAtlasLabel7SetTextERKNSt6__ndk112basic_stringIcNS2_11char_traitsIcEENS_13CSTLAllocatorIcNS_22CSTLStringAllocatorInfEEEEE		28	28	77169
N	_ZN9Framework5Cocos16CCocosScrollView18SetBounceBackValueEf		0	0	143
N	_ZN9Framework5Cocos16CCocosScrollView18_DragCallback_CoreEPNS0_10CCocosNodeE		0	0	137
N	_ZN9Framework5Cocos17CCocosProgressBar8DrawSelfEv		79	127	125858
N	_ZN9Framework5Cocos21CalcCocosDrawPriorityEPNS0_11CCocosSceneE		222	222	33550
N	_ZN9Framework5Cocos22CCocosDictionaryHelper12F32ValueJsonERKN4Aska4ASON6AValueEPKcf		3	4	114934
N	_ZN9Framework5Cocos22CCocosDictionaryHelper12S32ValueJsonERKN4Aska4ASON6AValueEPKci		3	3	128832
N	_ZN9Framework5Cocos22CCocosDictionaryHelper14ArrayCountJsonERKN4Aska4ASON6AValueEi		0	0	6217
N	_ZN9Framework5Cocos22CCocosDictionaryHelper16BooleanValueJsonERKN4Aska4ASON6AValueEPKcb		0	0	5375
N	_ZN9Framework5Cocos22CCocosDictionaryHelper16pStringValueJsonERKN4Aska4ASON6AValueEPKcS8_		2	2	65611
N	_ZN9Framework5Cocos22CCocosDictionaryHelper17IsObjectExistJsonERKN4Aska4ASON6AValueEPKc		10	14	348168
N	_ZN9Framework5Cocos22CCocosDictionaryHelper18rSubDictionaryJsonERKN4Aska4ASON6AValueEPKc		1	1	79951
N	_ZN9Framework5Cocos22CCocosDictionaryHelper24rDictionaryFromArrayJsonERKN4Aska4ASON6AValueEj		0	0	36475
N	_ZN9Framework5Cocos23CCocosTimelineAnimation11ApplyNormalERNS1_9tPlayDataE		0	0	207
N	_ZN9Framework5Cocos23CCocosTimelineAnimation4PlayERKNSt6__ndk112basic_stringIcNS2_11char_traitsIcEENS_13CSTLAllocatorIcNS_22CSTLStringAllocatorInfEEEEEjjbNS2_8functionIFvvEEE		9	11	949
N	_ZN9Framework5Cocos23CCocosTimelineAnimation8ProgressEf		914	948	701576
N	_ZN9Framework6CMutex4LockEv		4	4	191082
N	_ZN9Framework6CMutex6UnlockEv		2	2	191082
N	_ZN9Framework7CCamera10InitializeERN4Aska6CameraE		5	5	9949
N	_ZN9Framework7CCamera6UpdateEv		104	118	39298
N	_ZN9Framework7CCameraC1Ev		5	5	9949
N	_ZN9Framework7CHash32C1EPKc		9	9	128673
N	_ZN9Framework7CHash32C1ERKNSt6__ndk112basic_stringIcNS1_11char_traitsIcEENS_13CSTLAllocatorIcNS_22CSTLStringAllocatorInfEEEEE		0	0	6492
N	_ZN9Framework7CHash32C1Ev		0	0	705134
N	_ZN9Framework7CHash32aSEPKc		1	1	610240
N	_ZN9Framework7CMatrix10MakeRotateERKNS_7CVectorEj		3	3	9750
N	_ZN9Framework7CMatrix11MakeRotateXEf		2	2	9488
N	_ZN9Framework7CMatrix11MakeRotateYEf		0	0	9698
N	_ZN9Framework7CMatrix12AddTranslateERKNS_7CVectorE		0	0	653
N	_ZN9Framework7CMatrix12MakeIdentityEv		0	0	1
N	_ZN9Framework7CMatrix13ExtractRotateERKS0_		0	0	1827
N	_ZN9Framework7CMatrix19InverseMathematicalEv		5	5	40025
N	_ZN9Framework7CMatrix23RotateYWithoutTranslateEf		0	0	5
N	_ZN9Framework7CMatrix7InverseEv		0	0	568
N	_ZN9Framework7CMatrix9TranslateERKNS_7CVectorE		2	2	137367
N	_ZN9Framework7CVector15TransformNormalERKNS_7CMatrixE		0	0	1549
N	_ZN9Framework7CVector22ToConstrainSelfInRangeERKS0_f		3	3	9669
N	_ZNK10CApiNotify8LoggedInEv		0	0	1
N	_ZNK10CPauseMenu6IsOpenEv		2	2	47241
N	_ZNK12CArenaCamera10CameraModeEv		0	0	4
N	_ZNK12CArenaCamera12CameraAngleYEv		0	0	100
N	_ZNK12CArenaCamera14PositionCameraEv		0	0	550
N	_ZNK12CArenaCamera17GetOriginalCameraEv		1	1	9539
N	_ZNK12CParameterUI11IsMultiplayEv		0	0	15
N	_ZNK12CParameterUI15GetPlaySeHandleEi		0	0	2
N	_ZNK12CParameterUI16tMissionMenuInfo7IsExistEv		0	0	2
N	_ZNK12CParameterUI17tMultiPlayerCache4tOne7IsExistEv		0	0	1228
N	_ZNK12CParameterUI18GetMissionMenuInfoEv		0	0	2
N	_ZNK12CParameterUI24IsBattleHostNetworkErrorEv		0	0	2
N	_ZNK12CThingObject12crAsfHandlerEv		0	0	716
N	_ZNK12CThingObject14IsEnableDeleteEv		0	0	147
N	_ZNK12CThingObject6IsMainEv		4	4	135596
N	_ZNK13CPartyManager10CheckAliveERiS0_		15	19	8534
N	_ZNK13CPartyManager11IsTransWaitEv		0	0	1
N	_ZNK13CPartyManager12ChoiceTargetEiN9Parameter15eAttackDataTypeEjjb		37	44	70322
N	_ZNK13CPartyManager12GetCharacterEi		143	168	1103629
N	_ZNK13CPartyManager12IsBossBattleEv		8	8	9950
N	_ZNK13CPartyManager13GetPartyCountEv		0	0	1
N	_ZNK13CPartyManager19GetControlCharacterEv		8	8	38757
N	_ZNK13CPartyManager19GetPartyPlayerCountEv		0	0	18
N	_ZNK13CPartyManager22HandleToCharacterIndexEj		8	8	9937
N	_ZNK13FakeApiCaller12IsRequestingEN4Aska5Yayoi7GameRPC12GameProtocol10FunctionIDE		0	0	155
N	_ZNK13FakeApiCaller8LoggedInEv		0	0	15
N	_ZNK13FakeApiCaller9ErrorCodeEN4Aska5Yayoi7GameRPC12GameProtocol10FunctionIDE		0	0	20
N	_ZNK13FakeApiCaller9IsSuccessEN4Aska5Yayoi7GameRPC12GameProtocol10FunctionIDE		0	0	20
N	_ZNK14CBattleManager12CanRushComboEP16CCharacterObjectS1_b		0	0	1
N	_ZNK14CBattleManager14GetCancelBonusEi		0	0	39942
N	_ZNK14CBattleManager14GetEnemyHpRateEv		0	0	4
N	_ZNK14CBattleManager15BattleTimeFrameEv		0	0	33581
N	_ZNK14CBattleManager15IsBattleTimeOutEv		0	0	2
N	_ZNK14CBattleManager15RushComboTargetEv		0	0	1387
N	_ZNK14CBattleManager18GetCancelBonusRushEv		0	0	3654
N	_ZNK14CBattleManager18GetRushComboDamageEj		0	0	12
N	_ZNK14CBattleManager19IsRushComboProgressEv		0	0	492
N	_ZNK14CBattleManager20RushControlCharacterEv		1	1	20671
N	_ZNK14CBattleManager21IsRushComboAttackWaitEv		0	0	98
N	_ZNK14CBattleManager23GetRushComboTotalDamageEv		0	0	1
N	_ZNK14CCharacterData10CanRushUseEv		2	2	30004
N	_ZNK14CCharacterData11CancelBonusEv		5	5	33647
N	_ZNK14CCharacterData12DefAttributeEN3BAS10eAttributeE		20	20	291818
N	_ZNK14CCharacterData13RushGauge_MaxEv		0	0	29845
N	_ZNK14CCharacterData14BasicParameterEN6battle18BasicParameterTypeE		0	0	1686
N	_ZNK14CCharacterData15IsMaxFaintPointEv		0	0	102
N	_ZNK14CCharacterData16IsAvoidComboKeepEv		0	0	5
N	_ZNK14CCharacterData16IsTransCharacterEv		4	4	47239
N	_ZNK14CCharacterData17IsTensionGaugeMaxEv		0	0	10306
N	_ZNK14CCharacterData18CancelBonusPercentEv		3	3	9949
N	_ZNK14CCharacterData2APEv		3	3	81749
N	_ZNK14CCharacterData2HPEv		8	8	205130
N	_ZNK14CCharacterData4BossEv		0	0	115
N	_ZNK14CCharacterData4DeadEv		3	3	682684
N	_ZNK14CCharacterData5MaxAPEv		0	0	9951
N	_ZNK14CCharacterData5MaxHPEv		10	10	165442
N	_ZNK14CCharacterData6OverHPEv		0	0	29844
N	_ZNK14CCharacterData9BarrierHPEv		3	3	33962
N	_ZNK14CCharacterData9OverMaxHPEv		1	1	89532
N	_ZNK14CFactorManager13HasFactorSeedEj		0	0	232
N	_ZNK14CMovableObject11IsLongRangeERKS_		8	8	9471
N	_ZNK14CMovableObject11IsLongRangeEj		0	0	13
N	_ZNK14CMovableObject20AddSceneObjectSphereERN4Aska6TArrayINS_10SphereInfoELb0EEEtPN9Framework7CVectorES7_		43	51	97489
N	_ZNK14CMovableObject24GetSceneObjectSphereListERN4Aska6TArrayINS_10SphereInfoELb0EEE		190	420	40268
N	_ZNK14CMovableObject29CalcDistanceToCollisionTargetERKS_		41	42	76296
N	_ZNK14CMovableObject7IsFrontERKN9Framework7CVectorE		37	39	32840
N	_ZNK14CMovableObject8IsBehindERKN9Framework7CVectorE		6	6	32822
N	_ZNK15CBehaviorObject12HasAnimationENS_12eAnimationIDE		0	0	4
N	_ZNK15CBehaviorObject15crAnimationInfoENS_12eAnimationIDE		0	0	3
N	_ZNK15CBehaviorObject18IsPlayingAnimationENS_12eAnimationIDE		2	5	4337
N	_ZNK15CBehaviorObject19CalcAngleToPositionERKN9Framework7CVectorE		1	1	1916
N	_ZNK15CNowLoadingBase14IsBehaviorStopEv		0	0	172
N	_ZNK16CAITargetManager14GetTargetIndexEi		0	0	176
N	_ZNK16CBattleUIManager10crBattleUIEv		0	0	185
N	_ZNK16CBattleUIManager11crPauseMenuEv		0	0	47241
N	_ZNK16CBattleUIManager20GetTappedSkillHandleEj		0	0	87
N	_ZNK16CBattleUIManager24IsPlaySkillWaitAnimationEj		0	0	17
N	_ZNK16CCharacterObject11IsAttackAimEb		2	2	6051
N	_ZNK16CCharacterObject11IsAvailableEv		2	2	359801
N	_ZNK16CCharacterObject11IsLongRangeERK14CMovableObject		9	17	9458
N	_ZNK16CCharacterObject11IsLongRangeEj		0	0	13
N	_ZNK16CCharacterObject12CenterHeightEv		1	1	140
N	_ZNK16CCharacterObject12IsBindToNodeEv		3	3	9293
N	_ZNK16CCharacterObject12IsKeepDamageEv		0	0	770
N	_ZNK16CCharacterObject12IsSuperArmorEv		0	0	105
N	_ZNK16CCharacterObject13GetAttackHateEN9Parameter9eAttackIDE		0	0	1
N	_ZNK16CCharacterObject13IsInitializedEv		46	92	146019
N	_ZNK16CCharacterObject14GetAttackUseAPEN9Parameter9eAttackIDE		8	8	29888
N	_ZNK16CCharacterObject15CollisionRadiusEv		0	0	1708
N	_ZNK16CCharacterObject15IsAbnormalStateEN3BAS14eAbnormalStateE		2	2	234442
N	_ZNK16CCharacterObject17IsImmediateAttackEv		0	0	17
N	_ZNK16CCharacterObject17IsSetupAttackDataEN9Parameter9eAttackIDE		5	5	40595
N	_ZNK16CCharacterObject18IsControlCharacterEv		0	0	878
N	_ZNK16CCharacterObject19IsEnableSettingTypeEh		10	10	50127
N	_ZNK16CCharacterObject21AimFromTargetPositionEv		0	0	9
N	_ZNK16CCharacterObject21IsNoDamageAndAbnormalEbbbbb		0	0	210
N	_ZNK16CCharacterObject21crAttackDataParameterEN9Parameter9eAttackIDE		0	0	31617
N	_ZNK16CCharacterObject23SearchObjectByLocatorIdEj		12	13	11029
N	_ZNK16CCharacterObject33AttackParameterIndexByAttackIndexEN9Parameter9eAttackIDEi		0	0	158
N	_ZNK16CCharacterObject6IsDeadEv		4	4	30324
N	_ZNK16CCharacterObject7IsAvoidEv		4	4	106624
N	_ZNK16CCharacterObject8CanAvoidEv		3	3	6570
N	_ZNK16CCharacterObject9IsHostileERKS_		1	1	3437
N	_ZNK16CCharacterObject9IsHostileEj		2	3	2858
N	_ZNK16CCharacterObject9IsNeutralEv		2	2	12902
N	_ZNK17CParameterManager12pParameterUIEv		9	9	152125
N	_ZNK17CParameterManager13pMasterHome3DEv		0	0	4
N	_ZNK17CParameterManager15pParameterSoundEv		0	0	2821
N	_ZNK17CParameterManager16pMasterSphere211Ev		0	0	2
N	_ZNK17CParameterManager16pParameterPlayerEv		0	0	1
N	_ZNK17CParameterManager18pMasterFactorBoostEv		0	0	7
N	_ZNK17CParameterManager18pMasterParameterAIEv		0	0	6
N	_ZNK17CParameterManager19pMasterEventRankingEv		0	0	1
N	_ZNK17CParameterManager19pMasterParameterMapEv		0	0	2
N	_ZNK17CParameterManager20pMasterParameterAreaEv		0	0	38
N	_ZNK17CParameterManager20pMasterParameterItemEv		0	0	8
N	_ZNK17CParameterManager20pMasterParameterRankEv		0	0	6
N	_ZNK17CParameterManager20pMasterParameterRoleEv		0	0	40
N	_ZNK17CParameterManager21pMasterParameterSkillEv		0	0	212
N	_ZNK17CParameterManager21pMasterParameterTitleEv		0	0	277
N	_ZNK17CParameterManager21pMasterParameterVoiceEv		0	0	40
N	_ZNK17CParameterManager21pMasterUniverseTalentEv		0	0	7
N	_ZNK17CParameterManager22pMasterParameterBannerEv		0	0	2
N	_ZNK17CParameterManager22pMasterParameterEffectEv		0	0	3941
N	_ZNK17CParameterManager22pMasterParameterFactorEv		0	0	23
N	_ZNK17CParameterManager22pMasterParameterGlobalEv		3	3	49265
N	_ZNK17CParameterManager22pMasterParameterPersonEv		0	0	48
N	_ZNK17CParameterManager22pMasterParameterPlanetEv		0	0	14
N	_ZNK17CParameterManager22pMasterParameterSignalEv		0	0	2437
N	_ZNK17CParameterManager22pMasterParameterTalentEv		0	0	10
N	_ZNK17CParameterManager22pMasterParameterWeaponEv		0	0	49
N	_ZNK17CParameterManager23pMasterParameterMenuBGMEv		0	0	10
N	_ZNK17CParameterManager23pMasterParameterMissionEv		0	0	37
N	_ZNK17CParameterManager23pMasterParameterNpcBaseEv		0	0	6
N	_ZNK17CParameterManager24pMasterEventRankingGroupEv		0	0	1
N	_ZNK17CParameterManager25pMasterParameterEnemyBaseEv		0	0	30
N	_ZNK17CParameterManager25pMasterParameterWinCameraEv		0	0	14
N	_ZNK17CParameterManager26pMasterHome3DMotionSettingEv		0	0	2
N	_ZNK17CParameterManager26pMasterParameterEnemyPartyEv		0	0	4
N	_ZNK17CParameterManager26pMasterParameterFactorSeedEv		0	0	2
N	_ZNK17CParameterManager26pMasterParameterFavorLevelEv		0	0	1
N	_ZNK17CParameterManager26pMasterParameterMissionNpcEv		0	0	9
N	_ZNK17CParameterManager26pMasterParameterSelectPartEv		0	0	2
N	_ZNK17CParameterManager26pMasterParameterWeaponKindEv		0	0	47
N	_ZNK17CParameterManager27pMasterParameterAchievementEv		0	0	4
N	_ZNK17CParameterManager27pMasterParameterEnemyCommonEv		0	0	8
N	_ZNK17CParameterManager27pMasterParameterHeatUpBonusEv		0	0	1
N	_ZNK17CParameterManager27pMasterParameterHomeMessageEv		0	0	1
N	_ZNK17CParameterManager27pMasterParameterItemComposeEv		0	0	3
N	_ZNK17CParameterManager27pMasterParameterPlayerLevelEv		0	0	16
N	_ZNK17CParameterManager27pMasterParameterStageLayoutEv		0	0	4
N	_ZNK17CParameterManager28pMasterParameterAttackActionEv		0	0	117
N	_ZNK17CParameterManager28pMasterParameterBattleGlobalEv		0	0	18
N	_ZNK17CParameterManager28pMasterParameterEventMissionEv		0	0	1
N	_ZNK17CParameterManager28pMasterParameterMissionBoardEv		0	0	2
N	_ZNK17CParameterManager28pMasterParameterMissionStageEv		0	0	7
N	_ZNK17CParameterManager28pMasterParameterTowerMissionEv		0	0	1
N	_ZNK17CParameterManager29pMasterParameterFavorScheduleEv		0	0	1
N	_ZNK17CParameterManager29pParameterCocosCommonResourceEv		0	0	40
N	_ZNK17CParameterManager30pMasterParameterLoadingMessageEv		0	0	4
N	_ZNK17CParameterManager30pMasterParameterSkillParameterEv		0	0	198
N	_ZNK17CParameterManager31pMasterParameterChantEffectTypeEv		0	0	7
N	_ZNK17CParameterManager31pMasterParameterCharacterCommonEv		0	0	3
N	_ZNK17CParameterManager31pMasterParameterFactorConditionEv		0	0	2
N	_ZNK17CParameterManager31pMasterParameterReplaceResourceEv		0	0	1
N	_ZNK17CParameterManager31pMasterParameterTrainingMissionEv		0	0	1
N	_ZNK17CParameterManager31pMasterParameterWorldMapMissionEv		0	0	1
N	_ZNK17CParameterManager32pMasterParameterBattleEvaluationEv		0	0	1
N	_ZNK17CParameterManager33pMasterParameterAssistVoiceMarginEv		0	0	7
N	_ZNK17CParameterManager7IsReadyEv		0	0	920
N	_ZNK17CParameterManager9pStringDBEv		0	0	1202
N	_ZNK17CParameterUtility10tCharaData10LimitBreakEv		0	0	3
N	_ZNK17CParameterUtility10tCharaData11AwakenLevelEv		0	0	6
N	_ZNK17CParameterUtility10tCharaData11LevelStringEv		0	0	3
N	_ZNK17CParameterUtility10tCharaData13FamiliarCountEv		0	0	6
N	_ZNK17CParameterUtility10tCharaData13NpcOrRentalIdEv		0	0	1
N	_ZNK17CParameterUtility10tCharaData16IsLimitBreakOverEv		0	0	9
N	_ZNK17CParameterUtility10tCharaData17HasMasteryPartnerEv		0	0	3
N	_ZNK17CParameterUtility10tCharaData20GetFavorabilityLevelEv		0	0	9
N	_ZNK17CParameterUtility10tCharaData20IsShowGalaxyPassIconEPKb		0	0	6
N	_ZNK17CParameterUtility10tCharaData25IsClearAllMasteryTrainingEv		0	0	6
N	_ZNK17CParameterUtility10tCharaData4RareEv		0	0	3
N	_ZNK17CParameterUtility10tCharaData4RoleEv		0	0	3
N	_ZNK17CParameterUtility10tCharaData4TypeEv		0	0	18
N	_ZNK17CParameterUtility10tCharaData5IsNPCEv		0	0	1
N	_ZNK17CParameterUtility10tCharaData5IsNewEv		0	0	3
N	_ZNK17CParameterUtility10tCharaData5LevelEv		0	0	3
N	_ZNK17CParameterUtility10tCharaData6IsSelfEv		0	0	1
N	_ZNK17CParameterUtility10tCharaData6UserIdEv		0	0	22
N	_ZNK17CParameterUtility10tCharaData7CharaIdEb		0	0	3
N	_ZNK17CParameterUtility10tCharaData8RoleRankEv		0	0	15
N	_ZNK17CParameterUtility10tSkillData6DamageEv		0	0	3
N	_ZNK17CParameterUtility10tSkillData8HitCountEv		0	0	3
N	_ZNK17CParameterUtility8tMessage10GetMessageERKNSt6__ndk112basic_stringIcNS1_11char_traitsIcEEN9Framework13CSTLAllocatorIcNS5_22CSTLStringAllocatorInfEEEEE		0	0	31
N	_ZNK17CRushComboManager19GetControlCharacterEv		0	0	2347
N	_ZNK18COrderGaugeManager11GetPointMaxEv		1	1	9988
N	_ZNK18COrderGaugeManager14GetHeatUpBonusEv		3	3	9969
N	_ZNK18COrderGaugeManager16GetOrderTimeLeftEv		12	55	100626
N	_ZNK18COrderGaugeManager19IsOrderJustFinishedEv		1	4	6777
N	_ZNK18COrderGaugeManager24IsAllPlayerOrderFinishedEv		1	1	9968
N	_ZNK18COrderGaugeManager8GetOrderEv		39	103	236729
N	_ZNK18COrderGaugeManager8GetPointEv		7	19	23542
N	_ZNK19CArenaEffectManager12IsStopEffectEj		4	4	1390
N	_ZNK21CAnimationModelObject12PresentFrameEv		10	10	103281
N	_ZNK21CAnimationModelObject13IsInitializedEv		17	17	146071
N	_ZNK21CAnimationModelObject14IsEnableDeleteEv		0	0	84
N	_ZNK21CAnimationModelObject20IsAnimationTerminateEf		7	7	10488
N	_ZNK21CAnimationModelObject20PresentAnimationNameEv		8	48	47239
N	_ZNK21CAnimationModelObject20crCollisionContainerEv		0	0	4197
N	_ZNK21CAnimationModelObject6IsMainEv		6	6	260320
N	_ZNK21CAnimationModelObject7crModelEv		11	11	426668
N	_ZNK22BehaviorQueueContainer28IsAlreadyResistBehaviorQueueEN2Id8Behavior16BehaviorQueueIdsE		72	73	67629
N	_ZNK22CParameterPropertyBaseILj100EE8NameHashEv		0	0	7
N	_ZNK22CParameterPropertyBaseILj101EE8NameHashEv		0	0	10
N	_ZNK22CParameterPropertyBaseILj102EE8NameHashEv		0	0	10
N	_ZNK22CParameterPropertyBaseILj103EE8NameHashEv		0	0	11
N	_ZNK22CParameterPropertyBaseILj104EE8NameHashEv		0	0	7
N	_ZNK22CParameterPropertyBaseILj105EE8NameHashEv		0	0	7
N	_ZNK22CParameterPropertyBaseILj106EE8NameHashEv		0	0	6
N	_ZNK22CParameterPropertyBaseILj107EE8NameHashEv		0	0	6
N	_ZNK22CParameterPropertyBaseILj108EE8NameHashEv		0	0	6
N	_ZNK22CParameterPropertyBaseILj110EE8NameHashEv		0	0	6
N	_ZNK22CParameterPropertyBaseILj111EE8NameHashEv		0	0	6
N	_ZNK22CParameterPropertyBaseILj112EE8NameHashEv		0	0	6
N	_ZNK22CParameterPropertyBaseILj113EE8NameHashEv		0	0	6
N	_ZNK22CParameterPropertyBaseILj114EE8NameHashEv		0	0	7
N	_ZNK22CParameterPropertyBaseILj115EE8NameHashEv		0	0	7
N	_ZNK22CParameterPropertyBaseILj116EE8NameHashEv		0	0	7
N	_ZNK22CParameterPropertyBaseILj117EE8NameHashEv		0	0	1
N	_ZNK22CParameterPropertyBaseILj118EE8NameHashEv		0	0	1621
N	_ZNK22CParameterPropertyBaseILj119EE8NameHashEv		0	0	1511
N	_ZNK22CParameterPropertyBaseILj120EE8NameHashEv		0	0	1511
N	_ZNK22CParameterPropertyBaseILj121EE8NameHashEv		0	0	6
N	_ZNK22CParameterPropertyBaseILj122EE8NameHashEv		0	0	6
N	_ZNK22CParameterPropertyBaseILj125EE8NameHashEv		0	0	1
N	_ZNK22CParameterPropertyBaseILj126EE8NameHashEv		0	0	1
N	_ZNK22CParameterPropertyBaseILj127EE8NameHashEv		0	0	1
N	_ZNK22CParameterPropertyBaseILj12EE8NameHashEv		0	0	2
N	_ZNK22CParameterPropertyBaseILj133EE8NameHashEv		0	0	1
N	_ZNK22CParameterPropertyBaseILj134EE8NameHashEv		0	0	1
N	_ZNK22CParameterPropertyBaseILj135EE8NameHashEv		0	0	1
N	_ZNK22CParameterPropertyBaseILj136EE8NameHashEv		0	0	1
N	_ZNK22CParameterPropertyBaseILj137EE8NameHashEv		0	0	1
N	_ZNK22CParameterPropertyBaseILj138EE8NameHashEv		0	0	1
N	_ZNK22CParameterPropertyBaseILj139EE8NameHashEv		0	0	2
N	_ZNK22CParameterPropertyBaseILj13EE8NameHashEv		0	0	356
N	_ZNK22CParameterPropertyBaseILj140EE8NameHashEv		0	0	5
N	_ZNK22CParameterPropertyBaseILj141EE8NameHashEv		0	0	5
N	_ZNK22CParameterPropertyBaseILj142EE8NameHashEv		0	0	5
N	_ZNK22CParameterPropertyBaseILj143EE8NameHashEv		0	0	5
N	_ZNK22CParameterPropertyBaseILj144EE8NameHashEv		0	0	5
N	_ZNK22CParameterPropertyBaseILj145EE8NameHashEv		0	0	5
N	_ZNK22CParameterPropertyBaseILj146EE8NameHashEv		0	0	5
N	_ZNK22CParameterPropertyBaseILj147EE8NameHashEv		0	0	5
N	_ZNK22CParameterPropertyBaseILj148EE8NameHashEv		0	0	5
N	_ZNK22CParameterPropertyBaseILj149EE8NameHashEv		0	0	289
N	_ZNK22CParameterPropertyBaseILj14EE8NameHashEv		0	0	364
N	_ZNK22CParameterPropertyBaseILj150EE8NameHashEv		0	0	426
N	_ZNK22CParameterPropertyBaseILj151EE8NameHashEv		0	0	263
N	_ZNK22CParameterPropertyBaseILj152EE8NameHashEv		0	0	26
N	_ZNK22CParameterPropertyBaseILj153EE8NameHashEv		0	0	55
N	_ZNK22CParameterPropertyBaseILj154EE8NameHashEv		0	0	54
N	_ZNK22CParameterPropertyBaseILj155EE8NameHashEv		0	0	54
N	_ZNK22CParameterPropertyBaseILj156EE8NameHashEv		0	0	54
N	_ZNK22CParameterPropertyBaseILj157EE8NameHashEv		0	0	55
N	_ZNK22CParameterPropertyBaseILj158EE8NameHashEv		0	0	31
N	_ZNK22CParameterPropertyBaseILj159EE8NameHashEv		0	0	31
N	_ZNK22CParameterPropertyBaseILj15EE8NameHashEv		0	0	1242
N	_ZNK22CParameterPropertyBaseILj160EE8NameHashEv		0	0	31
N	_ZNK22CParameterPropertyBaseILj161EE8NameHashEv		0	0	30
N	_ZNK22CParameterPropertyBaseILj162EE8NameHashEv		0	0	5
N	_ZNK22CParameterPropertyBaseILj163EE8NameHashEv		0	0	18
N	_ZNK22CParameterPropertyBaseILj164EE8NameHashEv		0	0	18
N	_ZNK22CParameterPropertyBaseILj165EE8NameHashEv		0	0	14
N	_ZNK22CParameterPropertyBaseILj166EE8NameHashEv		0	0	15
N	_ZNK22CParameterPropertyBaseILj167EE8NameHashEv		0	0	14
N	_ZNK22CParameterPropertyBaseILj168EE8NameHashEv		0	0	15
N	_ZNK22CParameterPropertyBaseILj169EE8NameHashEv		0	0	15
N	_ZNK22CParameterPropertyBaseILj16EE8NameHashEv		0	0	1173
N	_ZNK22CParameterPropertyBaseILj170EE8NameHashEv		0	0	14
N	_ZNK22CParameterPropertyBaseILj171EE8NameHashEv		0	0	13
N	_ZNK22CParameterPropertyBaseILj172EE8NameHashEv		0	0	14
N	_ZNK22CParameterPropertyBaseILj173EE8NameHashEv		0	0	1
N	_ZNK22CParameterPropertyBaseILj174EE8NameHashEv		0	0	14
N	_ZNK22CParameterPropertyBaseILj175EE8NameHashEv		0	0	14
N	_ZNK22CParameterPropertyBaseILj176EE8NameHashEv		0	0	13
N	_ZNK22CParameterPropertyBaseILj177EE8NameHashEv		0	0	13
N	_ZNK22CParameterPropertyBaseILj178EE8NameHashEv		0	0	13
N	_ZNK22CParameterPropertyBaseILj179EE8NameHashEv		0	0	13
N	_ZNK22CParameterPropertyBaseILj17EE8NameHashEv		0	0	945
N	_ZNK22CParameterPropertyBaseILj180EE8NameHashEv		0	0	13
N	_ZNK22CParameterPropertyBaseILj181EE8NameHashEv		0	0	13
N	_ZNK22CParameterPropertyBaseILj182EE8NameHashEv		0	0	13
N	_ZNK22CParameterPropertyBaseILj184EE8NameHashEv		0	0	13
N	_ZNK22CParameterPropertyBaseILj185EE8NameHashEv		0	0	13
N	_ZNK22CParameterPropertyBaseILj186EE8NameHashEv		0	0	13
N	_ZNK22CParameterPropertyBaseILj187EE8NameHashEv		0	0	13
N	_ZNK22CParameterPropertyBaseILj188EE8NameHashEv		0	0	14
N	_ZNK22CParameterPropertyBaseILj189EE8NameHashEv		0	0	14
N	_ZNK22CParameterPropertyBaseILj18EE8NameHashEv		0	0	952
N	_ZNK22CParameterPropertyBaseILj190EE8NameHashEv		0	0	14
N	_ZNK22CParameterPropertyBaseILj191EE8NameHashEv		0	0	7
N	_ZNK22CParameterPropertyBaseILj192EE8NameHashEv		0	0	14
N	_ZNK22CParameterPropertyBaseILj193EE8NameHashEv		0	0	13
N	_ZNK22CParameterPropertyBaseILj194EE8NameHashEv		0	0	13
N	_ZNK22CParameterPropertyBaseILj195EE8NameHashEv		0	0	13
N	_ZNK22CParameterPropertyBaseILj196EE8NameHashEv		0	0	13
N	_ZNK22CParameterPropertyBaseILj197EE8NameHashEv		0	0	13
N	_ZNK22CParameterPropertyBaseILj198EE8NameHashEv		0	0	13
N	_ZNK22CParameterPropertyBaseILj199EE8NameHashEv		0	0	1
N	_ZNK22CParameterPropertyBaseILj19EE8NameHashEv		0	0	82
N	_ZNK22CParameterPropertyBaseILj200EE8NameHashEv		0	0	14
N	_ZNK22CParameterPropertyBaseILj201EE8NameHashEv		0	0	14
N	_ZNK22CParameterPropertyBaseILj202EE8NameHashEv		0	0	14
N	_ZNK22CParameterPropertyBaseILj203EE8NameHashEv		0	0	14
N	_ZNK22CParameterPropertyBaseILj204EE8NameHashEv		0	0	1
N	_ZNK22CParameterPropertyBaseILj205EE8NameHashEv		0	0	14
N	_ZNK22CParameterPropertyBaseILj206EE8NameHashEv		0	0	1
N	_ZNK22CParameterPropertyBaseILj207EE8NameHashEv		0	0	14
N	_ZNK22CParameterPropertyBaseILj208EE8NameHashEv		0	0	37
N	_ZNK22CParameterPropertyBaseILj209EE8NameHashEv		0	0	37
N	_ZNK22CParameterPropertyBaseILj20EE8NameHashEv		0	0	96
N	_ZNK22CParameterPropertyBaseILj210EE8NameHashEv		0	0	37
N	_ZNK22CParameterPropertyBaseILj211EE8NameHashEv		0	0	13
N	_ZNK22CParameterPropertyBaseILj212EE8NameHashEv		0	0	13
N	_ZNK22CParameterPropertyBaseILj214EE8NameHashEv		0	0	13
N	_ZNK22CParameterPropertyBaseILj215EE8NameHashEv		0	0	13
N	_ZNK22CParameterPropertyBaseILj216EE8NameHashEv		0	0	13
N	_ZNK22CParameterPropertyBaseILj217EE8NameHashEv		0	0	24
N	_ZNK22CParameterPropertyBaseILj218EE8NameHashEv		0	0	37
N	_ZNK22CParameterPropertyBaseILj219EE8NameHashEv		0	0	37
N	_ZNK22CParameterPropertyBaseILj21EE8NameHashEv		0	0	95
N	_ZNK22CParameterPropertyBaseILj220EE8NameHashEv		0	0	13
N	_ZNK22CParameterPropertyBaseILj221EE8NameHashEv		0	0	13
N	_ZNK22CParameterPropertyBaseILj222EE8NameHashEv		0	0	14
N	_ZNK22CParameterPropertyBaseILj223EE8NameHashEv		0	0	1
N	_ZNK22CParameterPropertyBaseILj224EE8NameHashEv		0	0	13
N	_ZNK22CParameterPropertyBaseILj225EE8NameHashEv		0	0	13
N	_ZNK22CParameterPropertyBaseILj226EE8NameHashEv		0	0	13
N	_ZNK22CParameterPropertyBaseILj228EE8NameHashEv		0	0	13
N	_ZNK22CParameterPropertyBaseILj229EE8NameHashEv		0	0	13
N	_ZNK22CParameterPropertyBaseILj22EE8NameHashEv		0	0	35
N	_ZNK22CParameterPropertyBaseILj230EE8NameHashEv		0	0	13
N	_ZNK22CParameterPropertyBaseILj231EE8NameHashEv		0	0	13
N	_ZNK22CParameterPropertyBaseILj232EE8NameHashEv		0	0	13
N	_ZNK22CParameterPropertyBaseILj233EE8NameHashEv		0	0	13
N	_ZNK22CParameterPropertyBaseILj234EE8NameHashEv		0	0	14
N	_ZNK22CParameterPropertyBaseILj235EE8NameHashEv		0	0	1
N	_ZNK22CParameterPropertyBaseILj236EE8NameHashEv		0	0	14
N	_ZNK22CParameterPropertyBaseILj238EE8NameHashEv		0	0	13
N	_ZNK22CParameterPropertyBaseILj239EE8NameHashEv		0	0	13
N	_ZNK22CParameterPropertyBaseILj23EE8NameHashEv		0	0	16
N	_ZNK22CParameterPropertyBaseILj240EE8NameHashEv		0	0	13
N	_ZNK22CParameterPropertyBaseILj242EE8NameHashEv		0	0	13
N	_ZNK22CParameterPropertyBaseILj243EE8NameHashEv		0	0	13
N	_ZNK22CParameterPropertyBaseILj244EE8NameHashEv		0	0	13
N	_ZNK22CParameterPropertyBaseILj245EE8NameHashEv		0	0	13
N	_ZNK22CParameterPropertyBaseILj247EE8NameHashEv		0	0	13
N	_ZNK22CParameterPropertyBaseILj248EE8NameHashEv		0	0	13
N	_ZNK22CParameterPropertyBaseILj249EE8NameHashEv		0	0	13
N	_ZNK22CParameterPropertyBaseILj24EE8NameHashEv		0	0	14
N	_ZNK22CParameterPropertyBaseILj25EE8NameHashEv		0	0	15
N	_ZNK22CParameterPropertyBaseILj26EE8NameHashEv		0	0	13
N	_ZNK22CParameterPropertyBaseILj27EE8NameHashEv		0	0	13
N	_ZNK22CParameterPropertyBaseILj28EE8NameHashEv		0	0	5
N	_ZNK22CParameterPropertyBaseILj29EE8NameHashEv		0	0	6
N	_ZNK22CParameterPropertyBaseILj301EE8NameHashEv		0	0	24
N	_ZNK22CParameterPropertyBaseILj302EE8NameHashEv		0	0	24
N	_ZNK22CParameterPropertyBaseILj305EE8NameHashEv		0	0	24
N	_ZNK22CParameterPropertyBaseILj30EE8NameHashEv		0	0	6
N	_ZNK22CParameterPropertyBaseILj317EE8NameHashEv		0	0	1
N	_ZNK22CParameterPropertyBaseILj31EE8NameHashEv		0	0	6
N	_ZNK22CParameterPropertyBaseILj32EE8NameHashEv		0	0	3
N	_ZNK22CParameterPropertyBaseILj33EE8NameHashEv		0	0	23
N	_ZNK22CParameterPropertyBaseILj34EE8NameHashEv		0	0	27
N	_ZNK22CParameterPropertyBaseILj350EE8NameHashEv		0	0	1
N	_ZNK22CParameterPropertyBaseILj351EE8NameHashEv		0	0	1
N	_ZNK22CParameterPropertyBaseILj35EE8NameHashEv		0	0	8
N	_ZNK22CParameterPropertyBaseILj367EE8NameHashEv		0	0	24
N	_ZNK22CParameterPropertyBaseILj368EE8NameHashEv		0	0	24
N	_ZNK22CParameterPropertyBaseILj369EE8NameHashEv		0	0	24
N	_ZNK22CParameterPropertyBaseILj36EE8NameHashEv		0	0	57
N	_ZNK22CParameterPropertyBaseILj370EE8NameHashEv		0	0	24
N	_ZNK22CParameterPropertyBaseILj37EE8NameHashEv		0	0	74
N	_ZNK22CParameterPropertyBaseILj38EE8NameHashEv		0	0	76
N	_ZNK22CParameterPropertyBaseILj397EE8NameHashEv		0	0	24
N	_ZNK22CParameterPropertyBaseILj398EE8NameHashEv		0	0	24
N	_ZNK22CParameterPropertyBaseILj39EE8NameHashEv		0	0	78
N	_ZNK22CParameterPropertyBaseILj40EE8NameHashEv		0	0	80
N	_ZNK22CParameterPropertyBaseILj41EE8NameHashEv		0	0	63
N	_ZNK22CParameterPropertyBaseILj42EE8NameHashEv		0	0	14
N	_ZNK22CParameterPropertyBaseILj43EE8NameHashEv		0	0	15
N	_ZNK22CParameterPropertyBaseILj44EE8NameHashEv		0	0	14
N	_ZNK22CParameterPropertyBaseILj45EE8NameHashEv		0	0	14
N	_ZNK22CParameterPropertyBaseILj46EE8NameHashEv		0	0	14
N	_ZNK22CParameterPropertyBaseILj47EE8NameHashEv		0	0	40
N	_ZNK22CParameterPropertyBaseILj48EE8NameHashEv		0	0	41
N	_ZNK22CParameterPropertyBaseILj495EE8NameHashEv		0	0	1
N	_ZNK22CParameterPropertyBaseILj496EE8NameHashEv		0	0	1
N	_ZNK22CParameterPropertyBaseILj49EE8NameHashEv		0	0	30
N	_ZNK22CParameterPropertyBaseILj50EE8NameHashEv		0	0	11
N	_ZNK22CParameterPropertyBaseILj510EE8NameHashEv		0	0	1
N	_ZNK22CParameterPropertyBaseILj51EE8NameHashEv		0	0	2715
N	_ZNK22CParameterPropertyBaseILj525EE8NameHashEv		0	0	1
N	_ZNK22CParameterPropertyBaseILj526EE8NameHashEv		0	0	1
N	_ZNK22CParameterPropertyBaseILj527EE8NameHashEv		0	0	1
N	_ZNK22CParameterPropertyBaseILj528EE8NameHashEv		0	0	1
N	_ZNK22CParameterPropertyBaseILj529EE8NameHashEv		0	0	1
N	_ZNK22CParameterPropertyBaseILj52EE8NameHashEv		0	0	2713
N	_ZNK22CParameterPropertyBaseILj530EE8NameHashEv		0	0	1
N	_ZNK22CParameterPropertyBaseILj531EE8NameHashEv		0	0	1
N	_ZNK22CParameterPropertyBaseILj533EE8NameHashEv		0	0	1
N	_ZNK22CParameterPropertyBaseILj534EE8NameHashEv		0	0	1
N	_ZNK22CParameterPropertyBaseILj535EE8NameHashEv		0	0	1
N	_ZNK22CParameterPropertyBaseILj536EE8NameHashEv		0	0	1
N	_ZNK22CParameterPropertyBaseILj537EE8NameHashEv		0	0	1
N	_ZNK22CParameterPropertyBaseILj539EE8NameHashEv		0	0	1
N	_ZNK22CParameterPropertyBaseILj53EE8NameHashEv		0	0	2713
N	_ZNK22CParameterPropertyBaseILj540EE8NameHashEv		0	0	1
N	_ZNK22CParameterPropertyBaseILj541EE8NameHashEv		0	0	1
N	_ZNK22CParameterPropertyBaseILj543EE8NameHashEv		0	0	1
N	_ZNK22CParameterPropertyBaseILj544EE8NameHashEv		0	0	1
N	_ZNK22CParameterPropertyBaseILj545EE8NameHashEv		0	0	1
N	_ZNK22CParameterPropertyBaseILj546EE8NameHashEv		0	0	1
N	_ZNK22CParameterPropertyBaseILj547EE8NameHashEv		0	0	1
N	_ZNK22CParameterPropertyBaseILj548EE8NameHashEv		0	0	1
N	_ZNK22CParameterPropertyBaseILj549EE8NameHashEv		0	0	1
N	_ZNK22CParameterPropertyBaseILj54EE8NameHashEv		0	0	2713
N	_ZNK22CParameterPropertyBaseILj551EE8NameHashEv		0	0	1
N	_ZNK22CParameterPropertyBaseILj552EE8NameHashEv		0	0	1
N	_ZNK22CParameterPropertyBaseILj553EE8NameHashEv		0	0	1
N	_ZNK22CParameterPropertyBaseILj554EE8NameHashEv		0	0	1
N	_ZNK22CParameterPropertyBaseILj555EE8NameHashEv		0	0	1
N	_ZNK22CParameterPropertyBaseILj558EE8NameHashEv		0	0	1
N	_ZNK22CParameterPropertyBaseILj559EE8NameHashEv		0	0	1
N	_ZNK22CParameterPropertyBaseILj55EE8NameHashEv		0	0	2714
N	_ZNK22CParameterPropertyBaseILj560EE8NameHashEv		0	0	1
N	_ZNK22CParameterPropertyBaseILj561EE8NameHashEv		0	0	1
N	_ZNK22CParameterPropertyBaseILj562EE8NameHashEv		0	0	1
N	_ZNK22CParameterPropertyBaseILj563EE8NameHashEv		0	0	1
N	_ZNK22CParameterPropertyBaseILj565EE8NameHashEv		0	0	1
N	_ZNK22CParameterPropertyBaseILj566EE8NameHashEv		0	0	1
N	_ZNK22CParameterPropertyBaseILj567EE8NameHashEv		0	0	1
N	_ZNK22CParameterPropertyBaseILj569EE8NameHashEv		0	0	1
N	_ZNK22CParameterPropertyBaseILj56EE8NameHashEv		0	0	2711
N	_ZNK22CParameterPropertyBaseILj571EE8NameHashEv		0	0	1
N	_ZNK22CParameterPropertyBaseILj572EE8NameHashEv		0	0	1
N	_ZNK22CParameterPropertyBaseILj573EE8NameHashEv		0	0	1
N	_ZNK22CParameterPropertyBaseILj575EE8NameHashEv		0	0	1
N	_ZNK22CParameterPropertyBaseILj577EE8NameHashEv		0	0	1
N	_ZNK22CParameterPropertyBaseILj579EE8NameHashEv		0	0	1
N	_ZNK22CParameterPropertyBaseILj57EE8NameHashEv		0	0	2711
N	_ZNK22CParameterPropertyBaseILj58EE8NameHashEv		0	0	8
N	_ZNK22CParameterPropertyBaseILj59EE8NameHashEv		0	0	3
N	_ZNK22CParameterPropertyBaseILj60EE8NameHashEv		0	0	9
N	_ZNK22CParameterPropertyBaseILj61EE8NameHashEv		0	0	29
N	_ZNK22CParameterPropertyBaseILj62EE8NameHashEv		0	0	34
N	_ZNK22CParameterPropertyBaseILj63EE8NameHashEv		0	0	34
N	_ZNK22CParameterPropertyBaseILj64EE8NameHashEv		0	0	55
N	_ZNK22CParameterPropertyBaseILj65EE8NameHashEv		0	0	55
N	_ZNK22CParameterPropertyBaseILj66EE8NameHashEv		0	0	78
N	_ZNK22CParameterPropertyBaseILj67EE8NameHashEv		0	0	58
N	_ZNK22CParameterPropertyBaseILj68EE8NameHashEv		0	0	480
N	_ZNK22CParameterPropertyBaseILj69EE8NameHashEv		0	0	26
N	_ZNK22CParameterPropertyBaseILj70EE8NameHashEv		0	0	7
N	_ZNK22CParameterPropertyBaseILj71EE8NameHashEv		0	0	7
N	_ZNK22CParameterPropertyBaseILj72EE8NameHashEv		0	0	7
N	_ZNK22CParameterPropertyBaseILj73EE8NameHashEv		0	0	8
N	_ZNK22CParameterPropertyBaseILj74EE8NameHashEv		0	0	8
N	_ZNK22CParameterPropertyBaseILj75EE8NameHashEv		0	0	7
N	_ZNK22CParameterPropertyBaseILj76EE8NameHashEv		0	0	8
N	_ZNK22CParameterPropertyBaseILj77EE8NameHashEv		0	0	2
N	_ZNK22CParameterPropertyBaseILj78EE8NameHashEv		0	0	7
N	_ZNK22CParameterPropertyBaseILj79EE8NameHashEv		0	0	7
N	_ZNK22CParameterPropertyBaseILj80EE8NameHashEv		0	0	13
N	_ZNK22CParameterPropertyBaseILj81EE8NameHashEv		0	0	13
N	_ZNK22CParameterPropertyBaseILj82EE8NameHashEv		0	0	7
N	_ZNK22CParameterPropertyBaseILj83EE8NameHashEv		0	0	13
N	_ZNK22CParameterPropertyBaseILj84EE8NameHashEv		0	0	13
N	_ZNK22CParameterPropertyBaseILj85EE8NameHashEv		0	0	13
N	_ZNK22CParameterPropertyBaseILj86EE8NameHashEv		0	0	13
N	_ZNK22CParameterPropertyBaseILj87EE8NameHashEv		0	0	13
N	_ZNK22CParameterPropertyBaseILj88EE8NameHashEv		0	0	8
N	_ZNK22CParameterPropertyBaseILj89EE8NameHashEv		0	0	7
N	_ZNK22CParameterPropertyBaseILj90EE8NameHashEv		0	0	8
N	_ZNK22CParameterPropertyBaseILj91EE8NameHashEv		0	0	2
N	_ZNK22CParameterPropertyBaseILj92EE8NameHashEv		0	0	3
N	_ZNK22CParameterPropertyBaseILj93EE8NameHashEv		0	0	2
N	_ZNK22CParameterPropertyBaseILj94EE8NameHashEv		0	0	2
N	_ZNK22CParameterPropertyBaseILj95EE8NameHashEv		0	0	1042
N	_ZNK22CParameterPropertyBaseILj96EE8NameHashEv		0	0	7
N	_ZNK22CParameterPropertyBaseILj97EE8NameHashEv		0	0	7
N	_ZNK22CParameterPropertyBaseILj98EE8NameHashEv		0	0	7
N	_ZNK22CParameterPropertyBaseILj99EE8NameHashEv		0	0	6
N	_ZNK26CMasterParameterBaseSqlite18DeserializeMsgPackI28CMasterParameterSkillElementEEvRKN4Aska12TSharedArrayIaEERKlPT_PN9Framework16CSTLUnorderedMapIjS9_NSt6__ndk14hashIjEENSD_8equal_toIjEEEE		0	0	3
N	_ZNK26CMasterParameterBaseSqlite18DeserializeMsgPackI29CMasterParameterEffectElementEEvRKN4Aska12TSharedArrayIaEERKlPT_PN9Framework16CSTLUnorderedMapIjS9_NSt6__ndk14hashIjEENSD_8equal_toIjEEEE		6	11	1
N	_ZNK26CMasterParameterBaseSqlite18DeserializeMsgPackI35CMasterParameterBattleGlobalElementEEvRKN4Aska12TSharedArrayIaEERKlPT_PN9Framework16CSTLUnorderedMapIjS9_NSt6__ndk14hashIjEENSD_8equal_toIjEEEE		0	0	1
N	_ZNK26CMasterParameterBaseSqlite18DeserializeMsgPackI37CMasterParameterSkillParameterElementEEvRKN4Aska12TSharedArrayIaEERKlPT_PN9Framework16CSTLUnorderedMapIjS9_NSt6__ndk14hashIjEENSD_8equal_toIjEEEE		0	0	3
N	_ZNK33CMasterParameterBaseSqlite_SimpleI16StringDBEelementE18pParameterFromHashEj		4	622	1196
N	_ZNK33CMasterParameterBaseSqlite_SimpleI23CMasterSphere211ElementE18pParameterFromHashEj		0	5	2
N	_ZNK33CMasterParameterBaseSqlite_SimpleI25CMasterFactorBoostElementE19ParameterFromIdListERKN9Framework10CSTLVectorIjEERNS2_16CSTLUnorderedMapIjS0_NSt6__ndk14hashIjEENS8_8equal_toIjEEEEPKc		0	0	7
N	_ZNK33CMasterParameterBaseSqlite_SimpleI26CMasterMissionBoardElementE16ParameterByQueryEPKcRN9Framework16CSTLUnorderedMapIjS0_NSt6__ndk14hashIjEENS6_8equal_toIjEEEEPN4Aska5Yayoi10QueryParamEj		0	0	2
N	_ZNK33CMasterParameterBaseSqlite_SimpleI26CMasterParameterMapElementE18pParameterFromHashEj		0	1	2
N	_ZNK33CMasterParameterBaseSqlite_SimpleI27CMasterParameterAreaElementE16ParameterByQueryEPKcPN4Aska5Yayoi10QueryParamEj		0	0	3
N	_ZNK33CMasterParameterBaseSqlite_SimpleI27CMasterParameterAreaElementE16ParameterByQueryEPKcRN9Framework16CSTLUnorderedMapIjS0_NSt6__ndk14hashIjEENS6_8equal_toIjEEEEPN4Aska5Yayoi10QueryParamEj		0	0	8
N	_ZNK33CMasterParameterBaseSqlite_SimpleI27CMasterParameterAreaElementE18pParameterFromHashEj		1	1	26
N	_ZNK33CMasterParameterBaseSqlite_SimpleI27CMasterParameterItemElementE18pParameterFromHashEj		0	2	9
N	_ZNK33CMasterParameterBaseSqlite_SimpleI27CMasterParameterRankElementE16ParameterByQueryEPKcRN9Framework16CSTLUnorderedMapIjS0_NSt6__ndk14hashIjEENS6_8equal_toIjEEEEPN4Aska5Yayoi10QueryParamEj		0	0	4
N	_ZNK33CMasterParameterBaseSqlite_SimpleI27CMasterParameterRoleElementE16ParameterByQueryEPKcRN9Framework16CSTLUnorderedMapIjS0_NSt6__ndk14hashIjEENS6_8equal_toIjEEEEPN4Aska5Yayoi10QueryParamEj		0	0	2
N	_ZNK33CMasterParameterBaseSqlite_SimpleI27CMasterParameterRoleElementE18pParameterFromHashEj		3	5	294
N	_ZNK33CMasterParameterBaseSqlite_SimpleI28CMasterParameterTitleElementE16ParameterByQueryEPKcPN4Aska5Yayoi10QueryParamEj		0	0	277
N	_ZNK33CMasterParameterBaseSqlite_SimpleI28CMasterUniverseTalentElementE19ParameterFromIdListERKN9Framework10CSTLVectorIjEERNS2_16CSTLUnorderedMapIjS0_NSt6__ndk14hashIjEENS8_8equal_toIjEEEEPKc		0	0	7
N	_ZNK33CMasterParameterBaseSqlite_SimpleI29CMasterParameterBannerElementE16ParameterByQueryEPKcRN9Framework16CSTLUnorderedMapIjS0_NSt6__ndk14hashIjEENS6_8equal_toIjEEEEPN4Aska5Yayoi10QueryParamEj		0	0	2
N	_ZNK33CMasterParameterBaseSqlite_SimpleI29CMasterParameterEffectElementE16ParameterByQueryEPKcRN9Framework16CSTLUnorderedMapIjS0_NSt6__ndk14hashIjEENS6_8equal_toIjEEEEPN4Aska5Yayoi10QueryParamEj		31	64	13
N	_ZNK33CMasterParameterBaseSqlite_SimpleI29CMasterParameterEffectElementE18pParameterFromHashEj		4	4	4257
N	_ZNK33CMasterParameterBaseSqlite_SimpleI29CMasterParameterFactorElementE18pParameterFromHashEj		0	6	21
N	_ZNK33CMasterParameterBaseSqlite_SimpleI29CMasterParameterGlobalElementE16ParameterByQueryEPKcPN4Aska5Yayoi10QueryParamEj		99	100	49264
N	_ZNK33CMasterParameterBaseSqlite_SimpleI29CMasterParameterGlobalElementE16ParameterByQueryEPKcRN9Framework16CSTLUnorderedMapIjS0_NSt6__ndk14hashIjEENS6_8equal_toIjEEEEPN4Aska5Yayoi10QueryParamEj		0	0	1
N	_ZNK33CMasterParameterBaseSqlite_SimpleI29CMasterParameterPersonElementE16ParameterByQueryEPKcPN4Aska5Yayoi10QueryParamEj		0	0	1
N	_ZNK33CMasterParameterBaseSqlite_SimpleI29CMasterParameterPersonElementE18pParameterFromHashEj		2	5	317
N	_ZNK33CMasterParameterBaseSqlite_SimpleI29CMasterParameterPlanetElementE16ParameterByQueryEPKcPN4Aska5Yayoi10QueryParamEj		0	1	4
N	_ZNK33CMasterParameterBaseSqlite_SimpleI29CMasterParameterPlanetElementE16ParameterByQueryEPKcRN9Framework16CSTLUnorderedMapIjS0_NSt6__ndk14hashIjEENS6_8equal_toIjEEEEPN4Aska5Yayoi10QueryParamEj		0	0	2
N	_ZNK33CMasterParameterBaseSqlite_SimpleI29CMasterParameterPlanetElementE18pParameterFromHashEj		0	0	8
N	_ZNK33CMasterParameterBaseSqlite_SimpleI29CMasterParameterTalentElementE18pParameterFromHashEj		0	1	8
N	_ZNK33CMasterParameterBaseSqlite_SimpleI29CMasterParameterWeaponElementE18pParameterFromHashEj		0	1	59
N	_ZNK33CMasterParameterBaseSqlite_SimpleI30CMasterParameterMenuBGMElementE16ParameterByQueryEPKcRN9Framework16CSTLUnorderedMapIjS0_NSt6__ndk14hashIjEENS6_8equal_toIjEEEEPN4Aska5Yayoi10QueryParamEj		0	1	10
N	_ZNK33CMasterParameterBaseSqlite_SimpleI30CMasterParameterMissionElementE16ParameterByQueryEPKcPN4Aska5Yayoi10QueryParamEj		0	0	2
N	_ZNK33CMasterParameterBaseSqlite_SimpleI30CMasterParameterMissionElementE16ParameterByQueryEPKcRN9Framework16CSTLUnorderedMapIjS0_NSt6__ndk14hashIjEENS6_8equal_toIjEEEEPN4Aska5Yayoi10QueryParamEj		4	4	4
N	_ZNK33CMasterParameterBaseSqlite_SimpleI30CMasterParameterMissionElementE18pParameterFromHashEj		0	4	33
N	_ZNK33CMasterParameterBaseSqlite_SimpleI30CMasterParameterNpcBaseElementE18pParameterFromHashEj		0	0	6
N	_ZNK33CMasterParameterBaseSqlite_SimpleI30CMasterSubscriptionPlanElementE19ParameterFromIdListERKN9Framework10CSTLVectorIjEERNS2_16CSTLUnorderedMapIjS0_NSt6__ndk14hashIjEENS8_8equal_toIjEEEEPKc		0	0	7
N	_ZNK33CMasterParameterBaseSqlite_SimpleI31CMasterEventRankingGroupElementE16ParameterByQueryEPKcRN9Framework16CSTLUnorderedMapIjS0_NSt6__ndk14hashIjEENS6_8equal_toIjEEEEPN4Aska5Yayoi10QueryParamEj		0	0	1
N	_ZNK33CMasterParameterBaseSqlite_SimpleI32CMasterParameterEnemyBaseElementE18pParameterFromHashEj		0	1	8
N	_ZNK33CMasterParameterBaseSqlite_SimpleI32CMasterParameterEventTermElementE16ParameterByQueryEPKcRN9Framework16CSTLUnorderedMapIjS0_NSt6__ndk14hashIjEENS6_8equal_toIjEEEEPN4Aska5Yayoi10QueryParamEj		0	1	1
N	_ZNK33CMasterParameterBaseSqlite_SimpleI32CMasterParameterEventTermElementE19ParameterFromIdListERKN9Framework10CSTLVectorIjEERNS2_16CSTLUnorderedMapIjS0_NSt6__ndk14hashIjEENS8_8equal_toIjEEEEPKc		0	1	1
N	_ZNK33CMasterParameterBaseSqlite_SimpleI32CMasterParameterWinCameraElementE18pParameterFromHashEj		1	1	6
N	_ZNK33CMasterParameterBaseSqlite_SimpleI33CMasterHome3DMotionSettingElementE16ParameterByQueryEPKcPN4Aska5Yayoi10QueryParamEj		0	0	9
N	_ZNK33CMasterParameterBaseSqlite_SimpleI33CMasterParameterEnemyPartyElementE18pParameterFromHashEj		0	2	4
N	_ZNK33CMasterParameterBaseSqlite_SimpleI33CMasterParameterFactorSeedElementE18pParameterFromHashEj		1	1	2
N	_ZNK33CMasterParameterBaseSqlite_SimpleI33CMasterParameterFavorLevelElementE16ParameterByQueryEPKcRN9Framework16CSTLUnorderedMapIjS0_NSt6__ndk14hashIjEENS6_8equal_toIjEEEEPN4Aska5Yayoi10QueryParamEj		0	0	1
N	_ZNK33CMasterParameterBaseSqlite_SimpleI33CMasterParameterMissionNpcElementE16ParameterByQueryEPKcPN4Aska5Yayoi10QueryParamEj		0	0	6
N	_ZNK33CMasterParameterBaseSqlite_SimpleI33CMasterParameterMissionNpcElementE18pParameterFromHashEj		0	0	3
N	_ZNK33CMasterParameterBaseSqlite_SimpleI33CMasterParameterSelectPartElementE16ParameterByQueryEPKcPN4Aska5Yayoi10QueryParamEj		0	0	2
N	_ZNK33CMasterParameterBaseSqlite_SimpleI33CMasterParameterWeaponKindElementE18pParameterFromHashEj		0	4	86
N	_ZNK33CMasterParameterBaseSqlite_SimpleI34CMasterParameterAchievementElementE16ParameterByQueryEPKcRN9Framework16CSTLUnorderedMapIjS0_NSt6__ndk14hashIjEENS6_8equal_toIjEEEEPN4Aska5Yayoi10QueryParamEj		0	2	1
N	_ZNK33CMasterParameterBaseSqlite_SimpleI34CMasterParameterEnemyCommonElementE18pParameterFromHashEj		0	0	8
N	_ZNK33CMasterParameterBaseSqlite_SimpleI34CMasterParameterEventWeeklyElementE16ParameterByQueryEPKcRN9Framework16CSTLUnorderedMapIjS0_NSt6__ndk14hashIjEENS6_8equal_toIjEEEEPN4Aska5Yayoi10QueryParamEj		0	1	1
N	_ZNK33CMasterParameterBaseSqlite_SimpleI34CMasterParameterEventWeeklyElementE19ParameterFromIdListERKN9Framework10CSTLVectorIjEERNS2_16CSTLUnorderedMapIjS0_NSt6__ndk14hashIjEENS8_8equal_toIjEEEEPKc		0	1	1
N	_ZNK33CMasterParameterBaseSqlite_SimpleI34CMasterParameterHeatUpBonusElementE16ParameterByQueryEPKcRN9Framework16CSTLUnorderedMapIjS0_NSt6__ndk14hashIjEENS6_8equal_toIjEEEEPN4Aska5Yayoi10QueryParamEj		0	0	1
N	_ZNK33CMasterParameterBaseSqlite_SimpleI34CMasterParameterHomeMessageElementE16ParameterByQueryEPKcRN9Framework16CSTLUnorderedMapIjS0_NSt6__ndk14hashIjEENS6_8equal_toIjEEEEPN4Aska5Yayoi10QueryParamEj		2	3	1
N	_ZNK33CMasterParameterBaseSqlite_SimpleI34CMasterParameterItemComposeElementE18pParameterFromHashEj		0	0	3
N	_ZNK33CMasterParameterBaseSqlite_SimpleI34CMasterParameterPlayerLevelElementE16ParameterByQueryEPKcPN4Aska5Yayoi10QueryParamEj		0	2	9
N	_ZNK33CMasterParameterBaseSqlite_SimpleI34CMasterParameterPlayerLevelElementE18pParameterFromHashEj		1	1	7
N	_ZNK33CMasterParameterBaseSqlite_SimpleI34CMasterParameterStageLayoutElementE18pParameterFromHashEj		0	2	4
N	_ZNK33CMasterParameterBaseSqlite_SimpleI35CMasterParameterBattleGlobalElementE18pParameterFromHashEj		0	0	242
N	_ZNK33CMasterParameterBaseSqlite_SimpleI35CMasterParameterMissionStageElementE16ParameterByQueryEPKcRN9Framework16CSTLUnorderedMapIjS0_NSt6__ndk14hashIjEENS6_8equal_toIjEEEEPN4Aska5Yayoi10QueryParamEj		2	6	3
N	_ZNK33CMasterParameterBaseSqlite_SimpleI35CMasterParameterMissionStageElementE18pParameterFromHashEj		0	3	4
N	_ZNK33CMasterParameterBaseSqlite_SimpleI36CMasterParameterFavorScheduleElementE16ParameterByQueryEPKcPN4Aska5Yayoi10QueryParamEj		0	0	1
N	_ZNK33CMasterParameterBaseSqlite_SimpleI37CMasterParameterLoadingMessageElementE16ParameterByQueryEPKcPN4Aska5Yayoi10QueryParamEj		0	0	2
N	_ZNK33CMasterParameterBaseSqlite_SimpleI38CMasterParameterChantEffectTypeElementE16ParameterByQueryEPKcPN4Aska5Yayoi10QueryParamEj		0	0	7
N	_ZNK33CMasterParameterBaseSqlite_SimpleI38CMasterParameterCharacterCommonElementE16ParameterByQueryEPKcPN4Aska5Yayoi10QueryParamEj		0	0	3
N	_ZNK33CMasterParameterBaseSqlite_SimpleI38CMasterParameterMenuCommonVoiceElementE16ParameterByQueryEPKcPN4Aska5Yayoi10QueryParamEj		0	2	27
N	_ZNK33CMasterParameterBaseSqlite_SimpleI38CMasterParameterMenuCommonVoiceElementE16ParameterByQueryEPKcRN9Framework16CSTLUnorderedMapIjS0_NSt6__ndk14hashIjEENS6_8equal_toIjEEEEPN4Aska5Yayoi10QueryParamEj		1	2	13
N	_ZNK33CMasterParameterBaseSqlite_SimpleI38CMasterParameterReplaceResourceElementE16ParameterByQueryEPKcRN9Framework16CSTLUnorderedMapIjS0_NSt6__ndk14hashIjEENS6_8equal_toIjEEEEPN4Aska5Yayoi10QueryParamEj		0	0	1
N	_ZNK33CMasterParameterBaseSqlite_SimpleI38CMasterParameterWorldMapMissionElementE18pParameterFromHashEj		0	1	1
N	_ZNK33CMasterParameterBaseSqlite_SimpleI39CMasterParameterBattleEvaluationElementE19ParameterFromIdListERKN9Framework10CSTLVectorIjEERNS2_16CSTLUnorderedMapIjS0_NSt6__ndk14hashIjEENS8_8equal_toIjEEEEPKc		0	0	1
N	_ZNK33CMasterParameterBaseSqlite_SimpleI40CMasterParameterAssistVoiceMarginElementE16ParameterByQueryEPKcRN9Framework16CSTLUnorderedMapIjS0_NSt6__ndk14hashIjEENS6_8equal_toIjEEEEPN4Aska5Yayoi10QueryParamEj		0	0	7
N	_ZNK35CMasterParameterBaseSqlite_CategoryI20CMasterHome3DElementE18pParameterFromHashEj		0	0	4
N	_ZNK35CMasterParameterBaseSqlite_CategoryI25CMasterParameterAIElementE10pParameterEPKcS3_		0	1	747
N	_ZNK35CMasterParameterBaseSqlite_CategoryI28CMasterParameterSkillElementE10pParameterEPKcS3_		14	25	247
N	_ZNK35CMasterParameterBaseSqlite_CategoryI28CMasterParameterVoiceElementE18pParameterFromHashEj		0	0	40
N	_ZNK35CMasterParameterBaseSqlite_CategoryI29CMasterParameterSignalElementE10pParameterEPKcS3_		5	6	2416
N	_ZNK35CMasterParameterBaseSqlite_CategoryI29CMasterParameterSignalElementE18pParameterFromHashEj		0	0	21
N	_ZNK35CMasterParameterBaseSqlite_CategoryI35CMasterParameterAttackActionElementE10pParameterEPKcS3_		0	0	239
N	_ZNK35CMasterParameterBaseSqlite_CategoryI37CMasterParameterSkillParameterElementE10pParameterEPKcS3_		4	10	117
N	_ZNK4Aska10AafHandler13GetFigureRateEhh		1	1	19883
N	_ZNK4Aska10AsfHandler16SearchNextByKindEhPKNS_11IAnimatableE		9	9	108568
N	_ZNK4Aska10AsfHandler17SearchFirstByKindEh		27	27	89414
N	_ZNK4Aska10AsfHandler19QuickSearchByNameExEPKc		1	1	124
N	_ZNK4Aska10AsfHandler6SearchEPKc		40	40	14038
N	_ZNK4Aska10Quaternion9CalcEulerEPNS_6VectorE14EnumRotateType		2	2	21740
N	_ZNK4Aska11TBinaryNodeILj16EE6GetKeyEv		0	0	1155
N	_ZNK4Aska11TBinaryNodeILj24EE6GetKeyEv		0	0	4449
N	_ZNK4Aska11TBinaryNodeILj32EE6GetKeyEv		0	0	10316
N	_ZNK4Aska11TBinaryNodeILj8EE6GetKeyEv		0	0	67
N	_ZNK4Aska12AimingObject12TargetObjectEv		3	3	29851
N	_ZNK4Aska12AimingObject14UpTargetObjectEv		0	0	7
N	_ZNK4Aska12RenderThread9GetStatusEv		12	12	519621
N	_ZNK4Aska12SoundManager11IsAvailableEPNS_11SoundObjectE		0	0	165
N	_ZNK4Aska12SoundManager16QuerySoundHandleEPNS_11SoundObjectE		0	0	1016
N	_ZNK4Aska12SoundManager19QueryAudioInterfaceEPNS_14AudioConnectorE		1	1	3048
N	_ZNK4Aska13MemoryManager12CalcFreeSizeEPlS1_		0	0	1
N	_ZNK4Aska15AafBlendManager9GetWeightEi		2	2	108954
N	_ZNK4Aska15TCategorizeHashINS_13TextureMemoryEE7GetNextEv		0	0	581
N	_ZNK4Aska15TCategorizeHashINS_16MappedAddressSetEE7GetNextEv		0	0	4
N	_ZNK4Aska16IParticleEmitter10GetClassIDEi		0	0	3149
N	_ZNK4Aska18HierarchicalObject10GetClassIDEi		0	0	64
N	_ZNK4Aska18HierarchicalObject11WorldMatrixEv		4	4	417988
N	_ZNK4Aska18HierarchicalObject15GetDefaultLevelEv		0	0	487
N	_ZNK4Aska22ParticleRenderableBase9ColorRateEv		1	1	5952
N	_ZNK4Aska24AppProjectDependentProxy22GetDecompressQueueSizeEv		0	0	2
N	_ZNK4Aska24AppProjectDependentProxy24GetTextureAliasesPoolMaxEv		0	0	1
N	_ZNK4Aska24AppProjectDependentProxy24GetTextureManagerPoolMaxEv		0	0	1
N	_ZNK4Aska24AppProjectDependentProxy25GetDeleteManagerQueueSizeEv		0	0	1
N	_ZNK4Aska24AppProjectDependentProxy25GetTextureAliasesTableMaxEv		0	0	1
N	_ZNK4Aska24AppProjectDependentProxy25GetTextureDataBasePoolMaxEv		0	0	1
N	_ZNK4Aska24AppProjectDependentProxy25GetTextureManagerTableMaxEv		0	0	1
N	_ZNK4Aska24AppProjectDependentProxy26GetNumberOfRenderingLayersEv		0	0	71
N	_ZNK4Aska24AppProjectDependentProxy26GetTextureDataBaseTableMaxEv		0	0	1
N	_ZNK4Aska24AppProjectDependentProxy28GetNumberOfRenderStateBufferEv		0	0	1
N	_ZNK4Aska24AppProjectDependentProxy31GetTextureReturnDataBasePoolMaxEv		0	0	1
N	_ZNK4Aska24AppProjectDependentProxy32GetMappedMemoryManagerReturnPoolEv		0	0	1
N	_ZNK4Aska24AppProjectDependentProxy32GetTextureReturnDataBaseTableMaxEv		0	0	1
N	_ZNK4Aska24AppProjectDependentProxy33GetMappedMemoryManagerHandlerPoolEv		0	0	1
N	_ZNK4Aska24AppProjectDependentProxy33GetMappedMemoryManagerMappingPoolEv		0	0	1
N	_ZNK4Aska24AppProjectDependentProxy33GetMappedMemoryManagerReturnTableEv		0	0	1
N	_ZNK4Aska24AppProjectDependentProxy33GetTextureReturnIdentifierPoolMaxEv		0	0	1
N	_ZNK4Aska24AppProjectDependentProxy34GetMappedMemoryManagerHandlerTableEv		0	0	1
N	_ZNK4Aska24AppProjectDependentProxy34GetMappedMemoryManagerMappingTableEv		0	0	1
N	_ZNK4Aska24AppProjectDependentProxy34GetMappedMemoryManagerRegisterPoolEv		0	0	1
N	_ZNK4Aska24AppProjectDependentProxy34GetTextureReturnIdentifierTableMaxEv		0	0	1
N	_ZNK4Aska24AppProjectDependentProxy35GetMappedMemoryManagerRegisterTableEv		0	0	1
N	_ZNK4Aska27HierarchicalObjectContainer11ChildObjectEi		2	2	570637
N	_ZNK4Aska27HierarchicalObjectContainer19GetChildObjectCountEv		23	23	286026
N	_ZNK4Aska28AppNetworkCommonSettingProxy16GetSocketTimeoutEv		0	0	1
N	_ZNK4Aska28AppNetworkCommonSettingProxy17GetSocketRetryNumEv		0	0	1
N	_ZNK4Aska28AppNetworkCommonSettingProxy19GetPollJobQueueSizeEv		0	0	1
N	_ZNK4Aska28AppNetworkCommonSettingProxy19GetRecvJobQueueSizeEv		0	0	1
N	_ZNK4Aska28AppNetworkCommonSettingProxy19GetSendJobQueueSizeEv		0	0	1
N	_ZNK4Aska28AppNetworkCommonSettingProxy20GetDownloadQueueSizeEv		0	0	1
N	_ZNK4Aska28AppNetworkCommonSettingProxy21GetAcceptJobQueueSizeEv		0	0	1
N	_ZNK4Aska28AppNetworkCommonSettingProxy22GetConnectJobQueueSizeEv		0	0	1
N	_ZNK4Aska28AppNetworkCommonSettingProxy22GetParallelDownloadNumEv		0	0	1
N	_ZNK4Aska28AppNetworkCommonSettingProxy23GetRecvfromJobQueueSizeEv		0	0	1
N	_ZNK4Aska39AafKeyframeData_Quaternion_Linear_U48EX8GetValueEPf		2	2	15128
N	_ZNK4Aska3Box15SquaredDistanceEPKNS_7SegmentEPfS4_S4_S4_		1	1	610
N	_ZNK4Aska4ACSV8GetValueENS0_4TypeEmmPv		26	26	887646
N	_ZNK4Aska5Event3SetEv		1302	1302	208099
N	_ZNK4Aska5Event4WaitEj		8891149	8891149	325601
N	_ZNK4Aska5Event5ResetEv		7	7	126308
N	_ZNK4Aska5Event8IsSignalEv		0	0	9
N	_ZNK4Aska5VSync15GetVSyncCounterEv		0	0	2501
N	_ZNK4Aska5VSync17GetBasicFrameRateEv		0	0	38
N	_ZNK4Aska5VSync5GetDtEi		22	22	134755
N	_ZNK4Aska6Matrix14InvertLowErrorEPS0_		81	81	178972
N	_ZNK4Aska6Matrix6PutPRSEPNS_6VectorEPNS_10QuaternionES2_		0	0	22217
N	_ZNK4Aska6Matrix9CalcEulerEPNS_6VectorE14EnumRotateType		36	36	41363
N	_ZNK4Aska6Vector11ApplyMatrixEPS0_PKNS_6MatrixE		1	1	179415
N	_ZNK4Aska7Segment15SquaredDistanceEPKNS_6VectorEPf		0	0	11804
N	_ZNK4Aska7Segment15SquaredDistanceEPKS0_PfS3_		0	0	923
N	_ZNK4Aska9AofObject15SystemColorRateEv		1	1	172422
N	_ZNK4Aska9Semaphore4WaitEv		3379872	3379872	393067
N	_ZNK4Aska9Semaphore6SignalEv		2695	2695	353757
N	_ZNK4Aska9Semaphore7IsReadyEv		0	0	2
N	_ZNK6CArena10pGetHeightEv		0	0	11
N	_ZNK6CArena11crUIManagerEv		0	0	47415
N	_ZNK6CArena12crMapManagerEv		0	0	78581
N	_ZNK6CArena13IsInitializedEv		0	0	5
N	_ZNK6CArena13crArenaCameraEv		0	0	100
N	_ZNK6CArena14IsPrecedenceSEEv		1	1	936
N	_ZNK6CArena14crPartyManagerEv		4	4	161925
N	_ZNK6CArena15IsBattleWallAllEv		0	0	2
N	_ZNK6CArena15IsSEPlaySettingEv		0	0	103
N	_ZNK6CArena15crBattleManagerEv		2	2	1468692
N	_ZNK6CArena16ClearEffectCountEh		0	0	38
N	_ZNK6CArena17EffectOthersAlphaEh		0	0	1306
N	_ZNK6CArena18IsVoicePlaySettingEv		0	0	14
N	_ZNK6CArena19GetControlCharacterEv		31	33	50571
N	_ZNK6CArena19IsEnableSettingTypeEhh		0	0	46973
N	_ZNK6CArena19crOrderGaugeManagerEv		4	4	236390
N	_ZNK6CArena20IsExistBattleManagerEv		0	0	1638
N	_ZNK6CArena22crSceneObjectContainerEv		2	2	69380
N	_ZNK6CArena29SearchCharacterObjectByHandleEj		22	23	289524
N	_ZNK6CArena6IsMainEv		10	10	20371
N	_ZNK6CArena8IsBattleEv		13	13	254400
N	_ZNK6CPhase7CurrentEv		0	0	14
N	_ZNK7CBattle15GetChangeTargetEv		0	0	9202
N	_ZNK7CBattle19IsEnableOrderButtonEv		18	38	9968
N	_ZNK8playcore13JniHelperImpl6GetEnvEv		18	18	11
N	_ZNK8playcore13JniHelperImpl8GetClassEP7_JNIEnvRKNSt6__ndk112basic_stringIcNS3_11char_traitsIcEENS3_9allocatorIcEEEE		0	1	13
N	_ZNK8playcore15StateHelperImpl19CreateDownloadStateEP7_JNIEnvP8_jobject		18	19	4
N	_ZNK8playcore16AssetPackManager17GetDownloadStatusEP23AssetPackDownloadState_		0	0	4
N	_ZNK8playcore16AssetPackManager18GetAssetPackVectorEPPKcm		0	0	2
N	_ZNK8playcore16AssetPackManager18GetBytesDownloadedEP23AssetPackDownloadState_		0	0	4
N	_ZNK8playcore16AssetPackManager20GetAssetPackLocationEPKcPP18AssetPackLocation_		0	0	2
N	_ZNK8playcore16AssetPackManager23GetTotalBytesToDownloadEP23AssetPackDownloadState_		0	0	4
N	_ZNK9Collision19CCollisionAlgorithm10IsHitCheckEPKNS_19CCollisionShapeBaseES3_RN9Framework10CSTLVectorINS0_13CollideResultEEEb		5	58	6039
N	_ZNK9Collision19CCollisionAlgorithm11Hit_Box_AcfEPKNS_19CCollisionShapeBaseEtS3_tRN9Framework10CSTLVectorINS0_13CollideResultEEEb		2	19	2165
N	_ZNK9Collision19CCollisionAlgorithm15Hit_Capsule_AcfEPKNS_19CCollisionShapeBaseEtS3_tRN9Framework10CSTLVectorINS0_13CollideResultEEEb		3	28	3469
N	_ZNK9Collision19CCollisionAlgorithm29CalcHitPoint_For_NearestPointEPKNS_19CCollisionShapeBaseES3_RN9Framework7CVectorE		2	4	1633
N	_ZNK9Collision19CCollisionContainer8GetShapeEi		9	9	15205
N	_ZNK9Framework11CQuaternion6MatrixEv		0	0	119
N	_ZNK9Framework11CTouchPanel11IsConnectedEv		23	23	39299
N	_ZNK9Framework11CTouchPanel11IsDragParamEv		0	0	10062
N	_ZNK9Framework12CEffectModel8IsEnableEv		3	3	1669098
N	_ZNK9Framework12CTimeElement2DTEv		28	30	738019
N	_ZNK9Framework12CTimeElement4RateEv		13	13	78160
N	_ZNK9Framework13CSoundManager9IsPlayingEm		7	7	57160
N	_ZNK9Framework14CEffectManager13cpSearchPieceEj		0	0	1580
N	_ZNK9Framework14CEffectManager20pEffectModelByHandleEj		94	94	56540
N	_ZNK9Framework14CEffectManager6CPiece11ApkFileNameEv		0	0	61
N	_ZNK9Framework14CEffectManager6CPiece11AsfFileNameEv		0	0	61
N	_ZNK9Framework14CEffectManager6CPiece6pModelEj		0	0	2254
N	_ZNK9Framework14CEffectManager7IsReadyEj		0	0	1224
N	_ZNK9Framework15CAnimationModel12PresentFrameEv		0	0	21
N	_ZNK9Framework15CAnimationModel12cpObjectRootEv		0	0	54
N	_ZNK9Framework15CAnimationModel14IsLoopedAtOnceEv		4	4	47061
N	_ZNK9Framework15CAnimationModel16PresentAnimationEv		11	11	48524
N	_ZNK9Framework15CAnimationModel20crAssignedAsfHandlerEv		0	0	8
N	_ZNK9Framework15CAnimationModel4FlagEv		0	0	21
N	_ZNK9Framework16CResourceManager10NumLoadingEv		11	11	730
N	_ZNK9Framework16CResourceManager15GetDefaultLevelEv		0	0	1
N	_ZNK9Framework16CResourceManager17IsReadyDirectFileEPKcPb		382	428	65634
N	_ZNK9Framework16CResourceManager27crResourceElementDirectFileEPKc		1	1	564
N	_ZNK9Framework16CResourceManager9IsLoadingEv		4	4	1461
N	_ZNK9Framework16TObjectContainerINS_6CSound8CElementEE11NumElementsEv		0	0	13470
N	_ZNK9Framework16TObjectContainerINS_6CSound8CElementEE9crElementEm		0	0	2048
N	_ZNK9Framework16TObjectContainerIP13BehaviorQueueE11NumElementsEv		0	0	2031056
N	_ZNK9Framework16TObjectContainerIP13BehaviorQueueE9crElementEm		1	1	1897856
N	_ZNK9Framework16TObjectContainerIPNS_21IFixedLengthAllocatorEE11NumElementsEv		0	0	1911
N	_ZNK9Framework21TFixedLengthAllocatorILm128EE6IsMineEPv		0	0	469
N	_ZNK9Framework21TFixedLengthAllocatorILm16EE6IsMineEPv		0	0	182
N	_ZNK9Framework21TFixedLengthAllocatorILm192EE6IsMineEPv		0	0	105
N	_ZNK9Framework21TFixedLengthAllocatorILm32EE6IsMineEPv		0	0	182
N	_ZNK9Framework22CDirectAofTextRenderer10PutCounterEv		4	4	92069
N	_ZNK9Framework22CDirectAofTextRenderer14CalcStringRectEPKcff		8	60	11320
N	_ZNK9Framework22CDirectAofTextRenderer9CharCountEv		0	0	92069
N	_ZNK9Framework22CInteroperateParameter12ConvertToRowEPKc		11	11	887694
N	_ZNK9Framework22CInteroperateParameter7IsExistEPKc		98	98	303186
N	_ZNK9Framework24CAnimationBlendContainer11NumElementsEv		20	20	127968
N	_ZNK9Framework24CAnimationBlendContainer12pSearchEmptyEv		0	0	415
N	_ZNK9Framework24CAnimationBlendContainer9OrAllFlagEv		20	36	48524
N	_ZNK9Framework24CAnimationBlendContainer9crElementEi		5	5	48548
N	_ZNK9Framework27CDirectAofPrimitiveRenderer13NumPrimitivesEv		2	2	94419
N	_ZNK9Framework27CDirectAofPrimitiveRenderer16crDirectMaterialEv		0	0	323
N	_ZNK9Framework27CDirectAofPrimitiveRenderer9cpTextureEv		7	7	173052
N	_ZNK9Framework4CPad8NumUnitsEv		1	1	39299
N	_ZNK9Framework5CACSV10NumColumnsEv		0	0	149
N	_ZNK9Framework5CACSV6StringEmm		0	0	3862
N	_ZNK9Framework5CACSV7NumRowsEv		0	0	298
N	_ZNK9Framework5CACSV8IsStringEmm		0	0	3862
N	_ZNK9Framework5Cocos10CCocosNode12GetBasicRectEb		10	12	26689
N	_ZNK9Framework5Cocos10CCocosNode13GetLayoutSizeEv		4	4	18445
N	_ZNK9Framework5Cocos10CCocosNode14ColorHierarchyEv		1	1	46754
N	_ZNK9Framework5Cocos10CCocosNode14GetWorldMatrixEb		48	52	132868
N	_ZNK9Framework5Cocos10CCocosNode16OpacityHierarchyEv		1	1	96912
N	_ZNK9Framework5Cocos10CCocosNode16VisibleHierarchyEv		3	3	31346
N	_ZNK9Framework5Cocos10CCocosNode17GetLayoutPositionEv		0	0	3
N	_ZNK9Framework5Cocos10CCocosNode8HitCheckERKNS_5CRectE		0	0	207
N	_ZNK9Framework5Cocos10CCocosNode8HitCheckERKNS_8CVector2E		8	42	7085
N	_ZNK9Framework5Cocos11CCocosPanel15GetClippingRectEv		0	1	153
N	_ZNK9Framework5Cocos11CCocosScene16GetSizeOfImageUVERNS_9CSTLArrayINS_8CVector2ELm2EEERKNSt6__ndk112basic_stringIcNS6_11char_traitsIcEENS_13CSTLAllocatorIcNS_22CSTLStringAllocatorInfEEEEE		9	11	13608
N	_ZNK9Framework5Cocos11CCocosScene7ImageUVERKNSt6__ndk112basic_stringIcNS2_11char_traitsIcEENS_13CSTLAllocatorIcNS_22CSTLStringAllocatorInfEEEEEbb		9	43	32934
N	_ZNK9Framework5Cocos11CCocosScene9ImageSizeERKNSt6__ndk112basic_stringIcNS2_11char_traitsIcEENS_13CSTLAllocatorIcNS_22CSTLStringAllocatorInfEEEEE		10	49	33720
N	_ZNK9Framework5Cocos11CCocosScene9ImageSizeERKNSt6__ndk112basic_stringIcNS2_11char_traitsIcEENS_13CSTLAllocatorIcNS_22CSTLStringAllocatorInfEEEEEPb		5	31	34907
N	_ZNK9Framework5Cocos12CCocosSprite15IsExternalImageEv		1	1	140460
N	_ZNK9Framework5Cocos12CCocosSprite23GetRenderState_DrawSelfERNS0_8Blending13tRenderResultE		0	0	11196
N	_ZNK9Framework5Cocos14CCocosParticle14GetRenderCountEv		0	0	12
N	_ZNK9Framework5Cocos23CCocosTimelineAnimation9GetHandleERKNSt6__ndk112basic_stringIcNS2_11char_traitsIcEENS_13CSTLAllocatorIcNS_22CSTLStringAllocatorInfEEEEE		10	10	40398
N	_ZNK9Framework7CCamera10rSubstanceEv		5	5	74057
N	_ZNK9Framework7CHash323GetEv		0	0	58384
N	_ZNK9Framework7CHash32cvjEv		1	1	118403
N	_ZNK9Framework7CHash32eqERKS0_		0	0	69413
N	_ZNK9Framework7CHash32eqERKj		0	0	44922
N	_ZNK9Framework7CMatrix10GetInverseEv		0	0	987
N	_ZNK9Framework7CMatrix13ExtractRotateEv		8	8	134917
N	_ZNK9Framework7CMatrix6AngleYEv		3	3	9874
N	_ZNK9Framework7CMatrix7IsLegalEv		0	0	14
N	_ZNK9Framework7CMatrix9TranslateEv		2	2	1181079
N	_ZNK9Framework7CVector7IsLegalEv		1	1	63613
N	_ZNSt6__ndk112__hash_tableINS_17__hash_value_typeINS_12basic_stringIcNS_11char_traitsIcEEN9Framework13CSTLAllocatorIcNS5_22CSTLStringAllocatorInfEEEEE22CParameterSoundElementEENS_22__unordered_map_hasherIS9_SB_NS_4hashIS9_EELb1EEENS_21__unordered_map_equalIS9_SB_NS_8equal_toIS9_EELb1EEENS6_ISB_NS5_28CSTLUnorderedMapAllocatorInfEEEE4findIS9_EENS_15__hash_iteratorIPNS_11__hash_nodeISB_PvEEEERKT_		2	2	45338
N	_ZNSt6__ndk112__hash_tableINS_17__hash_value_typeINS_12basic_stringIcNS_11char_traitsIcEEN9Framework13CSTLAllocatorIcNS5_22CSTLStringAllocatorInfEEEEE36CParameterCocosCommonResourceElementEENS_22__unordered_map_hasherIS9_SB_NS_4hashIS9_EELb1EEENS_21__unordered_map_equalIS9_SB_NS_8equal_toIS9_EELb1EEENS6_ISB_NS5_28CSTLUnorderedMapAllocatorInfEEEE4findIS9_EENS_15__hash_iteratorIPNS_11__hash_nodeISB_PvEEEERKT_		0	0	26
N	_ZNSt6__ndk112__hash_tableINS_17__hash_value_typeINS_12basic_stringIcNS_11char_traitsIcEEN9Framework13CSTLAllocatorIcNS5_22CSTLStringAllocatorInfEEEEEN14CMasterManager6StatusEEENS_22__unordered_map_hasherIS9_SC_NS_4hashIS9_EELb1EEENS_21__unordered_map_equalIS9_SC_NS_8equal_toIS9_EELb1EEENS6_ISC_NS5_28CSTLUnorderedMapAllocatorInfEEEE4findIS9_EENS_15__hash_iteratorIPNS_11__hash_nodeISC_PvEEEERKT_		0	0	278
N	_ZNSt6__ndk112__hash_tableINS_17__hash_value_typeINS_12basic_stringIcNS_11char_traitsIcEEN9Framework13CSTLAllocatorIcNS5_22CSTLStringAllocatorInfEEEEENS5_16CSTLUnorderedMapIS9_N13CSoundManager11tSoundImageENS_4hashIS9_EENS_8equal_toIS9_EEEEEENS_22__unordered_map_hasherIS9_SI_SE_Lb1EEENS_21__unordered_map_equalIS9_SI_SG_Lb1EEENS6_ISI_NS5_28CSTLUnorderedMapAllocatorInfEEEE4findIS9_EENS_15__hash_iteratorIPNS_11__hash_nodeISI_PvEEEERKT_		0	0	59
N	_ZNSt6__ndk112__hash_tableINS_17__hash_value_typeINS_12basic_stringIcNS_11char_traitsIcEEN9Framework13CSTLAllocatorIcNS5_22CSTLStringAllocatorInfEEEEENS5_8CSTLListINS_4pairImiEEEEEENS_22__unordered_map_hasherIS9_SE_NS_4hashIS9_EELb1EEENS_21__unordered_map_equalIS9_SE_NS_8equal_toIS9_EELb1EEENS6_ISE_NS5_28CSTLUnorderedMapAllocatorInfEEEE4findIS9_EENS_15__hash_iteratorIPNS_11__hash_nodeISE_PvEEEERKT_		0	0	1022
N	_ZNSt6__ndk112__hash_tableINS_17__hash_value_typeINS_12basic_stringIcNS_11char_traitsIcEEN9Framework13CSTLAllocatorIcNS5_22CSTLStringAllocatorInfEEEEENS_4pairIjjEEEENS_22__unordered_map_hasherIS9_SC_NS_4hashIS9_EELb1EEENS_21__unordered_map_equalIS9_SC_NS_8equal_toIS9_EELb1EEENS6_ISC_NS5_28CSTLUnorderedMapAllocatorInfEEEE4findIS9_EENS_15__hash_iteratorIPNS_11__hash_nodeISC_PvEEEERKT_		0	0	961
N	_ZNSt6__ndk112__hash_tableINS_17__hash_value_typeINS_12basic_stringIcNS_11char_traitsIcEEN9Framework13CSTLAllocatorIcNS5_22CSTLStringAllocatorInfEEEEEPN13EventScenario18CEventScenarioBase16tCustomAnimationEEENS_22__unordered_map_hasherIS9_SE_NS_4hashIS9_EELb1EEENS_21__unordered_map_equalIS9_SE_NS_8equal_toIS9_EELb1EEENS6_ISE_NS5_28CSTLUnorderedMapAllocatorInfEEEE4findIS9_EENS_15__hash_iteratorIPNS_11__hash_nodeISE_PvEEEERKT_		0	0	46
N	_ZNSt6__ndk112__hash_tableINS_17__hash_value_typeINS_12basic_stringIcNS_11char_traitsIcEEN9Framework13CSTLAllocatorIcNS5_22CSTLStringAllocatorInfEEEEEPNS5_5Cocos16CSimpleAifLoaderEEENS_22__unordered_map_hasherIS9_SD_NS_4hashIS9_EELb1EEENS_21__unordered_map_equalIS9_SD_NS_8equal_toIS9_EELb1EEENS6_ISD_NS5_28CSTLUnorderedMapAllocatorInfEEEE4findIS9_EENS_15__hash_iteratorIPNS_11__hash_nodeISD_PvEEEERKT_		42	42	35931
N	_ZNSt6__ndk112__hash_tableINS_17__hash_value_typeINS_12basic_stringIcNS_11char_traitsIcEEN9Framework13CSTLAllocatorIcNS5_22CSTLStringAllocatorInfEEEEEPNS5_5Cocos21CCocosEventDispatcher20CEventListenerVectorEEENS_22__unordered_map_hasherIS9_SE_NS_4hashIS9_EELb1EEENS_21__unordered_map_equalIS9_SE_NS_8equal_toIS9_EELb1EEENS6_ISE_NS5_28CSTLUnorderedMapAllocatorInfEEEE4findIS9_EENS_15__hash_iteratorIPNS_11__hash_nodeISE_PvEEEERKT_		2	2	6971
N	_ZNSt6__ndk112__hash_tableINS_17__hash_value_typeIj16StringDBEelementEENS_22__unordered_map_hasherIjS3_NS_4hashIjEELb1EEENS_21__unordered_map_equalIjS3_NS_8equal_toIjEELb1EEEN9Framework13CSTLAllocatorIS3_NSC_28CSTLUnorderedMapAllocatorInfEEEE6rehashEm		0	0	187
N	_ZNSt6__ndk112__hash_tableINS_17__hash_value_typeIj20CMasterHome3DElementEENS_22__unordered_map_hasherIjS3_NS_4hashIjEELb1EEENS_21__unordered_map_equalIjS3_NS_8equal_toIjEELb1EEEN9Framework13CSTLAllocatorIS3_NSC_28CSTLUnorderedMapAllocatorInfEEEE6rehashEm		0	0	3
N	_ZNSt6__ndk112__hash_tableINS_17__hash_value_typeIj23CMasterSphere211ElementEENS_22__unordered_map_hasherIjS3_NS_4hashIjEELb1EEENS_21__unordered_map_equalIjS3_NS_8equal_toIjEELb1EEEN9Framework13CSTLAllocatorIS3_NSC_28CSTLUnorderedMapAllocatorInfEEEE6rehashEm		0	0	1
N	_ZNSt6__ndk112__hash_tableINS_17__hash_value_typeIj25CMasterParameterAIElementEENS_22__unordered_map_hasherIjS3_NS_4hashIjEELb1EEENS_21__unordered_map_equalIjS3_NS_8equal_toIjEELb1EEEN9Framework13CSTLAllocatorIS3_NSC_28CSTLUnorderedMapAllocatorInfEEEE6rehashEm		0	0	31
N	_ZNSt6__ndk112__hash_tableINS_17__hash_value_typeIj26CMasterMissionBoardElementEENS_22__unordered_map_hasherIjS3_NS_4hashIjEELb1EEENS_21__unordered_map_equalIjS3_NS_8equal_toIjEELb1EEEN9Framework13CSTLAllocatorIS3_NSC_28CSTLUnorderedMapAllocatorInfEEEE6rehashEm		0	0	2
N	_ZNSt6__ndk112__hash_tableINS_17__hash_value_typeIj26CMasterParameterMapElementEENS_22__unordered_map_hasherIjS3_NS_4hashIjEELb1EEENS_21__unordered_map_equalIjS3_NS_8equal_toIjEELb1EEEN9Framework13CSTLAllocatorIS3_NSC_28CSTLUnorderedMapAllocatorInfEEEE6rehashEm		0	0	1
N	_ZNSt6__ndk112__hash_tableINS_17__hash_value_typeIj27CMasterParameterAreaElementEENS_22__unordered_map_hasherIjS3_NS_4hashIjEELb1EEENS_21__unordered_map_equalIjS3_NS_8equal_toIjEELb1EEEN9Framework13CSTLAllocatorIS3_NSC_28CSTLUnorderedMapAllocatorInfEEEE6rehashEm		0	0	11
N	_ZNSt6__ndk112__hash_tableINS_17__hash_value_typeIj27CMasterParameterItemElementEENS_22__unordered_map_hasherIjS3_NS_4hashIjEELb1EEENS_21__unordered_map_equalIjS3_NS_8equal_toIjEELb1EEEN9Framework13CSTLAllocatorIS3_NSC_28CSTLUnorderedMapAllocatorInfEEEE6rehashEm		0	0	3
N	_ZNSt6__ndk112__hash_tableINS_17__hash_value_typeIj27CMasterParameterRankElementEENS_22__unordered_map_hasherIjS3_NS_4hashIjEELb1EEENS_21__unordered_map_equalIjS3_NS_8equal_toIjEELb1EEEN9Framework13CSTLAllocatorIS3_NSC_28CSTLUnorderedMapAllocatorInfEEEE6rehashEm		0	0	4
N	_ZNSt6__ndk112__hash_tableINS_17__hash_value_typeIj27CMasterParameterRoleElementEENS_22__unordered_map_hasherIjS3_NS_4hashIjEELb1EEENS_21__unordered_map_equalIjS3_NS_8equal_toIjEELb1EEEN9Framework13CSTLAllocatorIS3_NSC_28CSTLUnorderedMapAllocatorInfEEEE6rehashEm		0	0	14
N	_ZNSt6__ndk112__hash_tableINS_17__hash_value_typeIj28CMasterParameterSkillElementEENS_22__unordered_map_hasherIjS3_NS_4hashIjEELb1EEENS_21__unordered_map_equalIjS3_NS_8equal_toIjEELb1EEEN9Framework13CSTLAllocatorIS3_NSC_28CSTLUnorderedMapAllocatorInfEEEE6rehashEm		0	0	86
N	_ZNSt6__ndk112__hash_tableINS_17__hash_value_typeIj28CMasterParameterVoiceElementEENS_22__unordered_map_hasherIjS3_NS_4hashIjEELb1EEENS_21__unordered_map_equalIjS3_NS_8equal_toIjEELb1EEEN9Framework13CSTLAllocatorIS3_NSC_28CSTLUnorderedMapAllocatorInfEEEE6rehashEm		0	0	24
N	_ZNSt6__ndk112__hash_tableINS_17__hash_value_typeIj29CMasterParameterEffectElementEENS_22__unordered_map_hasherIjS3_NS_4hashIjEELb1EEENS_21__unordered_map_equalIjS3_NS_8equal_toIjEELb1EEEN9Framework13CSTLAllocatorIS3_NSC_28CSTLUnorderedMapAllocatorInfEEEE6rehashEm		0	0	15
N	_ZNSt6__ndk112__hash_tableINS_17__hash_value_typeIj29CMasterParameterFactorElementEENS_22__unordered_map_hasherIjS3_NS_4hashIjEELb1EEENS_21__unordered_map_equalIjS3_NS_8equal_toIjEELb1EEEN9Framework13CSTLAllocatorIS3_NSC_28CSTLUnorderedMapAllocatorInfEEEE6rehashEm		0	0	18
N	_ZNSt6__ndk112__hash_tableINS_17__hash_value_typeIj29CMasterParameterGlobalElementEENS_22__unordered_map_hasherIjS3_NS_4hashIjEELb1EEENS_21__unordered_map_equalIjS3_NS_8equal_toIjEELb1EEEN9Framework13CSTLAllocatorIS3_NSC_28CSTLUnorderedMapAllocatorInfEEEE6rehashEm		0	0	2
N	_ZNSt6__ndk112__hash_tableINS_17__hash_value_typeIj29CMasterParameterPersonElementEENS_22__unordered_map_hasherIjS3_NS_4hashIjEELb1EEENS_21__unordered_map_equalIjS3_NS_8equal_toIjEELb1EEEN9Framework13CSTLAllocatorIS3_NSC_28CSTLUnorderedMapAllocatorInfEEEE6rehashEm		0	0	16
N	_ZNSt6__ndk112__hash_tableINS_17__hash_value_typeIj29CMasterParameterPlanetElementEENS_22__unordered_map_hasherIjS3_NS_4hashIjEELb1EEENS_21__unordered_map_equalIjS3_NS_8equal_toIjEELb1EEEN9Framework13CSTLAllocatorIS3_NSC_28CSTLUnorderedMapAllocatorInfEEEE6rehashEm		0	0	5
N	_ZNSt6__ndk112__hash_tableINS_17__hash_value_typeIj29CMasterParameterSignalElementEENS_22__unordered_map_hasherIjS3_NS_4hashIjEELb1EEENS_21__unordered_map_equalIjS3_NS_8equal_toIjEELb1EEEN9Framework13CSTLAllocatorIS3_NSC_28CSTLUnorderedMapAllocatorInfEEEE6rehashEm		0	0	91
N	_ZNSt6__ndk112__hash_tableINS_17__hash_value_typeIj29CMasterParameterTalentElementEENS_22__unordered_map_hasherIjS3_NS_4hashIjEELb1EEENS_21__unordered_map_equalIjS3_NS_8equal_toIjEELb1EEEN9Framework13CSTLAllocatorIS3_NSC_28CSTLUnorderedMapAllocatorInfEEEE6rehashEm		0	0	8
N	_ZNSt6__ndk112__hash_tableINS_17__hash_value_typeIj29CMasterParameterWeaponElementEENS_22__unordered_map_hasherIjS3_NS_4hashIjEELb1EEENS_21__unordered_map_equalIjS3_NS_8equal_toIjEELb1EEEN9Framework13CSTLAllocatorIS3_NSC_28CSTLUnorderedMapAllocatorInfEEEE6rehashEm		0	0	6
N	_ZNSt6__ndk112__hash_tableINS_17__hash_value_typeIj30CMasterParameterMenuBGMElementEENS_22__unordered_map_hasherIjS3_NS_4hashIjEELb1EEENS_21__unordered_map_equalIjS3_NS_8equal_toIjEELb1EEEN9Framework13CSTLAllocatorIS3_NSC_28CSTLUnorderedMapAllocatorInfEEEE6rehashEm		0	0	10
N	_ZNSt6__ndk112__hash_tableINS_17__hash_value_typeIj30CMasterParameterMissionElementEENS_22__unordered_map_hasherIjS3_NS_4hashIjEELb1EEENS_21__unordered_map_equalIjS3_NS_8equal_toIjEELb1EEEN9Framework13CSTLAllocatorIS3_NSC_28CSTLUnorderedMapAllocatorInfEEEE6rehashEm		0	0	10
N	_ZNSt6__ndk112__hash_tableINS_17__hash_value_typeIj30CMasterParameterNpcBaseElementEENS_22__unordered_map_hasherIjS3_NS_4hashIjEELb1EEENS_21__unordered_map_equalIjS3_NS_8equal_toIjEELb1EEEN9Framework13CSTLAllocatorIS3_NSC_28CSTLUnorderedMapAllocatorInfEEEE6rehashEm		0	0	3
N	_ZNSt6__ndk112__hash_tableINS_17__hash_value_typeIj31CMasterEventRankingGroupElementEENS_22__unordered_map_hasherIjS3_NS_4hashIjEELb1EEENS_21__unordered_map_equalIjS3_NS_8equal_toIjEELb1EEEN9Framework13CSTLAllocatorIS3_NSC_28CSTLUnorderedMapAllocatorInfEEEE6rehashEm		0	0	1
N	_ZNSt6__ndk112__hash_tableINS_17__hash_value_typeIj32CMasterParameterEnemyBaseElementEENS_22__unordered_map_hasherIjS3_NS_4hashIjEELb1EEENS_21__unordered_map_equalIjS3_NS_8equal_toIjEELb1EEEN9Framework13CSTLAllocatorIS3_NSC_28CSTLUnorderedMapAllocatorInfEEEE6rehashEm		0	0	4
N	_ZNSt6__ndk112__hash_tableINS_17__hash_value_typeIj32CMasterParameterEventTermElementEENS_22__unordered_map_hasherIjS3_NS_4hashIjEELb1EEENS_21__unordered_map_equalIjS3_NS_8equal_toIjEELb1EEEN9Framework13CSTLAllocatorIS3_NSC_28CSTLUnorderedMapAllocatorInfEEEE6rehashEm		0	0	1
N	_ZNSt6__ndk112__hash_tableINS_17__hash_value_typeIj32CMasterParameterWinCameraElementEENS_22__unordered_map_hasherIjS3_NS_4hashIjEELb1EEENS_21__unordered_map_equalIjS3_NS_8equal_toIjEELb1EEEN9Framework13CSTLAllocatorIS3_NSC_28CSTLUnorderedMapAllocatorInfEEEE6rehashEm		0	0	6
N	_ZNSt6__ndk112__hash_tableINS_17__hash_value_typeIj33CMasterParameterEnemyPartyElementEENS_22__unordered_map_hasherIjS3_NS_4hashIjEELb1EEENS_21__unordered_map_equalIjS3_NS_8equal_toIjEELb1EEEN9Framework13CSTLAllocatorIS3_NSC_28CSTLUnorderedMapAllocatorInfEEEE6rehashEm		0	0	4
N	_ZNSt6__ndk112__hash_tableINS_17__hash_value_typeIj33CMasterParameterFactorSeedElementEENS_22__unordered_map_hasherIjS3_NS_4hashIjEELb1EEENS_21__unordered_map_equalIjS3_NS_8equal_toIjEELb1EEEN9Framework13CSTLAllocatorIS3_NSC_28CSTLUnorderedMapAllocatorInfEEEE6rehashEm		0	0	2
N	_ZNSt6__ndk112__hash_tableINS_17__hash_value_typeIj33CMasterParameterFavorLevelElementEENS_22__unordered_map_hasherIjS3_NS_4hashIjEELb1EEENS_21__unordered_map_equalIjS3_NS_8equal_toIjEELb1EEEN9Framework13CSTLAllocatorIS3_NSC_28CSTLUnorderedMapAllocatorInfEEEE6rehashEm		0	0	1
N	_ZNSt6__ndk112__hash_tableINS_17__hash_value_typeIj33CMasterParameterMissionNpcElementEENS_22__unordered_map_hasherIjS3_NS_4hashIjEELb1EEENS_21__unordered_map_equalIjS3_NS_8equal_toIjEELb1EEEN9Framework13CSTLAllocatorIS3_NSC_28CSTLUnorderedMapAllocatorInfEEEE6rehashEm		0	0	3
N	_ZNSt6__ndk112__hash_tableINS_17__hash_value_typeIj33CMasterParameterWeaponKindElementEENS_22__unordered_map_hasherIjS3_NS_4hashIjEELb1EEENS_21__unordered_map_equalIjS3_NS_8equal_toIjEELb1EEEN9Framework13CSTLAllocatorIS3_NSC_28CSTLUnorderedMapAllocatorInfEEEE6rehashEm		0	0	8
N	_ZNSt6__ndk112__hash_tableINS_17__hash_value_typeIj34CMasterParameterAchievementElementEENS_22__unordered_map_hasherIjS3_NS_4hashIjEELb1EEENS_21__unordered_map_equalIjS3_NS_8equal_toIjEELb1EEEN9Framework13CSTLAllocatorIS3_NSC_28CSTLUnorderedMapAllocatorInfEEEE6rehashEm		0	0	1
N	_ZNSt6__ndk112__hash_tableINS_17__hash_value_typeIj34CMasterParameterEnemyCommonElementEENS_22__unordered_map_hasherIjS3_NS_4hashIjEELb1EEENS_21__unordered_map_equalIjS3_NS_8equal_toIjEELb1EEEN9Framework13CSTLAllocatorIS3_NSC_28CSTLUnorderedMapAllocatorInfEEEE6rehashEm		0	0	2
N	_ZNSt6__ndk112__hash_tableINS_17__hash_value_typeIj34CMasterParameterEventWeeklyElementEENS_22__unordered_map_hasherIjS3_NS_4hashIjEELb1EEENS_21__unordered_map_equalIjS3_NS_8equal_toIjEELb1EEEN9Framework13CSTLAllocatorIS3_NSC_28CSTLUnorderedMapAllocatorInfEEEE6rehashEm		0	0	1
N	_ZNSt6__ndk112__hash_tableINS_17__hash_value_typeIj34CMasterParameterHeatUpBonusElementEENS_22__unordered_map_hasherIjS3_NS_4hashIjEELb1EEENS_21__unordered_map_equalIjS3_NS_8equal_toIjEELb1EEEN9Framework13CSTLAllocatorIS3_NSC_28CSTLUnorderedMapAllocatorInfEEEE6rehashEm		0	0	1
N	_ZNSt6__ndk112__hash_tableINS_17__hash_value_typeIj34CMasterParameterHomeMessageElementEENS_22__unordered_map_hasherIjS3_NS_4hashIjEELb1EEENS_21__unordered_map_equalIjS3_NS_8equal_toIjEELb1EEEN9Framework13CSTLAllocatorIS3_NSC_28CSTLUnorderedMapAllocatorInfEEEE6rehashEm		0	0	1
N	_ZNSt6__ndk112__hash_tableINS_17__hash_value_typeIj34CMasterParameterItemComposeElementEENS_22__unordered_map_hasherIjS3_NS_4hashIjEELb1EEENS_21__unordered_map_equalIjS3_NS_8equal_toIjEELb1EEEN9Framework13CSTLAllocatorIS3_NSC_28CSTLUnorderedMapAllocatorInfEEEE6rehashEm		0	0	1
N	_ZNSt6__ndk112__hash_tableINS_17__hash_value_typeIj34CMasterParameterPlayerLevelElementEENS_22__unordered_map_hasherIjS3_NS_4hashIjEELb1EEENS_21__unordered_map_equalIjS3_NS_8equal_toIjEELb1EEEN9Framework13CSTLAllocatorIS3_NSC_28CSTLUnorderedMapAllocatorInfEEEE6rehashEm		0	0	2
N	_ZNSt6__ndk112__hash_tableINS_17__hash_value_typeIj34CMasterParameterStageLayoutElementEENS_22__unordered_map_hasherIjS3_NS_4hashIjEELb1EEENS_21__unordered_map_equalIjS3_NS_8equal_toIjEELb1EEEN9Framework13CSTLAllocatorIS3_NSC_28CSTLUnorderedMapAllocatorInfEEEE6rehashEm		0	0	1
N	_ZNSt6__ndk112__hash_tableINS_17__hash_value_typeIj35CMasterParameterAttackActionElementEENS_22__unordered_map_hasherIjS3_NS_4hashIjEELb1EEENS_21__unordered_map_equalIjS3_NS_8equal_toIjEELb1EEEN9Framework13CSTLAllocatorIS3_NSC_28CSTLUnorderedMapAllocatorInfEEEE6rehashEm		1	1	65
N	_ZNSt6__ndk112__hash_tableINS_17__hash_value_typeIj35CMasterParameterBattleGlobalElementEENS_22__unordered_map_hasherIjS3_NS_4hashIjEELb1EEENS_21__unordered_map_equalIjS3_NS_8equal_toIjEELb1EEEN9Framework13CSTLAllocatorIS3_NSC_28CSTLUnorderedMapAllocatorInfEEEE6rehashEm		0	0	1
N	_ZNSt6__ndk112__hash_tableINS_17__hash_value_typeIj35CMasterParameterMissionStageElementEENS_22__unordered_map_hasherIjS3_NS_4hashIjEELb1EEENS_21__unordered_map_equalIjS3_NS_8equal_toIjEELb1EEEN9Framework13CSTLAllocatorIS3_NSC_28CSTLUnorderedMapAllocatorInfEEEE6rehashEm		0	0	7
N	_ZNSt6__ndk112__hash_tableINS_17__hash_value_typeIj36CMasterParameterAIAppointMoveElementEENS_22__unordered_map_hasherIjS3_NS_4hashIjEELb1EEENS_21__unordered_map_equalIjS3_NS_8equal_toIjEELb1EEEN9Framework13CSTLAllocatorIS3_NSC_28CSTLUnorderedMapAllocatorInfEEEE6rehashEm		0	0	2
N	_ZNSt6__ndk112__hash_tableINS_17__hash_value_typeIj37CMasterParameterSkillParameterElementEENS_22__unordered_map_hasherIjS3_NS_4hashIjEELb1EEENS_21__unordered_map_equalIjS3_NS_8equal_toIjEELb1EEEN9Framework13CSTLAllocatorIS3_NSC_28CSTLUnorderedMapAllocatorInfEEEE6rehashEm		0	0	86
N	_ZNSt6__ndk112__hash_tableINS_17__hash_value_typeIj38CMasterParameterMenuCommonVoiceElementEENS_22__unordered_map_hasherIjS3_NS_4hashIjEELb1EEENS_21__unordered_map_equalIjS3_NS_8equal_toIjEELb1EEEN9Framework13CSTLAllocatorIS3_NSC_28CSTLUnorderedMapAllocatorInfEEEE6rehashEm		0	0	13
N	_ZNSt6__ndk112__hash_tableINS_17__hash_value_typeIjN6CArena9tFootStepEEENS_22__unordered_map_hasherIjS4_NS_4hashIjEELb1EEENS_21__unordered_map_equalIjS4_NS_8equal_toIjEELb1EEEN9Framework13CSTLAllocatorIS4_NSD_28CSTLUnorderedMapAllocatorInfEEEE6rehashEm		0	0	2
N	_ZNSt6__ndk112__hash_tableINS_17__hash_value_typeIjN9Parameter15SignalParameterEEENS_22__unordered_map_hasherIjS4_NS_4hashIjEELb1EEENS_21__unordered_map_equalIjS4_NS_8equal_toIjEELb1EEEN9Framework13CSTLAllocatorIS4_NSD_28CSTLUnorderedMapAllocatorInfEEEE6rehashEm		0	0	28
N	_ZNSt6__ndk112__hash_tableINS_17__hash_value_typeIjNS_10shared_ptrI16StringDBEelementEEEENS_22__unordered_map_hasherIjS5_NS_4hashIjEELb1EEENS_21__unordered_map_equalIjS5_NS_8equal_toIjEELb1EEEN9Framework13CSTLAllocatorIS5_NSE_28CSTLUnorderedMapAllocatorInfEEEE6rehashEm		0	0	14
N	_ZNSt6__ndk112__hash_tableINS_17__hash_value_typeIjNS_10shared_ptrI23CMasterSphere211ElementEEEENS_22__unordered_map_hasherIjS5_NS_4hashIjEELb1EEENS_21__unordered_map_equalIjS5_NS_8equal_toIjEELb1EEEN9Framework13CSTLAllocatorIS5_NSE_28CSTLUnorderedMapAllocatorInfEEEE6rehashEm		0	0	1
N	_ZNSt6__ndk112__hash_tableINS_17__hash_value_typeIjNS_10shared_ptrI26CMasterParameterMapElementEEEENS_22__unordered_map_hasherIjS5_NS_4hashIjEELb1EEENS_21__unordered_map_equalIjS5_NS_8equal_toIjEELb1EEEN9Framework13CSTLAllocatorIS5_NSE_28CSTLUnorderedMapAllocatorInfEEEE6rehashEm		0	0	1
N	_ZNSt6__ndk112__hash_tableINS_17__hash_value_typeIjNS_10shared_ptrI27CMasterParameterAreaElementEEEENS_22__unordered_map_hasherIjS5_NS_4hashIjEELb1EEENS_21__unordered_map_equalIjS5_NS_8equal_toIjEELb1EEEN9Framework13CSTLAllocatorIS5_NSE_28CSTLUnorderedMapAllocatorInfEEEE6rehashEm		0	0	2
N	_ZNSt6__ndk112__hash_tableINS_17__hash_value_typeIjNS_10shared_ptrI27CMasterParameterItemElementEEEENS_22__unordered_map_hasherIjS5_NS_4hashIjEELb1EEENS_21__unordered_map_equalIjS5_NS_8equal_toIjEELb1EEEN9Framework13CSTLAllocatorIS5_NSE_28CSTLUnorderedMapAllocatorInfEEEE6rehashEm		0	0	2
N	_ZNSt6__ndk112__hash_tableINS_17__hash_value_typeIjNS_10shared_ptrI27CMasterParameterRoleElementEEEENS_22__unordered_map_hasherIjS5_NS_4hashIjEELb1EEENS_21__unordered_map_equalIjS5_NS_8equal_toIjEELb1EEEN9Framework13CSTLAllocatorIS5_NSE_28CSTLUnorderedMapAllocatorInfEEEE6rehashEm		0	0	3
N	_ZNSt6__ndk112__hash_tableINS_17__hash_value_typeIjNS_10shared_ptrI28CMasterParameterTitleElementEEEENS_22__unordered_map_hasherIjS5_NS_4hashIjEELb1EEENS_21__unordered_map_equalIjS5_NS_8equal_toIjEELb1EEEN9Framework13CSTLAllocatorIS5_NSE_28CSTLUnorderedMapAllocatorInfEEEE6rehashEm		0	0	1
N	_ZNSt6__ndk112__hash_tableINS_17__hash_value_typeIjNS_10shared_ptrI29CMasterParameterEffectElementEEEENS_22__unordered_map_hasherIjS5_NS_4hashIjEELb1EEENS_21__unordered_map_equalIjS5_NS_8equal_toIjEELb1EEEN9Framework13CSTLAllocatorIS5_NSE_28CSTLUnorderedMapAllocatorInfEEEE6rehashEm		0	0	1
N	_ZNSt6__ndk112__hash_tableINS_17__hash_value_typeIjNS_10shared_ptrI29CMasterParameterGlobalElementEEEENS_22__unordered_map_hasherIjS5_NS_4hashIjEELb1EEENS_21__unordered_map_equalIjS5_NS_8equal_toIjEELb1EEEN9Framework13CSTLAllocatorIS5_NSE_28CSTLUnorderedMapAllocatorInfEEEE6rehashEm		0	0	2
N	_ZNSt6__ndk112__hash_tableINS_17__hash_value_typeIjNS_10shared_ptrI29CMasterParameterPersonElementEEEENS_22__unordered_map_hasherIjS5_NS_4hashIjEELb1EEENS_21__unordered_map_equalIjS5_NS_8equal_toIjEELb1EEEN9Framework13CSTLAllocatorIS5_NSE_28CSTLUnorderedMapAllocatorInfEEEE6rehashEm		0	0	4
N	_ZNSt6__ndk112__hash_tableINS_17__hash_value_typeIjNS_10shared_ptrI29CMasterParameterPlanetElementEEEENS_22__unordered_map_hasherIjS5_NS_4hashIjEELb1EEENS_21__unordered_map_equalIjS5_NS_8equal_toIjEELb1EEEN9Framework13CSTLAllocatorIS5_NSE_28CSTLUnorderedMapAllocatorInfEEEE6rehashEm		0	0	2
N	_ZNSt6__ndk112__hash_tableINS_17__hash_value_typeIjNS_10shared_ptrI29CMasterParameterTalentElementEEEENS_22__unordered_map_hasherIjS5_NS_4hashIjEELb1EEENS_21__unordered_map_equalIjS5_NS_8equal_toIjEELb1EEEN9Framework13CSTLAllocatorIS5_NSE_28CSTLUnorderedMapAllocatorInfEEEE6rehashEm		0	0	3
N	_ZNSt6__ndk112__hash_tableINS_17__hash_value_typeIjNS_10shared_ptrI29CMasterParameterWeaponElementEEEENS_22__unordered_map_hasherIjS5_NS_4hashIjEELb1EEENS_21__unordered_map_equalIjS5_NS_8equal_toIjEELb1EEEN9Framework13CSTLAllocatorIS5_NSE_28CSTLUnorderedMapAllocatorInfEEEE6rehashEm		0	0	2
N	_ZNSt6__ndk112__hash_tableINS_17__hash_value_typeIjNS_10shared_ptrI30CMasterParameterMissionElementEEEENS_22__unordered_map_hasherIjS5_NS_4hashIjEELb1EEENS_21__unordered_map_equalIjS5_NS_8equal_toIjEELb1EEEN9Framework13CSTLAllocatorIS5_NSE_28CSTLUnorderedMapAllocatorInfEEEE6rehashEm		0	0	3
N	_ZNSt6__ndk112__hash_tableINS_17__hash_value_typeIjNS_10shared_ptrI30CMasterParameterNpcBaseElementEEEENS_22__unordered_map_hasherIjS5_NS_4hashIjEELb1EEENS_21__unordered_map_equalIjS5_NS_8equal_toIjEELb1EEEN9Framework13CSTLAllocatorIS5_NSE_28CSTLUnorderedMapAllocatorInfEEEE6rehashEm		0	0	2
N	_ZNSt6__ndk112__hash_tableINS_17__hash_value_typeIjNS_10shared_ptrI32CMasterParameterEnemyBaseElementEEEENS_22__unordered_map_hasherIjS5_NS_4hashIjEELb1EEENS_21__unordered_map_equalIjS5_NS_8equal_toIjEELb1EEEN9Framework13CSTLAllocatorIS5_NSE_28CSTLUnorderedMapAllocatorInfEEEE6rehashEm		0	0	1
N	_ZNSt6__ndk112__hash_tableINS_17__hash_value_typeIjNS_10shared_ptrI32CMasterParameterWinCameraElementEEEENS_22__unordered_map_hasherIjS5_NS_4hashIjEELb1EEENS_21__unordered_map_equalIjS5_NS_8equal_toIjEELb1EEEN9Framework13CSTLAllocatorIS5_NSE_28CSTLUnorderedMapAllocatorInfEEEE6rehashEm		0	0	2
N	_ZNSt6__ndk112__hash_tableINS_17__hash_value_typeIjNS_10shared_ptrI33CMasterHome3DMotionSettingElementEEEENS_22__unordered_map_hasherIjS5_NS_4hashIjEELb1EEENS_21__unordered_map_equalIjS5_NS_8equal_toIjEELb1EEEN9Framework13CSTLAllocatorIS5_NSE_28CSTLUnorderedMapAllocatorInfEEEE6rehashEm		0	0	2
N	_ZNSt6__ndk112__hash_tableINS_17__hash_value_typeIjNS_10shared_ptrI33CMasterParameterEnemyPartyElementEEEENS_22__unordered_map_hasherIjS5_NS_4hashIjEELb1EEENS_21__unordered_map_equalIjS5_NS_8equal_toIjEELb1EEEN9Framework13CSTLAllocatorIS5_NSE_28CSTLUnorderedMapAllocatorInfEEEE6rehashEm		0	0	1
N	_ZNSt6__ndk112__hash_tableINS_17__hash_value_typeIjNS_10shared_ptrI33CMasterParameterFactorSeedElementEEEENS_22__unordered_map_hasherIjS5_NS_4hashIjEELb1EEENS_21__unordered_map_equalIjS5_NS_8equal_toIjEELb1EEEN9Framework13CSTLAllocatorIS5_NSE_28CSTLUnorderedMapAllocatorInfEEEE6rehashEm		0	0	1
N	_ZNSt6__ndk112__hash_tableINS_17__hash_value_typeIjNS_10shared_ptrI33CMasterParameterMissionNpcElementEEEENS_22__unordered_map_hasherIjS5_NS_4hashIjEELb1EEENS_21__unordered_map_equalIjS5_NS_8equal_toIjEELb1EEEN9Framework13CSTLAllocatorIS5_NSE_28CSTLUnorderedMapAllocatorInfEEEE6rehashEm		0	0	5
N	_ZNSt6__ndk112__hash_tableINS_17__hash_value_typeIjNS_10shared_ptrI33CMasterParameterSelectPartElementEEEENS_22__unordered_map_hasherIjS5_NS_4hashIjEELb1EEENS_21__unordered_map_equalIjS5_NS_8equal_toIjEELb1EEEN9Framework13CSTLAllocatorIS5_NSE_28CSTLUnorderedMapAllocatorInfEEEE6rehashEm		0	0	1
N	_ZNSt6__ndk112__hash_tableINS_17__hash_value_typeIjNS_10shared_ptrI33CMasterParameterWeaponKindElementEEEENS_22__unordered_map_hasherIjS5_NS_4hashIjEELb1EEENS_21__unordered_map_equalIjS5_NS_8equal_toIjEELb1EEEN9Framework13CSTLAllocatorIS5_NSE_28CSTLUnorderedMapAllocatorInfEEEE6rehashEm		0	0	2
N	_ZNSt6__ndk112__hash_tableINS_17__hash_value_typeIjNS_10shared_ptrI34CMasterParameterEnemyCommonElementEEEENS_22__unordered_map_hasherIjS5_NS_4hashIjEELb1EEENS_21__unordered_map_equalIjS5_NS_8equal_toIjEELb1EEEN9Framework13CSTLAllocatorIS5_NSE_28CSTLUnorderedMapAllocatorInfEEEE6rehashEm		0	0	1
N	_ZNSt6__ndk112__hash_tableINS_17__hash_value_typeIjNS_10shared_ptrI34CMasterParameterItemComposeElementEEEENS_22__unordered_map_hasherIjS5_NS_4hashIjEELb1EEENS_21__unordered_map_equalIjS5_NS_8equal_toIjEELb1EEEN9Framework13CSTLAllocatorIS5_NSE_28CSTLUnorderedMapAllocatorInfEEEE6rehashEm		0	0	1
N	_ZNSt6__ndk112__hash_tableINS_17__hash_value_typeIjNS_10shared_ptrI34CMasterParameterPlayerLevelElementEEEENS_22__unordered_map_hasherIjS5_NS_4hashIjEELb1EEENS_21__unordered_map_equalIjS5_NS_8equal_toIjEELb1EEEN9Framework13CSTLAllocatorIS5_NSE_28CSTLUnorderedMapAllocatorInfEEEE6rehashEm		0	0	2
N	_ZNSt6__ndk112__hash_tableINS_17__hash_value_typeIjNS_10shared_ptrI35CMasterParameterBattleGlobalElementEEEENS_22__unordered_map_hasherIjS5_NS_4hashIjEELb1EEENS_21__unordered_map_equalIjS5_NS_8equal_toIjEELb1EEEN9Framework13CSTLAllocatorIS5_NSE_28CSTLUnorderedMapAllocatorInfEEEE6rehashEm		0	0	1
N	_ZNSt6__ndk112__hash_tableINS_17__hash_value_typeIjNS_10shared_ptrI35CMasterParameterMissionStageElementEEEENS_22__unordered_map_hasherIjS5_NS_4hashIjEELb1EEENS_21__unordered_map_equalIjS5_NS_8equal_toIjEELb1EEEN9Framework13CSTLAllocatorIS5_NSE_28CSTLUnorderedMapAllocatorInfEEEE6rehashEm		0	0	1
N	_ZNSt6__ndk112__hash_tableINS_17__hash_value_typeIjNS_10shared_ptrI36CMasterParameterAIAppointMoveElementEEEENS_22__unordered_map_hasherIjS5_NS_4hashIjEELb1EEENS_21__unordered_map_equalIjS5_NS_8equal_toIjEELb1EEEN9Framework13CSTLAllocatorIS5_NSE_28CSTLUnorderedMapAllocatorInfEEEE6rehashEm		0	0	1
N	_ZNSt6__ndk112__hash_tableINS_17__hash_value_typeIjNS_10shared_ptrI37CMasterParameterLoadingMessageElementEEEENS_22__unordered_map_hasherIjS5_NS_4hashIjEELb1EEENS_21__unordered_map_equalIjS5_NS_8equal_toIjEELb1EEEN9Framework13CSTLAllocatorIS5_NSE_28CSTLUnorderedMapAllocatorInfEEEE6rehashEm		0	0	1
N	_ZNSt6__ndk112__hash_tableINS_17__hash_value_typeIjNS_10shared_ptrI38CMasterParameterChantEffectTypeElementEEEENS_22__unordered_map_hasherIjS5_NS_4hashIjEELb1EEENS_21__unordered_map_equalIjS5_NS_8equal_toIjEELb1EEEN9Framework13CSTLAllocatorIS5_NSE_28CSTLUnorderedMapAllocatorInfEEEE6rehashEm		0	0	1
N	_ZNSt6__ndk112__hash_tableINS_17__hash_value_typeIjNS_10shared_ptrI38CMasterParameterCharacterCommonElementEEEENS_22__unordered_map_hasherIjS5_NS_4hashIjEELb1EEENS_21__unordered_map_equalIjS5_NS_8equal_toIjEELb1EEEN9Framework13CSTLAllocatorIS5_NSE_28CSTLUnorderedMapAllocatorInfEEEE6rehashEm		0	0	1
N	_ZNSt6__ndk112__hash_tableINS_17__hash_value_typeIjNS_10shared_ptrI38CMasterParameterMenuCommonVoiceElementEEEENS_22__unordered_map_hasherIjS5_NS_4hashIjEELb1EEENS_21__unordered_map_equalIjS5_NS_8equal_toIjEELb1EEEN9Framework13CSTLAllocatorIS5_NSE_28CSTLUnorderedMapAllocatorInfEEEE6rehashEm		0	0	4
N	_ZNSt6__ndk112__hash_tableINS_17__hash_value_typeIjNS_10shared_ptrIN9Framework16CSTLUnorderedMapIj20CMasterHome3DElementNS_4hashIjEENS_8equal_toIjEEEEEEEENS_22__unordered_map_hasherIjSC_S7_Lb1EEENS_21__unordered_map_equalIjSC_S9_Lb1EEENS3_13CSTLAllocatorISC_NS3_28CSTLUnorderedMapAllocatorInfEEEE6rehashEm		0	0	1
N	_ZNSt6__ndk112__hash_tableINS_17__hash_value_typeIjNS_10shared_ptrIN9Framework16CSTLUnorderedMapIj25CMasterParameterAIElementNS_4hashIjEENS_8equal_toIjEEEEEEEENS_22__unordered_map_hasherIjSC_S7_Lb1EEENS_21__unordered_map_equalIjSC_S9_Lb1EEENS3_13CSTLAllocatorISC_NS3_28CSTLUnorderedMapAllocatorInfEEEE6rehashEm		0	0	1
N	_ZNSt6__ndk112__hash_tableINS_17__hash_value_typeIjNS_10shared_ptrIN9Framework16CSTLUnorderedMapIj28CMasterParameterSkillElementNS_4hashIjEENS_8equal_toIjEEEEEEEENS_22__unordered_map_hasherIjSC_S7_Lb1EEENS_21__unordered_map_equalIjSC_S9_Lb1EEENS3_13CSTLAllocatorISC_NS3_28CSTLUnorderedMapAllocatorInfEEEE6rehashEm		0	0	3
N	_ZNSt6__ndk112__hash_tableINS_17__hash_value_typeIjNS_10shared_ptrIN9Framework16CSTLUnorderedMapIj28CMasterParameterVoiceElementNS_4hashIjEENS_8equal_toIjEEEEEEEENS_22__unordered_map_hasherIjSC_S7_Lb1EEENS_21__unordered_map_equalIjSC_S9_Lb1EEENS3_13CSTLAllocatorISC_NS3_28CSTLUnorderedMapAllocatorInfEEEE6rehashEm		0	0	2
N	_ZNSt6__ndk112__hash_tableINS_17__hash_value_typeIjNS_10shared_ptrIN9Framework16CSTLUnorderedMapIj29CMasterParameterSignalElementNS_4hashIjEENS_8equal_toIjEEEEEEEENS_22__unordered_map_hasherIjSC_S7_Lb1EEENS_21__unordered_map_equalIjSC_S9_Lb1EEENS3_13CSTLAllocatorISC_NS3_28CSTLUnorderedMapAllocatorInfEEEE6rehashEm		0	0	9
N	_ZNSt6__ndk112__hash_tableINS_17__hash_value_typeIjNS_10shared_ptrIN9Framework16CSTLUnorderedMapIj35CMasterParameterAttackActionElementNS_4hashIjEENS_8equal_toIjEEEEEEEENS_22__unordered_map_hasherIjSC_S7_Lb1EEENS_21__unordered_map_equalIjSC_S9_Lb1EEENS3_13CSTLAllocatorISC_NS3_28CSTLUnorderedMapAllocatorInfEEEE6rehashEm		0	0	1
N	_ZNSt6__ndk112__hash_tableINS_17__hash_value_typeIjNS_10shared_ptrIN9Framework16CSTLUnorderedMapIj37CMasterParameterSkillParameterElementNS_4hashIjEENS_8equal_toIjEEEEEEEENS_22__unordered_map_hasherIjSC_S7_Lb1EEENS_21__unordered_map_equalIjSC_S9_Lb1EEENS3_13CSTLAllocatorISC_NS3_28CSTLUnorderedMapAllocatorInfEEEE6rehashEm		0	0	3
N	_ZNSt6__ndk112__next_primeEm		1	1	9741
N	_ZNSt6__ndk112basic_stringIcNS_11char_traitsIcEEN9Framework13CSTLAllocatorIcNS3_22CSTLStringAllocatorInfEEEE21__grow_by_and_replaceEmmmmmmPKc		3	3	14897
N	_ZNSt6__ndk112basic_stringIcNS_11char_traitsIcEEN9Framework13CSTLAllocatorIcNS3_22CSTLStringAllocatorInfEEEE6insertEmPKc		0	0	775
N	_ZNSt6__ndk112basic_stringIcNS_11char_traitsIcEEN9Framework13CSTLAllocatorIcNS3_22CSTLStringAllocatorInfEEEE7replaceEmmPKcm		0	0	1324
N	_ZNSt6__ndk112basic_stringIcNS_11char_traitsIcEEN9Framework13CSTLAllocatorIcNS3_22CSTLStringAllocatorInfEEEE7reserveEm		1	1	9572
N	_ZNSt6__ndk112basic_stringIcNS_11char_traitsIcEENS_9allocatorIcEEE6__initEPKcm		0	0	1
N	_ZNSt6__ndk112basic_stringIcNS_11char_traitsIcEENS_9allocatorIcEEE6assignEPKcm		0	0	4
N	_ZNSt6__ndk112basic_stringIcNS_11char_traitsIcEENS_9allocatorIcEEE6resizeEmc		0	0	30000
N	_ZNSt6__ndk112basic_stringIcNS_11char_traitsIcEENS_9allocatorIcEEEC1ERKS5_		0	0	29948
N	_ZNSt6__ndk112basic_stringIcNS_11char_traitsIcEENS_9allocatorIcEEED1Ev		0	0	59896
N	_ZNSt6__ndk113__tree_removeIPNS_16__tree_node_baseIPvEEEEvT_S5_		0	0	151
N	_ZNSt6__ndk114__shared_count12__add_sharedEv		0	0	29
N	_ZNSt6__ndk114__shared_count16__release_sharedEv		0	0	29948
N	_ZNSt6__ndk119__shared_weak_count10__add_weakEv		0	0	7
N	_ZNSt6__ndk119__shared_weak_count12__add_sharedEv		0	0	3375
N	_ZNSt6__ndk119__shared_weak_count14__release_weakEv		0	0	4
N	_ZNSt6__ndk119__shared_weak_count16__release_sharedEv		14	21	76900
N	_ZNSt6__ndk119__shared_weak_count4lockEv		0	0	4
N	_ZNSt6__ndk121__murmur2_or_cityhashImLm64EEclEPKvm		13	13	379270
N	_ZNSt6__ndk127__tree_balance_after_insertIPNS_16__tree_node_baseIPvEEEEvT_S5_		0	0	25205
N	_ZNSt6__ndk16__sortIRNS_6__lessIjjEEPjEEvT0_S5_T_		0	0	2
N	_ZNSt6__ndk16__treeINS_12__value_typeINS_12basic_stringIcNS_11char_traitsIcEEN9Framework13CSTLAllocatorIcNS5_22CSTLStringAllocatorInfEEEEES9_EENS_19__map_value_compareIS9_SA_NS_4lessIS9_EELb1EEENS6_ISA_NS5_19CSTLMapAllocatorInfEEEE7destroyEPNS_11__tree_nodeISA_PvEE		0	0	54
N	_ZNSt6__ndk16__treeINS_12__value_typeIPKN9Framework5Cocos10CCocosNodeEPN4Aska16RenderableObjectEEENS_19__map_value_compareIS6_SA_NS_4lessIS6_EELb1EEENS2_13CSTLAllocatorISA_NS2_24CSTLMultiMapAllocatorInfEEEE7destroyEPNS_11__tree_nodeISA_PvEE		0	0	276
N	_ZNSt6__ndk16__treeINS_12__value_typeIj20CMasterHome3DElementEENS_19__map_value_compareIjS3_NS_4lessIjEELb1EEEN9Framework13CSTLAllocatorIS3_NS8_19CSTLMapAllocatorInfEEEE25__emplace_unique_key_argsIjJRKNS_21piecewise_construct_tENS_5tupleIJOjEEENSH_IJEEEEEENS_4pairINS_15__tree_iteratorIS3_PNS_11__tree_nodeIS3_PvEElEEbEERKT_DpOT0_		0	0	48
N	_ZNSt6__ndk16__treeINS_12__value_typeIjP18IParameterPropertyEENS_19__map_value_compareIjS4_NS_4lessIjEELb1EEEN9Framework13CSTLAllocatorIS4_NS9_19CSTLMapAllocatorInfEEEE14__assign_multiINS_21__tree_const_iteratorIS4_PNS_11__tree_nodeIS4_PvEElEEEEvT_SL_		1	1	1606
N	_ZNSt6__ndk16__treeINS_12__value_typeIjP18IParameterPropertyEENS_19__map_value_compareIjS4_NS_4lessIjEELb1EEEN9Framework13CSTLAllocatorIS4_NS9_19CSTLMapAllocatorInfEEEE25__emplace_unique_key_argsIjJjRS3_EEENS_4pairINS_15__tree_iteratorIS4_PNS_11__tree_nodeIS4_PvEElEEbEERKT_DpOT0_		0	0	28233
N	_ZNSt6__ndk16__treeINS_12__value_typeIjP18IParameterPropertyEENS_19__map_value_compareIjS4_NS_4lessIjEELb1EEEN9Framework13CSTLAllocatorIS4_NS9_19CSTLMapAllocatorInfEEEE7destroyEPNS_11__tree_nodeIS4_PvEE		4	4	43030
N	_ZNSt6__ndk16__treeINS_12__value_typeIjP22CParameterSoundElementEENS_19__map_value_compareIjS4_NS_4lessIjEELb1EEEN9Framework13CSTLAllocatorIS4_NS9_19CSTLMapAllocatorInfEEEE25__emplace_unique_key_argsIjJjRS3_EEENS_4pairINS_15__tree_iteratorIS4_PNS_11__tree_nodeIS4_PvEElEEbEERKT_DpOT0_		9	9	44922
N	_ZNSt6__ndk16__treeINS_12__value_typeIjP22CParameterSoundElementEENS_19__map_value_compareIjS4_NS_4lessIjEELb1EEEN9Framework13CSTLAllocatorIS4_NS9_19CSTLMapAllocatorInfEEEE7destroyEPNS_11__tree_nodeIS4_PvEE		3	3	2
N	_ZNSt6__ndk16__treeINS_12__value_typeIjP8InfoBaseEENS_19__map_value_compareIjS4_NS_4lessIjEELb1EEEN9Framework13CSTLAllocatorIS4_NS9_19CSTLMapAllocatorInfEEEE14__assign_multiINS_21__tree_const_iteratorIS4_PNS_11__tree_nodeIS4_PvEElEEEEvT_SL_		0	0	1606
N	_ZNSt6__ndk16__treeINS_12__value_typeIjP8InfoBaseEENS_19__map_value_compareIjS4_NS_4lessIjEELb1EEEN9Framework13CSTLAllocatorIS4_NS9_19CSTLMapAllocatorInfEEEE21__emplace_unique_implIJNS9_7CHash32ERS3_EEENS_4pairINS_15__tree_iteratorIS4_PNS_11__tree_nodeIS4_PvEElEEbEEDpOT_		37	37	676
N	_ZNSt6__ndk16__treeINS_12__value_typeIjP8InfoBaseEENS_19__map_value_compareIjS4_NS_4lessIjEELb1EEEN9Framework13CSTLAllocatorIS4_NS9_19CSTLMapAllocatorInfEEEE7destroyEPNS_11__tree_nodeIS4_PvEE		0	0	43030
N	_ZNSt6__ndk16__treeINS_12__value_typeIjPN4Aska16RenderableObjectEEENS_19__map_value_compareIjS5_NS_4lessIjEELb1EEEN9Framework13CSTLAllocatorIS5_NSA_24CSTLMultiMapAllocatorInfEEEE7destroyEPNS_11__tree_nodeIS5_PvEE		0	0	276
N	_ZNSt6__ndk16__treeINS_12__value_typeIjfEENS_19__map_value_compareIjS2_NS_4lessIjEELb1EEEN9Framework13CSTLAllocatorIS2_NS7_19CSTLMapAllocatorInfEEEE25__emplace_unique_key_argsIjJRjRfEEENS_4pairINS_15__tree_iteratorIS2_PNS_11__tree_nodeIS2_PvEElEEbEERKT_DpOT0_		0	0	310
N	_ZNSt6__ndk16__treeINS_12__value_typeIjfEENS_19__map_value_compareIjS2_NS_4lessIjEELb1EEEN9Framework13CSTLAllocatorIS2_NS7_19CSTLMapAllocatorInfEEEE7destroyEPNS_11__tree_nodeIS2_PvEE		0	0	7
N	_ZNSt6__ndk16__treeINS_12__value_typeIjjEENS_19__map_value_compareIjS2_NS_4lessIjEELb1EEEN9Framework13CSTLAllocatorIS2_NS7_19CSTLMapAllocatorInfEEEE7destroyEPNS_11__tree_nodeIS2_PvEE		0	0	13
N	_ZNSt6__ndk16__treeINS_12__value_typeIjmEENS_19__map_value_compareIjS2_NS_4lessIjEELb1EEEN9Framework13CSTLAllocatorIS2_NS7_19CSTLMapAllocatorInfEEEE7destroyEPNS_11__tree_nodeIS2_PvEE		1	1	138
N	_ZNSt6__ndk16__treeIPN9Framework5Cocos10CCocosNodeENS_4lessIS4_EENS1_13CSTLAllocatorIS4_NS1_19CSTLSetAllocatorInfEEEE7destroyEPNS_11__tree_nodeIS4_PvEE		0	0	24
N	_ZNSt6__ndk16localeC1ERKS0_		0	0	89844
N	_ZNSt6__ndk16localeC1Ev		1	4	66214
N	_ZNSt6__ndk16localeD1Ev		0	0	126106
N	_ZNSt6__ndk16vectorIN12CMissionMenu7tUIModeEN9Framework13CSTLAllocatorIS2_NS3_22CSTLVectorAllocatorInfEEEE21__push_back_slow_pathIRKS2_EEvOT_		0	0	1
N	_ZNSt6__ndk16vectorIN17CMenuVoiceManager11ReserveDataEN9Framework13CSTLAllocatorIS2_NS3_22CSTLVectorAllocatorInfEEEE24__emplace_back_slow_pathIJRS2_EEEvDpOT_		0	0	1
N	_ZNSt6__ndk16vectorIN6Common8Campaign12CampaignTypeEN9Framework13CSTLAllocatorIS3_NS4_22CSTLVectorAllocatorInfEEEE21__push_back_slow_pathIS3_EEvOT_		0	0	42
N	_ZNSt6__ndk16vectorINS_12basic_stringIcNS_11char_traitsIcEEN9Framework13CSTLAllocatorIcNS4_22CSTLStringAllocatorInfEEEEENS5_IS8_NS4_22CSTLVectorAllocatorInfEEEE21__push_back_slow_pathIRKS8_EEvOT_		0	0	40
N	_ZNSt6__ndk16vectorINS_12basic_stringIcNS_11char_traitsIcEEN9Framework13CSTLAllocatorIcNS4_22CSTLStringAllocatorInfEEEEENS5_IS8_NS4_22CSTLVectorAllocatorInfEEEE21__push_back_slow_pathIS8_EEvOT_		2	2	5274
N	_ZNSt6__ndk16vectorINS_12basic_stringIcNS_11char_traitsIcEEN9Framework13CSTLAllocatorIcNS4_22CSTLStringAllocatorInfEEEEENS5_IS8_NS4_22CSTLVectorAllocatorInfEEEE24__emplace_back_slow_pathIJRS8_EEEvDpOT_		1	1	165
N	_ZNSt6__ndk16vectorINS_12basic_stringIcNS_11char_traitsIcEEN9Framework13CSTLAllocatorIcNS4_22CSTLStringAllocatorInfEEEEENS5_IS8_NS4_22CSTLVectorAllocatorInfEEEE24__emplace_back_slow_pathIJS8_EEEvDpOT_		0	0	1285
N	_ZNSt6__ndk16vectorINS_12basic_stringIcNS_11char_traitsIcEEN9Framework13CSTLAllocatorIcNS4_22CSTLStringAllocatorInfEEEEENS5_IS8_NS4_22CSTLVectorAllocatorInfEEEE26__swap_out_circular_bufferERNS_14__split_bufferIS8_RSA_EE		0	0	8
N	_ZNSt6__ndk16vectorINS_12basic_stringIcNS_11char_traitsIcEEN9Framework13CSTLAllocatorIcNS4_22CSTLStringAllocatorInfEEEEENS5_IS8_NS4_22CSTLVectorAllocatorInfEEEE7reserveEm		0	0	4
N	_ZNSt6__ndk16vectorIP15CFactorSeedBaseN9Framework13CSTLAllocatorIS2_NS3_22CSTLVectorAllocatorInfEEEE24__emplace_back_slow_pathIJRS2_EEEvDpOT_		0	0	3
N	_ZNSt6__ndk16vectorIPKN16CTutorialManager13tTutorialDataEN9Framework13CSTLAllocatorIS4_NS5_22CSTLVectorAllocatorInfEEEE21__push_back_slow_pathIS4_EEvOT_		0	0	11
N	_ZNSt6__ndk16vectorIPKcN9Framework13CSTLAllocatorIS2_NS3_22CSTLVectorAllocatorInfEEEE21__push_back_slow_pathIRKS2_EEvOT_		0	0	13
N	_ZNSt6__ndk16vectorIPKvN9Framework13CSTLAllocatorIS2_NS3_22CSTLVectorAllocatorInfEEEE21__push_back_slow_pathIS2_EEvOT_		0	0	19
N	_ZNSt6__ndk16vectorIPN9Framework12CMessageBaseENS1_13CSTLAllocatorIS3_NS1_22CSTLVectorAllocatorInfEEEE21__push_back_slow_pathIS3_EEvOT_		0	0	8
N	_ZNSt6__ndk16vectorIPN9Framework14CDirectTextureENS1_13CSTLAllocatorIS3_NS1_22CSTLVectorAllocatorInfEEEE21__push_back_slow_pathIRKS3_EEvOT_		0	0	18
N	_ZNSt6__ndk16vectorIPN9Framework5Cocos10CCocosNodeENS1_13CSTLAllocatorIS4_NS1_22CSTLVectorAllocatorInfEEEE21__push_back_slow_pathIRKS4_EEvOT_		0	0	85
N	_ZNSt6__ndk16vectorIPN9Framework5Cocos11CCocosImageENS1_13CSTLAllocatorIS4_NS1_22CSTLVectorAllocatorInfEEEE21__push_back_slow_pathIRKS4_EEvOT_		0	0	31
N	_ZNSt6__ndk16vectorIPN9Framework5Cocos11CCocosLabelENS1_13CSTLAllocatorIS4_NS1_22CSTLVectorAllocatorInfEEEE21__push_back_slow_pathIRKS4_EEvOT_		0	0	28
N	_ZNSt6__ndk16vectorIPN9Framework5Cocos11CCocosSceneENS1_13CSTLAllocatorIS4_NS1_22CSTLVectorAllocatorInfEEEE21__push_back_slow_pathIRKS4_EEvOT_		0	0	6
N	_ZNSt6__ndk16vectorIPN9Framework5Cocos11CCocosTouchENS1_13CSTLAllocatorIS4_NS1_22CSTLVectorAllocatorInfEEEE21__push_back_slow_pathIRKS4_EEvOT_		0	0	42
N	_ZNSt6__ndk16vectorIPN9Framework5Cocos12CCocosButtonENS1_13CSTLAllocatorIS4_NS1_22CSTLVectorAllocatorInfEEEE21__push_back_slow_pathIRKS4_EEvOT_		0	0	15
N	_ZNSt6__ndk16vectorIPN9Framework5Cocos17CCocosProgressBarENS1_13CSTLAllocatorIS4_NS1_22CSTLVectorAllocatorInfEEEE21__push_back_slow_pathIRKS4_EEvOT_		0	0	4
N	_ZNSt6__ndk16vectorIPN9Framework5Cocos19CCocosEventListenerENS1_13CSTLAllocatorIS4_NS1_22CSTLVectorAllocatorInfEEEE21__push_back_slow_pathIRKS4_EEvOT_		0	0	878
N	_ZNSt6__ndk16vectorIPN9Framework5Cocos23CCocosTimelineAnimation13CKeyFrameBaseENS1_13CSTLAllocatorIS5_NS1_22CSTLVectorAllocatorInfEEEE21__push_back_slow_pathIS5_EEvOT_		2	2	16121
N	_ZNSt6__ndk16vectorIfN9Framework13CSTLAllocatorIfNS1_22CSTLVectorAllocatorInfEEEE21__push_back_slow_pathIfEEvOT_		1	1	360
N	_ZNSt6__ndk16vectorIiN9Framework13CSTLAllocatorIiNS1_22CSTLVectorAllocatorInfEEEE21__push_back_slow_pathIRKiEEvOT_		0	0	266
N	_ZNSt6__ndk16vectorIjN9Framework13CSTLAllocatorIjNS1_22CSTLVectorAllocatorInfEEEE21__push_back_slow_pathIRKjEEvOT_		0	0	71
N	_ZNSt6__ndk16vectorIjN9Framework13CSTLAllocatorIjNS1_22CSTLVectorAllocatorInfEEEE24__emplace_back_slow_pathIJRjEEEvDpOT_		0	0	91
N	_ZNSt6__ndk16vectorIjN9Framework13CSTLAllocatorIjNS1_22CSTLVectorAllocatorInfEEEE24__emplace_back_slow_pathIJjEEEvDpOT_		0	0	6
N	_ZNSt6__ndk16vectorIjN9Framework13CSTLAllocatorIjNS1_22CSTLVectorAllocatorInfEEEE6assignIPjEENS_9enable_ifIXaasr21__is_forward_iteratorIT_EE5valuesr16is_constructibleIjNS_15iterator_traitsIS9_E9referenceEEE5valueEvE4typeES9_S9_		0	0	14
N	_ZNSt6__ndk16vectorImN9Framework13CSTLAllocatorImNS1_22CSTLVectorAllocatorInfEEEE21__push_back_slow_pathImEEvOT_		0	0	38
N	_ZNSt6__ndk18functionIFN15CBannerBehavior16BannerJumpEnableEjjEE4swapERS4_		0	0	1
N	_ZNSt6__ndk18functionIFN9Collision24eCollisionCallbackResultERKNS1_13stCollideInfoEiEE4swapERS7_		6	6	47467
N	_ZNSt6__ndk18functionIFbN4Aska5Yayoi7GameRPC12GameProtocol10FunctionIDENS1_6StatusEEE4swapERS8_		0	0	1
N	_ZNSt6__ndk18functionIFbPKcEE4swapERS4_		0	0	1
N	_ZNSt6__ndk18functionIFbPN9Framework5Cocos11CCocosTouchEPNS2_11CCocosEventEEE4swapERS8_		0	0	4380
N	_ZNSt6__ndk18functionIFbiiEE4swapERS2_		0	0	2
N	_ZNSt6__ndk18functionIFbvEE4swapERS2_		0	0	2
N	_ZNSt6__ndk18functionIFiRKN9Framework5Cocos11CCocosTouchEEE4swapERS7_		0	4	418
N	_ZNSt6__ndk18functionIFifEE4swapERS2_		0	0	10
N	_ZNSt6__ndk18functionIFiiiEE4swapERS2_		0	0	4
N	_ZNSt6__ndk18functionIFijjEE4swapERS2_		0	0	1
N	_ZNSt6__ndk18functionIFivEE4swapERS2_		0	0	44
N	_ZNSt6__ndk18functionIFvN4Aska5Yayoi7GameRPC12GameProtocol10FunctionIDEEE4swapERS7_		0	0	1
N	_ZNSt6__ndk18functionIFvN4Aska6StatusEEE4swapERS4_		0	0	1
N	_ZNSt6__ndk18functionIFvP11CTutorialUIEE4swapERS4_		0	0	13
N	_ZNSt6__ndk18functionIFvPN9Framework11CFileLoaderEPKcS5_PPhRmEE4swapERSA_		0	0	1
N	_ZNSt6__ndk18functionIFvPN9Framework5Cocos11CCocosEventEEE4swapERS6_		0	0	876
N	_ZNSt6__ndk18functionIFvPN9Framework5Cocos11CCocosSceneEEE4swapERS6_		0	0	1
N	_ZNSt6__ndk18functionIFvPN9Framework5Cocos11CCocosTouchEPNS2_11CCocosEventEEE4swapERS8_		0	1	3504
N	_ZNSt6__ndk18functionIFvRKN9Framework5Cocos11CCocosTouchEEE4swapERS7_		0	1	344
N	_ZNSt6__ndk18functionIFvRKN9Framework8CVector2EEE4swapERS6_		0	0	1
N	_ZNSt6__ndk18functionIFvRN4Aska5GlyphEEE4swapERS5_		0	0	1
N	_ZNSt6__ndk18functionIFvbmEE4swapERS2_		0	0	20
N	_ZNSt6__ndk18functionIFvfEE4swapERS2_		0	0	2
N	_ZNSt6__ndk18functionIFviEE4swapERS2_		0	0	3
N	_ZNSt6__ndk18functionIFvjN4Aska6StatusEEE4swapERS4_		0	0	1
N	_ZNSt6__ndk18functionIFvjRN9Framework10CSTLVectorIP15CFactorSeedBaseEEEE4swapERS8_		0	0	592
N	_ZNSt6__ndk18functionIFvmEE4swapERS2_		0	0	20
N	_ZNSt6__ndk18functionIFvvEE4swapERS2_		0	0	1386
N	_ZNSt6__ndk1plIcNS_11char_traitsIcEEN9Framework13CSTLAllocatorIcNS3_22CSTLStringAllocatorInfEEEEENS_12basic_stringIT_T0_T1_EEPKS8_RKSB_		0	0	1317
N	_ZNSt6__ndk1plIcNS_11char_traitsIcEEN9Framework13CSTLAllocatorIcNS3_22CSTLStringAllocatorInfEEEEENS_12basic_stringIT_T0_T1_EERKSB_PKS8_		0	0	1615
N	_ZNSt6__ndk1plIcNS_11char_traitsIcEEN9Framework13CSTLAllocatorIcNS3_22CSTLStringAllocatorInfEEEEENS_12basic_stringIT_T0_T1_EERKSB_SD_		0	0	3
N	_ZThn160_N4Aska10AofHandler14DeleteCallbackEiPv		0	3	89
N	_ZThn16_N33CMasterParameterBaseSqlite_SimpleI16StringDBEelementE11DeserializeEPKN4Aska4ASON6AValue4AMapE		1	1	95
N	_ZThn16_N33CMasterParameterBaseSqlite_SimpleI21CMasterItemSetElementE11DeserializeEPKN4Aska4ASON6AValue4AMapE		0	0	95
N	_ZThn16_N33CMasterParameterBaseSqlite_SimpleI21CMasterItemSetElementE16ReleaseParameterEPKc		0	0	31
N	_ZThn16_N33CMasterParameterBaseSqlite_SimpleI23CMasterSphere211ElementE11DeserializeEPKN4Aska4ASON6AValue4AMapE		0	0	95
N	_ZThn16_N33CMasterParameterBaseSqlite_SimpleI23CMasterSphere211ElementE16ReleaseParameterEPKc		0	0	31
N	_ZThn16_N33CMasterParameterBaseSqlite_SimpleI23CMasterTimeBonusElementE11DeserializeEPKN4Aska4ASON6AValue4AMapE		0	0	95
N	_ZThn16_N33CMasterParameterBaseSqlite_SimpleI23CMasterTimeBonusElementE16ReleaseParameterEPKc		0	0	31
N	_ZThn16_N33CMasterParameterBaseSqlite_SimpleI23CMasterWorldBossElementE11DeserializeEPKN4Aska4ASON6AValue4AMapE		0	0	95
N	_ZThn16_N33CMasterParameterBaseSqlite_SimpleI23CMasterWorldBossElementE16ReleaseParameterEPKc		0	0	31
N	_ZThn16_N33CMasterParameterBaseSqlite_SimpleI24CMasterCommonDropElementE11DeserializeEPKN4Aska4ASON6AValue4AMapE		0	0	95
N	_ZThn16_N33CMasterParameterBaseSqlite_SimpleI24CMasterCommonDropElementE16ReleaseParameterEPKc		0	0	31
N	_ZThn16_N33CMasterParameterBaseSqlite_SimpleI25CMasterFactorBoostElementE11DeserializeEPKN4Aska4ASON6AValue4AMapE		0	0	95
N	_ZThn16_N33CMasterParameterBaseSqlite_SimpleI25CMasterFactorBoostElementE16ReleaseParameterEPKc		0	0	31
N	_ZThn16_N33CMasterParameterBaseSqlite_SimpleI25CMasterGearLotteryElementE11DeserializeEPKN4Aska4ASON6AValue4AMapE		0	0	95
N	_ZThn16_N33CMasterParameterBaseSqlite_SimpleI25CMasterGearLotteryElementE16ReleaseParameterEPKc		0	0	31
N	_ZThn16_N33CMasterParameterBaseSqlite_SimpleI25CMasterPartySymbolElementE11DeserializeEPKN4Aska4ASON6AValue4AMapE		0	0	95
N	_ZThn16_N33CMasterParameterBaseSqlite_SimpleI25CMasterPartySymbolElementE16ReleaseParameterEPKc		0	0	31
N	_ZThn16_N33CMasterParameterBaseSqlite_SimpleI25CMasterRentalBonusElementE11DeserializeEPKN4Aska4ASON6AValue4AMapE		0	0	95
N	_ZThn16_N33CMasterParameterBaseSqlite_SimpleI25CMasterRentalBonusElementE16ReleaseParameterEPKc		0	0	31
N	_ZThn16_N33CMasterParameterBaseSqlite_SimpleI26CMasterEventRankingElementE11DeserializeEPKN4Aska4ASON6AValue4AMapE		0	0	95
N	_ZThn16_N33CMasterParameterBaseSqlite_SimpleI26CMasterEventRankingElementE16ReleaseParameterEPKc		0	0	31
N	_ZThn16_N33CMasterParameterBaseSqlite_SimpleI26CMasterMissionBoardElementE11DeserializeEPKN4Aska4ASON6AValue4AMapE		0	0	95
N	_ZThn16_N33CMasterParameterBaseSqlite_SimpleI26CMasterMissionBoardElementE16ReleaseParameterEPKc		0	0	31
N	_ZThn16_N33CMasterParameterBaseSqlite_SimpleI26CMasterParameterMapElementE11DeserializeEPKN4Aska4ASON6AValue4AMapE		0	0	95
N	_ZThn16_N33CMasterParameterBaseSqlite_SimpleI26CMasterParameterMapElementE16ReleaseParameterEPKc		0	0	31
N	_ZThn16_N33CMasterParameterBaseSqlite_SimpleI26CMasterSubscriptionElementE11DeserializeEPKN4Aska4ASON6AValue4AMapE		0	0	95
N	_ZThn16_N33CMasterParameterBaseSqlite_SimpleI26CMasterSubscriptionElementE16ReleaseParameterEPKc		0	0	31
N	_ZThn16_N33CMasterParameterBaseSqlite_SimpleI27CMasterDeepSpaceAreaElementE11DeserializeEPKN4Aska4ASON6AValue4AMapE		0	0	95
N	_ZThn16_N33CMasterParameterBaseSqlite_SimpleI27CMasterDeepSpaceAreaElementE16ReleaseParameterEPKc		0	0	31
N	_ZThn16_N33CMasterParameterBaseSqlite_SimpleI27CMasterDeepSpaceShipElementE11DeserializeEPKN4Aska4ASON6AValue4AMapE		0	0	95
N	_ZThn16_N33CMasterParameterBaseSqlite_SimpleI27CMasterDeepSpaceShipElementE16ReleaseParameterEPKc		0	0	31
N	_ZThn16_N33CMasterParameterBaseSqlite_SimpleI27CMasterParameterAreaElementE11DeserializeEPKN4Aska4ASON6AValue4AMapE		0	0	380
N	_ZThn16_N33CMasterParameterBaseSqlite_SimpleI27CMasterParameterAreaElementE16ReleaseParameterEPKc		0	0	124
N	_ZThn16_N33CMasterParameterBaseSqlite_SimpleI27CMasterParameterGearElementE11DeserializeEPKN4Aska4ASON6AValue4AMapE		0	0	95
N	_ZThn16_N33CMasterParameterBaseSqlite_SimpleI27CMasterParameterGearElementE16ReleaseParameterEPKc		0	0	31
N	_ZThn16_N33CMasterParameterBaseSqlite_SimpleI27CMasterParameterItemElementE11DeserializeEPKN4Aska4ASON6AValue4AMapE		0	0	95
N	_ZThn16_N33CMasterParameterBaseSqlite_SimpleI27CMasterParameterItemElementE16ReleaseParameterEPKc		0	0	31
N	_ZThn16_N33CMasterParameterBaseSqlite_SimpleI27CMasterParameterRankElementE11DeserializeEPKN4Aska4ASON6AValue4AMapE		0	0	95
N	_ZThn16_N33CMasterParameterBaseSqlite_SimpleI27CMasterParameterRankElementE16ReleaseParameterEPKc		0	0	31
N	_ZThn16_N33CMasterParameterBaseSqlite_SimpleI27CMasterParameterRoleElementE11DeserializeEPKN4Aska4ASON6AValue4AMapE		0	0	95
N	_ZThn16_N33CMasterParameterBaseSqlite_SimpleI27CMasterParameterRoleElementE16ReleaseParameterEPKc		0	0	31
N	_ZThn16_N33CMasterParameterBaseSqlite_SimpleI27CMasterUniverseBoardElementE11DeserializeEPKN4Aska4ASON6AValue4AMapE		0	0	95
N	_ZThn16_N33CMasterParameterBaseSqlite_SimpleI27CMasterUniverseBoardElementE16ReleaseParameterEPKc		0	0	31
N	_ZThn16_N33CMasterParameterBaseSqlite_SimpleI27CMasterWorldBossWaveElementE11DeserializeEPKN4Aska4ASON6AValue4AMapE		0	0	95
N	_ZThn16_N33CMasterParameterBaseSqlite_SimpleI27CMasterWorldBossWaveElementE16ReleaseParameterEPKc		0	0	31
N	_ZThn16_N33CMasterParameterBaseSqlite_SimpleI28CMasterDeepSpaceBonusElementE11DeserializeEPKN4Aska4ASON6AValue4AMapE		0	0	95
N	_ZThn16_N33CMasterParameterBaseSqlite_SimpleI28CMasterDeepSpaceBonusElementE16ReleaseParameterEPKc		0	0	31
N	_ZThn16_N33CMasterParameterBaseSqlite_SimpleI28CMasterParameterGachaElementE11DeserializeEPKN4Aska4ASON6AValue4AMapE		1	1	95
N	_ZThn16_N33CMasterParameterBaseSqlite_SimpleI28CMasterParameterGachaElementE16ReleaseParameterEPKc		0	0	31
N	_ZThn16_N33CMasterParameterBaseSqlite_SimpleI28CMasterParameterSoundElementE11DeserializeEPKN4Aska4ASON6AValue4AMapE		0	0	95
N	_ZThn16_N33CMasterParameterBaseSqlite_SimpleI28CMasterParameterSoundElementE16ReleaseParameterEPKc		0	0	31
N	_ZThn16_N33CMasterParameterBaseSqlite_SimpleI28CMasterParameterStampElementE11DeserializeEPKN4Aska4ASON6AValue4AMapE		0	0	95
N	_ZThn16_N33CMasterParameterBaseSqlite_SimpleI28CMasterParameterStampElementE16ReleaseParameterEPKc		0	0	31
N	_ZThn16_N33CMasterParameterBaseSqlite_SimpleI28CMasterParameterTitleElementE11DeserializeEPKN4Aska4ASON6AValue4AMapE		0	0	95
N	_ZThn16_N33CMasterParameterBaseSqlite_SimpleI28CMasterParameterTitleElementE16ReleaseParameterEPKc		0	0	31
N	_ZThn16_N33CMasterParameterBaseSqlite_SimpleI28CMasterSphere211FloorElementE11DeserializeEPKN4Aska4ASON6AValue4AMapE		0	0	95
N	_ZThn16_N33CMasterParameterBaseSqlite_SimpleI28CMasterSphere211FloorElementE16ReleaseParameterEPKc		0	0	31
N	_ZThn16_N33CMasterParameterBaseSqlite_SimpleI28CMasterUniverseTalentElementE11DeserializeEPKN4Aska4ASON6AValue4AMapE		0	0	95
N	_ZThn16_N33CMasterParameterBaseSqlite_SimpleI28CMasterUniverseTalentElementE16ReleaseParameterEPKc		0	0	31
N	_ZThn16_N33CMasterParameterBaseSqlite_SimpleI29CMasterGearProbabilityElementE11DeserializeEPKN4Aska4ASON6AValue4AMapE		0	0	95
N	_ZThn16_N33CMasterParameterBaseSqlite_SimpleI29CMasterGearProbabilityElementE16ReleaseParameterEPKc		0	0	31
N	_ZThn16_N33CMasterParameterBaseSqlite_SimpleI29CMasterParameterAwakenElementE11DeserializeEPKN4Aska4ASON6AValue4AMapE		0	0	95
N	_ZThn16_N33CMasterParameterBaseSqlite_SimpleI29CMasterParameterAwakenElementE16ReleaseParameterEPKc		0	0	31
N	_ZThn16_N33CMasterParameterBaseSqlite_SimpleI29CMasterParameterBannerElementE11DeserializeEPKN4Aska4ASON6AValue4AMapE		0	0	95
N	_ZThn16_N33CMasterParameterBaseSqlite_SimpleI29CMasterParameterBannerElementE16ReleaseParameterEPKc		0	0	31
N	_ZThn16_N33CMasterParameterBaseSqlite_SimpleI29CMasterParameterEffectElementE11DeserializeEPKN4Aska4ASON6AValue4AMapE		0	0	95
N	_ZThn16_N33CMasterParameterBaseSqlite_SimpleI29CMasterParameterEffectElementE16ReleaseParameterEPKc		0	0	31
N	_ZThn16_N33CMasterParameterBaseSqlite_SimpleI29CMasterParameterFactorElementE11DeserializeEPKN4Aska4ASON6AValue4AMapE		0	0	95
N	_ZThn16_N33CMasterParameterBaseSqlite_SimpleI29CMasterParameterFactorElementE16ReleaseParameterEPKc		0	0	31
N	_ZThn16_N33CMasterParameterBaseSqlite_SimpleI29CMasterParameterGlobalElementE11DeserializeEPKN4Aska4ASON6AValue4AMapE		0	0	95
N	_ZThn16_N33CMasterParameterBaseSqlite_SimpleI29CMasterParameterGlobalElementE16ReleaseParameterEPKc		0	0	31
N	_ZThn16_N33CMasterParameterBaseSqlite_SimpleI29CMasterParameterPersonElementE11DeserializeEPKN4Aska4ASON6AValue4AMapE		0	0	95
N	_ZThn16_N33CMasterParameterBaseSqlite_SimpleI29CMasterParameterPersonElementE16ReleaseParameterEPKc		0	0	31
N	_ZThn16_N33CMasterParameterBaseSqlite_SimpleI29CMasterParameterPlanetElementE11DeserializeEPKN4Aska4ASON6AValue4AMapE		0	0	95
N	_ZThn16_N33CMasterParameterBaseSqlite_SimpleI29CMasterParameterPlanetElementE16ReleaseParameterEPKc		0	0	31
N	_ZThn16_N33CMasterParameterBaseSqlite_SimpleI29CMasterParameterTalentElementE11DeserializeEPKN4Aska4ASON6AValue4AMapE		0	0	95
N	_ZThn16_N33CMasterParameterBaseSqlite_SimpleI29CMasterParameterTalentElementE16ReleaseParameterEPKc		0	0	31
N	_ZThn16_N33CMasterParameterBaseSqlite_SimpleI29CMasterParameterWeaponElementE11DeserializeEPKN4Aska4ASON6AValue4AMapE		0	0	95
N	_ZThn16_N33CMasterParameterBaseSqlite_SimpleI29CMasterParameterWeaponElementE16ReleaseParameterEPKc		0	0	31
N	_ZThn16_N33CMasterParameterBaseSqlite_SimpleI30CMasterDeepSpaceMissionElementE11DeserializeEPKN4Aska4ASON6AValue4AMapE		0	0	95
N	_ZThn16_N33CMasterParameterBaseSqlite_SimpleI30CMasterDeepSpaceMissionElementE16ReleaseParameterEPKc		0	0	31
N	_ZThn16_N33CMasterParameterBaseSqlite_SimpleI30CMasterGearBarneyChanceElementE11DeserializeEPKN4Aska4ASON6AValue4AMapE		0	0	95
N	_ZThn16_N33CMasterParameterBaseSqlite_SimpleI30CMasterGearBarneyChanceElementE16ReleaseParameterEPKc		0	0	31
N	_ZThn16_N33CMasterParameterBaseSqlite_SimpleI30CMasterMissionEnemyInfoElementE11DeserializeEPKN4Aska4ASON6AValue4AMapE		0	0	95
N	_ZThn16_N33CMasterParameterBaseSqlite_SimpleI30CMasterMissionEnemyInfoElementE16ReleaseParameterEPKc		0	0	31
N	_ZThn16_N33CMasterParameterBaseSqlite_SimpleI30CMasterParameterBarrierElementE11DeserializeEPKN4Aska4ASON6AValue4AMapE		0	0	95
N	_ZThn16_N33CMasterParameterBaseSqlite_SimpleI30CMasterParameterBarrierElementE16ReleaseParameterEPKc		0	0	31
N	_ZThn16_N33CMasterParameterBaseSqlite_SimpleI30CMasterParameterMenuBGMElementE11DeserializeEPKN4Aska4ASON6AValue4AMapE		0	0	95
N	_ZThn16_N33CMasterParameterBaseSqlite_SimpleI30CMasterParameterMenuBGMElementE16ReleaseParameterEPKc		0	0	31
N	_ZThn16_N33CMasterParameterBaseSqlite_SimpleI30CMasterParameterMissionElementE11DeserializeEPKN4Aska4ASON6AValue4AMapE		1	1	380
N	_ZThn16_N33CMasterParameterBaseSqlite_SimpleI30CMasterParameterMissionElementE16ReleaseParameterEPKc		0	0	124
N	_ZThn16_N33CMasterParameterBaseSqlite_SimpleI30CMasterParameterNpcBaseElementE11DeserializeEPKN4Aska4ASON6AValue4AMapE		0	0	95
N	_ZThn16_N33CMasterParameterBaseSqlite_SimpleI30CMasterParameterNpcBaseElementE16ReleaseParameterEPKc		0	0	31
N	_ZThn16_N33CMasterParameterBaseSqlite_SimpleI30CMasterSubscriptionPlanElementE11DeserializeEPKN4Aska4ASON6AValue4AMapE		0	0	95
N	_ZThn16_N33CMasterParameterBaseSqlite_SimpleI30CMasterSubscriptionPlanElementE16ReleaseParameterEPKc		0	0	31
N	_ZThn16_N33CMasterParameterBaseSqlite_SimpleI31CMasterDeepSpaceBonusSetElementE11DeserializeEPKN4Aska4ASON6AValue4AMapE		0	0	95
N	_ZThn16_N33CMasterParameterBaseSqlite_SimpleI31CMasterDeepSpaceBonusSetElementE16ReleaseParameterEPKc		0	0	31
N	_ZThn16_N33CMasterParameterBaseSqlite_SimpleI31CMasterEventRankingGroupElementE11DeserializeEPKN4Aska4ASON6AValue4AMapE		0	0	95
N	_ZThn16_N33CMasterParameterBaseSqlite_SimpleI31CMasterEventRankingGroupElementE16ReleaseParameterEPKc		0	0	31
N	_ZThn16_N33CMasterParameterBaseSqlite_SimpleI31CMasterParameterCampaignElementE11DeserializeEPKN4Aska4ASON6AValue4AMapE		0	0	190
N	_ZThn16_N33CMasterParameterBaseSqlite_SimpleI31CMasterParameterCampaignElementE16ReleaseParameterEPKc		0	0	62
N	_ZThn16_N33CMasterParameterBaseSqlite_SimpleI31CMasterParameterDecoHairElementE11DeserializeEPKN4Aska4ASON6AValue4AMapE		0	0	95
N	_ZThn16_N33CMasterParameterBaseSqlite_SimpleI31CMasterParameterDecoHairElementE16ReleaseParameterEPKc		0	0	31
N	_ZThn16_N33CMasterParameterBaseSqlite_SimpleI31CMasterParameterItemShopElementE11DeserializeEPKN4Aska4ASON6AValue4AMapE		0	0	95
N	_ZThn16_N33CMasterParameterBaseSqlite_SimpleI31CMasterParameterItemShopElementE16ReleaseParameterEPKc		0	0	31
N	_ZThn16_N33CMasterParameterBaseSqlite_SimpleI31CMasterParameterLanguageElementE11DeserializeEPKN4Aska4ASON6AValue4AMapE		0	0	95
N	_ZThn16_N33CMasterParameterBaseSqlite_SimpleI31CMasterParameterLanguageElementE16ReleaseParameterEPKc		0	0	31
N	_ZThn16_N33CMasterParameterBaseSqlite_SimpleI31CMasterParameterStudioBgElementE11DeserializeEPKN4Aska4ASON6AValue4AMapE		0	0	95
N	_ZThn16_N33CMasterParameterBaseSqlite_SimpleI31CMasterParameterStudioBgElementE16ReleaseParameterEPKc		0	0	31
N	_ZThn16_N33CMasterParameterBaseSqlite_SimpleI31CMasterParameterWorldMapElementE11DeserializeEPKN4Aska4ASON6AValue4AMapE		0	0	95
N	_ZThn16_N33CMasterParameterBaseSqlite_SimpleI31CMasterParameterWorldMapElementE16ReleaseParameterEPKc		0	0	31
N	_ZThn16_N33CMasterParameterBaseSqlite_SimpleI31CMasterSphere211TreasureElementE11DeserializeEPKN4Aska4ASON6AValue4AMapE		0	1	95
N	_ZThn16_N33CMasterParameterBaseSqlite_SimpleI31CMasterSphere211TreasureElementE16ReleaseParameterEPKc		0	0	31
N	_ZThn16_N33CMasterParameterBaseSqlite_SimpleI32CMasterDeepSpaceBonusItemElementE11DeserializeEPKN4Aska4ASON6AValue4AMapE		0	0	95
N	_ZThn16_N33CMasterParameterBaseSqlite_SimpleI32CMasterDeepSpaceBonusItemElementE16ReleaseParameterEPKc		0	0	31
N	_ZThn16_N33CMasterParameterBaseSqlite_SimpleI32CMasterEventRankingRewardElementE11DeserializeEPKN4Aska4ASON6AValue4AMapE		0	0	95
N	_ZThn16_N33CMasterParameterBaseSqlite_SimpleI32CMasterEventRankingRewardElementE16ReleaseParameterEPKc		0	0	31
N	_ZThn16_N33CMasterParameterBaseSqlite_SimpleI32CMasterParameterEnemyBaseElementE11DeserializeEPKN4Aska4ASON6AValue4AMapE		0	0	95
N	_ZThn16_N33CMasterParameterBaseSqlite_SimpleI32CMasterParameterEnemyBaseElementE16ReleaseParameterEPKc		1	1	31
N	_ZThn16_N33CMasterParameterBaseSqlite_SimpleI32CMasterParameterEventTermElementE11DeserializeEPKN4Aska4ASON6AValue4AMapE		0	0	95
N	_ZThn16_N33CMasterParameterBaseSqlite_SimpleI32CMasterParameterEventTermElementE16ReleaseParameterEPKc		0	0	31
N	_ZThn16_N33CMasterParameterBaseSqlite_SimpleI32CMasterParameterGachaItemElementE11DeserializeEPKN4Aska4ASON6AValue4AMapE		0	0	95
N	_ZThn16_N33CMasterParameterBaseSqlite_SimpleI32CMasterParameterGachaItemElementE16ReleaseParameterEPKc		0	0	31
N	_ZThn16_N33CMasterParameterBaseSqlite_SimpleI32CMasterParameterGiftGachaElementE11DeserializeEPKN4Aska4ASON6AValue4AMapE		0	0	95
N	_ZThn16_N33CMasterParameterBaseSqlite_SimpleI32CMasterParameterGiftGachaElementE16ReleaseParameterEPKc		0	0	31
N	_ZThn16_N33CMasterParameterBaseSqlite_SimpleI32CMasterParameterHome3DMapElementE11DeserializeEPKN4Aska4ASON6AValue4AMapE		0	0	95
N	_ZThn16_N33CMasterParameterBaseSqlite_SimpleI32CMasterParameterHome3DMapElementE16ReleaseParameterEPKc		0	0	31
N	_ZThn16_N33CMasterParameterBaseSqlite_SimpleI32CMasterParameterMenuVoiceElementE11DeserializeEPKN4Aska4ASON6AValue4AMapE		0	0	95
N	_ZThn16_N33CMasterParameterBaseSqlite_SimpleI32CMasterParameterMenuVoiceElementE16ReleaseParameterEPKc		0	0	31
N	_ZThn16_N33CMasterParameterBaseSqlite_SimpleI32CMasterParameterWinCameraElementE11DeserializeEPKN4Aska4ASON6AValue4AMapE		0	0	95
N	_ZThn16_N33CMasterParameterBaseSqlite_SimpleI32CMasterParameterWinCameraElementE16ReleaseParameterEPKc		0	0	31
N	_ZThn16_N33CMasterParameterBaseSqlite_SimpleI33CMasterDeepSpaceTimeSavingElementE11DeserializeEPKN4Aska4ASON6AValue4AMapE		0	0	95
N	_ZThn16_N33CMasterParameterBaseSqlite_SimpleI33CMasterDeepSpaceTimeSavingElementE16ReleaseParameterEPKc		0	0	31
N	_ZThn16_N33CMasterParameterBaseSqlite_SimpleI33CMasterHome3DMotionSettingElementE11DeserializeEPKN4Aska4ASON6AValue4AMapE		0	0	95
N	_ZThn16_N33CMasterParameterBaseSqlite_SimpleI33CMasterHome3DMotionSettingElementE16ReleaseParameterEPKc		0	0	31
N	_ZThn16_N33CMasterParameterBaseSqlite_SimpleI33CMasterParameterDecoObjectElementE11DeserializeEPKN4Aska4ASON6AValue4AMapE		0	0	95
N	_ZThn16_N33CMasterParameterBaseSqlite_SimpleI33CMasterParameterDecoObjectElementE16ReleaseParameterEPKc		0	0	31
N	_ZThn16_N33CMasterParameterBaseSqlite_SimpleI33CMasterParameterEnemyPartyElementE11DeserializeEPKN4Aska4ASON6AValue4AMapE		0	0	95
N	_ZThn16_N33CMasterParameterBaseSqlite_SimpleI33CMasterParameterEnemyPartyElementE16ReleaseParameterEPKc		0	0	31
N	_ZThn16_N33CMasterParameterBaseSqlite_SimpleI33CMasterParameterEnemyTransElementE11DeserializeEPKN4Aska4ASON6AValue4AMapE		0	0	95
N	_ZThn16_N33CMasterParameterBaseSqlite_SimpleI33CMasterParameterEnemyTransElementE16ReleaseParameterEPKc		0	0	31
N	_ZThn16_N33CMasterParameterBaseSqlite_SimpleI33CMasterParameterFactorLockElementE11DeserializeEPKN4Aska4ASON6AValue4AMapE		0	0	95
N	_ZThn16_N33CMasterParameterBaseSqlite_SimpleI33CMasterParameterFactorLockElementE16ReleaseParameterEPKc		0	0	31
N	_ZThn16_N33CMasterParameterBaseSqlite_SimpleI33CMasterParameterFactorSeedElementE11DeserializeEPKN4Aska4ASON6AValue4AMapE		0	0	95
N	_ZThn16_N33CMasterParameterBaseSqlite_SimpleI33CMasterParameterFactorSeedElementE16ReleaseParameterEPKc		0	0	31
N	_ZThn16_N33CMasterParameterBaseSqlite_SimpleI33CMasterParameterFavorBonusElementE11DeserializeEPKN4Aska4ASON6AValue4AMapE		0	0	95
N	_ZThn16_N33CMasterParameterBaseSqlite_SimpleI33CMasterParameterFavorBonusElementE16ReleaseParameterEPKc		0	0	31
N	_ZThn16_N33CMasterParameterBaseSqlite_SimpleI33CMasterParameterFavorLevelElementE11DeserializeEPKN4Aska4ASON6AValue4AMapE		0	0	95
N	_ZThn16_N33CMasterParameterBaseSqlite_SimpleI33CMasterParameterFavorLevelElementE16ReleaseParameterEPKc		0	0	31
N	_ZThn16_N33CMasterParameterBaseSqlite_SimpleI33CMasterParameterGachaImageElementE11DeserializeEPKN4Aska4ASON6AValue4AMapE		0	0	95
N	_ZThn16_N33CMasterParameterBaseSqlite_SimpleI33CMasterParameterGachaImageElementE16ReleaseParameterEPKc		0	0	31
N	_ZThn16_N33CMasterParameterBaseSqlite_SimpleI33CMasterParameterItemAwakenElementE11DeserializeEPKN4Aska4ASON6AValue4AMapE		0	0	95
N	_ZThn16_N33CMasterParameterBaseSqlite_SimpleI33CMasterParameterItemAwakenElementE16ReleaseParameterEPKc		0	0	31
N	_ZThn16_N33CMasterParameterBaseSqlite_SimpleI33CMasterParameterLoginBonusElementE11DeserializeEPKN4Aska4ASON6AValue4AMapE		0	0	95
N	_ZThn16_N33CMasterParameterBaseSqlite_SimpleI33CMasterParameterLoginBonusElementE16ReleaseParameterEPKc		0	0	31
N	_ZThn16_N33CMasterParameterBaseSqlite_SimpleI33CMasterParameterMissionNpcElementE11DeserializeEPKN4Aska4ASON6AValue4AMapE		0	0	95
N	_ZThn16_N33CMasterParameterBaseSqlite_SimpleI33CMasterParameterMissionNpcElementE16ReleaseParameterEPKc		0	0	31
N	_ZThn16_N33CMasterParameterBaseSqlite_SimpleI33CMasterParameterRoleChangeElementE11DeserializeEPKN4Aska4ASON6AValue4AMapE		0	0	95
N	_ZThn16_N33CMasterParameterBaseSqlite_SimpleI33CMasterParameterRoleChangeElementE16ReleaseParameterEPKc		0	0	31
N	_ZThn16_N33CMasterParameterBaseSqlite_SimpleI33CMasterParameterSelectPartElementE11DeserializeEPKN4Aska4ASON6AValue4AMapE		0	0	95
N	_ZThn16_N33CMasterParameterBaseSqlite_SimpleI33CMasterParameterSelectPartElementE16ReleaseParameterEPKc		0	0	31
N	_ZThn16_N33CMasterParameterBaseSqlite_SimpleI33CMasterParameterWeaponKindElementE11DeserializeEPKN4Aska4ASON6AValue4AMapE		0	0	95
N	_ZThn16_N33CMasterParameterBaseSqlite_SimpleI33CMasterParameterWeaponKindElementE16ReleaseParameterEPKc		0	0	31
N	_ZThn16_N33CMasterParameterBaseSqlite_SimpleI33CMasterSphere211FloorAssetElementE11DeserializeEPKN4Aska4ASON6AValue4AMapE		0	0	95
N	_ZThn16_N33CMasterParameterBaseSqlite_SimpleI33CMasterSphere211FloorAssetElementE16ReleaseParameterEPKc		0	0	31
N	_ZThn16_N33CMasterParameterBaseSqlite_SimpleI33CMasterSphere211MissionBoxElementE11DeserializeEPKN4Aska4ASON6AValue4AMapE		0	0	95
N	_ZThn16_N33CMasterParameterBaseSqlite_SimpleI33CMasterSphere211MissionBoxElementE16ReleaseParameterEPKc		0	0	31
N	_ZThn16_N33CMasterParameterBaseSqlite_SimpleI34CMasterParameterAchievementElementE11DeserializeEPKN4Aska4ASON6AValue4AMapE		0	0	95
N	_ZThn16_N33CMasterParameterBaseSqlite_SimpleI34CMasterParameterAchievementElementE16ReleaseParameterEPKc		0	0	31
N	_ZThn16_N33CMasterParameterBaseSqlite_SimpleI34CMasterParameterAssistSkillElementE11DeserializeEPKN4Aska4ASON6AValue4AMapE		0	0	95
N	_ZThn16_N33CMasterParameterBaseSqlite_SimpleI34CMasterParameterAssistSkillElementE16ReleaseParameterEPKc		0	0	31
N	_ZThn16_N33CMasterParameterBaseSqlite_SimpleI34CMasterParameterBunkerSetupElementE11DeserializeEPKN4Aska4ASON6AValue4AMapE		0	0	95
N	_ZThn16_N33CMasterParameterBaseSqlite_SimpleI34CMasterParameterBunkerSetupElementE16ReleaseParameterEPKc		0	0	31
N	_ZThn16_N33CMasterParameterBaseSqlite_SimpleI34CMasterParameterEnemyCommonElementE11DeserializeEPKN4Aska4ASON6AValue4AMapE		0	0	95
N	_ZThn16_N33CMasterParameterBaseSqlite_SimpleI34CMasterParameterEnemyCommonElementE16ReleaseParameterEPKc		0	0	31
N	_ZThn16_N33CMasterParameterBaseSqlite_SimpleI34CMasterParameterEventWeeklyElementE11DeserializeEPKN4Aska4ASON6AValue4AMapE		0	0	95
N	_ZThn16_N33CMasterParameterBaseSqlite_SimpleI34CMasterParameterEventWeeklyElementE16ReleaseParameterEPKc		0	0	31
N	_ZThn16_N33CMasterParameterBaseSqlite_SimpleI34CMasterParameterFriendGaugeElementE11DeserializeEPKN4Aska4ASON6AValue4AMapE		0	0	95
N	_ZThn16_N33CMasterParameterBaseSqlite_SimpleI34CMasterParameterFriendGaugeElementE16ReleaseParameterEPKc		0	0	31
N	_ZThn16_N33CMasterParameterBaseSqlite_SimpleI34CMasterParameterHeatUpBonusElementE11DeserializeEPKN4Aska4ASON6AValue4AMapE		0	0	95
N	_ZThn16_N33CMasterParameterBaseSqlite_SimpleI34CMasterParameterHeatUpBonusElementE16ReleaseParameterEPKc		0	0	31
N	_ZThn16_N33CMasterParameterBaseSqlite_SimpleI34CMasterParameterHomeMessageElementE11DeserializeEPKN4Aska4ASON6AValue4AMapE		0	0	95
N	_ZThn16_N33CMasterParameterBaseSqlite_SimpleI34CMasterParameterHomeMessageElementE16ReleaseParameterEPKc		0	0	31
N	_ZThn16_N33CMasterParameterBaseSqlite_SimpleI34CMasterParameterItemComposeElementE11DeserializeEPKN4Aska4ASON6AValue4AMapE		0	0	95
N	_ZThn16_N33CMasterParameterBaseSqlite_SimpleI34CMasterParameterItemComposeElementE16ReleaseParameterEPKc		0	0	31
N	_ZThn16_N33CMasterParameterBaseSqlite_SimpleI34CMasterParameterItemGradeUpElementE11DeserializeEPKN4Aska4ASON6AValue4AMapE		0	0	95
N	_ZThn16_N33CMasterParameterBaseSqlite_SimpleI34CMasterParameterItemGradeUpElementE16ReleaseParameterEPKc		0	0	31
N	_ZThn16_N33CMasterParameterBaseSqlite_SimpleI34CMasterParameterMasteryStepElementE11DeserializeEPKN4Aska4ASON6AValue4AMapE		0	0	95
N	_ZThn16_N33CMasterParameterBaseSqlite_SimpleI34CMasterParameterMasteryStepElementE16ReleaseParameterEPKc		0	0	31
N	_ZThn16_N33CMasterParameterBaseSqlite_SimpleI34CMasterParameterMissionDropElementE11DeserializeEPKN4Aska4ASON6AValue4AMapE		0	0	95
N	_ZThn16_N33CMasterParameterBaseSqlite_SimpleI34CMasterParameterMissionDropElementE16ReleaseParameterEPKc		0	0	31
N	_ZThn16_N33CMasterParameterBaseSqlite_SimpleI34CMasterParameterPlayerLevelElementE11DeserializeEPKN4Aska4ASON6AValue4AMapE		0	0	95
N	_ZThn16_N33CMasterParameterBaseSqlite_SimpleI34CMasterParameterPlayerLevelElementE16ReleaseParameterEPKc		0	0	31
N	_ZThn16_N33CMasterParameterBaseSqlite_SimpleI34CMasterParameterRoleBoostedElementE11DeserializeEPKN4Aska4ASON6AValue4AMapE		0	0	95
N	_ZThn16_N33CMasterParameterBaseSqlite_SimpleI34CMasterParameterRoleBoostedElementE16ReleaseParameterEPKc		0	0	31
N	_ZThn16_N33CMasterParameterBaseSqlite_SimpleI34CMasterParameterStageLayoutElementE11DeserializeEPKN4Aska4ASON6AValue4AMapE		0	0	95
N	_ZThn16_N33CMasterParameterBaseSqlite_SimpleI34CMasterParameterStageLayoutElementE16ReleaseParameterEPKc		0	0	31
N	_ZThn16_N33CMasterParameterBaseSqlite_SimpleI34CMasterParameterVoiceSwitchElementE11DeserializeEPKN4Aska4ASON6AValue4AMapE		0	0	95
N	_ZThn16_N33CMasterParameterBaseSqlite_SimpleI34CMasterParameterVoiceSwitchElementE16ReleaseParameterEPKc		0	0	31
N	_ZThn16_N33CMasterParameterBaseSqlite_SimpleI34CMasterSphere211RentalBonusElementE11DeserializeEPKN4Aska4ASON6AValue4AMapE		0	0	95
N	_ZThn16_N33CMasterParameterBaseSqlite_SimpleI34CMasterSphere211RentalBonusElementE16ReleaseParameterEPKc		0	0	31
N	_ZThn16_N33CMasterParameterBaseSqlite_SimpleI35CMasterExpirationInformationElementE11DeserializeEPKN4Aska4ASON6AValue4AMapE		0	0	95
N	_ZThn16_N33CMasterParameterBaseSqlite_SimpleI35CMasterExpirationInformationElementE16ReleaseParameterEPKc		0	0	31
N	_ZThn16_N33CMasterParameterBaseSqlite_SimpleI35CMasterParameterBattleGlobalElementE11DeserializeEPKN4Aska4ASON6AValue4AMapE		0	0	95
N	_ZThn16_N33CMasterParameterBaseSqlite_SimpleI35CMasterParameterBattleGlobalElementE16ReleaseParameterEPKc		0	0	31
N	_ZThn16_N33CMasterParameterBaseSqlite_SimpleI35CMasterParameterItemSaleRateElementE11DeserializeEPKN4Aska4ASON6AValue4AMapE		1	1	95
N	_ZThn16_N33CMasterParameterBaseSqlite_SimpleI35CMasterParameterItemSaleRateElementE16ReleaseParameterEPKc		0	0	31
N	_ZThn16_N33CMasterParameterBaseSqlite_SimpleI35CMasterParameterMissionStageElementE11DeserializeEPKN4Aska4ASON6AValue4AMapE		0	0	95
N	_ZThn16_N33CMasterParameterBaseSqlite_SimpleI35CMasterParameterMissionStageElementE16ReleaseParameterEPKc		0	0	31
N	_ZThn16_N33CMasterParameterBaseSqlite_SimpleI35CMasterParameterRoleLevelMaxElementE11DeserializeEPKN4Aska4ASON6AValue4AMapE		0	0	95
N	_ZThn16_N33CMasterParameterBaseSqlite_SimpleI35CMasterParameterRoleLevelMaxElementE16ReleaseParameterEPKc		0	0	31
N	_ZThn16_N33CMasterParameterBaseSqlite_SimpleI35CMasterParameterWorldMapBaseElementE11DeserializeEPKN4Aska4ASON6AValue4AMapE		0	0	95
N	_ZThn16_N33CMasterParameterBaseSqlite_SimpleI35CMasterParameterWorldMapBaseElementE16ReleaseParameterEPKc		0	0	31
N	_ZThn16_N33CMasterParameterBaseSqlite_SimpleI35CMasterParameterWorldMapCellElementE11DeserializeEPKN4Aska4ASON6AValue4AMapE		0	0	95
N	_ZThn16_N33CMasterParameterBaseSqlite_SimpleI35CMasterParameterWorldMapCellElementE16ReleaseParameterEPKc		0	0	31
N	_ZThn16_N33CMasterParameterBaseSqlite_SimpleI36CMasterParameterAIAppointMoveElementE11DeserializeEPKN4Aska4ASON6AValue4AMapE		0	0	95
N	_ZThn16_N33CMasterParameterBaseSqlite_SimpleI36CMasterParameterAIAppointMoveElementE16ReleaseParameterEPKc		0	0	31
N	_ZThn16_N33CMasterParameterBaseSqlite_SimpleI36CMasterParameterBannerReplaceElementE11DeserializeEPKN4Aska4ASON6AValue4AMapE		0	0	95
N	_ZThn16_N33CMasterParameterBaseSqlite_SimpleI36CMasterParameterBannerReplaceElementE16ReleaseParameterEPKc		0	0	31
N	_ZThn16_N33CMasterParameterBaseSqlite_SimpleI36CMasterParameterFavorScheduleElementE11DeserializeEPKN4Aska4ASON6AValue4AMapE		0	0	95
N	_ZThn16_N33CMasterParameterBaseSqlite_SimpleI36CMasterParameterFavorScheduleElementE16ReleaseParameterEPKc		0	0	31
N	_ZThn16_N33CMasterParameterBaseSqlite_SimpleI36CMasterParameterRoleEvolutionElementE11DeserializeEPKN4Aska4ASON6AValue4AMapE		0	0	95
N	_ZThn16_N33CMasterParameterBaseSqlite_SimpleI36CMasterParameterRoleEvolutionElementE16ReleaseParameterEPKc		0	0	31
N	_ZThn16_N33CMasterParameterBaseSqlite_SimpleI36CMasterSphere211FloorAssetBoxElementE11DeserializeEPKN4Aska4ASON6AValue4AMapE		0	0	95
N	_ZThn16_N33CMasterParameterBaseSqlite_SimpleI36CMasterSphere211FloorAssetBoxElementE16ReleaseParameterEPKc		0	0	31
N	_ZThn16_N33CMasterParameterBaseSqlite_SimpleI36CMasterSphere211RankingRewardElementE11DeserializeEPKN4Aska4ASON6AValue4AMapE		0	0	95
N	_ZThn16_N33CMasterParameterBaseSqlite_SimpleI36CMasterSphere211RankingRewardElementE16ReleaseParameterEPKc		0	0	31
N	_ZThn16_N33CMasterParameterBaseSqlite_SimpleI37CMasterParameterDecoOffsetTypeElementE11DeserializeEPKN4Aska4ASON6AValue4AMapE		0	0	95
N	_ZThn16_N33CMasterParameterBaseSqlite_SimpleI37CMasterParameterDecoOffsetTypeElementE16ReleaseParameterEPKc		0	0	31
N	_ZThn16_N33CMasterParameterBaseSqlite_SimpleI37CMasterParameterDirectItemShopElementE11DeserializeEPKN4Aska4ASON6AValue4AMapE		0	0	95
N	_ZThn16_N33CMasterParameterBaseSqlite_SimpleI37CMasterParameterDirectItemShopElementE16ReleaseParameterEPKc		0	0	31
N	_ZThn16_N33CMasterParameterBaseSqlite_SimpleI37CMasterParameterGuestCharacterElementE11DeserializeEPKN4Aska4ASON6AValue4AMapE		0	0	95
N	_ZThn16_N33CMasterParameterBaseSqlite_SimpleI37CMasterParameterGuestCharacterElementE16ReleaseParameterEPKc		0	0	31
N	_ZThn16_N33CMasterParameterBaseSqlite_SimpleI37CMasterParameterItemLimitBreakElementE11DeserializeEPKN4Aska4ASON6AValue4AMapE		0	0	95
N	_ZThn16_N33CMasterParameterBaseSqlite_SimpleI37CMasterParameterItemLimitBreakElementE16ReleaseParameterEPKc		0	0	31
N	_ZThn16_N33CMasterParameterBaseSqlite_SimpleI37CMasterParameterLoadingMessageElementE11DeserializeEPKN4Aska4ASON6AValue4AMapE		0	1	95
N	_ZThn16_N33CMasterParameterBaseSqlite_SimpleI37CMasterParameterLoadingMessageElementE16ReleaseParameterEPKc		0	0	31
N	_ZThn16_N33CMasterParameterBaseSqlite_SimpleI38CMasterParameterChantEffectTypeElementE11DeserializeEPKN4Aska4ASON6AValue4AMapE		0	0	95
N	_ZThn16_N33CMasterParameterBaseSqlite_SimpleI38CMasterParameterChantEffectTypeElementE16ReleaseParameterEPKc		0	0	31
N	_ZThn16_N33CMasterParameterBaseSqlite_SimpleI38CMasterParameterCharacterCommonElementE11DeserializeEPKN4Aska4ASON6AValue4AMapE		1	1	95
N	_ZThn16_N33CMasterParameterBaseSqlite_SimpleI38CMasterParameterCharacterCommonElementE16ReleaseParameterEPKc		0	0	31
N	_ZThn16_N33CMasterParameterBaseSqlite_SimpleI38CMasterParameterFactorConditionElementE11DeserializeEPKN4Aska4ASON6AValue4AMapE		0	0	95
N	_ZThn16_N33CMasterParameterBaseSqlite_SimpleI38CMasterParameterFactorConditionElementE16ReleaseParameterEPKc		0	0	31
N	_ZThn16_N33CMasterParameterBaseSqlite_SimpleI38CMasterParameterFavorItemEffectElementE11DeserializeEPKN4Aska4ASON6AValue4AMapE		0	0	95
N	_ZThn16_N33CMasterParameterBaseSqlite_SimpleI38CMasterParameterFavorItemEffectElementE16ReleaseParameterEPKc		0	0	31
N	_ZThn16_N33CMasterParameterBaseSqlite_SimpleI38CMasterParameterItemGradeUpListElementE11DeserializeEPKN4Aska4ASON6AValue4AMapE		0	0	95
N	_ZThn16_N33CMasterParameterBaseSqlite_SimpleI38CMasterParameterItemGradeUpListElementE16ReleaseParameterEPKc		0	0	31
N	_ZThn16_N33CMasterParameterBaseSqlite_SimpleI38CMasterParameterMaterialComposeElementE11DeserializeEPKN4Aska4ASON6AValue4AMapE		0	0	95
N	_ZThn16_N33CMasterParameterBaseSqlite_SimpleI38CMasterParameterMaterialComposeElementE16ReleaseParameterEPKc		0	0	31
N	_ZThn16_N33CMasterParameterBaseSqlite_SimpleI38CMasterParameterMenuCommonVoiceElementE11DeserializeEPKN4Aska4ASON6AValue4AMapE		0	0	95
N	_ZThn16_N33CMasterParameterBaseSqlite_SimpleI38CMasterParameterMenuCommonVoiceElementE16ReleaseParameterEPKc		0	0	31
N	_ZThn16_N33CMasterParameterBaseSqlite_SimpleI38CMasterParameterReplaceResourceElementE11DeserializeEPKN4Aska4ASON6AValue4AMapE		0	0	95
N	_ZThn16_N33CMasterParameterBaseSqlite_SimpleI38CMasterParameterReplaceResourceElementE16ReleaseParameterEPKc		0	0	31
N	_ZThn16_N33CMasterParameterBaseSqlite_SimpleI38CMasterParameterRoleDeityBufferElementE11DeserializeEPKN4Aska4ASON6AValue4AMapE		0	0	95
N	_ZThn16_N33CMasterParameterBaseSqlite_SimpleI38CMasterParameterRoleDeityBufferElementE16ReleaseParameterEPKc		0	0	31
N	_ZThn16_N33CMasterParameterBaseSqlite_SimpleI38CMasterParameterScenarioLibraryElementE11DeserializeEPKN4Aska4ASON6AValue4AMapE		0	0	95
N	_ZThn16_N33CMasterParameterBaseSqlite_SimpleI38CMasterParameterScenarioLibraryElementE16ReleaseParameterEPKc		0	0	31
N	_ZThn16_N33CMasterParameterBaseSqlite_SimpleI38CMasterParameterWorldMapMissionElementE11DeserializeEPKN4Aska4ASON6AValue4AMapE		0	0	95
N	_ZThn16_N33CMasterParameterBaseSqlite_SimpleI38CMasterParameterWorldMapMissionElementE16ReleaseParameterEPKc		0	0	31
N	_ZThn16_N33CMasterParameterBaseSqlite_SimpleI39CMasterParameterBattleEvaluationElementE11DeserializeEPKN4Aska4ASON6AValue4AMapE		0	0	95
N	_ZThn16_N33CMasterParameterBaseSqlite_SimpleI39CMasterParameterBattleEvaluationElementE16ReleaseParameterEPKc		0	0	31
N	_ZThn16_N33CMasterParameterBaseSqlite_SimpleI39CMasterParameterDecoAttachEnableElementE11DeserializeEPKN4Aska4ASON6AValue4AMapE		0	0	95
N	_ZThn16_N33CMasterParameterBaseSqlite_SimpleI39CMasterParameterDecoAttachEnableElementE16ReleaseParameterEPKc		0	0	31
N	_ZThn16_N33CMasterParameterBaseSqlite_SimpleI39CMasterParameterGuideInformationElementE11DeserializeEPKN4Aska4ASON6AValue4AMapE		0	0	95
N	_ZThn16_N33CMasterParameterBaseSqlite_SimpleI39CMasterParameterGuideInformationElementE16ReleaseParameterEPKc		0	0	31
N	_ZThn16_N33CMasterParameterBaseSqlite_SimpleI39CMasterParameterItemExchangeShopElementE11DeserializeEPKN4Aska4ASON6AValue4AMapE		0	0	95
N	_ZThn16_N33CMasterParameterBaseSqlite_SimpleI39CMasterParameterItemExchangeShopElementE16ReleaseParameterEPKc		0	0	31
N	_ZThn16_N33CMasterParameterBaseSqlite_SimpleI39CMasterParameterWeaponLimitBreakElementE11DeserializeEPKN4Aska4ASON6AValue4AMapE		0	0	95
N	_ZThn16_N33CMasterParameterBaseSqlite_SimpleI39CMasterParameterWeaponLimitBreakElementE16ReleaseParameterEPKc		0	0	31
N	_ZThn16_N33CMasterParameterBaseSqlite_SimpleI39CMasterParameterWorldMapProgressElementE11DeserializeEPKN4Aska4ASON6AValue4AMapE		0	0	95
N	_ZThn16_N33CMasterParameterBaseSqlite_SimpleI39CMasterParameterWorldMapProgressElementE16ReleaseParameterEPKc		0	0	31
N	_ZThn16_N33CMasterParameterBaseSqlite_SimpleI39CMasterSphere211TreasureContentsElementE11DeserializeEPKN4Aska4ASON6AValue4AMapE		0	0	95
N	_ZThn16_N33CMasterParameterBaseSqlite_SimpleI39CMasterSphere211TreasureContentsElementE16ReleaseParameterEPKc		0	0	31
N	_ZThn16_N33CMasterParameterBaseSqlite_SimpleI39CMasterUniverseChipGachaExchangeElementE11DeserializeEPKN4Aska4ASON6AValue4AMapE		0	0	95
N	_ZThn16_N33CMasterParameterBaseSqlite_SimpleI39CMasterUniverseChipGachaExchangeElementE16ReleaseParameterEPKc		0	0	31
N	_ZThn16_N33CMasterParameterBaseSqlite_SimpleI40CMasterParameterAssistCutinOffsetElementE11DeserializeEPKN4Aska4ASON6AValue4AMapE		0	0	95
N	_ZThn16_N33CMasterParameterBaseSqlite_SimpleI40CMasterParameterAssistCutinOffsetElementE16ReleaseParameterEPKc		0	0	31
N	_ZThn16_N33CMasterParameterBaseSqlite_SimpleI40CMasterParameterAssistVoiceMarginElementE11DeserializeEPKN4Aska4ASON6AValue4AMapE		0	0	95
N	_ZThn16_N33CMasterParameterBaseSqlite_SimpleI40CMasterParameterAssistVoiceMarginElementE16ReleaseParameterEPKc		0	0	31
N	_ZThn16_N33CMasterParameterBaseSqlite_SimpleI40CMasterParameterPremiumLoginBonusElementE11DeserializeEPKN4Aska4ASON6AValue4AMapE		0	0	95
N	_ZThn16_N33CMasterParameterBaseSqlite_SimpleI40CMasterParameterPremiumLoginBonusElementE16ReleaseParameterEPKc		0	0	31
N	_ZThn16_N33CMasterParameterBaseSqlite_SimpleI40CMasterSphere211FloorClearPresentElementE11DeserializeEPKN4Aska4ASON6AValue4AMapE		0	0	95
N	_ZThn16_N33CMasterParameterBaseSqlite_SimpleI40CMasterSphere211FloorClearPresentElementE16ReleaseParameterEPKc		0	0	31
N	_ZThn16_N33CMasterParameterBaseSqlite_SimpleI40CMasterSphere211FloorTransferRateElementE11DeserializeEPKN4Aska4ASON6AValue4AMapE		0	0	95
N	_ZThn16_N33CMasterParameterBaseSqlite_SimpleI40CMasterSphere211FloorTransferRateElementE16ReleaseParameterEPKc		0	0	31
N	_ZThn16_N33CMasterParameterBaseSqlite_SimpleI41CMasterParameterFavorBonusContentsElementE11DeserializeEPKN4Aska4ASON6AValue4AMapE		0	0	95
N	_ZThn16_N33CMasterParameterBaseSqlite_SimpleI41CMasterParameterFavorBonusContentsElementE16ReleaseParameterEPKc		0	0	31
N	_ZThn16_N33CMasterParameterBaseSqlite_SimpleI41CMasterParameterLoginBonusContentsElementE11DeserializeEPKN4Aska4ASON6AValue4AMapE		0	0	95
N	_ZThn16_N33CMasterParameterBaseSqlite_SimpleI41CMasterParameterLoginBonusContentsElementE16ReleaseParameterEPKc		0	0	31
N	_ZThn16_N33CMasterParameterBaseSqlite_SimpleI41CMasterSphere211FloorTransferLevelElementE11DeserializeEPKN4Aska4ASON6AValue4AMapE		0	0	95
N	_ZThn16_N33CMasterParameterBaseSqlite_SimpleI41CMasterSphere211FloorTransferLevelElementE16ReleaseParameterEPKc		0	0	31
N	_ZThn16_N33CMasterParameterBaseSqlite_SimpleI42CMasterParameterAccessoryLimitBreakElementE11DeserializeEPKN4Aska4ASON6AValue4AMapE		0	0	95
N	_ZThn16_N33CMasterParameterBaseSqlite_SimpleI42CMasterParameterAccessoryLimitBreakElementE16ReleaseParameterEPKc		0	0	31
N	_ZThn16_N33CMasterParameterBaseSqlite_SimpleI42CMasterParameterCharacterLimitBreakElementE11DeserializeEPKN4Aska4ASON6AValue4AMapE		0	0	95
N	_ZThn16_N33CMasterParameterBaseSqlite_SimpleI42CMasterParameterCharacterLimitBreakElementE16ReleaseParameterEPKc		0	0	31
N	_ZThn16_N33CMasterParameterBaseSqlite_SimpleI42CMasterParameterFriendGaugeContentsElementE11DeserializeEPKN4Aska4ASON6AValue4AMapE		0	0	95
N	_ZThn16_N33CMasterParameterBaseSqlite_SimpleI42CMasterParameterFriendGaugeContentsElementE16ReleaseParameterEPKc		0	0	31
N	_ZThn16_N33CMasterParameterBaseSqlite_SimpleI42CMasterParameterMissionClearPresentElementE11DeserializeEPKN4Aska4ASON6AValue4AMapE		0	0	95
N	_ZThn16_N33CMasterParameterBaseSqlite_SimpleI42CMasterParameterMissionClearPresentElementE16ReleaseParameterEPKc		0	0	31
N	_ZThn16_N33CMasterParameterBaseSqlite_SimpleI42CMasterParameterRoleDuplicationItemElementE11DeserializeEPKN4Aska4ASON6AValue4AMapE		0	0	95
N	_ZThn16_N33CMasterParameterBaseSqlite_SimpleI42CMasterParameterRoleDuplicationItemElementE16ReleaseParameterEPKc		0	0	31
N	_ZThn16_N33CMasterParameterBaseSqlite_SimpleI42CMasterSphere211OverwriteEnemyLevelElementE11DeserializeEPKN4Aska4ASON6AValue4AMapE		0	0	95
N	_ZThn16_N33CMasterParameterBaseSqlite_SimpleI42CMasterSphere211OverwriteEnemyLevelElementE16ReleaseParameterEPKc		0	0	31
N	_ZThn16_N33CMasterParameterBaseSqlite_SimpleI42CMasterSphere211TreasureStreakBonusElementE11DeserializeEPKN4Aska4ASON6AValue4AMapE		0	0	95
N	_ZThn16_N33CMasterParameterBaseSqlite_SimpleI42CMasterSphere211TreasureStreakBonusElementE16ReleaseParameterEPKc		0	0	31
N	_ZThn16_N33CMasterParameterBaseSqlite_SimpleI43CMasterParameterItemAccessoryComposeElementE11DeserializeEPKN4Aska4ASON6AValue4AMapE		0	0	95
N	_ZThn16_N33CMasterParameterBaseSqlite_SimpleI43CMasterParameterItemAccessoryComposeElementE16ReleaseParameterEPKc		0	0	31
N	_ZThn16_N33CMasterParameterBaseSqlite_SimpleI43CMasterParameterWorldMapGroupMissionElementE11DeserializeEPKN4Aska4ASON6AValue4AMapE		0	0	95
N	_ZThn16_N33CMasterParameterBaseSqlite_SimpleI43CMasterParameterWorldMapGroupMissionElementE16ReleaseParameterEPKc		0	0	31
N	_ZThn16_N33CMasterParameterBaseSqlite_SimpleI44CMasterParameterMissionCharacterBonusElementE11DeserializeEPKN4Aska4ASON6AValue4AMapE		0	0	95
N	_ZThn16_N33CMasterParameterBaseSqlite_SimpleI44CMasterParameterMissionCharacterBonusElementE16ReleaseParameterEPKc		0	0	31
N	_ZThn16_N33CMasterParameterBaseSqlite_SimpleI45CMasterParameterItemLimitBreakLevelMaxElementE11DeserializeEPKN4Aska4ASON6AValue4AMapE		0	0	95
N	_ZThn16_N33CMasterParameterBaseSqlite_SimpleI45CMasterParameterItemLimitBreakLevelMaxElementE16ReleaseParameterEPKc		0	0	31
N	_ZThn16_N33CMasterParameterBaseSqlite_SimpleI47CMasterParameterItemExchangeShopContentsElementE11DeserializeEPKN4Aska4ASON6AValue4AMapE		0	0	95
N	_ZThn16_N33CMasterParameterBaseSqlite_SimpleI47CMasterParameterItemExchangeShopContentsElementE16ReleaseParameterEPKc		0	0	31
N	_ZThn16_N33CMasterParameterBaseSqlite_SimpleI48CMasterParameterPremiumLoginBonusContentsElementE11DeserializeEPKN4Aska4ASON6AValue4AMapE		0	0	95
N	_ZThn16_N33CMasterParameterBaseSqlite_SimpleI48CMasterParameterPremiumLoginBonusContentsElementE16ReleaseParameterEPKc		0	0	31
N	_ZThn4080_N4Aska15ParticleManager7HandlerEm		745	762	41967
N	_ZThn40_N4Aska15ParticleManager3RunEi		1052	1083	78613
N	_ZThn40_N4Aska20MeshGeneratorManager3RunEi		31	31	39307
N	_ZThn40_NK4Aska15ParticleManager15GetDefaultLevelEv		0	0	1
N	_ZThn8_N13FakeApiCaller8ProgressEv		843	1043	39298
N	_ZdaPv		19	23	63016
N	_ZdlPv		9	9	540562
N	_ZnamRKSt9nothrow_t		140	141	58635
N	_Znammb		4	4	5651
N	_Znwm		83	84	489297
N	_ZnwmRKSt9nothrow_t		29	29	53237
N	_Znwmmb		0	0	5
N	__cxa_guard_acquire		0	0	23
N	__cxa_guard_release		0	0	23
N	__dynamic_cast		0	0	23096
N	sqlite3_bind_parameter_count		0	0	363
N	sqlite3_bind_text		0	0	1
N	sqlite3_close		1	1	1
N	sqlite3_column_count		0	0	3
N	sqlite3_column_name		0	0	23
N	sqlite3_column_value		0	0	704
N	sqlite3_finalize		0	0	362
N	sqlite3_open		0	0	2
N	sqlite3_prepare_v2		158	158	363
N	sqlite3_reset		0	0	361
N	sqlite3_step		239	239	714
N	sqlite3_value_text		0	0	352
N	sqlite3_value_type		0	0	704
