# emu-seeded: work/rebase/cov-emu-seeded/prof (lib 370), 220.6 s, 103938 armed entries, 14793 executed. Derived by tools/rebase_inventory.py --coverage.
kind	function (G: guest function as its vaddr in this lib, named by the tool; N: native symbol)	first_hit_s	self_samples	incl_samples	native_calls
G	10fd44c	0.10	0	0	
G	10fd47c	0.10	1	1	
G	10fda18	0.10	1	1	
G	10fe25c	0.10	0	0	
G	10fe7f8	0.10	1	1	
G	10fed94	0.10	0	0	
G	10ff330	0.10	1	1	
G	10ff8cc	0.10	0	0	
G	10ffe68	0.10	1	1	
G	1100404	0.10	1	1	
G	11009a0	0.10	0	0	
G	1e85a10	0.10	1938	1938	
G	1e85c44	0.10	0	0	
G	1e85c54	0.10	0	0	
G	1e8bab4	0.10	0	0	
G	1100f3c	0.11	1	1	
G	11014d8	0.11	0	0	
G	1101a74	0.11	1	1	
G	1102010	0.11	0	0	
G	11025d0	0.11	1	1	
G	1102b6c	0.11	0	0	
G	1103108	0.11	1	1	
G	11036a4	0.11	0	0	
G	1103c40	0.11	1	1	
G	11041dc	0.11	0	0	
G	1104778	0.11	1	1	
G	1104d14	0.11	0	0	
G	11052b0	0.11	1	1	
G	110584c	0.11	0	0	
G	1105de8	0.11	1	1	
G	1106384	0.11	0	0	
G	1106920	0.11	1	1	
G	1106ebc	0.11	0	0	
G	1107458	0.11	1	1	
G	11079f4	0.12	0	0	
G	1107f90	0.12	1	1	
G	110852c	0.12	0	0	
G	1108ac8	0.12	1	1	
G	1109064	0.12	0	0	
G	1109600	0.12	1	1	
G	1109b9c	0.12	0	0	
G	110a138	0.12	1	1	
G	110a6d4	0.12	1	1	
G	110ac70	0.12	0	0	
G	110b20c	0.12	1	1	
G	110b7a8	0.12	0	0	
G	110bd44	0.12	1	1	
G	110c2e0	0.12	0	0	
G	110c87c	0.12	1	1	
G	110ce18	0.12	0	0	
G	110d3b4	0.12	1	1	
G	110d950	0.12	0	0	
G	110deec	0.12	1	1	
G	110e488	0.13	0	0	
G	110ea24	0.13	1	1	
G	110efc0	0.13	0	0	
G	110f55c	0.13	1	1	
G	110faf8	0.13	0	0	
G	1110094	0.13	1	1	
G	1110630	0.13	0	0	
G	1110bcc	0.13	1	1	
G	1111168	0.13	0	0	
G	1111704	0.13	1	1	
G	1111ca0	0.13	0	0	
G	111223c	0.13	1	1	
G	11127d8	0.13	0	0	
G	1112d74	0.13	1	1	
G	1113310	0.13	0	0	
G	11138ac	0.13	1	1	
G	1113e48	0.13	0	0	
G	11143e4	0.13	1	1	
G	1114980	0.13	0	0	
G	1114f1c	0.13	1	1	
G	11154b8	0.14	0	0	
G	1115a54	0.14	1	1	
G	1115ff0	0.14	0	0	
G	111658c	0.14	1	1	
G	1116b28	0.14	0	0	
G	11170c4	0.14	1	1	
G	1117660	0.14	0	0	
G	1117bfc	0.14	2	2	
G	1118198	0.14	1	1	
G	1118734	0.14	0	0	
G	1118cd0	0.14	1	1	
G	111926c	0.14	0	0	
G	1119808	0.14	1	1	
G	1119da4	0.14	0	0	
G	111a340	0.14	1	1	
G	111a8dc	0.14	0	0	
G	111ae78	0.14	1	1	
G	111b414	0.15	0	0	
G	111b9b0	0.15	1	1	
G	111bf4c	0.15	0	0	
G	111c4e8	0.15	1	1	
G	111ca84	0.15	0	0	
G	111d020	0.15	1	1	
G	111d5bc	0.15	0	0	
G	111db58	0.15	1	1	
G	111e0f4	0.15	0	0	
G	111e690	0.15	1	1	
G	111ec2c	0.15	0	0	
G	111f1c8	0.15	1	1	
G	111f764	0.15	0	0	
G	111fd00	0.15	1	1	
G	112029c	0.15	0	0	
G	1120838	0.15	1	1	
G	1120dd4	0.15	0	0	
G	112471c	0.16	1	1	
G	1124cb8	0.16	0	0	
G	1124d20	0.16	0	0	
G	11252bc	0.16	1	1	
G	1125858	0.16	0	0	
G	1125df4	0.16	1	1	
G	1126390	0.16	0	0	
G	112692c	0.16	1	1	
G	1126ec8	0.16	0	0	
G	1127464	0.16	1	1	
G	1127a00	0.16	0	0	
G	1127ad4	0.16	0	0	
G	1127b04	0.16	0	0	
G	1127b4c	0.16	0	0	
G	1127bf4	0.16	0	0	
G	1127cd8	0.16	0	0	
G	1127cf8	0.16	0	0	
G	1127d4c	0.16	0	0	
G	1127db0	0.16	1	1	
G	1e84558	0.16	0	0	
G	1f0a3a0	0.16	0	0	
G	1f5cbf0	0.16	0	0	
G	1f5cc38	0.16	5	5	
G	1f85580	0.16	1	1	
G	1128068	0.17	0	0	
G	11280a8	0.17	0	0	
G	1128130	0.17	0	0	
G	11281ac	0.17	0	0	
G	11281dc	0.17	0	0	
G	112820c	0.17	0	0	
G	1128238	0.17	0	0	
G	11282b8	0.17	0	0	
G	1128374	0.17	0	1	
G	1128394	0.17	0	0	
G	11283c4	0.17	0	0	
G	11283f4	0.17	0	0	
G	11284a4	0.17	0	0	
G	11284d4	0.17	0	0	
G	11284ec	0.17	0	0	
G	1128508	0.17	0	0	
G	112852c	0.17	0	0	
G	1128550	0.17	0	0	
G	1128564	0.17	0	0	
G	11285e8	0.17	0	0	
G	1128610	0.17	0	0	
G	1128650	0.17	1	1	
G	1128a34	0.17	1	1	
G	1128a90	0.17	0	0	
G	1128aec	0.17	0	0	
G	1f1f2ec	0.17	0	0	
G	1f83f04	0.17	0	0	
G	1f8b154	0.17	19	19	
G	1f8b5a8	0.17	4	5	
G	20a0d6c	0.17	0	0	
G	20e832c	0.17	1	1	
G	2620030	0.17	0	0	
G	2620124	0.17	0	0	
G	263d848	0.17	0	0	
G	263dbf4	0.17	0	0	
G	263ee54	0.17	0	0	
G	1f051b0	0.19	0	0	
G	1f0a110	0.19	0	0	
G	22113f0	0.19	20	20	
G	1f05314	0.21	1	375	
G	1f05488	0.21	0	374	
G	1f05b8c	0.21	0	0	
G	1f0a388	0.21	0	0	
G	1f17998	0.21	0	0	
G	1f179b8	0.21	3	220035	
G	1f1f2f4	0.21	16	16	
G	1f1f418	0.21	6916	6916	
G	1f1f468	0.21	12	12	
G	1f8d44c	0.21	0	0	
G	2174e2c	0.21	352	374	
G	2211250	0.21	1	1	
G	2211354	0.21	0	0	
G	22113ec	0.21	0	0	
G	22116c4	0.21	0	0	
G	2211764	0.21	0	0	
G	2211b14	0.21	1	1	
G	2211ccc	0.21	0	0	
G	2175208	0.56	1	1	
G	22122c8	0.56	19	21	
G	1e63aec	0.58	0	0	
G	1e63af8	0.58	0	0	
G	1f05658	0.58	0	0	
G	2211ab4	0.58	0	0	
G	2212010	0.58	1	2	
G	2212358	0.58	1	1	
G	1f17920	0.59	219654	219654	
G	1f83f9c	0.59	7	7	
G	1e3a4ac	0.61	2	2	
G	1e62488	0.61	1	1	
G	1e624e0	0.61	0	0	
G	1e63ad8	0.61	0	0	
G	1f0520c	0.61	0	0	
G	1f05228	0.61	0	0	
G	1f0a170	0.61	0	219	
G	1f0a4ac	0.61	0	1	
G	1f0ad38	0.61	0	0	
G	1f17ca0	0.61	0	218275	
G	1f17f14	0.61	0	0	
G	1f49d14	0.61	0	0	
G	1f49d34	0.61	0	0	
G	1f49e3c	0.61	0	0	
G	1f4b3a0	0.61	931	935	
G	1f4bd20	0.61	93	95	
G	1f4ea6c	0.61	1	1	
G	1f4ea94	0.61	1	1	
G	1f4eca8	0.61	2	100	
G	1f4ed28	0.61	5	117	
G	1f4eed4	0.61	0	0	
G	1f4f0c0	0.61	0	2	
G	1f4f618	0.61	0	0	
G	1f4f9f0	0.61	0	3	
G	1f502cc	0.61	0	0	
G	1f59800	0.61	0	0	
G	1f59950	0.61	0	0	
G	1f59dd8	0.61	0	0	
G	1f5cb8c	0.61	0	0	
G	1f85198	0.61	0	6293630	
G	1f8534c	0.61	0	0	
G	1f854bc	0.61	0	0	
G	2176244	0.61	0	2	
G	2176304	0.61	1	1	
G	2176558	0.61	1	1	
G	2181878	0.61	0	0	
G	220fa98	0.61	5	446	
G	222c2d8	0.61	0	0	
G	222c504	0.61	0	0	
G	22335e8	0.61	0	0	
G	22336a8	0.61	2	2	
G	2247ec4	0.61	0	0	
G	2247f20	0.61	0	0	
G	2175418	0.62	29	29	
G	21772cc	0.62	47	217	
G	21774d4	0.62	0	0	
G	2175690	0.64	0	0	
G	2174954	0.69	9	9	
G	2174c24	0.69	12	17	
G	21776d8	0.69	0	3	
G	2178404	0.69	2	2	
G	221a890	0.69	0	0	
G	136ca5c	0.70	27	27	
G	1f1f510	0.70	3	3	
G	1f1f570	0.70	44	44	
G	1f1f8f0	0.70	60	60	
G	1f1fbb4	0.70	1	1	
G	1f4a6b4	0.70	604	616	
G	1f4aca0	0.70	5	5	
G	1f4d458	0.70	0	0	
G	20be978	0.70	1	1	
G	21777c4	0.70	2	4	
G	217815c	0.70	130	131	
G	217aee0	0.70	11	12	
G	217f6c8	0.70	4	14	
G	217fc78	0.70	0	0	
G	21815fc	0.70	1	1	
G	2181af0	0.70	0	0	
G	2184fd4	0.70	0	1	
G	2185330	0.70	0	0	
G	2185a7c	0.70	0	0	
G	2185e8c	0.70	0	3	
G	2185f9c	0.70	1	1	
G	2186238	0.70	1	1	
G	218e204	0.70	0	0	
G	22101b0	0.70	0	0	
G	236020c	0.70	0	0	
G	1f1e2d0	0.83	0	0	
G	1f1e2dc	0.83	0	0	
G	1f1e3e8	0.83	0	0	
G	1f29c54	0.83	1	4	
G	1f2a83c	0.83	1	3	
G	1f35fb4	0.83	0	0	
G	1f361a8	0.83	1	1	
G	1f4ec18	0.83	0	36	
G	2179a3c	0.83	0	0	
G	221af6c	0.83	0	0	
G	221af80	0.83	0	0	
G	221af8c	0.83	0	0	
G	221afa4	0.83	0	0	
G	221afbc	0.83	0	0	
G	221afd4	0.83	0	0	
G	221afec	0.83	0	0	
G	221b004	0.83	0	0	
G	221b01c	0.83	0	0	
G	221b034	0.83	0	0	
G	221b16c	0.83	0	0	
G	222e988	0.83	0	0	
G	1202384	0.84	0	0	
G	134e514	0.84	0	0	
G	14b0c30	0.84	0	0	
G	1f17f5c	0.84	0	0	
G	1f17f78	0.84	0	0	
G	1f1f350	0.84	4465575	4465575	
G	1f1fd4c	0.84	11	11	
G	1f216d8	0.84	0	0	
G	1f35dc0	0.84	0	0	
G	1f3639c	0.84	0	0	
G	1f36588	0.84	0	0	
G	1f368c8	0.84	0	1	
G	1f36abc	0.84	1	1	
G	1f5ccac	0.84	0	0	
G	1f63054	0.84	8	8	
G	1f7f7e4	0.84	0	0	
G	1f7ff20	0.84	0	0	
G	1f7ff28	0.84	13	13	
G	1f80cb8	0.84	0	0	
G	1f80e44	0.84	0	0	
G	20f4334	0.84	0	26	
G	20f4390	0.84	1	2	
G	20f80b4	0.84	0	0	
G	20f80bc	0.84	0	0	
G	20f80c4	0.84	0	0	
G	20f80cc	0.84	0	0	
G	20f80d4	0.84	0	0	
G	20f80e8	0.84	0	0	
G	20f80f0	0.84	1	1	
G	20f9b64	0.84	0	0	
G	20fae5c	0.84	0	0	
G	20fc960	0.84	0	0	
G	20fe55c	0.84	0	0	
G	20febf8	0.84	1	24	
G	20ff044	0.84	1	1	
G	20ff1e4	0.84	0	0	
G	20ff3a8	0.84	0	0	
G	2210150	0.84	0	0	
G	2228680	0.84	0	1	
G	2228bcc	0.84	0	1	
G	2228d28	0.84	0	0	
G	2229660	0.84	0	0	
G	222abac	0.84	1	1	
G	2247ef0	0.84	1	1	
G	235ff08	0.84	0	0	
G	2233920	0.86	1	219384	
G	1f0a38c	0.87	0	0	
G	1f2042c	0.87	0	2	
G	1f552c4	0.87	0	0	
G	1f5716c	0.87	0	1	
G	1f80eec	0.87	0	0	
G	1f8d4e8	0.87	0	0	
G	209d854	0.87	0	0	
G	209dbac	0.87	1	1	
G	20f7d7c	0.87	0	219377	
G	2100a50	0.87	1	1	
G	216e090	0.87	0	0	
G	218a6cc	0.87	0	0	
G	218bd14	0.87	0	0	
G	218be38	0.87	0	0	
G	218bf94	0.87	0	0	
G	218e1b0	0.87	0	0	
G	21c0440	0.87	0	0	
G	21c0b54	0.87	0	0	
G	21d7004	0.87	0	3	
G	21d715c	0.87	1	3	
G	21d769c	0.87	0	1	
G	21df6ac	0.87	1	1	
G	21e070c	0.87	0	0	
G	21e1a64	0.87	0	0	
G	21e63d0	0.87	1	1	
G	21e6a2c	0.87	0	0	
G	21e6d2c	0.87	0	0	
G	21e6fec	0.87	0	0	
G	221af34	0.87	0	0	
G	221af48	0.87	0	0	
G	221af58	0.87	0	0	
G	221b07c	0.87	0	0	
G	221b094	0.87	0	0	
G	221b0ac	0.87	0	0	
G	221b0c4	0.87	0	0	
G	221b0dc	0.87	0	0	
G	221b0f4	0.87	0	0	
G	221b10c	0.87	0	0	
G	221b124	0.87	0	0	
G	221b13c	0.87	0	0	
G	221b154	0.87	0	0	
G	221b214	0.87	0	0	
G	2221a0c	0.87	1	2	
G	2222d0c	0.87	0	2	
G	2222dac	0.87	0	0	
G	2222dec	0.87	0	0	
G	22253ac	0.87	0	0	
G	2225740	0.87	1	1	
G	2236868	0.87	0	0	
G	234d84c	0.87	0	4	
G	234d980	0.87	0	4	
G	25a1b88	0.87	0	0	
G	25a1b9c	0.87	0	0	
G	25a1bf0	0.87	0	0	
G	25a1c08	0.87	0	0	
G	262012c	0.87	2	2	
G	263ed8c	0.87	0	0	
G	263ed94	0.87	0	0	
G	26493ec	0.87	0	0	
G	1f37098	0.88	1	2	
G	1f37164	0.88	0	1	
G	1f37384	0.88	0	0	
G	1f37510	0.88	0	0	
G	1f37fec	0.88	0	0	
G	1f4ebe4	0.88	0	0	
G	1f56e5c	0.88	0	0	
G	1f599c8	0.88	0	0	
G	1f59b7c	0.88	0	0	
G	1f6b370	0.88	1	13	
G	1f81048	0.88	10	10	
G	1f8d21c	0.88	0	0	
G	1f8db34	0.88	0	0	
G	20f0860	0.88	0	0	
G	20f0f10	0.88	0	0	
G	213ad44	0.88	1	1	
G	2142f08	0.88	0	1	
G	2143118	0.88	0	0	
G	214c2f4	0.88	0	0	
G	214c4b8	0.88	0	0	
G	214ca0c	0.88	0	0	
G	214e198	0.88	0	0	
G	214ef10	0.88	0	0	
G	21b9c34	0.88	0	0	
G	21c8080	0.88	0	0	
G	21c8218	0.88	0	0	
G	21c83b0	0.88	1	1	
G	2235d80	0.88	0	0	
G	2235e64	0.88	0	0	
G	22363d0	0.88	0	0	
G	22382f8	0.88	0	1	
G	2238384	0.88	0	0	
G	2238aa4	0.88	1	1	
G	2238cd8	0.88	0	0	
G	2238e7c	0.88	0	0	
G	223a498	0.88	0	0	
G	234e0d8	0.88	0	0	
G	261c51c	0.88	0	1	
G	261e118	0.88	0	0	
G	261e200	0.88	1	1	
G	261f864	0.88	0	0	
G	26206ec	0.88	0	0	
G	2620820	0.88	0	0	
G	2620828	0.88	0	0	
G	2620830	0.88	0	0	
G	2630c04	0.88	0	0	
G	2636694	0.88	0	0	
G	263a908	0.88	1	1	
G	263f8c4	0.88	0	0	
G	2644328	0.88	0	0	
G	264c22c	0.88	0	0	
G	264cef4	0.88	0	0	
G	1f041a4	0.89	25	25	
G	1f67e0c	0.89	0	0	
G	1f69a94	0.89	0	0	
G	1f69cb4	0.89	0	0	
G	1f6a53c	0.89	1	3	
G	1f6b478	0.89	4	11	
G	1f6c958	0.89	1	1	
G	1f70360	0.89	0	0	
G	1f70f2c	0.89	0	0	
G	1f70fa0	0.89	0	0	
G	1f70ff0	0.89	0	1	
G	1f71280	0.89	0	0	
G	1f71d70	0.89	0	0	
G	1f72ba4	0.89	0	0	
G	1f73c64	0.89	1	1	
G	1f75c88	0.89	0	0	
G	1f75e9c	0.89	0	2	
G	1f76210	0.89	1	1	
G	1f76358	0.89	0	0	
G	1f764a0	0.89	0	0	
G	1f765e4	0.89	0	0	
G	1f76728	0.89	0	0	
G	1f76870	0.89	1	1	
G	1f769b8	0.89	0	0	
G	1f76b00	0.89	0	0	
G	1f76c48	0.89	0	0	
G	1f76d88	0.89	0	0	
G	221aee8	0.89	0	0	
G	221aefc	0.89	0	0	
G	221af08	0.89	0	0	
G	221af20	0.89	0	0	
G	2222920	0.89	17	438697	
G	2240e94	0.89	0	0	
G	2240ecc	0.89	0	0	
G	22412fc	0.89	0	0	
G	22428bc	0.89	0	0	
G	2242af8	0.89	0	0	
G	2242b70	0.89	0	0	
G	22434fc	0.89	1	1	
G	22440a0	0.89	0	0	
G	22464dc	0.89	1	1	
G	2246544	0.89	0	0	
G	2246724	0.89	0	0	
G	2246788	0.89	0	0	
G	25a2520	0.89	0	0	
G	25a2618	0.89	0	0	
G	25a2650	0.89	0	0	
G	25a2778	0.89	0	0	
G	25a27e8	0.89	0	0	
G	1f1cb90	0.90	0	1	
G	1f1cc58	0.90	0	1	
G	1f1d7b8	0.90	1	1	
G	1f1dfe4	0.90	0	0	
G	1f36e6c	0.90	1	219340	
G	1f37d18	0.90	0	1	
G	1f61e04	0.90	0	0	
G	1f6216c	0.90	0	0	
G	1f62244	0.90	1350	1789	
G	1f62404	0.90	0	2	
G	1f628e8	0.90	0	0	
G	1f67ef8	0.90	0	1	
G	1f686d4	0.90	0	0	
G	1f69570	0.90	1	1	
G	1f69934	0.90	0	0	
G	20d76ac	0.90	1	1	
G	20e7148	0.90	0	0	
G	212fa08	0.90	0	0	
G	2136670	0.90	1	33	
G	2175898	0.90	0	0	
G	2190d1c	0.90	0	0	
G	2190d78	0.90	0	0	
G	2190eb0	0.90	0	0	
G	2191cf4	0.90	1	2	
G	220ff8c	0.90	0	2	
G	221b064	0.90	0	0	
G	221eae0	0.90	0	0	
G	22208d0	0.90	1	30	
G	2220d1c	0.90	0	0	
G	2220eb8	0.90	0	0	
G	222107c	0.90	0	0	
G	2233858	0.90	0	0	
G	223f9a4	0.90	0	0	
G	2367e88	0.90	0	0	
G	261c488	0.90	0	0	
G	1f5cc7c	0.91	23	23	
G	2236400	0.91	657797	657902	
G	223a214	0.91	0	219337	
G	223b348	0.91	1	1	
G	1f1d9d0	0.92	3	219318	
G	1f6c640	0.92	2	219275	
G	1f854c4	0.92	436949	436949	
G	2246584	0.92	0	219270	
G	1f62c44	0.93	392	1314239	
G	1f6c67c	0.93	29	1299	
G	1f6d798	0.93	10	10	
G	1f6db30	0.93	4	4	
G	1f6deb8	0.93	116	121	
G	1f6e15c	0.93	138	148	
G	1f6e520	0.93	3	193	
G	1f6e66c	0.93	8	8	
G	20e6e6c	0.93	0	219309	
G	20e7324	0.93	1	1	
G	2139f6c	0.93	0	0	
G	213a334	0.93	0	1	
G	21d8f6c	0.93	4	20	
G	21e43c0	0.93	4	5	
G	21e498c	0.93	0	5	
G	21e4bf4	0.93	2	2	
G	21e69e4	0.93	0	0	
G	2210de4	0.93	78	78	
G	22413a8	0.93	5	5	
G	2243714	0.93	5	10	
G	224604c	0.93	196	905	
G	22464f4	0.93	6	25	
G	1202388	0.94	0	0	
G	1f2e6d4	0.94	0	0	
G	1f80134	0.94	0	0	
G	1f8013c	0.94	0	0	
G	20f7b88	0.94	2	2	
G	20f7bac	0.94	1	1	
G	2136880	0.94	0	0	
G	215c86c	0.94	0	31	
G	215c918	0.94	2	31	
G	2169504	0.94	0	0	
G	216e690	0.94	0	1	
G	216f000	0.94	2	2	
G	216fb84	0.94	10	11	
G	2171788	0.94	1	1	
G	2173c58	0.94	1	1	
G	2173e40	0.94	0	0	
G	21a7f00	0.94	1	9	
G	21a875c	0.94	0	0	
G	21b9258	0.94	0	4	
G	21b9390	0.94	2	2	
G	21b947c	0.94	1	2	
G	21b9858	0.94	0	0	
G	21b9894	0.94	0	0	
G	21ba7d0	0.94	0	0	
G	21c1344	0.94	1	5	
G	21d83a4	0.94	1	5	
G	21d8c24	0.94	0	1	
G	21d9cb0	0.94	11	34	
G	21da3f4	0.94	4	13	
G	21deb20	0.94	1	4	
G	21e75b4	0.94	3	3	
G	21e76b8	0.94	13	22	
G	21e7e40	0.94	0	0	
G	21e7e60	0.94	0	0	
G	21e7e84	0.94	1	1	
G	221b19c	0.94	0	0	
G	2358584	0.94	0	0	
G	23585a8	0.94	0	0	
G	235979c	0.94	1	1	
G	2369540	0.94	0	0	
G	1e68bd0	0.95	0	0	
G	1e766b8	0.95	0	0	
G	1f59ccc	0.95	0	0	
G	1f59ed8	0.95	0	0	
G	1f8c4e4	0.95	0	0	
G	20d8d14	0.95	0	2	
G	20e5a94	0.95	0	1	
G	20f04fc	0.95	0	0	
G	20f14ac	0.95	0	0	
G	20f431c	0.95	0	0	
G	212ea58	0.95	0	0	
G	2135120	0.95	91	167	
G	2169534	0.95	0	0	
G	217598c	0.95	2	2	
G	21af1cc	0.95	3	11	
G	21af25c	0.95	1	2	
G	21af5c8	0.95	2	2	
G	21afc08	0.95	1	2	
G	21b0738	0.95	0	1	
G	21b082c	0.95	0	0	
G	21b0a74	0.95	0	1	
G	21b6ae0	0.95	1	1	
G	21b79e8	0.95	0	0	
G	21babac	0.95	0	0	
G	21c1a8c	0.95	0	0	
G	21da320	0.95	0	0	
G	21dbbb0	0.95	0	0	
G	21dbc14	0.95	0	0	
G	2360238	0.95	0	0	
G	26a66f0	0.95	1	1	
G	26a67b0	0.95	0	0	
G	20be4c8	0.96	8	8	
G	20be7a4	0.96	9	9	
G	20beb5c	0.96	25	25	
G	20bed68	0.96	11	11	
G	20e41a8	0.96	0	0	
G	20e425c	0.96	0	0	
G	20e440c	0.96	0	0	
G	215d504	0.96	0	1	
G	2189e9c	0.96	0	0	
G	2189ef0	0.96	1	12	
G	2189f8c	0.96	0	0	
G	2189fb4	0.96	0	0	
G	2189fe0	0.96	0	0	
G	218a00c	0.96	0	0	
G	218a084	0.96	0	0	
G	218a0b0	0.96	2	2	
G	218a0fc	0.96	0	0	
G	218a1cc	0.96	1	1	
G	218a244	0.96	1	1	
G	21a98cc	0.96	0	0	
G	21a98d4	0.96	0	0	
G	21aaae0	0.96	1	3	
G	21aef70	0.96	0	0	
G	21afedc	0.96	0	0	
G	21b0098	0.96	2	2	
G	21b039c	0.96	1	1	
G	21b1248	0.96	0	0	
G	21b98ec	0.96	1	1	
G	21c05d4	0.96	10	11	
G	21c0730	0.96	1	1	
G	21c5084	0.96	219279	219281	
G	21c533c	0.96	236	219280	
G	21eac54	0.96	0	0	
G	21eacb4	0.96	1	1	
G	1f0ada8	0.97	0	0	
G	1f0adbc	0.97	0	0	
G	1f0ae10	0.97	0	0	
G	1f0ae28	0.97	0	0	
G	1f0ae40	0.97	0	0	
G	1f0ae58	0.97	0	0	
G	1f0ae70	0.97	0	0	
G	1f0ae88	0.97	0	0	
G	1f0aea0	0.97	0	0	
G	1f0aeb8	0.97	0	0	
G	1f2794c	0.97	1	2	
G	1f27af0	0.97	1	1	
G	1f4acb8	0.97	0	0	
G	1f807f4	0.97	0	0	
G	20a0bb0	0.97	0	0	
G	20a0bc4	0.97	1	1	
G	20ab260	0.97	1	1	
G	2136e10	0.97	0	0	
G	2169fa4	0.97	0	0	
G	216ab04	0.97	0	0	
G	2198d20	0.97	0	0	
G	21b5d50	0.97	0	0	
G	21b5f08	0.97	0	0	
G	21c18a0	0.97	195	195	
G	21c1aa4	0.97	126	218918	
G	21c8cdc	0.97	0	1	
G	21d4210	0.97	0	0	
G	21ed1e0	0.97	0	0	
G	21ee908	0.97	0	0	
G	21eeca8	0.97	1	1	
G	21ef33c	0.97	1	1	
G	21f0c6c	0.97	0	0	
G	21f58b0	0.97	0	0	
G	21fd394	0.97	0	0	
G	21fd4ac	0.97	2	2	
G	2202520	0.97	0	0	
G	220261c	0.97	0	0	
G	2202764	0.97	0	0	
G	22028ac	0.97	0	0	
G	2203c98	0.97	0	3	
G	2203ec4	0.97	1	1	
G	22043bc	0.97	0	5	
G	2204554	0.97	0	0	
G	2204960	0.97	1	1	
G	2204f80	0.97	0	0	
G	22066b0	0.97	0	0	
G	2227550	0.97	0	0	
G	2228084	0.97	0	0	
G	2355248	0.97	0	1	
G	23671a4	0.97	0	0	
G	259d3a4	0.97	0	0	
G	259d8cc	0.97	0	0	
G	259e3ec	0.97	0	0	
G	259e42c	0.97	0	0	
G	259f080	0.97	0	0	
G	25a4e84	0.97	0	0	
G	1f0487c	0.98	0	0	
G	1f20278	0.98	1	1	
G	1f20d08	0.98	1	2	
G	1f211a8	0.98	0	0	
G	1f292cc	0.98	0	0	
G	1f5a268	0.98	1	3	
G	1f5a5ec	0.98	0	2	
G	1f5bfd8	0.98	0	0	
G	1f7de20	0.98	0	0	
G	1f7de7c	0.98	0	0	
G	1f7ded8	0.98	0	0	
G	1f7df04	0.98	0	0	
G	1f7e0c4	0.98	0	0	
G	20abc04	0.98	18	41	
G	20aec88	0.98	0	3	
G	20b4dcc	0.98	0	0	
G	2174944	0.98	0	0	
G	2174bec	0.98	0	0	
G	2175964	0.98	0	0	
G	2175a64	0.98	0	6	
G	2175d08	0.98	1	2	
G	2175e10	0.98	0	3	
G	217f33c	0.98	0	14	
G	217f424	0.98	2	7	
G	217ffe0	0.98	2	3	
G	2180224	0.98	1	1	
G	21c87fc	0.98	0	64	
G	22102d0	0.98	0	0	
G	221035c	0.98	0	0	
G	2225730	0.98	0	0	
G	2226220	0.98	0	0	
G	2226250	0.98	0	0	
G	23552c4	0.98	0	47	
G	2367308	0.98	0	5	
G	23674c8	0.98	1	7	
G	2367518	0.98	0	6	
G	1f1f4a8	0.99	15	15	
G	1f1f980	0.99	1	1	
G	1f213e4	0.99	0	0	
G	1f5c008	0.99	0	0	
G	1f5c084	0.99	0	0	
G	1f5cd28	0.99	327	958	
G	1f62950	0.99	165	165	
G	1f62d0c	0.99	2501	2665	
G	1f63024	0.99	0	0	
G	216a1a0	0.99	991	219155	
G	21f1ee0	0.99	0	219249	
G	2203c00	0.99	217706	219253	
G	2221f10	0.99	11	31	
G	22227c4	0.99	13	13	
G	2225704	0.99	0	0	
G	222581c	0.99	0	3	
G	22258a0	0.99	0	3	
G	2225e1c	0.99	1	1	
G	2225fac	0.99	0	0	
G	2225fb8	0.99	0	0	
G	1f0af98	1.00	4	4	
G	1f0b220	1.00	0	0	
G	1f19100	1.00	1	1	
G	1f5ab6c	1.00	1	1	
G	1f5b48c	1.00	0	0	
G	1f5b58c	1.00	0	0	
G	1f5be08	1.00	0	1	
G	20af150	1.00	1	219239	
G	20af208	1.00	0	908	
G	20af2fc	1.00	0	1	
G	20af4e4	1.00	1	1	
G	21758c4	1.00	0	0	
G	1f49cfc	1.01	1	1	
G	20acac8	1.01	8	8	
G	20ad2a8	1.01	2	890	
G	20ad510	1.01	5	5	
G	20af660	1.01	0	902	
G	20b2eec	1.01	1	844	
G	20b2fa8	1.01	0	14	
G	20bdc30	1.01	0	0	
G	20bdf90	1.01	0	0	
G	20bdfc4	1.01	1	1	
G	20be460	1.01	0	1	
G	20bef8c	1.01	0	0	
G	2175a4c	1.01	0	0	
G	2175bf8	1.01	1	12	
G	217f980	1.01	0	1	
G	21c62a8	1.01	680	680	
G	21c6434	1.01	47	47	
G	21c75fc	1.01	14	14	
G	21c781c	1.01	109	843	
G	1f85510	1.02	135090	135090	
G	2175fac	1.02	0	0	
G	2175fbc	1.02	0	1	
G	218040c	1.02	1	3	
G	2180778	1.02	0	0	
G	2180838	1.02	0	3	
G	2180d80	1.02	1	1	
G	20ac154	1.03	81	83	
G	20ac5ac	1.03	48	120	
G	20ac838	1.03	69	69	
G	20acd58	1.03	1	8	
G	20ae654	1.03	2	2	
G	20bc898	1.03	0	1	
G	20bcbe8	1.03	0	0	
G	20bee1c	1.03	15	15	
G	20befa0	1.03	0	0	
G	217b048	1.03	2	4	
G	21b8678	1.03	5	5	
G	21d5184	1.03	0	1	
G	2355398	1.03	2	6	
G	235570c	1.03	0	0	
G	2355830	1.03	0	0	
G	2364a90	1.03	10	10	
G	1f00d98	1.05	1	1	
G	1f0b45c	1.05	1	1	
G	1f1f4c8	1.05	31	31	
G	1f22c34	1.05	0	0	
G	1f22db0	1.05	0	0	
G	1f23210	1.05	0	0	
G	1f2dfcc	1.05	0	0	
G	1f7b4ec	1.05	0	0	
G	1f7b514	1.05	0	0	
G	1f7b5b0	1.05	12	12	
G	1f7b600	1.05	1	1	
G	1f7b7d4	1.05	0	0	
G	1f7bc14	1.05	0	0	
G	1f8ae30	1.05	1	1	
G	21dbf44	1.05	1	20	
G	2223854	1.05	0	1	
G	22238e4	1.05	0	1	
G	2223c38	1.05	0	0	
G	2223d2c	1.05	0	0	
G	2224018	1.05	0	1	
G	2224790	1.05	0	0	
G	22247ac	1.05	0	0	
G	222627c	1.05	0	0	
G	22264f4	1.05	2	14	
G	22266d0	1.05	4	4	
G	2226ab8	1.05	0	0	
G	2226c14	1.05	2	28	
G	2226d80	1.05	0	0	
G	2227128	1.05	1	1	
G	2227434	1.05	0	0	
G	22274bc	1.05	0	0	
G	22274d4	1.05	0	0	
G	2227538	1.05	0	0	
G	2228564	1.05	0	0	
G	2228584	1.05	0	0	
G	22285f8	1.05	1	1	
G	222c544	1.05	2	8	
G	222dd38	1.05	1	2	
G	222e5a0	1.05	0	0	
G	222ea48	1.05	0	0	
G	222f0dc	1.05	0	0	
G	222f160	1.05	0	0	
G	222ff14	1.05	0	0	
G	22304f8	1.05	0	0	
G	223053c	1.05	0	0	
G	2230650	1.05	0	0	
G	22306b0	1.05	0	0	
G	2230744	1.05	0	0	
G	2239228	1.05	1	15	
G	2239328	1.05	0	0	
G	2239598	1.05	0	14	
G	223a30c	1.05	0	0	
G	11d9d44	1.06	0	0	
G	1f22534	1.06	0	0	
G	1f2258c	1.06	0	2	
G	1f22ab0	1.06	0	0	
G	1f29b14	1.06	1	1	
G	1f29b34	1.06	0	0	
G	1f2a118	1.06	3	3	
G	1f2a1e4	1.06	4	7	
G	1f2a4d8	1.06	0	0	
G	1f2a648	1.06	0	0	
G	1f2b5c0	1.06	1	55	
G	1f2b614	1.06	8	47	
G	1f2c6f8	1.06	1	1	
G	1f2cfc4	1.06	1	15	
G	1f2d030	1.06	1	14	
G	1f2da88	1.06	0	8	
G	1f2df6c	1.06	0	0	
G	1f2df70	1.06	0	0	
G	1f2df74	1.06	1	1	
G	1f2dfd4	1.06	0	0	
G	1f2e260	1.06	1	1	
G	1f2e358	1.06	0	0	
G	1f2e39c	1.06	7	7	
G	1f2e4b0	1.06	0	0	
G	1f2e520	1.06	0	0	
G	1f2e528	1.06	0	0	
G	1f2ef14	1.06	2	3	
G	1f2f554	1.06	2	2	
G	1f2f638	1.06	2	3	
G	1f2fa58	1.06	0	0	
G	1f2fb68	1.06	1	4	
G	1f2fd20	1.06	0	1	
G	1f2fde4	1.06	2	2	
G	1f303bc	1.06	1	3	
G	1f30624	1.06	2	4	
G	1f41d28	1.06	3	3	
G	1f49fd0	1.06	0	0	
G	1f4d0d4	1.06	5	5	
G	1f4e3f0	1.06	7	7	
G	1f4e998	1.06	0	0	
G	1f4e9a4	1.06	0	0	
G	1f4e9d4	1.06	0	0	
G	1f631ac	1.06	8	8	
G	1f74df8	1.06	1	1	
G	1f7b6cc	1.06	6	6	
G	21dd740	1.06	0	0	
G	21e5818	1.06	0	0	
G	22263f4	1.06	0	0	
G	22268e0	1.06	0	0	
G	22269a0	1.06	0	0	
G	22284c8	1.06	0	0	
G	222ebd0	1.06	1	1	
G	22304e0	1.06	0	0	
G	2239c64	1.06	0	0	
G	1141370	1.07	0	0	
G	11413d8	1.07	0	0	
G	11413e4	1.07	0	0	
G	11413f0	1.07	0	0	
G	11413fc	1.07	0	0	
G	1141408	1.07	0	0	
G	11414b0	1.07	3	4	
G	1141df0	1.07	6	268	
G	1148bb4	1.07	5	9	
G	1148e70	1.07	2	4	
G	1149020	1.07	4	112	
G	1de87b0	1.07	0	0	
G	1de87f8	1.07	0	0	
G	1e35384	1.07	0	0	
G	1e35388	1.07	0	0	
G	1e3547c	1.07	0	0	
G	1e36424	1.07	1	1	
G	1e36784	1.07	0	0	
G	1e37c74	1.07	0	0	
G	1e380cc	1.07	0	0	
G	1e38174	1.07	0	0	
G	1e3820c	1.07	0	0	
G	1e38418	1.07	0	0	
G	1e624e4	1.07	8	217829	
G	1e64224	1.07	0	0	
G	1e84450	1.07	0	0	
G	1e844c4	1.07	0	0	
G	1f04790	1.07	0	0	
G	1f047bc	1.07	0	0	
G	1f0b97c	1.07	0	0	
G	1f0bd04	1.07	0	0	
G	1f226ec	1.07	0	0	
G	1f226fc	1.07	0	0	
G	1f2270c	1.07	0	0	
G	1f22878	1.07	1	32	
G	1f49fcc	1.07	0	0	
G	2174b10	1.07	0	16	
G	2175310	1.07	1	10	
G	21753d8	1.07	0	0	
G	21753ec	1.07	0	0	
G	2175400	1.07	0	0	
G	217540c	1.07	0	0	
G	2179a20	1.07	0	0	
G	21dbde4	1.07	0	0	
G	22100e8	1.07	0	0	
G	1f05f2c	1.08	10	18	
G	214c4c0	1.08	0	0	
G	214c4f0	1.08	0	0	
G	214c774	1.08	0	0	
G	215db64	1.08	0	0	
G	2167a2c	1.08	0	0	
G	216e1c8	1.08	0	0	
G	216e268	1.08	0	0	
G	216e280	1.08	0	17	
G	2172d60	1.08	0	0	
G	21749f4	1.08	0	0	
G	2176224	1.08	0	0	
G	217a4bc	1.08	0	0	
G	217a4cc	1.08	137	139	
G	217cf40	1.08	0	0	
G	217cf50	1.08	0	0	
G	21812c4	1.08	3	6	
G	21813e0	1.08	2	3	
G	218bd1c	1.08	0	0	
G	218bd20	1.08	0	0	
G	218bd40	1.08	0	0	
G	218bd84	1.08	0	0	
G	218bdb4	1.08	5	16	
G	218c248	1.08	1	7	
G	218d184	1.08	9	20	
G	2197920	1.08	1	1	
G	21c1dd4	1.08	693	58972	
G	21c4514	1.08	3	3	
G	21c4534	1.08	0	0	
G	21c485c	1.08	76	244	
G	2369bf0	1.08	0	0	
G	236a4cc	1.08	0	0	
G	236ccb8	1.08	0	0	
G	2171e80	1.09	2	2	
G	2172a34	1.09	0	0	
G	21759f0	1.09	0	0	
G	2179b0c	1.09	0	0	
G	217a2c8	1.09	1	2	
G	217cd0c	1.09	69	91	
G	217daf8	1.09	5	5	
G	217e288	1.09	25	25	
G	217e494	1.09	20	20	
G	217e8c8	1.09	34	34	
G	218a5b4	1.09	0	0	
G	218a5e4	1.09	0	0	
G	218aaac	1.09	0	0	
G	218abdc	1.09	0	0	
G	218abe4	1.09	0	0	
G	218ac0c	1.09	0	0	
G	218ad54	1.09	0	0	
G	218ae94	1.09	20	27	
G	218b154	1.09	0	0	
G	218c3b4	1.09	0	2	
G	218c4e0	1.09	1	2	
G	218c708	1.09	0	0	
G	218d9c0	1.09	8	8	
G	218dbec	1.09	4	4	
G	21a9ed0	1.09	0	5	
G	21aa018	1.09	0	9	
G	21ba36c	1.09	0	0	
G	21babbc	1.09	0	2	
G	21c128c	1.09	0	0	
G	21c12d0	1.09	0	0	
G	21c12f8	1.09	0	0	
G	21daec4	1.09	0	5	
G	1388528	1.10	5	5	
G	1e62758	1.10	1	1	
G	1e63b44	1.10	0	0	
G	1e63c88	1.10	0	0	
G	1e63cd8	1.10	0	0	
G	1e63e18	1.10	0	0	
G	1e68bc8	1.10	0	0	
G	1e68f90	1.10	5	5	
G	1e88b28	1.10	0	0	
G	1e9b3e0	1.10	1	1	
G	1e9ff4c	1.10	0	0	
G	1ea0368	1.10	0	0	
G	1f0a384	1.10	0	0	
G	1f4822c	1.10	0	0	
G	1f4ad58	1.10	0	0	
G	1f4d464	1.10	109	109	
G	1f4d5d8	1.10	0	0	
G	1f4dcbc	1.10	130	239	
G	1f4ea08	1.10	0	0	
G	1f56fac	1.10	33	33	
G	1f8d378	1.10	0	1	
G	1f8d9f4	1.10	0	0	
G	20dbbc4	1.10	0	0	
G	20e5934	1.10	0	0	
G	20e92bc	1.10	1	1	
G	20ea6c0	1.10	0	4	
G	20ea848	1.10	1	4	
G	20ea978	1.10	1	2	
G	20eabf4	1.10	1	1	
G	20eb0f0	1.10	0	0	
G	20f028c	1.10	10	10	
G	20f0c54	1.10	0	4	
G	2136394	1.10	0	0	
G	21363b4	1.10	0	0	
G	21363dc	1.10	0	0	
G	21364b8	1.10	0	0	
G	2136508	1.10	0	0	
G	2136574	1.10	0	0	
G	215d6e4	1.10	0	0	
G	215e760	1.10	301	8022	
G	215f98c	1.10	7	8041	
G	2169864	1.10	0	0	
G	2169acc	1.10	0	0	
G	2169ba8	1.10	0	0	
G	2169d5c	1.10	1	1	
G	2169e88	1.10	0	0	
G	2169ee8	1.10	0	0	
G	2169f48	1.10	0	0	
G	2169f90	1.10	0	0	
G	216cfac	1.10	0	0	
G	216d030	1.10	0	0	
G	216e598	1.10	0	0	
G	2174a30	1.10	44422	44433	
G	218a824	1.10	0	0	
G	218abec	1.10	0	0	
G	2197a1c	1.10	0	0	
G	21a9c80	1.10	0	3	
G	221a8b8	1.10	0	0	
G	115100c	1.11	18	105	
G	11847c0	1.11	1	3	
G	1e62e38	1.11	53	28576	
G	1e63d3c	1.11	0	0	
G	1e63e58	1.11	0	0	
G	1e63f28	1.11	0	0	
G	1e64038	1.11	1	1	
G	1e68be0	1.11	7	9	
G	1e82c3c	1.11	0	0	
G	1e86104	1.11	0	2	
G	1e86290	1.11	0	2	
G	1e887b8	1.11	0	1	
G	1e9b528	1.11	32	2504	
G	1e9b598	1.11	8	1968	
G	1e9e914	1.11	0	0	
G	1e9ef20	1.11	0	0	
G	1e9fe64	1.11	0	1	
G	1ea0580	1.11	1	2	
G	1f4c2d4	1.11	58	58	
G	1f5ccf0	1.11	13	13	
G	1f70f1c	1.11	0	0	
G	1f80754	1.11	0	1	
G	1f807c0	1.11	0	0	
G	1f809fc	1.11	133	133	
G	1f81308	1.11	30162	209751	
G	1f81590	1.11	340	340	
G	209f460	1.11	8	14	
G	2169f98	1.11	0	0	
G	2172fa0	1.11	0	11	
G	2173a80	1.11	4	4	
G	2174938	1.11	0	0	
G	2197a28	1.11	0	0	
G	21ebecc	1.11	11	16	
G	21ec0fc	1.11	1	5	
G	21fd384	1.11	0	0	
G	233adf0	1.11	6	6	
G	233aeb0	1.11	6	8	
G	23695f0	1.11	8	15	
G	236982c	1.11	5	5	
G	23698c4	1.11	8	8	
G	2369bec	1.11	1	1	
G	236a4d4	1.11	0	3	
G	236a7d0	1.11	2	2	
G	114bca0	1.12	0	0	
G	1e66480	1.12	0	0	
G	1e664d4	1.12	0	0	
G	1e68d98	1.12	0	0	
G	1e6917c	1.12	0	0	
G	1e692ac	1.12	0	0	
G	1e704d8	1.12	0	0	
G	1e76c9c	1.12	1	1	
G	1e76ce8	1.12	0	57	
G	1e76e50	1.12	0	58	
G	1e7e750	1.12	0	0	
G	1e7e798	1.12	0	0	
G	1e7eb84	1.12	0	0	
G	1e7ec7c	1.12	0	16	
G	1e7f704	1.12	0	0	
G	1e7f74c	1.12	0	0	
G	1e7fa10	1.12	0	0	
G	1e7fc94	1.12	0	0	
G	1e802c0	1.12	0	0	
G	1e8459c	1.12	0	0	
G	1e88d64	1.12	0	0	
G	1e8b7f4	1.12	0	0	
G	1e8bc84	1.12	0	0	
G	1e8bfbc	1.12	0	0	
G	1e8c1cc	1.12	0	1	
G	1e8c4e4	1.12	0	1	
G	1e8d450	1.12	123	123	
G	1e8d5a8	1.12	83	83	
G	1e8d700	1.12	66	66	
G	1e9f178	1.12	0	0	
G	1e9f254	1.12	1	1	
G	1f06128	1.12	0	0	
G	1f0621c	1.12	0	0	
G	1f0625c	1.12	0	0	
G	1f08d2c	1.12	85	85	
G	1f08e80	1.12	0	0	
G	1f4f458	1.12	1	3	
G	1f4fae4	1.12	1	6	
G	1f502dc	1.12	0	0	
G	1f502ec	1.12	0	0	
G	1f533b8	1.12	0	0	
G	1f53e9c	1.12	0	0	
G	1f5528c	1.12	0	0	
G	1f57248	1.12	0	0	
G	1f572c4	1.12	0	0	
G	1f57338	1.12	4	4	
G	1f5735c	1.12	0	0	
G	20bf3e0	1.12	0	0	
G	20bf498	1.12	0	0	
G	20bf4bc	1.12	0	0	
G	20bf57c	1.12	0	0	
G	20c141c	1.12	15	21	
G	20c15ac	1.12	0	5	
G	20eabc8	1.12	0	0	
G	2100c1c	1.12	0	3	
G	2102998	1.12	0	0	
G	2102a34	1.12	2	2	
G	2106454	1.12	0	6	
G	210665c	1.12	0	0	
G	2106690	1.12	1	15	
G	2106b5c	1.12	9	64	
G	2106cbc	1.12	1	17	
G	2106e8c	1.12	20	39	
G	210d7d8	1.12	0	0	
G	210d9a4	1.12	1	16	
G	210db7c	1.12	1	1	
G	210db88	1.12	0	0	
G	210e0b8	1.12	0	15	
G	210e2ac	1.12	0	0	
G	210e314	1.12	0	0	
G	2130370	1.12	0	0	
G	2143ef0	1.12	1	1	
G	2144048	1.12	0	0	
G	21454e4	1.12	0	4	
G	2145790	1.12	1	6	
G	2172ebc	1.12	0	12	
G	21738a8	1.12	2	2	
G	217492c	1.12	0	0	
G	21bb3ac	1.12	2	2	
G	21bb804	1.12	1	15	
G	21bb920	1.12	1	1	
G	21be66c	1.12	0	5	
G	21ebc8c	1.12	9	21	
G	223372c	1.12	1	1	
G	2355b44	1.12	0	0	
G	2355b84	1.12	2	2	
G	236cc74	1.12	0	0	
G	236cc78	1.12	0	2	
G	1e7728c	1.13	1	7	
G	1e77bc0	1.13	0	1	
G	1e77e74	1.13	0	0	
G	1f4ec4c	1.13	9	441	
G	1f4fb34	1.13	0	3	
G	20bd258	1.13	71	72	
G	20bd7f8	1.13	1	1	
G	20c1ccc	1.13	0	0	
G	20c1da0	1.13	0	0	
G	20c1da8	1.13	0	0	
G	20c2478	1.13	4	9	
G	20c29e0	1.13	15	79	
G	20c33e0	1.13	0	0	
G	20f1d74	1.13	0	0	
G	2100e98	1.13	1	1	
G	2100fec	1.13	14	15	
G	21011d4	1.13	2	2	
G	21018cc	1.13	3	3	
G	2101e70	1.13	0	0	
G	21021d0	1.13	0	0	
G	2103048	1.13	23	73	
G	21032f8	1.13	12	85	
G	2106840	1.13	59	59	
G	2106fb0	1.13	14	28	
G	2107314	1.13	0	0	
G	210dd90	1.13	55	55	
G	210e28c	1.13	0	1	
G	210e2b8	1.13	11	16	
G	210e34c	1.13	1	1	
G	210e368	1.13	0	0	
G	21304e8	1.13	0	0	
G	2132b20	1.13	0	1	
G	2132b64	1.13	0	0	
G	2132b74	1.13	1	1	
G	2146e34	1.13	1	1	
G	2146fc0	1.13	0	0	
G	2173240	1.13	3	3	
G	2173254	1.13	7	7	
G	2173408	1.13	6	11	
G	217354c	1.13	0	0	
G	217355c	1.13	0	0	
G	21b6f08	1.13	1	1	
G	21b6f1c	1.13	1	1	
G	21b6f30	1.13	2	5	
G	21bc268	1.13	11	11	
G	21be7e0	1.13	0	0	
G	21bf028	1.13	0	0	
G	21bf144	1.13	12	20	
G	21bf2d8	1.13	32	32	
G	21bf428	1.13	5	5	
G	21bf4e0	1.13	0	0	
G	21d5df8	1.13	1	1	
G	21d5f50	1.13	0	0	
G	21d5f7c	1.13	0	0	
G	21d5fcc	1.13	0	0	
G	21d60c0	1.13	0	0	
G	21d667c	1.13	0	1	
G	21d66ec	1.13	0	0	
G	21d6728	1.13	0	0	
G	21d6778	1.13	0	0	
G	21e7450	1.13	0	0	
G	21e8ed4	1.13	0	0	
G	21eaf20	1.13	14	14	
G	21ec4f4	1.13	5	5	
G	23664ec	1.13	0	0	
G	2366614	1.13	19	29	
G	2366994	1.13	0	0	
G	23669b4	1.13	5	10	
G	2366d58	1.13	0	0	
G	23670c0	1.13	0	0	
G	1141fe0	1.14	4	193	
G	1142bcc	1.14	0	0	
G	1142cd8	1.14	1	1	
G	1142df4	1.14	4	4	
G	1142f10	1.14	0	0	
G	114302c	1.14	0	0	
G	1143148	1.14	1	1	
G	1e6297c	1.14	0	0	
G	1e776cc	1.14	22	22	
G	1e7e87c	1.14	0	0	
G	1e7ed04	1.14	0	0	
G	1e88b38	1.14	0	0	
G	1e952e4	1.14	0	0	
G	1e95444	1.14	0	0	
G	1e97050	1.14	0	0	
G	1e97268	1.14	0	0	
G	1e975dc	1.14	1	1	
G	1e97d4c	1.14	0	1	
G	1e98530	1.14	0	0	
G	1e98714	1.14	1	2	
G	1e9ac2c	1.14	0	0	
G	1e9ace4	1.14	61	61	
G	1e9ad18	1.14	67	85	
G	1e9b4d4	1.14	0	0	
G	1e9d6c0	1.14	0	0	
G	1e9d83c	1.14	0	0	
G	1e9d9f4	1.14	28	28	
G	1e9dab4	1.14	0	0	
G	1e9e85c	1.14	0	0	
G	1ea05d8	1.14	0	0	
G	1ea2958	1.14	0	0	
G	1ea2c58	1.14	0	0	
G	1ea2dc4	1.14	0	0	
G	1ea4478	1.14	0	0	
G	1ece2b4	1.14	0	0	
G	1f08860	1.14	9	54	
G	1f08874	1.14	22	61	
G	1f17664	1.14	4	4	
G	1f53634	1.14	9	13	
G	1f57668	1.14	4	219091	
G	20c2680	1.14	1	1	
G	20c2968	1.14	0	0	
G	1148a4c	1.15	10	261	
G	114aee0	1.15	0	0	
G	114aefc	1.15	0	0	
G	114b5e4	1.15	0	0	
G	114b5f8	1.15	0	0	
G	136c278	1.15	1	7	
G	136c448	1.15	1	6	
G	136c8a4	1.15	0	0	
G	13b4b18	1.15	0	0	
G	149b5ec	1.15	1	1	
G	17d0034	1.15	0	0	
G	17d05e4	1.15	0	0	
G	17d0a78	1.15	0	0	
G	17e9548	1.15	0	0	
G	17f6de4	1.15	0	0	
G	17f71a4	1.15	4	9	
G	17fa010	1.15	0	0	
G	17fa024	1.15	0	0	
G	1e352c0	1.15	0	5	
G	1e629b8	1.15	0	0	
G	1e82cd0	1.15	0	0	
G	1e83b48	1.15	0	0	
G	1e83c10	1.15	0	0	
G	1e841e8	1.15	0	0	
G	1e8431c	1.15	0	0	
G	1f0bff0	1.15	0	0	
G	1f279e0	1.15	0	0	
G	1f27c98	1.15	0	20	
G	1f27de8	1.15	4	5	
G	1f280a8	1.15	1	1	
G	1f28328	1.15	3	19	
G	1f2855c	1.15	5	18	
G	1f28850	1.15	1	2	
G	1f28b4c	1.15	2	3	
G	1f4eb88	1.15	0	0	
G	1f5563c	1.15	0	0	
G	1f55788	1.15	1	1	
G	1f85b2c	1.15	0	0	
G	1f85cd0	1.15	0	0	
G	1f88b50	1.15	0	0	
G	1143444	1.16	0	0	
G	11435a0	1.16	0	0	
G	11435b4	1.16	0	0	
G	1149230	1.16	0	0	
G	11493fc	1.16	11	11	
G	11496f8	1.16	0	0	
G	1149708	1.16	46	925	
G	11497fc	1.16	11	465	
G	11498cc	1.16	19	19	
G	1149bd0	1.16	0	0	
G	1149be0	1.16	29	901	
G	1149cd4	1.16	8	469	
G	1149da4	1.16	19	19	
G	114a0a8	1.16	0	0	
G	114a0b8	1.16	5	451	
G	114a1ac	1.16	8	275	
G	114a27c	1.16	9	9	
G	114a580	1.16	0	0	
G	114a590	1.16	2	17	
G	114a754	1.16	1	1	
G	114aa58	1.16	0	0	
G	114aa68	1.16	7	65	
G	114ab5c	1.16	2	18	
G	114ac2c	1.16	1	1	
G	13b4664	1.16	21	21	
G	14fb168	1.16	15	20	
G	1503210	1.16	1	1	
G	1503adc	1.16	1	1	
G	16eb2a0	1.16	0	0	
G	17fa0bc	1.16	1	2	
G	17fa2d4	1.16	0	0	
G	1e3451c	1.16	0	1	
G	1e6c648	1.16	0	0	
G	1e6c9e8	1.16	0	0	
G	1e6d024	1.16	0	0	
G	1e6d1cc	1.16	0	0	
G	1e6d2d4	1.16	0	3	
G	1e6d32c	1.16	1	3	
G	1e6da5c	1.16	0	0	
G	1e6dbac	1.16	0	1	
G	1e6dd34	1.16	0	1	
G	1e6ef20	1.16	1	1	
G	1e859f8	1.16	0	0	
G	1e8bccc	1.16	0	0	
G	1e8bd74	1.16	3234	3234	
G	1e8bedc	1.16	1625	1625	
G	1e928f8	1.16	0	0	
G	1e9b518	1.16	0	0	
G	1e9dac4	1.16	69	88	
G	1e9dc14	1.16	29	1961	
G	1e9dd48	1.16	0	0	
G	1503e54	1.17	0	0	
G	150411c	1.17	0	0	
G	15042f0	1.17	0	0	
G	1504504	1.17	0	0	
G	150472c	1.17	1	1	
G	1504ad4	1.17	0	0	
G	1504ccc	1.17	1	1	
G	1505320	1.17	1	1	
G	150555c	1.18	0	0	
G	12a51b8	1.19	2	2	
G	154f854	1.19	0	0	
G	154fa98	1.19	1	1	
G	1592cf0	1.19	0	0	
G	16e8288	1.19	0	0	
G	16e83ec	1.19	0	0	
G	16e8400	1.19	0	0	
G	16eb5b4	1.19	1	87	
G	16f7f5c	1.19	0	0	
G	16f8454	1.19	1	1	
G	16f861c	1.19	0	0	
G	16f8f34	1.19	0	0	
G	16fb51c	1.19	0	0	
G	16fb55c	1.19	0	0	
G	16fe8c0	1.19	1	6	
G	171d7dc	1.19	1	1	
G	171e094	1.19	1	5	
G	11613f0	1.20	0	10	
G	1161438	1.20	0	168	
G	118a1dc	1.20	2	4	
G	118a4c4	1.20	1	1	
G	150d290	1.20	1	1	
G	15ab470	1.20	1	1	
G	15acb7c	1.20	11	28	
G	15b4838	1.20	0	0	
G	15b4894	1.20	0	0	
G	15b5874	1.20	0	0	
G	15b58c4	1.20	0	0	
G	15b6a10	1.20	0	0	
G	15b6a50	1.20	0	0	
G	15b8d98	1.20	0	0	
G	15b8de8	1.20	0	0	
G	15b9f3c	1.20	0	0	
G	15b9f84	1.20	0	0	
G	15bb268	1.20	0	0	
G	15bb2b0	1.20	0	0	
G	15bc404	1.20	0	0	
G	15bc444	1.20	0	0	
G	15be080	1.20	0	0	
G	15be0c0	1.20	0	0	
G	15bfd74	1.20	0	0	
G	15bfdc0	1.20	0	0	
G	15c0df8	1.20	0	0	
G	15c0e38	1.20	0	0	
G	15c1dd4	1.20	0	0	
G	15c1e14	1.20	0	0	
G	15c2db0	1.20	0	0	
G	15c2df0	1.20	0	0	
G	15c3d8c	1.20	0	0	
G	15c3dcc	1.20	0	0	
G	15c4e68	1.20	0	0	
G	15c4ea8	1.20	0	0	
G	15c5e44	1.20	0	0	
G	15c5e84	1.20	0	0	
G	15c7164	1.20	0	0	
G	15c71a4	1.20	0	0	
G	15c8484	1.20	1	1	
G	15c84c4	1.20	0	0	
G	15ca0e8	1.20	0	0	
G	15ca128	1.20	0	0	
G	15cb0c4	1.20	0	0	
G	15cb104	1.20	0	0	
G	15cc684	1.20	0	0	
G	15cc6c4	1.20	0	0	
G	15cdca0	1.20	0	0	
G	15cdce0	1.20	0	0	
G	15cf834	1.20	0	0	
G	15cf874	1.20	0	0	
G	15d110c	1.20	0	1	
G	15d114c	1.20	1	1	
G	15d2b08	1.20	1	1	
G	15d2b48	1.20	0	0	
G	15d4538	1.20	0	0	
G	15d4578	1.20	0	0	
G	15d5530	1.20	0	0	
G	15d5570	1.20	0	0	
G	15d6bc8	1.20	0	0	
G	15d6c08	1.20	0	0	
G	15d7ba4	1.20	0	0	
G	15d7be4	1.20	0	0	
G	15d9540	1.20	0	0	
G	15d9580	1.20	0	0	
G	15db370	1.20	1	1	
G	15db3b0	1.20	0	0	
G	15dc34c	1.20	0	0	
G	15dc38c	1.20	0	0	
G	15de428	1.20	0	0	
G	15de468	1.20	0	0	
G	15e03d0	1.20	0	0	
G	15e0410	1.20	0	0	
G	15e5014	1.20	0	0	
G	15e5054	1.20	0	0	
G	15e7ccc	1.20	0	0	
G	15e7d0c	1.20	0	0	
G	15e9954	1.20	0	0	
G	15e9994	1.20	0	0	
G	16e87a0	1.20	0	0	
G	16e9cb4	1.20	0	0	
G	16eba30	1.20	0	0	
G	16fef48	1.20	0	0	
G	16fef4c	1.20	0	2	
G	16ff16c	1.20	1	1	
G	171e42c	1.20	0	0	
G	15ebf4c	1.21	0	0	
G	15ebf8c	1.21	0	0	
G	15ee26c	1.21	0	0	
G	15ee2ac	1.21	0	0	
G	15efb80	1.21	0	0	
G	15efbc0	1.21	0	0	
G	15f1160	1.21	0	0	
G	15f11a0	1.21	0	0	
G	15f223c	1.21	0	0	
G	15f227c	1.21	0	0	
G	15f3890	1.21	0	0	
G	15f38e0	1.21	0	0	
G	15f4bf4	1.21	0	0	
G	15f4c34	1.21	0	0	
G	15f6de0	1.21	0	0	
G	15f6e20	1.21	0	0	
G	15f7e84	1.21	0	0	
G	15f7ecc	1.21	0	0	
G	15f9494	1.21	0	0	
G	15f94d4	1.21	0	0	
G	15fa570	1.21	0	0	
G	15fa5b0	1.21	0	0	
G	15fb44c	1.21	1	1	
G	15fb48c	1.21	0	0	
G	15fcdcc	1.21	0	0	
G	15fce0c	1.21	0	0	
G	15fdef8	1.21	0	0	
G	15fdf38	1.21	0	0	
G	15fedd4	1.21	0	0	
G	15fee14	1.21	0	0	
G	16006c0	1.21	0	0	
G	1600700	1.21	0	0	
G	1601e54	1.21	0	0	
G	1601e94	1.21	0	0	
G	16036b4	1.21	1	1	
G	16036f4	1.21	0	0	
G	1604774	1.21	0	0	
G	16047b4	1.21	0	0	
G	1605750	1.21	0	0	
G	1605790	1.21	0	0	
G	1606c0c	1.21	0	0	
G	1606c4c	1.21	0	0	
G	1607ce8	1.21	0	0	
G	1607d28	1.21	0	0	
G	1609738	1.21	0	0	
G	1609778	1.21	0	0	
G	160b160	1.21	0	0	
G	160b1a0	1.21	0	0	
G	160cbb4	1.21	0	0	
G	160cbf4	1.21	0	0	
G	160df24	1.21	0	0	
G	160df64	1.21	0	0	
G	160ef68	1.21	0	0	
G	160efa8	1.21	0	0	
G	16106f8	1.21	0	0	
G	1610738	1.21	0	0	
G	1613564	1.21	0	0	
G	16135a4	1.21	0	0	
G	1614cfc	1.21	0	0	
G	1614d3c	1.21	0	0	
G	16166f8	1.21	0	0	
G	1616738	1.21	0	0	
G	1617c90	1.21	0	0	
G	1617cd0	1.21	0	0	
G	16196a0	1.21	0	0	
G	16196e0	1.21	0	0	
G	161b410	1.21	0	0	
G	161b450	1.21	0	0	
G	161c2ec	1.21	0	0	
G	161ca00	1.21	0	0	
G	161e214	1.21	1	1	
G	161e254	1.21	0	0	
G	161fdf8	1.21	0	0	
G	161fe38	1.21	0	0	
G	16216ec	1.21	0	0	
G	1621738	1.21	0	0	
G	1622fac	1.21	0	0	
G	1622fec	1.21	0	0	
G	1624e98	1.21	0	0	
G	1624ed8	1.21	0	0	
G	16266a8	1.21	0	0	
G	16266e8	1.21	0	0	
G	16280b8	1.21	1	1	
G	16280f8	1.21	0	0	
G	1629844	1.21	0	0	
G	1629884	1.21	0	0	
G	162aef8	1.21	0	0	
G	162b60c	1.21	0	0	
G	162bd20	1.21	0	0	
G	162bd60	1.21	0	0	
G	162d4a8	1.21	0	0	
G	162d4e8	1.21	0	0	
G	162ed0c	1.21	0	0	
G	162ed4c	1.21	0	0	
G	163069c	1.21	1	1	
G	16306dc	1.21	0	0	
G	16320e0	1.21	0	0	
G	1632120	1.21	0	0	
G	1633d54	1.21	0	0	
G	1633d94	1.21	0	0	
G	1635808	1.21	0	0	
G	1635848	1.21	0	0	
G	1636ec8	1.21	0	0	
G	1636f08	1.21	0	0	
G	1638a28	1.21	0	0	
G	1638a68	1.21	0	0	
G	1639a6c	1.21	1	1	
G	1639aac	1.21	0	0	
G	163ba0c	1.21	0	0	
G	163ba4c	1.21	0	0	
G	163c3d8	1.21	0	0	
G	163c418	1.21	0	0	
G	163d498	1.21	0	0	
G	163d4d8	1.21	0	0	
G	163fa24	1.21	0	0	
G	163fa64	1.21	0	0	
G	16413d8	1.21	0	0	
G	1641418	1.21	0	0	
G	16426f8	1.21	0	0	
G	1642738	1.21	0	0	
G	1643ae0	1.21	0	0	
G	1643b30	1.22	0	0	
G	1644d84	1.22	0	0	
G	1644dc4	1.22	0	0	
G	16467e0	1.22	0	0	
G	1646820	1.22	0	0	
G	1647824	1.22	0	0	
G	1647864	1.22	0	0	
G	1648700	1.22	0	0	
G	1648740	1.22	0	0	
G	164a0e0	1.22	0	0	
G	164a120	1.22	0	0	
G	164b8fc	1.22	0	0	
G	164b93c	1.22	0	0	
G	164d0b4	1.22	0	0	
G	164d0f4	1.22	0	0	
G	164e934	1.22	0	0	
G	164e974	1.22	0	0	
G	16502ac	1.22	0	0	
G	16502ec	1.22	0	0	
G	1651388	1.22	0	0	
G	16513c8	1.22	0	0	
G	1652cac	1.22	0	0	
G	1652cec	1.22	0	0	
G	1654574	1.22	1	1	
G	16545b4	1.22	0	0	
G	16560a0	1.22	0	0	
G	16560e0	1.22	0	0	
G	1656e28	1.22	0	0	
G	1656e68	1.22	0	0	
G	165875c	1.22	0	0	
G	165879c	1.22	0	0	
G	165a190	1.22	0	0	
G	165a1d0	1.22	0	0	
G	165b9d8	1.22	0	0	
G	165c1ec	1.22	0	0	
G	165c900	1.22	1	1	
G	165c940	1.22	0	0	
G	165e344	1.22	0	0	
G	165e384	1.22	0	0	
G	165f388	1.22	0	0	
G	165f3c8	1.22	0	0	
G	1660a58	1.22	0	0	
G	1660a98	1.22	0	0	
G	1662658	1.22	0	0	
G	1662698	1.22	0	0	
G	1663f88	1.22	0	0	
G	1663fc8	1.22	0	0	
G	1666054	1.22	1	1	
G	1666094	1.22	0	0	
G	1667d10	1.22	0	0	
G	1667d50	1.22	0	0	
G	1669778	1.22	0	0	
G	16697b8	1.22	0	0	
G	166b4b8	1.22	0	0	
G	166b4f8	1.22	0	0	
G	166c4fc	1.22	0	0	
G	166c53c	1.22	0	0	
G	166dde8	1.22	0	0	
G	166de28	1.22	0	0	
G	166f7c4	1.22	0	0	
G	166f804	1.22	0	0	
G	1670ae8	1.22	0	0	
G	1670b28	1.22	0	0	
G	1671f6c	1.22	0	0	
G	1671fac	1.22	0	0	
G	1673148	1.22	0	0	
G	1673188	1.22	0	0	
G	1674b74	1.22	0	0	
G	1674bb4	1.22	0	0	
G	1676724	1.22	0	0	
G	1676764	1.22	0	0	
G	167804c	1.22	0	0	
G	167808c	1.22	0	0	
G	1679498	1.22	1	1	
G	16794d8	1.22	0	0	
G	167a474	1.22	0	0	
G	167a4b4	1.22	0	0	
G	167b5b8	1.22	0	0	
G	167b5f8	1.22	0	0	
G	167d3f0	1.22	0	0	
G	167d430	1.22	0	0	
G	167e434	1.22	0	0	
G	167e474	1.22	0	0	
G	167f814	1.22	1	1	
G	167f854	1.22	0	0	
G	1681448	1.22	0	0	
G	1681488	1.22	0	0	
G	1682524	1.22	0	0	
G	1682564	1.22	0	0	
G	1683844	1.22	0	0	
G	1683884	1.22	0	0	
G	16855e0	1.22	0	0	
G	168562c	1.22	0	0	
G	168690c	1.22	0	0	
G	168694c	1.22	0	0	
G	168955c	1.22	1	1	
G	168959c	1.22	0	0	
G	168ac88	1.22	0	0	
G	168acc8	1.22	0	0	
G	168c6dc	1.22	0	0	
G	168c71c	1.22	0	0	
G	168d7bc	1.22	0	0	
G	168d7fc	1.22	0	0	
G	168e700	1.22	0	0	
G	168e740	1.22	0	0	
G	1690784	1.22	0	0	
G	16907c4	1.22	0	0	
G	1692010	1.22	0	0	
G	1692050	1.22	0	0	
G	1693858	1.22	0	0	
G	1693898	1.22	0	0	
G	1695130	1.22	0	0	
G	1695170	1.22	0	0	
G	16977b4	1.22	0	0	
G	16977f4	1.22	0	0	
G	1699244	1.22	0	0	
G	1699284	1.22	0	0	
G	169a8f0	1.22	0	0	
G	169a930	1.22	0	0	
G	169c468	1.22	0	0	
G	169c4a8	1.22	0	0	
G	169ddec	1.22	1	1	
G	169de2c	1.22	0	0	
G	1157588	1.23	0	0	
G	1157654	1.23	0	0	
G	1157808	1.23	11	251	
G	11579b0	1.23	0	0	
G	1157bcc	1.23	1	1	
G	1157de8	1.23	0	0	
G	1158004	1.23	0	0	
G	1158220	1.23	0	0	
G	115843c	1.23	0	0	
G	1158658	1.23	0	0	
G	1158718	1.23	0	0	
G	1158934	1.23	0	0	
G	11589f4	1.23	0	0	
G	1158c10	1.23	0	0	
G	1158cd0	1.23	0	0	
G	1158eec	1.23	0	0	
G	1159108	1.23	0	0	
G	1159324	1.23	1	1	
G	11593e4	1.23	0	0	
G	115fe10	1.23	0	0	
G	1160314	1.23	3	105	
G	116045c	1.23	4	4	
G	116aa80	1.23	0	0	
G	116ab40	1.23	0	0	
G	116ad5c	1.23	0	0	
G	116ae1c	1.23	0	0	
G	116aedc	1.23	0	0	
G	116af9c	1.23	0	0	
G	116d474	1.23	0	0	
G	116d534	1.23	0	0	
G	116d750	1.23	0	0	
G	116d810	1.23	0	0	
G	116d8d0	1.23	0	0	
G	117b400	1.23	0	0	
G	117b61c	1.23	0	0	
G	117b6dc	1.23	0	0	
G	117b8f8	1.23	0	0	
G	117bb10	1.23	0	0	
G	117bbd0	1.23	0	0	
G	117bc90	1.23	0	0	
G	117bd50	1.23	0	0	
G	117be10	1.23	0	0	
G	117bed0	1.23	0	0	
G	117c0e8	1.23	0	0	
G	117c300	1.23	0	0	
G	1180bc4	1.23	0	0	
G	1180c84	1.23	0	0	
G	1180ea0	1.23	0	0	
G	1180f60	1.23	0	0	
G	118117c	1.23	0	0	
G	1181398	1.23	0	0	
G	1189c44	1.23	0	0	
G	1189d08	1.23	0	0	
G	1189e70	1.23	0	0	
G	1189f30	1.23	0	0	
G	118edb8	1.23	0	0	
G	118f0c4	1.23	0	0	
G	11c927c	1.23	0	0	
G	11cb30c	1.23	4	11	
G	12b5320	1.23	0	3	
G	12b7bc0	1.23	0	0	
G	12b7c30	1.23	0	0	
G	12dc324	1.23	0	0	
G	13bd320	1.23	0	0	
G	13ef858	1.23	0	0	
G	13ef864	1.23	0	1	
G	13efb70	1.23	0	0	
G	13f02bc	1.23	0	0	
G	13f02c0	1.23	0	0	
G	13f1c7c	1.23	0	0	
G	1403eec	1.23	1	1	
G	14040e8	1.23	0	0	
G	1404758	1.23	0	0	
G	140475c	1.23	0	0	
G	150d84c	1.23	9	49	
G	1514b8c	1.23	1	5	
G	1516438	1.23	1	1	
G	15167d0	1.23	0	0	
G	15167d4	1.23	0	0	
G	1517408	1.23	0	0	
G	151740c	1.23	0	0	
G	151d5e4	1.23	0	0	
G	151d5e8	1.23	0	0	
G	151daa8	1.23	0	0	
G	151dd50	1.23	0	0	
G	151deac	1.23	0	0	
G	151dfa8	1.23	0	0	
G	151e3c0	1.23	0	0	
G	151e3c4	1.23	0	0	
G	151ebcc	1.23	0	0	
G	151ebd0	1.23	0	0	
G	151f3b4	1.23	0	0	
G	1520148	1.23	0	0	
G	152014c	1.23	0	0	
G	1521394	1.23	0	0	
G	1521444	1.23	0	0	
G	1521450	1.23	0	0	
G	152145c	1.23	0	0	
G	1521468	1.23	0	0	
G	1521518	1.23	0	0	
G	1521524	1.23	0	0	
G	1521530	1.23	0	0	
G	152153c	1.23	0	0	
G	1521638	1.23	0	0	
G	1521a7c	1.23	0	0	
G	1521a80	1.23	0	0	
G	15224cc	1.23	0	0	
G	15224d0	1.23	0	0	
G	1523864	1.23	0	0	
G	1523868	1.23	0	0	
G	1524e3c	1.23	0	0	
G	1524e40	1.23	0	0	
G	1526100	1.23	1	1	
G	15263ac	1.23	0	0	
G	1526420	1.23	0	0	
G	169f600	1.23	0	0	
G	169f640	1.23	0	0	
G	16a102c	1.23	0	0	
G	16a106c	1.23	0	0	
G	16a25cc	1.23	0	0	
G	16a260c	1.23	0	0	
G	16a37ec	1.23	0	0	
G	16a382c	1.23	0	0	
G	16a4b0c	1.23	0	0	
G	16a4b4c	1.23	0	0	
G	16a6388	1.23	0	0	
G	16a63c8	1.23	0	0	
G	16a7840	1.23	0	0	
G	16a7880	1.23	0	0	
G	16a9020	1.23	0	0	
G	16a9060	1.23	0	0	
G	16aa83c	1.23	0	0	
G	16aa87c	1.23	0	0	
G	16ac3b4	1.23	0	0	
G	16ac3f4	1.23	0	0	
G	16ae008	1.23	0	0	
G	1e85dac	1.23	104	104	
G	1159bdc	1.24	0	0	
G	1159c9c	1.24	0	0	
G	1159d5c	1.24	0	0	
G	1169898	1.24	0	0	
G	1169958	1.24	0	0	
G	1169b74	1.24	0	0	
G	1169c34	1.24	0	0	
G	1169e50	1.24	0	0	
G	1169f10	1.24	0	0	
G	116a12c	1.24	0	0	
G	116a1ec	1.24	0	0	
G	116a408	1.24	1	1	
G	116a4c8	1.24	0	0	
G	117b128	1.24	0	0	
G	119a528	1.24	0	0	
G	119a744	1.24	0	0	
G	11a7698	1.24	0	0	
G	11a7758	1.24	0	0	
G	11a7974	1.24	0	0	
G	11a7f30	1.24	0	0	
G	11c7200	1.24	0	0	
G	11c72c0	1.24	0	0	
G	11c916c	1.24	0	0	
G	11f80b4	1.24	0	0	
G	11f81c8	1.24	0	0	
G	11f8284	1.24	0	0	
G	11f8348	1.24	1	1	
G	11f8408	1.24	0	0	
G	11f84c8	1.24	0	0	
G	11f8588	1.24	0	0	
G	11f8648	1.24	0	0	
G	11f8708	1.24	0	0	
G	11f87c8	1.24	0	0	
G	11f8888	1.24	0	0	
G	11f8948	1.24	0	0	
G	1200bb0	1.24	0	0	
G	1200e1c	1.24	0	0	
G	12b2930	1.24	0	0	
G	12dc3e4	1.24	0	0	
G	12dc600	1.24	0	0	
G	12dca6c	1.24	0	0	
G	13be1a4	1.24	2	2	
G	13f1c08	1.24	0	0	
G	13ffb18	1.24	0	0	
G	13ffde0	1.24	0	0	
G	1517ba4	1.24	0	0	
G	1517ba8	1.24	0	0	
G	1518678	1.24	0	0	
G	151867c	1.24	0	0	
G	1519368	1.24	0	0	
G	151936c	1.24	0	0	
G	1519ac4	1.24	1	1	
G	1519ac8	1.24	0	0	
G	151b86c	1.24	0	0	
G	151b870	1.24	0	0	
G	151b87c	1.24	0	0	
G	151b9a0	1.24	0	0	
G	151bb94	1.24	0	0	
G	151bb98	1.24	0	0	
G	151c77c	1.24	1	1	
G	151d0fc	1.24	0	0	
G	15265f0	1.24	0	0	
G	15265f4	1.24	0	0	
G	1526818	1.24	0	0	
G	1526a94	1.24	0	0	
G	1526ccc	1.24	0	0	
G	1526cd0	1.24	0	0	
G	1526f1c	1.24	0	0	
G	1526f28	1.24	1	1	
G	1527090	1.24	0	0	
G	152709c	1.24	0	0	
G	15270a8	1.24	0	0	
G	152728c	1.24	0	0	
G	1527420	1.24	0	0	
G	1527424	1.24	0	0	
G	152796c	1.24	0	0	
G	1527970	1.24	0	0	
G	1527f10	1.24	0	0	
G	1527f14	1.24	0	0	
G	152864c	1.24	0	0	
G	1528650	1.24	0	0	
G	1528a3c	1.24	0	1	
G	1529028	1.24	0	0	
G	1529200	1.24	0	0	
G	1529204	1.24	0	0	
G	15299a4	1.24	0	0	
G	15299a8	1.24	0	0	
G	1529f04	1.24	0	0	
G	1529f10	1.24	0	0	
G	152a138	1.24	0	0	
G	152a13c	1.24	0	0	
G	152aab4	1.24	0	0	
G	152aab8	1.24	0	0	
G	152b244	1.24	0	0	
G	152b248	1.24	0	0	
G	152bcd4	1.24	0	0	
G	152bcd8	1.24	0	0	
G	152c8bc	1.24	0	0	
G	152c8c0	1.24	0	0	
G	152cc3c	1.24	1	1	
G	152cc48	1.24	0	0	
G	152cc54	1.24	0	0	
G	152d0b0	1.24	0	0	
G	152d0b4	1.24	0	0	
G	152d514	1.24	0	0	
G	152d5b4	1.24	0	0	
G	1537a70	1.24	0	0	
G	1537ca8	1.24	0	0	
G	1537d54	1.24	0	1	
G	1537e50	1.24	0	0	
G	1538088	1.24	0	0	
G	153808c	1.24	0	0	
G	15382d8	1.24	0	0	
G	15382e4	1.24	1	1	
G	1538600	1.24	0	0	
G	1538a30	1.24	0	0	
G	1538a34	1.24	0	0	
G	1538db8	1.24	0	0	
G	1539198	1.24	0	0	
G	153919c	1.24	0	0	
G	15399f0	1.24	0	0	
G	15399f4	1.24	0	0	
G	153a858	1.24	0	0	
G	153a85c	1.24	0	0	
G	153ae1c	1.24	0	0	
G	153ae20	1.24	0	0	
G	153b020	1.24	0	0	
G	153b0d0	1.24	0	0	
G	153b488	1.24	0	0	
G	153b48c	1.24	0	0	
G	153ba20	1.24	0	0	
G	153ba24	1.24	0	0	
G	153bde4	1.24	0	0	
G	153be94	1.24	0	0	
G	153c24c	1.24	0	0	
G	153c250	1.24	0	0	
G	153c7e4	1.24	0	0	
G	153c7e8	1.24	0	0	
G	153d038	1.24	0	0	
G	153d03c	1.24	0	0	
G	153d730	1.24	0	0	
G	153d734	1.24	0	0	
G	153dee8	1.24	0	0	
G	153e0b0	1.24	0	0	
G	153e0b4	1.24	0	0	
G	153f48c	1.24	1	1	
G	153fe10	1.24	0	0	
G	153ff94	1.24	0	0	
G	153ff98	1.24	0	0	
G	1540e50	1.24	0	0	
G	1540e54	1.24	0	0	
G	1542704	1.24	0	0	
G	1542708	1.24	0	0	
G	154434c	1.24	0	0	
G	1544350	1.24	0	0	
G	1546064	1.24	1	1	
G	154659c	1.24	0	0	
G	15465a8	1.24	1	2	
G	15473c8	1.24	0	0	
G	1552904	1.24	0	0	
G	155db48	1.24	0	0	
G	156ce8c	1.24	0	0	
G	156ce90	1.24	0	0	
G	156dc48	1.24	0	0	
G	156dc4c	1.24	0	0	
G	116a6e4	1.25	0	0	
G	116a7a4	1.25	0	0	
G	116a864	1.25	0	0	
G	116b05c	1.25	0	0	
G	116b11c	1.25	0	0	
G	116b1dc	1.25	0	0	
G	116b29c	1.25	0	0	
G	116b35c	1.25	0	0	
G	116b41c	1.25	0	0	
G	116b4dc	1.25	0	0	
G	116b7b8	1.25	0	0	
G	116df68	1.25	0	0	
G	116e028	1.25	0	0	
G	116e244	1.25	0	0	
G	116e460	1.25	0	0	
G	116e520	1.25	0	0	
G	116e5e0	1.25	0	0	
G	116e6a0	1.25	0	0	
G	116e760	1.25	0	0	
G	116e820	1.25	0	0	
G	117b068	1.25	0	0	
G	117b340	1.25	0	0	
G	11a7b90	1.25	0	0	
G	11a7c54	1.25	0	0	
G	11a7ff4	1.25	0	0	
G	11a80b4	1.25	0	0	
G	11a8178	1.25	0	0	
G	14035a8	1.25	0	0	
G	14038b8	1.25	0	0	
G	14fa5f4	1.25	0	0	
G	14fa600	1.25	0	0	
G	14fab64	1.25	0	0	
G	1541d38	1.25	0	0	
G	1541d3c	1.25	0	0	
G	1548b28	1.25	0	1	
G	1548c60	1.25	0	0	
G	1548c6c	1.25	1	1	
G	1548f10	1.25	0	0	
G	1548f1c	1.25	0	0	
G	1548f28	1.25	1	1	
G	1549510	1.25	0	0	
G	15497e8	1.25	0	0	
G	15497ec	1.25	0	0	
G	15499ec	1.25	0	0	
G	1549c38	1.25	0	0	
G	1549c44	1.25	0	0	
G	1549e8c	1.25	0	0	
G	154a1b8	1.25	0	0	
G	154a1bc	1.25	0	0	
G	154b2d0	1.25	0	0	
G	154b2d4	1.25	0	0	
G	154be58	1.25	0	0	
G	154be5c	1.25	0	0	
G	154c718	1.25	0	0	
G	154c71c	1.25	0	0	
G	154cfb4	1.25	0	0	
G	154cfb8	1.25	0	0	
G	154e324	1.25	0	0	
G	154e328	1.25	0	0	
G	1550870	1.25	0	0	
G	1550874	1.25	0	0	
G	1550ca0	1.25	0	0	
G	1550ca4	1.25	0	0	
G	1550ea4	1.25	0	0	
G	15512bc	1.25	0	0	
G	15512c0	1.25	0	0	
G	1551c0c	1.25	0	0	
G	1551c18	1.25	0	1	
G	1551ca4	1.25	0	0	
G	1551d18	1.25	1	1	
G	155221c	1.25	0	0	
G	1552d40	1.25	0	0	
G	1552d44	1.25	0	0	
G	1552f44	1.25	0	0	
G	1552f50	1.25	0	0	
G	1552f5c	1.25	0	0	
G	15530e0	1.25	0	0	
G	15530e4	1.25	0	0	
G	15552c4	1.25	0	0	
G	15552c8	1.25	0	0	
G	1555768	1.25	0	0	
G	155593c	1.25	0	0	
G	1555940	1.25	0	0	
G	15562f4	1.25	0	0	
G	15562f8	1.25	0	0	
G	1556850	1.25	1	1	
G	1556d1c	1.25	0	0	
G	1557260	1.25	0	0	
G	1557264	1.25	0	0	
G	15577d4	1.25	0	0	
G	15577e0	1.25	0	0	
G	15577ec	1.25	0	0	
G	1557a08	1.25	0	0	
G	1557bc0	1.25	1	1	
G	1557cdc	1.25	0	0	
G	1557ea4	1.25	0	0	
G	1557ea8	1.25	0	0	
G	155a2cc	1.25	0	0	
G	155a360	1.25	0	0	
G	155a36c	1.25	0	0	
G	155a5a4	1.25	0	0	
G	155a5a8	1.25	0	0	
G	155abb4	1.25	0	0	
G	155abb8	1.25	0	0	
G	155b6fc	1.25	0	0	
G	155b700	1.25	0	0	
G	155c48c	1.25	0	0	
G	155c490	1.25	0	0	
G	155ccb4	1.25	0	0	
G	155ccb8	1.25	0	0	
G	155d0e4	1.25	0	0	
G	155d0e8	1.25	0	0	
G	155d514	1.25	0	0	
G	155d518	1.25	0	0	
G	155d944	1.25	0	0	
G	155d948	1.25	0	0	
G	155dd80	1.25	0	0	
G	155dd84	1.25	0	0	
G	155e1b0	1.25	0	0	
G	155e1b4	1.25	0	0	
G	155e730	1.25	0	0	
G	155e734	1.25	0	0	
G	155ef7c	1.25	0	0	
G	155f654	1.25	0	0	
G	155f658	1.25	0	0	
G	156069c	1.25	0	0	
G	15606a0	1.25	0	0	
G	1560aec	1.25	0	0	
G	1560d54	1.25	0	0	
G	1560d58	1.25	0	0	
G	1561290	1.25	0	0	
G	1561294	1.25	0	0	
G	1562328	1.25	0	0	
G	1562874	1.25	0	0	
G	1562878	1.25	0	0	
G	1563458	1.25	0	0	
G	156345c	1.25	0	0	
G	15636a8	1.25	0	0	
G	1563994	1.25	0	0	
G	1563cbc	1.25	0	0	
G	1563cc0	1.25	0	0	
G	1563e44	1.25	0	0	
G	1563e48	1.25	0	0	
G	1563e54	1.25	2	2	
G	1565ef0	1.25	0	0	
G	1566dd4	1.25	0	1	
G	1566ef8	1.25	0	0	
G	1566f6c	1.25	1	1	
G	1567184	1.25	0	0	
G	1159600	1.26	0	0	
G	115981c	1.26	0	0	
G	11598dc	1.26	0	0	
G	115999c	1.26	0	0	
G	1159b1c	1.26	0	0	
G	1159e1c	1.26	0	0	
G	1159edc	1.26	0	0	
G	115af1c	1.26	0	0	
G	115b138	1.26	0	0	
G	115b354	1.26	0	0	
G	115b570	1.26	0	0	
G	116b59c	1.26	0	0	
G	116b878	1.26	0	0	
G	116b938	1.26	0	0	
G	116bb54	1.26	0	0	
G	116bc14	1.26	0	0	
G	116bef0	1.26	0	0	
G	116c10c	1.26	0	0	
G	116c1cc	1.26	0	0	
G	116c3e8	1.26	0	0	
G	11a7e70	1.26	0	0	
G	13bd3d0	1.26	0	0	
G	13bd584	1.26	0	0	
G	13bd808	1.26	1	1	
G	13f2d18	1.26	1	1	
G	13f3194	1.26	0	0	
G	13f335c	1.26	0	0	
G	13f3360	1.26	0	0	
G	13f3a34	1.26	1	1	
G	13f3de4	1.26	0	0	
G	13f4110	1.26	0	0	
G	13f4114	1.26	0	0	
G	13ff0ec	1.26	0	0	
G	13ff288	1.26	0	0	
G	1405a90	1.26	1	1	
G	1405c24	1.26	0	0	
G	152d5c0	1.26	0	0	
G	152da64	1.26	0	0	
G	152dac4	1.26	0	0	
G	152dedc	1.26	0	0	
G	152dee0	1.26	0	0	
G	152e864	1.26	0	0	
G	152e868	1.26	0	0	
G	152f388	1.26	0	0	
G	152f38c	1.26	0	0	
G	152f844	1.26	0	0	
G	152fde4	1.26	0	0	
G	152fde8	1.26	0	0	
G	153047c	1.26	0	0	
G	1530480	1.26	0	0	
G	1530fc0	1.26	0	0	
G	1530fc4	1.26	0	0	
G	15315c4	1.26	0	0	
G	15315c8	1.26	0	0	
G	1531dfc	1.26	0	0	
G	1531e00	1.26	0	0	
G	153410c	1.26	0	0	
G	1534110	1.26	0	0	
G	1534bc8	1.26	0	0	
G	1534bcc	1.26	0	0	
G	1535664	1.26	0	0	
G	1535a6c	1.26	1	1	
G	1535b10	1.26	1	1	
G	1536024	1.26	0	0	
G	1536288	1.26	0	0	
G	153628c	1.26	0	0	
G	1536968	1.26	1	1	
G	1536ef4	1.26	0	0	
G	1537524	1.26	0	0	
G	1537528	1.26	0	0	
G	15665a0	1.26	0	0	
G	15665a4	1.26	0	0	
G	1567798	1.26	0	0	
G	156779c	1.26	0	0	
G	1567d24	1.26	0	0	
G	1567d30	1.26	0	0	
G	1567f84	1.26	0	0	
G	1567f90	1.26	1	1	
G	1568070	1.26	0	0	
G	15682a8	1.26	0	0	
G	15682ac	1.26	0	0	
G	15687f4	1.26	0	0	
G	15687f8	1.26	0	0	
G	156b198	1.26	0	0	
G	156b19c	1.26	0	0	
G	156b8d4	1.26	0	0	
G	156b8d8	1.26	0	0	
G	156bad8	1.26	0	0	
G	156be04	1.26	0	0	
G	156be08	1.26	0	0	
G	156be14	1.26	0	0	
G	156c044	1.26	0	0	
G	156c048	1.26	0	0	
G	156c3f4	1.26	0	0	
G	156c62c	1.26	0	0	
G	156c630	1.26	0	0	
G	156ca5c	1.26	0	0	
G	156ca60	1.26	0	0	
G	156d5c4	1.26	0	0	
G	156d5c8	1.26	0	0	
G	156da10	1.26	0	0	
G	156de98	1.26	0	0	
G	156dea4	1.26	0	0	
G	156e0dc	1.26	0	0	
G	156e0e0	1.26	0	0	
G	156e348	1.26	0	0	
G	156e40c	1.26	0	0	
G	156e4cc	1.26	0	0	
G	156e524	1.26	0	0	
G	156e8dc	1.26	0	0	
G	156e8e0	1.26	0	0	
G	156f1b0	1.26	0	0	
G	156f1b4	1.26	0	0	
G	1573664	1.26	0	0	
G	1573668	1.26	0	0	
G	1573a64	1.26	0	0	
G	1573a68	1.26	0	0	
G	157468c	1.26	0	0	
G	1574690	1.26	0	0	
G	15753a4	1.26	1	1	
G	15753a8	1.26	0	0	
G	1576bc8	1.26	0	0	
G	1576d70	1.26	0	0	
G	1589808	1.26	0	0	
G	158980c	1.26	0	0	
G	158a6c0	1.26	0	0	
G	158a7e8	1.26	0	0	
G	158a7f4	1.26	0	0	
G	158a854	1.26	0	0	
G	158ad04	1.26	0	0	
G	158ad08	1.26	0	0	
G	115be28	1.27	0	0	
G	115c044	1.27	0	0	
G	11687e8	1.27	0	0	
G	116e8e0	1.27	1	1	
G	116e9a0	1.27	0	0	
G	116ea60	1.27	0	0	
G	11c6e40	1.27	0	0	
G	11c6f00	1.27	0	0	
G	11c6fc0	1.27	0	0	
G	11c7a40	1.27	0	0	
G	11c7b00	1.27	0	0	
G	11c7bc4	1.27	0	0	
G	13bdc00	1.27	0	0	
G	13bde24	1.27	0	1	
G	13bdff4	1.27	0	0	
G	13f1450	1.27	0	0	
G	13f1798	1.27	0	0	
G	13f17f8	1.27	0	0	
G	13f186c	1.27	0	0	
G	13f192c	1.27	0	0	
G	13f19ec	1.27	0	0	
G	13f1aac	1.27	0	0	
G	13f1b04	1.27	0	0	
G	13f1b10	1.27	0	0	
G	13f5b80	1.27	1	1	
G	13f5dcc	1.27	0	0	
G	154d7a0	1.27	0	0	
G	154d7a4	1.27	0	0	
G	154dd50	1.27	0	0	
G	154dd54	1.27	0	0	
G	1552220	1.27	0	0	
G	1552908	1.27	0	0	
G	1552b08	1.27	0	0	
G	1555774	1.27	0	0	
G	156923c	1.27	0	0	
G	1569240	1.27	0	0	
G	15696c0	1.27	0	0	
G	15696c4	1.27	0	0	
G	1569b64	1.27	0	0	
G	1569d1c	1.27	0	0	
G	156a144	1.27	0	0	
G	156a7d4	1.27	0	0	
G	156a7d8	1.27	0	0	
G	156e598	1.27	0	0	
G	156e658	1.27	0	0	
G	15700f0	1.27	0	0	
G	15700f4	1.27	0	0	
G	1570788	1.27	0	0	
G	157078c	1.27	0	0	
G	1570798	1.27	0	0	
G	1570c38	1.27	0	0	
G	1570cac	1.27	0	0	
G	1570d6c	1.27	0	0	
G	1571014	1.27	0	0	
G	1571018	1.27	0	0	
G	1572274	1.27	0	0	
G	1572278	1.27	0	0	
G	1572d14	1.27	0	0	
G	1572d18	1.27	0	0	
G	1573190	1.27	0	0	
G	15732b0	1.27	0	0	
G	1576438	1.27	0	0	
G	157643c	1.27	0	0	
G	1577128	1.27	0	0	
G	157712c	1.27	0	0	
G	15779f4	1.27	0	0	
G	15779f8	1.27	0	0	
G	15782ec	1.27	0	0	
G	15782f0	1.27	0	0	
G	1578c50	1.27	0	0	
G	1578c54	1.27	0	0	
G	15795e0	1.27	0	0	
G	15795e4	1.27	0	0	
G	1579ce4	1.27	0	0	
G	1579ce8	1.27	0	0	
G	157aa8c	1.27	0	0	
G	157aa90	1.27	0	0	
G	157b870	1.27	0	0	
G	157b874	1.27	0	0	
G	157bc84	1.27	0	0	
G	157be30	1.27	0	0	
G	157bfe4	1.27	0	0	
G	157c114	1.27	0	0	
G	157c2dc	1.27	1	1	
G	157c2e0	1.27	0	0	
G	157d344	1.27	0	0	
G	157d464	1.27	0	0	
G	157d844	1.27	0	0	
G	157d848	1.27	0	0	
G	157df90	1.27	0	0	
G	157df94	1.27	0	0	
G	157e354	1.27	0	0	
G	157e518	1.27	0	0	
G	157ea3c	1.27	0	0	
G	157ea40	1.27	0	0	
G	157ef08	1.27	0	0	
G	157f320	1.27	0	0	
G	157f324	1.27	0	0	
G	157ffd8	1.27	0	0	
G	157ffe4	1.27	0	0	
G	1580488	1.27	0	0	
G	158048c	1.27	0	0	
G	158102c	1.27	0	0	
G	1581030	1.27	0	0	
G	1581ad4	1.27	0	0	
G	1581ad8	1.27	0	0	
G	1581fc4	1.27	0	0	
G	1581fc8	1.27	0	0	
G	15824b0	1.27	0	0	
G	15824b4	1.27	0	0	
G	1582920	1.27	0	0	
G	1582924	1.27	0	0	
G	1582ee4	1.27	0	0	
G	1582ee8	1.27	0	0	
G	1584640	1.27	0	0	
G	1584644	1.27	0	0	
G	1584980	1.27	1	1	
G	1584a7c	1.27	0	0	
G	1584cd8	1.27	0	0	
G	1584cdc	1.27	0	0	
G	1586bd8	1.27	0	0	
G	1586bdc	1.27	0	0	
G	15872a8	1.27	0	0	
G	15872ac	1.27	0	0	
G	15877c0	1.27	0	0	
G	15878c8	1.27	0	0	
G	1587d68	1.27	0	0	
G	1587d6c	1.27	0	0	
G	1588474	1.27	0	0	
G	15886ac	1.27	0	0	
G	15886b0	1.27	0	0	
G	1588b1c	1.27	0	0	
G	1588b20	1.27	0	0	
G	1589394	1.27	0	0	
G	1589428	1.27	0	0	
G	158949c	1.27	0	0	
G	158b76c	1.27	0	0	
G	158b7dc	1.27	0	0	
G	158b84c	1.27	0	0	
G	158b8bc	1.27	0	0	
G	158b92c	1.27	0	0	
G	158b99c	1.27	0	0	
G	158bbb8	1.27	0	0	
G	158bc28	1.27	0	0	
G	158bc98	1.27	0	0	
G	158bd08	1.27	0	0	
G	158bd78	1.27	0	0	
G	158bde8	1.27	0	0	
G	158be58	1.27	0	0	
G	158c030	1.27	0	0	
G	158c128	1.27	0	0	
G	158c220	1.27	0	0	
G	158c43c	1.27	0	0	
G	158c534	1.27	0	0	
G	158c750	1.27	0	0	
G	158c7c0	1.27	0	0	
G	158c9dc	1.27	0	0	
G	158ca4c	1.27	0	0	
G	158cc68	1.27	0	0	
G	158ce84	1.27	0	0	
G	158d09c	1.27	0	0	
G	158d2b4	1.27	0	0	
G	158d324	1.27	0	0	
G	158d394	1.27	0	0	
G	158d5b0	1.27	0	0	
G	158d620	1.27	0	0	
G	158d690	1.27	0	0	
G	158d700	1.27	0	0	
G	158d770	1.27	0	0	
G	158d7e0	1.27	0	0	
G	158d850	1.27	0	0	
G	158d8c0	1.27	0	0	
G	158d930	1.27	0	0	
G	158d9a0	1.27	0	0	
G	158da10	1.27	0	0	
G	158da80	1.27	0	0	
G	13b5020	1.28	0	0	
G	13b5168	1.28	0	1	
G	13b5260	1.28	0	0	
G	158b61c	1.28	0	0	
G	158b68c	1.28	0	0	
G	158b6fc	1.28	0	0	
G	17c7b08	1.28	0	0	
G	17c7c30	1.28	0	0	
G	17ea230	1.28	0	37	
G	17ea398	1.28	3	142	
G	17eabb0	1.28	0	0	
G	17eabe0	1.28	0	0	
G	17eac14	1.28	0	0	
G	17eac18	1.28	0	100	
G	17eac50	1.28	0	0	
G	17eac9c	1.28	2	9	
G	17eb004	1.28	3	73	
G	17eb1ec	1.28	0	43	
G	17eb990	1.28	1	7	
G	17ebe3c	1.28	17	455	
G	17ec3b0	1.28	0	7	
G	17ec5e8	1.28	11	210	
G	17ec758	1.28	3	47	
G	17ecbbc	1.28	0	12	
G	17ecd0c	1.28	0	14	
G	17ed204	1.28	1	10	
G	17ed23c	1.28	1	1	
G	17ed480	1.28	2	13	
G	17ed7e0	1.28	0	69	
G	17edbcc	1.28	0	72	
G	17edc04	1.28	0	0	
G	17f1ba8	1.28	0	96	
G	17f1c04	1.28	4	4	
G	17f1da0	1.28	0	0	
G	17f1e94	1.28	0	0	
G	17f1e98	1.28	0	0	
G	17f2a3c	1.28	2	464	
G	17f7f0c	1.28	0	450	
G	17f8104	1.28	7	824	
G	17fa988	1.28	0	0	
G	17fab20	1.28	0	0	
G	1db1010	1.28	0	0	
G	1db1388	1.28	0	24	
G	1dff068	1.28	0	0	
G	1e6cbac	1.28	0	0	
G	1e6e06c	1.28	1	1	
G	1e6e0e8	1.28	1	1	
G	1e6e270	1.28	0	1	
G	1e84614	1.28	0	0	
G	1e8479c	1.28	1	1	
G	1e84968	1.28	0	0	
G	1e84978	1.28	0	0	
G	1e8a69c	1.28	0	0	
G	1e8a774	1.28	0	0	
G	1e8aa48	1.28	0	1	
G	1e8ab28	1.28	0	0	
G	2682f04	1.28	0	2	
G	2688594	1.28	0	2	
G	268886c	1.28	3	5	
G	2688958	1.28	0	5	
G	2688994	1.28	0	0	
G	2689064	1.28	1	1	
G	2689294	1.28	0	0	
G	2694398	1.28	1	1	
G	2694528	1.28	0	0	
G	269537c	1.28	53	53	
G	2695394	1.28	68	68	
G	2695408	1.28	119	243	
G	2695d3c	1.28	0	0	
G	26966e0	1.28	2	2	
G	2696be8	1.28	0	0	
G	114af04	1.29	2	14	
G	114b2e0	1.29	0	0	
G	114b600	1.29	272	614	
G	11ab044	1.29	0	0	
G	13b4b68	1.29	0	0	
G	13b4b78	1.29	0	0	
G	13b4c18	1.29	3	3	
G	13b5388	1.29	0	0	
G	17eabb4	1.29	0	0	
G	17eb9c8	1.29	0	0	
G	17f8634	1.29	4	102	
G	17f8b7c	1.29	3	5	
G	17f8c5c	1.29	5	68	
G	17f9590	1.29	1	47	
G	17f9964	1.29	1	2	
G	17f9ad8	1.29	1	97	
G	17fa5f8	1.29	0	0	
G	17fa840	1.29	0	0	
G	17fa940	1.29	0	0	
G	17fae4c	1.29	0	1	
G	1c2c638	1.29	0	0	
G	1c2c7b4	1.29	0	5	
G	1db38d8	1.29	0	0	
G	1db3cd4	1.29	0	1	
G	1db3e14	1.29	1	88	
G	1db6058	1.29	0	0	
G	1db6168	1.29	0	0	
G	1ddaf3c	1.29	0	0	
G	1dea4f8	1.29	0	0	
G	1e828f4	1.29	0	0	
G	1e82e84	1.29	2	70	
G	1e83844	1.29	13	61	
G	1e83dd8	1.29	9	9	
G	1e83ebc	1.29	0	0	
G	1e83fc8	1.29	1	615	
G	1e840ac	1.29	0	0	
G	1e84b10	1.29	1	1	
G	1e84c08	1.29	0	0	
G	1e85acc	1.29	13	13	
G	1e8abb8	1.29	0	1	
G	1e8b74c	1.29	0	0	
G	1e904c0	1.29	3	4	
G	1e90fac	1.29	0	0	
G	1e911e0	1.29	1	75	
G	1e92404	1.29	1	25	
G	1e926a4	1.29	0	0	
G	1e928b4	1.29	0	0	
G	1e92948	1.29	1	640	
G	1e93760	1.29	0	0	
G	1e937bc	1.29	0	0	
G	1e93820	1.29	0	0	
G	1e94fd0	1.29	0	16	
G	1e95a90	1.29	0	17	
G	1e964bc	1.29	30	83	
G	1e9f158	1.29	0	0	
G	1eb4db4	1.29	1	1	
G	1ec0dfc	1.29	0	1	
G	1ec53bc	1.29	0	0	
G	1ecb138	1.29	0	0	
G	1f1ad0c	1.29	0	0	
G	1f1cd38	1.29	3	19	
G	1f1d5c8	1.29	0	0	
G	1f1dda8	1.29	7	7	
G	1f20168	1.29	29	29	
G	1f20238	1.29	0	0	
G	1f20de8	1.29	0	0	
G	1f21408	1.29	0	0	
G	1f55408	1.29	2	2	
G	1f55524	1.29	0	0	
G	2222dbc	1.29	0	0	
G	2222dc0	1.29	0	0	
G	2224e6c	1.29	2	42	
G	2224f28	1.29	1	717	
G	2224fc0	1.29	0	716	
G	222531c	1.29	1	1	
G	114b81c	1.30	0	0	
G	114b830	1.30	0	0	
G	11d6fe4	1.30	2	4	
G	136cd54	1.30	0	0	
G	136cde0	1.30	0	0	
G	1373518	1.30	0	0	
G	17cfcd8	1.30	0	0	
G	17cfe1c	1.30	0	0	
G	17f9540	1.30	0	430	
G	17fc330	1.30	0	0	
G	17fc638	1.30	0	1	
G	17fc66c	1.30	0	0	
G	17fefc0	1.30	1	2	
G	17ff384	1.30	2	65	
G	18000d0	1.30	0	0	
G	187a84c	1.30	1	1	
G	195cd28	1.30	0	0	
G	195ceec	1.30	0	1	
G	1aa8f8c	1.30	0	0	
G	1aa91e8	1.30	0	0	
G	1aaf878	1.30	0	0	
G	1aaf894	1.30	0	0	
G	1bbecb0	1.30	0	0	
G	1bbecc4	1.30	0	1	
G	1bbefc8	1.30	0	0	
G	1bbf274	1.30	1	1	
G	1cb8494	1.30	0	0	
G	1d98734	1.30	0	0	
G	1d98a90	1.30	0	0	
G	1d98a94	1.30	2	3	
G	1da0138	1.30	0	0	
G	1da0154	1.30	0	0	
G	1da0220	1.30	0	0	
G	1da023c	1.30	0	0	
G	1da048c	1.30	0	0	
G	1da0610	1.30	0	0	
G	1da062c	1.30	0	0	
G	1da0720	1.30	0	0	
G	1da073c	1.30	0	0	
G	1da09a8	1.30	0	0	
G	1da09c4	1.30	0	0	
G	1da0ee0	1.30	0	0	
G	1da0efc	1.30	0	0	
G	1da1048	1.30	0	0	
G	1da1064	1.30	0	0	
G	1da1384	1.30	0	0	
G	1da13a0	1.30	0	0	
G	1da1660	1.30	0	0	
G	1da167c	1.30	0	0	
G	1da1cfc	1.30	0	0	
G	1da1d18	1.30	0	0	
G	1da1f38	1.30	0	0	
G	1da1f54	1.30	0	0	
G	1da21ac	1.30	0	0	
G	1da21c8	1.30	0	0	
G	1da2298	1.30	0	0	
G	1da22b4	1.30	0	0	
G	1db1e20	1.30	0	0	
G	1dff078	1.30	0	0	
G	1e13224	1.30	0	0	
G	1e133a4	1.30	0	0	
G	1e1880c	1.30	0	0	
G	1e92768	1.30	0	0	
G	1ea332c	1.30	0	0	
G	1f18e90	1.30	0	440	
G	1f19b14	1.30	0	576	
G	1f1ac74	1.30	0	0	
G	1f1b2f4	1.30	0	440	
G	1f702c4	1.30	0	0	
G	1f854c0	1.30	0	0	
G	221eaa8	1.30	0	0	
G	25b0828	1.30	0	0	
G	25b089c	1.30	0	0	
G	25b84b4	1.30	0	0	
G	25b8a50	1.30	1	111	
G	25b8d28	1.30	0	36	
G	25b9170	1.30	288	435	
G	25bb3f8	1.30	1	436	
G	25bbb04	1.30	4	440	
G	25bdf04	1.30	27	27	
G	25def34	1.30	11	11	
G	25df200	1.30	2	7	
G	25e1124	1.30	1	1	
G	25e1300	1.30	1	1	
G	25e180c	1.30	1	5	
G	25e3498	1.30	3	10	
G	25e3a0c	1.30	89	89	
G	25e6e1c	1.30	0	12	
G	17f9084	1.31	1	52	
G	17ff528	1.31	0	0	
G	17ffd1c	1.31	1	29	
G	113d274	1.32	0	0	
G	113da04	1.32	0	0	
G	113db54	1.32	0	3	
G	113db78	1.32	0	3	
G	113e7a0	1.32	0	0	
G	113ec78	1.32	0	0	
G	113ecec	1.32	1	3	
G	113ef78	1.32	0	0	
G	113f250	1.32	48	48	
G	113f838	1.32	1	1	
G	113fe4c	1.32	9	9	
G	113ffc4	1.32	0	0	
G	1140008	1.32	0	0	
G	1140828	1.32	0	0	
G	1140874	1.32	0	0	
G	11408f4	1.32	1	10	
G	1140bd0	1.32	1	1	
G	1140c70	1.32	0	0	
G	1140e98	1.32	0	0	
G	1481788	1.32	0	0	
G	1481f44	1.32	0	0	
G	14825d0	1.32	0	0	
G	14829b0	1.32	0	2	
G	1482ae8	1.32	1	1	
G	1489888	1.32	0	0	
G	14899bc	1.32	0	0	
G	148a348	1.32	0	0	
G	148a364	1.32	0	0	
G	148a3f4	1.32	0	0	
G	148a410	1.32	0	0	
G	14b7684	1.32	0	5	
G	14d4e98	1.32	0	4	
G	14fa080	1.32	0	0	
G	17cf9a4	1.32	0	1	
G	1806a94	1.32	0	0	
G	1876f30	1.32	0	0	
G	1877110	1.32	1	21	
G	18772d8	1.32	0	0	
G	1877304	1.32	0	0	
G	1877360	1.32	0	0	
G	19587ec	1.32	0	0	
G	1958830	1.32	0	12	
G	195a3dc	1.32	0	1	
G	195ab7c	1.32	0	0	
G	195b278	1.32	0	0	
G	195b434	1.32	0	22	
G	1df3e04	1.32	0	0	
G	1e52214	1.32	0	0	
G	1e522e8	1.32	0	0	
G	1e840b4	1.32	0	3	
G	1e92980	1.32	1	4	
G	1f4e99c	1.32	0	0	
G	21b9a48	1.32	1	1	
G	21b9c60	1.32	0	0	
G	25e49e8	1.32	3	3	
G	25e54cc	1.32	8	8	
G	113e7d4	1.33	1	1	
G	1141374	1.33	0	0	
G	1143b1c	1.33	0	0	
G	136c440	1.33	0	0	
G	13b4b88	1.33	0	0	
G	13baafc	1.33	1	1	
G	13bb174	1.33	0	0	
G	14b7c60	1.33	0	0	
G	14f670c	1.33	0	0	
G	14f7dc4	1.33	0	0	
G	16ed05c	1.33	0	0	
G	17b2dec	1.33	0	0	
G	17b3138	1.33	1	6	
G	17b3a18	1.33	1	1	
G	17b4700	1.33	0	0	
G	17c5df4	1.33	0	0	
G	17c5e58	1.33	0	0	
G	17fe7ec	1.33	0	0	
G	17fe92c	1.33	0	0	
G	17fe934	1.33	0	0	
G	1d998a0	1.33	0	0	
G	1d998b0	1.33	0	0	
G	1d998e8	1.33	1	5	
G	1db1d30	1.33	4	4	
G	1de8a10	1.33	0	1	
G	1de8ad8	1.33	0	0	
G	1de8be8	1.33	1	1	
G	1de8f6c	1.33	0	0	
G	1de9028	1.33	1	1	
G	1de9124	1.33	0	0	
G	1de9208	1.33	0	0	
G	1de92f8	1.33	0	0	
G	1de93dc	1.33	0	0	
G	1de94cc	1.33	0	0	
G	1de95b0	1.33	0	0	
G	1dec438	1.33	0	0	
G	1dec558	1.33	0	0	
G	1dec738	1.33	0	3	
G	1dedf2c	1.33	1	1	
G	1df2048	1.33	0	5	
G	1e346a4	1.33	0	0	
G	1e34998	1.33	0	0	
G	1e3627c	1.33	0	0	
G	1e38970	1.33	0	0	
G	1e38ba8	1.33	0	0	
G	1e629f4	1.33	0	0	
G	1f0adc8	1.33	0	0	
G	1f0ade0	1.33	0	0	
G	1f502f4	1.33	1	4	
G	1f50438	1.33	0	2	
G	1f50578	1.33	0	0	
G	1f505b8	1.33	2	3	
G	1f50980	1.33	0	1	
G	1f50efc	1.33	0	0	
G	1f50f20	1.33	0	0	
G	1f50f28	1.33	0	0	
G	1f50f88	1.33	0	0	
G	1f51320	1.33	0	0	
G	1f513f8	1.33	0	0	
G	1f514f0	1.33	0	0	
G	1f51544	1.33	0	0	
G	1f51678	1.33	0	0	
G	1f51ba4	1.33	0	0	
G	1f52198	1.33	0	0	
G	1f52530	1.33	0	0	
G	1f52744	1.33	0	0	
G	1f52798	1.33	1	1	
G	1f52df8	1.33	0	0	
G	1f53398	1.33	0	0	
G	22059c0	1.33	0	0	
G	2205bd8	1.33	0	0	
G	22063fc	1.33	0	0	
G	220b9ac	1.33	0	0	
G	220c1e8	1.33	0	0	
G	220d480	1.33	0	0	
G	221c18c	1.33	0	0	
G	221c194	1.33	0	0	
G	259f0a4	1.33	0	0	
G	25e360c	1.33	0	0	
G	25e6d7c	1.33	0	1	
G	129574c	1.34	1	1	
G	1e62ce8	1.34	0	0	
G	1e68f7c	1.34	0	0	
G	1f39140	1.34	0	0	
G	1f3a84c	1.34	0	0	
G	1f3bb30	1.34	16	16	
G	1f3fe34	1.34	51	51	
G	1f625f8	1.34	341	341	
G	1f6839c	1.34	120	120	
G	1f68690	1.34	1	121	
G	1f6d28c	1.34	130	162	
G	1f6d4fc	1.34	6	340	
G	1f6d51c	1.34	209	213	
G	1f8d9d4	1.34	16	16	
G	209f3f0	1.34	2	1507	
G	20e9cac	1.34	102	184	
G	20ec530	1.34	21	32	
G	20ec58c	1.34	4	103	
G	20ecb70	1.34	13	23	
G	20ee52c	1.34	41	41	
G	20f0bd8	1.34	6	77	
G	2134aa8	1.34	0	0	
G	2134aac	1.34	148	148	
G	21359c4	1.34	0	0	
G	2135a80	1.34	7	7	
G	213e324	1.34	0	4	
G	214e51c	1.34	15	18	
G	214e9e4	1.34	5	5	
G	214eacc	1.34	14	35	
G	214ed38	1.34	0	0	
G	214ed40	1.34	56	103	
G	214ef08	1.34	0	0	
G	2161240	1.34	150	3792	
G	2161b08	1.34	68	850	
G	216950c	1.34	0	0	
G	2169abc	1.34	0	0	
G	216b030	1.34	80	1626	
G	216b260	1.34	636	2319	
G	2197b18	1.34	186	378	
G	2197f50	1.34	11	11	
G	21b5438	1.34	8	8	
G	21b5d48	1.34	0	0	
G	234e000	1.34	4	4	
G	23577c8	1.34	26	66	
G	2357988	1.34	6	33	
G	1e76734	1.35	0	0	
G	1f1eb3c	1.35	7	27	
G	1f1ed74	1.35	64	173	
G	1f1f058	1.35	89	89	
G	1f2d530	1.35	5	6	
G	1f56fe4	1.35	30	30	
G	1f62750	1.35	270	291	
G	1f81210	1.35	7	84	
G	1f8d514	1.35	8	135370	
G	1f8d638	1.35	262	135362	
G	20ad0ac	1.35	5	889	
G	20ada04	1.35	4	243	
G	20ef7ac	1.35	24	24	
G	2135c28	1.35	42	42	
G	2138f24	1.35	0	0	
G	2138f34	1.35	123	123	
G	214266c	1.35	24	24	
G	214bed8	1.35	5	8	
G	214bfd0	1.35	8	8	
G	214c29c	1.35	8	15	
G	215dd38	1.35	1012	3651	
G	2161e98	1.35	761	1099	
G	216222c	1.35	230	478	
G	21629b8	1.35	8	8	
G	2162bcc	1.35	15	15	
G	21672ec	1.35	167	167	
G	2167d7c	1.35	1	1	
G	2167d80	1.35	0	0	
G	2167d88	1.35	4	9	
G	2169a90	1.35	5	15	
G	2169b98	1.35	0	0	
G	2169c74	1.35	15	136777	
G	216a870	1.35	7	2092	
G	216a9b8	1.35	9	695	
G	216ae58	1.35	13	13	
G	216beb0	1.35	0	0	
G	216bf14	1.35	6	790	
G	216d624	1.35	3	3	
G	2197dd4	1.35	9	9	
G	21aed1c	1.35	7	108	
G	21bad6c	1.35	81	81	
G	21c4e30	1.35	5	6	
G	21c898c	1.35	5	1137	
G	21d37e8	1.35	40	778	
G	21d3fd8	1.35	3	3	
G	21d4154	1.35	0	0	
G	21db6e0	1.35	13	30	
G	21eac58	1.35	8	32	
G	2210e64	1.35	32	357	
G	2245e34	1.35	176	176	
G	2246438	1.35	5	306	
G	1e9c698	1.36	0	0	
G	1f2b1ac	1.36	4	6	
G	1f2e6cc	1.36	0	0	
G	1f2e6d8	1.36	0	0	
G	215fb4c	1.36	193	262	
G	216a4bc	1.36	17	1264	
G	216b6f4	1.36	660	660	
G	217cf78	1.36	0	0	
G	218aaf8	1.36	0	1	
G	21ba980	1.36	0	0	
G	21baa3c	1.36	5	5	
G	21d7ea8	1.36	0	3	
G	21d80c8	1.36	0	17	
G	21d8624	1.36	0	6	
G	21d9710	1.36	2	12	
G	21db13c	1.36	1	1	
G	21de218	1.36	1	1	
G	21deca8	1.36	0	5	
G	21defd4	1.36	1	6	
G	21e22ac	1.36	1	2	
G	21e28c4	1.36	0	2	
G	21e4538	1.36	3	3	
G	21e47e0	1.36	1	3	
G	21e4b0c	1.36	1	1	
G	21e6f94	1.36	0	0	
G	21e7600	1.36	0	1	
G	21e7b08	1.36	1	2	
G	21e7d6c	1.36	0	4	
G	23695c0	1.36	0	0	
G	1e767b4	1.37	0	0	
G	20f02d4	1.37	0	0	
G	212eaac	1.37	7	7	
G	212ed0c	1.37	12	12	
G	212edbc	1.37	1	1	
G	212f0c4	1.37	8	8	
G	2142ed0	1.37	3	3	
G	215f588	1.37	554	1191	
G	215f77c	1.37	1395	5225	
G	215fa44	1.37	5	5	
G	2160494	1.37	44	44	
G	21606a0	1.37	12	12	
G	21608ac	1.37	21	51	
G	2169740	1.37	0	0	
G	2169774	1.37	2	2	
G	216a660	1.37	756	7295	
G	216b8a0	1.37	484	648	
G	216b9bc	1.37	3167	4106	
G	216be44	1.37	2	2	
G	216be70	1.37	5	5	
G	2172314	1.37	0	0	
G	2172848	1.37	0	0	
G	2172920	1.37	0	0	
G	2172930	1.37	0	0	
G	2174678	1.37	1	83	
G	2174804	1.37	217	217	
G	21759b8	1.37	0	0	
G	217ad10	1.37	0	0	
G	217aed0	1.37	0	0	
G	217d760	1.37	6	6	
G	217d8e8	1.37	25	25	
G	217ed6c	1.37	6	1181	
G	217ee24	1.37	5	1169	
G	217efe0	1.37	6	6	
G	2182110	1.37	1	2113	
G	21822b0	1.37	0	2112	
G	21832e0	1.37	81	81	
G	2183b98	1.37	214	214	
G	21863a4	1.37	0	0	
G	218b678	1.37	1	64	
G	218bb7c	1.37	37	215	
G	218d308	1.37	41	301	
G	218dbcc	1.37	0	0	
G	21904b0	1.37	13	13	
G	21a98f8	1.37	0	0	
G	21a9910	1.37	5	173	
G	21aa3d8	1.37	0	0	
G	21aa3f4	1.37	4	4	
G	21aa494	1.37	2	2	
G	21aa828	1.37	3	3	
G	21ab324	1.37	1	2	
G	21ab404	1.37	65	141	
G	21ab45c	1.37	40	76	
G	21ae290	1.37	0	0	
G	21b1cc8	1.37	0	0	
G	21b1ce0	1.37	0	0	
G	21b8ba8	1.37	2	4	
G	21b974c	1.37	1	1	
G	21b976c	1.37	4	4	
G	21b9e70	1.37	104	195	
G	21b9fdc	1.37	7	7	
G	21c109c	1.37	2	2	
G	21c2760	1.37	79	79	
G	21c2d50	1.37	121	121	
G	21c2f54	1.37	108	108	
G	21c35f4	1.37	91	92	
G	21d3764	1.37	9	10	
G	23605b0	1.37	8	8	
G	23606a4	1.37	5	6	
G	2360708	1.37	6	11	
G	20efe68	1.38	0	0	
G	2173068	1.38	1	2	
G	2179b2c	1.38	18	34	
G	2179cf4	1.38	18	18	
G	2179e08	1.38	79	95	
G	217a5f4	1.38	2	2	
G	217ae04	1.38	0	0	
G	217e6a4	1.38	12	12	
G	217e9a0	1.38	4	4	
G	218a69c	1.38	0	0	
G	218a6c4	1.38	1	1	
G	218ae74	1.38	3	3	
G	218baa8	1.38	0	7	
G	218d984	1.38	3	36	
G	2190670	1.38	6	9	
G	2190688	1.38	1	1	
G	21906cc	1.38	1	1	
G	2190cdc	1.38	8	9	
G	21ac338	1.38	22	27	
G	21aca78	1.38	0	0	
G	21acc70	1.38	0	0	
G	21ace1c	1.38	1	1	
G	23559d0	1.38	0	3	
G	1143264	1.39	0	0	
G	1492564	1.39	3	3	
G	17cfefc	1.39	0	0	
G	17f93bc	1.39	2	11	
G	1e7fc3c	1.39	0	0	
G	1e8bfb0	1.39	0	0	
G	1e9136c	1.39	21	43	
G	1e9269c	1.39	0	0	
G	1e954e8	1.39	112	153	
G	1e96d78	1.39	7	9	
G	20f0d54	1.39	4	4	
G	2169218	1.39	13	31	
G	216924c	1.39	0	0	
G	2169798	1.39	0	0	
G	21697a0	1.39	0	0	
G	217a15c	1.39	22	22	
G	217ad24	1.39	81	81	
G	217b1b8	1.39	560	560	
G	217b548	1.39	85	2290	
G	217bba0	1.39	7	7	
G	217d3c0	1.39	89	89	
G	217d47c	1.39	4	4	
G	217dcc0	1.39	16	16	
G	217dfc0	1.39	22	22	
G	217e100	1.39	27	27	
G	217e33c	1.39	18	18	
G	217e3e4	1.39	18	18	
G	217e794	1.39	0	0	
G	217e7a4	1.39	16	16	
G	217ea54	1.39	0	0	
G	217ea6c	1.39	0	0	
G	217eb20	1.39	47	148	
G	21871a0	1.39	326	751	
G	2187c60	1.39	452	452	
G	218a340	1.39	265	443	
G	218a600	1.39	20	62	
G	218a684	1.39	0	0	
G	218d2ec	1.39	1	84	
G	218d86c	1.39	0	0	
G	218e22c	1.39	0	0	
G	21aa66c	1.39	6	6	
G	21aa724	1.39	9	242	
G	21aa820	1.39	0	0	
G	21ad250	1.39	172	1195	
G	21ae2c0	1.39	5	5	
G	21aea7c	1.39	52	1429	
G	21c2698	1.39	0	0	
G	21c3150	1.39	42	42	
G	21c3574	1.39	356	356	
G	21c37e0	1.39	78	78	
G	21c5178	1.39	5	5	
G	21d5134	1.39	6	13	
G	223642c	1.39	51	54	
G	236785c	1.39	7	7	
G	1f1fb64	1.40	4	4	
G	217d0ac	1.40	0	0	
G	217d0f8	1.40	2032	3841	
G	217ea84	1.40	44	619	
G	2185de4	1.40	106	106	
G	2187554	1.40	0	21	
G	2187750	1.40	0	0	
G	21879ac	1.40	45	47	
G	2187ce8	1.40	945	953	
G	2187ee4	1.40	117	902	
G	2188158	1.40	98	98	
G	2189650	1.40	27	27	
G	217f218	1.41	10	917	
G	2182ed8	1.41	75	75	
G	218861c	1.41	52	52	
G	21887a0	1.41	26	26	
G	218887c	1.41	146	588	
G	218926c	1.41	108	340	
G	2189ac8	1.41	76	76	
G	2189c70	1.41	827	827	
G	218db98	1.41	5	5	
G	21d5130	1.41	0	0	
G	23698a4	1.41	5	5	
G	1e6514c	1.42	0	1	
G	1e83d84	1.42	0	2	
G	1e9259c	1.42	1	2	
G	1e94afc	1.42	0	0	
G	1e9c69c	1.42	0	0	
G	1e9d6b8	1.42	0	0	
G	1ea0528	1.42	0	0	
G	1f37860	1.42	0	6	
G	1f38718	1.42	1	6	
G	1f388d8	1.42	2	2	
G	1f8528c	1.42	0	0	
G	1f8d9d0	1.42	0	0	
G	20c1bd4	1.42	6	6	
G	213a4a8	1.42	0	0	
G	2167dfc	1.42	0	0	
G	217a2c4	1.42	0	0	
G	217cff0	1.42	1	22	
G	217f158	1.42	0	0	
G	218d5cc	1.42	1	1	
G	218da74	1.42	5	5	
G	2190658	1.42	2	3	
G	21ae3f0	1.42	0	0	
G	21ae6b0	1.42	0	0	
G	21ae904	1.42	17	47	
G	21ba364	1.42	0	0	
G	21c4f0c	1.42	21	47	
G	21c8850	1.42	21	21	
G	21c8948	1.42	1	1	
G	21e241c	1.42	0	0	
G	1202380	1.43	0	0	
G	1f38298	1.43	0	0	
G	1f382e0	1.43	0	0	
G	1f38300	1.43	0	0	
G	1f7f5e4	1.43	0	0	
G	1f81dd4	1.43	11	11	
G	17d358c	1.48	0	0	
G	11432a8	1.50	0	0	
G	11432ac	1.50	3	3	
G	1184594	1.50	0	1	
G	136cf0c	1.50	5	5	
G	13b5380	1.50	0	0	
G	16ebac8	1.50	7	5601	
G	17b1980	1.50	0	1	
G	17b1b54	1.50	0	0	
G	17d4bc0	1.50	15	1346	
G	1e62cc0	1.50	0	0	
G	1e62cd4	1.50	0	0	
G	1e7776c	1.50	12	12	
G	1e77bb8	1.50	0	0	
G	1e7ea20	1.50	10	13	
G	1e7ed80	1.50	1	1	
G	1e7ef24	1.50	9	27	
G	1e7f420	1.50	0	0	
G	1e7fb68	1.50	60	24497	
G	1e88edc	1.50	3	3	
G	1e8adfc	1.50	5	83	
G	1e8b87c	1.50	5	21	
G	1e8b9f0	1.50	10	14	
G	1e8c430	1.50	1	1	
G	1e8c474	1.50	2	2	
G	1e8c728	1.50	0	0	
G	1e8c7a0	1.50	13	767	
G	1e8c990	1.50	12	217	
G	1e8ca4c	1.50	7	61	
G	1e8cb0c	1.50	27	30	
G	1e8f7b8	1.50	23	406	
G	1e8fd20	1.50	0	0	
G	1e971f4	1.50	5	5	
G	1e9777c	1.50	9	16	
G	1e99264	1.50	53	170	
G	1e9a8a0	1.50	6	6	
G	1e9ec64	1.50	12	23	
G	1e9f0ec	1.50	0	0	
G	1e9f0f8	1.50	0	0	
G	1e9f400	1.50	12	284	
G	1e9f92c	1.50	149	149	
G	1e9fbcc	1.50	0	4	
G	1e9fc90	1.50	0	0	
G	1e9fc9c	1.50	0	0	
G	1ea2ed8	1.50	9	848	
G	1f06224	1.50	0	0	
G	1f06404	1.50	10	10	
G	1f06548	1.50	4	11	
G	1f0838c	1.50	8	8	
G	1f084b8	1.50	3	3	
G	1f085e4	1.50	0	0	
G	1f087ac	1.50	4	4	
G	1f0881c	1.50	2	2	
G	1f4fea4	1.50	1	2	
G	1f53d1c	1.50	96	96	
G	1f572a4	1.50	1	1	
G	1f573d0	1.50	4	4	
G	20f1e28	1.50	0	0	
G	21f4bd0	1.50	1	1	
G	2221864	1.50	1	1	
G	15ac3f0	1.51	7	319	
G	17c7c34	1.51	9	119	
G	17f9114	1.51	0	0	
G	17f9280	1.51	0	11	
G	1db1e98	1.51	13	5210	
G	1db2884	1.51	0	0	
G	1db2898	1.51	0	0	
G	1e6449c	1.51	0	0	
G	1e6484c	1.51	0	8	
G	1e649c8	1.51	1	8	
G	1e656cc	1.51	0	0	
G	1e93540	1.51	0	0	
G	1e96608	1.51	0	0	
G	1e96ac4	1.51	4	4	
G	212f99c	1.51	0	0	
G	212f9ac	1.51	0	0	
G	2367db8	1.51	0	0	
G	2367e44	1.51	0	0	
G	11432ec	1.52	0	0	
G	14822e4	1.52	4	17	
G	1484900	1.52	5	49	
G	14f80b0	1.52	10	17	
G	14f80d0	1.52	4	4	
G	14f8224	1.52	3	3	
G	14f864c	1.52	1	1	
G	16ecaa8	1.52	0	0	
G	17b3ffc	1.52	7	1894	
G	17c5e60	1.52	0	3	
G	17f9150	1.52	0	0	
G	187750c	1.52	2	2	
G	1877588	1.52	12	90	
G	1877608	1.52	0	26	
G	195c670	1.52	11	131	
G	1cb8724	1.52	2	140	
G	1db28a0	1.52	0	0	
G	1e64e84	1.52	3	14	
G	1e66844	1.52	4	31	
G	1e68c2c	1.52	22	34	
G	1e88d0c	1.52	0	0	
G	1e88d54	1.52	0	0	
G	1e88d5c	1.52	0	0	
G	1e8fd3c	1.52	0	0	
G	1e93618	1.52	0	0	
G	1e9663c	1.52	0	0	
G	1e99380	1.52	31	219	
G	1ea3240	1.52	13	1773	
G	1f2a7b8	1.52	0	0	
G	1f2e640	1.52	0	0	
G	1f2e698	1.52	0	0	
G	1f30720	1.52	0	0	
G	1f30d08	1.52	1	1	
G	1f30f70	1.52	1	1	
G	20c5dd4	1.52	42	42	
G	20f02f4	1.52	0	0	
G	212f9a0	1.52	0	0	
G	212fae4	1.52	0	4	
G	216b5dc	1.52	12	65	
G	2171540	1.52	0	0	
G	2172bd0	1.52	0	0	
G	21bf4e4	1.52	94	94	
G	2367df4	1.52	0	0	
G	23680b8	1.52	0	4	
G	2368644	1.52	1	1	
G	23687d8	1.52	2	3	
G	2368e78	1.52	0	0	
G	25a3e7c	1.52	0	0	
G	25a49f8	1.52	0	1	
G	25a4cb8	1.52	1	1	
G	25a4dac	1.52	0	1	
G	2135ad4	1.53	6	23	
G	2163df4	1.53	731	798	
G	216bb6c	1.53	15	142	
G	1e7742c	1.54	39	355	
G	1e77dd8	1.54	0	0	
G	20c5a4c	1.54	63	63	
G	20c5cf8	1.54	18	276	
G	20c640c	1.54	129	129	
G	210146c	1.54	0	0	
G	210d748	1.54	0	2	
G	216d230	1.54	5	6	
G	216d440	1.54	1	1	
G	21d6478	1.54	23	23	
G	21d6798	1.54	22	23	
G	1e77610	1.55	35	35	
G	20b4e00	1.55	1	6	
G	20b569c	1.55	41	117	
G	20bb4a0	1.55	3	13	
G	20bd0c8	1.55	17	17	
G	20c04f0	1.55	10	291	
G	20c5480	1.55	19	33	
G	20c5ed4	1.55	9	50	
G	20c6724	1.55	98	379	
G	20c7190	1.55	54	486	
G	20c768c	1.55	116	3017	
G	20c7f3c	1.55	18	18	
G	20c83f8	1.55	24	631	
G	2144314	1.55	115	117	
G	2146ec0	1.55	12	129	
G	2189f34	1.55	0	0	
G	218a034	1.55	0	0	
G	218a100	1.55	0	0	
G	218a104	1.55	0	0	
G	218a12c	1.55	0	0	
G	218a94c	1.55	1	11	
G	21bbbdc	1.55	2	2	
G	21bc398	1.55	5	282	
G	21bc954	1.55	11	18	
G	21bd534	1.55	103	112	
G	21bdac8	1.55	3	3	
G	21beaa4	1.55	32	67	
G	21beda0	1.55	20	20	
G	21bf380	1.55	4	4	
G	21c00b8	1.55	11	19	
G	23567fc	1.55	7	277	
G	23571dc	1.55	77	77	
G	1149240	1.56	3	29	
G	11ab040	1.56	0	0	
G	11acee8	1.56	1	1	
G	1235d18	1.56	0	0	
G	1352ff8	1.56	9	9	
G	17b1bc8	1.56	5	4622	
G	17fb190	1.56	4	26	
G	17fb2b0	1.56	50	9173	
G	17fb64c	1.56	19	19	
G	17fd114	1.56	8	24	
G	1800724	1.56	0	1	
G	18007f4	1.56	4	9	
G	18018b0	1.56	0	0	
G	1801a5c	1.56	0	2	
G	1801d48	1.56	0	0	
G	1801e18	1.56	1	2	
G	18020d4	1.56	0	5	
G	180223c	1.56	1	4	
G	195cff8	1.56	4	24	
G	1c2ca98	1.56	6	8	
G	1db44c4	1.56	2	2	
G	1db45a0	1.56	13	1223	
G	1db4694	1.56	1	283	
G	1db4f44	1.56	0	0	
G	1e133a8	1.56	5	26	
G	1e7762c	1.56	0	0	
G	1e92778	1.56	0	0	
G	20bd6e4	1.56	32	75	
G	20bf06c	1.56	0	0	
G	20c059c	1.56	373	1036	
G	20c8574	1.56	28	9827	
G	210d5a0	1.56	159	166	
G	21447c8	1.56	19	36	
G	217315c	1.56	0	0	
G	2173174	1.56	0	0	
G	2173454	1.56	9	9	
G	2173530	1.56	0	0	
G	2173f14	1.56	0	0	
G	2173f28	1.56	179	9756	
G	217b138	1.56	7	12	
G	217b798	1.56	79	79	
G	217dd74	1.56	0	0	
G	217dd84	1.56	12	12	
G	217ec74	1.56	78	85	
G	217f168	1.56	11	2194	
G	21896f4	1.56	161	161	
G	218989c	1.56	2022	2022	
G	218ee00	1.56	34	34	
G	218efc8	1.56	3	6	
G	218f040	1.56	3	3	
G	21b7edc	1.56	9	9	
G	21b7f00	1.56	0	0	
G	21b8c68	1.56	8	620	
G	21b8cb4	1.56	233	711	
G	21b8ea4	1.56	139	198	
G	21b90fc	1.56	216	244	
G	21b97a8	1.56	612	612	
G	21bc5a4	1.56	141	333	
G	21bc7f4	1.56	5	87	
G	21bc900	1.56	4	13	
G	21bd49c	1.56	0	0	
G	21c8730	1.56	1	85	
G	21d6414	1.56	1	1	
G	23558f0	1.56	3	115	
G	2356990	1.56	7	50	
G	2357514	1.56	72	72	
G	114932c	1.57	3	11	
G	114a684	1.57	0	10	
G	16ed06c	1.57	0	0	
G	17faf78	1.57	13	13	
G	1aa9284	1.57	9	38	
G	1aa9504	1.57	3	11	
G	1aa96c0	1.57	0	0	
G	1aa98f8	1.57	6	7	
G	1c2c954	1.57	1	1	
G	1c2c9c8	1.57	3	3	
G	1c2ca8c	1.57	0	0	
G	1db2080	1.57	11	19	
G	1db2234	1.57	5	10	
G	1db2644	1.57	3	6	
G	265aba8	1.57	2	2	
G	1e85c4c	1.58	0	0	
G	25a5b50	1.58	1	341	
G	25a5c5c	1.58	0	0	
G	25a5c60	1.58	0	0	
G	25a5e14	1.58	0	340	
G	25a5e88	1.58	0	0	
G	25a5e94	1.58	0	0	
G	25a5eb0	1.58	0	0	
G	25a61f0	1.58	1	1	
G	25a67bc	1.58	253	253	
G	25a6b48	1.58	0	0	
G	25a6d54	1.58	86	339	
G	16ed1a8	1.80	2	40	
G	16ede54	1.80	0	0	
G	16edf1c	1.80	0	1	
G	16edfe4	1.80	0	0	
G	16ee0ac	1.80	0	0	
G	16ee174	1.80	0	1	
G	16ee23c	1.80	0	0	
G	16ee304	1.80	1	15	
G	16ee3cc	1.80	0	0	
G	16ee494	1.80	0	1	
G	16ee55c	1.80	1	1	
G	16ee624	1.80	0	0	
G	16ee6ec	1.80	0	0	
G	16ee7b4	1.80	0	0	
G	16ee87c	1.80	0	0	
G	16ee944	1.80	0	0	
G	16eea0c	1.80	0	0	
G	16eead4	1.80	0	0	
G	16eeb9c	1.80	0	0	
G	16eec64	1.80	0	0	
G	16eed2c	1.80	0	0	
G	16eedf4	1.80	1	1	
G	16eeebc	1.80	0	0	
G	16eef84	1.80	0	0	
G	16ef04c	1.80	0	0	
G	16ef114	1.80	0	0	
G	16ef1dc	1.80	1	1	
G	16ef2a4	1.80	0	0	
G	16ef36c	1.80	0	0	
G	16ef434	1.80	0	0	
G	16ef4fc	1.80	0	0	
G	16ef5c4	1.80	0	0	
G	16ef68c	1.80	0	0	
G	16ef754	1.80	0	0	
G	16ef81c	1.80	0	0	
G	16ef8e4	1.80	0	0	
G	16ef9ac	1.80	0	0	
G	16efa74	1.80	0	0	
G	16efb3c	1.80	0	0	
G	16efc04	1.80	0	0	
G	16efccc	1.80	0	0	
G	16efd94	1.80	0	0	
G	16efe5c	1.80	0	0	
G	16eff24	1.80	0	0	
G	16effec	1.80	0	0	
G	16f00b4	1.80	0	0	
G	16f017c	1.80	1	1	
G	16f0244	1.80	0	0	
G	16f030c	1.80	0	0	
G	16f03d4	1.80	1	1	
G	16f049c	1.80	0	0	
G	16f0564	1.80	0	0	
G	16f062c	1.80	0	0	
G	16f06f4	1.80	0	0	
G	16f07bc	1.80	0	0	
G	16f0884	1.80	0	0	
G	16f094c	1.80	0	0	
G	16f0a14	1.80	0	0	
G	16f0adc	1.80	0	0	
G	16f0ba4	1.80	0	0	
G	16f0c6c	1.80	0	0	
G	16f0d34	1.80	0	0	
G	16f0dfc	1.80	0	0	
G	16f0ec4	1.80	0	0	
G	16f0f8c	1.80	0	0	
G	16f1054	1.80	0	0	
G	16f111c	1.80	0	0	
G	16f11e4	1.80	0	0	
G	16f12ac	1.80	1	1	
G	16f1374	1.80	1	1	
G	16f143c	1.80	0	0	
G	16f1504	1.80	0	0	
G	16f15cc	1.80	0	0	
G	16f1694	1.80	0	0	
G	16f175c	1.80	0	0	
G	16f1824	1.80	0	0	
G	16f18ec	1.80	0	0	
G	16f19b4	1.80	0	0	
G	16f1a7c	1.80	0	0	
G	16f1b44	1.80	0	0	
G	16f1c0c	1.80	0	0	
G	16f1cd4	1.80	0	0	
G	16f1d9c	1.80	0	0	
G	16f1e64	1.80	0	0	
G	16f1f2c	1.80	0	0	
G	16f1ff4	1.80	0	0	
G	16f20bc	1.80	0	0	
G	16f2184	1.80	0	0	
G	16f224c	1.80	2	2	
G	16f2314	1.80	0	0	
G	16f23dc	1.80	0	0	
G	16f24a4	1.80	0	0	
G	16f256c	1.80	0	0	
G	16f2634	1.80	0	0	
G	16f26fc	1.80	0	0	
G	16f27c4	1.80	0	0	
G	16f288c	1.80	0	0	
G	16f2954	1.80	0	0	
G	16f2a1c	1.80	0	0	
G	16f2ae4	1.80	0	0	
G	16f2bac	1.80	0	0	
G	16f2c74	1.80	0	0	
G	16f2d3c	1.80	0	0	
G	16f2e04	1.80	0	0	
G	16f2ecc	1.80	0	0	
G	16f2f94	1.80	0	0	
G	16f305c	1.80	0	0	
G	16f3124	1.80	0	0	
G	16f31ec	1.80	0	0	
G	16f32b4	1.80	0	0	
G	16f337c	1.80	0	1	
G	16f3444	1.80	0	0	
G	16f350c	1.80	0	0	
G	16f35d4	1.80	0	0	
G	16f369c	1.80	0	1	
G	16f3764	1.80	0	0	
G	16f382c	1.80	0	0	
G	16f38f4	1.80	0	0	
G	16f39bc	1.80	0	0	
G	16f3a84	1.80	0	0	
G	16f3b4c	1.80	0	0	
G	16f3c14	1.80	0	0	
G	16f3cdc	1.80	0	0	
G	16f3da4	1.80	0	0	
G	16f3e6c	1.80	0	0	
G	16f3f34	1.80	0	0	
G	16f3ffc	1.80	0	0	
G	16f40c4	1.80	0	0	
G	16f418c	1.80	1	1	
G	16f4254	1.80	0	0	
G	16f431c	1.80	0	0	
G	16f43e4	1.80	0	0	
G	16f44ac	1.80	0	0	
G	16f4574	1.80	0	0	
G	16f463c	1.80	0	0	
G	16f4704	1.80	0	0	
G	16f47cc	1.80	0	0	
G	16f4894	1.80	0	0	
G	16f495c	1.80	0	0	
G	16f4a24	1.80	0	0	
G	16f4aec	1.80	0	0	
G	16f4bb4	1.80	0	0	
G	16f4c7c	1.80	0	0	
G	16f4d44	1.80	0	0	
G	16f4e0c	1.80	0	0	
G	16f4ed4	1.80	0	0	
G	16f4f9c	1.80	0	0	
G	16f5064	1.80	1	1	
G	16f512c	1.80	0	0	
G	1350140	1.81	0	0	
G	138c77c	1.81	0	0	
G	1592d58	1.81	0	0	
G	1592ee0	1.81	6	6	
G	159a414	1.81	0	0	
G	159a468	1.81	0	0	
G	159a4d0	1.81	0	0	
G	16f51f4	1.81	0	0	
G	16f52bc	1.81	0	0	
G	16f5384	1.81	0	0	
G	17b1970	1.81	0	0	
G	1e82e2c	1.81	0	0	
G	1e83f5c	1.81	0	0	
G	1f1fb14	1.81	36	36	
G	1f21644	1.81	0	1	
G	1f21ba0	1.81	1	37	
G	1f22430	1.81	0	0	
G	21f5250	1.81	0	0	
G	17b2dc4	1.83	0	0	
G	17f8a2c	1.83	0	11	
G	1e83e44	1.83	0	0	
G	1e85c5c	1.83	0	0	
G	1e95f0c	1.83	2	5	
G	21f2bcc	1.83	0	5	
G	21f50f4	1.83	0	7	
G	224d0a0	1.83	4	5	
G	224ded8	1.83	13	43	
G	22638b4	1.83	0	0	
G	22668c4	1.83	0	0	
G	22668d0	1.83	1	7	
G	226a088	1.83	0	0	
G	226a098	1.83	0	0	
G	226a1e0	1.83	0	0	
G	226a200	1.83	0	0	
G	231f138	1.83	30	30	
G	231f1e4	1.83	0	0	
G	231f1ec	1.83	0	0	
G	231f1f8	1.83	0	0	
G	21f4e9c	1.84	1	1	
G	21f4ea4	1.84	1	905	
G	21f4ff8	1.84	0	157	
G	224cf08	1.84	17	17	
G	224e04c	1.84	0	0	
G	2250c38	1.84	1	1	
G	2260354	1.84	0	0	
G	226109c	1.84	2	187	
G	2262470	1.84	4	184	
G	2264550	1.84	0	0	
G	22650f4	1.84	0	0	
G	22655e0	1.84	0	0	
G	226766c	1.84	0	1	
G	226a144	1.84	0	0	
G	226a6ac	1.84	1	10	
G	226dc20	1.84	5	6	
G	226f160	1.84	0	1	
G	2272b58	1.84	2	2	
G	227362c	1.84	2	2	
G	22737a8	1.84	4	33	
G	22a70b8	1.84	3	6	
G	22a7698	1.84	1	1	
G	22a9f18	1.84	3	3	
G	22aa6a8	1.84	0	1	
G	22aa878	1.84	0	0	
G	22ab074	1.84	2	187	
G	22abc84	1.84	5	173	
G	22abf78	1.84	8	168	
G	22dbfc0	1.84	1	2	
G	22dc86c	1.84	1	2	
G	22dd0d4	1.84	4	14	
G	22e5678	1.84	2	2	
G	22e8d18	1.84	3	3	
G	22e8f0c	1.84	1	1	
G	22e902c	1.84	0	0	
G	22ee2a8	1.84	3	3	
G	2312bf0	1.84	0	1	
G	23132fc	1.84	0	0	
G	2313b7c	1.84	0	0	
G	231f184	1.84	0	0	
G	231f204	1.84	0	0	
G	231f2d8	1.84	0	0	
G	231f3e4	1.84	0	0	
G	231fcc8	1.84	2	35	
G	224cca0	1.85	1	1	
G	224e528	1.85	3	3	
G	2250534	1.85	0	0	
G	2250f94	1.85	0	0	
G	22519ec	1.85	0	0	
G	22543f0	1.85	5	10	
G	2256cb4	1.85	1	3	
G	225788c	1.85	2	11	
G	2257b5c	1.85	0	8	
G	2258fb8	1.85	17	5092	
G	225c578	1.85	0	0	
G	225e620	1.85	4	6	
G	226809c	1.85	2	39	
G	226819c	1.85	3	3	
G	226a704	1.85	0	0	
G	226aa74	1.85	78	78	
G	226ba20	1.85	0	0	
G	226be24	1.85	0	0	
G	226cbb8	1.85	0	0	
G	226cc80	1.85	0	0	
G	226ce3c	1.85	0	0	
G	227e1f8	1.85	4	18	
G	22836f0	1.85	2212	5075	
G	2296a5c	1.85	0	13	
G	22a682c	1.85	1	1	
G	22a6940	1.85	0	0	
G	22a6bec	1.85	0	0	
G	22aaa80	1.85	2	2	
G	22b8858	1.85	1	1	
G	22b8e8c	1.85	0	1	
G	22b9e58	1.85	2	27	
G	22e850c	1.85	0	0	
G	2311a10	1.85	0	0	
G	2311e08	1.85	1	42	
G	231f790	1.85	0	4	
G	231f7cc	1.85	1	1	
G	2320180	1.85	18	19	
G	2320410	1.85	1	37	
G	22502c8	1.86	1	2	
G	22550ac	1.86	16	140	
G	225d4e0	1.86	0	0	
G	225d574	1.86	0	4	
G	225e26c	1.86	0	2	
G	225fb9c	1.86	1	60	
G	22775a0	1.86	5	5	
G	2277c10	1.86	1	1	
G	22bf294	1.86	2	111	
G	22c6a4c	1.86	1	3	
G	22c6c9c	1.86	0	0	
G	22c6ed4	1.86	3	11	
G	22c7150	1.86	1	2	
G	22e12e8	1.86	1	4	
G	22e5340	1.86	0	0	
G	22e5744	1.86	3	29	
G	22e7054	1.86	1	1	
G	22e96c8	1.86	6	12	
G	22eb0a4	1.86	1	30	
G	22eb1bc	1.86	1	2	
G	22eb6c0	1.86	4	16	
G	22ed0a8	1.86	0	0	
G	22ed0cc	1.86	1	1	
G	22eda1c	1.86	0	0	
G	22f08e0	1.86	2	4	
G	22f0ed0	1.86	8	47	
G	22f632c	1.86	3	3	
G	22fad30	1.86	0	0	
G	2303664	1.86	0	0	
G	230412c	1.86	2	9	
G	230499c	1.86	2	2	
G	23054f8	1.86	4	4	
G	2305edc	1.86	1	1	
G	2306058	1.86	2	2	
G	231f5c4	1.86	21	21	
G	2256384	1.87	1	5	
G	22564e0	1.87	3	3	
G	22585bc	1.87	3	4	
G	2277634	1.87	11	11	
G	227955c	1.87	2	2	
G	227e028	1.87	0	0	
G	2280560	1.87	1	1	
G	2280a00	1.87	1	3	
G	2282128	1.87	3	5	
G	2293e18	1.87	1	1	
G	2298114	1.87	26	30	
G	22a7744	1.87	0	0	
G	22a7880	1.87	0	0	
G	22a7b18	1.87	0	0	
G	22abab8	1.87	1	4	
G	22dc150	1.87	0	1	
G	22dc41c	1.87	2	2	
G	22e00ac	1.87	2	7	
G	22e0cbc	1.87	2	2	
G	22e1454	1.87	1	7	
G	22e3f48	1.87	3	4	
G	22e4308	1.87	1	1	
G	22e44e0	1.87	1	1	
G	22ede94	1.87	0	0	
G	22f3f08	1.87	1	9	
G	22f58b8	1.87	5	6	
G	22f7358	1.87	1	9	
G	22fadbc	1.87	4	4	
G	22fb8b0	1.87	1	1	
G	22fc1c4	1.87	2	18	
G	2300a94	1.87	1	2	
G	2306d00	1.87	0	0	
G	2307bf8	1.87	0	0	
G	224e130	1.88	2	2	
G	2251978	1.88	0	0	
G	225b1e4	1.88	0	0	
G	225ee6c	1.88	0	0	
G	226a55c	1.88	1	6	
G	226aee0	1.88	0	0	
G	226af44	1.88	0	0	
G	2272ccc	1.88	1	1	
G	22731b0	1.88	566	566	
G	2273c68	1.88	1	1	
G	2275148	1.88	0	0	
G	227a318	1.88	42	42	
G	227a378	1.88	1	1	
G	22800ec	1.88	0	0	
G	2282430	1.88	0	0	
G	2282634	1.88	0	0	
G	2282ed4	1.88	0	0	
G	2293cc8	1.88	27	27	
G	2295328	1.88	320	439	
G	22972ac	1.88	0	0	
G	2297e98	1.88	0	1	
G	2298430	1.88	25	140	
G	22bb7c0	1.88	1	1	
G	231f18c	1.88	0	0	
G	231f644	1.88	0	0	
G	21f40fc	1.89	2	14	
G	21f4240	1.89	0	1	
G	21f4fa8	1.89	0	138	
G	21f52a0	1.89	6	6	
G	2257a80	1.89	1	1	
G	225a988	1.89	0	0	
G	225b680	1.89	1	1	
G	226b4b8	1.89	0	0	
G	22752ec	1.89	1	1	
G	22bb6b4	1.89	2	4	
G	22dcbc8	1.89	2	2	
G	22e082c	1.89	0	7	
G	22e0adc	1.89	1	4	
G	22e0fbc	1.89	0	0	
G	22e2444	1.89	1	3	
G	22e35a0	1.89	1	15	
G	22e5594	1.89	0	0	
G	22e5980	1.89	1	2	
G	22e5ccc	1.89	1	1	
G	22e6164	1.89	0	0	
G	22e6e2c	1.89	0	0	
G	22e727c	1.89	0	2	
G	22e7b2c	1.89	0	1	
G	22ee0d8	1.89	0	1	
G	2300c50	1.89	0	0	
G	2300f24	1.89	2	3	
G	23032b4	1.89	1	1	
G	11ab274	1.90	0	0	
G	21f329c	1.90	0	0	
G	21f3f20	1.90	0	0	
G	2257f30	1.90	0	0	
G	2258260	1.90	0	0	
G	225b324	1.90	125	125	
G	2269910	1.90	1	1	
G	226a2b4	1.90	0	0	
G	226a308	1.90	0	0	
G	226da44	1.90	0	3	
G	228348c	1.90	624	624	
G	2293b70	1.90	88	88	
G	22977ec	1.90	2	2	
G	22aace8	1.90	1	3	
G	22c9474	1.90	2	8	
G	22e888c	1.90	0	7	
G	22e8a20	1.90	0	0	
G	22e8c04	1.90	0	11	
G	22ed148	1.90	2	6	
G	22ed6ec	1.90	1	1	
G	22edae8	1.90	0	1	
G	22ee6ec	1.90	0	1	
G	2308e80	1.90	0	0	
G	22508b8	1.91	0	1	
G	2251f6c	1.91	1	1	
G	226f720	1.91	3	3	
G	2270e94	1.91	0	0	
G	22712ac	1.91	0	0	
G	227297c	1.91	0	1	
G	2277a00	1.91	1	2	
G	2278894	1.91	0	0	
G	2278f88	1.91	0	1	
G	227ae14	1.91	2	26	
G	2293fac	1.91	1	1	
G	2294c44	1.91	85	150	
G	229566c	1.91	1	3	
G	22957dc	1.91	45	117	
G	229a834	1.91	23	26	
G	2307504	1.91	0	0	
G	230941c	1.91	0	1	
G	230b37c	1.91	0	0	
G	230edac	1.91	0	0	
G	2310f54	1.91	1	1	
G	22730d4	1.92	0	0	
G	22734b0	1.92	0	0	
G	2275b64	1.92	0	0	
G	2297f90	1.92	0	0	
G	229a370	1.92	1	1	
G	229a6d4	1.92	0	0	
G	229abb4	1.92	6	37	
G	229e3b0	1.92	1	1	
G	229ea98	1.92	1	1	
G	2269a10	1.93	0	0	
G	2269b34	1.93	0	0	
G	229ec04	1.93	1	1	
G	227330c	1.95	0	0	
G	229e6f8	1.95	1	1	
G	229e850	1.95	0	0	
G	2297fdc	2.08	3	3	
G	2255a68	2.30	0	0	
G	1e93300	2.31	0	0	
G	1ea3400	2.31	0	2	
G	1ea369c	2.31	0	0	
G	1ea37bc	2.31	2	2	
G	1ec1314	2.31	7	289	
G	1ed1964	2.31	0	0	
G	1ed1974	2.31	0	264	
G	1f0c260	2.31	0	11	
G	1f0caac	2.31	0	32	
G	1f0cb38	2.31	1	17	
G	1f0cf50	2.31	5	486	
G	1f0dd44	2.31	163	395	
G	1f1122c	2.31	83	85	
G	1f1221c	2.31	29	30	
G	1f13c30	2.31	95	227	
G	1f13f9c	2.31	0	0	
G	1f20240	2.31	2	2	
G	21f2ca4	2.31	0	3	
G	2256a84	2.31	0	1	
G	226a710	2.31	0	0	
G	226f320	2.31	0	6	
G	2270ce8	2.31	0	0	
G	22738ec	2.31	0	0	
G	22806ac	2.31	1	8	
G	229875c	2.31	0	0	
G	2313ccc	2.31	1	4	
G	11435bc	2.32	0	0	
G	1e9338c	2.32	0	0	
G	1eab0bc	2.32	0	0	
G	1eb58ec	2.32	0	1	
G	1eb593c	2.32	1	1	
G	1eb7298	2.32	0	4	
G	1eb776c	2.32	1	1	
G	1ebb424	2.32	0	0	
G	1eca1cc	2.32	0	0	
G	1ecb2c4	2.32	0	1	
G	1ecb368	2.32	1	1	
G	1ecd10c	2.32	6	10	
G	1ecd2b4	2.32	1	6	
G	1ecdb74	2.32	0	2	
G	1ecf6d4	2.32	2	5	
G	1ecf7f0	2.32	0	6	
G	1ecf844	2.32	0	5	
G	1ecf8b0	2.32	1	1	
G	1ecf8f0	2.32	1	6	
G	1ecf970	2.32	0	0	
G	1ecfda8	2.32	0	0	
G	1ecfe70	2.32	5	63	
G	1ed1970	2.32	0	0	
G	1ed1ba8	2.32	1	213	
G	1ed1ee4	2.32	0	211	
G	1ed20cc	2.32	0	207	
G	1ed2188	2.32	1	160	
G	1ed22fc	2.32	0	31	
G	1ed23ac	2.32	0	4	
G	1ed2560	2.32	0	30	
G	1ed2824	2.32	1	30	
G	1ed3250	2.32	2	7	
G	1ed3d78	2.32	1	4	
G	1ed4208	2.32	8	73	
G	1ed4a30	2.32	0	158	
G	1ed5108	2.32	0	101	
G	1ed5c88	2.32	0	100	
G	1ed7178	2.32	3	42	
G	1ed8d64	2.32	0	0	
G	1ed8f74	2.32	1	8	
G	1edba48	2.32	0	0	
G	1edbba4	2.32	0	0	
G	1edbc74	2.32	1	2	
G	1edbf30	2.32	2	33	
G	1f0c200	2.32	3	14	
G	1f1101c	2.32	147	147	
G	1f22524	2.32	0	0	
G	1f7f290	2.32	124	124	
G	11d6548	2.33	1	1	
G	16e894c	2.33	0	0	
G	16ed074	2.33	0	0	
G	1db4f48	2.33	2	3	
G	1e863dc	2.33	0	0	
G	1e86568	2.33	0	5	
G	1e8663c	2.33	1	9	
G	1e88210	2.33	0	0	
G	1e88218	2.33	0	0	
G	1e88228	2.33	0	0	
G	1e88238	2.33	0	0	
G	1e88250	2.33	0	0	
G	1e882b8	2.33	0	0	
G	1e88968	2.33	0	7	
G	1e93428	2.33	0	0	
G	1ea34e0	2.33	0	0	
G	1ea5bf4	2.33	1	13	
G	1ea61e8	2.33	0	2	
G	1ea666c	2.33	0	13	
G	1ea80f0	2.33	0	0	
G	1ea82c4	2.33	0	0	
G	1ea8394	2.33	0	0	
G	1ea8784	2.33	2	2	
G	1ea9e9c	2.33	0	0	
G	1ea9f30	2.33	1	1	
G	1eaa0e4	2.33	0	0	
G	1eaa218	2.33	0	1	
G	1eaa3e4	2.33	0	0	
G	1eaa858	2.33	0	0	
G	1eaa9c0	2.33	0	0	
G	1eaa9dc	2.33	0	0	
G	1eaaa6c	2.33	0	0	
G	1eaabd4	2.33	0	0	
G	1eaabf0	2.33	0	0	
G	1eaad1c	2.33	0	0	
G	1eaad38	2.33	0	0	
G	1eaaf54	2.33	0	0	
G	1eaaf70	2.33	0	0	
G	1eac530	2.33	1	1	
G	1eb8a84	2.33	0	18	
G	1eb8b18	2.33	2	2	
G	1eb9464	2.33	0	0	
G	1eb9480	2.33	0	0	
G	1eb97a0	2.33	0	0	
G	1eb97bc	2.33	0	0	
G	1eb9af4	2.33	0	0	
G	1eb9b10	2.33	0	0	
G	1eba478	2.33	0	0	
G	1eba494	2.33	0	0	
G	1ebb194	2.33	0	0	
G	1ebb1b0	2.33	0	0	
G	1ec0338	2.33	0	1	
G	1ece68c	2.33	0	0	
G	1ece6f4	2.33	0	0	
G	1ece718	2.33	1	5	
G	1ecea50	2.33	0	0	
G	1ecea84	2.33	0	0	
G	1ececa8	2.33	0	0	
G	1eced00	2.33	0	1	
G	1ed5e8c	2.33	2	25	
G	1ed67a0	2.33	0	2	
G	1efbbc0	2.33	0	4	
G	1efc3d4	2.33	0	1	
G	1efd508	2.33	0	0	
G	1efd608	2.33	0	0	
G	1efd708	2.33	1	1	
G	1efd884	2.33	0	0	
G	1efdac0	2.33	1	1	
G	1efe778	2.33	0	3	
G	1eff134	2.33	0	0	
G	1eff1d0	2.33	0	0	
G	1eff638	2.33	2	2	
G	1effe28	2.33	0	0	
G	1efffa4	2.33	0	0	
G	1f00660	2.33	0	0	
G	1f0392c	2.33	0	0	
G	1f03f48	2.33	0	0	
G	15f1ab4	2.34	0	0	
G	15f1abc	2.34	0	7	
G	15f1ba8	2.34	0	56	
G	15f1fbc	2.34	1	1	
G	16f55f0	2.34	0	0	
G	17b1978	2.34	0	0	
G	17b25c4	2.34	1	289	
G	17b2dbc	2.34	0	0	
G	1e76b34	2.34	0	1	
G	1e7b4c4	2.34	0	0	
G	1ea3da8	2.34	0	0	
G	1ea4aec	2.34	2	4	
G	1ea4c78	2.34	0	2	
G	1ea5508	2.34	0	7	
G	1ea7cf4	2.34	0	4	
G	1ea7e14	2.34	0	0	
G	1ea7ee4	2.34	1	1	
G	1ea99d4	2.34	0	2	
G	1ea9b10	2.34	0	0	
G	1ea9be0	2.34	0	0	
G	1eb6cac	2.34	1	86	
G	1eb6cf8	2.34	3	3	
G	1ec47f4	2.34	7	8	
G	1ec51d0	2.34	78	626	
G	1ecb754	2.34	17	434	
G	1ed5274	2.34	1	46	
G	1f1e60c	2.34	6	6	
G	1f4c888	2.34	7	7	
G	21f1fe0	2.34	0	0	
G	21f5410	2.34	1	5	
G	21f5614	2.34	1	2	
G	21f5714	2.34	1	1	
G	1f10d24	2.35	0	0	
G	1f10dc0	2.35	14	14	
G	21f42fc	2.35	190	4917	
G	2258014	2.35	0	0	
G	2258074	2.35	0	0	
G	1f0cdfc	2.36	1	110	
G	1f0d3b8	2.36	0	66	
G	1f0d5bc	2.36	1	109	
G	1f0fedc	2.36	3	66	
G	1f1369c	2.36	2	2	
G	1f13914	2.36	1	1	
G	11527e8	2.37	2	250	
G	115c160	2.37	0	0	
G	115e608	2.37	1	1	
G	15b4878	2.37	0	0	
G	1f0cf24	2.37	1	276	
G	21f1fec	2.37	0	0	
G	1154884	2.38	1	1	
G	115533c	2.38	5	44	
G	1157590	2.38	1	23	
G	115765c	2.38	0	1	
G	11576e4	2.38	1	1	
G	11579b8	2.38	2	58	
G	1157a40	2.38	4	23	
G	1157bd4	2.38	0	0	
G	1157c5c	2.38	0	0	
G	1157df0	2.38	0	56	
G	1157e78	2.38	4	21	
G	115800c	2.38	0	0	
G	1158094	2.38	0	0	
G	1158228	2.38	1	5	
G	1158444	2.38	1	76	
G	11584cc	2.38	1	26	
G	1158660	2.38	0	2	
G	1158720	2.38	0	3	
G	11587a8	2.38	0	0	
G	115893c	2.38	1	7	
G	11589fc	2.38	1	2	
G	1158a84	2.38	1	1	
G	1158c18	2.38	0	15	
G	1158cd8	2.38	1	2	
G	1158d60	2.38	0	0	
G	1158ef4	2.38	0	1	
G	1159110	2.38	0	1	
G	115932c	2.38	2	34	
G	11593ec	2.38	0	3	
G	1159474	2.38	1	1	
G	1159608	2.38	1	22	
G	1159690	2.38	1	7	
G	1159824	2.38	0	17	
G	11598e4	2.38	0	6	
G	11599a4	2.38	0	2	
G	1159a5c	2.38	0	0	
G	1159a64	2.38	0	15	
G	1159b24	2.38	0	2	
G	1159be4	2.38	0	26	
G	1159f9c	2.38	0	0	
G	115a05c	2.38	0	0	
G	115a278	2.38	0	0	
G	115a494	2.38	0	0	
G	115a6b0	2.38	0	0	
G	115a8cc	2.38	0	0	
G	115aae8	2.38	0	0	
G	115ad00	2.38	0	0	
G	115b630	2.38	0	0	
G	115b84c	2.38	0	0	
G	115b910	2.38	0	0	
G	115bb28	2.38	0	0	
G	115bbe8	2.38	0	0	
G	115bca8	2.38	0	0	
G	115bd68	2.38	0	0	
G	115c104	2.38	0	0	
G	12b3408	2.38	3	3	
G	12b3f20	2.38	2	24	
G	16e82a0	2.38	392	3522	
G	16e83c0	2.38	94	94	
G	16f5d74	2.38	299	2066	
G	16f6584	2.38	5	98	
G	16f75b0	2.38	3	131	
G	16f7660	2.38	6	45	
G	16f7700	2.38	14	1477	
G	16f7bcc	2.38	24	613	
G	16f7df4	2.38	1	59	
G	1e85c70	2.38	0	0	
G	265bed0	2.38	1	1	
G	1156cc4	2.39	3	4	
G	11582b0	2.39	1	1	
G	1158f7c	2.39	0	0	
G	1159198	2.39	0	0	
G	1159ca4	2.39	0	8	
G	1159d64	2.39	0	4	
G	1159e24	2.39	1	4	
G	1159ee4	2.39	0	3	
G	1159fa4	2.39	0	1	
G	115a064	2.39	0	4	
G	115a0ec	2.39	0	0	
G	115a280	2.39	1	37	
G	115a308	2.39	0	0	
G	115a49c	2.39	0	4	
G	115a6b8	2.39	0	28	
G	115a8d4	2.39	0	1	
G	115aaf0	2.39	0	7	
G	115ad08	2.39	1	8	
G	115ad90	2.39	0	0	
G	115af24	2.39	2	35	
G	115b140	2.39	0	2	
G	115b35c	2.39	0	4	
G	115b578	2.39	0	6	
G	115b638	2.39	1	24	
G	115b854	2.39	0	7	
G	115b918	2.39	1	5	
G	115b9a0	2.39	0	0	
G	115bb30	2.39	0	6	
G	115bbf0	2.39	0	3	
G	115bcb0	2.39	0	6	
G	115bd70	2.39	0	34	
G	115be30	2.39	1	6	
G	115beb8	2.39	0	0	
G	115c04c	2.39	0	4	
G	115c10c	2.39	0	1	
G	115c230	2.39	3	3	
G	12b38f4	2.39	0	0	
G	16f6414	2.39	4	11	
G	16f7918	2.39	4	129	
G	265b33c	2.39	0	0	
G	265b54c	2.39	1	11	
G	265bd34	2.39	0	0	
G	2669654	2.39	0	0	
G	2669658	2.39	1	27	
G	266b4a8	2.39	1	1	
G	266f16c	2.39	2	31	
G	2688984	2.39	0	0	
G	268a7ec	2.39	4	4	
G	268f6a4	2.39	0	0	
G	268f6b4	2.39	0	0	
G	2694bc4	2.39	0	0	
G	2696bac	2.39	0	0	
G	26971a8	2.39	0	0	
G	2697908	2.39	2	2	
G	115a524	2.40	1	1	
G	115a740	2.40	0	0	
G	115a95c	2.40	0	0	
G	115ab78	2.40	0	0	
G	115afac	2.40	1	3	
G	115b1c8	2.40	0	0	
G	115b3e4	2.40	0	0	
G	115b6c0	2.40	0	0	
G	15f1ab8	2.50	0	0	
G	160b9b4	2.50	0	0	
G	160baa8	2.50	1	2	
G	16f56ec	2.50	0	0	
G	17b2718	2.50	0	6	
G	11a797c	2.51	0	28	
G	11a7a04	2.51	1	8	
G	11c90b4	2.51	0	1	
G	11c9174	2.51	0	1	
G	11f7e1c	2.51	0	0	
G	11f7e6c	2.51	0	0	
G	11f7ebc	2.51	0	5	
G	11f7fac	2.51	0	0	
G	126f020	2.51	0	0	
G	126f070	2.51	0	3	
G	126f0c0	2.51	0	0	
G	128aca4	2.51	0	0	
G	128acf4	2.51	0	0	
G	15fe74c	2.51	0	0	
G	15fe754	2.51	0	1	
G	15fe840	2.51	2	59	
G	15fec54	2.51	0	0	
G	160b9b8	2.51	0	0	
G	160b9bc	2.51	0	0	
G	160bebc	2.51	0	0	
G	160c08c	2.51	0	0	
G	160c2d0	2.51	0	0	
G	160c74c	2.51	1	1	
G	16dd0d4	2.51	0	6	
G	16dd728	2.51	1	1	
G	16dd7f8	2.51	1	1	
G	16ddc60	2.51	1	1	
G	16f5668	2.51	0	0	
G	17b286c	2.51	0	625	
G	11614d8	2.53	2	642	
G	1163c38	2.54	4	4	
G	116f1e8	2.54	0	0	
G	117237c	2.54	0	0	
G	1164ed0	2.55	10	114	
G	11687f0	2.55	0	0	
G	11688a8	2.55	0	0	
G	11688b0	2.55	0	10	
G	1168938	2.55	3	4	
G	1168ac0	2.55	0	0	
G	1168ac8	2.55	0	12	
G	1168b50	2.55	1	4	
G	1168c70	2.55	0	3	
G	1168e84	2.55	0	0	
G	1168e8c	2.55	0	2	
G	1168f44	2.55	0	0	
G	1168f4c	2.55	0	3	
G	1168fd4	2.55	1	1	
G	1169160	2.55	0	0	
G	1169168	2.55	0	0	
G	1169220	2.55	0	0	
G	1169228	2.55	0	0	
G	11692b0	2.55	0	0	
G	116943c	2.55	0	0	
G	1169444	2.55	0	2	
G	11694fc	2.55	0	0	
G	1169504	2.55	0	3	
G	116958c	2.55	1	1	
G	1169718	2.55	0	0	
G	1169720	2.55	0	6	
G	11697d8	2.55	0	0	
G	11697e0	2.55	0	5	
G	11698a0	2.55	0	4	
G	1169960	2.55	0	0	
G	11699e8	2.55	0	0	
G	1169b7c	2.55	0	8	
G	1169c3c	2.55	0	2	
G	1169e58	2.55	0	0	
G	1169f18	2.55	0	11	
G	1169fa0	2.55	0	0	
G	116a134	2.55	0	2	
G	116a1f4	2.55	0	4	
G	116a27c	2.55	0	0	
G	116a410	2.55	0	1	
G	116a4d0	2.55	1	14	
G	116a558	2.55	1	2	
G	116a6ec	2.55	0	3	
G	116a7ac	2.55	0	2	
G	116a86c	2.55	0	5	
G	116a8f4	2.55	0	0	
G	116aa88	2.55	1	6	
G	116ab48	2.55	1	2	
G	116ad64	2.55	0	3	
G	116be30	2.55	0	0	
G	116c4a8	2.55	0	0	
G	116c6c4	2.55	0	0	
G	116c784	2.55	0	0	
G	116c9a0	2.55	0	0	
G	116ca60	2.55	0	0	
G	116cc7c	2.55	0	0	
G	116cd3c	2.55	0	0	
G	116cdfc	2.55	0	0	
G	116d018	2.55	0	0	
G	116d0d8	2.55	0	0	
G	116d198	2.55	0	0	
G	116d3b4	2.55	0	0	
G	116dae8	2.55	0	0	
G	116dba8	2.55	0	0	
G	116dc68	2.55	0	0	
G	116dd28	2.55	0	0	
G	116dde8	2.55	0	0	
G	116dea8	2.55	0	0	
G	116ec7c	2.55	0	0	
G	116ed3c	2.55	0	0	
G	116ef58	2.55	0	0	
G	116f014	2.55	0	0	
G	116f0d4	2.55	0	0	
G	116f194	2.55	0	0	
G	116ae24	2.56	0	4	
G	116aee4	2.56	0	6	
G	116afa4	2.56	0	8	
G	116b064	2.56	0	4	
G	116b124	2.56	1	9	
G	116b1e4	2.56	0	3	
G	116b2a4	2.56	0	5	
G	116b364	2.56	0	2	
G	116b424	2.56	0	2	
G	116b4e4	2.56	0	4	
G	116b5a4	2.56	0	6	
G	116b62c	2.56	0	0	
G	116b7c0	2.56	0	3	
G	116b880	2.56	1	7	
G	116b940	2.56	0	1	
G	116b9c8	2.56	0	0	
G	116bb5c	2.56	0	10	
G	116bc1c	2.56	0	8	
G	116bca4	2.56	0	1	
G	116be38	2.56	0	16	
G	116bef8	2.56	0	3	
G	116bf80	2.56	0	0	
G	116c114	2.56	0	5	
G	116c1d4	2.56	0	3	
G	116c25c	2.56	2	2	
G	116c3f0	2.56	0	1	
G	116c4b0	2.56	0	5	
G	116c6cc	2.56	0	4	
G	116c78c	2.56	0	3	
G	116c9a8	2.56	0	4	
G	116ca68	2.56	1	7	
G	116caf0	2.56	2	2	
G	116cc84	2.56	0	5	
G	116cd44	2.56	0	13	
G	116ce04	2.56	0	6	
G	116ce8c	2.56	1	1	
G	116d020	2.56	0	12	
G	116d0e0	2.56	0	8	
G	116d1a0	2.56	0	3	
G	116d228	2.56	0	0	
G	116d3bc	2.56	0	18	
G	116d47c	2.56	0	6	
G	116d53c	2.56	0	3	
G	116d5c4	2.56	1	1	
G	116d758	2.56	0	18	
G	116d818	2.56	0	9	
G	116d8d8	2.56	1	7	
G	116daf0	2.56	0	13	
G	116dbb0	2.56	0	5	
G	116dc70	2.56	0	4	
G	116dd30	2.56	0	8	
G	116ddf0	2.56	0	9	
G	116deb0	2.56	0	7	
G	116df70	2.56	0	10	
G	116e030	2.56	0	7	
G	116e0b8	2.56	0	0	
G	116e24c	2.56	0	11	
G	116e2d4	2.56	0	0	
G	116e468	2.56	1	4	
G	116e528	2.56	0	5	
G	116e5e8	2.56	0	11	
G	116e6a8	2.56	0	20	
G	116e768	2.56	0	5	
G	116e828	2.56	0	9	
G	116e8e8	2.56	0	6	
G	116e9a8	2.56	0	8	
G	116ea68	2.56	0	6	
G	116eaf0	2.56	0	0	
G	116ec84	2.56	0	7	
G	116ed44	2.56	0	9	
G	116ef60	2.56	0	7	
G	116f01c	2.56	0	9	
G	116f0dc	2.56	0	8	
G	116f19c	2.56	1	8	
G	116f2b8	2.56	6	14	
G	16f79e0	2.56	0	43	
G	1167afc	2.57	9	16	
G	1169cc4	2.57	0	0	
G	116c538	2.57	0	0	
G	116edcc	2.57	0	1	
G	116abd0	2.64	0	0	
G	15fe750	2.85	0	0	
G	1603fec	2.85	0	0	
G	1603ff4	2.85	0	1	
G	16040e0	2.85	2	38	
G	16044f4	2.85	0	0	
G	16f56a4	2.85	0	0	
G	17b29c0	2.85	1	180	
G	13252ec	2.86	6	132	
G	11a7760	2.87	1	42	
G	11a77e8	2.87	2	13	
G	1200e74	2.87	1	1	
G	12345f0	2.87	0	5	
G	1234678	2.87	0	1	
G	1325f7c	2.87	0	1	
G	13261b8	2.87	0	39	
G	13262dc	2.87	0	0	
G	13263ac	2.87	2	18	
G	13267f4	2.87	0	0	
G	1603ff0	2.95	0	0	
G	1604fc8	2.95	0	0	
G	1604fd0	2.95	0	3	
G	16050bc	2.95	1	190	
G	16054d0	2.95	0	0	
G	16f56b0	2.95	0	0	
G	17b2b14	2.95	1	638	
G	1213cac	3.01	2	487	
G	115fe64	3.04	1	27	
G	117b624	3.04	0	2	
G	117bd58	3.04	0	5	
G	117be18	3.04	0	7	
G	1180bcc	3.04	0	6	
G	1180ea8	3.04	0	13	
G	11818a4	3.04	0	16	
G	11898a0	3.04	5	69	
G	1189928	3.04	1	21	
G	1189b3c	3.04	0	3	
G	1189b8c	3.04	1	15	
G	1189db8	3.04	0	15	
G	1189e78	3.04	0	17	
G	118c1a0	3.04	0	11	
G	118c1f0	3.04	0	12	
G	118c240	3.04	1	15	
G	118c290	3.04	0	17	
G	118ef6c	3.04	0	6	
G	1198040	3.04	0	9	
G	11b09c4	3.04	0	6	
G	12146e8	3.04	3	3	
G	1214b6c	3.04	4	25	
G	1215460	3.04	5	27	
G	12156f4	3.04	1	1	
G	1215744	3.04	0	9	
G	1215794	3.04	2	9	
G	12157e4	3.04	0	0	
G	12158b4	3.04	2	26	
G	121707c	3.04	1	1	
G	15ca93c	3.28	0	0	
G	15ca944	3.28	0	6	
G	15caa30	3.28	0	323	
G	15cae44	3.28	1	1	
G	1604fcc	3.28	0	0	
G	16f54e8	3.28	0	0	
G	17b2c68	3.28	2	2033	
G	11728cc	3.41	16	1689	
G	115feb4	3.46	1	1	
G	1173bfc	3.46	3	3	
G	1174584	3.46	9	65	
G	1175f5c	3.46	0	3	
G	1175fac	3.46	2	12	
G	1175ffc	3.46	1	53	
G	1176084	3.46	4	20	
G	11761a8	3.46	0	8	
G	11761f8	3.46	1	7	
G	1176248	3.46	1	21	
G	11762e8	3.46	1	23	
G	1176338	3.46	1	12	
G	1176388	3.46	0	14	
G	11763d8	3.46	2	10	
G	1176428	3.46	0	16	
G	1176478	3.46	0	15	
G	11764c8	3.46	1	19	
G	1176518	3.46	1	24	
G	1176568	3.46	0	20	
G	11765b8	3.46	1	24	
G	1176608	3.46	1	16	
G	1176658	3.46	1	24	
G	11766a8	3.46	2	31	
G	11766f8	3.46	1	17	
G	1176748	3.46	1	21	
G	1176798	3.46	0	32	
G	11767e8	3.46	0	28	
G	1176838	3.46	0	31	
G	1176888	3.46	0	23	
G	11768d8	3.46	0	34	
G	1176928	3.46	3	35	
G	1176978	3.46	0	30	
G	11769c8	3.46	1	26	
G	1176a18	3.46	1	39	
G	1176a68	3.46	1	34	
G	1176ab8	3.46	0	0	
G	1176b88	3.46	6	95	
G	1179090	3.46	0	0	
G	1175970	3.47	7	154	
G	11a6784	4.32	0	256	
G	15b488c	4.32	0	0	
G	15c2728	4.32	0	0	
G	15c2a34	4.32	2	67	
G	15c2bb8	4.32	0	0	
G	15ca940	4.32	0	0	
G	11a68a4	4.33	7	240	
G	11a6ef8	4.34	3	3	
G	11a70ec	4.34	2	8	
G	11a74ac	4.34	3	3	
G	11a76a0	4.34	0	2	
G	11a7b98	4.34	0	93	
G	11a7c5c	4.34	2	10	
G	11a7ce4	4.34	3	3	
G	11a7e78	4.34	1	9	
G	11a7f38	4.34	0	4	
G	11a7ffc	4.34	0	7	
G	11a80bc	4.34	0	10	
G	11a8180	4.34	0	9	
G	11a81d4	4.34	0	0	
G	11a82a4	4.34	0	0	
G	11a87fc	4.34	0	0	
G	15c272c	4.38	0	0	
G	12a049c	4.41	1	15	
G	12a0524	4.41	7	7	
G	13592f8	4.41	4	59	
G	1564cd0	4.41	0	0	
G	1565efc	4.41	0	0	
G	1565f84	4.41	3	175	
G	15b5010	4.41	0	0	
G	15b501c	4.41	0	0	
G	15b590c	4.41	0	21	
G	15b61a0	4.41	0	0	
G	15b61ac	4.41	0	0	
G	15b71cc	4.41	0	0	
G	15b71d8	4.41	0	0	
G	15b8e30	4.41	1	184	
G	15b96c4	4.41	0	0	
G	15b96d0	4.41	0	0	
G	15b9fcc	4.41	0	0	
G	15ba860	4.41	0	0	
G	15ba86c	4.41	0	0	
G	15bb2f8	4.41	0	0	
G	15bbb8c	4.41	0	0	
G	15bbb98	4.41	0	0	
G	15bcbc0	4.41	0	0	
G	15bcbcc	4.41	0	0	
G	15be83c	4.41	0	0	
G	15be848	4.41	0	0	
G	15c05d8	4.41	0	0	
G	15c05e4	4.41	1	1	
G	15c15b4	4.41	0	0	
G	15c15c0	4.41	0	0	
G	15c2590	4.41	0	0	
G	15c259c	4.41	0	0	
G	15c356c	4.41	0	0	
G	15c3578	4.41	0	0	
G	15c4548	4.41	0	0	
G	15c4554	4.41	0	0	
G	15c5624	4.41	0	0	
G	15c5630	4.41	0	0	
G	15c6600	4.41	0	0	
G	15c660c	4.41	0	0	
G	15c7920	4.41	0	0	
G	15c792c	4.41	0	0	
G	15c8c40	4.41	0	0	
G	15c8c4c	4.41	0	0	
G	15ca8a4	4.41	0	0	
G	15ca8b0	4.41	0	0	
G	15cb9a8	4.41	0	0	
G	15cb9b4	4.41	0	0	
G	15ccf2c	4.41	0	0	
G	15ccf38	4.41	0	0	
G	15ce45c	4.41	0	0	
G	15ce468	4.41	0	0	
G	15cfff0	4.41	0	0	
G	15cfffc	4.41	0	0	
G	15d18c8	4.41	0	0	
G	15d18d4	4.41	0	0	
G	15d32c4	4.41	0	0	
G	15d32d0	4.41	0	0	
G	15d4e10	4.41	0	0	
G	15d4e1c	4.41	0	0	
G	15d5e08	4.41	0	0	
G	15d5e14	4.41	0	0	
G	15d7384	4.41	0	0	
G	15d7390	4.41	0	0	
G	15d8360	4.41	0	0	
G	15d836c	4.41	0	0	
G	15d9cfc	4.41	0	0	
G	15d9d08	4.41	0	0	
G	15dbb2c	4.41	0	0	
G	15dbb38	4.41	0	0	
G	15dcb08	4.41	0	0	
G	15dcb14	4.41	0	0	
G	15debe4	4.41	0	0	
G	15debf0	4.41	1	1	
G	15e0b8c	4.41	0	0	
G	15e0b98	4.41	0	0	
G	15e57d0	4.41	0	0	
G	15e57dc	4.41	0	0	
G	15e8488	4.41	0	0	
G	15e8494	4.41	0	0	
G	15ea110	4.41	0	0	
G	15ea11c	4.41	0	0	
G	15ec708	4.41	0	0	
G	15ec714	4.41	0	0	
G	15eea28	4.41	0	0	
G	15eea34	4.41	0	1	
G	15f03cc	4.41	0	0	
G	15f03d8	4.41	0	0	
G	15f191c	4.41	0	0	
G	15f1928	4.41	0	0	
G	15f2b54	4.41	0	0	
G	15f2b60	4.41	0	0	
G	15f3928	4.41	0	43	
G	15f41bc	4.41	0	0	
G	15f41c8	4.41	0	0	
G	15f53b0	4.41	0	0	
G	15f53bc	4.41	0	0	
G	15f759c	4.41	0	0	
G	15f75a8	4.41	0	0	
G	15f7f14	4.41	1	5	
G	15f89c4	4.41	0	0	
G	15f89d0	4.41	0	0	
G	15f9c50	4.41	0	0	
G	15f9c5c	4.41	0	0	
G	15fad2c	4.41	0	0	
G	15fad38	4.41	0	0	
G	15fbc08	4.41	0	0	
G	15fbc14	4.41	0	0	
G	15fd6e0	4.41	0	0	
G	15fd6ec	4.41	0	0	
G	15fe6b4	4.41	0	0	
G	15fe6c0	4.41	0	0	
G	15ff574	4.41	0	0	
G	15ff580	4.41	0	0	
G	1600f84	4.41	0	0	
G	1600f90	4.41	0	0	
G	1602610	4.41	0	0	
G	160261c	4.41	1	2	
G	1603e54	4.41	0	0	
G	1603e60	4.41	0	0	
G	1604f30	4.41	0	0	
G	1604f3c	4.41	0	0	
G	1605f9c	4.41	0	0	
G	1605fa8	4.41	0	0	
G	16073c8	4.41	0	0	
G	16073d4	4.41	0	0	
G	16084a4	4.41	0	0	
G	16084b0	4.41	0	0	
G	1609ef4	4.41	0	0	
G	1609f00	4.41	0	0	
G	160b91c	4.41	0	0	
G	160b928	4.41	1	1	
G	160d484	4.41	0	0	
G	160d490	4.41	0	0	
G	160e6e0	4.41	0	0	
G	160e6ec	4.41	0	0	
G	160f724	4.41	0	0	
G	160f730	4.41	0	0	
G	1610eb4	4.41	0	0	
G	1610ec0	4.41	0	0	
G	1613e28	4.41	0	0	
G	1613e34	4.41	0	0	
G	16154b8	4.41	0	0	
G	16154c4	4.41	0	0	
G	1616f44	4.41	0	0	
G	1616f50	4.41	0	0	
G	161844c	4.41	0	0	
G	1618458	4.41	0	0	
G	1619e5c	4.41	0	0	
G	1619e68	4.41	0	0	
G	161bbcc	4.41	0	0	
G	161bbd8	4.41	1	1	
G	161c364	4.41	0	0	
G	161ca78	4.41	0	0	
G	161e9d0	4.41	0	0	
G	161e9dc	4.41	0	0	
G	16205c0	4.41	0	0	
G	16e8460	4.41	1	1	
G	16e8588	4.41	0	0	
G	16e8664	4.41	0	0	
G	16e8940	4.41	0	0	
G	16e8954	4.41	0	4	
G	16e89b4	4.41	1	4	
G	16e8d14	4.41	1	1	
G	16e8ee8	4.41	0	0	
G	16e904c	4.41	1	1	
G	16e9338	4.41	0	0	
G	16e96ac	4.41	0	0	
G	16e977c	4.41	0	0	
G	16ec8bc	4.41	3	673	
G	16f5bf0	4.41	0	6	
G	16f7a80	4.41	0	0	
G	16f84d4	4.41	0	0	
G	16f84e0	4.41	0	0	
G	16f90a8	4.41	0	0	
G	16f90b4	4.41	1	612	
G	16faa20	4.41	0	0	
G	16fbc40	4.41	0	0	
G	16ff9d4	4.41	0	0	
G	1514b80	4.42	0	0	
G	16205b4	4.42	0	0	
G	162201c	4.42	0	0	
G	1622028	4.42	0	0	
G	1623768	4.42	0	0	
G	1623774	4.42	0	0	
G	1625654	4.42	0	0	
G	1625660	4.42	0	0	
G	1626e64	4.42	0	0	
G	1626e70	4.42	0	0	
G	1628858	4.42	0	0	
G	1628864	4.42	0	0	
G	1629fe4	4.42	0	0	
G	1629ff0	4.42	0	0	
G	162af70	4.42	0	0	
G	162b684	4.42	0	0	
G	162c5e4	4.42	0	0	
G	162c5f0	4.42	0	0	
G	162dc64	4.42	0	0	
G	162dc70	4.42	0	0	
G	162f4c8	4.42	0	0	
G	162f4d4	4.42	0	0	
G	1630fc8	4.42	0	0	
G	1630fd4	4.42	0	0	
G	163289c	4.42	0	0	
G	16328a8	4.42	0	0	
G	1634510	4.42	0	0	
G	163451c	4.42	0	0	
G	1635fa8	4.42	0	0	
G	1635fb4	4.42	0	0	
G	1637684	4.42	0	0	
G	1637690	4.42	0	0	
G	16391e4	4.42	0	0	
G	16391f0	4.42	0	0	
G	163a228	4.42	0	0	
G	163a234	4.42	0	0	
G	163c1c8	4.42	0	0	
G	163c1d4	4.42	0	0	
G	163cb78	4.42	0	0	
G	163cb84	4.42	0	0	
G	163dc54	4.42	0	0	
G	163dc60	4.42	1	1	
G	16401e0	4.42	0	0	
G	16401ec	4.42	0	0	
G	1641b94	4.42	0	0	
G	1641ba0	4.42	0	0	
G	1642eb4	4.42	0	0	
G	1642ec0	4.42	0	0	
G	1643b78	4.42	1	7	
G	164440c	4.42	0	0	
G	1644418	4.42	0	0	
G	1645540	4.42	0	0	
G	164554c	4.42	0	0	
G	1646f9c	4.42	0	0	
G	1646fa8	4.42	0	0	
G	1647fe0	4.42	0	0	
G	1647fec	4.42	0	0	
G	1648ebc	4.42	0	0	
G	1648ec8	4.42	0	0	
G	164a9b0	4.42	0	0	
G	164a9bc	4.42	0	0	
G	164c09c	4.42	0	0	
G	164c0a8	4.42	0	0	
G	164d870	4.42	0	0	
G	164d87c	4.42	0	0	
G	164f0f0	4.42	0	0	
G	164f0fc	4.42	0	0	
G	1650a68	4.42	0	0	
G	1650a74	4.42	0	0	
G	1651c94	4.42	0	0	
G	1651ca0	4.42	0	0	
G	165344c	4.42	0	0	
G	1653458	4.42	0	0	
G	1654d30	4.42	0	0	
G	1654d3c	4.42	0	0	
G	1656964	4.42	0	0	
G	1656970	4.42	0	0	
G	16575e4	4.42	0	0	
G	16575f0	4.42	0	0	
G	1658f18	4.42	0	0	
G	1658f24	4.42	0	0	
G	165aaa8	4.42	0	0	
G	165aab4	4.42	0	0	
G	165ba50	4.42	0	0	
G	165c264	4.42	0	0	
G	165d0a0	4.42	0	0	
G	165d0ac	4.42	0	0	
G	165eb00	4.42	0	0	
G	165eb0c	4.42	0	0	
G	165fb28	4.42	0	0	
G	165fb34	4.42	0	0	
G	1661214	4.42	0	0	
G	1661220	4.42	0	0	
G	1662e14	4.42	0	0	
G	1662e20	4.42	0	0	
G	1664744	4.42	0	0	
G	1664750	4.42	0	0	
G	1666810	4.42	0	0	
G	166681c	4.42	0	0	
G	16684cc	4.42	0	0	
G	16684d8	4.42	0	0	
G	1669f34	4.42	0	0	
G	1669f40	4.42	0	0	
G	166bc74	4.42	0	0	
G	166bc80	4.42	0	0	
G	166ce10	4.42	0	0	
G	166ce1c	4.42	0	0	
G	166e5a4	4.42	0	0	
G	166e5b0	4.42	0	0	
G	166ff80	4.42	0	0	
G	166ff8c	4.42	0	0	
G	1671288	4.42	0	0	
G	1671294	4.42	0	0	
G	1672878	4.42	0	0	
G	1672884	4.42	0	0	
G	1673904	4.42	0	0	
G	1673910	4.42	0	0	
G	1675330	4.42	0	0	
G	167533c	4.42	0	0	
G	1676ee0	4.42	0	0	
G	1676eec	4.42	0	0	
G	167891c	4.42	0	0	
G	1678928	4.42	0	0	
G	1679c54	4.42	0	0	
G	1679c60	4.42	1	1	
G	167ac30	4.42	0	0	
G	167ac3c	4.42	0	0	
G	167bd74	4.42	0	0	
G	167bd80	4.42	0	0	
G	167dbac	4.42	0	0	
G	167dbb8	4.42	0	0	
G	167ed40	4.42	0	0	
G	167ed4c	4.42	0	0	
G	167ffd0	4.42	0	0	
G	167ffdc	4.42	0	0	
G	1681c04	4.42	0	0	
G	1681c10	4.42	0	0	
G	1682ce0	4.42	0	0	
G	1682cec	4.42	0	0	
G	1684000	4.42	0	0	
G	168400c	4.42	0	0	
G	1685da8	4.42	0	0	
G	1685db4	4.42	0	0	
G	16870c8	4.42	0	0	
G	16870d4	4.42	0	0	
G	1689cfc	4.42	0	0	
G	1689d08	4.42	0	0	
G	168b444	4.42	0	0	
G	168b450	4.42	0	0	
G	168ce98	4.42	0	0	
G	168cea4	4.42	0	0	
G	168df78	4.42	0	0	
G	168df84	4.42	0	0	
G	168eebc	4.42	0	0	
G	168eec8	4.42	0	0	
G	1691048	4.42	0	0	
G	1691054	4.42	0	0	
G	16927b0	4.42	0	0	
G	16927bc	4.42	0	0	
G	1693ff8	4.42	0	0	
G	1694004	4.42	0	0	
G	16959f4	4.42	0	0	
G	1695a00	4.42	0	0	
G	1697f54	4.42	0	0	
G	1697f60	4.42	0	0	
G	1699b08	4.42	0	0	
G	1699b14	4.42	0	0	
G	169b0ac	4.42	0	0	
G	169b0b8	4.42	0	0	
G	169cc24	4.42	0	0	
G	169cc30	4.42	0	0	
G	169e58c	4.42	0	0	
G	169e598	4.42	0	0	
G	169fda0	4.42	0	0	
G	169fdac	4.42	0	0	
G	16a1878	4.42	0	0	
G	16a1884	4.42	0	0	
G	16a2d88	4.42	0	0	
G	16a2d94	4.42	0	0	
G	16a3fa8	4.42	0	0	
G	16a3fb4	4.42	0	0	
G	16a53d0	4.42	0	0	
G	16a53dc	4.42	0	0	
G	16a6b44	4.42	0	0	
G	16a6b50	4.42	0	0	
G	16a7ffc	4.42	0	0	
G	16a8008	4.42	0	0	
G	16a97c0	4.42	0	0	
G	16a97cc	4.42	0	0	
G	16aaff8	4.42	0	0	
G	16ab004	4.42	0	0	
G	16acb70	4.42	0	0	
G	16acb7c	4.42	0	0	
G	16ae080	4.42	0	0	
G	11f7ffc	4.44	0	1	
G	12c61b8	4.44	1	12	
G	16f8624	4.44	1	1	
G	16f88a0	4.44	4	33	
G	16f8a4c	4.44	2	23	
G	16f9118	4.44	6	611	
G	16f9594	4.44	9	103	
G	16f96a0	4.44	0	8	
G	16f96f0	4.44	1	10	
G	16f99ac	4.44	19	19	
G	16f9b80	4.44	4	105	
G	16f9ce4	4.44	2	7	
G	16f9fd0	4.44	0	0	
G	16fa540	4.44	0	0	
G	16fa610	4.44	3	4	
G	16fa8cc	4.44	22	88	
G	11f89a0	4.45	0	0	
G	11f8a90	4.45	1	5	
G	11f8950	4.47	0	0	
G	131111c	4.47	0	0	
G	16f9740	4.47	0	0	
G	1350c68	4.72	0	2	
G	18779a8	4.72	0	0	
G	1877a60	4.72	0	0	
G	1959558	4.72	1	1	
G	1df3b74	4.72	0	3	
G	1e1108c	4.72	0	0	
G	1e110a0	4.72	0	0	
G	1eb6eac	4.72	4	94	
G	1eb6f84	4.72	10	100	
G	1eb72f4	4.72	0	0	
G	1e76c60	4.73	0	1	
G	1e83ca8	4.73	0	0	
G	1e8413c	4.73	2	8	
G	1e9127c	4.73	0	2	
G	1e938cc	4.73	0	3	
G	1e939f0	4.73	0	0	
G	1f1e858	4.73	0	0	
G	1f7f564	4.73	0	0	
G	1f7f604	4.73	1	1	
G	1d88364	4.74	0	0	
G	1d884d8	4.74	0	2	
G	1e527f8	4.74	0	2	
G	1f226b0	4.74	0	0	
G	1f41c70	4.74	0	0	
G	1d88704	4.76	0	1	
G	1392d10	4.78	0	0	
G	195cfbc	4.78	0	0	
G	1c2c87c	4.78	0	2	
G	1dc9f1c	4.78	0	0	
G	1dcef74	4.78	0	0	
G	1dd7a34	4.78	0	0	
G	1df2860	4.78	3	38	
G	1df2c98	4.78	0	7	
G	1df2fbc	4.78	0	0	
G	1df2fc0	4.78	0	0	
G	1df32e8	4.78	0	0	
G	1df393c	4.78	0	0	
G	1e9ee34	4.78	0	0	
G	1eab204	4.78	0	1	
G	1eab25c	4.78	0	1	
G	1eb51bc	4.78	2	2	
G	1eb54ac	4.78	0	6	
G	1eca3d0	4.78	0	2	
G	11a929c	4.83	4	21	
G	1db580c	4.83	0	0	
G	1ed30f4	4.83	1	4	
G	1ed3a1c	4.83	0	11	
G	16ed064	4.93	0	0	
G	16faa2c	4.93	1	3372	
G	16faaec	4.93	0	3371	
G	16fbcac	4.93	5	3367	
G	16fe250	4.93	0	0	
G	16fe258	4.93	1	23	
G	16fe344	4.93	5	3324	
G	16fe758	4.93	1	1	
G	1d88550	4.93	0	44	
G	1d8886c	4.93	0	0	
G	1d888d0	4.93	0	0	
G	1d888ec	4.93	0	0	
G	1dc5ce4	4.93	0	2555	
G	1dcc750	4.93	0	0	
G	1de62cc	4.93	1	2	
G	1de6704	4.93	1	48	
G	1de6864	4.93	0	79	
G	1df2da4	4.93	0	2	
G	225bd54	4.93	1	1	
G	225c0cc	4.93	0	0	
G	2282f2c	4.93	686	686	
G	11f7c88	4.95	0	3	
G	1200c08	4.95	1	1	
G	15220f8	4.95	0	0	
G	1522180	4.95	0	0	
G	16fc448	4.95	2	40	
G	16fcd40	4.95	0	2	
G	16fd0f0	4.95	1	3	
G	16fd2d0	4.95	0	3	
G	16fd3fc	4.95	0	0	
G	16fd4cc	4.95	1	1	
G	16fd988	4.95	1	10	
G	26953d8	4.95	81	81	
G	16fdbfc	4.96	0	0	
G	16fdccc	4.96	0	0	
G	16fe254	4.96	0	0	
G	1de6570	4.96	0	0	
G	1de6a60	4.96	0	29	
G	11d43c4	4.97	2	2	
G	1d889c8	4.97	0	0	
G	1d889e4	4.97	0	0	
G	1e346c4	4.97	0	0	
G	1e366e4	4.97	0	0	
G	1eab354	4.97	48	61	
G	1eb5bc0	4.97	9	317	
G	1eb5c54	4.97	0	0	
G	1eb5cb8	4.97	10	11	
G	1eb6be8	4.97	12	12	
G	1ec430c	4.97	0	8	
G	1ec4af0	4.97	64	1134	
G	1ec67cc	4.97	1	1	
G	1eca4c4	4.97	10	10	
G	1ecb918	4.97	60	372	
G	1ecbb90	4.97	1	6	
G	1ecc8c4	4.97	0	0	
G	1eccd64	4.97	5	311	
G	1ecd804	4.97	1	312	
G	1ece268	4.97	0	0	
G	1ece270	4.97	0	0	
G	1eda9c8	4.97	17	24	
G	1edaa94	4.97	7	7	
G	18712ac	4.98	0	0	
G	1e64e08	4.98	0	0	
G	1e64e10	4.98	0	0	
G	1e77ecc	4.98	0	0	
G	1e781a4	4.98	0	7	
G	1e78384	4.98	0	8	
G	1e78708	4.98	0	0	
G	1e796dc	4.98	21	28	
G	1e86b80	4.98	24	36	
G	1eab2ac	4.98	10	15	
G	1eabaa0	4.98	0	0	
G	1eac92c	4.98	19	19	
G	1eb090c	4.98	0	0	
G	1eb0924	4.98	0	0	
G	1eb0a50	4.98	0	0	
G	1ebb75c	4.98	8	23	
G	1ebc078	4.98	0	0	
G	1ebc0b8	4.98	0	0	
G	1ec1c2c	4.98	0	37	
G	1ec2694	4.98	4	170	
G	1ec3580	4.98	1	40	
G	1ec5b3c	4.98	0	0	
G	1ec69d8	4.98	1	4	
G	1ecae64	4.98	0	0	
G	1ecaf34	4.98	1	1	
G	1ecfebc	4.98	0	8	
G	1ecfefc	4.98	1	8	
G	1ecffdc	4.98	0	0	
G	1ed0064	4.98	0	7	
G	1ed01d8	4.98	0	0	
G	1ed0360	4.98	0	4	
G	1ed0610	4.98	2	3	
G	1ed0c90	4.98	2	2	
G	1ed12a0	4.98	0	0	
G	1f17d24	4.98	2	2	
G	1f17d70	4.98	6	6	
G	2102a80	4.98	2	2	
G	2103b28	4.98	30	76	
G	2103d40	4.98	16	92	
G	210d868	4.98	0	0	
G	210e43c	4.98	0	0	
G	210e484	4.98	0	3	
G	210e52c	4.98	2	3	
G	210e5ec	4.98	1	1	
G	210e724	4.98	0	0	
G	210e72c	4.98	0	0	
G	210e738	4.98	0	0	
G	212f9e0	4.98	1	1	
G	212fab8	4.98	0	0	
G	21732d8	4.98	8	8	
G	2367e74	4.98	0	0	
G	2367ff8	4.98	6	6	
G	135bba0	4.99	0	0	
G	1e11a4c	4.99	7	15	
G	1e77160	4.99	0	0	
G	1e771a8	4.99	0	0	
G	1e77738	4.99	0	0	
G	1e77894	4.99	20	20	
G	1e77a80	4.99	0	0	
G	1e78f48	4.99	1	3	
G	1e792d0	4.99	1	16	
G	1e79378	4.99	1	1	
G	1e793cc	4.99	5	5	
G	1e87090	4.99	21	31	
G	1e87504	4.99	4	35	
G	1e88258	4.99	0	0	
G	1e89038	4.99	0	0	
G	1e89904	4.99	0	0	
G	1e8a0a4	4.99	0	0	
G	1eab41c	4.99	52	205	
G	1eaca74	4.99	25	90	
G	1eb5d78	4.99	19	56	
G	1eb5e74	4.99	21	35	
G	1eb621c	4.99	13	13	
G	1eb6d54	4.99	4	4	
G	1eb8694	4.99	5	21	
G	1eb8f20	4.99	17	18	
G	1ebb800	4.99	19	20	
G	1ec3ab4	4.99	11	31	
G	1ec3b8c	4.99	0	0	
G	1ec3ba4	4.99	0	0	
G	1ec3d7c	4.99	17	68	
G	1ecee58	4.99	12	18	
G	1efeeb8	4.99	6	6	
G	1f3c850	4.99	7	8	
G	1e78720	5.00	98	138	
G	1e78aa8	5.00	91	91	
G	1e78ce8	5.00	2	2	
G	1f4f4d0	5.00	2	2	
G	21708fc	5.00	1	1	
G	21724f4	5.00	1	1	
G	217e060	5.00	27	27	
G	217e1c4	5.00	16	16	
G	2183838	5.00	4	2031	
G	218a208	5.00	0	0	
G	218a2f8	5.00	1	1	
G	218a2fc	5.00	0	0	
G	218a300	5.00	1	1	
G	218a33c	5.00	0	0	
G	2233768	5.00	1	1	
G	22337ec	5.00	0	0	
G	1e7900c	5.01	5	6	
G	20c236c	5.01	5	5	
G	2132b8c	5.01	6	14	
G	2184230	5.01	2020	2025	
G	21b7824	5.01	9	10	
G	1d88844	5.49	0	0	
G	1eb77ec	7.95	14	14	
G	1ed7e24	7.95	28	49	
G	1ed7f94	7.95	9	9	
G	1e77664	8.96	0	0	
G	20c35d8	12.96	15	15	
G	1d889ec	17.96	0	0	
G	17b46fc	17.98	0	0	
G	1d88828	17.98	0	0	
G	1db44e8	17.98	0	1	
G	1db4590	17.98	0	0	
G	1de7254	17.98	0	0	
G	1de749c	17.98	1	1	
G	1ec1638	17.98	0	1	
G	17c603c	18.00	0	0	
G	17fad6c	18.00	0	0	
G	1db1c7c	18.00	0	0	
G	1db4c74	18.00	0	55	
G	119bc0c	18.05	0	0	
G	1e64368	18.05	0	0	
G	1e651c0	18.05	5	7	
G	1e653ac	18.05	0	0	
G	1e864e8	18.05	0	3	
G	1e88940	18.05	0	1	
G	1e88aa4	18.05	0	2	
G	1ea2e2c	18.05	0	0	
G	1ea4db8	18.05	0	14	
G	1ea510c	18.05	0	8	
G	1ea5870	18.05	2	7	
G	1ea9ecc	18.05	0	0	
G	1eaa534	18.05	2	3	
G	1eaa81c	18.05	0	3	
G	1eab1e8	18.05	0	0	
G	1eab1ec	18.05	0	11	
G	1eac5ec	18.05	0	0	
G	1eb4f00	18.05	0	22	
G	1eb4fbc	18.05	0	0	
G	1eb5a14	18.05	1	1	
G	1ebb540	18.05	0	6	
G	1ec0eb4	18.05	0	35	
G	1ec0f8c	18.05	1	22	
G	1ec12fc	18.05	0	56	
G	1ec5d8c	18.05	1	1	
G	1ec5dd4	18.05	0	0	
G	1eca280	18.05	0	2	
G	1ecb160	18.05	0	12	
G	1ecdaac	18.05	0	0	
G	1ece6ac	18.05	0	0	
G	1ed7da4	18.05	1	1	
G	1eda948	18.05	0	0	
G	1efd574	18.05	1	1	
G	20c2368	18.05	0	0	
G	21b7e28	18.05	0	0	
G	21d99cc	18.05	1	9	
G	1f29ae0	18.06	0	0	
G	1f29b40	18.06	0	0	
G	1f2df64	18.06	0	0	
G	1f2e38c	18.06	0	0	
G	1f2f08c	18.06	2	2	
G	1f2f360	18.06	0	2	
G	1f30898	18.06	0	0	
G	1f30b6c	18.06	1	1	
G	1f30e88	18.06	0	0	
G	13a98c4	18.07	0	0	
G	1e77b14	18.07	0	18	
G	1e77e5c	18.07	0	9	
G	1e780c8	18.07	0	2	
G	1e7818c	18.07	0	2	
G	1e7967c	18.07	0	0	
G	209f540	18.07	1	2	
G	20bce30	18.07	1	1	
G	20c1324	18.07	0	17	
G	20c1720	18.07	0	2	
G	20c1f4c	18.07	0	1	
G	20c2060	18.07	0	61	
G	2100d0c	18.07	0	2	
G	21029b4	18.07	0	0	
G	2106714	18.07	0	5	
G	210d9e4	18.07	0	0	
G	210e0f4	18.07	0	2	
G	210e4c8	18.07	0	0	
G	21303d8	18.07	1	1	
G	2134800	18.07	1	1	
G	2144990	18.07	1	1	
G	2172d90	18.07	1	6	
G	2172e0c	18.07	0	5	
G	2173570	18.07	4	4	
G	217370c	18.07	1	1	
G	21821b4	18.07	1	1	
G	2184e6c	18.07	0	0	
G	2189f44	18.07	0	8	
G	218aa40	18.07	0	0	
G	21b6cbc	18.07	0	0	
G	21bb9a4	18.07	5	17	
G	21bbbc4	18.07	0	10	
G	21be5ec	18.07	0	0	
G	21be89c	18.07	0	16	
G	21bea8c	18.07	1	17	
G	21c0174	18.07	0	0	
G	21c0934	18.07	8	8	
G	21d5e38	18.07	0	1	
G	21d66c0	18.07	0	1	
G	21e29f8	18.07	1	1	
G	21e71e0	18.07	0	0	
G	21e74b8	18.07	0	0	
G	21ebc48	18.07	1	5	
G	2357084	18.07	1	3	
G	2366544	18.07	0	2	
G	23670e8	18.07	1	2	
G	23697f4	18.07	0	2	
G	1db6000	18.08	0	0	
G	11ab048	18.10	0	0	
G	13b5390	18.10	0	0	
G	1489058	18.10	0	0	
G	1489064	18.10	0	0	
G	1700660	18.10	0	0	
G	17b4720	18.10	0	0	
G	17c36e8	18.10	0	0	
G	17c3984	18.10	0	0	
G	17c5e30	18.10	0	0	
G	17c5e5c	18.10	0	0	
G	17fa680	18.10	0	0	
G	17fa784	18.10	0	2	
G	1d88428	18.10	0	1	
G	1db3a2c	18.10	0	1	
G	1db3b08	18.10	0	1	
G	1e85074	18.10	0	0	
G	1e85088	18.10	1	2	
G	1e8ad48	18.10	0	2	
G	1e9e8bc	18.10	1	1	
G	1e9eadc	18.10	0	0	
G	1e9eb64	18.10	0	0	
G	136cde4	18.11	0	1	
G	17c39f0	18.11	3	49	
G	17c43bc	18.11	0	0	
G	17c43d8	18.11	0	0	
G	17c43e0	18.11	0	1	
G	1de6e8c	18.11	0	1	
G	1de6efc	18.11	0	0	
G	1e948a4	18.13	0	5	
G	1e949c8	18.13	0	0	
G	148780c	18.15	1	3	
G	1487958	18.15	0	1	
G	148820c	18.15	0	0	
G	14884cc	18.15	1	1	
G	1489070	18.15	0	47	
G	148a598	18.15	0	0	
G	148a9d0	18.15	0	0	
G	148ab04	18.15	0	0	
G	14cc0b4	18.15	0	20	
G	14ec004	18.15	1	1	
G	14ec028	18.15	0	0	
G	14fa1b8	18.15	0	0	
G	1700670	18.15	1	1	
G	17c4478	18.15	0	0	
G	17c4494	18.15	0	0	
G	17c449c	18.15	0	20	
G	17c4578	18.15	0	0	
G	17c4594	18.15	0	0	
G	1f225bc	18.15	0	1	
G	1f29e88	18.15	0	0	
G	1f29fa8	18.15	0	0	
G	1f2c8c4	18.15	2	11	
G	1f2e0e8	18.15	0	0	
G	1f2e124	18.15	0	0	
G	1f2e398	18.15	0	0	
G	1f2e70c	18.15	1	2	
G	1f2e87c	18.15	0	0	
G	1f2ec98	18.15	0	2	
G	1f2f810	18.15	0	0	
G	1f2fa98	18.15	0	0	
G	1f2fc10	18.15	0	0	
G	1f2ff64	18.15	0	0	
G	1f30220	18.15	0	0	
G	1f3053c	18.15	2	3	
G	1f31078	18.15	0	12	
G	1f314a4	18.15	1	1	
G	1f35cf8	18.15	0	0	
G	1f36e68	18.15	0	0	
G	1f4e560	18.15	0	0	
G	1f4e9b8	18.15	0	0	
G	21ed33c	18.15	0	1	
G	21ed3ec	18.15	1	1	
G	21ed6fc	18.15	0	1	
G	21f5a24	18.15	0	0	
G	21f5af4	18.15	0	0	
G	220e108	18.15	0	1	
G	220e2a0	18.15	1	3	
G	220f290	18.15	1	4	
G	1143b0c	18.16	0	0	
G	114493c	18.16	2	4	
G	1145d94	18.16	1	1	
G	1146b04	18.16	3	5	
G	13be860	18.16	0	0	
G	14624ec	18.16	0	0	
G	14783a0	18.16	1	8	
G	1481350	18.16	0	0	
G	1492628	18.16	0	0	
G	14b7714	18.16	1	5	
G	14b77e8	18.16	1	4	
G	14b7e48	18.16	1	4	
G	14b8138	18.16	3	3	
G	14d5030	18.16	0	2	
G	14d5168	18.16	0	0	
G	1e34f84	18.16	0	2	
G	1e3509c	18.16	0	3	
G	1e35350	18.16	0	0	
G	1f0af00	18.16	0	0	
G	1f0af18	18.16	0	0	
G	1f15374	18.16	1	1	
G	1f15510	18.16	0	0	
G	1f155cc	18.16	0	0	
G	1f1588c	18.16	1	2	
G	1f162bc	18.16	0	2	
G	1f16d38	18.16	0	0	
G	1f1742c	18.16	0	0	
G	1f174ac	18.16	0	0	
G	1f17524	18.16	0	0	
G	1f1765c	18.16	0	0	
G	1f5cbf8	18.16	0	0	
G	1f5cc18	18.16	3	3	
G	1f855b4	18.16	0	3	
G	1f88328	18.16	0	0	
G	21ed8b8	18.16	0	0	
G	21f587c	18.16	0	0	
G	21f5900	18.16	0	0	
G	21f5948	18.16	0	0	
G	21f5a50	18.16	0	0	
G	21fe368	18.16	1	1	
G	21ff0bc	18.16	0	0	
G	21ff1d4	18.16	4	4	
G	21ff344	18.16	0	0	
G	21ff480	18.16	1	1	
G	21ffc40	18.16	0	0	
G	2200364	18.16	2	1426	
G	22007e8	18.16	13	1507	
G	2201eec	18.16	0	0	
G	2204694	18.16	1	1	
G	2204b68	18.16	0	0	
G	220ba58	18.16	0	1	
G	220baa4	18.16	0	0	
G	220c508	18.16	0	0	
G	220cdd0	18.16	0	0	
G	220ce68	18.16	0	0	
G	220ce70	18.16	0	0	
G	220d568	18.16	1	1	
G	220d9a4	18.16	0	0	
G	220dab4	18.16	0	0	
G	220db20	18.16	0	0	
G	220db84	18.16	0	0	
G	220dbe8	18.16	0	0	
G	220dcdc	18.16	1	1	
G	2247d20	18.16	0	0	
G	259f114	18.16	0	0	
G	1143ddc	18.17	0	7	
G	1144108	18.17	0	0	
G	1145434	18.17	0	1	
G	1145464	18.17	0	7	
G	1145560	18.17	0	14	
G	1147128	18.17	0	0	
G	11472e0	18.17	2	9	
G	1147424	18.17	1	1	
G	1147644	18.17	0	7	
G	11478a0	18.17	1	1	
G	1147a40	18.17	0	0	
G	1147b70	18.17	0	1	
G	1147c54	18.17	0	1	
G	1147f80	18.17	3	11	
G	11482c0	18.17	1	1	
G	11484d0	18.17	2	2	
G	13ef110	18.17	0	0	
G	140d248	18.17	2	7	
G	140fd50	18.17	0	0	
G	140ff04	18.17	0	0	
G	144e0c0	18.17	0	0	
G	146a448	18.17	1	1	
G	1481570	18.17	2	2	
G	14d4e74	18.17	0	0	
G	14d5554	18.17	0	0	
G	1e89f34	18.17	1	1	
G	1eb92f8	18.17	0	0	
G	1ed9114	18.17	17	20	
G	1f7bc24	18.17	0	0	
G	1f7bc30	18.17	0	0	
G	1f88ba4	18.17	6	7	
G	1f897d0	18.17	0	0	
G	2200688	18.17	7	7	
G	220bb64	18.17	0	0	
G	220bca0	18.17	1	1	
G	220c1d8	18.17	0	0	
G	220c810	18.17	0	0	
G	220c8f8	18.17	0	0	
G	220cd6c	18.17	0	0	
G	220ce10	18.17	2	2	
G	220ce3c	18.17	0	0	
G	220d72c	18.17	0	0	
G	220da58	18.17	0	0	
G	220dd98	18.17	1396	1396	
G	259eba4	18.17	4	33	
G	259f1a8	18.17	0	0	
G	259f1b8	18.17	0	0	
G	259f1e8	18.17	0	0	
G	259f2a4	18.17	0	0	
G	1480d60	18.18	14	667	
G	1480e40	18.18	86	86	
G	14836d4	18.18	1	1	
G	14885e8	18.18	0	0	
G	14d49f4	18.18	0	0	
G	1144354	18.62	0	0	
G	114537c	18.62	0	44	
G	1145e74	18.62	3	50	
G	11463c4	18.62	0	0	
G	11464d0	18.62	6	12	
G	140d394	18.62	0	4	
G	140d3fc	18.62	2	4	
G	140fe34	18.62	0	0	
G	220bf10	18.62	0	1	
G	220c168	18.62	0	1	
G	220c950	18.62	1	1	
G	220ca38	18.62	0	0	
G	220d8a0	18.62	1	1	
G	259f23c	18.62	0	0	
G	259f278	18.62	0	0	
G	1144110	18.63	0	35	
G	13bb408	18.63	5	396	
G	13bd1b0	18.63	0	0	
G	13e0b30	18.63	0	229	
G	13ef114	18.63	0	0	
G	13f0b90	18.63	0	0	
G	13f0ce0	18.63	0	0	
G	13f0f98	18.63	0	0	
G	13f135c	18.63	0	0	
G	13f52f0	18.63	0	0	
G	13f8c2c	18.63	0	0	
G	13f9478	18.63	0	0	
G	13fb268	18.63	0	0	
G	13fb878	18.63	0	0	
G	13fbb90	18.63	0	0	
G	13fc76c	18.63	0	0	
G	13fcc48	18.63	0	0	
G	13fcf40	18.63	0	0	
G	13fd5e8	18.63	0	0	
G	13fdbf0	18.63	1	1	
G	13fe034	18.63	0	0	
G	13fe520	18.63	0	0	
G	13fec64	18.63	0	0	
G	13ff290	18.63	0	0	
G	13ff3b0	18.63	0	0	
G	13ff4c0	18.63	0	0	
G	13ff538	18.63	0	0	
G	13ff5d0	18.63	0	0	
G	14254f4	18.63	0	0	
G	1462638	18.63	3	598	
G	14807b4	18.63	1	4	
G	148095c	18.63	3	3	
G	1481408	18.63	0	0	
G	1481668	18.63	0	0	
G	14fa2d8	18.63	0	0	
G	1dfcf54	18.63	0	0	
G	1e35358	18.63	7	7	
G	115ecd0	18.65	1	457	
G	118ed00	18.65	0	0	
G	11b08d0	18.65	0	0	
G	11b0920	18.65	0	0	
G	11c91c4	18.65	0	7	
G	11c9324	18.65	0	0	
G	11cb284	18.65	0	6	
G	13bd9bc	18.65	0	0	
G	13bdb0c	18.65	0	0	
G	140046c	18.65	0	48	
G	14004bc	18.65	0	0	
G	14007f8	18.65	0	0	
G	14009ac	18.65	0	0	
G	1400b04	18.65	0	0	
G	1400be4	18.65	0	0	
G	1400c7c	18.65	0	0	
G	1400d2c	18.65	0	0	
G	1400ddc	18.65	0	0	
G	1400e74	18.65	0	0	
G	1400f3c	18.65	0	0	
G	1401608	18.65	0	4	
G	14019dc	18.65	3	3	
G	14fa4d0	18.65	1	1	
G	1516444	18.65	0	0	
G	158c130	18.65	0	1	
G	16ed084	18.65	0	712	
G	115ee94	18.66	1	1	
G	115ee98	18.66	0	0	
G	115fe18	18.66	0	0	
G	1160db8	18.66	6	146	
G	1160efc	18.66	1	10	
G	1161040	18.66	2	2	
G	1161218	18.66	0	0	
G	1176298	18.66	0	0	
G	117b070	18.66	0	0	
G	117b408	18.66	1	1	
G	117b490	18.66	0	0	
G	117b6e4	18.66	1	3	
G	117b76c	18.66	1	2	
G	1180c8c	18.66	1	14	
G	1180d14	18.66	2	11	
G	1180f68	18.66	0	1	
G	1180ff0	18.66	1	1	
G	1181944	18.66	0	0	
G	11896f4	18.66	1	10	
G	1189f38	18.66	0	0	
G	1189fc0	18.66	0	0	
G	11b5b48	18.66	0	0	
G	11c9064	18.66	0	1	
G	11c9284	18.66	0	0	
G	11c92d4	18.66	0	3	
G	1278d60	18.66	2	11	
G	127cd80	18.66	0	2	
G	12b43e8	18.66	0	0	
G	12b43ec	18.66	0	0	
G	12b45ec	18.66	0	4	
G	12b4a8c	18.66	0	0	
G	12b516c	18.66	0	3	
G	12b5310	18.66	0	0	
G	12dc32c	18.66	0	0	
G	1399410	18.66	0	0	
G	1399460	18.66	0	0	
G	139a044	18.66	0	0	
G	13f6dcc	18.66	0	0	
G	13f9bf0	18.66	4	38	
G	1407f50	18.66	0	28	
G	14080d4	18.66	3	135	
G	1409278	18.66	1	1	
G	14092c4	18.66	0	1	
G	1409310	18.66	0	0	
G	140935c	18.66	0	0	
G	14093a8	18.66	0	0	
G	1516520	18.66	0	0	
G	151656c	18.66	0	0	
G	15165b8	18.66	0	0	
G	1516658	18.66	1	143	
G	15167e0	18.66	2	2	
G	16f7860	18.66	1	1	
G	12b861c	18.67	0	0	
G	1399144	18.67	0	23	
G	139a0e4	18.67	0	0	
G	13f94c8	18.67	0	37	
G	118977c	18.68	1	4	
G	12b3130	18.71	0	21	
G	151d15c	18.71	1	20	
G	151d5f4	18.71	1	3	
G	151d7d8	18.71	0	2	
G	2669ac8	18.71	0	0	
G	2669acc	18.71	0	10	
G	2694d18	18.71	2	2	
G	1189c4c	18.72	0	0	
G	11f80bc	18.72	0	0	
G	12b30e0	18.72	0	0	
G	12dc608	18.72	0	0	
G	13f0af0	18.72	0	0	
G	13f1d1c	18.72	0	0	
G	13f6658	18.72	0	3	
G	13f691c	18.72	0	3	
G	13f6e1c	18.72	0	0	
G	13f6e68	18.72	0	0	
G	13f6eb4	18.72	1	1	
G	14021c8	18.72	1	4	
G	1402518	18.72	0	0	
G	14025a0	18.72	0	0	
G	14040f4	18.72	1	14	
G	1404768	18.72	1	5	
G	14048f0	18.72	0	1	
G	1517290	18.72	0	0	
G	151b0d0	18.72	0	2	
G	151d8c4	18.72	0	0	
G	156733c	18.72	1	8	
G	15677a8	18.72	0	0	
G	156798c	18.72	0	0	
G	1567aa0	18.72	0	1	
G	158e410	18.72	0	2	
G	1590bb0	18.72	0	1	
G	1372fd0	18.73	1	55	
G	137336c	18.73	0	0	
G	13733b8	18.73	0	0	
G	137340c	18.73	0	0	
G	151770c	18.73	2	2	
G	1517bb4	18.73	0	0	
G	1517d6c	18.73	0	0	
G	1517dc0	18.73	0	0	
G	1518020	18.73	0	0	
G	151820c	18.73	0	0	
G	1554e34	18.73	2	141	
G	15552d4	18.73	1	20	
G	15554b8	18.73	0	9	
G	1591010	18.73	0	0	
G	15916b0	18.73	0	0	
G	1591700	18.73	0	0	
G	13f7470	18.75	0	0	
G	15182fc	18.75	0	0	
G	151e8fc	18.75	0	0	
G	151e950	18.75	0	0	
G	151ef48	18.75	1	5	
G	151f3c0	18.75	0	2	
G	151fa4c	18.75	1	2	
G	151fc78	18.75	0	0	
G	151fe4c	18.75	0	0	
G	151ff34	18.75	0	25	
G	1520158	18.75	1	1	
G	152033c	18.75	0	0	
G	15204d8	18.75	0	22	
G	1520a18	18.75	0	0	
G	1520a24	18.75	2	5	
G	1521284	18.75	0	1	
G	15909f4	18.75	0	2	
G	12dca74	18.77	0	0	
G	13f2ac8	18.77	0	0	
G	13f2b50	18.77	0	0	
G	140145c	18.77	0	0	
G	14014e4	18.77	0	0	
G	140a488	18.77	0	0	
G	1520c44	18.77	0	0	
G	1520c98	18.77	1	13	
G	1520f3c	18.77	1	4	
G	152117c	18.77	0	3	
G	154dfa8	18.77	0	23	
G	15540f0	18.77	1	1	
G	1554178	18.77	0	0	
G	1561118	18.77	1	5	
G	15612a0	18.77	1	1	
G	15614b8	18.77	1	2	
G	15619ec	18.77	0	0	
G	1561b88	18.77	0	0	
G	1561bd8	18.77	0	0	
G	1561c28	18.77	0	0	
G	1561dac	18.77	0	0	
G	1577650	18.77	0	0	
G	1577be8	18.77	0	0	
G	12744c8	18.78	0	0	
G	12b266c	18.78	0	1	
G	12b286c	18.78	0	0	
G	12b546c	18.78	0	0	
G	12b5618	18.78	0	6	
G	12b5f00	18.78	0	0	
G	12b64b0	18.78	0	0	
G	12b64bc	18.78	3	10	
G	12b79d8	18.78	0	0	
G	12b79e4	18.78	1	2	
G	12b7b4c	18.78	0	0	
G	12b7c38	18.78	0	0	
G	139993c	18.78	0	0	
G	1399940	18.78	0	0	
G	14016b0	18.78	1	11	
G	153f1c0	18.78	0	0	
G	154e334	18.78	1	1	
G	154e518	18.78	1	4	
G	154e638	18.78	0	0	
G	154e9c8	18.78	2	2	
G	11818f4	18.79	0	5	
G	11980e0	18.79	0	0	
G	1198130	18.79	0	0	
G	1198270	18.79	0	0	
G	11f8d20	18.79	0	0	
G	1200ec4	18.79	0	0	
G	1274518	18.79	1	3	
G	12745a0	18.79	0	1	
G	12dc804	18.79	0	1	
G	12dc88c	18.79	1	1	
G	1399fac	18.79	0	0	
G	1399ff8	18.79	0	0	
G	139a090	18.79	0	0	
G	1403148	18.79	1	1	
G	14032cc	18.79	0	1	
G	14038c4	18.79	0	0	
G	1403918	18.79	0	0	
G	151dd5c	18.79	0	0	
G	151ddb0	18.79	0	0	
G	151de04	18.79	0	0	
G	151de58	18.79	0	0	
G	1549ea0	18.79	0	13	
G	154a1c8	18.79	1	4	
G	154a3ac	18.79	0	0	
G	154a4d8	18.79	1	6	
G	154a72c	18.79	0	0	
G	154a738	18.79	0	4	
G	154ac44	18.79	0	1	
G	154ace4	18.79	1	3	
G	154ad7c	18.79	0	0	
G	154af4c	18.79	1	2	
G	154b2e0	18.79	0	0	
G	154b400	18.79	0	0	
G	154b588	18.79	0	0	
G	154b80c	18.79	0	0	
G	15639a0	18.79	1	5	
G	156d098	18.79	0	0	
G	1570cb4	18.79	0	0	
G	1570d74	18.79	0	0	
G	158eb2c	18.79	0	3	
G	1143a68	18.80	1	14	
G	114582c	18.80	2	3	
G	11459c0	18.80	0	0	
G	13b45b4	18.80	11	32	
G	13be354	18.80	0	0	
G	14fa2fc	18.80	0	1	
G	151dfbc	18.80	2	2	
G	151e3d0	18.80	0	0	
G	151e5b4	18.80	0	0	
G	151e744	18.80	0	0	
G	151e9ac	18.80	1	4	
G	151ebdc	18.80	0	0	
G	151edc0	18.80	0	2	
G	151f5a4	18.80	1	1	
G	155db54	18.80	0	0	
G	155dd90	18.80	0	0	
G	157367c	18.80	1	1	
G	1573d5c	18.80	0	0	
G	15741f8	18.80	0	0	
G	1574880	18.80	0	0	
G	1590a6c	18.80	0	1	
G	1590ae8	18.80	0	0	
G	15911a0	18.80	0	0	
G	1591660	18.80	0	0	
G	1dc6370	18.80	158	190	
G	21ff004	18.80	1	1	
G	2204b70	18.80	0	0	
G	1143a14	18.81	0	0	
G	114451c	18.81	0	0	
G	11446f4	18.81	0	0	
G	1145b2c	18.81	0	1	
G	1148674	18.81	0	0	
G	1148934	18.81	0	0	
G	13a1784	18.81	0	307	
G	13a534c	18.81	0	0	
G	13bb1fc	18.81	0	0	
G	1481f1c	18.81	0	3	
G	14835c4	18.81	1	2	
G	1483ad4	18.81	0	0	
G	1483ff0	18.81	0	0	
G	1486b20	18.81	1	3	
G	14876c8	18.81	0	0	
G	1488708	18.81	0	0	
G	1489b0c	18.81	0	0	
G	148a418	18.81	0	3	
G	14d4a60	18.81	0	0	
G	14d4bb0	18.81	0	0	
G	14f9f84	18.81	0	0	
G	158ba2c	18.81	0	0	
G	158ccf8	18.81	0	0	
G	16fac78	18.81	1	506	
G	16fb164	18.81	0	502	
G	16fe55c	18.81	0	493	
G	16fe6e0	18.81	0	7	
G	170a39c	18.81	0	0	
G	170a79c	18.81	1	466	
G	17c459c	18.81	0	0	
G	1ce67c8	18.81	0	0	
G	1ce69a4	18.81	0	47	
G	21ffae8	18.81	0	0	
G	220ca90	18.81	0	1	
G	220d61c	18.81	1	1	
G	2210f74	18.81	0	0	
G	2269dd8	18.82	0	0	
G	22e03c4	18.82	2	2	
G	133746c	18.83	0	0	
G	13501a8	18.83	0	0	
G	177e3b4	18.83	0	0	
G	177e564	18.83	0	0	
G	177e570	18.83	0	0	
G	1ce6c38	18.91	1	2	
G	1ce6ef0	18.91	0	0	
G	1ec4610	18.91	0	0	
G	1ecc4b8	18.91	0	0	
G	1ec0d80	18.96	4	4	
G	1ce6ae4	19.06	0	1	
G	1ce6f2c	19.07	0	0	
G	1599dac	19.08	11	11	
G	16ed01c	19.08	0	0	
G	170a50c	19.08	8	19	
G	1ce6f34	19.08	0	0	
G	1eb88b0	19.08	4	6	
G	1ec0574	19.08	11	15	
G	1e79484	19.09	0	1	
G	17cfe60	19.10	0	1	
G	17ff848	19.10	0	2	
G	17ffa8c	19.10	0	0	
G	1801570	19.10	0	0	
G	1801744	19.10	1	2	
G	17de560	19.12	0	0	
G	114bc5c	19.15	0	0	
G	20ad250	19.15	0	0	
G	2176114	19.15	0	0	
G	1db566c	19.17	0	0	
G	1ce6a84	19.32	1	1	
G	17b4740	19.33	0	0	
G	1ec04cc	19.38	0	1	
G	1ed9094	19.38	0	0	
G	17c3988	19.43	0	0	
G	1ce68d0	19.43	0	0	
G	17c38f0	19.44	0	0	
G	17c5a64	19.44	0	0	
G	17c5ac8	19.44	0	0	
G	17c5ad0	19.45	0	225	
G	1cdfbb8	19.47	1	1	
G	1d82de8	19.47	0	43	
G	1e1d024	19.47	0	0	
G	22954e8	19.47	0	0	
G	2297be4	19.47	3	5	
G	2299154	19.47	39	39	
G	22e1700	19.47	1	2	
G	2275200	19.48	1	1	
G	118edc0	19.50	0	0	
G	118ee48	19.50	0	0	
G	130e2c8	19.50	0	1	
G	130e350	19.50	1	1	
G	130f9c0	19.50	0	1	
G	136cb08	19.50	0	2	
G	14fa408	19.50	1	11	
G	1592f20	19.50	2	3	
G	16221b4	19.50	0	0	
G	16221b8	19.50	0	0	
G	16224c0	19.50	1	35	
G	1622644	19.50	0	26	
G	1662eac	19.50	0	0	
G	1662eb0	19.50	0	0	
G	16631b8	19.50	0	9	
G	166333c	19.50	0	5	
G	1663584	19.50	0	0	
G	1663754	19.50	2	5	
G	1663b08	19.50	0	0	
G	16ed054	19.50	0	0	
G	16f57a0	19.50	0	0	
G	16f949c	19.50	6	7	
G	171645c	19.50	0	34	
G	1716534	19.50	0	1	
G	1760f30	19.50	17	69	
G	176127c	19.50	14	17	
G	1aa9e1c	19.50	1	27	
G	1aaa860	19.50	0	33	
G	1aaac4c	19.50	1	22	
G	1aab960	19.50	0	4	
G	1aabc68	19.50	1	4	
G	1aadea4	19.50	1	3	
G	1aae558	19.50	0	9	
G	1aaee2c	19.50	1	1	
G	1aaeefc	19.50	1	1	
G	1aaf4c8	19.50	0	0	
G	1aaf724	19.50	1	17	
G	1ab00fc	19.50	0	0	
G	1db1cb8	19.50	0	0	
G	1db1da8	19.50	0	0	
G	1dc8ba0	19.50	0	6	
G	1de8488	19.50	0	2	
G	1de9a2c	19.50	0	0	
G	1de9ba8	19.50	1	1	
G	1e17348	19.50	0	0	
G	1e3567c	19.50	0	0	
G	1306108	19.51	0	0	
G	1315874	19.51	0	0	
G	13b4b80	19.51	0	0	
G	162f660	19.51	0	0	
G	162f664	19.51	0	0	
G	162f96c	19.51	0	4	
G	162faf0	19.51	0	2	
G	16f5800	19.51	0	0	
G	1aac13c	19.51	0	0	
G	1aafa94	19.51	0	0	
G	1aafca8	19.51	0	0	
G	1ab0b40	19.51	0	0	
G	1ab0b98	19.51	0	0	
G	1ab0cd4	19.51	0	0	
G	1d83014	19.51	3	182	
G	1dc5bdc	19.51	1	6	
G	1e00df0	19.51	0	4	
G	1e527ec	19.51	1	1	
G	2303548	19.51	0	0	
G	1e35734	19.52	0	0	
G	1958af8	19.54	1	1	
G	1958c30	19.54	1	145	
G	195bde8	19.54	0	0	
G	1959578	19.56	0	0	
G	195ace0	19.56	0	0	
G	195bf8c	19.56	1	2	
G	195c8b0	19.56	0	0	
G	1d856ac	19.56	0	0	
G	1d856c8	19.56	0	0	
G	1d8583c	19.57	0	0	
G	1d85858	19.57	0	0	
G	17029bc	19.60	0	0	
G	1702f08	19.60	0	0	
G	1702f78	19.60	0	0	
G	1d85c24	19.60	0	0	
G	1d85c40	19.60	0	0	
G	1d85d94	19.60	0	0	
G	1d85db0	19.60	0	0	
G	1dff424	19.60	0	0	
G	1dff590	19.60	0	0	
G	1dff61c	19.60	0	0	
G	1d85ff0	19.61	0	0	
G	1d8600c	19.61	0	0	
G	1e1d198	19.61	0	141	
G	1e1e38c	19.63	0	0	
G	1e1e3a8	19.63	0	0	
G	1e1e51c	19.65	0	0	
G	1e1e538	19.65	0	0	
G	1806aa4	19.66	0	0	
G	16fdbec	19.69	0	0	
G	16fdbf8	19.69	0	0	
G	1d86180	19.69	0	0	
G	1d8619c	19.69	0	0	
G	1ce0778	19.70	0	2	
G	1d85138	19.70	2	27	
G	1e1e12c	19.70	1	5	
G	1e35738	19.70	0	4	
G	1e3a40c	19.70	0	4	
G	1ed3570	19.76	2	2	
G	1ed377c	19.76	0	0	
G	195b93c	19.80	0	0	
G	1cdfdbc	19.80	0	1	
G	1cdfec8	19.80	1	1	
G	1ce0670	19.80	0	0	
G	1e1e054	19.80	0	1	
G	1e1e824	19.80	0	0	
G	1e1e840	19.80	0	0	
G	1d83d88	19.86	3	92	
G	1d86364	19.86	0	0	
G	1d86380	19.86	0	0	
G	1d86830	19.90	0	0	
G	1d8684c	19.90	0	0	
G	1d869e8	19.90	0	0	
G	1d86a04	19.90	0	0	
G	1d86a80	19.90	0	0	
G	1d86a9c	19.90	0	0	
G	1d86b38	19.90	0	0	
G	1d86b54	19.90	0	0	
G	1dd56a4	19.90	0	0	
G	1df2a7c	19.90	0	2	
G	17d4014	19.92	0	0	
G	18b4a30	19.92	1	1	
G	1d86cf0	19.92	0	0	
G	1d86d0c	19.92	0	0	
G	1d87ab4	19.92	0	0	
G	1d87ad0	19.92	0	0	
G	1d87bd4	19.92	0	0	
G	1d87bf0	19.92	0	0	
G	1dcf068	19.92	0	0	
G	1dd5cc0	19.92	0	204	
G	1df2600	19.92	1	1	
G	1df533c	19.92	0	362	
G	1e11eec	19.92	0	0	
G	1e11ef4	19.92	0	0	
G	26a87f0	19.92	0	0	
G	26a8dc8	19.92	0	0	
G	26a923c	19.92	0	0	
G	12328f4	19.94	4	48	
G	1d87d4c	19.94	0	0	
G	1d87d68	19.94	0	0	
G	1dd4dec	19.95	0	159	
G	127cf7c	19.96	1	1	
G	127d004	19.96	0	0	
G	138b4fc	19.96	0	1	
G	138b584	19.96	0	0	
G	165fbc0	19.96	0	0	
G	165fbc4	19.96	0	0	
G	165fecc	19.96	0	6	
G	1660050	19.96	0	3	
G	1660410	19.96	0	0	
G	1660640	19.96	0	0	
G	16f598c	19.96	0	0	
G	16f937c	19.96	0	1	
G	16f97d8	19.96	1	1	
G	17fdfcc	19.96	0	4	
G	17fef2c	19.96	0	1	
G	17ff158	19.96	0	31	
G	17ff1ec	19.96	1	3	
G	1800040	19.96	0	0	
G	1aa9b50	19.96	1	11	
G	1aad7a8	19.96	0	1	
G	1aaf974	19.96	0	0	
G	1bbf09c	19.96	0	0	
G	1d85604	19.96	0	0	
G	1dc84a8	19.96	1	41	
G	1dc8c4c	19.96	0	44	
G	1dff628	19.96	0	11	
G	1dff748	19.96	1	5	
G	1e000bc	19.96	0	0	
G	1e0018c	19.96	1	1	
G	1e005cc	19.96	0	0	
G	1e09e10	19.96	0	0	
G	1e0a024	19.96	0	0	
G	1e13bc8	19.96	0	1	
G	1e13c40	19.96	0	0	
G	1e1748c	19.96	0	0	
G	1e62ab4	19.96	0	0	
G	1e7e900	19.96	0	0	
G	1e97bc8	19.96	0	0	
G	1f59a4c	19.96	0	0	
G	1f6e82c	19.96	0	0	
G	1663c94	19.97	0	0	
G	1663d64	19.97	0	0	
G	17fcbd8	19.97	0	0	
G	17fd1ac	19.97	4	400	
G	17fdc84	19.97	0	0	
G	17fdca4	19.97	2	5	
G	18003a4	19.97	12	205	
G	1800ab0	19.97	2	181	
G	1800c08	19.97	0	0	
G	1800ddc	19.97	0	2	
G	1800f84	19.97	0	0	
G	1801054	19.97	0	0	
G	1801310	19.97	0	0	
G	1aab168	19.97	1	8	
G	1aab7d0	19.97	0	0	
G	1aae210	19.97	0	2	
G	1aae458	19.97	0	0	
G	1aaebac	19.97	0	0	
G	1aafe18	19.97	0	0	
G	1aaff3c	19.97	0	0	
G	1d882c4	19.97	0	0	
G	1d882e0	19.97	0	0	
G	1e83430	19.97	0	0	
G	1e845b4	19.97	0	0	
G	1e98450	19.97	5	10	
G	1e995f0	19.97	1	30	
G	1e99e44	19.97	0	2	
G	1e9a0d4	19.97	3	28	
G	1ec40b0	19.97	6	37	
G	1eca578	19.97	23	64	
G	1efc204	19.97	2	3	
G	1f6bf8c	19.97	3	3	
G	1f6e850	19.97	0	23	
G	1f6e9e8	19.97	7	7	
G	1f72ad0	19.97	0	0	
G	1f73558	19.97	0	8	
G	1f75280	19.97	0	8	
G	1f752b0	19.97	0	8	
G	1f75388	19.97	0	0	
G	1f75730	19.97	1	1	
G	1f77290	19.97	6	6	
G	1f7814c	19.97	1	1	
G	1184924	19.98	2	25	
G	14a8e18	19.98	0	0	
G	1ec3bcc	19.98	2	12	
G	1ec3f94	19.98	4	13	
G	1f21370	19.98	0	0	
G	1f6f78c	19.98	2	2	
G	1f70804	19.98	0	0	
G	1f732dc	19.98	4	4	
G	1f73ce0	19.98	5	189	
G	1f74cbc	19.98	0	0	
G	1f74dc4	19.98	0	0	
G	1f774bc	19.98	6	6	
G	1f776a8	19.98	3	4	
G	1f77a9c	19.98	0	1	
G	1f77c38	19.98	3	3	
G	1f79b4c	19.98	0	0	
G	1f79b6c	19.98	0	0	
G	1f79b88	19.98	0	0	
G	1f79fe8	19.98	0	0	
G	22350d0	19.98	1	1	
G	223b56c	19.98	1	1	
G	223b654	19.98	0	2	
G	223b6fc	19.98	2	2	
G	223b8c0	19.98	0	0	
G	223b954	19.98	1	2	
G	223baa8	19.98	1	1	
G	223bc8c	19.98	0	0	
G	223bcb4	19.98	0	1	
G	223bf54	19.98	0	0	
G	223c0a4	19.98	7	146	
G	223cf90	19.98	11	11	
G	223f9c8	19.98	0	0	
G	2240cf8	19.98	0	0	
G	2240db8	19.98	0	0	
G	2240e04	19.98	0	0	
G	224206c	19.98	1	1	
G	22428d8	19.98	1	1	
G	2242ab0	19.98	0	0	
G	2243740	19.98	0	0	
G	22439fc	19.98	0	1	
G	22447e4	19.98	0	0	
G	224495c	19.98	1	160	
G	2244aac	19.98	0	1	
G	2244c10	19.98	1	159	
G	224502c	19.98	1	152	
G	224575c	19.98	0	1	
G	2245804	19.98	0	0	
G	224681c	19.98	1	1	
G	2246970	19.98	1	2	
G	22476fc	19.98	1	5	
G	2247b64	19.98	0	0	
G	2247bbc	19.98	0	0	
G	1f71624	19.99	5	8	
G	1f74dd4	19.99	19	19	
G	1f7b83c	19.99	10	10	
G	1f7b9b0	19.99	1	1	
G	1f7bc68	19.99	0	0	
G	22356a8	19.99	1	1	
G	2235718	19.99	4	4	
G	2235794	19.99	12	33	
G	2235c54	19.99	14	54	
G	223ca8c	19.99	7	438	
G	223d084	19.99	1	1	
G	223da68	19.99	65	410	
G	223f8d8	19.99	0	0	
G	223f900	19.99	1	3	
G	223fa08	19.99	0	1	
G	223fbb0	19.99	2	44	
G	223fc60	19.99	0	42	
G	2243bf4	19.99	0	0	
G	22440a8	19.99	0	0	
G	224789c	19.99	0	0	
G	22478d8	19.99	1	20	
G	2606494	19.99	0	0	
G	26069d8	19.99	0	0	
G	2606cdc	19.99	0	22	
G	260e7ac	19.99	6	6	
G	260eb08	19.99	0	0	
G	2614668	19.99	1	2	
G	2616fdc	19.99	19	19	
G	261a584	19.99	0	0	
G	261a928	19.99	1	1	
G	261ac70	19.99	0	0	
G	261ad68	19.99	0	0	
G	261ae68	19.99	0	0	
G	261b38c	19.99	0	0	
G	261b928	19.99	0	0	
G	261b9c0	19.99	2	6	
G	261ba94	19.99	0	0	
G	261bad4	19.99	9	9	
G	261bce0	19.99	1	10	
G	261bd4c	19.99	5	5	
G	261c278	19.99	2	2	
G	261c294	19.99	7	7	
G	261c4bc	19.99	0	0	
G	261c4d4	19.99	0	0	
G	2603db8	20.01	2	15	
G	2604e40	20.01	0	15	
G	26080e4	20.01	5	5	
G	260cb5c	20.01	1	1	
G	260e880	20.01	4	5	
G	260f4cc	20.01	5	16	
G	260fc2c	20.01	0	0	
G	2617c6c	20.01	0	0	
G	2618b40	20.01	0	0	
G	1f71a38	20.02	4	9	
G	223f97c	20.02	0	0	
G	223fedc	20.02	9	301	
G	2240594	20.02	13	273	
G	2603ac8	20.02	1	1	
G	2603b70	20.02	5	6	
G	2603bf4	20.02	1	2	
G	260cd98	20.02	0	2	
G	260d094	20.02	7	18	
G	260df08	20.02	2	20	
G	260ecc0	20.02	1	1	
G	260f19c	20.02	0	0	
G	26136b4	20.02	19	27	
G	2614a7c	20.02	25	61	
G	2614ac8	20.02	109	180	
G	2614dc4	20.02	4	11	
G	2617390	20.02	0	0	
G	2617740	20.02	26	79	
G	2617a2c	20.02	72	72	
G	2619a74	20.02	87	1191	
G	261a5b0	20.02	60	60	
G	261a7f0	20.02	11	11	
G	261c504	20.02	0	0	
G	1f717f0	20.03	1	5	
G	223f954	20.03	0	0	
G	2240730	20.03	110	116	
G	2604ed4	20.03	108	108	
G	26054c8	20.03	1	1	
G	2608398	20.03	186	635	
G	260871c	20.03	371	371	
G	2608f08	20.03	78	78	
G	2613ab4	20.03	0	0	
G	261c4ec	20.03	0	0	
G	1f6a7cc	20.04	7	122	
G	1f6a81c	20.04	108	115	
G	1f6ac1c	20.04	123	173	
G	1f6af60	20.04	14	31	
G	1f6b104	20.04	32	54	
G	1f6b318	20.04	0	0	
G	1f72ef0	20.04	1	5	
G	1f73040	20.04	20	617	
G	1f73160	20.04	98	98	
G	1f7363c	20.04	0	0	
G	1f73800	20.04	7	448	
G	1f73cc8	20.04	0	0	
G	1f758ac	20.04	22	22	
G	1f75abc	20.04	24	24	
G	1f77b78	20.04	1	1	
G	223ce8c	20.04	0	0	
G	223d0ec	20.04	9	9	
G	2244214	20.04	19	19	
G	2244388	20.04	0	0	
G	224446c	20.04	101	101	
G	22445f4	20.04	4	154	
G	2244f10	20.04	0	0	
G	2245174	20.04	9	163	
G	2245388	20.04	7	147	
G	224595c	20.04	7	7	
G	2246378	20.04	1	11	
G	2247c5c	20.04	1	10	
G	2605570	20.04	4	4	
G	223d128	20.05	222	709	
G	1e64340	20.08	0	6	
G	1f21368	20.08	0	0	
G	1f7bd54	20.08	1	2	
G	1f7bf00	20.08	0	2	
G	1f7cda4	20.08	5	10	
G	1f7cf80	20.08	8	8	
G	2222e68	20.08	0	0	
G	2222eec	20.08	0	0	
G	2223540	20.08	0	0	
G	2226324	20.08	1	1	
G	2226ae8	20.08	0	0	
G	22274cc	20.08	0	0	
G	2234f48	20.08	0	0	
G	223bd4c	20.08	0	4	
G	1f74fe8	20.10	0	156441	
G	1f7c8f4	20.10	1	1	
G	1f7d7ac	20.10	6	7	
G	1f7d900	20.10	1	37	
G	1f7da50	20.10	5	5	
G	2235338	20.10	1	29	
G	22355e8	20.10	1	2	
G	1f7c2fc	20.11	2	7	
G	1f7c618	20.11	0	10	
G	222378c	20.11	5	5	
G	260e4c8	20.12	38	298	
G	261519c	20.12	108	245	
G	261ad14	20.12	0	0	
G	20c1f88	20.19	0	0	
G	20cb9a8	20.19	1	1	
G	20cba34	20.19	0	0	
G	20cba44	20.19	0	0	
G	20cba70	20.19	0	0	
G	223c838	20.20	0	0	
G	223d4c8	20.20	40	40	
G	1d84a0c	20.92	1	1	
G	1d855dc	20.92	0	0	
G	1d882e8	20.92	0	0	
G	1eca8ac	20.92	18	70	
G	1ecb130	20.92	0	0	
G	1f7c708	21.34	2	8	
G	2235978	21.34	12	28	
G	224784c	21.34	2	2	
G	1f7b908	21.73	7	8	
G	1f4d5d0	21.85	0	0	
G	1d87de4	22.43	0	0	
G	1d87e00	22.43	1	1	
G	11d46c4	22.73	2	2	
G	1eda47c	22.73	0	1	
G	1eda56c	23.58	2	2	
G	1f08e8c	24.77	1	1	
G	1e9fcc0	24.80	0	0	
G	1e9fccc	24.80	0	0	
G	1ea357c	24.80	0	1	
G	1ea6974	24.80	0	838	
G	1ea6b20	24.80	1	2	
G	1ea6ca4	24.80	1	836	
G	1ea71b4	24.80	0	0	
G	1ea7550	24.80	0	0	
G	1ea7cac	24.80	0	0	
G	1ea8abc	24.80	0	0	
G	1ea8ac0	24.80	2	801	
G	1ea8edc	24.80	1	1	
G	1ea8ffc	24.80	2	27	
G	1ea94d0	24.80	2	4	
G	1eaa0cc	24.80	0	0	
G	1eaafd4	24.80	0	0	
G	1eab00c	24.80	0	0	
G	1eb6ad0	24.80	1	22	
G	1eb7888	24.80	0	3	
G	1eb7bcc	24.80	3	3	
G	1eb9364	24.80	0	0	
G	1eb936c	24.80	0	21	
G	1eb97c4	24.80	0	2	
G	1ece300	24.80	0	0	
G	1ece5e0	24.80	0	0	
G	1ece670	24.80	0	0	
G	1ed1924	24.80	0	0	
G	1ed1934	24.80	0	0	
G	1ed1938	24.80	0	0	
G	1ed194c	24.80	0	0	
G	1ed195c	24.80	0	0	
G	1f06fc4	24.80	0	0	
G	1f073a8	24.80	0	0	
G	1f8d504	24.80	0	0	
G	1eb9b18	24.81	0	1	
G	13615cc	24.86	2	2	
G	1d84d08	24.86	0	2	
G	1d84ea8	24.86	0	2	
G	1d86388	24.86	0	2	
G	1d87e9c	24.86	0	0	
G	1d87eb8	24.86	0	0	
G	1eba49c	24.86	6	795	
G	1ece310	24.86	0	0	
G	1ece318	24.86	0	0	
G	1ece390	24.86	0	0	
G	1f078a0	24.86	0	0	
G	1f079e4	24.86	0	0	
G	114b838	24.87	0	0	
G	1700c10	24.87	0	0	
G	17fcfc4	24.87	0	29	
G	17fdc8c	24.87	0	0	
G	17fe93c	24.87	2	2	
G	1aac20c	24.87	0	0	
G	1aac310	24.87	0	0	
G	1ab0e38	24.87	0	0	
G	1dc81b8	24.87	0	30	
G	1e14074	24.87	0	0	
G	1e17420	24.87	0	0	
G	1e982d4	24.87	0	2	
G	1e9a1c8	24.87	0	3	
G	1ea33d8	24.87	0	20	
G	1ece2dc	24.87	0	0	
G	1f6eb5c	24.87	0	0	
G	1f6bd90	24.88	1	4	
G	1f6bdb4	24.88	6	6	
G	1f72240	24.88	0	1	
G	1f7801c	24.88	1	1	
G	223c8e4	24.88	5	100	
G	223d814	24.88	6	81	
G	223dbdc	24.88	0	0	
G	223f0f8	24.88	1	1	
G	223f318	24.88	58	58	
G	2245280	24.88	0	0	
G	22452ec	24.88	3	3	
G	2247750	24.88	0	0	
G	2247794	24.88	0	14	
G	1f6bc88	25.19	1	1	
G	1f70fe4	25.19	0	0	
G	1f751b4	25.19	0	0	
G	1f75268	25.19	0	0	
G	1f778b0	25.19	4	13	
G	22351a4	25.19	0	0	
G	223c014	25.19	1	9	
G	223cc2c	25.19	7	25	
G	223cecc	25.19	1	1	
G	2240a6c	25.19	1	7	
G	2245ba0	25.19	7	7	
G	22463fc	25.19	0	6	
G	2247b94	25.19	0	0	
G	2247c48	25.19	0	0	
G	2247cdc	25.19	0	7	
G	2603c6c	25.19	0	0	
G	260420c	25.19	0	2	
G	2606938	25.19	0	0	
G	2606a14	25.19	0	3	
G	2608358	25.19	0	0	
G	260c924	25.19	0	0	
G	260c964	25.19	1	2	
G	260f1f8	25.19	0	3	
G	2610300	25.19	0	0	
G	2613d5c	25.19	0	0	
G	26176c0	25.19	0	0	
G	2617700	25.19	0	0	
G	2618d84	25.19	0	0	
G	261af38	25.19	0	0	
G	261b93c	25.19	0	0	
G	1f69d24	25.20	0	0	
G	1f6a5b8	25.20	0	1	
G	1f6a5e0	25.20	1	1	
G	1f6c160	25.20	3	3	
G	1f6fb64	25.20	6	6	
G	1f6fce8	25.20	0	0	
G	1f7251c	25.20	1	3	
G	1f7256c	25.20	1	2	
G	1f7271c	25.20	2	23	
G	1f72cf0	25.20	0	0	
G	1f72d28	25.20	5	5	
G	1f75460	25.20	0	24	
G	1f7580c	25.20	0	0	
G	1f77e38	25.20	3	3	
G	223b558	25.20	0	0	
G	223ba3c	25.20	1	4	
G	22421e0	25.20	2	5	
G	22429f4	25.20	1	1	
G	2242a40	25.20	1	1	
G	2242a74	25.20	0	0	
G	2243b64	25.20	1	1	
G	224486c	25.20	0	20	
G	2244a94	25.20	0	20	
G	2244b38	25.20	0	7	
G	22467a4	25.20	0	0	
G	22468d8	25.20	0	3	
G	1f780d0	25.68	0	0	
G	223dba0	25.68	0	2	
G	224776c	25.68	0	2	
G	1d87ec0	25.86	0	0	
G	1f74d44	25.86	0	7	
G	1f750cc	25.86	0	0	
G	1f7bd20	25.86	0	6	
G	1f7bfa8	25.86	5	6	
G	1f7cd40	25.86	0	0	
G	1f83f18	25.86	0	0	
G	1f83f4c	25.86	0	0	
G	1f83f60	25.86	0	0	
G	2222fc8	25.86	0	0	
G	223befc	25.86	0	6	
G	1877530	25.87	0	0	
G	1aac980	25.87	2	2	
G	1aacde8	25.87	0	2	
G	1d8553c	25.87	0	1	
G	1e173b4	25.87	0	0	
G	1e1e2e4	25.87	0	0	
G	1f72c58	25.88	0	0	
G	1f781fc	25.88	0	0	
G	17c5d2c	25.89	0	0	
G	1877808	25.89	1	3	
G	1e9423c	25.92	0	1	
G	1e94360	25.92	0	0	
G	1eb5040	25.94	0	11	
G	1eca2b4	25.94	0	0	
G	1eda3dc	25.94	1	1	
G	1eda4ec	25.94	0	0	
G	1efbe40	25.94	0	13	
G	1877578	25.96	0	0	
G	1d85634	25.96	0	0	
G	1e1e300	26.01	0	0	
G	17be8d8	26.04	0	0	
G	17be93c	26.04	0	0	
G	17c5aa0	26.04	0	0	
G	17c5acc	26.04	0	0	
G	1876f5c	26.04	0	0	
G	1876f94	26.04	0	0	
G	19587c8	26.04	0	1	
G	1958814	26.04	1	1	
G	195abb4	26.04	0	1	
G	195ac4c	26.04	0	0	
G	195b2d4	26.04	0	1	
G	1cdfd14	26.04	0	0	
G	1d82f00	26.04	0	1	
G	1d82fc4	26.04	0	1	
G	1e1d0c0	26.04	0	1	
G	1e356a0	26.04	0	0	
G	13beb60	26.06	1	10	
G	13eeba8	26.06	0	0	
G	14102a4	26.06	0	0	
G	1431f30	26.06	1	1	
G	146a578	26.06	0	2	
G	14b87e8	26.06	1	4	
G	14b964c	26.06	0	3	
G	14d4d00	26.06	0	0	
G	14d4d1c	26.06	0	0	
G	14d58f8	26.06	0	0	
G	14d5914	26.06	0	0	
G	14d5e84	26.06	1	1	
G	17be944	26.06	0	42	
G	17bfed8	26.06	1	1	
G	17bfeec	26.06	0	0	
G	17bfef4	26.06	0	4	
G	17bff78	26.06	0	0	
G	17bff94	26.06	0	0	
G	220f258	26.06	0	0	
G	13bed08	26.07	2	6	
G	13bef04	26.07	3	6	
G	1401b00	26.07	4	7	
G	1401eb4	26.07	0	3	
G	2204830	26.07	1	3	
G	22093d0	26.07	2	3	
G	2209e88	26.07	0	0	
G	220b2f4	26.07	0	1	
G	259e6c8	26.07	2	2	
G	25a4f40	26.07	1	29	
G	13eec24	26.08	1	15	
G	13ef0f0	26.08	0	0	
G	13f7f5c	26.08	0	16	
G	13f8038	26.08	1	2	
G	1f0aee8	26.08	0	0	
G	2207848	26.08	1	2	
G	2207ad4	26.08	0	2	
G	2208124	26.08	0	1	
G	22081bc	26.08	0	1	
G	22087ac	26.08	1	1	
G	2209a1c	26.08	0	0	
G	2209efc	26.08	1	1	
G	25a7384	26.08	0	5	
G	25aacd0	26.08	2	2	
G	25aaef0	26.08	8	139	
G	25ace60	26.08	8	8	
G	25af47c	26.08	0	0	
G	25af950	26.08	1	1	
G	112930c	26.09	0	0	
G	1143b14	26.09	0	0	
G	1432318	26.09	0	1	
G	146a730	26.09	0	4	
G	14b986c	26.09	0	0	
G	14b9874	26.09	0	1	
G	1f252bc	26.09	0	0	
G	1f252d0	26.09	0	2	
G	1f2586c	26.09	0	2	
G	1f25fe8	26.09	0	0	
G	1f26648	26.09	0	0	
G	1f26814	26.09	1	1	
G	1f26ad0	26.09	0	0	
G	1f26ad8	26.09	0	0	
G	1f26b28	26.09	0	0	
G	1f26bc8	26.09	1	1	
G	1f26ca0	26.09	0	0	
G	1f26dc0	26.09	1	1	
G	1f4fc1c	26.09	0	0	
G	1f4fc28	26.09	0	0	
G	1f4fc68	26.09	0	0	
G	1f4fc90	26.09	0	0	
G	25ac840	26.09	0	0	
G	25af484	26.09	0	0	
G	13be9c4	26.10	0	20	
G	13f80f4	26.10	1	1	
G	1410334	26.10	0	0	
G	14b850c	26.10	2	20	
G	14d4d24	26.10	0	20	
G	1f252cc	26.10	0	0	
G	1f25ffc	26.10	0	0	
G	1f26000	26.10	1	1	
G	2209598	26.10	1	1	
G	22096a4	26.10	0	0	
G	220aef8	26.10	0	0	
G	220b6a0	26.10	0	0	
G	220b8b8	26.10	0	0	
G	25a4e98	26.10	0	0	
G	11292fc	26.11	0	0	
G	113dd7c	26.11	2	4	
G	113de28	26.11	0	0	
G	113e188	26.11	0	2	
G	14326e0	26.11	1	10	
G	1432968	26.11	1	22	
G	146a8f4	26.11	0	11	
G	1e34844	26.11	0	0	
G	1e34848	26.11	0	0	
G	1e37038	26.11	0	1	
G	1e370d8	26.11	0	0	
G	112933c	26.12	0	0	
G	1129390	26.12	0	0	
G	1129398	26.12	0	0	
G	11293a0	26.12	0	0	
G	11294f0	26.12	1	3	
G	1129714	26.12	1	12	
G	112a220	26.12	0	2	
G	112a288	26.12	0	0	
G	112a300	26.12	1	2	
G	113d288	26.12	0	0	
G	113d290	26.12	0	0	
G	113d2a4	26.12	0	0	
G	113d2ac	26.12	0	1	
G	113d4c0	26.12	0	0	
G	113d50c	26.12	1	1	
G	113d5a4	26.12	0	0	
G	113d748	26.12	1	1	
G	113d884	26.12	0	0	
G	113d8f0	26.12	0	0	
G	113d90c	26.12	0	0	
G	113d9a8	26.12	0	0	
G	113e3b4	26.12	0	2	
G	113e470	26.12	0	0	
G	113e4a8	26.12	1	11	
G	113e6a8	26.12	0	0	
G	113e744	26.12	1	1	
G	113e7f0	26.12	0	0	
G	113e818	26.12	0	7	
G	113ec2c	26.12	1	1	
G	113ecb0	26.12	0	0	
G	113f824	26.12	0	0	
G	113fe2c	26.12	0	0	
G	113fe58	26.12	0	0	
G	113ffe0	26.12	0	0	
G	113ffe8	26.12	0	0	
G	11408ac	26.12	0	0	
G	1140dbc	26.12	1	11	
G	1140e90	26.12	0	0	
G	14d500c	26.12	0	0	
G	14d5020	26.12	0	0	
G	1129374	26.33	0	0	
G	1129d48	26.33	0	0	
G	1129dd4	26.33	0	0	
G	1129e2c	26.33	0	0	
G	1129ea8	26.33	0	0	
G	1129f1c	26.33	0	10	
G	112a57c	26.33	0	56	
G	113e5d0	26.33	1	67	
G	113eb90	26.33	1	2	
G	1410544	26.33	0	27	
G	113f9a0	26.34	3	56	
G	113fbc0	26.34	1	1	
G	113fc9c	26.34	6	52	
G	130e11c	26.36	0	1	
G	130e1a4	26.36	0	0	
G	13be668	26.36	1	78	
G	1489764	26.36	0	0	
G	158c444	26.36	0	0	
G	158c53c	26.36	0	1	
G	158c5c4	26.36	1	1	
G	158ce8c	26.36	0	1	
G	158cf14	26.36	1	1	
G	158d0a4	26.36	0	0	
G	158d12c	26.36	0	0	
G	16e829c	26.36	0	0	
G	16f81b8	26.36	0	0	
G	1410ea8	26.44	0	23	
G	13cc204	26.46	0	78	
G	11819cc	26.54	0	0	
G	1566ffc	26.54	0	0	
G	17bff9c	26.54	0	0	
G	1e5a2f4	26.54	0	15	
G	1e5a304	26.54	0	15	
G	1e5a5f8	26.55	0	20	
G	14f7f24	26.57	0	0	
G	1700c6c	26.57	0	0	
G	17bfd7c	26.57	0	0	
G	17c06ec	26.57	0	0	
G	17c0700	26.57	0	0	
G	17c07b0	26.57	0	0	
G	17c07c4	26.57	0	0	
G	1de61dc	26.57	0	1	
G	1deabe0	26.57	0	1	
G	136eaa8	26.58	0	0	
G	14f87fc	26.58	0	0	
G	16f8558	26.58	0	0	
G	1738bf4	26.58	0	1	
G	17b68cc	26.58	1	1	
G	17b6974	26.58	0	0	
G	17be914	26.58	0	0	
G	17be940	26.58	0	0	
G	17c627c	26.58	0	0	
G	17c8b98	26.58	0	0	
G	17de274	26.58	0	0	
G	1d9bedc	26.58	1	1	
G	1de7568	26.58	0	0	
G	22057c0	26.58	0	0	
G	17b6da4	26.60	6	293	
G	1ce0c80	26.60	0	21	
G	1ce0e74	26.62	2	64	
G	22733c4	26.62	0	0	
G	1ce479c	26.66	0	0	
G	1ce47b8	26.66	0	0	
G	1ce4928	26.68	0	0	
G	1ce4944	26.68	0	0	
G	1ce4aa8	26.68	0	0	
G	1ce4ac4	26.68	0	0	
G	1ce4c20	26.68	0	0	
G	1ce4c3c	26.68	0	0	
G	1ce4d98	26.68	0	0	
G	1ce4db4	26.68	0	0	
G	1ce4f10	26.68	0	0	
G	1ce4f2c	26.68	0	0	
G	1ce5088	26.68	0	0	
G	1ce50a4	26.68	0	0	
G	1ce1874	26.70	0	6	
G	1ce57d0	26.70	0	0	
G	1ce59c4	26.70	1	1	
G	1ce5b40	26.70	4	16	
G	1ce6384	26.70	0	0	
G	1ce63a0	26.70	0	0	
G	1ce1870	26.87	0	0	
G	1ce5b34	26.87	0	0	
G	1ce5dc8	26.87	0	0	
G	1311f44	26.89	0	1	
G	17d1bd0	26.89	0	25	
G	17d1f24	26.89	1	1	
G	17d2000	26.89	2	85	
G	17d3a00	26.89	0	1	
G	17d3ffc	26.89	1	1	
G	17f9ca4	26.89	0	0	
G	17f9f84	26.89	0	0	
G	1f217cc	26.89	0	2	
G	175d628	26.91	0	0	
G	17d3ff0	26.91	0	0	
G	17d3cf8	26.93	0	0	
G	1514b68	26.95	0	0	
G	17de128	26.95	0	0	
G	1514ab0	26.96	0	0	
G	17dde40	26.96	0	0	
G	17ddfe4	26.96	0	0	
G	170295c	26.97	0	0	
G	17d081c	26.97	0	0	
G	17d08e0	26.97	0	0	
G	17b6a38	26.98	0	0	
G	17d129c	26.98	0	0	
G	17d30d0	26.98	0	0	
G	17d4d70	26.98	0	0	
G	17ddc9c	26.98	0	0	
G	21ee688	26.98	0	0	
G	21ee6a4	26.98	0	0	
G	21efad0	26.98	2	16	
G	1187728	27.03	0	0	
G	17d6254	27.03	6	1315	
G	17dc724	27.05	0	0	
G	17dec60	27.05	0	0	
G	17e944c	27.05	0	0	
G	17db7c4	27.07	1	5	
G	17dd340	27.07	0	4	
G	17df0b4	27.07	1	4	
G	17e1da0	27.07	0	0	
G	21ee0c8	27.07	2	3	
G	21ee35c	27.07	0	1	
G	21f072c	27.07	1	9	
G	21f09c8	27.07	1	1	
G	21f1adc	27.07	0	0	
G	17e19b0	27.08	0	4	
G	17e1e14	27.08	1	1	
G	17e1e5c	27.08	0	0	
G	1e348e8	27.08	2	5	
G	1f20260	27.08	1	1	
G	1f216ec	27.08	0	0	
G	1f21788	27.08	0	0	
G	1f7eb9c	27.08	0	0	
G	1f861d8	27.08	3	3	
G	21ee9c8	27.08	0	0	
G	21eeb40	27.08	0	0	
G	21f01d4	27.08	0	5	
G	21f04f4	27.08	0	0	
G	21f1240	27.08	0	1	
G	21f1438	27.08	0	0	
G	21f15c4	27.08	0	1	
G	21f1b7c	27.08	0	1	
G	17e1860	27.09	1	1	
G	1e3484c	27.09	0	0	
G	1e37178	27.09	0	0	
G	21f0308	27.09	0	0	
G	17de56c	27.13	2	2	
G	17e7ea4	27.13	0	0	
G	17e8070	27.13	0	0	
G	17d4934	27.18	1	3	
G	17e1f9c	27.18	163	679	
G	17e424c	27.18	1	33	
G	17e743c	27.18	2	2	
G	17ea0d0	27.18	47	51	
G	17f52c8	27.18	1	126	
G	17f5504	27.18	1	70	
G	17f5604	27.18	7	151	
G	17f57f0	27.18	2	61	
G	17f58e0	27.18	10	113	
G	17f6748	27.18	0	0	
G	17f6818	27.18	2	2	
G	1e8fd58	27.18	0	0	
G	17dcd28	27.40	0	0	
G	17f5acc	27.40	1	1	
G	17dce3c	27.93	1	32	
G	17e2b68	28.28	0	497	
G	17e6ea0	28.28	0	26	
G	17e6f88	28.28	0	26	
G	17e4418	28.32	183	497	
G	17e59a4	28.75	7	68	
G	17dd02c	29.12	3	9	
G	17dd100	29.14	0	2	
G	1e3485c	29.16	0	0	
G	1e80154	29.16	0	0	
G	17e68d0	29.17	0	1024	
G	17e2fd8	29.19	3	1024	
G	17e5b98	29.19	1	946	
G	17e8440	29.19	3	4	
G	17e8644	29.19	1	1	
G	17e88bc	29.19	157	944	
G	1340d3c	29.26	2	2	
G	17e929c	29.26	0	3	
G	17e887c	29.56	0	0	
G	17e8884	29.56	0	0	
G	17ddcac	30.37	0	0	
G	114bca4	30.41	0	0	
G	17e6e5c	30.41	0	0	
G	1e7f790	30.41	0	0	
G	1e7fc5c	30.41	0	0	
G	1e7ffe4	30.41	0	0	
G	17d2d88	30.42	0	1	
G	17d2ffc	30.47	0	0	
G	17dd284	30.47	0	0	
G	1ce6ed4	30.50	0	0	
G	16ecab8	30.69	3	140	
G	16f8f78	30.69	0	110	
G	16f8ffc	30.69	2	110	
G	16f9090	30.69	0	110	
G	16f9790	30.69	0	36	
G	17b8e28	30.69	0	143	
G	1ce6f04	30.69	0	0	
G	15b4720	30.80	0	0	
G	15b4fb0	30.80	0	0	
G	15b5120	30.80	0	0	
G	15b5794	30.80	0	0	
G	15b6140	30.80	0	0	
G	15b61d0	30.80	0	0	
G	15b716c	30.80	0	0	
G	15b7260	30.80	0	0	
G	15b8cb8	30.80	0	0	
G	15b9664	30.80	0	0	
G	15b96fc	30.80	0	0	
G	15ba800	30.80	0	0	
G	15ba87c	30.80	0	0	
G	15ba960	30.80	0	0	
G	15bb188	30.80	0	0	
G	15bbb2c	30.80	0	0	
G	15bbbc4	30.80	0	0	
G	15bcb60	30.80	0	1	
G	15bcc40	30.80	1	1	
G	15bcd54	30.80	0	0	
G	15be7dc	30.80	0	0	
G	15be8d0	30.80	0	0	
G	15c0578	30.80	0	0	
G	15c0658	30.80	0	0	
G	15c076c	30.80	0	0	
G	15c1554	30.80	0	0	
G	15c1634	30.80	0	0	
G	15c1748	30.80	0	0	
G	15c2530	30.80	0	0	
G	15c2610	30.80	0	0	
G	15c2724	30.80	0	0	
G	15c350c	30.80	0	0	
G	15c35ec	30.80	0	0	
G	15c3700	30.80	0	0	
G	15c44e8	30.80	0	0	
G	15c45c8	30.80	0	0	
G	15c46dc	30.80	0	0	
G	15c4d50	30.80	1	1	
G	15c55c4	30.80	0	1	
G	15c56b8	30.80	0	0	
G	15c5d2c	30.80	0	0	
G	15c65a0	30.80	0	0	
G	15c6694	30.80	0	0	
G	15c704c	30.80	0	0	
G	15c78c0	30.80	0	0	
G	15c79b4	30.80	0	0	
G	15c836c	30.80	0	0	
G	15c8be0	30.80	0	0	
G	15c8cd4	30.80	0	0	
G	15c9fd0	30.80	0	0	
G	15ca844	30.80	0	0	
G	15ca938	30.80	0	0	
G	15cafac	30.80	0	0	
G	15cb948	30.80	0	0	
G	15cba3c	30.80	0	0	
G	15ccecc	30.80	0	0	
G	15ccfac	30.80	0	0	
G	15cd0c0	30.80	0	0	
G	15ce3fc	30.80	0	0	
G	15ce4dc	30.80	0	0	
G	15ce5f0	30.80	0	0	
G	15cf71c	30.80	0	0	
G	15cff90	30.80	0	0	
G	15d0084	30.80	0	0	
G	15d1868	30.80	0	0	
G	15d1948	30.80	0	0	
G	15d1a5c	30.80	0	0	
G	15d29f0	30.80	0	0	
G	15d3264	30.80	0	0	
G	15d3358	30.80	0	0	
G	15d4420	30.80	0	0	
G	15d4db0	30.80	0	0	
G	15d4ea4	30.80	0	0	
G	15d5da8	30.80	0	0	
G	15d5e88	30.80	0	0	
G	15d5f9c	30.80	0	0	
G	15d7324	30.80	0	1	
G	15d7418	30.80	0	0	
G	15d7a8c	30.80	0	0	
G	15d8300	30.80	0	0	
G	15d83f4	30.80	0	0	
G	15d9c9c	30.80	0	0	
G	15d9d7c	30.80	0	0	
G	15d9e90	30.80	0	0	
G	15db258	30.80	0	0	
G	15dbacc	30.80	0	0	
G	15dbbc0	30.80	0	0	
G	15dc234	30.80	0	0	
G	15dcaa8	30.80	0	0	
G	15dcb9c	30.80	0	0	
G	15de310	30.80	0	0	
G	15deb84	30.80	0	0	
G	15dec78	30.80	0	0	
G	15e02b8	30.80	0	0	
G	15e0b2c	30.80	0	0	
G	15e0c20	30.80	0	0	
G	15e5770	30.80	0	1	
G	15e5850	30.80	1	1	
G	15e5964	30.80	0	0	
G	15e7bb4	30.80	0	0	
G	15e8428	30.80	0	0	
G	15e851c	30.80	0	0	
G	15ea0b0	30.80	0	0	
G	15ea190	30.80	0	0	
G	15ea2a4	30.80	0	0	
G	15ebe34	30.80	0	0	
G	15ec6a8	30.80	0	0	
G	15ec79c	30.80	0	0	
G	15ee9c8	30.80	0	0	
G	15eeaa8	30.80	0	0	
G	15eebbc	30.80	0	0	
G	15f036c	30.80	0	0	
G	15f044c	30.80	0	0	
G	15f0560	30.80	0	0	
G	15f18bc	30.80	0	0	
G	15f199c	30.80	0	0	
G	15f1ab0	30.80	0	0	
G	15f2124	30.80	1	1	
G	15f2af4	30.80	0	1	
G	15f2be8	30.80	0	0	
G	15f415c	30.80	0	0	
G	15f41d8	30.80	0	0	
G	15f42b4	30.80	0	0	
G	15f4adc	30.80	0	0	
G	15f5350	30.80	0	0	
G	15f5444	30.80	0	0	
G	15f753c	30.80	0	0	
G	15f761c	30.80	0	0	
G	15f7730	30.80	0	0	
G	15f7da4	30.80	0	0	
G	15f8964	30.80	0	0	
G	15f89f4	30.80	0	0	
G	15f9bf0	30.80	0	0	
G	15f9cd0	30.80	0	0	
G	15f9de4	30.80	0	0	
G	15fa458	30.80	0	0	
G	15faccc	30.80	0	0	
G	15fadc0	30.80	0	0	
G	15fbba8	30.80	0	0	
G	15fbc88	30.80	0	0	
G	15fbd9c	30.80	0	0	
G	15fccb4	30.80	0	0	
G	15fd680	30.80	0	0	
G	15fdde0	30.80	0	0	
G	15fe654	30.80	0	0	
G	15fe748	30.80	0	0	
G	15ff514	30.80	0	0	
G	15ff5f4	30.80	0	0	
G	15ff708	30.80	0	0	
G	16005a8	30.80	0	0	
G	1600f24	30.80	0	0	
G	1601018	30.80	0	0	
G	1601d3c	30.80	0	0	
G	16025b0	30.80	0	0	
G	165b8c0	30.80	0	0	
G	165c0d4	30.80	1	1	
G	16adef0	30.80	0	0	
G	16e87d4	30.80	1	1	
G	16e8928	30.80	0	1	
G	16fbbb8	30.80	0	0	
G	16fded8	30.80	0	0	
G	16fe24c	30.80	0	0	
G	16026a4	30.81	0	0	
G	1603df4	30.81	0	0	
G	1603ed4	30.81	0	0	
G	1603fe8	30.81	0	0	
G	160465c	30.81	0	0	
G	1604ed0	30.81	0	0	
G	1604fc4	30.81	0	0	
G	1605638	30.81	0	0	
G	1605f3c	30.81	0	0	
G	1606030	30.81	0	0	
G	1607368	30.81	0	0	
G	1607448	30.81	0	0	
G	160755c	30.81	0	0	
G	1607bd0	30.81	0	0	
G	1608444	30.81	0	0	
G	1608538	30.81	0	0	
G	1609620	30.81	0	0	
G	1609e94	30.81	0	0	
G	1609f88	30.81	0	0	
G	160b048	30.81	1	1	
G	160b8bc	30.81	0	1	
G	160b9b0	30.81	0	0	
G	160d424	30.81	0	0	
G	160d504	30.81	0	0	
G	160d618	30.81	0	0	
G	160de0c	30.81	0	0	
G	160e680	30.81	0	0	
G	160e774	30.81	0	0	
G	160ee50	30.81	0	0	
G	160f6c4	30.81	0	0	
G	160f7b8	30.81	0	0	
G	1610e54	30.81	0	0	
G	1610f34	30.81	0	0	
G	1611048	30.81	0	0	
G	161344c	30.81	0	0	
G	1613dc8	30.81	0	0	
G	1613ebc	30.81	0	0	
G	1614be4	30.81	0	0	
G	1615458	30.81	0	0	
G	161554c	30.81	0	0	
G	1616ee4	30.81	0	1	
G	1616fc4	30.81	1	1	
G	16170d8	30.81	0	0	
G	16183ec	30.81	0	0	
G	16184cc	30.81	0	0	
G	16185e0	30.81	0	0	
G	1619dfc	30.81	0	0	
G	1619edc	30.81	0	0	
G	1619ff0	30.81	0	0	
G	161b2f8	30.81	0	0	
G	161bb6c	30.81	0	0	
G	161bc60	30.81	0	0	
G	161c348	30.81	0	0	
G	161c374	30.81	0	0	
G	161ca5c	30.81	0	0	
G	161ca88	30.81	0	0	
G	161e0fc	30.81	0	0	
G	161e970	30.81	0	0	
G	161ea64	30.81	0	0	
G	1620554	30.81	0	0	
G	1620634	30.81	0	0	
G	1620748	30.81	0	0	
G	1621fbc	30.81	0	1	
G	162209c	30.81	1	1	
G	16221b0	30.81	0	0	
G	1622e94	30.81	0	0	
G	1623708	30.81	0	0	
G	16237fc	30.81	0	0	
G	1624d80	30.81	0	0	
G	16255f4	30.81	0	0	
G	16256e8	30.81	0	0	
G	1626e04	30.81	0	0	
G	1626ee4	30.81	0	0	
G	1626ff8	30.81	0	0	
G	1627fa0	30.81	0	0	
G	16287f8	30.81	0	0	
G	16288ec	30.81	0	0	
G	162972c	30.81	0	0	
G	1629f84	30.81	0	0	
G	162a078	30.81	0	0	
G	162af54	30.81	0	0	
G	162af80	30.81	0	0	
G	162b668	30.81	0	0	
G	162b694	30.81	0	0	
G	162c584	30.81	0	1	
G	162c664	30.81	0	1	
G	162c778	30.81	0	0	
G	162dc04	30.81	0	0	
G	162dce4	30.81	0	0	
G	162ddf8	30.81	0	0	
G	162f468	30.81	0	0	
G	162f548	30.81	0	0	
G	162f65c	30.81	0	0	
G	1630f68	30.81	0	0	
G	1631048	30.81	0	0	
G	163115c	30.81	0	0	
G	1631fc8	30.81	0	0	
G	163283c	30.81	0	0	
G	1632930	30.81	0	0	
G	1633c3c	30.81	0	0	
G	16344b0	30.81	0	0	
G	16345a4	30.81	0	0	
G	16356f0	30.81	0	0	
G	1635f48	30.81	0	0	
G	163603c	30.81	0	0	
G	1637624	30.81	0	1	
G	1637704	30.81	1	1	
G	1637818	30.81	0	0	
G	1638910	30.81	0	0	
G	1639184	30.81	0	0	
G	1639278	30.81	0	0	
G	1639954	30.81	0	0	
G	163a1c8	30.81	0	0	
G	163a2bc	30.81	0	0	
G	163c168	30.81	0	0	
G	163c248	30.81	0	0	
G	163cb18	30.81	0	0	
G	163cbf8	30.81	0	0	
G	163cd0c	30.81	0	0	
G	163d380	30.81	0	0	
G	163dbf4	30.81	0	0	
G	163dce8	30.81	0	0	
G	1640180	30.81	0	0	
G	1640260	30.81	0	0	
G	1640374	30.81	0	0	
G	1641b34	30.81	0	0	
G	1641c14	30.81	0	0	
G	1641d28	30.81	0	0	
G	1642e54	30.81	1	1	
G	1642f34	30.81	0	0	
G	1643048	30.81	0	0	
G	1643a00	30.81	0	0	
G	16443ac	30.81	0	0	
G	1644444	30.81	0	0	
G	1644c6c	30.81	0	0	
G	16454e0	30.81	0	0	
G	16455d4	30.81	0	0	
G	16466c8	30.81	0	0	
G	1646f3c	30.81	0	0	
G	1647030	30.81	0	0	
G	164770c	30.81	0	0	
G	1647f80	30.81	0	0	
G	1648074	30.81	0	0	
G	1648e5c	30.81	0	0	
G	1648f3c	30.81	0	0	
G	1649050	30.81	0	0	
G	1649fc8	30.81	0	0	
G	164a950	30.81	0	0	
G	164aa44	30.81	0	0	
G	164b7e4	30.81	1	1	
G	164c03c	30.81	0	1	
G	164c130	30.81	0	0	
G	164cf9c	30.81	0	0	
G	164d810	30.81	0	0	
G	164d904	30.81	0	0	
G	164e81c	30.81	0	0	
G	164f090	30.81	0	0	
G	164f184	30.81	0	0	
G	1650a08	30.81	0	0	
G	1650ae8	30.81	0	0	
G	1650bfc	30.81	0	0	
G	1651270	30.81	0	0	
G	1651c34	30.81	0	0	
G	1651d28	30.81	0	0	
G	1652b94	30.81	0	0	
G	16533ec	30.81	0	0	
G	16534e0	30.81	0	0	
G	1654cd0	30.81	0	0	
G	1654db0	30.81	0	0	
G	1654ec4	30.81	0	0	
G	1655f88	30.81	0	0	
G	1656904	30.81	0	0	
G	1657584	30.81	0	0	
G	1657664	30.81	0	0	
G	1657778	30.81	0	0	
G	1658eb8	30.81	0	0	
G	1658f98	30.81	0	0	
G	16590ac	30.81	0	0	
G	165aa48	30.81	0	0	
G	165ab28	30.81	0	0	
G	165ac3c	30.81	0	0	
G	165ba34	30.81	0	0	
G	165ba60	30.81	0	0	
G	165c248	30.81	0	0	
G	165c274	30.81	0	0	
G	165d040	30.81	0	0	
G	165d120	30.81	0	0	
G	165d234	30.81	0	0	
G	165e22c	30.81	0	0	
G	165eaa0	30.81	0	0	
G	165eb94	30.81	0	0	
G	165f270	30.81	1	1	
G	165fac8	30.81	0	1	
G	165fbbc	30.81	0	0	
G	16611b4	30.81	0	0	
G	1661294	30.81	0	0	
G	16613a8	30.81	0	0	
G	1662540	30.81	0	0	
G	1662db4	30.81	0	0	
G	1662ea8	30.81	0	0	
G	1663c7c	30.81	0	0	
G	16646e4	30.81	0	0	
G	16647c4	30.81	0	0	
G	16648d8	30.81	0	0	
G	1665f3c	30.81	0	0	
G	16667b0	30.81	0	0	
G	16668a4	30.81	0	0	
G	166846c	30.81	0	0	
G	166854c	30.81	0	0	
G	1668660	30.81	0	0	
G	1aaf6ec	30.81	0	0	
G	1aaf720	30.81	0	0	
G	15ab554	30.82	0	0	
G	1669660	30.82	1	1	
G	1669ed4	30.82	0	1	
G	1669fc8	30.82	0	0	
G	166bc14	30.82	0	0	
G	166bcf4	30.82	0	0	
G	166be08	30.82	0	0	
G	166cdb0	30.82	0	0	
G	166ce90	30.82	0	0	
G	166cfa4	30.82	0	0	
G	166dcd0	30.82	0	0	
G	166e544	30.82	0	0	
G	166e638	30.82	0	0	
G	166f6ac	30.82	0	0	
G	166ff20	30.82	0	0	
G	1670014	30.82	0	0	
G	16709d0	30.82	0	0	
G	1671228	30.82	0	0	
G	167131c	30.82	0	0	
G	1671e54	30.82	0	0	
G	1672818	30.82	0	0	
G	167290c	30.82	0	0	
G	16738a4	30.82	0	1	
G	1673984	30.82	1	1	
G	1673a98	30.82	0	0	
G	16752d0	30.82	0	0	
G	16753b0	30.82	0	0	
G	16754c4	30.82	0	0	
G	167660c	30.82	0	0	
G	1676e80	30.82	0	0	
G	1676f74	30.82	0	0	
G	1677f34	30.82	0	0	
G	16788bc	30.82	0	0	
G	16789b0	30.82	0	0	
G	1679bf4	30.82	0	0	
G	1679cd4	30.82	0	0	
G	1679de8	30.82	0	0	
G	167abd0	30.82	0	0	
G	167acb0	30.82	0	0	
G	167adc4	30.82	0	0	
G	167b4a0	30.82	0	0	
G	167bd14	30.82	0	0	
G	167be08	30.82	0	0	
G	167db4c	30.82	0	0	
G	167dc2c	30.82	0	0	
G	167dd40	30.82	0	0	
G	167ece0	30.82	0	0	
G	167edc0	30.82	0	0	
G	167eed4	30.82	0	0	
G	167f6fc	30.82	0	0	
G	167ff70	30.82	0	0	
G	1680064	30.82	0	0	
G	1681ba4	30.82	0	0	
G	1681c84	30.82	0	0	
G	1681d98	30.82	0	0	
G	168240c	30.82	0	0	
G	1682c80	30.82	0	0	
G	1682d74	30.82	0	0	
G	168372c	30.82	0	0	
G	1683fa0	30.82	0	0	
G	1684094	30.82	0	0	
G	1685d48	30.82	0	0	
G	1685e28	30.82	0	0	
G	1685f3c	30.82	0	0	
G	1687068	30.82	1	1	
G	1687148	30.82	0	0	
G	168725c	30.82	0	0	
G	1689444	30.82	0	0	
G	1689c9c	30.82	0	0	
G	1689d90	30.82	0	0	
G	168b3e4	30.82	0	0	
G	168b4c4	30.82	0	0	
G	168b5d8	30.82	0	0	
G	168ce38	30.82	0	0	
G	168cf18	30.82	0	0	
G	168d02c	30.82	0	0	
G	168d6a4	30.82	0	0	
G	168df18	30.82	0	0	
G	168e00c	30.82	0	0	
G	168ee5c	30.82	0	0	
G	168ef3c	30.82	0	0	
G	168f050	30.82	0	0	
G	1690fe8	30.82	0	0	
G	16910c8	30.82	0	0	
G	16911dc	30.82	0	0	
G	1691ef8	30.82	0	0	
G	1692750	30.82	0	0	
G	1692844	30.82	0	0	
G	1693f98	30.82	0	0	
G	1694078	30.82	0	0	
G	169418c	30.82	0	0	
G	1695018	30.82	0	0	
G	1695994	30.82	0	0	
G	1695a88	30.82	0	0	
G	1697ef4	30.82	0	0	
G	1697fd4	30.82	0	0	
G	16980e8	30.82	0	0	
G	169912c	30.82	0	0	
G	1699aa8	30.82	0	0	
G	1699b9c	30.82	0	0	
G	169b04c	30.82	0	0	
G	169b12c	30.82	0	0	
G	169b240	30.82	0	0	
G	169cbc4	30.82	0	0	
G	169cca4	30.82	0	0	
G	169cdb8	30.82	0	0	
G	169dcd4	30.82	1	1	
G	169e52c	30.82	0	1	
G	169e620	30.82	0	0	
G	169fd40	30.82	0	0	
G	169fe20	30.82	0	0	
G	169ff34	30.82	0	0	
G	16a0f14	30.82	0	0	
G	16a1818	30.82	0	0	
G	16a190c	30.82	0	0	
G	16a24b4	30.82	0	0	
G	16a2d28	30.82	0	0	
G	16a2e1c	30.82	0	0	
G	16a3f48	30.82	0	0	
G	16a4028	30.82	0	0	
G	16a413c	30.82	0	0	
G	16a5370	30.82	0	0	
G	16a5450	30.82	0	0	
G	16a5564	30.82	0	0	
G	16a6270	30.82	0	0	
G	16a6ae4	30.82	0	0	
G	16a6bd8	30.82	0	0	
G	16a7728	30.82	1	1	
G	16a7f9c	30.82	0	1	
G	16a8090	30.82	0	0	
G	16a9760	30.82	0	0	
G	16a9840	30.82	0	0	
G	16a9954	30.82	0	0	
G	16aaf98	30.82	0	0	
G	16ab078	30.82	0	0	
G	16ab18c	30.82	0	0	
G	16acb10	30.82	0	0	
G	16acbf0	30.82	0	0	
G	16acd04	30.82	0	0	
G	16ae064	30.82	0	0	
G	16ae090	30.82	0	0	
G	17b1a2c	30.82	0	4	
G	17b1b20	30.82	0	4	
G	21f4c90	30.82	0	4	
G	2264724	30.82	0	0	
G	226472c	30.82	1	4	
G	227fa30	30.82	0	0	
G	114b870	30.83	0	0	
G	114ba48	30.83	0	0	
G	114bc08	30.83	0	0	
G	114bc20	30.83	0	0	
G	13b4dd4	30.83	0	0	
G	17d13b8	30.83	2	16	
G	17d30e8	30.83	0	11	
G	17d3118	30.83	0	5	
G	17d315c	30.83	0	0	
G	1e83474	30.83	0	0	
G	1e8bacc	30.83	0	0	
G	1e8bb64	30.83	0	0	
G	1e950bc	30.83	0	68	
G	1e95c28	30.83	5	90	
G	20ad20c	30.83	0	0	
G	20ad230	30.83	0	0	
G	21760b0	30.83	0	0	
G	21760e4	30.83	0	0	
G	21f4bf0	30.83	0	0	
G	21f4e3c	30.83	0	0	
G	114ba64	30.84	0	1	
G	20aebf8	30.88	0	0	
G	1f8b984	30.89	1	1	
G	20ad1fc	31.77	0	0	
G	20aee54	31.77	0	0	
G	2176098	31.77	0	0	
G	2180984	31.77	1	3	
G	2180bc8	31.77	1	1	
G	17d12bc	34.04	0	0	
G	118f2fc	34.53	0	0	
G	118f39c	34.53	0	0	
G	118f3ec	34.53	0	0	
G	1285ddc	34.53	4	4	
G	1286590	34.53	3	11	
G	12874e8	34.53	2	7	
G	128797c	34.53	0	1	
G	12879cc	34.53	0	0	
G	1287e7c	34.53	0	0	
G	1287f4c	34.53	4	4	
G	1288ebc	34.53	0	0	
G	12890c8	34.53	0	0	
G	1289198	34.53	1	1	
G	15f3dbc	34.53	1	41	
G	15f4928	34.53	0	1	
G	16f76fc	34.53	0	0	
G	114bc34	34.54	0	0	
G	1ce0e1c	49.68	0	0	
G	1dec1c4	49.68	0	0	
G	17d35ac	49.69	2	2	
G	17d35c4	49.69	3	3	
G	17d3740	49.69	3	3	
G	195d2a8	49.69	12	20	
G	1ce4020	49.76	0	0	
G	17fbc38	49.79	0	0	
G	17b693c	49.85	0	0	
G	17b69fc	49.85	0	0	
G	17c7220	49.85	1	1	
G	17c72bc	49.85	0	0	
G	1ce0d08	49.85	0	0	
G	1ce0dcc	49.85	0	0	
G	21ed524	49.85	0	0	
G	1137bf4	49.86	0	2	
G	1137c4c	49.86	0	2	
G	11382f8	49.86	0	0	
G	114136c	49.86	0	0	
G	1454b3c	49.86	0	5	
G	147b820	49.86	1	7	
G	14cc99c	49.86	0	8	
G	14ec950	49.86	0	0	
G	14ec96c	49.86	0	0	
G	14eca14	49.86	0	8	
G	17c72c8	49.86	0	9	
G	1dff084	49.86	1	9	
G	1e13114	49.86	0	0	
G	1e13128	49.86	0	0	
G	1e13130	49.86	0	8	
G	1e131b4	49.86	0	0	
G	1e131d0	49.86	0	0	
G	1137d68	49.87	0	0	
G	1137dd0	49.87	0	1	
G	11383c4	49.87	1	1	
G	113849c	49.87	0	0	
G	1138680	49.87	1	1	
G	11387d0	49.87	0	0	
G	1138ae4	49.87	1	1	
G	1138cc4	49.87	0	0	
G	14eca0c	49.87	0	0	
G	13e2310	49.88	2	6	
G	142a558	49.88	0	0	
G	17b3b34	49.88	0	0	
G	1e131d8	49.88	0	0	
G	17ba9c0	49.90	0	0	
G	17baa98	49.90	0	0	
G	17c728c	49.90	0	0	
G	17c72c0	49.90	0	0	
G	1cb92ec	49.90	0	0	
G	1dff074	49.90	0	0	
G	12cb3a0	49.91	1	9	
G	168d030	49.91	0	0	
G	168d038	49.91	1	1	
G	168d124	49.91	2	3	
G	168d538	49.91	0	0	
G	16f5af4	49.91	0	0	
G	1739b70	49.91	0	0	
G	1739bb0	49.91	0	0	
G	173eac0	49.91	0	0	
G	173eae8	49.91	0	0	
G	17baaa0	49.91	1	280	
G	184a174	49.91	0	0	
G	19e4398	49.91	0	0	
G	19e6a40	49.91	0	49	
G	1abfe24	49.91	1	48	
G	1ac0a90	49.91	0	9	
G	1ac1828	49.91	1	49	
G	1ada590	49.91	0	48	
G	11c9014	49.92	1	4	
G	11cb0d8	49.92	0	0	
G	11cb160	49.92	0	0	
G	12da8c4	49.92	0	0	
G	12da94c	49.92	0	0	
G	12e0664	49.92	1	4	
G	12e0cb8	49.92	0	0	
G	12e1250	49.92	1	1	
G	12e1520	49.92	0	0	
G	12e1ad0	49.92	0	0	
G	12e1cf4	49.92	0	0	
G	12e1ea0	49.92	0	0	
G	12e1f70	49.92	1	1	
G	12e2790	49.92	0	0	
G	12e2a04	49.92	0	0	
G	12e2ad4	49.92	0	0	
G	168d034	49.92	0	0	
G	1739bf0	49.92	0	0	
G	1ac0c90	49.92	0	0	
G	1dcac08	49.92	0	0	
G	1dcc518	49.92	0	0	
G	19e43f8	49.94	0	0	
G	19e6b98	49.94	0	0	
G	19e6fec	49.94	2	170	
G	19f1d4c	49.94	0	0	
G	1ada704	49.94	0	0	
G	1dfe950	49.94	0	0	
G	1dfea40	49.94	1	1	
G	1e7e980	49.94	1	1	
G	140c230	49.96	0	0	
G	15141c4	49.96	0	1	
G	158db80	49.96	0	0	
G	158dd34	49.96	0	0	
G	158dd84	49.96	0	0	
G	158de84	49.96	1	1	
G	1623800	49.96	0	0	
G	1623b0c	49.96	1	11	
G	1623c90	49.96	0	1	
G	16f57ac	49.96	0	0	
G	16ffa08	49.96	0	0	
G	1700ca8	49.96	0	0	
G	1703988	49.96	0	0	
G	1d99950	49.96	0	0	
G	1de0e08	49.96	0	84	
G	1e05138	49.96	0	71	
G	117bed8	49.97	1	2	
G	117c0f0	49.97	0	0	
G	12120b8	49.97	0	1	
G	12d7e0c	49.97	0	0	
G	1371514	49.97	0	2	
G	1623ed8	49.97	1	1	
G	16241d0	49.97	1	1	
G	1624800	49.97	0	19	
G	1a01d38	49.97	1	17	
G	1e05258	49.97	1	60	
G	1e058ac	49.97	0	0	
G	1e0597c	49.97	0	1	
G	117bf60	49.98	0	0	
G	12d7e94	49.98	0	0	
G	137159c	49.98	0	0	
G	1623804	49.99	0	0	
G	1de0f78	49.99	0	0	
G	115e87c	50.00	1	1	
G	115e94c	50.00	1	1	
G	11c9de4	50.00	1	1	
G	11ca024	50.00	0	5	
G	11ca8f8	50.00	1	2	
G	11cb4c8	50.00	0	0	
G	11cbd7c	50.00	0	0	
G	13b4388	50.00	0	0	
G	15f1dc0	50.00	0	1	
G	15f1f44	50.00	0	0	
G	166be0c	50.00	0	0	
G	166c118	50.00	0	2	
G	166c29c	50.00	0	0	
G	16f59e0	50.00	0	0	
G	19e813c	50.00	0	0	
G	19e8234	50.00	0	0	
G	19ec8b4	50.00	1	1	
G	19f4858	50.00	0	2	
G	19f4aa0	50.00	0	0	
G	19f4ba0	50.00	0	0	
G	19f4e70	50.00	0	7	
G	19f5ba4	50.00	0	0	
G	19f5f54	50.00	0	0	
G	117b348	50.01	0	5	
G	117b900	50.01	0	0	
G	117b988	50.01	0	0	
G	117bb18	50.01	0	0	
G	11cae90	50.01	0	0	
G	11cb08c	50.01	0	0	
G	11cb430	50.01	0	0	
G	11cb47c	50.01	0	0	
G	11cb598	50.01	1	1	
G	1200bb8	50.01	0	0	
G	1200c90	50.01	0	0	
G	126db88	50.01	0	0	
G	1315aac	50.01	2	5	
G	13171c8	50.01	0	0	
G	1557a14	50.01	0	1	
G	1557a9c	50.01	1	1	
G	166be10	50.01	0	0	
G	16a9958	50.01	0	0	
G	16a995c	50.01	0	0	
G	16a9c64	50.01	1	1	
G	16a9de8	50.01	0	0	
G	16aa1b0	50.01	0	1	
G	16aa404	50.01	0	0	
G	16f5bcc	50.01	0	0	
G	16f5bd8	50.01	0	0	
G	1915b90	50.01	0	4	
G	19179dc	50.01	0	0	
G	191d66c	50.01	0	4	
G	191d78c	50.01	1	3	
G	191e124	50.01	0	0	
G	191e1f4	50.01	0	0	
G	19f88b4	50.01	0	1	
G	19f8a68	50.01	0	0	
G	19f8b38	50.01	1	1	
G	1ac88ac	50.01	0	4	
G	1ac88d0	50.01	0	4	
G	1815cdc	50.03	0	0	
G	1879500	50.03	0	0	
G	188b368	50.03	0	0	
G	188b72c	50.03	1	121	
G	1dc60f0	50.03	0	0	
G	1815ed8	50.05	1	1	
G	187aa8c	50.05	2	3	
G	188e268	50.05	2	14	
G	188e31c	50.05	0	0	
G	19ee058	50.05	11	825	
G	1e927c8	50.12	0	0	
G	1e934c4	50.12	1	1	
G	1ebc278	50.12	0	0	
G	1ebcd44	50.12	20	24	
G	1ebe28c	50.12	2	27	
G	1ebed94	50.12	0	0	
G	1ebf0c8	50.12	1	2	
G	1ebf328	50.12	4	4	
G	1ed503c	50.12	0	27	
G	1ec0170	50.13	0	0	
G	1efc260	50.13	0	0	
G	1ea1f60	50.14	2	2	
G	1ed38cc	50.14	0	0	
G	1ed6518	50.14	1	3	
G	11cc474	50.23	1	1	
G	16f5470	50.23	0	0	
G	184a404	50.23	0	0	
G	184a67c	50.23	0	3	
G	184a94c	50.23	2	3	
G	184c724	50.23	1	1	
G	19e86c8	50.23	6	15	
G	19f8d78	50.23	0	0	
G	19f8d94	50.23	0	0	
G	19f907c	50.23	0	0	
G	19f9098	50.23	0	0	
G	19f93e0	50.23	0	0	
G	19f93fc	50.23	0	0	
G	19f9620	50.23	0	0	
G	19f963c	50.23	0	0	
G	19f9860	50.23	0	0	
G	19f987c	50.23	0	0	
G	19f9da8	50.23	0	0	
G	19f9dc4	50.23	0	0	
G	19f9fe8	50.23	0	0	
G	19fa004	50.23	0	0	
G	19fa448	50.23	0	0	
G	19fa464	50.23	0	0	
G	19fa798	50.23	0	0	
G	19fa7b4	50.23	0	0	
G	19faaf8	50.23	0	0	
G	19fab14	50.23	0	0	
G	19fab88	50.23	0	0	
G	19faba4	50.23	0	0	
G	19fac18	50.23	0	0	
G	19fac34	50.23	0	0	
G	1dce928	50.23	0	2	
G	1df47b0	50.23	0	0	
G	1df6560	50.23	0	0	
G	1ec4694	50.23	0	3	
G	1ecc79c	50.23	0	0	
G	1eccdd0	50.23	3	3	
G	1187488	50.24	0	0	
G	1351dd8	50.24	0	0	
G	15bcd58	50.24	0	0	
G	15bcd5c	50.24	0	0	
G	15bd064	50.24	1	19	
G	15bd1e8	50.24	0	0	
G	1739b30	50.24	0	0	
G	1739d14	50.24	0	0	
G	173b19c	50.24	0	0	
G	173b348	50.24	0	0	
G	173b438	50.24	1	1	
G	184c398	50.24	0	0	
G	184f124	50.24	0	162	
G	18509fc	50.24	0	0	
G	1850b30	50.24	0	0	
G	1850df0	50.24	0	0	
G	19ea530	50.24	0	0	
G	19ea78c	50.24	0	3	
G	19ea98c	50.24	1	1	
G	19f57d0	50.24	0	0	
G	19f57f4	50.24	0	0	
G	19facb0	50.24	0	0	
G	19faccc	50.24	0	0	
G	19faf7c	50.24	0	0	
G	19faf98	50.24	0	0	
G	19fb2c8	50.24	0	0	
G	19fb2ec	50.24	0	0	
G	19fb4a4	50.24	0	0	
G	19fb4c0	50.24	0	0	
G	19fbdac	50.24	0	0	
G	19fbdc8	50.24	0	0	
G	19fbe44	50.24	0	0	
G	19fbe60	50.24	0	0	
G	19fc110	50.24	0	0	
G	19fc12c	50.24	0	0	
G	19fcbe0	50.24	0	0	
G	19fcbfc	50.24	0	0	
G	19fcfd0	50.24	0	0	
G	19fcfec	50.24	0	0	
G	19fd07c	50.24	0	0	
G	19fd098	50.24	0	0	
G	19fd244	50.24	0	0	
G	19fd260	50.24	0	0	
G	19fda78	50.24	0	0	
G	19fda94	50.24	0	0	
G	19fdb18	50.24	0	0	
G	19fdb34	50.24	0	0	
G	19fdba8	50.24	0	0	
G	19fdbc4	50.24	0	0	
G	19fde1c	50.24	0	0	
G	19fde38	50.24	0	0	
G	19fe1dc	50.24	0	0	
G	19fe1f8	50.24	0	0	
G	19fe518	50.24	0	0	
G	19fe534	50.24	0	0	
G	19ff214	50.24	0	0	
G	19ff230	50.24	0	0	
G	19ff72c	50.24	0	0	
G	19ff740	50.24	0	0	
G	19ff7ac	50.24	0	0	
G	19ff7c8	50.24	0	0	
G	1cf535c	50.24	0	0	
G	1dce758	50.24	1	1	
G	1de0344	50.24	0	0	
G	1df266c	50.24	0	0	
G	1df267c	50.24	0	0	
G	1df296c	50.24	0	0	
G	1df2970	50.24	0	0	
G	1df4ad4	50.24	0	0	
G	1df6680	50.24	0	0	
G	1df7b94	50.24	0	8	
G	1df8044	50.24	0	1	
G	1df8358	50.24	1	1	
G	1df8508	50.24	0	0	
G	1df8e14	50.24	0	0	
G	1df8e24	50.24	1	2	
G	1df8f2c	50.24	0	0	
G	1df9848	50.24	0	0	
G	1e12108	50.24	0	0	
G	1e12410	50.24	0	0	
G	1ec468c	50.24	0	0	
G	12e1d7c	50.25	0	0	
G	16345a8	50.25	0	0	
G	16345ac	50.25	0	0	
G	16348b4	50.25	0	1	
G	1634a38	50.25	0	0	
G	1634c80	50.25	0	0	
G	1634e80	50.25	1	1	
G	1635414	50.25	0	0	
G	16354e4	50.25	0	0	
G	16f583c	50.25	0	0	
G	17235cc	50.25	0	85	
G	1755378	50.25	1	86	
G	1778988	50.25	0	3	
G	1778bd0	50.25	0	0	
G	1778cd0	50.25	0	1	
G	1779324	50.25	1	1	
G	17b3b24	50.25	0	0	
G	188b7d0	50.25	1	114	
G	188bad8	50.25	2	107	
G	1dd0c8c	50.25	0	0	
G	11d3868	50.27	2	2	
G	12132d4	50.27	0	45	
G	121335c	50.27	6	36	
G	138ddc8	50.27	0	0	
G	160101c	50.27	0	0	
G	1601328	50.27	2	42	
G	16014ac	50.27	0	6	
G	162172c	50.27	0	0	
G	162288c	50.27	0	0	
G	1622b6c	50.27	0	0	
G	1622bb8	50.27	0	0	
G	1622c88	50.27	0	0	
G	16da9ec	50.27	0	50	
G	16dacec	50.27	1	50	
G	16db424	50.27	1	49	
G	16db72c	50.27	1	1	
G	16f5680	50.27	0	0	
G	17553f8	50.27	0	0	
G	175ff74	50.27	0	1	
G	176137c	50.27	1	1	
G	188ccc0	50.27	11	372	
G	188ef2c	50.27	34	176	
G	188f2e4	50.27	6	346	
G	188f4c4	50.27	3	211	
G	188f5d8	50.27	0	0	
G	188f674	50.27	5	51	
G	188fe04	50.27	5	115	
G	1dcf020	50.27	0	1	
G	1dd3f84	50.27	0	0	
G	1dddff4	50.27	1	1	
G	1ddf508	50.27	0	1	
G	1ddf704	50.27	0	8	
G	1df2eb0	50.27	8	52	
G	1dfed44	50.27	3	10	
G	1dfedb0	50.27	1	1	
G	22eade4	50.27	0	1	
G	2307cac	50.27	1	1	
G	26a12a0	50.27	0	0	
G	1200e24	50.28	0	0	
G	1219ab0	50.28	1	1	
G	1601020	50.28	0	0	
G	1601024	50.28	0	0	
G	1601110	50.28	1	1	
G	1601524	50.28	0	0	
G	16017cc	50.28	0	0	
G	1601a60	50.28	0	0	
G	1601b30	50.28	0	0	
G	16db82c	50.28	1	2	
G	16dc3dc	50.28	1	4	
G	16dc65c	50.28	0	0	
G	16dc72c	50.28	0	0	
G	171a6d4	50.28	0	0	
G	171a7f4	50.28	1	1	
G	171d46c	50.28	0	0	
G	172f7cc	50.28	1	1	
G	1759bdc	50.28	0	0	
G	188cc38	50.28	0	0	
G	188cec0	50.28	0	0	
G	188cff4	50.28	4	5	
G	188e0b4	50.28	0	1	
G	188e3e0	50.28	0	0	
G	188e3fc	50.28	0	0	
G	188e5f4	50.28	0	3	
G	188f854	50.28	0	0	
G	188fcc4	50.28	0	0	
G	1dc9d6c	50.28	0	0	
G	1dcefa0	50.28	0	0	
G	1df5c48	50.28	0	0	
G	1df78a0	50.28	0	0	
G	1df78f8	50.28	0	0	
G	1df8008	50.28	0	0	
G	1df801c	50.28	0	0	
G	1df8030	50.28	0	0	
G	1dfecd4	50.28	0	0	
G	2296208	50.28	0	0	
G	11433ec	50.29	0	1	
G	114375c	50.29	0	135	
G	1143868	50.29	1	41	
G	136c9ec	50.29	0	1	
G	157bec4	50.29	0	0	
G	1755538	50.29	2	2	
G	1755780	50.29	0	0	
G	184d840	50.29	0	0	
G	1879a18	50.29	0	0	
G	1879a7c	50.29	0	1	
G	1881ed8	50.29	0	0	
G	1881ef4	50.29	0	0	
G	18822a4	50.29	1	1	
G	1882428	50.29	0	0	
G	1882444	50.29	0	0	
G	18827a0	50.29	0	0	
G	18827bc	50.29	0	0	
G	1882b20	50.29	0	0	
G	1882b3c	50.29	0	0	
G	188ac34	50.29	0	0	
G	188ac50	50.29	0	0	
G	188ad4c	50.29	0	0	
G	188ad68	50.29	0	0	
G	188add0	50.29	0	0	
G	188adec	50.29	0	0	
G	188af04	50.29	0	0	
G	188af20	50.29	0	0	
G	188c7f4	50.29	0	1	
G	188c948	50.29	1	3	
G	188cb5c	50.29	0	0	
G	188ee0c	50.29	0	0	
G	19ef3ec	50.29	2	90	
G	1a5d0b4	50.29	0	0	
G	1d9843c	50.29	1	1	
G	1d9b0fc	50.29	5	6	
G	1de8434	50.29	0	0	
G	1df75a0	50.29	0	0	
G	1df938c	50.29	0	2	
G	1e938c4	50.29	0	0	
G	1ea2328	50.29	11	12	
G	1ea28d4	50.29	0	0	
G	1ea2950	50.29	0	0	
G	1ec2248	50.29	0	28	
G	1ec30a0	50.29	1	146	
G	1ec3230	50.29	5	7	
G	1ec5498	50.29	1	1	
G	1ec5e1c	50.29	0	1	
G	1ec5f64	50.29	0	0	
G	1ec6034	50.29	1	1	
G	1ec64c4	50.29	5	6	
G	1f19348	50.29	1	290	
G	1f2b3bc	50.29	0	1	
G	1e77704	50.30	1	1	
G	1ea24d8	50.30	12	30	
G	1ed1404	50.30	1	1	
G	11436d0	50.31	0	1	
G	1392d0c	50.31	0	0	
G	19eafa8	50.31	3	223	
G	19ebe38	50.31	0	114	
G	1aadb98	50.31	0	0	
G	1e174e0	50.31	0	0	
G	1ec558c	50.31	0	0	
G	11511b8	50.33	1	31	
G	11521b8	50.33	1	26	
G	1161b48	50.33	4	4	
G	11725f0	50.33	0	0	
G	11726c0	50.33	1	1	
G	1dd74fc	50.33	0	0	
G	1dd9ea8	50.33	0	0	
G	1152e3c	50.34	3	3	
G	11885e4	50.34	0	0	
G	127431c	50.34	1	8	
G	12743a4	50.34	0	2	
G	1375b68	50.34	2	4	
G	166cfa8	50.34	0	0	
G	166cfac	50.34	0	0	
G	166d2b4	50.34	0	1	
G	166d438	50.34	0	1	
G	166d680	50.34	0	0	
G	166d95c	50.34	0	0	
G	166d9a8	50.34	0	0	
G	166d9f4	50.34	0	0	
G	166dac4	50.34	0	0	
G	16f59ec	50.34	0	0	
G	175a410	50.34	0	5	
G	177b53c	50.34	1	5	
G	177b880	50.34	2	2	
G	177b980	50.34	0	1	
G	177c23c	50.34	0	0	
G	1dc931c	50.34	0	1	
G	1dc97ac	50.34	0	0	
G	11878d8	50.35	2	2	
G	1189398	50.35	0	0	
G	11a0af8	50.35	0	0	
G	11a0f08	50.35	1	19	
G	11a1390	50.35	0	0	
G	11a13e4	50.35	0	7	
G	11a2c7c	50.35	3	29	
G	11a3b60	50.35	2	34	
G	11a8f04	50.35	0	0	
G	11a9c88	50.35	0	0	
G	11a9e90	50.35	0	0	
G	11aa000	50.35	0	0	
G	123168c	50.35	0	0	
G	1231c20	50.35	0	0	
G	1235304	50.35	0	0	
G	1376344	50.35	0	2	
G	13765c0	50.35	0	0	
G	1376958	50.35	1	14	
G	13772d8	50.35	0	14	
G	1387edc	50.35	0	0	
G	13881d0	50.35	0	0	
G	13883e8	50.35	0	0	
G	15c2730	50.35	0	2	
G	15c281c	50.35	0	41	
G	15c2c30	50.35	0	0	
G	16ec8b0	50.35	0	0	
G	1de9d24	50.35	0	0	
G	1dea1ec	50.35	1	1	
G	1dea294	50.35	0	0	
G	1dea450	50.35	0	0	
G	1dece38	50.35	0	0	
G	1ded5d0	50.35	0	0	
G	1ded6ac	50.35	0	0	
G	1def4ec	50.35	0	0	
G	1e62a3c	50.35	0	0	
G	1e66534	50.35	0	0	
G	1e7c0e0	50.35	0	0	
G	1e7c618	50.35	0	0	
G	1e979b0	50.35	0	0	
G	1e979d8	50.35	0	0	
G	1e97b94	50.35	0	0	
G	1e9e894	50.35	0	0	
G	1e9edb0	50.35	0	0	
G	1f680b0	50.35	0	0	
G	1f68240	50.35	0	0	
G	11a8bc0	50.36	0	0	
G	11a8c90	50.36	0	0	
G	11aa0cc	50.36	0	1	
G	11d3f80	50.36	1	1	
G	11d40ec	50.36	1	1	
G	11d4258	50.36	1	1	
G	1300dfc	50.36	0	0	
G	13012d4	50.36	1	2	
G	1378544	50.36	1	1	
G	138c15c	50.36	0	0	
G	138c178	50.36	0	0	
G	13f7e18	50.36	0	0	
G	1722134	50.36	0	0	
G	1728ad4	50.36	0	0	
G	173ac64	50.36	0	0	
G	175a640	50.36	1	1	
G	175a94c	50.36	0	0	
G	175adc0	50.36	0	0	
G	19ec2ec	50.36	0	1	
G	19ec3b8	50.36	1	1	
G	19ec7f4	50.36	0	0	
G	19f3fe4	50.36	0	0	
G	19f418c	50.36	0	0	
G	19f43b4	50.36	0	0	
G	1a04d3c	50.36	0	0	
G	1a04d44	50.36	0	0	
G	1a04fa4	50.36	0	0	
G	1a04fc0	50.36	0	0	
G	1bbeef0	50.36	0	0	
G	1de8ddc	50.36	0	0	
G	1de8eec	50.36	0	0	
G	1df5db8	50.36	0	0	
G	1e76ad4	50.36	1	1	
G	1e7b790	50.36	0	0	
G	1e7c620	50.36	1	2	
G	1e7cbac	50.36	1	1	
G	1e7d350	50.36	0	0	
G	1ec42bc	50.36	0	1	
G	1ec6698	50.36	0	0	
G	1f576d0	50.36	22	22	
G	1f69b1c	50.36	43	56	
G	1f8c590	50.36	0	0	
G	16f5764	50.37	0	0	
G	171c54c	50.37	0	0	
G	171c83c	50.37	0	0	
G	171d150	50.37	0	0	
G	175cf24	50.37	0	0	
G	1853e70	50.37	0	0	
G	1853e8c	50.37	0	0	
G	19eccac	50.37	0	0	
G	19ecfec	50.37	1	101	
G	1ab0754	50.37	0	0	
G	1de98b0	50.37	0	0	
G	1ebf278	50.37	0	0	
G	1ec0114	50.37	0	0	
G	1f18c10	50.38	0	136	
G	25a774c	50.38	0	136	
G	25aff6c	50.38	121	121	
G	161ea68	50.42	0	0	
G	173a204	50.42	0	0	
G	173ab74	50.42	0	0	
G	173bc14	50.42	0	0	
G	19f2080	50.42	0	0	
G	19f2180	50.42	0	44	
G	1ac1910	50.42	3	44	
G	1ac42f4	50.42	1	21	
G	1adaaf0	50.42	0	20	
G	1dfd34c	50.42	0	0	
G	117b130	50.43	0	0	
G	117b1b8	50.43	0	0	
G	127cdd0	50.43	0	13	
G	127ce58	50.43	0	4	
G	161ea6c	50.43	0	0	
G	161ed74	50.43	1	6	
G	161eef8	50.43	0	0	
G	161f140	50.43	0	0	
G	161f398	50.43	1	7	
G	161f8c8	50.43	0	1	
G	1ac4b0c	50.43	1	6	
G	1adac10	50.43	1	14	
G	1adb264	50.43	0	0	
G	1adb334	50.43	0	0	
G	1adbca8	50.43	0	0	
G	13899dc	50.44	0	0	
G	162074c	50.44	0	0	
G	1620750	50.44	0	0	
G	1620a58	50.44	0	2	
G	1620bdc	50.44	0	2	
G	1620e24	50.44	0	0	
G	1620fc8	50.44	0	0	
G	1621284	50.44	0	0	
G	171b2b8	50.44	0	0	
G	1adbeb4	50.44	0	5	
G	1adbfd4	50.44	2	3	
G	1adc628	50.44	0	0	
G	1adc6f8	50.44	1	1	
G	1adcc88	50.44	0	0	
G	117c178	50.45	0	0	
G	11813a0	50.45	0	1	
G	1181428	50.45	0	0	
G	1212140	50.45	0	0	
G	1278bb4	50.45	1	1	
G	1278c3c	50.45	0	0	
G	1278f0c	50.45	0	2	
G	1278f94	50.45	0	0	
G	136f6c0	50.45	0	20	
G	136f7e0	50.45	2	12	
G	136fe34	50.45	0	0	
G	13703f4	50.45	2	2	
G	13716bc	50.45	0	0	
G	1371708	50.45	0	0	
G	1371754	50.45	0	0	
G	13717a0	50.45	0	0	
G	1372aa8	50.45	0	1	
G	158d424	50.45	0	0	
G	161bc64	50.45	0	0	
G	161bf70	50.45	0	8	
G	161c0f4	50.45	0	2	
G	1740ba8	50.45	0	24	
G	19ed7a0	50.45	1	1	
G	19eddf8	50.45	0	24	
G	1df382c	50.45	0	8	
G	11a233c	50.46	0	0	
G	13710a0	50.46	1	1	
G	1371870	50.46	1	1	
G	161bc68	50.46	0	0	
G	171ce10	50.46	1	1	
G	17409b8	50.46	0	0	
G	17413b0	50.46	0	1	
G	17415dc	50.46	0	1	
G	1741c48	50.46	0	0	
G	179a884	50.46	1	1	
G	19e4438	50.46	1	1	
G	19e4fc4	50.46	1	1	
G	19e55d8	50.46	0	0	
G	19e55f4	50.46	0	0	
G	19e5720	50.46	0	0	
G	19e573c	50.46	0	0	
G	19e5904	50.46	0	0	
G	19e5920	50.46	0	0	
G	19e5a84	50.46	0	0	
G	19e5aa0	50.46	0	0	
G	19e5bcc	50.46	0	0	
G	19e5be8	50.46	0	0	
G	19e5db0	50.46	0	0	
G	19e5dcc	50.46	0	0	
G	19e5efc	50.46	0	0	
G	19e5f18	50.46	0	0	
G	19e60ec	50.46	0	0	
G	19e6108	50.46	0	0	
G	19e6234	50.46	0	0	
G	19e6250	50.46	0	0	
G	19e6418	50.46	0	0	
G	19e6434	50.46	0	0	
G	19e6560	50.46	0	0	
G	19e657c	50.46	0	0	
G	19e6744	50.46	0	0	
G	19e6760	50.46	0	0	
G	19e6890	50.46	0	0	
G	19e68ac	50.46	0	0	
G	11a2894	50.47	0	0	
G	11a5eac	50.47	1	1	
G	11a5ed8	50.47	2	111	
G	13797d0	50.47	2	2	
G	137ccec	50.47	19	274	
G	1e92eb8	50.47	1	1	
G	1e92f68	50.47	2	7	
G	1e92cb8	50.50	3	6	
G	1f38318	50.50	0	0	
G	1e76bec	50.51	0	1	
G	1ec62f0	50.51	0	0	
G	11a5b1c	50.53	0	8	
G	11a9adc	50.53	1	1	
G	1e79be4	50.53	2	6	
G	1e7b04c	50.53	1	1	
G	1e931e4	50.53	0	0	
G	1e932d4	50.53	0	0	
G	1231a04	50.58	1	1	
G	1232490	50.58	5	16	
G	1232e08	50.58	0	0	
G	114ba54	50.61	0	0	
G	11a2400	50.63	8	8	
G	11a24f0	50.63	0	0	
G	11a28d0	50.63	0	0	
G	1232268	50.63	0	5	
G	12976dc	50.63	0	0	
G	129afa4	50.63	0	0	
G	129b17c	50.63	1	1	
G	129b3f8	50.63	0	0	
G	1377ee0	50.63	1	4	
G	1378200	50.63	0	0	
G	13ae474	50.63	0	6	
G	13aec8c	50.63	0	3	
G	13b2b78	50.63	1	1	
G	1e61478	50.63	0	0	
G	1e9b63c	50.63	0	0	
G	11a243c	50.64	1	1	
G	11a6160	50.64	6	7888	
G	11ab03c	50.64	0	0	
G	11ab7c4	50.64	0	0	
G	11ad5b8	50.64	1	25	
G	1297064	50.64	0	0	
G	1297dd0	50.64	2	139	
G	1297e2c	50.64	4	9	
G	129b744	50.64	2	2	
G	129bcd0	50.64	3	3	
G	129bcfc	50.64	1	84	
G	15ab5c4	50.64	1	3	
G	15aba44	50.64	1	1	
G	15ac690	50.64	1	26	
G	16ae704	50.64	1	1	
G	16ae8d8	50.64	0	0	
G	16ae9a8	50.64	0	0	
G	1e7bb64	50.64	20	2484	
G	1e7cf04	50.64	2	2486	
G	1e93a8c	50.64	0	0	
G	1f2dd10	50.64	0	0	
G	1f4e9a0	50.64	0	0	
G	1f8a3fc	50.64	2	8	
G	11ab82c	50.65	0	0	
G	11ab0b0	50.66	1	3	
G	11ab870	50.66	0	0	
G	11ab8e8	50.66	0	0	
G	11ab9f0	50.66	0	1	
G	17f9204	50.66	0	2	
G	1e5b09c	50.66	1	1	
G	1e5f398	50.66	0	0	
G	1e694c0	50.66	0	1	
G	1e6958c	50.66	1	126	
G	1e69aac	50.66	0	134	
G	1e7d51c	50.66	0	1	
G	1e96990	50.66	0	0	
G	1e5b294	50.67	1	6	
G	1e893d0	50.67	0	0	
G	1ea0b64	50.67	2	3	
G	1f0af2c	50.67	0	1	
G	1f0ba7c	50.67	0	0	
G	1f0bcd4	50.67	0	0	
G	1f2df40	50.67	0	0	
G	209df94	50.67	5	5	
G	209edd0	50.67	0	0	
G	20cc2c8	50.67	4	4	
G	20cc6f0	50.67	13	160	
G	20ceec0	50.67	1	1	
G	20cf088	50.67	0	0	
G	20cf47c	50.67	0	0	
G	20cfe64	50.67	2	13	
G	20d0850	50.67	0	0	
G	20d09a4	50.67	0	3	
G	20d100c	50.67	1	3	
G	20d2f9c	50.67	0	0	
G	20d4b74	50.67	0	0	
G	20d51ec	50.67	0	0	
G	20d5870	50.67	0	55	
G	20d5aec	50.67	5	49	
G	20d8fc8	50.67	4	56	
G	20dc0ec	50.67	3	25	
G	20dfb48	50.67	0	0	
G	20e0178	50.67	0	0	
G	20e07d8	50.67	1	2	
G	20e0df8	50.67	1	1	
G	20e1500	50.67	0	0	
G	20e1d9c	50.67	0	1	
G	20e7700	50.67	0	0	
G	2134918	50.67	1	1	
G	213a4ac	50.67	0	0	
G	213a6d8	50.67	0	0	
G	213a740	50.67	0	0	
G	213ac88	50.67	0	0	
G	213ac98	50.67	0	1	
G	213b9b4	50.67	1	1	
G	213decc	50.67	0	0	
G	213df68	50.67	0	0	
G	213df70	50.67	0	0	
G	214307c	50.67	0	0	
G	221b228	50.67	0	1	
G	1188a84	50.68	1	1	
G	1189aec	50.68	0	0	
G	11ab8ac	50.68	0	0	
G	11abba8	50.68	0	3	
G	13144a8	50.68	0	0	
G	1314578	50.68	1	1	
G	131526c	50.68	0	1	
G	1315478	50.68	1	1	
G	1315548	50.68	0	0	
G	13288cc	50.68	0	0	
G	164400c	50.68	0	5	
G	1644ab8	50.68	0	1	
G	1e5b614	50.68	0	0	
G	1e5c5d4	50.68	2	2	
G	1e5f3f4	50.68	0	0	
G	1e5f468	50.68	0	0	
G	1e65b58	50.68	0	0	
G	1e65bf0	50.68	1	4	
G	1e6aa7c	50.68	2	3	
G	1e6afec	50.68	0	0	
G	1e6b028	50.68	4	5	
G	1e7d718	50.68	0	3	
G	1e7d918	50.68	1	9	
G	1ea09d0	50.68	1	1	
G	20d1488	50.68	0	0	
G	20d2118	50.68	11	11	
G	20e0330	50.68	3	3	
G	118154c	50.69	0	0	
G	11815d4	50.69	4	4	
G	11816f8	50.69	0	0	
G	1181780	50.69	0	0	
G	118a0e4	50.69	0	0	
G	129c498	50.69	0	48	
G	17cf978	50.69	4	4	
G	17cf990	50.69	1	1	
G	1e76768	50.69	0	0	
G	1e77c3c	50.69	0	0	
G	1e77c98	50.69	0	0	
G	1e77ca0	50.69	0	0	
G	1e77d68	50.69	0	0	
G	1e77dcc	50.69	1	1	
G	1f29ab0	50.69	0	0	
G	1f2df5c	50.69	0	0	
G	20bd4d0	50.69	1	1	
G	20bf910	50.69	2	46	
G	20bfe2c	50.69	0	13	
G	20bff44	50.69	2	15	
G	20d7584	50.69	0	0	
G	20dbd28	50.69	0	0	
G	20eb948	50.69	0	0	
G	20eb95c	50.69	0	0	
G	20eb96c	50.69	0	0	
G	213b844	50.69	1	1	
G	2144828	50.69	1	1	
G	2144878	50.69	0	5	
G	21449dc	50.69	0	0	
G	2144a00	50.69	0	0	
G	2144c2c	50.69	2	4	
G	214f444	50.69	0	0	
G	216e06c	50.69	0	0	
G	21b78a0	50.69	6	7	
G	21b9c84	50.69	0	0	
G	21b9cf4	50.69	2	2	
G	21b9d74	50.69	0	0	
G	2354e30	50.69	1	1	
G	236075c	50.69	0	0	
G	129c7b8	50.70	0	0	
G	1e68c78	50.70	0	0	
G	1e68f78	50.70	0	0	
G	1e766f0	50.70	0	0	
G	1e7d90c	50.70	0	0	
G	1f391cc	50.70	1	1	
G	1f57868	50.70	10	10	
G	1f57cec	50.70	85	94	
G	20c2038	50.70	0	0	
G	20d227c	50.70	7	7	
G	20d791c	50.70	0	1	
G	20d8a08	50.70	1	1	
G	20e2cb8	50.70	0	0	
G	20e8bd0	50.70	0	1	
G	20e92ac	50.70	0	0	
G	20e92b4	50.70	0	0	
G	20ef494	50.70	0	0	
G	20ef4f0	50.70	0	0	
G	20ef57c	50.70	0	0	
G	20f0158	50.70	0	0	
G	20f20bc	50.70	0	0	
G	20f20f0	50.70	1	1	
G	20f22ac	50.70	0	1	
G	20f24a8	50.70	0	0	
G	2130610	50.70	0	0	
G	21307dc	50.70	0	1	
G	2130a60	50.70	0	0	
G	2130ed0	50.70	1	1	
G	213bd48	50.70	0	1	
G	214f5b0	50.70	0	0	
G	21b408c	50.70	0	0	
G	21d2cb0	50.70	0	1	
G	1e77bf0	50.71	12	12	
G	20e929c	50.71	0	0	
G	20f24a0	50.71	0	0	
G	214f5a8	50.71	0	0	
G	2172714	50.71	0	0	
G	1e76750	50.72	0	0	
G	1e77c24	50.72	0	0	
G	20dbdfc	50.72	0	29	
G	2194a80	50.72	1	1	
G	2195214	50.72	0	0	
G	2195248	50.72	0	1	
G	2195d24	50.72	1	1	
G	21960f8	50.72	0	0	
G	219614c	50.72	0	0	
G	2196b68	50.72	0	0	
G	2196bb4	50.72	0	0	
G	2196da4	50.72	0	0	
G	2196e1c	50.72	1	1	
G	21973bc	50.72	0	0	
G	2198784	50.72	0	29	
G	2198cc0	50.72	0	0	
G	21a12e0	50.72	1	1	
G	21a1658	50.72	0	0	
G	21a18f4	50.72	1	1	
G	21a1c2c	50.72	1	2	
G	21a1e94	50.72	1	1	
G	21a470c	50.72	0	0	
G	21a497c	50.72	6	6	
G	21a4fc8	50.72	0	4	
G	21a5758	50.72	15	27	
G	21a7e64	50.72	0	0	
G	236a9a8	50.72	0	4	
G	2387844	50.72	0	1	
G	23bfc1c	50.72	0	22	
G	23bfe74	50.72	1	15	
G	23c9b78	50.72	0	1	
G	23d0a30	50.72	0	0	
G	2436884	50.72	0	0	
G	259afc0	50.72	0	0	
G	129c5c8	50.73	0	7	
G	1e5e358	50.73	0	0	
G	1e5e4ac	50.73	0	2	
G	1e5e574	50.73	0	72	
G	1e5e818	50.73	2	2	
G	1e5e8f8	50.73	0	0	
G	1e5e908	50.73	0	0	
G	1e6207c	50.73	0	2	
G	1e620e0	50.73	0	0	
G	1e622d4	50.73	0	0	
G	1e622dc	50.73	0	0	
G	1e7666c	50.73	4	6	
G	1e76840	50.73	0	0	
G	1f22454	50.73	1	6	
G	1f2d9d0	50.73	0	1	
G	1f31334	50.73	1	1	
G	1f367ac	50.73	0	0	
G	1f36844	50.73	0	0	
G	1f95324	50.73	0	0	
G	1f95980	50.73	1	93	
G	1f96214	50.73	11	36	
G	2075cec	50.73	346	346	
G	2076478	50.73	7	14	
G	20c1fc8	50.73	0	0	
G	20c2040	50.73	0	0	
G	20d0b30	50.73	0	0	
G	20d14d4	50.73	6	9	
G	20d1978	50.73	7	7	
G	20d4654	50.73	0	0	
G	20dd8fc	50.73	0	0	
G	20e8264	50.73	0	0	
G	2133bd0	50.73	0	4	
G	213444c	50.73	0	0	
G	2135368	50.73	12	15	
G	214ab78	50.73	1	1	
G	2194dd4	50.73	0	0	
G	2195cec	50.73	0	0	
G	21960cc	50.73	0	0	
G	21960e4	50.73	0	0	
G	219d398	50.73	0	0	
G	21a56a4	50.73	5	5	
G	21d531c	50.73	0	0	
G	21d5390	50.73	0	0	
G	21d53e0	50.73	0	0	
G	21d5448	50.73	0	1	
G	21d5f30	50.73	0	0	
G	234bbe8	50.73	62	224	
G	23c9d9c	50.73	0	0	
G	1297d7c	50.74	0	4	
G	129b9cc	50.74	1	1	
G	129c6bc	50.74	0	1	
G	1e62234	50.74	0	0	
G	1e85e7c	50.74	0	4	
G	1f602c0	50.74	51	149	
G	1f81160	50.74	3	3	
G	1f92610	50.74	1	1	
G	1f96bd0	50.74	2	3	
G	1f9b9a4	50.74	1	1	
G	1fa7290	50.74	3	45	
G	1fa798c	50.74	14	42	
G	1fa8c18	50.74	0	0	
G	1fe6e98	50.74	1	1	
G	1fe7088	50.74	0	0	
G	1fe73b8	50.74	0	0	
G	1fe73fc	50.74	0	0	
G	1fe7910	50.74	0	1	
G	1fe7af0	50.74	1	1	
G	1fed3d0	50.74	0	0	
G	1fed988	50.74	0	0	
G	1ffa704	50.74	0	0	
G	1ffbb14	50.74	0	0	
G	200bc88	50.74	0	0	
G	200c008	50.74	0	0	
G	200c058	50.74	0	0	
G	200c33c	50.74	0	0	
G	201e220	50.74	0	0	
G	201efb4	50.74	0	0	
G	209c33c	50.74	0	0	
G	209c3d8	50.74	1	1	
G	209c568	50.74	1	1	
G	20a9da4	50.74	0	1	
G	20aa624	50.74	0	0	
G	20ddbf8	50.74	0	0	
G	2194e38	50.74	4	4	
G	21953c4	50.74	32	62	
G	219568c	50.74	1	63	
G	21958f4	50.74	82	93	
G	2198650	50.74	5	68	
G	219d238	50.74	1	1	
G	21a1a30	50.74	8	8	
G	21a7e10	50.74	1	1	
G	23455ac	50.74	0	0	
G	2345728	50.74	0	0	
G	2345bcc	50.74	0	1	
G	1e68d04	50.75	5	10	
G	1e68ddc	50.75	2	2	
G	1f5d164	50.75	403	855	
G	1f81108	50.75	3	3	
G	212f524	50.75	23	27	
G	2194e30	50.75	0	0	
G	2194e34	50.75	0	0	
G	219582c	50.75	5	5	
G	21974e4	50.75	0	0	
G	2197f70	50.75	11	245	
G	2198510	50.75	670	1699	
G	219d31c	50.75	0	0	
G	219d3fc	50.75	0	0	
G	21a1940	50.75	7	7	
G	21a1ae0	50.75	6	6	
G	21a1b4c	50.75	0	0	
G	21a1d78	50.75	17	17	
G	21a525c	50.75	10	10	
G	21a5378	50.75	21	27	
G	21a55cc	50.75	1	1	
G	21a5750	50.75	0	0	
G	21a5754	50.75	0	0	
G	21a5850	50.75	3	14	
G	21a5fa8	50.75	38	43	
G	236ad1c	50.75	2	11	
G	236ad80	50.75	5	5	
G	236cfd8	50.75	0	0	
G	23c9da4	50.75	13	50	
G	23cde9c	50.75	340	735	
G	23ce298	50.75	7	7	
G	23ce49c	50.75	33	306	
G	11a3f50	50.76	0	15	
G	11a5378	50.76	0	0	
G	11aa4ac	50.76	0	5	
G	11acdb8	50.76	2	4	
G	129794c	50.76	0	3	
G	129c3f8	50.76	4	6	
G	129c7b4	50.76	0	0	
G	1e5f660	50.76	0	0	
G	1e60f0c	50.76	4	31	
G	1e60f7c	50.76	3	16	
G	1e614c8	50.76	0	0	
G	1e614d8	50.76	2	6	
G	1e68f84	50.76	0	0	
G	1e6a590	50.76	3	3	
G	1e7bf64	50.76	0	0	
G	1e7cb2c	50.76	0	0	
G	1e7ccf4	50.76	1	5	
G	1e7d5fc	50.76	0	0	
G	1e7d9ac	50.76	0	2	
G	1e7df30	50.76	0	0	
G	1e89068	50.76	0	0	
G	1e8a224	50.76	0	0	
G	1e9b6f8	50.76	0	2	
G	1e9b86c	50.76	0	0	
G	1e9b8b8	50.76	0	2	
G	1e9c058	50.76	1	1	
G	1e9c0d8	50.76	0	0	
G	1e9c240	50.76	1	2	
G	1e9c3dc	50.76	1	1	
G	1e9d494	50.76	0	2	
G	1e9d6a8	50.76	0	0	
G	1ea11d8	50.76	0	0	
G	1ea1668	50.76	1	3	
G	20a9814	50.76	5	5	
G	20ebdb0	50.76	0	0	
G	20ebe40	50.76	0	1	
G	20ef3f0	50.76	0	0	
G	212fd38	50.76	4	5	
G	2134f5c	50.76	12	12	
G	2134f88	50.76	0	0	
G	213623c	50.76	0	0	
G	2190334	50.76	1	1	
G	21a64c4	50.76	5	5	
G	21a66a4	50.76	46	103	
G	234568c	50.76	0	0	
G	23605f4	50.76	2	2	
G	217c1f8	50.78	0	0	
G	217c20c	50.78	71	219	
G	218a5bc	50.78	0	0	
G	218a5cc	50.78	0	0	
G	218a5d8	50.78	0	0	
G	218a5f0	50.78	0	0	
G	218a68c	50.78	0	0	
G	218ceb0	50.78	0	1	
G	218d608	50.78	9	297	
G	218df6c	50.78	1	68	
G	218e050	50.78	10	70	
G	218e120	50.78	0	0	
G	218e128	50.78	1	1	
G	21d52e4	50.78	0	0	
G	2360620	50.78	2	109	
G	2360740	50.78	0	0	
G	20e970c	50.79	7	7	
G	213db0c	50.79	15	15	
G	2140640	50.79	22	22	
G	21412d0	50.79	7	7	
G	2141764	50.79	5	7	
G	21a77b4	50.79	5	5	
G	21b6a98	50.79	0	0	
G	21b6abc	50.79	0	0	
G	2355a84	50.79	0	11	
G	23563fc	50.79	1	3	
G	236bd24	50.79	0	0	
G	236cbb8	50.79	2	4	
G	11abbdc	50.80	3	28	
G	11abc68	50.80	9	2247	
G	11abd38	50.80	12	32	
G	12353a4	50.80	1	1	
G	1377390	50.80	0	130	
G	13af054	50.80	0	0	
G	13af940	50.80	0	130	
G	13af9c0	50.80	0	0	
G	13afab8	50.80	3	130	
G	13b1bb8	50.80	0	1	
G	15ac1dc	50.80	0	0	
G	16f54a0	50.80	0	0	
G	17fb068	50.80	6	6	
G	1e5c21c	50.80	0	0	
G	1e5d000	50.80	6	6	
G	1e5d170	50.80	4	4	
G	1e5d228	50.80	6	6	
G	1e5e89c	50.80	1	1	
G	1e5e8e0	50.80	2	2	
G	1e5fa18	50.80	2	2	
G	1e5fa90	50.80	2	2	
G	1e5facc	50.80	3	3	
G	1e5fea8	50.80	15	3610	
G	1e62108	50.80	5	5	
G	1e6a53c	50.80	0	0	
G	1e7dc90	50.80	2	25	
G	1e7e050	50.80	12	2195	
G	1e9edb8	50.80	3	3	
G	1ea17dc	50.80	8	18	
G	1f98be0	50.80	5	1389	
G	1f9c508	50.80	170	1384	
G	1f9c9b8	50.80	11	11	
G	1fe74cc	50.80	0	0	
G	1fe75b0	50.80	0	0	
G	1fe75d4	50.80	0	0	
G	200c1a0	50.80	0	0	
G	2021ad0	50.80	0	0	
G	2021af4	50.80	1	1	
G	2173f18	50.80	0	0	
G	21a7be8	50.80	9	206	
G	236d018	50.80	2	198	
G	259a854	50.80	0	0	
G	259a868	50.80	0	0	
G	11e62e8	50.83	16	28	
G	11f983c	50.83	0	0	
G	11f9b48	50.83	1	1	
G	11f9e54	50.84	0	0	
G	11fa160	50.84	0	0	
G	11fa46c	50.84	0	0	
G	11fa778	50.84	0	0	
G	11faa84	50.84	1	1	
G	11fad90	50.84	0	0	
G	11fb09c	50.84	1	1	
G	11fb3a8	50.84	0	0	
G	11fb6b4	50.84	0	0	
G	11fb9c0	50.84	0	0	
G	11fbccc	50.84	1	1	
G	11fbfd8	50.84	0	1	
G	11fc2e4	50.84	0	0	
G	11fc5f0	50.84	0	0	
G	11fc8fc	50.84	0	0	
G	11fcc08	50.84	0	1	
G	11fcf14	50.84	0	0	
G	11fd220	50.84	0	0	
G	11fd52c	50.84	0	1	
G	11fd838	50.85	0	1	
G	11fdb44	50.85	0	0	
G	11fde50	50.85	1	1	
G	11fe15c	50.85	0	0	
G	13134ec	50.85	0	0	
G	1388790	50.85	1	25	
G	13889d8	50.85	0	0	
G	1388ad8	50.85	1	1	
G	1388c6c	50.85	0	1	
G	13892c0	50.85	1	1	
G	1389540	50.85	0	0	
G	1389988	50.85	0	0	
G	138a16c	50.85	0	0	
G	138a23c	50.85	0	0	
G	13af0ec	50.85	0	4	
G	13af318	50.85	2	2	
G	1647034	50.85	0	0	
G	1647038	50.85	0	0	
G	1647340	50.85	0	20	
G	16474c4	50.85	0	4	
G	16f589c	50.85	0	0	
G	16f58a8	50.85	0	0	
G	2186518	50.85	1	1	
G	11de03c	50.86	0	0	
G	11e1198	50.86	0	1	
G	11e1524	50.86	0	0	
G	11e223c	50.86	0	1	
G	1208b10	50.86	4	4	
G	12113c0	50.86	0	0	
G	1217604	50.86	0	0	
G	1217620	50.86	0	0	
G	1235d1c	50.86	0	1	
G	123b8d0	50.86	0	1	
G	123db3c	50.86	0	0	
G	1247484	50.86	3	13	
G	126cd5c	50.86	0	0	
G	1297f08	50.86	0	0	
G	129aeb8	50.86	0	0	
G	1389854	50.86	0	0	
G	1389970	50.86	0	0	
G	138a134	50.86	0	0	
G	138a168	50.86	0	0	
G	13b27c4	50.86	0	1	
G	13b2900	50.86	0	0	
G	13b32a8	50.86	0	0	
G	11fe468	50.87	0	0	
G	11fe62c	50.87	0	0	
G	1236350	50.87	2	2	
G	123652c	50.87	0	0	
G	12397b0	50.87	0	0	
G	123be50	50.87	0	0	
G	123dc94	50.87	0	0	
G	123ed28	50.87	2	2	
G	123ed5c	50.87	1	1	
G	1264530	50.87	0	0	
G	126453c	50.87	1	1	
G	126c0f8	50.87	0	0	
G	126d31c	50.87	1	1	
G	126ff10	50.87	6	8	
G	13287c8	50.87	0	0	
G	14b6a68	50.87	0	1	
G	21f6f08	50.87	1	1	
G	1238288	50.88	0	0	
G	12382dc	50.88	1	177	
G	1238c98	50.88	1	1	
G	123be5c	50.88	9	1836	
G	1248d50	50.88	23	1808	
G	12547b0	50.88	0	1	
G	1254824	50.88	9	23	
G	126fbcc	50.88	0	0	
G	1297fc4	50.88	0	0	
G	1e9ee3c	50.88	0	0	
G	11de24c	50.91	4	4	
G	1232df8	50.91	0	0	
G	12368a8	50.91	0	0	
G	1238c38	50.91	0	0	
G	1238c3c	50.91	4	4	
G	1238fa4	50.91	0	0	
G	1238fb4	50.91	1	1	
G	123be88	50.91	3	50	
G	123bebc	50.91	2	10	
G	123ea90	50.91	3	84	
G	124e8bc	50.91	8	156	
G	1250b08	50.91	10	435	
G	12546a4	50.91	0	38	
G	1258f80	50.91	2	6	
G	126c80c	50.91	0	0	
G	126c810	50.91	0	0	
G	1297fd4	50.91	4	8	
G	12984d0	50.91	8	528	
G	12986ec	50.91	2	2	
G	129af30	50.91	0	0	
G	129af40	50.91	2	2	
G	129af60	50.91	0	0	
G	14b6aa0	50.91	3	3	
G	14b6cec	50.91	1	1	
G	1e89020	50.91	0	0	
G	12398f4	50.96	0	0	
G	1e61944	50.96	0	0	
G	1e69d64	50.96	2	64	
G	1e9d684	50.96	0	0	
G	1e9d6b0	50.96	0	0	
G	2075c74	50.96	0	0	
G	209f088	50.96	0	0	
G	20a0ebc	50.96	0	0	
G	1f8c778	50.97	0	0	
G	2073de8	50.97	0	0	
G	2073e08	50.97	1	1	
G	2073fd8	50.97	2	2	
G	20759d4	50.97	0	0	
G	2075c88	50.97	0	0	
G	209d884	50.97	0	0	
G	209d8ac	50.97	0	0	
G	209d8f4	50.97	0	0	
G	209eaa0	50.97	1	1	
G	209f6f0	50.97	39	55	
G	209fcd4	50.97	12	27	
G	209ffd4	50.97	33	35	
G	20a06a8	50.97	23	37	
G	20d0dd4	50.97	2	2	
G	21452bc	50.97	1	1	
G	23244bc	50.97	0	0	
G	2325274	50.97	0	0	
G	2325808	50.97	0	0	
G	232584c	50.97	0	0	
G	2325a98	50.97	0	0	
G	2325aa4	50.97	0	0	
G	2325b04	50.97	0	0	
G	2326308	50.97	1	4	
G	2326da0	50.97	0	0	
G	2338970	50.97	0	0	
G	23389a4	50.97	0	0	
G	11e15e0	50.98	0	1	
G	11e22fc	50.98	2	2	
G	11e2330	50.98	1	1	
G	11e60b4	50.98	0	0	
G	11e61f4	50.98	0	1	
G	1238db4	50.98	0	1	
G	1e5b3b0	50.98	0	0	
G	1e5b3b4	50.98	0	65	
G	1e5b528	50.98	0	0	
G	1e5b670	50.98	0	0	
G	1e5e7ac	50.98	0	0	
G	1e5e854	50.98	0	0	
G	1e61b90	50.98	0	0	
G	1e61e84	50.98	0	0	
G	1e65d20	50.98	0	0	
G	1e661a0	50.98	0	0	
G	1fa7bac	50.98	0	0	
G	1fa8064	50.98	0	0	
G	1fa8408	50.98	0	0	
G	1fa8e50	50.98	0	0	
G	1fab6a8	50.98	0	0	
G	1fb6b00	50.98	0	0	
G	1fb7994	50.98	0	0	
G	1fc4624	50.98	0	0	
G	1fc86c8	50.98	0	0	
G	1fcdbec	50.98	0	0	
G	1fced6c	50.98	0	0	
G	1fd60fc	50.98	0	0	
G	1fd6d70	50.98	3	3	
G	1fe79e4	50.98	0	0	
G	1fe91ac	50.98	0	0	
G	1fe932c	50.98	0	1	
G	1fe946c	50.98	0	0	
G	1fe9794	50.98	0	0	
G	1fe97d8	50.98	0	0	
G	1fe9d1c	50.98	2	9	
G	1fe9dd0	50.98	4	15	
G	1fe9ebc	50.98	16	16	
G	209e324	50.98	13	182	
G	11a287c	51.00	1	1	
G	11fe77c	51.00	0	0	
G	11ff390	51.00	0	0	
G	12369d0	51.00	1	1	
G	1236a7c	51.00	6	6	
G	1236e94	51.00	2	2	
G	123bf68	51.00	2	2	
G	123da2c	51.00	0	0	
G	1256368	51.00	2	8	
G	1256c84	51.00	0	1	
G	1256f18	51.00	0	3	
G	13287d4	51.00	0	0	
G	1e5f5e8	51.00	0	0	
G	1e619dc	51.00	0	0	
G	1e61a20	51.00	0	3	
G	1e6a65c	51.00	0	3	
G	1e6a90c	51.00	0	0	
G	1e6ad10	51.00	0	0	
G	1e6b554	51.00	0	0	
G	1e77d04	51.00	0	0	
G	1e9ba58	51.00	0	0	
G	1e9bddc	51.00	1	3	
G	1e9c2ac	51.00	0	0	
G	1ea18a8	51.00	1	1	
G	11ff300	51.02	0	0	
G	11ff304	51.02	1	1	
G	1238a00	51.02	13	1640	
G	1800248	51.02	0	7	
G	1f7f798	51.02	0	0	
G	1f80564	51.02	0	0	
G	2073a50	51.02	1	1	
G	2076848	51.02	0	0	
G	209e454	51.02	2	5	
G	20c611c	51.02	7	565	
G	20c8558	51.02	0	0	
G	213b140	51.02	22	22	
G	213b49c	51.02	34	34	
G	213e81c	51.02	246	371	
G	2140ab0	51.02	34	68	
G	21b9814	51.02	219	219	
G	21d5688	51.02	102	235	
G	2324b74	51.02	1	2	
G	23251fc	51.02	0	2	
G	2325220	51.02	1	1	
G	2325844	51.02	0	0	
G	2338844	51.02	0	0	
G	233891c	51.02	0	0	
G	20eefdc	51.03	9	9	
G	21463a0	51.03	0	0	
G	21c8f08	51.03	211	456	
G	21d1164	51.03	32	37	
G	2231a44	51.03	16	18	
G	20c5df4	51.04	6	7	
G	20c60ac	51.04	6	6	
G	21676b8	51.04	7	7	
G	21678fc	51.04	20	20	
G	218e378	51.04	0	0	
G	21b1cf0	51.04	20	20	
G	21b285c	51.04	7	11	
G	21d19d8	51.04	6	57	
G	21d27b8	51.04	2	51	
G	21d4c64	51.04	5	48	
G	2230b78	51.04	27	28	
G	2141030	51.05	1	8	
G	2160b64	51.05	0	0	
G	218d10c	51.05	0	0	
G	218dc04	51.05	0	0	
G	218e470	51.05	0	0	
G	218e510	51.05	1	3	
G	218e8f0	51.05	0	0	
G	218ec6c	51.05	0	0	
G	20b4f24	51.06	2	2	
G	20b52d0	51.06	2	3	
G	20bb798	51.06	0	0	
G	20bbee4	51.06	0	1	
G	20bdc40	51.06	0	0	
G	20bdc94	51.06	0	0	
G	20bdcb8	51.06	0	0	
G	20bdfa0	51.06	0	0	
G	20be1f4	51.06	0	0	
G	20be2a8	51.06	0	1	
G	20be308	51.06	1	1	
G	20c3e18	51.06	1	2	
G	20c42b0	51.06	0	1	
G	214406c	51.06	0	0	
G	21463b4	51.06	1	2	
G	21bc588	51.06	0	0	
G	21bd004	51.06	1	1	
G	21bdbc0	51.06	13	14	
G	21bf60c	51.06	3	16	
G	2356a50	51.06	1	2	
G	2356c24	51.06	1	2	
G	11a28d8	51.07	1	1	
G	1202424	51.07	0	0	
G	1238158	51.07	0	1	
G	126c804	51.07	0	0	
G	1e5cbd0	51.07	0	27	
G	1e6a8d8	51.07	1	1	
G	1f310c4	51.07	0	0	
G	1f31b80	51.07	0	0	
G	1f3677c	51.07	0	0	
G	1f9555c	51.07	0	6	
G	1f96ae4	51.07	7	13	
G	1fa7b9c	51.07	0	0	
G	1fb1204	51.07	0	0	
G	1fc460c	51.07	0	0	
G	1fe9c08	51.07	0	0	
G	20bf3f8	51.07	0	0	
G	20bf5e4	51.07	0	0	
G	20d1ae8	51.07	1	1	
G	20d27a8	51.07	0	4	
G	20df790	51.07	0	0	
G	20dfa78	51.07	0	0	
G	20dfab4	51.07	0	0	
G	20e6114	51.07	2	2	
G	20e61c4	51.07	3	3	
G	218ec84	51.07	0	0	
G	21b3020	51.07	0	0	
G	21b3858	51.07	0	0	
G	21b454c	51.07	3	56	
G	21b4980	51.07	0	0	
G	21bbd08	51.07	0	0	
G	21bbd28	51.07	3	3	
G	21bbfac	51.07	26	89	
G	21d558c	51.07	0	0	
G	21d5f6c	51.07	0	0	
G	11a4270	51.08	2	2	
G	11ff500	51.08	0	0	
G	1238eec	51.08	0	1	
G	124dc44	51.08	3	5	
G	124dde0	51.08	2	2	
G	13782e4	51.08	0	9	
G	1e34198	51.08	1	1	
G	1e3426c	51.08	0	128	
G	1e5b6ac	51.08	24	46	
G	1e5b990	51.08	12	12	
G	1e5bae8	51.08	23	34	
G	1e5d7b0	51.08	10	10	
G	1e5d9e0	51.08	6	6	
G	1e5e83c	51.08	0	0	
G	1e5f310	51.08	4	4	
G	1e5fce4	51.08	2	2	
G	1e5fd98	51.08	3	3	
G	1e622ac	51.08	0	0	
G	1e65970	51.08	2	2	
G	1e65988	51.08	5	5	
G	1e65c94	51.08	10	15	
G	1e66104	51.08	5	5	
G	1e7ce20	51.08	38	38	
G	1e7df38	51.08	0	0	
G	1fc86b0	51.08	0	0	
G	1fcdbd4	51.08	0	0	
G	1fced54	51.08	0	0	
G	1fe7070	51.08	0	0	
G	2074294	51.08	38	231	
G	2074664	51.08	74	158	
G	2074f38	51.08	0	128	
G	1238fe4	51.09	4	4	
G	1239230	51.09	1	1	
G	1239548	51.09	4	4	
G	1e5bde4	51.09	12	3478	
G	1e5c160	51.09	6	9	
G	1e5c2d0	51.09	3	3	
G	1e5db48	51.09	4	4	
G	1e5e220	51.09	4	5	
G	1e5f878	51.09	1	1	
G	1e5fe10	51.09	0	0	
G	1e60014	51.09	4	22	
G	1e601e4	51.09	12	36	
G	1e621e0	51.09	0	0	
G	1f5825c	51.09	276	276	
G	1f5f4c0	51.09	168	3391	
G	1f8db98	51.09	0	6	
G	1f8dc14	51.09	8	8	
G	1f8dc78	51.09	2	2	
G	1f8dd3c	51.09	0	0	
G	1f8de1c	51.09	6	6	
G	1f8dee4	51.09	2	2	
G	1f8df80	51.09	5	5	
G	1f8e1d0	51.09	3	3	
G	1f8e324	51.09	6	3397	
G	1f8e494	51.09	0	3397	
G	1f8e728	51.09	0	0	
G	1f8e74c	51.09	14	1202	
G	1fa8e84	51.09	0	0	
G	1fab084	51.09	0	0	
G	1fab770	51.09	28	28	
G	1fc4844	51.09	0	0	
G	1fc4d90	51.09	40	41	
G	1fd7934	51.09	0	0	
G	1fd7940	51.09	2	2	
G	1fd8204	51.09	0	0	
G	1fd8210	51.09	1	1	
G	1fd93a4	51.09	0	0	
G	1fd93c8	51.09	2	11	
G	1fe95b4	51.09	0	0	
G	1fe98c4	51.09	0	0	
G	1fe99a8	51.09	1	1	
G	1fe99cc	51.09	11	34	
G	1fea02c	51.09	20	63	
G	2074990	51.10	3	3	
G	2324790	51.10	30	700	
G	23386f8	51.10	31	163	
G	2339188	51.10	13	1049	
G	1f5e4f8	51.11	399	720	
G	1f5ee14	51.11	130	181	
G	2072ef0	51.11	0	0	
G	2072f00	51.11	3	10	
G	2073d8c	51.11	7	44	
G	2074b7c	51.11	1	218	
G	209f258	51.11	0	0	
G	2174418	51.11	0	6	
G	217ebbc	51.11	20	20	
G	2324950	51.11	8	270	
G	2326de4	51.11	17	1655	
G	2327804	51.11	0	0	
G	218eb70	51.17	4	193	
G	21c2670	51.17	0	0	
G	131647c	51.23	2	2	
G	1316758	51.23	1	1	
G	13b37e8	51.23	0	2	
G	170ca80	51.23	0	0	
G	1def31c	51.23	0	2	
G	1e14908	51.23	0	0	
G	1e16c3c	51.23	0	0	
G	1e16e14	51.23	0	6	
G	1236fc0	51.24	1	2	
G	1298658	51.24	0	0	
G	129bc94	51.24	0	0	
G	13774ec	51.24	0	0	
G	1377928	51.24	0	0	
G	1377a10	51.24	0	0	
G	1e14d24	51.24	0	1	
G	1e5cf38	51.24	0	0	
G	1e5f7f4	51.24	1	3	
G	1e5f9cc	51.24	0	0	
G	1e68d50	51.24	0	0	
G	1e6a618	51.24	0	0	
G	1e8934c	51.24	0	0	
G	1f8db68	51.24	0	2	
G	1f98cac	51.24	0	49	
G	1fa05c8	51.24	9	49	
G	1fce0ac	51.24	0	0	
G	1fdef6c	51.24	0	0	
G	1fdef74	51.24	2	2	
G	216e568	51.24	0	0	
G	12372d4	51.26	0	0	
G	1237dec	51.26	1	1	
G	1237f24	51.26	0	0	
G	1e5ce00	51.26	0	0	
G	1e5e880	51.26	0	0	
G	209fd78	51.26	0	0	
G	20bb700	51.26	0	0	
G	2326ecc	51.26	100	1638	
G	2327808	51.26	60	278	
G	232909c	51.26	19	23	
G	11a6744	51.27	4	4	
G	2074840	51.27	18	40	
G	20a02a0	51.27	0	0	
G	20a07d8	51.27	0	0	
G	20a0f78	51.27	4	4	
G	20a0fd8	51.27	0	0	
G	20a1198	51.27	6	6	
G	20a11f4	51.27	17	52	
G	20a145c	51.27	14	14	
G	20a15ec	51.27	6	6	
G	20a1648	51.27	19	19	
G	20a1954	51.27	32	276	
G	20aa82c	51.27	256	256	
G	20ab14c	51.27	36	36	
G	2327dac	51.27	145	623	
G	23287dc	51.27	89	554	
G	23292f8	51.27	21	40	
G	2329698	51.27	39	39	
G	2329994	51.27	55	55	
G	2329d78	51.27	93	323	
G	232a08c	51.27	102	102	
G	232a9f4	51.27	31	31	
G	232ac84	51.27	32	32	
G	209fa3c	51.28	0	0	
G	20a1084	51.28	3	3	
G	20a1114	51.28	0	0	
G	20a2880	51.28	14	14	
G	1e17218	51.49	0	1	
G	1e77cfc	51.49	0	0	
G	2194f4c	51.49	0	0	
G	219d3f4	51.49	0	0	
G	1fc5e50	51.50	0	0	
G	1187638	51.51	0	3	
G	1340bfc	51.51	0	0	
G	1378588	51.51	3	4	
G	137945c	51.51	0	0	
G	137959c	51.51	0	0	
G	138c1b0	51.51	0	0	
G	138c634	51.51	0	0	
G	11a4744	51.52	0	0	
G	137fa0c	51.52	0	0	
G	137fb8c	51.52	1	4	
G	1380ca8	51.52	0	1	
G	1381378	51.52	0	0	
G	1381828	51.52	0	0	
G	13830a0	51.52	1	1	
G	1386ef8	51.52	1	1	
G	1386fe8	51.52	0	0	
G	1fdee48	51.52	20	72	
G	1380578	51.53	2	3	
G	1382db0	51.53	1	1	
G	1fcef44	51.53	0	0	
G	1fcf4ac	51.53	74	167	
G	1fdee24	51.53	0	0	
G	1fdf1fc	51.53	0	0	
G	1fdf220	51.53	3	3	
G	1238e64	51.54	0	0	
G	1382fe8	51.54	0	0	
G	1f39954	51.54	0	0	
G	13807e4	51.56	0	0	
G	1e7ea08	51.56	1	1	
G	123753c	51.57	0	0	
G	1237768	51.57	1	1	
G	138142c	51.57	0	0	
G	138151c	51.57	0	1	
G	1e5b4d0	51.57	0	0	
G	1e5c920	51.57	0	0	
G	1e620f4	51.57	0	0	
G	1f59b24	51.57	0	0	
G	1f98c78	51.57	0	28	
G	1f9f6f0	51.57	9	28	
G	1fdee94	51.57	1	1	
G	1fdef20	51.57	1	1	
G	1fd825c	51.58	0	0	
G	1fd8270	51.58	0	0	
G	1fdcdc8	51.58	2	24	
G	1fdd000	51.58	0	0	
G	1fdd08c	51.58	0	0	
G	14893d8	51.88	0	0	
G	1d985d0	51.88	0	0	
G	1d99c18	51.88	0	0	
G	1d9b5ec	51.88	1	1	
G	1e188b4	51.88	0	0	
G	1d99e78	51.89	0	0	
G	1703468	51.91	0	0	
G	17c8b80	51.91	0	0	
G	19f125c	51.91	1	14	
G	17c7d4c	51.93	1	110	
G	17c82b0	51.93	0	96	
G	1cfd440	51.93	0	0	
G	1cfd640	51.93	0	0	
G	1de4e9c	51.93	0	1	
G	1cfd66c	52.02	0	30	
G	1cfd660	52.19	1	1	
G	1cfd774	52.19	0	0	
G	1de4e18	52.19	0	0	
G	1de5090	52.19	0	0	
G	1e1d4a0	52.19	3	27	
G	1e1de48	52.19	0	0	
G	158e86c	52.21	0	0	
G	1dfeef4	52.21	0	3	
G	1e1a680	52.21	1	4	
G	1e1c33c	52.21	0	0	
G	1e1e730	52.21	0	0	
G	1e1e74c	52.21	0	0	
G	1e346d0	52.21	0	0	
G	1e38da4	52.21	0	0	
G	1eb893c	52.21	0	0	
G	1958950	52.22	0	4	
G	195969c	52.22	1	2	
G	195aff8	52.22	0	0	
G	195b190	52.22	0	0	
G	195b940	52.22	0	0	
G	195bd94	52.22	0	0	
G	195c0e4	52.22	0	1	
G	195c230	52.22	0	3	
G	195cb38	52.22	0	0	
G	195cb54	52.22	0	0	
G	195ccec	52.22	1	1	
G	195ccf4	52.22	0	0	
G	1cfd7b8	52.22	0	0	
G	1cfd7d4	52.22	0	0	
G	1df24d8	52.22	0	0	
G	1df2538	52.22	0	0	
G	1df5e1c	52.22	0	0	
G	1e34768	52.22	0	0	
G	1e34770	52.22	0	0	
G	1e38e50	52.22	0	0	
G	195cc74	52.37	0	0	
G	195cc7c	52.37	0	0	
G	1383490	56.92	0	0	
G	1fd79ec	56.92	0	0	
G	1fd7a10	56.92	1	1	
G	1fd82bc	56.92	0	0	
G	1fd82e0	56.92	0	0	
G	1fd9490	56.92	0	0	
G	1fd94f8	56.92	0	0	
G	1fdf344	56.92	0	0	
G	1fdf34c	56.92	0	0	
G	195c544	60.74	0	0	
G	195cb5c	60.74	0	1	
G	1e1e754	60.74	0	0	
G	1806a9c	60.89	0	0	
G	1cfd5f8	60.89	1	2	
G	1cfd7dc	60.89	0	0	
G	1de4f94	60.89	0	1	
G	15ce5f4	60.91	0	0	
G	15ce5fc	60.91	0	0	
G	15ce6e8	60.91	2	2	
G	15ceafc	60.91	0	0	
G	15ceccc	60.91	0	0	
G	15ceea4	60.91	1	1	
G	15cf240	60.91	0	0	
G	15cf3ec	60.91	0	0	
G	15cf440	60.91	0	0	
G	15cf510	60.91	0	0	
G	16f550c	60.91	0	0	
G	17c876c	60.91	0	14	
G	17c89fc	60.91	0	0	
G	17c8c68	60.91	0	5	
G	17c90f8	60.91	0	5	
G	17c9728	60.91	0	2	
G	17c9d7c	60.91	1	1	
G	17ca268	60.91	0	0	
G	17ca338	60.91	1	1	
G	17ca9c8	60.91	0	0	
G	15ce5f8	60.92	0	0	
G	15d0088	60.92	0	0	
G	15d008c	60.92	0	0	
G	15d0394	60.92	0	2	
G	15d0518	60.92	0	0	
G	15d0760	60.92	0	0	
G	15d0928	60.92	0	0	
G	15d0cac	60.92	0	0	
G	15d0e00	60.92	0	0	
G	16f5518	60.92	0	0	
G	17c8d34	60.92	2	9	
G	17cabd4	60.92	1	1	
G	17caf4c	60.92	0	6	
G	17cb06c	60.92	1	3	
G	17cb6c0	60.92	0	0	
G	17cb790	60.92	1	1	
G	17cbca4	60.92	0	0	
G	17cbec8	60.92	0	0	
G	17cbefc	60.92	0	0	
G	17cbf00	60.92	0	0	
G	17cc078	60.92	0	0	
G	17cc290	60.92	0	0	
G	1cf5bf8	60.92	0	0	
G	1cf616c	60.93	0	2	
G	1cf7594	60.93	3	75	
G	1cfd77c	60.98	0	0	
G	20df574	60.98	0	0	
G	20e6258	60.98	0	0	
G	213e20c	60.98	0	0	
G	21a6300	60.98	1	1	
G	21a6440	60.98	0	0	
G	1cfd530	61.06	0	0	
G	1bf5580	61.10	0	1	
G	1cf5068	61.10	0	2	
G	1cf58d4	61.10	0	0	
G	1cf627c	61.10	2	7	
G	1cf6c54	61.10	0	1	
G	1cf6d94	61.10	0	0	
G	1cf702c	61.10	1	1	
G	1cf8318	61.10	0	0	
G	1cfa760	61.10	0	0	
G	1cfac24	61.10	0	0	
G	1cfaf98	61.10	0	0	
G	1cfb29c	61.10	0	0	
G	1cfbc44	61.10	1	1	
G	1cfbc60	61.10	0	0	
G	1cfc098	61.10	0	0	
G	1cfc0b4	61.10	0	0	
G	1cfc134	61.10	0	0	
G	1cfc150	61.10	0	0	
G	1cfc1d0	61.10	0	0	
G	1cfc1ec	61.10	0	0	
G	1cfc404	61.10	0	0	
G	1cfc420	61.10	0	0	
G	1cfc4c4	61.10	0	0	
G	1eb5058	61.10	0	0	
G	1ec4258	61.10	0	0	
G	1eca2f0	61.10	0	1	
G	1cf5a04	61.11	0	0	
G	1cf7130	61.11	1	1	
G	1cf7ba0	61.11	0	49	
G	1cf8348	61.11	0	48	
G	1cf9f84	61.11	0	48	
G	1cfa318	61.11	1	21	
G	1cf8fb0	61.15	4	20	
G	1cfa688	61.15	0	0	
G	1ddaea4	61.15	0	0	
G	114c0f4	61.16	1	80	
G	1172f20	61.16	2	2	
G	1179304	61.16	0	0	
G	11793d4	61.16	0	0	
G	17234c8	61.16	1	63	
G	1dd2fa0	61.16	0	0	
G	1ddafb4	61.16	1	1	
G	1ec465c	61.17	0	0	
G	1ecc5a4	61.17	0	0	
G	1cfc708	61.19	0	0	
G	1cfc724	61.19	0	0	
G	1cf82f0	61.20	0	0	
G	1ed177c	61.20	0	0	
G	1cfc72c	61.50	0	0	
G	1cfc844	61.50	0	0	
G	1cfc860	61.50	0	0	
G	1cfc868	61.74	1	1	
G	1cfc988	61.74	0	0	
G	1cfc9a4	61.74	0	0	
G	11a4938	62.65	0	0	
G	138196c	62.65	0	0	
G	138c180	62.65	0	0	
G	1cfc9ac	62.65	0	2	
G	1d9b65c	62.65	0	0	
G	1df9d50	62.65	0	0	
G	1cfca70	62.66	0	0	
G	1cfca8c	62.66	0	0	
G	1ec46dc	62.66	1	1	
G	1ecca64	62.66	0	0	
G	1ece1a8	62.67	0	0	
G	1ece1b0	62.67	0	0	
G	1700bec	62.68	0	0	
G	1dc82e8	62.68	0	0	
G	1cfca94	63.22	1	1	
G	1cfcc38	63.22	0	0	
G	1cfcc54	63.22	0	0	
G	1cf7348	63.37	0	0	
G	1cfc680	63.37	0	0	
G	1cfc69c	63.37	0	0	
G	1cfcc5c	63.37	0	0	
G	1ec4400	63.37	0	0	
G	1cfc6a4	63.86	0	0	
G	1cfbc68	66.00	0	0	
G	1cfbf58	66.00	0	0	
G	1cfbf74	66.00	0	0	
G	1cf60d4	66.30	0	1	
G	1cfbf7c	66.30	0	0	
G	1b64328	66.32	0	0	
G	1738c3c	66.35	0	0	
G	1a00188	66.35	0	0	
G	1d9c04c	66.35	0	0	
G	1d9c69c	66.35	0	0	
G	17fadc0	66.37	0	0	
G	1d9a1f8	66.37	0	0	
G	1ea2188	66.37	0	0	
G	21d6ecc	66.39	0	0	
G	1cf5d4c	66.42	0	0	
G	1cf5ff8	66.42	0	0	
G	1e92bbc	66.47	0	0	
G	1e92c9c	66.47	0	2	
G	1ab1144	66.49	1	1	
G	19f1cc4	66.51	0	0	
G	19ef4e8	67.53	2	190	
G	134ed00	67.56	0	0	
G	1a01ba0	67.57	0	1	
G	19f237c	67.58	0	0	
G	1dda7c8	67.58	1	3	
G	1758da4	67.60	1	1	
G	19f2454	67.60	0	35	
G	1a01b5c	67.61	0	0	
G	1ea9818	69.61	0	0	
G	1649054	69.69	0	0	
G	1649360	69.69	0	1	
G	16494e4	69.69	0	1	
G	16b1d2c	69.69	1	4	
G	16b1f74	69.69	0	4	
G	16b2e78	69.69	1	1	
G	16f58c0	69.69	0	0	
G	175d738	69.69	0	4	
G	18efa40	69.69	0	0	
G	19fb4c8	69.69	0	9	
G	1de85a0	69.69	0	1	
G	1de85f4	69.69	1	1	
G	1de874c	69.69	0	0	
G	1649058	69.70	0	0	
G	164972c	69.70	0	0	
G	16498a4	69.70	0	0	
G	1649cec	69.70	0	0	
G	1649dbc	69.70	0	0	
G	16b2004	69.70	0	1	
G	16b2f78	69.70	0	0	
G	17fe7e4	69.70	0	0	
G	19e556c	69.70	0	3	
G	19f189c	69.70	0	0	
G	19f1de4	69.70	1	4	
G	1dc8de4	69.70	2	8	
G	1387d34	70.03	1	1	
G	1879784	70.03	0	0	
G	188e34c	70.03	0	0	
G	19f1fa8	70.03	0	1	
G	1cb913c	70.03	0	0	
G	1db16d0	70.03	0	0	
G	17bae90	70.06	0	0	
G	11d89e4	70.08	0	1	
G	1378090	70.08	0	14	
G	1381a94	70.08	0	0	
G	13aefb4	70.08	0	14	
G	15ac23c	70.08	1	43	
G	15b4948	70.08	0	0	
G	15b5088	70.08	0	0	
G	15b5b64	70.08	0	0	
G	15b61b4	70.08	0	0	
G	15b6b04	70.08	0	0	
G	15b7244	70.08	0	0	
G	15b9088	70.08	2	12	
G	15b96d8	70.08	0	0	
G	15ba224	70.08	0	1	
G	15ba874	70.08	0	0	
G	15bb550	70.08	0	0	
G	15bbba0	70.08	0	0	
G	15bc4f8	70.08	0	0	
G	15bcc38	70.08	0	0	
G	15be174	70.08	0	0	
G	15be8b4	70.08	0	0	
G	15bfe74	70.08	0	0	
G	15c0650	70.08	0	0	
G	15c0eec	70.08	0	0	
G	15c162c	70.08	0	0	
G	15c1ec8	70.08	0	0	
G	15c2608	70.08	1	1	
G	15c2ea4	70.08	0	0	
G	15c35e4	70.08	0	0	
G	15c3e80	70.08	0	0	
G	15c45c0	70.08	0	0	
G	15c4f5c	70.08	0	0	
G	15c569c	70.08	0	0	
G	15c5f38	70.08	0	0	
G	15c6678	70.08	0	0	
G	15c7258	70.08	0	0	
G	15c7998	70.08	0	0	
G	15c8578	70.08	0	0	
G	15c8cb8	70.08	0	0	
G	15ca1dc	70.08	0	0	
G	15ca91c	70.08	0	0	
G	15cb1b8	70.08	0	0	
G	15cba20	70.08	0	0	
G	15cc778	70.08	0	0	
G	15ccfa4	70.08	0	0	
G	15cdd94	70.08	0	0	
G	15ce4d4	70.08	0	0	
G	15cf928	70.08	0	0	
G	15d0068	70.08	0	0	
G	15d1200	70.08	1	1	
G	15d1940	70.08	0	0	
G	15d2bfc	70.08	0	0	
G	15d333c	70.08	0	0	
G	15d462c	70.08	0	0	
G	15d4e88	70.08	0	0	
G	15d5624	70.08	0	0	
G	15d5e80	70.08	0	0	
G	15d6cbc	70.08	0	0	
G	15d73fc	70.08	0	0	
G	15d7c98	70.08	0	0	
G	15d83d8	70.08	0	0	
G	15d9634	70.08	0	0	
G	15d9d74	70.08	0	0	
G	15db464	70.08	0	0	
G	15dbba4	70.08	0	0	
G	15dc440	70.08	0	0	
G	15dcb80	70.08	0	0	
G	15de51c	70.08	0	0	
G	15dec5c	70.08	0	0	
G	15e04c4	70.08	0	0	
G	15e0c04	70.08	0	0	
G	15e5108	70.08	1	1	
G	15e5848	70.08	0	0	
G	15e7dc0	70.08	0	0	
G	15e8500	70.08	0	0	
G	15e9a48	70.08	0	0	
G	15ea188	70.08	0	0	
G	15ec040	70.08	0	0	
G	15ec780	70.08	0	0	
G	15ee360	70.08	0	0	
G	15eeaa0	70.08	0	0	
G	15efc74	70.08	0	0	
G	15f0444	70.08	0	0	
G	15f1254	70.08	0	0	
G	15f1994	70.08	0	0	
G	15f2330	70.08	0	0	
G	15f2bcc	70.08	0	0	
G	15f3b80	70.08	2	9	
G	15f41d0	70.08	0	0	
G	15f4ce8	70.08	0	0	
G	15f5428	70.08	0	0	
G	15f6ed4	70.08	0	0	
G	15f7614	70.08	0	0	
G	15f816c	70.08	0	1	
G	15f89d8	70.08	0	0	
G	15f9588	70.08	1	1	
G	15f9cc8	70.08	0	0	
G	15fa664	70.08	0	0	
G	15fada4	70.08	0	0	
G	15fb540	70.08	0	0	
G	15fbc80	70.08	0	0	
G	15fcec0	70.08	0	0	
G	15fd758	70.08	0	0	
G	15fdfec	70.08	0	0	
G	15fe72c	70.08	0	0	
G	15feec8	70.08	1	1	
G	15ff5ec	70.08	0	0	
G	16007b4	70.08	0	0	
G	1600ffc	70.08	0	0	
G	1601f48	70.08	0	0	
G	1602688	70.08	0	0	
G	16037a8	70.08	0	0	
G	1603ecc	70.08	0	0	
G	1604868	70.08	0	0	
G	1604fa8	70.08	0	0	
G	1605844	70.08	0	0	
G	1606014	70.08	0	0	
G	1606d00	70.08	0	0	
G	1607440	70.08	0	0	
G	1607ddc	70.08	0	0	
G	160851c	70.08	0	0	
G	160982c	70.08	1	1	
G	1609f6c	70.08	0	0	
G	160b254	70.08	0	0	
G	160b994	70.08	0	0	
G	160cca8	70.08	0	0	
G	160d4fc	70.08	0	0	
G	160e018	70.08	0	0	
G	160e758	70.08	0	0	
G	160f05c	70.08	0	0	
G	160f79c	70.08	0	0	
G	16107ec	70.08	0	0	
G	1610f2c	70.08	0	0	
G	1613658	70.08	0	0	
G	1613ea0	70.08	0	0	
G	1614df0	70.08	0	0	
G	1615530	70.08	0	0	
G	16167ec	70.08	0	0	
G	1616fbc	70.08	0	0	
G	1617d84	70.08	0	0	
G	16184c4	70.08	0	0	
G	1619794	70.08	0	0	
G	1619ed4	70.08	0	0	
G	161b504	70.08	0	0	
G	161bc44	70.08	0	0	
G	161e308	70.08	1	1	
G	161ea48	70.08	0	0	
G	161feec	70.08	0	0	
G	162062c	70.08	0	0	
G	16217ec	70.08	0	0	
G	1622094	70.08	0	0	
G	16e84c0	70.08	0	0	
G	16ed160	70.08	2	42	
G	16fb404	70.08	0	0	
G	1e16934	70.08	1	1	
G	1e16ec0	70.08	1	2	
G	1e17060	70.08	0	2	
G	11a28a4	70.09	0	0	
G	16230a0	70.09	0	0	
G	16237e0	70.09	0	0	
G	1624f8c	70.09	0	0	
G	16256cc	70.09	0	0	
G	162679c	70.09	0	0	
G	1626edc	70.09	0	0	
G	16281ac	70.09	0	0	
G	16288d0	70.09	0	0	
G	1629938	70.09	0	0	
G	162a05c	70.09	0	0	
G	162be14	70.09	0	0	
G	162c65c	70.09	0	0	
G	162d59c	70.09	0	0	
G	162dcdc	70.09	0	0	
G	162ee00	70.09	0	0	
G	162f540	70.09	0	0	
G	1630790	70.09	0	0	
G	1631040	70.09	0	0	
G	16321d4	70.09	0	0	
G	1632914	70.09	0	0	
G	1633e48	70.09	1	1	
G	1634588	70.09	0	0	
G	16358fc	70.09	0	0	
G	1636020	70.09	0	0	
G	1636fbc	70.09	0	0	
G	16376fc	70.09	0	0	
G	1638b1c	70.09	0	0	
G	163925c	70.09	0	0	
G	1639b60	70.09	1	1	
G	163a2a0	70.09	0	0	
G	163bb00	70.09	0	0	
G	163c240	70.09	0	0	
G	163c4cc	70.09	0	0	
G	163cbf0	70.09	0	0	
G	163d58c	70.09	0	0	
G	163dccc	70.09	0	0	
G	163fb18	70.09	0	0	
G	1640258	70.09	0	0	
G	16414cc	70.09	0	0	
G	1641c0c	70.09	0	0	
G	16427ec	70.09	0	0	
G	1642f2c	70.09	0	0	
G	1643dd0	70.09	0	0	
G	1644420	70.09	0	0	
G	1644e78	70.09	0	0	
G	16455b8	70.09	0	0	
G	16468d4	70.09	1	1	
G	1647014	70.09	0	0	
G	1647918	70.09	0	0	
G	1648058	70.09	0	0	
G	16487f4	70.09	0	0	
G	1648f34	70.09	0	0	
G	164a1d4	70.09	0	0	
G	164aa28	70.09	0	0	
G	164b9f0	70.09	0	0	
G	164c114	70.09	0	0	
G	164d1a8	70.09	0	0	
G	164d8e8	70.09	0	0	
G	164ea28	70.09	0	0	
G	164f168	70.09	0	0	
G	16503a0	70.09	0	0	
G	1650ae0	70.09	0	0	
G	165147c	70.09	0	0	
G	1651d0c	70.09	0	0	
G	1652da0	70.09	0	0	
G	16534c4	70.09	0	0	
G	1654668	70.09	0	0	
G	1654da8	70.09	0	0	
G	1656194	70.09	0	0	
G	16569dc	70.09	0	0	
G	1656f1c	70.09	0	0	
G	165765c	70.09	0	0	
G	1658850	70.09	1	1	
G	1658f90	70.09	0	0	
G	165a284	70.09	0	0	
G	165ab20	70.09	0	0	
G	165c9f4	70.09	0	0	
G	165d118	70.09	0	0	
G	165e438	70.09	0	0	
G	165eb78	70.09	0	0	
G	165f47c	70.09	0	0	
G	165fba0	70.09	0	0	
G	1660b4c	70.09	0	0	
G	166128c	70.09	0	0	
G	166274c	70.09	0	0	
G	1662e8c	70.09	0	0	
G	166407c	70.09	0	0	
G	16647bc	70.09	0	0	
G	1666148	70.09	0	0	
G	1666888	70.09	0	0	
G	1667e04	70.09	0	0	
G	1668544	70.09	0	0	
G	166986c	70.09	0	0	
G	1669fac	70.09	0	0	
G	166b5ac	70.09	0	0	
G	166bcec	70.09	0	0	
G	166c5f0	70.09	0	0	
G	166ce88	70.09	0	0	
G	166dedc	70.09	1	1	
G	166e61c	70.09	0	0	
G	166f8b8	70.09	0	0	
G	166fff8	70.09	0	0	
G	1670bdc	70.09	0	0	
G	1671300	70.09	0	0	
G	1672060	70.09	0	0	
G	16728f0	70.09	0	0	
G	167323c	70.09	1	1	
G	167397c	70.09	0	0	
G	1674c68	70.09	0	0	
G	16753a8	70.09	0	0	
G	1676818	70.09	0	0	
G	1676f58	70.09	0	0	
G	1678140	70.09	0	0	
G	1678994	70.09	0	0	
G	167958c	70.09	0	0	
G	1679ccc	70.09	0	0	
G	167a568	70.09	0	0	
G	167aca8	70.09	0	0	
G	167b6ac	70.09	0	0	
G	167bdec	70.09	0	0	
G	167d4e4	70.09	0	0	
G	167dc24	70.09	0	0	
G	167e528	70.09	0	0	
G	167edb8	70.09	0	0	
G	167f908	70.09	0	0	
G	1680048	70.09	0	0	
G	168153c	70.09	0	0	
G	1681c7c	70.09	0	0	
G	1682618	70.09	0	0	
G	1682d58	70.09	0	0	
G	1683938	70.09	0	0	
G	1684078	70.09	0	0	
G	16856e0	70.09	0	0	
G	1685e20	70.09	0	0	
G	1686a00	70.09	0	0	
G	1687140	70.09	0	0	
G	1689650	70.09	0	0	
G	1689d74	70.09	0	0	
G	168ad7c	70.09	0	0	
G	168b4bc	70.09	0	0	
G	168c7d0	70.09	0	0	
G	168cf10	70.09	0	0	
G	168d8b0	70.09	0	0	
G	168dff0	70.09	0	0	
G	168e7f4	70.09	0	0	
G	168ef34	70.09	0	0	
G	1690878	70.09	1	1	
G	16910c0	70.09	0	0	
G	1692104	70.09	1	1	
G	1692828	70.09	0	0	
G	169394c	70.09	0	0	
G	1694070	70.09	0	0	
G	1695224	70.09	0	0	
G	1695a6c	70.09	0	0	
G	16978a8	70.09	0	0	
G	1697fcc	70.09	0	0	
G	1699338	70.09	0	0	
G	1699b80	70.09	0	0	
G	169a9e4	70.09	0	0	
G	169b124	70.09	0	0	
G	169c55c	70.09	0	0	
G	169cc9c	70.09	0	0	
G	169dee0	70.09	0	0	
G	169e604	70.09	0	0	
G	169f6f4	70.09	0	0	
G	169fe18	70.09	0	0	
G	16a1120	70.09	0	0	
G	16a18f0	70.09	0	0	
G	16a26c0	70.09	0	0	
G	16a2e00	70.09	0	0	
G	16a38e0	70.09	0	0	
G	16a4020	70.09	0	0	
G	16a4c00	70.09	2	2	
G	16a5448	70.09	0	0	
G	16a647c	70.09	0	0	
G	16a6bbc	70.09	0	0	
G	16a7934	70.09	0	0	
G	16a8074	70.09	0	0	
G	16a9114	70.09	0	0	
G	16a9838	70.09	0	0	
G	16aa930	70.09	0	0	
G	16ab070	70.09	0	0	
G	16ac4a8	70.09	0	0	
G	16acbe8	70.09	0	0	
G	1e97bb4	70.09	0	0	
G	11a41b4	70.10	0	0	
G	11a658c	70.10	1	43	
G	11abc3c	70.10	0	8	
G	123178c	70.10	1	1	
G	129792c	70.10	0	0	
G	129b778	70.10	0	0	
G	17fc9c4	70.10	0	0	
G	19f52c0	70.10	0	0	
G	19f54f4	70.10	0	0	
G	1e114b8	70.10	0	0	
G	1e5dee0	70.10	0	0	
G	1e7dd14	70.10	0	8	
G	1e7de68	70.10	0	0	
G	1e80144	70.10	0	0	
G	1e98c54	70.10	0	0	
G	1ebc3c0	70.10	0	2	
G	1eda60c	70.10	0	0	
G	11e157c	70.11	0	1	
G	11ef93c	70.11	0	0	
G	11fe4c0	70.11	0	0	
G	11fe508	70.11	0	0	
G	120b568	70.11	0	0	
G	1210068	70.11	3	3	
G	12105cc	70.11	0	0	
G	1231744	70.11	0	0	
G	1232e18	70.11	0	0	
G	1238230	70.11	0	0	
G	123bee8	70.11	0	0	
G	123ddf8	70.11	0	0	
G	1250814	70.11	0	0	
G	1254908	70.11	0	10	
G	1254c40	70.11	2	3	
G	1255230	70.11	0	0	
G	1255490	70.11	0	0	
G	17fae14	70.11	2	3	
G	188e370	70.11	0	0	
G	19f1f34	70.11	1	1	
G	1cb9204	70.11	0	0	
G	1df24a8	70.11	2	2	
G	1238278	70.13	0	0	
G	123888c	70.13	1	10	
G	129b7a8	70.13	0	0	
G	129c1e8	70.13	0	13	
G	17fad24	70.13	0	0	
G	1e6a4f4	70.13	0	0	
G	20ef564	70.13	0	0	
G	20eff9c	70.13	0	0	
G	1879604	70.20	0	0	
G	187c0c8	70.20	0	0	
G	188b590	70.20	0	0	
G	1e5e448	70.21	0	1	
G	1f9c410	70.21	1	9	
G	1f9c4e4	70.21	0	9	
G	200bc70	70.21	0	0	
G	11e15a0	70.23	0	1	
G	11e2450	70.23	1	1	
G	11e61bc	70.23	0	0	
G	209d7cc	70.23	0	0	
G	1e5b0f8	70.25	0	0	
G	1e5b150	70.25	0	12	
G	1e5e390	70.25	1	11	
G	1e5f3d8	70.25	0	0	
G	1e5f460	70.25	0	0	
G	1e61480	70.25	0	0	
G	1e614ac	70.25	0	0	
G	1e65bc0	70.25	0	0	
G	1e69548	70.25	0	7	
G	1e6a420	70.25	1	20	
G	1e9b650	70.25	0	0	
G	1e9b688	70.25	0	0	
G	1e9c6c8	70.25	0	0	
G	1e9cc64	70.25	0	0	
G	1e9cee0	70.25	0	0	
G	1f7f69c	70.25	0	0	
G	20cc4d4	70.25	0	15	
G	20cc6d8	70.25	0	15	
G	20cfa24	70.25	2	15	
G	20d282c	70.25	1	5	
G	20d5628	70.25	0	0	
G	20d5aa4	70.25	1	1	
G	20dbf68	70.25	0	1	
G	20ddad4	70.25	0	1	
G	20df914	70.25	1	1	
G	20dfb18	70.25	0	2	
G	20e03dc	70.25	1	2	
G	20e0b84	70.25	0	0	
G	20e0dc8	70.25	0	2	
G	20e19a0	70.25	0	1	
G	20e2140	70.25	1	1	
G	20e7658	70.25	0	1	
G	20e90cc	70.25	0	0	
G	20f2390	70.25	0	0	
G	213c2dc	70.25	0	0	
G	214f56c	70.25	0	0	
G	2195384	70.25	1	1	
G	21986a4	70.25	0	1	
G	21d2df4	70.25	0	0	
G	21d2f88	70.25	0	0	
G	2325708	70.25	0	0	
G	2338e5c	70.25	0	0	
G	1e7b298	70.26	1	8	
G	20c198c	70.26	1	27	
G	20c2350	70.26	1	45	
G	20cc244	70.26	0	0	
G	2134434	70.26	0	1	
G	219516c	70.26	1	6	
G	2198cf4	70.26	0	0	
G	2198e80	70.26	0	0	
G	21a1428	70.26	0	2	
G	21a162c	70.26	0	0	
G	21a1904	70.26	0	0	
G	21a4cd4	70.26	0	4	
G	21a4f4c	70.26	0	0	
G	21a4fb0	70.26	0	0	
G	234bd7c	70.26	0	0	
G	236acd0	70.26	0	2	
G	23d0a18	70.26	0	2	
G	23d0a98	70.26	1	4	
G	2075a5c	70.27	0	0	
G	2075c54	70.27	0	0	
G	209db3c	70.27	0	0	
G	209f29c	70.27	0	0	
G	20a0e9c	70.27	1	1	
G	20a0efc	70.27	0	0	
G	20a1008	70.27	0	0	
G	20a111c	70.27	0	0	
G	20a1570	70.27	0	0	
G	20e2c48	70.27	0	0	
G	20ee3c4	70.27	0	0	
G	20ee514	70.27	0	0	
G	2131bf0	70.27	0	0	
G	213c170	70.27	0	0	
G	213c2c4	70.27	0	0	
G	213e0a8	70.27	0	0	
G	216e070	70.27	0	0	
G	217f1bc	70.27	0	0	
G	217f26c	70.27	79	79	
G	2191dac	70.27	0	0	
G	2194d28	70.27	0	0	
G	2197484	70.27	0	0	
G	21b2a88	70.27	0	0	
G	21b2b80	70.27	0	0	
G	21d5364	70.27	0	0	
G	2324718	70.27	0	0	
G	23262b4	70.27	0	0	
G	232779c	70.27	0	0	
G	23390cc	70.27	0	1	
G	2361e20	70.27	0	0	
G	2361ff0	70.27	0	0	
G	23c8918	70.27	0	1	
G	1235de0	70.28	0	0	
G	123bb30	70.28	0	0	
G	123db5c	70.28	0	0	
G	126c374	70.28	0	5	
G	126c7ec	70.28	0	5	
G	126faf4	70.28	0	0	
G	126fce0	70.28	0	0	
G	1271d50	70.28	1	1	
G	1271d98	70.28	0	0	
G	1271e28	70.28	0	0	
G	1271e78	70.28	0	0	
G	1271ec8	70.28	0	0	
G	1297840	70.28	0	0	
G	129b014	70.28	0	1	
G	129b10c	70.28	0	0	
G	17faac4	70.28	1	1	
G	20a9c94	70.28	0	0	
G	21f700c	70.28	1	1	
G	2347030	70.28	0	0	
G	11ab9b4	70.30	0	0	
G	11abb00	70.30	0	14	
G	17f9344	70.30	1	5	
G	1e6950c	70.30	0	0	
G	1e7b5b4	70.30	0	0	
G	1e7c184	70.30	1	13	
G	1e7c524	70.30	0	5	
G	1e7d57c	70.30	0	1	
G	1e96c9c	70.30	1	4	
G	1fc5e38	70.30	0	0	
G	20aa734	70.30	0	0	
G	23455c8	70.30	0	0	
G	23457f4	70.30	0	0	
G	1e7b118	70.31	0	0	
G	1e7b290	70.31	0	0	
G	1e939f8	70.31	0	1	
G	1e93b24	70.31	0	0	
G	1e93b2c	70.31	0	0	
G	1e93c50	70.31	0	0	
G	1e93c58	70.31	0	0	
G	1e93d7c	70.31	0	0	
G	1e94110	70.31	0	0	
G	1e94234	70.31	0	0	
G	1e7b208	70.33	1	4	
G	1f1e5b0	70.33	0	0	
G	1f49fe4	70.33	0	0	
G	1e79f54	70.35	0	3	
G	21d9650	70.35	0	0	
G	1e7b278	70.36	0	0	
G	11a0bb4	70.38	0	26	
G	11a0cd4	70.38	0	26	
G	11a0ef0	70.38	2	28	
G	11a2214	70.38	0	0	
G	11a6738	70.38	0	0	
G	11a9cf0	70.38	0	0	
G	11a9e78	70.38	0	0	
G	12316cc	70.38	0	0	
G	17fa9c0	70.38	0	0	
G	1e7c104	70.38	0	0	
G	137683c	70.43	0	0	
G	17baa48	70.43	0	0	
G	17baa9c	70.43	0	0	
G	17c09a4	70.43	0	0	
G	17c0b20	70.43	0	0	
G	1804ac4	70.43	0	0	
G	184a204	70.43	0	0	
G	19e43d8	70.43	0	0	
G	19e6c58	70.43	0	6	
G	19e6da0	70.43	1	1	
G	19e6eb4	70.43	1	1	
G	19e6f9c	70.43	0	6	
G	1e94368	70.43	0	1	
G	1e9448c	70.43	0	0	
G	113d5c0	70.45	0	0	
G	143cd48	70.45	0	2	
G	146f9ec	70.45	0	5	
G	14b9c90	70.45	0	5	
G	14d63a8	70.45	0	0	
G	14d63c4	70.45	0	0	
G	14d6464	70.45	0	0	
G	14d646c	70.45	0	5	
G	17c0b28	70.45	4	219	
G	17c14f4	70.45	0	0	
G	17c1508	70.45	0	0	
G	17c1510	70.45	0	5	
G	17c15bc	70.45	0	0	
G	17c15d8	70.45	0	0	
G	1f29d90	70.45	0	0	
G	1f2e6d0	70.45	0	0	
G	13c0828	70.46	0	6	
G	1418258	70.46	0	1	
G	17c15e0	70.47	0	0	
G	12cf084	70.49	1	1	
G	1854f74	70.49	0	0	
G	1bd13e0	70.49	1	2	
G	1bd211c	70.49	2	167	
G	1cb2e88	70.49	0	0	
G	15f2bec	70.51	0	0	
G	15f2bf4	70.51	1	1	
G	15f2ce0	70.51	1	2	
G	15f30f4	70.51	0	0	
G	15f32c4	70.51	0	0	
G	15f34b0	70.51	0	0	
G	16f55fc	70.51	0	0	
G	170cc50	70.51	1	7	
G	170cd78	70.51	3	6	
G	171a008	70.51	0	0	
G	171a9d8	70.51	0	7	
G	173bc1c	70.51	0	7	
G	1770bdc	70.51	1	1	
G	1771498	70.51	0	0	
G	1771568	70.51	0	0	
G	17718ac	70.51	0	0	
G	1be4b7c	70.51	1	1	
G	1bebc24	70.51	0	0	
G	1cb2ea4	70.51	0	7	
G	1db574c	70.51	0	10	
G	11cc354	70.52	0	0	
G	15f2bf0	70.52	0	0	
G	15f359c	70.52	0	0	
G	15f366c	70.52	0	0	
G	1bd2934	70.52	1	120	
G	1b1c954	70.53	0	0	
G	1381c34	70.54	0	62	
G	138a448	70.54	1	62	
G	15fea58	70.54	0	6	
G	15febdc	70.54	0	0	
G	1218de8	70.57	0	0	
G	1bde9d0	70.58	2	371	
G	1eaa834	70.66	0	0	
G	1eb3300	70.66	0	1	
G	1ec6dd8	70.66	0	1	
G	1ec7548	70.66	0	0	
G	1ec87c0	70.66	0	0	
G	1ec87dc	70.66	0	0	
G	1ec8880	70.66	0	0	
G	1ec889c	70.66	0	0	
G	1ec8938	70.66	0	0	
G	1ec8954	70.66	0	0	
G	1ed743c	70.66	0	5	
G	1ed7a04	70.66	1	7	
G	1eb3e28	70.67	0	0	
G	1ec8a90	70.67	0	1	
G	1ec9ef0	70.67	1	1	
G	1eca04c	70.67	0	0	
G	1eca068	70.67	0	0	
G	1ed6a4c	70.67	0	0	
G	11d8c10	70.69	0	0	
G	1db54f8	70.69	0	6	
G	1db58fc	70.69	2	6	
G	1db5e40	70.69	0	6	
G	1db62a4	70.69	1	1	
G	1ea21c4	70.69	0	1	
G	1ea221c	70.69	0	0	
G	1eac628	70.69	0	1	
G	1eac6f8	70.69	0	1	
G	1ec04e4	70.69	0	0	
G	1ec053c	70.69	0	0	
G	1efbec8	70.69	0	1	
G	1efbf20	70.69	0	0	
G	1739aa8	70.80	0	0	
G	1bdafe8	70.80	8	495	
G	1becf20	70.80	0	0	
G	1df48b4	70.80	1	1	
G	1df658c	70.80	0	2	
G	15b7264	70.83	0	0	
G	15b7570	70.83	1	3	
G	15b76f4	70.83	0	1	
G	15b793c	70.83	1	1	
G	15b7d7c	70.83	1	1	
G	16f5458	70.83	0	0	
G	171994c	70.83	1	10	
G	175e5f0	70.83	1	7	
G	175eec4	70.83	0	0	
G	175fbf8	70.83	0	1	
G	17643e8	70.83	0	8	
G	1bd3590	70.83	1	32	
G	1becf3c	70.83	0	0	
G	1bed1c0	70.83	0	0	
G	1bed1dc	70.83	0	0	
G	1bed29c	70.83	0	0	
G	1bed2b8	70.83	0	0	
G	1bed5f0	70.83	0	0	
G	1bed60c	70.83	0	0	
G	1bed860	70.83	1	1	
G	1bed87c	70.83	0	0	
G	1bedae8	70.83	0	0	
G	1bedb04	70.83	0	0	
G	1dce890	70.83	0	0	
G	1df5df0	70.83	0	0	
G	1df9080	70.83	1	1	
G	1279108	70.84	0	0	
G	1279190	70.84	0	0	
G	15b7268	70.84	0	0	
G	15b86b0	70.84	1	1	
G	15f2ef8	70.84	1	1	
G	15f307c	70.84	0	0	
G	175ef94	70.84	2	2	
G	1770abc	70.84	0	1	
G	178ca8c	70.84	0	0	
G	178cc48	70.84	0	0	
G	1702f48	70.85	0	0	
G	170a408	70.85	0	0	
G	173e4e0	70.85	0	0	
G	177e278	70.85	0	0	
G	178ca5c	70.85	0	0	
G	178ca68	70.85	0	0	
G	1bedc18	70.85	0	0	
G	1bf3fcc	70.85	1	1	
G	1bf4148	70.85	0	0	
G	1dd1fc8	70.85	0	0	
G	1dee4e0	70.85	0	0	
G	1df6c88	70.85	0	0	
G	1ec4608	70.85	0	0	
G	1bde3c8	70.86	1	1	
G	1bde4c8	70.86	0	58	
G	1bedc84	70.86	0	0	
G	1bee46c	70.86	0	0	
G	1bee4d8	70.86	0	0	
G	1bee524	70.86	0	0	
G	1bee590	70.86	0	0	
G	1df5f78	70.86	0	0	
G	1df703c	70.86	0	0	
G	12cd12c	70.87	1	30	
G	12cfd88	70.87	3	11	
G	12d3e24	70.87	0	0	
G	12d635c	70.87	0	0	
G	15b726c	70.87	0	0	
G	15b7358	70.87	0	1	
G	15b776c	70.87	0	0	
G	15b89dc	70.87	0	0	
G	15b8aac	70.87	0	0	
G	15d741c	70.87	0	0	
G	15d7728	70.87	0	4	
G	15d78ac	70.87	0	0	
G	16f5554	70.87	0	0	
G	170c2f4	70.87	0	2	
G	170eac0	70.87	1	1	
G	1716ef4	70.87	1	2	
G	1718dd8	70.87	0	30	
G	171a4e0	70.87	0	35	
G	171a538	70.87	0	33	
G	1769f44	70.87	1	33	
G	11ad1a4	70.88	1	1	
G	11b5ee8	70.88	0	0	
G	11c5de8	70.88	0	0	
G	11f7d78	70.88	0	0	
G	11f7dcc	70.88	0	0	
G	12b153c	70.88	0	8	
G	12b158c	70.88	1	16	
G	12d1bec	70.88	1	1	
G	12d26ac	70.88	1	1	
G	12d2734	70.88	0	0	
G	12d2858	70.88	0	0	
G	12d28a8	70.88	0	0	
G	12d28f8	70.88	0	0	
G	12d294c	70.88	0	0	
G	12d29a0	70.88	0	0	
G	12d29f0	70.88	0	0	
G	12d2a78	70.88	0	0	
G	12d2b98	70.88	0	3	
G	12d2be8	70.88	0	0	
G	12d2d94	70.88	0	0	
G	12d2f40	70.88	0	1	
G	12d2f90	70.88	0	0	
G	12d2fe0	70.88	2	7	
G	12d318c	70.88	0	4	
G	12d3338	70.88	0	0	
G	12d3388	70.88	0	0	
G	12d3410	70.88	0	0	
G	12d3534	70.88	1	3	
G	12d3584	70.88	0	1	
G	12d3730	70.88	0	0	
G	12d38dc	70.88	0	4	
G	12d392c	70.88	0	0	
G	12d397c	70.88	0	0	
G	12d3a04	70.88	0	0	
G	12d3b28	70.88	0	0	
G	12d3b7c	70.88	0	0	
G	12d3d28	70.88	0	1	
G	12d3ef4	70.88	4	4	
G	12b1614	70.89	0	3	
G	12cd780	70.89	5	5	
G	12d3068	70.89	1	2	
G	12d3214	70.89	1	1	
G	15d7420	70.89	0	0	
G	17191d4	70.89	0	5	
G	171af9c	70.89	0	0	
G	1770900	70.89	0	0	
G	178b08c	70.89	1	1	
G	178b650	70.89	0	0	
G	175d8f8	70.90	0	1	
G	177db64	70.90	1	1	
G	177dea8	70.90	0	0	
G	177dfa8	70.90	0	0	
G	177fc58	70.90	0	0	
G	177fc64	70.90	0	0	
G	178971c	70.90	0	0	
G	1789728	70.90	0	0	
G	1bde6bc	70.90	0	2	
G	1ec46e8	70.90	0	0	
G	1eccaec	70.90	0	0	
G	170f360	70.92	0	2	
G	177fc88	70.92	0	0	
G	1780a60	70.92	0	0	
G	1bd46e4	70.92	0	30	
G	1bde8e4	70.92	0	32	
G	1beeac4	70.92	0	0	
G	1beeb34	70.92	0	0	
G	1beedac	70.92	0	0	
G	1beedc8	70.92	0	0	
G	118a7ac	70.93	0	0	
G	130bb04	70.93	0	3	
G	130c19c	70.93	1	1	
G	1392d14	70.93	0	8	
G	1392eb8	70.93	0	8	
G	1392fc0	70.93	0	0	
G	1392fdc	70.93	0	0	
G	1392fe4	70.93	0	0	
G	171a760	70.93	0	0	
G	171e920	70.93	0	12	
G	171eca8	70.93	1	1	
G	171ef90	70.93	1	4	
G	171fc24	70.93	0	0	
G	17221f4	70.93	0	0	
G	1722340	70.93	0	0	
G	1732a9c	70.93	1	9	
G	17339e4	70.93	0	0	
G	1733b20	70.93	0	0	
G	1735f18	70.93	2	28	
G	1739d54	70.93	0	0	
G	178f98c	70.93	0	0	
G	178faac	70.93	0	0	
G	1be51ec	70.93	1	1	
G	1bef1c4	70.93	0	0	
G	1bef1e0	70.93	0	0	
G	1bef724	70.93	0	0	
G	1bef740	70.93	0	0	
G	1bef854	70.93	0	0	
G	1bef870	70.93	1	1	
G	1befa4c	70.93	0	0	
G	1befa68	70.93	0	0	
G	1befc44	70.93	0	0	
G	1befc60	70.93	0	0	
G	1befee8	70.93	0	0	
G	1beff0c	70.93	0	0	
G	1bf0054	70.93	0	0	
G	1bf0070	70.93	0	0	
G	1bf00f0	70.93	0	0	
G	1bf010c	70.93	0	0	
G	1bf018c	70.93	0	0	
G	1bf01a8	70.93	0	0	
G	1bf0218	70.93	0	0	
G	1bf0234	70.93	0	0	
G	1bf10e0	70.93	0	0	
G	1bf1104	70.93	0	0	
G	1bf15bc	70.93	0	0	
G	1bf15d8	70.93	0	0	
G	1bf1860	70.93	0	0	
G	1bf187c	70.93	0	0	
G	1bf1b04	70.93	0	0	
G	1bf1b20	70.93	0	0	
G	1bf1d60	70.93	0	0	
G	1bf1d7c	70.93	0	0	
G	1bf4304	70.93	0	0	
G	1df4df8	70.93	0	1	
G	1df5a10	70.93	0	0	
G	1df6774	70.93	0	1	
G	1ebb568	70.93	0	0	
G	1ebb5c0	70.93	0	0	
G	1ec4654	70.93	0	0	
G	1397720	70.94	2	18	
G	1397d6c	70.94	2	9	
G	1398b8c	70.94	0	1	
G	139994c	70.94	0	0	
G	139a228	70.94	4	5	
G	17905e0	70.94	0	13	
G	12a6840	70.95	2	4	
G	12a755c	70.95	0	24	
G	12b2dd8	70.95	0	0	
G	12b5d10	70.95	0	0	
G	139572c	70.95	1	2	
G	139bf2c	70.95	0	0	
G	13571d8	70.96	0	0	
G	13a98d0	70.96	0	1	
G	13addb4	70.96	0	0	
G	1bf1ea4	70.96	0	0	
G	1bf1ec0	70.96	0	0	
G	1bf23c0	70.96	0	0	
G	1bf23dc	70.96	0	0	
G	1bf2474	70.96	1	1	
G	1bf2490	70.96	0	0	
G	1bf2594	70.96	0	0	
G	1bf25b0	70.96	0	0	
G	1bf2668	70.96	0	0	
G	1bf2684	70.96	0	0	
G	1dd7684	70.96	0	0	
G	1dd7a38	70.96	0	0	
G	1dd93f8	70.96	0	0	
G	1dfb8f0	70.96	0	0	
G	1eb43d8	70.96	0	4	
G	1eb4a88	70.96	0	0	
G	1eb4aac	70.96	0	0	
G	1eb4cd4	70.96	0	0	
G	1eb4cf0	70.96	0	0	
G	1eb5530	70.96	4	6	
G	1ec86cc	70.96	0	0	
G	1ec9658	70.96	0	0	
G	1bf2e60	70.98	0	0	
G	1bf2e7c	70.98	0	0	
G	1bf2f84	71.00	0	0	
G	1bf2fa0	71.00	0	0	
G	1bf30a4	71.01	0	0	
G	1bf30c0	71.01	0	0	
G	1bf361c	71.04	0	0	
G	1bf3638	71.04	0	0	
G	1bf36d8	71.06	0	0	
G	1bf36f4	71.06	0	0	
G	1bf3794	71.08	0	0	
G	1bf37b0	71.08	0	0	
G	1bf388c	71.09	0	0	
G	1bf38a8	71.09	0	0	
G	16b1c9c	71.11	0	0	
G	17039d0	71.11	0	0	
G	17039f4	71.11	0	0	
G	175d7d0	71.11	0	0	
G	17c1728	71.11	0	0	
G	18550e8	71.11	1	162	
G	1bda7bc	71.11	0	0	
G	1be0ef4	71.11	1	1	
G	1bf396c	71.11	0	0	
G	1bf3988	71.11	0	0	
G	1bf3a20	71.11	0	0	
G	1bf3a3c	71.11	0	0	
G	1bf3ad4	71.11	0	0	
G	1bf3af0	71.11	0	0	
G	1cb31f4	71.11	1	1	
G	1d9a698	71.11	0	0	
G	1dd7570	71.11	0	0	
G	1de851c	71.11	0	1	
G	1de86c8	71.11	0	1	
G	175d844	71.12	0	0	
G	1be13a8	71.12	4	194	
G	1cb30dc	71.12	0	0	
G	1df6924	71.12	1	147	
G	12dcd64	71.16	0	22	
G	15dbbc4	71.16	0	0	
G	15dbed0	71.16	0	15	
G	15dc054	71.16	0	1	
G	16f5578	71.16	0	0	
G	1715b64	71.16	0	11	
G	171630c	71.16	1	12	
G	178974c	71.16	0	0	
G	17898c4	71.16	0	0	
G	1bd4b54	71.16	1	98	
G	1bf468c	71.16	0	0	
G	1de2998	71.16	0	16	
G	1de2ac8	71.16	2	16	
G	1189a4c	71.17	0	0	
G	11af188	71.17	1	7	
G	11afcf4	71.17	0	0	
G	11b0018	71.17	1	3	
G	11b069c	71.17	0	0	
G	11b0970	71.17	0	0	
G	11b0a14	71.17	0	0	
G	11b0a9c	71.17	0	0	
G	11b0bc0	71.17	0	0	
G	11b0c14	71.17	0	0	
G	11b0c68	71.17	0	0	
G	11b0cbc	71.17	0	0	
G	11b0d8c	71.17	1	1	
G	11b256c	71.17	0	0	
G	15dbbc8	71.17	0	0	
G	160853c	71.17	0	0	
G	1608848	71.17	0	2	
G	16f56d4	71.17	0	0	
G	1717328	71.17	1	9	
G	17174f0	71.17	1	8	
G	176d7b0	71.17	0	7	
G	1de2f54	71.17	0	0	
G	1305458	71.18	1	1	
G	1316978	71.18	0	0	
G	1316c34	71.18	0	0	
G	1608540	71.18	1	1	
G	16089cc	71.18	0	0	
G	1608c14	71.18	1	1	
G	1608ddc	71.18	0	0	
G	1609188	71.18	1	1	
G	16092f4	71.18	0	0	
G	170ab40	71.18	0	0	
G	170af68	71.18	0	53	
G	1717854	71.18	0	0	
G	1717964	71.18	0	0	
G	173e420	71.18	0	0	
G	176c6a4	71.18	0	4	
G	176cf78	71.18	0	0	
G	176d048	71.18	0	0	
G	176d554	71.18	0	0	
G	177e594	71.18	0	0	
G	1acb418	71.18	0	0	
G	1ade398	71.18	0	0	
G	12d2c70	71.21	0	0	
G	170acf4	71.21	1	5	
G	170b32c	71.21	1	2	
G	1717cdc	71.21	0	0	
G	171af98	71.21	0	0	
G	171d430	71.21	0	0	
G	177e5fc	71.21	1	3	
G	177e7a4	71.21	0	0	
G	178a57c	71.21	0	0	
G	178a588	71.21	0	0	
G	1bf490c	71.21	0	1	
G	1bf4df8	71.21	1	1	
G	1bf51cc	71.21	0	0	
G	1dd825c	71.21	0	0	
G	1dda2f4	71.21	0	1	
G	1df3610	71.21	0	0	
G	1e0d150	71.21	1	1	
G	17097fc	71.22	0	3	
G	175e2a8	71.22	1	3	
G	175e4f0	71.22	0	0	
G	175ec44	71.22	1	1	
G	18d68e4	71.22	1	1	
G	1bd6570	71.22	1	36	
G	1be3448	71.22	2	2	
G	1be3680	71.22	0	0	
G	1be3f64	71.22	1	1	
G	1be4de0	71.22	1	1	
G	1be5b90	71.22	0	0	
G	1be5ce4	71.22	0	0	
G	1be5ebc	71.22	0	1	
G	1be6000	71.22	0	0	
G	1be61f4	71.22	0	0	
G	1bf5460	71.22	0	0	
G	1bf6e80	71.22	0	0	
G	1bf6e9c	71.22	0	0	
G	1bf6ea4	71.22	0	0	
G	1bf6fe0	71.22	0	0	
G	1bf6ffc	71.22	0	0	
G	1bf7004	71.22	1	1	
G	1bf70c0	71.22	0	0	
G	1bf7e8c	71.22	0	0	
G	1bf7eb0	71.22	0	0	
G	1d97fec	71.22	0	0	
G	1df6c50	71.22	0	0	
G	1be3760	71.23	0	0	
G	1bf01b0	71.23	0	0	
G	1cb30ec	71.23	0	0	
G	1dd56a8	71.23	0	1	
G	1df3df4	71.23	0	0	
G	1e7687c	71.23	0	0	
G	1eb6d1c	71.23	0	0	
G	1eb7a84	71.23	0	0	
G	1eb7f54	71.23	0	1	
G	1eb8450	71.23	0	0	
G	1ebb640	71.23	0	0	
G	1ec2510	71.23	1	2	
G	1ec3bbc	71.23	0	0	
G	1ec7558	71.23	5	7	
G	1ec8240	71.23	2	6	
G	21c6084	71.23	0	0	
G	218dbd4	71.24	0	0	
G	21c5f4c	71.24	0	0	
G	21c5f64	71.24	0	0	
G	21c6188	71.24	3	3	
G	20f461c	71.31	0	0	
G	20f4dac	71.31	1	5	
G	20f51c0	71.31	0	2	
G	20f5334	71.31	0	1	
G	20f567c	71.31	1	4	
G	20f5914	71.31	1	56	
G	20f8094	71.31	0	0	
G	20f87c4	71.31	1	2	
G	20f8bd8	71.31	0	0	
G	20f8db4	71.31	0	0	
G	20f8dfc	71.31	0	2	
G	20ff8cc	71.31	1	1	
G	20ff974	71.31	0	0	
G	2100180	71.31	0	1	
G	2100320	71.31	0	0	
G	210048c	71.31	0	0	
G	21dadcc	71.31	0	0	
G	21e0d08	71.31	0	0	
G	21e10c0	71.31	0	0	
G	21e12d4	71.31	0	0	
G	21e132c	71.31	0	0	
G	21e2034	71.31	0	0	
G	20f6d88	71.32	1	4	
G	20f7080	71.32	0	2	
G	20fa15c	71.32	1	1	
G	20fa700	71.32	0	0	
G	20fa780	71.32	0	1	
G	20fa938	71.32	0	0	
G	20fb3fc	71.32	0	0	
G	20fb438	71.32	0	0	
G	20fb4ec	71.32	0	0	
G	20fbb70	71.32	0	0	
G	20fbbf0	71.32	0	0	
G	20fcf30	71.32	0	0	
G	20fcf68	71.32	0	0	
G	20fcfb0	71.32	0	0	
G	20fd088	71.32	1	1	
G	20fd70c	71.32	0	0	
G	20fd7ec	71.32	0	1	
G	20feb2c	71.32	0	0	
G	20feb84	71.32	0	0	
G	20febc8	71.32	0	0	
G	21da1f0	71.32	1	1	
G	21dac74	71.32	1	1	
G	21db360	71.32	0	0	
G	21e7b64	71.32	0	0	
G	235bf38	71.32	0	4	
G	235c108	71.32	1	1	
G	235d1c8	71.32	1	44	
G	25e9fc0	71.32	0	5	
G	25ea038	71.32	2	5	
G	25eb13c	71.32	0	0	
G	25eb238	71.32	0	3	
G	25eb2d4	71.32	0	3	
G	25ebf00	71.32	0	0	
G	25ebfac	71.32	0	0	
G	25ec32c	71.32	0	0	
G	25ec394	71.32	0	3	
G	25ec944	71.32	0	0	
G	25ecdfc	71.32	0	0	
G	25ecf10	71.32	0	0	
G	25ecfc4	71.32	0	0	
G	25ecfe4	71.32	1	3	
G	25eeb6c	71.32	0	0	
G	25ef314	71.32	1	1	
G	25ef7c0	71.32	0	0	
G	25f1938	71.32	0	0	
G	25f19b4	71.32	1	1	
G	25f1b3c	71.32	0	0	
G	25f1b50	71.32	0	0	
G	25f1ccc	71.32	0	0	
G	25f30ac	71.32	0	0	
G	25f30ec	71.32	0	0	
G	25f63c0	71.32	0	0	
G	25f63e4	71.32	0	0	
G	21e9504	71.33	0	0	
G	235cd3c	71.33	0	38	
G	2360200	71.33	0	0	
G	236021c	71.33	0	0	
G	25ea3e0	71.33	1	1	
G	25ea894	71.33	5	34	
G	25eb230	71.33	0	0	
G	25ebffc	71.33	1	1	
G	25ec990	71.33	0	3	
G	25f1768	71.33	0	29	
G	25f225c	71.33	0	0	
G	25f22f8	71.33	2	2	
G	25f2bb0	71.33	6	6	
G	25f2f2c	71.33	0	0	
G	25f3070	71.33	0	0	
G	25f30b4	71.33	0	0	
G	25f30bc	71.33	0	0	
G	25f30cc	71.33	0	0	
G	25f30f4	71.33	0	0	
G	25f62bc	71.33	0	0	
G	25f62cc	71.33	0	0	
G	25f6394	71.33	0	0	
G	25f7594	71.33	0	0	
G	25f7740	71.33	1	1	
G	25f78e8	71.33	2	23	
G	25fa144	71.33	1	1	
G	25facec	71.33	0	0	
G	25fade0	71.33	1	2	
G	25faf58	71.33	15	15	
G	25fba54	71.33	0	0	
G	25faa60	71.34	0	0	
G	20f54c8	71.35	0	1	
G	20f6cd8	71.35	0	0	
G	20f9064	71.35	0	0	
G	235fe44	71.35	0	0	
G	25ecc14	71.35	0	0	
G	25f30c4	71.35	0	0	
G	25fabbc	71.35	0	0	
G	25fba28	71.35	0	0	
G	1e68f70	71.36	0	0	
G	235c2f0	71.36	0	0	
G	235fdb4	71.36	0	0	
G	235fd30	71.37	0	0	
G	235fd78	71.37	0	80	
G	218a5b0	71.38	0	0	
G	218ac80	71.38	0	0	
G	218b5d0	71.38	0	0	
G	218daf0	71.38	0	0	
G	235e418	71.38	6	80	
G	235fca4	71.38	0	0	
G	217ba5c	71.44	1	1	
G	217ba6c	71.44	0	0	
G	235c05c	71.46	0	5	
G	235c2bc	71.46	0	5	
G	20f72b8	71.47	0	4	
G	20f7588	71.47	0	2	
G	20fa2c4	71.47	1	1	
G	20fa57c	71.47	0	1	
G	20fa828	71.47	0	0	
G	20fb408	71.47	0	0	
G	20fb664	71.47	0	0	
G	20fb990	71.47	0	0	
G	20fbd70	71.47	0	0	
G	20fcf38	71.47	0	0	
G	20fd200	71.47	0	0	
G	20fd52c	71.47	0	0	
G	20fd96c	71.47	0	1	
G	20feb34	71.47	1	1	
G	20f8944	71.49	0	0	
G	20f8c18	71.49	0	0	
G	20f8f7c	71.49	0	1	
G	21d8f44	71.49	0	0	
G	21da288	71.49	1	1	
G	195b8b8	71.83	0	0	
G	1bf3bc0	71.83	0	0	
G	1bf3c4c	71.83	0	0	
G	1bf3e38	71.83	0	0	
G	1bf3ebc	71.83	0	0	
G	1cb30fc	71.83	0	0	
G	21301b8	73.39	1	1	
G	1ec87e4	77.91	0	0	
G	1ec895c	77.92	0	0	
G	1854f94	77.99	0	0	
G	1855248	77.99	0	0	
G	1bf67d0	77.99	0	0	
G	1bf67ec	77.99	0	0	
G	1bf67f4	77.99	0	0	
G	1bf7eb8	77.99	0	1	
G	1bf89c8	77.99	0	0	
G	1bf89e4	77.99	0	0	
G	1e112c8	77.99	0	0	
G	1ec88a4	77.99	0	0	
G	15d83f8	78.00	0	0	
G	15d83fc	78.00	0	0	
G	15d8704	78.00	0	3	
G	15d8888	78.00	0	1	
G	15d8ad0	78.00	0	0	
G	15d8c98	78.00	1	1	
G	15d9040	78.00	2	2	
G	15d91ac	78.00	0	0	
G	15d91fc	78.00	0	0	
G	15d9e94	78.00	0	0	
G	15da1a0	78.00	0	4	
G	15da324	78.00	0	0	
G	16f5560	78.00	0	0	
G	16f556c	78.00	0	0	
G	1717d28	78.00	0	10	
G	1718628	78.00	0	6	
G	1718844	78.00	1	1	
G	17525b0	78.00	0	10	
G	1752d4c	78.00	0	7	
G	1752e7c	78.00	0	0	
G	176d8d0	78.00	0	8	
G	176f99c	78.00	0	7	
G	176fabc	78.00	1	4	
G	1770110	78.00	0	0	
G	17701e0	78.00	0	0	
G	17706f4	78.00	0	0	
G	178ace4	78.00	0	0	
G	178acf0	78.00	0	0	
G	178ad14	78.00	0	0	
G	17a45f4	78.00	1	1	
G	1bd6c7c	78.00	4	161	
G	12fdce8	78.01	1	20	
G	15c3704	78.01	0	0	
G	15c370c	78.01	0	2	
G	15c37f8	78.01	0	3	
G	15c3c0c	78.01	0	1	
G	15d9e98	78.01	0	0	
G	15da56c	78.01	1	1	
G	15da7f0	78.01	0	0	
G	15dad5c	78.01	0	0	
G	15daf28	78.01	0	0	
G	16648dc	78.01	0	0	
G	16648e0	78.01	0	0	
G	1664be8	78.01	0	0	
G	1664d6c	78.01	0	0	
G	16f59b0	78.01	1	1	
G	170f810	78.01	0	2	
G	17102a8	78.01	0	0	
G	171074c	78.01	0	18	
G	1717f4c	78.01	1	1	
G	17528bc	78.01	0	0	
G	1764508	78.01	1	1	
G	176d9f0	78.01	1	4	
G	176e044	78.01	0	0	
G	176e114	78.01	1	1	
G	176e744	78.01	0	0	
G	1781d14	78.01	0	0	
G	178a77c	78.01	0	0	
G	178a788	78.01	0	0	
G	178a7ac	78.01	0	0	
G	11c5988	78.02	1	4	
G	11c59d8	78.02	0	2	
G	11c5a28	78.02	0	1	
G	11c5b18	78.02	0	0	
G	11c5b68	78.02	0	0	
G	11c5bb8	78.02	0	0	
G	11c5c08	78.02	0	0	
G	11c5c58	78.02	0	0	
G	11c5ca8	78.02	0	2	
G	11c5cf8	78.02	0	2	
G	11c5d48	78.02	0	1	
G	11c5d98	78.02	0	2	
G	11c5e38	78.02	0	1	
G	11c5e88	78.02	0	2	
G	11c5ed8	78.02	0	0	
G	11c5f28	78.02	0	0	
G	11c5f78	78.02	0	0	
G	11c5fc8	78.02	0	1	
G	11c6018	78.02	0	0	
G	11f8d70	78.02	0	0	
G	12b1390	78.02	0	0	
G	12b4f90	78.02	0	0	
G	1317468	78.02	0	14	
G	1319154	78.02	1	1	
G	1319ee8	78.02	3	3	
G	131c3f4	78.02	0	1	
G	131c47c	78.02	1	1	
G	131c5a0	78.02	0	0	
G	131c5f0	78.02	0	0	
G	131c640	78.02	0	2	
G	131c690	78.02	0	2	
G	131c6e0	78.02	0	0	
G	131c768	78.02	0	0	
G	131c88c	78.02	0	0	
G	131c914	78.02	0	0	
G	131ca38	78.02	1	6	
G	131cac0	78.02	0	0	
G	131cbe4	78.02	0	5	
G	131cd90	78.02	0	6	
G	131cf3c	78.02	0	0	
G	131d0e8	78.02	0	0	
G	131d294	78.02	0	0	
G	131d440	78.02	0	12	
G	131d490	78.02	1	1	
G	131d560	78.02	4	4	
G	13207c8	78.02	0	1	
G	1317abc	78.03	3	3	
G	131bb00	78.03	1	1	
G	1320a3c	78.03	0	0	
G	1320b0c	78.03	0	0	
G	15c3708	78.03	0	0	
G	16613ac	78.03	1	1	
G	16613b0	78.03	0	0	
G	16616b8	78.03	0	1	
G	166183c	78.03	0	1	
G	16f5998	78.03	0	0	
G	1709bb4	78.03	0	8	
G	178295c	78.03	0	0	
G	1798318	78.03	0	2	
G	1ad2d98	78.03	0	46	
G	1be578c	78.03	0	0	
G	1df9e78	78.03	0	0	
G	1df9e9c	78.03	1	1	
G	1dfa628	78.03	1	45	
G	12cb178	78.04	0	0	
G	12cc4cc	78.04	0	4	
G	12d2e1c	78.04	0	0	
G	12d65d0	78.04	0	0	
G	12d66a0	78.04	0	0	
G	15d7424	78.04	0	3	
G	15d7510	78.04	0	3	
G	15d7924	78.04	0	0	
G	170dbe0	78.04	0	0	
G	173c3d8	78.04	0	0	
G	173c408	78.04	0	0	
G	173c4b4	78.04	0	0	
G	173c59c	78.04	0	35	
G	173c96c	78.04	1	3	
G	173ca70	78.04	0	0	
G	1df9fa0	78.04	0	41	
G	170a09c	78.06	1	1	
G	173c494	78.06	0	0	
G	173c624	78.06	0	0	
G	173c698	78.06	0	0	
G	173c6b8	78.06	1	1	
G	173c794	78.06	0	0	
G	173c7b4	78.06	0	0	
G	173c7cc	78.06	0	0	
G	173c7e4	78.06	0	0	
G	173c864	78.06	0	0	
G	173c8e8	78.06	0	0	
G	1748e74	78.06	0	76	
G	1752450	78.06	0	57	
G	1beb4e4	78.06	0	0	
G	1beb508	78.06	0	0	
G	1dd665c	78.06	0	0	
G	1dd6830	78.06	0	57	
G	1dd9f1c	78.06	0	5	
G	1df5e2c	78.06	0	0	
G	1dfa698	78.06	0	0	
G	11903ac	78.07	0	0	
G	1747150	78.07	1	28	
G	1748b48	78.07	0	1	
G	1775f18	78.07	1	1	
G	1dca1e0	78.07	0	0	
G	1dca454	78.07	0	0	
G	1150990	78.08	0	30	
G	11795e0	78.08	1	4	
G	117a358	78.08	1	1	
G	117c4b0	78.08	0	0	
G	117cf60	78.08	0	0	
G	15f9de8	78.08	0	0	
G	15f9df0	78.08	0	5	
G	15f9edc	78.08	2	23	
G	15fa2f0	78.08	0	0	
G	1150360	78.09	0	25	
G	1179c34	78.09	1	1	
G	117a66c	78.09	0	0	
G	117ad84	78.09	0	0	
G	117c580	78.09	0	0	
G	117d1d4	78.09	1	2	
G	117d2a4	78.09	0	0	
G	117d4b0	78.09	1	11	
G	117ee0c	78.09	1	1	
G	11825f0	78.09	0	0	
G	1184044	78.09	0	0	
G	13f8e50	78.09	1	1	
G	1517418	78.09	0	0	
G	15f9dec	78.09	0	0	
G	15fadc4	78.09	0	0	
G	15fadcc	78.09	0	4	
G	15faeb8	78.09	1	11	
G	15fb2cc	78.09	0	0	
G	16c2fc8	78.09	3	25	
G	16c3928	78.09	1	1	
G	16c3e5c	78.09	1	2	
G	16d1ec8	78.09	1	14	
G	16df804	78.09	0	0	
G	16ec840	78.09	0	0	
G	16f5644	78.09	0	0	
G	117db04	78.10	3	3	
G	117f544	78.10	2	2	
G	1180578	78.10	0	0	
G	1181184	78.10	0	0	
G	118120c	78.10	0	0	
G	1181af0	78.10	0	0	
G	1181b44	78.10	1	2	
G	1181cec	78.10	0	0	
G	1181e98	78.10	0	0	
G	1182044	78.10	0	0	
G	11820cc	78.10	0	0	
G	11821f0	78.10	0	0	
G	1182278	78.10	0	0	
G	118239c	78.10	0	0	
G	11823f0	78.10	0	1	
G	1182478	78.10	0	0	
G	118259c	78.10	0	0	
G	11826c0	78.10	1	1	
G	11842b8	78.10	0	0	
G	1184388	78.10	0	0	
G	15fadc8	78.10	0	0	
G	16256ec	78.10	0	0	
G	16cbd70	78.10	0	0	
G	16cbdc4	78.10	0	4	
G	16f57b8	78.10	0	0	
G	1396c94	78.11	0	0	
G	13f8c7c	78.11	0	0	
G	1405450	78.11	0	0	
G	16256f0	78.11	0	0	
G	16256f4	78.11	0	1	
G	16257e0	78.11	1	2	
G	1625bf4	78.11	0	0	
G	1625dc4	78.11	0	0	
G	1625f50	78.11	0	1	
G	16262a0	78.11	1	1	
G	16263b4	78.11	0	0	
G	1626484	78.11	0	0	
G	162c77c	78.11	0	0	
G	162c780	78.11	0	0	
G	162ca88	78.11	1	1	
G	162cc0c	78.11	0	0	
G	162cf2c	78.11	0	0	
G	16cc3f4	78.11	0	2	
G	16cca48	78.11	0	0	
G	16ccc30	78.11	0	0	
G	16ccd00	78.11	0	0	
G	16ce050	78.11	0	0	
G	16d0300	78.11	0	2	
G	16d0474	78.11	0	2	
G	16d0594	78.11	0	1	
G	16d1144	78.11	0	0	
G	16d1214	78.11	0	0	
G	16d8720	78.11	0	0	
G	16f5698	78.11	0	0	
G	1181bcc	78.12	1	1	
G	1dca630	78.12	0	0	
G	1715980	78.15	0	1	
G	1df620c	78.15	0	0	
G	1bf5340	78.16	0	0	
G	1bf65ac	78.16	0	0	
G	1bf65c8	78.16	0	0	
G	1bf66b4	78.16	0	0	
G	1bf66d0	78.16	0	0	
G	1bf89ec	78.16	0	0	
G	1dccff8	78.16	0	0	
G	1dd7674	78.16	0	0	
G	1dd7788	78.16	0	0	
G	1dd93f4	78.16	0	0	
G	1df33f4	78.16	1	1	
G	1ec0d60	78.16	1	1	
G	1ec471c	78.16	2	2	
G	1ec8338	78.16	0	0	
G	1ec96ac	78.16	5	16	
G	1ec9e68	81.96	0	0	
G	13961b0	81.99	1	2	
G	13968bc	81.99	0	0	
G	158dfd4	81.99	0	0	
G	16026a8	81.99	0	0	
G	16026ac	81.99	0	0	
G	16029b4	81.99	0	1	
G	1602b38	81.99	0	1	
G	16f568c	81.99	0	0	
G	171d4a8	81.99	0	0	
G	171d4e4	81.99	0	0	
G	172015c	81.99	0	0	
G	1720418	81.99	0	0	
G	1720c78	81.99	1	14	
G	1736ac0	81.99	0	22	
G	1737f18	81.99	0	34	
G	173aa84	81.99	0	0	
G	173b528	81.99	0	0	
G	1775df8	81.99	0	1	
G	1a42884	81.99	0	0	
G	1bd5c8c	81.99	1	1	
G	1bd5e78	81.99	0	1	
G	1be5340	81.99	0	303	
G	1bf268c	81.99	1	337	
G	1dd9564	81.99	0	0	
G	1ddfd44	81.99	0	0	
G	1dea65c	81.99	0	0	
G	1dea8e0	81.99	0	0	
G	178f24c	82.00	0	11	
G	172606c	82.02	0	0	
G	1794980	82.02	0	1	
G	1795a58	82.02	1	1	
G	1796abc	82.02	0	0	
G	12ff888	82.03	2	4	
G	130bc6c	82.03	1	1	
G	130bdd4	82.03	0	0	
G	1395b04	82.03	1	5	
G	13960c8	82.03	0	1	
G	172449c	82.03	0	85	
G	1753b7c	82.03	0	168	
G	1753c48	82.03	0	0	
G	175450c	82.03	1	264	
G	175477c	82.03	0	0	
G	17548d0	82.03	0	0	
G	17a52f0	82.03	0	2	
G	1bf52cc	82.03	0	257	
G	1592020	82.05	1	86	
G	1592ed8	82.05	0	0	
G	1753dd4	82.05	0	86	
G	13503e8	82.07	1	1	
G	1592e18	82.07	0	4	
G	1599ee8	82.07	0	0	
G	160bcc0	82.07	0	3	
G	160be44	82.07	1	2	
G	16dcfb4	82.07	1	6	
G	1715720	82.07	0	4	
G	17254fc	82.07	0	4	
G	1dca2ec	82.08	0	0	
G	19a9c98	82.29	0	2	
G	1bf52c4	82.30	0	0	
G	1dd9ad8	82.30	1	1	
G	1eb4844	82.30	0	0	
G	16f5944	82.33	0	0	
G	17234b8	82.33	1	1	
G	1726ec8	82.33	0	0	
G	172d304	82.33	0	6	
G	172d35c	82.33	0	6	
G	1bf1ec8	82.33	1	37	
G	1dde42c	82.33	2	9	
G	1dfba1c	82.33	0	0	
G	1e0c0a0	82.33	0	0	
G	1eb35b8	82.33	1	76	
G	1eb363c	82.33	0	70	
G	165ac40	82.34	0	0	
G	165ac44	82.34	0	0	
G	165af4c	82.34	2	3	
G	165b0d0	82.34	0	1	
G	165b4f8	82.34	0	0	
G	1720c3c	82.34	0	0	
G	1720c48	82.34	0	0	
G	172278c	82.34	0	0	
G	1723b34	82.34	0	0	
G	1724280	82.34	0	0	
G	1724304	82.34	0	0	
G	17257ac	82.34	0	0	
G	1725d78	82.34	0	0	
G	1725ee4	82.34	0	0	
G	1726100	82.34	0	29	
G	1726558	82.34	0	0	
G	1726a54	82.34	0	0	
G	1726b5c	82.34	0	0	
G	1726f84	82.34	0	0	
G	1726fe8	82.34	0	0	
G	17280d8	82.34	0	0	
G	17280f8	82.34	0	0	
G	172890c	82.34	0	0	
G	1754158	82.34	0	0	
G	175a92c	82.34	0	0	
G	17740d0	82.34	0	5	
G	1774414	82.34	0	0	
G	1dc95f4	82.34	0	0	
G	1dc9e1c	82.34	0	0	
G	1dcc834	82.34	0	0	
G	1dcc8f0	82.34	1	1	
G	1dcc910	82.34	0	0	
G	1dddb54	82.34	0	0	
G	1dddbe0	82.34	0	0	
G	1dddff8	82.34	1	1	
G	1ddec98	82.34	0	0	
G	1ddf1f0	82.34	0	0	
G	1ddf324	82.34	0	0	
G	1df5750	82.34	0	0	
G	1dfdd68	82.34	1	28	
G	1dfe5bc	82.34	1	1	
G	165b318	82.37	1	1	
G	165b5e4	82.37	0	0	
G	165b6b4	82.37	0	0	
G	1725624	82.37	0	0	
G	1726c90	82.37	0	0	
G	1726ce4	82.37	0	0	
G	1726db0	82.37	0	0	
G	172cde8	82.37	0	0	
G	172d818	82.37	1	1	
G	1774514	82.37	0	1	
G	1774dd0	82.37	0	1	
G	1df6280	82.37	0	0	
G	1ec8170	82.37	1	1	
G	1be65f8	86.99	0	365	
G	1bf25b8	86.99	0	366	
G	120180c	87.02	1	2	
G	173cbf4	87.02	0	2	
G	173d2a0	87.02	0	1	
G	1ad322c	87.02	1	264	
G	1be586c	87.02	0	264	
G	17243e0	87.03	0	0	
G	1726c20	87.03	0	0	
G	172fbe8	87.03	0	0	
G	173dab8	87.03	0	0	
G	1799d40	87.03	0	0	
G	179a07c	87.03	0	0	
G	1dc99b8	87.03	0	0	
G	12ff1e4	87.05	3	20	
G	1325c64	87.05	0	0	
G	1326a00	87.05	0	0	
G	1326be0	87.05	0	0	
G	1326cb0	87.05	0	0	
G	1723820	87.05	0	0	
G	1725390	87.05	0	0	
G	17253c8	87.05	0	0	
G	1725f50	87.05	0	0	
G	1726a7c	87.05	1	1	
G	1728748	87.05	0	0	
G	1728900	87.05	0	0	
G	1729c88	87.05	0	18	
G	1729dac	87.05	1	18	
G	172aa34	87.05	1	154	
G	172cfa8	87.05	0	0	
G	1745684	87.05	0	0	
G	1745980	87.05	0	17	
G	1745dc0	87.05	0	0	
G	17461b0	87.05	0	17	
G	179d9f0	87.05	0	0	
G	179db60	87.05	0	0	
G	179dd74	87.05	0	0	
G	1ad3704	87.05	1	3	
G	1ad3b40	87.05	0	0	
G	1dcc7b8	87.05	0	0	
G	1dd2060	87.05	0	0	
G	1dd34f4	87.05	1	1	
G	1dd4110	87.05	1	157	
G	1dddf68	87.05	0	0	
G	1dde13c	87.05	0	0	
G	1ddec10	87.05	0	0	
G	1ddec24	87.05	0	0	
G	1ddf28c	87.05	0	0	
G	120ca1c	87.06	0	74	
G	1214300	87.06	1	1	
G	12172f0	87.06	0	0	
G	12173c0	87.06	2	3	
G	121a3a8	87.07	1	7	
G	121ae1c	87.07	1	1	
G	121b1e8	87.07	1	1	
G	121bc30	87.07	0	0	
G	121c468	87.07	0	0	
G	122dd58	87.07	0	30	
G	1607560	87.07	0	0	
G	160786c	87.07	0	23	
G	16079f0	87.07	0	0	
G	16f56c8	87.07	0	0	
G	172b654	87.07	0	31	
G	118efbc	87.08	0	0	
G	118f00c	87.08	0	0	
G	118f0cc	87.08	0	0	
G	118f11c	87.08	0	0	
G	118f16c	87.08	0	0	
G	118f1bc	87.08	0	0	
G	118f20c	87.08	0	0	
G	118f34c	87.08	0	1	
G	121b9dc	87.08	0	0	
G	121bd00	87.08	1	1	
G	1276804	87.08	1	95	
G	127704c	87.08	1	1	
G	1277780	87.08	1	1	
G	1278de8	87.08	0	1	
G	12790b8	87.08	0	1	
G	130c4f0	87.08	0	42	
G	15ba964	87.08	0	0	
G	15bac70	87.08	2	33	
G	15badf4	87.08	0	3	
G	1607564	87.08	0	0	
G	16f5608	87.08	0	0	
G	17166fc	87.08	0	42	
G	1729350	87.08	0	72	
G	17295c4	87.08	0	72	
G	172bae4	87.08	0	0	
G	1742944	87.08	1	80	
G	1743074	87.08	0	80	
G	1772f40	87.08	0	0	
G	1160134	87.09	0	1	
G	1160184	87.09	0	2	
G	11601d4	87.09	0	0	
G	1160224	87.09	0	2	
G	1160274	87.09	0	0	
G	11602c4	87.09	0	1	
G	11f7f0c	87.09	0	2	
G	1213480	87.09	0	0	
G	12792b4	87.09	0	2	
G	1279304	87.09	0	1	
G	1279370	87.09	0	3	
G	12793c4	87.09	1	2	
G	127944c	87.09	0	0	
G	1279570	87.09	0	0	
G	127bc88	87.09	1	23	
G	127c4d0	87.09	0	0	
G	127c724	87.09	0	0	
G	15ba968	87.09	0	0	
G	15bbbc8	87.09	0	0	
G	15bbbcc	87.09	0	0	
G	15bbed4	87.09	0	33	
G	15bc058	87.09	0	0	
G	16f5614	87.09	0	0	
G	17169e0	87.09	1	36	
G	1745538	87.09	0	3	
G	176a064	87.09	0	35	
G	178e61c	87.09	2	2	
G	179d074	87.09	0	2	
G	12786c0	87.10	3	11	
G	1278b9c	87.10	0	0	
G	127cbcc	87.10	2	2	
G	127cd68	87.10	0	1	
G	130c684	87.10	0	0	
G	130c6b8	87.10	0	0	
G	172c4c8	87.10	0	0	
G	172c630	87.10	0	0	
G	176a1f8	87.10	0	0	
G	176a22c	87.10	0	0	
G	178dd08	87.10	0	0	
G	1deaed8	87.10	0	1	
G	1dec054	87.10	0	0	
G	1dccbc8	87.15	0	0	
G	11f7d28	87.29	0	1	
G	11f7f5c	87.29	0	0	
G	12ae5e8	87.29	6	11	
G	1323260	87.29	2	6	
G	13241c0	87.29	0	0	
G	132439c	87.29	0	2	
G	1324ea8	87.29	0	0	
G	1324f78	87.29	0	0	
G	15c174c	87.29	0	0	
G	15c1750	87.29	0	0	
G	15c1a58	87.29	0	4	
G	15c1bdc	87.29	0	2	
G	16d8d84	87.29	0	4	
G	16d8fcc	87.29	0	0	
G	16d90cc	87.29	1	1	
G	16e0520	87.29	5	31	
G	16f5494	87.29	0	0	
G	1724af0	87.29	0	35	
G	173267c	87.29	1	39	
G	1be5998	87.29	1	40	
G	116c814	87.30	0	0	
G	11ab4c4	87.30	1	1	
G	11c7080	87.30	0	0	
G	11c7140	87.30	0	0	
G	11c7380	87.30	0	0	
G	11c7440	87.30	0	0	
G	11c7500	87.30	0	0	
G	11c7680	87.30	0	0	
G	11c7740	87.30	0	0	
G	11c7800	87.30	0	0	
G	11c78c0	87.30	0	0	
G	11c7980	87.30	0	0	
G	11c7c84	87.30	0	0	
G	11c7d44	87.30	0	0	
G	11f9624	87.30	0	0	
G	12b1418	87.30	0	0	
G	12b2080	87.30	0	0	
G	12b2190	87.30	0	0	
G	12b2254	87.30	0	0	
G	12b2314	87.30	0	0	
G	12b23d4	87.30	0	0	
G	12b2494	87.30	0	0	
G	12b2554	87.30	0	0	
G	12b2614	87.30	0	0	
G	12b2be4	87.30	0	0	
G	12b2be8	87.30	0	0	
G	12b4ae4	87.30	1	2	
G	12b4f84	87.30	0	0	
G	12b531c	87.30	0	0	
G	16dcb40	87.30	0	0	
G	16dcda8	87.30	1	3	
G	16dde6c	87.30	0	0	
G	16de048	87.30	0	0	
G	16de100	87.30	0	0	
G	16de350	87.30	0	0	
G	16ded44	87.30	0	0	
G	16e2ddc	87.30	0	1	
G	16e540c	87.30	0	0	
G	175a770	87.30	0	0	
G	12b1950	87.31	1	1	
G	16288f0	87.31	0	0	
G	16288f4	87.31	0	0	
G	1628bfc	87.31	1	1	
G	1628d80	87.31	0	0	
G	1629130	87.31	1	1	
G	1629450	87.31	0	0	
G	1629520	87.31	0	0	
G	16c8ca4	87.31	0	0	
G	16c902c	87.31	0	0	
G	16ca710	87.31	0	0	
G	16d1474	87.31	0	0	
G	16d15a4	87.31	1	8	
G	16da7dc	87.31	0	0	
G	16de018	87.31	0	0	
G	16de024	87.31	0	0	
G	16df858	87.31	0	0	
G	16e37b8	87.31	1	3	
G	16e565c	87.31	0	2	
G	16e59c4	87.31	0	0	
G	16e5ac4	87.31	0	1	
G	16e63fc	87.31	0	0	
G	16f57d0	87.31	0	0	
G	130c028	87.32	0	0	
G	16d764c	87.32	3	3	
G	16d8ab4	87.32	0	0	
G	16d8c1c	87.32	0	0	
G	1758050	87.33	0	0	
G	1bf80a0	87.33	0	0	
G	1bf80bc	87.33	0	0	
G	1bf80c4	87.36	0	0	
G	1726514	92.63	0	0	
G	1bf023c	92.63	0	2	
G	1bf0f1c	92.63	0	0	
G	1bf0f38	92.63	0	0	
G	1cb8a64	92.63	0	137	
G	1cc442c	92.63	0	2	
G	1d295e4	92.63	0	0	
G	1d29624	92.63	0	2	
G	1d2ae6c	92.75	3	73	
G	1cd9300	92.82	0	55	
G	173c458	92.83	0	0	
G	1d29690	92.83	0	55	
G	1cb99a0	92.84	3	38	
G	1cd9bf0	92.84	0	0	
G	1ccb6fc	92.86	0	0	
G	1ccb82c	92.86	0	0	
G	1cd99ac	92.86	0	0	
G	1cd9d0c	92.86	0	0	
G	195c8a0	92.88	0	0	
G	1cb8fd4	92.88	0	0	
G	1ccb950	92.88	0	0	
G	1ccba80	92.88	0	0	
G	1ccbb44	92.88	0	0	
G	1ccbb60	92.88	0	0	
G	1cd92c0	92.88	0	0	
G	1cd9ac8	92.88	0	0	
G	1ccbb68	92.92	0	1	
G	1cb860c	93.00	1	1	
G	1d2960c	93.00	0	0	
G	1ea95fc	96.19	0	0	
G	1ea96ec	96.19	1	1	
G	1ccbac0	96.27	1	1	
G	17264dc	96.42	0	0	
G	1be3910	96.42	3	3	
G	1bf0f40	96.42	0	0	
G	1bf7fac	96.42	0	0	
G	1bf7fc8	96.42	0	0	
G	1cb9258	96.42	0	0	
G	1cd9b08	96.42	0	3	
G	1de6404	96.42	0	0	
G	1958818	96.54	0	0	
G	1bf7fd0	97.75	0	0	
G	1cb33e4	98.09	0	0	
G	1be50a8	98.11	1	1	
G	1cb3308	98.11	0	0	
G	1d998d0	98.12	0	0	
G	17c146c	98.14	0	0	
G	1bee650	98.18	0	0	
G	1e0bd84	98.18	0	0	
G	1e0c07c	98.18	0	0	
G	1e11288	98.18	0	0	
G	1eb3404	98.18	1	4	
G	1ebb52c	98.18	0	0	
G	1ec7338	98.18	1	3	
G	1ec73e4	98.18	0	1	
G	1ec926c	98.18	0	0	
G	1ec9330	98.18	0	0	
G	1be51ac	98.19	2	2	
G	1e116e8	98.19	0	0	
G	21c61f4	98.19	0	0	
G	1bd165c	98.27	1	5	
G	1bd1f2c	98.27	0	0	
G	1bd20cc	98.27	0	5	
G	17b4760	98.28	0	0	
G	17b4830	98.28	0	0	
G	17c0a58	98.28	0	0	
G	17c0b08	98.28	0	0	
G	17c0b24	98.28	1	1	
G	1bd1ff4	98.28	0	0	
G	17b48a8	98.29	1	629	
G	1700cd0	98.32	0	0	
G	1700cf8	98.32	0	0	
G	1700d20	98.32	0	0	
G	17b4e58	98.32	3	3	
G	12c7244	98.33	0	0	
G	12c74a8	98.33	0	1	
G	1717060	98.33	0	0	
G	1e52354	98.33	1	1	
G	1130b70	98.34	0	1	
G	1130bc8	98.34	0	1	
G	1130f30	98.34	0	2	
G	1140024	98.34	1	1	
G	12c7820	98.34	9	624	
G	12c9df8	98.34	0	0	
G	12ca114	98.34	0	6	
G	143d0e8	98.34	0	3	
G	146fbb8	98.34	2	5	
G	14b98b8	98.34	0	6	
G	14d5fbc	98.34	0	0	
G	14d603c	98.34	0	0	
G	14d612c	98.34	0	5	
G	1700c78	98.34	0	0	
G	1db17a8	98.34	0	0	
G	1de6d20	98.34	0	1	
G	1130ec8	98.35	0	0	
G	1131350	98.35	0	1	
G	1140014	98.35	1	1	
G	11aefc8	98.35	0	109	
G	14d6128	98.35	0	0	
G	1c23918	98.36	0	0	
G	1c23ab4	98.36	1	3	
G	1c26464	98.36	1	1	
G	1c26630	98.36	0	4	
G	1c266f4	98.36	0	0	
G	14185c0	98.37	0	2	
G	11f7cd8	98.38	0	9	
G	12b11bc	98.38	0	0	
G	12b1208	98.38	0	0	
G	12b1254	98.38	0	0	
G	12b12a0	98.38	0	2	
G	12b12f0	98.38	0	3	
G	12b1878	98.38	0	0	
G	12b1fc8	98.38	0	0	
G	12b2088	98.38	0	0	
G	12b20d8	98.38	1	1	
G	12b2878	98.38	0	0	
G	12b2938	98.38	0	0	
G	12cbb5c	98.38	1	1	
G	12cc2b8	98.38	0	0	
G	12dba74	98.38	2	2	
G	12dc3ec	98.38	0	0	
G	12dc474	98.38	0	0	
G	12dc658	98.38	1	1	
G	12dc6e0	98.38	0	0	
G	12dc9b0	98.38	0	0	
G	12dcac4	98.38	0	0	
G	12dcb14	98.38	0	0	
G	12dcb9c	98.38	0	0	
G	12dccc0	98.38	0	0	
G	12dcd10	98.38	0	0	
G	13bfb88	98.38	0	19	
G	13bfe78	98.38	0	19	
G	13f0b40	98.38	0	0	
G	1402628	98.38	0	0	
G	1518b84	98.38	0	0	
G	1527298	98.38	1	8	
G	1529034	98.38	1	1	
G	1529088	98.38	1	5	
G	1529210	98.38	0	0	
G	15294f0	98.38	0	1	
G	1529674	98.38	0	0	
G	1529f1c	98.38	0	0	
G	1556d78	98.38	0	0	
G	1556dcc	98.38	0	0	
G	11f2538	98.39	0	0	
G	11f267c	98.39	0	0	
G	11f27c0	98.39	0	0	
G	11f8ebc	98.39	0	0	
G	11f8f0c	98.39	0	0	
G	11f8f5c	98.39	0	0	
G	11f8fac	98.39	0	0	
G	11f8ffc	98.39	0	0	
G	11f904c	98.39	0	0	
G	11f909c	98.39	0	0	
G	11f94c8	98.39	0	0	
G	12b1340	98.39	1	7	
G	12b1738	98.39	0	0	
G	12b1788	98.39	0	0	
G	12b17d8	98.39	0	0	
G	12b1828	98.39	0	0	
G	12b18c8	98.39	0	0	
G	12b1a74	98.39	1	1	
G	12b1ac4	98.39	0	0	
G	12b1b14	98.39	0	0	
G	12b1cf4	98.39	0	0	
G	12b2198	98.39	0	0	
G	12b225c	98.39	0	0	
G	12b231c	98.39	0	0	
G	12b23dc	98.39	0	0	
G	13bffc8	98.39	1	1	
G	1527430	98.39	1	2	
G	171d1f8	98.40	0	0	
G	1c23e10	98.40	0	0	
G	1c23e5c	98.40	0	0	
G	1c23e74	98.40	0	6	
G	1c26900	98.40	0	0	
G	1c2691c	98.40	0	0	
G	1db17c4	98.40	0	0	
G	1c23d40	98.55	0	1	
G	1c242c8	98.55	1	116	
G	1c2671c	98.55	0	0	
G	1c26924	98.55	0	1	
G	1c26bbc	98.55	3	77	
G	1c29c68	98.55	0	77	
G	1c29d5c	98.55	0	117	
G	1c2a0e4	98.55	0	0	
G	1c2a100	98.55	0	0	
G	1c2a364	98.55	0	0	
G	1c2b498	98.55	0	0	
G	15cd0c4	98.59	0	0	
G	15cd3d0	98.59	1	1	
G	15cd554	98.59	0	0	
G	15cd79c	98.59	0	0	
G	16f5500	98.59	0	0	
G	1c2409c	98.59	0	38	
G	1c24804	98.59	0	0	
G	1c248a0	98.59	0	0	
G	1c248ac	98.59	2	36	
G	1c24dfc	98.59	0	2	
G	1c250f0	98.59	0	0	
G	1c251f0	98.59	1	1	
G	1c2672c	98.59	1	37	
G	1c26a1c	98.59	0	0	
G	1c2872c	98.59	0	0	
G	1c2892c	98.59	1	1	
G	1c2a240	98.59	0	0	
G	1c2a25c	98.59	0	0	
G	15cd0c8	98.60	0	0	
G	15cd9ac	98.60	0	0	
G	15cda7c	98.60	0	0	
G	1c25a10	98.60	0	0	
G	1c23e24	98.61	0	0	
G	1c24780	98.61	2	2	
G	1c29c10	98.61	0	3	
G	1c29db0	98.61	0	1	
G	1c29f38	98.61	1	1	
G	1df4514	98.61	2	3	
G	1703110	98.62	0	0	
G	11ad7dc	99.09	2	263	
G	11adf64	99.09	0	1	
G	12ca578	99.09	0	0	
G	12e2ce0	99.09	0	0	
G	12e51bc	99.09	0	52	
G	12ed140	99.09	4	14	
G	12f6b50	99.09	1	8	
G	12f8520	99.09	13	255	
G	12fcea0	99.09	0	190	
G	1311df8	99.09	0	0	
G	15b5124	99.09	0	0	
G	15b512c	99.09	0	1	
G	15b5218	99.09	0	1	
G	15b562c	99.09	1	1	
G	16f544c	99.09	0	0	
G	1c26364	99.09	0	0	
G	1c26380	99.09	0	0	
G	12134d0	99.10	0	0	
G	12540c4	99.10	0	0	
G	12f7180	99.10	0	0	
G	12f73d4	99.10	3	3	
G	1302ee4	99.10	0	0	
G	130fd18	99.10	2	4	
G	131036c	99.10	1	1	
G	13106d0	99.10	0	0	
G	1310980	99.10	1	1	
G	1310eb0	99.10	0	0	
G	1311074	99.10	0	0	
G	13110c8	99.10	0	0	
G	131116c	99.10	0	0	
G	13111c0	99.10	0	0	
G	1311214	99.10	0	0	
G	13112e4	99.10	0	0	
G	13118a8	99.10	0	0	
G	1311b1c	99.10	0	0	
G	1311bec	99.10	0	0	
G	15b5128	99.10	0	0	
G	125fd58	99.11	0	137	
G	127529c	99.11	0	137	
G	1276090	99.11	1	130	
G	12795c4	99.11	1	1	
G	1279694	99.11	4	14	
G	127a98c	99.11	1	1	
G	12f80a4	99.11	0	0	
G	15ba7e4	99.11	0	0	
G	15ba96c	99.11	1	1	
G	15baa58	99.11	0	32	
G	15bae6c	99.11	0	0	
G	12753dc	99.12	3	5	
G	1276e58	99.12	0	0	
G	127ab98	99.12	0	0	
G	127ac68	99.12	0	0	
G	127afec	99.12	0	0	
G	127aff8	99.12	0	0	
G	12ea15c	99.12	2	9	
G	12fcfd0	99.12	1	29	
G	125ff20	99.13	0	57	
G	127affc	99.13	1	57	
G	127b514	99.13	0	56	
G	12fd88c	99.13	1	35	
G	1305f70	99.13	0	0	
G	15bbb10	99.13	0	0	
G	15bbbd0	99.13	1	2	
G	15bbcbc	99.13	3	29	
G	15bc0d0	99.13	0	0	
G	17ff654	99.13	0	24	
G	12600e8	99.14	0	2	
G	127b13c	99.14	0	0	
G	127c2dc	99.14	0	0	
G	127d128	99.14	0	0	
G	127d1f8	99.14	1	1	
G	127d7e0	99.14	0	1	
G	127d9ec	99.14	0	0	
G	127dabc	99.14	1	1	
G	127de40	99.14	0	0	
G	127de4c	99.14	0	0	
G	127de50	99.14	0	2	
G	127e974	99.14	0	0	
G	1284e20	99.14	0	0	
G	129a714	99.14	0	0	
G	129c7bc	99.14	0	0	
G	129cbc8	99.14	0	14	
G	13019b8	99.14	1	1	
G	15b8de0	99.14	0	0	
G	15b9648	99.14	0	0	
G	15f38d8	99.14	0	0	
G	16ec828	99.14	0	0	
G	16f5464	99.14	0	0	
G	1151968	99.15	0	0	
G	12e90c8	99.15	1	6	
G	12e9d44	99.15	0	1	
G	11517e8	99.16	0	2	
G	1161480	99.16	0	2	
G	11ae15c	99.28	2	13	
G	15dbbcc	99.28	0	0	
G	15dbcb8	99.28	0	10	
G	15dc0cc	99.28	0	0	
G	11ae78c	99.29	2	24	
G	11af7dc	99.29	1	1	
G	11b27e0	99.29	0	0	
G	11b28b0	99.29	0	0	
G	11b2abc	99.29	2	9	
G	11b3c5c	99.29	1	1	
G	11b60b8	99.29	0	0	
G	11b73f4	99.29	0	0	
G	1301368	99.29	2	2	
G	15c56bc	99.29	0	0	
G	15c56c4	99.29	0	1	
G	15c57b0	99.29	0	11	
G	15c5bc4	99.29	1	1	
G	16f54b8	99.29	0	0	
G	115ff04	99.30	0	0	
G	1160094	99.30	0	0	
G	118a188	99.30	0	0	
G	1198180	99.30	0	0	
G	11982c0	99.30	0	0	
G	11b3110	99.30	2	2	
G	11b4494	99.30	2	2	
G	11b55d0	99.30	1	1	
G	11b5af4	99.30	0	0	
G	11b5b9c	99.30	0	0	
G	11b5bf0	99.30	0	0	
G	11b5c44	99.30	0	0	
G	11b5c98	99.30	0	0	
G	11b5e44	99.30	0	0	
G	11b5e94	99.30	0	0	
G	11b5f70	99.30	0	0	
G	11b5fc0	99.30	0	0	
G	11b6014	99.30	0	0	
G	11b6068	99.30	0	1	
G	11b6188	99.30	2	2	
G	11b7668	99.30	0	0	
G	11b7738	99.30	0	0	
G	11aedbc	99.31	0	38	
G	12d3c04	99.31	0	0	
G	12eaad0	99.31	4	12	
G	12fcf64	99.31	0	37	
G	12fe318	99.31	0	6	
G	131cc6c	99.31	1	1	
G	131ce18	99.31	0	0	
G	131cfc4	99.31	0	0	
G	131d170	99.31	0	0	
G	131d31c	99.31	0	0	
G	1320d18	99.31	1	2	
G	1321b98	99.31	1	1	
G	1321d48	99.31	0	0	
G	13222a0	99.31	0	0	
G	1322370	99.31	0	0	
G	13227ac	99.31	0	0	
G	132287c	99.31	0	0	
G	1322a88	99.31	0	0	
G	15c46e0	99.31	0	0	
G	15c46e4	99.31	1	1	
G	15c46e8	99.31	1	1	
G	15c47d4	99.31	1	2	
G	15c4be8	99.31	0	0	
G	15c56c0	99.31	0	0	
G	16f54ac	99.31	0	0	
G	17f895c	99.35	1	167	
G	1157508	99.46	0	0	
G	115e86c	99.46	0	0	
G	115e878	99.46	0	0	
G	11792f4	99.46	0	0	
G	1179300	99.46	0	0	
G	11a1764	99.46	1	141	
G	11a8ef4	99.46	0	0	
G	11a8f00	99.46	0	0	
G	11aef68	99.46	0	0	
G	11af10c	99.46	0	0	
G	11b27d0	99.46	0	0	
G	11b27dc	99.46	0	0	
G	11b7658	99.46	0	0	
G	11b7664	99.46	0	0	
G	127af3c	99.46	1	5	
G	127af90	99.46	0	0	
G	12d65c0	99.46	0	0	
G	12d65cc	99.46	0	0	
G	1311b0c	99.46	0	0	
G	1311b18	99.46	0	0	
G	1320a2c	99.46	0	0	
G	1320a38	99.46	0	0	
G	13220b0	99.46	0	0	
G	132279c	99.46	0	0	
G	13227a8	99.46	0	0	
G	1324858	99.46	0	0	
G	15b792c	99.46	0	0	
G	15b7938	99.46	0	0	
G	15b89c4	99.46	0	0	
G	15cd8d0	99.46	0	0	
G	15cd994	99.46	0	0	
G	15cecbc	99.46	0	0	
G	15cecc8	99.46	0	0	
G	15f32b4	99.46	0	0	
G	15f32c0	99.46	0	0	
G	15f3584	99.46	0	0	
G	16d9364	99.46	0	0	
G	16d9398	99.46	0	0	
G	175fe1c	99.46	0	0	
G	175fe50	99.46	0	0	
G	177e240	99.46	0	0	
G	177e274	99.46	0	0	
G	19f4e38	99.46	0	0	
G	19f4e6c	99.46	0	0	
G	1c262f8	99.46	0	0	
G	1c2632c	99.46	0	0	
G	11725e0	99.47	0	0	
G	11725ec	99.47	0	0	
G	117d1c4	99.47	0	0	
G	117d1d0	99.47	0	0	
G	11842a8	99.47	0	0	
G	11842b4	99.47	0	0	
G	11997e4	99.47	0	4	
G	119a30c	99.47	0	0	
G	119a530	99.47	0	2	
G	119a5b8	99.47	0	1	
G	119a74c	99.47	0	0	
G	119a79c	99.47	0	0	
G	119a86c	99.47	1	1	
G	11a1a30	99.47	2	10	
G	12172e0	99.47	0	0	
G	12172ec	99.47	0	0	
G	127dd90	99.47	0	2	
G	127dde4	99.47	0	0	
G	12e29f4	99.47	0	0	
G	12e2a00	99.47	0	0	
G	1326bd0	99.47	0	0	
G	1326bdc	99.47	0	0	
G	15bfdb4	99.47	0	0	
G	15c0770	99.47	0	0	
G	15c0778	99.47	0	0	
G	15c0864	99.47	1	2	
G	15c0c78	99.47	0	0	
G	16017bc	99.47	0	0	
G	16017c8	99.47	0	0	
G	1601960	99.47	0	0	
G	16019dc	99.47	0	0	
G	1622a60	99.47	0	0	
G	1622b54	99.47	0	0	
G	1625db4	99.47	0	0	
G	1625dc0	99.47	0	0	
G	162936c	99.47	0	0	
G	1629438	99.47	0	0	
G	1635270	99.47	0	0	
G	16353fc	99.47	0	0	
G	1649b90	99.47	0	0	
G	1649cd4	99.47	0	0	
G	165b5cc	99.47	0	0	
G	166d870	99.47	1	1	
G	166d944	99.47	0	1	
G	16b3210	99.47	0	0	
G	16b3244	99.47	0	0	
G	16dc950	99.47	0	0	
G	16dc984	99.47	0	0	
G	16e6c38	99.47	0	0	
G	16e6c6c	99.47	0	0	
G	16f547c	99.47	0	0	
G	1761614	99.47	0	0	
G	1761648	99.47	0	0	
G	1775688	99.47	0	0	
G	17756bc	99.47	0	0	
G	1779eb4	99.47	0	0	
G	1779ee8	99.47	0	0	
G	177caec	99.47	0	0	
G	177cb20	99.47	0	0	
G	119ab98	99.48	0	0	
G	119ac68	99.48	0	0	
G	11a1e30	99.48	2	82	
G	11a8a08	99.48	0	1	
G	15c0774	99.48	0	0	
G	11b7af8	99.56	0	9	
G	11b7d3c	99.56	2	2	
G	1193d68	99.57	0	0	
G	119ae74	99.57	0	0	
G	119e714	99.57	1	1	
G	119edd4	99.57	0	0	
G	11b9240	99.57	5	6	
G	11bca68	99.57	9	11	
G	12e4d00	99.57	0	0	
G	11d8ffc	99.58	1	5	
G	11d9d4c	99.58	0	0	
G	11d9e6c	99.58	0	0	
G	11db05c	99.58	0	4	
G	11db09c	99.58	2	3	
G	1327434	99.58	1	1	
G	13276fc	99.58	0	1	
G	1de6c38	99.58	0	0	
G	1e68788	99.58	0	0	
G	11a13a0	99.59	2	2	
G	11d9228	99.59	0	0	
G	11d9798	99.59	0	0	
G	11dc44c	99.59	0	0	
G	11de6c8	99.59	0	0	
G	11e1f68	99.59	0	0	
G	11e26a0	99.59	0	0	
G	11e3b74	99.59	0	0	
G	11f8890	99.59	0	0	
G	129dd84	99.59	2	7	
G	129f6d4	99.59	1	4	
G	129f7f4	99.59	0	2	
G	12a01d4	99.59	0	0	
G	12a0644	99.59	0	0	
G	12a0694	99.59	0	0	
G	12a0764	99.59	0	0	
G	12a09a4	99.59	1	1	
G	12a0ea0	99.59	0	0	
G	12a11ec	99.59	0	1	
G	12be204	99.59	0	0	
G	12be234	99.59	0	1	
G	16789b4	99.59	0	0	
G	16789b8	99.59	0	0	
G	1678cc0	99.59	0	1	
G	1678e44	99.59	0	1	
G	16f5a4c	99.59	0	0	
G	1ded788	99.59	0	0	
G	1ded904	99.59	1	1	
G	11ce3d0	99.60	0	0	
G	11ce878	99.60	0	4	
G	11d8120	99.60	0	0	
G	129d6fc	99.60	0	0	
G	12a0bb0	99.60	1	1	
G	12a0c88	99.60	0	0	
G	182f394	99.60	0	0	
G	1ded4f4	99.60	0	0	
G	11a42b8	99.72	0	0	
G	1facaf4	99.76	0	0	
G	1fade20	99.76	0	0	
G	1fc7134	99.76	0	0	
G	1fcb018	99.76	0	0	
G	2167440	99.76	0	0	
G	2167448	99.76	0	0	
G	2196490	99.76	0	0	
G	2196530	99.76	0	0	
G	24194f8	99.76	1	1	
G	2491e88	99.76	0	0	
G	24b3544	99.76	0	5	
G	24b37a4	99.76	1	3	
G	24bf0e0	99.76	1	1	
G	24bf310	99.76	0	0	
G	24c6b58	99.76	0	0	
G	11ac5e8	99.77	0	0	
G	1e77b74	99.77	0	0	
G	1f8f3ec	99.77	0	0	
G	1fb9884	99.77	0	0	
G	1fbbcd0	99.77	1	1	
G	1fc0444	99.77	0	0	
G	1fc9ec8	99.77	0	0	
G	2071654	99.77	0	1	
G	2072194	99.77	0	0	
G	20723e0	99.77	0	0	
G	20c89e4	99.77	35	40	
G	20cb638	99.77	1	1	
G	20e292c	99.77	0	0	
G	21341a8	99.77	1	1	
G	21b7a24	99.77	1	2	
G	233b6c8	99.77	0	0	
G	23bfca0	99.77	1	7	
G	23c177c	99.77	0	0	
G	23c19a0	99.77	0	0	
G	23c8718	99.77	0	0	
G	202f36c	99.78	0	0	
G	202f924	99.78	0	0	
G	2032c3c	99.78	0	0	
G	2032c8c	99.78	0	0	
G	2032f9c	99.78	0	0	
G	2032fd4	99.78	0	0	
G	2033120	99.78	1	1	
G	203bf48	99.78	0	0	
G	203d358	99.78	2	2	
G	203fa78	99.78	0	0	
G	203fe68	99.78	0	0	
G	203feb8	99.78	0	0	
G	2040190	99.78	0	0	
G	20402dc	99.78	3	3	
G	2047098	99.78	0	0	
G	2047488	99.78	0	0	
G	20474d8	99.78	0	0	
G	2047788	99.78	0	1	
G	20478d4	99.78	3	3	
G	204b070	99.78	0	0	
G	204b444	99.78	1	1	
G	204b494	99.78	0	0	
G	204b830	99.78	1	1	
G	204b958	99.78	0	0	
G	204fa34	99.78	0	0	
G	204fe28	99.78	0	0	
G	204fe78	99.78	0	0	
G	20501ac	99.78	0	1	
G	20502d4	99.78	1	1	
G	2052c70	99.78	0	1	
G	205326c	99.78	0	0	
G	20532b0	99.78	0	0	
G	2053618	99.78	5	5	
G	2060394	99.78	0	0	
G	2061128	99.78	2	2	
G	24b35c8	99.78	1	2	
G	24b5224	99.78	0	0	
G	24b5454	99.78	0	0	
G	24bdc30	99.78	0	0	
G	2035560	99.79	0	0	
G	20355a4	99.79	0	0	
G	20358c0	99.79	0	0	
G	20358f8	99.79	1	1	
G	204cd14	99.79	0	0	
G	204d0c8	99.79	0	0	
G	204d118	99.79	0	0	
G	204d42c	99.79	0	1	
G	204e24c	99.79	0	0	
G	204e658	99.79	0	0	
G	204e6a8	99.79	0	0	
G	204ea70	99.79	0	0	
G	204ebbc	99.79	2	2	
G	205175c	99.79	0	0	
G	2051cc8	99.79	0	0	
G	2051d0c	99.79	0	0	
G	2034108	99.80	0	0	
G	203414c	99.80	0	0	
G	2034450	99.80	0	0	
G	2034488	99.80	0	0	
G	20421f8	99.80	0	0	
G	2042508	99.80	0	0	
G	204254c	99.80	0	0	
G	2042844	99.80	0	0	
G	204d578	99.80	1	1	
G	2131c38	99.80	0	0	
G	2132784	99.80	0	0	
G	21327ac	99.80	0	0	
G	204852c	99.82	0	0	
G	2048824	99.82	0	0	
G	2048868	99.82	0	0	
G	2048adc	99.82	0	0	
G	11a4598	99.83	0	0	
G	11a45d8	99.83	0	0	
G	11c06fc	99.83	0	2	
G	11c0828	99.83	1	1	
G	11c2354	99.83	0	2	
G	12e4d10	99.83	1	1	
G	1def648	99.83	0	0	
G	1e97954	99.83	0	0	
G	1e979f4	99.83	0	0	
G	1e97a0c	99.83	0	0	
G	1e97a34	99.83	0	0	
G	1e97aac	99.83	0	0	
G	1e97ad4	99.83	0	0	
G	1e97ae8	99.83	0	0	
G	1f68af0	99.83	0	0	
G	233b798	99.83	2	2	
G	1235630	99.84	0	0	
G	16bea48	99.84	0	0	
G	1235824	99.86	0	0	
G	129d8b4	99.86	0	0	
G	11ceca8	99.98	4	160	
G	1815934	99.98	0	0	
G	18167c0	99.98	1	1	
G	18174fc	99.98	0	2	
G	18396ac	99.98	0	0	
G	18399d8	99.98	0	1	
G	1840ecc	99.98	0	0	
G	1841198	99.98	0	5	
G	1ca811c	99.98	0	0	
G	1ca850c	99.98	0	0	
G	1cabed4	99.98	0	0	
G	1df24c0	99.98	0	0	
G	11d359c	99.99	0	0	
G	18406a4	99.99	0	0	
G	1840810	99.99	0	1	
G	18409b8	99.99	0	0	
G	18415e0	99.99	0	0	
G	1846188	99.99	0	0	
G	1846450	99.99	1	1	
G	1846898	99.99	0	0	
G	1d9b56c	99.99	0	0	
G	181f150	100.00	0	0	
G	18409e8	100.00	0	0	
G	1841610	100.00	2	2	
G	18468c8	100.00	0	0	
G	1c23e64	100.00	0	0	
G	1c2a264	100.00	0	0	
G	1c2a2ec	100.00	0	0	
G	1c2a308	100.00	0	0	
G	1cabf04	100.00	2	4	
G	1db4f40	100.00	0	0	
G	1ec0dac	100.07	0	0	
G	1ed3420	100.07	0	0	
G	1817628	100.19	18	27	
G	1dec90c	100.19	0	0	
G	1deca88	100.19	0	0	
G	11d66bc	100.20	0	0	
G	181ec24	100.20	0	0	
G	1decb68	100.20	0	0	
G	1deccb8	100.20	0	0	
G	1decfe0	100.20	0	0	
G	1ded188	100.20	0	0	
G	1ded2b4	100.20	0	0	
G	1ded3d4	100.20	0	0	
G	11a234c	100.21	0	0	
G	11a2568	100.21	3	3	
G	11a533c	100.21	0	0	
G	11c33a4	100.21	0	0	
G	12a886c	100.21	0	0	
G	12a8a38	100.21	0	0	
G	170b4c4	100.21	0	3	
G	170b798	100.21	0	2	
G	170bdec	100.21	0	0	
G	170c11c	100.21	0	0	
G	1738d80	100.21	0	0	
G	175fe54	100.21	0	2	
G	1760850	100.21	1	1	
G	1760920	100.21	0	1	
G	1760d24	100.21	0	0	
G	181ed4c	100.21	0	0	
G	1830330	100.21	0	0	
G	1830484	100.21	0	0	
G	18304a0	100.21	0	0	
G	18307ac	100.21	0	0	
G	18307c8	100.21	0	0	
G	1830834	100.21	0	0	
G	1830850	100.21	0	0	
G	1830958	100.21	0	0	
G	1830974	100.21	0	0	
G	1830be8	100.21	0	0	
G	1830c0c	100.21	0	0	
G	1830e3c	100.21	0	0	
G	1830e58	100.21	0	0	
G	1831058	100.21	0	0	
G	1831074	100.21	0	0	
G	1831394	100.21	0	0	
G	18313b0	100.21	0	0	
G	1832278	100.21	0	0	
G	1832294	100.21	0	0	
G	1832770	100.21	0	0	
G	183278c	100.21	0	0	
G	1832b70	100.21	0	0	
G	1832b8c	100.21	0	0	
G	1832f44	100.21	0	0	
G	1832f60	100.21	0	0	
G	18334f4	100.21	0	0	
G	1833510	100.21	0	0	
G	1833e08	100.21	0	0	
G	1833e24	100.21	0	0	
G	1834148	100.21	0	0	
G	1834164	100.21	0	0	
G	1834448	100.21	0	0	
G	1834464	100.21	0	0	
G	181737c	100.22	0	0	
G	183487c	100.22	0	0	
G	1834898	100.22	0	0	
G	1834f30	100.22	0	0	
G	1834f4c	100.22	0	0	
G	18350a0	100.22	0	0	
G	18350bc	100.22	0	0	
G	1835504	100.22	0	0	
G	1835520	100.22	0	0	
G	18358bc	100.22	0	0	
G	18358d8	100.22	0	0	
G	1835b40	100.22	0	0	
G	1835b5c	100.22	0	0	
G	1835fac	100.22	1	1	
G	1836180	100.22	0	0	
G	183619c	100.22	0	0	
G	1836234	100.22	0	0	
G	1836310	100.22	0	0	
G	1836318	100.22	0	0	
G	183636c	100.22	0	0	
G	183650c	100.22	1	1	
G	1839b40	100.22	3	3	
G	1ca863c	100.22	5	29	
G	1df0d18	100.22	0	0	
G	1840948	100.25	0	0	
G	1841510	100.25	0	0	
G	18467c8	100.25	0	0	
G	1cac7e8	100.25	1	1	
G	1cae0ec	100.25	0	1	
G	1cae604	100.25	0	0	
G	1cae620	100.25	1	1	
G	1cae940	100.25	0	0	
G	1cae95c	100.25	0	0	
G	1cae9e8	100.25	0	0	
G	1caea04	100.25	0	0	
G	1caea90	100.25	0	0	
G	1caeaac	100.25	0	0	
G	1caeb84	100.25	0	0	
G	1caeba0	100.25	0	0	
G	1caec80	100.25	0	0	
G	1caec9c	100.25	0	0	
G	1caf118	100.25	0	0	
G	1caf134	100.25	0	0	
G	1caf378	100.25	0	0	
G	1caf394	100.25	0	0	
G	1caf440	100.25	0	0	
G	1caf45c	100.25	0	0	
G	1caf63c	100.25	0	0	
G	1caf658	100.25	0	0	
G	1caf704	100.25	0	0	
G	1caf720	100.25	0	0	
G	1caf900	100.25	0	0	
G	1caf91c	100.25	0	0	
G	1cafc40	100.25	0	0	
G	1cafc5c	100.25	0	0	
G	1cafd38	100.25	0	0	
G	1cafd54	100.25	0	0	
G	1cafe64	100.25	0	0	
G	1cafe80	100.25	0	0	
G	1caffc8	100.25	0	0	
G	1caffe4	100.25	0	0	
G	12a1f6c	100.27	0	11	
G	16bde74	100.27	0	0	
G	16be560	100.27	1	1	
G	1815b30	100.27	2	2	
G	1cabf4c	100.27	0	0	
G	12a1dc8	100.28	0	1	
G	12ac798	100.28	1	1	
G	12acb18	100.28	0	0	
G	12acc60	100.28	0	0	
G	11c2594	100.29	6	31	
G	11c56c0	100.29	1	1	
G	11d9340	100.29	3	27	
G	11d9794	100.29	0	0	
G	11d9928	100.29	0	0	
G	11d9da4	100.29	0	17	
G	11d9df0	100.29	1	1	
G	11dc6b0	100.29	3	3	
G	11dc8f4	100.29	10	14	
G	11dd95c	100.29	5	5	
G	11e1ff0	100.29	4	17	
G	11e2880	100.29	9	207	
G	11e3960	100.29	1	13	
G	12a2100	100.29	0	0	
G	12a332c	100.29	5	1352	
G	12e4e60	100.29	1	1	
G	12f0bfc	100.29	0	2	
G	12f0ff8	100.29	0	0	
G	1e66570	100.29	0	0	
G	1e68848	100.29	0	0	
G	1e9f118	100.29	0	0	
G	20ec5b0	100.29	1	1	
G	127f930	100.33	5	5	
G	12805a0	100.33	8	41	
G	1281e38	100.33	4	7	
G	1282d90	100.33	0	0	
G	1282e60	100.33	2	2	
G	12842c4	100.33	0	4	
G	12844d0	100.33	0	0	
G	12845a0	100.33	0	0	
G	15b92c4	100.33	3	181	
G	15b9d70	100.33	0	0	
G	11981d0	100.34	0	0	
G	11c5938	100.34	0	0	
G	11c6248	100.34	1	3	
G	11c6298	100.34	0	1	
G	11c62e8	100.34	0	2	
G	11c6518	100.34	0	1	
G	11f8c7c	100.34	0	0	
G	11f8e68	100.34	0	0	
G	1282530	100.34	0	0	
G	128259c	100.34	0	0	
G	1282608	100.34	0	1	
G	1282674	100.34	0	0	
G	12828cc	100.34	0	0	
G	12829a4	100.34	0	1	
G	1282a2c	100.34	0	0	
G	1282b50	100.34	0	0	
G	1282ba4	100.34	1	1	
G	1282bf8	100.34	0	0	
G	1282c4c	100.34	0	0	
G	1282ca0	100.34	0	1	
G	12824dc	100.35	0	0	
G	128271c	100.35	0	1	
G	1282d40	100.35	0	4	
G	12c5e1c	100.35	1	1	
G	12c6468	100.35	0	0	
G	12c6538	100.35	0	1	
G	12c6744	100.35	0	0	
G	12c6814	100.35	0	0	
G	15f8388	100.35	2	4	
G	15f9068	100.35	0	0	
G	15f921c	100.35	0	0	
G	11600e4	100.36	0	0	
G	118f43c	100.36	0	0	
G	11963c0	100.36	1	1	
G	1196bc8	100.36	2	3	
G	1197c04	100.36	0	0	
G	1198090	100.36	0	0	
G	1198310	100.36	0	0	
G	11983e0	100.36	1	1	
G	119900c	100.36	0	1	
G	1199218	100.36	0	0	
G	11992e8	100.36	1	1	
G	1219b00	100.36	0	0	
G	1219b50	100.36	0	0	
G	1219ba0	100.36	0	0	
G	15b5da0	100.36	4	20	
G	15b6844	100.36	0	1	
G	115ff54	100.37	0	0	
G	115ffa4	100.37	0	0	
G	115fff4	100.37	0	0	
G	1160044	100.37	0	0	
G	11f0e00	100.37	0	0	
G	11f8b30	100.37	0	0	
G	1287a1c	100.37	0	0	
G	1287a6c	100.37	0	1	
G	1287abc	100.37	0	0	
G	1287b0c	100.37	0	0	
G	1287b5c	100.37	0	0	
G	1287bac	100.37	0	0	
G	1287bfc	100.37	0	0	
G	1287c4c	100.37	0	0	
G	1287c9c	100.37	0	0	
G	1287cec	100.37	0	0	
G	1287d3c	100.37	0	0	
G	1287d8c	100.37	0	0	
G	1287ddc	100.37	0	0	
G	12a4cfc	100.38	0	919	
G	12ac314	100.38	0	1	
G	12b8344	100.38	1	1	
G	12b8444	100.38	0	0	
G	12f1598	100.38	10	962	
G	1302ff0	100.40	0	2	
G	1303f9c	100.40	2	6	
G	13042d8	100.40	1	1	
G	1312048	100.40	0	0	
G	13126e8	100.40	0	0	
G	1648078	100.40	0	0	
G	164807c	100.40	0	0	
G	1648384	100.40	0	2	
G	1648508	100.40	1	2	
G	16f592c	100.40	0	0	
G	16f5a1c	100.40	0	0	
G	11f8a40	100.41	0	0	
G	13043d8	100.41	0	1	
G	1304e78	100.41	0	0	
G	13050f8	100.41	0	0	
G	1305ac4	100.41	0	0	
G	1305b94	100.41	0	0	
G	1672910	100.41	0	0	
G	1672914	100.41	0	0	
G	1672c1c	100.41	1	1	
G	1672da0	100.41	0	0	
G	11edf08	100.42	4	10	
G	11f2954	100.42	0	0	
G	11f2ca8	100.42	0	0	
G	11f2ffc	100.42	1	1	
G	11f3350	100.42	0	0	
G	11f36a4	100.42	0	0	
G	11f39f8	100.42	1	1	
G	11f3d4c	100.42	0	0	
G	11f40a0	100.42	0	0	
G	11f43f4	100.42	0	0	
G	11f4748	100.42	0	0	
G	11f4a9c	100.42	0	0	
G	11f4df0	100.42	1	1	
G	1264e1c	100.42	0	0	
G	11934e4	100.43	0	0	
G	1193510	100.43	1	10	
G	1193b28	100.43	0	4	
G	1194d58	100.43	0	4	
G	1194e98	100.43	1	1	
G	1195404	100.43	1	1	
G	119966c	100.43	0	0	
G	1199678	100.43	0	0	
G	119967c	100.43	1	4	
G	119ae88	100.43	1	11	
G	119b230	100.43	0	0	
G	119b9c0	100.43	0	0	
G	119bafc	100.43	0	0	
G	11f5144	100.43	0	0	
G	11f5498	100.43	0	0	
G	11f57ec	100.43	0	0	
G	11f5b40	100.43	1	1	
G	11f5e94	100.43	0	0	
G	11f61e8	100.43	0	0	
G	11f653c	100.43	0	0	
G	11f6890	100.43	1	1	
G	11f6be4	100.43	0	0	
G	11f6f38	100.43	0	0	
G	11f728c	100.43	0	0	
G	11f75e0	100.43	1	1	
G	11f7934	100.43	0	0	
G	125f320	100.43	1	515	
G	125f5e8	100.43	2	514	
G	1264db8	100.43	0	11	
G	1265398	100.43	0	0	
G	1305da0	100.43	1	1	
G	15b6124	100.43	0	0	
G	16ec834	100.43	0	0	
G	12602b0	100.44	0	2	
G	1260590	100.44	1	476	
G	127df90	100.44	1	1	
G	1284924	100.44	0	0	
G	1284930	100.44	0	0	
G	1284934	100.44	0	0	
G	1284ac4	100.44	0	0	
G	1261028	100.46	2	2	
G	12617c4	100.46	0	0	
G	1284cd0	100.46	0	0	
G	1255aac	100.56	2	175	
G	11a1388	100.57	0	0	
G	1261f90	100.57	2	18	
G	1265a6c	100.57	0	0	
G	11a2948	100.58	1	142	
G	1e7c5a0	100.58	0	0	
G	1181d74	100.61	0	0	
G	1181f20	100.61	0	0	
G	11995bc	100.61	0	0	
G	1199610	100.61	0	0	
G	11a13dc	100.61	1	1	
G	11a21d8	100.61	1	1	
G	11e1fa8	100.61	0	0	
G	11e3f30	100.61	0	0	
G	11e575c	100.61	0	0	
G	120b560	100.61	0	0	
G	120eaf0	100.61	1	1	
G	120f038	100.61	0	0	
G	120f850	100.61	0	0	
G	12114f4	100.61	0	0	
G	1236ed0	100.61	0	0	
G	12381b4	100.61	0	1	
G	12557b4	100.61	0	14	
G	1256e10	100.61	0	0	
G	125742c	100.61	0	0	
G	1262388	100.61	1	3	
G	126b32c	100.61	0	2	
G	12721f4	100.61	0	0	
G	1272210	100.61	0	0	
G	1284874	100.61	0	0	
G	12848c8	100.61	0	0	
G	129c80c	100.61	2	2	
G	12f13b8	100.61	0	29	
G	13024b0	100.61	0	0	
G	16f5ba8	100.61	0	0	
G	16f5bc0	100.61	0	0	
G	171a710	100.61	0	0	
G	1dedd18	100.61	0	0	
G	11e106c	100.62	1	1	
G	11e1740	100.62	0	0	
G	11e23c0	100.62	2	3	
G	11e3290	100.62	3	3	
G	11e343c	100.62	2	46	
G	11e3a64	100.62	0	12	
G	11e4150	100.62	0	0	
G	11e4354	100.62	2	2	
G	11e45a8	100.62	2	28	
G	11e46a8	100.62	0	0	
G	11e47f0	100.62	1	1	
G	1236f0c	100.62	1	1	
G	1259024	100.62	1	4	
G	1299680	100.62	11	512	
G	129aa0c	100.62	3	3	
G	11c6108	100.67	0	0	
G	12827c0	100.67	0	0	
G	1282860	100.67	0	0	
G	1282938	100.67	0	1	
G	1282770	100.68	0	0	
G	1282cf0	100.68	0	1	
G	1287e2c	100.69	0	0	
G	129d098	100.88	0	0	
G	1e33fc0	100.88	0	0	
G	1fac3a4	100.88	1	1	
G	1fac7c8	100.88	0	0	
G	20d11e0	100.88	2	2	
G	2321634	100.88	0	3	
G	2323a2c	100.88	0	0	
G	11e626c	100.90	3	3	
G	1238f88	100.90	0	0	
G	1e6bcac	100.90	0	2	
G	1f8c704	100.90	0	0	
G	207e7d8	100.90	1	2	
G	208c4b4	100.90	0	1	
G	208c74c	100.90	1	1	
G	209d42c	100.90	4	10	
G	11c6068	101.22	1	1	
G	1282810	101.22	0	0	
G	11c60b8	101.23	0	1	
G	12826c8	101.23	1	1	
G	12a2110	101.51	0	0	
G	11a25a4	101.53	0	0	
G	123d978	101.55	0	0	
G	123da44	101.55	0	0	
G	125f0d8	101.55	0	2	
G	1e6b5a0	101.55	2	2	
G	1e76814	101.55	0	0	
G	12505f8	101.59	0	0	
G	1297f98	101.59	0	0	
G	1297fbc	101.59	0	0	
G	1298a58	101.59	0	0	
G	1298a78	101.59	0	0	
G	129ac4c	101.59	0	0	
G	129d144	101.59	0	0	
G	2324aa8	101.59	0	0	
G	11a2840	101.60	0	0	
G	11de13c	101.60	1	1	
G	124e598	101.60	3	5	
G	129e9c4	101.60	1	2	
G	12a30a8	101.60	3	3	
G	1e6b5d4	101.60	0	0	
G	1e7686c	101.60	0	0	
G	20c27a8	101.60	0	0	
G	219d334	101.60	1	1	
G	1f3ac98	101.61	1	1	
G	1fac900	101.61	0	0	
G	1facba0	101.61	0	0	
G	1fc4c68	101.61	0	0	
G	1fc6070	101.61	0	0	
G	1fc63b8	101.61	0	0	
G	1fc642c	101.61	0	0	
G	1fc6554	101.61	14	14	
G	1fc8908	101.61	0	0	
G	1fc8d28	101.61	0	0	
G	1fc8dc8	101.61	11	11	
G	1fd9784	101.61	0	0	
G	1fd97a8	101.61	18	19	
G	1fdd828	101.61	3	42	
G	1fdd9f0	101.61	0	0	
G	1fdda14	101.61	1	1	
G	2073b74	101.61	7	28	
G	209f204	101.61	2	2	
G	20a1000	101.61	0	0	
G	20a1e40	101.61	7	8	
G	213431c	101.61	6	6	
G	2196324	101.61	2	2	
G	2196ce4	101.61	2	2	
G	219719c	101.61	9	9	
G	21b7c28	101.61	16	24	
G	2327554	101.61	0	0	
G	2329480	101.61	20	35	
G	23c8fa8	101.61	25	40	
G	23c9ea0	101.61	0	0	
G	1c26388	101.79	0	0	
G	1250728	101.86	0	0	
G	126b3e0	101.86	0	1	
G	126b998	101.86	1	1	
G	129a75c	101.86	0	0	
G	129d11c	101.86	0	0	
G	129d6b8	101.86	0	0	
G	130086c	101.86	0	1	
G	1fac330	101.86	0	0	
G	1fb1428	101.86	0	0	
G	23215a0	101.86	0	3	
G	23240e8	101.86	0	0	
G	11ef7e8	101.87	1	1	
G	16becbc	101.87	0	5	
G	16bfd7c	101.87	0	0	
G	16c00dc	101.87	1	1	
G	16c0324	101.87	0	0	
G	1e342f8	101.87	1	1	
G	1fb159c	101.87	0	0	
G	1fc711c	101.87	1	1	
G	2072c94	101.87	0	0	
G	11a278c	101.89	0	0	
G	11d323c	101.89	1	1	
G	12ff7e8	101.89	0	0	
G	140c430	101.89	1	1	
G	1700ac0	101.89	0	0	
G	171dc08	101.89	0	1	
G	171e90c	101.89	0	0	
G	171f4bc	101.89	1	2	
G	1722a94	101.89	0	0	
G	1723910	101.89	0	0	
G	1742904	101.89	0	0	
G	1744750	101.89	1	61	
G	182f428	101.89	2	367	
G	1744924	101.91	0	53	
G	1745314	101.92	0	61	
G	1744b68	101.94	0	0	
G	1744be0	101.94	0	112	
G	1dcd73c	101.94	2	112	
G	1744bc8	101.99	0	0	
G	1744dd0	101.99	0	0	
G	1744e70	101.99	0	0	
G	1744e88	101.99	0	0	
G	1744ef8	101.99	0	29	
G	1dcd4c8	101.99	0	0	
G	1dcd5fc	101.99	0	0	
G	1dcdcc8	101.99	0	0	
G	17450f4	102.00	0	22	
G	11d32b4	102.02	0	0	
G	1700a74	102.02	0	1	
G	183e668	102.02	0	12	
G	20a10ec	102.26	0	0	
G	20a1f7c	102.26	6	42	
G	2331238	102.26	9	31	
G	2331788	102.26	3	22	
G	2331c64	102.26	2	37	
G	2331d94	102.26	4	4	
G	2333a3c	102.26	19	19	
G	11a2804	102.27	1	1	
G	11c53a0	102.27	0	0	
G	11d3ec0	102.27	0	16	
G	11d4f6c	102.27	0	7	
G	11d52b0	102.27	0	0	
G	11d52e8	102.27	1	33	
G	11d57bc	102.27	0	0	
G	1250990	102.27	3	3	
G	12509f8	102.27	0	0	
G	1251c68	102.27	2	2	
G	129e704	102.27	0	0	
G	12a8c34	102.27	0	1	
G	1dc92b4	102.27	0	1	
G	1dcd394	102.27	0	0	
G	1c2a310	102.30	0	0	
G	11b5d20	102.31	0	0	
G	11c08f4	102.31	0	2	
G	11c09c8	102.31	1	2	
G	12a211c	102.31	2	13	
G	12ca8d4	102.31	0	4	
G	11c20ec	102.32	0	0	
G	12a2d3c	102.33	0	0	
G	20a6d80	102.56	0	0	
G	20a6e54	102.56	0	0	
G	20a6ec0	102.56	0	0	
G	20a6f38	102.56	0	0	
G	20a6f58	102.56	0	0	
G	20a879c	102.56	0	0	
G	20e5468	102.56	0	0	
G	129b674	102.58	0	0	
G	1e6ab48	102.58	0	0	
G	2076828	102.63	0	0	
G	207685c	102.63	0	0	
G	12a2d4c	102.65	0	0	
G	1fd8ad4	102.65	0	0	
G	1fd8ae0	102.65	3	3	
G	20a6fc8	102.65	40	84	
G	20a8678	102.65	0	0	
G	16bf0e4	102.79	0	1	
G	16c09c4	102.79	0	1	
G	16c0b70	102.79	1	1	
G	20a95b0	102.79	15	26	
G	2134cf8	102.79	0	0	
G	2134cfc	102.79	5	5	
G	234bd94	102.79	4	4	
G	11d4c28	102.81	1	4	
G	11d54dc	102.81	0	6	
G	11d5520	102.81	0	6	
G	1231d9c	102.82	0	12	
G	12331e0	102.82	3	7	
G	123392c	102.82	1	1	
G	1234398	102.82	0	0	
G	123479c	102.82	0	0	
G	1234b64	102.82	0	0	
G	15d4ea8	102.82	0	0	
G	15d4eb0	102.82	1	1	
G	15d4f9c	102.82	0	2	
G	15d53b0	102.82	0	0	
G	16f553c	102.82	0	0	
G	11a5b0c	102.83	0	0	
G	1234178	102.83	1	1	
G	123451c	102.83	0	0	
G	123486c	102.83	0	0	
G	1234dd8	102.83	0	0	
G	1234ea8	102.83	0	0	
G	1297068	102.83	0	0	
G	1297304	102.83	0	1	
G	12975ec	102.83	2	6	
G	12976b4	102.83	0	0	
G	12976b8	102.83	0	0	
G	12976bc	102.83	0	0	
G	129af0c	102.83	0	0	
G	15d4eac	102.83	0	0	
G	1e6a7b0	102.83	0	0	
G	1e7df40	102.83	0	0	
G	20471c8	102.83	0	0	
G	2047630	102.83	0	13	
G	2047a54	102.83	3	5	
G	204fbe4	102.83	0	0	
G	205010c	102.83	0	0	
G	2050488	102.83	9	9	
G	20bd5d4	102.83	5	5	
G	20c9920	102.83	183	302	
G	2032900	102.84	0	0	
G	20332a0	102.84	15	16	
G	2035304	102.84	0	0	
G	2035a58	102.84	4	4	
G	2035b48	102.84	8	12	
G	203f71c	102.84	0	0	
G	203f94c	102.84	0	0	
G	203fba8	102.84	0	0	
G	2040010	102.84	0	0	
G	204045c	102.84	7	10	
G	2042328	102.84	0	0	
G	20426c4	102.84	0	0	
G	20429a4	102.84	2	2	
G	2042a94	102.84	3	5	
G	20c1cb4	102.84	1	1	
G	20cb268	102.84	18	18	
G	2131efc	102.84	2	14	
G	213278c	102.84	0	1	
G	218a280	102.84	0	0	
G	218a2bc	102.84	0	0	
G	23c9ecc	102.90	47	70	
G	21a1b5c	102.91	3	3	
G	21a4424	102.91	3	3	
G	21a5904	102.91	1	1	
G	236ae00	102.91	1	1	
G	236bf04	102.91	34	34	
G	23cbf88	102.91	11	11	
G	23cd278	102.91	1	1	
G	23cd568	102.91	6	9	
G	23cdd0c	102.91	2	2	
G	23ce704	102.91	82	133	
G	23cf0dc	102.91	32	32	
G	23cf890	102.91	6	6	
G	23cfd5c	102.91	0	0	
G	23cff40	102.91	2	5	
G	11cf5cc	103.00	32	144	
G	20e5da0	103.00	0	0	
G	233a38c	103.00	0	0	
G	233a4a4	103.00	0	0	
G	233ab1c	103.00	0	0	
G	218a5c4	103.07	0	0	
G	218a5f4	103.07	0	0	
G	236ae80	103.07	3	49	
G	236b758	103.07	3	126	
G	236cd68	103.07	7	7	
G	259a86c	103.07	21	41	
G	259ae14	103.07	4	8	
G	1fa7b20	103.08	0	0	
G	20a99fc	103.08	0	2	
G	218a5d4	103.08	0	0	
G	233a460	103.08	1	1	
G	233a4ac	103.08	0	0	
G	233b0c0	103.08	19	20	
G	233bb8c	103.08	0	0	
G	23455dc	103.08	0	0	
G	2345614	103.08	1	1	
G	2345c04	103.08	1	1	
G	23465f4	103.08	1	2	
G	2346694	103.08	0	0	
G	2347bc8	103.08	0	0	
G	234989c	103.08	0	0	
G	23498b4	103.08	0	0	
G	23499e8	103.08	0	0	
G	234a01c	103.08	0	0	
G	236cb6c	103.08	0	0	
G	233924c	103.09	5	5	
G	23480dc	103.09	0	0	
G	2348218	103.09	0	0	
G	129babc	103.22	0	2	
G	17fcb40	103.22	1	1	
G	18000e8	103.22	0	0	
G	1e34390	103.22	0	0	
G	1e61a78	103.22	1	1	
G	2345898	103.22	0	0	
G	1f9cbb8	103.25	1	6	
G	1f9ccfc	103.25	0	5	
G	1f9d198	103.25	3	3	
G	1f9d274	103.25	0	0	
G	1fa8c30	103.25	0	0	
G	1fab754	103.25	0	0	
G	1fad874	103.25	0	0	
G	1fadecc	103.25	0	0	
G	1fadee8	103.25	5	5	
G	1fb953c	103.25	0	0	
G	1fb976c	103.25	0	0	
G	1fb9a44	103.25	0	0	
G	1fb9e48	103.25	0	0	
G	1fb9fc8	103.25	9	10	
G	1fbbe90	103.25	0	0	
G	1fbc21c	103.25	0	0	
G	1fbc39c	103.25	13	13	
G	1fc0604	103.25	0	0	
G	1fc0a08	103.25	0	17	
G	1fc0b74	103.25	1	1	
G	1fcb258	103.25	0	0	
G	1fcb740	103.25	0	0	
G	1fcb7e0	103.25	13	13	
G	1fd42bc	103.25	0	0	
G	1fd42f4	103.25	1	1	
G	1fd4438	103.25	0	0	
G	1fd4544	103.25	0	0	
G	11d3a18	103.26	0	0	
G	12a128c	103.26	0	13	
G	12a1534	103.26	2	13	
G	15f7734	103.26	0	0	
G	15f7828	103.26	2	2	
G	16f562c	103.26	0	0	
G	1198220	103.27	0	0	
G	11c5848	103.27	1	1	
G	11c5898	103.27	0	0	
G	11c58e8	103.27	0	0	
G	11c5a78	103.27	0	0	
G	11c5ac8	103.27	0	0	
G	11c61f8	103.27	0	0	
G	11c6338	103.27	0	0	
G	11c6388	103.27	0	0	
G	11c63d8	103.27	0	0	
G	11c6428	103.27	0	0	
G	11c6478	103.27	0	0	
G	11c64c8	103.27	0	0	
G	12b8708	103.27	1	9	
G	12b9684	103.27	2	2	
G	12ba2e8	103.27	2	2	
G	12bbf88	103.27	0	0	
G	12bbff4	103.27	0	0	
G	12bc060	103.27	0	0	
G	12bc0cc	103.27	0	0	
G	12bc138	103.27	0	0	
G	12bc1a4	103.27	0	0	
G	12bc210	103.27	0	0	
G	12bc27c	103.27	0	0	
G	12bc2e8	103.27	0	0	
G	12bc354	103.27	0	0	
G	12bc3c0	103.27	0	0	
G	12bc42c	103.27	0	0	
G	12bc498	103.27	0	0	
G	12bc504	103.27	0	0	
G	12bc570	103.27	0	0	
G	12bc5dc	103.27	0	0	
G	12bc648	103.27	0	0	
G	12bc718	103.27	0	0	
G	12bdab0	103.27	0	0	
G	15f773c	103.27	0	0	
G	15f7c3c	103.27	0	0	
G	118a138	103.28	0	0	
G	118f25c	103.28	0	0	
G	118f2ac	103.28	0	0	
G	12b8d5c	103.28	0	0	
G	12bb904	103.28	1	1	
G	12bdd24	103.28	0	0	
G	12bddf4	103.28	0	0	
G	12be28c	103.28	0	0	
G	12dcf14	103.28	1	9	
G	12dd544	103.28	1	5	
G	12de080	103.28	1	1	
G	12de684	103.28	1	1	
G	12df4ec	103.28	0	0	
G	12df5bc	103.28	1	1	
G	12dffc4	103.28	0	1	
G	15f7738	103.28	0	0	
G	1681d9c	103.28	0	0	
G	1681da4	103.28	0	0	
G	1681e90	103.28	2	2	
G	16822a4	103.28	0	0	
G	16f5aa0	103.28	0	0	
G	119c090	103.29	0	0	
G	119d8bc	103.29	1	3	
G	119da10	103.29	0	0	
G	11a2388	103.29	0	0	
G	11d9294	103.29	0	3	
G	11f0688	103.29	0	0	
G	1236e08	103.29	0	0	
G	123d534	103.29	0	0	
G	1252458	103.29	0	0	
G	1263748	103.29	0	0	
G	12731d4	103.29	0	0	
G	128c8bc	103.29	0	0	
G	128c930	103.29	0	0	
G	128c960	103.29	0	0	
G	128d0dc	103.29	0	0	
G	128d29c	103.29	0	0	
G	128d2b8	103.29	0	0	
G	12927a8	103.29	0	0	
G	1292888	103.29	1	1	
G	129293c	103.29	0	0	
G	1292a3c	103.29	0	0	
G	1292b00	103.29	0	0	
G	1292c10	103.29	0	0	
G	129388c	103.29	0	0	
G	12a788c	103.29	0	0	
G	12a7940	103.29	2	5	
G	12ddb98	103.29	0	0	
G	12df198	103.29	0	0	
G	12e0238	103.29	0	0	
G	12e0308	103.29	0	0	
G	12e0514	103.29	0	0	
G	132884c	103.29	0	0	
G	14b6adc	103.29	0	0	
G	1681da0	103.29	0	0	
G	181fb20	103.29	0	0	
G	1e89c0c	103.29	0	0	
G	1f39488	103.29	11	11	
G	11a27c8	103.30	0	0	
G	11d3370	103.30	0	0	
G	11f06a4	103.30	0	0	
G	120b7cc	103.30	8	8	
G	120bb1c	103.30	0	0	
G	120c50c	103.30	0	0	
G	1236df8	103.30	0	0	
G	1238138	103.30	0	0	
G	123d4fc	103.30	0	0	
G	123e950	103.30	5	7	
G	123ede8	103.30	0	0	
G	1252500	103.30	15	403	
G	1257744	103.30	4	4	
G	126bc48	103.30	0	1	
G	128d39c	103.30	2	5	
G	12927e8	103.30	0	0	
G	12927ec	103.30	1	20	
G	1292884	103.30	0	0	
G	1292ac0	103.30	0	0	
G	12a7c30	103.30	4	4	
G	1328940	103.30	65	100	
G	13298c0	103.30	2	25	
G	1329d64	103.30	0	9	
G	15f4140	103.30	0	0	
G	182a2a8	103.30	0	0	
G	1cae0d0	103.30	0	0	
G	1e5d2e0	103.30	2	2	
G	1e5fb08	103.30	1	1	
G	1e61c44	103.30	1	1	
G	1e6a9f8	103.30	3	3	
G	1e89c4c	103.30	1	1	
G	1e89dbc	103.30	0	0	
G	1e8a26c	103.30	1	1	
G	11a460c	103.31	0	0	
G	11ab0a4	103.31	0	0	
G	11c5414	103.31	0	0	
G	11d35ac	103.31	0	1	
G	123d504	103.31	0	0	
G	123d51c	103.31	0	0	
G	123d57c	103.31	1	1	
G	123da64	103.31	0	0	
G	123da9c	103.31	0	0	
G	123dac4	103.31	0	0	
G	123df1c	103.31	1	1	
G	123e870	103.31	0	0	
G	123e9e8	103.31	0	1	
G	123eef0	103.31	0	8	
G	123f2a0	103.31	0	11	
G	125911c	103.31	1	14	
G	126c814	103.31	0	0	
G	128eb94	103.31	0	0	
G	12938d0	103.31	0	0	
G	1298a98	103.31	0	0	
G	12be050	103.31	0	0	
G	13b7408	103.31	0	1	
G	13b880c	103.31	0	1	
G	182b574	103.31	1	1	
G	182b6fc	103.31	0	0	
G	182ea28	103.31	0	0	
G	182f004	103.31	0	0	
G	1db17bc	103.31	1	1	
G	1e845c0	103.31	0	0	
G	1e84ac4	103.31	0	0	
G	1e85210	103.31	0	0	
G	1e8af30	103.31	1	40	
G	11ac904	103.32	0	1	
G	11c1c40	103.32	0	0	
G	11c1ea0	103.32	0	0	
G	11f05f4	103.32	0	0	
G	1237228	103.32	0	2	
G	1237f04	103.32	0	0	
G	123d8c8	103.32	0	2	
G	123dabc	103.32	0	0	
G	123dadc	103.32	0	0	
G	123db18	103.32	0	0	
G	123db28	103.32	0	0	
G	123db38	103.32	0	0	
G	123e388	103.32	1	3	
G	123e5ac	103.32	0	0	
G	123f36c	103.32	0	0	
G	124575c	103.32	0	0	
G	1256350	103.32	0	0	
G	1256e7c	103.32	0	0	
G	1292574	103.32	0	0	
G	13292a8	103.32	1	2	
G	13294a8	103.32	4	4	
G	1329a88	103.32	0	0	
G	1329b58	103.32	0	0	
G	1329ea4	103.32	1	2	
G	132a7d4	103.32	0	0	
G	132a7e0	103.32	0	0	
G	1820570	103.32	1	6	
G	18223f8	103.32	4	65	
G	1822458	103.32	5	6	
G	1822cb4	103.32	3	3	
G	1e5d500	103.32	0	0	
G	1e5fbbc	103.32	0	0	
G	1e665e4	103.32	0	0	
G	11d3c30	103.33	3	4	
G	11d48c4	103.33	1	1	
G	11d5728	103.33	1	1	
G	11ef7d8	103.33	0	0	
G	11ef89c	103.33	0	0	
G	11ef910	103.33	0	0	
G	11efa04	103.33	0	0	
G	11efa0c	103.33	0	0	
G	11f069c	103.33	0	0	
G	11f06bc	103.33	0	0	
G	1257154	103.33	0	0	
G	125c964	103.33	0	0	
G	126623c	103.33	5	5	
G	1291cc4	103.33	0	0	
G	1298b5c	103.33	0	0	
G	129eb2c	103.33	0	0	
G	129ec00	103.33	0	0	
G	129f388	103.33	0	0	
G	129f570	103.33	1	1	
G	12ab274	103.33	0	0	
G	18236a4	103.33	1	4	
G	18248a4	103.33	4	4	
G	1824f0c	103.33	0	0	
G	18254fc	103.33	2	37	
G	1825bbc	103.33	1	1	
G	1826550	103.33	0	0	
G	1827830	103.33	0	0	
G	1827d88	103.33	0	0	
G	1828194	103.33	0	0	
G	1828740	103.33	1	1	
G	1828e38	103.33	0	7	
G	1829804	103.33	2	4	
G	182f014	103.33	1	1	
G	1836a7c	103.33	1	1	
G	183e7fc	103.33	1	1	
G	1dcf0bc	103.33	0	0	
G	1e89468	103.33	0	3	
G	1e89480	103.33	11	11	
G	1eb879c	103.33	2	9	
G	1eb8a4c	103.33	0	0	
G	11d890c	103.34	0	0	
G	11f0524	103.34	0	0	
G	11f0538	103.34	0	0	
G	126b2b0	103.34	0	0	
G	17c17c4	103.34	0	0	
G	182901c	103.34	1	1	
G	182b978	103.34	10	11	
G	18367c4	103.34	0	0	
G	18367e0	103.34	0	0	
G	1e664b4	103.34	0	0	
G	1ebcc70	103.34	0	1	
G	1ec0154	103.34	0	0	
G	1c23e1c	103.50	0	0	
G	1fa7b64	103.50	0	0	
G	1fa7c14	103.50	0	0	
G	1fd9870	103.50	0	0	
G	1fd98d8	103.50	2	2	
G	1fdd0d8	103.50	0	0	
G	1fdd0e0	103.50	0	0	
G	2324044	103.50	0	0	
G	23297c4	103.50	16	16	
G	1fd8b8c	103.51	0	0	
G	1fd8bb0	103.51	0	0	
G	1fddb38	103.51	0	0	
G	1fddb40	103.51	0	0	
G	1fe1130	103.51	0	0	
G	1fe1198	103.51	0	0	
G	1fe9af0	103.51	0	0	
G	1fe9af8	103.51	0	0	
G	2331860	103.51	0	0	
G	11a252c	103.52	2	2	
G	11ab09c	103.52	0	0	
G	123d870	103.52	2	4	
G	1257344	103.52	2	2	
G	126c808	103.52	0	0	
G	1297bc4	103.52	1	1	
G	1299210	103.52	10	10	
G	1299cb0	103.52	9	66	
G	129a280	103.52	2	8	
G	129a42c	103.52	1	35	
G	129a570	103.52	6	6	
G	17fb0b8	103.52	0	0	
G	1e6b654	103.52	0	1	
G	1e85f58	103.52	1	400	
G	1f5eb18	103.52	36	89	
G	2077720	103.52	17	17	
G	2077fec	103.52	1	1	
G	207b494	103.52	2	2	
G	207b648	103.52	3	3	
G	207ba48	103.52	0	0	
G	207ba4c	103.52	7	7	
G	20aa134	103.52	3	3	
G	233b8c4	103.52	8	115	
G	233c1ac	103.52	10	27	
G	233c3b0	103.52	40	88	
G	2347340	103.52	0	396	
G	2349fe0	103.52	0	0	
G	234a15c	103.52	2	117	
G	234aa1c	103.52	1	109	
G	25a2bf0	103.52	60	105	
G	25a31b4	103.52	2	287	
G	25a3450	103.52	53	170	
G	1258d88	103.53	0	0	
G	233cdcc	103.53	14	14	
G	25a3294	103.53	0	0	
G	11c1320	103.95	0	0	
G	1fdcf90	104.10	0	0	
G	1fdcfb4	104.10	0	0	
G	1fe1044	104.10	0	0	
G	1fe1068	104.10	1	1	
G	23217a8	104.10	8	25	
G	2322e40	104.10	0	0	
G	11a4cd8	104.88	0	73	
G	11a5334	104.88	0	0	
G	11ad2c8	104.88	0	18	
G	11c0c00	104.88	0	0	
G	11c0f4c	104.88	0	20	
G	11c55a0	104.88	1	1	
G	11cce4c	104.88	0	0	
G	11ccf0c	104.88	0	0	
G	11d3a0c	104.88	0	0	
G	12356a8	104.88	0	0	
G	12a7b84	104.88	0	0	
G	17fce90	104.88	0	2	
G	17fde40	104.88	0	370	
G	182ecf8	104.88	0	0	
G	183acbc	104.88	0	1	
G	183adc4	104.88	1	1	
G	183b0b0	104.88	0	0	
G	183f060	104.88	0	0	
G	183f07c	104.88	0	0	
G	1c23d14	104.88	0	0	
G	1c29cf0	104.88	0	0	
G	1cae2bc	104.88	0	0	
G	1d9a268	104.88	0	0	
G	119f414	104.89	0	0	
G	119f5a8	104.89	0	0	
G	11a4968	104.89	0	0	
G	11a4a18	104.89	0	24	
G	11ad364	104.89	0	354	
G	120b620	104.89	0	0	
G	125de18	104.89	0	0	
G	12676dc	104.89	1	1	
G	12a8e74	104.89	1	12	
G	12a968c	104.89	0	0	
G	12c3898	104.89	0	2	
G	12c4858	104.89	1	2	
G	12c4a34	104.89	0	0	
G	12c6e24	104.89	0	0	
G	132a7e4	104.89	0	0	
G	132a864	104.89	1	31	
G	15f8948	104.89	0	0	
G	16f5638	104.89	0	0	
G	1e97c18	104.89	0	0	
G	1f68564	104.89	0	0	
G	1f72808	104.89	1	1	
G	1f7332c	104.89	6	6	
G	11c10f4	104.90	0	0	
G	11ef9dc	104.90	1	1	
G	11f0470	104.90	0	0	
G	11f0570	104.90	0	0	
G	11f0a7c	104.90	0	0	
G	11f0aa8	104.90	0	0	
G	11f0ad4	104.90	0	0	
G	1210170	104.90	0	0	
G	12497a4	104.90	0	0	
G	12498d0	104.90	0	0	
G	12499b8	104.90	1	1	
G	124a018	104.90	1	1	
G	124a158	104.90	1	1	
G	124a344	104.90	1	1	
G	124a520	104.90	0	0	
G	124a660	104.90	75	87	
G	124d688	104.90	0	0	
G	124d824	104.90	1	1	
G	126c834	104.90	0	0	
G	1298cc0	104.90	4	4	
G	1298f68	104.90	4	4	
G	129f180	104.90	0	0	
G	12be424	104.90	0	0	
G	12be448	104.90	0	0	
G	12be664	104.90	0	0	
G	12c6058	104.90	0	0	
G	12c7114	104.90	0	0	
G	12c7120	104.90	0	0	
G	1f38c08	104.90	0	0	
G	1f692dc	104.90	2	2	
G	1f69d60	104.90	46	49	
G	1f73a04	104.90	0	0	
G	1f7b2d4	104.90	3	3	
G	119e218	104.91	0	0	
G	119ffd8	104.91	0	0	
G	11ad768	104.91	0	0	
G	11ad770	104.91	1	2	
G	11d3424	104.91	0	0	
G	11d3d80	104.91	2	6	
G	11d84e4	104.91	0	4	
G	11d86e8	104.91	1	1	
G	11f0494	104.91	0	0	
G	1238f78	104.91	0	0	
G	124f7fc	104.91	0	0	
G	126273c	104.91	0	0	
G	1263788	104.91	0	0	
G	12667a0	104.91	0	0	
G	128ca30	104.91	5	19	
G	128cf10	104.91	0	4	
G	1292c58	104.91	0	0	
G	1292dd8	104.91	0	0	
G	1292ea4	104.91	0	0	
G	12a8b18	104.91	0	0	
G	1842af0	104.91	0	0	
G	1df0d78	104.91	0	0	
G	1e665dc	104.91	0	0	
G	1e98020	104.91	0	1	
G	1e9a6e4	104.91	0	4	
G	119457c	104.92	1	4	
G	119edd8	104.92	0	3	
G	119ee58	104.92	1	3	
G	119f188	104.92	0	1	
G	11a0094	104.92	1	1	
G	11a06e8	104.92	0	0	
G	11a53d8	104.92	0	1	
G	11b796c	104.92	1	1	
G	11c3afc	104.92	0	0	
G	11c3ff0	104.92	2	4	
G	126b2c8	104.92	0	0	
G	1292124	104.92	1	1	
G	129e70c	104.92	0	0	
G	129ea58	104.92	0	0	
G	129f204	104.92	1	1	
G	12ab638	104.92	1	2	
G	11907a0	104.93	0	0	
G	119165c	104.93	0	0	
G	11917b0	104.93	0	0	
G	1191d98	104.93	0	0	
G	1192300	104.93	0	0	
G	1192598	104.93	0	0	
G	1192928	104.93	1	1	
G	1192a54	104.93	0	0	
G	1192b8c	104.93	0	0	
G	11932d4	104.93	0	0	
G	119342c	104.93	0	0	
G	119bff8	104.93	0	0	
G	119c008	104.93	0	3	
G	119c190	104.93	0	1	
G	119c238	104.93	0	0	
G	119c5c4	104.93	1	1	
G	119db30	104.93	1	1	
G	1210878	104.93	0	0	
G	13021e4	104.93	0	0	
G	119c170	104.94	0	0	
G	119c180	104.94	0	0	
G	119c314	104.94	1	1	
G	119c34c	104.94	0	0	
G	119c83c	104.94	0	0	
G	119c9dc	104.94	0	0	
G	119d8a8	104.94	0	0	
G	119d8b0	104.94	0	0	
G	123d6fc	104.94	0	0	
G	123fad4	104.94	0	0	
G	123fb30	104.94	0	0	
G	128d124	104.94	0	0	
G	128fdf8	104.94	0	0	
G	128ffec	104.94	0	0	
G	1290578	104.94	0	0	
G	13b763c	104.94	1	3	
G	123d9f0	104.96	0	0	
G	12666f4	104.96	0	0	
G	128d4e8	104.96	2	3	
G	128d820	104.96	4	12	
G	129af38	104.96	0	0	
G	14b6c24	104.96	0	0	
G	1e8929c	104.96	0	0	
G	1e89394	104.96	0	0	
G	17009d4	105.02	0	0	
G	1700a30	105.02	0	0	
G	1c23988	105.02	0	0	
G	1c23d10	105.02	0	0	
G	1c264cc	105.02	0	0	
G	1c265e0	105.02	0	0	
G	1235674	105.09	0	0	
G	11a4b30	105.10	1	1	
G	11a4fc0	105.10	1	2	
G	11a95e8	105.10	1	1	
G	11a96b8	105.10	0	0	
G	11d9818	105.10	0	0	
G	124d950	105.10	0	0	
G	124fb5c	105.10	0	0	
G	12574ac	105.10	0	0	
G	12589d4	105.10	3	195	
G	1263fb0	105.10	0	11	
G	12668d4	105.10	1	1	
G	12914b0	105.10	3	3	
G	20358dc	105.10	0	0	
G	204d290	105.10	0	0	
G	2052fac	105.10	0	0	
G	20537dc	105.10	6	10	
G	2063d18	105.10	0	0	
G	2063d3c	105.10	12	18	
G	204b200	105.11	0	0	
G	204b708	105.11	0	0	
G	204baa0	105.11	22	22	
G	204e3dc	105.11	0	0	
G	204e948	105.11	0	0	
G	204ed3c	105.11	3	5	
G	2053578	105.11	0	0	
G	132888c	105.13	0	0	
G	212fb90	105.21	2	2	
G	2130464	105.21	0	0	
G	11908a0	105.25	0	0	
G	1190c10	105.25	0	0	
G	1190d40	105.25	1	1	
G	11926f4	105.25	0	0	
G	119d804	105.25	0	0	
G	119d00c	105.27	0	0	
G	119d568	105.27	0	2	
G	119df58	105.27	0	1	
G	11a2478	105.28	0	0	
G	11a44d8	105.28	0	0	
G	11a45b8	105.28	0	0	
G	11a94c8	105.28	0	0	
G	11aa758	105.28	0	0	
G	11aa7bc	105.28	0	3	
G	123fc5c	105.28	1	5	
G	124262c	105.28	0	0	
G	1242934	105.28	0	2	
G	1244af0	105.28	0	0	
G	12575f8	105.28	0	0	
G	1261b74	105.28	0	0	
G	12666e4	105.28	0	0	
G	13b7ef0	105.28	0	2	
G	119cccc	105.29	0	0	
G	119ccfc	105.29	0	1	
G	119d8a0	105.29	0	0	
G	11aaae4	105.29	1	1	
G	11aab10	105.29	0	23	
G	11ab038	105.29	0	0	
G	11d5afc	105.29	0	0	
G	1243014	105.29	1	19	
G	1252494	105.29	0	0	
G	126574c	105.29	0	0	
G	126bcf4	105.29	0	0	
G	1291b90	105.29	0	0	
G	1291ce8	105.29	1	1	
G	1828204	105.29	0	0	
G	11aac74	105.30	0	0	
G	2049778	105.30	0	0	
G	2049a88	105.30	0	0	
G	2049acc	105.30	0	0	
G	2049db0	105.30	0	0	
G	11ac3c8	105.33	0	2	
G	11f0568	105.33	0	0	
G	11f0680	105.33	0	0	
G	11f0a44	105.33	0	0	
G	1265718	105.33	0	0	
G	126582c	105.33	1	1	
G	126c820	105.33	0	0	
G	1e5f69c	105.33	0	0	
G	11a47f0	105.34	0	0	
G	11ac708	105.34	1	2	
G	11acbb0	105.34	0	0	
G	12921d8	105.34	0	0	
G	13291f0	105.34	0	11	
G	1e5cc60	105.34	0	0	
G	1e5cd30	105.34	0	0	
G	1e5ce70	105.34	0	0	
G	1e5d44c	105.34	0	0	
G	1e5f8e8	105.34	0	0	
G	1e5f934	105.34	0	0	
G	1e5f980	105.34	0	0	
G	1e5fb80	105.34	0	0	
G	1e622bc	105.34	0	0	
G	1f38cc4	105.34	0	0	
G	1fca424	105.34	1	1	
G	1fca474	105.34	0	0	
G	128ee38	105.35	3	3	
G	1f685c0	105.38	1	1	
G	11924d0	105.39	0	0	
G	119324c	105.39	0	0	
G	119d0e8	105.40	0	0	
G	119e0b8	105.40	0	1	
G	11aade8	105.42	1	1	
G	123fabc	105.42	0	0	
G	123fbc8	105.42	1	1	
G	1240ba8	105.42	0	3	
G	12410dc	105.42	1	24	
G	12425a4	105.42	0	0	
G	13b7914	105.42	0	4	
G	26a9040	105.42	0	0	
G	11d5b10	105.47	0	0	
G	125450c	105.47	0	0	
G	1265498	105.47	0	1	
G	129ec10	105.47	1	1	
G	12ab24c	105.47	0	0	
G	1828324	105.47	0	0	
G	1829f10	105.47	0	0	
G	11d32bc	105.48	0	0	
G	11d4868	105.48	0	0	
G	123ffa0	105.48	0	0	
G	1291e4c	105.48	0	0	
G	182f1cc	105.48	0	0	
G	183d7e0	105.48	0	1	
G	1840398	105.48	0	0	
G	18403b4	105.48	1	1	
G	2032fb8	105.48	0	0	
G	2051e98	105.48	0	0	
G	2051ee8	105.48	0	0	
G	20687d8	105.48	0	2	
G	2068a4c	105.48	0	0	
G	2068a70	105.48	0	0	
G	2069d90	105.48	0	0	
G	2069d9c	105.48	0	0	
G	206af30	105.48	0	0	
G	206af3c	105.48	0	0	
G	206b800	105.48	0	0	
G	206b824	105.48	0	0	
G	2071948	105.48	7	7	
G	2071bec	105.48	6	14	
G	2072498	105.48	0	0	
G	20724a0	105.48	0	0	
G	23c09a8	105.48	6	9	
G	23c1b44	105.48	1	1	
G	23c1be4	105.48	0	0	
G	1f589e8	105.49	3	5	
G	1f59a08	105.49	4	4	
G	2133410	105.49	3	3	
G	21a2794	105.49	1	1	
G	21a27bc	105.49	14	14	
G	21a4490	105.49	6	6	
G	21b7044	105.49	14	34	
G	23c19a8	105.49	1	2	
G	23c1c10	105.49	21	44	
G	23c3adc	105.49	8	8	
G	23c4dcc	105.49	1	1	
G	23c50bc	105.49	6	6	
G	23c570c	105.49	3	8	
G	23c5988	105.49	1	1	
G	23c5b18	105.49	40	151	
G	23c5f14	105.49	3	3	
G	23c6118	105.49	5	62	
G	23c6380	105.49	12	42	
G	123d988	105.50	0	0	
G	125f2cc	105.50	0	0	
G	1262874	105.50	0	0	
G	128de50	105.50	0	2	
G	23c6dc4	105.50	7	7	
G	23c7578	105.50	5	5	
G	23c7a44	105.50	0	0	
G	1f3a868	105.51	1	1	
G	1f3a94c	105.51	0	0	
G	1f57a50	105.51	5	5	
G	2132d2c	105.51	6	15	
G	236c624	105.51	12	12	
G	236ce5c	105.51	0	0	
G	23c7c28	105.51	1	1	
G	236bad8	105.55	0	8	
G	12e80ac	105.60	1	2	
G	11ac314	105.82	0	1	
G	1239d7c	105.82	0	0	
G	123a028	105.82	0	0	
G	123b5cc	105.82	0	0	
G	1245860	105.82	0	0	
G	1245aa8	105.82	3	8	
G	1258218	105.82	0	0	
G	1263a00	105.82	0	5	
G	1263ba4	105.82	1	1	
G	126b2e0	105.82	0	0	
G	12e62f8	105.82	0	3	
G	12e6424	105.82	0	9	
G	12e72e8	105.82	1	4	
G	12e8244	105.82	0	1	
G	12e8558	105.82	1	1	
G	130f870	105.82	0	0	
G	1e8a1ec	105.82	0	0	
G	123a03c	105.83	0	1	
G	123b648	105.83	0	1	
G	123b6ec	105.83	1	1	
G	132ab78	105.83	0	0	
G	1fac5bc	105.83	0	0	
G	1facbbc	105.83	2	2	
G	1fc7354	105.83	0	0	
G	1fc781c	105.83	0	0	
G	1fc7944	105.83	11	11	
G	1fdf5d4	105.83	0	0	
G	1fdf5e0	105.83	0	0	
G	1fdfea4	105.83	0	0	
G	1fdfeb0	105.83	1	1	
G	1fe0774	105.83	0	0	
G	1fe0780	105.83	1	1	
G	1fe1804	105.83	0	0	
G	1fe1828	105.83	0	0	
G	2072354	105.83	2	2	
G	2196900	105.83	0	0	
G	24b43a0	105.83	3	3	
G	24b5558	105.83	0	0	
G	11a270c	105.85	0	0	
G	11de080	105.85	0	0	
G	11e18fc	105.85	1	6	
G	11e58d8	105.85	0	0	
G	1239a14	105.85	0	0	
G	1239bb0	105.85	0	0	
G	1239be8	105.85	1	1	
G	123a440	105.85	0	0	
G	123a4d8	105.85	3	27	
G	123ae1c	105.85	0	0	
G	1245bbc	105.85	3	3	
G	1245e8c	105.85	2	7	
G	1246624	105.85	3	12	
G	1246c8c	105.85	0	4	
G	1247138	105.85	0	0	
G	1247258	105.85	1	1	
G	1258134	105.85	2	2	
G	1298590	105.85	0	0	
G	24b545c	105.85	1	1	
G	24b5584	105.85	19	40	
G	24b849c	105.85	5	5	
G	24b9798	105.85	9	9	
G	24b9f74	105.85	0	0	
G	24ba264	105.85	5	5	
G	24baa98	105.85	2	2	
G	24baf88	105.85	0	0	
G	24bb118	105.85	3	72	
G	24bb514	105.85	3	3	
G	24bb718	105.85	3	26	
G	24bb980	105.85	11	20	
G	24bbf2c	105.85	0	0	
G	24bc6e0	105.85	3	3	
G	24bcbac	105.85	1	1	
G	24bd2c0	105.85	1	1	
G	123ad08	105.86	2	5	
G	11deb1c	105.87	2	16	
G	11df8d0	105.87	0	11	
G	11dfc18	105.87	0	0	
G	11e5a08	105.87	1	1	
G	1e8a670	105.87	0	0	
G	207ecac	105.87	0	10	
G	2090044	105.87	0	0	
G	20902e4	105.87	0	0	
G	24bcd9c	105.87	0	0	
G	11de494	105.88	1	1	
G	11e62d4	105.88	0	0	
G	125f314	105.88	1	1	
G	12ab584	105.88	0	2	
G	1190670	105.90	0	0	
G	1191a80	105.90	1	1	
G	1191c0c	105.90	0	0	
G	1191f18	105.90	0	0	
G	1191fa8	105.90	0	0	
G	1192030	105.90	0	0	
G	119cb30	105.94	0	1	
G	119cbf0	105.94	0	0	
G	119ddf8	105.94	1	1	
G	1238f80	105.94	0	0	
G	125724c	105.94	0	0	
G	1298c30	105.94	0	0	
G	1fab4cc	105.94	0	0	
G	123d514	105.96	0	0	
G	123e1ac	105.96	0	0	
G	12402c8	105.96	0	0	
G	1240434	105.96	1	1	
G	13b77dc	105.96	0	0	
G	203ffd8	105.96	0	0	
G	2194d98	106.01	0	0	
G	1fb9e10	106.05	1	1	
G	1fc8cb0	106.05	0	0	
G	18367e8	106.07	0	0	
G	1f727b0	106.09	0	2	
G	1e5c224	106.10	0	0	
G	2194cf8	106.10	0	0	
G	219d2d8	106.10	0	0	
G	1239a60	106.16	0	0	
G	1239c60	106.16	0	0	
G	1299384	106.16	2	4	
G	1239c20	106.17	0	0	
G	124735c	106.17	1	1	
G	223c05c	106.31	0	0	
G	1f70918	106.32	0	0	
G	12908b0	106.40	0	0	
G	1291ad0	106.42	0	0	
G	1291db8	106.45	0	0	
G	12e65d0	106.47	1	1	
G	12921a4	106.65	1	1	
G	119f998	106.69	0	0	
G	126662c	106.69	0	0	
G	11e1a54	106.70	0	0	
G	130f6b8	106.70	0	0	
G	11a5a30	106.71	0	0	
G	11a98c4	106.71	0	0	
G	11a99b8	106.71	0	0	
G	11de2dc	106.71	0	0	
G	11de560	106.71	0	0	
G	11dfe88	106.71	0	0	
G	11e0174	106.71	0	3	
G	11e5b20	106.71	1	1	
G	11ef8a4	106.71	0	0	
G	1257974	106.71	0	1	
G	1259178	106.71	3	4	
G	1259370	106.71	0	0	
G	125949c	106.71	1	20	
G	125a43c	106.71	0	0	
G	125c74c	106.71	0	0	
G	1272218	106.71	2	27	
G	12727d0	106.71	0	0	
G	12727d8	106.71	0	0	
G	1272814	106.71	1	1	
G	132796c	106.71	1	1	
G	1328338	106.71	0	0	
G	132849c	106.71	0	0	
G	132860c	106.71	0	0	
G	13b6664	106.71	0	0	
G	13b6674	106.71	0	0	
G	1e9ee48	106.71	0	0	
G	207e55c	106.71	0	3	
G	2089bf8	106.71	1	3	
G	2089f90	106.71	1	2	
G	11a23c4	106.72	0	0	
G	11a25e0	106.72	0	0	
G	11c14cc	106.72	0	0	
G	11d9810	106.72	0	0	
G	11f044c	106.72	0	0	
G	11f04f4	106.72	0	0	
G	125465c	106.72	1	1	
G	1257f10	106.72	0	0	
G	125a6dc	106.72	6	25	
G	12655b8	106.72	0	0	
G	1302764	106.72	0	1	
G	13b8e54	106.72	0	25	
G	13b9d4c	106.72	0	0	
G	16be9f4	106.72	0	0	
G	183f084	106.72	0	0	
G	119f7bc	106.73	0	0	
G	11ef574	106.73	0	0	
G	11f0be8	106.73	0	0	
G	11f0c00	106.73	0	0	
G	1257ee4	106.73	0	0	
G	125c2dc	106.73	0	0	
G	125c7cc	106.73	0	0	
G	125c97c	106.73	0	0	
G	1272ac0	106.73	0	1	
G	132850c	106.73	0	0	
G	13b6768	106.73	0	0	
G	13b6838	106.73	0	0	
G	16bec14	106.73	0	0	
G	16bec78	106.73	0	0	
G	1820aac	106.73	2	2	
G	119fb68	106.74	0	0	
G	11c1248	106.74	0	0	
G	11c2308	106.74	0	0	
G	11f0b20	106.74	0	0	
G	11ff450	106.74	0	0	
G	1236ab8	106.74	0	0	
G	1244ed8	106.74	0	1	
G	1245780	106.74	0	0	
G	1256fe0	106.74	0	0	
G	125d2ec	106.74	0	1	
G	12644d0	106.74	0	0	
G	12aaa6c	106.74	0	0	
G	12be058	106.74	1	1	
G	13b8754	106.74	0	1	
G	16bf214	106.74	0	0	
G	1e6aee0	106.74	0	0	
G	1244f70	106.75	1	27	
G	124e7f8	106.75	0	0	
G	1292064	106.75	0	0	
G	2034218	106.75	0	0	
G	203446c	106.75	0	0	
G	2048934	106.75	0	0	
G	2048984	106.75	0	40	
G	204af2c	106.75	0	5	
G	204d304	106.75	0	0	
G	2063864	106.75	0	0	
G	2063888	106.75	0	0	
G	206a660	106.75	0	0	
G	206a66c	106.75	0	0	
G	128e88c	106.76	1	4	
G	129869c	106.76	0	0	
G	12987c8	106.76	0	0	
G	12987e0	106.76	0	0	
G	12988f0	106.76	0	0	
G	12988f8	106.76	0	0	
G	11de420	106.79	0	0	
G	11e0400	106.79	1	1	
G	11e0c84	106.79	0	0	
G	1266794	106.79	0	0	
G	1238f7c	106.80	0	0	
G	123aae4	106.80	1	1	
G	1246cfc	106.80	2	21	
G	12473b4	106.80	0	17	
G	12473f4	106.80	0	0	
G	1838ce0	106.80	0	0	
G	1838cfc	106.80	0	0	
G	1e7dfe0	106.80	0	0	
G	1e7e440	106.80	0	0	
G	23d080c	106.80	5	5	
G	11aced8	106.81	0	0	
G	11d67e8	106.81	0	0	
G	11d68e4	106.81	0	0	
G	11f0b28	106.81	0	0	
G	125cdd0	106.81	0	0	
G	1273060	106.81	0	0	
G	1fdfbb4	106.81	0	0	
G	1fdfbc0	106.81	0	0	
G	1fe0484	106.81	0	0	
G	1fe0490	106.81	0	0	
G	1244b78	106.83	0	0	
G	1244bc4	106.83	0	0	
G	1250574	106.83	0	0	
G	1291efc	106.83	0	0	
G	13b84e4	106.83	0	0	
G	128e69c	106.91	0	0	
G	123db30	106.93	0	0	
G	1838d04	106.94	0	0	
G	11e62d8	106.95	0	0	
G	12457a0	106.98	0	0	
G	1e5d864	106.98	0	0	
G	1e5fd20	106.98	0	0	
G	11d5b20	107.02	0	0	
G	11e1df4	107.02	0	0	
G	1240968	107.02	1	1	
G	1240b90	107.02	0	1	
G	125635c	107.02	0	0	
G	1261f68	107.02	0	0	
G	12639a4	107.02	0	0	
G	1263e70	107.02	0	0	
G	1828458	107.02	0	0	
G	1262c6c	107.09	0	0	
G	1e890b4	107.09	0	0	
G	1e890f4	107.09	0	0	
G	20498a8	107.10	0	0	
G	2049c44	107.10	1	2	
G	2049f10	107.10	0	0	
G	204a000	107.10	1	1	
G	206735c	107.10	3	25	
G	2067630	107.10	0	0	
G	2067654	107.10	2	2	
G	11aad2c	107.11	0	0	
G	128d27c	107.11	0	0	
G	128d2a0	107.11	0	0	
G	12985ec	107.11	0	0	
G	11ab014	107.17	0	0	
G	11e3c10	107.17	0	1	
G	11e3d20	107.17	0	0	
G	1236940	107.17	0	1	
G	1239e10	107.17	0	0	
G	1239e48	107.17	0	0	
G	123b598	107.17	0	0	
G	12459a8	107.17	0	0	
G	1fc1778	107.17	0	0	
G	11e4a44	107.18	1	1	
G	1fc1c00	107.23	0	0	
G	1fc1c50	107.23	0	1	
G	204b69c	107.61	0	0	
G	11c35f8	107.72	0	1	
G	11f0af8	107.72	0	0	
G	1255428	107.72	0	0	
G	128d2a8	107.72	0	0	
G	12aa134	107.72	0	1	
G	182019c	107.72	0	0	
G	2033ec4	107.73	0	0	
G	20345e8	107.73	1	1	
G	20346d8	107.73	0	1	
G	11c12d8	107.74	0	0	
G	11d3334	107.74	0	0	
G	16bdec0	107.74	0	0	
G	11c11ac	107.80	1	1	
G	11a3dd4	107.84	0	8	
G	11a43c8	107.84	3	10	
G	11aa240	107.84	0	0	
G	11aa5d0	107.84	0	0	
G	11aad14	107.84	0	0	
G	11aaef4	107.84	0	0	
G	11ab970	107.84	0	0	
G	12401ac	107.84	1	1	
G	12402b0	107.84	0	1	
G	1e7bab0	107.84	0	0	
G	1e7baec	107.84	0	0	
G	1e7bb20	107.84	0	0	
G	1e7c7d4	107.84	1	7	
G	1fbcec4	107.84	0	0	
G	1fc9eb0	107.84	0	0	
G	1fcb000	107.84	0	0	
G	2032dac	108.19	0	0	
G	1fc0b38	108.98	0	0	
G	20723e8	108.98	0	0	
G	23c0398	108.99	0	0	
G	23c8700	108.99	0	0	
G	23c88dc	108.99	0	0	
G	24b3ce0	108.99	0	0	
G	24bdc18	108.99	0	0	
G	24bddf4	108.99	0	0	
G	1fc1d80	109.01	0	0	
G	124268c	109.78	0	0	
G	124291c	109.78	0	0	
G	22351b8	110.22	0	0	
G	2604de4	110.23	0	0	
G	261c1b0	110.23	0	0	
G	261c1d8	110.23	0	0	
G	11a54ac	110.25	0	0	
G	129f2b0	110.25	0	0	
G	18200ec	110.25	0	0	
G	1829d9c	110.25	1	1	
G	182a64c	110.25	0	1	
G	183b894	110.25	0	2	
G	183c1b4	110.25	0	1	
G	1dfb718	110.25	1	1	
G	1dfb778	110.25	0	0	
G	11c56b0	110.26	0	0	
G	11cd040	110.26	0	0	
G	11cd05c	110.26	0	0	
G	182854c	110.26	0	0	
G	1829984	110.26	0	0	
G	183f32c	110.26	1	1	
G	183f45c	110.26	0	0	
G	22401ec	110.26	0	2	
G	26069bc	110.26	0	0	
G	26138b0	110.26	1	1	
G	26139c0	110.26	0	0	
G	261c380	110.26	0	0	
G	2032f84	110.45	0	0	
G	20367d0	110.45	0	0	
G	2036894	110.45	0	0	
G	203fa60	110.45	0	0	
G	2047080	110.45	0	0	
G	2048514	110.45	0	0	
G	2049d74	110.45	0	0	
G	204b058	110.45	0	0	
G	204ccfc	110.45	0	0	
G	204e234	110.45	0	0	
G	204fa1c	110.45	0	0	
G	2051744	110.45	0	0	
G	2052c58	110.45	0	0	
G	1f739f8	112.15	0	0	
G	11cd064	112.40	0	1	
G	183f49c	112.40	0	0	
G	11a4734	112.41	0	0	
G	11a2884	113.44	0	0	
G	11e1be0	113.44	0	0	
G	1300b94	113.44	0	0	
G	17fca90	113.44	0	0	
G	1e97fd8	113.44	0	0	
G	1e98064	113.44	0	0	
G	1e9a804	113.44	0	0	
G	1e9ada8	113.44	0	0	
G	11d321c	113.45	0	1	
G	182e70c	113.45	0	1	
G	183c2f0	113.45	1	1	
G	119b300	113.47	2	2	
G	11a3854	113.47	0	4	
G	12457d0	113.47	0	0	
G	1256220	113.47	0	0	
G	128946c	113.47	0	0	
G	12894c0	113.47	0	0	
G	128d298	113.47	0	0	
G	128d398	113.47	0	0	
G	1292768	113.47	0	0	
G	12a3114	113.47	0	20	
G	12350b4	113.49	0	0	
G	12351fc	113.49	0	0	
G	12971fc	113.49	0	0	
G	233acc0	113.49	0	0	
G	21441d8	113.50	0	0	
G	11d308c	113.51	0	0	
G	1fb11e0	113.64	0	0	
G	1fbbcb8	113.64	0	0	
G	20a9518	113.67	0	0	
G	233b790	113.72	1	1	
G	233a42c	113.73	0	0	
G	233bb74	113.73	0	0	
G	2346d60	113.75	0	0	
G	2349fdc	113.75	0	0	
G	234bac4	113.75	0	0	
G	11c55d0	113.80	0	1	
G	11f0bf8	113.80	0	0	
G	11f0c10	113.80	0	0	
G	125f1dc	113.80	0	0	
G	12a99a0	113.80	0	1	
G	12be3c4	113.80	1	1	
G	128c8ec	114.56	0	0	
G	128fde0	114.56	0	0	
G	1292c40	114.56	0	0	
G	18374ac	114.58	1	1	
G	1837764	114.58	0	1	
G	1258868	115.98	0	0	
G	119c390	116.13	0	0	
G	119c4e8	116.13	0	0	
G	119dca4	116.13	0	0	
G	123f3b4	116.14	1	1	
G	13b749c	116.14	0	1	
G	11d3278	116.15	0	0	
G	123f420	116.15	0	1	
G	1290754	116.15	1	1	
G	11912e8	116.62	0	0	
G	123f39c	116.65	0	0	
G	1f9568c	116.72	0	0	
G	1fa7e88	116.72	1	1	
G	2040f48	116.72	0	0	
G	2041240	116.72	0	0	
G	2041284	116.72	0	0	
G	2041534	116.72	0	0	
G	23878c8	116.72	1	1	
G	2389444	116.72	0	0	
G	238965c	116.72	0	0	
G	238f208	116.72	0	0	
G	1fa7eb0	116.96	0	3	
G	1fa7ee8	116.96	0	0	
G	1fa7f2c	116.96	4	4	
G	203f834	116.96	0	0	
G	2041350	116.96	0	0	
G	20413a0	116.96	0	0	
G	204ab9c	116.96	0	109	
G	20626c4	116.96	0	0	
G	20626d0	116.96	0	0	
G	206bbe0	116.96	0	0	
G	206bc04	116.96	1	1	
G	206bfc0	116.96	0	0	
G	206bfe4	116.96	0	0	
G	2388610	116.96	2	3	
G	2389760	116.96	1	1	
G	236c33c	116.97	9	9	
G	2389664	116.97	0	0	
G	238978c	116.97	11	17	
G	238b794	116.97	3	3	
G	238ca84	116.97	2	2	
G	238cec8	116.97	1	1	
G	238d058	116.97	8	56	
G	238d408	116.97	1	1	
G	238d60c	116.97	4	30	
G	238d874	116.97	10	15	
G	238e2a0	116.97	3	3	
G	238e740	116.97	2	2	
G	238e924	116.97	0	0	
G	236cdb4	116.98	0	0	
G	236b574	117.01	0	2	
G	1fd9b64	117.42	0	0	
G	1fd9b88	117.42	0	0	
G	1fe0d54	117.43	0	0	
G	1fe0d60	117.43	0	0	
G	1f74b2c	117.47	0	1	
G	22457cc	117.47	0	0	
G	2132c94	117.67	0	0	
G	21b77cc	117.67	1	9	
G	12e7010	117.73	0	0	
G	130fbf8	117.73	0	0	
G	206a370	117.73	0	0	
G	206a37c	117.73	0	0	
G	206b510	117.73	0	0	
G	206b51c	117.73	0	0	
G	1fc4bfc	118.75	1	1	
G	1245774	118.90	1	1	
G	125cc18	119.67	1	1	
G	1272d78	119.67	0	0	
G	124555c	119.69	0	0	
G	12455a4	119.69	0	0	
G	1245830	119.69	0	0	
G	129237c	119.69	0	0	
G	13b88e8	119.69	0	0	
G	128f63c	119.72	0	0	
G	11aad58	120.01	0	0	
G	1e7e02c	120.01	0	0	
G	1fa7e4c	120.01	0	0	
G	2041498	120.01	0	0	
G	20435e4	120.01	0	0	
G	2387fa0	120.02	0	0	
G	238f1f0	120.02	0	0	
G	238f3b8	120.02	0	0	
G	11c116c	120.24	0	0	
G	11c119c	120.24	0	0	
G	13029c8	120.24	1	1	
G	14a6e18	120.24	0	6	
G	14ba170	120.24	0	9	
G	14d67f0	120.24	0	0	
G	14d680c	120.24	0	0	
G	14d68bc	120.24	0	9	
G	16bdf10	120.24	1	2	
G	16bf598	120.24	0	0	
G	16bf744	120.24	0	0	
G	12624ac	120.25	0	0	
G	143d840	120.25	0	0	
G	146ff90	120.25	2	2	
G	148ed90	120.25	0	0	
G	14a9964	120.25	0	0	
G	14a9968	120.25	0	0	
G	14a99f4	120.25	1	1	
G	14a9a10	120.25	0	0	
G	14a9a2c	120.25	0	0	
G	14a9a64	120.25	0	0	
G	14a9a80	120.25	0	0	
G	14a9a9c	120.25	0	0	
G	14a9aa0	120.25	0	0	
G	14a9adc	120.25	0	0	
G	14a9c14	120.25	0	0	
G	14a9c18	120.25	0	0	
G	14a9c1c	120.25	0	0	
G	14a9ca0	120.25	0	0	
G	14a9d3c	120.25	0	0	
G	14a9ee4	120.25	1	5	
G	14aa624	120.25	0	0	
G	14aa7c4	120.25	2	3	
G	14ab1e8	120.25	0	0	
G	14ab33c	120.25	0	0	
G	14ab488	120.25	0	0	
G	14ab5dc	120.25	0	0	
G	14ab620	120.25	0	0	
G	14ab79c	120.25	0	0	
G	14ab7e8	120.25	0	0	
G	14ab834	120.25	0	0	
G	14ab8cc	120.25	0	0	
G	14ab91c	120.25	1	1	
G	14ab98c	120.25	0	1	
G	14abc78	120.25	0	0	
G	14abcd8	120.25	0	0	
G	14ac120	120.25	0	0	
G	14ac150	120.25	0	0	
G	14ac154	120.25	0	0	
G	14ac47c	120.25	0	0	
G	14ac518	120.25	0	0	
G	14ac5b4	120.25	0	0	
G	14ac650	120.25	1	1	
G	14d68b4	120.25	0	0	
G	1547578	120.25	0	0	
G	15479a8	120.25	0	0	
G	1547dd8	120.25	0	0	
G	1548158	120.25	0	0	
G	1548420	120.25	0	0	
G	1548850	120.25	0	0	
G	1f13524	120.25	1	1	
G	1418b48	120.40	0	15	
G	13c1548	120.42	0	53	
G	13c1698	120.42	0	52	
G	16be514	120.42	0	0	
G	13ef11c	120.45	0	0	
G	13ef1f8	120.45	1	1	
G	13ef640	120.45	1	1	
G	152a648	120.45	0	2	
G	152aac4	120.45	0	1	
G	152af6c	120.45	0	2	
G	152b254	120.45	0	0	
G	152b3d8	120.45	0	0	
G	152b670	120.45	0	2	
G	152bce4	120.45	0	1	
G	152c070	120.45	1	1	
G	152c3b8	120.45	0	0	
G	152c4ec	120.45	0	0	
G	153d574	120.45	0	0	
G	13c1f88	120.46	0	0	
G	13f20ac	120.46	1	1	
G	13fb958	120.46	0	1	
G	152164c	120.46	2	2	
G	1521a8c	120.46	0	0	
G	1521c70	120.46	0	0	
G	1521d7c	120.46	0	0	
G	1521fcc	120.46	0	0	
G	15222ac	120.46	0	2	
G	15224dc	120.46	0	1	
G	15226c0	120.46	0	0	
G	1522848	120.46	0	1	
G	1522ccc	120.46	0	0	
G	1522ec0	120.46	0	0	
G	1523384	120.46	0	0	
G	152aca8	120.46	0	0	
G	152ae7c	120.46	0	3	
G	152aecc	120.46	0	0	
G	152af1c	120.46	0	0	
G	152cc68	120.46	0	2	
G	152d0c0	120.46	1	1	
G	152d2a4	120.46	0	0	
G	1590928	120.46	0	0	
G	15909a4	120.46	0	0	
G	13c1bb8	120.47	1	1	
G	13c1e7c	120.47	0	0	
G	13c207c	120.47	0	0	
G	13c266c	120.47	0	0	
G	1522cdc	120.47	0	1	
G	1523378	120.47	0	0	
G	1523464	120.47	0	0	
G	1523650	120.47	0	3	
G	1523874	120.47	0	0	
G	1523a58	120.47	0	0	
G	1523bf4	120.47	1	2	
G	1524214	120.47	0	0	
G	1524220	120.47	0	0	
G	152445c	120.47	1	1	
G	15245e4	120.47	0	0	
G	1524880	120.47	0	0	
G	1524a44	120.47	0	0	
G	15908b0	120.47	1	1	
G	11e50c4	120.57	1	1	
G	11a4724	122.76	0	0	
G	11ceca0	122.76	0	0	
G	11d5a68	122.76	0	0	
G	181f1b0	122.76	0	0	
G	181f5dc	122.76	0	0	
G	12a9fc4	124.49	1	1	
G	11c11cc	124.50	0	0	
G	11c3090	124.50	1	5	
G	11c39cc	124.50	0	0	
G	125efac	124.50	0	0	
G	183f018	124.50	0	0	
G	1245478	124.51	0	5	
G	1245818	124.51	0	0	
G	1292280	124.51	0	0	
G	1297fa0	124.51	0	0	
G	126349c	124.52	1	1	
G	128f4b8	124.52	0	1	
G	11d5b70	124.54	0	0	
G	11d9800	124.54	0	0	
G	1232e28	124.54	0	1	
G	1235314	124.54	0	0	
G	123535c	124.54	0	0	
G	129757c	124.54	0	0	
G	129bb98	124.54	1	1	
G	129da10	124.54	0	1	
G	12aa48c	124.54	1	1	
G	1e62a00	124.54	0	0	
G	1e6b48c	124.54	0	0	
G	20ed888	124.54	4	7	
G	2323b50	124.54	1	3	
G	232417c	124.54	0	0	
G	2357a2c	124.54	0	1	
G	182f1c0	124.55	0	0	
G	18361a4	124.72	0	0	
G	11c5670	125.80	1	1	
G	11d5b84	125.81	0	0	
G	14893d0	125.81	0	0	
G	12c6aa8	125.82	0	0	
G	12c6ad8	125.82	0	0	
G	12c6d3c	125.82	1	1	
G	129d788	125.87	0	0	
G	21de214	126.09	0	0	
G	129d6c0	126.10	0	1	
G	129d754	126.10	0	0	
G	24bde30	126.16	0	0	
G	24c6b40	126.16	0	0	
G	24c6bc0	126.16	0	1	
G	21326c8	126.17	0	0	
G	173e62c	126.20	0	0	
G	1d166ac	126.20	0	0	
G	1d16acc	126.20	1	29	
G	1d1ecd8	126.23	6	15	
G	1d232e0	126.23	0	0	
G	119a3e0	126.25	0	0	
G	119ab88	126.25	0	0	
G	119ab94	126.25	0	0	
G	1234dc8	126.26	0	0	
G	1234dd4	126.26	0	0	
G	11bbf3c	126.27	0	0	
G	11bbfe8	126.27	1	1	
G	11c7e5c	126.27	0	0	
G	11ce428	126.27	0	1	
G	11ce494	126.27	1	1	
G	11d91dc	126.27	1	1	
G	11db058	126.27	0	0	
G	11deb14	126.27	0	0	
G	11e2790	126.27	0	0	
G	11e40dc	126.27	0	0	
G	12a1098	126.27	0	1	
G	12a11d4	126.27	0	1	
G	12bdd14	126.27	0	0	
G	12bdd20	126.27	0	0	
G	12e0228	126.27	0	0	
G	12e0234	126.27	0	0	
G	130539c	126.27	1	1	
G	1305a8c	126.27	0	0	
G	1305ac0	126.27	0	0	
G	18174d8	126.27	0	0	
G	1ed93bc	126.33	0	0	
G	18174f4	126.35	0	0	
G	183988c	126.38	0	0	
G	1840760	126.38	0	0	
G	1841058	126.38	0	0	
G	1846310	126.38	0	0	
G	1ca8340	126.38	0	0	
G	1733c10	126.41	2	2	
G	1d17404	126.41	12	252	
G	1700a9c	126.42	0	0	
G	1700ad0	126.42	1	1	
G	1722840	126.42	0	0	
G	1d250c0	126.42	0	0	
G	1d250dc	126.42	0	0	
G	1d251b0	126.42	0	0	
G	1d251cc	126.42	0	0	
G	1d25284	126.42	0	0	
G	1d252a0	126.42	0	0	
G	1d25594	126.44	0	0	
G	1d255b0	126.44	0	0	
G	16f5ac4	126.46	0	0	
G	1709cdc	126.46	0	20	
G	1930174	126.46	0	0	
G	1aeec9c	126.46	1	22	
G	1aeef48	126.46	0	0	
G	1aef2cc	126.46	0	0	
G	1aef3fc	126.46	0	24	
G	1af0d84	126.46	0	1	
G	1af0ffc	126.46	1	1	
G	1af1cdc	126.46	0	0	
G	1d25620	126.46	0	0	
G	1aefdf0	126.47	0	14	
G	1af0060	126.48	0	0	
G	1af3f20	126.48	0	0	
G	1af4a3c	126.48	0	0	
G	1af58c4	126.48	0	0	
G	16ffc90	126.49	1	22	
G	1703a80	126.49	0	1	
G	1703cc8	126.49	0	0	
G	1703dc8	126.49	0	0	
G	1aeea90	126.49	0	0	
G	1d1d2c8	126.49	2	2	
G	1ddf7c4	126.51	0	42	
G	171dbe8	126.55	0	0	
G	1722cfc	126.55	2	9	
G	17233ec	126.55	0	4	
G	1af02d0	126.55	1	10	
G	1af0a58	126.55	0	0	
G	1af5f70	126.55	0	0	
G	1df9d44	126.55	0	0	
G	1dfe110	126.55	0	0	
G	17239f8	126.56	0	0	
G	17241fc	126.56	0	0	
G	172db44	126.56	0	0	
G	1d25dc8	126.56	1	1	
G	1d26194	126.56	0	0	
G	1152090	126.57	1	9	
G	11ccb24	126.57	0	0	
G	13066d0	126.57	0	2	
G	1306918	126.57	0	0	
G	1591b04	126.57	0	2	
G	1592e14	126.57	0	0	
G	15946b8	126.57	0	2	
G	15949c8	126.57	0	0	
G	1594ac8	126.57	0	1	
G	15954a8	126.57	0	0	
G	1595728	126.57	1	1	
G	1595f58	126.57	0	0	
G	1596028	126.57	0	0	
G	160d61c	126.57	0	0	
G	160d620	126.57	0	0	
G	160d928	126.57	0	1	
G	160daac	126.57	1	1	
G	163927c	126.57	0	0	
G	1639280	126.57	0	0	
G	1639588	126.57	0	2	
G	163970c	126.57	0	0	
G	16e6d90	126.57	0	9	
G	16e75a8	126.57	1	8	
G	16f5710	126.57	0	0	
G	170ddd8	126.57	0	2	
G	1721b50	126.57	1	6	
G	17220dc	126.57	1	1	
G	1724860	126.57	0	0	
G	1ddf8d8	126.57	0	0	
G	1ddf9f4	126.57	0	10	
G	132496c	126.58	0	0	
G	1324a3c	126.58	0	0	
G	1325184	126.58	0	1	
G	17243f8	126.59	0	73	
G	19943c4	126.59	1	1	
G	1d26794	126.59	0	0	
G	1d267b0	126.59	0	0	
G	1715708	126.61	0	0	
G	1724838	126.61	0	0	
G	1816c54	126.67	1	1	
G	1817488	126.67	0	1	
G	1d26b7c	126.97	0	0	
G	1d26b98	126.97	0	0	
G	1d26ba0	127.10	0	0	
G	1d26d58	127.12	0	0	
G	1d26d74	127.12	0	0	
G	1d23298	127.45	0	0	
G	1d26d7c	127.45	2	2	
G	1d2188c	127.46	1	4	
G	1d23330	127.46	0	3	
G	1d27834	127.46	0	3	
G	1d28ac8	127.46	0	0	
G	1d2782c	127.47	0	0	
G	1d27810	127.48	0	0	
G	1d21cc0	128.78	0	0	
G	1d250e4	128.78	0	0	
G	1d28eac	128.78	0	0	
G	1803ce0	128.80	1	1	
G	1d27d64	128.80	0	0	
G	1d27d80	128.80	0	0	
G	1d27d88	129.30	0	0	
G	1d251d4	132.84	0	0	
G	1d27fa4	132.84	0	0	
G	1d27fc0	132.84	0	0	
G	1803e58	132.90	0	0	
G	1d27fc8	132.90	1	1	
G	1d28170	132.90	0	0	
G	1d2818c	132.90	0	0	
G	1d28194	133.05	0	0	
G	1d282c0	133.05	0	0	
G	1d282dc	133.05	0	0	
G	1d282e4	133.37	0	0	
G	1d22cf4	133.39	0	0	
G	1d24bb4	133.39	0	0	
G	1d255b8	136.89	0	0	
G	1d289c4	136.90	0	0	
G	1d289e0	136.90	0	0	
G	1700cb4	136.96	0	0	
G	1991d54	136.96	0	0	
G	1d289e8	136.96	0	0	
G	1dc836c	136.96	0	0	
G	1815714	137.31	0	0	
G	198f884	137.31	0	0	
G	198fb2c	137.31	0	3	
G	19941d0	137.32	0	0	
G	1815928	137.33	0	0	
G	1992630	137.33	0	0	
G	1d173fc	137.40	0	0	
G	1d167f0	137.43	0	0	
G	1d16a7c	137.43	0	0	
G	171bc88	137.50	0	0	
G	198fcc0	137.50	1	18	
G	171bd98	137.52	0	0	
G	171bd9c	137.52	0	0	
G	198fc44	137.52	0	0	
G	19949f0	137.52	0	0	
G	1994a0c	137.52	0	0	
G	12cae68	137.57	0	0	
G	1700cdc	137.57	0	0	
G	17b488c	137.57	0	0	
G	17b4df8	137.59	0	0	
G	198fcb0	137.59	0	0	
G	12c72dc	137.62	1	1	
G	17b47e0	137.62	0	0	
G	17b4834	137.62	0	1	
G	1815718	137.62	0	0	
G	198f9b4	137.62	0	0	
G	198fadc	137.62	0	0	
G	1e5277c	137.62	0	0	
G	11323a0	137.69	0	0	
G	11323f8	137.69	0	0	
G	11324f8	137.69	0	0	
G	1132560	137.69	1	1	
G	1132a78	137.69	0	0	
G	170d808	138.23	0	1	
G	170d978	138.23	0	1	
G	171a3f4	138.23	1	1	
G	173c9ec	138.23	0	1	
G	173cb04	138.23	0	1	
G	19e5744	141.86	0	0	
G	17b3eb0	141.93	0	0	
G	19e5498	141.93	0	0	
G	19e55fc	141.93	0	4	
G	19e5928	141.93	0	0	
G	1be5024	141.93	0	0	
G	1ec4624	141.93	0	0	
G	1ec4514	149.91	0	1	
G	1ecc0d0	149.91	1	1	
G	19e5f20	150.49	0	0	
G	19e5dd4	150.58	0	2	
G	17ba59c	151.30	0	0	
G	17ba604	151.30	0	0	
G	17ba60c	151.32	7	113	
G	19af8cc	151.32	0	23	
G	19e0108	151.32	0	0	
G	19e0c9c	151.32	0	0	
G	1a40954	151.32	0	0	
G	1dcad80	151.32	1	23	
G	19afda4	151.35	1	59	
G	19e0d5c	151.36	0	35	
G	1d2bbf4	151.36	0	0	
G	19e282c	151.38	1	1	
G	19e2848	151.38	0	0	
G	19ca1fc	151.40	0	0	
G	19ce7f4	151.40	0	0	
G	19cec0c	151.40	0	0	
G	19cec20	151.40	0	0	
G	19cec28	151.40	0	2	
G	19cecd4	151.40	0	0	
G	19cecf0	151.40	0	0	
G	19e0160	151.40	0	1	
G	19e28e8	151.40	0	0	
G	19e2904	151.40	0	0	
G	1a40a28	151.40	0	2	
G	14451c4	151.41	0	0	
G	1473c38	151.41	1	1	
G	14c2ef0	151.41	0	2	
G	14e0038	151.41	0	0	
G	14e0054	151.41	0	0	
G	14e00f4	151.41	0	0	
G	14e00fc	151.41	0	2	
G	19b9250	151.43	10	1437	
G	13da23c	151.46	0	10	
G	141e96c	151.46	0	1	
G	1543fbc	151.46	1	5	
G	154435c	151.46	0	0	
G	1544540	151.46	0	0	
G	1544614	151.46	0	0	
G	1544714	151.46	0	0	
G	154477c	151.46	1	4	
G	1544e24	151.46	0	0	
G	1544e28	151.46	0	0	
G	1544e34	151.46	0	0	
G	13fd740	151.47	1	1	
G	140a4d8	151.47	0	0	
G	14fa614	151.47	0	3	
G	14fab68	151.47	1	1	
G	14fad4c	151.47	1	1	
G	14fae98	151.47	0	0	
G	1545044	151.47	0	0	
G	1545150	151.47	0	1	
G	15451d8	151.47	1	1	
G	15452f8	151.47	0	0	
G	1545380	151.47	0	0	
G	15454a4	151.47	0	0	
G	154552c	151.47	0	0	
G	1545650	151.47	1	1	
G	1545ba0	151.47	0	0	
G	1560170	151.47	0	0	
G	19cecf8	151.47	0	0	
G	19e0c98	151.53	0	0	
G	19e1724	151.53	0	0	
G	1a40a98	151.53	0	0	
G	19b05d0	151.60	5	105	
G	19b3a7c	151.64	0	2	
G	19c6a9c	151.64	0	0	
G	19ceddc	151.64	0	0	
G	19cedf8	151.64	0	0	
G	19cef20	151.64	0	0	
G	19cef3c	151.64	0	0	
G	19cf01c	151.64	0	0	
G	19cf038	151.64	0	0	
G	19d00f8	151.64	0	0	
G	19d0114	151.64	0	0	
G	19d0998	151.64	0	0	
G	19d09b4	151.64	0	0	
G	19d0aa4	151.64	0	0	
G	19d0ac0	151.64	0	0	
G	19d1184	151.64	0	0	
G	19d11a0	151.64	0	0	
G	19d125c	151.64	0	0	
G	19d1278	151.64	0	0	
G	19d12f0	151.64	0	0	
G	19d130c	151.64	0	0	
G	19d1384	151.64	0	0	
G	19d13a0	151.64	0	0	
G	19d15ec	151.64	0	0	
G	19d1608	151.64	0	0	
G	1dd8260	151.64	1	2	
G	1df30cc	151.64	0	0	
G	1e0c934	151.64	0	0	
G	19b4310	151.65	0	55	
G	19cf040	151.70	1	33	
G	1d2cf90	151.81	1	1	
G	159c044	151.83	0	0	
G	159c060	151.83	0	546	
G	15c79b8	151.83	0	0	
G	15c7cc4	151.83	1	51	
G	15c7e48	151.83	0	0	
G	16f54d0	151.83	0	0	
G	19ba2f8	151.83	3	774	
G	1de308c	151.83	3	587	
G	159c32c	151.87	5	495	
G	1168cf8	151.89	1	1	
G	1536030	151.89	0	1	
G	1576598	151.89	0	8	
G	159c980	151.89	5	5	
G	159d804	151.89	7	56	
G	15a012c	151.89	1	4	
G	15a01b4	151.89	0	2	
G	15a02d8	151.89	0	2	
G	15a0360	151.89	0	0	
G	15a0480	151.89	0	9	
G	15a09a4	151.89	0	0	
G	15a2e3c	151.89	0	1	
G	159f7c0	151.90	7	36	
G	15a04cc	151.90	0	4	
G	15a051c	151.90	0	10	
G	15a06c4	151.90	1	8	
G	15a08c0	151.90	0	4	
G	15a090c	151.90	1	8	
G	15a0958	151.90	0	9	
G	15a0a74	151.90	9	25	
G	15c79bc	152.28	0	0	
G	19c7cf0	152.28	4	15	
G	1e0ef5c	152.28	0	2	
G	1de08c0	152.31	1	187	
G	15bd430	152.32	0	0	
G	184f244	152.32	4	143	
G	184f898	152.32	0	0	
G	18500d4	152.32	0	0	
G	15bd698	152.33	3	22	
G	15bdb98	152.33	1	25	
G	184f968	152.33	4	27	
G	1de0a30	152.42	0	0	
G	163781c	152.43	0	0	
G	1637b28	152.43	0	7	
G	1637cac	152.43	1	2	
G	16f5830	152.43	0	0	
G	1de0b68	152.43	0	44	
G	1e04190	152.43	0	36	
G	1e042b0	152.43	2	29	
G	1e04904	152.43	0	0	
G	1637ef4	152.44	0	0	
G	16380e8	152.44	0	0	
G	16384b0	152.44	2	10	
G	1e049d4	152.44	0	6	
G	1e04f2c	152.44	0	0	
G	1637820	152.45	0	0	
G	175a3f4	152.45	0	0	
G	19bf314	152.45	0	0	
G	19bf678	152.45	0	5	
G	19c24fc	152.45	0	0	
G	1de0cd8	152.45	1	1	
G	19bfcd0	152.46	2	149	
G	19c0a60	152.47	1	1	
G	19c0f30	152.47	0	0	
G	19d6b98	152.47	0	0	
G	19d6ddc	152.47	0	0	
G	19af384	152.48	1	1	
G	19bfb48	152.48	0	0	
G	19c1230	152.48	0	0	
G	19c27b0	152.48	0	0	
G	19d44b0	152.48	0	0	
G	19d8a88	152.48	0	2	
G	19d8bf8	152.48	1	2	
G	19d93d0	152.48	0	0	
G	1df7f30	152.48	0	0	
G	19b7538	152.51	0	0	
G	19bf91c	152.51	0	1	
G	19cab4c	152.51	0	0	
G	19caec8	152.51	0	0	
G	19d4600	152.51	0	1	
G	19d47a0	152.51	0	0	
G	19da738	152.59	0	0	
G	19da744	152.59	1	1	
G	159c180	152.61	0	0	
G	19bab38	152.61	0	246	
G	15a3064	152.83	0	5	
G	15a3184	152.83	1	6	
G	15a361c	152.83	0	3	
G	15a3c70	152.83	0	0	
G	15a3e38	152.83	1	1	
G	15a4314	152.83	0	0	
G	15a43e4	152.83	2	2	
G	15a48f8	152.83	0	0	
G	164304c	152.83	0	0	
G	1643358	152.83	1	2	
G	16434dc	152.83	0	0	
G	16f5890	152.83	0	0	
G	19bb124	152.83	0	10	
G	19c2130	152.83	0	10	
G	19c23c4	152.83	0	0	
G	159a5a4	152.84	1	4	
G	159a6c4	152.84	0	4	
G	159ab38	152.84	0	2	
G	159b470	152.84	0	0	
G	159b6ac	152.84	0	0	
G	159b7f0	152.84	1	1	
G	159bd68	152.84	0	0	
G	159be38	152.84	1	1	
G	15a41a8	152.84	0	0	
G	1643050	152.84	0	0	
G	1671214	152.84	0	0	
G	1671320	152.84	0	0	
G	1671324	152.84	0	0	
G	167162c	152.84	0	1	
G	16717b0	152.84	1	1	
G	16f5a10	152.84	0	0	
G	19bb20c	152.84	0	4	
G	19c195c	152.84	0	3	
G	19c1db8	152.84	2	2	
G	19d6fb0	152.84	0	0	
G	19d6fbc	152.84	0	0	
G	19d6fe0	152.84	0	0	
G	19d7100	152.84	0	0	
G	19d7b00	152.84	0	0	
G	19d7fb0	152.84	1	1	
G	1de1938	152.84	0	4	
G	19b36ac	152.85	0	1	
G	19b46d4	152.85	1	1	
G	19b4b8c	152.85	0	0	
G	19d4954	152.85	0	1	
G	19d55cc	152.85	1	1	
G	1dcc574	152.85	1	5	
G	1dcc754	152.85	0	11	
G	175a404	152.87	0	0	
G	19b811c	152.87	0	18	
G	19d2e68	153.18	0	0	
G	19d2e84	153.18	0	0	
G	19d2e8c	153.41	0	0	
G	19cef44	161.60	0	0	
G	17390a0	164.61	0	0	
G	19bee68	164.61	0	0	
G	19d011c	164.61	1	1	
G	19d3bec	164.61	0	0	
G	19d3c08	164.61	0	0	
G	1eb4ab4	164.61	0	2	
G	19b4df8	164.84	0	0	
G	19b527c	164.84	1	1	
G	19b552c	164.84	0	15	
G	19b58c8	164.84	0	34	
G	19d3c10	164.84	0	0	
G	19b59bc	164.86	0	1	
G	19b5b00	164.86	0	0	
G	19b5d98	164.86	1	31	
G	19b6354	164.86	1	1	
G	19b827c	164.86	0	0	
G	19b8400	164.86	0	0	
G	19c3de4	164.86	2	30	
G	19c521c	164.88	1	15	
G	19d9df4	164.88	0	0	
G	19d9e18	164.88	0	0	
G	19b7c70	165.20	1	1	
G	19b7d9c	165.24	0	0	
G	19ca2f0	165.24	0	0	
G	19b6cbc	165.26	0	0	
G	19bbce0	165.26	2	2	
G	173a6c4	168.61	0	0	
G	19b6e54	168.61	0	0	
G	19b718c	168.61	0	40	
G	19d9e20	168.61	0	40	
G	19e1170	168.61	0	40	
G	19e12cc	168.61	0	39	
G	19b7318	168.65	0	0	
G	19dff18	168.65	1	1	
G	17fe894	171.69	0	1	
G	1801534	171.69	0	0	
G	180153c	171.69	0	0	
G	19e290c	171.69	0	0	
G	1e9806c	171.69	0	1	
G	19e16c8	172.02	0	0	
G	19e29a4	172.02	0	0	
G	19e29c0	172.02	0	0	
G	112a7c0	172.19	0	2	
G	112a818	172.19	2	2	
G	112ae9c	172.19	0	0	
G	112af04	172.19	1	1	
G	1446f10	172.19	0	3	
G	1474ad4	172.19	0	4	
G	14c3e44	172.19	0	5	
G	14e0d60	172.19	0	0	
G	14e0dd0	172.19	0	0	
G	14e0e9c	172.19	0	0	
G	14e0ea0	172.19	0	4	
G	19b8554	172.19	1	6	
G	19b8cdc	172.19	0	5	
G	19d2508	172.19	0	0	
G	19d2754	172.19	0	0	
G	19d2778	172.19	0	5	
G	19d29b8	172.19	0	0	
G	19d29d4	172.19	0	0	
G	19e29c8	172.19	0	0	
G	1420050	172.20	0	1	
G	13dbb34	172.21	0	16	
G	13fc3c4	172.21	0	0	
G	13fc87c	172.21	1	1	
G	153defc	172.21	0	2	
G	153e0c0	172.21	0	0	
G	153e2a4	172.21	0	2	
G	153e3f0	172.21	2	2	
G	15406bc	172.21	1	5	
G	1540e60	172.21	1	1	
G	1540eac	172.21	0	0	
G	1540ef8	172.21	0	2	
G	1541260	172.21	0	1	
G	15415d0	172.21	0	1	
G	154b92c	172.21	0	3	
G	154be68	172.21	1	1	
G	154c04c	172.21	0	1	
G	13f0750	172.22	0	0	
G	13f7644	172.22	0	0	
G	13fcd28	172.22	0	0	
G	14097fc	172.22	1	2	
G	1409b6c	172.22	1	1	
G	1409ee4	172.22	0	0	
G	154cadc	172.22	0	0	
G	154cb30	172.22	1	1	
G	154cfc4	172.22	0	0	
G	154d1a8	172.22	0	0	
G	154d388	172.22	0	0	
G	19c6d7c	172.22	0	41	
G	19d29dc	172.22	1	42	
G	1ce7ed0	172.22	0	0	
G	1ce8414	172.22	2	41	
G	193fd44	172.23	0	10	
G	19499e0	172.23	0	0	
G	19b3d8c	172.26	0	0	
G	19c7048	172.26	0	0	
G	194d1b4	172.27	1	1	
G	19bc610	172.27	4	307	
G	1ce94a8	172.27	1	2	
G	1ce86e4	172.43	2	4	
G	1ce9040	172.44	1	2	
G	1cea108	172.44	0	0	
G	1cef3bc	172.44	1	20	
G	1cef498	172.44	0	0	
G	1cefb08	172.44	0	18	
G	1cf27ec	172.44	0	0	
G	1cf2d3c	172.44	0	0	
G	1cf2d58	172.44	0	0	
G	1cf31c8	172.44	0	0	
G	1cf31e4	172.44	0	0	
G	1cf3258	172.44	0	0	
G	1cf3274	172.44	0	0	
G	1cf32fc	172.44	0	0	
G	1cf3318	172.44	0	0	
G	1cf3388	172.44	0	0	
G	1cf33a4	172.44	0	0	
G	1cf3428	172.44	0	0	
G	1cf3444	172.44	0	0	
G	1cf34b8	172.44	0	0	
G	1cf34d4	172.44	0	0	
G	1cf4e1c	172.44	0	0	
G	1cf4f8c	172.44	0	0	
G	114bca8	172.46	0	0	
G	114bdd0	172.46	0	24	
G	114c724	172.46	2	23	
G	17156d4	172.46	0	0	
G	1cedcf8	172.46	0	1	
G	1cede30	172.46	0	0	
G	1cf26d4	172.46	1	1	
G	1ddf388	172.46	0	0	
G	1ddf444	172.46	0	1	
G	1654ec8	172.47	0	0	
G	16551d4	172.47	1	2	
G	1655358	172.47	0	0	
G	1655708	172.47	0	0	
G	16f5920	172.47	0	0	
G	1e15150	172.47	0	5	
G	1e152a8	172.47	0	0	
G	1e15614	172.47	1	5	
G	1e18bd8	172.47	0	4	
G	1e18cf8	172.47	2	2	
G	1e19840	172.47	0	0	
G	1e19910	172.47	0	0	
G	1654ecc	172.48	0	0	
G	1655860	172.48	0	0	
G	1655b1c	172.48	0	0	
G	1e140d0	172.48	0	0	
G	1e16524	172.48	0	0	
G	1e1959c	172.48	0	0	
G	1e19b1c	172.48	0	0	
G	1e1a2c4	172.48	0	0	
G	1e1a2d0	172.48	0	0	
G	114d00c	172.49	2	255	
G	1150338	172.49	0	0	
G	114d4f0	172.67	2	125	
G	1dc9744	172.70	0	0	
G	2076858	172.89	0	0	
G	20a0fe4	172.91	0	0	
G	20a1aac	172.91	6	18	
G	114e7b0	173.12	0	1	
G	114e85c	173.12	0	0	
G	1297a60	173.12	0	1	
G	1fd58c8	173.12	0	0	
G	1f8e88c	173.13	3	4	
G	1f8ecec	173.13	0	0	
G	1f8eec8	173.13	1	1	
G	1f8f0a4	173.13	0	0	
G	1fa8c20	173.13	0	0	
G	1fa8d6c	173.13	0	0	
G	1fa8e8c	173.13	0	0	
G	1fabf54	173.13	0	0	
G	1fac140	173.13	0	0	
G	1fd2f68	173.13	0	0	
G	1fd3078	173.13	0	0	
G	1fd5a10	173.13	0	0	
G	1fd5c9c	173.13	0	1	
G	1fd5d60	173.13	0	0	
G	1fde0c8	173.13	2	25	
G	1fde290	173.13	0	0	
G	1fde2b4	173.13	0	1	
G	1fe291c	173.13	0	0	
G	1fe2940	173.13	3	3	
G	1fe57bc	173.13	0	0	
G	1fe57e0	173.13	0	0	
G	1fe59a8	173.13	0	0	
G	1fe59cc	173.13	1	1	
G	223f6d0	173.14	15	15	
G	114e988	173.40	5	116	
G	19d13a8	178.72	1	1	
G	1150354	178.89	0	0	
G	11502c8	178.91	0	0	
G	11502d8	178.91	0	0	
G	1151b2c	178.91	1	2	
G	1e5e6d4	178.91	0	0	
G	1e5f624	178.91	0	0	
G	2032d74	178.91	0	0	
G	204cea4	178.91	0	0	
G	204d6f8	178.91	0	0	
G	1151cc8	178.93	0	2	
G	1151df0	183.41	1	2	
G	1151ecc	187.56	2	2	
G	1297b08	187.98	0	0	
G	1fac178	189.81	0	0	
G	1fac234	189.81	0	0	
G	1fd30b0	189.81	0	0	
G	1fd3204	189.81	0	0	
G	1fd5d98	189.81	1	1	
G	1fd5ea8	189.81	0	0	
G	1e62af0	189.83	0	0	
G	1e7ecf8	189.83	0	0	
G	114fe40	190.05	1	2	
G	12ee7b4	190.05	1	59	
G	12f6afc	190.05	1	105	
G	12fea9c	190.05	1	2	
G	1326ebc	190.05	0	0	
G	15c1754	190.05	0	1	
G	15c1840	190.05	0	1	
G	15c1c54	190.05	0	0	
G	116d960	190.06	0	0	
G	1210c10	190.07	0	16	
G	121a9fc	190.07	0	0	
G	121c6dc	190.07	0	0	
G	121c7ac	190.07	0	0	
G	12e56b8	190.07	0	16	
G	1607568	190.07	0	1	
G	1607654	190.07	1	16	
G	1607a68	190.07	0	0	
G	128b7fc	190.12	1	1	
G	11502fc	191.07	0	0	
G	19c5994	191.07	1	2	
G	19c6c34	191.07	0	0	
G	1cef688	191.07	0	0	
G	1cef6f4	191.07	1	1	
G	19c69dc	191.42	1	1	
G	1150304	195.08	0	0	
G	1326fd4	195.15	0	0	
G	1150348	198.75	0	0	
G	19d1610	198.75	1	1	
G	114fd10	198.77	1	1	
G	1150198	198.99	0	0	
G	114bd48	199.31	0	0	
G	19bde28	199.33	1	31	
G	19c7b00	199.33	0	0	
G	19e53f8	199.33	0	0	
G	1cebb2c	199.33	1	1	
G	1cebdfc	199.33	0	0	
G	1cec710	199.33	2	30	
G	1cece08	199.33	0	0	
G	1ceceb4	199.33	0	0	
G	1ced0e0	199.33	0	0	
G	1cedf88	199.33	0	0	
G	1cee114	199.33	0	24	
G	17099c4	199.34	0	0	
G	170a624	199.34	1	16	
G	1394148	199.36	0	0	
G	1708ea0	199.36	0	0	
G	1708f7c	199.36	0	0	
G	19d30c8	199.36	0	0	
G	19d30e4	199.36	0	0	
G	1ce95d8	199.36	1	1	
G	1cea338	199.36	1	1	
G	1cea8e8	199.36	1	1	
G	1cee5c4	199.36	1	3	
G	1cef55c	199.36	0	0	
G	1cf26c4	199.36	0	0	
G	1f9c4fc	203.08	0	0	
G	2236238	203.08	0	0	
G	2236668	203.08	1	1	
G	1cf2d60	204.37	1	2	
G	1cf3e28	204.37	0	0	
G	1cf3e44	204.37	0	0	
G	1cf3e4c	205.19	0	0	
G	17283ec	208.37	0	0	
G	1ceb434	208.37	0	0	
G	1949a18	208.38	0	0	
G	1cf2cb0	208.38	0	0	
G	19be184	208.39	0	0	
G	19c2c48	208.39	0	15	
G	19c325c	208.39	1	1	
G	19c3474	208.39	0	0	
G	158eba8	208.49	0	0	
G	170a3d8	208.49	0	0	
G	1cbfae4	208.49	0	0	
G	1ce8278	208.49	1	1	
G	1ce83c4	208.49	0	1	
G	19ca658	212.02	0	0	
G	19ca720	212.36	0	0	
G	17ba9a8	212.39	0	0	
G	19d19b8	212.43	0	0	
G	19d1e40	212.43	0	0	
G	1e0c388	212.43	0	0	
G	1e0c770	212.43	0	0	
G	19ca950	212.44	1	1	
G	17ba5dc	212.53	0	0	
G	17ba608	212.53	0	0	
G	19afabc	212.53	0	1	
G	19afd54	212.53	0	1	
G	19e0144	212.53	0	0	
G	19e0cec	212.53	0	0	
G	1a40980	212.53	0	0	
G	1d2bc24	212.53	0	0	
N	<coverage>		6	6	0
N	CParameterUtility::FindGlobalStringWithKey [emu: hides service_stop_day]		18	52	8
