# emu-newplayer: work/rebase/cov-emu-newplayer/prof (lib 370), 681.4 s, 103937 armed entries, 14795 executed. Derived by tools/rebase_inventory.py --coverage.
kind	function (G: guest function as its vaddr in this lib, named by the tool; N: native symbol)	first_hit_s	self_samples	incl_samples	native_calls
G	10fd44c	0.10	0	0	
G	10fd47c	0.10	1	1	
G	1e85a10	0.10	1839	1839	
G	1e8bab4	0.10	0	0	
G	10fda18	0.11	0	0	
G	10fe25c	0.11	0	0	
G	10fe7f8	0.11	0	0	
G	10fed94	0.11	1	1	
G	10ff330	0.11	0	0	
G	10ff8cc	0.11	1	1	
G	10ffe68	0.11	1	1	
G	1100404	0.11	0	0	
G	11009a0	0.11	1	1	
G	1100f3c	0.11	0	0	
G	11014d8	0.11	1	1	
G	1101a74	0.11	0	0	
G	1102010	0.11	1	1	
G	11025d0	0.11	0	0	
G	1102b6c	0.11	1	1	
G	1103108	0.11	0	0	
G	11036a4	0.11	1	1	
G	1103c40	0.11	1	1	
G	1e85c44	0.11	0	0	
G	1e85c54	0.11	0	0	
G	11041dc	0.12	0	0	
G	1104778	0.12	1	1	
G	1104d14	0.12	0	0	
G	11052b0	0.12	1	1	
G	110584c	0.12	0	0	
G	1105de8	0.12	1	1	
G	1106384	0.12	0	0	
G	1106920	0.12	1	1	
G	1106ebc	0.12	0	0	
G	1107458	0.12	1	1	
G	11079f4	0.12	0	0	
G	1107f90	0.12	1	1	
G	110852c	0.12	0	0	
G	1108ac8	0.12	1	1	
G	1109064	0.12	0	0	
G	1109600	0.12	1	1	
G	1109b9c	0.12	0	0	
G	110a138	0.12	1	1	
G	110a6d4	0.12	1	1	
G	110ac70	0.13	1	1	
G	110b20c	0.13	0	0	
G	110b7a8	0.13	1	1	
G	110bd44	0.13	0	0	
G	110c2e0	0.13	1	1	
G	110c87c	0.13	0	0	
G	110ce18	0.13	1	1	
G	110d3b4	0.13	0	0	
G	110d950	0.13	0	0	
G	110deec	0.13	0	0	
G	110e488	0.13	1	1	
G	110ea24	0.13	1	1	
G	110efc0	0.13	0	0	
G	110f55c	0.13	1	1	
G	110faf8	0.13	0	0	
G	1110094	0.13	1	1	
G	1110630	0.13	0	0	
G	1110bcc	0.14	1	1	
G	1111168	0.14	0	0	
G	1111704	0.14	1	1	
G	1111ca0	0.14	0	0	
G	111223c	0.14	1	1	
G	11127d8	0.14	0	0	
G	1112d74	0.14	0	0	
G	1113310	0.14	1	1	
G	11138ac	0.14	0	0	
G	1113e48	0.14	1	1	
G	11143e4	0.14	0	0	
G	1114980	0.14	1	1	
G	1114f1c	0.14	0	0	
G	11154b8	0.14	1	1	
G	1115a54	0.14	0	0	
G	1115ff0	0.14	1	1	
G	111658c	0.14	0	0	
G	1116b28	0.14	1	1	
G	11170c4	0.14	0	0	
G	1117660	0.14	1	1	
G	1117bfc	0.15	1	1	
G	1118198	0.15	1	1	
G	1118734	0.15	0	0	
G	1118cd0	0.15	0	0	
G	111926c	0.15	1	1	
G	1119808	0.15	0	0	
G	1119da4	0.15	1	1	
G	111a340	0.15	0	0	
G	111a8dc	0.15	1	1	
G	111ae78	0.15	0	0	
G	111b414	0.15	1	1	
G	111b9b0	0.15	0	0	
G	111bf4c	0.15	1	1	
G	111c4e8	0.15	0	0	
G	111ca84	0.16	1	1	
G	111d020	0.16	0	0	
G	111d5bc	0.16	1	1	
G	111db58	0.16	1	1	
G	111e0f4	0.16	0	0	
G	111e690	0.16	1	1	
G	111ec2c	0.16	0	0	
G	111f1c8	0.16	1	1	
G	111f764	0.16	0	0	
G	111fd00	0.16	1	1	
G	112029c	0.16	1	1	
G	1120838	0.16	0	0	
G	1120dd4	0.16	1	1	
G	112471c	0.17	1	1	
G	1124cb8	0.17	0	0	
G	1124d20	0.17	1	1	
G	11252bc	0.17	0	0	
G	1125858	0.17	1	1	
G	1125df4	0.17	0	0	
G	1126390	0.17	1	1	
G	112692c	0.17	0	0	
G	1126ec8	0.17	1	1	
G	1127464	0.17	1	1	
G	1127a00	0.17	0	0	
G	1127ad4	0.17	0	0	
G	1127b04	0.17	0	0	
G	1127b4c	0.17	0	0	
G	1127bf4	0.17	0	0	
G	1e84558	0.17	0	0	
G	1f0a3a0	0.17	0	0	
G	1127cd8	0.18	0	0	
G	1127cf8	0.18	0	0	
G	1127d4c	0.18	0	0	
G	1127db0	0.18	1	1	
G	1128068	0.18	0	0	
G	11280a8	0.18	0	0	
G	1128130	0.18	0	0	
G	11281ac	0.18	0	0	
G	11281dc	0.18	0	0	
G	112820c	0.18	0	0	
G	1128238	0.18	0	0	
G	11282b8	0.18	0	0	
G	1128374	0.18	0	1	
G	1128394	0.18	0	0	
G	11283c4	0.18	0	0	
G	11283f4	0.18	0	0	
G	11284a4	0.18	0	0	
G	11284d4	0.18	0	0	
G	11284ec	0.18	0	0	
G	1128508	0.18	0	0	
G	112852c	0.18	0	0	
G	1128550	0.18	0	0	
G	1128564	0.18	0	0	
G	11285e8	0.18	0	0	
G	1128610	0.18	0	0	
G	1128650	0.18	1	1	
G	1128a34	0.18	1	1	
G	1128a90	0.18	0	0	
G	1128aec	0.18	0	0	
G	1f1f2ec	0.18	0	0	
G	1f5cbf0	0.18	0	0	
G	1f5cc38	0.18	16	16	
G	1f83f04	0.18	0	0	
G	1f85580	0.18	2	2	
G	1f8b154	0.18	69	69	
G	1f8b5a8	0.18	12	13	
G	20a0d6c	0.18	0	0	
G	20e832c	0.18	1	1	
G	2620030	0.18	0	0	
G	2620124	0.18	0	0	
G	263d848	0.18	0	0	
G	263dbf4	0.18	0	0	
G	263ee54	0.18	0	0	
G	1f051b0	0.20	0	0	
G	1f0a110	0.20	0	0	
G	22113f0	0.20	22	22	
G	1f05314	0.22	1	182	
G	1f05488	0.22	0	180	
G	1f05b8c	0.22	1	1	
G	1f0a388	0.22	0	0	
G	1f17998	0.22	0	0	
G	1f179b8	0.22	3	680031	
G	1f1f2f4	0.22	74	74	
G	1f1f418	0.22	22431	22431	
G	1f1f468	0.22	70	70	
G	1f8d44c	0.22	0	0	
G	2174e2c	0.22	157	180	
G	2211250	0.22	0	0	
G	2211354	0.22	0	0	
G	22113ec	0.22	0	0	
G	22116c4	0.22	0	0	
G	2211764	0.22	1	1	
G	2211b14	0.22	0	0	
G	2211ccc	0.22	0	0	
G	2175208	0.38	1	1	
G	22122c8	0.38	20	22	
G	1e63aec	0.40	0	0	
G	1e63af8	0.40	0	0	
G	1f05658	0.40	0	0	
G	1f17920	0.40	679845	679845	
G	1f83f9c	0.40	8	8	
G	2211ab4	0.40	0	0	
G	2212010	0.40	1	2	
G	2212358	0.40	1	1	
G	1e62488	0.42	0	0	
G	1e63ad8	0.42	0	0	
G	1f17ca0	0.42	0	675343	
G	1f49d34	0.42	1	1	
G	1f49e3c	0.42	0	0	
G	1f85198	0.42	1	19422659	
G	220fa98	0.42	1	447	
G	1e3a4ac	0.43	3	3	
G	1e624e0	0.43	0	0	
G	1f0520c	0.43	0	0	
G	1f05228	0.43	0	0	
G	1f0a170	0.43	0	213	
G	1f0a4ac	0.43	0	1	
G	1f0ad38	0.43	0	0	
G	1f17f14	0.43	0	0	
G	1f49d14	0.43	0	0	
G	1f4b3a0	0.43	2085	2086	
G	1f4bd20	0.43	562	565	
G	1f4ea6c	0.43	14	14	
G	1f4ea94	0.43	13	13	
G	1f4eca8	0.43	9	299	
G	1f4ed28	0.43	29	827	
G	1f4eed4	0.43	0	0	
G	1f4f0c0	0.43	0	2	
G	1f4f618	0.43	0	0	
G	1f4f9f0	0.43	0	3	
G	1f502cc	0.43	0	0	
G	1f59800	0.43	0	0	
G	1f59950	0.43	0	0	
G	1f59dd8	0.43	1	1	
G	1f5cb8c	0.43	0	0	
G	1f8534c	0.43	0	0	
G	1f854bc	0.43	0	0	
G	2175418	0.43	27	27	
G	2176244	0.43	0	2	
G	2176304	0.43	1	1	
G	2176558	0.43	1	1	
G	21772cc	0.43	49	211	
G	21774d4	0.43	0	0	
G	2181878	0.43	0	0	
G	222c2d8	0.43	1	1	
G	222c504	0.43	0	0	
G	22335e8	0.43	0	0	
G	22336a8	0.43	1	1	
G	2247ec4	0.43	0	0	
G	2247f20	0.43	0	0	
G	2175690	0.45	0	0	
G	1f4a6b4	0.51	1384	1392	
G	1f4aca0	0.51	22	22	
G	2174954	0.51	6	6	
G	2174c24	0.51	13	16	
G	21776d8	0.51	0	3	
G	21777c4	0.51	1	4	
G	2178404	0.51	3	3	
G	217f6c8	0.51	4	14	
G	2181af0	0.51	1	1	
G	218e204	0.51	0	0	
G	221a890	0.51	0	0	
G	136ca5c	0.52	20	20	
G	1f1f510	0.52	3	3	
G	1f1f570	0.52	38	38	
G	1f1f8f0	0.52	160	160	
G	1f1fbb4	0.52	0	0	
G	1f4d458	0.52	0	0	
G	20be978	0.52	2	2	
G	217815c	0.52	123	125	
G	217aee0	0.52	79	80	
G	217fc78	0.52	2	2	
G	21815fc	0.52	1	1	
G	2184fd4	0.52	0	1	
G	2185330	0.52	0	0	
G	2185a7c	0.52	0	0	
G	2185e8c	0.52	1	2	
G	2185f9c	0.52	0	0	
G	2186238	0.52	0	1	
G	22101b0	0.52	0	0	
G	236020c	0.52	0	0	
G	1f1e2d0	0.64	0	0	
G	1f1e2dc	0.64	0	0	
G	1f1e3e8	0.64	0	0	
G	1f29c54	0.64	1	4	
G	1f2a83c	0.64	0	3	
G	1f35fb4	0.64	0	0	
G	1f4ec18	0.64	3	46	
G	2179a3c	0.64	0	0	
G	221af6c	0.64	0	0	
G	221af80	0.64	0	0	
G	221af8c	0.64	0	0	
G	221afa4	0.64	0	0	
G	221afbc	0.64	0	0	
G	221afd4	0.64	0	0	
G	221afec	0.64	0	0	
G	221b004	0.64	0	0	
G	221b01c	0.64	0	0	
G	221b034	0.64	0	0	
G	221b16c	0.64	0	0	
G	222e988	0.64	0	0	
G	1202384	0.65	0	0	
G	134e514	0.65	0	0	
G	14b0c30	0.65	0	0	
G	1f17f5c	0.65	0	0	
G	1f17f78	0.65	0	0	
G	1f1f350	0.65	13807431	13807431	
G	1f1fd4c	0.65	13	13	
G	1f216d8	0.65	0	0	
G	1f35dc0	0.65	1	1	
G	1f361a8	0.65	1	1	
G	1f3639c	0.65	0	0	
G	1f36588	0.65	0	0	
G	1f368c8	0.65	0	0	
G	1f36abc	0.65	1	1	
G	1f5ccac	0.65	0	0	
G	1f63054	0.65	8	8	
G	1f7f7e4	0.65	1	1	
G	1f7ff20	0.65	0	0	
G	1f7ff28	0.65	18	18	
G	1f80cb8	0.65	0	0	
G	1f80e44	0.65	0	0	
G	20f4334	0.65	0	25	
G	20f4390	0.65	0	2	
G	20f80b4	0.65	0	0	
G	20f80bc	0.65	0	0	
G	20f80c4	0.65	0	0	
G	20f80cc	0.65	0	0	
G	20f80d4	0.65	0	0	
G	20f80e8	0.65	1	1	
G	20f80f0	0.65	0	1	
G	20f9b64	0.65	0	0	
G	20fae5c	0.65	0	0	
G	20fc960	0.65	1	1	
G	20fe55c	0.65	0	0	
G	20febf8	0.65	0	23	
G	20ff044	0.65	1	1	
G	20ff1e4	0.65	0	0	
G	20ff3a8	0.65	0	0	
G	2210150	0.65	0	0	
G	2228680	0.65	1	1	
G	2228bcc	0.65	0	1	
G	2228d28	0.65	0	1	
G	2229660	0.65	0	1	
G	222abac	0.65	0	0	
G	2247ef0	0.65	0	0	
G	235ff08	0.65	0	0	
G	2233920	0.67	0	679591	
G	1f0a38c	0.68	0	0	
G	1f2042c	0.68	0	2	
G	1f552c4	0.68	0	0	
G	1f5716c	0.68	0	0	
G	1f80eec	0.68	0	0	
G	1f8d4e8	0.68	0	0	
G	209d854	0.68	0	0	
G	209dbac	0.68	0	0	
G	20f7d7c	0.68	4	679584	
G	2100a50	0.68	0	1	
G	216e090	0.68	0	0	
G	218a6cc	0.68	0	0	
G	218bd14	0.68	0	0	
G	218be38	0.68	0	0	
G	218bf94	0.68	0	0	
G	218e1b0	0.68	0	0	
G	21c0440	0.68	0	0	
G	21c0b54	0.68	1	1	
G	21d7004	0.68	0	4	
G	21d715c	0.68	4	4	
G	21d769c	0.68	0	0	
G	21df6ac	0.68	0	0	
G	21e070c	0.68	0	0	
G	21e1a64	0.68	0	0	
G	21e63d0	0.68	0	0	
G	21e6a2c	0.68	0	0	
G	21e6d2c	0.68	0	0	
G	21e6fec	0.68	0	0	
G	221af34	0.68	0	0	
G	221af48	0.68	0	0	
G	221af58	0.68	0	0	
G	221b07c	0.68	0	0	
G	221b094	0.68	0	0	
G	221b0ac	0.68	0	0	
G	221b0c4	0.68	0	0	
G	221b0dc	0.68	0	0	
G	221b0f4	0.68	0	0	
G	221b10c	0.68	0	0	
G	221b124	0.68	0	0	
G	221b13c	0.68	0	0	
G	221b154	0.68	0	0	
G	221b214	0.68	0	0	
G	2221a0c	0.68	1	2	
G	2222d0c	0.68	0	2	
G	2222dac	0.68	0	0	
G	2222dec	0.68	0	0	
G	22253ac	0.68	0	1	
G	2225740	0.68	0	1	
G	2236868	0.68	0	0	
G	234d84c	0.68	1	5	
G	234d980	0.68	0	4	
G	25a1b88	0.68	0	0	
G	25a1b9c	0.68	0	0	
G	25a1bf0	0.68	0	0	
G	25a1c08	0.68	0	0	
G	262012c	0.68	2	2	
G	263ed8c	0.68	0	0	
G	263ed94	0.68	0	0	
G	26493ec	0.68	0	0	
G	1f37098	0.69	0	1	
G	1f37164	0.69	0	1	
G	1f37384	0.69	1	1	
G	1f37510	0.69	0	0	
G	1f37fec	0.69	0	0	
G	1f4ebe4	0.69	0	0	
G	1f56e5c	0.69	0	0	
G	1f599c8	0.69	0	0	
G	1f59b7c	0.69	2	2	
G	1f81048	0.69	5	7	
G	1f8d21c	0.69	0	1	
G	1f8db34	0.69	0	0	
G	20f0860	0.69	0	0	
G	20f0f10	0.69	0	0	
G	213ad44	0.69	1	1	
G	2142f08	0.69	0	1	
G	2143118	0.69	0	0	
G	214c2f4	0.69	0	0	
G	214c4b8	0.69	0	0	
G	214ca0c	0.69	0	0	
G	214e198	0.69	0	0	
G	214ef10	0.69	0	1	
G	21b9c34	0.69	0	0	
G	2235d80	0.69	0	0	
G	2235e64	0.69	1	1	
G	22363d0	0.69	0	0	
G	22382f8	0.69	0	2	
G	2238384	0.69	1	1	
G	2238aa4	0.69	0	1	
G	2238cd8	0.69	0	1	
G	2238e7c	0.69	0	0	
G	223a498	0.69	1	1	
G	234e0d8	0.69	0	0	
G	261c51c	0.69	0	1	
G	261e118	0.69	0	0	
G	261e200	0.69	1	1	
G	261f864	0.69	0	0	
G	26206ec	0.69	0	0	
G	2620820	0.69	0	0	
G	2620828	0.69	0	0	
G	2620830	0.69	0	0	
G	2630c04	0.69	0	0	
G	2636694	0.69	1	1	
G	263a908	0.69	0	0	
G	263f8c4	0.69	0	0	
G	2644328	0.69	0	0	
G	264c22c	0.69	0	0	
G	264cef4	0.69	0	0	
G	1f041a4	0.70	26	26	
G	1f67e0c	0.70	0	0	
G	1f69a94	0.70	0	0	
G	1f69cb4	0.70	1	4	
G	1f6a53c	0.70	0	2	
G	1f6b370	0.70	2	13	
G	1f6b478	0.70	4	10	
G	1f6c958	0.70	1	1	
G	1f70360	0.70	0	0	
G	1f70f2c	0.70	1	1	
G	1f70fa0	0.70	1	1	
G	1f72ba4	0.70	0	0	
G	1f73c64	0.70	2	2	
G	1f75c88	0.70	0	0	
G	1f75e9c	0.70	0	2	
G	1f76210	0.70	0	0	
G	1f76358	0.70	0	0	
G	1f764a0	0.70	1	1	
G	1f765e4	0.70	0	0	
G	1f76728	0.70	0	0	
G	1f76870	0.70	0	0	
G	1f769b8	0.70	0	0	
G	1f76b00	0.70	1	1	
G	1f76c48	0.70	0	0	
G	1f76d88	0.70	0	0	
G	21c8080	0.70	0	0	
G	21c8218	0.70	1	1	
G	21c83b0	0.70	0	1	
G	221aee8	0.70	0	0	
G	221aefc	0.70	0	0	
G	221af08	0.70	0	0	
G	221af20	0.70	0	0	
G	2222920	0.70	12	1359114	
G	2240e94	0.70	0	0	
G	2240ecc	0.70	0	0	
G	22412fc	0.70	0	0	
G	22428bc	0.70	0	0	
G	2242af8	0.70	1	1	
G	2242b70	0.70	0	0	
G	22434fc	0.70	1	2	
G	2246788	0.70	0	0	
G	25a2520	0.70	0	0	
G	25a2618	0.70	0	0	
G	25a2650	0.70	0	0	
G	1f1cb90	0.71	0	1	
G	1f1cc58	0.71	0	1	
G	1f1d7b8	0.71	0	0	
G	1f1dfe4	0.71	0	0	
G	1f36e6c	0.71	0	679548	
G	1f37d18	0.71	1	2	
G	1f61e04	0.71	0	0	
G	1f6216c	0.71	0	0	
G	1f62244	0.71	5423	6358	
G	1f62404	0.71	0	2	
G	1f628e8	0.71	1	1	
G	1f67ef8	0.71	0	1	
G	1f686d4	0.71	0	0	
G	1f69570	0.71	1	1	
G	1f69934	0.71	0	0	
G	1f70ff0	0.71	0	1	
G	1f71280	0.71	1	1	
G	1f71d70	0.71	0	0	
G	20d76ac	0.71	1	1	
G	212fa08	0.71	0	0	
G	2136670	0.71	0	32	
G	2175898	0.71	0	0	
G	2190d1c	0.71	0	0	
G	2190d78	0.71	0	0	
G	2190eb0	0.71	0	0	
G	2191cf4	0.71	0	1	
G	220ff8c	0.71	0	3	
G	221b064	0.71	0	0	
G	2233858	0.71	0	0	
G	223f9a4	0.71	0	0	
G	22440a0	0.71	0	0	
G	22464dc	0.71	0	0	
G	2246544	0.71	0	0	
G	2246724	0.71	0	0	
G	2367e88	0.71	0	0	
G	25a2778	0.71	0	0	
G	25a27e8	0.71	0	0	
G	261c488	0.71	0	0	
G	1f5cc7c	0.72	143	143	
G	20e7148	0.72	0	0	
G	221eae0	0.72	1	1	
G	22208d0	0.72	0	29	
G	2220d1c	0.72	1	1	
G	2220eb8	0.72	0	0	
G	222107c	0.72	0	0	
G	2236400	0.72	2038077	2038523	
G	223a214	0.72	1	679543	
G	223b348	0.72	0	0	
G	1f6c640	0.73	16	679262	
G	1f854c4	0.73	1353318	1353318	
G	2246584	0.73	1	679494	
G	1f1d9d0	0.74	2	679526	
G	1f62c44	0.74	1181	4070825	
G	20e6e6c	0.74	0	679516	
G	1202388	0.75	0	0	
G	1f2e6d4	0.75	0	0	
G	1f6c67c	0.75	92	4798	
G	1f6d798	0.75	43	43	
G	1f6db30	0.75	34	34	
G	1f6deb8	0.75	439	441	
G	1f6e15c	0.75	424	453	
G	1f6e520	0.75	24	560	
G	1f6e66c	0.75	30	30	
G	1f80134	0.75	0	0	
G	1f8013c	0.75	0	0	
G	20e7324	0.75	0	0	
G	20f7b88	0.75	1	1	
G	20f7bac	0.75	2	2	
G	2136880	0.75	0	0	
G	2139f6c	0.75	0	0	
G	213a334	0.75	1	2	
G	215c86c	0.75	0	33	
G	215c918	0.75	3	33	
G	2169504	0.75	0	0	
G	2173c58	0.75	0	0	
G	2173e40	0.75	0	0	
G	21b9258	0.75	1	5	
G	21b9390	0.75	3	3	
G	21b947c	0.75	1	1	
G	21b9858	0.75	0	0	
G	21b9894	0.75	0	0	
G	21c1344	0.75	0	5	
G	21d83a4	0.75	5	5	
G	21d8f6c	0.75	5	25	
G	21da3f4	0.75	3	16	
G	21deb20	0.75	0	0	
G	21e43c0	0.75	1	2	
G	21e498c	0.75	1	4	
G	21e4bf4	0.75	4	5	
G	21e69e4	0.75	0	0	
G	21e75b4	0.75	0	0	
G	21e7e60	0.75	0	0	
G	2210de4	0.75	221	221	
G	221b19c	0.75	0	0	
G	22413a8	0.75	40	40	
G	2243714	0.75	10	48	
G	224604c	0.75	694	3541	
G	22464f4	0.75	21	73	
G	2358584	0.75	0	0	
G	23585a8	0.75	1	1	
G	1e68bd0	0.76	0	0	
G	1e766b8	0.76	0	0	
G	1f59ccc	0.76	3	3	
G	1f59ed8	0.76	0	0	
G	1f8c4e4	0.76	0	0	
G	20d8d14	0.76	0	2	
G	20e5a94	0.76	1	2	
G	20f04fc	0.76	1	1	
G	20f14ac	0.76	0	0	
G	20f431c	0.76	0	0	
G	212ea58	0.76	0	0	
G	2135120	0.76	210	508	
G	2169534	0.76	0	0	
G	216e690	0.76	2	2	
G	216f000	0.76	2	2	
G	216fb84	0.76	5	7	
G	2171788	0.76	1	1	
G	21a7f00	0.76	1	4	
G	21a875c	0.76	0	0	
G	21af1cc	0.76	0	11	
G	21af25c	0.76	2	3	
G	21af5c8	0.76	2	3	
G	21b0738	0.76	0	1	
G	21b082c	0.76	0	0	
G	21b6ae0	0.76	0	0	
G	21b79e8	0.76	0	0	
G	21ba7d0	0.76	0	0	
G	21babac	0.76	0	0	
G	21c1a8c	0.76	0	0	
G	21d8c24	0.76	1	1	
G	21d9cb0	0.76	39	60	
G	21da320	0.76	0	0	
G	21dbbb0	0.76	0	0	
G	21dbc14	0.76	0	0	
G	21e76b8	0.76	9	17	
G	21e7e40	0.76	0	0	
G	21e7e84	0.76	0	0	
G	235979c	0.76	0	0	
G	2360238	0.76	0	0	
G	2369540	0.76	0	0	
G	26a66f0	0.76	1	1	
G	26a67b0	0.76	0	0	
G	20e41a8	0.77	0	0	
G	20e425c	0.77	0	0	
G	20e440c	0.77	0	0	
G	217598c	0.77	2	2	
G	21afc08	0.77	1	2	
G	21afedc	0.77	1	1	
G	21b0098	0.77	2	2	
G	21b039c	0.77	1	2	
G	21b0a74	0.77	1	1	
G	21b1248	0.77	1	1	
G	21c5084	0.77	679470	679487	
G	21c533c	0.77	845	679486	
G	21eacb4	0.77	0	0	
G	1f0ada8	0.78	0	0	
G	1f0ae10	0.78	0	0	
G	1f0ae28	0.78	0	0	
G	1f0ae40	0.78	0	0	
G	1f0ae58	0.78	0	0	
G	1f0ae70	0.78	0	0	
G	1f0ae88	0.78	0	0	
G	1f4acb8	0.78	0	0	
G	1f807f4	0.78	0	0	
G	20a0bb0	0.78	1	1	
G	20a0bc4	0.78	0	0	
G	20ab260	0.78	1	1	
G	20be4c8	0.78	7	7	
G	20be7a4	0.78	5	5	
G	20beb5c	0.78	4	4	
G	20bed68	0.78	4	4	
G	2136e10	0.78	1	1	
G	215d504	0.78	0	0	
G	2169fa4	0.78	0	0	
G	216ab04	0.78	0	0	
G	2189e9c	0.78	0	0	
G	2189ef0	0.78	0	10	
G	2189f8c	0.78	0	0	
G	2189fb4	0.78	0	0	
G	2189fe0	0.78	0	0	
G	218a00c	0.78	0	0	
G	218a084	0.78	0	0	
G	218a0b0	0.78	1	1	
G	218a0fc	0.78	0	0	
G	218a1cc	0.78	0	0	
G	218a244	0.78	0	0	
G	2198d20	0.78	0	0	
G	21a98cc	0.78	0	0	
G	21a98d4	0.78	0	0	
G	21aaae0	0.78	1	2	
G	21aef70	0.78	0	0	
G	21b5d50	0.78	0	0	
G	21b5f08	0.78	0	0	
G	21b98ec	0.78	0	0	
G	21c05d4	0.78	10	10	
G	21c0730	0.78	0	0	
G	21c18a0	0.78	720	720	
G	21c1aa4	0.78	423	678481	
G	21c8cdc	0.78	0	1	
G	21d4210	0.78	0	0	
G	21eac54	0.78	0	0	
G	21ed1e0	0.78	0	0	
G	21fd394	0.78	1	1	
G	21fd4ac	0.78	1	1	
G	2203c98	0.78	1	3	
G	22043bc	0.78	1	5	
G	2204960	0.78	0	1	
G	2204f80	0.78	0	0	
G	2355248	0.78	0	1	
G	23671a4	0.78	0	0	
G	259d3a4	0.78	1	1	
G	259d8cc	0.78	0	1	
G	1f0487c	0.79	0	0	
G	1f0adbc	0.79	0	0	
G	1f0aea0	0.79	0	0	
G	1f0aeb8	0.79	0	0	
G	1f20278	0.79	1	1	
G	1f2794c	0.79	0	1	
G	1f27af0	0.79	0	1	
G	1f292cc	0.79	1	1	
G	1f7de20	0.79	0	0	
G	1f7de7c	0.79	0	0	
G	1f7ded8	0.79	0	0	
G	1f7df04	0.79	0	0	
G	1f7e0c4	0.79	0	0	
G	2174944	0.79	0	0	
G	2175964	0.79	0	0	
G	2175a64	0.79	3	6	
G	2175d08	0.79	0	1	
G	2175e10	0.79	1	2	
G	217f33c	0.79	0	14	
G	217f424	0.79	0	2	
G	217ffe0	0.79	0	2	
G	2180224	0.79	1	1	
G	21c87fc	0.79	1	66	
G	21ee908	0.79	0	0	
G	21eeca8	0.79	0	0	
G	21ef33c	0.79	0	1	
G	21f0c6c	0.79	0	0	
G	21f58b0	0.79	0	0	
G	2202520	0.79	1	1	
G	220261c	0.79	0	0	
G	2202764	0.79	0	0	
G	22028ac	0.79	0	0	
G	2203ec4	0.79	0	0	
G	2204554	0.79	0	0	
G	22066b0	0.79	1	1	
G	22102d0	0.79	1	1	
G	2227550	0.79	0	1	
G	2228084	0.79	1	1	
G	2367308	0.79	1	6	
G	23674c8	0.79	0	7	
G	2367518	0.79	0	7	
G	259e3ec	0.79	0	0	
G	259e42c	0.79	0	0	
G	259f080	0.79	0	0	
G	25a4e84	0.79	0	0	
G	1f1f980	0.80	0	0	
G	1f20d08	0.80	1	2	
G	1f211a8	0.80	0	0	
G	1f213e4	0.80	0	0	
G	1f5a268	0.80	0	2	
G	1f5a5ec	0.80	0	2	
G	1f5bfd8	0.80	1	1	
G	1f5c008	0.80	0	0	
G	1f5cd28	0.80	1227	3389	
G	20abc04	0.80	18	41	
G	20aec88	0.80	0	4	
G	20b4dcc	0.80	0	0	
G	216a1a0	0.80	3591	679231	
G	2174bec	0.80	0	0	
G	2203c00	0.80	677821	679457	
G	221035c	0.80	0	0	
G	2221f10	0.80	21	48	
G	22227c4	0.80	9	9	
G	2225704	0.80	0	0	
G	2225730	0.80	0	0	
G	222581c	0.80	0	1	
G	22258a0	0.80	1	1	
G	2225e1c	0.80	0	0	
G	2225fac	0.80	0	0	
G	2225fb8	0.80	0	0	
G	2226220	0.80	0	0	
G	2226250	0.80	0	0	
G	23552c4	0.80	0	48	
G	1f1f4a8	0.81	56	56	
G	1f5c084	0.81	0	0	
G	1f62950	0.81	751	751	
G	1f62d0c	0.81	9181	9933	
G	1f63024	0.81	0	0	
G	21f1ee0	0.81	0	679453	
G	1f0af98	0.82	1	1	
G	1f0b220	0.82	1	1	
G	1f19100	0.82	1	1	
G	1f5ab6c	0.82	0	0	
G	1f5b48c	0.82	0	0	
G	1f5b58c	0.82	1	1	
G	1f5be08	0.82	0	0	
G	20acac8	0.82	12	12	
G	20ad2a8	0.82	1	904	
G	20af150	0.82	0	679441	
G	20af208	0.82	0	934	
G	20af2fc	0.82	1	2	
G	20af4e4	0.82	0	0	
G	20af660	0.82	2	928	
G	20b2fa8	0.82	1	13	
G	20bdc30	0.82	0	0	
G	20bdf90	0.82	0	0	
G	20bdfc4	0.82	0	0	
G	20be460	0.82	0	0	
G	20bef8c	0.82	0	0	
G	21758c4	0.82	0	0	
G	2175a4c	0.82	0	0	
G	217f980	0.82	1	1	
G	21c75fc	0.82	12	12	
G	1f49cfc	0.83	14	14	
G	20ad510	0.83	9	9	
G	20b2eec	0.83	0	867	
G	2175bf8	0.83	1	13	
G	21c62a8	0.83	732	732	
G	21c6434	0.83	28	28	
G	21c781c	0.83	104	867	
G	1f85510	0.84	488896	488896	
G	20ac5ac	0.84	15	36	
G	20ac838	0.84	18	18	
G	20acd58	0.84	2	6	
G	20ae654	0.84	1	1	
G	20bc898	0.84	0	0	
G	20bcbe8	0.84	0	0	
G	20bee1c	0.84	0	0	
G	20befa0	0.84	0	0	
G	2175fac	0.84	0	0	
G	2175fbc	0.84	0	1	
G	218040c	0.84	1	3	
G	2180778	0.84	0	0	
G	2180838	0.84	0	3	
G	2180d80	0.84	0	0	
G	2355398	0.84	3	7	
G	235570c	0.84	0	0	
G	2355830	0.84	0	0	
G	20ac154	0.85	40	41	
G	217b048	0.85	1	2	
G	21b8678	0.85	17	17	
G	21d5184	0.85	0	1	
G	2364a90	0.85	10	10	
G	21dbf44	0.86	1	23	
G	222627c	0.86	0	1	
G	22264f4	0.86	3	29	
G	22266d0	0.86	11	11	
G	2226ab8	0.86	0	0	
G	2226c14	0.86	3	55	
G	2226d80	0.86	1	1	
G	2227128	0.86	1	3	
G	22274bc	0.86	0	0	
G	22274d4	0.86	0	0	
G	2227538	0.86	0	0	
G	1f00d98	0.87	0	0	
G	1f0b45c	0.87	0	0	
G	1f1f4c8	0.87	119	119	
G	1f22ab0	0.87	0	0	
G	1f22c34	0.87	0	0	
G	1f22db0	0.87	0	0	
G	1f23210	0.87	0	0	
G	1f2dfcc	0.87	0	0	
G	1f4e998	0.87	0	0	
G	1f7b4ec	0.87	0	0	
G	1f7b514	0.87	2	2	
G	1f7b5b0	0.87	51	51	
G	1f7b600	0.87	0	0	
G	1f7b6cc	0.87	2	2	
G	1f7b7d4	0.87	0	0	
G	1f7bc14	0.87	0	0	
G	1f8ae30	0.87	0	0	
G	2223854	0.87	0	1	
G	22238e4	0.87	0	1	
G	2223c38	0.87	0	0	
G	2223d2c	0.87	0	0	
G	2224018	0.87	0	0	
G	2224790	0.87	0	0	
G	22247ac	0.87	0	0	
G	2227434	0.87	0	0	
G	22284c8	0.87	0	0	
G	2228564	0.87	1	1	
G	2228584	0.87	0	0	
G	22285f8	0.87	1	1	
G	222c544	0.87	3	8	
G	222dd38	0.87	1	2	
G	222e5a0	0.87	0	0	
G	222ea48	0.87	0	1	
G	222f0dc	0.87	0	0	
G	222f160	0.87	0	1	
G	222ff14	0.87	0	0	
G	22304f8	0.87	0	0	
G	223053c	0.87	0	0	
G	2230650	0.87	1	1	
G	22306b0	0.87	0	0	
G	2230744	0.87	0	0	
G	2239228	0.87	1	16	
G	2239328	0.87	0	0	
G	2239598	0.87	0	15	
G	223a30c	0.87	0	0	
G	11413d8	0.88	0	0	
G	1141408	0.88	0	0	
G	11414b0	0.88	0	4	
G	11d9d44	0.88	0	0	
G	1e624e4	0.88	12	674896	
G	1f0b97c	0.88	1	1	
G	1f0bd04	0.88	0	0	
G	1f22534	0.88	1	3	
G	1f2258c	0.88	1	4	
G	1f29b14	0.88	0	0	
G	1f29b34	0.88	1	1	
G	1f2a118	0.88	2	2	
G	1f2a1e4	0.88	1	7	
G	1f2a4d8	0.88	0	0	
G	1f2a648	0.88	0	0	
G	1f2b5c0	0.88	0	44	
G	1f2b614	0.88	4	36	
G	1f2c6f8	0.88	0	0	
G	1f2cfc4	0.88	0	15	
G	1f2d030	0.88	3	15	
G	1f2da88	0.88	1	6	
G	1f2df6c	0.88	0	0	
G	1f2df70	0.88	0	0	
G	1f2df74	0.88	1	1	
G	1f2dfd4	0.88	2	2	
G	1f2e260	0.88	2	2	
G	1f2e358	0.88	1	1	
G	1f2e39c	0.88	3	3	
G	1f2e4b0	0.88	0	0	
G	1f2e520	0.88	0	0	
G	1f2e528	0.88	0	0	
G	1f2ef14	0.88	3	4	
G	1f2f554	0.88	2	2	
G	1f2f638	0.88	1	2	
G	1f2fa58	0.88	0	0	
G	1f2fb68	0.88	0	2	
G	1f2fd20	0.88	1	3	
G	1f2fde4	0.88	4	5	
G	1f303bc	0.88	1	6	
G	1f30624	0.88	2	2	
G	1f41d28	0.88	6	6	
G	1f49fcc	0.88	0	0	
G	1f49fd0	0.88	0	0	
G	1f4d0d4	0.88	2	2	
G	1f4e3f0	0.88	5	5	
G	1f4e9a4	0.88	0	0	
G	1f4e9d4	0.88	0	0	
G	1f631ac	0.88	4	4	
G	1f74df8	0.88	0	0	
G	21dbde4	0.88	0	1	
G	21dd740	0.88	0	0	
G	21e5818	0.88	0	0	
G	22100e8	0.88	0	0	
G	22263f4	0.88	0	0	
G	22268e0	0.88	0	0	
G	22269a0	0.88	0	0	
G	222ebd0	0.88	1	1	
G	22304e0	0.88	0	0	
G	2239c64	0.88	0	0	
G	1141370	0.89	0	0	
G	11413e4	0.89	0	0	
G	11413f0	0.89	0	0	
G	11413fc	0.89	0	0	
G	1141df0	0.89	8	307	
G	1148bb4	0.89	12	13	
G	1148e70	0.89	1	1	
G	1149020	0.89	17	126	
G	1de87b0	0.89	0	0	
G	1de87f8	0.89	0	0	
G	1e35384	0.89	0	0	
G	1e35388	0.89	1	1	
G	1e3547c	0.89	0	0	
G	1e36424	0.89	0	0	
G	1e36784	0.89	1	2	
G	1e37c74	0.89	0	1	
G	1e380cc	0.89	0	0	
G	1e38174	0.89	0	0	
G	1e3820c	0.89	1	1	
G	1e38418	0.89	0	0	
G	1e64224	0.89	0	0	
G	1e84450	0.89	0	0	
G	1e844c4	0.89	0	0	
G	1f04790	0.89	0	0	
G	1f047bc	0.89	1	1	
G	1f226ec	0.89	0	0	
G	1f226fc	0.89	0	0	
G	1f2270c	0.89	0	0	
G	1f22878	0.89	0	34	
G	2174b10	0.89	1	16	
G	2175310	0.89	0	10	
G	21753d8	0.89	0	0	
G	21753ec	0.89	0	0	
G	2175400	0.89	0	0	
G	217540c	0.89	0	0	
G	2179a20	0.89	0	0	
G	1f05f2c	0.90	66	74	
G	214c4c0	0.90	0	0	
G	214c4f0	0.90	0	0	
G	214c774	0.90	1	1	
G	215db64	0.90	0	0	
G	2167a2c	0.90	0	1	
G	216e1c8	0.90	0	0	
G	216e268	0.90	0	0	
G	216e280	0.90	2	18	
G	2172d60	0.90	0	0	
G	21749f4	0.90	0	0	
G	2176224	0.90	0	0	
G	217a4bc	0.90	0	0	
G	217a4cc	0.90	417	419	
G	217cf40	0.90	0	0	
G	217cf50	0.90	0	0	
G	21812c4	0.90	0	5	
G	21813e0	0.90	3	3	
G	218bd1c	0.90	0	0	
G	218bd20	0.90	0	0	
G	218bd40	0.90	0	0	
G	218bd84	0.90	0	0	
G	218bdb4	0.90	18	44	
G	218c248	0.90	1	7	
G	218d184	0.90	31	72	
G	2197920	0.90	0	1	
G	21c1dd4	0.90	2373	136803	
G	21c4514	0.90	7	7	
G	21c4534	0.90	0	0	
G	21c485c	0.90	251	831	
G	2369bf0	0.90	1	1	
G	236a4cc	0.90	0	0	
G	236ccb8	0.90	0	0	
G	2171e80	0.91	8	8	
G	2172a34	0.91	0	0	
G	21759f0	0.91	0	0	
G	2179b0c	0.91	0	0	
G	217a2c8	0.91	6	6	
G	217cd0c	0.91	220	348	
G	217daf8	0.91	23	23	
G	217e288	0.91	68	68	
G	217e494	0.91	88	88	
G	217e8c8	0.91	140	140	
G	218a5b4	0.91	0	0	
G	218a5e4	0.91	0	0	
G	218aaac	0.91	0	0	
G	218abdc	0.91	0	0	
G	218abe4	0.91	0	0	
G	218ac0c	0.91	0	0	
G	218ad54	0.91	0	0	
G	218ae94	0.91	99	111	
G	218b154	0.91	0	0	
G	218c3b4	0.91	0	2	
G	218c4e0	0.91	1	3	
G	218c708	0.91	0	0	
G	218d9c0	0.91	62	62	
G	218dbec	0.91	27	27	
G	21a9ed0	0.91	0	4	
G	21aa018	0.91	0	9	
G	21ba36c	0.91	0	0	
G	21babbc	0.91	0	1	
G	21c128c	0.91	0	0	
G	21c12d0	0.91	0	0	
G	21c12f8	0.91	0	0	
G	21daec4	0.91	2	4	
G	1388528	0.92	6	8	
G	1e62758	0.92	1	1	
G	1e63c88	0.92	0	0	
G	1e63cd8	0.92	0	0	
G	1e63e18	0.92	0	0	
G	1e68bc8	0.92	0	0	
G	1e68f90	0.92	16	16	
G	1e88b28	0.92	0	0	
G	1e9b3e0	0.92	0	1	
G	1e9ff4c	0.92	0	0	
G	1ea0368	0.92	1	1	
G	1f0a384	0.92	0	0	
G	1f4822c	0.92	0	0	
G	1f4ad58	0.92	0	0	
G	1f4d464	0.92	323	323	
G	1f4d5d8	0.92	0	0	
G	1f4dcbc	0.92	682	1005	
G	1f4ea08	0.92	0	0	
G	1f56fac	0.92	86	86	
G	1f8d378	0.92	0	0	
G	1f8d9f4	0.92	0	0	
G	20dbbc4	0.92	1	1	
G	20e5934	0.92	0	0	
G	20e92bc	0.92	1	1	
G	20ea6c0	0.92	0	2	
G	20ea848	0.92	1	2	
G	20ea978	0.92	0	2	
G	20eabf4	0.92	3	3	
G	20eb0f0	0.92	0	1	
G	20f028c	0.92	58	58	
G	20f0c54	0.92	1	6	
G	2136394	0.92	0	0	
G	21363b4	0.92	0	0	
G	21363dc	0.92	0	0	
G	21364b8	0.92	1	1	
G	2136508	0.92	1	1	
G	2136574	0.92	0	0	
G	215d6e4	0.92	0	0	
G	2169864	0.92	0	0	
G	2169acc	0.92	0	0	
G	2169ba8	0.92	0	0	
G	2169d5c	0.92	0	0	
G	2169e88	0.92	0	0	
G	2169ee8	0.92	0	0	
G	2169f48	0.92	0	0	
G	2169f90	0.92	0	0	
G	216cfac	0.92	0	0	
G	216d030	0.92	0	0	
G	216e598	0.92	0	0	
G	2174a30	0.92	107276	107354	
G	218a824	0.92	1	1	
G	218abec	0.92	0	0	
G	2197a1c	0.92	0	0	
G	21a9c80	0.92	0	4	
G	221a8b8	0.92	0	0	
G	115100c	0.93	8	26	
G	11847c0	0.93	0	1	
G	1e62e38	0.93	158	64378	
G	1e63b44	0.93	0	0	
G	1e63d3c	0.93	0	0	
G	1e64038	0.93	1	1	
G	1e82c3c	0.93	0	0	
G	1e86104	0.93	0	2	
G	1e86290	0.93	0	2	
G	1e887b8	0.93	0	0	
G	1e9b528	0.93	57	3351	
G	1e9b598	0.93	31	2948	
G	1e9fe64	0.93	0	0	
G	1ea0580	0.93	1	2	
G	1f4c2d4	0.93	10	10	
G	1f5ccf0	0.93	64	64	
G	1f80754	0.93	0	5	
G	1f807c0	0.93	0	3	
G	1f809fc	0.93	539	539	
G	1f81308	0.93	53495	653440	
G	1f81590	0.93	1341	1341	
G	209f460	0.93	24	42	
G	215e760	0.93	1078	21386	
G	215f98c	0.93	15	21412	
G	2169f98	0.93	0	0	
G	2172fa0	0.93	2	13	
G	2173a80	0.93	3	3	
G	2174938	0.93	0	0	
G	2197a28	0.93	0	0	
G	21ebecc	0.93	10	17	
G	21ec0fc	0.93	2	4	
G	233adf0	0.93	18	18	
G	233aeb0	0.93	25	41	
G	23695f0	0.93	3	12	
G	236982c	0.93	27	27	
G	23698c4	0.93	50	50	
G	2369bec	0.93	0	0	
G	236a4d4	0.93	1	5	
G	236a7d0	0.93	1	1	
G	114bca0	0.94	0	0	
G	1e63e58	0.94	0	0	
G	1e63f28	0.94	0	0	
G	1e66480	0.94	0	0	
G	1e664d4	0.94	3	3	
G	1e68be0	0.94	40	57	
G	1e68d98	0.94	1	1	
G	1e6917c	0.94	0	0	
G	1e692ac	0.94	0	0	
G	1e704d8	0.94	1	1	
G	1e76c9c	0.94	0	1	
G	1e76ce8	0.94	0	54	
G	1e76e50	0.94	0	56	
G	1e7e750	0.94	0	0	
G	1e7e798	0.94	0	0	
G	1e7eb84	0.94	0	0	
G	1e7ec7c	0.94	0	18	
G	1e7f704	0.94	0	0	
G	1e7f74c	0.94	0	0	
G	1e7fa10	0.94	0	0	
G	1e7fc94	0.94	0	0	
G	1e802c0	0.94	0	0	
G	1e8459c	0.94	0	0	
G	1e88d64	0.94	0	0	
G	1e8b7f4	0.94	0	0	
G	1e8bc84	0.94	0	0	
G	1e8bfbc	0.94	0	0	
G	1e8c1cc	0.94	1	2	
G	1e8c4e4	0.94	0	1	
G	1e8d450	0.94	295	295	
G	1e8d5a8	0.94	270	270	
G	1e8d700	0.94	271	271	
G	1e9e914	0.94	1	1	
G	1e9ef20	0.94	0	1	
G	1e9f178	0.94	0	0	
G	1e9f254	0.94	0	1	
G	1f06128	0.94	0	1	
G	1f0621c	0.94	0	0	
G	1f0625c	0.94	1	1	
G	1f08d2c	0.94	317	317	
G	1f08e80	0.94	0	0	
G	1f4f458	0.94	1	1	
G	1f4fae4	0.94	2	5	
G	1f502dc	0.94	0	0	
G	1f502ec	0.94	0	0	
G	1f533b8	0.94	1	1	
G	1f53e9c	0.94	0	0	
G	1f5528c	0.94	0	1	
G	1f57248	0.94	0	0	
G	1f572c4	0.94	0	0	
G	1f57338	0.94	19	19	
G	1f5735c	0.94	0	1	
G	1f70f1c	0.94	0	0	
G	20bf57c	0.94	1	1	
G	20c141c	0.94	19	25	
G	20c15ac	0.94	0	4	
G	20eabc8	0.94	0	0	
G	2100c1c	0.94	0	1	
G	2102998	0.94	0	0	
G	2106454	0.94	0	6	
G	2106690	0.94	0	12	
G	210d7d8	0.94	0	0	
G	210d9a4	0.94	2	14	
G	210e0b8	0.94	0	12	
G	2130370	0.94	0	0	
G	2143ef0	0.94	0	0	
G	2144048	0.94	0	0	
G	21454e4	0.94	1	5	
G	21bb3ac	0.94	1	1	
G	21bb804	0.94	1	13	
G	21bb920	0.94	1	1	
G	21be66c	0.94	1	5	
G	21fd384	0.94	0	0	
G	223372c	0.94	0	0	
G	2355b44	0.94	0	0	
G	1e7728c	0.95	0	9	
G	1f4fb34	0.95	1	5	
G	20bd258	0.95	170	171	
G	20bd7f8	0.95	1	1	
G	20bf3e0	0.95	0	0	
G	20bf498	0.95	0	0	
G	20bf4bc	0.95	0	0	
G	20f1d74	0.95	0	0	
G	2100e98	0.95	1	1	
G	2100fec	0.95	64	65	
G	21011d4	0.95	1	1	
G	21018cc	0.95	11	11	
G	2101e70	0.95	0	0	
G	21021d0	0.95	0	0	
G	2102a34	0.95	14	14	
G	2103048	0.95	104	332	
G	21032f8	0.95	60	390	
G	210665c	0.95	0	0	
G	2106840	0.95	184	184	
G	2106b5c	0.95	58	254	
G	2106cbc	0.95	1	14	
G	2106e8c	0.95	92	178	
G	2106fb0	0.95	60	139	
G	2107314	0.95	0	0	
G	210db7c	0.95	0	0	
G	210db88	0.95	0	0	
G	210dd90	0.95	208	208	
G	210e2ac	0.95	1	1	
G	210e2b8	0.95	36	48	
G	210e314	0.95	0	0	
G	2145790	0.95	3	10	
G	2146fc0	0.95	0	0	
G	2172ebc	0.95	0	11	
G	2173240	0.95	12	12	
G	2173254	0.95	21	21	
G	2173408	0.95	30	57	
G	217354c	0.95	0	0	
G	217355c	0.95	0	0	
G	21738a8	0.95	2	2	
G	217492c	0.95	0	0	
G	21bc268	0.95	1	1	
G	21be7e0	0.95	1	1	
G	21bf144	0.95	1	2	
G	21bf2d8	0.95	0	0	
G	21bf4e0	0.95	0	0	
G	21eaf20	0.95	70	70	
G	21ebc8c	0.95	6	16	
G	21ec4f4	0.95	28	28	
G	2355b84	0.95	4	4	
G	23664ec	0.95	0	0	
G	2366614	0.95	109	167	
G	2366994	0.95	0	0	
G	23669b4	0.95	51	58	
G	2366d58	0.95	0	0	
G	23670c0	0.95	0	0	
G	236cc74	0.95	0	0	
G	236cc78	0.95	0	1	
G	1141fe0	0.96	2	210	
G	1142bcc	0.96	0	0	
G	1142cd8	0.96	1	1	
G	1142df4	0.96	4	4	
G	1e6297c	0.96	0	0	
G	1e776cc	0.96	131	131	
G	1e77bc0	0.96	0	2	
G	1e77e74	0.96	0	0	
G	1e7e87c	0.96	0	0	
G	1e7ed04	0.96	0	0	
G	1e88b38	0.96	0	0	
G	1e952e4	0.96	0	0	
G	1e95444	0.96	0	0	
G	1e97050	0.96	0	0	
G	1e97268	0.96	0	0	
G	1e975dc	0.96	0	0	
G	1e97d4c	0.96	0	2	
G	1e98530	0.96	0	0	
G	1e98714	0.96	0	2	
G	1e9ac2c	0.96	0	0	
G	1e9ace4	0.96	238	238	
G	1e9ad18	0.96	221	279	
G	1e9e85c	0.96	0	0	
G	1ea05d8	0.96	0	0	
G	1ea2958	0.96	0	0	
G	1ea2c58	0.96	1	1	
G	1ea2dc4	0.96	0	0	
G	1ea4478	0.96	0	0	
G	1ece2b4	0.96	0	0	
G	1f08860	0.96	30	201	
G	1f08874	0.96	89	202	
G	1f17664	0.96	31	31	
G	1f4ec4c	0.96	9	411	
G	1f53634	0.96	44	75	
G	1f57668	0.96	29	679273	
G	20c1ccc	0.96	0	0	
G	20c1da0	0.96	0	0	
G	20c1da8	0.96	0	0	
G	20c2478	0.96	0	4	
G	20c2680	0.96	8	8	
G	20c2968	0.96	2	2	
G	20c29e0	0.96	15	79	
G	20c33e0	0.96	0	0	
G	210e28c	0.96	0	2	
G	210e34c	0.96	2	2	
G	210e368	0.96	0	0	
G	21304e8	0.96	0	0	
G	2132b20	0.96	0	2	
G	2132b64	0.96	0	0	
G	2132b74	0.96	0	0	
G	2146e34	0.96	0	0	
G	21b6f08	0.96	2	2	
G	21b6f1c	0.96	0	0	
G	21b6f30	0.96	1	3	
G	21bf028	0.96	1	1	
G	21bf428	0.96	0	0	
G	21d5df8	0.96	0	0	
G	21d5f50	0.96	0	0	
G	21d5f7c	0.96	1	1	
G	21d5fcc	0.96	0	1	
G	21d60c0	0.96	0	1	
G	21d667c	0.96	0	0	
G	21d66ec	0.96	0	1	
G	21d6728	0.96	0	1	
G	21d6778	0.96	0	0	
G	21e7450	0.96	0	0	
G	21e8ed4	0.96	1	1	
G	1142f10	0.97	0	0	
G	114302c	0.97	1	1	
G	1143148	0.97	1	1	
G	114aee0	0.97	0	0	
G	114aefc	0.97	0	0	
G	114b5e4	0.97	0	0	
G	114b5f8	0.97	0	0	
G	136c278	0.97	0	7	
G	136c448	0.97	1	7	
G	136c8a4	0.97	0	0	
G	149b5ec	0.97	2	2	
G	1e82cd0	0.97	0	0	
G	1e83b48	0.97	0	0	
G	1e83c10	0.97	0	0	
G	1e841e8	0.97	0	0	
G	1e8431c	0.97	0	0	
G	1e9b4d4	0.97	0	0	
G	1e9d6c0	0.97	0	0	
G	1e9d83c	0.97	1	1	
G	1e9d9f4	0.97	57	57	
G	1e9dab4	0.97	0	0	
G	1f279e0	0.97	0	0	
G	1f27de8	0.97	1	4	
G	1f2855c	0.97	2	18	
G	1f28850	0.97	3	8	
G	1f28b4c	0.97	4	4	
G	1f5563c	0.97	0	0	
G	1f55788	0.97	1	1	
G	1f85b2c	0.97	1	1	
G	1f85cd0	0.97	0	0	
G	1148a4c	0.98	12	282	
G	1149230	0.98	0	0	
G	11493fc	0.98	20	20	
G	11496f8	0.98	0	0	
G	11498cc	0.98	34	34	
G	1149bd0	0.98	0	0	
G	1149da4	0.98	19	19	
G	114a0a8	0.98	0	0	
G	114a0b8	0.98	32	828	
G	114a1ac	0.98	28	565	
G	114a27c	0.98	10	10	
G	114a580	0.98	0	0	
G	114a754	0.98	4	4	
G	114aa58	0.98	0	0	
G	114aa68	0.98	18	325	
G	114ab5c	0.98	10	85	
G	114ac2c	0.98	10	10	
G	13b4664	0.98	89	89	
G	13b4b18	0.98	0	0	
G	17d0034	0.98	0	1	
G	17d05e4	0.98	0	0	
G	17d0a78	0.98	0	0	
G	17e9548	0.98	0	0	
G	17f6de4	0.98	0	0	
G	17f71a4	0.98	1	10	
G	17fa010	0.98	0	0	
G	17fa024	0.98	0	0	
G	1e352c0	0.98	1	7	
G	1e629b8	0.98	0	0	
G	1e6d024	0.98	1	1	
G	1e6d1cc	0.98	0	0	
G	1e6d2d4	0.98	0	4	
G	1e6d32c	0.98	1	4	
G	1e6da5c	0.98	0	0	
G	1e6dbac	0.98	0	0	
G	1e6dd34	0.98	0	3	
G	1e8bccc	0.98	1	1	
G	1e8bd74	0.98	5249	5249	
G	1e8bedc	0.98	2821	2821	
G	1e9dac4	0.98	129	164	
G	1e9dc14	0.98	95	2920	
G	1f0bff0	0.98	1	1	
G	1f27c98	0.98	2	15	
G	1f280a8	0.98	0	0	
G	1f28328	0.98	0	13	
G	1f4eb88	0.98	0	0	
G	1f88b50	0.98	0	0	
G	1143444	0.99	0	0	
G	11435a0	0.99	0	0	
G	11435b4	0.99	0	0	
G	1149708	0.99	44	1104	
G	11497fc	0.99	20	642	
G	1149be0	0.99	25	793	
G	1149cd4	0.99	7	439	
G	114a590	0.99	0	13	
G	14fb168	0.99	17	22	
G	1503210	0.99	1	1	
G	1503adc	0.99	1	1	
G	1503e54	0.99	0	0	
G	150411c	0.99	0	0	
G	16eb2a0	0.99	1	1	
G	17fa0bc	0.99	1	2	
G	17fa2d4	0.99	1	1	
G	1e3451c	0.99	0	0	
G	1e6c648	0.99	0	0	
G	1e6c9e8	0.99	0	0	
G	1e6ef20	0.99	1	1	
G	1e859f8	0.99	0	0	
G	1e928f8	0.99	0	0	
G	1e9b518	0.99	0	0	
G	1e9dd48	0.99	0	0	
G	15042f0	1.00	0	0	
G	1504504	1.00	1	1	
G	150472c	1.00	0	0	
G	1504ad4	1.00	0	0	
G	1504ccc	1.00	0	0	
G	1505320	1.00	1	1	
G	150555c	1.01	1	1	
G	16eb5b4	1.01	4	97	
G	12a51b8	1.02	4	4	
G	154f854	1.02	0	0	
G	154fa98	1.02	3	3	
G	1592cf0	1.02	0	0	
G	16e8288	1.02	0	0	
G	16e83ec	1.02	0	0	
G	16e8400	1.02	0	0	
G	16f7f5c	1.02	0	0	
G	16f8454	1.02	0	0	
G	16f861c	1.02	0	0	
G	16f8f34	1.02	0	0	
G	16fb51c	1.02	0	1	
G	16fb55c	1.02	1	1	
G	16fe8c0	1.02	1	6	
G	171d7dc	1.02	0	0	
G	171e094	1.02	0	6	
G	171e42c	1.02	0	0	
G	11613f0	1.03	0	0	
G	1161438	1.03	0	82	
G	118a1dc	1.03	2	11	
G	118a4c4	1.03	0	0	
G	150d290	1.03	1	1	
G	15ab470	1.03	0	0	
G	15acb7c	1.03	9	33	
G	15b4838	1.03	0	0	
G	15b4894	1.03	0	0	
G	15b5874	1.03	0	0	
G	15b58c4	1.03	0	0	
G	15b6a10	1.03	0	0	
G	15b6a50	1.03	0	0	
G	15b8d98	1.03	0	0	
G	15b8de8	1.03	0	0	
G	15b9f3c	1.03	0	0	
G	15b9f84	1.03	0	0	
G	15bb268	1.03	0	0	
G	15bb2b0	1.03	0	0	
G	15bc404	1.03	0	0	
G	15bc444	1.03	0	0	
G	15be080	1.03	0	0	
G	15be0c0	1.03	0	0	
G	15bfd74	1.03	1	1	
G	15bfdc0	1.03	0	0	
G	15c0df8	1.03	0	0	
G	15c0e38	1.03	0	0	
G	15c1dd4	1.03	0	0	
G	15c1e14	1.03	0	0	
G	15c2db0	1.03	0	0	
G	15c2df0	1.03	0	0	
G	15c3d8c	1.03	0	0	
G	15c3dcc	1.03	0	0	
G	15c4e68	1.03	0	0	
G	15c4ea8	1.03	0	0	
G	15c5e44	1.03	0	0	
G	15c5e84	1.03	0	0	
G	15c7164	1.03	0	0	
G	15c71a4	1.03	0	0	
G	15c8484	1.03	0	0	
G	15c84c4	1.03	0	0	
G	15ca0e8	1.03	0	0	
G	15ca128	1.03	0	0	
G	15cb0c4	1.03	0	0	
G	15cb104	1.03	0	0	
G	15cc684	1.03	1	1	
G	15cc6c4	1.03	0	0	
G	15cdca0	1.03	0	0	
G	15cdce0	1.03	0	0	
G	15cf834	1.03	0	0	
G	15cf874	1.03	0	0	
G	15d110c	1.03	0	0	
G	15d114c	1.03	0	0	
G	15d2b08	1.03	0	0	
G	15d2b48	1.03	0	0	
G	15d4538	1.03	0	0	
G	15d4578	1.03	0	0	
G	15d5530	1.03	0	0	
G	15d5570	1.03	0	0	
G	15d6bc8	1.03	0	1	
G	15d6c08	1.03	0	0	
G	15d7ba4	1.03	0	0	
G	15d7be4	1.03	0	0	
G	15d9540	1.03	0	0	
G	15d9580	1.03	0	0	
G	15db370	1.03	0	1	
G	15db3b0	1.03	1	1	
G	15dc34c	1.03	0	0	
G	15dc38c	1.03	0	0	
G	16e87a0	1.03	0	0	
G	16e9cb4	1.03	0	0	
G	16eba30	1.03	0	2	
G	16fef48	1.03	0	0	
G	16fef4c	1.03	0	2	
G	16ff16c	1.03	1	1	
G	15de428	1.04	0	0	
G	15de468	1.04	0	0	
G	15e03d0	1.04	1	1	
G	15e0410	1.04	0	0	
G	15e5014	1.04	0	0	
G	15e5054	1.04	0	0	
G	15e7ccc	1.04	0	0	
G	15e7d0c	1.04	0	0	
G	15e9954	1.04	0	0	
G	15e9994	1.04	0	0	
G	15ebf4c	1.04	1	1	
G	15ebf8c	1.04	0	0	
G	15ee26c	1.04	0	0	
G	15ee2ac	1.04	0	0	
G	15efb80	1.04	0	0	
G	15efbc0	1.04	0	0	
G	15f1160	1.04	0	0	
G	15f11a0	1.04	0	0	
G	15f223c	1.04	0	0	
G	15f227c	1.04	0	0	
G	15f3890	1.04	0	0	
G	15f38e0	1.04	0	0	
G	15f4bf4	1.04	1	1	
G	15f4c34	1.04	0	0	
G	15f6de0	1.04	0	0	
G	15f6e20	1.04	0	0	
G	15f7e84	1.04	0	0	
G	15f7ecc	1.04	0	0	
G	15f9494	1.04	0	0	
G	15f94d4	1.04	0	0	
G	15fa570	1.04	0	0	
G	15fa5b0	1.04	0	0	
G	15fb44c	1.04	0	1	
G	15fb48c	1.04	1	1	
G	15fcdcc	1.04	0	0	
G	15fce0c	1.04	0	0	
G	15fdef8	1.04	0	0	
G	15fdf38	1.04	0	0	
G	15fedd4	1.04	0	0	
G	15fee14	1.04	0	0	
G	16006c0	1.04	0	0	
G	1600700	1.04	0	0	
G	1601e54	1.04	0	0	
G	1601e94	1.04	0	0	
G	16036b4	1.04	1	1	
G	16036f4	1.04	0	0	
G	1604774	1.04	0	0	
G	16047b4	1.04	0	0	
G	1605750	1.04	0	0	
G	1605790	1.04	0	0	
G	1606c0c	1.04	0	0	
G	1606c4c	1.04	0	0	
G	1607ce8	1.04	0	0	
G	1607d28	1.04	0	0	
G	1609738	1.04	0	0	
G	1609778	1.04	0	0	
G	160b160	1.04	0	0	
G	160b1a0	1.04	0	0	
G	160cbb4	1.04	0	0	
G	160cbf4	1.04	0	0	
G	160df24	1.04	0	0	
G	160df64	1.04	0	0	
G	160ef68	1.04	0	0	
G	160efa8	1.04	0	0	
G	16106f8	1.04	0	0	
G	1610738	1.04	0	0	
G	1613564	1.04	0	0	
G	16135a4	1.04	0	0	
G	1614cfc	1.04	0	0	
G	1614d3c	1.04	0	0	
G	16166f8	1.04	0	0	
G	1616738	1.04	0	0	
G	1617c90	1.04	0	0	
G	1617cd0	1.04	0	0	
G	16196a0	1.04	0	0	
G	16196e0	1.04	0	0	
G	161b410	1.04	1	1	
G	161b450	1.04	0	0	
G	161c2ec	1.04	0	0	
G	161ca00	1.04	0	0	
G	161e214	1.04	0	0	
G	161e254	1.04	0	0	
G	161fdf8	1.04	0	0	
G	161fe38	1.04	0	0	
G	16216ec	1.04	0	0	
G	1621738	1.04	0	0	
G	1622fac	1.04	1	1	
G	1622fec	1.04	0	0	
G	1624e98	1.04	0	0	
G	1624ed8	1.04	0	0	
G	16266a8	1.04	0	0	
G	16266e8	1.04	0	0	
G	16280b8	1.04	0	0	
G	16280f8	1.04	0	0	
G	1629844	1.04	0	0	
G	1629884	1.04	0	0	
G	162aef8	1.04	0	0	
G	162b60c	1.04	1	1	
G	162bd20	1.04	0	0	
G	162bd60	1.04	0	0	
G	162d4a8	1.04	0	0	
G	162d4e8	1.04	0	0	
G	162ed0c	1.04	0	0	
G	162ed4c	1.04	0	0	
G	163069c	1.05	0	0	
G	16306dc	1.05	0	0	
G	16320e0	1.05	0	0	
G	1632120	1.05	0	0	
G	1633d54	1.05	0	0	
G	1633d94	1.05	0	0	
G	1635808	1.05	0	0	
G	1635848	1.05	0	0	
G	1636ec8	1.05	0	0	
G	1636f08	1.05	0	0	
G	1638a28	1.05	0	0	
G	1638a68	1.05	0	0	
G	1639a6c	1.05	0	0	
G	1639aac	1.05	0	0	
G	163ba0c	1.05	1	1	
G	163ba4c	1.05	0	0	
G	163c3d8	1.05	0	0	
G	163c418	1.05	0	0	
G	163d498	1.05	0	0	
G	163d4d8	1.05	0	0	
G	163fa24	1.05	0	0	
G	163fa64	1.05	0	0	
G	16413d8	1.05	0	0	
G	1641418	1.05	0	0	
G	16426f8	1.05	0	0	
G	1642738	1.05	0	0	
G	1643ae0	1.05	0	0	
G	1643b30	1.05	0	0	
G	1644d84	1.05	0	0	
G	1644dc4	1.05	0	0	
G	16467e0	1.05	0	0	
G	1646820	1.05	0	0	
G	1647824	1.05	0	0	
G	1647864	1.05	0	0	
G	1648700	1.05	0	0	
G	1648740	1.05	0	0	
G	164a0e0	1.05	0	0	
G	164a120	1.05	0	0	
G	164b8fc	1.05	0	0	
G	164b93c	1.05	0	0	
G	164d0b4	1.05	0	0	
G	164d0f4	1.05	0	0	
G	164e934	1.05	0	0	
G	164e974	1.05	0	0	
G	16502ac	1.05	0	0	
G	16502ec	1.05	0	0	
G	1651388	1.05	1	1	
G	16513c8	1.05	0	0	
G	1652cac	1.05	0	0	
G	1652cec	1.05	0	0	
G	1654574	1.05	0	0	
G	16545b4	1.05	0	0	
G	16560a0	1.05	0	0	
G	16560e0	1.05	0	0	
G	1656e28	1.05	0	0	
G	1656e68	1.05	0	0	
G	165875c	1.05	1	1	
G	165879c	1.05	0	0	
G	165a190	1.05	0	0	
G	165a1d0	1.05	0	0	
G	165b9d8	1.05	0	0	
G	165c1ec	1.05	0	0	
G	165c900	1.05	0	0	
G	165c940	1.05	0	0	
G	165e344	1.05	0	1	
G	165e384	1.05	1	1	
G	165f388	1.05	0	0	
G	165f3c8	1.05	0	0	
G	1660a58	1.05	0	0	
G	1660a98	1.05	0	0	
G	1662658	1.05	0	1	
G	1662698	1.05	1	1	
G	1663f88	1.05	0	0	
G	1663fc8	1.05	0	0	
G	1666054	1.05	0	0	
G	1666094	1.05	0	0	
G	1667d10	1.05	0	0	
G	1667d50	1.05	0	0	
G	1669778	1.05	0	0	
G	16697b8	1.05	0	0	
G	166b4b8	1.05	0	0	
G	166b4f8	1.05	0	0	
G	166c4fc	1.05	1	1	
G	166c53c	1.05	0	0	
G	166dde8	1.05	0	0	
G	166de28	1.05	0	0	
G	166f7c4	1.05	0	0	
G	166f804	1.05	0	0	
G	1670ae8	1.05	0	0	
G	1670b28	1.05	0	0	
G	1671f6c	1.05	0	0	
G	1671fac	1.05	0	0	
G	1673148	1.05	0	0	
G	1673188	1.05	0	0	
G	1674b74	1.05	0	0	
G	1674bb4	1.05	0	0	
G	1676724	1.05	0	0	
G	1676764	1.05	0	0	
G	167804c	1.05	0	0	
G	167808c	1.05	0	0	
G	1679498	1.05	0	0	
G	16794d8	1.05	0	0	
G	1157808	1.06	5	211	
G	1160314	1.06	1	69	
G	116045c	1.06	8	8	
G	117b400	1.06	0	0	
G	117b61c	1.06	0	0	
G	117b6dc	1.06	0	0	
G	117b8f8	1.06	0	0	
G	117bb10	1.06	0	0	
G	117bbd0	1.06	0	0	
G	117bc90	1.06	0	0	
G	117bd50	1.06	0	0	
G	117be10	1.06	0	0	
G	117bed0	1.06	0	0	
G	117c0e8	1.06	1	1	
G	117c300	1.06	0	0	
G	1180bc4	1.06	0	0	
G	1180c84	1.06	0	0	
G	1189c44	1.06	0	0	
G	1189d08	1.06	0	0	
G	118edb8	1.06	0	0	
G	118f0c4	1.06	0	0	
G	11c927c	1.06	0	0	
G	11cb30c	1.06	0	2	
G	12b5320	1.06	0	1	
G	150d84c	1.06	10	53	
G	1514b8c	1.06	3	6	
G	1516438	1.06	0	0	
G	167a474	1.06	0	0	
G	167a4b4	1.06	0	0	
G	167b5b8	1.06	1	1	
G	167b5f8	1.06	0	0	
G	167d3f0	1.06	0	0	
G	167d430	1.06	0	0	
G	167e434	1.06	0	0	
G	167e474	1.06	0	0	
G	167f814	1.06	0	0	
G	167f854	1.06	0	0	
G	1681448	1.06	0	0	
G	1681488	1.06	0	0	
G	1682524	1.06	0	0	
G	1682564	1.06	0	0	
G	1683844	1.06	1	1	
G	1683884	1.06	0	0	
G	16855e0	1.06	0	0	
G	168562c	1.06	0	0	
G	168690c	1.06	0	0	
G	168694c	1.06	0	0	
G	168955c	1.06	0	0	
G	168959c	1.06	0	0	
G	168ac88	1.06	0	0	
G	168acc8	1.06	0	0	
G	168c6dc	1.06	0	0	
G	168c71c	1.06	0	0	
G	168d7bc	1.06	0	0	
G	168d7fc	1.06	0	0	
G	168e700	1.06	0	0	
G	168e740	1.06	0	0	
G	1690784	1.06	0	0	
G	16907c4	1.06	0	0	
G	1692010	1.06	0	0	
G	1692050	1.06	0	0	
G	1693858	1.06	0	0	
G	1693898	1.06	0	0	
G	1695130	1.06	1	1	
G	1695170	1.06	0	0	
G	16977b4	1.06	0	0	
G	16977f4	1.06	0	0	
G	1699244	1.06	0	0	
G	1699284	1.06	0	0	
G	169a8f0	1.06	0	0	
G	169a930	1.06	0	0	
G	169c468	1.06	0	0	
G	169c4a8	1.06	0	0	
G	169ddec	1.06	0	0	
G	169de2c	1.06	0	0	
G	169f600	1.06	1	1	
G	169f640	1.06	0	0	
G	16a102c	1.06	0	0	
G	16a106c	1.06	0	0	
G	16a25cc	1.06	0	0	
G	16a260c	1.06	0	0	
G	16a37ec	1.06	0	0	
G	16a382c	1.06	0	0	
G	16a4b0c	1.06	0	0	
G	16a4b4c	1.06	0	0	
G	16a6388	1.06	1	1	
G	16a63c8	1.06	0	0	
G	16a7840	1.06	0	0	
G	16a7880	1.06	0	0	
G	16a9020	1.06	0	0	
G	16a9060	1.06	0	0	
G	16aa83c	1.06	0	0	
G	16aa87c	1.06	0	0	
G	16ac3b4	1.06	0	0	
G	16ac3f4	1.06	0	0	
G	16ae008	1.06	0	0	
G	1e85dac	1.06	108	108	
G	1157588	1.07	0	0	
G	1157654	1.07	0	0	
G	11579b0	1.07	0	0	
G	1157bcc	1.07	0	0	
G	1157de8	1.07	0	0	
G	1158004	1.07	0	0	
G	1158220	1.07	0	0	
G	115843c	1.07	0	0	
G	1158658	1.07	0	0	
G	1158718	1.07	0	0	
G	1158934	1.07	0	0	
G	11589f4	1.07	0	0	
G	1158c10	1.07	0	0	
G	1158cd0	1.07	0	0	
G	1158eec	1.07	0	0	
G	1159108	1.07	0	0	
G	1159324	1.07	0	0	
G	11593e4	1.07	1	1	
G	1159bdc	1.07	1	1	
G	1159c9c	1.07	0	0	
G	1159d5c	1.07	0	0	
G	115fe10	1.07	0	0	
G	116aa80	1.07	0	0	
G	116ab40	1.07	0	0	
G	116ad5c	1.07	0	0	
G	116ae1c	1.07	0	0	
G	116aedc	1.07	0	0	
G	116af9c	1.07	0	0	
G	116d474	1.07	0	0	
G	116d534	1.07	0	0	
G	116d750	1.07	0	0	
G	116d810	1.07	0	0	
G	116d8d0	1.07	0	0	
G	1180ea0	1.07	0	0	
G	1180f60	1.07	0	0	
G	118117c	1.07	0	0	
G	1181398	1.07	0	0	
G	1189e70	1.07	0	0	
G	1189f30	1.07	0	0	
G	119a528	1.07	0	0	
G	119a744	1.07	0	0	
G	11a7f30	1.07	0	0	
G	11f80b4	1.07	0	0	
G	11f81c8	1.07	0	0	
G	11f8284	1.07	0	0	
G	11f8348	1.07	0	0	
G	11f8408	1.07	0	0	
G	11f8708	1.07	0	0	
G	11f87c8	1.07	0	0	
G	1200bb0	1.07	0	0	
G	1200e1c	1.07	0	0	
G	12b2930	1.07	0	0	
G	12b7bc0	1.07	0	0	
G	12b7c30	1.07	0	0	
G	12dc324	1.07	0	0	
G	12dc3e4	1.07	0	0	
G	12dc600	1.07	0	0	
G	13bd320	1.07	0	0	
G	13ef858	1.07	0	0	
G	13ef864	1.07	1	1	
G	13efb70	1.07	0	0	
G	13f02bc	1.07	0	0	
G	13f02c0	1.07	0	0	
G	13f1c7c	1.07	0	0	
G	13ffb18	1.07	0	1	
G	13ffde0	1.07	0	0	
G	1403eec	1.07	0	0	
G	14040e8	1.07	0	0	
G	1404758	1.07	0	0	
G	140475c	1.07	0	0	
G	15167d0	1.07	0	0	
G	15167d4	1.07	0	0	
G	1517408	1.07	0	0	
G	151740c	1.07	0	0	
G	151d5e4	1.07	1	1	
G	151d5e8	1.07	0	0	
G	151daa8	1.07	0	0	
G	151dd50	1.07	0	0	
G	151deac	1.07	1	1	
G	151dfa8	1.07	0	0	
G	151e3c0	1.07	0	0	
G	151e3c4	1.07	0	0	
G	151ebcc	1.07	0	0	
G	151ebd0	1.07	0	0	
G	151f3b4	1.07	0	0	
G	1520148	1.07	0	0	
G	152014c	1.07	0	0	
G	1521394	1.07	0	0	
G	1521444	1.07	0	0	
G	1521450	1.07	0	0	
G	152145c	1.07	0	0	
G	1521468	1.07	0	0	
G	1521518	1.07	0	0	
G	1521524	1.07	0	0	
G	1521530	1.07	0	0	
G	152153c	1.07	0	0	
G	1521638	1.07	0	0	
G	1521a7c	1.07	0	0	
G	1521a80	1.07	0	0	
G	15224cc	1.07	0	0	
G	15224d0	1.07	0	0	
G	1523864	1.07	0	0	
G	1523868	1.07	0	0	
G	1524e3c	1.07	0	0	
G	1524e40	1.07	0	0	
G	1526100	1.07	0	0	
G	15263ac	1.07	1	1	
G	1526420	1.07	0	0	
G	15265f0	1.07	0	0	
G	15265f4	1.07	0	0	
G	1526818	1.07	1	1	
G	1526a94	1.07	0	0	
G	1526ccc	1.07	0	0	
G	1526cd0	1.07	0	0	
G	1526f1c	1.07	0	0	
G	1526f28	1.07	0	0	
G	1527090	1.07	0	0	
G	152709c	1.07	0	0	
G	15270a8	1.07	0	0	
G	152728c	1.07	0	0	
G	1527420	1.07	0	0	
G	1527424	1.07	0	0	
G	152796c	1.07	0	0	
G	1527970	1.07	0	0	
G	1527f10	1.07	0	0	
G	1527f14	1.07	0	0	
G	152864c	1.07	0	0	
G	1528650	1.07	0	0	
G	1528a3c	1.07	1	1	
G	1529028	1.07	0	0	
G	1529200	1.07	0	0	
G	1529204	1.07	0	0	
G	15299a4	1.07	0	0	
G	15299a8	1.07	0	0	
G	1529f04	1.07	0	0	
G	1529f10	1.07	0	0	
G	152a138	1.07	0	0	
G	152a13c	1.07	0	0	
G	152aab4	1.07	0	0	
G	152aab8	1.07	0	0	
G	152b244	1.07	0	0	
G	152b248	1.07	0	0	
G	152bcd4	1.07	0	0	
G	152bcd8	1.07	0	0	
G	152c8bc	1.07	0	0	
G	152c8c0	1.07	0	0	
G	152cc3c	1.07	0	0	
G	152cc48	1.07	0	0	
G	152cc54	1.07	0	0	
G	152d0b0	1.07	0	0	
G	152d0b4	1.07	0	0	
G	152d514	1.07	0	0	
G	152d5b4	1.07	0	0	
G	1537a70	1.07	0	0	
G	1537ca8	1.07	0	0	
G	1537d54	1.07	0	1	
G	1537e50	1.07	0	0	
G	1538088	1.07	0	0	
G	153808c	1.07	0	0	
G	1552904	1.07	0	0	
G	155db48	1.07	0	0	
G	156dc48	1.07	0	0	
G	156dc4c	1.07	0	0	
G	1169898	1.08	0	0	
G	1169958	1.08	0	0	
G	1169b74	1.08	0	0	
G	1169c34	1.08	0	0	
G	1169e50	1.08	0	0	
G	1169f10	1.08	0	0	
G	116a12c	1.08	0	0	
G	116a1ec	1.08	0	0	
G	116a408	1.08	0	0	
G	116a4c8	1.08	0	0	
G	116a6e4	1.08	0	0	
G	116a7a4	1.08	0	0	
G	116a864	1.08	0	0	
G	116b05c	1.08	0	0	
G	116b11c	1.08	0	0	
G	116b1dc	1.08	0	0	
G	116b29c	1.08	0	0	
G	116b35c	1.08	0	0	
G	116b41c	1.08	0	0	
G	116b4dc	1.08	0	0	
G	116b7b8	1.08	0	0	
G	117b068	1.08	0	0	
G	117b128	1.08	0	0	
G	117b340	1.08	0	0	
G	11a7698	1.08	0	0	
G	11a7758	1.08	0	0	
G	11a7974	1.08	0	0	
G	11a7ff4	1.08	0	0	
G	11a80b4	1.08	0	0	
G	11a8178	1.08	0	0	
G	11c7200	1.08	0	0	
G	11c72c0	1.08	0	0	
G	11c916c	1.08	0	0	
G	11f84c8	1.08	0	0	
G	11f8588	1.08	0	0	
G	11f8648	1.08	0	0	
G	11f8888	1.08	0	0	
G	11f8948	1.08	0	0	
G	12dca6c	1.08	0	0	
G	13be1a4	1.08	0	0	
G	13f1c08	1.08	0	0	
G	1517ba4	1.08	0	0	
G	1517ba8	1.08	0	0	
G	1518678	1.08	0	0	
G	151867c	1.08	0	0	
G	1519368	1.08	0	0	
G	151936c	1.08	0	0	
G	1519ac4	1.08	0	0	
G	1519ac8	1.08	0	0	
G	151b86c	1.08	0	0	
G	151b870	1.08	0	0	
G	151b87c	1.08	0	0	
G	151b9a0	1.08	0	0	
G	151bb94	1.08	0	0	
G	151bb98	1.08	0	0	
G	151c77c	1.08	1	1	
G	151d0fc	1.08	0	0	
G	15382d8	1.08	0	0	
G	15382e4	1.08	1	1	
G	1538600	1.08	0	0	
G	1538a30	1.08	0	0	
G	1538a34	1.08	0	0	
G	1538db8	1.08	0	0	
G	1539198	1.08	0	0	
G	153919c	1.08	0	0	
G	15399f0	1.08	0	0	
G	15399f4	1.08	0	0	
G	153a858	1.08	0	0	
G	153a85c	1.08	0	0	
G	153ae1c	1.08	0	0	
G	153ae20	1.08	0	0	
G	153b020	1.08	0	0	
G	153b0d0	1.08	0	0	
G	153b488	1.08	0	0	
G	153b48c	1.08	0	0	
G	153ba20	1.08	0	0	
G	153ba24	1.08	0	0	
G	153bde4	1.08	0	0	
G	153be94	1.08	0	0	
G	153c24c	1.08	0	0	
G	153c250	1.08	0	0	
G	153c7e4	1.08	0	0	
G	153c7e8	1.08	0	0	
G	153d038	1.08	0	0	
G	153d03c	1.08	0	0	
G	153d730	1.08	0	0	
G	153d734	1.08	0	0	
G	153dee8	1.08	0	0	
G	153e0b0	1.08	0	0	
G	153e0b4	1.08	0	0	
G	153f48c	1.08	1	1	
G	153fe10	1.08	0	0	
G	153ff94	1.08	0	0	
G	153ff98	1.08	0	0	
G	1540e50	1.08	0	0	
G	1540e54	1.08	0	0	
G	1542704	1.08	0	0	
G	1542708	1.08	0	0	
G	154434c	1.08	0	0	
G	1544350	1.08	0	0	
G	1546064	1.08	1	1	
G	154659c	1.08	0	0	
G	15465a8	1.08	2	2	
G	15473c8	1.08	0	0	
G	1548b28	1.08	1	1	
G	1548c60	1.08	0	0	
G	1548c6c	1.08	0	0	
G	1548f10	1.08	0	0	
G	1548f1c	1.08	0	0	
G	1548f28	1.08	1	1	
G	1549510	1.08	0	0	
G	15497e8	1.08	0	0	
G	15497ec	1.08	0	0	
G	1549c38	1.08	0	0	
G	156ce8c	1.08	0	0	
G	156ce90	1.08	0	0	
G	116df68	1.09	0	0	
G	116e028	1.09	0	0	
G	116e244	1.09	0	0	
G	116e460	1.09	0	0	
G	116e520	1.09	0	0	
G	116e5e0	1.09	0	0	
G	116e6a0	1.09	0	0	
G	116e760	1.09	0	0	
G	116e820	1.09	0	0	
G	11a7b90	1.09	0	0	
G	11a7c54	1.09	0	0	
G	13f2d18	1.09	0	0	
G	13f3194	1.09	0	0	
G	13f335c	1.09	0	0	
G	13f3360	1.09	0	0	
G	14035a8	1.09	0	0	
G	14038b8	1.09	0	0	
G	14fa5f4	1.09	0	0	
G	14fa600	1.09	0	0	
G	14fab64	1.09	0	0	
G	1541d38	1.09	0	0	
G	1541d3c	1.09	0	0	
G	15499ec	1.09	0	0	
G	1549c44	1.09	1	1	
G	1549e8c	1.09	0	0	
G	154a1b8	1.09	0	0	
G	154a1bc	1.09	0	0	
G	154b2d0	1.09	0	0	
G	154b2d4	1.09	0	0	
G	154be58	1.09	0	0	
G	154be5c	1.09	0	0	
G	154c718	1.09	0	0	
G	154c71c	1.09	0	0	
G	154cfb4	1.09	0	0	
G	154cfb8	1.09	0	0	
G	154e324	1.09	0	0	
G	154e328	1.09	0	0	
G	1550870	1.09	0	0	
G	1550874	1.09	0	0	
G	1550ca0	1.09	0	0	
G	1550ca4	1.09	0	0	
G	1550ea4	1.09	1	1	
G	15512bc	1.09	0	0	
G	15512c0	1.09	0	0	
G	1551c0c	1.09	0	0	
G	1551c18	1.09	0	0	
G	1551ca4	1.09	0	0	
G	1551d18	1.09	0	0	
G	155221c	1.09	0	0	
G	1552d40	1.09	0	0	
G	1552d44	1.09	0	0	
G	1552f44	1.09	0	0	
G	1552f50	1.09	0	0	
G	1552f5c	1.09	0	0	
G	15530e0	1.09	0	0	
G	15530e4	1.09	0	0	
G	15552c4	1.09	0	0	
G	15552c8	1.09	0	0	
G	1555768	1.09	0	0	
G	155593c	1.09	0	0	
G	1555940	1.09	0	0	
G	15562f4	1.09	0	0	
G	15562f8	1.09	0	0	
G	1556850	1.09	1	1	
G	1556d1c	1.09	0	0	
G	1557260	1.09	0	0	
G	1557264	1.09	0	0	
G	15577d4	1.09	0	0	
G	15577e0	1.09	0	0	
G	15577ec	1.09	0	0	
G	1557a08	1.09	0	0	
G	1557bc0	1.09	0	0	
G	1557cdc	1.09	0	0	
G	1557ea4	1.09	0	0	
G	1557ea8	1.09	0	0	
G	155a2cc	1.09	0	0	
G	155a360	1.09	0	0	
G	155a36c	1.09	0	0	
G	155a5a4	1.09	0	0	
G	155a5a8	1.09	0	0	
G	155abb4	1.09	0	0	
G	155abb8	1.09	0	0	
G	155b6fc	1.09	0	0	
G	155b700	1.09	0	0	
G	155c48c	1.09	0	0	
G	155c490	1.09	0	0	
G	155ccb4	1.09	1	1	
G	155ccb8	1.09	0	0	
G	155d0e4	1.09	0	0	
G	155d0e8	1.09	0	0	
G	155d514	1.09	0	0	
G	155d518	1.09	0	0	
G	155d944	1.09	0	0	
G	155d948	1.09	0	0	
G	155dd80	1.09	0	0	
G	155dd84	1.09	0	0	
G	155e1b0	1.09	0	0	
G	155e1b4	1.09	0	0	
G	155e730	1.09	0	0	
G	155e734	1.09	0	0	
G	155ef7c	1.09	0	0	
G	155f654	1.09	0	0	
G	155f658	1.09	0	0	
G	156069c	1.09	0	0	
G	15606a0	1.09	0	0	
G	1560aec	1.09	0	0	
G	1560d54	1.09	0	0	
G	1560d58	1.09	0	0	
G	1561290	1.09	0	0	
G	1561294	1.09	0	0	
G	1562328	1.09	0	0	
G	1562874	1.09	0	0	
G	1562878	1.09	0	0	
G	1563458	1.09	0	0	
G	156345c	1.09	0	0	
G	15636a8	1.09	0	0	
G	1563994	1.09	0	0	
G	1563cbc	1.09	0	0	
G	1563cc0	1.09	0	0	
G	1563e44	1.09	0	0	
G	1563e48	1.09	0	0	
G	1563e54	1.09	2	2	
G	1565ef0	1.09	0	0	
G	15665a0	1.09	0	0	
G	15665a4	1.09	0	0	
G	1566dd4	1.09	1	1	
G	1566ef8	1.09	0	0	
G	1566f6c	1.09	0	0	
G	1567184	1.09	0	0	
G	1589808	1.09	0	0	
G	158980c	1.09	0	0	
G	158a6c0	1.09	0	0	
G	158a7e8	1.09	0	0	
G	158a7f4	1.09	0	0	
G	158a854	1.09	1	1	
G	158ad04	1.09	0	0	
G	158ad08	1.09	0	0	
G	1159600	1.10	0	0	
G	115981c	1.10	0	0	
G	11598dc	1.10	0	0	
G	115999c	1.10	0	0	
G	1159b1c	1.10	0	0	
G	1159e1c	1.10	0	0	
G	1159edc	1.10	0	0	
G	115af1c	1.10	0	0	
G	115b138	1.10	0	0	
G	115b354	1.10	0	0	
G	115b570	1.10	0	0	
G	116b59c	1.10	0	0	
G	116b878	1.10	0	0	
G	116b938	1.10	0	0	
G	116bb54	1.10	0	0	
G	116bc14	1.10	0	0	
G	116bef0	1.10	0	0	
G	116c10c	1.10	0	0	
G	116c1cc	1.10	0	0	
G	116c3e8	1.10	0	0	
G	11a7e70	1.10	1	1	
G	13bd3d0	1.10	0	0	
G	13bd584	1.10	1	1	
G	13bd808	1.10	0	0	
G	13f3a34	1.10	1	1	
G	13f3de4	1.10	0	0	
G	13f4110	1.10	0	0	
G	13f4114	1.10	0	0	
G	13ff0ec	1.10	0	0	
G	13ff288	1.10	0	0	
G	1405a90	1.10	0	1	
G	1405c24	1.10	0	0	
G	152d5c0	1.10	1	1	
G	152da64	1.10	0	0	
G	152dac4	1.10	0	0	
G	152dedc	1.10	0	0	
G	152dee0	1.10	0	0	
G	152e864	1.10	0	0	
G	152e868	1.10	0	0	
G	152f388	1.10	0	0	
G	152f38c	1.10	0	0	
G	152f844	1.10	0	0	
G	152fde4	1.10	0	0	
G	152fde8	1.10	0	0	
G	153047c	1.10	0	0	
G	1530480	1.10	0	0	
G	1530fc0	1.10	0	0	
G	1530fc4	1.10	0	0	
G	15315c4	1.10	0	0	
G	15315c8	1.10	0	0	
G	1531dfc	1.10	0	0	
G	1531e00	1.10	0	0	
G	153410c	1.10	0	0	
G	1534110	1.10	0	0	
G	1534bc8	1.10	0	0	
G	1534bcc	1.10	0	0	
G	1535664	1.10	1	1	
G	1535a6c	1.10	0	0	
G	1535b10	1.10	1	1	
G	1536024	1.10	0	0	
G	1536288	1.10	0	0	
G	153628c	1.10	0	0	
G	1536968	1.10	0	0	
G	1536ef4	1.10	0	0	
G	1537524	1.10	0	0	
G	1537528	1.10	0	0	
G	1567798	1.10	0	0	
G	156779c	1.10	0	0	
G	1567d24	1.10	0	0	
G	1567d30	1.10	0	0	
G	1567f84	1.10	0	0	
G	1567f90	1.10	0	1	
G	1568070	1.10	0	0	
G	15682a8	1.10	1	1	
G	15682ac	1.10	0	0	
G	15687f4	1.10	0	0	
G	15687f8	1.10	0	0	
G	1569240	1.10	0	0	
G	156b198	1.10	0	0	
G	156b19c	1.10	0	0	
G	156b8d4	1.10	0	0	
G	156b8d8	1.10	0	0	
G	156bad8	1.10	0	0	
G	156be04	1.10	0	0	
G	156be08	1.10	0	0	
G	156be14	1.10	0	0	
G	156c044	1.10	0	0	
G	156c048	1.10	0	0	
G	156c3f4	1.10	0	0	
G	156c62c	1.10	0	0	
G	156c630	1.10	0	0	
G	156ca5c	1.10	0	0	
G	156ca60	1.10	0	0	
G	156d5c4	1.10	0	0	
G	156d5c8	1.10	0	0	
G	156da10	1.10	0	0	
G	156de98	1.10	0	0	
G	156dea4	1.10	0	0	
G	156e0dc	1.10	0	0	
G	156e0e0	1.10	0	0	
G	156e348	1.10	0	0	
G	156e40c	1.10	0	0	
G	156e4cc	1.10	0	0	
G	156e524	1.10	0	0	
G	156e598	1.10	0	0	
G	156e658	1.10	0	0	
G	156e8dc	1.10	0	0	
G	156e8e0	1.10	0	0	
G	156f1b0	1.10	0	0	
G	156f1b4	1.10	0	0	
G	15700f0	1.10	0	0	
G	15700f4	1.10	0	0	
G	1570788	1.10	0	0	
G	157078c	1.10	0	0	
G	1570798	1.10	0	0	
G	1570c38	1.10	0	0	
G	1570cac	1.10	0	0	
G	1570d6c	1.10	0	0	
G	1571014	1.10	0	0	
G	1571018	1.10	0	0	
G	1572274	1.10	0	0	
G	1572278	1.10	0	0	
G	1572d14	1.10	0	0	
G	1572d18	1.10	0	0	
G	1573190	1.10	0	0	
G	15732b0	1.10	1	1	
G	1573664	1.10	0	0	
G	1573668	1.10	0	0	
G	1573a64	1.10	0	0	
G	1573a68	1.10	0	0	
G	157468c	1.10	0	0	
G	1574690	1.10	0	0	
G	15753a4	1.10	1	1	
G	15753a8	1.10	0	0	
G	1576bc8	1.10	0	0	
G	1576d70	1.10	0	0	
G	1577128	1.10	0	0	
G	157712c	1.10	0	0	
G	15779f4	1.10	0	0	
G	15779f8	1.10	0	0	
G	15782ec	1.10	0	0	
G	15782f0	1.10	0	0	
G	1578c50	1.10	0	0	
G	1578c54	1.10	0	0	
G	115be28	1.11	0	0	
G	115c044	1.11	0	0	
G	11687e8	1.11	0	0	
G	116e8e0	1.11	0	0	
G	116e9a0	1.11	0	0	
G	116ea60	1.11	0	0	
G	11c6e40	1.11	0	0	
G	11c6f00	1.11	0	0	
G	11c6fc0	1.11	0	0	
G	11c7a40	1.11	0	0	
G	11c7b00	1.11	0	0	
G	11c7bc4	1.11	0	0	
G	13bdc00	1.11	1	1	
G	13bde24	1.11	0	0	
G	13bdff4	1.11	0	0	
G	13f1450	1.11	0	0	
G	13f1798	1.11	0	0	
G	13f17f8	1.11	0	0	
G	13f186c	1.11	0	0	
G	13f192c	1.11	0	0	
G	13f19ec	1.11	0	0	
G	13f1aac	1.11	0	0	
G	13f1b04	1.11	0	0	
G	13f1b10	1.11	0	0	
G	13f5b80	1.11	0	0	
G	13f5dcc	1.11	0	0	
G	154d7a0	1.11	0	0	
G	154d7a4	1.11	0	0	
G	154dd50	1.11	0	0	
G	154dd54	1.11	0	0	
G	1552220	1.11	0	0	
G	1552908	1.11	0	0	
G	1552b08	1.11	0	0	
G	1555774	1.11	0	0	
G	156923c	1.11	0	0	
G	15696c0	1.11	0	0	
G	15696c4	1.11	0	0	
G	1569b64	1.11	0	0	
G	1569d1c	1.11	0	0	
G	156a144	1.11	1	1	
G	156a7d4	1.11	0	0	
G	156a7d8	1.11	0	0	
G	1576438	1.11	0	0	
G	157643c	1.11	0	0	
G	15795e0	1.11	0	0	
G	15795e4	1.11	0	0	
G	1579ce4	1.11	0	0	
G	1579ce8	1.11	0	0	
G	157aa8c	1.11	0	0	
G	157aa90	1.11	0	0	
G	157b870	1.11	0	0	
G	157b874	1.11	0	0	
G	157bc84	1.11	1	1	
G	157be30	1.11	0	0	
G	157bfe4	1.11	0	0	
G	157c114	1.11	0	0	
G	157c2dc	1.11	0	0	
G	157c2e0	1.11	0	0	
G	157d344	1.11	0	0	
G	157d464	1.11	0	0	
G	157d844	1.11	0	0	
G	157d848	1.11	0	0	
G	157df90	1.11	0	0	
G	157df94	1.11	0	0	
G	157e354	1.11	0	0	
G	157e518	1.11	0	0	
G	157ea3c	1.11	0	0	
G	157ea40	1.11	0	0	
G	157ef08	1.11	0	0	
G	157f320	1.11	0	0	
G	157f324	1.11	0	0	
G	157ffd8	1.11	0	0	
G	157ffe4	1.11	0	0	
G	1580488	1.11	0	0	
G	158048c	1.11	0	0	
G	158102c	1.11	0	0	
G	1581030	1.11	0	0	
G	1581ad4	1.11	0	0	
G	1581ad8	1.11	0	0	
G	1581fc4	1.11	0	0	
G	1581fc8	1.11	0	0	
G	15824b0	1.11	0	0	
G	15824b4	1.11	0	0	
G	1582920	1.11	0	0	
G	1582924	1.11	0	0	
G	1582ee4	1.11	0	0	
G	1582ee8	1.11	0	0	
G	1584640	1.11	0	0	
G	1584644	1.11	0	0	
G	1584980	1.11	1	1	
G	1584a7c	1.11	0	0	
G	1584cd8	1.11	0	0	
G	1584cdc	1.11	0	0	
G	1586bd8	1.11	0	0	
G	1586bdc	1.11	0	0	
G	15872a8	1.11	0	0	
G	15872ac	1.11	0	0	
G	15877c0	1.11	0	0	
G	15878c8	1.11	0	0	
G	1587d68	1.11	0	0	
G	1587d6c	1.11	0	0	
G	1588474	1.11	0	0	
G	15886ac	1.11	0	0	
G	15886b0	1.11	0	0	
G	1588b1c	1.11	0	0	
G	1588b20	1.11	0	0	
G	1589394	1.11	0	0	
G	1589428	1.11	0	0	
G	158949c	1.11	0	0	
G	158b68c	1.11	0	0	
G	158b6fc	1.11	0	0	
G	158b76c	1.11	0	0	
G	158b7dc	1.11	0	0	
G	158b84c	1.11	0	0	
G	158b8bc	1.11	0	0	
G	158b92c	1.11	0	0	
G	158b99c	1.11	0	0	
G	158bbb8	1.11	0	0	
G	158bc28	1.11	0	0	
G	158bc98	1.11	0	0	
G	158bd08	1.11	0	0	
G	158bd78	1.11	0	0	
G	158bde8	1.11	0	0	
G	158be58	1.11	0	0	
G	158c030	1.11	0	0	
G	158c128	1.11	0	0	
G	158c220	1.11	0	0	
G	158c43c	1.11	0	0	
G	158c534	1.11	0	0	
G	158c750	1.11	0	0	
G	158c7c0	1.11	0	0	
G	158c9dc	1.11	0	0	
G	158ca4c	1.11	0	0	
G	158cc68	1.11	0	0	
G	158ce84	1.11	0	0	
G	158d09c	1.11	0	0	
G	158d2b4	1.11	0	0	
G	158d324	1.11	1	1	
G	158d394	1.11	0	0	
G	158d5b0	1.11	0	0	
G	158d620	1.11	0	0	
G	158d690	1.11	0	0	
G	158d700	1.11	0	0	
G	158d770	1.11	0	0	
G	158d7e0	1.11	0	0	
G	158d850	1.11	0	0	
G	158d8c0	1.11	0	0	
G	158d930	1.11	0	0	
G	158d9a0	1.11	0	0	
G	158da10	1.11	0	0	
G	158da80	1.11	0	0	
G	13b5020	1.12	0	0	
G	13b5168	1.12	0	2	
G	13b5260	1.12	1	1	
G	158b61c	1.12	0	0	
G	17c7b08	1.12	0	0	
G	17c7c30	1.12	0	0	
G	17ea230	1.12	1	22	
G	17ea398	1.12	2	101	
G	17eabb0	1.12	0	0	
G	17eabe0	1.12	0	0	
G	17eac14	1.12	0	0	
G	17eac18	1.12	0	78	
G	17eac50	1.12	0	0	
G	17eac9c	1.12	1	5	
G	17eb004	1.12	2	50	
G	17eb1ec	1.12	3	39	
G	17eb990	1.12	1	5	
G	17ebe3c	1.12	22	458	
G	17ec3b0	1.12	0	6	
G	17ec5e8	1.12	9	166	
G	17ec758	1.12	10	53	
G	17ecbbc	1.12	0	31	
G	17ecd0c	1.12	0	5	
G	17ed204	1.12	0	6	
G	17ed23c	1.12	0	0	
G	17ed480	1.12	0	5	
G	17ed7e0	1.12	1	43	
G	17edbcc	1.12	0	61	
G	17edc04	1.12	2	2	
G	17f1ba8	1.12	0	75	
G	17f1c04	1.12	2	2	
G	17f1da0	1.12	1	1	
G	17f1e94	1.12	0	0	
G	17f1e98	1.12	0	0	
G	17f2a3c	1.12	2	466	
G	17f7f0c	1.12	1	436	
G	17f8104	1.12	6	556	
G	17fa988	1.12	0	0	
G	17fab20	1.12	0	0	
G	1db1010	1.12	0	0	
G	1db1388	1.12	0	25	
G	1dff068	1.12	0	0	
G	1e6cbac	1.12	0	0	
G	1e6e06c	1.12	0	0	
G	1e6e0e8	1.12	0	0	
G	1e6e270	1.12	1	1	
G	1e84614	1.12	0	0	
G	1e8479c	1.12	0	0	
G	1e84968	1.12	0	0	
G	1e84978	1.12	0	0	
G	1e8a69c	1.12	0	0	
G	1e8a774	1.12	0	0	
G	1e8aa48	1.12	1	1	
G	1e8ab28	1.12	0	0	
G	2682f04	1.12	1	3	
G	2688594	1.12	1	1	
G	268886c	1.12	0	3	
G	2688958	1.12	0	3	
G	2688994	1.12	0	0	
G	2689064	1.12	1	1	
G	2689294	1.12	0	0	
G	2694398	1.12	0	0	
G	2694528	1.12	0	0	
G	269537c	1.12	51	51	
G	2695394	1.12	60	60	
G	2695408	1.12	246	338	
G	2695d3c	1.12	1	1	
G	26966e0	1.12	1	1	
G	2696be8	1.12	0	0	
G	114af04	1.13	1	6	
G	114b2e0	1.13	1	1	
G	114b600	1.13	305	665	
G	13b4b68	1.13	0	0	
G	13b4b78	1.13	0	0	
G	13b4c18	1.13	0	0	
G	13b5388	1.13	0	0	
G	17eabb4	1.13	0	0	
G	17eb9c8	1.13	0	0	
G	17f8634	1.13	1	89	
G	17f8b7c	1.13	20	37	
G	17f8c5c	1.13	14	431	
G	17f9590	1.13	0	42	
G	17f9964	1.13	1	2	
G	17f9ad8	1.13	0	87	
G	17fa5f8	1.13	1	1	
G	17fa840	1.13	0	0	
G	17fa940	1.13	1	1	
G	1c2c638	1.13	0	1	
G	1c2c7b4	1.13	0	5	
G	1db38d8	1.13	0	1	
G	1db3cd4	1.13	0	1	
G	1db3e14	1.13	2	85	
G	1ddaf3c	1.13	0	0	
G	1dea4f8	1.13	0	0	
G	1e828f4	1.13	1	1	
G	1e82e84	1.13	0	174	
G	1e83844	1.13	13	56	
G	1e83dd8	1.13	49	49	
G	1e83ebc	1.13	0	0	
G	1e83fc8	1.13	0	665	
G	1e840ac	1.13	0	0	
G	1e84b10	1.13	0	1	
G	1e84c08	1.13	2	2	
G	1e85acc	1.13	13	13	
G	1e8abb8	1.13	0	1	
G	1e8b74c	1.13	0	0	
G	1e904c0	1.13	0	8	
G	1e90fac	1.13	0	0	
G	1e911e0	1.13	1	177	
G	1e92404	1.13	1	17	
G	1e926a4	1.13	0	0	
G	1e928b4	1.13	0	0	
G	1e92948	1.13	1	683	
G	1e93760	1.13	0	0	
G	1e937bc	1.13	0	0	
G	1e93820	1.13	0	0	
G	1e94fd0	1.13	0	14	
G	1e95a90	1.13	0	15	
G	1e964bc	1.13	260	535	
G	1eb4db4	1.13	0	0	
G	1ec0dfc	1.13	0	0	
G	1f1ad0c	1.13	0	0	
G	1f1cd38	1.13	3	9	
G	1f1d5c8	1.13	0	0	
G	1f1dda8	1.13	2	2	
G	1f20168	1.13	130	130	
G	1f20238	1.13	0	0	
G	1f20de8	1.13	0	0	
G	1f21408	1.13	0	0	
G	1f55408	1.13	0	0	
G	1f55524	1.13	1	1	
G	2222dbc	1.13	1	1	
G	2222dc0	1.13	0	0	
G	2224e6c	1.13	2	61	
G	2224f28	1.13	0	856	
G	2224fc0	1.13	0	856	
G	222531c	1.13	0	0	
G	114b81c	1.14	0	0	
G	114b830	1.14	0	0	
G	11ab044	1.14	0	0	
G	11d6fe4	1.14	1	1	
G	136cd54	1.14	0	0	
G	136cde0	1.14	0	0	
G	1373518	1.14	0	0	
G	17cfcd8	1.14	0	0	
G	17cfe1c	1.14	0	0	
G	17f9540	1.14	0	323	
G	17fae4c	1.14	4	4	
G	17fc330	1.14	0	0	
G	17fc638	1.14	0	1	
G	17fc66c	1.14	0	0	
G	17fefc0	1.14	2	6	
G	17ff384	1.14	2	133	
G	18000d0	1.14	0	0	
G	187a84c	1.14	1	1	
G	195cd28	1.14	0	0	
G	195ceec	1.14	0	1	
G	1aa8f8c	1.14	0	0	
G	1aa91e8	1.14	1	1	
G	1aaf878	1.14	0	0	
G	1aaf894	1.14	0	0	
G	1bbecb0	1.14	0	0	
G	1bbecc4	1.14	0	1	
G	1bbefc8	1.14	0	0	
G	1bbf274	1.14	1	1	
G	1cb8494	1.14	0	0	
G	1d98734	1.14	0	0	
G	1d98a90	1.14	0	0	
G	1d98a94	1.14	1	2	
G	1da0138	1.14	0	0	
G	1da0154	1.14	0	0	
G	1da0220	1.14	0	0	
G	1da023c	1.14	0	0	
G	1da048c	1.14	0	0	
G	1da0610	1.14	0	0	
G	1da062c	1.14	0	0	
G	1da0720	1.14	0	0	
G	1da073c	1.14	0	0	
G	1da09a8	1.14	0	0	
G	1da09c4	1.14	0	0	
G	1da0ee0	1.14	0	0	
G	1da0efc	1.14	0	0	
G	1da1048	1.14	0	0	
G	1da1064	1.14	0	0	
G	1da1384	1.14	0	0	
G	1da13a0	1.14	0	0	
G	1da1660	1.14	0	0	
G	1da167c	1.14	0	0	
G	1da1cfc	1.14	0	0	
G	1da1d18	1.14	0	0	
G	1da1f38	1.14	0	0	
G	1da1f54	1.14	0	0	
G	1da21ac	1.14	0	0	
G	1da21c8	1.14	0	0	
G	1da2298	1.14	0	0	
G	1da22b4	1.14	0	0	
G	1db1e20	1.14	0	0	
G	1db6058	1.14	0	0	
G	1db6168	1.14	0	0	
G	1dff078	1.14	0	0	
G	1e13224	1.14	0	0	
G	1e133a4	1.14	0	0	
G	1e1880c	1.14	0	0	
G	1e92768	1.14	0	0	
G	1e9f158	1.14	0	0	
G	1ea332c	1.14	0	0	
G	1ec53bc	1.14	0	0	
G	1ecb138	1.14	0	0	
G	1f18e90	1.14	0	330	
G	1f19b14	1.14	2	567	
G	1f1ac74	1.14	1	1	
G	1f1b2f4	1.14	0	330	
G	1f702c4	1.14	0	0	
G	221eaa8	1.14	0	0	
G	25b0828	1.14	0	0	
G	25b84b4	1.14	1	1	
G	25b8a50	1.14	0	95	
G	25b8d28	1.14	1	22	
G	25b9170	1.14	210	327	
G	25bb3f8	1.14	0	328	
G	25bbb04	1.14	2	330	
G	25bdf04	1.14	17	17	
G	25def34	1.14	6	6	
G	25df200	1.14	7	16	
G	25e1124	1.14	1	1	
G	25e1300	1.14	5	5	
G	25e180c	1.14	1	9	
G	25e3498	1.14	15	31	
G	25e3a0c	1.14	53	53	
G	25e6e1c	1.14	1	34	
G	17ff528	1.15	0	0	
G	1f854c0	1.15	0	0	
G	25b089c	1.15	0	0	
G	113d274	1.16	0	0	
G	113da04	1.16	0	0	
G	113db54	1.16	0	3	
G	113db78	1.16	0	3	
G	113e7a0	1.16	0	0	
G	113ec78	1.16	0	0	
G	113ecec	1.16	3	5	
G	113ef78	1.16	0	0	
G	113f250	1.16	55	55	
G	113f838	1.16	0	0	
G	113fe4c	1.16	10	10	
G	113ffc4	1.16	0	0	
G	1140008	1.16	1	1	
G	1140828	1.16	0	0	
G	1140874	1.16	1	1	
G	11408f4	1.16	0	10	
G	1140bd0	1.16	0	1	
G	1140c70	1.16	0	0	
G	1140e98	1.16	0	0	
G	1481788	1.16	0	0	
G	1481f44	1.16	0	0	
G	14825d0	1.16	0	0	
G	14829b0	1.16	0	1	
G	1482ae8	1.16	0	0	
G	1489888	1.16	0	0	
G	14899bc	1.16	0	0	
G	148a348	1.16	0	0	
G	148a364	1.16	0	0	
G	148a3f4	1.16	0	0	
G	148a410	1.16	0	0	
G	14b7684	1.16	1	5	
G	14d4e98	1.16	0	4	
G	14fa080	1.16	0	0	
G	17cf9a4	1.16	1	1	
G	17f9084	1.16	13	559	
G	17ffd1c	1.16	1	82	
G	1806a94	1.16	0	0	
G	1876f30	1.16	0	0	
G	1877110	1.16	0	25	
G	18772d8	1.16	0	0	
G	1877304	1.16	0	0	
G	1877360	1.16	1	1	
G	19587ec	1.16	0	0	
G	1958830	1.16	0	18	
G	195a3dc	1.16	1	1	
G	195ab7c	1.16	0	0	
G	195b278	1.16	0	0	
G	195b434	1.16	0	26	
G	1df3e04	1.16	0	0	
G	1e52214	1.16	0	0	
G	1e522e8	1.16	0	0	
G	1e840b4	1.16	0	3	
G	1e92980	1.16	0	6	
G	1f4e99c	1.16	0	0	
G	21b9a48	1.16	0	0	
G	21b9c60	1.16	0	0	
G	25e49e8	1.16	2	2	
G	25e54cc	1.16	7	7	
G	113e7d4	1.17	1	1	
G	1141374	1.17	0	0	
G	1143b1c	1.17	0	0	
G	136c440	1.17	0	0	
G	13baafc	1.17	0	0	
G	13bb174	1.17	0	0	
G	14b7c60	1.17	0	0	
G	14f670c	1.17	0	0	
G	14f7dc4	1.17	0	0	
G	16ed05c	1.17	0	0	
G	17b2dec	1.17	0	1	
G	17b3138	1.17	4	6	
G	17b3a18	1.17	0	0	
G	17b4700	1.17	0	0	
G	17c5df4	1.17	0	0	
G	17c5e58	1.17	0	0	
G	17fe7ec	1.17	0	0	
G	17fe92c	1.17	0	0	
G	17fe934	1.17	0	0	
G	1d998a0	1.17	0	0	
G	1d998b0	1.17	0	0	
G	1d998e8	1.17	10	12	
G	1db1d30	1.17	2	2	
G	1de8f6c	1.17	0	0	
G	1de9028	1.17	0	0	
G	1de9124	1.17	0	0	
G	1de9208	1.17	0	0	
G	1de92f8	1.17	0	0	
G	1de93dc	1.17	0	0	
G	1de94cc	1.17	0	0	
G	1de95b0	1.17	0	0	
G	1dec738	1.17	1	1	
G	1df2048	1.17	1	5	
G	1e346a4	1.17	0	0	
G	1e34998	1.17	0	0	
G	1e3627c	1.17	0	0	
G	1e38970	1.17	0	0	
G	1e38ba8	1.17	0	0	
G	1f0adc8	1.17	0	0	
G	1f0ade0	1.17	0	0	
G	1f502f4	1.17	0	4	
G	1f50438	1.17	0	2	
G	1f50578	1.17	0	0	
G	1f505b8	1.17	2	2	
G	1f50980	1.17	0	1	
G	1f50efc	1.17	0	0	
G	1f50f20	1.17	0	0	
G	1f50f28	1.17	0	0	
G	1f50f88	1.17	0	0	
G	1f51320	1.17	0	0	
G	1f513f8	1.17	0	0	
G	1f514f0	1.17	0	0	
G	1f51544	1.17	0	0	
G	1f51678	1.17	1	1	
G	1f51ba4	1.17	1	1	
G	1f52198	1.17	0	0	
G	1f52530	1.17	0	0	
G	1f52744	1.17	0	0	
G	1f52798	1.17	0	0	
G	1f52df8	1.17	0	0	
G	1f53398	1.17	0	0	
G	22059c0	1.17	0	0	
G	2205bd8	1.17	0	0	
G	22063fc	1.17	0	0	
G	220b9ac	1.17	0	0	
G	220c1e8	1.17	0	0	
G	220d480	1.17	0	0	
G	221c18c	1.17	0	0	
G	221c194	1.17	0	0	
G	259f0a4	1.17	0	0	
G	129574c	1.18	1	1	
G	13b4b88	1.18	0	0	
G	1de8a10	1.18	0	0	
G	1de8ad8	1.18	0	0	
G	1de8be8	1.18	0	0	
G	1dec438	1.18	1	1	
G	1dec558	1.18	0	0	
G	1dedf2c	1.18	1	1	
G	1e629f4	1.18	0	0	
G	1e62ce8	1.18	0	0	
G	1e68f7c	1.18	0	0	
G	1f39140	1.18	0	0	
G	1f3a84c	1.18	0	0	
G	1f3bb30	1.18	87	87	
G	1f3fe34	1.18	204	204	
G	1f6839c	1.18	375	375	
G	1f68690	1.18	21	383	
G	1f6d28c	1.18	394	518	
G	1f6d4fc	1.18	14	1167	
G	1f6d51c	1.18	742	770	
G	1f8d9d4	1.18	82	82	
G	209f3f0	1.18	14	2881	
G	20e9cac	1.18	323	645	
G	20ec530	1.18	39	67	
G	20ec58c	1.18	23	381	
G	20ecb70	1.18	60	118	
G	20f0bd8	1.18	23	305	
G	2134aa8	1.18	0	0	
G	2134aac	1.18	562	562	
G	21359c4	1.18	0	0	
G	213e324	1.18	2	9	
G	214e51c	1.18	68	115	
G	214e9e4	1.18	6	6	
G	214eacc	1.18	83	158	
G	214ed38	1.18	0	0	
G	214ed40	1.18	203	441	
G	214ef08	1.18	0	0	
G	2161240	1.18	581	12505	
G	216950c	1.18	0	0	
G	2169abc	1.18	0	0	
G	2197b18	1.18	806	1120	
G	2197f50	1.18	28	28	
G	21b5438	1.18	35	35	
G	21b5d48	1.18	0	0	
G	234e000	1.18	15	15	
G	23577c8	1.18	131	269	
G	2357988	1.18	35	92	
G	25e360c	1.18	1	1	
G	25e6d7c	1.18	0	0	
G	1e76734	1.19	0	0	
G	1f1eb3c	1.19	20	41	
G	1f56fe4	1.19	134	134	
G	1f625f8	1.19	1183	1183	
G	1f62750	1.19	926	1023	
G	1f81210	1.19	28	151	
G	1f8d514	1.19	26	489009	
G	1f8d638	1.19	973	488983	
G	20ad0ac	1.19	31	941	
G	20ada04	1.19	9	1014	
G	20ee52c	1.19	178	180	
G	20ef7ac	1.19	71	71	
G	2135a80	1.19	25	25	
G	2135c28	1.19	141	141	
G	2138f24	1.19	0	0	
G	2138f34	1.19	405	405	
G	214266c	1.19	51	53	
G	214bed8	1.19	33	44	
G	214bfd0	1.19	31	33	
G	214c29c	1.19	49	58	
G	215dd38	1.19	3657	11997	
G	2161b08	1.19	269	3069	
G	2161e98	1.19	1933	3112	
G	216222c	1.19	651	1398	
G	21629b8	1.19	41	41	
G	2162bcc	1.19	51	51	
G	21672ec	1.19	720	720	
G	2167d7c	1.19	0	0	
G	2167d80	1.19	0	0	
G	2167d88	1.19	15	50	
G	2169a90	1.19	13	39	
G	2169b98	1.19	0	0	
G	2169c74	1.19	46	491927	
G	216a870	1.19	32	6184	
G	216a9b8	1.19	37	2554	
G	216ae58	1.19	63	63	
G	216b030	1.19	258	5396	
G	216b260	1.19	2172	7735	
G	216beb0	1.19	13	13	
G	216bf14	1.19	24	2680	
G	216d624	1.19	11	11	
G	2197dd4	1.19	53	53	
G	21aed1c	1.19	30	326	
G	21c4e30	1.19	30	37	
G	21c898c	1.19	13	1968	
G	21d37e8	1.19	123	1909	
G	21d3fd8	1.19	7	7	
G	21d4154	1.19	0	0	
G	21db6e0	1.19	25	36	
G	21eac58	1.19	17	88	
G	2210e64	1.19	105	830	
G	2245e34	1.19	567	567	
G	2246438	1.19	34	1116	
G	1f1ed74	1.20	268	372	
G	1f1f058	1.20	272	272	
G	1f2d530	1.20	3	4	
G	217cf78	1.20	1	1	
G	218aaf8	1.20	0	1	
G	21ba980	1.20	1	1	
G	21baa3c	1.20	6	6	
G	21bad6c	1.20	289	289	
G	21d7ea8	1.20	0	3	
G	21d80c8	1.20	2	7	
G	21d9710	1.20	1	5	
G	21db13c	1.20	2	2	
G	21e22ac	1.20	0	0	
G	21e28c4	1.20	0	0	
G	21e6f94	1.20	0	0	
G	23695c0	1.20	0	0	
G	1e767b4	1.21	0	0	
G	1e9c698	1.21	0	0	
G	1f2b1ac	1.21	2	6	
G	1f2e6cc	1.21	0	0	
G	1f2e6d8	1.21	0	0	
G	20f02d4	1.21	0	0	
G	212eaac	1.21	22	22	
G	212ed0c	1.21	20	21	
G	212edbc	1.21	4	4	
G	212f0c4	1.21	36	36	
G	2142ed0	1.21	16	16	
G	215f588	1.21	1221	3597	
G	215fa44	1.21	47	47	
G	215fb4c	1.21	692	964	
G	2160494	1.21	81	81	
G	21606a0	1.21	55	55	
G	21608ac	1.21	120	182	
G	2169740	1.21	0	0	
G	2169774	1.21	11	11	
G	216a4bc	1.21	59	4001	
G	216a660	1.21	2301	19018	
G	216b6f4	1.21	2071	2071	
G	216b8a0	1.21	1544	2037	
G	216b9bc	1.21	6666	8986	
G	216be44	1.21	17	17	
G	216be70	1.21	9	9	
G	217ed6c	1.21	33	1335	
G	217ee24	1.21	22	1283	
G	217efe0	1.21	19	19	
G	21a98f8	1.21	0	0	
G	21aa3d8	1.21	0	0	
G	21aa3f4	1.21	8	8	
G	21aa494	1.21	12	12	
G	21aa828	1.21	19	19	
G	21ae290	1.21	0	0	
G	21b1cc8	1.21	0	0	
G	21b1ce0	1.21	0	0	
G	21b974c	1.21	0	0	
G	21b976c	1.21	6	6	
G	21b9e70	1.21	407	563	
G	21b9fdc	1.21	25	25	
G	21c109c	1.21	6	6	
G	21c2760	1.21	314	314	
G	21c35f4	1.21	309	311	
G	21d3764	1.21	33	33	
G	21d8624	1.21	1	2	
G	21de218	1.21	0	0	
G	21deca8	1.21	0	1	
G	21defd4	1.21	0	1	
G	21e4538	1.21	0	1	
G	21e47e0	1.21	0	0	
G	21e4b0c	1.21	0	0	
G	21e7600	1.21	0	0	
G	21e7b08	1.21	0	2	
G	21e7d6c	1.21	0	1	
G	23605b0	1.21	15	15	
G	23606a4	1.21	12	12	
G	2360708	1.21	23	36	
G	215f77c	1.22	4604	12144	
G	2172314	1.22	0	0	
G	2172848	1.22	0	0	
G	2172920	1.22	0	0	
G	2172930	1.22	0	0	
G	2173068	1.22	0	1	
G	2174678	1.22	6	171	
G	2174804	1.22	584	584	
G	21759b8	1.22	0	0	
G	2179b2c	1.22	86	156	
G	2179cf4	1.22	75	75	
G	2179e08	1.22	288	313	
G	217a5f4	1.22	12	12	
G	217ad10	1.22	0	0	
G	217ae04	1.22	1	1	
G	217aed0	1.22	0	0	
G	217d760	1.22	27	27	
G	217d8e8	1.22	60	60	
G	217e6a4	1.22	23	23	
G	217e9a0	1.22	26	26	
G	2182110	1.22	0	2011	
G	21822b0	1.22	2	2011	
G	21832e0	1.22	163	164	
G	2183b98	1.22	616	616	
G	21863a4	1.22	1	1	
G	218a69c	1.22	0	0	
G	218a6c4	1.22	0	0	
G	218ae74	1.22	22	22	
G	218b678	1.22	0	160	
G	218baa8	1.22	0	3	
G	218bb7c	1.22	123	714	
G	218d308	1.22	154	1148	
G	218d984	1.22	30	180	
G	218dbcc	1.22	0	0	
G	21904b0	1.22	43	43	
G	21906cc	1.22	2	2	
G	2190cdc	1.22	29	31	
G	21a9910	1.22	18	604	
G	21ab324	1.22	0	1	
G	21ab404	1.22	249	523	
G	21ab45c	1.22	148	274	
G	21aca78	1.22	2	2	
G	21acc70	1.22	0	0	
G	21ace1c	1.22	1	1	
G	21b8ba8	1.22	8	10	
G	21c2d50	1.22	413	413	
G	21c2f54	1.22	353	353	
G	1143264	1.23	0	0	
G	17cfefc	1.23	1	1	
G	17f93bc	1.23	3	11	
G	1e7fc3c	1.23	0	0	
G	1e8bfb0	1.23	0	0	
G	1e9136c	1.23	24	50	
G	1e9269c	1.23	0	0	
G	1e954e8	1.23	395	512	
G	1e96d78	1.23	3	7	
G	20efe68	1.23	0	0	
G	20f0d54	1.23	27	27	
G	2169218	1.23	85	121	
G	216924c	1.23	0	0	
G	2169798	1.23	0	0	
G	21697a0	1.23	0	0	
G	217a15c	1.23	60	60	
G	217bba0	1.23	28	28	
G	217d3c0	1.23	285	285	
G	217d47c	1.23	18	18	
G	217dcc0	1.23	44	44	
G	217dfc0	1.23	55	55	
G	217e100	1.23	81	81	
G	217e33c	1.23	67	67	
G	217e3e4	1.23	76	76	
G	217e794	1.23	0	0	
G	217e7a4	1.23	56	59	
G	218a340	1.23	839	1363	
G	218a600	1.23	80	248	
G	218a684	1.23	0	0	
G	218d86c	1.23	0	0	
G	2190670	1.23	29	29	
G	2190688	1.23	14	14	
G	21aa66c	1.23	24	24	
G	21aa724	1.23	44	1019	
G	21ac338	1.23	58	63	
G	21ad250	1.23	585	4130	
G	21ae2c0	1.23	15	15	
G	21aea7c	1.23	250	4983	
G	21c2698	1.23	0	0	
G	21c3150	1.23	175	175	
G	21c3574	1.23	921	921	
G	21c37e0	1.23	251	251	
G	21c5178	1.23	10	10	
G	223642c	1.23	183	201	
G	23559d0	1.23	0	3	
G	1492564	1.24	23	23	
G	217ad24	1.24	237	237	
G	217b1b8	1.24	1598	1598	
G	217b548	1.24	298	2668	
G	217ea54	1.24	0	0	
G	217ea6c	1.24	0	0	
G	217eb20	1.24	109	481	
G	21871a0	1.24	1213	1876	
G	2187c60	1.24	458	458	
G	2187ce8	1.24	948	961	
G	218d2ec	1.24	14	231	
G	218e22c	1.24	0	0	
G	21aa820	1.24	0	0	
G	21d5134	1.24	37	75	
G	236785c	1.24	37	37	
G	1f1fb64	1.25	2	2	
G	217d0ac	1.25	1	1	
G	217d0f8	1.25	4795	8033	
G	217ea84	1.25	101	1358	
G	217f218	1.25	31	809	
G	2182ed8	1.25	230	230	
G	2185de4	1.25	334	334	
G	2187554	1.25	0	18	
G	2187750	1.25	1	1	
G	21879ac	1.25	116	117	
G	2187ee4	1.25	288	2457	
G	2188158	1.25	312	312	
G	218861c	1.25	155	155	
G	21887a0	1.25	104	104	
G	218887c	1.25	345	1549	
G	218926c	1.25	236	912	
G	2189650	1.25	53	53	
G	2189ac8	1.25	85	85	
G	2189c70	1.25	686	686	
G	21d5130	1.25	0	0	
G	23698a4	1.25	20	20	
G	1e6514c	1.26	0	0	
G	1e9259c	1.26	0	2	
G	1e9c69c	1.26	0	0	
G	1e9d6b8	1.26	0	0	
G	1f8d9d0	1.26	0	0	
G	20c1bd4	1.26	3	5	
G	213a4a8	1.26	0	0	
G	2167dfc	1.26	0	0	
G	217a2c4	1.26	0	0	
G	217cff0	1.26	8	75	
G	217f158	1.26	0	0	
G	218d5cc	1.26	0	0	
G	218da74	1.26	18	18	
G	218db98	1.26	14	14	
G	2190658	1.26	2	13	
G	21ae3f0	1.26	0	0	
G	21ae6b0	1.26	0	0	
G	21ae904	1.26	93	194	
G	21ba364	1.26	0	0	
G	21c4f0c	1.26	87	205	
G	21c8850	1.26	61	61	
G	21c8948	1.26	2	2	
G	21e241c	1.26	0	1	
G	1202380	1.27	0	0	
G	1e83d84	1.27	0	2	
G	1e94afc	1.27	0	0	
G	1ea0528	1.27	0	0	
G	1f37860	1.27	0	8	
G	1f38298	1.27	0	0	
G	1f382e0	1.27	0	0	
G	1f38300	1.27	0	0	
G	1f38718	1.27	2	8	
G	1f388d8	1.27	1	2	
G	1f7f5e4	1.27	0	0	
G	1f81dd4	1.27	19	19	
G	1f8528c	1.27	0	0	
G	17d358c	1.32	0	0	
G	11432a8	1.34	0	0	
G	11432ac	1.34	7	7	
G	1184594	1.34	0	0	
G	136cf0c	1.34	24	24	
G	13b5380	1.34	0	0	
G	16ebac8	1.34	37	5924	
G	17b1980	1.34	0	0	
G	17b1b54	1.34	0	0	
G	17d4bc0	1.34	58	1481	
G	1e62cc0	1.34	0	0	
G	1e62cd4	1.34	0	0	
G	1e7776c	1.34	48	48	
G	1e77bb8	1.34	0	0	
G	1e7ea20	1.34	19	22	
G	1e7ed80	1.34	0	0	
G	1e7ef24	1.34	33	112	
G	1e7f420	1.34	0	0	
G	1e7fb68	1.34	209	48765	
G	1e88edc	1.34	25	25	
G	1e8adfc	1.34	26	440	
G	1e8b87c	1.34	23	122	
G	1e8b9f0	1.34	38	79	
G	1e8c430	1.34	13	13	
G	1e8c474	1.34	13	13	
G	1e8c728	1.34	0	0	
G	1e8c7a0	1.34	50	2477	
G	1e8c990	1.34	17	583	
G	1e8ca4c	1.34	32	172	
G	1e8cb0c	1.34	144	171	
G	1e8f7b8	1.34	71	1367	
G	1e8fd20	1.34	0	0	
G	1e971f4	1.34	17	19	
G	1e9777c	1.34	33	65	
G	1e99264	1.34	208	589	
G	1e9a8a0	1.34	13	13	
G	1e9ec64	1.34	55	135	
G	1e9f0ec	1.34	0	0	
G	1e9f0f8	1.34	0	0	
G	1e9f400	1.34	60	1093	
G	1e9f92c	1.34	556	556	
G	1e9fbcc	1.34	23	41	
G	1e9fc90	1.34	0	0	
G	1e9fc9c	1.34	0	0	
G	1ea2ed8	1.34	64	1664	
G	1f06224	1.34	0	0	
G	1f06404	1.34	40	40	
G	1f06548	1.34	35	51	
G	1f0838c	1.34	7	7	
G	1f084b8	1.34	24	24	
G	1f085e4	1.34	8	8	
G	1f087ac	1.34	17	17	
G	1f0881c	1.34	10	10	
G	1f4fea4	1.34	20	20	
G	1f53d1c	1.34	335	335	
G	1f572a4	1.34	12	12	
G	1f573d0	1.34	19	19	
G	20f1e28	1.34	0	0	
G	21f4bd0	1.34	0	0	
G	2221864	1.34	0	0	
G	15ac3f0	1.35	80	330	
G	17c7c34	1.35	27	139	
G	17f9114	1.35	1	1	
G	17f9280	1.35	1	6	
G	1db1e98	1.35	41	5670	
G	1db2884	1.35	0	0	
G	1db2898	1.35	0	0	
G	1e6449c	1.35	0	0	
G	1e6484c	1.35	0	8	
G	1e649c8	1.35	2	8	
G	1e656cc	1.35	0	0	
G	1e93540	1.35	0	0	
G	1e96608	1.35	0	0	
G	1e96ac4	1.35	0	0	
G	212f99c	1.35	0	0	
G	212f9ac	1.35	0	0	
G	2367db8	1.35	1	2	
G	2367e44	1.35	0	0	
G	11432ec	1.36	0	0	
G	14822e4	1.36	4	25	
G	1484900	1.36	19	26	
G	14f80b0	1.36	39	71	
G	14f80d0	1.36	16	17	
G	14f8224	1.36	15	15	
G	14f864c	1.36	10	10	
G	16ecaa8	1.36	0	0	
G	17b3ffc	1.36	29	2191	
G	17c5e60	1.36	2	5	
G	17f9150	1.36	0	0	
G	187750c	1.36	12	12	
G	1877588	1.36	28	33	
G	1877608	1.36	1	21	
G	195c670	1.36	48	119	
G	1cb8724	1.36	18	18	
G	1db28a0	1.36	0	0	
G	1e64e84	1.36	26	35	
G	1e66844	1.36	15	96	
G	1e68c2c	1.36	66	83	
G	1e88d0c	1.36	0	0	
G	1e88d54	1.36	0	0	
G	1e88d5c	1.36	0	0	
G	1e8fd3c	1.36	0	0	
G	1e93618	1.36	0	0	
G	1e9663c	1.36	0	0	
G	1e99380	1.36	122	678	
G	1ea3240	1.36	52	9330	
G	1f2a7b8	1.36	0	0	
G	1f2e640	1.36	1	1	
G	1f2e698	1.36	0	0	
G	1f30720	1.36	3	4	
G	1f30d08	1.36	0	4	
G	1f30f70	1.36	1	1	
G	20c5dd4	1.36	191	191	
G	20f02f4	1.36	0	0	
G	212f9a0	1.36	0	0	
G	212fae4	1.36	0	4	
G	216b5dc	1.36	34	166	
G	2171540	1.36	0	0	
G	2172bd0	1.36	0	0	
G	21bf4e4	1.36	376	376	
G	2367df4	1.36	1	1	
G	23680b8	1.36	0	4	
G	2368644	1.36	0	0	
G	23687d8	1.36	2	3	
G	2368e78	1.36	0	0	
G	25a3e7c	1.36	0	0	
G	25a49f8	1.36	1	1	
G	25a4cb8	1.36	0	0	
G	25a4dac	1.36	0	1	
G	1e77dd8	1.37	0	0	
G	20c5a4c	1.37	294	294	
G	2135ad4	1.37	23	108	
G	2163df4	1.37	1928	2229	
G	216bb6c	1.37	49	437	
G	1e7742c	1.38	121	1582	
G	1e77610	1.38	80	80	
G	20c5cf8	1.38	65	902	
G	20c640c	1.38	337	337	
G	20c7190	1.38	205	1304	
G	20c768c	1.38	368	6562	
G	210146c	1.38	0	0	
G	210d748	1.38	0	4	
G	2146ec0	1.38	21	285	
G	216d230	1.38	12	23	
G	216d440	1.38	11	11	
G	21d6478	1.38	53	53	
G	21d6798	1.38	70	70	
G	20b4e00	1.39	1	1	
G	20b569c	1.39	13	27	
G	20bb4a0	1.39	1	1	
G	20bd0c8	1.39	30	30	
G	20bf06c	1.39	0	0	
G	20c04f0	1.39	11	73	
G	20c5480	1.39	16	29	
G	20c5ed4	1.39	44	164	
G	20c6724	1.39	238	1051	
G	20c7f3c	1.39	77	77	
G	20c83f8	1.39	39	148	
G	2144314	1.39	252	264	
G	2189f34	1.39	0	0	
G	218a034	1.39	0	0	
G	218a100	1.39	0	0	
G	218a104	1.39	0	0	
G	218a12c	1.39	0	0	
G	218a94c	1.39	1	10	
G	21bbbdc	1.39	27	27	
G	21bc398	1.39	12	63	
G	21bc5a4	1.39	15	59	
G	21bc954	1.39	4	7	
G	21bd534	1.39	318	327	
G	21bdac8	1.39	0	0	
G	21beaa4	1.39	84	164	
G	21beda0	1.39	65	65	
G	21bf380	1.39	3	3	
G	21c00b8	1.39	43	58	
G	23558f0	1.39	1	20	
G	23567fc	1.39	1	51	
G	2356990	1.39	2	6	
G	23571dc	1.39	16	16	
G	2357514	1.39	6	6	
G	1149240	1.40	5	79	
G	114932c	1.40	1	41	
G	11ab040	1.40	0	0	
G	11acee8	1.40	1	1	
G	1235d18	1.40	0	0	
G	1352ff8	1.40	44	44	
G	17b1bc8	1.40	4	4907	
G	17fb190	1.40	7	85	
G	17fb2b0	1.40	256	23567	
G	17fb64c	1.40	77	77	
G	17fd114	1.40	13	67	
G	1800724	1.40	1	4	
G	18007f4	1.40	4	37	
G	18018b0	1.40	0	0	
G	1801a5c	1.40	2	4	
G	1801d48	1.40	0	0	
G	1801e18	1.40	2	2	
G	18020d4	1.40	3	24	
G	180223c	1.40	0	4	
G	195cff8	1.40	28	124	
G	1c2ca98	1.40	26	44	
G	1db44c4	1.40	19	19	
G	1db45a0	1.40	82	1097	
G	1db4694	1.40	3	246	
G	1db4f44	1.40	0	0	
G	1e133a8	1.40	20	85	
G	1e7762c	1.40	0	0	
G	1e92778	1.40	0	0	
G	20bd6e4	1.40	95	219	
G	20c059c	1.40	1140	2662	
G	20c8574	1.40	52	16221	
G	210d5a0	1.40	539	583	
G	21447c8	1.40	59	125	
G	217315c	1.40	0	0	
G	2173174	1.40	1	1	
G	2173454	1.40	7	7	
G	2173530	1.40	0	0	
G	2173f14	1.40	0	0	
G	2173f28	1.40	619	16082	
G	217b138	1.40	25	53	
G	217b798	1.40	211	211	
G	217dd74	1.40	0	0	
G	217dd84	1.40	25	25	
G	217ec74	1.40	282	321	
G	217f168	1.40	38	1768	
G	21896f4	1.40	221	221	
G	218989c	1.40	1509	1509	
G	218ee00	1.40	108	108	
G	218efc8	1.40	1	6	
G	218f040	1.40	10	11	
G	21b7edc	1.40	22	22	
G	21b7f00	1.40	0	0	
G	21b8c68	1.40	28	1447	
G	21b8cb4	1.40	764	1693	
G	21b8ea4	1.40	397	531	
G	21b90fc	1.40	554	601	
G	21b97a8	1.40	1419	1419	
G	21bc7f4	1.40	12	241	
G	21bc900	1.40	11	44	
G	21bd49c	1.40	1	1	
G	21c8730	1.40	3	309	
G	21d6414	1.40	0	0	
G	265aba8	1.40	3	3	
G	114a684	1.41	2	9	
G	16ed06c	1.41	0	0	
G	17faf78	1.41	73	73	
G	1aa9284	1.41	29	98	
G	1aa9504	1.41	19	22	
G	1aa96c0	1.41	17	20	
G	1aa98f8	1.41	12	12	
G	1c2c954	1.41	10	11	
G	1c2c9c8	1.41	8	9	
G	1c2ca8c	1.41	0	0	
G	1db2080	1.41	45	83	
G	1db2234	1.41	33	40	
G	1db2644	1.42	14	16	
G	1e85c4c	1.42	0	0	
G	25a5b50	1.42	0	358	
G	25a5c5c	1.42	0	0	
G	25a5c60	1.42	0	0	
G	25a5e14	1.42	0	358	
G	25a5e88	1.42	0	0	
G	25a5e94	1.42	0	0	
G	25a5eb0	1.42	1	1	
G	25a61f0	1.42	0	1	
G	25a67bc	1.42	266	266	
G	25a6b48	1.42	0	0	
G	25a6d54	1.42	91	357	
G	16ed1a8	1.64	4	37	
G	16ede54	1.64	0	0	
G	16edf1c	1.64	0	0	
G	16edfe4	1.64	0	0	
G	16ee0ac	1.64	0	0	
G	16ee174	1.64	1	2	
G	16ee23c	1.64	0	0	
G	16ee304	1.64	1	15	
G	16ee3cc	1.64	0	0	
G	16ee494	1.64	1	1	
G	16ee55c	1.64	0	0	
G	16ee624	1.64	0	0	
G	16ee6ec	1.64	1	1	
G	16ee7b4	1.64	0	0	
G	16ee87c	1.64	0	0	
G	16ee944	1.64	0	0	
G	16eea0c	1.64	0	0	
G	16eead4	1.64	0	0	
G	16eeb9c	1.64	0	0	
G	16eec64	1.64	0	0	
G	16eed2c	1.64	0	0	
G	16eedf4	1.64	0	0	
G	16eeebc	1.64	0	0	
G	16eef84	1.64	0	0	
G	16ef04c	1.64	0	0	
G	16ef114	1.64	0	0	
G	16ef1dc	1.64	1	1	
G	16ef2a4	1.64	0	0	
G	16ef36c	1.64	0	0	
G	16ef434	1.64	0	0	
G	16ef4fc	1.64	0	0	
G	16ef5c4	1.64	0	0	
G	16ef68c	1.64	0	0	
G	16ef754	1.64	0	0	
G	16ef81c	1.64	0	0	
G	16ef8e4	1.64	0	0	
G	16ef9ac	1.64	0	1	
G	16efa74	1.64	0	0	
G	16efb3c	1.64	0	0	
G	16efc04	1.64	0	0	
G	16efccc	1.64	0	0	
G	16efd94	1.64	0	0	
G	16efe5c	1.64	0	0	
G	16eff24	1.64	0	0	
G	16effec	1.64	1	2	
G	16f00b4	1.64	0	0	
G	16f017c	1.64	0	0	
G	16f0244	1.64	0	0	
G	16f030c	1.64	0	0	
G	16f03d4	1.64	0	0	
G	16f049c	1.64	0	0	
G	16f0564	1.64	0	0	
G	16f062c	1.64	0	0	
G	16f06f4	1.64	0	0	
G	16f07bc	1.64	0	0	
G	16f0884	1.64	0	0	
G	16f094c	1.64	0	0	
G	16f0a14	1.64	0	0	
G	16f0adc	1.64	0	0	
G	16f0ba4	1.64	0	0	
G	16f0c6c	1.64	0	0	
G	16f0d34	1.64	0	0	
G	16f0dfc	1.64	0	0	
G	16f0ec4	1.64	1	1	
G	16f0f8c	1.64	0	0	
G	16f1054	1.64	0	0	
G	16f111c	1.64	0	0	
G	16f11e4	1.64	0	0	
G	16f12ac	1.64	0	0	
G	16f1374	1.64	0	0	
G	16f143c	1.64	0	0	
G	16f1504	1.64	0	0	
G	16f15cc	1.64	0	0	
G	16f1694	1.64	0	0	
G	16f175c	1.64	0	0	
G	16f1824	1.64	0	0	
G	16f18ec	1.64	0	0	
G	16f19b4	1.64	0	0	
G	16f1a7c	1.64	0	0	
G	16f1b44	1.64	0	0	
G	16f1c0c	1.64	0	0	
G	16f1cd4	1.64	0	0	
G	16f1d9c	1.64	1	1	
G	16f1e64	1.64	0	0	
G	16f1f2c	1.64	0	0	
G	16f1ff4	1.64	0	0	
G	16f20bc	1.64	0	0	
G	16f2184	1.64	0	0	
G	16f224c	1.64	0	0	
G	16f2314	1.64	0	0	
G	16f23dc	1.64	0	0	
G	16f24a4	1.64	0	0	
G	16f256c	1.64	0	0	
G	16f2634	1.64	0	0	
G	16f26fc	1.64	0	0	
G	16f27c4	1.64	0	0	
G	16f288c	1.64	0	0	
G	16f2954	1.64	0	0	
G	16f2a1c	1.64	0	0	
G	16f2ae4	1.64	0	0	
G	16f2bac	1.64	0	0	
G	16f2c74	1.64	0	0	
G	16f2d3c	1.64	0	0	
G	16f2e04	1.64	0	0	
G	16f2ecc	1.64	0	0	
G	16f2f94	1.64	0	0	
G	16f305c	1.64	0	0	
G	16f3124	1.64	0	0	
G	16f31ec	1.64	0	0	
G	16f32b4	1.64	0	0	
G	16f337c	1.64	0	0	
G	16f3444	1.64	0	0	
G	16f350c	1.64	0	0	
G	16f35d4	1.64	0	0	
G	16f369c	1.64	0	0	
G	16f3764	1.64	0	0	
G	16f382c	1.64	0	0	
G	16f38f4	1.64	0	0	
G	16f39bc	1.64	0	0	
G	16f3a84	1.64	1	1	
G	16f3b4c	1.64	0	0	
G	16f3c14	1.64	0	0	
G	16f3cdc	1.64	0	0	
G	16f3da4	1.64	0	0	
G	16f3e6c	1.64	0	0	
G	16f3f34	1.64	0	0	
G	16f3ffc	1.64	0	0	
G	16f40c4	1.64	0	0	
G	16f418c	1.64	0	0	
G	16f4254	1.64	0	0	
G	16f431c	1.64	0	0	
G	16f43e4	1.64	0	0	
G	16f44ac	1.64	1	1	
G	16f4574	1.64	0	0	
G	16f463c	1.64	0	0	
G	16f4704	1.64	0	0	
G	16f47cc	1.64	0	0	
G	16f4894	1.64	0	0	
G	16f495c	1.64	0	0	
G	16f4a24	1.64	0	0	
G	16f4aec	1.64	0	0	
G	16f4bb4	1.64	0	0	
G	16f4c7c	1.64	0	0	
G	16f4d44	1.64	0	0	
G	16f4e0c	1.64	0	0	
G	16f4ed4	1.64	0	0	
G	16f4f9c	1.64	0	0	
G	16f5064	1.64	0	0	
G	16f512c	1.64	0	0	
G	16f51f4	1.64	0	0	
G	1350140	1.65	0	0	
G	138c77c	1.65	0	0	
G	1592d58	1.65	1	1	
G	1592ee0	1.65	18	18	
G	159a414	1.65	0	0	
G	159a468	1.65	0	0	
G	159a4d0	1.65	0	0	
G	16f52bc	1.65	0	0	
G	16f5384	1.65	0	0	
G	17b1970	1.65	0	0	
G	1e82e2c	1.65	0	0	
G	1e83f5c	1.65	0	0	
G	1f1fb14	1.65	39	39	
G	1f21644	1.65	0	2	
G	1f21ba0	1.65	0	39	
G	1f22430	1.65	0	0	
G	21f5250	1.65	0	0	
G	17f8a2c	1.67	2	10	
G	17b2dc4	1.68	0	0	
G	1e83e44	1.68	0	0	
G	1e85c5c	1.68	0	0	
G	1e95f0c	1.68	0	0	
G	21f2bcc	1.68	1	7	
G	21f4e9c	1.68	0	0	
G	21f4ea4	1.68	1	928	
G	21f4ff8	1.68	1	166	
G	21f50f4	1.68	0	7	
G	224d0a0	1.68	3	3	
G	224ded8	1.68	6	43	
G	224e04c	1.68	0	0	
G	2250c38	1.68	0	0	
G	2260354	1.68	0	0	
G	226109c	1.68	2	193	
G	2262470	1.68	4	185	
G	22638b4	1.68	0	0	
G	2264550	1.68	0	0	
G	22650f4	1.68	0	1	
G	22655e0	1.68	1	1	
G	22668c4	1.68	0	0	
G	22668d0	1.68	0	7	
G	226766c	1.68	0	1	
G	226a088	1.68	0	0	
G	226a098	1.68	1	1	
G	226a144	1.68	0	0	
G	226a1e0	1.68	0	0	
G	226a200	1.68	0	0	
G	226a6ac	1.68	1	9	
G	226dc20	1.68	2	5	
G	226f160	1.68	0	0	
G	2272b58	1.68	3	3	
G	227362c	1.68	0	0	
G	22737a8	1.68	0	31	
G	22a70b8	1.68	2	2	
G	22a9f18	1.68	4	4	
G	22ab074	1.68	4	191	
G	22abc84	1.68	4	177	
G	22abf78	1.68	20	173	
G	22dc86c	1.68	1	1	
G	22e8d18	1.68	2	3	
G	23132fc	1.68	0	0	
G	2313b7c	1.68	0	0	
G	231f138	1.68	36	36	
G	231f184	1.68	0	0	
G	231f1e4	1.68	0	0	
G	231f1ec	1.68	0	0	
G	231f1f8	1.68	0	0	
G	231f204	1.68	0	0	
G	231f2d8	1.68	0	0	
G	231f3e4	1.68	0	0	
G	231fcc8	1.68	14	49	
G	224cf08	1.69	17	17	
G	224e528	1.69	3	4	
G	2250534	1.69	0	2	
G	2250f94	1.69	0	1	
G	22519ec	1.69	0	1	
G	2258fb8	1.69	13	4549	
G	225c578	1.69	0	0	
G	225e620	1.69	2	3	
G	226809c	1.69	1	40	
G	226a704	1.69	0	0	
G	226aa74	1.69	72	72	
G	226ba20	1.69	0	0	
G	226be24	1.69	0	0	
G	226cbb8	1.69	0	0	
G	226cc80	1.69	0	0	
G	226ce3c	1.69	1	1	
G	22836f0	1.69	1979	4536	
G	22a7698	1.69	0	0	
G	22aa6a8	1.69	3	3	
G	22aa878	1.69	0	0	
G	22aaa80	1.69	1	1	
G	22b8858	1.69	0	0	
G	22dbfc0	1.69	1	1	
G	22dd0d4	1.69	3	12	
G	22e5678	1.69	0	3	
G	22e8f0c	1.69	0	3	
G	22e902c	1.69	3	3	
G	22ee2a8	1.69	0	0	
G	2311a10	1.69	0	0	
G	2311e08	1.69	2	44	
G	2312bf0	1.69	1	2	
G	231f790	1.69	0	4	
G	231f7cc	1.69	0	0	
G	2320180	1.69	3	6	
G	2320410	1.69	1	39	
G	224cca0	1.70	2	6	
G	22502c8	1.70	1	4	
G	22543f0	1.70	5	13	
G	22550ac	1.70	40	159	
G	2256cb4	1.70	1	6	
G	225788c	1.70	0	9	
G	2257b5c	1.70	0	4	
G	225d4e0	1.70	2	2	
G	225d574	1.70	0	3	
G	225e26c	1.70	0	5	
G	225fb9c	1.70	2	45	
G	226819c	1.70	3	3	
G	22775a0	1.70	3	3	
G	2277c10	1.70	1	2	
G	227e1f8	1.70	3	9	
G	2296a5c	1.70	0	15	
G	22a682c	1.70	0	0	
G	22a6940	1.70	1	1	
G	22a6bec	1.70	0	0	
G	22b8e8c	1.70	1	3	
G	22b9e58	1.70	2	33	
G	22bf294	1.70	6	103	
G	22c6a4c	1.70	1	2	
G	22c6c9c	1.70	0	1	
G	22c6ed4	1.70	2	5	
G	22c7150	1.70	1	1	
G	22e5744	1.70	4	22	
G	22e7054	1.70	0	0	
G	22e850c	1.70	0	0	
G	22e96c8	1.70	5	11	
G	22eb0a4	1.70	0	22	
G	22eb1bc	1.70	1	1	
G	22eb6c0	1.70	2	11	
G	22ed0a8	1.70	0	0	
G	22ed0cc	1.70	0	0	
G	22eda1c	1.70	0	0	
G	231f5c4	1.70	16	16	
G	227e028	1.71	1	1	
G	22dc150	1.71	1	2	
G	22dc41c	1.71	1	1	
G	22e00ac	1.71	5	7	
G	22e0cbc	1.71	0	0	
G	22e12e8	1.71	1	1	
G	22e1454	1.71	0	4	
G	22e3f48	1.71	1	1	
G	22e4308	1.71	1	1	
G	22e44e0	1.71	0	0	
G	22e5340	1.71	0	0	
G	22f08e0	1.71	0	0	
G	22f0ed0	1.71	7	60	
G	22f3f08	1.71	1	5	
G	22f58b8	1.71	5	5	
G	22f632c	1.71	0	0	
G	22fad30	1.71	1	2	
G	22fadbc	1.71	4	5	
G	22fb8b0	1.71	0	0	
G	22fc1c4	1.71	8	24	
G	2300a94	1.71	0	0	
G	2303664	1.71	3	3	
G	230412c	1.71	4	13	
G	230499c	1.71	0	0	
G	23054f8	1.71	5	5	
G	2305edc	1.71	1	1	
G	2306058	1.71	1	2	
G	2306d00	1.71	1	1	
G	2307bf8	1.71	0	0	
G	2251978	1.72	0	0	
G	2256384	1.72	0	4	
G	22564e0	1.72	1	1	
G	22585bc	1.72	2	5	
G	226aee0	1.72	0	0	
G	226af44	1.72	1	1	
G	2272ccc	1.72	1	1	
G	22731b0	1.72	530	530	
G	2273c68	1.72	0	0	
G	2275148	1.72	0	0	
G	2277634	1.72	5	5	
G	227955c	1.72	3	3	
G	227a318	1.72	31	31	
G	2280560	1.72	1	1	
G	2280a00	1.72	0	0	
G	2282128	1.72	3	4	
G	2293cc8	1.72	42	42	
G	2293e18	1.72	2	2	
G	22972ac	1.72	0	0	
G	2298114	1.72	26	27	
G	2298430	1.72	26	153	
G	22a7744	1.72	0	2	
G	22a7880	1.72	0	1	
G	22a7b18	1.72	1	4	
G	22abab8	1.72	1	1	
G	22ede94	1.72	1	1	
G	22f7358	1.72	0	6	
G	21f4fa8	1.73	0	124	
G	224e130	1.73	2	5	
G	2257a80	1.73	1	1	
G	225b1e4	1.73	0	0	
G	225ee6c	1.73	0	0	
G	226a55c	1.73	0	3	
G	226b4b8	1.73	0	0	
G	22752ec	1.73	1	1	
G	227a378	1.73	0	0	
G	22800ec	1.73	1	2	
G	2282430	1.73	0	0	
G	2282634	1.73	0	0	
G	2282ed4	1.73	0	0	
G	2295328	1.73	263	384	
G	2297e98	1.73	1	1	
G	22bb6b4	1.73	0	0	
G	22bb7c0	1.73	1	1	
G	22ee0d8	1.73	0	0	
G	231f18c	1.73	3	3	
G	231f644	1.73	0	0	
G	11ab274	1.74	1	1	
G	21f329c	1.74	1	1	
G	21f3f20	1.74	0	0	
G	21f40fc	1.74	1	7	
G	21f4240	1.74	0	1	
G	21f52a0	1.74	3	4	
G	2257f30	1.74	0	0	
G	2258260	1.74	0	0	
G	225a988	1.74	0	0	
G	225b324	1.74	127	127	
G	225b680	1.74	2	2	
G	228348c	1.74	507	507	
G	2293b70	1.74	69	69	
G	22977ec	1.74	0	0	
G	22dcbc8	1.74	0	0	
G	22e082c	1.74	2	10	
G	22e0adc	1.74	1	2	
G	22e0fbc	1.74	1	1	
G	22e2444	1.74	0	3	
G	22e35a0	1.74	0	16	
G	22e5594	1.74	0	0	
G	22e5980	1.74	2	3	
G	22e5ccc	1.74	0	0	
G	22e6164	1.74	1	1	
G	22e6e2c	1.74	1	1	
G	22e727c	1.74	1	2	
G	22e7b2c	1.74	1	3	
G	2300c50	1.74	2	2	
G	2300f24	1.74	3	4	
G	23032b4	1.74	1	1	
G	2269910	1.75	1	1	
G	226a2b4	1.75	1	1	
G	226a308	1.75	0	0	
G	226da44	1.75	0	1	
G	22aace8	1.75	3	3	
G	22c9474	1.75	3	9	
G	22e888c	1.75	0	8	
G	22e8a20	1.75	0	0	
G	22e8c04	1.75	0	13	
G	22ed148	1.75	1	7	
G	22ed6ec	1.75	0	0	
G	22edae8	1.75	0	1	
G	22ee6ec	1.75	0	1	
G	2307504	1.75	0	0	
G	2308e80	1.75	0	0	
G	230941c	1.75	0	0	
G	230b37c	1.75	0	0	
G	230edac	1.75	0	0	
G	22508b8	1.76	0	1	
G	2251f6c	1.76	1	1	
G	226f720	1.76	4	5	
G	2270e94	1.76	1	1	
G	22712ac	1.76	0	0	
G	227297c	1.76	0	1	
G	22730d4	1.76	0	0	
G	2277a00	1.76	0	2	
G	2278894	1.76	0	0	
G	2278f88	1.76	2	3	
G	227ae14	1.76	3	34	
G	2293fac	1.76	0	3	
G	2294c44	1.76	60	119	
G	229566c	1.76	2	4	
G	22957dc	1.76	31	118	
G	229a834	1.76	37	40	
G	229abb4	1.76	7	45	
G	229ea98	1.76	2	2	
G	2310f54	1.76	1	1	
G	22734b0	1.77	0	0	
G	2275b64	1.77	1	1	
G	2297f90	1.77	0	0	
G	229a370	1.77	0	1	
G	229a6d4	1.77	1	1	
G	229e3b0	1.77	0	0	
G	2269a10	1.78	1	1	
G	2269b34	1.78	0	0	
G	229ec04	1.78	1	1	
G	227330c	1.80	0	0	
G	229e6f8	1.80	0	0	
G	229e850	1.80	0	0	
G	2297fdc	1.94	2	2	
G	2255a68	2.18	0	0	
G	2256a84	2.18	0	0	
G	226a710	2.18	0	1	
G	226f320	2.18	1	6	
G	2270ce8	2.18	0	0	
G	22738ec	2.18	0	0	
G	22806ac	2.18	1	8	
G	229875c	2.18	1	1	
G	2313ccc	2.18	0	4	
G	1e93300	2.19	0	0	
G	1ea3400	2.19	0	0	
G	1ea369c	2.19	0	0	
G	1ea37bc	2.19	0	0	
G	1ec1314	2.19	1	411	
G	1ecf6d4	2.19	0	5	
G	1ecf844	2.19	1	6	
G	1ecf8f0	2.19	2	13	
G	1ecf970	2.19	0	0	
G	1ecfe70	2.19	0	58	
G	1ed1964	2.19	0	0	
G	1ed1974	2.19	1	392	
G	1ed1ba8	2.19	0	313	
G	1ed1ee4	2.19	0	313	
G	1ed20cc	2.19	0	303	
G	1ed2188	2.19	1	153	
G	1ed4208	2.19	9	73	
G	1ed4a30	2.19	0	151	
G	1f0c260	2.19	0	7	
G	1f0caac	2.19	0	24	
G	1f0cb38	2.19	2	11	
G	1f0cf50	2.19	1	488	
G	1f0dd44	2.19	145	393	
G	1f1101c	2.19	153	153	
G	1f1122c	2.19	93	94	
G	1f1221c	2.19	34	34	
G	1f13c30	2.19	104	245	
G	1f13f9c	2.19	0	0	
G	1f20240	2.19	4	4	
G	1f7f290	2.19	128	128	
G	21f2ca4	2.19	0	1	
G	11435bc	2.20	0	0	
G	1e863dc	2.20	0	0	
G	1e86568	2.20	1	5	
G	1e88210	2.20	0	0	
G	1e88218	2.20	0	0	
G	1e9338c	2.20	0	0	
G	1e93428	2.20	0	0	
G	1eab0bc	2.20	1	3	
G	1eb58ec	2.20	2	2	
G	1eb593c	2.20	0	0	
G	1eb7298	2.20	0	5	
G	1eb776c	2.20	0	0	
G	1ebb424	2.20	0	1	
G	1eca1cc	2.20	2	2	
G	1ecb2c4	2.20	0	0	
G	1ecb368	2.20	0	0	
G	1ecd10c	2.20	32	37	
G	1ecd2b4	2.20	2	16	
G	1ecdb74	2.20	0	8	
G	1ece68c	2.20	0	0	
G	1ece6f4	2.20	0	0	
G	1ece718	2.20	0	4	
G	1ecf7f0	2.20	3	8	
G	1ecf8b0	2.20	0	0	
G	1ecfda8	2.20	0	0	
G	1ed1970	2.20	0	0	
G	1ed22fc	2.20	0	97	
G	1ed23ac	2.20	0	10	
G	1ed2560	2.20	0	97	
G	1ed2824	2.20	9	97	
G	1ed3250	2.20	0	29	
G	1ed3d78	2.20	2	10	
G	1ed5108	2.20	0	121	
G	1ed5c88	2.20	0	117	
G	1ed7178	2.20	2	60	
G	1ed8d64	2.20	0	0	
G	1ed8f74	2.20	0	29	
G	1edba48	2.20	0	5	
G	1edbba4	2.20	0	0	
G	1edbc74	2.20	1	2	
G	1edbf30	2.20	2	34	
G	1efd508	2.20	0	0	
G	1efd608	2.20	0	0	
G	1efd708	2.20	0	0	
G	1efd884	2.20	0	0	
G	1efdac0	2.20	0	0	
G	1efe778	2.20	0	4	
G	1eff134	2.20	0	0	
G	1eff1d0	2.20	1	1	
G	1eff638	2.20	0	1	
G	1effe28	2.20	0	0	
G	1efffa4	2.20	3	3	
G	1f00660	2.20	0	0	
G	1f0392c	2.20	0	0	
G	1f03f48	2.20	0	0	
G	1f0c200	2.20	0	9	
G	1f22524	2.20	0	0	
G	11d6548	2.21	10	10	
G	16e894c	2.21	0	0	
G	16ed074	2.21	0	0	
G	1db4f48	2.21	3	6	
G	1e8663c	2.21	1	11	
G	1e88228	2.21	0	0	
G	1e88238	2.21	0	0	
G	1e88250	2.21	0	0	
G	1e882b8	2.21	0	0	
G	1e88968	2.21	0	9	
G	1ea34e0	2.21	0	0	
G	1ea4aec	2.21	0	3	
G	1ea4c78	2.21	0	3	
G	1ea5508	2.21	0	7	
G	1ea5bf4	2.21	1	15	
G	1ea61e8	2.21	1	3	
G	1ea666c	2.21	0	15	
G	1ea7cf4	2.21	0	4	
G	1ea7e14	2.21	0	0	
G	1ea7ee4	2.21	0	0	
G	1ea80f0	2.21	5	6	
G	1ea82c4	2.21	0	0	
G	1ea8394	2.21	0	0	
G	1ea8784	2.21	5	7	
G	1ea99d4	2.21	1	2	
G	1ea9b10	2.21	0	0	
G	1ea9be0	2.21	0	0	
G	1ea9e9c	2.21	0	0	
G	1ea9f30	2.21	0	0	
G	1eaa0e4	2.21	0	0	
G	1eaa218	2.21	0	2	
G	1eaa3e4	2.21	1	2	
G	1eaa858	2.21	1	1	
G	1eaa9c0	2.21	0	0	
G	1eaa9dc	2.21	0	0	
G	1eaaa6c	2.21	0	0	
G	1eaabd4	2.21	0	0	
G	1eaabf0	2.21	0	0	
G	1eaad1c	2.21	0	0	
G	1eaad38	2.21	0	0	
G	1eaaf54	2.21	0	0	
G	1eaaf70	2.21	0	0	
G	1eac530	2.21	0	0	
G	1eb8a84	2.21	2	22	
G	1eb8b18	2.21	1	1	
G	1eb9464	2.21	0	0	
G	1eb9480	2.21	0	0	
G	1eb97a0	2.21	0	0	
G	1eb97bc	2.21	0	0	
G	1eb9af4	2.21	0	0	
G	1eb9b10	2.21	0	0	
G	1eba478	2.21	0	0	
G	1eba494	2.21	0	0	
G	1ebb194	2.21	0	0	
G	1ebb1b0	2.21	0	0	
G	1ec0338	2.21	0	1	
G	1ecea50	2.21	0	0	
G	1ecea84	2.21	1	1	
G	1ececa8	2.21	0	0	
G	1eced00	2.21	0	0	
G	1ed5274	2.21	0	43	
G	1ed5e8c	2.21	2	17	
G	1ed67a0	2.21	0	0	
G	1efbbc0	2.21	1	4	
G	1efc3d4	2.21	0	1	
G	15f1ab4	2.22	0	0	
G	15f1abc	2.22	0	6	
G	15f1ba8	2.22	1	52	
G	15f1fbc	2.22	0	0	
G	16f55f0	2.22	0	0	
G	17b1978	2.22	0	0	
G	17b25c4	2.22	0	334	
G	17b2dbc	2.22	0	0	
G	1e76b34	2.22	0	2	
G	1e7b4c4	2.22	0	0	
G	1ea3da8	2.22	0	0	
G	1eb6cac	2.22	10	427	
G	1eb6cf8	2.22	16	16	
G	1ec47f4	2.22	35	37	
G	1ec51d0	2.22	311	2498	
G	1ecb754	2.22	87	1859	
G	1f1e60c	2.22	4	4	
G	1f4c888	2.22	3	3	
G	21f1fe0	2.22	0	0	
G	21f42fc	2.22	139	4287	
G	21f5410	2.22	0	0	
G	21f5614	2.22	0	0	
G	21f5714	2.22	0	0	
G	1f10d24	2.23	1	1	
G	1f10dc0	2.23	25	25	
G	2258014	2.23	0	0	
G	2258074	2.23	0	0	
G	11527e8	2.24	1	293	
G	1f0cdfc	2.24	1	100	
G	1f0cf24	2.24	0	250	
G	1f0d3b8	2.24	1	55	
G	1f0d5bc	2.24	2	99	
G	1f0fedc	2.24	1	54	
G	1f1369c	2.24	7	7	
G	1f13914	2.24	2	2	
G	21f1fec	2.24	0	0	
G	1154884	2.25	1	1	
G	115533c	2.25	6	63	
G	115c160	2.25	0	0	
G	115e608	2.25	0	0	
G	15b4878	2.25	0	0	
G	16e83c0	2.25	67	67	
G	1157590	2.26	1	20	
G	115765c	2.26	0	0	
G	11576e4	2.26	0	0	
G	11579b8	2.26	1	61	
G	1157a40	2.26	5	21	
G	1157bd4	2.26	1	2	
G	1157c5c	2.26	1	1	
G	1157df0	2.26	1	49	
G	1157e78	2.26	3	20	
G	115800c	2.26	0	2	
G	1158094	2.26	1	1	
G	1158228	2.26	0	1	
G	1158444	2.26	2	91	
G	11584cc	2.26	3	21	
G	1158660	2.26	0	0	
G	1158720	2.26	0	3	
G	11587a8	2.26	2	2	
G	115893c	2.26	0	14	
G	11589fc	2.26	0	1	
G	1158a84	2.26	1	1	
G	1158c18	2.26	0	11	
G	1158cd8	2.26	0	1	
G	1158d60	2.26	0	0	
G	1158ef4	2.26	0	1	
G	1159110	2.26	1	3	
G	115932c	2.26	0	41	
G	11593ec	2.26	0	4	
G	1159474	2.26	0	0	
G	1159608	2.26	0	10	
G	1159690	2.26	1	2	
G	1159824	2.26	0	19	
G	11598e4	2.26	0	3	
G	11599a4	2.26	0	8	
G	1159a5c	2.26	0	0	
G	1159a64	2.26	0	25	
G	1159b24	2.26	0	1	
G	1159be4	2.26	1	29	
G	1159ca4	2.26	0	5	
G	1159d64	2.26	0	4	
G	1159e24	2.26	0	4	
G	1159ee4	2.26	0	4	
G	1159f9c	2.26	0	0	
G	1159fa4	2.26	0	2	
G	115a05c	2.26	0	0	
G	115a064	2.26	1	5	
G	115a0ec	2.26	0	0	
G	115a278	2.26	0	0	
G	115a280	2.26	0	36	
G	115a308	2.26	3	3	
G	115a494	2.26	0	0	
G	115a49c	2.26	0	4	
G	115a6b0	2.26	0	0	
G	115a6b8	2.26	2	30	
G	115a8cc	2.26	0	0	
G	115aae8	2.26	0	0	
G	115ad00	2.26	0	0	
G	115b630	2.26	0	0	
G	115b84c	2.26	0	0	
G	115b910	2.26	0	0	
G	115bb28	2.26	1	1	
G	115bbe8	2.26	0	0	
G	115bca8	2.26	0	0	
G	115bd68	2.26	0	0	
G	115c104	2.26	0	0	
G	115c10c	2.26	0	2	
G	12b3408	2.26	4	4	
G	12b38f4	2.26	0	0	
G	12b3f20	2.26	2	35	
G	16e82a0	2.26	344	3088	
G	16f5d74	2.26	263	1821	
G	16f6584	2.26	1	103	
G	16f75b0	2.26	1	125	
G	16f7660	2.26	2	24	
G	16f7700	2.26	11	1291	
G	16f7918	2.26	3	147	
G	16f7bcc	2.26	17	527	
G	16f7df4	2.26	1	72	
G	1e85c70	2.26	0	0	
G	265b33c	2.26	1	1	
G	265b54c	2.26	4	11	
G	265bd34	2.26	0	0	
G	265bed0	2.26	1	1	
G	2669654	2.26	0	0	
G	2669658	2.26	3	28	
G	266b4a8	2.26	3	3	
G	266f16c	2.26	1	22	
G	2688984	2.26	0	0	
G	268a7ec	2.26	1	1	
G	268f6a4	2.26	0	0	
G	268f6b4	2.26	0	0	
G	2694bc4	2.26	2	2	
G	2696bac	2.26	0	0	
G	26971a8	2.26	1	1	
G	2697908	2.26	1	1	
G	1156cc4	2.27	3	3	
G	11582b0	2.27	0	0	
G	1158f7c	2.27	0	0	
G	1159198	2.27	0	0	
G	115a524	2.27	1	1	
G	115a740	2.27	0	0	
G	115a8d4	2.27	0	3	
G	115a95c	2.27	0	0	
G	115aaf0	2.27	0	3	
G	115ab78	2.27	0	0	
G	115ad08	2.27	0	2	
G	115ad90	2.27	1	1	
G	115af24	2.27	0	36	
G	115b140	2.27	0	2	
G	115b35c	2.27	1	5	
G	115b578	2.27	0	5	
G	115b638	2.27	1	33	
G	115b6c0	2.27	1	2	
G	115b854	2.27	1	7	
G	115b918	2.27	0	4	
G	115b9a0	2.27	0	0	
G	115bb30	2.27	0	4	
G	115bbf0	2.27	0	7	
G	115bcb0	2.27	0	5	
G	115bd70	2.27	2	43	
G	115be30	2.27	0	5	
G	115beb8	2.27	1	1	
G	115c04c	2.27	0	5	
G	115c230	2.27	6	6	
G	16f6414	2.27	1	4	
G	115afac	2.28	0	0	
G	115b1c8	2.28	0	0	
G	115b3e4	2.28	0	0	
G	11a797c	2.42	1	34	
G	11a7a04	2.42	6	15	
G	11c90b4	2.42	0	0	
G	11c9174	2.42	0	0	
G	11f7e1c	2.42	0	0	
G	11f7e6c	2.42	0	5	
G	11f7ebc	2.42	0	4	
G	11f7fac	2.42	0	1	
G	126f020	2.42	0	0	
G	126f070	2.42	0	2	
G	126f0c0	2.42	0	2	
G	128aca4	2.42	0	0	
G	128acf4	2.42	0	0	
G	15f1ab8	2.42	0	0	
G	15fe74c	2.42	0	0	
G	15fe754	2.42	0	1	
G	15fe840	2.42	2	59	
G	15fec54	2.42	0	0	
G	160b9b4	2.42	0	0	
G	160b9b8	2.42	0	0	
G	160b9bc	2.42	0	0	
G	160baa8	2.42	1	2	
G	160bebc	2.42	0	0	
G	160c08c	2.42	0	0	
G	160c2d0	2.42	1	1	
G	160c74c	2.42	1	1	
G	16dd0d4	2.42	1	6	
G	16dd728	2.42	0	0	
G	16dd7f8	2.42	0	0	
G	16ddc60	2.42	0	0	
G	16f5668	2.42	0	0	
G	16f56ec	2.42	0	0	
G	17b2718	2.42	0	7	
G	17b286c	2.42	1	658	
G	11614d8	2.45	4	608	
G	1163c38	2.46	3	3	
G	1164ed0	2.46	8	127	
G	116f1e8	2.46	0	0	
G	117237c	2.46	0	0	
G	11687f0	2.47	0	1	
G	11688a8	2.47	0	0	
G	11688b0	2.47	1	4	
G	1168938	2.47	1	2	
G	1168ac0	2.47	0	0	
G	1168ac8	2.47	0	0	
G	1168b50	2.47	0	0	
G	1168c70	2.47	0	2	
G	1168e84	2.47	0	0	
G	1168e8c	2.47	0	0	
G	1168f44	2.47	0	0	
G	1168f4c	2.47	1	4	
G	1168fd4	2.47	0	0	
G	1169160	2.47	0	0	
G	1169168	2.47	1	1	
G	1169220	2.47	0	0	
G	1169228	2.47	0	0	
G	11692b0	2.47	0	0	
G	116943c	2.47	0	0	
G	1169444	2.47	0	1	
G	11694fc	2.47	0	0	
G	1169504	2.47	0	2	
G	116958c	2.47	2	2	
G	1169718	2.47	0	0	
G	1169720	2.47	0	0	
G	11697d8	2.47	0	0	
G	11697e0	2.47	0	2	
G	11698a0	2.47	0	1	
G	1169960	2.47	0	2	
G	11699e8	2.47	0	0	
G	1169b7c	2.47	0	1	
G	1169c3c	2.47	2	3	
G	1169e58	2.47	0	1	
G	1169f18	2.47	1	2	
G	1169fa0	2.47	0	0	
G	116a134	2.47	1	3	
G	116a1f4	2.47	1	4	
G	116a27c	2.47	0	0	
G	116a410	2.47	0	0	
G	116a4d0	2.47	0	4	
G	116a558	2.47	1	1	
G	116a6ec	2.47	0	1	
G	116a7ac	2.47	0	1	
G	116a86c	2.47	1	1	
G	116a8f4	2.47	0	0	
G	116aa88	2.47	0	0	
G	116ab48	2.47	0	3	
G	116ad64	2.47	0	2	
G	116ae24	2.47	0	3	
G	116aee4	2.47	0	1	
G	116afa4	2.47	0	5	
G	116b064	2.47	0	2	
G	116b124	2.47	0	3	
G	116b1e4	2.47	0	1	
G	116b2a4	2.47	0	4	
G	116b364	2.47	0	2	
G	116b424	2.47	0	1	
G	116b4e4	2.47	0	5	
G	116b5a4	2.47	0	2	
G	116b62c	2.47	1	1	
G	116b7c0	2.47	0	3	
G	116b880	2.47	0	4	
G	116b940	2.47	0	7	
G	116b9c8	2.47	1	1	
G	116bb5c	2.47	0	5	
G	116bc1c	2.47	0	5	
G	116bca4	2.47	1	1	
G	116be30	2.47	0	0	
G	116be38	2.47	1	1	
G	116bef8	2.47	0	5	
G	116bf80	2.47	0	0	
G	116c114	2.47	0	3	
G	116c1d4	2.47	0	5	
G	116c25c	2.47	0	0	
G	116c3f0	2.47	0	9	
G	116c4a8	2.47	0	0	
G	116c6c4	2.47	0	0	
G	116c784	2.47	0	0	
G	116c9a0	2.47	0	0	
G	116ca60	2.47	0	0	
G	116cc7c	2.47	0	0	
G	116cd3c	2.47	0	0	
G	116cdfc	2.47	0	0	
G	116d018	2.47	0	0	
G	116d0d8	2.47	0	0	
G	116d198	2.47	0	0	
G	116d3b4	2.47	0	0	
G	116dae8	2.47	0	0	
G	116dba8	2.47	0	0	
G	116dc68	2.47	0	0	
G	116dd28	2.47	0	0	
G	116dde8	2.47	0	0	
G	116dea8	2.47	0	0	
G	116ec7c	2.47	0	0	
G	116ed3c	2.47	0	0	
G	116ef58	2.47	0	0	
G	116f014	2.47	0	0	
G	116f0d4	2.47	0	0	
G	116f194	2.47	0	0	
G	1167afc	2.48	3	9	
G	116c4b0	2.48	0	7	
G	116c6cc	2.48	1	7	
G	116c78c	2.48	0	6	
G	116c9a8	2.48	0	4	
G	116ca68	2.48	1	7	
G	116caf0	2.48	0	0	
G	116cc84	2.48	0	2	
G	116cd44	2.48	0	2	
G	116ce04	2.48	0	8	
G	116ce8c	2.48	0	0	
G	116d020	2.48	0	5	
G	116d0e0	2.48	0	11	
G	116d1a0	2.48	1	7	
G	116d228	2.48	0	0	
G	116d3bc	2.48	1	5	
G	116d47c	2.48	0	3	
G	116d53c	2.48	0	6	
G	116d5c4	2.48	0	0	
G	116d758	2.48	0	3	
G	116d818	2.48	0	4	
G	116d8d8	2.48	0	6	
G	116daf0	2.48	0	5	
G	116dbb0	2.48	0	3	
G	116dc70	2.48	0	4	
G	116dd30	2.48	0	3	
G	116ddf0	2.48	0	7	
G	116deb0	2.48	0	3	
G	116df70	2.48	1	8	
G	116e030	2.48	0	6	
G	116e0b8	2.48	0	0	
G	116e24c	2.48	0	7	
G	116e2d4	2.48	0	0	
G	116e468	2.48	0	4	
G	116e528	2.48	0	6	
G	116e5e8	2.48	0	6	
G	116e6a8	2.48	1	7	
G	116e768	2.48	0	11	
G	116e828	2.48	1	6	
G	116e8e8	2.48	0	9	
G	116e9a8	2.48	0	13	
G	116ea68	2.48	0	9	
G	116eaf0	2.48	2	2	
G	116ec84	2.48	0	5	
G	116ed44	2.48	0	11	
G	116ef60	2.48	0	11	
G	116f01c	2.48	0	7	
G	116f0dc	2.48	0	7	
G	116f19c	2.48	0	11	
G	116f2b8	2.48	9	15	
G	16f79e0	2.48	0	22	
G	1169cc4	2.49	0	0	
G	116c538	2.49	0	0	
G	116edcc	2.49	0	0	
G	116abd0	2.56	0	0	
G	15fe750	2.77	0	0	
G	1603fec	2.77	0	0	
G	1603ff4	2.77	0	0	
G	16040e0	2.77	0	23	
G	16044f4	2.77	0	0	
G	16f56a4	2.77	0	0	
G	17b29c0	2.77	0	195	
G	11a7760	2.79	1	40	
G	11a77e8	2.79	9	21	
G	1200e74	2.79	0	0	
G	12345f0	2.79	0	0	
G	1234678	2.79	0	0	
G	13252ec	2.79	3	142	
G	1325f7c	2.79	0	4	
G	13261b8	2.79	0	34	
G	13262dc	2.79	0	0	
G	13263ac	2.79	1	21	
G	13267f4	2.79	0	0	
G	1603ff0	2.87	0	0	
G	1604fc8	2.87	0	0	
G	1604fd0	2.87	0	3	
G	16050bc	2.87	0	135	
G	16054d0	2.87	0	0	
G	16f56b0	2.87	0	0	
G	17b2b14	2.87	2	672	
G	1213cac	2.93	4	516	
G	115fe64	2.96	2	28	
G	117b624	2.96	0	1	
G	117bd58	2.96	1	1	
G	117be18	2.96	0	3	
G	1180bcc	2.96	0	13	
G	1180ea8	2.96	0	17	
G	11818a4	2.96	0	21	
G	11898a0	2.96	1	62	
G	1189928	2.96	1	21	
G	1189b3c	2.96	0	6	
G	1189b8c	2.96	0	9	
G	1189db8	2.96	0	7	
G	1189e78	2.96	1	13	
G	118c1a0	2.96	0	12	
G	118c1f0	2.96	0	10	
G	118c240	2.96	0	13	
G	118c290	2.96	1	17	
G	118ef6c	2.96	1	4	
G	1198040	2.96	1	11	
G	11b09c4	2.96	0	8	
G	12146e8	2.96	2	2	
G	1214b6c	2.96	4	31	
G	1215460	2.96	8	39	
G	12156f4	2.96	0	2	
G	1215744	2.96	0	8	
G	1215794	2.96	0	16	
G	12157e4	2.96	0	0	
G	12158b4	2.96	6	27	
G	121707c	2.96	0	0	
G	15ca93c	3.21	0	0	
G	15ca944	3.21	0	3	
G	15caa30	3.21	1	269	
G	15cae44	3.21	1	1	
G	1604fcc	3.21	0	0	
G	16f54e8	3.21	0	0	
G	17b2c68	3.21	2	2151	
G	11728cc	3.35	14	1791	
G	1173bfc	3.39	2	2	
G	1174584	3.39	15	67	
G	1176ab8	3.39	0	0	
G	1179090	3.39	0	0	
G	115feb4	3.40	0	1	
G	1175970	3.40	8	178	
G	1175f5c	3.40	0	0	
G	1175fac	3.40	0	5	
G	1175ffc	3.40	3	64	
G	1176084	3.40	1	15	
G	11761a8	3.40	1	9	
G	11761f8	3.40	0	3	
G	1176248	3.40	2	21	
G	11762e8	3.40	1	15	
G	1176338	3.40	1	14	
G	1176388	3.40	0	17	
G	11763d8	3.40	0	14	
G	1176428	3.40	0	17	
G	1176478	3.40	0	20	
G	11764c8	3.40	0	20	
G	1176518	3.40	1	16	
G	1176568	3.40	0	23	
G	11765b8	3.40	0	22	
G	1176608	3.40	1	17	
G	1176658	3.40	0	19	
G	11766a8	3.40	0	25	
G	11766f8	3.40	0	31	
G	1176748	3.40	0	28	
G	1176798	3.40	1	27	
G	11767e8	3.40	0	20	
G	1176838	3.40	0	27	
G	1176888	3.40	0	25	
G	11768d8	3.40	1	33	
G	1176928	3.40	1	36	
G	1176978	3.40	0	36	
G	11769c8	3.40	0	43	
G	1176a18	3.40	0	41	
G	1176a68	3.40	2	35	
G	1176b88	3.40	6	109	
G	11a6784	4.26	0	261	
G	15b488c	4.26	0	0	
G	15c2728	4.26	0	0	
G	15c2a34	4.26	0	73	
G	15c2bb8	4.26	1	4	
G	15ca940	4.26	0	0	
G	11a68a4	4.28	2	237	
G	11a6ef8	4.29	0	0	
G	11a70ec	4.29	2	4	
G	11a74ac	4.29	6	6	
G	11a76a0	4.29	0	0	
G	11a7b98	4.29	0	96	
G	11a7c5c	4.29	2	12	
G	11a7ce4	4.29	1	1	
G	11a7e78	4.29	0	8	
G	11a7f38	4.29	0	9	
G	11a7ffc	4.29	0	5	
G	11a80bc	4.29	0	16	
G	11a8180	4.29	1	13	
G	11a81d4	4.29	0	0	
G	11a82a4	4.29	2	2	
G	11a87fc	4.29	0	0	
G	15c272c	4.33	0	0	
G	16e8460	4.35	4	7	
G	16ec8bc	4.35	3	678	
G	16f84d4	4.35	0	0	
G	16f84e0	4.35	0	0	
G	16f90a8	4.35	0	0	
G	16f90b4	4.35	0	614	
G	16fbc40	4.35	0	15	
G	12a049c	4.36	1	26	
G	12a0524	4.36	9	21	
G	13592f8	4.36	11	89	
G	1564cd0	4.36	0	0	
G	1565efc	4.36	1	1	
G	1565f84	4.36	0	183	
G	15b5010	4.36	0	0	
G	15b501c	4.36	0	0	
G	15b590c	4.36	0	15	
G	15b61a0	4.36	0	0	
G	15b61ac	4.36	0	0	
G	15b71cc	4.36	0	0	
G	15b71d8	4.36	0	0	
G	15b8e30	4.36	1	124	
G	15b96c4	4.36	0	0	
G	15b96d0	4.36	0	0	
G	15b9fcc	4.36	0	0	
G	15ba860	4.36	0	0	
G	15ba86c	4.36	0	0	
G	15bb2f8	4.36	0	0	
G	15bbb8c	4.36	0	0	
G	15bbb98	4.36	0	0	
G	15bcbc0	4.36	0	0	
G	15bcbcc	4.36	0	0	
G	15be83c	4.36	0	0	
G	15be848	4.36	0	0	
G	15c05d8	4.36	0	0	
G	15c05e4	4.36	0	0	
G	15c15b4	4.36	0	0	
G	15c15c0	4.36	0	0	
G	15c2590	4.36	0	0	
G	15c259c	4.36	0	0	
G	15c356c	4.36	0	0	
G	15c3578	4.36	0	0	
G	15c4548	4.36	0	0	
G	15c4554	4.36	0	0	
G	15c5624	4.36	0	0	
G	15c5630	4.36	0	0	
G	15c6600	4.36	0	0	
G	15c660c	4.36	0	0	
G	15c7920	4.36	0	0	
G	15c792c	4.36	0	0	
G	15c8c40	4.36	0	0	
G	15c8c4c	4.36	0	0	
G	15ca8a4	4.36	0	0	
G	15ca8b0	4.36	1	1	
G	15cb9a8	4.36	0	0	
G	15cb9b4	4.36	0	0	
G	15ccf2c	4.36	0	0	
G	15ccf38	4.36	0	0	
G	15ce45c	4.36	0	0	
G	15ce468	4.36	0	1	
G	15cfff0	4.36	0	0	
G	15cfffc	4.36	0	0	
G	15d18c8	4.36	0	0	
G	15d18d4	4.36	0	0	
G	15d32c4	4.36	0	0	
G	15d32d0	4.36	0	0	
G	15d4e10	4.36	0	0	
G	15d4e1c	4.36	0	0	
G	15d5e08	4.36	0	0	
G	15d5e14	4.36	0	0	
G	15d7384	4.36	0	0	
G	15d7390	4.36	0	0	
G	15d8360	4.36	0	0	
G	15d836c	4.36	1	1	
G	15d9cfc	4.36	0	0	
G	15d9d08	4.36	0	0	
G	15dbb2c	4.36	0	0	
G	15dbb38	4.36	0	0	
G	15dcb08	4.36	0	0	
G	15dcb14	4.36	0	0	
G	15debe4	4.36	0	0	
G	15debf0	4.36	0	0	
G	15e0b8c	4.36	0	0	
G	15e0b98	4.36	0	0	
G	15e57d0	4.36	0	0	
G	15e57dc	4.36	0	0	
G	15e8488	4.36	0	0	
G	15e8494	4.36	0	1	
G	15ea110	4.36	0	0	
G	15ea11c	4.36	0	0	
G	15ec708	4.36	0	0	
G	15ec714	4.36	0	0	
G	15eea28	4.36	0	0	
G	15eea34	4.36	0	0	
G	15f03cc	4.36	0	0	
G	15f03d8	4.36	0	0	
G	15f191c	4.36	0	0	
G	15f1928	4.36	0	0	
G	15f2b54	4.36	1	1	
G	15f2b60	4.36	0	1	
G	15f3928	4.36	0	39	
G	15f41bc	4.36	0	0	
G	15f41c8	4.36	0	0	
G	15f53b0	4.36	0	0	
G	15f53bc	4.36	0	0	
G	15f759c	4.36	0	0	
G	15f75a8	4.36	0	0	
G	15f7f14	4.36	0	6	
G	15f89c4	4.36	0	0	
G	15f89d0	4.36	0	0	
G	15f9c50	4.36	0	0	
G	15f9c5c	4.36	0	0	
G	15fad2c	4.36	0	0	
G	15fad38	4.36	0	0	
G	15fbc08	4.36	0	0	
G	15fbc14	4.36	0	0	
G	15fd6e0	4.36	0	0	
G	15fd6ec	4.36	0	0	
G	15fe6b4	4.36	0	0	
G	15fe6c0	4.36	0	0	
G	15ff574	4.36	0	0	
G	15ff580	4.36	0	0	
G	1600f84	4.36	0	0	
G	1600f90	4.36	0	0	
G	1602610	4.36	0	0	
G	160261c	4.36	0	0	
G	1603e54	4.36	0	0	
G	1603e60	4.36	0	0	
G	1604f30	4.36	0	0	
G	1604f3c	4.36	0	0	
G	1605f9c	4.36	0	0	
G	1605fa8	4.36	0	0	
G	16073c8	4.36	1	1	
G	16073d4	4.36	0	1	
G	16084a4	4.36	0	0	
G	16084b0	4.36	0	0	
G	1609ef4	4.36	0	0	
G	1609f00	4.36	0	0	
G	160b91c	4.36	0	0	
G	160b928	4.36	0	0	
G	160d484	4.36	0	0	
G	160d490	4.36	0	0	
G	160e6e0	4.36	0	0	
G	160e6ec	4.36	0	0	
G	160f724	4.36	0	0	
G	160f730	4.36	0	0	
G	1610eb4	4.36	0	0	
G	1610ec0	4.36	0	0	
G	1613e28	4.36	0	0	
G	1613e34	4.36	0	0	
G	16154b8	4.36	0	0	
G	16154c4	4.36	0	0	
G	1616f44	4.36	0	0	
G	1616f50	4.36	0	0	
G	161844c	4.36	0	0	
G	1618458	4.36	0	0	
G	1619e5c	4.36	0	0	
G	1619e68	4.36	0	0	
G	161bbcc	4.36	0	0	
G	161bbd8	4.36	0	0	
G	161c364	4.36	0	0	
G	161ca78	4.36	0	0	
G	161e9d0	4.36	0	0	
G	161e9dc	4.36	0	0	
G	16205b4	4.36	0	0	
G	16205c0	4.36	0	0	
G	162201c	4.36	0	0	
G	1622028	4.36	0	0	
G	1623768	4.36	0	0	
G	1623774	4.36	0	0	
G	1625654	4.36	0	0	
G	1625660	4.36	0	0	
G	1626e64	4.36	0	0	
G	1626e70	4.36	0	0	
G	1628858	4.36	0	0	
G	1628864	4.36	0	0	
G	1629fe4	4.36	0	0	
G	1629ff0	4.36	0	1	
G	162af70	4.36	0	0	
G	162b684	4.36	0	0	
G	162c5e4	4.36	0	0	
G	162c5f0	4.36	0	0	
G	162dc64	4.36	0	0	
G	162dc70	4.36	0	0	
G	162f4c8	4.36	0	0	
G	162f4d4	4.36	0	0	
G	1630fc8	4.36	0	0	
G	1630fd4	4.36	0	0	
G	163289c	4.36	0	0	
G	16328a8	4.36	0	0	
G	1634510	4.36	0	0	
G	163451c	4.36	0	0	
G	1635fa8	4.36	0	0	
G	1635fb4	4.36	0	0	
G	1637684	4.36	0	0	
G	1637690	4.36	0	0	
G	16391e4	4.36	0	0	
G	16391f0	4.36	0	0	
G	163a228	4.36	0	0	
G	163a234	4.36	1	1	
G	163c1c8	4.36	0	0	
G	163c1d4	4.36	0	0	
G	163cb78	4.36	0	0	
G	163cb84	4.36	0	0	
G	163dc54	4.36	0	0	
G	163dc60	4.36	0	0	
G	16401e0	4.36	0	0	
G	16401ec	4.36	0	0	
G	1641b94	4.36	0	0	
G	1641ba0	4.36	0	0	
G	1642eb4	4.36	0	0	
G	1642ec0	4.36	0	0	
G	1643b78	4.36	1	5	
G	164440c	4.36	0	0	
G	1644418	4.36	0	0	
G	1645540	4.36	0	0	
G	164554c	4.36	0	0	
G	1646f9c	4.36	0	0	
G	1646fa8	4.36	0	0	
G	1647fe0	4.36	0	0	
G	1647fec	4.36	0	0	
G	1648ebc	4.36	0	0	
G	1648ec8	4.36	0	0	
G	164a9b0	4.36	0	0	
G	164a9bc	4.36	0	0	
G	164c09c	4.36	0	0	
G	164c0a8	4.36	0	0	
G	164d870	4.36	0	0	
G	164d87c	4.36	0	0	
G	164f0f0	4.36	0	0	
G	164f0fc	4.36	0	0	
G	1650a68	4.36	0	0	
G	1650a74	4.36	0	0	
G	1651c94	4.36	0	0	
G	1651ca0	4.36	0	1	
G	165344c	4.36	0	0	
G	1653458	4.36	0	0	
G	1654d30	4.36	0	0	
G	1654d3c	4.36	0	0	
G	1656964	4.36	0	0	
G	1656970	4.36	0	0	
G	16575e4	4.36	0	0	
G	16575f0	4.36	0	0	
G	1658f18	4.36	0	0	
G	1658f24	4.36	0	0	
G	165aab4	4.36	0	0	
G	16e8588	4.36	0	0	
G	16e8664	4.36	0	0	
G	16e8940	4.36	0	0	
G	16e8954	4.36	0	4	
G	16e89b4	4.36	1	4	
G	16e8d14	4.36	0	0	
G	16e8ee8	4.36	0	0	
G	16e904c	4.36	2	2	
G	16e9338	4.36	0	0	
G	16e96ac	4.36	0	0	
G	16e977c	4.36	0	0	
G	16f5bf0	4.36	0	6	
G	16f7a80	4.36	0	0	
G	16faa20	4.36	0	0	
G	16ff9d4	4.36	0	0	
G	1514b80	4.37	0	0	
G	165aaa8	4.37	0	0	
G	165ba50	4.37	0	0	
G	165c264	4.37	0	0	
G	165d0a0	4.37	0	0	
G	165d0ac	4.37	0	0	
G	165eb00	4.37	0	0	
G	165eb0c	4.37	0	0	
G	165fb28	4.37	0	0	
G	165fb34	4.37	0	0	
G	1661214	4.37	0	0	
G	1661220	4.37	0	0	
G	1662e14	4.37	0	0	
G	1662e20	4.37	0	0	
G	1664744	4.37	0	0	
G	1664750	4.37	0	0	
G	1666810	4.37	0	0	
G	166681c	4.37	1	1	
G	16684cc	4.37	0	0	
G	16684d8	4.37	0	0	
G	1669f34	4.37	0	0	
G	1669f40	4.37	0	0	
G	166bc74	4.37	0	0	
G	166bc80	4.37	0	0	
G	166ce10	4.37	0	0	
G	166ce1c	4.37	0	0	
G	166e5a4	4.37	0	0	
G	166e5b0	4.37	0	0	
G	166ff80	4.37	0	0	
G	166ff8c	4.37	0	0	
G	1671288	4.37	0	0	
G	1671294	4.37	0	0	
G	1672878	4.37	0	0	
G	1672884	4.37	0	0	
G	1673904	4.37	0	0	
G	1673910	4.37	0	0	
G	1675330	4.37	0	0	
G	167533c	4.37	0	0	
G	1676ee0	4.37	0	0	
G	1676eec	4.37	0	0	
G	167891c	4.37	0	0	
G	1678928	4.37	0	0	
G	1679c54	4.37	0	0	
G	1679c60	4.37	0	0	
G	167ac30	4.37	0	0	
G	167ac3c	4.37	0	0	
G	167bd74	4.37	0	0	
G	167bd80	4.37	0	1	
G	167dbac	4.37	0	0	
G	167dbb8	4.37	0	0	
G	167ed40	4.37	0	0	
G	167ed4c	4.37	0	0	
G	167ffd0	4.37	0	0	
G	167ffdc	4.37	0	0	
G	1681c04	4.37	0	0	
G	1681c10	4.37	0	0	
G	1682ce0	4.37	0	0	
G	1682cec	4.37	0	0	
G	1684000	4.37	0	0	
G	168400c	4.37	0	0	
G	1685da8	4.37	0	0	
G	1685db4	4.37	0	0	
G	16870c8	4.37	0	0	
G	16870d4	4.37	0	0	
G	1689cfc	4.37	0	0	
G	1689d08	4.37	0	0	
G	168b444	4.37	0	0	
G	168b450	4.37	0	0	
G	168ce98	4.37	0	0	
G	168cea4	4.37	0	0	
G	168df78	4.37	0	0	
G	168df84	4.37	0	0	
G	168eebc	4.37	0	0	
G	168eec8	4.37	0	1	
G	1691048	4.37	0	0	
G	1691054	4.37	0	0	
G	16927b0	4.37	0	0	
G	16927bc	4.37	0	0	
G	1693ff8	4.37	0	0	
G	1694004	4.37	0	0	
G	16959f4	4.37	0	0	
G	1695a00	4.37	0	0	
G	1697f54	4.37	0	0	
G	1697f60	4.37	0	0	
G	1699b08	4.37	0	0	
G	1699b14	4.37	0	1	
G	169b0ac	4.37	0	0	
G	169b0b8	4.37	0	0	
G	169cc24	4.37	0	0	
G	169cc30	4.37	1	1	
G	169e58c	4.37	0	0	
G	169e598	4.37	0	0	
G	169fda0	4.37	0	0	
G	169fdac	4.37	0	0	
G	16a1878	4.37	0	0	
G	16a1884	4.37	0	0	
G	16a2d88	4.37	0	0	
G	16a2d94	4.37	0	0	
G	16a3fa8	4.37	0	0	
G	16a3fb4	4.37	0	0	
G	16a53d0	4.37	0	0	
G	16a53dc	4.37	0	0	
G	16a6b44	4.37	0	0	
G	16a6b50	4.37	0	0	
G	16a7ffc	4.37	0	0	
G	16a8008	4.37	0	0	
G	16a97c0	4.37	0	0	
G	16a97cc	4.37	0	0	
G	16aaff8	4.37	1	1	
G	16ab004	4.37	0	1	
G	16acb70	4.37	0	0	
G	16acb7c	4.37	0	0	
G	16ae080	4.37	0	0	
G	11f7ffc	4.39	0	1	
G	11f89a0	4.39	0	0	
G	12c61b8	4.39	0	5	
G	16f8624	4.39	5	5	
G	16f88a0	4.39	3	35	
G	16f8a4c	4.39	4	25	
G	16f9118	4.39	7	614	
G	16f9594	4.39	9	104	
G	16f96a0	4.39	1	6	
G	16f96f0	4.39	1	4	
G	16f99ac	4.39	10	10	
G	16f9b80	4.39	4	93	
G	16f9ce4	4.39	3	7	
G	16f9fd0	4.39	0	0	
G	16fa540	4.39	0	0	
G	16fa610	4.39	4	4	
G	16fa8cc	4.39	11	87	
G	11f8a90	4.40	1	5	
G	11f8950	4.42	0	0	
G	131111c	4.42	0	0	
G	16f9740	4.42	0	0	
G	1350c68	4.69	1	2	
G	18779a8	4.69	0	0	
G	1877a60	4.69	0	0	
G	1959558	4.69	0	0	
G	1df3b74	4.69	0	4	
G	1e1108c	4.69	0	0	
G	1e110a0	4.69	0	0	
G	1e76c60	4.69	1	1	
G	1e83ca8	4.69	0	0	
G	1e8413c	4.69	0	4	
G	1e9127c	4.69	0	0	
G	1e938cc	4.69	1	2	
G	1e939f0	4.69	0	0	
G	1eb6eac	4.69	22	513	
G	1eb6f84	4.69	68	594	
G	1eb72f4	4.69	0	0	
G	1f1e858	4.69	0	0	
G	1f7f564	4.69	1	1	
G	1f7f604	4.69	1	1	
G	1d88364	4.71	0	0	
G	1d884d8	4.71	1	2	
G	1e527f8	4.71	4	6	
G	1f226b0	4.71	1	3	
G	1f41c70	4.71	1	2	
G	1d88704	4.72	0	1	
G	1392d10	4.74	0	0	
G	195cfbc	4.74	0	1	
G	1c2c87c	4.74	0	2	
G	1dc9f1c	4.74	0	0	
G	1dcef74	4.74	0	0	
G	1dd7a34	4.74	0	0	
G	1df2860	4.74	23	320	
G	1df2c98	4.74	1	2	
G	1df2fbc	4.74	0	0	
G	1df2fc0	4.74	1	1	
G	1df32e8	4.74	3	3	
G	1df393c	4.74	0	0	
G	1e9ee34	4.74	0	0	
G	1eab204	4.74	0	2	
G	1eab25c	4.74	0	2	
G	1eb51bc	4.74	24	24	
G	1eb54ac	4.74	1	9	
G	1eca3d0	4.74	16	41	
G	11a929c	4.79	7	34	
G	1db580c	4.79	0	0	
G	1ed30f4	4.79	0	16	
G	1ed3a1c	4.79	0	20	
G	16ed064	4.89	0	0	
G	16faa2c	4.89	0	3190	
G	16faaec	4.89	1	3182	
G	16fbcac	4.89	1	3162	
G	16fe250	4.89	0	0	
G	16fe258	4.89	1	30	
G	16fe344	4.89	3	3133	
G	16fe758	4.89	1	2	
G	1d88550	4.89	0	49	
G	1d8886c	4.89	0	0	
G	1d888d0	4.89	0	0	
G	1d888ec	4.89	0	0	
G	1dc5ce4	4.89	1	2120	
G	1dcc750	4.89	0	0	
G	1de62cc	4.89	1	1	
G	1de6704	4.89	0	70	
G	1de6864	4.89	1	117	
G	1df2da4	4.89	0	1	
G	225bd54	4.89	0	0	
G	225c0cc	4.89	0	0	
G	2282f2c	4.90	662	662	
G	11f7c88	4.92	0	0	
G	1200c08	4.92	0	0	
G	15220f8	4.92	0	1	
G	1522180	4.92	1	1	
G	16fc448	4.92	2	18	
G	16fcd40	4.92	1	1	
G	16fd0f0	4.92	0	0	
G	16fd2d0	4.92	0	5	
G	16fd3fc	4.92	0	0	
G	16fd4cc	4.92	2	2	
G	16fd988	4.92	0	1	
G	16fdbfc	4.92	0	0	
G	16fdccc	4.92	0	0	
G	16fe254	4.92	0	0	
G	1de6570	4.92	1	1	
G	1de6a60	4.92	0	45	
G	26953d8	4.92	274	274	
G	11d43c4	4.94	6	7	
G	1d889c8	4.94	0	0	
G	1d889e4	4.94	0	0	
G	1e346c4	4.94	0	0	
G	1e366e4	4.94	0	1	
G	1e86b80	4.94	165	202	
G	1eab2ac	4.94	54	77	
G	1eab354	4.94	144	189	
G	1eac92c	4.94	36	42	
G	1eb5bc0	4.94	33	887	
G	1eb5c54	4.94	0	0	
G	1eb5cb8	4.94	48	51	
G	1eb6be8	4.94	99	103	
G	1ebb75c	4.94	47	124	
G	1ec430c	4.94	2	29	
G	1ec4af0	4.94	278	6780	
G	1ec67cc	4.94	3	3	
G	1eca4c4	4.94	23	24	
G	1ecae64	4.94	87	87	
G	1ecb918	4.94	289	1733	
G	1ecbb90	4.94	19	21	
G	1ecc8c4	4.94	0	0	
G	1eccd64	4.94	29	1418	
G	1ecd804	4.94	28	1444	
G	1ece268	4.94	0	0	
G	1ece270	4.94	0	0	
G	1ecfebc	4.94	17	1749	
G	1ecfefc	4.94	30	1710	
G	1ecffdc	4.94	11	67	
G	1ed0064	4.94	23	1259	
G	1ed01d8	4.94	26	313	
G	1ed0360	4.94	25	802	
G	1ed0c90	4.94	47	207	
G	1eda9c8	4.94	53	98	
G	1edaa94	4.94	45	45	
G	1f17d24	4.94	5	5	
G	18712ac	4.95	0	0	
G	1e64e08	4.95	0	0	
G	1e64e10	4.95	0	0	
G	1e77160	4.95	0	0	
G	1e77a80	4.95	0	0	
G	1e77ecc	4.95	0	0	
G	1e781a4	4.95	0	8	
G	1e78384	4.95	1	7	
G	1e78708	4.95	0	0	
G	1e796dc	4.95	90	116	
G	1eabaa0	4.95	0	0	
G	1eb090c	4.95	0	0	
G	1eb0924	4.95	15	16	
G	1eb0a50	4.95	1	1	
G	1ebc078	4.95	24	24	
G	1ebc0b8	4.95	9	19	
G	1ec1c2c	4.95	2	54	
G	1ec2694	4.95	79	844	
G	1ec3580	4.95	1	57	
G	1ec5b3c	4.95	33	33	
G	1ec69d8	4.95	19	87	
G	1ecaf34	4.95	47	51	
G	1ed0610	4.95	73	577	
G	1ed12a0	4.95	19	19	
G	1f17d70	4.95	23	23	
G	2102a80	4.95	13	13	
G	2103b28	4.95	139	344	
G	2103d40	4.95	118	465	
G	210d868	4.95	0	0	
G	210e43c	4.95	0	0	
G	210e484	4.95	0	1	
G	210e52c	4.95	10	18	
G	210e5ec	4.95	4	4	
G	210e724	4.95	0	0	
G	210e72c	4.95	1	1	
G	210e738	4.95	0	0	
G	212f9e0	4.95	10	10	
G	212fab8	4.95	0	0	
G	21732d8	4.95	45	45	
G	2367e74	4.95	0	0	
G	2367ff8	4.95	11	11	
G	135bba0	4.96	1	1	
G	1e11a4c	4.96	30	55	
G	1e771a8	4.96	0	0	
G	1e77738	4.96	0	0	
G	1e77894	4.96	77	77	
G	1e78ce8	4.96	11	14	
G	1e78f48	4.96	5	19	
G	1e792d0	4.96	1	53	
G	1e79378	4.96	7	7	
G	1e793cc	4.96	7	7	
G	1e87090	4.96	69	110	
G	1e87504	4.96	21	131	
G	1e88258	4.96	0	0	
G	1e89038	4.96	0	0	
G	1e89904	4.96	0	0	
G	1e8a0a4	4.96	0	0	
G	1eab41c	4.96	137	523	
G	1eaca74	4.96	74	469	
G	1eb5d78	4.96	99	274	
G	1eb5e74	4.96	69	139	
G	1eb621c	4.96	62	70	
G	1eb6d54	4.96	17	18	
G	1eb8694	4.96	23	70	
G	1eb8f20	4.96	56	60	
G	1ebb800	4.96	30	47	
G	1ec3ab4	4.96	39	61	
G	1ec3b8c	4.96	0	0	
G	1ec3ba4	4.96	0	0	
G	1ec3d7c	4.96	63	300	
G	1ecee58	4.96	34	74	
G	1efeeb8	4.96	40	40	
G	1f3c850	4.96	29	34	
G	1e78720	4.97	242	420	
G	1f4f4d0	4.97	1	1	
G	217e060	4.97	59	59	
G	217e1c4	4.97	74	74	
G	218a208	4.97	0	0	
G	218a2f8	4.97	0	0	
G	218a2fc	4.97	0	0	
G	218a300	4.97	1	1	
G	218a33c	4.97	0	0	
G	2233768	4.97	3	3	
G	22337ec	4.97	1	1	
G	1e78aa8	4.98	198	198	
G	1e7900c	4.98	11	12	
G	20c236c	4.98	22	22	
G	2132b8c	4.98	22	53	
G	21708fc	4.98	1	1	
G	21724f4	4.98	0	0	
G	2183838	4.98	2	1845	
G	2184230	4.98	1835	1842	
G	21b7824	4.98	10	15	
G	1d88844	5.44	1	1	
G	1eb77ec	7.90	38	38	
G	1ed7e24	7.90	105	187	
G	1ed7f94	7.90	51	51	
G	1e77664	8.91	16	16	
G	20c35d8	12.91	78	78	
G	1d889ec	17.93	0	0	
G	1d88828	17.94	0	0	
G	1db44e8	17.94	0	0	
G	1db4590	17.94	1	1	
G	1ec1638	17.94	1	1	
G	17b46fc	17.95	0	0	
G	1de7254	17.95	0	0	
G	1de749c	17.95	0	0	
G	17c603c	17.96	0	0	
G	17fad6c	17.96	0	0	
G	1db1c7c	17.96	0	0	
G	1db4c74	17.96	1	45	
G	119bc0c	18.01	2	2	
G	1e64368	18.01	0	2	
G	1e651c0	18.01	3	4	
G	1e653ac	18.01	0	0	
G	1e864e8	18.01	0	9	
G	1e88940	18.01	0	0	
G	1e88aa4	18.01	0	7	
G	1ea2e2c	18.01	0	0	
G	1ea4db8	18.01	1	8	
G	1ea510c	18.01	0	1	
G	1ea5870	18.01	0	1	
G	1eb4fbc	18.01	0	0	
G	1ec0eb4	18.01	0	59	
G	1ec0f8c	18.01	0	21	
G	1ec12fc	18.01	0	83	
G	1ec5d8c	18.01	0	1	
G	1ec5dd4	18.01	0	0	
G	1ecb160	18.01	1	35	
G	1ece6ac	18.01	0	0	
G	1eda948	18.01	0	0	
G	1efd574	18.01	0	0	
G	20c2368	18.01	0	0	
G	21b7e28	18.01	0	0	
G	21d99cc	18.01	0	2	
G	1ea9ecc	18.02	0	0	
G	1eaa534	18.02	2	3	
G	1eaa81c	18.02	0	3	
G	1eab1e8	18.02	0	0	
G	1eab1ec	18.02	0	13	
G	1eac5ec	18.02	1	1	
G	1eb4f00	18.02	0	26	
G	1eb5a14	18.02	1	1	
G	1ebb540	18.02	0	11	
G	1eca280	18.02	3	4	
G	1ecdaac	18.02	0	0	
G	1ed7da4	18.02	1	1	
G	1e77b14	18.03	1	22	
G	1e77e5c	18.03	0	11	
G	1f29ae0	18.03	0	0	
G	1f29b40	18.03	0	0	
G	1f2df64	18.03	0	0	
G	1f2e38c	18.03	0	0	
G	1f2f08c	18.03	1	1	
G	1f2f360	18.03	0	1	
G	1f30898	18.03	0	0	
G	1f30b6c	18.03	0	0	
G	1f30e88	18.03	1	1	
G	20bce30	18.03	0	0	
G	20c1f4c	18.03	0	1	
G	20c2060	18.03	0	55	
G	2100d0c	18.03	1	3	
G	21029b4	18.03	0	0	
G	210d9e4	18.03	0	0	
G	210e0f4	18.03	1	4	
G	21303d8	18.03	1	1	
G	2189f44	18.03	0	7	
G	218aa40	18.03	0	0	
G	21bb9a4	18.03	8	19	
G	21bbbc4	18.03	0	14	
G	21be5ec	18.03	0	0	
G	21be89c	18.03	3	21	
G	21bea8c	18.03	0	21	
G	21c0934	18.03	7	7	
G	21e71e0	18.03	0	0	
G	2357084	18.03	1	2	
G	2366544	18.03	0	1	
G	23670e8	18.03	0	1	
G	13a98c4	18.04	0	0	
G	1e780c8	18.04	0	0	
G	1e7818c	18.04	0	0	
G	1e7967c	18.04	0	0	
G	209f540	18.04	0	1	
G	20c1324	18.04	0	11	
G	20c1720	18.04	0	3	
G	2106714	18.04	0	4	
G	210e4c8	18.04	0	0	
G	2134800	18.04	1	1	
G	2144990	18.04	1	1	
G	2172d90	18.04	0	5	
G	2172e0c	18.04	0	3	
G	2173570	18.04	4	4	
G	217370c	18.04	1	1	
G	21821b4	18.04	8	9	
G	2184e6c	18.04	1	1	
G	21b6cbc	18.04	0	0	
G	21c0174	18.04	0	0	
G	21d5e38	18.04	1	3	
G	21d66c0	18.04	0	3	
G	21e29f8	18.04	2	2	
G	21e74b8	18.04	2	2	
G	21ebc48	18.04	0	3	
G	23697f4	18.04	0	2	
G	1db6000	18.05	0	0	
G	11ab048	18.06	0	0	
G	13b5390	18.06	0	0	
G	1489058	18.06	0	0	
G	1489064	18.06	0	0	
G	1700660	18.06	0	0	
G	17b4720	18.06	0	0	
G	17c36e8	18.06	0	0	
G	17c3984	18.06	0	0	
G	17c5e30	18.06	0	0	
G	17c5e5c	18.06	0	0	
G	17fa680	18.06	0	0	
G	17fa784	18.06	0	0	
G	1d88428	18.06	1	2	
G	1db3a2c	18.06	0	0	
G	1db3b08	18.06	0	0	
G	1e85074	18.06	0	0	
G	1e85088	18.06	0	0	
G	1e8ad48	18.06	0	0	
G	1e9e8bc	18.06	1	1	
G	1e9eadc	18.06	0	0	
G	1e9eb64	18.06	0	0	
G	136cde4	18.08	0	1	
G	17c39f0	18.08	2	45	
G	17c43bc	18.08	0	0	
G	17c43d8	18.08	0	0	
G	17c43e0	18.08	0	0	
G	1de6e8c	18.08	0	0	
G	1de6efc	18.08	1	1	
G	1e948a4	18.09	0	3	
G	1e949c8	18.09	0	0	
G	1f225bc	18.11	0	0	
G	1f29e88	18.11	0	0	
G	1f29fa8	18.11	0	0	
G	1f2c8c4	18.11	2	8	
G	1f2e0e8	18.11	0	0	
G	1f2e124	18.11	0	1	
G	1f2e398	18.11	0	0	
G	1f2e70c	18.11	0	0	
G	1f2e87c	18.11	1	1	
G	1f2ec98	18.11	0	0	
G	1f2f810	18.11	0	1	
G	1f2fa98	18.11	0	1	
G	1f2fc10	18.11	0	0	
G	1f2ff64	18.11	2	2	
G	1f30220	18.11	1	3	
G	1f3053c	18.11	0	0	
G	1f31078	18.11	0	8	
G	1f35cf8	18.11	1	1	
G	1f36e68	18.11	0	0	
G	1f4e560	18.11	0	0	
G	1f4e9b8	18.11	0	0	
G	1145d94	18.12	1	2	
G	14624ec	18.12	0	0	
G	1481350	18.12	0	0	
G	148780c	18.12	1	1	
G	1487958	18.12	0	1	
G	148820c	18.12	1	1	
G	14884cc	18.12	0	0	
G	1489070	18.12	1	77	
G	148a598	18.12	0	0	
G	148a9d0	18.12	0	0	
G	148ab04	18.12	0	0	
G	14b7714	18.12	0	4	
G	14b77e8	18.12	1	4	
G	14cc0b4	18.12	0	20	
G	14d5030	18.12	1	2	
G	14d5168	18.12	0	0	
G	14ec004	18.12	0	0	
G	14ec028	18.12	0	0	
G	14fa1b8	18.12	0	0	
G	1700670	18.12	0	0	
G	17c4478	18.12	0	0	
G	17c4494	18.12	0	0	
G	17c449c	18.12	0	20	
G	17c4578	18.12	0	0	
G	17c4594	18.12	0	0	
G	1e3509c	18.12	1	5	
G	1f0af00	18.12	0	0	
G	1f0af18	18.12	0	0	
G	1f314a4	18.12	0	0	
G	21ed33c	18.12	0	3	
G	21ed3ec	18.12	0	1	
G	21ed6fc	18.12	1	2	
G	21ed8b8	18.12	1	1	
G	21f587c	18.12	1	1	
G	21f5a24	18.12	0	0	
G	21f5a50	18.12	0	0	
G	21f5af4	18.12	0	0	
G	21fe368	18.12	1	1	
G	21ff344	18.12	0	1	
G	21ff480	18.12	2	2	
G	2204694	18.12	0	0	
G	2204b68	18.12	0	0	
G	220ba58	18.12	0	1	
G	220c508	18.12	0	0	
G	220cdd0	18.12	0	0	
G	220ce68	18.12	0	0	
G	220ce70	18.12	0	0	
G	220d568	18.12	1	1	
G	220d9a4	18.12	0	0	
G	220dab4	18.12	0	0	
G	220db20	18.12	0	0	
G	220db84	18.12	0	0	
G	220dbe8	18.12	1	1	
G	220e108	18.12	0	1	
G	220e2a0	18.12	3	5	
G	220f290	18.12	0	6	
G	259f114	18.12	0	0	
G	1143b0c	18.13	0	0	
G	1143ddc	18.13	1	9	
G	114493c	18.13	1	7	
G	1145464	18.13	0	9	
G	1145560	18.13	1	13	
G	1146b04	18.13	3	5	
G	1147128	18.13	0	0	
G	11472e0	18.13	4	10	
G	1147424	18.13	1	1	
G	1147644	18.13	0	6	
G	1147a40	18.13	1	1	
G	1147b70	18.13	0	1	
G	1147f80	18.13	2	11	
G	11484d0	18.13	1	1	
G	13be860	18.13	0	0	
G	13ef110	18.13	0	0	
G	140d248	18.13	1	6	
G	140ff04	18.13	0	0	
G	144e0c0	18.13	0	0	
G	146a448	18.13	1	1	
G	14783a0	18.13	2	8	
G	1481570	18.13	1	1	
G	1492628	18.13	0	0	
G	14b7e48	18.13	1	6	
G	14b8138	18.13	2	4	
G	14d4e74	18.13	0	0	
G	1e34f84	18.13	0	2	
G	1e35350	18.13	0	0	
G	1f15374	18.13	0	0	
G	1f15510	18.13	0	0	
G	1f155cc	18.13	1	1	
G	1f1588c	18.13	0	1	
G	1f162bc	18.13	0	1	
G	1f16d38	18.13	0	0	
G	1f1742c	18.13	0	0	
G	1f174ac	18.13	0	0	
G	1f17524	18.13	0	0	
G	1f1765c	18.13	0	0	
G	1f5cbf8	18.13	2	2	
G	1f5cc18	18.13	17	17	
G	1f7bc24	18.13	0	0	
G	1f7bc30	18.13	0	0	
G	1f855b4	18.13	0	15	
G	1f88328	18.13	0	0	
G	1f88ba4	18.13	7	7	
G	1f897d0	18.13	0	0	
G	21f5900	18.13	0	0	
G	21f5948	18.13	0	0	
G	21ff0bc	18.13	0	0	
G	21ff1d4	18.13	6	6	
G	21ffc40	18.13	0	0	
G	2200364	18.13	3	1499	
G	2200688	18.13	13	13	
G	22007e8	18.13	10	1596	
G	2201eec	18.13	0	0	
G	220baa4	18.13	0	0	
G	220cd6c	18.13	0	0	
G	220ce10	18.13	0	0	
G	220ce3c	18.13	0	0	
G	220da58	18.13	0	0	
G	220dcdc	18.13	1	1	
G	220dd98	18.13	1456	1456	
G	2247d20	18.13	0	0	
G	259eba4	18.13	9	39	
G	259f1a8	18.13	0	0	
G	259f2a4	18.13	0	0	
G	1144108	18.14	0	0	
G	1145434	18.14	0	1	
G	11478a0	18.14	1	2	
G	1147c54	18.14	0	1	
G	11482c0	18.14	0	0	
G	140fd50	18.14	1	1	
G	1480d60	18.14	33	812	
G	1480e40	18.14	331	331	
G	14836d4	18.14	1	1	
G	14885e8	18.14	0	1	
G	14d49f4	18.14	1	2	
G	14d5554	18.14	0	0	
G	1e89f34	18.14	0	0	
G	1eb92f8	18.14	0	0	
G	1ed9114	18.14	87	107	
G	220bb64	18.14	0	0	
G	220bca0	18.14	0	2	
G	220c1d8	18.14	0	0	
G	220c810	18.14	0	0	
G	220c8f8	18.14	0	0	
G	220d72c	18.14	1	1	
G	259f1b8	18.14	1	1	
G	259f1e8	18.14	0	0	
G	114537c	18.16	0	58	
G	1145e74	18.16	2	60	
G	11464d0	18.16	8	16	
G	220bf10	18.16	1	1	
G	220c168	18.16	0	0	
G	220c950	18.16	0	0	
G	220d8a0	18.16	0	0	
G	259f23c	18.16	0	0	
G	259f278	18.16	0	0	
G	1144110	18.17	1	42	
G	13ef114	18.17	0	0	
G	140d394	18.17	1	6	
G	140d3fc	18.17	2	5	
G	140fe34	18.17	0	2	
G	14254f4	18.17	1	1	
G	1462638	18.17	8	488	
G	14807b4	18.17	0	1	
G	148095c	18.17	0	1	
G	1481408	18.17	0	0	
G	1481668	18.17	1	1	
G	220ca38	18.17	0	0	
G	13bb408	18.18	7	266	
G	13bd1b0	18.18	0	0	
G	13e0b30	18.18	0	22	
G	13f0b90	18.18	0	0	
G	13f0ce0	18.18	0	0	
G	13f0f98	18.18	0	0	
G	13f135c	18.18	0	0	
G	13f52f0	18.18	0	0	
G	13f8c2c	18.18	0	0	
G	13f9478	18.18	0	0	
G	13fb268	18.18	0	0	
G	13fb878	18.18	0	0	
G	13fbb90	18.18	0	0	
G	13fc76c	18.18	0	0	
G	13fcc48	18.18	0	0	
G	13fcf40	18.18	0	0	
G	13fd5e8	18.18	0	0	
G	13fdbf0	18.18	0	0	
G	13fe034	18.18	0	0	
G	13fe520	18.18	0	0	
G	13fec64	18.18	0	0	
G	13ff290	18.18	0	0	
G	13ff3b0	18.18	0	0	
G	13ff4c0	18.18	0	0	
G	13ff538	18.18	0	0	
G	13ff5d0	18.18	0	0	
G	14fa2d8	18.18	0	0	
G	1dfcf54	18.18	0	0	
G	1e35358	18.18	32	32	
G	13bd9bc	18.19	0	0	
G	13bdb0c	18.19	0	0	
G	140046c	18.19	0	40	
G	14004bc	18.19	0	0	
G	14007f8	18.19	0	0	
G	14009ac	18.19	0	0	
G	1400b04	18.19	0	0	
G	1400be4	18.19	0	0	
G	1400c7c	18.19	0	0	
G	1400d2c	18.19	0	0	
G	1400ddc	18.19	0	0	
G	1143a68	18.20	2	33	
G	114582c	18.20	0	0	
G	115ecd0	18.20	0	290	
G	1160db8	18.20	4	35	
G	1160efc	18.20	0	2	
G	1161040	18.20	0	0	
G	12b3130	18.20	1	18	
G	1399460	18.20	0	0	
G	13b45b4	18.20	36	124	
G	13be354	18.20	0	0	
G	13f6dcc	18.20	0	0	
G	13f7470	18.20	0	1	
G	1400e74	18.20	0	0	
G	1400f3c	18.20	0	0	
G	1401608	18.20	0	0	
G	14fa2fc	18.20	1	1	
G	14fa4d0	18.20	1	1	
G	1517d6c	18.20	1	1	
G	151dfbc	18.20	1	2	
G	151e3d0	18.20	0	1	
G	151e5b4	18.20	0	0	
G	151e744	18.20	0	0	
G	151e8fc	18.20	0	0	
G	151e950	18.20	0	0	
G	151e9ac	18.20	0	4	
G	151ebdc	18.20	1	1	
G	151edc0	18.20	0	0	
G	151ef48	18.20	1	7	
G	151f3c0	18.20	0	2	
G	151f5a4	18.20	0	0	
G	151fa4c	18.20	0	3	
G	151fc78	18.20	0	0	
G	151fe4c	18.20	0	1	
G	151ff34	18.20	1	50	
G	1520158	18.20	1	2	
G	152033c	18.20	0	2	
G	15204d8	18.20	2	36	
G	1520a18	18.20	0	0	
G	1520a24	18.20	0	8	
G	1520c44	18.20	1	1	
G	1520c98	18.20	0	15	
G	1520f3c	18.20	1	3	
G	152117c	18.20	1	8	
G	1521284	18.20	0	9	
G	158c130	18.20	0	1	
G	15909f4	18.20	0	10	
G	1590a6c	18.20	0	0	
G	1590ae8	18.20	0	0	
G	16ed084	18.20	0	492	
G	1dc6370	18.20	542	666	
G	2204b70	18.20	0	0	
G	2669ac8	18.20	0	0	
G	2669acc	18.20	1	7	
G	2694d18	18.20	2	2	
G	1143a14	18.21	0	0	
G	114451c	18.21	1	1	
G	11446f4	18.21	0	0	
G	11459c0	18.21	1	1	
G	1145b2c	18.21	1	3	
G	1148674	18.21	0	0	
G	1148934	18.21	0	0	
G	13a1784	18.21	1	305	
G	13a534c	18.21	0	0	
G	13bb1fc	18.21	0	0	
G	1481f1c	18.21	0	4	
G	14835c4	18.21	0	0	
G	1483ad4	18.21	0	0	
G	1483ff0	18.21	0	1	
G	1486b20	18.21	1	4	
G	14876c8	18.21	1	1	
G	1488708	18.21	0	0	
G	1489b0c	18.21	1	1	
G	148a418	18.21	0	4	
G	14d4a60	18.21	0	0	
G	14d4bb0	18.21	0	0	
G	14f9f84	18.21	0	0	
G	158ba2c	18.21	0	0	
G	158ccf8	18.21	0	0	
G	16fac78	18.21	0	451	
G	16fb164	18.21	1	448	
G	16fe55c	18.21	2	442	
G	16fe6e0	18.21	0	8	
G	170a39c	18.21	0	0	
G	170a79c	18.21	2	409	
G	17c459c	18.21	0	0	
G	1ce67c8	18.21	0	0	
G	1ce69a4	18.21	0	46	
G	21ff004	18.21	0	0	
G	21ffae8	18.21	0	0	
G	220ca90	18.21	0	2	
G	220d61c	18.21	2	2	
G	2210f74	18.21	0	0	
G	2269dd8	18.21	1	1	
G	22e03c4	18.21	0	1	
G	133746c	18.23	0	3	
G	13501a8	18.23	2	2	
G	177e3b4	18.23	0	0	
G	177e564	18.23	0	0	
G	177e570	18.23	0	0	
G	1ce6c38	18.23	1	5	
G	1ce6ef0	18.23	0	0	
G	1ec4610	18.25	0	0	
G	1ecc4b8	18.25	1	1	
G	1ec0d80	18.30	6	6	
G	1ce6ae4	18.40	1	37	
G	1ce6f2c	18.40	0	0	
G	1599dac	18.42	58	58	
G	16ed01c	18.42	0	0	
G	170a50c	18.42	13	70	
G	1ce6f34	18.42	0	0	
G	1e79484	18.42	1	1	
G	1eb88b0	18.42	7	18	
G	1ec0574	18.42	35	60	
G	17cfe60	18.43	0	2	
G	17ff848	18.43	0	11	
G	17ffa8c	18.43	0	0	
G	1801570	18.43	0	0	
G	1801744	18.43	3	9	
G	17de560	18.45	0	0	
G	114bc5c	18.48	0	0	
G	20ad250	18.48	0	0	
G	2176114	18.48	0	0	
G	1db566c	18.50	1	1	
G	1ce6a84	18.65	0	0	
G	17b4740	18.67	0	0	
G	1ec04cc	18.72	0	0	
G	1ed9094	18.72	0	0	
G	17c38f0	18.77	0	0	
G	17c3988	18.77	0	0	
G	17c5a64	18.77	0	0	
G	17c5ac8	18.77	0	0	
G	1ce68d0	18.77	0	0	
G	17c5ad0	18.78	0	227	
G	1cdfbb8	18.80	0	0	
G	1d82de8	18.80	0	46	
G	1e1d024	18.80	0	0	
G	22954e8	18.80	0	0	
G	2297be4	18.80	0	1	
G	22e1700	18.80	1	1	
G	2299154	18.81	35	35	
G	2275200	18.82	0	0	
G	117b070	18.83	0	0	
G	117b408	18.83	0	0	
G	117b490	18.83	0	0	
G	117b6e4	18.83	0	1	
G	117b76c	18.83	1	3	
G	118edc0	18.83	0	1	
G	118ee48	18.83	1	1	
G	11c9284	18.83	0	1	
G	130e2c8	18.83	0	0	
G	130e350	18.83	0	0	
G	14fa408	18.83	24	71	
G	1592f20	18.83	16	19	
G	16221b4	18.83	0	0	
G	16224c0	18.83	2	49	
G	1622644	18.83	0	31	
G	1662eac	18.83	0	0	
G	1662eb0	18.83	0	0	
G	16631b8	18.83	1	15	
G	166333c	18.83	1	8	
G	1663584	18.83	0	0	
G	1663754	18.83	1	1	
G	1663b08	18.83	0	0	
G	16f57a0	18.83	0	0	
G	171645c	18.83	1	57	
G	1716534	18.83	0	3	
G	1760f30	18.83	70	222	
G	176127c	18.83	57	95	
G	1aa9e1c	18.83	2	23	
G	1aaa860	18.83	3	63	
G	1aaac4c	18.83	1	30	
G	1aae558	18.83	1	7	
G	1aaee2c	18.83	0	0	
G	1aaeefc	18.83	1	1	
G	1aaf4c8	18.83	0	0	
G	1aaf724	18.83	0	17	
G	1db1cb8	18.83	0	0	
G	1db1da8	18.83	0	0	
G	1dc8ba0	18.83	0	4	
G	1e17348	18.83	0	0	
G	1e3567c	18.83	0	0	
G	1306108	18.84	1	1	
G	130f9c0	18.84	1	1	
G	1315874	18.84	0	1	
G	136cb08	18.84	0	2	
G	13b4b80	18.84	0	0	
G	16221b8	18.84	0	0	
G	16ed054	18.84	0	0	
G	16f949c	18.84	13	14	
G	1aab960	18.84	0	3	
G	1aabc68	18.84	1	6	
G	1aac13c	18.84	0	0	
G	1aadea4	18.84	0	2	
G	1ab00fc	18.84	0	0	
G	1ab0b40	18.84	0	0	
G	1ab0b98	18.84	1	1	
G	1ab0cd4	18.84	0	0	
G	1de8488	18.84	0	2	
G	1de9a2c	18.84	0	0	
G	1de9ba8	18.84	0	0	
G	162f660	18.86	0	0	
G	162f664	18.86	0	0	
G	162f96c	18.86	0	2	
G	162faf0	18.86	0	2	
G	16f5800	18.86	0	0	
G	1aafa94	18.86	0	0	
G	1aafca8	18.86	0	0	
G	1d83014	18.86	3	181	
G	1dc5bdc	18.86	0	0	
G	1e00df0	18.86	0	2	
G	1e35734	18.86	0	0	
G	1e527ec	18.86	0	0	
G	2303548	18.86	0	0	
G	1958af8	18.89	0	0	
G	1958c30	18.89	1	126	
G	195bde8	18.89	0	0	
G	1959578	18.90	1	1	
G	195ace0	18.90	0	0	
G	195bf8c	18.90	0	0	
G	195c8b0	18.90	0	0	
G	1d856ac	18.90	0	0	
G	1d856c8	18.90	0	0	
G	1d8583c	18.92	0	0	
G	1d85858	18.92	0	0	
G	17029bc	18.95	0	0	
G	1702f08	18.95	0	0	
G	1702f78	18.95	0	0	
G	1d85c24	18.95	0	0	
G	1d85c40	18.95	0	0	
G	1d85d94	18.95	0	0	
G	1d85db0	18.95	0	0	
G	1dff424	18.95	0	0	
G	1dff590	18.95	0	0	
G	1dff61c	18.95	0	0	
G	1d85ff0	18.96	0	0	
G	1d8600c	18.96	0	0	
G	1e1d198	18.96	0	244	
G	1e1e38c	18.98	0	0	
G	1e1e3a8	18.98	0	0	
G	1e1e51c	19.00	0	0	
G	1e1e538	19.00	0	0	
G	1806aa4	19.01	0	0	
G	16fdbec	19.04	0	0	
G	16fdbf8	19.04	0	0	
G	1ce0778	19.04	0	3	
G	1d85138	19.04	1	24	
G	1d86180	19.04	0	0	
G	1d8619c	19.04	0	0	
G	1e1e12c	19.04	1	5	
G	1e35738	19.04	0	3	
G	1e3a40c	19.04	1	3	
G	1ed3570	19.11	0	6	
G	1ed377c	19.11	0	0	
G	195b93c	19.14	0	0	
G	1cdfdbc	19.14	0	2	
G	1cdfec8	19.14	1	1	
G	1ce0670	19.14	1	1	
G	1e1e054	19.14	0	0	
G	1e1e824	19.14	0	0	
G	1e1e840	19.14	0	0	
G	1d83d88	19.21	1	88	
G	1d86364	19.21	0	0	
G	1d86380	19.21	0	0	
G	1d86830	19.24	0	0	
G	1d8684c	19.24	0	0	
G	1d869e8	19.24	0	0	
G	1d86a04	19.24	0	0	
G	1d86a80	19.24	0	0	
G	1d86a9c	19.24	0	0	
G	1d86b38	19.24	0	0	
G	1d86b54	19.24	0	0	
G	1dd56a4	19.24	0	0	
G	1df2a7c	19.24	0	0	
G	1d86cf0	19.26	0	0	
G	1d86d0c	19.26	0	0	
G	1dcf068	19.26	1	1	
G	1dd5cc0	19.26	1	270	
G	1df2600	19.26	0	0	
G	1df533c	19.26	1	522	
G	1e11eec	19.26	0	0	
G	1e11ef4	19.26	0	0	
G	26a87f0	19.26	1	1	
G	26a8dc8	19.26	0	0	
G	26a923c	19.26	0	0	
G	17d4014	19.27	0	0	
G	18b4a30	19.27	0	0	
G	1d87ab4	19.27	0	0	
G	1d87ad0	19.27	0	0	
G	1d87bd4	19.27	0	0	
G	1d87bf0	19.27	0	0	
G	12328f4	19.28	4	54	
G	1d87d4c	19.28	0	0	
G	1d87d68	19.28	0	0	
G	12744c8	19.30	0	0	
G	127cd80	19.30	0	0	
G	127cf7c	19.30	1	2	
G	138b4fc	19.30	0	0	
G	165fbc0	19.30	0	0	
G	165fecc	19.30	2	5	
G	1660050	19.30	0	0	
G	1660410	19.30	0	0	
G	1660640	19.30	1	1	
G	16f598c	19.30	0	0	
G	17fef2c	19.30	0	2	
G	1800040	19.30	0	0	
G	1aa9b50	19.30	0	2	
G	1aad7a8	19.30	0	2	
G	1aaf974	19.30	0	0	
G	1bbf09c	19.30	0	0	
G	1d85604	19.30	0	0	
G	1dc84a8	19.30	1	29	
G	1dc8c4c	19.30	0	33	
G	1dd4dec	19.30	0	253	
G	1dff628	19.30	0	11	
G	1dff748	19.30	1	6	
G	1e000bc	19.30	0	0	
G	1e0018c	19.30	0	0	
G	1e005cc	19.30	0	0	
G	1e13bc8	19.30	0	2	
G	1e13c40	19.30	0	0	
G	1e1748c	19.30	0	0	
G	1e62ab4	19.30	0	0	
G	1e7e900	19.30	0	0	
G	1f59a4c	19.30	0	0	
G	127d004	19.31	1	1	
G	138b584	19.31	0	0	
G	165fbc4	19.31	0	0	
G	1663c94	19.31	0	0	
G	1663d64	19.31	0	0	
G	16f937c	19.31	0	0	
G	16f97d8	19.31	0	0	
G	17fcbd8	19.31	2	4	
G	17fd1ac	19.31	16	1823	
G	17fdca4	19.31	0	9	
G	17fdfcc	19.31	3	6	
G	17ff158	19.31	0	22	
G	17ff1ec	19.31	0	0	
G	18003a4	19.31	37	858	
G	1800ab0	19.31	12	762	
G	1800c08	19.31	4	5	
G	1800ddc	19.31	0	3	
G	1800f84	19.31	1	1	
G	1801054	19.31	2	2	
G	1aab168	19.31	0	13	
G	1aae210	19.31	1	7	
G	1aae458	19.31	0	0	
G	1aaebac	19.31	1	1	
G	1d882c4	19.31	0	0	
G	1d882e0	19.31	0	0	
G	1e09e10	19.31	0	0	
G	1e0a024	19.31	0	0	
G	1e83430	19.31	0	0	
G	1e845b4	19.31	0	0	
G	1e97bc8	19.31	1	1	
G	1e99e44	19.31	0	2	
G	1f6bf8c	19.31	5	5	
G	1f6e82c	19.31	0	0	
G	1f6e850	19.31	1	58	
G	1f6e9e8	19.31	9	9	
G	1f72ad0	19.31	0	0	
G	1f75280	19.31	0	18	
G	1f75388	19.31	1	1	
G	1f75730	19.31	3	3	
G	1f77290	19.31	9	9	
G	1f7814c	19.31	0	0	
G	1184924	19.32	3	10	
G	17fdc84	19.32	0	0	
G	1801310	19.32	2	3	
G	1aab7d0	19.32	1	1	
G	1aafe18	19.32	0	0	
G	1aaff3c	19.32	1	2	
G	1e98450	19.32	35	56	
G	1e995f0	19.32	6	77	
G	1e9a0d4	19.32	26	229	
G	1ec3bcc	19.32	30	113	
G	1ec3f94	19.32	21	95	
G	1ec40b0	19.32	3	46	
G	1eca578	19.32	92	163	
G	1efc204	19.32	10	10	
G	1f21370	19.32	0	0	
G	1f6f78c	19.32	8	8	
G	1f732dc	19.32	28	28	
G	1f73558	19.32	2	17	
G	1f752b0	19.32	1	18	
G	1f77a9c	19.32	2	4	
G	2246970	19.32	2	9	
G	22476fc	19.32	0	2	
G	14a8e18	19.33	0	0	
G	1f70804	19.33	0	0	
G	1f73ce0	19.33	9	536	
G	1f74cbc	19.33	0	0	
G	1f74dc4	19.33	0	0	
G	1f774bc	19.33	12	12	
G	1f776a8	19.33	12	15	
G	1f77c38	19.33	11	11	
G	1f79b4c	19.33	0	0	
G	1f79b6c	19.33	0	0	
G	1f79b88	19.33	1	2	
G	1f79fe8	19.33	0	0	
G	22350d0	19.33	0	0	
G	22356a8	19.33	0	0	
G	223b56c	19.33	4	7	
G	223b654	19.33	0	10	
G	223b6fc	19.33	3	9	
G	223b8c0	19.33	0	0	
G	223b954	19.33	3	13	
G	223baa8	19.33	4	6	
G	223bc8c	19.33	0	0	
G	223bcb4	19.33	3	3	
G	223bf54	19.33	1	3	
G	223c0a4	19.33	7	396	
G	223cf90	19.33	44	44	
G	223d084	19.33	1	1	
G	223f9c8	19.33	1	1	
G	223fa08	19.33	0	5	
G	2240cf8	19.33	1	1	
G	2240db8	19.33	1	1	
G	2240e04	19.33	0	0	
G	224206c	19.33	12	12	
G	22428d8	19.33	2	2	
G	2242ab0	19.33	0	0	
G	2243740	19.33	0	0	
G	22439fc	19.33	3	6	
G	22440a8	19.33	0	0	
G	22447e4	19.33	2	6	
G	224495c	19.33	0	451	
G	2244aac	19.33	2	5	
G	2244c10	19.33	5	451	
G	224502c	19.33	1	414	
G	224575c	19.33	0	1	
G	2245804	19.33	0	0	
G	224681c	19.33	2	2	
G	224789c	19.33	0	0	
G	2247b64	19.33	0	0	
G	2247bbc	19.33	0	3	
G	1f71624	19.34	43	55	
G	1f74dd4	19.34	97	97	
G	1f7b83c	19.34	28	28	
G	1f7b9b0	19.34	1	1	
G	1f7bc68	19.34	0	0	
G	2235718	19.34	21	21	
G	2235794	19.34	32	93	
G	2235c54	19.34	67	272	
G	223ca8c	19.34	29	1767	
G	223da68	19.34	350	1664	
G	223f8d8	19.34	0	0	
G	223f900	19.34	0	11	
G	223fbb0	19.34	17	135	
G	223fc60	19.34	1	118	
G	2243bf4	19.34	0	0	
G	22478d8	19.34	4	72	
G	2606494	19.34	0	0	
G	26069d8	19.34	0	1	
G	2606cdc	19.34	1	44	
G	260e7ac	19.34	9	9	
G	260eb08	19.34	1	1	
G	2614668	19.34	6	21	
G	2616fdc	19.34	19	21	
G	261a584	19.34	0	0	
G	261a928	19.34	25	25	
G	261ac70	19.34	0	0	
G	261ad68	19.34	0	0	
G	261ae68	19.34	0	1	
G	261b38c	19.34	0	0	
G	261b928	19.34	0	0	
G	261b9c0	19.34	2	11	
G	261ba94	19.34	0	0	
G	261bad4	19.34	37	37	
G	261bce0	19.34	1	38	
G	261bd4c	19.34	21	21	
G	261c278	19.34	11	11	
G	261c294	19.34	7	7	
G	261c4bc	19.34	1	1	
G	261c4d4	19.34	1	1	
G	1f71a38	19.36	36	50	
G	223f97c	19.36	0	0	
G	2603db8	19.36	1	65	
G	2604e40	19.36	0	65	
G	26080e4	19.36	7	9	
G	260cb5c	19.36	1	1	
G	260e880	19.36	26	30	
G	260f4cc	19.36	26	96	
G	260fc2c	19.36	0	0	
G	2617c6c	19.36	0	0	
G	2618b40	19.36	0	0	
G	261c504	19.36	1	1	
G	223fedc	19.37	37	1179	
G	2240594	19.37	26	1071	
G	2603ac8	19.37	0	0	
G	2603b70	19.37	9	9	
G	2603bf4	19.37	11	14	
G	2608398	19.37	815	2968	
G	260cd98	19.37	1	15	
G	260d094	19.37	17	83	
G	260df08	19.37	1	84	
G	260ecc0	19.37	13	15	
G	260f19c	19.37	1	4	
G	26136b4	19.37	64	104	
G	2614a7c	19.37	68	278	
G	2614ac8	19.37	688	931	
G	2614dc4	19.37	21	64	
G	2617390	19.37	0	1	
G	2617740	19.37	129	339	
G	2617a2c	19.37	278	278	
G	2619a74	19.37	403	5459	
G	261a5b0	19.37	195	195	
G	261a7f0	19.37	48	48	
G	1f717f0	19.38	5	11	
G	223f954	19.38	0	0	
G	2240730	19.38	451	467	
G	2604ed4	19.38	458	458	
G	26054c8	19.38	11	11	
G	260871c	19.38	1793	1793	
G	2608f08	19.38	360	360	
G	2613ab4	19.38	0	0	
G	261c4ec	19.38	0	0	
G	1f6a7cc	19.39	27	430	
G	1f6a81c	19.39	399	402	
G	1f6ac1c	19.39	490	777	
G	1f6af60	19.39	88	183	
G	1f6b104	19.39	118	200	
G	1f6b318	19.39	0	0	
G	1f72ef0	19.39	3	25	
G	1f73040	19.39	60	2483	
G	1f73160	19.39	386	386	
G	1f7363c	19.39	0	0	
G	1f73800	19.39	61	2430	
G	1f73cc8	19.39	0	0	
G	1f758ac	19.39	82	82	
G	1f75abc	19.39	98	98	
G	1f77b78	19.39	0	0	
G	223ce8c	19.39	4	4	
G	223d0ec	19.39	31	31	
G	2244214	19.39	101	104	
G	2244388	19.39	3	3	
G	224446c	19.39	392	392	
G	22445f4	19.39	9	578	
G	2244f10	19.39	0	0	
G	2245174	19.39	36	612	
G	2245388	19.39	32	555	
G	224595c	19.39	16	16	
G	2246378	19.39	2	20	
G	2247c5c	19.39	8	46	
G	2605570	19.39	5	5	
G	261ad14	19.39	0	0	
G	223d128	19.40	1028	2847	
G	1e64340	19.43	0	4	
G	1f21368	19.43	0	0	
G	1f7bd54	19.43	0	4	
G	1f7bf00	19.43	0	4	
G	1f7cda4	19.43	11	24	
G	1f7cf80	19.43	22	23	
G	2222e68	19.43	0	0	
G	2222eec	19.43	0	0	
G	2223540	19.43	1	1	
G	2226324	19.43	1	1	
G	2226ae8	19.43	0	0	
G	22274cc	19.43	0	0	
G	2234f48	19.43	0	0	
G	223bd4c	19.43	1	6	
G	1f74fe8	19.45	2	408480	
G	1f7c8f4	19.45	0	0	
G	1f7d7ac	19.45	9	12	
G	1f7d900	19.45	8	77	
G	1f7da50	19.45	40	40	
G	2235338	19.45	3	57	
G	22355e8	19.45	0	0	
G	1f7c2fc	19.46	4	43	
G	1f7c618	19.46	1	25	
G	222378c	19.46	12	12	
G	260e4c8	19.47	160	1387	
G	261519c	19.47	468	1146	
G	20c1f88	19.55	0	0	
G	20cb9a8	19.55	0	0	
G	20cba34	19.55	0	0	
G	20cba44	19.55	0	0	
G	20cba70	19.55	0	0	
G	223c838	19.55	1	1	
G	223d4c8	19.55	152	152	
G	1f7b908	19.95	19	20	
G	2235978	19.95	24	64	
G	224784c	19.95	1	1	
G	1d84a0c	20.25	0	0	
G	1d855dc	20.25	0	0	
G	1d882e8	20.25	0	0	
G	1eca8ac	20.25	118	324	
G	1ecb130	20.25	0	0	
G	1f7c708	20.70	2	20	
G	1d87de4	21.77	0	0	
G	1d87e00	21.77	0	0	
G	11d46c4	22.08	13	13	
G	1eda47c	22.08	12	24	
G	1eda56c	22.93	10	10	
G	1f08e8c	24.78	6	6	
G	1e9fcc0	24.80	0	0	
G	1e9fccc	24.80	0	0	
G	1ea357c	24.80	2	20	
G	1ea6974	24.80	2	1561	
G	1ea6b20	24.80	0	3	
G	1ea6ca4	24.80	17	1556	
G	1ea71b4	24.80	4	8	
G	1ea7550	24.80	3	4	
G	1ea7cac	24.80	0	2	
G	1ea8abc	24.80	0	0	
G	1ea8ac0	24.80	21	1378	
G	1ea8edc	24.80	0	0	
G	1ea8ffc	24.80	1	32	
G	1ea94d0	24.80	1	1	
G	1eaa0cc	24.80	0	0	
G	1eaafd4	24.80	3	3	
G	1eab00c	24.80	1	14	
G	1eb6ad0	24.80	1	29	
G	1eb7888	24.80	5	35	
G	1eb7bcc	24.80	21	21	
G	1eb9364	24.80	0	0	
G	1eb936c	24.80	0	28	
G	1eb97c4	24.80	2	142	
G	1ece300	24.80	0	0	
G	1ece5e0	24.80	2	2	
G	1ece670	24.80	0	0	
G	1ed1924	24.80	0	0	
G	1ed1934	24.80	0	0	
G	1ed1938	24.80	0	0	
G	1ed194c	24.80	0	0	
G	1ed195c	24.80	0	0	
G	1f06fc4	24.80	2	2	
G	1f073a8	24.80	0	1	
G	1f8d504	24.80	0	0	
G	1eb9b18	24.81	6	33	
G	13615cc	24.86	1	1	
G	1d84d08	24.86	0	2	
G	1d84ea8	24.86	1	2	
G	1d86388	24.86	0	2	
G	1d87e9c	24.86	0	0	
G	1d87eb8	24.86	0	0	
G	1eba49c	24.86	5	1182	
G	1ece310	24.86	0	0	
G	1ece318	24.86	0	0	
G	1ece390	24.86	0	0	
G	1f078a0	24.86	0	0	
G	1f079e4	24.86	1	1	
G	114b838	24.87	0	0	
G	1700c10	24.87	0	0	
G	17fcfc4	24.87	1	56	
G	17fdc8c	24.87	0	0	
G	17fe93c	24.87	0	0	
G	1aac20c	24.87	0	0	
G	1aac310	24.87	0	0	
G	1ab0e38	24.87	0	0	
G	1dc81b8	24.87	0	38	
G	1e14074	24.87	0	0	
G	1e17420	24.87	0	0	
G	1e982d4	24.87	1	2	
G	1e9a1c8	24.87	2	7	
G	1ea33d8	24.87	0	33	
G	1ece2dc	24.87	0	0	
G	1f6bd90	24.87	0	2	
G	1f6bdb4	24.87	10	10	
G	1f6eb5c	24.87	0	0	
G	1f72240	24.87	0	1	
G	2245280	24.87	0	0	
G	22452ec	24.87	17	17	
G	1f7801c	24.89	2	2	
G	223c8e4	24.89	20	193	
G	223d814	24.89	19	147	
G	223dbdc	24.89	0	0	
G	223f0f8	24.89	0	0	
G	223f318	24.89	126	126	
G	2247750	24.89	0	0	
G	2247794	24.89	1	26	
G	223cecc	25.19	7	7	
G	1f6bc88	25.20	0	0	
G	1f70fe4	25.20	0	0	
G	1f751b4	25.20	0	0	
G	1f75268	25.20	1	1	
G	1f778b0	25.20	4	57	
G	22351a4	25.20	0	0	
G	223c014	25.20	1	51	
G	223cc2c	25.20	15	63	
G	2240a6c	25.20	0	45	
G	2245ba0	25.20	15	15	
G	22463fc	25.20	0	13	
G	2247b94	25.20	2	2	
G	2247c48	25.20	0	0	
G	2247cdc	25.20	0	14	
G	2603c6c	25.20	4	5	
G	260420c	25.20	1	20	
G	2606938	25.20	0	0	
G	2606a14	25.20	1	18	
G	2608358	25.20	0	2	
G	260c924	25.20	0	0	
G	260c964	25.20	3	16	
G	260f1f8	25.20	0	17	
G	2610300	25.20	0	0	
G	2613d5c	25.20	0	0	
G	26176c0	25.20	0	0	
G	2617700	25.20	0	0	
G	2618d84	25.20	0	0	
G	261af38	25.20	0	0	
G	261b93c	25.20	1	1	
G	1f69d24	25.22	0	0	
G	1f6a5b8	25.22	0	13	
G	1f6a5e0	25.22	12	12	
G	1f6c160	25.22	14	14	
G	1f6fb64	25.22	15	15	
G	1f6fce8	25.22	11	11	
G	1f7251c	25.22	1	16	
G	1f7256c	25.22	8	9	
G	1f7271c	25.22	1	85	
G	1f72cf0	25.22	0	11	
G	1f72d28	25.22	10	10	
G	1f75460	25.22	1	102	
G	1f7580c	25.22	1	1	
G	1f77e38	25.22	10	10	
G	223b558	25.22	0	0	
G	223ba3c	25.22	4	19	
G	22421e0	25.22	8	18	
G	22429f4	25.22	1	1	
G	2242a40	25.22	1	1	
G	2242a74	25.22	0	0	
G	2243b64	25.22	0	0	
G	224486c	25.22	0	64	
G	2244a94	25.22	0	64	
G	2244b38	25.22	1	16	
G	22467a4	25.22	0	0	
G	22468d8	25.22	1	4	
G	1f780d0	25.67	2	2	
G	223dba0	25.67	0	14	
G	224776c	25.67	0	14	
G	1d87e08	25.77	0	0	
G	1d87ec0	25.85	0	0	
G	1f72c58	25.85	0	0	
G	1f74d44	25.85	0	13	
G	1f750cc	25.85	1	1	
G	1f781fc	25.85	0	0	
G	1f7bd20	25.85	0	11	
G	1f7bfa8	25.85	11	11	
G	1f7cd40	25.85	0	0	
G	1f83f18	25.85	0	0	
G	1f83f4c	25.85	0	0	
G	1f83f60	25.85	0	0	
G	2222fc8	25.85	0	0	
G	223befc	25.85	0	12	
G	1877530	25.87	0	0	
G	1aac980	25.87	0	0	
G	1aacde8	25.87	0	0	
G	1d8553c	25.87	1	1	
G	1e173b4	25.87	0	0	
G	1e1e2e4	25.87	0	0	
G	17c5d2c	25.89	0	0	
G	1877808	25.89	0	5	
G	1e9423c	25.92	0	1	
G	1e94360	25.92	0	0	
G	1eb5040	25.94	0	13	
G	1eca2b4	25.94	1	3	
G	1eda3dc	25.94	0	2	
G	1eda4ec	25.94	0	0	
G	1efbe40	25.94	0	12	
G	1877578	25.95	0	0	
G	1d85634	25.95	0	0	
G	1e1e300	26.00	0	0	
G	17be8d8	26.04	0	0	
G	17be93c	26.04	0	0	
G	17c5aa0	26.04	0	0	
G	17c5acc	26.04	0	0	
G	1876f5c	26.04	0	0	
G	1876f94	26.04	0	0	
G	19587c8	26.04	0	0	
G	1958814	26.04	0	0	
G	195abb4	26.04	0	0	
G	195ac4c	26.04	1	1	
G	195b2d4	26.04	0	1	
G	1cdfd14	26.04	0	0	
G	1d82f00	26.04	0	1	
G	1d82fc4	26.04	0	1	
G	1e1d0c0	26.04	0	0	
G	1e356a0	26.04	0	0	
G	14b87e8	26.05	1	12	
G	14d58f8	26.05	0	0	
G	14d5914	26.05	0	0	
G	17be944	26.05	4	172	
G	17bfed8	26.05	0	0	
G	17bfeec	26.05	0	0	
G	17bfef4	26.05	0	5	
G	17bff78	26.05	0	0	
G	17bff94	26.05	0	0	
G	13beb60	26.06	0	11	
G	13bed08	26.06	0	7	
G	13eeba8	26.06	0	0	
G	1401b00	26.06	2	6	
G	1401eb4	26.06	0	5	
G	14102a4	26.06	0	0	
G	1431f30	26.06	0	0	
G	146a578	26.06	1	2	
G	14b964c	26.06	2	5	
G	14d4d00	26.06	0	0	
G	14d4d1c	26.06	0	0	
G	14d5e84	26.06	0	0	
G	22093d0	26.06	1	2	
G	220b2f4	26.06	0	1	
G	220f258	26.06	0	0	
G	13bef04	26.07	4	7	
G	2204830	26.07	0	3	
G	2207848	26.07	0	1	
G	2207ad4	26.07	1	1	
G	2209a1c	26.07	0	0	
G	2209e88	26.07	1	1	
G	259e6c8	26.07	3	3	
G	25a4f40	26.07	4	30	
G	13eec24	26.08	1	15	
G	13ef0f0	26.08	0	0	
G	13f7f5c	26.08	0	16	
G	13f8038	26.08	1	2	
G	1f0aee8	26.08	0	0	
G	1f252bc	26.08	0	0	
G	1f252d0	26.08	0	2	
G	1f2586c	26.08	1	2	
G	1f25fe8	26.08	0	0	
G	1f26814	26.08	1	1	
G	1f26ad0	26.08	0	0	
G	1f26ad8	26.08	0	0	
G	1f26b28	26.08	0	0	
G	1f26bc8	26.08	0	0	
G	1f26ca0	26.08	0	0	
G	1f26dc0	26.08	1	1	
G	1f4fc1c	26.08	0	0	
G	1f4fc28	26.08	0	0	
G	1f4fc68	26.08	0	0	
G	1f4fc90	26.08	0	0	
G	2208124	26.08	0	0	
G	22081bc	26.08	0	0	
G	22087ac	26.08	0	0	
G	2209efc	26.08	0	0	
G	25a7384	26.08	1	5	
G	25aacd0	26.08	2	2	
G	25aaef0	26.08	16	237	
G	25ac840	26.08	0	0	
G	25ace60	26.08	7	7	
G	25af47c	26.08	0	0	
G	25af484	26.08	0	0	
G	25af950	26.08	1	1	
G	112930c	26.09	0	0	
G	1143b14	26.09	0	0	
G	13f80f4	26.09	0	0	
G	1432318	26.09	0	0	
G	146a730	26.09	1	4	
G	14b986c	26.09	0	0	
G	14b9874	26.09	0	2	
G	1f252cc	26.09	0	0	
G	1f25ffc	26.09	0	0	
G	1f26000	26.09	0	0	
G	1f26648	26.09	0	0	
G	2209598	26.09	1	1	
G	22096a4	26.09	0	0	
G	220aef8	26.09	0	0	
G	220b6a0	26.09	0	0	
G	220b8b8	26.09	0	0	
G	25a4e98	26.09	0	0	
G	13be9c4	26.10	0	25	
G	1410334	26.10	0	0	
G	14b850c	26.10	1	25	
G	14d4d24	26.10	0	25	
G	1e34844	26.10	0	0	
G	1e34848	26.10	0	0	
G	1e37038	26.10	0	0	
G	1e370d8	26.10	1	1	
G	11292fc	26.11	0	0	
G	112933c	26.11	0	0	
G	1129390	26.11	0	0	
G	1129398	26.11	0	0	
G	11293a0	26.11	0	1	
G	11294f0	26.11	0	2	
G	1129714	26.11	1	13	
G	11323a0	26.11	0	1	
G	11323f8	26.11	1	1	
G	11324f8	26.11	0	0	
G	1132560	26.11	1	3	
G	1132a78	26.11	1	1	
G	113d288	26.11	0	0	
G	113d290	26.11	0	0	
G	113d2a4	26.11	0	0	
G	113d2ac	26.11	0	0	
G	113d4c0	26.11	0	0	
G	113d50c	26.11	1	1	
G	113d5a4	26.11	0	0	
G	113d5c0	26.11	0	0	
G	113d748	26.11	1	1	
G	113dd7c	26.11	0	5	
G	113de28	26.11	0	2	
G	113e188	26.11	1	3	
G	113e3b4	26.11	0	1	
G	113e470	26.11	0	0	
G	113e4a8	26.11	1	22	
G	113e6a8	26.11	0	0	
G	113e744	26.11	0	0	
G	113e7f0	26.11	0	0	
G	113e818	26.11	4	13	
G	113ec2c	26.11	0	2	
G	113fe2c	26.11	0	0	
G	113fe58	26.11	10	10	
G	113ffe0	26.11	0	0	
G	113ffe8	26.11	0	0	
G	11408ac	26.11	0	0	
G	1140dbc	26.11	1	10	
G	1140e90	26.11	0	0	
G	14326e0	26.11	1	12	
G	1432968	26.11	1	40	
G	146a8f4	26.11	3	16	
G	14d500c	26.11	0	0	
G	14d5020	26.11	0	0	
G	1143a0c	26.12	0	0	
G	11443b0	26.12	0	0	
G	13bafe8	26.12	0	1	
G	140ff20	26.12	0	0	
G	1481974	26.12	1	1	
G	1482c24	26.12	0	0	
G	14842fc	26.12	0	0	
G	1485144	26.12	0	0	
G	148a36c	26.12	0	0	
G	14f6768	26.12	0	0	
G	17bfad4	26.12	0	149	
G	17bff9c	26.12	0	0	
G	1cb6578	26.12	0	0	
G	1cb67c0	26.12	1	149	
G	1de70d8	26.12	0	1	
G	1de7320	26.12	0	2	
G	1cb6274	26.14	0	14	
G	1cb7b60	26.16	0	0	
G	1cb7b7c	26.16	0	0	
G	1cb7d44	26.17	0	0	
G	1cb7d60	26.17	0	0	
G	1cb7edc	26.19	0	0	
G	1cb7ef8	26.19	0	0	
G	1147d64	26.28	0	0	
G	13bb314	26.28	0	0	
G	1cb77f8	26.28	0	49	
G	195aff8	26.44	0	0	
G	195b940	26.44	1	1	
G	195c230	26.44	1	3	
G	195ccec	26.44	0	0	
G	195ccf4	26.44	0	0	
G	1cb75d8	26.44	0	0	
G	1cb7af8	26.44	0	0	
G	1de715c	26.44	0	0	
G	1df24d8	26.44	0	0	
G	1df2538	26.44	0	0	
G	195c0e4	26.45	1	1	
G	195cb38	26.45	0	0	
G	195cb54	26.45	0	0	
G	1df5e1c	26.45	0	0	
G	195cc74	26.61	0	0	
G	195cc7c	26.61	0	0	
G	195c544	30.56	0	0	
G	195cb5c	30.56	0	1	
G	1cb7d68	30.56	0	1	
G	1cb7e34	30.56	0	0	
G	1cb7e50	30.56	0	0	
G	1806a9c	30.71	0	0	
G	1cb76a4	30.71	0	38	
G	1cb7e58	30.71	1	1	
G	1d004f0	30.71	0	0	
G	1d008a0	30.71	1	38	
G	1de73a4	30.71	0	0	
G	1d0136c	30.73	0	0	
G	1d01388	30.73	0	0	
G	17fbc38	30.75	1	1	
G	1d00d74	30.75	1	4	
G	1d00ef0	30.75	0	0	
G	1d023b0	30.75	0	0	
G	1d023cc	30.75	0	0	
G	1d00098	30.85	1	1	
G	1d00170	30.85	0	0	
G	1d00fac	30.85	0	0	
G	1d00fc8	30.85	0	0	
G	17b64c0	30.92	0	0	
G	1d00e04	30.92	0	0	
G	1d02578	30.92	0	0	
G	1d02594	30.92	0	0	
G	1d0259c	31.08	0	0	
G	1d00fd0	33.07	1	969	
G	1df0c70	33.07	0	968	
G	1e349a0	33.07	0	0	
G	1e38c38	33.07	2	968	
G	1ddab78	34.03	0	0	
G	1df0794	34.03	0	0	
G	1f7f378	34.04	0	0	
G	1d01390	36.25	0	0	
G	1d01454	36.25	0	0	
G	1d01470	36.25	0	0	
G	1d01478	36.40	0	0	
G	1d00f00	36.41	0	0	
G	1cb7a14	36.42	0	0	
G	1db16d0	36.42	0	0	
G	14b8f50	36.44	0	1	
G	14d5a08	36.44	0	0	
G	14d5a74	36.44	0	0	
G	14d5b00	36.44	0	0	
G	14d5b1c	36.44	0	0	
G	17bfb90	36.44	0	2	
G	17c006c	36.44	0	0	
G	17c0088	36.44	0	0	
G	17c0090	36.44	0	0	
G	17c00f0	36.44	0	0	
G	17c010c	36.44	0	0	
G	1df0a68	36.44	1	1	
G	112e660	36.45	0	0	
G	112e6b8	36.45	0	0	
G	112ea5c	36.45	0	0	
G	112eac4	36.45	1	7	
G	112f02c	36.45	1	6	
G	1433108	36.45	2	6	
G	146ad0c	36.45	1	7	
G	14b91e4	36.45	0	7	
G	14d5b24	36.45	0	7	
G	1d00f40	36.49	0	0	
G	1cb7b00	36.51	0	0	
G	1d00704	36.57	1	1	
G	1cb66c4	36.59	0	0	
G	1144354	36.68	0	0	
G	11463c4	36.68	0	0	
G	1129374	36.69	0	0	
G	1129d48	36.69	0	0	
G	1129dd4	36.69	0	0	
G	1129e2c	36.69	0	0	
G	1129f1c	36.69	1	12	
G	112a220	36.69	0	1	
G	113e5d0	36.69	1	79	
G	113eb90	36.69	1	2	
G	1410c08	36.69	0	23	
G	1129ea8	36.70	0	0	
G	112a57c	36.70	0	66	
G	113f824	36.70	0	0	
G	113f9a0	36.70	5	66	
G	113fbc0	36.70	2	2	
G	113fc9c	36.70	6	59	
G	112a288	36.71	0	2	
G	113ecb0	36.71	0	0	
G	11c91c4	36.71	0	0	
G	13cc50c	36.71	1	81	
G	115ee94	36.72	0	0	
G	115ee98	36.72	0	0	
G	115fe18	36.72	0	0	
G	1161218	36.72	1	1	
G	1176298	36.72	0	0	
G	1180c8c	36.72	0	19	
G	1180d14	36.72	2	9	
G	1180f68	36.72	0	0	
G	1180ff0	36.72	0	0	
G	1181944	36.72	0	0	
G	11896f4	36.72	0	2	
G	1189f38	36.72	0	0	
G	1189fc0	36.72	0	0	
G	118ed00	36.72	0	0	
G	11b08d0	36.72	0	1	
G	11b0920	36.72	0	0	
G	11b5b48	36.72	0	0	
G	11c9064	36.72	0	0	
G	11c92d4	36.72	0	1	
G	11c9324	36.72	0	0	
G	11cb284	36.72	0	5	
G	1278d60	36.72	0	6	
G	12b43e8	36.72	0	0	
G	12b43ec	36.72	0	0	
G	12b45ec	36.72	0	0	
G	12b4a8c	36.72	0	0	
G	12b516c	36.72	0	0	
G	12b5310	36.72	0	0	
G	12dc32c	36.72	0	0	
G	1399410	36.72	0	0	
G	139a044	36.72	0	0	
G	13f9bf0	36.72	4	5	
G	14019dc	36.72	51	51	
G	1407f50	36.72	0	5	
G	14080d4	36.72	3	8	
G	1409278	36.72	0	0	
G	14092c4	36.72	0	0	
G	1409310	36.72	0	0	
G	140935c	36.72	0	0	
G	14093a8	36.72	0	0	
G	1489764	36.72	1	1	
G	1516444	36.72	0	0	
G	1516520	36.72	0	0	
G	151656c	36.72	0	0	
G	15165b8	36.72	0	0	
G	1516658	36.72	0	16	
G	15167e0	36.72	2	2	
G	158c444	36.72	0	0	
G	16f7860	36.72	0	0	
G	1189c4c	36.73	0	0	
G	11f80bc	36.73	0	0	
G	12b30e0	36.73	0	0	
G	12b861c	36.73	0	0	
G	12dc608	36.73	0	0	
G	1399144	36.73	0	14	
G	139a0e4	36.73	0	1	
G	13f1d1c	36.73	0	0	
G	13f6658	36.73	0	3	
G	13f691c	36.73	0	1	
G	13f6e1c	36.73	0	0	
G	13f6e68	36.73	1	1	
G	13f6eb4	36.73	0	0	
G	13f94c8	36.73	1	4	
G	14040f4	36.73	1	13	
G	1404768	36.73	1	5	
G	14048f0	36.73	0	1	
G	151d15c	36.73	0	15	
G	151d5f4	36.73	0	0	
G	151d7d8	36.73	0	1	
G	151d8c4	36.73	1	1	
G	1590bb0	36.73	0	1	
G	1372fd0	36.74	0	53	
G	137336c	36.74	0	0	
G	13733b8	36.74	0	0	
G	137340c	36.74	0	0	
G	13f0af0	36.74	0	0	
G	1517290	36.74	0	0	
G	151770c	36.74	0	2	
G	1517bb4	36.74	1	1	
G	1517dc0	36.74	1	1	
G	1518020	36.74	0	0	
G	151820c	36.74	0	0	
G	151b0d0	36.74	0	0	
G	1554e34	36.74	2	121	
G	15552d4	36.74	1	16	
G	15554b8	36.74	0	7	
G	156733c	36.74	0	0	
G	158e410	36.74	0	0	
G	1591010	36.74	0	0	
G	15916b0	36.74	0	0	
G	1591700	36.74	0	0	
G	15182fc	36.76	1	1	
G	12dca74	36.77	0	0	
G	13f2ac8	36.77	0	0	
G	13f2b50	36.77	0	0	
G	140145c	36.77	0	0	
G	14014e4	36.77	0	0	
G	140a488	36.77	0	0	
G	154dfa8	36.77	1	13	
G	154e334	36.77	0	0	
G	154e518	36.77	1	3	
G	154e638	36.77	0	0	
G	154e9c8	36.77	2	2	
G	15540f0	36.77	0	0	
G	1554178	36.77	0	0	
G	1561118	36.77	0	5	
G	15612a0	36.77	0	0	
G	15614b8	36.77	1	1	
G	15619ec	36.77	0	0	
G	1561b88	36.77	0	0	
G	1561bd8	36.77	0	0	
G	1561c28	36.77	0	1	
G	1561dac	36.77	1	2	
G	1577650	36.77	0	0	
G	1577be8	36.77	0	0	
G	11818f4	36.78	1	5	
G	11980e0	36.78	0	0	
G	1198130	36.78	0	1	
G	1198270	36.78	0	1	
G	11f8d20	36.78	0	0	
G	1274518	36.78	0	0	
G	12745a0	36.78	0	0	
G	12b266c	36.78	0	0	
G	12b286c	36.78	0	0	
G	12b546c	36.78	1	1	
G	12b5618	36.78	2	2	
G	12b5f00	36.78	1	3	
G	12b64b0	36.78	0	0	
G	12b64bc	36.78	3	3	
G	12b79d8	36.78	0	0	
G	12b79e4	36.78	0	0	
G	12b7b4c	36.78	0	0	
G	12b7c38	36.78	0	0	
G	12dc804	36.78	0	0	
G	12dc88c	36.78	0	0	
G	139993c	36.78	0	0	
G	1399940	36.78	0	0	
G	1399fac	36.78	0	0	
G	1399ff8	36.78	0	0	
G	139a090	36.78	0	0	
G	14016b0	36.78	0	6	
G	151dd5c	36.78	0	0	
G	151ddb0	36.78	0	0	
G	151de04	36.78	0	0	
G	151de58	36.78	0	0	
G	153f1c0	36.78	0	0	
G	154af4c	36.78	1	2	
G	154b2e0	36.78	0	0	
G	154b400	36.78	0	1	
G	154b588	36.78	1	1	
G	156d098	36.78	0	0	
G	1570cb4	36.78	0	0	
G	1570d74	36.78	0	0	
G	1200ec4	36.79	0	0	
G	1403148	36.79	0	0	
G	14032cc	36.79	0	3	
G	14038c4	36.79	0	0	
G	1403918	36.79	0	0	
G	1549ea0	36.79	0	11	
G	154a1c8	36.79	1	1	
G	154a3ac	36.79	0	0	
G	154a4d8	36.79	1	8	
G	154a72c	36.79	0	0	
G	154a738	36.79	0	5	
G	154ac44	36.79	0	1	
G	154ace4	36.79	0	2	
G	154ad7c	36.79	1	1	
G	154b80c	36.79	0	0	
G	155db54	36.79	1	1	
G	155dd90	36.79	0	0	
G	15639a0	36.79	1	5	
G	157367c	36.79	0	0	
G	1573d5c	36.79	0	0	
G	15741f8	36.79	0	0	
G	1574880	36.79	0	0	
G	158eb2c	36.79	0	2	
G	15911a0	36.79	0	0	
G	1591660	36.79	0	0	
G	113d884	36.80	0	0	
G	113d8f0	36.80	0	0	
G	113d90c	36.80	0	0	
G	113d9a8	36.80	0	0	
G	17c0114	36.80	0	1	
G	17c035c	36.80	0	0	
G	17c0370	36.80	0	0	
G	17c0378	36.80	0	7	
G	17c03fc	36.80	0	0	
G	17c0418	36.80	0	0	
G	1dfb9b8	36.80	0	1	
G	1410544	36.97	0	17	
G	130e11c	36.99	0	0	
G	130e1a4	36.99	0	0	
G	13be668	36.99	0	50	
G	158c53c	36.99	0	1	
G	158c5c4	36.99	1	1	
G	158ce8c	36.99	0	0	
G	158cf14	36.99	0	0	
G	158d0a4	36.99	0	0	
G	158d12c	36.99	0	0	
G	16e829c	36.99	0	0	
G	16f81b8	36.99	0	0	
G	1410ea8	37.04	0	17	
G	13cc204	37.06	2	50	
G	11819cc	37.11	0	0	
G	1566ffc	37.11	0	0	
G	17c0420	37.11	0	0	
G	1e5a2f4	37.11	0	3	
G	1e5a304	37.11	0	3	
G	136eaa8	37.12	0	0	
G	14f7f24	37.12	0	0	
G	1700c6c	37.12	0	0	
G	1738bf4	37.12	0	0	
G	17bfd7c	37.12	0	0	
G	17c06ec	37.12	0	0	
G	17c0700	37.12	0	0	
G	17c07b0	37.12	0	0	
G	17c07c4	37.12	0	0	
G	17c627c	37.12	0	0	
G	1d9bedc	37.12	0	0	
G	1de61dc	37.12	0	0	
G	1de7568	37.12	0	0	
G	1deabe0	37.12	0	2	
G	1e5a5f8	37.12	0	1	
G	14f87fc	37.13	1	1	
G	16f8558	37.13	0	0	
G	17b68cc	37.13	0	0	
G	17b6974	37.13	0	0	
G	17be914	37.13	0	0	
G	17be940	37.13	0	0	
G	17de274	37.13	0	0	
G	22057c0	37.13	0	0	
G	17b6da4	37.15	8	288	
G	1ce0c80	37.15	0	21	
G	1ce0e74	37.17	2	28	
G	22733c4	37.17	1	1	
G	1ce479c	37.20	0	0	
G	1ce47b8	37.20	0	0	
G	1ce4928	37.20	0	0	
G	1ce4944	37.20	0	0	
G	1ce4aa8	37.20	0	0	
G	1ce4ac4	37.20	0	0	
G	1ce4c20	37.20	0	0	
G	1ce4c3c	37.20	0	0	
G	1ce4d98	37.20	0	0	
G	1ce4db4	37.20	0	0	
G	1ce4f10	37.20	0	0	
G	1ce4f2c	37.20	0	0	
G	1ce5088	37.20	0	0	
G	1ce50a4	37.20	0	0	
G	1ce1874	37.22	1	10	
G	1ce57d0	37.22	0	0	
G	1ce59c4	37.22	0	0	
G	1ce5b40	37.22	12	78	
G	1ce6384	37.22	0	0	
G	1ce63a0	37.22	0	0	
G	1ce1870	37.39	0	0	
G	17d1f24	37.42	1	1	
G	17d3a00	37.42	1	2	
G	17d3ffc	37.42	0	0	
G	17f9f84	37.42	0	0	
G	1ce5b34	37.42	0	0	
G	1ce5dc8	37.42	0	0	
G	1311f44	37.43	1	1	
G	17d1bd0	37.43	0	25	
G	17d2000	37.43	1	84	
G	17f9ca4	37.43	0	0	
G	1f217cc	37.43	1	4	
G	175d628	37.45	0	0	
G	17d3ff0	37.45	0	0	
G	17d3cf8	37.47	1	1	
G	1514b68	37.49	0	0	
G	17de128	37.49	0	0	
G	1514ab0	37.50	0	0	
G	170295c	37.50	0	0	
G	17d081c	37.50	0	0	
G	17d08e0	37.50	0	0	
G	17dde40	37.50	0	0	
G	17ddfe4	37.50	0	0	
G	17b6a38	37.52	1	1	
G	17d129c	37.52	2	2	
G	17d30d0	37.52	0	0	
G	17d4d70	37.52	0	0	
G	17ddc9c	37.52	0	0	
G	21ee688	37.52	0	0	
G	21ee6a4	37.52	0	0	
G	21efad0	37.52	3	18	
G	1187728	37.57	2	2	
G	17d6254	37.57	8	1371	
G	17dc724	37.59	0	0	
G	17dec60	37.59	0	0	
G	17e944c	37.59	0	0	
G	17db7c4	37.60	1	5	
G	17dd340	37.60	0	4	
G	17df0b4	37.60	1	4	
G	17e1da0	37.61	0	0	
G	21ee0c8	37.61	2	3	
G	21ee35c	37.61	1	1	
G	21f072c	37.61	1	10	
G	21f09c8	37.61	0	0	
G	21f1adc	37.61	0	1	
G	17e1860	37.62	0	1	
G	17e19b0	37.62	1	4	
G	17e1e14	37.62	0	0	
G	17e1e5c	37.62	0	0	
G	1e3484c	37.62	0	0	
G	1e348e8	37.62	1	5	
G	1e37178	37.62	0	1	
G	1f20260	37.62	0	0	
G	1f216ec	37.62	0	0	
G	1f21788	37.62	0	0	
G	1f7eb9c	37.62	0	0	
G	1f861d8	37.62	4	4	
G	21ee9c8	37.62	0	0	
G	21eeb40	37.62	0	0	
G	21f01d4	37.62	0	5	
G	21f04f4	37.62	1	1	
G	21f1240	37.62	0	1	
G	21f1438	37.62	1	1	
G	21f15c4	37.62	0	1	
G	21f1b7c	37.62	0	0	
G	21f0308	37.63	0	0	
G	17de56c	37.67	0	0	
G	17e7ea4	37.67	0	0	
G	17e8070	37.67	0	0	
G	17d4934	37.72	1	5	
G	17e1f9c	37.72	144	715	
G	17e424c	37.72	6	32	
G	17e743c	37.72	4	4	
G	17ea0d0	37.72	46	53	
G	17f52c8	37.72	2	131	
G	17f5504	37.72	1	70	
G	17f5604	37.72	1	171	
G	17f57f0	37.72	5	92	
G	17f58e0	37.72	5	114	
G	17f6748	37.72	0	0	
G	17f6818	37.72	2	2	
G	1e8fd58	37.72	0	0	
G	17dcd28	37.96	0	0	
G	17f5acc	37.96	1	1	
G	17dce3c	38.52	0	27	
G	17e6ea0	38.87	0	28	
G	17e6f88	38.87	1	29	
G	17e2b68	38.88	0	512	
G	17e4418	38.91	180	512	
G	17e59a4	39.38	7	60	
G	17dd02c	39.77	4	8	
G	17dd100	39.78	0	4	
G	1e3485c	39.80	0	0	
G	1e80154	39.80	1	1	
G	17e68d0	39.82	2	1092	
G	17e2fd8	39.83	13	1090	
G	17e5b98	39.83	1	1009	
G	17e8440	39.84	1	3	
G	17e8644	39.84	0	0	
G	17e88bc	39.84	157	1007	
G	1340d3c	39.91	0	0	
G	17e929c	39.91	1	4	
G	17e887c	40.23	0	0	
G	17e8884	40.23	0	0	
G	17ddcac	41.09	0	0	
G	114bca4	41.12	0	0	
G	17e6e5c	41.12	0	0	
G	1e7f790	41.12	0	0	
G	1e7fc5c	41.12	0	0	
G	1e7ffe4	41.12	1	1	
G	17d2d88	41.14	0	2	
G	17d2ffc	41.18	0	0	
G	17dd284	41.18	0	0	
G	1ce6ed4	41.22	0	0	
G	16ecab8	41.40	3	155	
G	16f8f78	41.40	1	118	
G	16f8ffc	41.40	1	117	
G	16f9090	41.40	0	118	
G	16f9790	41.40	0	38	
G	17b8e28	41.40	0	160	
G	1ce6f04	41.40	0	0	
G	15b4720	41.52	0	0	
G	15b4fb0	41.52	0	0	
G	15b5120	41.52	0	0	
G	15b5794	41.52	0	0	
G	15b6140	41.52	0	0	
G	15b61d0	41.52	0	0	
G	15b716c	41.52	0	0	
G	15b7260	41.52	0	0	
G	15b8cb8	41.52	0	0	
G	15b9664	41.52	0	0	
G	15b96fc	41.52	0	0	
G	15ba800	41.52	0	0	
G	15ba87c	41.52	0	0	
G	15ba960	41.52	0	0	
G	15bb188	41.52	0	0	
G	15bbb2c	41.52	0	0	
G	15bbbc4	41.52	0	0	
G	15bcb60	41.52	0	0	
G	15bcc40	41.52	0	0	
G	15bcd54	41.52	0	0	
G	15be7dc	41.52	0	0	
G	15be8d0	41.52	0	0	
G	15c0578	41.52	0	0	
G	15c0658	41.52	0	0	
G	15c076c	41.52	0	0	
G	15c1554	41.52	1	1	
G	15c1634	41.52	0	0	
G	15c1748	41.52	0	0	
G	15c2530	41.52	0	0	
G	15c2610	41.52	0	0	
G	15c2724	41.52	0	0	
G	15c350c	41.52	0	0	
G	15c35ec	41.52	0	0	
G	15c3700	41.52	0	0	
G	15c44e8	41.52	0	0	
G	15c45c8	41.52	0	0	
G	15c46dc	41.52	0	0	
G	15c4d50	41.52	0	0	
G	15c55c4	41.52	0	0	
G	15c56b8	41.52	0	0	
G	15c5d2c	41.52	0	0	
G	15c65a0	41.52	0	0	
G	15c6694	41.52	0	0	
G	15c704c	41.52	0	0	
G	15c78c0	41.52	0	0	
G	15c79b4	41.52	0	0	
G	15c836c	41.52	1	1	
G	15c8be0	41.52	0	1	
G	15c8cd4	41.52	0	0	
G	15c9fd0	41.52	0	0	
G	15ca844	41.52	0	0	
G	15ca938	41.52	0	0	
G	15cafac	41.52	0	0	
G	15cb948	41.52	0	0	
G	15cba3c	41.52	0	0	
G	15ccecc	41.52	0	0	
G	15ccfac	41.52	0	0	
G	15cd0c0	41.52	0	0	
G	15ce3fc	41.52	0	0	
G	15ce4dc	41.52	0	0	
G	15ce5f0	41.52	0	0	
G	15cf71c	41.52	0	0	
G	15cff90	41.52	0	0	
G	15d0084	41.52	0	0	
G	15d1868	41.52	0	0	
G	15d1948	41.52	0	0	
G	15d1a5c	41.52	0	0	
G	15d29f0	41.52	1	1	
G	15d3264	41.52	0	1	
G	15d3358	41.52	0	0	
G	15d4420	41.52	0	0	
G	15d4db0	41.52	0	0	
G	15d4ea4	41.52	0	0	
G	15d5da8	41.52	0	0	
G	15d5e88	41.52	0	0	
G	15d5f9c	41.52	0	0	
G	15d7324	41.52	0	0	
G	15d7418	41.52	0	0	
G	15d7a8c	41.52	0	1	
G	15d8300	41.52	0	1	
G	15d83f4	41.52	0	0	
G	165b8c0	41.52	0	0	
G	165c0d4	41.52	0	0	
G	16adef0	41.52	0	0	
G	16e87d4	41.52	0	0	
G	16e8928	41.52	0	0	
G	16fbbb8	41.52	0	0	
G	16fded8	41.52	0	0	
G	16fe24c	41.52	0	0	
G	15d9c9c	41.53	0	0	
G	15d9d7c	41.53	0	0	
G	15d9e90	41.53	0	0	
G	15db258	41.53	0	0	
G	15dbacc	41.53	0	0	
G	15dbbc0	41.53	0	0	
G	15dc234	41.53	0	0	
G	15dcaa8	41.53	0	0	
G	15dcb9c	41.53	0	0	
G	15de310	41.53	0	0	
G	15deb84	41.53	0	0	
G	15dec78	41.53	0	0	
G	15e02b8	41.53	0	0	
G	15e0b2c	41.53	0	0	
G	15e0c20	41.53	0	0	
G	15e5770	41.53	0	0	
G	15e5850	41.53	0	0	
G	15e5964	41.53	0	0	
G	15e7bb4	41.53	1	1	
G	15e8428	41.53	0	1	
G	15e851c	41.53	0	0	
G	15ea0b0	41.53	0	0	
G	15ea190	41.53	0	0	
G	15ea2a4	41.53	0	0	
G	15ebe34	41.53	0	0	
G	15ec6a8	41.53	0	0	
G	15ec79c	41.53	0	0	
G	15ee9c8	41.53	0	0	
G	15eeaa8	41.53	0	0	
G	15eebbc	41.53	0	0	
G	15f036c	41.53	0	0	
G	15f044c	41.53	0	0	
G	15f0560	41.53	0	0	
G	15f18bc	41.53	0	0	
G	15f199c	41.53	0	0	
G	15f1ab0	41.53	0	0	
G	15f2124	41.53	1	1	
G	15f2af4	41.53	0	1	
G	15f2be8	41.53	0	0	
G	15f415c	41.53	0	0	
G	15f41d8	41.53	0	0	
G	15f42b4	41.53	0	0	
G	15f4adc	41.53	0	0	
G	15f5350	41.53	0	0	
G	15f5444	41.53	0	0	
G	15f753c	41.53	0	0	
G	15f761c	41.53	0	0	
G	15f7730	41.53	0	0	
G	15f7da4	41.53	0	0	
G	15f8964	41.53	0	0	
G	15f89f4	41.53	0	0	
G	15f9bf0	41.53	0	0	
G	15f9cd0	41.53	0	0	
G	15f9de4	41.53	0	0	
G	15fa458	41.53	0	0	
G	15faccc	41.53	0	0	
G	15fadc0	41.53	0	0	
G	15fbba8	41.53	0	1	
G	15fbc88	41.53	1	1	
G	15fbd9c	41.53	0	0	
G	15fccb4	41.53	0	0	
G	15fd680	41.53	0	0	
G	15fdde0	41.53	0	0	
G	15fe654	41.53	0	0	
G	15fe748	41.53	0	0	
G	15ff514	41.53	0	0	
G	15ff5f4	41.53	0	0	
G	15ff708	41.53	0	0	
G	16005a8	41.53	0	0	
G	1600f24	41.53	0	0	
G	1601018	41.53	0	0	
G	1601d3c	41.53	0	0	
G	16025b0	41.53	0	0	
G	16026a4	41.53	0	0	
G	1603df4	41.53	0	0	
G	1603ed4	41.53	0	0	
G	1603fe8	41.53	0	0	
G	160465c	41.53	1	1	
G	1604ed0	41.53	0	1	
G	1604fc4	41.53	0	0	
G	1605638	41.53	0	0	
G	1605f3c	41.53	0	0	
G	1606030	41.53	0	0	
G	1607368	41.53	0	0	
G	1607448	41.53	0	0	
G	160755c	41.53	0	0	
G	1607bd0	41.53	0	0	
G	1608444	41.53	0	0	
G	1608538	41.53	0	0	
G	1609620	41.53	0	0	
G	1609e94	41.53	0	0	
G	1609f88	41.53	0	0	
G	160b048	41.53	0	0	
G	160b8bc	41.53	0	0	
G	160b9b0	41.53	0	0	
G	160d424	41.53	0	0	
G	160d504	41.53	0	0	
G	160d618	41.53	0	0	
G	160de0c	41.53	0	0	
G	160e680	41.53	0	0	
G	160e774	41.53	0	0	
G	160ee50	41.53	0	0	
G	160f6c4	41.53	0	0	
G	160f7b8	41.53	0	0	
G	1610e54	41.53	0	0	
G	1610f34	41.53	0	0	
G	1611048	41.53	0	0	
G	161344c	41.53	0	0	
G	1613dc8	41.53	0	0	
G	1613ebc	41.53	0	0	
G	1614be4	41.53	0	0	
G	1615458	41.53	0	0	
G	161554c	41.53	0	0	
G	1616ee4	41.53	0	0	
G	1616fc4	41.53	0	0	
G	16170d8	41.53	0	0	
G	16183ec	41.53	0	0	
G	16184cc	41.53	0	0	
G	16185e0	41.53	0	0	
G	1619dfc	41.53	0	1	
G	1619edc	41.53	1	1	
G	1619ff0	41.53	0	0	
G	161b2f8	41.53	0	0	
G	161bb6c	41.53	0	0	
G	161bc60	41.53	0	0	
G	161c348	41.53	0	0	
G	161c374	41.53	0	0	
G	161ca5c	41.53	0	0	
G	161ca88	41.53	0	0	
G	161e0fc	41.53	0	0	
G	161e970	41.53	0	0	
G	161ea64	41.53	0	0	
G	1620554	41.53	0	0	
G	1620634	41.53	0	0	
G	1620748	41.53	0	0	
G	1621fbc	41.53	0	0	
G	162209c	41.53	0	0	
G	16221b0	41.53	0	0	
G	1622e94	41.53	0	0	
G	1623708	41.53	0	0	
G	16237fc	41.53	0	0	
G	1624d80	41.53	0	0	
G	16255f4	41.53	0	0	
G	16256e8	41.53	0	0	
G	1626e04	41.53	0	1	
G	1626ee4	41.53	1	1	
G	1626ff8	41.53	0	0	
G	1627fa0	41.53	0	0	
G	16287f8	41.53	0	0	
G	16288ec	41.53	0	0	
G	162972c	41.53	0	0	
G	1629f84	41.53	0	0	
G	162a078	41.53	0	0	
G	162af54	41.53	0	0	
G	162af80	41.53	0	0	
G	162b668	41.53	0	0	
G	162b694	41.53	0	0	
G	162c584	41.53	0	0	
G	162c664	41.53	0	0	
G	162c778	41.53	0	0	
G	162dc04	41.53	0	0	
G	162dce4	41.53	0	0	
G	162ddf8	41.53	0	0	
G	162f468	41.53	0	0	
G	162f548	41.53	0	0	
G	162f65c	41.53	0	0	
G	1630f68	41.53	0	1	
G	1631048	41.53	1	1	
G	163115c	41.53	0	0	
G	1631fc8	41.53	0	0	
G	163283c	41.53	0	0	
G	1632930	41.53	0	0	
G	1633c3c	41.53	0	0	
G	16344b0	41.53	0	0	
G	16345a4	41.53	0	0	
G	16356f0	41.53	0	0	
G	1635f48	41.53	0	0	
G	163603c	41.53	0	0	
G	1637624	41.53	0	0	
G	1637704	41.53	0	0	
G	1637818	41.53	0	0	
G	1638910	41.53	0	0	
G	1639184	41.53	0	0	
G	1639278	41.53	0	0	
G	1639954	41.53	0	0	
G	163a1c8	41.53	0	0	
G	163a2bc	41.53	0	0	
G	163c168	41.53	0	1	
G	163c248	41.53	1	1	
G	163cb18	41.53	0	0	
G	163cbf8	41.53	0	0	
G	163cd0c	41.53	0	0	
G	163d380	41.53	0	0	
G	163dbf4	41.53	0	0	
G	163dce8	41.53	0	0	
G	1640180	41.53	0	0	
G	1640260	41.53	0	0	
G	1640374	41.53	0	0	
G	1641b34	41.53	0	0	
G	1641c14	41.53	0	0	
G	1641d28	41.53	0	0	
G	1642e54	41.53	0	0	
G	1642f34	41.53	0	0	
G	1643048	41.53	0	0	
G	1643a00	41.53	0	0	
G	16443ac	41.53	0	0	
G	1644444	41.53	0	0	
G	1644c6c	41.53	0	0	
G	16454e0	41.53	1	1	
G	16455d4	41.54	0	0	
G	16466c8	41.54	0	0	
G	1646f3c	41.54	0	0	
G	1647030	41.54	0	0	
G	164770c	41.54	0	0	
G	1647f80	41.54	0	0	
G	1648074	41.54	0	0	
G	1648e5c	41.54	0	0	
G	1648f3c	41.54	0	0	
G	1649050	41.54	0	0	
G	1649fc8	41.54	0	0	
G	164a950	41.54	0	0	
G	164aa44	41.54	0	0	
G	164b7e4	41.54	0	0	
G	164c03c	41.54	0	0	
G	164c130	41.54	0	0	
G	164cf9c	41.54	0	0	
G	164d810	41.54	0	0	
G	164d904	41.54	0	0	
G	164e81c	41.54	1	1	
G	164f090	41.54	0	1	
G	164f184	41.54	0	0	
G	1650a08	41.54	0	0	
G	1650ae8	41.54	0	0	
G	1650bfc	41.54	0	0	
G	1651270	41.54	0	0	
G	1651c34	41.54	0	0	
G	1651d28	41.54	0	0	
G	1652b94	41.54	0	0	
G	16533ec	41.54	0	0	
G	16534e0	41.54	0	0	
G	1654cd0	41.54	0	0	
G	1654db0	41.54	0	0	
G	1654ec4	41.54	0	0	
G	1655f88	41.54	0	0	
G	1656904	41.54	0	0	
G	1657584	41.54	0	0	
G	1657664	41.54	0	0	
G	1657778	41.54	0	0	
G	1658eb8	41.54	0	1	
G	1658f98	41.54	1	1	
G	16590ac	41.54	0	0	
G	165aa48	41.54	0	0	
G	165ab28	41.54	0	0	
G	165ac3c	41.54	0	0	
G	165ba34	41.54	0	0	
G	165ba60	41.54	0	0	
G	165c248	41.54	0	0	
G	165c274	41.54	0	0	
G	165d040	41.54	0	0	
G	165d120	41.54	0	0	
G	165d234	41.54	0	0	
G	165e22c	41.54	0	0	
G	165eaa0	41.54	0	0	
G	165eb94	41.54	0	0	
G	165f270	41.54	0	0	
G	165fac8	41.54	0	0	
G	165fbbc	41.54	0	0	
G	16611b4	41.54	0	0	
G	1661294	41.54	0	0	
G	16613a8	41.54	0	0	
G	1662540	41.54	1	1	
G	1662db4	41.54	0	1	
G	1662ea8	41.54	0	0	
G	1663c7c	41.54	0	0	
G	16646e4	41.54	0	0	
G	16647c4	41.54	0	0	
G	16648d8	41.54	0	0	
G	1665f3c	41.54	0	0	
G	16667b0	41.54	0	0	
G	16668a4	41.54	0	0	
G	166846c	41.54	0	0	
G	166854c	41.54	0	0	
G	1668660	41.54	0	0	
G	1669660	41.54	0	0	
G	1669ed4	41.54	0	0	
G	1669fc8	41.54	0	0	
G	166bc14	41.54	0	0	
G	166bcf4	41.54	0	0	
G	166be08	41.54	0	0	
G	166cdb0	41.54	0	0	
G	166ce90	41.54	0	0	
G	166cfa4	41.54	0	0	
G	166dcd0	41.54	1	1	
G	166e544	41.54	0	1	
G	166e638	41.54	0	0	
G	166f6ac	41.54	0	0	
G	166ff20	41.54	0	0	
G	1670014	41.54	0	0	
G	16709d0	41.54	0	0	
G	1671228	41.54	0	0	
G	167131c	41.54	0	0	
G	1671e54	41.54	0	0	
G	1672818	41.54	0	0	
G	167290c	41.54	0	0	
G	16738a4	41.54	0	0	
G	1673984	41.54	0	0	
G	1673a98	41.54	0	0	
G	16752d0	41.54	0	0	
G	16753b0	41.54	0	0	
G	16754c4	41.54	0	0	
G	167660c	41.54	0	0	
G	1676e80	41.54	0	0	
G	1676f74	41.54	0	0	
G	1677f34	41.54	1	1	
G	16788bc	41.54	0	1	
G	16789b0	41.54	0	0	
G	1679bf4	41.54	0	0	
G	1679cd4	41.54	0	0	
G	1679de8	41.54	0	0	
G	167abd0	41.54	0	0	
G	167acb0	41.54	0	0	
G	167adc4	41.54	0	0	
G	167b4a0	41.54	0	0	
G	167bd14	41.54	0	0	
G	167be08	41.54	0	0	
G	167db4c	41.54	0	0	
G	167dc2c	41.54	0	0	
G	167dd40	41.54	0	0	
G	167ece0	41.54	0	1	
G	167edc0	41.54	1	1	
G	167eed4	41.54	0	0	
G	167f6fc	41.54	0	0	
G	167ff70	41.54	0	0	
G	1680064	41.54	0	0	
G	1681ba4	41.54	0	0	
G	1681c84	41.54	0	0	
G	1681d98	41.54	0	0	
G	168240c	41.54	0	0	
G	1682c80	41.54	0	0	
G	1682d74	41.54	0	0	
G	168372c	41.54	1	1	
G	1683fa0	41.54	0	1	
G	1684094	41.54	0	0	
G	1685d48	41.54	0	0	
G	1685e28	41.54	0	0	
G	1685f3c	41.54	0	0	
G	1687068	41.54	0	0	
G	1687148	41.54	0	0	
G	168725c	41.54	0	0	
G	1689444	41.54	0	0	
G	1689c9c	41.54	0	0	
G	1689d90	41.54	0	0	
G	168b3e4	41.54	0	1	
G	168b4c4	41.54	1	1	
G	168b5d8	41.54	0	0	
G	168ce38	41.54	0	0	
G	168cf18	41.54	0	0	
G	168d02c	41.54	0	0	
G	168d6a4	41.54	0	0	
G	168df18	41.54	0	0	
G	168e00c	41.54	0	0	
G	168ee5c	41.54	0	0	
G	168ef3c	41.54	0	0	
G	168f050	41.54	0	0	
G	1690fe8	41.54	0	1	
G	16910c8	41.54	1	1	
G	16911dc	41.54	0	0	
G	1691ef8	41.54	0	0	
G	1692750	41.54	0	0	
G	1692844	41.54	0	0	
G	1693f98	41.54	0	0	
G	1694078	41.54	0	0	
G	169418c	41.54	0	0	
G	1695018	41.54	0	0	
G	1695994	41.54	0	0	
G	1695a88	41.54	0	0	
G	1697ef4	41.54	0	1	
G	1697fd4	41.54	1	1	
G	1aaf6ec	41.54	0	0	
G	1aaf720	41.54	0	0	
G	15ab554	41.55	0	0	
G	16980e8	41.55	0	0	
G	169912c	41.55	0	0	
G	1699aa8	41.55	0	0	
G	1699b9c	41.55	0	0	
G	169b04c	41.55	0	0	
G	169b12c	41.55	0	0	
G	169b240	41.55	0	0	
G	169cbc4	41.55	0	0	
G	169cca4	41.55	0	0	
G	169cdb8	41.55	0	0	
G	169dcd4	41.55	1	1	
G	169e52c	41.55	0	1	
G	169e620	41.55	0	0	
G	169fd40	41.55	0	0	
G	169fe20	41.55	0	0	
G	169ff34	41.55	0	0	
G	16a0f14	41.55	0	0	
G	16a1818	41.55	0	0	
G	16a190c	41.55	0	0	
G	16a24b4	41.55	0	0	
G	16a2d28	41.55	0	0	
G	16a2e1c	41.55	0	0	
G	16a3f48	41.55	0	1	
G	16a4028	41.55	1	1	
G	16a413c	41.55	0	0	
G	16a5370	41.55	0	0	
G	16a5450	41.55	0	0	
G	16a5564	41.55	0	0	
G	16a6270	41.55	0	0	
G	16a6ae4	41.55	0	0	
G	16a6bd8	41.55	0	0	
G	16a7728	41.55	0	0	
G	16a7f9c	41.55	0	0	
G	16a8090	41.55	0	0	
G	16a9760	41.55	0	1	
G	16a9840	41.55	1	1	
G	16a9954	41.55	0	0	
G	16aaf98	41.55	0	0	
G	16ab078	41.55	0	0	
G	16ab18c	41.55	0	0	
G	16acb10	41.55	0	0	
G	16acbf0	41.55	0	0	
G	16acd04	41.55	0	0	
G	16ae064	41.55	0	0	
G	16ae090	41.55	0	0	
G	17b1a2c	41.55	0	6	
G	17b1b20	41.55	0	6	
G	21f4c90	41.55	0	6	
G	2264724	41.55	0	0	
G	226472c	41.55	0	6	
G	227fa30	41.55	1	1	
G	114b870	41.56	0	0	
G	114ba48	41.56	0	0	
G	114bc08	41.56	0	0	
G	114bc20	41.56	0	0	
G	13b4dd4	41.56	1	1	
G	17d315c	41.56	0	0	
G	1e8bacc	41.56	0	0	
G	1e8bb64	41.56	0	0	
G	1e95c28	41.56	0	183	
G	20ad20c	41.56	0	0	
G	20ad230	41.56	0	0	
G	21760b0	41.56	0	0	
G	21760e4	41.56	0	0	
G	21f4bf0	41.56	0	0	
G	21f4e3c	41.56	0	0	
G	114ba64	41.57	1	3	
G	17d13b8	41.57	0	9	
G	17d30e8	41.57	0	7	
G	17d3118	41.57	0	2	
G	1e83474	41.57	0	0	
G	1e950bc	41.57	0	173	
G	20aebf8	41.62	0	0	
G	1f8b984	41.63	1	1	
G	20ad1fc	42.53	0	0	
G	20aee54	42.53	0	0	
G	2176098	42.53	0	0	
G	2180984	42.53	0	3	
G	2180bc8	42.53	1	1	
G	17d12bc	45.01	0	0	
G	118f2fc	45.49	0	0	
G	118f39c	45.49	0	0	
G	118f3ec	45.49	0	0	
G	1285ddc	45.49	2	2	
G	1286590	45.49	2	7	
G	12874e8	45.49	3	7	
G	128797c	45.49	0	0	
G	12879cc	45.49	0	1	
G	1287e7c	45.49	0	0	
G	1287f4c	45.49	1	1	
G	1288ebc	45.49	1	1	
G	12890c8	45.49	0	0	
G	1289198	45.49	0	0	
G	15f3dbc	45.49	2	36	
G	15f4928	45.49	1	1	
G	16f76fc	45.49	0	0	
G	114bc34	45.50	0	0	
G	1738b70	60.64	0	0	
G	17c61b4	60.64	1	1	
G	1ce0e1c	60.64	0	0	
G	1d98010	60.64	0	0	
G	1d9994c	60.64	0	0	
G	1dec1c4	60.64	0	0	
G	17d35ac	60.66	8	8	
G	17d35c4	60.66	18	18	
G	17d3740	60.66	17	17	
G	195d2a8	60.66	53	96	
G	1ce4020	60.73	0	0	
G	17b693c	60.81	0	0	
G	17b69fc	60.81	0	0	
G	17c6284	60.81	0	0	
G	17c62f4	60.81	0	0	
G	1ce0d08	60.81	0	0	
G	1ce0dcc	60.81	0	0	
G	17c62fc	60.83	1	320	
G	17c6494	60.83	1	14	
G	17c7408	60.83	0	0	
G	17c7410	60.83	0	0	
G	173c3d8	60.84	1	1	
G	17c6630	60.84	2	305	
G	12cc4cc	60.85	1	32	
G	12cd12c	60.85	2	35	
G	12cf084	60.85	1	1	
G	12cfd88	60.85	4	7	
G	12d3e24	60.85	0	0	
G	12d635c	60.85	0	0	
G	15d741c	60.85	0	0	
G	15d7424	60.85	1	5	
G	15d7510	60.85	0	7	
G	15d7924	60.85	1	1	
G	16f5554	60.85	0	0	
G	170d808	60.85	0	32	
G	170d978	60.85	0	32	
G	173c9ec	60.85	0	32	
G	11ad1a4	60.86	0	0	
G	11b5ee8	60.86	0	0	
G	11c5de8	60.86	0	1	
G	11f7d78	60.86	0	0	
G	11f7dcc	60.86	0	0	
G	12b153c	60.86	0	0	
G	12b158c	60.86	0	2	
G	12b1614	60.86	0	0	
G	12cd780	60.86	3	4	
G	12d1bec	60.86	2	2	
G	12d26ac	60.86	1	1	
G	12d2734	60.86	0	0	
G	12d2858	60.86	0	0	
G	12d28a8	60.86	0	1	
G	12d28f8	60.86	0	0	
G	12d294c	60.86	0	0	
G	12d29a0	60.86	0	0	
G	12d29f0	60.86	0	0	
G	12d2b98	60.86	0	0	
G	12d2be8	60.86	0	0	
G	12d2d94	60.86	0	0	
G	12d2f40	60.86	0	0	
G	12d2f90	60.86	0	0	
G	12d2fe0	60.86	0	0	
G	12d3068	60.86	0	0	
G	12d318c	60.86	1	1	
G	12d3214	60.86	0	0	
G	12d3338	60.86	0	0	
G	12d3388	60.86	0	1	
G	12d3534	60.86	0	0	
G	12d3584	60.86	0	0	
G	12d3730	60.86	0	0	
G	12d38dc	60.86	0	0	
G	12d392c	60.86	0	0	
G	12d397c	60.86	0	1	
G	12d3b28	60.86	0	0	
G	12d3b7c	60.86	0	2	
G	12d3d28	60.86	1	1	
G	12d3ef4	60.86	4	4	
G	1279108	60.87	0	2	
G	12cb178	60.87	0	0	
G	12d65d0	60.87	0	0	
G	12d66a0	60.87	0	0	
G	15b7264	60.87	0	0	
G	15b726c	60.87	0	1	
G	15b7358	60.87	0	2	
G	15b776c	60.87	0	0	
G	15b793c	60.87	0	0	
G	15b7d7c	60.87	2	2	
G	15b86b0	60.87	0	0	
G	15d7420	60.87	0	0	
G	16f5458	60.87	0	0	
G	170c2f4	60.87	0	8	
G	170dbe0	60.87	1	1	
G	1717060	60.87	0	9	
G	171af9c	60.87	0	0	
G	173caec	60.87	0	0	
G	173cb04	60.87	1	15	
G	175e5f0	60.87	2	7	
G	175eec4	60.87	1	1	
G	175ef94	60.87	1	1	
G	175fbf8	60.87	0	0	
G	11511b8	60.88	1	20	
G	1200e24	60.88	0	0	
G	1392d14	60.88	0	23	
G	1392eb8	60.88	0	22	
G	1392fc0	60.88	1	1	
G	1392fdc	60.88	0	0	
G	1392fe4	60.88	0	0	
G	1557a14	60.88	0	0	
G	1557a9c	60.88	0	0	
G	15b7268	60.88	0	0	
G	15b89dc	60.88	0	0	
G	15b8aac	60.88	0	0	
G	15f2bec	60.88	0	0	
G	15f2bf0	60.88	0	0	
G	15f2bf4	60.88	0	1	
G	15f2ce0	60.88	0	1	
G	15f30f4	60.88	0	0	
G	15f32c4	60.88	0	0	
G	15f34b0	60.88	0	0	
G	15f359c	60.88	0	0	
G	15f366c	60.88	0	0	
G	16f55fc	60.88	0	0	
G	16ffa08	60.88	0	0	
G	170cd78	60.88	1	5	
G	170eac0	60.88	1	1	
G	171a008	60.88	1	1	
G	171a3f4	60.88	0	5	
G	171e920	60.88	1	110	
G	1732a9c	60.88	0	110	
G	17339e4	60.88	0	0	
G	1733b20	60.88	0	0	
G	1735f18	60.88	2	153	
G	173ca80	60.88	0	0	
G	173caa4	60.88	0	0	
G	173cac8	60.88	0	0	
G	173cb98	60.88	0	0	
G	1770bdc	60.88	3	3	
G	1771498	60.88	0	0	
G	1771568	60.88	0	0	
G	17718ac	60.88	0	0	
G	178f98c	60.88	0	0	
G	178faac	60.88	0	0	
G	11521b8	60.89	1	18	
G	1152e3c	60.89	3	3	
G	1161b48	60.89	5	6	
G	11725f0	60.89	0	0	
G	11726c0	60.89	0	0	
G	115e87c	60.90	0	0	
G	115e94c	60.90	0	0	
G	11cb0d8	60.90	0	1	
G	11cb160	60.90	0	0	
G	12e1cf4	60.90	0	0	
G	12e1d7c	60.90	0	0	
G	16345a8	60.90	0	0	
G	16345ac	60.90	0	0	
G	16348b4	60.90	0	1	
G	1634a38	60.90	0	1	
G	1634c80	60.90	0	0	
G	1634e80	60.90	0	0	
G	1635414	60.90	0	0	
G	16354e4	60.90	0	0	
G	16f583c	60.90	0	0	
G	171fc24	60.90	0	0	
G	17235cc	60.90	0	90	
G	1778988	60.90	1	4	
G	1778bd0	60.90	0	0	
G	1778cd0	60.90	1	2	
G	1779324	60.90	0	0	
G	1dcac08	60.90	0	1	
G	118a7ac	60.92	0	0	
G	130bb04	60.92	1	9	
G	130c19c	60.92	0	0	
G	171eca8	60.92	0	0	
G	171ef90	60.92	1	10	
G	17221f4	60.92	0	0	
G	1722340	60.92	0	0	
G	1397720	60.93	1	24	
G	1397d6c	60.93	2	2	
G	1398b8c	60.93	1	1	
G	139994c	60.93	0	0	
G	139a228	60.93	3	6	
G	139bf2c	60.93	1	1	
G	17905e0	60.93	1	28	
G	12a6840	60.94	2	3	
G	12a755c	60.94	0	21	
G	12b2dd8	60.94	0	0	
G	12b5d10	60.94	1	1	
G	14ba4d8	60.94	0	9	
G	14d6c1c	60.94	0	0	
G	14d6c40	60.94	0	0	
G	14d6d08	60.94	0	9	
G	17c747c	60.94	0	0	
G	17c7514	60.94	0	0	
G	17c7530	60.94	0	0	
G	17c7538	60.94	0	9	
G	17c7730	60.94	0	1	
G	112da24	60.95	0	1	
G	112da7c	60.95	1	1	
G	112dcb0	60.95	0	0	
G	112dd18	60.95	0	1	
G	112e184	60.95	1	1	
G	1140014	60.95	1	1	
G	1140024	60.95	0	0	
G	114136c	60.95	0	0	
G	143e01c	60.95	0	4	
G	1470364	60.95	3	8	
G	14d6d00	60.95	0	0	
G	17c7498	60.95	0	0	
G	17c7874	60.95	0	0	
G	1419148	60.98	0	2	
G	1200c90	60.99	0	0	
G	12b1878	60.99	0	0	
G	13c0ac8	60.99	0	32	
G	152164c	60.99	1	3	
G	1521a8c	60.99	0	0	
G	1521c70	60.99	0	0	
G	1521d7c	60.99	0	1	
G	1521fcc	60.99	0	0	
G	15222ac	60.99	0	4	
G	15224dc	60.99	0	0	
G	15226c0	60.99	0	0	
G	1522848	60.99	2	4	
G	1522ccc	60.99	0	0	
G	1522cdc	60.99	1	1	
G	1522ec0	60.99	0	0	
G	1523378	60.99	0	0	
G	1523384	60.99	0	0	
G	1523464	60.99	0	0	
G	1523650	60.99	1	5	
G	1523874	60.99	0	0	
G	1523a58	60.99	0	0	
G	1556d78	60.99	0	0	
G	1556dcc	60.99	0	0	
G	15908b0	60.99	0	0	
G	1590928	60.99	0	0	
G	15909a4	60.99	1	1	
G	1523bf4	61.00	1	4	
G	1524214	61.00	0	0	
G	1524220	61.00	0	0	
G	152445c	61.00	0	0	
G	15245e4	61.00	0	0	
G	1524880	61.00	0	0	
G	1524a44	61.00	0	0	
G	17c62cc	61.00	0	0	
G	17c62f8	61.00	0	0	
G	17c7220	61.00	0	0	
G	17c72bc	61.00	0	0	
G	17c74a0	61.00	0	0	
G	17c78b4	61.00	0	0	
G	21ed524	61.00	0	0	
G	1454b3c	61.02	0	5	
G	147b820	61.02	1	6	
G	14cc99c	61.02	0	7	
G	14ec950	61.02	0	0	
G	14ec96c	61.02	0	0	
G	14eca0c	61.02	0	0	
G	14eca14	61.02	0	7	
G	17c72c8	61.02	0	9	
G	1dff084	61.02	1	8	
G	1e13114	61.02	0	0	
G	1e13128	61.02	0	0	
G	1e13130	61.02	0	7	
G	1e131b4	61.02	0	0	
G	1e131d0	61.02	0	0	
G	142a558	61.03	0	1	
G	13e2310	61.04	0	4	
G	17b3b34	61.04	0	1	
G	1e131d8	61.04	0	0	
G	17b9b50	61.05	0	0	
G	17b9bb8	61.05	0	0	
G	17c728c	61.05	0	0	
G	17c72c0	61.05	0	0	
G	1dff074	61.05	0	0	
G	17b9bc0	61.07	33	130	
G	1815cdc	61.07	0	0	
G	1879500	61.07	0	0	
G	188b368	61.07	0	0	
G	188b72c	61.07	1	168	
G	1968ffc	61.07	0	0	
G	1969168	61.07	0	1	
G	1969878	61.07	1	1	
G	19e4398	61.07	0	0	
G	1dc60f0	61.07	0	0	
G	1e7e980	61.07	0	0	
G	16ffbac	61.09	0	0	
G	1815ed8	61.09	2	2	
G	187aa8c	61.09	8	10	
G	188e268	61.09	13	66	
G	188e31c	61.09	0	0	
G	19691c8	61.09	0	0	
G	19693b8	61.09	32	57	
G	1ea1f60	61.16	0	0	
G	1ed6518	61.16	1	2	
G	1755378	61.26	0	16	
G	17553f8	61.26	0	0	
G	17b3b24	61.26	0	0	
G	188b7d0	61.26	0	47	
G	188bad8	61.26	1	42	
G	188ccc0	61.26	43	2022	
G	188f2e4	61.26	26	1500	
G	188f4c4	61.26	21	887	
G	196936c	61.26	0	0	
G	1dcf020	61.26	0	1	
G	1dd0c8c	61.26	0	0	
G	1df2970	61.26	0	1	
G	11d3868	61.27	52	53	
G	12132d4	61.27	0	1	
G	121335c	61.27	36	36	
G	138ddc8	61.27	0	0	
G	160101c	61.27	0	0	
G	1601328	61.27	0	4	
G	16014ac	61.27	0	3	
G	162172c	61.27	0	0	
G	162288c	61.27	0	0	
G	1622b6c	61.27	0	0	
G	1622bb8	61.27	1	1	
G	1622c88	61.27	0	0	
G	16da9ec	61.27	0	7	
G	16dacec	61.27	1	7	
G	16db424	61.27	1	6	
G	16db72c	61.27	0	0	
G	16f5680	61.27	0	0	
G	175ff74	61.27	1	7	
G	176137c	61.27	0	1	
G	188ef2c	61.27	210	850	
G	188f5d8	61.27	0	0	
G	188f674	61.27	13	252	
G	188fe04	61.27	29	123	
G	1dd3f84	61.27	0	1	
G	1dddff4	61.27	0	0	
G	1ddf508	61.27	0	0	
G	1ddf704	61.27	0	7	
G	1df2eb0	61.27	26	292	
G	1dfed44	61.27	5	99	
G	1dfedb0	61.27	11	16	
G	22eade4	61.27	0	0	
G	2307cac	61.27	0	0	
G	26a12a0	61.27	0	0	
G	1200bb8	61.28	0	0	
G	1219ab0	61.28	0	0	
G	1601020	61.28	0	0	
G	1601024	61.28	0	2	
G	1601110	61.28	0	2	
G	1601524	61.28	2	2	
G	16017cc	61.28	1	1	
G	1601a60	61.28	0	0	
G	1601b30	61.28	0	0	
G	16db82c	61.28	0	2	
G	16dc3dc	61.28	0	0	
G	16dc65c	61.28	0	0	
G	16dc72c	61.28	0	0	
G	171a6d4	61.28	0	0	
G	171a7f4	61.28	7	7	
G	171d46c	61.28	1	1	
G	172f7cc	61.28	0	0	
G	1755538	61.28	2	2	
G	1755780	61.28	0	0	
G	1759bdc	61.28	0	0	
G	188c7f4	61.28	0	0	
G	188c948	61.28	0	1	
G	188cc38	61.28	0	0	
G	188cec0	61.28	0	1	
G	188cff4	61.28	32	39	
G	188e0b4	61.28	0	2	
G	188e3e0	61.28	0	0	
G	188e3fc	61.28	0	0	
G	188e5f4	61.28	1	4	
G	188ee0c	61.28	0	0	
G	188f854	61.28	1	1	
G	188fcc4	61.28	0	0	
G	1dc9d6c	61.28	0	0	
G	1dce758	61.28	0	0	
G	1dce928	61.28	0	0	
G	1dcefa0	61.28	0	0	
G	1de0344	61.28	0	0	
G	1df5c48	61.28	0	0	
G	1df78a0	61.28	0	0	
G	1df78f8	61.28	0	0	
G	1df7b94	61.28	0	0	
G	1df8008	61.28	0	0	
G	1df801c	61.28	0	0	
G	1df8030	61.28	0	0	
G	1df938c	61.28	0	0	
G	1dfecd4	61.28	0	0	
G	11433ec	61.29	0	3	
G	114375c	61.29	0	84	
G	1143868	61.29	20	547	
G	1879a18	61.29	0	0	
G	1879a7c	61.29	1	2	
G	1881ed8	61.29	0	0	
G	1881ef4	61.29	0	0	
G	18822a4	61.29	0	1	
G	1882428	61.29	0	0	
G	1882444	61.29	0	0	
G	18827a0	61.29	0	0	
G	18827bc	61.29	0	0	
G	1882b20	61.29	0	0	
G	1882b3c	61.29	0	0	
G	188ac34	61.29	0	0	
G	188ac50	61.29	0	0	
G	188ad4c	61.29	0	0	
G	188ad68	61.29	0	0	
G	188add0	61.29	0	0	
G	188adec	61.29	0	0	
G	188af04	61.29	0	0	
G	188af20	61.29	0	0	
G	188cb5c	61.29	0	0	
G	1a5d0b4	61.29	0	0	
G	1df75a0	61.29	0	0	
G	1e938c4	61.29	0	0	
G	1ea2328	61.29	28	31	
G	1ea28d4	61.29	0	0	
G	1ea2950	61.29	0	0	
G	1ec2248	61.29	0	10	
G	1ec30a0	61.29	10	162	
G	1ec3230	61.29	22	24	
G	1ec5498	61.29	2	2	
G	1ec5e1c	61.29	0	0	
G	1ec5f64	61.29	0	0	
G	1ec6034	61.29	1	1	
G	1ec64c4	61.29	48	66	
G	1f19348	61.29	1	185	
G	1f2b3bc	61.29	0	0	
G	1e77704	61.30	20	20	
G	1e92f68	61.30	1	10	
G	1ea24d8	61.30	34	118	
G	1e92eb8	61.32	1	1	
G	132bd2c	61.34	1	1	
G	132c048	61.34	0	9	
G	132c258	61.34	0	0	
G	1351dd8	61.34	0	1	
G	1392d0c	61.34	0	0	
G	19e4438	61.34	1	1	
G	19e55d8	61.34	0	0	
G	19e55f4	61.34	0	0	
G	19e5720	61.34	0	0	
G	19e573c	61.34	0	0	
G	19e5904	61.34	0	0	
G	19e5920	61.34	0	0	
G	19e5a84	61.34	0	0	
G	19e5aa0	61.34	0	0	
G	19e5bcc	61.34	0	0	
G	19e5be8	61.34	0	0	
G	19e5db0	61.34	0	0	
G	19e5dcc	61.34	0	0	
G	19e5efc	61.34	0	0	
G	19e5f18	61.34	0	0	
G	19e60ec	61.34	0	0	
G	19e6108	61.34	0	0	
G	19e6234	61.34	0	0	
G	19e6250	61.34	0	0	
G	19e6418	61.34	0	0	
G	19e6434	61.34	0	0	
G	19e6560	61.34	0	0	
G	19e657c	61.34	0	0	
G	19e6744	61.34	0	0	
G	19e6760	61.34	0	0	
G	19e6890	61.34	0	0	
G	19e68ac	61.34	0	0	
G	1337be0	61.35	63	1618	
G	15ab5c4	61.35	2	4	
G	15aba44	61.35	1	2	
G	1e7ea08	61.35	0	0	
G	13386f8	61.36	0	0	
G	16ae704	61.36	0	0	
G	16ae8d8	61.36	0	0	
G	16ae9a8	61.36	0	0	
G	16fb284	61.36	0	0	
G	15ac690	61.37	2	13	
G	16fb610	61.40	2	15	
G	15ac1dc	61.41	0	0	
G	11d89e4	61.42	0	1	
G	132f940	61.42	0	1	
G	132b3f0	61.46	0	0	
G	132b5c8	61.46	1	2	
G	132c414	61.46	6	141	
G	132f428	61.46	0	4	
G	132fbb0	61.46	0	1	
G	1340bfc	61.46	0	1	
G	134f2d4	61.46	1	1	
G	134f614	61.46	0	0	
G	132fcc8	61.47	8	17	
G	1337024	61.47	1	1	
G	13370f4	61.47	0	0	
G	134fec8	61.47	0	2	
G	134ff20	61.47	0	0	
G	1f18c10	61.47	0	235	
G	25a774c	61.47	0	235	
G	25aff6c	61.47	213	213	
G	134f2cc	61.49	0	0	
G	134f60c	61.49	0	0	
G	134f798	61.49	0	1	
G	134f8b8	61.49	1	1	
G	17fe7e4	61.49	0	0	
G	20f461c	61.51	1	1	
G	20f4dac	61.51	2	9	
G	20f51c0	61.51	1	1	
G	20f5334	61.51	1	2	
G	20f567c	61.51	1	5	
G	20f5914	61.51	0	179	
G	20f8094	61.51	0	0	
G	20f87c4	61.51	0	0	
G	20f8bd8	61.51	0	0	
G	20f8db4	61.51	0	0	
G	20f8dfc	61.51	0	0	
G	20ff8cc	61.51	0	0	
G	20ff914	61.51	0	0	
G	20ff974	61.51	0	0	
G	2100180	61.51	0	1	
G	2100320	61.51	1	1	
G	210048c	61.51	1	1	
G	21dadcc	61.51	0	0	
G	21e0d08	61.51	0	0	
G	21e10c0	61.51	0	1	
G	21e12d4	61.51	1	1	
G	21e132c	61.51	0	0	
G	21e2034	61.51	0	0	
G	1f2df5c	61.52	0	0	
G	20f6d88	61.52	1	5	
G	20f7080	61.52	0	2	
G	20fa15c	61.52	0	0	
G	20fa700	61.52	0	0	
G	20fa780	61.52	0	0	
G	20fa938	61.52	0	1	
G	20fb3fc	61.52	0	0	
G	20fb438	61.52	0	0	
G	20fb4ec	61.52	0	0	
G	20fbb70	61.52	0	0	
G	20fbbf0	61.52	1	1	
G	20fcf30	61.52	0	0	
G	20fcf68	61.52	0	0	
G	20fcfb0	61.52	0	0	
G	20fd088	61.52	1	1	
G	20fd70c	61.52	0	0	
G	20fd7ec	61.52	0	1	
G	20feb2c	61.52	0	0	
G	20feb84	61.52	0	0	
G	20febc8	61.52	0	0	
G	21da1f0	61.52	2	2	
G	21dac74	61.52	1	2	
G	21db360	61.52	0	0	
G	21e7b64	61.52	0	0	
G	235bf38	61.52	0	5	
G	235c108	61.52	0	1	
G	235d1c8	61.52	3	163	
G	25e9fc0	61.52	1	6	
G	21e9504	61.53	0	0	
G	235cd3c	61.53	1	154	
G	2360200	61.53	0	0	
G	236021c	61.53	0	0	
G	25ea038	61.53	1	5	
G	25ea3e0	61.53	1	1	
G	25ea894	61.53	25	147	
G	25eb13c	61.53	0	0	
G	25eb230	61.53	0	0	
G	25eb238	61.53	1	4	
G	25eb2d4	61.53	0	3	
G	25ebf00	61.53	0	0	
G	25ebfac	61.53	0	0	
G	25ebffc	61.53	1	1	
G	25ec32c	61.53	0	0	
G	25ec394	61.53	0	3	
G	25ec944	61.53	0	0	
G	25ecdfc	61.53	1	1	
G	25ecf10	61.53	0	0	
G	25ecfc4	61.53	0	0	
G	25ecfe4	61.53	1	3	
G	25eeb6c	61.53	0	0	
G	25ef314	61.53	0	1	
G	25ef7c0	61.53	0	0	
G	25f1768	61.53	1	122	
G	25f1938	61.53	0	0	
G	25f19b4	61.53	1	1	
G	25f1b3c	61.53	0	0	
G	25f1b50	61.53	0	0	
G	25f1ccc	61.53	0	0	
G	25f225c	61.53	0	0	
G	25f22f8	61.53	1	1	
G	25f2f2c	61.53	0	0	
G	25f3070	61.53	0	0	
G	25f30ac	61.53	0	0	
G	25f30b4	61.53	0	0	
G	25f30cc	61.53	0	0	
G	25f30ec	61.53	0	0	
G	25f30f4	61.53	0	0	
G	25f62bc	61.53	0	0	
G	25f62cc	61.53	0	0	
G	25f6394	61.53	0	0	
G	25f63c0	61.53	0	0	
G	25f63e4	61.53	0	0	
G	25f7594	61.53	0	0	
G	25facec	61.53	0	0	
G	25fba54	61.53	0	0	
G	25ec990	61.54	0	4	
G	25f2bb0	61.54	14	14	
G	25f30bc	61.54	0	0	
G	25f7740	61.54	1	1	
G	25f78e8	61.54	9	115	
G	25fa144	61.54	2	2	
G	25fade0	61.54	1	3	
G	25faf58	61.54	91	92	
G	20f54c8	61.55	1	2	
G	20f6cd8	61.55	0	1	
G	20f9064	61.55	0	0	
G	235fe44	61.55	0	0	
G	25ecc14	61.55	0	0	
G	25f30c4	61.55	0	0	
G	25faa60	61.55	0	0	
G	25fabbc	61.55	1	1	
G	25fba28	61.55	0	0	
G	1e68f70	61.56	0	0	
G	1e7687c	61.56	0	0	
G	235c2f0	61.56	0	0	
G	235fdb4	61.56	1	1	
G	20feb34	61.57	0	0	
G	235fd30	61.57	0	0	
G	218a5b0	61.58	0	0	
G	218a5bc	61.58	0	0	
G	218a5cc	61.58	0	0	
G	218a5d8	61.58	0	0	
G	218a5f0	61.58	0	0	
G	218ac80	61.58	0	0	
G	218b5d0	61.58	0	4	
G	218daf0	61.58	0	0	
G	235e418	61.58	2	242	
G	235fca4	61.58	1	1	
G	235fd78	61.58	1	244	
G	20fcf38	61.59	0	0	
G	20fb408	61.61	1	1	
G	217ba5c	61.62	0	0	
G	217ba6c	61.62	0	0	
G	2186518	61.67	1	2	
G	20f72b8	61.68	1	5	
G	20f7588	61.68	1	3	
G	20f8944	61.68	1	1	
G	20f8c18	61.68	0	1	
G	20f8f7c	61.68	0	0	
G	20fa2c4	61.68	0	0	
G	20fa57c	61.68	0	0	
G	20fa828	61.68	0	0	
G	20fb664	61.68	0	0	
G	20fb990	61.68	0	0	
G	20fbd70	61.68	0	0	
G	20fd200	61.68	1	1	
G	20fd52c	61.68	0	1	
G	20fd96c	61.68	0	0	
G	21da288	61.68	0	0	
G	235c05c	61.68	0	6	
G	235c2bc	61.68	0	6	
G	21d8f44	61.69	0	0	
G	21d6ecc	61.74	0	0	
G	133dbd8	61.76	20	21	
G	1e927c8	61.78	0	0	
G	1e934c4	61.78	0	0	
G	1ebc278	61.78	0	0	
G	1ebcd44	61.78	28	44	
G	1ebe28c	61.78	2	17	
G	1ebed94	61.78	0	0	
G	1ebf0c8	61.78	1	2	
G	1ebf328	61.78	16	16	
G	1ed503c	61.78	1	19	
G	1eaa834	61.79	0	0	
G	1ec0170	61.79	0	0	
G	1ec6dd8	61.79	0	1	
G	1ec7548	61.79	0	0	
G	1ec87c0	61.79	0	0	
G	1ec87dc	61.79	0	0	
G	1ec8880	61.79	1	1	
G	1ec889c	61.79	0	0	
G	1ec8938	61.79	0	0	
G	1ec8954	61.79	0	0	
G	1ec8a90	61.79	1	2	
G	1ec9ef0	61.79	0	0	
G	1eca04c	61.79	0	0	
G	1eca068	61.79	0	0	
G	1ed6a4c	61.79	1	1	
G	1ed7a04	61.79	0	4	
G	1efc260	61.79	1	1	
G	1338d9c	61.80	8	17	
G	1350a34	61.80	0	0	
G	1350a3c	61.80	0	0	
G	1eb5058	61.80	0	0	
G	1eb5530	61.80	2	5	
G	1eb72fc	61.80	0	13	
G	1ebb568	61.80	0	0	
G	1ebb5c0	61.80	0	0	
G	1eca2f0	61.80	0	0	
G	1ed38cc	61.80	0	0	
G	1ed3b6c	61.80	1	1	
G	11d3f80	61.81	0	0	
G	11d40ec	61.81	0	0	
G	132b234	61.81	0	6	
G	134e5cc	61.81	0	10	
G	134e6c4	61.81	0	0	
G	134e6cc	61.81	0	7	
G	13508b8	61.81	0	0	
G	1350998	61.81	0	0	
G	1350af0	61.81	0	0	
G	1350af8	61.81	0	1	
G	1350bcc	61.81	0	0	
G	1350bd4	61.81	0	0	
G	1350dd0	61.81	0	0	
G	1350dec	61.81	0	0	
G	1350ee4	61.81	0	0	
G	1350f00	61.81	0	0	
G	135114c	61.81	0	0	
G	1351168	61.81	0	0	
G	1351414	61.81	0	0	
G	1351430	61.81	0	0	
G	1351660	61.81	0	0	
G	135167c	61.81	0	0	
G	135179c	61.81	0	0	
G	13517b8	61.81	0	0	
G	1351864	61.81	0	0	
G	1351880	61.81	0	0	
G	1351f44	61.81	0	0	
G	1351f60	61.81	0	0	
G	1352290	61.81	0	0	
G	13522ac	61.81	0	0	
G	1352404	61.81	0	0	
G	1352420	61.81	1	1	
G	1dd7684	61.81	0	1	
G	1dee08c	61.81	1	1	
G	1df3d24	61.81	0	0	
G	1eb5898	61.81	0	0	
G	1ebf278	61.81	1	1	
G	1ec0114	61.81	0	0	
G	1ec9658	61.81	1	1	
G	1ecd674	61.81	2	10	
G	1ece0c4	61.81	0	0	
G	1ece0cc	61.81	0	1	
G	26a8f48	61.81	0	0	
G	26a935c	61.81	0	0	
G	134e5c4	61.82	0	0	
G	134ed00	61.82	0	0	
G	134ef30	61.82	0	0	
G	134f128	61.82	0	0	
G	1350528	61.82	0	0	
G	135271c	61.82	0	0	
G	1352724	61.82	0	0	
G	1eb582c	61.82	0	0	
G	1ecd50c	61.82	0	1	
G	1ecdedc	61.82	0	0	
G	1ecdee4	61.82	1	1	
G	1ed7c84	61.82	0	0	
G	1ed177c	61.83	31	485	
G	1800248	61.86	13	18	
G	133dcf0	61.88	93	108	
G	133e080	61.88	8	496	
G	1340844	61.88	5	5	
G	13410d8	61.88	0	81	
G	1341398	61.88	0	2	
G	1341400	61.88	0	0	
G	1341ca0	61.88	0	0	
G	1341ed8	61.88	0	0	
G	134319c	61.88	1	10	
G	1344330	61.88	2	3	
G	13527bc	61.88	0	0	
G	1352b70	61.88	0	0	
G	1352b78	61.88	0	0	
G	135424c	61.88	3	7	
G	1354f14	61.88	0	0	
G	135ccd4	61.88	1	1	
G	135d2b4	61.88	0	0	
G	135d2d0	61.88	0	0	
G	1e8d0d0	61.88	12	12	
G	1ec46dc	61.88	0	0	
G	1ec46e8	61.88	0	0	
G	1ec46f0	61.88	0	0	
G	1ecca64	61.88	1	1	
G	1eccaec	61.88	0	0	
G	1eccb20	61.88	0	0	
G	1ecd7cc	61.88	0	0	
G	1ece1a8	61.88	0	0	
G	1ece1b0	61.88	15	15	
G	133e264	61.89	12	15	
G	133e7e8	61.89	32	32	
G	1354dc0	61.89	28	90	
G	135501c	61.89	0	0	
G	1355038	61.89	0	0	
G	1357040	61.89	0	0	
G	1358bc0	61.89	0	0	
G	1362978	61.89	3	234	
G	13641ac	61.89	33	99	
G	1364870	61.89	0	0	
G	1364878	61.89	52	66	
G	1ec4654	61.89	0	0	
G	1ecc5a4	61.89	1	1	
G	132b840	61.90	1	69	
G	1344824	61.90	1	1	
G	13449d0	61.90	0	2	
G	1344bfc	61.90	0	2	
G	13473cc	61.90	0	0	
G	1352e24	61.90	1	1	
G	13536c8	61.90	0	0	
G	1353798	61.90	0	0	
G	1354f30	61.90	0	0	
G	1355040	61.90	1	1	
G	1357d08	61.90	0	2	
G	1357dc4	61.90	0	0	
G	1357e48	61.90	1	88	
G	1358d34	61.90	0	0	
G	1358d3c	61.90	2	2	
G	135901c	61.90	0	0	
G	13590ec	61.90	0	0	
G	1359448	61.90	0	2	
G	135cffc	61.90	0	0	
G	135d2d8	61.90	0	0	
G	135d34c	61.90	0	0	
G	135d368	61.90	0	0	
G	1361aac	61.90	0	0	
G	1361c08	61.90	1	1	
G	13623e4	61.90	0	67	
G	1362c20	61.90	1	1	
G	13636f8	61.90	1	5	
G	1364538	61.90	0	0	
G	1364750	61.90	0	0	
G	17fc314	61.90	0	0	
G	17fcf38	61.90	0	0	
G	1eccba8	61.90	0	2	
G	1ecdde4	61.90	0	0	
G	1ecddec	61.90	0	2	
G	1ed0acc	61.90	11	35	
G	1343890	61.91	1	1	
G	13579d4	61.91	2	3	
G	1357df4	61.91	1	1	
G	135840c	61.91	5	5	
G	13622b0	61.91	16	125	
G	1f4d5d0	61.92	0	0	
G	22351b8	65.26	0	1	
G	2604de4	65.27	0	0	
G	261c1b0	65.27	0	0	
G	261c1d8	65.27	1	1	
G	22401ec	65.31	2	6	
G	26069bc	65.31	0	0	
G	26138b0	65.31	1	1	
G	26139c0	65.31	0	0	
G	261c380	65.31	1	1	
G	133e5d8	65.93	0	0	
G	133ec00	65.93	1	1	
G	133edc0	65.93	0	1	
G	1357e14	65.93	0	1	
G	135cc88	65.93	0	0	
G	135d214	65.93	0	0	
G	135d370	65.93	0	0	
G	1f739f8	66.09	0	0	
G	1357af4	68.32	1	1	
G	1364774	68.32	0	0	
G	134043c	71.03	0	0	
G	1345014	71.10	1	1	
G	1358390	71.10	0	0	
G	1362264	71.10	0	0	
G	136238c	71.10	0	0	
G	13626b0	71.10	0	0	
G	13436e4	71.18	3	3	
G	1354c74	71.18	0	0	
G	13550e4	71.18	0	0	
G	1355100	71.18	0	0	
G	1e92cb8	71.20	0	1	
G	1352c24	71.22	0	0	
G	1352c2c	71.22	2	2	
G	1354ee4	71.22	0	1	
G	1354f38	71.22	0	0	
G	1355108	71.22	0	0	
G	1362748	71.22	1	3	
G	1342410	74.90	2	3	
G	1358aa4	74.90	7	22	
G	135d490	74.90	6	55	
G	135d5fc	74.90	0	1	
G	135e87c	74.90	0	0	
G	135e898	74.90	0	0	
G	1ec4204	74.90	0	2	
G	1ec62f0	74.90	2	2	
G	135e838	74.92	0	0	
G	135e8a0	75.24	0	0	
G	1345198	75.97	5	241	
G	135e540	75.98	0	0	
G	135e5b4	75.98	0	0	
G	132f8b0	75.99	0	0	
G	1355154	75.99	21	123	
G	13554cc	75.99	2	102	
G	1356414	75.99	1	2	
G	1356c7c	75.99	1	5	
G	13571d8	75.99	0	0	
G	13575cc	75.99	1	2	
G	1357754	75.99	0	0	
G	1357770	75.99	0	0	
G	135783c	75.99	0	0	
G	1357858	75.99	0	0	
G	1358534	75.99	0	3	
G	1358894	75.99	9	15	
G	135db8c	75.99	1	4	
G	1eac6f8	75.99	0	0	
G	1eb893c	75.99	0	0	
G	1ec86cc	75.99	0	0	
G	13560bc	76.00	0	0	
G	13578b4	76.00	1	1	
G	1df5624	76.00	0	5	
G	1e11a04	76.00	0	3	
G	1ec6d40	76.00	0	0	
G	1ec88a4	76.00	0	0	
G	1ec895c	76.00	0	0	
G	1351684	76.55	0	1	
G	1357048	77.25	0	0	
G	13517c0	77.54	0	2	
G	134d280	77.64	0	0	
G	135703c	77.64	0	0	
G	1358b0c	77.64	0	0	
G	135d5ac	77.64	0	2	
G	136230c	77.64	1	1	
G	1362b7c	77.64	0	0	
G	1349310	77.76	0	0	
G	135e3e0	77.76	0	0	
G	135ccb0	77.88	0	0	
G	1ec461c	78.56	0	0	
G	1ecc6e4	78.56	0	0	
G	13430d8	79.97	1	1	
G	132bd24	80.21	0	0	
G	1346ba0	82.56	0	0	
G	134daec	82.56	1	48	
G	1354130	82.58	1	1	
G	135414c	82.58	0	0	
G	1eda68c	82.58	1	1	
G	1354154	82.72	0	5	
G	1350df4	85.22	1	1	
G	1351888	85.62	0	6	
G	1351d30	85.62	0	0	
G	1351d4c	85.62	0	0	
G	1346088	85.77	0	0	
G	1351d54	85.77	0	0	
G	13427f0	87.17	0	0	
G	135da48	87.17	1	1	
G	135e914	87.17	0	0	
G	135e930	87.17	0	0	
G	135d3b8	87.42	0	0	
G	135e758	87.42	1	1	
G	135e820	87.42	0	1	
G	135e938	87.42	0	0	
G	1f080e8	87.45	1	1	
G	1f9c4fc	89.79	0	0	
G	2236238	89.79	0	0	
G	2236668	89.79	0	0	
G	1341850	91.25	0	0	
G	1343d2c	91.25	2	6	
G	134b0a4	91.25	0	0	
G	1362c6c	91.25	2	4	
G	13643ac	91.25	0	0	
G	13643c8	91.25	0	0	
G	11436d0	91.26	0	2	
G	1ec558c	91.26	0	0	
G	13643d0	91.28	0	0	
G	1344184	92.57	0	0	
G	13635a8	92.58	1	1	
G	1364474	92.58	0	0	
G	1364490	92.58	0	0	
G	134b068	92.61	0	0	
G	1364360	92.61	0	0	
G	1364498	92.61	0	0	
G	13438e0	93.97	0	0	
G	1344f2c	97.41	0	0	
G	1359490	97.41	0	0	
G	1344b74	98.08	0	0	
G	1137bf4	111.86	0	3	
G	1137c4c	111.86	0	3	
G	1137d68	111.86	0	0	
G	1137dd0	111.86	0	1	
G	11382f8	111.86	1	1	
G	11383c4	111.86	1	1	
G	113849c	111.86	0	0	
G	1138680	111.86	0	0	
G	11387d0	111.86	0	0	
G	1138ae4	111.86	0	1	
G	1138cc4	111.86	1	1	
G	13389c4	111.86	2	13	
G	1341f24	111.86	0	0	
G	13506b8	111.86	0	0	
G	13506d4	111.86	0	0	
G	13506dc	111.86	0	10	
G	1350818	111.86	0	0	
G	1350834	111.86	0	0	
G	143e3e0	111.86	0	8	
G	1470554	111.86	1	9	
G	14ba6c0	111.86	1	10	
G	14d6dd0	111.86	0	0	
G	14d6df4	111.86	0	0	
G	14d6ebc	111.86	0	9	
G	1dee018	111.86	0	1	
G	14d6eb4	111.87	0	0	
G	13c0d68	111.91	0	25	
G	141943c	111.91	0	4	
G	135083c	111.92	0	0	
G	1969628	111.92	1	4	
G	19e556c	111.92	0	3	
G	1dc8de4	111.92	0	5	
G	1879784	112.26	0	0	
G	188e34c	112.26	0	0	
G	1d998d0	112.28	1	1	
G	17ba0dc	112.29	1	1	
G	1e76ad4	112.33	0	0	
G	1ea2188	112.33	0	0	
G	188e370	112.34	0	0	
G	1337540	112.38	1	58	
G	133e9c8	112.38	0	58	
G	134e51c	112.38	0	0	
G	1356f60	112.38	0	1	
G	1357024	112.38	0	1	
G	135951c	112.38	0	0	
G	15ac23c	112.38	0	43	
G	15b4948	112.38	0	0	
G	15b5088	112.38	0	0	
G	15b5b64	112.38	2	4	
G	15b61b4	112.38	0	0	
G	15b6b04	112.38	0	0	
G	15b7244	112.38	0	0	
G	15b9088	112.38	0	8	
G	15b96d8	112.38	0	0	
G	15ba224	112.38	0	0	
G	15ba874	112.38	0	0	
G	15bb550	112.38	0	0	
G	15bbba0	112.38	0	0	
G	15bc4f8	112.38	0	0	
G	15bcc38	112.38	0	0	
G	15be174	112.38	0	0	
G	15be8b4	112.38	0	0	
G	15bfe74	112.38	0	0	
G	15c0650	112.38	0	0	
G	15c0eec	112.38	0	0	
G	15c162c	112.38	0	0	
G	15c2608	112.38	0	0	
G	16e84c0	112.38	0	0	
G	16ed160	112.38	3	43	
G	16fb404	112.38	1	4	
G	1969050	112.38	1	59	
G	1969118	112.38	0	59	
G	1e76bec	112.38	1	3	
G	1ebb52c	112.38	0	0	
G	1ebc3c0	112.38	0	2	
G	1ec73e4	112.38	0	2	
G	1ec926c	112.38	0	0	
G	1ec9330	112.38	0	0	
G	1eda60c	112.38	0	0	
G	1edb910	112.38	0	0	
G	15c1ec8	112.39	0	0	
G	15c2ea4	112.39	0	0	
G	15c35e4	112.39	0	0	
G	15c3e80	112.39	0	0	
G	15c45c0	112.39	0	0	
G	15c4f5c	112.39	0	0	
G	15c569c	112.39	0	0	
G	15c5f38	112.39	1	1	
G	15c6678	112.39	0	0	
G	15c7258	112.39	0	0	
G	15c7998	112.39	0	0	
G	15c8578	112.39	0	0	
G	15c8cb8	112.39	0	0	
G	15ca1dc	112.39	0	0	
G	15ca91c	112.39	0	0	
G	15cb1b8	112.39	0	0	
G	15cba20	112.39	0	0	
G	15cc778	112.39	0	0	
G	15ccfa4	112.39	0	0	
G	15cdd94	112.39	0	0	
G	15ce4d4	112.39	0	0	
G	15cf928	112.39	0	0	
G	15d0068	112.39	0	0	
G	15d1200	112.39	0	0	
G	15d1940	112.39	0	0	
G	15d2bfc	112.39	1	1	
G	15d333c	112.39	0	0	
G	15d462c	112.39	0	0	
G	15d4e88	112.39	0	0	
G	15d5624	112.39	0	0	
G	15d5e80	112.39	0	0	
G	15d6cbc	112.39	0	0	
G	15d73fc	112.39	0	0	
G	15d7c98	112.39	0	0	
G	15d83d8	112.39	0	0	
G	15d9634	112.39	0	0	
G	15d9d74	112.39	0	0	
G	15db464	112.39	0	0	
G	15dbba4	112.39	0	0	
G	15dc440	112.39	0	0	
G	15dcb80	112.39	0	0	
G	15de51c	112.39	0	0	
G	15dec5c	112.39	0	0	
G	15e04c4	112.39	0	0	
G	15e0c04	112.39	0	0	
G	15e5108	112.39	0	0	
G	15e5848	112.39	0	0	
G	15e7dc0	112.39	0	0	
G	15e8500	112.39	0	0	
G	15e9a48	112.39	0	0	
G	15ea188	112.39	0	0	
G	15ec040	112.39	0	0	
G	15ec780	112.39	0	0	
G	15ee360	112.39	0	0	
G	15eeaa0	112.39	0	0	
G	15efc74	112.39	0	0	
G	15f0444	112.39	0	0	
G	15f1254	112.39	0	0	
G	15f1994	112.39	0	0	
G	15f2330	112.39	0	0	
G	15f2bcc	112.39	0	0	
G	15f3b80	112.39	0	7	
G	15f41d0	112.39	0	0	
G	15f4ce8	112.39	1	1	
G	15f5428	112.39	0	0	
G	15f6ed4	112.39	0	0	
G	15f7614	112.39	0	0	
G	15f816c	112.39	2	5	
G	15f89d8	112.39	0	0	
G	15f9588	112.39	0	0	
G	15f9cc8	112.39	0	0	
G	15fa664	112.39	0	0	
G	15fada4	112.39	0	0	
G	15fb540	112.39	0	0	
G	15fbc80	112.39	0	0	
G	15fcec0	112.39	0	0	
G	15fd758	112.39	0	0	
G	15fdfec	112.39	0	0	
G	15fe72c	112.39	0	0	
G	15feec8	112.39	0	0	
G	15ff5ec	112.39	0	0	
G	16007b4	112.39	0	0	
G	1600ffc	112.39	0	0	
G	1601f48	112.39	0	0	
G	1602688	112.39	0	0	
G	16037a8	112.39	1	1	
G	1603ecc	112.39	0	0	
G	1604868	112.39	0	0	
G	1604fa8	112.39	0	0	
G	1605844	112.39	1	1	
G	1606014	112.39	0	0	
G	1606d00	112.39	0	0	
G	1607440	112.39	0	0	
G	1607ddc	112.39	0	0	
G	160851c	112.39	0	0	
G	160982c	112.39	0	0	
G	1609f6c	112.39	0	0	
G	160b254	112.39	0	0	
G	160b994	112.39	0	0	
G	160cca8	112.39	0	0	
G	160d4fc	112.39	0	0	
G	160e018	112.39	0	0	
G	160e758	112.39	0	0	
G	160f05c	112.39	0	0	
G	160f79c	112.39	0	0	
G	16107ec	112.39	0	0	
G	1610f2c	112.39	0	0	
G	1613658	112.39	0	0	
G	1613ea0	112.39	0	0	
G	1614df0	112.39	0	0	
G	1615530	112.39	0	0	
G	16167ec	112.39	1	1	
G	1616fbc	112.39	0	0	
G	1617d84	112.39	0	0	
G	16184c4	112.39	0	0	
G	1619794	112.39	0	0	
G	1619ed4	112.39	0	0	
G	161b504	112.39	0	0	
G	161bc44	112.39	0	0	
G	161e308	112.39	0	0	
G	161ea48	112.39	0	0	
G	161feec	112.39	0	0	
G	162062c	112.39	0	0	
G	16217ec	112.39	0	0	
G	1622094	112.39	0	0	
G	16230a0	112.39	0	0	
G	16237e0	112.39	0	0	
G	1624f8c	112.39	0	0	
G	16256cc	112.39	0	0	
G	162679c	112.39	0	0	
G	1626edc	112.39	0	0	
G	16281ac	112.39	0	0	
G	16288d0	112.39	0	0	
G	1629938	112.39	0	0	
G	162a05c	112.39	0	0	
G	162be14	112.39	0	0	
G	162c65c	112.39	0	0	
G	162d59c	112.39	1	1	
G	162dcdc	112.39	0	0	
G	162ee00	112.39	0	0	
G	162f540	112.39	0	0	
G	1630790	112.39	0	0	
G	1631040	112.39	0	0	
G	16321d4	112.39	0	0	
G	1632914	112.39	0	0	
G	1633e48	112.39	0	0	
G	1634588	112.39	0	0	
G	16358fc	112.39	0	0	
G	1636020	112.39	0	0	
G	1636fbc	112.39	0	0	
G	16376fc	112.39	0	0	
G	1638b1c	112.39	0	0	
G	163925c	112.39	0	0	
G	1639b60	112.39	0	0	
G	163a2a0	112.39	0	0	
G	163bb00	112.39	0	0	
G	163c240	112.39	0	0	
G	163c4cc	112.39	0	0	
G	163cbf0	112.39	0	0	
G	163d58c	112.39	0	0	
G	163dccc	112.39	0	0	
G	163fb18	112.39	0	0	
G	1640258	112.39	1	1	
G	16414cc	112.39	0	0	
G	1641c0c	112.39	0	0	
G	16427ec	112.39	0	0	
G	1642f2c	112.39	0	0	
G	1643dd0	112.39	0	0	
G	1644420	112.39	0	0	
G	1644e78	112.39	0	0	
G	16455b8	112.39	0	0	
G	16468d4	112.39	0	0	
G	1647014	112.39	0	0	
G	1647918	112.39	0	0	
G	1648058	112.39	0	0	
G	16487f4	112.39	0	0	
G	1648f34	112.39	0	0	
G	164a1d4	112.39	0	0	
G	164aa28	112.39	0	0	
G	164b9f0	112.39	0	0	
G	164c114	112.39	0	0	
G	164d1a8	112.39	0	0	
G	164d8e8	112.39	0	0	
G	164ea28	112.39	0	0	
G	164f168	112.39	0	0	
G	16503a0	112.39	1	1	
G	1650ae0	112.39	0	0	
G	165147c	112.39	0	0	
G	1651d0c	112.39	0	0	
G	1652da0	112.39	0	0	
G	16534c4	112.39	0	0	
G	1654668	112.39	0	0	
G	1654da8	112.39	0	0	
G	1656194	112.39	0	0	
G	16569dc	112.39	0	0	
G	1656f1c	112.39	0	0	
G	165765c	112.39	0	0	
G	1658850	112.39	0	0	
G	1658f90	112.39	0	0	
G	165a284	112.39	0	0	
G	165ab20	112.39	0	0	
G	165c9f4	112.39	0	0	
G	165d118	112.39	0	0	
G	165e438	112.39	1	1	
G	165eb78	112.39	0	0	
G	165f47c	112.39	0	0	
G	165fba0	112.39	0	0	
G	1660b4c	112.39	0	0	
G	166128c	112.39	0	0	
G	166274c	112.39	0	0	
G	1662e8c	112.39	0	0	
G	166407c	112.39	0	0	
G	16647bc	112.39	0	0	
G	1666148	112.39	0	0	
G	1666888	112.39	0	0	
G	1667e04	112.39	0	0	
G	1668544	112.39	0	0	
G	166986c	112.39	0	0	
G	1669fac	112.39	0	0	
G	166b5ac	112.39	0	0	
G	166bcec	112.39	0	0	
G	134e058	112.40	1	1	
G	134e4fc	112.40	0	1	
G	166c5f0	112.40	0	0	
G	166ce88	112.40	0	0	
G	166dedc	112.40	0	0	
G	166e61c	112.40	0	0	
G	166f8b8	112.40	0	0	
G	166fff8	112.40	0	0	
G	1670bdc	112.40	0	0	
G	1671300	112.40	0	0	
G	1672060	112.40	0	0	
G	16728f0	112.40	0	0	
G	167323c	112.40	0	0	
G	167397c	112.40	0	0	
G	1674c68	112.40	0	0	
G	16753a8	112.40	0	0	
G	1676818	112.40	0	0	
G	1676f58	112.40	0	0	
G	1678140	112.40	0	0	
G	1678994	112.40	0	0	
G	167958c	112.40	0	0	
G	1679ccc	112.40	0	0	
G	167a568	112.40	0	0	
G	167aca8	112.40	0	0	
G	167b6ac	112.40	0	0	
G	167bdec	112.40	0	0	
G	167d4e4	112.40	0	0	
G	167dc24	112.40	0	0	
G	167e528	112.40	0	0	
G	167edb8	112.40	0	0	
G	167f908	112.40	0	0	
G	1680048	112.40	0	0	
G	168153c	112.40	0	0	
G	1681c7c	112.40	0	0	
G	1682618	112.40	0	0	
G	1682d58	112.40	0	0	
G	1683938	112.40	0	0	
G	1684078	112.40	0	0	
G	16856e0	112.40	0	0	
G	1685e20	112.40	0	0	
G	1686a00	112.40	0	0	
G	1687140	112.40	0	0	
G	1689650	112.40	0	0	
G	1689d74	112.40	0	0	
G	168ad7c	112.40	0	0	
G	168b4bc	112.40	0	0	
G	168c7d0	112.40	0	0	
G	168cf10	112.40	0	0	
G	168d8b0	112.40	0	0	
G	168dff0	112.40	0	0	
G	168e7f4	112.40	0	0	
G	168ef34	112.40	0	0	
G	1690878	112.40	1	1	
G	16910c0	112.40	0	0	
G	1692104	112.40	0	0	
G	1692828	112.40	0	0	
G	169394c	112.40	0	0	
G	1694070	112.40	0	0	
G	1695224	112.40	0	0	
G	1695a6c	112.40	0	0	
G	16978a8	112.40	0	0	
G	1697fcc	112.40	0	0	
G	1699338	112.40	0	0	
G	1699b80	112.40	0	0	
G	169a9e4	112.40	0	0	
G	169b124	112.40	0	0	
G	169c55c	112.40	0	0	
G	169cc9c	112.40	0	0	
G	169dee0	112.40	0	0	
G	169e604	112.40	0	0	
G	169f6f4	112.40	0	0	
G	169fe18	112.40	0	0	
G	16a1120	112.40	0	0	
G	16a18f0	112.40	0	0	
G	16a26c0	112.40	1	1	
G	16a2e00	112.40	0	0	
G	16a38e0	112.40	0	0	
G	16a4020	112.40	0	0	
G	16a4c00	112.40	0	0	
G	16a5448	112.40	0	0	
G	16a647c	112.40	0	0	
G	16a6bbc	112.40	0	0	
G	16a7934	112.40	0	0	
G	16a8074	112.40	0	0	
G	16a9114	112.40	0	0	
G	16a9838	112.40	0	0	
G	16aa930	112.40	0	0	
G	16ab070	112.40	0	0	
G	16ac4a8	112.40	0	0	
G	16acbe8	112.40	0	0	
G	19e43d8	112.40	0	0	
G	17b9b90	112.44	0	0	
G	17b9bbc	112.44	0	0	
G	1879604	112.44	0	0	
G	187c0c8	112.44	0	0	
G	188b590	112.44	1	1	
G	1e92bbc	112.44	1	1	
G	1e92c9c	112.44	0	2	
G	1132f68	112.45	0	1	
G	1132fc0	112.45	1	1	
G	144e474	112.45	0	8	
G	1478570	112.45	1	12	
G	14cbd34	112.45	0	12	
G	14ebcd0	112.45	0	0	
G	14ebcec	112.45	0	0	
G	14ebd98	112.45	0	12	
G	1738bac	112.45	0	0	
G	17c73ec	112.45	0	0	
G	1d9badc	112.45	0	13	
G	1da2404	112.45	0	0	
G	1da2420	112.45	0	0	
G	1da2428	112.45	0	12	
G	1da2540	112.45	0	0	
G	113437c	112.46	0	0	
G	11343e4	112.46	1	5	
G	1134980	112.46	0	4	
G	14ebd90	112.47	0	0	
G	1da2670	112.47	0	0	
G	12d2a78	112.49	0	0	
G	13e05f0	112.49	2	20	
G	14256a4	112.49	0	2	
G	1da26b0	112.49	0	0	
G	1130b70	112.50	0	0	
G	1130bc8	112.50	0	0	
G	1130ec8	112.50	0	0	
G	1130f30	112.50	0	1	
G	1131350	112.50	0	1	
G	1f29d90	112.50	0	0	
G	1350030	112.96	1	1	
G	13502b8	112.97	0	0	
G	1ed3420	113.14	0	0	
G	1358050	118.47	0	0	
G	13528f8	125.04	0	0	
G	1352a0c	125.04	0	0	
G	13428d4	137.05	2	5	
G	1341628	137.06	0	0	
G	1359748	137.06	10	11	
G	13597d4	137.06	2	3	
G	135ae98	137.06	0	0	
G	135aed0	137.06	38	137	
G	135b224	137.06	15	15	
G	135b424	137.06	0	0	
G	135bc28	137.06	0	0	
G	135bc44	137.06	0	0	
G	135b4ec	137.07	35	132	
G	135b6e8	137.09	67	230	
G	135ac64	137.39	0	0	
G	135bc4c	137.39	0	0	
G	1359598	137.73	0	0	
G	135a4e0	137.73	1	3	
G	135a66c	137.73	2	82	
G	135ae44	137.73	0	0	
G	135be50	137.73	0	0	
G	135be6c	137.73	0	0	
G	135c5e0	137.73	0	0	
G	135c5e8	137.73	7	11	
G	13597ac	137.75	0	0	
G	135be74	140.07	0	0	
G	135bff0	140.07	0	0	
G	135c00c	140.07	0	0	
G	135c014	140.88	0	0	
G	135c124	140.88	0	0	
G	135c140	140.88	0	0	
G	135c148	141.70	0	1	
G	135c300	141.70	0	0	
G	135c31c	141.70	0	0	
G	135c384	141.70	0	0	
G	135c3a0	141.70	0	0	
G	135c3a8	142.01	0	0	
G	135c324	142.51	0	0	
G	1346f84	144.36	0	0	
G	134a3b4	144.54	1	68	
G	135df78	144.55	0	1	
G	1eac628	144.55	1	1	
G	134626c	145.17	1	1	
G	135ad58	145.17	0	0	
G	135c484	167.01	0	0	
G	135c4a0	167.01	0	0	
G	135c4a8	167.34	0	0	
G	1349154	186.80	1	1	
G	135a390	186.80	0	0	
G	135bd8c	186.80	0	0	
G	135bda8	186.80	0	0	
G	1359680	187.13	0	0	
G	135b3d4	187.13	0	0	
G	135b4b0	187.13	0	0	
G	135bdb0	187.13	0	0	
G	1ed943c	195.50	3	4	
G	1ed9558	195.50	1	1	
G	1347828	195.82	0	0	
G	1edb9b0	209.90	0	0	
G	1ebcc70	246.53	10	40	
G	1ec0154	246.53	1	1	
G	1e89a1c	246.85	0	0	
G	1ebd450	246.85	21	27	
G	1ec00d8	246.85	0	0	
G	1ec0168	246.85	0	0	
G	1eda834	249.87	0	0	
G	1eda850	249.87	0	0	
G	1342f2c	274.82	1	1	
G	1ea3f84	274.83	0	0	
G	112a7c0	296.21	0	2	
G	112a818	296.21	2	2	
G	112ae9c	296.21	0	0	
G	112af04	296.21	0	0	
G	1ed93bc	299.18	0	0	
G	113e094	299.24	0	1	
G	12d3410	299.26	0	0	
G	11c9014	299.34	1	3	
G	127431c	299.34	0	0	
G	12743a4	299.34	0	0	
G	15ff70c	299.34	0	0	
G	15ff710	299.34	0	0	
G	15ff714	299.34	0	1	
G	15ff800	299.34	0	1	
G	15ffc14	299.34	1	1	
G	15ffd7c	299.34	0	0	
G	15fff5c	299.34	1	1	
G	16001a8	299.34	0	0	
G	16002cc	299.34	0	0	
G	160039c	299.34	0	0	
G	16026a8	299.34	0	0	
G	16026ac	299.34	0	0	
G	16029b4	299.34	1	2	
G	1602b38	299.34	0	0	
G	1602d80	299.34	0	0	
G	1602f1c	299.34	1	1	
G	16033c0	299.34	0	0	
G	1603490	299.34	0	0	
G	16d41ec	299.34	1	6	
G	16d4434	299.34	0	0	
G	16d4534	299.34	0	1	
G	16d4b88	299.34	2	2	
G	16d5c7c	299.34	2	5	
G	16d939c	299.34	0	2	
G	16d9d10	299.34	0	0	
G	16da028	299.34	0	0	
G	16da0f8	299.34	1	1	
G	16da538	299.34	0	0	
G	16f5674	299.34	0	0	
G	16f568c	299.34	0	0	
G	170d650	299.34	0	6	
G	17207e8	299.34	1	35	
G	114c0f4	299.35	1	12	
G	1150990	299.35	3	18	
G	1172f20	299.35	2	2	
G	1179304	299.35	1	1	
G	11793d4	299.35	0	0	
G	15f9de8	299.35	0	0	
G	15f9df0	299.35	0	3	
G	15f9edc	299.35	0	8	
G	15fa2f0	299.35	1	1	
G	172015c	299.35	0	22	
G	17234c8	299.35	0	22	
G	11795e0	299.36	0	5	
G	1179c34	299.36	1	1	
G	117a358	299.36	1	1	
G	117a66c	299.36	0	0	
G	117ad84	299.36	1	1	
G	117b130	299.36	1	1	
G	117b1b8	299.36	0	0	
G	117b348	299.36	0	0	
G	117b900	299.36	0	0	
G	117b988	299.36	0	0	
G	117c4b0	299.36	0	0	
G	117c580	299.36	1	1	
G	117cf60	299.36	0	0	
G	117d1d4	299.36	1	1	
G	117d2a4	299.36	0	0	
G	15f9dec	299.36	0	0	
G	17b4760	299.40	0	0	
G	17b4830	299.40	0	0	
G	1cb92ec	299.40	0	0	
G	1700cd0	299.41	0	0	
G	1700cf8	299.41	0	0	
G	1700d20	299.41	0	0	
G	17b48a8	299.41	15	685	
G	17b4e58	299.41	2	3	
G	11a0af8	299.42	0	1	
G	12c7244	299.42	0	0	
G	12c74a8	299.42	0	1	
G	1def4ec	299.42	1	1	
G	1e52354	299.42	0	0	
G	116c814	299.43	0	0	
G	11a5eac	299.43	4	4	
G	11aefc8	299.43	1	95	
G	12c7820	299.43	16	666	
G	12c9df8	299.43	0	0	
G	12ca114	299.43	0	3	
G	143d0e8	299.43	0	0	
G	146fbb8	299.43	1	1	
G	14b98b8	299.43	0	3	
G	14d5fbc	299.43	0	0	
G	14d603c	299.43	0	0	
G	14d6128	299.43	0	0	
G	14d612c	299.43	0	1	
G	1700c78	299.43	0	0	
G	1db17a8	299.43	0	0	
G	1de6d20	299.43	1	1	
G	1df24a8	299.43	6	6	
G	1c23918	299.45	0	0	
G	1c23ab4	299.45	0	5	
G	1c26464	299.45	0	0	
G	1c26630	299.45	0	7	
G	1c266f4	299.45	0	0	
G	14185c0	299.46	0	2	
G	12ae5e8	299.47	5	8	
G	12b2878	299.47	0	0	
G	12b2938	299.47	0	0	
G	12cbb5c	299.47	1	1	
G	12cc2b8	299.47	0	0	
G	12dba74	299.47	2	2	
G	12dc3ec	299.47	0	0	
G	12dc474	299.47	0	0	
G	12dc658	299.47	0	0	
G	12dc6e0	299.47	0	0	
G	12dc9b0	299.47	0	0	
G	12dcac4	299.47	0	0	
G	12dcb14	299.47	0	1	
G	12dcb9c	299.47	1	1	
G	12dccc0	299.47	0	0	
G	12dcd10	299.47	0	0	
G	13bfb88	299.47	0	23	
G	13bfe78	299.47	1	25	
G	13f0b40	299.47	0	0	
G	14025a0	299.47	0	0	
G	1402628	299.47	0	0	
G	1518b84	299.47	0	0	
G	1527298	299.47	1	13	
G	1529034	299.47	0	0	
G	1529088	299.47	0	5	
G	1529210	299.47	0	0	
G	15294f0	299.47	0	2	
G	1529674	299.47	0	0	
G	1529f1c	299.47	0	0	
G	11c7080	299.48	0	0	
G	11c7140	299.48	1	1	
G	11c7380	299.48	0	0	
G	11c7440	299.48	0	0	
G	11c7500	299.48	0	0	
G	11c7680	299.48	0	0	
G	11c7740	299.48	0	0	
G	11c7800	299.48	0	0	
G	11c78c0	299.48	0	0	
G	11c7980	299.48	0	0	
G	11c7c84	299.48	0	0	
G	11c7d44	299.48	0	0	
G	11f2538	299.48	0	0	
G	11f267c	299.48	1	1	
G	11f27c0	299.48	0	0	
G	11f7cd8	299.48	0	0	
G	11f8ebc	299.48	0	0	
G	11f8f0c	299.48	0	0	
G	11f8f5c	299.48	0	0	
G	11f8fac	299.48	0	0	
G	11f8ffc	299.48	0	0	
G	11f904c	299.48	0	0	
G	11f909c	299.48	0	0	
G	11f94c8	299.48	0	0	
G	11f9624	299.48	0	0	
G	12b11bc	299.48	0	0	
G	12b1208	299.48	0	0	
G	12b1254	299.48	0	0	
G	12b12a0	299.48	0	0	
G	12b12f0	299.48	0	0	
G	12b1340	299.48	0	0	
G	12b1390	299.48	0	0	
G	12b1418	299.48	0	0	
G	12b1738	299.48	0	0	
G	12b1788	299.48	0	0	
G	12b17d8	299.48	0	0	
G	12b1828	299.48	0	0	
G	12b18c8	299.48	0	0	
G	12b1950	299.48	0	0	
G	12b1a74	299.48	0	0	
G	12b1ac4	299.48	0	0	
G	12b1b14	299.48	0	0	
G	12b1cf4	299.48	0	0	
G	12b1fc8	299.48	0	0	
G	12b2080	299.48	1	1	
G	12b2088	299.48	0	0	
G	12b20d8	299.48	0	0	
G	12b2190	299.48	0	0	
G	12b2198	299.48	0	0	
G	12b2254	299.48	0	0	
G	12b225c	299.48	0	0	
G	12b2314	299.48	0	0	
G	12b231c	299.48	0	0	
G	12b23d4	299.48	0	0	
G	12b23dc	299.48	0	0	
G	12b2494	299.48	0	0	
G	12b2554	299.48	0	0	
G	12b2614	299.48	0	0	
G	12b2be4	299.48	0	0	
G	12b2be8	299.48	0	0	
G	12b4ae4	299.48	0	0	
G	12b4f84	299.48	0	0	
G	12b531c	299.48	0	0	
G	1527430	299.48	0	3	
G	13bffc8	299.49	0	0	
G	171d1f8	299.49	0	0	
G	1c23e10	299.49	0	0	
G	1c23e5c	299.49	0	0	
G	1c23e74	299.49	1	11	
G	1c26900	299.49	0	0	
G	1c2691c	299.49	0	0	
G	1db17c4	299.49	0	0	
G	1c23d40	299.64	1	1	
G	1c2671c	299.64	0	0	
G	1c26924	299.64	0	1	
G	1c2a0e4	299.64	0	0	
G	1c2a100	299.64	0	0	
G	11813a0	299.65	0	0	
G	1189a4c	299.65	0	0	
G	11af188	299.65	0	8	
G	11afcf4	299.65	1	1	
G	11b0018	299.65	1	3	
G	11b069c	299.65	1	1	
G	11b0970	299.65	0	0	
G	11b0a14	299.65	0	0	
G	11b0a9c	299.65	0	0	
G	11b0bc0	299.65	0	0	
G	11b0c14	299.65	0	0	
G	11b0c68	299.65	0	0	
G	11b0cbc	299.65	0	0	
G	11b0d8c	299.65	1	1	
G	11b256c	299.65	0	0	
G	12dcd64	299.65	0	21	
G	15dbbc4	299.65	0	0	
G	15dbbc8	299.65	0	0	
G	15dbed0	299.65	1	13	
G	15dc054	299.65	1	1	
G	16f5578	299.65	0	0	
G	1c242c8	299.65	0	122	
G	1c26bbc	299.65	4	86	
G	1c29c68	299.65	0	86	
G	1c29d5c	299.65	1	123	
G	1c2a364	299.65	1	1	
G	1c2b498	299.65	0	0	
G	15b7570	299.69	0	1	
G	15b76f4	299.69	0	0	
G	15cd0c4	299.69	0	0	
G	15cd3d0	299.69	0	0	
G	15cd554	299.69	0	0	
G	16f5500	299.69	0	0	
G	17097fc	299.69	0	2	
G	175e2a8	299.69	2	2	
G	175e4f0	299.69	0	0	
G	175ec44	299.69	0	0	
G	1c2409c	299.69	1	36	
G	1c24804	299.69	0	0	
G	1c248a0	299.69	0	0	
G	1c248ac	299.69	1	35	
G	1c24dfc	299.69	1	2	
G	1c250f0	299.69	0	0	
G	1c251f0	299.69	0	0	
G	1c2672c	299.69	0	35	
G	1c26a1c	299.69	0	0	
G	1c2872c	299.69	0	1	
G	1c2892c	299.69	0	0	
G	1c2a240	299.69	0	0	
G	1c2a25c	299.69	0	0	
G	15cd0c8	299.70	0	0	
G	15cd79c	299.70	0	0	
G	15cd9ac	299.70	0	0	
G	15cda7c	299.70	1	1	
G	1c25a10	299.70	0	1	
G	1703110	299.71	0	0	
G	1c23e24	299.71	0	0	
G	1c24780	299.71	0	2	
G	1c29c10	299.71	1	5	
G	1c29db0	299.71	2	4	
G	1c29f38	299.71	2	2	
G	1df4514	299.71	1	3	
G	1150360	300.18	1	22	
G	117d4b0	300.18	0	10	
G	117ee0c	300.18	1	1	
G	117f544	300.18	2	2	
G	11825f0	300.18	0	0	
G	1184044	300.18	0	0	
G	11ad7dc	300.18	1	288	
G	11adf64	300.18	0	0	
G	12ca578	300.18	1	1	
G	12e2ce0	300.18	0	0	
G	12ed140	300.18	2	23	
G	12fcea0	300.18	0	200	
G	1300dfc	300.18	4	7	
G	15fadc4	300.18	1	1	
G	15fadcc	300.18	0	3	
G	15faeb8	300.18	1	7	
G	15fb2cc	300.18	0	0	
G	16ec840	300.18	0	0	
G	16ec8b0	300.18	0	0	
G	16f5644	300.18	0	0	
G	1c26364	300.18	0	0	
G	1c26380	300.18	0	0	
G	117db04	300.19	2	2	
G	1180578	300.19	0	0	
G	1181184	300.19	0	1	
G	118120c	300.19	1	1	
G	1181428	300.19	0	0	
G	118154c	300.19	0	0	
G	11815d4	300.19	0	0	
G	11816f8	300.19	0	0	
G	1181780	300.19	0	0	
G	1181af0	300.19	0	0	
G	1181b44	300.19	0	0	
G	1181cec	300.19	0	0	
G	1181e98	300.19	0	1	
G	1182044	300.19	0	0	
G	11820cc	300.19	0	0	
G	11821f0	300.19	0	0	
G	1182278	300.19	0	0	
G	118239c	300.19	0	0	
G	11823f0	300.19	1	3	
G	118259c	300.19	0	0	
G	11826c0	300.19	3	3	
G	11842b8	300.19	0	0	
G	1184388	300.19	0	0	
G	1311df8	300.19	0	0	
G	15fadc8	300.19	1	1	
G	11f7d28	300.20	0	0	
G	11f7f5c	300.20	0	0	
G	12134d0	300.20	0	0	
G	12540c4	300.20	9	17	
G	12e51bc	300.20	0	0	
G	12f6b50	300.20	1	9	
G	12f7180	300.20	0	0	
G	12f73d4	300.20	1	1	
G	12f8520	300.20	10	210	
G	1302ee4	300.20	0	0	
G	130fd18	300.20	3	4	
G	131036c	300.20	1	1	
G	13106d0	300.20	0	0	
G	1310980	300.20	0	0	
G	1310eb0	300.20	0	0	
G	1311074	300.20	0	0	
G	13110c8	300.20	0	0	
G	131116c	300.20	0	0	
G	13111c0	300.20	0	0	
G	1311214	300.20	0	0	
G	13112e4	300.20	1	1	
G	13118a8	300.20	0	0	
G	1311b1c	300.20	0	0	
G	1311bec	300.20	0	0	
G	15b5124	300.20	0	0	
G	15b5128	300.20	0	0	
G	15b512c	300.20	0	0	
G	15b5218	300.20	1	3	
G	15b562c	300.20	0	0	
G	16f544c	300.20	0	0	
G	1187488	300.21	2	2	
G	125fd58	300.21	0	141	
G	127529c	300.21	0	141	
G	1276090	300.21	2	137	
G	1276804	300.21	0	90	
G	127704c	300.21	1	1	
G	1277780	300.21	2	5	
G	12795c4	300.21	0	0	
G	127a98c	300.21	1	2	
G	12f80a4	300.21	0	1	
G	15ba7e4	300.21	0	0	
G	15ba964	300.21	0	0	
G	15ba96c	300.21	0	0	
G	15baa58	300.21	1	32	
G	15bae6c	300.21	0	0	
G	16f5608	300.21	0	0	
G	170ca80	300.21	1	1	
G	1def31c	300.21	0	1	
G	1160134	300.22	0	0	
G	1160184	300.22	0	1	
G	11601d4	300.22	0	0	
G	1160224	300.22	0	0	
G	1160274	300.22	0	4	
G	11602c4	300.22	0	0	
G	1182478	300.22	0	0	
G	118f34c	300.22	0	1	
G	12786c0	300.22	1	17	
G	1278bb4	300.22	0	1	
G	1278c3c	300.22	1	1	
G	1278de8	300.22	1	2	
G	1278f0c	300.22	0	1	
G	1278f94	300.22	0	0	
G	12790b8	300.22	0	0	
G	12792b4	300.22	0	2	
G	1279304	300.22	0	0	
G	1279370	300.22	0	0	
G	12793c4	300.22	0	1	
G	127944c	300.22	0	0	
G	1279570	300.22	0	2	
G	1279694	300.22	3	10	
G	12753dc	300.23	3	3	
G	1276e58	300.23	0	0	
G	127ab98	300.23	0	0	
G	127ac68	300.23	0	0	
G	15ba968	300.23	0	0	
G	1181bcc	300.24	0	0	
G	1279190	300.24	0	0	
G	127afec	300.24	0	0	
G	127aff8	300.24	0	0	
G	12ea15c	300.24	2	6	
G	12fcfd0	300.24	1	23	
G	1305f70	300.24	1	1	
G	16f5614	300.24	0	0	
G	17ff654	300.24	1	15	
G	125ff20	300.25	0	65	
G	127affc	300.25	1	65	
G	127b514	300.25	5	64	
G	127bc88	300.25	1	20	
G	127c4d0	300.25	0	0	
G	127c724	300.25	2	3	
G	127d128	300.25	0	0	
G	127d7e0	300.25	1	1	
G	12fd88c	300.25	0	39	
G	15bbb10	300.25	0	0	
G	15bbbc8	300.25	0	0	
G	15bbbd0	300.25	1	2	
G	15bbcbc	300.25	0	35	
G	15bc0d0	300.25	0	0	
G	11f7f0c	300.26	0	0	
G	1213480	300.26	0	2	
G	12600e8	300.26	0	4	
G	127b13c	300.26	0	0	
G	127c2dc	300.26	0	0	
G	127cbcc	300.26	0	0	
G	127cdd0	300.26	0	1	
G	127ce58	300.26	0	0	
G	127d1f8	300.26	1	1	
G	127d9ec	300.26	0	0	
G	127dabc	300.26	0	0	
G	127de40	300.26	0	0	
G	127de4c	300.26	0	0	
G	127de50	300.26	1	4	
G	127e974	300.26	1	1	
G	15b8de0	300.26	0	0	
G	15b9648	300.26	0	0	
G	15bbbcc	300.26	0	0	
G	16f5464	300.26	0	0	
G	1151968	300.27	0	0	
G	1284e20	300.27	0	0	
G	129a714	300.27	0	1	
G	129afa4	300.27	0	1	
G	129b014	300.27	0	0	
G	129b17c	300.27	0	0	
G	129b7a8	300.27	0	0	
G	129c7bc	300.27	0	1	
G	129cbc8	300.27	1	5	
G	12e90c8	300.27	1	8	
G	12e9d44	300.27	0	1	
G	13019b8	300.27	1	1	
G	15f38d8	300.27	0	0	
G	16ec828	300.27	0	0	
G	16f54a0	300.27	0	0	
G	1e61478	300.27	0	0	
G	1e61480	300.27	0	0	
G	1e9b63c	300.27	0	0	
G	1e9b650	300.27	0	0	
G	1e9b688	300.27	0	3	
G	1315aac	300.28	0	4	
G	131647c	300.28	2	2	
G	1316758	300.28	1	1	
G	1316978	300.28	0	1	
G	1316c34	300.28	1	1	
G	13171c8	300.28	1	2	
G	11517e8	300.29	0	0	
G	1161480	300.29	0	0	
G	1181f20	300.29	1	1	
G	1306208	300.36	0	0	
G	11ae15c	300.38	1	11	
G	15dbbcc	300.38	0	1	
G	15dbcb8	300.38	0	9	
G	15dc0cc	300.38	1	1	
G	11ae78c	300.39	0	23	
G	11af7dc	300.39	0	0	
G	11b27e0	300.39	0	0	
G	11b28b0	300.39	1	1	
G	11b2abc	300.39	0	10	
G	11b3c5c	300.39	2	2	
G	11b4494	300.39	2	2	
G	11b60b8	300.39	0	0	
G	11b73f4	300.39	0	0	
G	1301368	300.39	1	1	
G	15c56bc	300.39	0	0	
G	15c56c4	300.39	0	1	
G	15c57b0	300.39	0	11	
G	15c5bc4	300.39	0	0	
G	16f54b8	300.39	0	0	
G	115ff04	300.40	0	0	
G	1160094	300.40	0	0	
G	118a188	300.40	0	0	
G	1198180	300.40	0	0	
G	11982c0	300.40	0	0	
G	11aedbc	300.40	1	58	
G	11b3110	300.40	1	1	
G	11b55d0	300.40	1	1	
G	11b5af4	300.40	0	0	
G	11b5b9c	300.40	0	0	
G	11b5bf0	300.40	0	0	
G	11b5c44	300.40	0	0	
G	11b5c98	300.40	0	0	
G	11b5e44	300.40	0	0	
G	11b5e94	300.40	0	0	
G	11b5f70	300.40	0	0	
G	11b5fc0	300.40	0	0	
G	11b6014	300.40	0	0	
G	11b6068	300.40	0	0	
G	11b6188	300.40	2	2	
G	11b7668	300.40	0	0	
G	11b7738	300.40	1	1	
G	12eaad0	300.40	3	32	
G	12fcf64	300.40	0	57	
G	12fdce8	300.40	0	22	
G	1317468	300.40	0	16	
G	1319154	300.40	2	2	
G	131d490	300.40	0	0	
G	13207c8	300.40	1	1	
G	15c3704	300.40	0	0	
G	15c370c	300.40	0	0	
G	15c37f8	300.40	1	3	
G	15c3c0c	300.40	0	0	
G	15c56c0	300.40	0	0	
G	11c5988	300.41	0	2	
G	11c59d8	300.41	0	1	
G	11c5a28	300.41	0	0	
G	11c5b18	300.41	0	0	
G	11c5b68	300.41	0	2	
G	11c5bb8	300.41	0	0	
G	11c5c08	300.41	0	1	
G	11c5c58	300.41	0	0	
G	11c5ca8	300.41	0	3	
G	11c5cf8	300.41	0	4	
G	11c5d48	300.41	0	4	
G	11c5d98	300.41	0	1	
G	11c5e38	300.41	0	1	
G	11c5e88	300.41	0	0	
G	11c5ed8	300.41	0	0	
G	11c5f28	300.41	0	0	
G	11c5f78	300.41	0	0	
G	11c5fc8	300.41	0	0	
G	11c6018	300.41	0	0	
G	11f8d70	300.41	0	0	
G	12b4f90	300.41	0	0	
G	12d3a04	300.41	1	1	
G	1319ee8	300.41	5	5	
G	131c3f4	300.41	0	0	
G	131c47c	300.41	0	0	
G	131c5a0	300.41	0	0	
G	131c5f0	300.41	0	0	
G	131c640	300.41	0	0	
G	131c690	300.41	0	0	
G	131c6e0	300.41	0	0	
G	131c768	300.41	0	0	
G	131c88c	300.41	0	0	
G	131c914	300.41	0	0	
G	131ca38	300.41	0	0	
G	131cac0	300.41	0	0	
G	131cbe4	300.41	0	0	
G	131cd90	300.41	0	0	
G	131cf3c	300.41	0	0	
G	131d0e8	300.41	0	0	
G	131d294	300.41	0	0	
G	131d440	300.41	0	0	
G	131d560	300.41	3	3	
G	12fe318	300.42	2	7	
G	1317abc	300.42	2	2	
G	131bb00	300.42	1	1	
G	1320a3c	300.42	1	1	
G	1320b0c	300.42	0	0	
G	1320d18	300.42	0	2	
G	1321b98	300.42	1	1	
G	1321d48	300.42	0	0	
G	13222a0	300.42	0	0	
G	1322370	300.42	0	0	
G	15c3708	300.42	0	0	
G	15c46e0	300.42	0	0	
G	15c46e8	300.42	0	0	
G	15c47d4	300.42	2	2	
G	15c4be8	300.42	0	0	
G	16f54ac	300.42	0	0	
G	11a1390	300.43	0	0	
G	12d3c04	300.43	0	0	
G	131cc6c	300.43	0	0	
G	131ce18	300.43	0	0	
G	131cfc4	300.43	0	0	
G	131d170	300.43	0	0	
G	131d31c	300.43	0	0	
G	13227ac	300.43	0	0	
G	132287c	300.43	0	0	
G	1322a88	300.43	1	1	
G	15c46e4	300.43	0	0	
G	17f895c	300.47	1	94	
G	11a1764	300.56	1	140	
G	11aef68	300.56	1	1	
G	11af10c	300.56	0	0	
G	1311b0c	300.56	0	0	
G	1311b18	300.56	0	0	
G	1320a2c	300.56	0	0	
G	1320a38	300.56	0	0	
G	13220b0	300.56	0	0	
G	132279c	300.56	0	0	
G	15b792c	300.56	0	0	
G	15b7938	300.56	0	0	
G	15b89c4	300.56	0	0	
G	175fe1c	300.56	0	0	
G	175fe50	300.56	0	0	
G	115e86c	300.57	0	0	
G	115e878	300.57	0	0	
G	11725e0	300.57	1	1	
G	11725ec	300.57	0	0	
G	11792f4	300.57	0	0	
G	1179300	300.57	0	0	
G	117d1c4	300.57	0	0	
G	117d1d0	300.57	0	0	
G	11842a8	300.57	0	0	
G	11842b4	300.57	0	0	
G	11997e4	300.57	2	5	
G	119a30c	300.57	1	1	
G	119a530	300.57	0	0	
G	119a5b8	300.57	0	0	
G	119a79c	300.57	0	0	
G	119a86c	300.57	1	1	
G	11a1a30	300.57	1	10	
G	11b27d0	300.57	0	0	
G	11b27dc	300.57	0	0	
G	11b7658	300.57	0	0	
G	11b7664	300.57	0	0	
G	127af3c	300.57	0	4	
G	127af90	300.57	0	0	
G	127dd90	300.57	1	2	
G	127dde4	300.57	0	0	
G	12d65c0	300.57	0	0	
G	12d65cc	300.57	0	0	
G	13227a8	300.57	0	0	
G	15bfdb4	300.57	0	0	
G	15c0770	300.57	0	0	
G	15c0778	300.57	0	1	
G	15c0864	300.57	1	4	
G	15c0c78	300.57	0	0	
G	15cd8d0	300.57	0	0	
G	15cd994	300.57	0	0	
G	15f32b4	300.57	0	0	
G	15f32c0	300.57	0	0	
G	15fff4c	300.57	0	0	
G	15fff58	300.57	0	0	
G	16017bc	300.57	0	0	
G	16017c8	300.57	0	0	
G	1601960	300.57	0	0	
G	16019dc	300.57	0	0	
G	160326c	300.57	0	0	
G	16033a8	300.57	0	0	
G	1622a60	300.57	0	0	
G	1622b54	300.57	0	0	
G	1635270	300.57	0	0	
G	16353fc	300.57	0	0	
G	16d55cc	300.57	0	0	
G	16d5600	300.57	0	0	
G	16dc950	300.57	0	0	
G	16dc984	300.57	0	0	
G	16f547c	300.57	0	0	
G	1761614	300.57	0	0	
G	1761648	300.57	0	0	
G	1779eb4	300.57	0	0	
G	1779ee8	300.57	0	0	
G	1c262f8	300.57	0	0	
G	1c2632c	300.57	0	0	
G	119a74c	300.58	0	0	
G	119ab98	300.58	0	0	
G	119ac68	300.58	0	0	
G	11a1e30	300.58	2	81	
G	11a8a08	300.58	0	0	
G	15c0774	300.58	0	0	
G	15c2730	300.58	0	2	
G	15c281c	300.58	0	18	
G	15c2c30	300.58	1	1	
G	11a8bc0	300.65	1	1	
G	11a8c90	300.65	0	0	
G	119e714	300.66	1	1	
G	11b7af8	300.66	0	8	
G	11b7d3c	300.66	2	2	
G	1193d68	300.67	2	4	
G	119ae74	300.67	0	0	
G	119edd4	300.67	0	0	
G	11b9240	300.67	5	5	
G	11bca68	300.67	7	11	
G	12e4d00	300.67	0	0	
G	11d8ffc	300.68	0	5	
G	11d9d4c	300.68	0	0	
G	11d9e6c	300.68	0	0	
G	11db05c	300.68	0	5	
G	11db09c	300.68	1	4	
G	1327434	300.68	0	0	
G	13276fc	300.68	0	0	
G	1de6c38	300.68	0	1	
G	1de8eec	300.68	0	0	
G	1e68788	300.68	0	0	
G	11dc44c	300.71	1	1	
G	1ded788	300.71	0	0	
G	1ded904	300.71	0	0	
G	1e89068	300.71	0	0	
G	1e8934c	300.71	0	0	
G	1f59b24	300.71	1	1	
G	11a13a0	300.72	16	16	
G	11ce3d0	300.72	0	0	
G	11ce878	300.72	1	10	
G	11d9228	300.72	0	0	
G	11d9798	300.72	0	0	
G	11de03c	300.72	0	0	
G	11de6c8	300.72	1	1	
G	11e1198	300.72	0	0	
G	11e1524	300.72	0	0	
G	11e1f68	300.72	0	0	
G	11e223c	300.72	0	0	
G	11e26a0	300.72	0	1	
G	11e3b74	300.72	0	0	
G	11f8890	300.72	0	0	
G	126db88	300.72	0	0	
G	129dd84	300.72	1	5	
G	129f6d4	300.72	0	3	
G	129f7f4	300.72	1	2	
G	12a01d4	300.72	0	0	
G	12a0644	300.72	0	0	
G	12a0694	300.72	0	0	
G	12a0764	300.72	1	1	
G	12a09a4	300.72	0	0	
G	12a0bb0	300.72	1	1	
G	12a0c88	300.72	0	0	
G	12a0ea0	300.72	0	0	
G	12a11ec	300.72	0	0	
G	12be204	300.72	0	0	
G	12be234	300.72	0	0	
G	16789b4	300.72	0	0	
G	16789b8	300.72	0	0	
G	1678cc0	300.72	1	1	
G	1678e44	300.72	0	0	
G	16f5a4c	300.72	0	0	
G	182f394	300.72	0	0	
G	1dea294	300.72	0	1	
G	1ded4f4	300.72	0	0	
G	11a0f08	300.73	2	14	
G	11a2400	300.73	20	20	
G	11a28d0	300.73	0	0	
G	11a9c88	300.73	0	0	
G	11a9e90	300.73	0	0	
G	11aa000	300.73	0	0	
G	11d7a78	300.73	0	0	
G	11d7a94	300.73	0	0	
G	11d7b28	300.73	0	0	
G	11d7b44	300.73	0	0	
G	11d7bd8	300.73	0	0	
G	11d7bf4	300.73	0	0	
G	11d7d40	300.73	0	0	
G	11d7d5c	300.73	0	0	
G	11d7e24	300.73	0	0	
G	11d7e40	300.73	0	0	
G	11d7ed8	300.73	0	0	
G	11d7ef4	300.73	0	0	
G	123168c	300.73	0	0	
G	1231c20	300.73	0	0	
G	1235304	300.73	0	0	
G	129d6fc	300.73	0	0	
G	1d980e0	300.73	1	6	
G	1d981f8	300.73	0	5	
G	1d99950	300.73	0	6	
G	1d99a8c	300.73	0	0	
G	1d9a6f0	300.73	1	1	
G	1d9cca4	300.73	0	0	
G	1d9cee4	300.73	0	0	
G	1d9d034	300.73	0	1	
G	1d9d168	300.73	0	0	
G	1da2ac0	300.73	0	0	
G	1da2d04	300.73	0	5	
G	1dea1ec	300.73	0	0	
G	1dece38	300.73	0	0	
G	1e62a3c	300.73	3	3	
G	1e66534	300.73	2	2	
G	1e7c0e0	300.73	0	0	
G	1e7c618	300.73	0	0	
G	1e979b0	300.73	0	0	
G	1e979d8	300.73	0	0	
G	1e97b94	300.73	0	0	
G	1e9e894	300.73	0	0	
G	1e9edb0	300.73	0	0	
G	1f680b0	300.73	0	2	
G	1f68240	300.73	1	1	
G	11a13e4	300.74	0	8	
G	11a2c7c	300.74	6	8	
G	11a3b60	300.74	1	6	
G	11a5ed8	300.74	1	181	
G	11aa0cc	300.74	0	0	
G	13012d4	300.74	1	5	
G	1de9d24	300.74	0	0	
G	1dea450	300.74	0	0	
G	1ded5d0	300.74	0	0	
G	1ded6ac	300.74	0	0	
G	1e7b790	300.74	1	1	
G	1e7c620	300.74	0	1	
G	1e7cbac	300.74	0	0	
G	1e7d350	300.74	0	0	
G	1e93a8c	300.74	0	0	
G	1f576d0	300.74	43	43	
G	1f69b1c	300.74	165	178	
G	1f8c590	300.74	0	0	
G	11a2894	300.75	0	0	
G	1da3240	300.75	14	14	
G	1f38318	300.80	0	0	
G	11a5b1c	300.83	0	5	
G	11a9adc	300.83	1	1	
G	1e79be4	300.83	1	2	
G	1e7b04c	300.83	0	0	
G	1e931e4	300.83	1	1	
G	1e932d4	300.83	0	0	
G	11ab7c4	300.85	0	0	
G	1e7bb64	300.85	79	7163	
G	1e7cf04	300.85	17	7178	
G	1f2dd10	300.85	0	0	
G	1f4e9a0	300.85	0	0	
G	1f8a3fc	300.85	3	5	
G	11a42b8	300.88	3	6	
G	11ab82c	300.88	0	0	
G	1e7cb2c	300.88	4	4	
G	11ab0b0	300.90	1	2	
G	11ab870	300.90	0	0	
G	11ab8e8	300.90	0	0	
G	11ab9f0	300.90	0	0	
G	17f9204	300.90	0	1	
G	1e5b09c	300.90	0	0	
G	1e5f398	300.90	0	0	
G	1e694c0	300.90	0	0	
G	1e6958c	300.90	0	148	
G	1e69aac	300.90	0	163	
G	1e7d51c	300.90	0	0	
G	1e96990	300.90	0	1	
G	1f0af2c	300.90	0	1	
G	1f0ba7c	300.90	0	0	
G	1f0bcd4	300.90	0	0	
G	1f2df40	300.90	0	0	
G	20cc2c8	300.90	1	2	
G	20cc6f0	300.90	22	170	
G	20ceec0	300.90	0	0	
G	20d5870	300.90	0	48	
G	20d5aec	300.90	6	44	
G	20d8fc8	300.90	6	55	
G	20dfb48	300.90	0	0	
G	20e0178	300.90	0	0	
G	20e07d8	300.90	0	1	
G	20e0df8	300.90	1	1	
G	20e1500	300.90	0	0	
G	20e1d9c	300.90	1	1	
G	20e7700	300.90	1	1	
G	213a4ac	300.90	0	0	
G	213a740	300.90	0	0	
G	221b228	300.90	0	1	
G	11ab8ac	300.91	0	0	
G	11abba8	300.91	0	4	
G	13288cc	300.91	0	0	
G	1e5b294	300.91	0	2	
G	1e5b614	300.91	1	1	
G	1e5c5d4	300.91	6	8	
G	1e5f3f4	300.91	0	0	
G	1e5f468	300.91	0	0	
G	1e65b58	300.91	0	0	
G	1e65bf0	300.91	0	1	
G	1e6aa7c	300.91	11	34	
G	1e6afec	300.91	11	11	
G	1e6b028	300.91	9	12	
G	1e7d718	300.91	0	4	
G	1e7d918	300.91	2	53	
G	1e893d0	300.91	0	0	
G	1ea09d0	300.91	1	1	
G	1ea0b64	300.91	1	2	
G	1f29ab0	300.91	0	0	
G	209df94	300.91	16	16	
G	209edd0	300.91	0	0	
G	20cf088	300.91	0	0	
G	20cf47c	300.91	2	2	
G	20cfe64	300.91	3	30	
G	20d0850	300.91	0	0	
G	20d09a4	300.91	0	5	
G	20d100c	300.91	0	2	
G	20d1488	300.91	6	6	
G	20d2118	300.91	59	59	
G	20d2f9c	300.91	0	0	
G	20d4b74	300.91	0	0	
G	20d51ec	300.91	0	0	
G	20dc0ec	300.91	0	27	
G	20e0330	300.91	15	15	
G	2134918	300.91	0	0	
G	213a6d8	300.91	0	0	
G	213ac88	300.91	0	0	
G	213ac98	300.91	0	1	
G	213b9b4	300.91	0	0	
G	213decc	300.91	1	1	
G	213df68	300.91	0	0	
G	213df70	300.91	0	0	
G	214307c	300.91	0	0	
G	17cf978	300.92	3	3	
G	17cf990	300.92	2	2	
G	1e614c8	300.92	0	0	
G	1e614d8	300.92	0	6	
G	1e61944	300.92	10	10	
G	1e76840	300.92	0	0	
G	1e9b6f8	300.92	2	5	
G	1e9b86c	300.92	0	0	
G	1e9b8b8	300.92	0	1	
G	1e9c058	300.92	0	1	
G	1e9c0d8	300.92	1	1	
G	1e9c240	300.92	0	1	
G	1e9c3dc	300.92	0	0	
G	1e9d494	300.92	0	3	
G	1e9d6a8	300.92	0	0	
G	1f22454	300.92	6	22	
G	20dbdfc	300.92	1	25	
G	2194a80	300.92	1	1	
G	2194dd4	300.92	0	0	
G	2195214	300.92	0	0	
G	2195248	300.92	0	1	
G	2195d24	300.92	0	0	
G	21960cc	300.92	0	0	
G	21960e4	300.92	0	0	
G	21960f8	300.92	0	0	
G	219614c	300.92	0	0	
G	2196490	300.92	0	0	
G	2196530	300.92	0	0	
G	2196b68	300.92	1	1	
G	2196bb4	300.92	0	0	
G	2196da4	300.92	0	0	
G	2196e1c	300.92	1	1	
G	21973bc	300.92	0	0	
G	2198784	300.92	0	24	
G	2198cc0	300.92	0	0	
G	219d398	300.92	0	0	
G	21a12e0	300.92	0	0	
G	21a1658	300.92	1	1	
G	21a18f4	300.92	0	0	
G	21a1c2c	300.92	1	3	
G	21a1e94	300.92	0	0	
G	21a470c	300.92	0	0	
G	21a497c	300.92	4	4	
G	21a4fc8	300.92	0	6	
G	21a56a4	300.92	14	14	
G	21a5758	300.92	8	32	
G	21a7e64	300.92	0	0	
G	21b9cf4	300.92	5	5	
G	236a9a8	300.92	0	6	
G	2387844	300.92	0	1	
G	23bfc1c	300.92	0	13	
G	23bfe74	300.92	0	9	
G	24194f8	300.92	0	0	
G	2436884	300.92	0	0	
G	2491e88	300.92	0	0	
G	24b3544	300.92	0	10	
G	24b37a4	300.92	1	7	
G	24bf0e0	300.92	1	1	
G	24c6b58	300.92	0	0	
G	259afc0	300.92	0	0	
G	1e5b3b0	300.93	0	0	
G	1e5b3b4	300.93	0	55	
G	1e5b528	300.93	0	0	
G	1e5b670	300.93	1	1	
G	1e5e358	300.93	0	0	
G	1e5e4ac	300.93	0	0	
G	1e5e574	300.93	2	56	
G	1e5e7ac	300.93	0	0	
G	1e5e818	300.93	2	2	
G	1e5e854	300.93	0	1	
G	1e5e8f8	300.93	0	0	
G	1e5e908	300.93	0	0	
G	1e61b90	300.93	0	0	
G	1e61e84	300.93	0	0	
G	1e6207c	300.93	0	0	
G	1e620e0	300.93	0	0	
G	1e62234	300.93	0	0	
G	1e622d4	300.93	0	0	
G	1e622dc	300.93	0	0	
G	1e65d20	300.93	1	1	
G	1e661a0	300.93	0	0	
G	1e68f78	300.93	0	0	
G	1e766f0	300.93	0	0	
G	1f92610	300.93	2	2	
G	1f95324	300.93	0	0	
G	1f95980	300.93	0	68	
G	1f96214	300.93	5	21	
G	1f96bd0	300.93	1	3	
G	1fa7290	300.93	1	40	
G	1fa798c	300.93	10	39	
G	1fa7bac	300.93	0	0	
G	1fa8064	300.93	0	0	
G	1fa8408	300.93	0	0	
G	1fa8c18	300.93	0	0	
G	1fa8e50	300.93	0	0	
G	1facaf4	300.93	0	0	
G	1fade20	300.93	0	0	
G	1fb6b00	300.93	0	0	
G	1fb7994	300.93	1	1	
G	1fc5e50	300.93	0	0	
G	1fc7134	300.93	0	0	
G	1fcb018	300.93	0	0	
G	1fcdbec	300.93	0	0	
G	1fd60fc	300.93	0	0	
G	1fd6d70	300.93	0	0	
G	20d1978	300.93	4	4	
G	20d227c	300.93	19	19	
G	2167440	300.93	0	0	
G	2167448	300.93	0	0	
G	2195cec	300.93	0	0	
G	219d3f4	300.93	0	0	
G	23c9b78	300.93	0	0	
G	23c9d9c	300.93	0	0	
G	23d0a30	300.93	1	2	
G	24bf310	300.93	0	0	
G	1e76750	300.94	0	0	
G	1e76768	300.94	0	0	
G	1e77c3c	300.94	0	0	
G	1e77c98	300.94	0	0	
G	1e77ca0	300.94	1	1	
G	1e77d68	300.94	0	0	
G	1e77dcc	300.94	0	0	
G	20bd4d0	300.94	0	0	
G	20bf910	300.94	1	34	
G	20bfe2c	300.94	1	11	
G	20bff44	300.94	2	10	
G	20d7584	300.94	0	0	
G	20d8a08	300.94	1	1	
G	20dbd28	300.94	0	0	
G	20eb948	300.94	0	0	
G	20eb95c	300.94	0	0	
G	20eb96c	300.94	0	0	
G	2130610	300.94	0	0	
G	213b844	300.94	1	1	
G	2144828	300.94	0	0	
G	2144878	300.94	0	4	
G	21449dc	300.94	0	0	
G	2144a00	300.94	0	0	
G	2144c2c	300.94	4	6	
G	216e06c	300.94	0	0	
G	21b78a0	300.94	35	42	
G	21b9c84	300.94	0	0	
G	21b9d74	300.94	0	0	
G	21d2cb0	300.94	0	1	
G	2354e30	300.94	19	19	
G	236075c	300.94	0	0	
G	1e68c78	300.95	0	0	
G	1e77b74	300.95	0	0	
G	1f391cc	300.95	1	1	
G	1f57868	300.95	24	24	
G	1f57cec	300.95	85	99	
G	20c2038	300.95	0	0	
G	20cb638	300.95	0	0	
G	20d791c	300.95	0	1	
G	20e292c	300.95	0	0	
G	20e2cb8	300.95	0	0	
G	20e8bd0	300.95	0	1	
G	20e92ac	300.95	0	0	
G	20e92b4	300.95	0	0	
G	20ef494	300.95	0	0	
G	20ef4f0	300.95	0	0	
G	20ef564	300.95	0	0	
G	20ef57c	300.95	0	0	
G	20eff9c	300.95	0	0	
G	20f0158	300.95	0	0	
G	20f20bc	300.95	0	0	
G	20f20f0	300.95	0	0	
G	20f22ac	300.95	1	1	
G	20f24a8	300.95	0	0	
G	21307dc	300.95	0	0	
G	2130a60	300.95	0	0	
G	2130ed0	300.95	0	0	
G	213bd48	300.95	1	2	
G	214f444	300.95	0	0	
G	214f5b0	300.95	0	0	
G	21b408c	300.95	0	0	
G	233b6c8	300.95	0	0	
G	11ac5e8	300.96	0	0	
G	1e77cfc	300.96	0	0	
G	1f8f3ec	300.96	0	0	
G	1f9b9a4	300.96	0	0	
G	1fab6a8	300.96	0	0	
G	1fb9884	300.96	0	0	
G	1fbbcd0	300.96	0	0	
G	1fc0444	300.96	0	0	
G	1fc4624	300.96	0	0	
G	1fc86c8	300.96	0	0	
G	1fc9ec8	300.96	1	1	
G	1fe91ac	300.96	0	0	
G	1fe932c	300.96	1	1	
G	1fe946c	300.96	0	0	
G	1fe9794	300.96	0	0	
G	1fe97d8	300.96	0	0	
G	1fe9d1c	300.96	0	3	
G	1fe9ebc	300.96	25	25	
G	2071654	300.96	0	1	
G	2072194	300.96	0	0	
G	20723e0	300.96	0	0	
G	20c89e4	300.96	100	147	
G	21341a8	300.96	0	0	
G	21b7a24	300.96	0	0	
G	23bfca0	300.96	1	4	
G	23c177c	300.96	0	0	
G	23c19a0	300.96	0	0	
G	23c8718	300.96	0	0	
G	1e7d90c	300.97	0	0	
G	1e9d684	300.97	0	0	
G	1e9d6b0	300.97	0	0	
G	202f36c	300.97	0	0	
G	202f924	300.97	0	0	
G	2032c3c	300.97	0	0	
G	2032c8c	300.97	0	0	
G	2032f9c	300.97	0	0	
G	2032fd4	300.97	1	1	
G	2033120	300.97	4	4	
G	203bf48	300.97	0	0	
G	203d358	300.97	2	2	
G	203fa78	300.97	0	0	
G	203fe68	300.97	0	0	
G	203feb8	300.97	0	0	
G	2040190	300.97	0	1	
G	20402dc	300.97	5	5	
G	2047098	300.97	0	0	
G	2047488	300.97	0	0	
G	20474d8	300.97	0	0	
G	2047788	300.97	0	0	
G	20478d4	300.97	0	0	
G	204b070	300.97	0	0	
G	204b444	300.97	0	0	
G	204b494	300.97	0	0	
G	204b830	300.97	0	1	
G	204b958	300.97	1	1	
G	204fa34	300.97	0	0	
G	204fe28	300.97	0	0	
G	204fe78	300.97	0	0	
G	20501ac	300.97	0	0	
G	20502d4	300.97	0	0	
G	2060394	300.97	0	0	
G	2061128	300.97	0	0	
G	24b35c8	300.97	0	3	
G	24b5224	300.97	0	0	
G	24b5454	300.97	0	0	
G	24bdc30	300.97	1	1	
G	2035560	300.98	1	1	
G	20355a4	300.98	0	0	
G	20358c0	300.98	0	0	
G	20358f8	300.98	0	0	
G	204cd14	300.98	0	0	
G	204d0c8	300.98	0	0	
G	204d118	300.98	0	0	
G	204d42c	300.98	0	0	
G	204e24c	300.98	0	0	
G	204e658	300.98	0	0	
G	204e6a8	300.98	0	0	
G	204ea70	300.98	0	0	
G	204ebbc	300.98	6	6	
G	205175c	300.98	0	0	
G	2051cc8	300.98	0	0	
G	2051d0c	300.98	0	0	
G	2052c70	300.98	0	1	
G	205326c	300.98	0	0	
G	20532b0	300.98	0	0	
G	2053618	300.98	15	15	
G	2034108	300.99	0	0	
G	203414c	300.99	0	0	
G	2034450	300.99	0	0	
G	2034488	300.99	2	2	
G	20421f8	300.99	0	0	
G	2042508	300.99	0	0	
G	204254c	300.99	0	0	
G	2042844	300.99	1	1	
G	204d578	300.99	1	1	
G	2131c38	300.99	1	1	
G	2132784	300.99	0	0	
G	21327ac	300.99	0	0	
G	21452bc	300.99	0	0	
G	204852c	301.01	0	0	
G	2048824	301.01	0	0	
G	2048868	301.01	0	0	
G	2048adc	301.01	0	0	
G	11a3f50	301.02	4	100	
G	11a4270	301.02	3	3	
G	11a5378	301.02	0	0	
G	11aa4ac	301.02	0	56	
G	11acdb8	301.02	0	52	
G	11c06fc	301.02	0	4	
G	11c0828	301.02	0	1	
G	11c2354	301.02	5	9	
G	1e5f660	301.02	3	3	
G	1e60f0c	301.02	14	136	
G	1e60f7c	301.02	7	47	
G	1e68d04	301.02	27	72	
G	1e6a590	301.02	9	9	
G	1e7bf64	301.02	3	3	
G	1e7ccf4	301.02	1	56	
G	1e7ce20	301.02	236	236	
G	1e7d5fc	301.02	0	0	
G	1e7d9ac	301.02	2	52	
G	1e7df30	301.02	0	0	
G	1e7df38	301.02	0	0	
G	1e8a224	301.02	0	0	
G	1e97954	301.02	0	0	
G	1e979f4	301.02	0	0	
G	1e97a34	301.02	0	0	
G	1f68af0	301.02	0	0	
G	2134f5c	301.02	21	21	
G	2134f88	301.02	11	11	
G	11a4598	301.03	0	0	
G	11a45d8	301.03	0	0	
G	12e4d10	301.03	0	0	
G	1def648	301.03	0	0	
G	1e97a0c	301.03	0	0	
G	1e97aac	301.03	0	0	
G	1e97ad4	301.03	0	0	
G	1e97ae8	301.03	1	1	
G	233b798	301.03	3	3	
G	1235630	301.04	0	0	
G	16bea48	301.04	1	1	
G	11ab03c	301.06	0	0	
G	11d8c10	301.06	1	1	
G	1231a04	301.06	3	4	
G	1232490	301.06	13	28	
G	1232e08	301.06	0	0	
G	1235824	301.06	0	21	
G	129b744	301.06	10	10	
G	129bcd0	301.06	16	16	
G	129bcfc	301.06	1	28	
G	129d8b4	301.06	2	4	
G	1da2dec	301.06	0	1	
G	1da6ad4	301.06	0	0	
G	1da6af0	301.06	0	0	
G	1da6c04	301.06	0	0	
G	1da6c20	301.06	0	0	
G	1da6d34	301.06	0	0	
G	1da6d50	301.06	0	0	
G	1df48b4	301.06	0	0	
G	1df4ad4	301.06	0	1	
G	1df658c	301.06	1	2	
G	1df6680	301.06	0	1	
G	1dfb8f0	301.06	0	0	
G	129c498	301.09	1	10	
G	129c7b8	301.09	0	0	
G	129c7b4	301.11	0	0	
G	129c3f8	301.12	12	20	
G	11ceca8	301.17	9	1576	
G	18167c0	301.17	1	1	
G	18174fc	301.17	0	3	
G	1db574c	301.17	0	6	
G	1df24c0	301.17	0	0	
G	1815934	301.18	0	0	
G	18396ac	301.18	0	0	
G	18399d8	301.18	0	0	
G	18406a4	301.18	0	0	
G	1840810	301.18	0	2	
G	1840ecc	301.18	0	0	
G	1841198	301.18	0	5	
G	18415e0	301.18	0	0	
G	1846188	301.18	0	0	
G	1846450	301.18	1	1	
G	1846898	301.18	0	0	
G	1ca811c	301.18	0	0	
G	1ca850c	301.18	0	0	
G	1cabed4	301.18	0	0	
G	11d359c	301.19	0	0	
G	17fadc0	301.19	0	0	
G	181f150	301.19	0	0	
G	18409b8	301.19	0	0	
G	18409e8	301.19	0	0	
G	1841610	301.19	7	7	
G	18468c8	301.19	5	5	
G	1c23e64	301.19	0	0	
G	1c2a264	301.19	0	0	
G	1c2a2ec	301.19	0	0	
G	1c2a308	301.19	0	0	
G	1cabf04	301.19	15	22	
G	1d9b56c	301.19	8	174	
G	1db4f40	301.19	0	0	
G	1ec0dac	301.26	0	0	
G	1db54f8	301.28	0	8	
G	1db58fc	301.28	2	4	
G	1db5e40	301.28	0	7	
G	1efbec8	301.28	0	5	
G	1efbf20	301.28	0	0	
G	1db62a4	301.31	0	0	
G	1ea21c4	301.31	0	0	
G	1ea221c	301.31	0	0	
G	1817628	301.46	15	24	
G	1dec90c	301.46	0	0	
G	1deca88	301.46	0	0	
G	1decb68	301.46	0	0	
G	1deccb8	301.46	0	1	
G	1decfe0	301.46	0	0	
G	1ded188	301.46	0	0	
G	1ded2b4	301.46	0	0	
G	1ded3d4	301.46	0	0	
G	1df296c	301.46	0	0	
G	11d66bc	301.47	1	1	
G	181ec24	301.47	0	0	
G	1830330	301.47	0	0	
G	1eb7a84	301.47	0	1	
G	11a533c	301.48	4	4	
G	12a8a38	301.48	9	9	
G	170b4c4	301.48	0	3	
G	170b798	301.48	1	3	
G	170bdec	301.48	0	0	
G	170c11c	301.48	0	0	
G	1738d80	301.48	0	0	
G	175fe54	301.48	1	2	
G	1760850	301.48	0	0	
G	1760920	301.48	0	0	
G	1760d24	301.48	0	0	
G	1830484	301.48	0	0	
G	18304a0	301.48	0	0	
G	18307ac	301.48	0	0	
G	18307c8	301.48	0	0	
G	1830834	301.48	0	0	
G	1830850	301.48	0	0	
G	1830958	301.48	0	0	
G	1830974	301.48	0	0	
G	1831058	301.48	0	0	
G	1831074	301.48	0	0	
G	1831394	301.48	0	0	
G	18313b0	301.48	0	0	
G	1832278	301.48	0	0	
G	1832294	301.48	0	0	
G	1832770	301.48	0	0	
G	183278c	301.48	0	0	
G	1832b70	301.48	0	0	
G	1832b8c	301.48	0	0	
G	1832f44	301.48	0	0	
G	1832f60	301.48	0	0	
G	18334f4	301.48	0	0	
G	1833510	301.48	0	0	
G	1833e08	301.48	0	0	
G	1833e24	301.48	0	0	
G	1834148	301.48	0	0	
G	1834164	301.48	0	0	
G	1834448	301.48	0	0	
G	1834464	301.48	0	0	
G	183487c	301.48	0	0	
G	1834898	301.48	0	0	
G	1834f30	301.48	0	0	
G	1834f4c	301.48	0	0	
G	18350a0	301.48	0	0	
G	18350bc	301.48	0	0	
G	1835504	301.48	0	0	
G	1835520	301.48	0	0	
G	18358bc	301.48	0	0	
G	18358d8	301.48	0	0	
G	1835b40	301.48	0	0	
G	1835b5c	301.48	0	0	
G	1835fac	301.48	0	0	
G	1836180	301.48	0	0	
G	183619c	301.48	0	0	
G	1836318	301.48	0	0	
G	183636c	301.48	0	0	
G	183650c	301.48	1	1	
G	1df0d18	301.48	8	8	
G	181737c	301.49	0	0	
G	1836234	301.49	0	0	
G	1836310	301.49	0	0	
G	1839b40	301.49	2	3	
G	1ca863c	301.49	5	31	
G	114ba54	301.52	0	0	
G	170a408	301.52	0	1	
G	177e278	301.52	1	1	
G	1840948	301.52	0	0	
G	1841510	301.52	0	0	
G	18467c8	301.52	0	0	
G	1cac7e8	301.52	1	1	
G	1cae0ec	301.52	0	1	
G	1cae604	301.52	0	0	
G	1cae620	301.52	0	0	
G	1cae940	301.52	0	0	
G	1cae95c	301.52	0	0	
G	1cae9e8	301.52	0	0	
G	1caea04	301.52	0	0	
G	1caea90	301.52	0	0	
G	1caeaac	301.52	0	0	
G	1caeb84	301.52	0	0	
G	1caeba0	301.52	0	0	
G	1caec80	301.52	0	0	
G	1caec9c	301.52	0	0	
G	1caf118	301.52	0	0	
G	1caf134	301.52	0	0	
G	1caf378	301.52	0	0	
G	1caf394	301.52	0	0	
G	1caf440	301.52	0	0	
G	1caf45c	301.52	0	0	
G	1caf63c	301.52	0	0	
G	1caf658	301.52	0	0	
G	1caf704	301.52	0	0	
G	1caf720	301.52	0	0	
G	1caf900	301.52	0	0	
G	1caf91c	301.52	0	0	
G	1cafc40	301.52	0	0	
G	1cafc5c	301.52	0	0	
G	1cafd38	301.52	0	0	
G	1cafd54	301.52	0	0	
G	1cafe64	301.52	0	0	
G	1cafe80	301.52	0	0	
G	1caffc8	301.52	0	0	
G	1caffe4	301.52	0	0	
G	11903ac	301.54	0	0	
G	11a234c	301.54	5	5	
G	11a2568	301.54	14	14	
G	12a1dc8	301.54	0	1	
G	12a1f6c	301.54	0	9	
G	12ac798	301.54	0	1	
G	12acb18	301.54	1	1	
G	12acc60	301.54	0	0	
G	16bde74	301.54	0	0	
G	16be560	301.54	0	0	
G	1815b30	301.54	7	7	
G	1cabf4c	301.54	3	3	
G	11a243c	301.55	2	2	
G	11a6160	301.55	42	29296	
G	11abbdc	301.55	9	102	
G	11abc68	301.55	29	6868	
G	11abd38	301.55	45	131	
G	11ad5b8	301.55	3	46	
G	11c2594	301.55	36	201	
G	11c56c0	301.55	6	6	
G	11e1ff0	301.55	76	113	
G	11e22fc	301.55	25	25	
G	11e2330	301.55	5	6	
G	11e2880	301.55	59	1295	
G	12a332c	301.55	22	1460	
G	12e4e60	301.55	12	12	
G	12f0bfc	301.55	0	0	
G	17fb068	301.55	23	23	
G	1e5c21c	301.55	0	0	
G	1e5d000	301.55	34	34	
G	1e5d170	301.55	12	12	
G	1e5d228	301.55	12	12	
G	1e5fa18	301.55	5	5	
G	1e5fa90	301.55	5	5	
G	1e5facc	301.55	7	7	
G	1e5fea8	301.55	46	13436	
G	1e6a53c	301.55	10	10	
G	1e7dc90	301.55	24	93	
G	1e7e050	301.55	43	6694	
G	1e9edb8	301.55	5	5	
G	1ea17dc	301.55	28	65	
G	11d9340	301.56	23	286	
G	11d9794	301.56	1	1	
G	11d9928	301.56	4	4	
G	11d9da4	301.56	0	190	
G	11d9df0	301.56	3	3	
G	11dc6b0	301.56	19	44	
G	11dc8f4	301.56	106	146	
G	11dd95c	301.56	47	47	
G	11e3960	301.56	7	128	
G	12a2100	301.56	0	0	
G	12f0ff8	301.56	0	0	
G	1e66570	301.56	0	0	
G	1e68848	301.56	4	4	
G	1e9f118	301.56	0	0	
G	20ec5b0	301.56	11	11	
G	11f0e00	301.59	0	0	
G	11f8b30	301.59	0	1	
G	1287a1c	301.59	0	0	
G	1287a6c	301.59	0	0	
G	115ff54	301.60	0	0	
G	115fff4	301.60	0	0	
G	11f8c7c	301.60	0	0	
G	1287abc	301.60	0	0	
G	1287b0c	301.60	0	0	
G	1287b5c	301.60	0	1	
G	1287bac	301.60	0	0	
G	1287bfc	301.60	0	0	
G	1287c4c	301.60	0	0	
G	1287c9c	301.60	0	0	
G	1287cec	301.60	0	0	
G	1287d3c	301.60	0	0	
G	1287d8c	301.60	0	0	
G	1287ddc	301.60	0	0	
G	1287e2c	301.60	0	0	
G	127f930	301.61	7	7	
G	1281e38	301.61	2	4	
G	1282d90	301.61	0	0	
G	1282e60	301.61	3	3	
G	12842c4	301.61	1	1	
G	12844d0	301.61	0	0	
G	12845a0	301.61	1	1	
G	15b92c4	301.61	2	122	
G	15b9d70	301.61	0	1	
G	11981d0	301.62	0	0	
G	11c5938	301.62	0	0	
G	11c6298	301.62	1	1	
G	1219b00	301.62	0	0	
G	1219b50	301.62	0	0	
G	1219ba0	301.62	0	0	
G	12805a0	301.62	7	23	
G	1282530	301.62	1	2	
G	128259c	301.62	0	1	
G	1282608	301.62	0	2	
G	128271c	301.62	0	0	
G	12829a4	301.62	3	4	
G	1282a2c	301.62	0	0	
G	1282b50	301.62	0	0	
G	1282ca0	301.62	0	1	
G	12c5e1c	301.62	0	1	
G	12c6468	301.62	0	0	
G	12c6538	301.62	2	2	
G	12c6744	301.62	0	0	
G	12c6814	301.62	0	0	
G	15f8388	301.62	1	6	
G	15f9068	301.62	0	0	
G	15f921c	301.62	0	1	
G	11c6248	301.63	0	1	
G	11c62e8	301.63	0	1	
G	11c6518	301.63	0	2	
G	11f8e68	301.63	0	1	
G	1282674	301.63	0	0	
G	1282770	301.63	0	1	
G	1282810	301.63	0	0	
G	1282860	301.63	0	2	
G	12828cc	301.63	0	1	
G	1282cf0	301.63	0	1	
G	1282d40	301.63	0	0	
G	1282c4c	301.64	0	0	
G	11963c0	301.65	1	1	
G	1196bc8	301.65	4	6	
G	1197c04	301.65	0	0	
G	1198310	301.65	0	0	
G	11983e0	301.65	1	1	
G	119900c	301.65	0	0	
G	1199218	301.65	0	0	
G	11992e8	301.65	0	0	
G	12824dc	301.65	1	3	
G	1282ba4	301.65	0	0	
G	1282bf8	301.65	0	0	
G	15b5da0	301.65	3	15	
G	15b6844	301.65	0	0	
G	115ffa4	301.66	0	0	
G	1160044	301.66	0	0	
G	11600e4	301.66	0	0	
G	118f43c	301.66	0	0	
G	1198090	301.66	0	0	
G	12a4cfc	301.66	1	963	
G	12ac314	301.66	0	1	
G	12b8344	301.66	1	1	
G	12b8444	301.66	0	0	
G	12f1598	301.66	7	961	
G	11e62e8	301.68	12	23	
G	11f983c	301.69	0	0	
G	11f9b48	301.69	0	0	
G	11f9e54	301.69	1	1	
G	11fa160	301.69	0	0	
G	11fa46c	301.69	0	0	
G	11fa778	301.70	2	2	
G	11faa84	301.70	0	0	
G	11fad90	301.70	0	1	
G	11fb09c	301.70	0	0	
G	11fb3a8	301.70	1	1	
G	11fb6b4	301.70	0	0	
G	11fb9c0	301.70	1	2	
G	11fbccc	301.70	0	0	
G	11fbfd8	301.70	0	0	
G	11fc2e4	301.70	0	0	
G	11fc5f0	301.70	0	0	
G	11fc8fc	301.70	1	1	
G	11fcc08	301.70	0	0	
G	11fcf14	301.70	0	0	
G	11fd220	301.70	1	1	
G	11fd52c	301.70	0	0	
G	11fd838	301.70	1	1	
G	11fdb44	301.70	0	0	
G	11fde50	301.70	0	0	
G	11fe15c	301.70	1	1	
G	11a233c	301.71	0	0	
G	11f8a40	301.71	0	0	
G	1302ff0	301.71	0	3	
G	1303f9c	301.71	2	3	
G	13042d8	301.71	1	1	
G	13043d8	301.71	0	0	
G	1304e78	301.71	0	0	
G	13050f8	301.71	0	0	
G	1305458	301.71	0	0	
G	1305ac4	301.71	0	0	
G	1305b94	301.71	0	0	
G	1312048	301.71	1	1	
G	13126e8	301.71	0	0	
G	1648078	301.71	0	0	
G	164807c	301.71	0	0	
G	1648384	301.71	0	3	
G	1648508	301.71	0	0	
G	1672910	301.71	0	0	
G	1672914	301.71	0	0	
G	1672c1c	301.71	0	0	
G	1672da0	301.71	0	0	
G	16f592c	301.71	0	0	
G	16f5a1c	301.71	0	0	
G	1208b10	301.73	6	6	
G	12113c0	301.73	0	0	
G	1217604	301.73	0	0	
G	1217620	301.73	0	0	
G	1235d1c	301.73	0	0	
G	123b8d0	301.73	1	1	
G	123db3c	301.73	0	0	
G	1247484	301.73	2	13	
G	126cd5c	301.73	0	0	
G	1297f08	301.73	0	0	
G	129aeb8	301.73	0	0	
G	13287c8	301.73	0	0	
G	11edf08	301.74	5	9	
G	11f2954	301.74	0	0	
G	11f2ca8	301.74	0	0	
G	11f2ffc	301.74	0	0	
G	11f3350	301.74	1	1	
G	11f36a4	301.74	0	0	
G	11f39f8	301.74	0	0	
G	11f3d4c	301.74	1	1	
G	11f40a0	301.74	0	0	
G	11f43f4	301.74	0	0	
G	11f4748	301.74	0	0	
G	11f4a9c	301.74	0	0	
G	11f4df0	301.74	0	0	
G	11f5144	301.74	0	0	
G	11f5498	301.74	0	0	
G	11f57ec	301.74	0	0	
G	11f5b40	301.74	0	0	
G	11f5e94	301.74	0	0	
G	11fe468	301.74	1	1	
G	11fe62c	301.74	0	0	
G	1236350	301.74	0	1	
G	123652c	301.74	0	0	
G	12397b0	301.74	1	1	
G	123be50	301.74	0	0	
G	123dc94	301.74	0	0	
G	123ed28	301.74	24	24	
G	123ed5c	301.74	2	2	
G	1264530	301.74	0	0	
G	126453c	301.74	1	1	
G	1264e1c	301.74	0	0	
G	126d31c	301.74	1	1	
G	14b6a68	301.74	0	0	
G	21f6f08	301.74	0	0	
G	11934e4	301.75	1	1	
G	1193510	301.75	3	8	
G	1193b28	301.75	0	4	
G	1194d58	301.75	0	4	
G	1194e98	301.75	1	1	
G	1195404	301.75	0	0	
G	119966c	301.75	0	0	
G	1199678	301.75	0	0	
G	119967c	301.75	0	0	
G	119ae88	301.75	0	10	
G	119b230	301.75	0	1	
G	119b9c0	301.75	0	0	
G	119bafc	301.75	1	1	
G	11f61e8	301.75	0	0	
G	11f653c	301.75	0	0	
G	11f6890	301.75	0	0	
G	11f6be4	301.75	1	1	
G	11f6f38	301.75	0	0	
G	11f728c	301.75	0	0	
G	11f75e0	301.75	0	0	
G	11f7934	301.75	1	1	
G	125f320	301.75	0	551	
G	125f5e8	301.75	3	551	
G	1264db8	301.75	0	10	
G	1265398	301.75	0	0	
G	1305da0	301.75	0	0	
G	15b6124	301.75	0	0	
G	16ec834	301.75	0	0	
G	12602b0	301.76	0	4	
G	1260590	301.76	1	507	
G	127df90	301.76	1	1	
G	1284924	301.76	0	0	
G	1284930	301.76	0	0	
G	1284934	301.76	0	0	
G	1284ac4	301.76	0	0	
G	1261028	301.78	0	0	
G	12617c4	301.78	0	1	
G	1284cd0	301.78	1	1	
G	1255aac	301.87	3	154	
G	1265a6c	301.87	2	2	
G	11a1388	301.88	0	0	
G	11a2948	301.88	0	124	
G	1261f90	301.88	0	21	
G	1e7c5a0	301.88	0	0	
G	1181d74	301.92	0	0	
G	11a13dc	301.92	0	0	
G	120eaf0	301.92	0	0	
G	120f038	301.92	0	0	
G	120f850	301.92	0	0	
G	12114f4	301.92	0	0	
G	12368a8	301.92	14	14	
G	12557b4	301.92	0	9	
G	125742c	301.92	0	0	
G	1262388	301.92	0	3	
G	126b32c	301.92	1	2	
G	126c0f8	301.92	0	0	
G	126ff10	301.92	4	4	
G	129c80c	301.92	0	0	
G	13024b0	301.92	0	0	
G	16f5ba8	301.92	0	0	
G	16f5bc0	301.92	0	0	
G	171a710	301.92	0	0	
G	173b348	301.92	0	0	
G	1dedd18	301.92	0	0	
G	11995bc	301.93	0	0	
G	1199610	301.93	0	0	
G	11a21d8	301.93	0	0	
G	11e1fa8	301.93	0	0	
G	11e3f30	301.93	0	1	
G	11e575c	301.93	1	1	
G	120b560	301.93	0	0	
G	1236ed0	301.93	0	0	
G	12381b4	301.93	0	0	
G	1238288	301.93	11	11	
G	12382dc	301.93	1	86	
G	1238c98	301.93	5	5	
G	123be5c	301.93	18	7415	
G	1248d50	301.93	108	8939	
G	12547b0	301.93	0	0	
G	1254824	301.93	27	91	
G	1256e10	301.93	0	1	
G	126fbcc	301.93	0	0	
G	12721f4	301.93	0	0	
G	1272210	301.93	0	0	
G	1284874	301.93	0	0	
G	12848c8	301.93	0	0	
G	1297fc4	301.93	0	0	
G	12f13b8	301.93	0	24	
G	1e9ee3c	301.93	0	0	
G	11de24c	301.94	3	3	
G	11e106c	301.94	4	4	
G	11e1740	301.94	0	1	
G	11e23c0	301.94	23	30	
G	11e3290	301.94	10	10	
G	11e343c	301.94	36	334	
G	11e3a64	301.94	7	90	
G	11e4150	301.94	2	2	
G	11e4354	301.94	3	3	
G	11e45a8	301.94	7	103	
G	11e46a8	301.94	6	6	
G	11e47f0	301.94	9	9	
G	1236f0c	301.94	1	1	
G	1238c38	301.94	0	0	
G	1238c3c	301.94	5	5	
G	1238fa4	301.94	0	0	
G	1238fb4	301.94	0	0	
G	123be88	301.94	14	282	
G	123bebc	301.94	9	50	
G	123ea90	301.94	6	184	
G	124e8bc	301.94	36	547	
G	1250b08	301.94	52	1938	
G	12546a4	301.94	12	147	
G	1258f80	301.94	19	64	
G	1259024	301.94	11	44	
G	126c80c	301.94	0	0	
G	126c810	301.94	0	0	
G	1297fd4	301.94	33	41	
G	12984d0	301.94	21	4523	
G	12986ec	301.94	6	6	
G	1299680	301.94	57	4432	
G	129aa0c	301.94	11	18	
G	129af30	301.94	0	0	
G	129af40	301.94	17	17	
G	129af60	301.94	0	0	
G	14b6aa0	301.94	9	9	
G	14b6cec	301.94	23	23	
G	1e89020	301.94	0	0	
G	1e77bf0	301.98	15	15	
G	1e77c24	301.98	0	0	
G	20c611c	301.99	21	1428	
G	20c8558	301.99	0	0	
G	213e81c	301.99	578	895	
G	2141030	301.99	9	30	
G	21412d0	301.99	21	21	
G	21463a0	301.99	0	0	
G	21b9814	301.99	557	557	
G	20b4f24	302.00	0	0	
G	20b52d0	302.00	0	1	
G	2172714	302.00	0	0	
G	12827c0	302.02	0	0	
G	1282938	302.02	0	0	
G	2174418	302.02	8	12	
G	129b9cc	302.23	2	2	
G	129d098	302.23	0	0	
G	1e33fc0	302.23	0	0	
G	12398f4	302.24	0	0	
G	1e69d64	302.24	2	50	
G	2075c74	302.24	1	1	
G	209f088	302.24	0	0	
G	20a0ebc	302.24	0	0	
G	23244bc	302.24	0	0	
G	2338970	302.24	0	0	
G	1e7666c	302.25	14	14	
G	1f2d9d0	302.25	0	1	
G	1f31334	302.25	1	1	
G	1f367ac	302.25	0	0	
G	1f36844	302.25	0	0	
G	1f8c778	302.25	0	0	
G	2073e08	302.25	0	0	
G	20759d4	302.25	0	0	
G	2075cec	302.25	700	700	
G	209fcd4	302.25	24	93	
G	209ffd4	302.25	150	194	
G	20a06a8	302.25	43	44	
G	20c1fc8	302.25	0	1	
G	20c2040	302.25	0	0	
G	20d0b30	302.25	0	0	
G	20d0dd4	302.25	3	3	
G	20d14d4	302.25	7	8	
G	20d4654	302.25	0	0	
G	20dd8fc	302.25	0	0	
G	20e8264	302.25	0	0	
G	2133bd0	302.25	0	1	
G	2135368	302.25	1	1	
G	214ab78	302.25	1	1	
G	21d531c	302.25	1	1	
G	21d5390	302.25	0	0	
G	21d53e0	302.25	0	0	
G	21d5448	302.25	0	1	
G	21d5f30	302.25	0	0	
G	2325808	302.25	0	0	
G	232584c	302.25	1	1	
G	2325a98	302.25	0	0	
G	2326308	302.25	2	5	
G	2326da0	302.25	1	1	
G	234bbe8	302.25	169	598	
G	1fced6c	302.26	0	0	
G	1fe9dd0	302.26	5	29	
G	2073de8	302.26	0	0	
G	2073fd8	302.26	1	1	
G	2075c88	302.26	0	0	
G	2076478	302.26	3	9	
G	209d884	302.26	0	0	
G	209d8ac	302.26	0	0	
G	209d8f4	302.26	0	0	
G	209e324	302.26	19	547	
G	209eaa0	302.26	0	0	
G	20ddbf8	302.26	1	1	
G	2325274	302.26	0	0	
G	2325aa4	302.26	0	0	
G	2325b04	302.26	0	0	
G	23389a4	302.26	0	0	
G	11e15e0	302.27	0	0	
G	11e60b4	302.27	0	1	
G	11e61f4	302.27	1	1	
G	11e626c	302.27	15	15	
G	1238db4	302.27	0	2	
G	1238f88	302.27	0	0	
G	1e6bcac	302.27	1	31	
G	1f8c704	302.27	0	0	
G	207e7d8	302.27	1	30	
G	208c4b4	302.27	8	11	
G	208c74c	302.27	2	3	
G	209c33c	302.27	0	0	
G	209c3d8	302.27	0	0	
G	209c568	302.27	0	0	
G	209d42c	302.27	13	50	
G	20ab14c	302.27	44	44	
G	11c6068	302.33	0	0	
G	11c60b8	302.33	0	0	
G	11c6108	302.33	0	1	
G	12826c8	302.34	0	0	
G	1fe6e98	302.60	1	1	
G	1fe7088	302.60	0	0	
G	1fe73b8	302.60	0	0	
G	1fe73fc	302.60	0	0	
G	1fe7910	302.60	1	9	
G	1fe79e4	302.60	19	50	
G	1fe7af0	302.60	36	36	
G	209f6f0	302.60	50	83	
G	12a2110	302.63	0	0	
G	11a25a4	302.65	4	4	
G	11a287c	302.67	0	0	
G	11fe77c	302.67	0	0	
G	11ff390	302.67	0	0	
G	12369d0	302.67	0	0	
G	1236a7c	302.67	4	4	
G	1236e94	302.67	8	8	
G	1238fe4	302.67	12	12	
G	1239548	302.67	7	7	
G	123bf68	302.67	1	2	
G	123d978	302.67	0	0	
G	123da2c	302.67	0	0	
G	123da44	302.67	0	0	
G	1256368	302.67	3	7	
G	1256c84	302.67	0	1	
G	1256f18	302.67	1	5	
G	13287d4	302.67	0	0	
G	1e5c2d0	302.67	20	20	
G	1e5e880	302.67	0	0	
G	1e5f5e8	302.67	0	0	
G	1e619dc	302.67	0	0	
G	1e61a20	302.67	0	8	
G	1e6a65c	302.67	2	10	
G	1e6a90c	302.67	0	0	
G	1e6ad10	302.67	0	0	
G	1e6b554	302.67	0	0	
G	1e6b5a0	302.67	12	12	
G	1e77d04	302.67	1	1	
G	1e9ba58	302.67	0	0	
G	1e9bddc	302.67	7	8	
G	1e9c2ac	302.67	0	0	
G	1ea18a8	302.67	0	0	
G	1238a00	302.68	52	7297	
G	11a4938	302.69	0	0	
G	11ff300	302.69	0	0	
G	11ff304	302.69	10	10	
G	12505f8	302.69	1	1	
G	1250814	302.69	0	0	
G	1297f98	302.69	0	0	
G	1297fbc	302.69	0	0	
G	1298a58	302.69	0	0	
G	1298a78	302.69	0	0	
G	129ac4c	302.69	0	0	
G	129d144	302.69	0	0	
G	1f7f798	302.69	0	0	
G	1f80564	302.69	0	0	
G	2073a50	302.69	0	0	
G	2076848	302.69	0	0	
G	209e454	302.69	3	5	
G	21d5688	302.69	294	661	
G	2324aa8	302.69	1	1	
G	2324b74	302.69	1	1	
G	23251fc	302.69	0	1	
G	2325220	302.69	0	0	
G	2325844	302.69	0	0	
G	2338844	302.69	0	0	
G	233891c	302.69	0	0	
G	11a2840	302.70	7	7	
G	11a28d8	302.70	29	58	
G	11de13c	302.70	6	6	
G	124e598	302.70	14	22	
G	126c804	302.70	0	0	
G	129e9c4	302.70	22	33	
G	12a30a8	302.70	23	23	
G	1e5b6ac	302.70	111	209	
G	1e5b990	302.70	55	55	
G	1e5bae8	302.70	71	130	
G	1e5d7b0	302.70	28	28	
G	1e5d9e0	302.70	35	35	
G	1e5e83c	302.70	0	0	
G	1e5f310	302.70	12	12	
G	1e5fce4	302.70	12	12	
G	1e5fd98	302.70	16	16	
G	1e622ac	302.70	0	0	
G	1e65970	302.70	10	10	
G	1e65988	302.70	30	30	
G	1e65c94	302.70	43	73	
G	1e66104	302.70	19	19	
G	1e6b5d4	302.70	0	0	
G	20c27a8	302.70	0	0	
G	1239230	302.71	3	3	
G	1e5bde4	302.71	67	12889	
G	1e5c160	302.71	21	31	
G	1e5db48	302.71	12	12	
G	1e5e220	302.71	19	21	
G	1e5e89c	302.71	17	17	
G	1e5f878	302.71	2	2	
G	1e5fe10	302.71	7	7	
G	1e60014	302.71	27	75	
G	1e601e4	302.71	45	112	
G	1e62108	302.71	23	23	
G	1e621e0	302.71	0	0	
G	1f5d164	302.71	1062	2287	
G	1f5f4c0	302.71	728	12638	
G	1f8db98	302.71	1	20	
G	1f8dc14	302.71	47	47	
G	1f8dc78	302.71	3	3	
G	1f8dd3c	302.71	7	7	
G	1f8de1c	302.71	6	6	
G	1f8dee4	302.71	8	8	
G	1f8df80	302.71	13	13	
G	1f8e1d0	302.71	24	24	
G	1f8e324	302.71	36	12674	
G	1f8e494	302.71	0	12672	
G	1f8e728	302.71	0	0	
G	1f8e74c	302.71	55	3840	
G	1f98be0	302.71	18	4181	
G	1f9c508	302.71	599	4163	
G	1f9c9b8	302.71	69	69	
G	1fac900	302.71	0	0	
G	1facba0	302.71	0	0	
G	1fc63b8	302.71	0	0	
G	1fc642c	302.71	0	0	
G	1fe98c4	302.71	0	0	
G	1fe99a8	302.71	1	1	
G	1fe99cc	302.71	45	114	
G	209f204	302.71	0	0	
G	213431c	302.71	11	11	
G	2327554	302.71	0	0	
G	23386f8	302.71	124	534	
G	2339188	302.71	42	3293	
G	1f5e4f8	302.72	1340	2465	
G	1f5ee14	302.72	593	646	
G	2072ef0	302.72	0	0	
G	2072f00	302.72	14	14	
G	2074294	302.72	54	405	
G	2074664	302.72	161	285	
G	2074990	302.72	16	16	
G	20a0f78	302.72	18	18	
G	20a1084	302.72	2	2	
G	20a1198	302.72	24	24	
G	20a15ec	302.72	15	15	
G	2324790	302.72	74	2199	
G	2326de4	302.72	48	3385	
G	2326ecc	302.72	206	3337	
G	2327804	302.72	0	0	
G	2327808	302.72	163	618	
G	2327dac	302.72	388	1321	
G	232909c	302.72	35	37	
G	23292f8	302.72	56	115	
G	2329698	302.72	62	62	
G	2329994	302.72	141	141	
G	11a6744	302.73	6	6	
G	1f5825c	302.73	864	864	
G	2073d8c	302.73	28	124	
G	2074840	302.73	40	96	
G	20a0fd8	302.73	0	0	
G	20a0fe4	302.73	0	0	
G	20a1114	302.73	0	0	
G	20a11f4	302.73	44	85	
G	20a145c	302.73	41	41	
G	20a1648	302.73	31	31	
G	20a1954	302.73	60	594	
G	20a1aac	302.73	18	75	
G	20a2880	302.73	27	27	
G	20aa82c	302.73	597	597	
G	2324950	302.73	20	144	
G	23287dc	302.73	156	1051	
G	2329d78	302.73	186	656	
G	232a08c	302.73	243	243	
G	232a9f4	302.73	74	74	
G	232ac84	302.73	75	75	
G	209f258	302.74	0	0	
G	125f0d8	302.80	0	1	
G	20d11e0	302.80	1	1	
G	1e34198	302.81	0	0	
G	1e3426c	302.81	0	53	
G	2074f38	302.82	1	53	
G	20a02a0	302.82	0	0	
G	20a07d8	302.82	0	0	
G	209fa3c	302.83	0	0	
G	209fd78	302.83	0	0	
G	126b3e0	302.84	0	4	
G	11ef7e8	302.85	13	13	
G	1238158	302.85	0	0	
G	1250728	302.85	0	0	
G	126b998	302.85	0	0	
G	129a75c	302.85	0	0	
G	129d11c	302.85	0	0	
G	129d6b8	302.85	0	0	
G	12ff888	302.85	4	6	
G	130086c	302.85	1	1	
G	16becbc	302.85	0	9	
G	16bfd7c	302.85	0	0	
G	1e342f8	302.85	0	0	
G	1e5cbd0	302.85	0	14	
G	1e6a8d8	302.85	0	0	
G	1f310c4	302.85	0	0	
G	1f31b80	302.85	0	0	
G	1f3677c	302.85	0	0	
G	1f9555c	302.85	0	0	
G	1f96ae4	302.85	0	2	
G	1fa7b9c	302.85	0	0	
G	1fb1204	302.85	0	0	
G	1fb1428	302.85	0	0	
G	1fc460c	302.85	0	0	
G	1fc5e38	302.85	0	0	
G	1fcdbd4	302.85	0	0	
G	1fced54	302.85	0	0	
G	1fe9c08	302.85	0	0	
G	2072c94	302.85	1	1	
G	20d1ae8	302.85	0	0	
G	20d27a8	302.85	0	5	
G	20df790	302.85	0	0	
G	20dfa78	302.85	0	0	
G	20dfab4	302.85	0	0	
G	130bc6c	302.86	0	0	
G	130bdd4	302.86	0	0	
G	16c00dc	302.86	0	2	
G	16c0324	302.86	2	2	
G	1fe7070	302.86	0	0	
G	207df3c	302.86	0	0	
G	209c8ac	302.86	0	0	
G	11a278c	302.87	8	8	
G	11d323c	302.87	7	7	
G	12ff7e8	302.87	0	1	
G	1396c94	302.87	0	0	
G	140c430	302.87	1	1	
G	1700ac0	302.87	0	0	
G	171dc08	302.87	0	1	
G	171e90c	302.87	0	0	
G	171f4bc	302.87	1	2	
G	1720418	302.87	0	0	
G	1722a94	302.87	0	0	
G	1723910	302.87	1	1	
G	1742904	302.87	0	0	
G	1742944	302.87	0	11	
G	1743074	302.87	0	11	
G	182f428	302.87	2	403	
G	130c4f0	302.88	1	4	
G	15bac70	302.88	0	3	
G	15badf4	302.88	0	0	
G	15bbed4	302.88	1	4	
G	15bc058	302.88	0	1	
G	17166fc	302.88	1	5	
G	17169e0	302.88	0	5	
G	1744750	302.88	0	52	
G	176a064	302.88	1	5	
G	1744924	302.90	1	44	
G	120ca1c	302.92	2	12	
G	1214300	302.92	1	1	
G	12172f0	302.92	0	0	
G	12173c0	302.92	0	0	
G	1745314	302.92	1	69	
G	1744b68	302.94	0	0	
G	1744be0	302.94	0	127	
G	1dcd73c	302.94	1	127	
G	1744bc8	302.99	0	0	
G	1744dd0	302.99	0	0	
G	1744e70	302.99	1	1	
G	1744e88	302.99	0	0	
G	1744ef8	302.99	0	49	
G	1dccbc8	302.99	1	1	
G	1dcd4c8	302.99	0	0	
G	1dcd5fc	302.99	0	0	
G	1dcdcc8	302.99	1	1	
G	17450f4	303.00	0	25	
G	11d32b4	303.02	0	0	
G	1278b9c	303.02	0	0	
G	127cd68	303.02	0	0	
G	130c684	303.02	0	0	
G	1745538	303.02	0	0	
G	176a1f8	303.02	0	0	
G	176a22c	303.02	0	0	
G	183e668	303.02	2	16	
G	130c6b8	303.03	0	0	
G	1395b04	303.03	1	3	
G	13960c8	303.03	0	0	
G	13961b0	303.03	1	1	
G	13968bc	303.03	1	1	
G	1700a74	303.03	0	3	
G	1720c3c	303.03	0	0	
G	1720c48	303.03	0	0	
G	1723b34	303.03	0	0	
G	172890c	303.03	0	0	
G	1728ad4	303.03	0	0	
G	175a92c	303.03	0	0	
G	1ddec24	303.03	0	0	
G	1ddec98	303.03	0	0	
G	11a2804	303.29	3	3	
G	11c53a0	303.29	0	0	
G	11d3ec0	303.29	0	14	
G	11d52b0	303.29	0	0	
G	11d52e8	303.29	0	34	
G	11d57bc	303.29	0	0	
G	1250990	303.29	13	13	
G	12509f8	303.29	6	6	
G	1251c68	303.29	1	1	
G	129e704	303.29	0	0	
G	12a8c34	303.29	0	1	
G	1dc92b4	303.29	0	0	
G	1dc931c	303.29	0	0	
G	1dcd394	303.29	0	0	
G	11d4f6c	303.30	1	8	
G	1c26388	303.32	1	1	
G	11c08f4	303.33	0	1	
G	11c09c8	303.33	0	1	
G	12a211c	303.33	2	14	
G	12ca8d4	303.33	1	5	
G	11b5d20	303.34	0	0	
G	11c20ec	303.34	0	0	
G	12a2d3c	303.35	0	0	
G	1c2a310	303.51	0	0	
G	20e5468	303.58	0	0	
G	20a2ee0	303.59	0	1	
G	20a2f88	303.59	0	0	
G	20a3014	303.59	1	1	
G	20a307c	303.59	0	0	
G	20a8778	303.59	0	0	
G	20a88d0	303.59	0	0	
G	20a89bc	303.59	1	1	
G	12a2d4c	303.75	0	0	
G	11ff500	303.77	7	7	
G	124dc44	303.77	15	18	
G	124dde0	303.77	16	16	
G	129b674	303.77	0	0	
G	1e6ab48	303.77	1	1	
G	20d282c	303.77	1	3	
G	20ddad4	303.77	1	1	
G	20df914	303.77	0	0	
G	20e7658	303.77	0	0	
G	2325708	303.77	0	0	
G	2338e5c	303.77	0	0	
G	20d48b4	303.80	0	0	
G	20d48d4	303.80	0	0	
G	2076828	303.81	0	0	
G	207685c	303.81	0	0	
G	1fa8e84	303.82	0	0	
G	1fab084	303.82	0	0	
G	1fab770	303.82	80	80	
G	1fce0ac	303.82	0	0	
G	1fd7940	303.82	2	2	
G	1fdee24	303.82	0	0	
G	1fdee48	303.82	138	344	
G	1fc4844	303.83	0	0	
G	1fc4d90	303.83	211	212	
G	1fcef44	303.83	0	0	
G	1fcf4ac	303.83	251	539	
G	1fd7934	303.83	0	0	
G	1fd8204	303.83	0	0	
G	1fd8210	303.83	2	2	
G	1fd8ad4	303.83	0	0	
G	1fd8ae0	303.83	5	5	
G	1fd93a4	303.83	0	0	
G	1fd93c8	303.83	13	13	
G	1fdf1fc	303.83	0	0	
G	1fdf220	303.83	15	15	
G	20a30e8	303.83	105	286	
G	20a8678	303.83	5	5	
G	16bf0e4	303.91	0	2	
G	16c09c4	303.91	1	2	
G	16c0b70	303.91	1	1	
G	1fb159c	303.91	0	0	
G	11d4c28	303.93	1	5	
G	11d54dc	303.93	0	6	
G	11d5520	303.93	0	6	
G	20a95b0	303.94	37	82	
G	2133564	303.94	50	87	
G	2134cf8	303.94	0	0	
G	2134cfc	303.94	13	13	
G	21d5a04	303.94	19	28	
G	21d6458	303.94	0	0	
G	234bd94	303.94	5	5	
G	11a24f0	303.95	0	0	
G	1231d9c	303.95	0	13	
G	12331e0	303.95	1	6	
G	123392c	303.95	0	1	
G	1234178	303.95	1	1	
G	1234398	303.95	1	1	
G	123451c	303.95	0	0	
G	123479c	303.95	0	0	
G	123486c	303.95	0	0	
G	1234b64	303.95	0	0	
G	1234dd8	303.95	0	0	
G	1234ea8	303.95	0	0	
G	12976dc	303.95	0	0	
G	15d4ea8	303.95	0	0	
G	15d4eac	303.95	1	1	
G	15d4eb0	303.95	1	1	
G	15d4f9c	303.95	1	2	
G	15d53b0	303.95	0	0	
G	16f553c	303.95	0	0	
G	11a5b0c	303.96	0	0	
G	1297064	303.96	0	0	
G	1297068	303.96	0	0	
G	1297304	303.96	1	3	
G	12975ec	303.96	5	27	
G	12976b4	303.96	0	0	
G	12976b8	303.96	0	0	
G	12976bc	303.96	0	0	
G	1297dd0	303.96	5	97	
G	1297e2c	303.96	3	23	
G	129af0c	303.96	0	0	
G	129b3f8	303.96	0	0	
G	1e5cf38	303.96	0	0	
G	1e5f7f4	303.96	0	8	
G	1e5f9cc	303.96	0	0	
G	1e68ddc	303.96	1	1	
G	1e6a7b0	303.96	1	8	
G	1e7df40	303.96	1	1	
G	20471c8	303.96	0	0	
G	2047630	303.96	0	62	
G	2047a54	303.96	14	14	
G	204fbe4	303.96	0	0	
G	205010c	303.96	0	0	
G	2050488	303.96	56	56	
G	20bd5d4	303.96	47	47	
G	20c9920	303.96	246	355	
G	21b7c28	303.96	100	147	
G	2032900	303.97	0	0	
G	20332a0	303.97	24	28	
G	2035304	303.97	0	0	
G	2035a58	303.97	5	5	
G	2035b48	303.97	25	30	
G	203f71c	303.97	0	0	
G	203f94c	303.97	0	0	
G	203fba8	303.97	0	0	
G	2040010	303.97	0	0	
G	204045c	303.97	16	20	
G	2042328	303.97	0	0	
G	20426c4	303.97	0	0	
G	20429a4	303.97	6	6	
G	2042a94	303.97	9	15	
G	20bb700	303.97	0	0	
G	20c1cb4	303.97	2	2	
G	20cb268	303.97	17	17	
G	212f524	303.97	81	96	
G	212fd38	303.97	12	13	
G	218a280	303.97	0	0	
G	218a2bc	303.97	0	0	
G	23605f4	303.97	3	3	
G	1232df8	303.98	0	0	
G	2131efc	303.98	20	96	
G	213278c	303.98	1	12	
G	217c1f8	303.99	0	0	
G	217c20c	303.99	137	515	
G	218a68c	303.99	0	0	
G	218d608	303.99	30	714	
G	218df6c	303.99	4	143	
G	218e050	303.99	23	147	
G	218e120	303.99	0	0	
G	218e128	303.99	9	9	
G	21d52e4	303.99	0	0	
G	2360620	303.99	9	287	
G	2360740	303.99	0	0	
G	217ebbc	304.01	70	82	
G	1f602c0	304.07	65	211	
G	1f81108	304.07	4	4	
G	1f81160	304.07	1	1	
G	20e929c	304.07	0	0	
G	20f24a0	304.07	0	0	
G	213b140	304.07	39	39	
G	213b49c	304.07	89	89	
G	213db0c	304.07	26	26	
G	2140640	304.07	74	74	
G	2140ab0	304.07	83	172	
G	214f5a8	304.07	0	0	
G	2194e30	304.07	0	0	
G	2194e34	304.07	0	0	
G	2194e38	304.07	2	2	
G	21953c4	304.07	49	105	
G	219568c	304.07	6	111	
G	219582c	304.07	31	31	
G	21958f4	304.07	160	187	
G	2197f70	304.07	3	541	
G	2198510	304.07	2270	5095	
G	2198650	304.07	8	119	
G	219d238	304.07	7	7	
G	219d3fc	304.07	0	0	
G	21a1a30	304.07	6	6	
G	21a1b5c	304.07	1	1	
G	21a5750	304.07	0	0	
G	21a7e10	304.07	5	5	
G	23c9da4	304.07	33	62	
G	23c9ecc	304.07	62	107	
G	23cbf88	304.07	23	23	
G	23cd278	304.07	8	8	
G	23cd568	304.07	11	13	
G	23cdd0c	304.07	1	1	
G	23cde9c	304.07	1020	1977	
G	23ce298	304.07	21	21	
G	23ce49c	304.07	95	803	
G	20eefdc	304.08	15	15	
G	21974e4	304.08	1	1	
G	21a1ae0	304.08	12	12	
G	21a1b4c	304.08	0	0	
G	21a1d78	304.08	40	40	
G	21a4424	304.08	17	17	
G	21a525c	304.08	33	33	
G	21a5378	304.08	32	44	
G	21a55cc	304.08	15	15	
G	21a5754	304.08	0	0	
G	21a5850	304.08	13	70	
G	21a5904	304.08	3	3	
G	21a5fa8	304.08	107	126	
G	21c8f08	304.08	429	1123	
G	21d1164	304.08	107	109	
G	2231a44	304.08	45	50	
G	236ad1c	304.08	24	57	
G	236ad80	304.08	19	19	
G	236ae00	304.08	10	10	
G	236bf04	304.08	106	106	
G	236cfd8	304.08	0	0	
G	23ce704	304.08	171	321	
G	23cf0dc	304.08	87	87	
G	23cf890	304.08	21	21	
G	23cfd5c	304.08	4	4	
G	23cff40	304.08	2	20	
G	20c5df4	304.09	13	13	
G	20c60ac	304.09	19	19	
G	21678fc	304.09	92	92	
G	218e378	304.09	0	0	
G	21b1cf0	304.09	30	30	
G	21b285c	304.09	14	21	
G	21d19d8	304.09	11	142	
G	21d27b8	304.09	11	128	
G	21d4c64	304.09	11	113	
G	2230b78	304.09	69	71	
G	20bb798	304.10	0	0	
G	20c42b0	304.10	0	1	
G	214406c	304.10	0	0	
G	21463b4	304.10	0	1	
G	2160b64	304.10	0	0	
G	21676b8	304.10	9	9	
G	218d10c	304.10	0	1	
G	218dc04	304.10	0	0	
G	218e470	304.10	1	1	
G	218e510	304.10	1	4	
G	218e8f0	304.10	0	0	
G	218ec6c	304.10	0	0	
G	21a64c4	304.10	18	18	
G	21bc588	304.10	0	0	
G	21bd004	304.10	1	1	
G	21bf60c	304.10	25	47	
G	2356a50	304.10	0	0	
G	1202424	304.11	0	0	
G	20bf3f8	304.11	0	0	
G	20bf5e4	304.11	0	0	
G	20e6114	304.11	4	4	
G	20e61c4	304.11	1	1	
G	218ec84	304.11	0	0	
G	21a66a4	304.11	92	227	
G	21b3020	304.11	1	1	
G	21b3858	304.11	0	0	
G	21b454c	304.11	18	138	
G	21b4980	304.11	0	0	
G	21bbd08	304.11	0	0	
G	21bbd28	304.11	7	8	
G	21bbfac	304.11	68	219	
G	219d31c	304.12	0	0	
G	218eb70	304.14	8	430	
G	21c2670	304.15	0	0	
G	20e5da0	304.23	0	0	
G	20e970c	304.23	13	13	
G	2141764	304.23	11	15	
G	21a77b4	304.23	7	7	
G	233a38c	304.23	0	0	
G	233a4a4	304.23	0	0	
G	2355a84	304.23	0	17	
G	23563fc	304.23	2	3	
G	236bd24	304.23	0	0	
G	236cbb8	304.23	5	11	
G	11cf5cc	304.24	270	1546	
G	2140eec	304.24	9	9	
G	233ab1c	304.24	0	0	
G	2173f18	304.28	0	0	
G	21a7be8	304.28	11	472	
G	129c5c8	304.29	0	1	
G	129c6bc	304.29	0	0	
G	218a5c4	304.29	0	0	
G	218a5d4	304.29	0	0	
G	218a5f4	304.29	0	0	
G	233a460	304.29	11	11	
G	233a4ac	304.29	0	0	
G	236ae80	304.29	6	41	
G	236b758	304.29	7	210	
G	236cb6c	304.29	3	5	
G	236cd68	304.29	7	8	
G	236d018	304.29	12	461	
G	259a854	304.29	0	0	
G	259a868	304.29	0	0	
G	259a86c	304.29	67	115	
G	259ae14	304.29	16	27	
G	1297d7c	304.30	0	4	
G	1e85e7c	304.30	0	4	
G	1f3ac98	304.30	4	4	
G	20a99fc	304.30	0	2	
G	20a9da4	304.30	0	0	
G	20aa624	304.30	1	1	
G	233924c	304.30	18	18	
G	233b0c0	304.30	64	68	
G	233bb8c	304.30	0	0	
G	23455ac	304.30	0	0	
G	23455dc	304.30	0	0	
G	2345614	304.30	0	0	
G	2345728	304.30	0	0	
G	2345bcc	304.30	0	1	
G	2345c04	304.30	0	1	
G	23465f4	304.30	0	2	
G	2346694	304.30	0	0	
G	2347bc8	304.30	0	0	
G	234989c	304.30	0	0	
G	23498b4	304.30	0	0	
G	234a01c	304.30	1	1	
G	129babc	304.32	1	1	
G	1e61a78	304.32	0	0	
G	129794c	304.33	0	2	
G	17fcb40	304.33	0	0	
G	18000e8	304.33	0	1	
G	1e34390	304.33	0	0	
G	1e68f84	304.33	0	0	
G	1ea11d8	304.33	0	0	
G	1ea1668	304.33	1	2	
G	20a9814	304.33	10	10	
G	20ebdb0	304.33	0	0	
G	20ebe40	304.33	1	1	
G	20ef3f0	304.33	0	0	
G	213623c	304.33	0	0	
G	2190334	304.33	0	0	
G	234568c	304.33	0	0	
G	2345898	304.33	0	0	
G	218ceb0	304.34	0	1	
G	12353a4	304.35	7	7	
G	1e5e8e0	304.35	0	0	
G	1fab754	304.35	0	0	
G	1fad874	304.35	0	0	
G	1fadecc	304.35	0	0	
G	1fadee8	304.35	24	24	
G	1fb953c	304.35	0	0	
G	1fb976c	304.35	0	0	
G	1fb9a44	304.35	0	0	
G	1fb9e48	304.35	0	0	
G	1fb9fc8	304.35	38	38	
G	1fbbe90	304.35	0	0	
G	1fbc21c	304.35	0	0	
G	1fbc39c	304.35	22	22	
G	1fc0604	304.35	0	0	
G	1fc0a08	304.35	0	124	
G	1fc0b74	304.35	5	5	
G	1fc4c68	304.35	0	0	
G	1fc8908	304.35	0	0	
G	1fc8d28	304.35	0	0	
G	1fc8dc8	304.35	29	29	
G	1fcb258	304.35	0	0	
G	1fcb740	304.35	0	0	
G	1fcb7e0	304.35	30	30	
G	2196324	304.35	24	24	
G	2196ce4	304.35	5	5	
G	219719c	304.35	36	36	
G	23c8fa8	304.35	126	188	
G	23c9ea0	304.35	0	0	
G	11d3a18	304.67	0	0	
G	12a128c	304.67	0	13	
G	12a1534	304.67	2	13	
G	15f7734	304.67	0	0	
G	15f773c	304.67	0	1	
G	15f7828	304.67	1	2	
G	16f562c	304.67	0	0	
G	20df574	304.67	0	0	
G	20e6258	304.67	0	0	
G	213e20c	304.67	0	0	
G	21a6300	304.67	0	0	
G	21a6440	304.67	0	0	
G	1198220	304.68	0	0	
G	11c5848	304.68	0	0	
G	11c5898	304.68	0	0	
G	11c58e8	304.68	0	0	
G	11c5a78	304.68	0	0	
G	11c5ac8	304.68	0	0	
G	11c61f8	304.68	0	0	
G	11c6338	304.68	0	0	
G	11c6388	304.68	0	0	
G	11c63d8	304.68	0	0	
G	11c6428	304.68	0	0	
G	11c6478	304.68	0	0	
G	11c64c8	304.68	0	0	
G	12b8708	304.68	2	9	
G	12b9684	304.68	1	1	
G	12ba2e8	304.68	3	3	
G	12bbf88	304.68	0	0	
G	12bbff4	304.68	0	0	
G	12bc060	304.68	0	0	
G	12bc0cc	304.68	0	0	
G	12bc138	304.68	0	0	
G	12bc1a4	304.68	0	0	
G	12bc210	304.68	0	0	
G	12bc27c	304.68	0	0	
G	12bc2e8	304.68	0	0	
G	12bc354	304.68	0	0	
G	12bc3c0	304.68	0	0	
G	12bc42c	304.68	0	0	
G	12bc498	304.68	0	0	
G	12bc504	304.68	0	0	
G	12bc570	304.68	0	0	
G	12bc5dc	304.68	0	0	
G	12bc648	304.68	0	0	
G	12bc718	304.68	0	0	
G	12bdab0	304.68	0	0	
G	15f7c3c	304.68	1	1	
G	12b8d5c	304.69	0	0	
G	12bb904	304.69	1	1	
G	12bdd24	304.69	0	0	
G	12bddf4	304.69	0	0	
G	12be28c	304.69	0	0	
G	12dcf14	304.69	3	11	
G	12dd544	304.69	1	6	
G	12de080	304.69	1	1	
G	12de684	304.69	1	1	
G	12df4ec	304.69	0	0	
G	12dffc4	304.69	0	0	
G	15f7738	304.69	0	0	
G	1681d9c	304.69	0	0	
G	1681da4	304.69	0	0	
G	1681e90	304.69	0	1	
G	16822a4	304.69	0	0	
G	16f5aa0	304.69	0	0	
G	118a138	304.70	0	0	
G	118efbc	304.70	0	0	
G	118f00c	304.70	0	0	
G	118f0cc	304.70	0	0	
G	118f11c	304.70	0	0	
G	118f16c	304.70	0	0	
G	118f1bc	304.70	0	0	
G	118f20c	304.70	0	0	
G	118f25c	304.70	0	0	
G	118f2ac	304.70	0	0	
G	119da10	304.70	0	0	
G	11f0688	304.70	0	0	
G	1236e08	304.70	0	0	
G	123d534	304.70	0	0	
G	1252458	304.70	20	20	
G	12731d4	304.70	0	0	
G	12927a8	304.70	0	0	
G	1292b00	304.70	0	0	
G	12a788c	304.70	0	0	
G	12d7e0c	304.70	0	1	
G	12d7e94	304.70	0	0	
G	12ddb98	304.70	0	0	
G	12df198	304.70	1	1	
G	12df5bc	304.70	0	0	
G	12e0238	304.70	0	0	
G	12e0308	304.70	0	0	
G	12e0514	304.70	0	0	
G	14b6adc	304.70	0	0	
G	1681da0	304.70	0	0	
G	1e89c0c	304.70	0	0	
G	1f39488	304.70	35	35	
G	119c090	304.71	0	0	
G	119d8bc	304.71	0	7	
G	11a2388	304.71	0	0	
G	11d9294	304.71	0	4	
G	120b7cc	304.71	36	39	
G	120bb1c	304.71	1	1	
G	120c50c	304.71	0	0	
G	1236df8	304.71	0	0	
G	1238138	304.71	9	9	
G	123d4fc	304.71	0	0	
G	123e950	304.71	22	52	
G	123ede8	304.71	12	20	
G	1252500	304.71	64	1708	
G	1257744	304.71	12	16	
G	1263748	304.71	0	0	
G	126bc48	304.71	1	2	
G	128c8bc	304.71	0	0	
G	128c930	304.71	0	0	
G	128c960	304.71	0	0	
G	128d0dc	304.71	0	0	
G	128d29c	304.71	0	0	
G	128d2b8	304.71	0	0	
G	128d39c	304.71	11	32	
G	12927e8	304.71	0	0	
G	12927ec	304.71	4	130	
G	1292884	304.71	0	0	
G	1292888	304.71	1	1	
G	129293c	304.71	0	0	
G	1292a3c	304.71	0	0	
G	1292ac0	304.71	0	0	
G	1292c10	304.71	0	0	
G	129388c	304.71	0	0	
G	12a7940	304.71	0	5	
G	12a7c30	304.71	19	30	
G	132884c	304.71	6	6	
G	1328940	304.71	447	542	
G	181fb20	304.71	0	0	
G	182a2a8	304.71	0	0	
G	1e5d2e0	304.71	2	2	
G	1e5fb08	304.71	2	2	
G	1e61c44	304.71	6	6	
G	1e6a9f8	304.71	21	31	
G	1e89c4c	304.71	0	0	
G	1e89dbc	304.71	1	1	
G	1e8a26c	304.71	9	9	
G	11a27c8	304.72	2	2	
G	11d3370	304.72	4	4	
G	11f06a4	304.72	1	1	
G	120180c	304.72	0	0	
G	126c814	304.72	0	0	
G	1298a98	304.72	22	24	
G	13298c0	304.72	0	27	
G	1329d64	304.72	2	14	
G	15f4140	304.72	0	0	
G	1cae0d0	304.72	2	2	
G	11a460c	304.79	0	0	
G	11ab0a4	304.79	0	0	
G	11c5414	304.79	0	0	
G	11d35ac	304.79	1	1	
G	1237228	304.79	1	2	
G	1237f04	304.79	0	0	
G	123d504	304.79	0	0	
G	123d51c	304.79	0	0	
G	123d57c	304.79	1	3	
G	123d8c8	304.79	2	6	
G	123da64	304.79	0	0	
G	123da9c	304.79	0	0	
G	123dac4	304.79	0	0	
G	123dadc	304.79	0	0	
G	123df1c	304.79	1	1	
G	123e870	304.79	0	0	
G	123e9e8	304.79	0	0	
G	123eef0	304.79	1	15	
G	123f2a0	304.79	0	16	
G	123f36c	304.79	0	0	
G	1256350	304.79	0	0	
G	125911c	304.79	1	20	
G	128eb94	304.79	0	0	
G	1292574	304.79	0	0	
G	12938d0	304.79	1	1	
G	12be050	304.79	0	0	
G	13b7408	304.79	0	0	
G	13b880c	304.79	0	2	
G	182b574	304.79	0	0	
G	182b6fc	304.79	0	0	
G	182ea28	304.79	0	0	
G	182f004	304.79	0	0	
G	1db17bc	304.79	0	0	
G	1e5d500	304.79	2	2	
G	1e5fbbc	304.79	0	0	
G	1e845c0	304.79	0	0	
G	1e84ac4	304.79	0	0	
G	1e85210	304.79	1	5	
G	1e8af30	304.79	0	338	
G	11ac904	304.80	1	1	
G	11c1c40	304.80	2	2	
G	11c1ea0	304.80	0	0	
G	11f05f4	304.80	7	7	
G	11f069c	304.80	0	0	
G	123dabc	304.80	0	0	
G	123db18	304.80	1	1	
G	123db28	304.80	0	0	
G	123db38	304.80	0	0	
G	123e388	304.80	0	5	
G	123e5ac	304.80	1	1	
G	124575c	304.80	0	0	
G	1256e7c	304.80	0	0	
G	129eb2c	304.80	9	12	
G	129ec00	304.80	0	0	
G	129f388	304.80	0	0	
G	129f570	304.80	1	1	
G	12ab274	304.80	9	12	
G	13292a8	304.80	0	0	
G	13294a8	304.80	19	19	
G	1329a88	304.80	0	0	
G	1329b58	304.80	0	0	
G	1329ea4	304.80	2	3	
G	132a7d4	304.80	0	0	
G	132a7e0	304.80	0	0	
G	1820570	304.80	3	19	
G	18223f8	304.80	21	644	
G	1822458	304.80	20	69	
G	1822cb4	304.80	11	27	
G	18236a4	304.80	43	79	
G	18248a4	304.80	25	36	
G	1824f0c	304.80	3	16	
G	18254fc	304.80	15	361	
G	1825bbc	304.80	5	5	
G	1826550	304.80	6	6	
G	1829804	304.80	13	27	
G	1836a7c	304.80	2	2	
G	1dcf0bc	304.80	0	0	
G	1df5db8	304.80	0	0	
G	1e665e4	304.80	0	0	
G	11d3c30	304.81	24	52	
G	11d4258	304.81	0	0	
G	11d48c4	304.81	6	6	
G	11d5728	304.81	28	28	
G	11ef7d8	304.81	0	0	
G	11ef89c	304.81	0	0	
G	11ef910	304.81	0	0	
G	11efa04	304.81	0	0	
G	11efa0c	304.81	0	0	
G	11f0538	304.81	0	0	
G	11f06bc	304.81	29	29	
G	1257154	304.81	4	4	
G	125c964	304.81	0	0	
G	126623c	304.81	30	38	
G	126b2b0	304.81	0	0	
G	1291cc4	304.81	5	5	
G	1298b5c	304.81	5	5	
G	17c17c4	304.81	0	0	
G	1827830	304.81	5	5	
G	1827d88	304.81	7	7	
G	1828194	304.81	7	7	
G	1828740	304.81	4	4	
G	1828e38	304.81	6	60	
G	182901c	304.81	1	2	
G	182b978	304.81	95	111	
G	182f014	304.81	3	3	
G	182f3d4	304.81	3	3	
G	18367c4	304.81	0	0	
G	18367e0	304.81	0	0	
G	183e7fc	304.81	8	8	
G	1dcc834	304.81	0	1	
G	1dcc8f0	304.81	0	0	
G	1e89468	304.81	2	43	
G	1e89480	304.81	71	71	
G	1eb879c	304.81	13	127	
G	1eb8a4c	304.81	4	4	
G	1ec4694	304.81	1	5	
G	1ecc79c	304.81	3	3	
G	1eccdd0	304.81	4	4	
G	11d890c	304.82	0	0	
G	11f0524	304.82	0	0	
G	1e664b4	304.82	0	0	
G	2356c24	304.91	0	2	
G	182019c	304.92	4	4	
G	182854c	304.92	0	1	
G	1832794	304.92	1	121	
G	1c23e1c	304.92	0	0	
G	20bbee4	304.92	1	2	
G	20bdc40	304.92	0	0	
G	20bdc94	304.92	0	0	
G	20bdcb8	304.92	0	0	
G	20bdfa0	304.92	0	0	
G	20be1f4	304.92	0	0	
G	20be2a8	304.92	1	1	
G	20be308	304.92	0	0	
G	20c3e18	304.92	1	1	
G	21bdbc0	304.92	23	23	
G	23297c4	304.92	91	91	
G	1298658	304.93	0	0	
G	1f8db68	304.93	1	10	
G	1f98cac	304.93	4	159	
G	1fa05c8	304.93	25	155	
G	1fd79ec	304.93	0	0	
G	1fd7a10	304.93	1	1	
G	1fd82bc	304.93	0	0	
G	1fd82e0	304.93	0	0	
G	1fd8b8c	304.93	0	0	
G	1fd8bb0	304.93	0	0	
G	1fd9490	304.93	0	0	
G	1fd94f8	304.93	1	1	
G	1fe71d0	304.93	0	0	
G	1fe74cc	304.93	0	0	
G	1fe76f8	304.93	0	0	
G	1fe7700	304.93	1	1	
G	1fe7db8	304.93	116	309	
G	1fe95b4	304.93	0	0	
G	1fe9af0	304.93	0	0	
G	1fe9af8	304.93	1	1	
G	1fea02c	304.93	88	224	
G	11a252c	304.94	8	8	
G	11ab09c	304.94	0	0	
G	123d870	304.94	8	22	
G	1257344	304.94	19	20	
G	126c808	304.94	0	0	
G	1297bc4	304.94	8	8	
G	1299210	304.94	56	77	
G	1299cb0	304.94	61	560	
G	129a280	304.94	14	33	
G	129a42c	304.94	6	357	
G	129a570	304.94	23	23	
G	17fb0b8	304.94	0	0	
G	1e6b654	304.94	6	16	
G	1e85f58	304.94	7	3468	
G	1fdef6c	304.94	0	0	
G	1fdef74	304.94	8	8	
G	1fdf344	304.94	0	0	
G	1fdf34c	304.94	0	0	
G	2077fec	304.94	10	10	
G	207b648	304.94	23	23	
G	20aa134	304.94	12	12	
G	2347340	304.94	7	3449	
G	234aa1c	304.94	6	537	
G	1f5eb18	304.95	288	748	
G	2077720	304.95	70	70	
G	207b494	304.95	22	22	
G	207ba48	304.95	0	0	
G	207ba4c	304.95	21	21	
G	233b8c4	304.95	33	447	
G	233c1ac	304.95	62	132	
G	233c3b0	304.95	115	348	
G	233cdcc	304.95	80	80	
G	2349fe0	304.95	11	11	
G	234a15c	304.95	6	453	
G	25a2bf0	304.95	238	508	
G	25a31b4	304.95	14	2906	
G	25a3294	304.95	0	0	
G	25a3450	304.95	439	892	
G	1258d88	304.96	0	0	
G	1832b94	305.18	1	129	
G	1833518	305.18	0	1	
G	11c1320	305.33	0	0	
G	1fe75b0	305.45	0	0	
G	1fe75d4	305.45	59	146	
G	119f414	306.30	1	1	
G	119f5a8	306.30	0	0	
G	11c0c00	306.30	0	0	
G	11c0f4c	306.30	1	3	
G	11c55a0	306.30	0	0	
G	11cce38	306.30	0	0	
G	11cce4c	306.30	0	0	
G	11ccef0	306.30	0	0	
G	11ccf0c	306.30	0	0	
G	11d3a0c	306.30	0	0	
G	120b620	306.30	0	0	
G	1210068	306.30	30	31	
G	12356a8	306.30	0	0	
G	12676dc	306.30	0	1	
G	129b778	306.30	0	0	
G	129c1e8	306.30	1	7	
G	12a8e74	306.30	0	1	
G	182ecf8	306.30	0	0	
G	1c23d14	306.30	0	0	
G	1c29cf0	306.30	0	0	
G	1cae2bc	306.30	0	0	
G	1d9a02c	306.30	0	0	
G	1d9a268	306.30	0	0	
G	1d9b5ec	306.30	2	2	
G	1da015c	306.30	0	0	
G	1da4478	306.30	0	0	
G	11cce54	306.31	0	0	
G	11d3d80	306.31	8	80	
G	11d84e4	306.31	21	72	
G	11d86e8	306.31	15	15	
G	1263788	306.31	0	0	
G	12a7b84	306.31	0	0	
G	12a8b18	306.31	2	2	
G	1da0244	306.31	0	0	
G	1df0d78	306.31	3	3	
G	1e665dc	306.31	0	0	
G	1eb6d1c	306.31	0	0	
G	1ebb640	306.31	1	2	
G	1ec2510	306.31	6	15	
G	1ec3bbc	306.31	0	0	
G	1ed1404	306.31	1	2	
G	21c6084	306.31	0	0	
G	119edd8	306.32	0	9	
G	119ee58	306.32	3	9	
G	119f188	306.32	24	56	
G	11a0094	306.32	0	0	
G	11c3afc	306.32	3	8	
G	11c3ff0	306.32	3	33	
G	126b2c8	306.32	1	1	
G	1292124	306.32	4	4	
G	12ab638	306.32	20	28	
G	1da0634	306.32	0	41	
G	1de98b0	306.32	0	0	
G	1e18954	306.32	0	0	
G	218dbd4	306.32	2	2	
G	21c5f4c	306.32	0	0	
G	21c5f64	306.32	5	13	
G	21c6188	306.32	3	3	
G	1da0744	306.34	2	2	
G	17009d4	306.42	0	0	
G	1700a30	306.42	0	0	
G	1c23988	306.42	0	0	
G	1c23d10	306.42	0	0	
G	1c264cc	306.42	0	0	
G	1c265e0	306.42	0	0	
G	20cc4d4	306.43	2	15	
G	20cc6d8	306.43	0	15	
G	20cfa24	306.43	2	13	
G	20d5628	306.43	0	0	
G	20d5aa4	306.43	0	0	
G	20dbf68	306.43	0	0	
G	20dfb18	306.43	1	2	
G	20e03dc	306.43	0	0	
G	20e0b84	306.43	1	1	
G	20e0dc8	306.43	0	3	
G	20e19a0	306.43	0	0	
G	20e2140	306.43	2	2	
G	20ee3c4	306.44	0	1	
G	20ee514	306.44	1	2	
G	2134434	306.44	0	1	
G	1235674	306.46	0	0	
G	1e18aa8	307.30	0	0	
G	1da09cc	307.31	2	355	
G	1da0c6c	307.31	0	0	
G	1da0c88	307.31	0	0	
G	1da44ec	307.31	0	0	
G	1d97e70	307.32	0	2	
G	1d9cdc4	307.32	1	2	
G	1da462c	307.32	1	334	
G	1da4f6c	307.32	0	1	
G	1da791c	307.32	1	1	
G	11d7a9c	307.34	0	1	
G	1d9bf3c	307.34	0	6	
G	1da52e8	307.34	0	1	
G	1da57c8	307.34	1	1	
G	1da6f3c	307.34	0	0	
G	1df4644	307.34	0	0	
G	1df620c	307.34	0	0	
G	1df6c88	307.34	0	1	
G	1dfb750	307.34	0	0	
G	1e18b44	307.34	1	2	
G	1ec4608	307.34	0	0	
G	17eca0c	307.35	1	1	
G	17f1a9c	307.35	0	0	
G	17f1b04	307.35	0	0	
G	1aaa3fc	307.35	0	6	
G	1aaa44c	307.35	1	6	
G	1bf70c0	307.35	1	1	
G	1da0f04	307.35	4	4	
G	1da5068	307.35	0	1	
G	1df382c	307.35	2	17	
G	1eabab4	307.35	2	5	
G	1eae7a0	307.35	6	192	
G	1eb0b3c	307.35	0	0	
G	1eb1008	307.35	0	2	
G	1eb121c	307.35	1	1	
G	1eb1394	307.35	1	4	
G	1eb15a8	307.35	0	3	
G	1eb1ae0	307.35	0	1	
G	1eb1d80	307.35	0	0	
G	1e78b30	307.36	0	0	
G	1eb0e6c	307.36	0	24	
G	1eb1718	307.36	0	9	
G	1eb19c8	307.36	0	1	
G	1eb1f1c	307.36	3	3	
G	1eb2254	307.36	0	0	
G	1eb2600	307.36	1	19	
G	1eb28c4	307.36	0	0	
G	1eb2aac	307.36	0	8	
G	1eb3054	307.36	1	1	
G	18367e8	307.49	0	0	
G	1fab4cc	309.23	0	0	
G	1fb9e10	309.23	0	0	
G	1ea9818	311.84	1	2	
G	1da6d58	311.92	0	2	
G	1e114f8	311.92	0	0	
G	1da0c90	312.72	0	0	
G	1da6af8	312.72	0	0	
G	1e112c8	312.72	0	0	
G	1da106c	312.73	1	2	
G	1da50a4	312.73	1	1	
G	1da5280	312.73	0	0	
G	1df3f64	312.73	0	0	
G	11d7b4c	312.78	0	0	
G	11d7bfc	314.91	1	2	
G	1da3410	314.91	1	1	
G	1da5998	314.91	2	3	
G	1da5d5c	314.91	0	0	
G	1da5d64	314.91	0	0	
G	1da6c28	322.98	0	0	
G	11d7d64	323.03	0	0	
G	1da32c0	323.03	0	1	
G	11d7e48	332.91	0	0	
G	1da5288	333.25	0	0	
G	1d9b95c	333.27	0	0	
G	1da13a8	333.27	0	0	
G	11a4cd8	333.29	2	431	
G	11a5334	333.29	0	0	
G	11ad2c8	333.29	0	334	
G	11ccf14	333.29	0	4	
G	17fce90	333.29	0	4	
G	17fde40	333.29	1	1696	
G	183acbc	333.29	0	0	
G	183adc4	333.29	0	0	
G	183b0b0	333.29	0	0	
G	183f060	333.29	0	0	
G	183f07c	333.29	0	0	
G	1d9a108	333.29	0	0	
G	1da1f5c	333.29	1	5	
G	1da44d8	333.29	0	0	
G	11a53d8	333.30	2	7	
G	11b796c	333.30	5	5	
G	11ef9dc	333.30	5	5	
G	11f0470	333.30	5	5	
G	11f0a7c	333.30	8	8	
G	11f0aa8	333.30	4	4	
G	11f0ad4	333.30	6	6	
G	12497a4	333.30	17	18	
G	12498d0	333.30	7	7	
G	12499b8	333.30	12	12	
G	124a018	333.30	5	5	
G	124a158	333.30	4	4	
G	124a344	333.30	10	10	
G	124a520	333.30	23	44	
G	124a660	333.30	750	937	
G	126c834	333.30	0	0	
G	1298cc0	333.30	27	27	
G	1298f68	333.30	32	32	
G	129e70c	333.30	6	16	
G	129ea58	333.30	5	7	
G	129f204	333.30	4	5	
G	12be424	333.30	4	15	
G	12be448	333.30	10	11	
G	12be664	333.30	2	2	
G	1190670	333.31	0	0	
G	11907a0	333.31	0	0	
G	11908a0	333.31	0	0	
G	119457c	333.31	4	10	
G	119bff8	333.31	0	0	
G	119c190	333.31	1	1	
G	119e218	333.31	0	1	
G	119ffd8	333.31	0	0	
G	11c10f4	333.31	0	0	
G	11d3424	333.31	3	3	
G	11ef93c	333.31	0	0	
G	11f0494	333.31	0	0	
G	11f0570	333.31	4	6	
G	1210170	333.31	3	3	
G	124d688	333.31	5	7	
G	124d824	333.31	13	17	
G	124f7fc	333.31	5	5	
G	126273c	333.31	3	3	
G	12667a0	333.31	3	4	
G	128ca30	333.31	16	66	
G	128cf10	333.31	4	18	
G	1292c58	333.31	13	60	
G	1292dd8	333.31	7	9	
G	1292ea4	333.31	13	29	
G	129f180	333.31	12	21	
G	13021e4	333.31	0	0	
G	1842af0	333.31	5	5	
G	119c008	333.32	0	3	
G	119c238	333.32	0	0	
G	119c314	333.32	1	1	
G	119c34c	333.32	0	0	
G	119d8a8	333.32	0	0	
G	119db30	333.32	0	5	
G	123fad4	333.32	0	0	
G	123fb30	333.32	2	4	
G	128d124	333.32	0	0	
G	128ffec	333.32	3	5	
G	1290578	333.32	0	1	
G	13b763c	333.32	0	1	
G	119c170	333.33	0	0	
G	119c180	333.33	0	0	
G	119d8b0	333.33	0	0	
G	123d6fc	333.33	2	2	
G	128d4e8	333.34	15	23	
G	128d820	333.34	16	41	
G	1e8929c	333.34	0	0	
G	123d9f0	333.36	0	0	
G	1237dec	333.37	5	5	
G	11a4b30	333.46	3	4	
G	11a4fc0	333.46	5	6	
G	11a95e8	333.46	0	0	
G	11a96b8	333.46	0	0	
G	11ad364	333.46	6	1377	
G	11d9818	333.46	0	0	
G	124d950	333.46	0	0	
G	12574ac	333.46	0	0	
G	12589d4	333.46	6	867	
G	1263fb0	333.46	2	63	
G	132888c	333.46	0	0	
G	1e97c18	333.46	0	0	
G	1f38c08	333.46	1	1	
G	1f68564	333.46	0	0	
G	1f69d60	333.46	170	188	
G	1f72808	333.46	4	15	
G	1f7332c	333.46	11	11	
G	20358dc	333.46	0	0	
G	204b200	333.46	0	0	
G	204baa0	333.46	48	48	
G	204d290	333.46	0	0	
G	2052fac	333.46	0	0	
G	2053578	333.46	0	0	
G	20537dc	333.46	39	53	
G	2063d18	333.46	0	0	
G	2063d3c	333.46	22	41	
G	1f692dc	333.47	16	16	
G	1f73a04	333.47	1	1	
G	1f7b2d4	333.47	13	13	
G	204b708	333.47	1	1	
G	204e3dc	333.47	0	0	
G	204e948	333.47	0	0	
G	204ed3c	333.47	22	28	
G	12914b0	333.49	4	4	
G	212fb90	333.57	2	2	
G	2130464	333.57	1	1	
G	21b6a98	333.57	0	0	
G	21b6abc	333.57	0	0	
G	18307d0	333.66	0	0	
G	183097c	333.66	0	0	
G	183c2f0	333.66	0	0	
G	1f685c0	333.79	1	1	
G	18350c4	333.91	1	3	
G	119cbf0	333.96	0	0	
G	119ddf8	333.96	0	1	
G	1238f80	333.96	0	0	
G	124fd50	333.96	1	1	
G	125724c	333.96	0	0	
G	128d110	333.96	0	0	
G	1298c30	333.96	0	0	
G	182ed10	333.96	2	2	
G	1834f54	333.96	0	0	
G	1835528	333.96	0	8	
G	13b77dc	333.97	0	4	
G	11a2478	333.98	1	1	
G	11a44d8	333.98	1	1	
G	11a45b8	333.98	0	0	
G	11a94c8	333.98	0	4	
G	11aa758	333.98	0	0	
G	11aa7bc	333.98	0	3	
G	11aaae4	333.98	2	2	
G	11aab10	333.98	1	50	
G	11ab038	333.98	0	0	
G	11ab4c4	333.98	0	0	
G	11d5b30	333.98	0	0	
G	123fbc8	333.98	0	0	
G	123fc5c	333.98	1	6	
G	12402c8	333.98	1	4	
G	1240434	333.98	1	3	
G	12575f8	333.98	0	0	
G	1261b74	333.98	1	2	
G	126574c	333.98	0	0	
G	12666e4	333.98	0	0	
G	1291ce8	333.98	0	0	
G	12666f4	333.99	1	1	
G	129af38	333.99	0	0	
G	14b6c24	333.99	0	0	
G	1e89394	333.99	0	0	
G	1ec46f8	334.18	0	1	
G	1eccea4	334.18	1	1	
G	124ffbc	334.27	2	4	
G	1250574	334.27	0	0	
G	1269f78	334.27	0	0	
G	182b054	334.27	0	0	
G	182b438	334.27	1	1	
G	182b440	334.27	0	0	
G	182b448	334.27	0	0	
G	11a41b4	334.40	0	0	
G	124fb5c	334.40	0	0	
G	12668d4	334.40	0	0	
G	12908b0	334.40	1	1	
G	12e80ac	334.40	1	2	
G	1291ad0	334.41	0	0	
G	11aac74	334.43	1	6	
G	11abc3c	334.45	0	33	
G	11f0568	334.45	0	0	
G	11f0680	334.45	0	0	
G	125450c	334.45	0	0	
G	1265718	334.45	0	0	
G	1291db8	334.45	0	0	
G	1e5c224	334.45	0	0	
G	1e5dee0	334.45	0	1	
G	1e7dd14	334.45	0	33	
G	1e7de68	334.45	0	0	
G	2194cf8	334.45	0	0	
G	2194d98	334.45	2	2	
G	219d2d8	334.45	0	0	
G	1236fc0	334.46	1	1	
G	123d988	334.46	0	1	
G	125f2cc	334.46	0	0	
G	1262874	334.46	0	0	
G	126879c	334.46	2	2	
G	128de50	334.46	5	33	
G	13291f0	334.46	2	16	
G	11ac314	334.47	0	2	
G	1258218	334.47	0	2	
G	1263a00	334.47	0	15	
G	1263ba4	334.47	1	1	
G	12e62f8	334.47	0	4	
G	12e65d0	334.47	2	3	
G	12e72e8	334.47	3	14	
G	130f870	334.47	0	1	
G	1e6a618	334.47	0	0	
G	1f38cc4	334.47	0	0	
G	1fdf5d4	334.47	0	0	
G	1fdf5e0	334.47	1	1	
G	1fe0774	334.47	0	0	
G	1fe0780	334.47	0	0	
G	1fe1044	334.47	0	0	
G	1fe1068	334.47	1	1	
G	1fdcdc8	334.48	1	90	
G	1fdcf90	334.48	1	1	
G	1fdcfb4	334.48	0	0	
G	2071948	334.48	8	8	
G	2071bec	334.48	15	46	
G	2072498	334.48	0	0	
G	20724a0	334.48	0	0	
G	12921a4	334.64	0	0	
G	12c3898	334.64	0	2	
G	12c4858	334.64	1	2	
G	12c4a34	334.64	0	0	
G	12c6058	334.64	0	0	
G	12c6e24	334.64	0	0	
G	12c7114	334.64	0	0	
G	12c7120	334.64	0	0	
G	132a7e4	334.64	0	0	
G	132a864	334.64	0	63	
G	15f8948	334.64	0	0	
G	16f5638	334.64	0	0	
G	1258868	334.69	0	4	
G	1f3a94c	334.87	0	0	
G	1f57a50	334.87	5	7	
G	2132c94	334.87	3	3	
G	2132d2c	334.87	34	51	
G	2133410	334.87	10	10	
G	21b7044	334.87	15	61	
G	21b77cc	334.87	0	25	
G	11d5ac4	334.88	0	0	
G	125214c	334.88	0	2	
G	1f3a868	334.88	1	1	
G	11a270c	334.89	0	0	
G	11d5afc	334.89	1	1	
G	11de080	334.89	0	0	
G	11e18fc	334.89	1	2	
G	11e58d8	334.89	0	0	
G	12894f8	334.89	0	0	
G	1289514	334.89	0	0	
G	130f6b8	334.89	0	1	
G	1828204	334.89	1	1	
G	11a5a30	334.90	0	0	
G	11a98c4	334.90	0	1	
G	11a99b8	334.90	0	1	
G	11c14cc	334.90	0	1	
G	11de2dc	334.90	1	3	
G	11de560	334.90	1	1	
G	11deb1c	334.90	1	79	
G	11df8d0	334.90	4	49	
G	11dfc18	334.90	0	0	
G	11e0400	334.90	3	6	
G	11e0c84	334.90	1	1	
G	11e5a08	334.90	2	3	
G	11ef8a4	334.90	0	0	
G	1252494	334.90	1	1	
G	1257974	334.90	0	4	
G	1257f10	334.90	2	2	
G	1258134	334.90	1	1	
G	1259178	334.90	2	6	
G	1259370	334.90	0	0	
G	125949c	334.90	2	40	
G	125a43c	334.90	1	1	
G	125c74c	334.90	0	0	
G	1272218	334.90	1	50	
G	12727d0	334.90	0	0	
G	12727d8	334.90	0	0	
G	1272814	334.90	0	0	
G	132796c	334.90	2	3	
G	1328338	334.90	0	0	
G	132849c	334.90	0	0	
G	132860c	334.90	0	0	
G	13b6664	334.90	0	0	
G	13b6674	334.90	1	1	
G	16be9f4	334.90	0	0	
G	1e8a670	334.90	0	0	
G	1e9ee48	334.90	0	0	
G	207ecac	334.90	1	41	
G	2090044	334.90	4	16	
G	20902e4	334.90	4	10	
G	11f044c	334.91	0	0	
G	125465c	334.91	0	0	
G	12655b8	334.91	1	1	
G	1302764	334.91	0	0	
G	11a23c4	334.94	0	0	
G	11a25e0	334.94	0	0	
G	11d9810	334.94	0	0	
G	13b8e54	334.94	1	313	
G	13b9d4c	334.94	0	0	
G	126c820	334.95	0	0	
G	1e8a1ec	334.95	1	1	
G	11a47f0	334.97	0	0	
G	11ef574	334.97	0	0	
G	11f0be8	334.97	0	0	
G	11f0c00	334.97	0	0	
G	125c2dc	334.97	1	1	
G	16bebb0	334.97	0	0	
G	16bec14	334.97	0	0	
G	16bec78	334.97	0	0	
G	1820aac	334.97	4	11	
G	119f7bc	334.98	0	0	
G	11f0b28	334.98	0	0	
G	1257ee4	334.98	0	0	
G	125c7cc	334.98	1	1	
G	125cc18	334.98	0	0	
G	1272d78	334.98	0	0	
G	13b6768	334.98	1	2	
G	13b6838	334.98	0	0	
G	1fc7354	334.98	0	0	
G	1fc781c	334.98	0	0	
G	1fc7944	334.98	4	4	
G	1fd9784	334.98	0	0	
G	1fd97a8	334.98	14	18	
G	23c09a8	334.98	26	43	
G	23c1b44	334.98	9	16	
G	23c1be4	334.98	0	0	
G	11d67e8	334.99	2	7	
G	11d68e4	334.99	5	5	
G	1ec468c	334.99	1	1	
G	1f589e8	334.99	8	20	
G	2032fb8	334.99	0	0	
G	2033ec4	334.99	0	0	
G	2034218	334.99	0	0	
G	203446c	334.99	0	0	
G	20345e8	334.99	1	1	
G	20346d8	334.99	1	2	
G	2048934	334.99	0	0	
G	2048984	334.99	0	42	
G	204d304	334.99	0	0	
G	2051e98	334.99	0	0	
G	2051ee8	334.99	0	0	
G	206735c	334.99	5	36	
G	2067630	334.99	0	0	
G	2067654	334.99	3	3	
G	206b800	334.99	0	0	
G	206b824	334.99	2	2	
G	23c19a8	334.99	9	10	
G	23c1c10	334.99	31	60	
G	23c3adc	334.99	14	14	
G	23c5b18	334.99	162	412	
G	23c5f14	334.99	7	7	
G	123e1ac	335.00	0	0	
G	123fabc	335.00	0	0	
G	124555c	335.00	0	0	
G	12455a4	335.00	0	0	
G	1245780	335.00	0	0	
G	1245830	335.00	0	0	
G	129237c	335.00	0	0	
G	13b88e8	335.00	1	1	
G	1f59a08	335.00	1	1	
G	21a2794	335.00	1	1	
G	21a27bc	335.00	17	17	
G	21a4490	335.00	16	16	
G	23c4dcc	335.00	2	2	
G	23c50bc	335.00	3	4	
G	23c570c	335.00	2	9	
G	23c5988	335.00	6	6	
G	23c6118	335.00	22	173	
G	23c6380	335.00	24	77	
G	23c6dc4	335.00	12	12	
G	23c7578	335.00	7	7	
G	23c7a44	335.00	0	0	
G	236c624	335.02	50	51	
G	236ce5c	335.02	1	1	
G	23c7c28	335.02	2	4	
G	128f63c	335.03	0	2	
G	12987e0	335.03	1	1	
G	12988f0	335.03	0	0	
G	12988f8	335.03	0	0	
G	236bad8	335.04	3	48	
G	1838ce0	335.08	0	0	
G	1838cfc	335.08	0	0	
G	125cdd0	335.09	0	0	
G	1273060	335.09	0	0	
G	1244b78	335.10	0	0	
G	13b84e4	335.10	0	0	
G	1244bc4	335.11	0	0	
G	125de18	335.11	0	0	
G	1291efc	335.11	0	0	
G	128e69c	335.12	0	3	
G	129869c	335.12	0	0	
G	11de420	335.14	0	0	
G	11de494	335.14	0	0	
G	11e62d4	335.14	0	0	
G	125f314	335.14	0	0	
G	1266794	335.14	0	0	
G	12ab584	335.14	0	0	
G	183f084	335.14	0	0	
G	1838d04	335.17	0	0	
G	11dfe88	335.73	0	0	
G	11e0174	335.73	1	22	
G	11e1a54	335.73	0	0	
G	11e5b20	335.73	3	3	
G	207e55c	335.73	0	21	
G	2089bf8	335.73	3	14	
G	2089f90	335.73	6	11	
G	2331238	335.73	1	4	
G	2331788	335.73	0	3	
G	2331c64	335.73	0	5	
G	2331d94	335.73	1	1	
G	2333a3c	335.73	3	3	
G	123d514	335.76	0	0	
G	12457a0	335.76	0	0	
G	119d0e8	335.85	0	0	
G	119e0b8	335.85	0	1	
G	128951c	335.85	0	0	
G	13b7bf0	335.85	1	1	
G	11aad2c	335.86	0	0	
G	11ab9b4	335.86	0	0	
G	11aced8	335.86	0	0	
G	11d5b44	335.86	0	0	
G	11e1df4	335.86	1	1	
G	12401ac	335.86	1	2	
G	12402b0	335.86	0	2	
G	1240ba8	335.86	0	4	
G	12410dc	335.86	9	125	
G	12425a4	335.86	0	0	
G	1245790	335.86	0	0	
G	1263e70	335.86	1	1	
G	13b7914	335.86	0	5	
G	1e7c524	335.86	1	25	
G	1e7dfe0	335.86	0	0	
G	26a9040	335.86	0	0	
G	11a43c8	335.87	2	13	
G	11aa5d0	335.87	1	1	
G	11e62d8	335.87	0	0	
G	17f9344	335.87	0	24	
G	1e7bb20	335.87	0	0	
G	1e96c9c	335.87	17	24	
G	11d5b10	335.91	0	0	
G	1828324	335.91	1	54	
G	11ac3c8	335.92	0	0	
G	11d32bc	335.92	0	0	
G	11d4868	335.92	0	0	
G	11f0558	335.92	0	0	
G	11f0670	335.92	0	0	
G	123ffa0	335.92	0	0	
G	1265498	335.92	0	1	
G	12656dc	335.92	0	0	
G	1291e4c	335.92	0	0	
G	129ec10	335.92	0	0	
G	12ab24c	335.92	0	0	
G	1829f10	335.92	0	0	
G	182f1cc	335.92	0	0	
G	183d7e0	335.92	1	1	
G	1840398	335.92	0	0	
G	18403b4	335.92	0	0	
G	18369e4	335.93	0	0	
G	1836a00	335.93	0	0	
G	20687d8	335.93	1	5	
G	2068a4c	335.93	0	0	
G	2068a70	335.93	0	0	
G	2069d90	335.93	0	0	
G	2069d9c	335.93	1	1	
G	206af30	335.93	0	0	
G	206af3c	335.93	2	2	
G	11a4744	335.94	0	0	
G	11a4968	335.94	1	1	
G	11a4a18	335.94	0	55	
G	1236b04	335.94	1	1	
G	1237e58	335.94	0	0	
G	1237e68	335.94	0	1	
G	132ab78	335.94	0	0	
G	1e5cc60	335.94	0	0	
G	1e5ce70	335.94	0	0	
G	1e5f8e8	335.94	0	0	
G	1e5f980	335.94	0	0	
G	1e620f4	335.94	0	0	
G	2063864	335.94	0	0	
G	2063888	335.94	1	1	
G	206a660	335.94	0	0	
G	206a66c	335.94	1	1	
G	11ad768	335.95	0	0	
G	11ad770	335.95	0	1	
G	1238f78	335.95	0	0	
G	1e98020	335.95	0	1	
G	1e9a6e4	335.95	1	6	
G	11a3dd4	336.04	1	12	
G	11a9cf0	336.04	0	0	
G	11a9e78	336.04	1	1	
G	11aa240	336.04	0	0	
G	11aad14	336.04	0	0	
G	11aaef4	336.04	0	0	
G	11ab014	336.04	0	0	
G	11ab970	336.04	1	1	
G	11abb00	336.04	0	17	
G	1e5b0f8	336.04	0	0	
G	1e5b150	336.04	0	6	
G	1e5e390	336.04	0	4	
G	1e5f3d8	336.04	0	0	
G	1e5f460	336.04	0	0	
G	1e614ac	336.04	0	3	
G	1e65bc0	336.04	1	2	
G	1e6950c	336.04	0	0	
G	1e6a420	336.04	0	20	
G	1e7b5b4	336.04	0	0	
G	1e7bab0	336.04	0	0	
G	1e7baec	336.04	0	0	
G	1e7c104	336.04	0	0	
G	1e7c184	336.04	1	12	
G	1e7c7d4	336.04	1	11	
G	1e7d57c	336.04	0	0	
G	1e9c6c8	336.04	0	3	
G	1e9cc64	336.04	0	0	
G	1e9cee0	336.04	0	1	
G	1f9c410	336.04	0	3	
G	1f9c4e4	336.04	0	3	
G	1fbbcb8	336.04	0	0	
G	1fbcec4	336.04	0	0	
G	1fc0b38	336.04	0	0	
G	1fc86b0	336.04	0	0	
G	1fcb000	336.04	0	0	
G	20723e8	336.04	0	0	
G	20c198c	336.05	0	15	
G	20c2350	336.05	0	37	
G	217f1bc	336.06	2	2	
G	217f26c	336.06	117	117	
G	125ccf4	336.09	0	0	
G	1272eec	336.09	0	0	
G	123db30	336.11	0	0	
G	1244d20	336.11	0	0	
G	1244d6c	336.11	0	2	
G	1291fa8	336.11	2	2	
G	13b861c	336.11	0	1	
G	128e88c	336.12	3	24	
G	129203c	336.12	0	0	
G	129868c	336.12	0	0	
G	12986bc	336.12	0	0	
G	12987c8	336.12	0	0	
G	119c5c4	336.17	1	5	
G	119c83c	336.19	5	6	
G	119c9dc	336.19	0	0	
G	12589b0	336.24	1	1	
G	1e5d864	336.33	0	0	
G	1e5fd20	336.33	0	0	
G	203ffd8	336.41	0	0	
G	12627d4	337.12	0	0	
G	1291ee4	337.12	1	1	
G	128fdf8	337.36	0	1	
G	1836a08	337.91	0	0	
G	11d5b20	338.57	0	0	
G	1240968	338.57	0	1	
G	1240b90	338.57	0	1	
G	125635c	338.57	0	0	
G	1261f68	338.57	0	0	
G	12639a4	338.57	0	0	
G	1828458	338.57	0	1	
G	1ec4514	338.57	0	1	
G	1ecc0d0	338.57	1	1	
G	2032f84	338.57	0	0	
G	203fa60	338.57	0	0	
G	204b058	338.57	0	0	
G	204ccfc	338.57	0	0	
G	204fa1c	338.57	0	0	
G	2195384	338.57	0	0	
G	21986a4	338.57	0	0	
G	1f7f69c	338.58	0	0	
G	2194d28	338.58	0	0	
G	219516c	338.58	0	4	
G	2197484	338.58	0	0	
G	2198cf4	338.58	0	0	
G	2198e80	338.58	0	0	
G	21a1428	338.58	0	1	
G	21a162c	338.58	0	0	
G	21a1904	338.58	0	0	
G	21a4cd4	338.58	1	3	
G	21a4f4c	338.58	0	0	
G	21a4fb0	338.58	0	0	
G	236acd0	338.58	0	1	
G	23c0398	338.58	0	0	
G	23c8700	338.58	0	0	
G	23c88dc	338.58	0	0	
G	23c8918	338.58	0	0	
G	23d0a18	338.58	0	1	
G	23d0a98	338.58	0	3	
G	11f0acc	339.07	0	0	
G	12457b8	339.07	0	0	
G	18403bc	339.57	1	1	
G	1291b90	341.51	0	0	
G	1fc6554	341.55	1	1	
G	1fdd828	341.55	1	3	
G	1fdd9f0	341.55	0	0	
G	1fdda14	341.55	0	0	
G	1fdfea4	341.55	0	0	
G	1fdfeb0	341.55	0	0	
G	213444c	342.40	0	0	
G	1fdd0d8	342.47	0	0	
G	1fdd0e0	342.47	0	0	
G	1239d7c	342.96	0	0	
G	123a028	342.96	0	0	
G	123a03c	342.96	0	4	
G	123a440	342.96	0	0	
G	123b5cc	342.96	0	0	
G	123b648	342.96	0	1	
G	123b6ec	342.96	1	1	
G	1245860	342.96	0	0	
G	1245aa8	342.96	0	15	
G	12e6424	342.96	1	17	
G	12e8244	342.96	1	1	
G	12e8558	342.96	0	0	
G	1e890b4	342.96	0	1	
G	1e890f4	342.96	1	1	
G	11e4a44	342.98	0	0	
G	1238f7c	342.98	0	0	
G	1239a14	342.98	0	0	
G	123a4d8	342.98	1	10	
G	123ad08	342.98	0	0	
G	123ae1c	342.98	0	0	
G	1245bbc	342.98	0	0	
G	1246624	342.98	0	5	
G	1246c8c	342.98	0	0	
G	1246cfc	342.98	1	32	
G	1247138	342.98	0	0	
G	1247258	342.98	0	0	
G	12473b4	342.98	1	33	
G	1298590	342.98	1	1	
G	12985ec	342.98	0	0	
G	1e5f69c	342.98	1	1	
G	123aae4	342.99	0	0	
G	12473f4	342.99	0	0	
G	1e7e440	342.99	0	0	
G	1e7686c	343.06	0	0	
G	182f00c	343.11	0	0	
G	1239e10	343.37	0	1	
G	1239e48	343.37	1	1	
G	123b598	343.37	0	0	
G	12459a8	343.37	0	1	
G	2049a88	344.15	0	0	
G	2049acc	344.15	0	0	
G	2049778	344.16	0	0	
G	2049db0	344.16	1	1	
G	1ec4624	344.20	0	0	
G	1ec465c	344.20	0	0	
G	206bfc0	344.20	0	0	
G	206bfe4	344.20	1	1	
G	20498a8	344.21	0	0	
G	2049c44	344.21	0	3	
G	204a000	344.21	1	2	
G	204b634	344.21	0	0	
G	20640f8	344.21	0	0	
G	206411c	344.21	1	1	
G	2196900	344.21	2	2	
G	24b43a0	344.21	21	23	
G	24b545c	344.21	3	6	
G	24b5558	344.21	0	0	
G	24bb118	344.21	47	193	
G	24bb514	344.21	4	4	
G	24bb718	344.21	13	81	
G	24b5584	344.50	32	58	
G	24b849c	344.50	8	8	
G	24b9798	344.50	7	7	
G	24b9f74	344.51	0	0	
G	24ba264	344.51	7	7	
G	24baa98	344.51	3	4	
G	24baf88	344.51	1	1	
G	24bb980	344.51	25	46	
G	24bbf2c	344.51	6	6	
G	24bc6e0	344.51	3	3	
G	24bcbac	344.51	1	1	
G	24bd2c0	344.51	1	1	
G	24bcd9c	344.53	0	3	
G	2049f10	344.75	1	1	
G	20367d0	344.80	0	0	
G	2036894	344.80	0	0	
G	2048514	344.80	0	0	
G	204e234	344.80	0	0	
G	2051744	344.80	0	0	
G	2052c58	344.80	0	0	
G	2032dac	345.10	0	0	
G	204b69c	345.42	0	0	
G	119c390	345.74	0	0	
G	119c4e8	345.74	0	0	
G	119dca4	345.74	0	0	
G	123f3b4	345.76	0	0	
G	13b749c	345.76	0	1	
G	1297f90	345.77	0	0	
G	2049d74	347.00	0	0	
G	24b3ce0	347.01	0	0	
G	24bdc18	347.01	0	0	
G	24bddf4	347.01	0	0	
G	11d3278	347.42	0	0	
G	123f420	347.42	1	2	
G	1290754	347.42	1	1	
G	123f39c	347.44	0	0	
G	21d25a4	354.30	0	3	
G	21d2bcc	354.30	0	0	
G	21d4450	354.30	3	3	
G	2357bb0	354.30	1	1	
G	1245774	362.18	0	0	
G	124d9e8	363.82	0	0	
G	126bcf4	363.83	0	0	
G	11f0a44	363.89	0	0	
G	1f75090	387.18	1	1	
G	1f7ca5c	387.18	0	0	
G	223bf34	387.18	0	0	
G	125c97c	391.63	0	0	
G	1272ac0	391.63	0	0	
G	132850c	391.63	1	1	
G	119fb68	391.64	0	0	
G	11c1248	391.64	0	0	
G	11c2308	391.64	0	0	
G	11f0b20	391.64	0	0	
G	11ff450	391.64	0	0	
G	12105cc	391.64	0	0	
G	1236ab8	391.64	1	1	
G	1244ed8	391.64	0	3	
G	1254c40	391.64	1	1	
G	1255490	391.64	0	0	
G	1256fe0	391.64	0	1	
G	125d2ec	391.64	1	3	
G	12aaa6c	391.64	1	1	
G	13b8754	391.64	0	3	
G	16bf214	391.64	0	0	
G	1e6aee0	391.64	0	0	
G	1244f70	391.65	0	14	
G	124e7f8	391.65	0	0	
G	12644d0	391.65	0	0	
G	1292064	391.65	0	0	
G	12be058	391.65	1	1	
G	204af2c	391.65	0	0	
G	23d080c	391.70	4	4	
G	128d27c	391.98	0	0	
G	128d2a0	391.98	0	0	
G	11e157c	392.00	0	1	
G	11e3c10	392.00	1	1	
G	11e3d20	392.00	0	0	
G	1236940	392.00	0	2	
G	11c35f8	421.86	0	1	
G	1255428	421.86	0	0	
G	128d2a8	421.86	0	0	
G	12aa134	421.86	0	1	
G	11c12d8	421.87	0	0	
G	11d3334	421.87	0	0	
G	16bdec0	421.87	0	0	
G	11c11ac	421.89	0	0	
G	11a54ac	424.36	0	0	
G	11c56b0	424.36	0	0	
G	11cd040	424.36	0	0	
G	11cd05c	424.36	0	0	
G	129f2b0	424.36	1	1	
G	18200ec	424.36	1	1	
G	1829d9c	424.36	0	0	
G	182a64c	424.36	0	1	
G	183b894	424.36	0	1	
G	183c1b4	424.36	0	0	
G	183f32c	424.36	0	0	
G	183f45c	424.36	0	0	
G	1df6c50	424.36	0	0	
G	1dfb718	424.36	0	0	
G	1dfb778	424.36	0	0	
G	1829984	424.37	0	0	
G	1f7cb74	425.12	0	0	
G	223bf44	425.12	0	0	
G	1f73a00	425.91	0	0	
G	11cd064	426.53	0	1	
G	183f49c	426.53	0	0	
G	11a4734	426.54	0	0	
G	17fc9c4	426.54	0	2	
G	1e98c54	426.54	0	0	
G	11a2884	427.55	0	0	
G	11e1be0	427.55	0	0	
G	1300b94	427.55	0	0	
G	17fca90	427.55	0	1	
G	1e97fd8	427.55	0	0	
G	1e98064	427.55	0	0	
G	1e9a804	427.55	0	0	
G	1e9ada8	427.55	0	0	
G	11d321c	427.57	0	0	
G	182e70c	427.57	0	0	
G	119b300	427.58	0	0	
G	11a3854	427.58	0	2	
G	11fe4c0	427.58	0	1	
G	11fe508	427.58	1	1	
G	1254908	427.58	0	7	
G	1255230	427.58	0	0	
G	12a3114	427.58	1	20	
G	120b568	427.59	0	0	
G	1238230	427.59	0	0	
G	1238278	427.59	0	0	
G	123888c	427.59	0	4	
G	123bee8	427.59	1	1	
G	123ddf8	427.59	0	0	
G	12457d0	427.59	0	0	
G	1256220	427.59	0	0	
G	128946c	427.59	0	0	
G	12894c0	427.59	1	1	
G	128d298	427.59	0	0	
G	128d398	427.59	0	0	
G	1292768	427.59	0	0	
G	1e6a4f4	427.59	0	0	
G	123178c	427.60	0	1	
G	12350b4	427.60	0	1	
G	12351fc	427.60	0	0	
G	12971fc	427.60	0	0	
G	129792c	427.60	0	0	
G	233acc0	427.60	0	0	
G	11d308c	427.62	1	1	
G	1ec42bc	427.62	0	0	
G	1ec6698	427.62	0	0	
G	21441d8	427.62	0	0	
G	1e939f8	427.63	1	2	
G	1e93b24	427.63	0	0	
G	1e94110	427.63	0	0	
G	1e94234	427.63	0	0	
G	1f49fe4	427.74	0	0	
G	11e15a0	427.78	0	1	
G	11e2450	427.78	0	1	
G	11e61bc	427.78	1	1	
G	1e5e448	427.78	0	0	
G	209d7cc	427.78	0	0	
G	1e69548	427.79	0	3	
G	1e7b298	427.81	1	2	
G	209db3c	427.81	0	0	
G	20a8838	427.81	0	0	
G	21d5364	427.81	0	0	
G	234bd7c	427.81	0	0	
G	20cc244	427.87	0	0	
G	20e90cc	427.87	0	0	
G	20f2390	427.87	0	0	
G	213c170	427.87	0	0	
G	213c2c4	427.87	0	0	
G	213c2dc	427.87	0	0	
G	213e0a8	427.87	0	0	
G	214f56c	427.87	0	0	
G	2191dac	427.87	0	0	
G	21d2df4	427.87	0	0	
G	21d2f88	427.87	1	1	
G	233b790	427.87	0	0	
G	1235de0	427.88	0	0	
G	123bb30	427.88	1	1	
G	123db5c	427.88	0	0	
G	126c374	427.88	0	2	
G	126c7ec	427.88	1	4	
G	126faf4	427.88	0	0	
G	126fce0	427.88	1	1	
G	1271d50	427.88	0	1	
G	1271d98	427.88	0	0	
G	1271e28	427.88	0	0	
G	1271e78	427.88	0	0	
G	1271ec8	427.88	0	0	
G	20e2c48	427.88	0	0	
G	2131bf0	427.88	0	0	
G	216e070	427.88	0	0	
G	21b2a88	427.88	0	0	
G	21b2b80	427.88	0	0	
G	21f700c	427.88	0	0	
G	233a42c	427.88	0	0	
G	233bb74	427.88	0	0	
G	2361e20	427.88	0	0	
G	2361ff0	427.88	0	0	
G	1297840	427.89	0	0	
G	129b10c	427.89	0	0	
G	20a9c94	427.89	0	0	
G	2346d60	427.89	0	0	
G	2347030	427.89	0	0	
G	2349fdc	427.89	0	0	
G	1e93b2c	427.91	0	0	
G	1e93c50	427.91	0	0	
G	1e93c58	427.91	0	0	
G	1e93d7c	427.91	0	0	
G	1f1e5b0	427.91	0	0	
G	20aa734	427.91	0	0	
G	23455c8	427.91	0	0	
G	23457f4	427.91	0	0	
G	11c55d0	427.94	0	1	
G	11f0bf8	427.94	1	1	
G	11f0c10	427.94	0	0	
G	125f1dc	427.94	0	1	
G	12a99a0	427.94	0	1	
G	12be3c4	427.94	0	0	
G	128c8ec	428.46	0	0	
G	128fde0	428.46	0	0	
G	1292c40	428.46	0	0	
G	1e110a8	430.18	0	0	
G	11d7efc	430.58	0	2	
G	11d8070	430.58	0	0	
G	11d808c	430.58	0	0	
G	11f04f4	430.58	0	0	
G	1da361c	430.58	1	2	
G	1da700c	430.58	0	0	
G	1da713c	430.58	0	0	
G	11a4f20	430.60	0	0	
G	1262694	430.60	1	1	
G	1e13cc8	430.99	0	0	
G	1aadd54	431.40	0	0	
G	1e14028	431.40	1	1	
G	11c1618	432.21	0	0	
G	11c1a3c	432.21	1	1	
G	11cd168	432.21	0	0	
G	11cd184	432.21	0	0	
G	11cd364	432.21	0	0	
G	11cd380	432.21	0	0	
G	11d5b70	432.21	0	0	
G	11d8094	432.21	0	0	
G	126a068	432.21	0	0	
G	126c34c	432.21	0	0	
G	1293b64	432.21	0	0	
G	129f390	432.21	0	0	
G	12a8448	432.21	1	1	
G	12ab04c	432.21	0	0	
G	12ac044	432.21	0	0	
G	13b6ab4	432.21	0	0	
G	13b9274	432.21	0	0	
G	13b97f8	432.21	0	0	
G	13b9d70	432.21	0	0	
G	13b9d7c	432.21	0	0	
G	14ac910	432.21	0	0	
G	1827ee4	432.21	0	0	
G	182b05c	432.21	0	0	
G	182d694	432.21	1	5	
G	182d6ec	432.21	0	4	
G	182dda0	432.21	0	0	
G	182e1dc	432.21	0	0	
G	182e630	432.21	0	0	
G	183c434	432.21	0	3	
G	183f63c	432.21	0	0	
G	183f76c	432.21	0	0	
G	18416a8	432.21	1	1	
G	1841a2c	432.21	0	1	
G	18430f8	432.21	0	1	
G	1845284	432.21	0	0	
G	18453b4	432.21	0	0	
G	1845fec	432.21	0	1	
G	1846108	432.21	0	0	
G	1d9b60c	432.21	0	0	
G	1da69e4	432.21	0	5	
G	1da717c	432.21	0	5	
G	1df5e2c	432.21	0	0	
G	1dfb764	432.21	0	0	
G	1ec1970	432.21	0	0	
G	11c1c70	432.22	0	0	
G	1da21d0	432.24	0	1	
G	1da22bc	432.24	1	1	
G	1ab1144	432.29	0	0	
G	11cd18c	432.70	0	1	
G	12c0688	432.70	0	0	
G	12c079c	432.70	0	1	
G	12c45d4	432.70	1	1	
G	18453f4	432.70	0	0	
G	1846148	432.70	0	0	
G	11c51ec	432.71	3	22	
G	124e520	432.71	0	0	
G	1267804	432.71	0	0	
G	12c0980	432.71	3	19	
G	182b320	432.71	0	0	
G	1e979c4	432.71	0	0	
G	11c1ec0	432.72	0	0	
G	12c2270	432.72	0	0	
G	1233044	433.08	1	2	
G	1235314	433.08	0	0	
G	129757c	433.08	0	1	
G	1e5e6d4	433.08	0	0	
G	1e6b48c	433.08	0	0	
G	11e5908	433.09	0	0	
G	1257098	433.09	0	0	
G	1266c58	433.09	0	0	
G	126a2e0	433.09	2	2	
G	1e89af8	433.09	0	0	
G	11c1f0c	433.12	0	0	
G	11f04ac	433.12	0	0	
G	12331b8	433.12	0	0	
G	1262910	433.12	0	0	
G	12c1908	433.12	5	5	
G	12c2788	433.12	0	2	
G	13286f8	433.12	0	0	
G	183cce8	433.12	2	2	
G	183fafc	433.12	0	0	
G	183fb18	433.12	0	0	
G	1841d48	433.12	1	1	
G	1841de4	433.12	0	0	
G	1845af4	433.12	0	0	
G	1845b10	433.12	0	0	
G	1dc9744	433.12	0	0	
G	1df5f78	433.12	0	0	
G	12c32ec	433.14	0	0	
G	210e740	433.18	0	0	
G	210e950	433.18	0	0	
G	216d7b8	433.18	0	0	
G	216d7f8	433.18	1	1	
G	2194efc	433.18	0	0	
G	21b5f14	433.18	0	0	
G	21b5f84	433.18	0	0	
G	21b605c	433.18	0	1	
G	21b6238	433.18	0	0	
G	21b6478	433.18	0	0	
G	21b6480	433.18	0	0	
G	21b7fc0	433.18	0	0	
G	21b7fc4	433.18	0	0	
G	11c56e0	433.19	0	0	
G	1f9568c	433.19	0	0	
G	1fa7e88	433.19	0	0	
G	183fb20	433.26	0	0	
G	1293b8c	433.75	0	0	
G	1845b18	433.75	1	1	
G	1d9843c	433.75	1	1	
G	1d985d0	433.75	0	0	
G	1d99c18	433.75	0	1	
G	1da1684	433.75	0	1	
G	1da183c	433.75	0	1	
G	1da2da4	433.75	0	0	
G	1e188b4	433.75	1	1	
G	1dfb7dc	433.76	0	0	
G	1eccb68	433.76	0	0	
G	1293b84	433.77	0	0	
G	1da69a4	433.82	0	0	
G	1e11288	433.82	0	0	
G	1e114b8	433.82	0	0	
G	1da32b8	433.83	0	0	
G	21c61f4	433.83	0	0	
G	11cd388	433.87	0	0	
G	183f7ac	433.87	0	0	
G	1da2b50	433.87	1	1	
G	1da2cb4	433.87	0	1	
G	129861c	434.12	0	0	
G	1263430	434.13	0	0	
G	12c4758	434.13	0	0	
G	12c4774	434.13	0	0	
G	1842e50	434.13	0	0	
G	1844db4	434.13	0	0	
G	1844ee4	434.13	0	0	
G	11a2784	434.77	0	0	
G	12c477c	434.77	0	0	
G	1844f24	434.77	0	1	
G	184514c	434.77	0	0	
G	1845168	434.77	0	0	
G	11c1d80	434.82	0	0	
G	11c1e10	434.82	0	0	
G	11d9800	434.82	0	0	
G	1233198	434.82	0	0	
G	123535c	434.82	0	0	
G	1235914	434.82	1	1	
G	129bb98	434.82	0	0	
G	129bc94	434.82	1	1	
G	12c22f0	434.82	0	1	
G	1fa7b20	434.82	0	0	
G	1fd58c8	434.82	0	0	
G	24be4e8	434.82	7	7	
G	24bf414	434.82	0	0	
G	24bf318	434.83	0	0	
G	24c40a8	434.83	34	150	
G	24c44a4	434.83	4	4	
G	24c46a8	434.83	7	57	
G	1f8e88c	434.84	1	2	
G	1f8ecec	434.84	1	1	
G	1f8eec8	434.84	0	0	
G	1fa8d6c	434.84	0	0	
G	1fabf54	434.84	0	0	
G	1fac140	434.84	0	0	
G	1fd2f68	434.84	0	0	
G	1fd3078	434.84	0	0	
G	1fd5a10	434.84	0	0	
G	1fd5c9c	434.84	1	4	
G	1fd5d60	434.84	0	0	
G	1fe291c	434.84	0	0	
G	1fe2940	434.84	1	2	
G	1fe57bc	434.84	0	0	
G	1fe57e0	434.84	1	1	
G	1fe59a8	434.84	0	0	
G	1fe59cc	434.84	0	0	
G	20ed888	434.84	4	12	
G	2357a2c	434.84	1	1	
G	1845170	435.42	0	0	
G	24bf130	436.01	4	11	
G	24bf440	436.01	21	54	
G	24c1554	436.01	8	8	
G	24c2850	436.01	12	12	
G	24c302c	436.01	2	2	
G	24c331c	436.01	6	6	
G	24c3f18	436.01	1	1	
G	24c4910	436.01	26	41	
G	24c61e8	436.01	1	1	
G	24c4e54	436.02	8	8	
G	24c5608	436.02	4	4	
G	24c5ad4	436.02	0	0	
G	24c5cc4	436.04	1	1	
G	1fa7ee8	436.79	0	0	
G	1fa7f2c	436.79	0	0	
G	2032d74	436.79	0	0	
G	204cea4	436.79	0	0	
G	204d6f8	436.79	6	7	
G	2067ec8	436.79	2	7	
G	2068100	436.79	0	0	
G	2068124	436.79	0	0	
G	206bbe0	436.79	0	0	
G	206bc04	436.79	0	0	
G	2072354	436.79	3	3	
G	210f7cc	436.79	0	0	
G	21b68b8	436.79	0	0	
G	1e768ac	436.80	0	0	
G	1fa7b64	436.80	0	0	
G	1fa7eb0	436.80	0	4	
G	210ec40	436.80	0	0	
G	210ec88	436.81	1	4	
G	210efec	436.81	1	1	
G	212ebf4	436.81	1	1	
G	212ec20	436.81	0	24	
G	212f1fc	436.81	0	0	
G	216daa8	436.81	9	13	
G	217bcb4	436.81	0	0	
G	217bcc8	436.81	2	16	
G	2186960	436.81	12	14	
G	2186eb0	436.81	1	2	
G	21b6488	436.81	0	0	
G	21b65b0	436.81	0	0	
G	21b6640	436.81	0	0	
G	21b675c	436.81	0	0	
G	11df79c	439.09	0	3	
G	11e05f4	439.09	2	2	
G	1e6b8a4	439.09	0	1	
G	20784b0	439.09	0	1	
G	2078534	439.09	1	1	
G	11c1c80	439.11	0	0	
G	11c1cf4	439.11	0	0	
G	11f0af8	439.11	0	0	
G	16beca8	439.11	0	0	
G	183cb98	439.11	0	1	
G	11e1790	440.98	0	0	
G	11defd4	440.99	0	3	
G	11df698	440.99	0	1	
G	11dfbd8	440.99	0	0	
G	11e5944	440.99	0	0	
G	1e6b6b8	440.99	0	1	
G	2078f10	440.99	0	1	
G	2078f94	440.99	1	1	
G	207e8ec	440.99	0	3	
G	208d2c8	440.99	0	2	
G	208d564	440.99	2	2	
G	11e62cc	442.10	0	0	
G	11c1de4	442.82	0	0	
G	12c2774	442.82	0	0	
G	126b2bc	445.25	0	0	
G	11c1c78	445.26	0	0	
G	12c4568	445.26	0	0	
G	12c4584	445.26	0	0	
G	181fca0	445.26	1	1	
G	1829190	445.26	0	0	
G	1836894	445.26	0	0	
G	18368b0	445.26	0	0	
G	183cfb4	445.26	0	3	
G	183fef8	445.26	0	0	
G	1840028	445.26	0	0	
G	1843534	445.26	0	0	
G	1845718	445.26	0	0	
G	1845848	445.26	0	0	
G	18368b8	445.32	0	0	
G	1fa7e4c	445.41	0	0	
G	20435e4	445.41	0	0	
G	2047080	445.41	1	1	
G	210e8a0	445.41	0	0	
G	210e798	445.42	1	1	
G	210f8c4	445.42	0	0	
G	216d7dc	445.42	0	0	
G	21b5f6c	445.42	0	1	
G	24bde30	445.42	0	0	
G	24c6b40	445.42	0	0	
G	24c6bc0	445.42	1	1	
G	11ab094	445.91	0	0	
G	11e1d10	445.91	0	0	
G	120c714	445.91	0	13	
G	120d04c	445.91	0	0	
G	120d6b8	445.91	1	11	
G	120dd18	445.91	0	0	
G	12101d8	445.91	0	10	
G	12331a8	445.91	0	0	
G	1235320	445.91	0	0	
G	1235328	445.91	0	0	
G	1235bbc	445.91	1	1	
G	125d82c	445.91	0	0	
G	1263754	445.91	0	0	
G	1293b80	445.91	0	0	
G	129f4a4	445.91	0	0	
G	12a4e48	445.91	0	0	
G	12bf280	445.91	0	0	
G	12c2488	445.91	0	1	
G	12c2560	445.91	0	0	
G	12c3fdc	445.91	0	14	
G	12c458c	445.91	0	14	
G	1845888	445.91	1	15	
G	1189aec	445.92	0	0	
G	120b678	445.92	0	0	
G	12102c8	445.92	1	10	
G	1210470	445.92	0	1	
G	1210c10	445.92	1	8	
G	121a3a8	445.92	2	4	
G	121a9fc	445.92	0	0	
G	121ae1c	445.92	0	0	
G	121b1e8	445.92	1	1	
G	121b9dc	445.92	0	0	
G	121bc30	445.92	0	0	
G	121bd00	445.92	1	1	
G	121c468	445.92	0	0	
G	121c6dc	445.92	0	0	
G	121c7ac	445.92	0	0	
G	121c9b8	445.92	0	0	
G	121cd94	445.92	0	0	
G	121ce4c	445.92	0	0	
G	122dec0	445.92	0	0	
G	122e7a0	445.92	0	1	
G	122fe8c	445.92	1	1	
G	1607560	445.92	0	0	
G	1607564	445.92	0	0	
G	1607568	445.92	0	1	
G	1607654	445.92	0	3	
G	1607a68	445.92	0	0	
G	16f56c8	445.92	0	0	
G	16f5884	445.92	0	0	
G	1190c10	445.93	0	0	
G	1190d40	445.93	0	0	
G	119165c	445.93	1	1	
G	11917b0	445.93	0	0	
G	1192300	445.93	1	1	
G	1192598	445.93	0	0	
G	11926f4	445.93	0	0	
G	1192928	445.93	0	0	
G	1192a54	445.93	0	0	
G	1192b8c	445.93	1	2	
G	11932d4	445.93	0	0	
G	119342c	445.93	0	0	
G	119d804	445.93	0	0	
G	11c1740	445.93	0	0	
G	120bf7c	445.93	0	1	
G	1210878	445.93	0	0	
G	1217628	445.93	0	0	
G	121cafc	445.93	0	1	
G	121d2d4	445.93	0	0	
G	121d328	445.93	1	1	
G	121f508	445.93	0	0	
G	122bc5c	445.93	0	0	
G	12c06d8	445.93	0	0	
G	16beaac	445.93	0	0	
G	16beb08	445.93	0	0	
G	1829538	445.93	0	0	
G	1845a14	445.93	0	0	
G	1845a30	445.93	0	0	
G	119d568	445.96	1	1	
G	182a908	445.96	0	0	
G	1837e84	445.96	0	0	
G	1838024	445.96	0	0	
G	18381dc	445.96	0	0	
G	18392ac	445.96	0	0	
G	18393f4	445.96	0	0	
G	119d00c	445.97	0	0	
G	119df58	445.97	0	0	
G	11aade8	445.98	0	0	
G	124262c	445.98	0	0	
G	1242934	445.98	0	0	
G	1244af0	445.98	0	0	
G	13b7ef0	445.98	0	1	
G	119cccc	445.99	0	0	
G	119ccfc	445.99	0	0	
G	119d8a0	445.99	0	0	
G	1243014	445.99	2	13	
G	2040f48	446.00	0	0	
G	2041240	446.00	0	0	
G	2041284	446.00	0	0	
G	2041534	446.00	1	1	
G	11924d0	446.03	0	0	
G	119324c	446.03	0	0	
G	11ac708	446.03	2	2	
G	11acbb0	446.03	0	0	
G	126582c	446.03	0	0	
G	1e5cd30	446.03	0	0	
G	1e5d44c	446.03	0	0	
G	1e5f934	446.03	0	0	
G	1e5fb80	446.03	0	0	
G	1e622bc	446.03	0	0	
G	1fb11e0	446.03	0	0	
G	12921d8	446.04	1	1	
G	1fca424	446.04	1	1	
G	1fca474	446.04	0	0	
G	128ee38	446.05	2	2	
G	23878c8	446.09	0	1	
G	2389444	446.09	0	0	
G	238965c	446.09	0	0	
G	238f208	446.09	1	1	
G	1fa7c14	446.17	0	0	
G	209cb30	446.25	2	4	
G	209cbc8	446.25	1	1	
G	209cdd4	446.25	1	1	
G	1845a38	446.55	0	0	
G	1fdfbb4	446.83	0	0	
G	1fdfbc0	446.83	0	0	
G	1fe0d54	446.83	0	0	
G	1fe0d60	446.83	0	0	
G	1fe1804	446.83	0	0	
G	1fe1828	446.83	0	0	
G	2388610	446.83	0	0	
G	2389664	446.83	0	0	
G	238978c	446.83	9	13	
G	238b794	446.83	4	4	
G	238d058	446.83	6	47	
G	238d408	446.83	1	1	
G	1239a60	446.84	0	0	
G	1239bb0	446.84	0	0	
G	1239be8	446.84	0	0	
G	1239c20	446.84	0	0	
G	1239c60	446.84	0	0	
G	1245e8c	446.84	3	3	
G	124735c	446.84	0	0	
G	1299384	446.84	0	0	
G	236c33c	446.84	6	6	
G	236cdb4	446.84	0	0	
G	238ca84	446.84	0	0	
G	238cec8	446.84	0	0	
G	238d60c	446.84	3	27	
G	238d874	446.84	11	12	
G	238e2a0	446.84	1	1	
G	238e740	446.84	0	0	
G	238e924	446.84	0	0	
G	1fc4bfc	446.89	1	1	
G	236b574	446.89	0	0	
G	1840068	446.92	0	0	
G	1fe0484	446.92	0	0	
G	1fe0490	446.92	0	0	
G	1fc8cb0	447.21	0	0	
G	1191a80	447.63	0	0	
G	1191c0c	447.63	0	0	
G	1191f18	447.63	0	0	
G	1192030	447.63	1	1	
G	1fc711c	447.75	0	0	
G	1fc9eb0	447.75	0	0	
G	2387fa0	447.77	0	0	
G	238f1f0	447.77	0	0	
G	238f3b8	447.77	0	0	
G	21301b8	448.05	1	1	
G	1838620	448.22	0	0	
G	1838690	448.22	0	0	
G	119f998	448.46	0	0	
G	126662c	448.46	0	0	
G	1838694	448.54	0	0	
G	1838314	448.56	0	0	
G	1838330	448.56	0	0	
G	1838338	448.79	0	0	
G	1262c6c	449.31	0	0	
G	1263390	449.31	0	0	
G	1e8a258	449.31	0	0	
G	1f8c7e8	449.31	0	0	
G	1296bec	449.32	0	0	
G	1296ca8	449.32	1	1	
G	12e62cc	449.32	0	0	
G	203f834	449.32	0	0	
G	203ffa0	449.32	0	0	
G	2041078	449.32	0	0	
G	20413a0	449.32	0	0	
G	2041694	449.32	0	0	
G	2041784	449.32	1	1	
G	206a370	449.32	0	0	
G	206a37c	449.32	0	0	
G	11912e8	449.34	0	0	
G	1296e54	449.34	1	2	
G	24c6934	450.25	1	1	
G	20626c4	450.82	0	0	
G	20626d0	450.82	0	0	
G	1296c74	450.84	0	0	
G	1296de8	450.84	0	0	
G	126b2e0	451.41	0	0	
G	11aa648	451.85	0	0	
G	1e7e02c	451.85	0	0	
G	11e50c4	451.90	0	0	
G	1fca108	451.99	0	0	
G	1fca514	451.99	0	0	
G	1fde0c8	451.99	0	0	
G	1fde290	451.99	0	0	
G	1fde2b4	451.99	0	0	
G	11c116c	452.27	0	0	
G	11c119c	452.27	0	0	
G	13029c8	452.27	0	0	
G	14a6e18	452.27	0	6	
G	14a9964	452.27	0	0	
G	14a9968	452.27	0	0	
G	14a99f4	452.27	0	0	
G	14a9a2c	452.27	0	0	
G	14a9a64	452.27	0	0	
G	14a9a80	452.27	0	0	
G	14a9a9c	452.27	0	0	
G	14a9aa0	452.27	1	1	
G	14a9adc	452.27	0	0	
G	14a9c14	452.27	0	0	
G	14a9c18	452.27	0	0	
G	14a9c1c	452.27	0	0	
G	14a9ca0	452.27	0	0	
G	14a9d3c	452.27	0	0	
G	14a9ee4	452.27	1	5	
G	14aa7c4	452.27	1	2	
G	14ab1e8	452.27	0	0	
G	14ba170	452.27	1	10	
G	14d67f0	452.27	0	0	
G	14d680c	452.27	0	0	
G	14d68bc	452.27	0	9	
G	1547578	452.27	0	0	
G	15479a8	452.27	0	0	
G	16bdf10	452.27	1	2	
G	16bf598	452.27	0	1	
G	16bf744	452.27	1	1	
G	12624ac	452.28	0	0	
G	143d840	452.28	0	1	
G	146ff90	452.28	1	2	
G	148ed90	452.28	1	1	
G	14a9a10	452.28	0	0	
G	14aa624	452.28	0	0	
G	14ab33c	452.28	0	0	
G	14ab488	452.28	1	1	
G	14ab5dc	452.28	0	1	
G	14ab620	452.28	0	0	
G	14ab79c	452.28	0	0	
G	14ab7e8	452.28	0	0	
G	14ab834	452.28	0	0	
G	14ab8cc	452.28	0	0	
G	14ab91c	452.28	0	0	
G	14ab98c	452.28	1	1	
G	14abc78	452.28	0	0	
G	14abcd8	452.28	0	0	
G	14ac120	452.28	0	0	
G	14ac150	452.28	0	0	
G	14ac154	452.28	0	0	
G	14ac47c	452.28	0	0	
G	14ac518	452.28	0	0	
G	14ac5b4	452.28	0	0	
G	14ac650	452.28	0	0	
G	14d68b4	452.28	0	0	
G	1547dd8	452.28	0	0	
G	1548158	452.28	0	0	
G	1548420	452.28	0	0	
G	1548850	452.28	0	0	
G	1f13524	452.28	1	1	
G	124268c	452.40	0	0	
G	124291c	452.40	0	0	
G	1418b48	452.42	0	15	
G	13c1548	452.43	0	44	
G	13c1698	452.43	0	41	
G	1405450	452.43	0	0	
G	16be514	452.43	0	0	
G	13c207c	452.47	0	0	
G	13c266c	452.47	0	0	
G	152a648	452.47	0	0	
G	152af6c	452.47	0	0	
G	152b670	452.47	0	0	
G	152c4ec	452.47	0	0	
G	152cc68	452.47	0	0	
G	11a4724	454.77	0	0	
G	11ceca0	454.77	0	0	
G	11d5a68	454.77	0	0	
G	181f1b0	454.77	0	0	
G	181f5dc	454.77	0	0	
G	2041498	455.34	0	0	
G	12a9fc4	456.50	1	1	
G	11c11cc	456.52	0	0	
G	11c3090	456.52	5	7	
G	11c39cc	456.52	0	0	
G	1245478	456.52	0	2	
G	1245818	456.52	0	0	
G	125efac	456.52	0	0	
G	1292280	456.52	0	0	
G	1297fa0	456.52	0	0	
G	12a886c	456.52	0	0	
G	183f018	456.52	0	0	
G	126349c	456.54	0	0	
G	128f4b8	456.54	1	1	
G	1232e28	456.55	0	2	
G	129da10	456.55	1	1	
G	12aa48c	456.55	0	0	
G	1e62a00	456.55	0	0	
G	1fd3738	456.55	0	0	
G	1fecd84	456.55	0	0	
G	1fece7c	456.55	0	0	
G	1fd38c4	456.56	0	0	
G	1fd3b70	456.56	0	0	
G	1fd3c88	456.56	0	0	
G	1fe2b0c	456.56	0	0	
G	1fe2b30	456.56	0	0	
G	1fe6cac	456.56	0	0	
G	1fe6cd0	456.56	0	0	
G	1fecf90	456.56	0	0	
G	1fed074	456.56	0	0	
G	1fed098	456.56	0	0	
G	182f1c0	456.57	0	0	
G	1f9cbb8	458.06	0	3	
G	1f9ccfc	458.06	0	3	
G	1fa8c30	458.06	0	0	
G	1fd30b0	458.06	0	0	
G	1fd3204	458.06	1	1	
G	1fd3cc0	458.92	2	2	
G	1fd3e14	458.92	0	0	
G	18361a4	459.76	0	0	
G	1fac178	460.25	0	0	
G	1fac234	460.25	0	0	
G	11c5670	460.83	0	0	
G	11d5b84	460.85	0	0	
G	12c6aa8	460.85	0	0	
G	12c6ad8	460.85	1	1	
G	12c6d3c	460.85	0	2	
G	14893d0	460.85	0	0	
G	195c8a0	460.85	0	0	
G	11a28a4	460.86	0	0	
G	122d308	460.86	0	0	
G	122fe74	460.86	0	0	
G	11a658c	460.87	1	19	
G	1232e18	460.88	0	0	
G	1231744	460.90	0	0	
G	129d788	460.90	0	0	
G	17fae14	460.90	0	0	
G	17fad24	460.92	0	0	
G	1f2e6d0	460.92	0	0	
G	2075a5c	461.05	0	0	
G	2075c54	461.05	0	0	
G	209f29c	461.05	0	1	
G	20a0e9c	461.05	0	0	
G	20a0efc	461.05	1	1	
G	20a1008	461.05	0	0	
G	20a111c	461.05	0	0	
G	20a1570	461.05	0	0	
G	2324718	461.05	0	0	
G	23262b4	461.05	0	0	
G	232779c	461.05	0	0	
G	23390cc	461.05	0	0	
G	21de214	461.06	1	1	
G	129d6c0	461.08	0	0	
G	129d754	461.08	0	0	
G	17faac4	461.08	0	0	
G	21326c8	461.13	0	0	
G	1e7b118	461.14	0	1	
G	1e7b290	461.14	0	0	
G	1e7b208	461.15	0	1	
G	1d166ac	461.16	0	0	
G	1d16acc	461.16	1	31	
G	173e62c	461.17	1	1	
G	1d232e0	461.19	0	0	
G	1d1ecd8	461.20	4	20	
G	1e79f54	461.20	0	1	
G	1e7b278	461.20	0	0	
G	1e80144	461.20	0	0	
G	21d9650	461.20	0	0	
G	11a0bb4	461.21	0	25	
G	11a0cd4	461.21	0	25	
G	11a0ef0	461.21	0	25	
G	11a2214	461.21	0	0	
G	1e97bb4	461.21	0	0	
G	119a3e0	461.22	0	0	
G	119ab88	461.22	0	0	
G	119ab94	461.22	0	0	
G	11a8ef4	461.22	0	0	
G	11a8f00	461.22	0	0	
G	1234dc8	461.23	0	0	
G	1234dd4	461.23	0	0	
G	11a6738	461.24	0	0	
G	11bbf3c	461.24	0	0	
G	11bbfe8	461.24	1	1	
G	11c7e5c	461.24	0	0	
G	11ce428	461.24	0	1	
G	11ce494	461.24	1	1	
G	11d91dc	461.24	0	0	
G	11db058	461.24	0	0	
G	11deb14	461.24	0	0	
G	11e2790	461.24	0	0	
G	11e40dc	461.24	0	0	
G	12172e0	461.24	0	0	
G	12172ec	461.24	0	0	
G	121c6cc	461.24	0	0	
G	121c6d8	461.24	0	0	
G	12316cc	461.24	0	0	
G	12a1098	461.24	0	0	
G	12a11d4	461.24	0	0	
G	12bdd14	461.24	0	0	
G	12bdd20	461.24	0	0	
G	12e0228	461.24	0	0	
G	12e0234	461.24	0	0	
G	130539c	461.24	0	0	
G	1305a8c	461.24	0	0	
G	1305ac0	461.24	0	0	
G	17fa9c0	461.24	0	0	
G	18174d8	461.24	0	0	
G	1e94368	461.28	1	1	
G	1e9448c	461.28	0	0	
G	18174f4	461.31	0	0	
G	183988c	461.35	0	0	
G	1840760	461.35	0	0	
G	1841058	461.35	0	0	
G	1846310	461.35	0	0	
G	1ca8340	461.35	1	1	
G	1700a9c	461.38	0	0	
G	1700ad0	461.38	0	0	
G	1722840	461.38	0	0	
G	1733c10	461.38	3	3	
G	1d17404	461.38	6	151	
G	1d250c0	461.38	0	0	
G	1d250dc	461.38	0	0	
G	1d251b0	461.38	0	0	
G	1d251cc	461.38	0	0	
G	1d25284	461.38	0	0	
G	1d252a0	461.38	0	0	
G	1d25594	461.41	0	0	
G	1d255b0	461.41	0	0	
G	1df5df0	461.41	0	0	
G	16f5ac4	461.42	1	1	
G	1709cdc	461.42	1	1	
G	170a09c	461.42	0	0	
G	1748e74	461.42	0	0	
G	1930174	461.42	0	0	
G	1aeec9c	461.42	0	2	
G	1aeef48	461.42	0	1	
G	1aef2cc	461.42	0	0	
G	1aef3fc	461.42	0	2	
G	1aefdf0	461.42	0	0	
G	1af0060	461.42	0	0	
G	1af0d84	461.42	1	1	
G	1af0ffc	461.42	0	0	
G	1af1cdc	461.42	0	0	
G	1af3f20	461.42	0	0	
G	1d1d2c8	461.42	3	3	
G	1d25620	461.42	0	0	
G	1dd2fa0	461.42	0	0	
G	15d7728	461.43	0	5	
G	15d78ac	461.43	0	2	
G	16ffc90	461.43	0	21	
G	1703a80	461.43	0	2	
G	1703cc8	461.43	0	0	
G	1703dc8	461.43	0	0	
G	1aeea90	461.43	0	0	
G	171dbe8	461.45	0	0	
G	1722cfc	461.45	0	0	
G	17239f8	461.45	0	0	
G	17241fc	461.45	0	0	
G	1726fe8	461.45	0	0	
G	1af02d0	461.45	2	2	
G	1af0a58	461.45	0	0	
G	1af5f70	461.45	0	0	
G	1d25dc8	461.45	1	1	
G	1d26194	461.45	0	0	
G	1df9d44	461.45	0	0	
G	1dfe110	461.45	0	0	
G	1592e18	461.46	0	2	
G	1599ee8	461.46	0	0	
G	160bcc0	461.46	0	0	
G	160be44	461.46	0	0	
G	165ac40	461.46	0	0	
G	165ac44	461.46	0	0	
G	165af4c	461.46	0	1	
G	165b0d0	461.46	0	1	
G	165b4f8	461.46	1	1	
G	16dcfb4	461.46	0	1	
G	16f5944	461.46	0	0	
G	1715720	461.46	1	2	
G	172278c	461.46	0	0	
G	1724280	461.46	0	0	
G	1724304	461.46	0	0	
G	17243e0	461.46	0	0	
G	17243f8	461.46	1	49	
G	17254fc	461.46	0	2	
G	17257ac	461.46	0	0	
G	1725d78	461.46	0	0	
G	1725ee4	461.46	0	0	
G	1726558	461.46	0	0	
G	1726a7c	461.46	0	0	
G	1726b5c	461.46	0	0	
G	1726f84	461.46	0	0	
G	17280d8	461.46	0	0	
G	17280f8	461.46	0	0	
G	172d304	461.46	0	3	
G	172d35c	461.46	1	3	
G	17740d0	461.46	0	1	
G	1774414	461.46	0	0	
G	19943c4	461.46	1	1	
G	1d26794	461.46	0	0	
G	1d267b0	461.46	0	0	
G	1dc95f4	461.46	0	0	
G	1dc99b8	461.46	0	0	
G	1dc9e1c	461.46	0	0	
G	1dca1e0	461.46	0	0	
G	1dca2ec	461.46	0	0	
G	1dcc7b8	461.46	0	0	
G	1dcc910	461.46	0	0	
G	1dd1fc8	461.46	0	0	
G	1dddb54	461.46	0	0	
G	1dddbe0	461.46	0	0	
G	1dddff8	461.46	0	0	
G	1dde42c	461.46	1	7	
G	1ddf1f0	461.46	0	0	
G	1df5750	461.46	1	1	
G	1715708	461.48	0	0	
G	1724838	461.48	0	0	
G	1dddf68	461.48	0	0	
G	1dde13c	461.48	0	0	
G	1ddec10	461.48	0	0	
G	1df5b10	461.51	0	0	
G	1816c54	461.53	1	1	
G	1817488	461.53	0	1	
G	1d26b7c	461.81	0	0	
G	1d26b98	461.81	0	0	
G	1d26ba0	461.96	0	0	
G	1d26d58	461.98	0	0	
G	1d26d74	461.98	0	0	
G	1d23298	462.30	1	1	
G	1d26d7c	462.30	0	2	
G	1d2188c	462.32	0	1	
G	1d23330	462.32	0	1	
G	1d2782c	462.32	0	0	
G	1d27834	462.32	0	1	
G	1d28ac8	462.32	0	0	
G	1d27810	462.33	0	0	
G	1d21cc0	462.69	0	0	
G	1d250e4	462.69	0	0	
G	1803ce0	462.71	0	0	
G	1d27d64	462.71	0	0	
G	1d27d80	462.71	0	0	
G	1d27d88	463.26	0	0	
G	1d27fa4	469.61	0	0	
G	1d27fc0	469.61	0	0	
G	1803e58	469.68	1	1	
G	1d27fc8	469.68	0	1	
G	1d28170	469.68	0	0	
G	1d2818c	469.68	0	0	
G	1d28194	469.83	0	0	
G	1d282c0	469.83	0	0	
G	1d282dc	469.83	0	0	
G	1d282e4	470.13	0	0	
G	1df3df4	470.15	0	0	
G	1d255b8	470.42	0	0	
G	1d289c4	470.42	1	1	
G	1d289e0	470.42	0	0	
G	1700bec	470.48	0	0	
G	1700cb4	470.48	0	0	
G	1991d54	470.48	0	0	
G	1d289e8	470.48	0	0	
G	1dc836c	470.48	0	0	
G	1815714	470.84	0	0	
G	198f884	470.84	0	0	
G	198fb2c	470.84	1	4	
G	19941d0	470.84	0	0	
G	1815928	470.85	0	0	
G	1992630	470.85	0	0	
G	1d173fc	470.92	0	0	
G	1ec04e4	470.93	0	0	
G	1ec053c	470.93	0	0	
G	1d167f0	470.95	1	1	
G	1d16a7c	470.95	0	1	
G	171bc88	471.02	0	0	
G	198fcc0	471.02	1	19	
G	171bd98	471.04	0	0	
G	171bd9c	471.04	0	1	
G	198fc44	471.04	0	0	
G	19949f0	471.04	0	0	
G	1994a0c	471.04	0	0	
G	1cb913c	471.04	0	0	
G	12cae68	471.09	0	0	
G	1700cdc	471.09	0	0	
G	17b488c	471.09	0	0	
G	17b4df8	471.11	0	0	
G	198fcb0	471.11	0	0	
G	1cb9204	471.11	0	0	
G	12c72dc	471.14	0	0	
G	17b47e0	471.14	0	0	
G	17b4834	471.14	0	0	
G	1815718	471.14	0	0	
G	198f9b4	471.14	1	1	
G	198fadc	471.14	0	1	
G	1e5277c	471.14	0	0	
G	112a300	471.21	0	0	
G	1349860	479.46	1	1	
G	134a8ec	490.34	1	1	
G	1346488	528.74	0	0	
G	13460b0	529.24	1	1	
G	17c09a4	600.70	0	0	
G	17c0b20	600.70	0	0	
G	14b9c90	600.71	0	3	
G	14d63a8	600.71	0	0	
G	14d63c4	600.71	0	0	
G	14d646c	600.71	0	3	
G	17c0b28	600.71	7	113	
G	17c14f4	600.71	0	0	
G	17c1508	600.71	0	0	
G	17c1510	600.71	0	3	
G	17c15bc	600.71	0	0	
G	17c15d8	600.71	0	0	
G	143cd48	600.72	0	0	
G	146f9ec	600.72	1	2	
G	14d6464	600.72	0	0	
G	13c0828	600.73	0	6	
G	1418258	600.73	0	0	
G	17c15e0	600.74	0	0	
G	1854f74	600.76	0	0	
G	1bd13e0	600.76	1	1	
G	1bd211c	600.76	0	56	
G	1cb2e88	600.76	0	0	
G	19e43f8	600.78	0	0	
G	1be4b7c	600.78	1	1	
G	1beb7d0	600.78	0	0	
G	1beb7ec	600.78	0	0	
G	1beb8ac	600.78	0	0	
G	1beb8c8	600.78	1	1	
G	1beb98c	600.78	0	0	
G	1beb9a8	600.78	0	0	
G	1d97fec	600.78	0	0	
G	1d9a980	600.78	0	1	
G	1d9ac28	600.78	0	1	
G	1218de8	600.79	1	1	
G	1381c34	600.79	0	5	
G	138a448	600.79	0	5	
G	15fea58	600.79	1	3	
G	15febdc	600.79	0	1	
G	1b1c954	600.79	0	0	
G	1bd2934	600.79	1	11	
G	1bde9d0	600.79	7	453	
G	1eb3300	600.90	0	0	
G	1eb3e28	600.90	1	1	
G	1ed743c	600.90	1	3	
G	15f2ef8	601.01	0	1	
G	15f307c	601.01	0	1	
G	16f5764	601.01	0	0	
G	171994c	601.01	0	5	
G	171c54c	601.01	0	0	
G	171c83c	601.01	0	0	
G	1739aa8	601.01	0	0	
G	1739d14	601.01	0	0	
G	173b19c	601.01	0	0	
G	17643e8	601.01	0	3	
G	1770abc	601.01	1	2	
G	178ca8c	601.01	0	1	
G	178cc48	601.01	0	0	
G	1bd3590	601.01	2	30	
G	1bdafe8	601.01	12	549	
G	1becf20	601.01	0	0	
G	1becf3c	601.01	0	0	
G	1bed1c0	601.01	0	0	
G	1bed1dc	601.01	0	0	
G	1bed29c	601.01	0	0	
G	1bed2b8	601.01	0	0	
G	1bed5f0	601.01	0	0	
G	1bed60c	601.01	0	0	
G	1bed860	601.01	0	0	
G	1bed87c	601.01	0	0	
G	1bedae8	601.01	0	0	
G	1bedb04	601.01	0	0	
G	1dce890	601.01	0	0	
G	1df8044	601.01	0	1	
G	1df9080	601.01	0	0	
G	1702f48	601.03	0	0	
G	171aefc	601.03	0	0	
G	171af28	601.03	0	0	
G	173e4e0	601.03	0	0	
G	178ca5c	601.03	0	0	
G	178ca68	601.03	0	0	
G	1bde3c8	601.03	1	1	
G	1bde4c8	601.03	0	42	
G	1bedc18	601.03	0	0	
G	1bedc84	601.03	0	0	
G	1bee46c	601.03	0	0	
G	1bee4d8	601.03	0	0	
G	1bee524	601.03	0	0	
G	1bee590	601.03	0	0	
G	1bf3fcc	601.03	0	0	
G	1bf4148	601.03	0	0	
G	1df703c	601.03	0	1	
G	1716ef4	601.04	1	1	
G	1718dd8	601.04	2	16	
G	171a4e0	601.04	0	17	
G	171a538	601.04	0	16	
G	1769f44	601.04	0	23	
G	17191d4	601.05	1	2	
G	175d8f8	601.05	1	2	
G	1770900	601.05	0	0	
G	177db64	601.05	0	1	
G	177dea8	601.05	0	0	
G	177fc58	601.05	0	0	
G	177fc64	601.05	0	0	
G	178971c	601.05	0	0	
G	1789728	601.05	0	0	
G	178b08c	601.05	0	1	
G	178b650	601.05	0	0	
G	1bde6bc	601.05	0	2	
G	177dfa8	601.06	0	0	
G	170f360	601.08	0	2	
G	177fc88	601.08	1	1	
G	1780a60	601.08	0	0	
G	1bd46e4	601.08	0	32	
G	1bde8e4	601.08	1	35	
G	1beeac4	601.08	0	0	
G	1beeb34	601.08	0	0	
G	1beedac	601.08	0	0	
G	1beedc8	601.08	0	0	
G	171a760	601.09	0	0	
G	1739d54	601.09	0	0	
G	1be51ec	601.09	0	0	
G	1bef1c4	601.09	0	0	
G	1bef1e0	601.09	0	0	
G	1bef724	601.09	0	0	
G	1bef740	601.09	0	0	
G	1bef854	601.09	0	0	
G	1bef870	601.09	0	0	
G	1befa4c	601.09	0	0	
G	1befa68	601.09	0	0	
G	1befc44	601.09	0	0	
G	1befc60	601.09	0	0	
G	1befee8	601.09	0	0	
G	1beff0c	601.09	0	0	
G	1bf0054	601.09	0	0	
G	1bf0070	601.09	0	0	
G	1bf00f0	601.09	0	0	
G	1bf010c	601.09	0	0	
G	1bf018c	601.09	0	0	
G	1bf01a8	601.09	0	0	
G	1bf0218	601.09	0	0	
G	1bf0234	601.09	0	0	
G	1bf10e0	601.09	0	0	
G	1bf1104	601.09	0	0	
G	1bf15bc	601.09	1	1	
G	1bf15d8	601.09	0	0	
G	1bf1860	601.09	0	0	
G	1bf187c	601.09	0	0	
G	1bf1b04	601.09	0	0	
G	1bf1b20	601.09	0	0	
G	1bf1d60	601.09	0	0	
G	1bf1d7c	601.09	0	0	
G	1bf4304	601.09	0	0	
G	1df4df8	601.09	0	0	
G	1df5a10	601.09	0	0	
G	1df6774	601.09	1	1	
G	139572c	601.11	0	1	
G	1eb43d8	601.11	1	3	
G	13a98d0	601.12	0	0	
G	13addb4	601.12	0	0	
G	1bf1ea4	601.12	0	0	
G	1bf1ec0	601.12	0	0	
G	1bf23c0	601.12	0	0	
G	1bf23dc	601.12	0	0	
G	1bf2474	601.12	0	0	
G	1bf2490	601.12	0	0	
G	1bf2594	601.12	0	0	
G	1bf25b0	601.12	0	0	
G	1bf2668	601.12	0	0	
G	1bf2684	601.12	0	0	
G	1dd7a38	601.12	0	0	
G	1dd93f8	601.12	0	0	
G	1eb4a88	601.12	0	0	
G	1eb4aac	601.12	0	0	
G	1eb4cd4	601.12	0	0	
G	1eb4cf0	601.12	0	0	
G	1bf2e60	601.14	0	0	
G	1bf2e7c	601.14	0	0	
G	1bf2f84	601.16	0	0	
G	1bf2fa0	601.16	0	0	
G	1bf30a4	601.17	0	0	
G	1bf30c0	601.17	0	0	
G	1bf361c	601.20	0	0	
G	1bf3638	601.20	0	0	
G	1bf36d8	601.23	0	0	
G	1bf36f4	601.23	0	0	
G	1bf3794	601.24	0	0	
G	1bf37b0	601.24	0	0	
G	1bf388c	601.26	0	0	
G	1bf38a8	601.26	0	0	
G	1bf396c	601.28	0	0	
G	1bf3988	601.28	0	0	
G	1bf3a20	601.30	0	0	
G	1bf3a3c	601.30	0	0	
G	1bf3ad4	601.32	0	0	
G	1bf3af0	601.32	0	0	
G	1649054	601.34	0	0	
G	1649058	601.34	0	0	
G	1649360	601.34	1	1	
G	16494e4	601.34	0	0	
G	164972c	601.34	0	0	
G	16498a4	601.34	1	1	
G	1649cec	601.34	0	0	
G	1649dbc	601.34	0	0	
G	16b1c9c	601.34	1	3	
G	16b1d2c	601.34	0	2	
G	16b2004	601.34	0	1	
G	16b2e78	601.34	0	0	
G	16b2f78	601.34	0	0	
G	16f58c0	601.34	0	0	
G	175d7d0	601.34	0	3	
G	17c1728	601.34	0	0	
G	18550e8	601.34	3	28	
G	1be0ef4	601.34	1	1	
G	1cb30ec	601.34	0	0	
G	1cb31f4	601.34	2	4	
G	1d9a698	601.34	0	0	
G	1d9b0fc	601.34	7	251	
G	1dd7570	601.34	0	0	
G	1de851c	601.34	0	1	
G	1de86c8	601.34	0	1	
G	1bf01b0	601.35	0	0	
G	1be3680	601.46	0	0	
G	1be4de0	601.46	0	0	
G	1bd6570	601.80	1	38	
G	1be3f64	601.80	0	0	
G	1df6924	601.80	1	102	
G	17039d0	601.84	0	0	
G	17039f4	601.84	0	0	
G	1be3760	601.84	0	0	
G	1be4814	601.84	0	1	
G	1bf6d04	601.84	0	0	
G	1bf6d20	601.84	0	0	
G	1d9d470	601.84	1	1	
G	1d9e0f0	601.84	0	0	
G	1dd56a8	601.84	1	1	
G	1beb7f4	602.34	0	1	
G	1da3d04	602.34	2	3	
G	1e1116c	602.34	0	0	
G	1bf6d28	602.78	0	0	
G	1beeb38	608.79	0	0	
G	1beeca0	608.79	0	0	
G	1beed00	608.79	0	0	
G	1da77a8	608.79	1	5	
G	1be3864	608.95	0	0	
G	1be645c	608.95	0	2	
G	1beed04	608.95	0	0	
G	1bf6860	608.95	0	0	
G	1bf687c	608.95	0	0	
G	1bf6de8	608.95	0	0	
G	1bf6e04	608.95	0	0	
G	1dee460	608.95	1	1	
G	1df3e34	608.95	0	0	
G	1bf6e0c	609.93	0	0	
G	1bf6884	610.94	0	0	
G	1bf6948	610.94	0	0	
G	1bf6964	610.94	0	0	
G	1be13a8	610.96	6	196	
G	1bf696c	610.96	0	111	
G	1715b64	611.00	1	14	
G	171630c	611.00	0	14	
G	1bd4b54	611.00	0	100	
G	16f56d4	611.01	0	0	
G	1717328	611.01	1	10	
G	17174f0	611.01	1	8	
G	178974c	611.01	0	0	
G	17898c4	611.01	0	1	
G	1bf468c	611.01	0	0	
G	1de2998	611.01	0	13	
G	1de2ac8	611.01	1	13	
G	1de2f54	611.01	0	0	
G	160853c	611.02	0	0	
G	1608540	611.02	0	0	
G	1608848	611.02	1	3	
G	16089cc	611.02	0	0	
G	1608c14	611.02	1	1	
G	1608ddc	611.02	0	0	
G	1609188	611.02	1	1	
G	16092f4	611.02	0	0	
G	170ab40	611.02	0	0	
G	170af68	611.02	2	54	
G	1717854	611.02	0	0	
G	1717964	611.02	0	0	
G	173e420	611.02	0	0	
G	176c6a4	611.02	1	4	
G	176cf78	611.02	0	0	
G	176d048	611.02	0	0	
G	176d554	611.02	0	0	
G	176d7b0	611.02	0	7	
G	177e594	611.02	0	1	
G	1acb418	611.02	0	0	
G	1ade398	611.02	0	0	
G	12d2c70	611.05	0	0	
G	170acf4	611.05	1	5	
G	170b32c	611.05	0	0	
G	1717cdc	611.05	0	0	
G	171af98	611.05	0	0	
G	171d430	611.05	0	0	
G	177e5fc	611.05	0	1	
G	177e7a4	611.05	0	0	
G	1bf490c	611.05	1	1	
G	1bf4df8	611.05	0	0	
G	1bf51cc	611.05	0	0	
G	1dda2f4	611.05	1	1	
G	1e0d150	611.05	0	0	
G	178a57c	611.06	0	0	
G	178a588	611.06	0	0	
G	18d68e4	611.06	0	0	
G	1be5b90	611.06	0	0	
G	1be5ce4	611.06	0	2	
G	1be5ebc	611.06	0	0	
G	1be61f4	611.06	0	0	
G	1bf5460	611.06	0	0	
G	1bf5580	611.06	0	1	
G	1bf6e80	611.06	0	0	
G	1bf6e9c	611.06	0	0	
G	1bf6ea4	611.06	0	0	
G	1bf6fe0	611.06	0	0	
G	1bf6ffc	611.06	0	0	
G	1bf7004	611.06	0	0	
G	1bf7e8c	611.06	0	0	
G	1bf7eb0	611.06	0	0	
G	1dd825c	611.06	0	0	
G	1df3610	611.06	0	0	
G	1be3448	611.07	0	0	
G	1be6000	611.07	0	1	
G	1bf6a44	611.07	0	0	
G	1bf6a60	611.07	0	0	
G	1eb7f54	611.07	1	2	
G	1eb8450	611.07	1	1	
G	1ec7558	611.07	1	1	
G	1ec8240	611.07	2	5	
G	1bf6a68	611.18	0	0	
G	1bf6b28	611.18	0	0	
G	1bf6b44	611.18	0	0	
G	1bf6b4c	611.52	0	0	
G	1bf6c10	611.52	0	0	
G	1bf6c2c	611.52	0	0	
G	1bf6c34	611.52	0	0	
G	1beb8d0	611.57	0	1	
G	1da66cc	611.57	0	0	
G	1da66e0	611.57	0	0	
G	1da673c	611.57	0	0	
G	1da6750	611.57	0	0	
G	1da67ac	611.57	0	0	
G	1da67c0	611.57	0	0	
G	1ec7498	611.57	0	0	
G	1ec74f0	611.57	0	0	
G	1da66e8	620.75	0	0	
G	1da67c8	620.80	0	0	
G	1854f94	620.81	0	0	
G	1855248	620.81	0	0	
G	1bf67d0	620.81	0	0	
G	1bf67ec	620.81	0	0	
G	1bf7eb8	620.81	0	1	
G	1bf89c8	620.81	0	0	
G	1bf89e4	620.81	0	0	
G	1da6758	620.81	0	0	
G	12d2e1c	620.82	0	0	
G	1709bb4	620.82	0	0	
G	173c408	620.82	0	0	
G	173c4b4	620.82	0	0	
G	173c59c	620.82	0	19	
G	173c96c	620.82	1	2	
G	173ca70	620.82	0	0	
G	1ad2d98	620.82	1	25	
G	1bd6c7c	620.82	0	25	
G	1be578c	620.82	0	0	
G	1bf67f4	620.82	0	0	
G	1df9e78	620.82	0	0	
G	1df9e9c	620.82	0	0	
G	1df9fa0	620.82	1	22	
G	1dfa628	620.82	0	24	
G	173c494	620.84	0	0	
G	173c624	620.84	0	0	
G	173c698	620.84	0	0	
G	173c6b8	620.84	0	0	
G	173c794	620.84	0	0	
G	173c7b4	620.84	0	0	
G	173c7cc	620.84	1	1	
G	173c7e4	620.84	0	0	
G	173c864	620.84	0	0	
G	173c8e8	620.84	0	0	
G	1bf5340	620.84	0	0	
G	1bf89ec	620.84	0	0	
G	1dd9f1c	620.84	0	1	
G	1dfa698	620.84	0	0	
G	1beb9b0	621.43	0	0	
G	17234b8	623.82	0	0	
G	17264dc	623.82	0	0	
G	1726ec8	623.82	0	0	
G	1be3910	623.82	1	1	
G	1bf30c8	623.82	0	1	
G	1cb33e4	624.14	0	0	
G	1be50a8	624.15	1	1	
G	1cb3308	624.15	0	0	
G	17c146c	624.19	0	0	
G	1da7768	624.22	0	0	
G	1eb3404	624.22	1	4	
G	1ec7338	624.22	0	3	
G	1bee650	624.23	0	0	
G	1e0bd84	624.23	0	0	
G	1e0c07c	624.23	0	0	
G	1e116e8	624.23	0	0	
G	1be51ac	624.24	0	0	
G	1d99e78	624.29	0	0	
G	1bd165c	624.32	1	4	
G	1bd1f2c	624.32	1	1	
G	1bd1ff4	624.32	0	0	
G	1bd20cc	624.32	0	4	
G	17c0a58	624.33	0	0	
G	17c0b08	624.33	0	0	
G	17c0b24	624.33	0	0	
G	1350f08	643.83	0	2	
G	13510b4	643.83	0	0	
G	13510d0	643.83	0	0	
G	13510d8	643.98	0	0	
G	1351170	645.83	0	2	
G	13512a4	645.83	0	0	
G	13512c0	645.83	0	0	
G	13512c8	645.98	0	1	
G	135e508	645.98	0	0	
G	1beba7c	647.13	0	0	
G	1beba98	647.13	0	0	
G	1bebb2c	647.13	0	0	
G	1bebb48	647.13	0	0	
G	1bda7bc	647.58	0	0	
G	195b8b8	648.15	0	0	
G	1bf3bc0	648.15	1	1	
G	1bf3c4c	648.15	0	0	
G	1bf3e38	648.15	0	0	
G	1bf3ebc	648.15	0	0	
G	1cb30fc	648.15	0	0	
G	1bebaa0	648.69	0	0	
G	1bebb50	655.85	0	1	
G	17b3eb0	658.63	0	0	
G	19e5498	658.63	0	0	
G	19e55fc	658.63	0	2	
G	1be5024	658.63	0	0	
G	12ccafc	659.17	1	2	
G	161ca8c	659.17	0	0	
G	161ca90	659.17	0	0	
G	161ca94	659.17	0	1	
G	161cb80	659.17	0	1	
G	161cf94	659.17	1	1	
G	162b698	659.17	0	0	
G	162b69c	659.17	0	0	
G	162b6a0	659.17	0	0	
G	162b78c	659.17	1	1	
G	162bba0	659.17	0	0	
G	16f577c	659.17	0	0	
G	16f57f4	659.17	0	0	
G	16f58fc	659.17	0	0	
G	1650c00	659.18	0	0	
G	1650c04	659.18	0	0	
G	1650c08	659.18	0	0	
G	1650cf4	659.18	0	1	
G	1651108	659.18	0	0	
G	165c278	659.18	0	0	
G	165c27c	659.18	0	0	
G	165c280	659.18	1	1	
G	165c36c	659.18	0	1	
G	165c780	659.18	0	0	
G	16f5968	659.18	0	0	
G	17ba9c0	659.20	0	0	
G	17baa98	659.20	0	0	
G	12cb3a0	659.22	1	7	
G	12da8c4	659.22	1	1	
G	12da94c	659.22	0	0	
G	12e0664	659.22	1	3	
G	12e1250	659.22	0	0	
G	12e1520	659.22	0	0	
G	12e1ea0	659.22	0	0	
G	12e1f70	659.22	1	1	
G	12e2790	659.22	0	0	
G	168d030	659.22	0	0	
G	168d038	659.22	1	1	
G	168d124	659.22	1	2	
G	168d538	659.22	0	0	
G	16f5af4	659.22	0	0	
G	1739b70	659.22	0	0	
G	1739bb0	659.22	0	0	
G	173eac0	659.22	0	0	
G	173eae8	659.22	0	0	
G	17baaa0	659.22	4	142	
G	184a174	659.22	0	0	
G	19e6a40	659.22	1	23	
G	1abfe24	659.22	0	21	
G	1ac0a90	659.22	0	7	
G	1ac1828	659.22	0	21	
G	1ada590	659.22	0	21	
G	12e0cb8	659.23	1	1	
G	12e1ad0	659.23	0	0	
G	12e2a04	659.23	0	0	
G	12e2ad4	659.23	0	0	
G	168d034	659.23	0	0	
G	1739bf0	659.23	0	0	
G	1ac0c90	659.23	0	0	
G	1dcc518	659.23	0	0	
G	19e6b98	659.24	1	1	
G	19e6fec	659.24	1	85	
G	19f1d4c	659.24	0	0	
G	1ada704	659.24	0	0	
G	1dfe950	659.24	0	0	
G	1dfea40	659.24	0	0	
G	140c230	659.27	0	0	
G	15141c4	659.27	1	1	
G	158db80	659.27	0	0	
G	158dd34	659.27	0	0	
G	158dd84	659.27	0	0	
G	158de84	659.27	0	0	
G	1623800	659.27	0	0	
G	1623b0c	659.27	1	5	
G	1623c90	659.27	1	1	
G	1623ed8	659.27	0	0	
G	16241d0	659.27	1	1	
G	16f57ac	659.27	0	0	
G	1700ca8	659.27	0	0	
G	1703988	659.27	0	0	
G	19f59e0	659.27	0	0	
G	19f59fc	659.27	0	0	
G	19f5ab4	659.27	0	0	
G	19f5ad0	659.27	0	0	
G	1de0e08	659.27	0	33	
G	1e05138	659.27	0	28	
G	1e05258	659.27	2	23	
G	1e058ac	659.27	0	0	
G	1e0597c	659.27	0	0	
G	117bed8	659.28	0	0	
G	117bf60	659.28	0	0	
G	117c0f0	659.28	0	0	
G	118977c	659.28	0	0	
G	12120b8	659.28	0	0	
G	1371514	659.28	0	1	
G	137159c	659.28	1	1	
G	1624800	659.28	0	5	
G	1a01d38	659.28	1	5	
G	13b4388	659.30	0	1	
G	15f1dc0	659.30	0	1	
G	15f1f44	659.30	0	0	
G	1623804	659.30	0	0	
G	19e813c	659.30	0	1	
G	19e8234	659.30	0	0	
G	19ec8b4	659.30	1	1	
G	19f4858	659.30	0	2	
G	19f4aa0	659.30	0	0	
G	19f4ba0	659.30	0	0	
G	19f5ba4	659.30	0	0	
G	19f5f54	659.30	0	0	
G	1de0f78	659.30	1	1	
G	117bb18	659.31	0	0	
G	11c9de4	659.31	0	0	
G	11ca024	659.31	2	3	
G	11ca8f8	659.31	0	0	
G	11cae90	659.31	0	0	
G	11cb08c	659.31	0	0	
G	11cb430	659.31	1	1	
G	11cb47c	659.31	0	0	
G	11cb4c8	659.31	0	0	
G	11cb598	659.31	0	0	
G	11cbd7c	659.31	0	0	
G	166be0c	659.31	0	0	
G	166be10	659.31	0	0	
G	166c118	659.31	1	1	
G	166c29c	659.31	0	0	
G	16a9958	659.31	0	0	
G	16a995c	659.31	0	0	
G	16a9c64	659.31	1	1	
G	16a9de8	659.31	0	0	
G	16aa1b0	659.31	1	1	
G	16aa404	659.31	1	1	
G	16f59e0	659.31	0	0	
G	16f5bcc	659.31	0	0	
G	16f5bd8	659.31	1	1	
G	1915b90	659.31	0	3	
G	19179dc	659.31	0	0	
G	191d66c	659.31	0	3	
G	191d78c	659.31	0	2	
G	191e124	659.31	0	0	
G	191e1f4	659.31	0	0	
G	19f4e70	659.31	0	4	
G	19f88b4	659.31	1	1	
G	19f8a68	659.31	0	0	
G	19f8b38	659.31	0	0	
G	1ac88ac	659.31	0	4	
G	1ac88d0	659.31	0	4	
G	19ee058	659.36	5	305	
G	19e86c8	659.53	5	12	
G	11cc474	659.54	0	0	
G	15bcd58	659.54	0	0	
G	15bcd5c	659.54	0	0	
G	15bd064	659.54	0	0	
G	15bd1e8	659.54	0	0	
G	16f5470	659.54	0	0	
G	1739b30	659.54	0	0	
G	184a404	659.54	0	0	
G	184a67c	659.54	1	3	
G	184a94c	659.54	1	2	
G	184c398	659.54	1	1	
G	184c724	659.54	1	1	
G	184f124	659.54	0	0	
G	18509fc	659.54	0	0	
G	1850b30	659.54	0	0	
G	1850df0	659.54	0	0	
G	19ea530	659.54	1	1	
G	19ea78c	659.54	0	1	
G	19ea98c	659.54	0	0	
G	19f57d0	659.54	0	0	
G	19f57f4	659.54	0	0	
G	19f8d78	659.54	0	0	
G	19f8d94	659.54	0	0	
G	19f907c	659.54	0	0	
G	19f9098	659.54	0	0	
G	19f93e0	659.54	0	0	
G	19f93fc	659.54	0	0	
G	19f9620	659.54	0	0	
G	19f963c	659.54	0	0	
G	19f9860	659.54	0	0	
G	19f987c	659.54	0	0	
G	19f9da8	659.54	0	0	
G	19f9dc4	659.54	0	0	
G	19f9fe8	659.54	0	0	
G	19fa004	659.54	0	0	
G	19fa448	659.54	0	0	
G	19fa464	659.54	0	0	
G	19fa798	659.54	0	0	
G	19fa7b4	659.54	0	0	
G	19faaf8	659.54	0	0	
G	19fab14	659.54	0	0	
G	19fab88	659.54	0	0	
G	19faba4	659.54	0	0	
G	19fac18	659.54	0	0	
G	19fac34	659.54	0	0	
G	19facb0	659.54	0	0	
G	19faccc	659.54	0	0	
G	19faf7c	659.54	0	0	
G	19faf98	659.54	0	0	
G	19fb2c8	659.54	0	0	
G	19fb2ec	659.54	0	0	
G	19fb4a4	659.54	0	0	
G	19fb4c0	659.54	0	0	
G	19fbdac	659.54	0	0	
G	19fbdc8	659.54	0	0	
G	19fbe44	659.54	0	0	
G	19fbe60	659.54	0	0	
G	19fc110	659.54	0	0	
G	19fc12c	659.54	0	0	
G	19fcbe0	659.54	0	0	
G	19fcbfc	659.54	0	0	
G	19fcfd0	659.54	0	0	
G	19fcfec	659.54	0	0	
G	19fd07c	659.54	0	0	
G	19fd098	659.54	0	0	
G	19fd244	659.54	0	0	
G	19fd260	659.54	0	0	
G	19fda78	659.54	0	0	
G	19fda94	659.54	0	0	
G	19fdb18	659.54	0	0	
G	19fdb34	659.54	0	0	
G	19fdba8	659.54	0	0	
G	19fdbc4	659.54	0	0	
G	19ff7ac	659.54	0	0	
G	19ff7c8	659.54	0	0	
G	1cf535c	659.54	0	0	
G	1df266c	659.54	0	0	
G	1df267c	659.54	0	0	
G	1df47b0	659.54	0	0	
G	1df6560	659.54	0	0	
G	1df8358	659.54	1	1	
G	1df8508	659.54	0	0	
G	1df8e14	659.54	0	0	
G	1df8e24	659.54	0	0	
G	1df8f2c	659.54	0	0	
G	1df9848	659.54	0	0	
G	1e12108	659.54	0	0	
G	1e12410	659.54	0	0	
G	173b438	659.55	0	0	
G	19fde1c	659.55	0	0	
G	19fde38	659.55	0	0	
G	19fe1dc	659.55	0	0	
G	19fe1f8	659.55	0	0	
G	19fe518	659.55	0	0	
G	19fe534	659.55	0	0	
G	19ff214	659.55	0	0	
G	19ff230	659.55	0	0	
G	19ff72c	659.55	0	0	
G	19ff740	659.55	0	0	
G	136c9ec	659.56	0	1	
G	157bec4	659.56	0	0	
G	184d840	659.56	1	1	
G	19ef3ec	659.56	2	67	
G	1de8434	659.56	0	0	
G	19eafa8	659.57	1	66	
G	19ebe38	659.57	0	2	
G	1aadb98	659.57	0	0	
G	1dc97ac	659.57	1	1	
G	1dd74fc	659.57	0	0	
G	1dd9ea8	659.57	0	0	
G	1e174e0	659.57	0	0	
G	11878d8	659.58	1	1	
G	11885e4	659.58	1	1	
G	1189398	659.58	1	1	
G	11a8f04	659.58	0	0	
G	1375b68	659.58	0	4	
G	1376344	659.58	1	2	
G	13765c0	659.58	0	1	
G	1376958	659.58	1	5	
G	13772d8	659.58	0	5	
G	1387edc	659.58	0	0	
G	13881d0	659.58	0	0	
G	13883e8	659.58	0	0	
G	166cfa8	659.58	0	0	
G	166cfac	659.58	0	0	
G	166d2b4	659.58	0	1	
G	166d438	659.58	0	0	
G	16f59ec	659.58	0	0	
G	175a410	659.58	0	1	
G	177b53c	659.58	0	1	
G	177b880	659.58	0	0	
G	138c15c	659.59	0	0	
G	138c178	659.59	0	0	
G	171d150	659.59	0	0	
G	173ac64	659.59	0	0	
G	175a640	659.59	0	0	
G	175a94c	659.59	1	1	
G	175adc0	659.59	0	0	
G	175cf24	659.59	0	0	
G	1853e70	659.59	0	0	
G	1853e8c	659.59	0	0	
G	19ec2ec	659.59	0	0	
G	19ec3b8	659.59	0	1	
G	19ec7f4	659.59	0	1	
G	19eccac	659.59	0	0	
G	19ecfec	659.59	2	26	
G	19f3fe4	659.59	0	0	
G	19f43b4	659.59	0	1	
G	1a04fa4	659.59	0	0	
G	1a04fc0	659.59	0	0	
G	1ab0754	659.59	0	0	
G	1bbeef0	659.59	0	0	
G	1de8ddc	659.59	0	0	
G	161ea68	659.60	0	0	
G	161ed74	659.60	0	2	
G	161eef8	659.60	0	0	
G	161f140	659.60	0	0	
G	161f398	659.60	1	5	
G	161f8c8	659.60	0	0	
G	173a204	659.60	0	0	
G	173ab74	659.60	0	0	
G	173bc14	659.60	0	0	
G	19f2080	659.60	1	1	
G	19f2180	659.60	0	23	
G	1ac1910	659.60	3	23	
G	1ac42f4	659.60	2	11	
G	1adaaf0	659.60	0	9	
G	1adac10	659.60	0	7	
G	1adb264	659.60	0	0	
G	1adb334	659.60	1	1	
G	1adbca8	659.60	0	0	
G	1dfd34c	659.60	0	0	
G	13899dc	659.61	0	0	
G	161ea6c	659.61	0	0	
G	162074c	659.61	0	0	
G	1620750	659.61	0	0	
G	1620a58	659.61	0	1	
G	1620bdc	659.61	0	0	
G	1620e24	659.61	0	0	
G	1620fc8	659.61	1	1	
G	1621284	659.61	0	0	
G	171b2b8	659.61	0	0	
G	1ac4b0c	659.61	1	4	
G	1adbeb4	659.61	0	3	
G	1adbfd4	659.61	0	2	
G	1adc628	659.61	0	0	
G	1adc6f8	659.61	1	1	
G	1adcc88	659.61	0	0	
G	136f6c0	659.62	0	12	
G	158d424	659.62	0	0	
G	161bc64	659.62	0	0	
G	161bf70	659.62	1	4	
G	161c0f4	659.62	1	1	
G	1740ba8	659.62	2	17	
G	19ed7a0	659.62	1	1	
G	19eddf8	659.62	1	18	
G	117c178	659.63	0	0	
G	1212140	659.63	0	0	
G	136f7e0	659.63	0	8	
G	136fe34	659.63	1	1	
G	13703f4	659.63	2	2	
G	13710a0	659.63	1	1	
G	13716bc	659.63	0	0	
G	1371708	659.63	0	0	
G	1371754	659.63	0	0	
G	13717a0	659.63	0	0	
G	1371870	659.63	2	2	
G	1372aa8	659.63	0	0	
G	13f1d68	659.63	0	0	
G	161bc68	659.63	0	0	
G	171ce10	659.63	1	1	
G	17413b0	659.63	0	0	
G	1372cb4	659.64	1	1	
G	1374a44	659.64	1	1	
G	13797d0	659.64	0	0	
G	137ccec	659.64	7	66	
G	17409b8	659.64	0	0	
G	17415dc	659.64	0	0	
G	1741764	659.64	0	0	
G	1741c48	659.64	0	0	
G	179a440	659.64	0	1	
G	179a5b4	659.64	0	1	
G	179a7b4	659.64	0	0	
G	179a884	659.64	0	0	
G	19e4fc4	659.64	0	0	
G	1232268	659.79	0	2	
G	1378200	659.79	0	0	
G	13b2b78	659.79	1	1	
G	1377ee0	659.80	1	3	
G	13ae474	659.80	0	3	
G	13aec8c	659.80	0	2	
G	1314578	659.84	2	2	
G	1315478	659.84	0	0	
G	1315548	659.84	0	0	
G	164400c	659.84	1	4	
G	1644ab8	659.84	0	0	
G	1188a84	659.85	1	1	
G	13144a8	659.85	0	0	
G	131526c	659.85	0	0	
G	1fed3d0	659.86	0	0	
G	1fed988	659.86	0	0	
G	1ffa704	659.86	1	1	
G	1ffbb14	659.86	0	0	
G	200bc88	659.86	0	0	
G	200c008	659.86	0	0	
G	200c058	659.86	0	0	
G	200c33c	659.86	0	0	
G	201e220	659.86	0	0	
G	201efb4	659.86	0	0	
G	21a1940	659.86	4	4	
G	200c1a0	659.90	0	0	
G	2021ad0	659.90	0	0	
G	2021af4	659.90	0	0	
G	1377390	659.91	0	34	
G	13af054	659.91	0	0	
G	13af940	659.91	0	34	
G	13af9c0	659.91	1	1	
G	13afab8	659.91	0	33	
G	13b1bb8	659.91	1	1	
G	13134ec	659.94	0	0	
G	1388790	659.94	0	6	
G	13889d8	659.94	0	0	
G	1388ad8	659.94	0	0	
G	1388c6c	659.94	1	1	
G	13892c0	659.94	1	2	
G	1389540	659.94	0	0	
G	1389988	659.94	0	0	
G	138a16c	659.94	0	0	
G	138a23c	659.94	1	1	
G	13af0ec	659.94	0	1	
G	13af318	659.94	1	1	
G	13b27c4	659.94	1	1	
G	1647034	659.94	0	0	
G	1647038	659.94	0	0	
G	1647340	659.94	1	3	
G	16474c4	659.94	0	1	
G	16f589c	659.94	0	0	
G	16f58a8	659.94	0	0	
G	1238eec	660.08	0	0	
G	13782e4	660.08	0	0	
G	21d558c	660.08	0	0	
G	21d5f6c	660.08	0	0	
G	13774ec	660.13	0	0	
G	1377928	660.13	0	0	
G	1377a10	660.13	0	0	
G	13b37e8	660.13	1	1	
G	1e68d50	660.13	0	0	
G	216e568	660.13	0	0	
G	2329480	660.16	9	15	
G	1e14908	660.19	1	1	
G	1e14d24	660.19	0	0	
G	1e17218	660.19	0	1	
G	1187638	660.20	0	2	
G	1378588	660.20	3	3	
G	137945c	660.20	0	0	
G	137959c	660.20	0	0	
G	137fa0c	660.20	0	0	
G	137fb8c	660.20	1	1	
G	1380ca8	660.20	0	0	
G	1381378	660.20	0	0	
G	1381828	660.20	0	0	
G	13830a0	660.20	0	0	
G	1386ef8	660.20	0	0	
G	1386fe8	660.20	0	0	
G	138c1b0	660.20	0	0	
G	138c634	660.20	0	0	
G	13b2900	660.20	0	1	
G	13b32a8	660.20	1	1	
G	1722134	660.20	0	0	
G	1238e64	660.21	0	0	
G	1380578	660.21	2	4	
G	1382db0	660.21	1	2	
G	1382fe8	660.21	0	0	
G	1f39954	660.21	1	1	
G	13807e4	660.23	1	1	
G	138142c	660.24	1	1	
G	138196c	660.77	0	0	
G	138c180	660.77	0	0	
G	19f5a04	660.77	0	1	
G	19f5ad8	667.51	0	0	
G	1383490	667.60	0	0	
G	1da1bfc	671.82	0	0	
G	1da1c18	671.82	0	0	
G	17c8b80	671.84	0	0	
G	17c8b98	671.84	0	0	
G	1da1c20	671.84	0	0	
G	17c7d4c	671.86	0	112	
G	17c82b0	671.86	0	111	
G	1cfd440	671.86	0	0	
G	1cfd640	671.86	0	0	
G	1de4e9c	671.86	1	1	
G	14893d8	671.97	0	0	
G	1cfd66c	671.97	1	29	
G	1703468	671.99	1	1	
G	19f125c	671.99	1	9	
G	171c05c	672.14	0	1	
G	1cfd660	672.14	0	0	
G	1cfd774	672.14	0	0	
G	1de5090	672.14	2	4	
G	1de550c	672.14	0	0	
G	1dfbfec	672.14	1	1	
G	1e1d4a0	672.14	1	23	
G	1e1de48	672.14	0	0	
G	158e86c	672.16	0	0	
G	1dfeef4	672.16	1	3	
G	1e1a680	672.16	1	4	
G	1e1e730	672.16	0	0	
G	1e1e74c	672.16	0	0	
G	1958950	672.17	0	1	
G	195969c	672.17	0	1	
G	195b190	672.17	0	0	
G	195bd94	672.17	0	0	
G	1cfd7b8	672.17	0	0	
G	1cfd7d4	672.17	0	0	
G	1e1c33c	672.17	0	0	
G	1e346d0	672.17	0	1	
G	1e34768	672.17	0	0	
G	1e34770	672.17	0	0	
G	1e38da4	672.17	1	1	
G	1e38e50	672.17	0	0	
N	<coverage>		7	7	0
N	CParameterUtility::FindGlobalStringWithKey [emu: hides service_stop_day]		18	72	7
N	_ZN16CCharacterObject8OnDamageERKN24IAttackCollisionCallback23CallbackArgument_DamageEfb		4	312	111
