file	line	value	kind	ghidra	target_380	to_370	comment	test	text
port/src/native/api/api_notify.cpp	45	0x26e3c55	str	0	str:'C:\\BAS_Submission\\Client\\Project\\../Libr'+0	0x26dae91	0	0	constexpr u64 kSingletonH = 0x26e3c55, kInstanceNull = 0x26e3ce5;
port/src/native/api/api_notify.cpp	45	0x26e3ce5	str	0	str:'m_pInstance is null.'+0	0x26daf21	0	0	constexpr u64 kSingletonH = 0x26e3c55, kInstanceNull = 0x26e3ce5;
port/src/native/api/api_notify.cpp	48	0x26e3e82	str	0	str:'C:\\BAS_Submission\\Client\\Project\\../Libr'+0	0x26db0be	0	0	constexpr u64 kStlAllocatorH = 0x26e3e82, kStlStringH = 0x26e3f09, kApiNotifyCpp = 0x2715273;
port/src/native/api/api_notify.cpp	48	0x26e3f09	str	0	str:'C:\\BAS_Submission\\Client\\Project\\../Libr'+0	0x26db145	0	0	constexpr u64 kStlAllocatorH = 0x26e3e82, kStlStringH = 0x26e3f09, kApiNotifyCpp = 0x2715273;
port/src/native/api/api_notify.cpp	48	0x2715273	str	0	str:'C:\\BAS_Submission\\Client\\Project\\..\\Sour'+0	0x270c5d3	0	0	constexpr u64 kStlAllocatorH = 0x26e3e82, kStlStringH = 0x26e3f09, kApiNotifyCpp = 0x2715273;
port/src/native/api/api_notify.cpp	49	0x28d8ab9	str	0	str:'Scale status'+6	0x28d6a39	0	0	constexpr u64 kStatusStr = 0x28d8ab9;  // "status"
port/src/native/api/api_notify.cpp	50	0x26e520e	str	0	str:'apAssignedMemory is null.'+0	0x26dc43e	0	0	constexpr u64 kAssignedNull = 0x26e520e, kNumElementsZero = 0x26e3ed9, kAllocatedNull = 0x26e3eef, kNotFound = 0x27152b9;
port/src/native/api/api_notify.cpp	50	0x26e3ed9	str	0	str:'aNumElements is zero.'+0	0x26db115	0	0	constexpr u64 kAssignedNull = 0x26e520e, kNumElementsZero = 0x26e3ed9, kAllocatedNull = 0x26e3eef, kNotFound = 0x27152b9;
port/src/native/api/api_notify.cpp	50	0x26e3eef	str	0	str:'pAllocatedMemory is null.'+0	0x26db12b	0	0	constexpr u64 kAssignedNull = 0x26e520e, kNumElementsZero = 0x26e3ed9, kAllocatedNull = 0x26e3eef, kNotFound = 0x27152b9;
port/src/native/api/api_notify.cpp	50	0x27152b9	str	0	str:'not found'+0	0x270c619	0	0	constexpr u64 kAssignedNull = 0x26e520e, kNumElementsZero = 0x26e3ed9, kAllocatedNull = 0x26e3eef, kNotFound = 0x27152b9;
port/src/native/api/api_notify.cpp	669	_ZN19SetAssistResultInfo10InitializeEv+0x1b0	symoff	0	_ZN19SetAssistResultInfo10InitializeEv	identical body: offset holds	0	0	static const u64 reinit = guest::sym("_ZN19SetAssistResultInfo10InitializeEv") + 0x1b0;
port/src/native/api/api_notify_test.cpp	170	_ZN19SetAssistResultInfo10InitializeEv+0x1b0	symoff	0	_ZN19SetAssistResultInfo10InitializeEv	identical body: offset holds	0	1	ok &= my_stub_at(t, guest::sym("_ZN19SetAssistResultInfo10InitializeEv") + 0x1b0, "AssistReinit", 2);
port/src/native/api/fakeapi.cpp	112	0x26e3c55	str	0	str:'C:\\BAS_Submission\\Client\\Project\\../Libr'+0	0x26dae91	0	0	guest_call(g("_ZN9Framework9gDoAssertEPKciS1_z"), {lib_base() + 0x26e3c55, 0x23, lib_base() + 0x26e3ce5});
port/src/native/api/fakeapi.cpp	112	0x26e3ce5	str	0	str:'m_pInstance is null.'+0	0x26daf21	0	0	guest_call(g("_ZN9Framework9gDoAssertEPKciS1_z"), {lib_base() + 0x26e3c55, 0x23, lib_base() + 0x26e3ce5});
port/src/native/api/fakeapi.cpp	336	0x27ac477	str	0	str:'uimsg_Last_together_Player'+20	0x27a4177	0	0	call8(set_string, {root, lib_base() + 0x27ac477 /* "Player" */, a});
port/src/native/api/fakeapi.cpp	339	0x2737496	str	0	str:'BuildId'+5	0x272e7f6	0	0	call8(set_string, {at<u32>(player, 0x10) ? at<u64>(player, 8) : 0, lib_base() + 0x2737496 /* "Id" */, a});
port/src/native/api/fakeapi.cpp	343	0x28da55c	str	0	str:'Creator Name'+8	0x28d84d4	0	0	call8(set_string, {at<u32>(player, 0x10) >= 2 ? at<u64>(player, 8) + 0x40 : 0, lib_base() + 0x28da55c /* "Name" */, a});
port/src/native/api/fakeapi.cpp	514	0x26dcfb0	str	0	str:'C:\\BAS_Submission\\Client\\Project\\..\\Libr'+0	0x26d41e0	0	0	const char* ro = (const char*)(lib_base() + 0x26dcfb0);
port/src/native/arena/arena.cpp	29	0x26ef916	str	0	str:'C:\\BAS_Submission\\Client\\Project\\..\\Sour'+0	0x26e6b46	0	0	constexpr u64 kArenaCpp = 0x26ef916;          // ...\Game\Battle\Arena.cpp
port/src/native/arena/arena.cpp	30	0x2864fcd	str	0	str:'C:\\BAS_Submission\\Client\\Library\\Framewo'+0	0x2862f5d	0	0	constexpr u64 kEffectManagerCpp = 0x2864fcd;  // ...\Framework\EffectManager.cpp
port/src/native/arena/arena.cpp	50	0x26ef957	str	0	str:'m_pBattleManager is null.'+0	0x26e6b87	0	0	constexpr u64 kMsgBattle = 0x26ef957, kMsgCamera = 0x26ef971, kMsgScene = 0x26ef989, kMsgSceneFx = 0x26ef9aa, kMsgMap = 0x26ef9dd,
port/src/native/arena/arena.cpp	50	0x26ef971	str	0	str:'m_pArenaCamera is null.'+0	0x26e6ba1	0	0	constexpr u64 kMsgBattle = 0x26ef957, kMsgCamera = 0x26ef971, kMsgScene = 0x26ef989, kMsgSceneFx = 0x26ef9aa, kMsgMap = 0x26ef9dd,
port/src/native/arena/arena.cpp	50	0x26ef989	str	0	str:'m_pSceneObjectContainer is null.'+0	0x26e6bb9	0	0	constexpr u64 kMsgBattle = 0x26ef957, kMsgCamera = 0x26ef971, kMsgScene = 0x26ef989, kMsgSceneFx = 0x26ef9aa, kMsgMap = 0x26ef9dd,
port/src/native/arena/arena.cpp	50	0x26ef9aa	str	0	str:'m_pSceneObjectContainerForEffectContaine'+0	0x26e6bda	0	0	constexpr u64 kMsgBattle = 0x26ef957, kMsgCamera = 0x26ef971, kMsgScene = 0x26ef989, kMsgSceneFx = 0x26ef9aa, kMsgMap = 0x26ef9dd,
port/src/native/arena/arena.cpp	50	0x26ef9dd	str	0	str:'m_pMapManager is null.'+0	0x26e6c0d	0	0	constexpr u64 kMsgBattle = 0x26ef957, kMsgCamera = 0x26ef971, kMsgScene = 0x26ef989, kMsgSceneFx = 0x26ef9aa, kMsgMap = 0x26ef9dd,
port/src/native/arena/arena.cpp	51	0x26ef9f4	str	0	str:'m_pPartyManager is null.'+0	0x26e6c24	0	0	kMsgParty = 0x26ef9f4, kMsgEffect = 0x26efa0d, kMsgSound = 0x26efa27, kMsgCollision = 0x26efa44, kMsgAttack = 0x26efa5f,
port/src/native/arena/arena.cpp	51	0x26efa0d	str	0	str:'m_pEffectManager is null.'+0	0x26e6c3d	0	0	kMsgParty = 0x26ef9f4, kMsgEffect = 0x26efa0d, kMsgSound = 0x26efa27, kMsgCollision = 0x26efa44, kMsgAttack = 0x26efa5f,
port/src/native/arena/arena.cpp	51	0x26efa27	str	0	str:'m_pPlaySoundManager is null.'+0	0x26e6c57	0	0	kMsgParty = 0x26ef9f4, kMsgEffect = 0x26efa0d, kMsgSound = 0x26efa27, kMsgCollision = 0x26efa44, kMsgAttack = 0x26efa5f,
port/src/native/arena/arena.cpp	51	0x26efa44	str	0	str:'m_pCollisionField is null.'+0	0x26e6c74	0	0	kMsgParty = 0x26ef9f4, kMsgEffect = 0x26efa0d, kMsgSound = 0x26efa27, kMsgCollision = 0x26efa44, kMsgAttack = 0x26efa5f,
port/src/native/arena/arena.cpp	51	0x26efa5f	str	0	str:'m_pAttackCollisionContainer is null.'+0	0x26e6c8f	0	0	kMsgParty = 0x26ef9f4, kMsgEffect = 0x26efa0d, kMsgSound = 0x26efa27, kMsgCollision = 0x26efa44, kMsgAttack = 0x26efa5f,
port/src/native/arena/arena.cpp	52	0x26efa84	str	0	str:'m_pUIManager is null.'+0	0x26e6cb4	0	0	kMsgUI = 0x26efa84, kMsgGauge = 0x26efa9a;
port/src/native/arena/arena.cpp	52	0x26efa9a	str	0	str:'m_pOrderGaugeManager is null.'+0	0x26e6cca	0	0	kMsgUI = 0x26efa84, kMsgGauge = 0x26efa9a;
port/src/native/arena/arena.cpp	112	0x26e3c55	str	0	str:'C:\\BAS_Submission\\Client\\Project\\../Libr'+0	0x26dae91	0	0	do_assert(0x26e3c55, 0x23, 0x26e3ce5);  // Framework/TSingleton.h "m_pInstance is null."
port/src/native/arena/arena.cpp	112	0x26e3ce5	str	0	str:'m_pInstance is null.'+0	0x26daf21	0	0	do_assert(0x26e3c55, 0x23, 0x26e3ce5);  // Framework/TSingleton.h "m_pInstance is null."
port/src/native/arena/arena.cpp	300	0x28650e7	str	0	str:'m_ppModels is null.'+0	0x2863077	0	0	if (!ld<u64>(n + 0x28)) do_assert(kEffectManagerCpp, 0x121, 0x28650e7);  // "m_ppModels is null."
port/src/native/arena/arena.cpp	320	0x286318f	str	0	str:'m_pResourceManager is null.'+0	0x286111f	0	0	if (!ld<u64>(self + 8)) do_assert(kEffectManagerCpp, 0x1ff, 0x286318f);  // "m_pResourceManager is null."
port/src/native/arena/arena.cpp	332	0x286318f	str	0	str:'m_pResourceManager is null.'+0	0x286111f	0	0	if (!ld<u64>(self + 8)) do_assert(kEffectManagerCpp, 0x1ff, 0x286318f);
port/src/native/arena/arena.cpp	345	0x286318f	str	0	str:'m_pResourceManager is null.'+0	0x286111f	0	0	do_assert(kEffectManagerCpp, 0x180, 0x286318f);
port/src/native/arena/arena.cpp	356	0x286318f	str	0	str:'m_pResourceManager is null.'+0	0x286111f	0	0	if (!ld<u64>(self + 8)) do_assert(kEffectManagerCpp, 0x242, 0x286318f);
port/src/native/arena/arena.cpp	372	0x286508d	str	0	str:'m_Status != iStatus_Unknown is null.'+0	0x286301d	0	0	if (!ld<u32>(self)) do_assert(kEffectManagerCpp, 0x93, 0x286508d);  // "m_Status != iStatus_Unknown is null."
port/src/native/arena/arena.cpp	379	0x28650e7	str	0	str:'m_ppModels is null.'+0	0x2863077	0	0	if (!ld<u64>(self + 0x18)) do_assert(kEffectManagerCpp, 0x111, 0x28650e7);
port/src/native/arena/arena.cpp	387	0x26e3fbc	str	0	str:'The argument has gotten numeric out of r'+0	0x26db1f8	0	0	a.i(lib() + kEffectManagerCpp).i(0x116).i(lib() + 0x26e3fbc).i(cur).i(cnt);
port/src/native/arena/arena.cpp	434	0x285e6c9	str	0	str:'Parallel Dialog : 0'+18	0x285c676	0	0	a.i(lib() + 0x285e6c9).i(name).i(9).i(0);  // ("0", name, signal type 9, 0)
port/src/native/arena/arena_rd.cpp	70	0x26f6e7c	str	0	str:'C:\\BAS_Submission\\Client\\Project\\..\\Sour'+0	0x26ee0ac	0	0	constexpr u64 kAlgorithmCpp = 0x26f6e7c, kUnknownTypeFmt = 0x26f6ed4, kZeroDentFmt = 0x26f6f2e, kSphereVtableGot = 0x2bc00a8;
port/src/native/arena/arena_rd.cpp	70	0x26f6ed4	str	0	str:'unknown collision type, left(%d) right(%'+0	0x26ee104	0	0	constexpr u64 kAlgorithmCpp = 0x26f6e7c, kUnknownTypeFmt = 0x26f6ed4, kZeroDentFmt = 0x26f6f2e, kSphereVtableGot = 0x2bc00a8;
port/src/native/arena/arena_rd.cpp	70	0x26f6f2e	str	0	str:'collision error. sphere vs Acf. radius i'+0	0x26ee15e	0	0	constexpr u64 kAlgorithmCpp = 0x26f6e7c, kUnknownTypeFmt = 0x26f6ed4, kZeroDentFmt = 0x26f6f2e, kSphereVtableGot = 0x2bc00a8;
port/src/native/arena/arena_rd.cpp	70	0x2bc00a8	got	0	GOT[_ZTVN9Collision21CCollisionShapeSphereE]	0x2bbe1d8	0	0	constexpr u64 kAlgorithmCpp = 0x26f6e7c, kUnknownTypeFmt = 0x26f6ed4, kZeroDentFmt = 0x26f6f2e, kSphereVtableGot = 0x2bc00a8;
port/src/native/arena/arena_rd.cpp	375	0x11ded88	fn	0	anon:_ZNSt6__ndk16__treeINS_12__value_typeIPKN9Collision19CCollisionContainerENS_8functionIFNS2_24eCollisionCallbackResultERKNS2_13stCollideInfoEiEEEEENS_19__map_value_compareIS5_SD_NS_4lessIS5_EELb1EEEN9Framework13CSTLAllocatorISD_NSI_19CSTLMapAllocatorInfEEEE7destroyEPNS_11__tree_nodeISD_PvEE#1+0x0	0x11e4150	0	0	constexpr u64 kAllocate = 0x10b0070, kFree = 0x10cfc00, kMemset = 0x10c4920, kUpdateShapes = 0x10e1550, kWorkSwapOut = 0x11ded88,
port/src/native/arena/arena_rd.cpp	376	0x11def8c	fn	0	anon:_ZNSt6__ndk16__treeINS_12__value_typeIPKN9Collision19CCollisionContainerENS_8functionIFNS2_24eCollisionCallbackResultERKNS2_13stCollideInfoEiEEEEENS_19__map_value_compareIS5_SD_NS_4lessIS5_EELb1EEEN9Framework13CSTLAllocatorISD_NSI_19CSTLMapAllocatorInfEEEE7destroyEPNS_11__tree_nodeISD_PvEE#2+0x0	0x11e4354	0	0	kWorkSplitDtor = 0x11def8c, kInfosReserve = 0x10af210, kFunctionSwap = 0x10bcd70, kDetectByObject = 0x10d66a0,
port/src/native/arena/arena_rd.cpp	378	0x11df67c	fn	0	anon:_ZNSt6__ndk16vectorIPN9Collision13stCollideInfoEN9Framework13CSTLAllocatorIS3_NS4_22CSTLVectorAllocatorInfEEEE24__emplace_back_slow_pathIJS3_EEEvDpOT_#1+0x0	0x11e4a44	0	0	kPushInfoPtr = 0x10e38a0, kSortNearest = 0x11df67c, kWorkVectorDtor = 0x11de598, kPushContainer = 0x10db870,
port/src/native/arena/arena_rd.cpp	378	0x11de598	fn	0	anon:_ZN9Collision15CCollisionField30DetectCollidablesByShapeFilterERN9Framework10CSTLVectorINS_13stCollideInfoEEEPKNS_19CCollisionContainerES8_#1+0x0	0x11e3960	0	0	kPushInfoPtr = 0x10e38a0, kSortNearest = 0x11df67c, kWorkVectorDtor = 0x11de598, kPushContainer = 0x10db870,
port/src/native/arena/arena_rd.cpp	380	0x26e5306	str	0	str:'C:\\BAS_Submission\\Client\\Project\\../Libr'+0	0x26dc536	0	0	constexpr u64 kStlVectorH = 0x26e5306, kStlAllocatorH = 0x26e3e82, kAllocNullFmt = 0x26e3eef, kAssignedNullFmt = 0x26e520e,
port/src/native/arena/arena_rd.cpp	380	0x26e3e82	str	0	str:'C:\\BAS_Submission\\Client\\Project\\../Libr'+0	0x26db0be	0	0	constexpr u64 kStlVectorH = 0x26e5306, kStlAllocatorH = 0x26e3e82, kAllocNullFmt = 0x26e3eef, kAssignedNullFmt = 0x26e520e,
port/src/native/arena/arena_rd.cpp	380	0x26e3eef	str	0	str:'pAllocatedMemory is null.'+0	0x26db12b	0	0	constexpr u64 kStlVectorH = 0x26e5306, kStlAllocatorH = 0x26e3e82, kAllocNullFmt = 0x26e3eef, kAssignedNullFmt = 0x26e520e,
port/src/native/arena/arena_rd.cpp	380	0x26e520e	str	0	str:'apAssignedMemory is null.'+0	0x26dc43e	0	0	constexpr u64 kStlVectorH = 0x26e5306, kStlAllocatorH = 0x26e3e82, kAllocNullFmt = 0x26e3eef, kAssignedNullFmt = 0x26e520e,
port/src/native/arena/arena_rd.cpp	381	0x26e3fbc	str	0	str:'The argument has gotten numeric out of r'+0	0x26db1f8	0	0	kRangeFmt = 0x26e3fbc, kSingletonH = 0x26e3c55, kInstanceNullFmt = 0x26e3ce5, kArenaInstanceGot = 0x2bc1880;
port/src/native/arena/arena_rd.cpp	381	0x26e3c55	str	0	str:'C:\\BAS_Submission\\Client\\Project\\../Libr'+0	0x26dae91	0	0	kRangeFmt = 0x26e3fbc, kSingletonH = 0x26e3c55, kInstanceNullFmt = 0x26e3ce5, kArenaInstanceGot = 0x2bc1880;
port/src/native/arena/arena_rd.cpp	381	0x26e3ce5	str	0	str:'m_pInstance is null.'+0	0x26daf21	0	0	kRangeFmt = 0x26e3fbc, kSingletonH = 0x26e3c55, kInstanceNullFmt = 0x26e3ce5, kArenaInstanceGot = 0x2bc1880;
port/src/native/arena/arena_rd.cpp	381	0x2bc1880	got	0	GOT[_ZN9Framework10TSingletonI6CArenaE11m_pInstanceE]	0x2bbf968	0	0	kRangeFmt = 0x26e3fbc, kSingletonH = 0x26e3c55, kInstanceNullFmt = 0x26e3ce5, kArenaInstanceGot = 0x2bc1880;
port/src/native/audio/audio_csound.cpp	44	0x26f706f	str	0	str:'m_pElements is null.'+0	0x26ee29f	0	0	constexpr u64 kElemsNull = 0x26f706f;    // "m_pElements is null."
port/src/native/audio/audio_csound.cpp	45	0x2867ed6	str	0	str:'C:\\BAS_Submission\\Client\\Library\\Framewo'+0	0x2865e66	0	0	constexpr u64 kContainerH = 0x2867ed6;   // "...ObjectContainer.h"
port/src/native/audio/audio_csound.cpp	46	0x26e3fbc	str	0	str:'The argument has gotten numeric out of r'+0	0x26db1f8	0	0	constexpr u64 kRange = 0x26e3fbc;        // "The argument has gotten numeric out of range.(%d/%d)"
port/src/native/audio/audio_csound.cpp	47	0x26f5114	str	0	str:'Illegal type.(%d)'+0	0x26ec344	0	0	constexpr u64 kIllegalType = 0x26f5114;  // "Illegal type.(%d)"
port/src/native/audio/audio_csound.cpp	97	0x2bc4258	got	0	GOT[_ZN9Framework21CTimeElementContainer9iElementsE]	0x2bc22b0	0	0	return F<float>(F<u64>(lib() + 0x2bc4258, 0), 0x78);
port/src/native/audio/audio_csound.cpp	143	0x2aac5a8	slot	0	vtable with slot anon:_ZN9Framework13CSoundManager12CManageFiber8ProgressEv#1 (at +16)	0x2aab048	1	0	// A stack ICallback whose vtable is at .data 0x2aac5a8 (+0x10).
port/src/native/audio/audio_csound.cpp	144	0x2aac5a8	slot	0	vtable with slot anon:_ZN9Framework13CSoundManager12CManageFiber8ProgressEv#1 (at +16)	0x2aab048	0	0	u64 cb = lib() + 0x2aac5a8 + 0x10;
port/src/native/audio/audio_csound.cpp	224	0x286763d	str	0	str:'apFileName is null.'+0	0x28655cd	0	0	if (name == 0) assert_fail(kSoundCpp, 0x3ff, 0x286763d);  // "apFileName is null."
port/src/native/audio/audio_csound.cpp	246	0x2867e24	str	0	str:"arguments.pEmitter isn't null"+0	0x2865db4	0	0	if (F<u64>(args, 0) != 0) assert_fail(kSoundCpp, 0x416, 0x2867e24);  // "arguments.pEmitter isn't null"
port/src/native/audio/audio_csound.cpp	247	0x2867e77	str	0	str:'arguments.m_3D is enabled.'+0	0x2865e07	0	0	if (F<u8>(args, 0x40) != 0) assert_fail(kSoundCpp, 0x417, 0x2867e77);  // "arguments.m_3D is enabled."
port/src/native/audio/audio_csound.cpp	264	0x2867d29	str	0	str:'m_Handle == iInvalidHandle is null.'+0	0x2865cb9	0	0	if (F<u64>(e, 8) != invalid_handle()) assert_fail(kSoundCpp, 0x123, 0x2867d29);
port/src/native/audio/audio_csound.cpp	266	0x2867cbd	str	0	str:"m_pAskaSoundObject isn't null.(%08x)"+0	0x2865c4d	0	0	if (F<u64>(e, 0x10) != 0) assert_fail(kSoundCpp, 0x125, 0x2867cbd, {F<u64>(e, 0x10)});
port/src/native/audio/audio_csound.cpp	329	0x2867e24	str	0	str:"arguments.pEmitter isn't null"+0	0x2865db4	0	0	if (F<u64>((u64)a, 0) != 0) assert_fail(kSoundCpp, 0x36c, 0x2867e24);  // "arguments.pEmitter isn't null"
port/src/native/audio/audio_csound.cpp	335	0x2867d0a	str	0	str:'m_pHierarchicalObject is null.'+0	0x2865c9a	0	0	assert_fail(kSoundCpp, 0x11d, 0x2867d0a);  // "m_pHierarchicalObject is null."
port/src/native/audio/audio_csound.cpp	357	0x2867d29	str	0	str:'m_Handle == iInvalidHandle is null.'+0	0x2865cb9	0	0	if (F<u64>(e, 8) != invalid_handle()) assert_fail(kSoundCpp, 0x123, 0x2867d29);
port/src/native/audio/audio_csound.cpp	359	0x2867cbd	str	0	str:"m_pAskaSoundObject isn't null.(%08x)"+0	0x2865c4d	0	0	if (F<u64>(e, 0x10) != 0) assert_fail(kSoundCpp, 0x125, 0x2867cbd, {F<u64>(e, 0x10)});
port/src/native/audio/audio_slvoice.cpp	648	0x2bc4eb0	got	0	GOT[SL_IID_VOLUME]	0x2bc2f08	0	0	u64 iid_volume = F<u64>(got(0x2bc4eb0), 0), iid_rate = F<u64>(got(0x2bc4800), 0);
port/src/native/audio/audio_slvoice.cpp	648	0x2bc4800	got	0	GOT[SL_IID_PLAYBACKRATE]	0x2bc2858	0	0	u64 iid_volume = F<u64>(got(0x2bc4eb0), 0), iid_rate = F<u64>(got(0x2bc4800), 0);
port/src/native/audio/audio_slvoice.cpp	649	0x2bbbf80	got	0	GOT[SL_IID_BUFFERQUEUE]	0x2bba1a8	0	0	d.ids[0] = F<u64>(got(0x2bbbf80), 0);
port/src/native/audio/audio_slvoice.cpp	654	0x2bba4e8	got	0	GOT[SL_IID_PLAY]	0x2bb8760	0	0	if ((u32)slcall(F<u64>(v, 0x528), 0x18, {F<u64>(got(0x2bba4e8), 0), v + 0x530}) != 0) return fail();  // PLAY
port/src/native/audio/audio_slvoice.cpp	655	0x2bb8df8	got	0	GOT[SL_IID_ANDROIDSIMPLEBUFFERQUEUE]	0x2bb7098	0	0	if ((u32)slcall(F<u64>(v, 0x528), 0x18, {F<u64>(got(0x2bb8df8), 0), v + 0x538}) != 0) return fail();  // ANDROIDSIMPLEBUFFERQUEUE
port/src/native/audio/audio_slvoice.cpp	656	0x2bbe678	got	0	GOT[_ZN4Aska7SLVoice16SLPlayerCallbackEPKPK30SLAndroidSimpleBufferQueueItf_Pv]	0x2bbc810	0	0	if ((u32)slcall(F<u64>(v, 0x538), 0x18, {got(0x2bbe678), v}) != 0) return fail();                    // RegisterCallback
port/src/native/audio/audio_slvoice.cpp	668	0x2bbb070	got	0	GOT[_ZN4Aska7SLVoice12m_bNoWarningE]	0x2bb92c8	0	0	u8* no_warning = (u8*)got(0x2bbb070);
port/src/native/battle/battle_actor.cpp	64	0x26e3c55	str	0	str:'C:\\BAS_Submission\\Client\\Project\\../Libr'+0	0x26dae91	0	0	do_assert(0x26e3c55, 0x23, 0x26e3ce5);
port/src/native/battle/battle_actor.cpp	64	0x26e3ce5	str	0	str:'m_pInstance is null.'+0	0x26daf21	0	0	do_assert(0x26e3c55, 0x23, 0x26e3ce5);
port/src/native/battle/battle_actor.cpp	68	0x26e3c55	str	0	str:'C:\\BAS_Submission\\Client\\Project\\../Libr'+0	0x26dae91	0	0	do_assert(0x26e3c55, 0x23, 0x26e3ce5);
port/src/native/battle/battle_actor.cpp	68	0x26e3ce5	str	0	str:'m_pInstance is null.'+0	0x26daf21	0	0	do_assert(0x26e3c55, 0x23, 0x26e3ce5);
port/src/native/battle/battle_actor.cpp	125	0x2beebb0	near	0	_ZN9Framework10TSingletonI17CErrorHandlerWrapE11m_pInstanceE+0xff8 (nearest symbol)	0x2becbb0 (nearest-symbol guess: check)	0	0	const u64 table = lib_base() + 0x2beebb0, guard = lib_base() + 0x2beec30;  // static locals
port/src/native/battle/battle_actor_test.cpp	205	0x2beebb0	near	0	_ZN9Framework10TSingletonI17CErrorHandlerWrapE11m_pInstanceE+0xff8 (nearest symbol)	0x2becbb0 (nearest-symbol guess: check)	0	1	const u64 table = lib_base() + 0x2beebb0, guard = lib_base() + 0x2beec30;
port/src/native/battle/battle_calc.cpp	70	0x26e3c55	str	0	str:'C:\\BAS_Submission\\Client\\Project\\../Libr'+0	0x26dae91	0	0	constexpr u64 kSingletonH = 0x26e3c55, kNullMsg = 0x26e3ce5;       // TSingleton.h, "m_pInstance is null."
port/src/native/battle/battle_calc.cpp	70	0x26e3ce5	str	0	str:'m_pInstance is null.'+0	0x26daf21	0	0	constexpr u64 kSingletonH = 0x26e3c55, kNullMsg = 0x26e3ce5;       // TSingleton.h, "m_pInstance is null."
port/src/native/battle/battle_calc.cpp	71	0x26e5306	str	0	str:'C:\\BAS_Submission\\Client\\Project\\../Libr'+0	0x26dc536	0	0	constexpr u64 kVectorH = 0x26e5306, kRangeMsg = 0x26e3fbc;         // STL_Vector.h, "... out of range.(%d/%d)"
port/src/native/battle/battle_calc.cpp	71	0x26e3fbc	str	0	str:'The argument has gotten numeric out of r'+0	0x26db1f8	0	0	constexpr u64 kVectorH = 0x26e5306, kRangeMsg = 0x26e3fbc;         // STL_Vector.h, "... out of range.(%d/%d)"
port/src/native/battle/battle_calc.cpp	145	0x2bef94c	near	0	_ZN9Framework10TSingletonI23CResourceReplaceManagerE11m_pInstanceE+0x2dc (nearest symbol)	0x2bed94c (nearest-symbol guess: check)	0	0	constexpr u64 kRandState = 0x2bef94c;  // library-relative
port/src/native/battle/battle_calc.cpp	278	0x2709f07	str	0	str:'max hp zero!!'+0	0x2701137	0	0	if (!(mhp > 0.0f)) do_assert(0x2709eb0, 0x2fe, 0x2709f07);  // ICalculateParameter.cpp, "max hp zero!!"
port/src/native/battle/battle_calc.cpp	475	0x270885b	str	0	str:'invalid role rank!!'+0	0x26ffa8b	0	0	do_assert(0x2708654, 0xe12, 0x270885b);  // BattleUtility.cpp, "invalid role rank!!"
port/src/native/battle/battle_calc.cpp	544	0x26fc962	str	0	str:'a_pObj is null.'+2	0x26f3b92	0	0	if (!obj) do_assert(0x2708654, 0x345, 0x26fc962);  // BattleUtility.cpp, "pObj is null."
port/src/native/battle/battle_calc.cpp	616	0x26fc962	str	0	str:'a_pObj is null.'+2	0x26f3b92	0	0	if (!obj) do_assert(0x2708654, 0x32c, 0x26fc962);  // BattleUtility.cpp, "pObj is null."
port/src/native/battle/battle_calc.cpp	629	0x27086bb	str	0	str:'pBulletObject is null.'+0	0x26ff8eb	0	0	else do_assert(0x2708654, 0x333, 0x27086bb);  // "pBulletObject is null."
port/src/native/battle/battle_calc.cpp	633	0x27086d2	str	0	str:'%0dAttackBullet'+0	0x26ff902	0	0	fa.i(lib_base() + 0x27086d2).i(*(u32*)ap).sret(name.raw);  // "%0dAttackBullet"
port/src/native/battle/battle_calc.cpp	702	0x26e3e82	str	0	str:'C:\\BAS_Submission\\Client\\Project\\../Libr'+0	0x26db0be	0	0	if (!list[1]) do_assert(0x26e3e82, 0xcc, 0x26e520e);  // STL_Allocator.h, "apAssignedMemory is null."
port/src/native/battle/battle_calc.cpp	702	0x26e520e	str	0	str:'apAssignedMemory is null.'+0	0x26dc43e	0	0	if (!list[1]) do_assert(0x26e3e82, 0xcc, 0x26e520e);  // STL_Allocator.h, "apAssignedMemory is null."
port/src/native/battle/battle_calc.cpp	777	0x26fff05	str	0	str:'IsBlank() == false is null.'+0	0x26f7135	0	0	if (*(s32*)(self + 0x1a0) == -1) do_assert(kFile, 0xcb, 0x26fff05);  // "IsBlank() == false is null."
port/src/native/battle/battle_calc.cpp	778	0x26fff21	str	0	str:'m_StartArguments.m_hShooter != CSceneObj'+0	0x26f7151	0	0	if (*(u32*)(self + 0x218) == 0) do_assert(kFile, 0xcc, 0x26fff21);
port/src/native/battle/battle_calc_test.cpp	44	0x2bef94c	near	0	_ZN9Framework10TSingletonI23CResourceReplaceManagerE11m_pInstanceE+0x2dc (nearest symbol)	0x2bed94c (nearest-symbol guess: check)	0	1	u32* rng_words() { return (u32*)(lib_base() + 0x2bef94c); }
port/src/native/battle/battle_charobj.cpp	133	0x26eeb68	str	0	str:'pComponent is null.'+0	0x26e5d98	0	0	if (!comp) assert_fail(kCharObjCpp, 0x21b2, 0x26eeb68);  // "pComponent is null."
port/src/native/battle/battle_charobj.cpp	181	0x26e5306	str	0	str:'C:\\BAS_Submission\\Client\\Project\\../Libr'+0	0x26dc536	0	0	if (!(n > i)) ccall(CG("_ZN9Framework9gDoAssertEPKciS1_z"), {lib() + 0x26e5306, 0x58, lib() + 0x26e3fbc, i, n});
port/src/native/battle/battle_charobj.cpp	181	0x26e3fbc	str	0	str:'The argument has gotten numeric out of r'+0	0x26db1f8	0	0	if (!(n > i)) ccall(CG("_ZN9Framework9gDoAssertEPKciS1_z"), {lib() + 0x26e5306, 0x58, lib() + 0x26e3fbc, i, n});
port/src/native/battle/battle_charobj.cpp	614	0x2700cfb	str	0	str:'m_pDecoManager is null.'+0	0x26f7f2b	0	0	assert_fail(kCharObjCpp, 0x264d, 0x2700cfb);  // "m_pDecoManager is null."
port/src/native/battle/battle_charobj.h	145	0x26e3c55	str	0	str:'C:\\BAS_Submission\\Client\\Project\\../Libr'+0	0x26dae91	0	0	constexpr u64 kSingletonH = 0x26e3c55, kInstanceNull = 0x26e3ce5;
port/src/native/battle/battle_charobj.h	145	0x26e3ce5	str	0	str:'m_pInstance is null.'+0	0x26daf21	0	0	constexpr u64 kSingletonH = 0x26e3c55, kInstanceNull = 0x26e3ce5;
port/src/native/battle/battle_charobj.h	163	0x2700b04	str	0	str:'C:\\BAS_Submission\\Client\\Project\\..\\Sour'+0	0x26f7d34	0	0	constexpr u64 kCharObjCpp = 0x2700b04;
port/src/native/battle/battle_charobj_attack.cpp	34	0x26e5306	str	0	str:'C:\\BAS_Submission\\Client\\Project\\../Libr'+0	0x26dc536	0	0	ccall(CG("_ZN9Framework9gDoAssertEPKciS1_z"), {lib() + 0x26e5306, 0x52, lib() + 0x26e3fbc, i, n});
port/src/native/battle/battle_charobj_attack.cpp	34	0x26e3fbc	str	0	str:'The argument has gotten numeric out of r'+0	0x26db1f8	0	0	ccall(CG("_ZN9Framework9gDoAssertEPKciS1_z"), {lib() + 0x26e5306, 0x52, lib() + 0x26e3fbc, i, n});
port/src/native/battle/battle_charobj_misc.cpp	95	0x29b7de0	near	0	_ZTINSt6__ndk120__shared_ptr_emplaceI34CMasterParameterBunkerSetupElement18ParameterAllocatorIS1_EEE+0x20 (nearest symbol)	0x29b2600 (nearest-symbol guess: check)	1	0	// smoke (table at lib+0x29b7de0) within 4000 of the camera, with the attack-effect alpha.
port/src/native/battle/battle_charobj_misc.cpp	101	0x29b7de0	near	0	_ZTINSt6__ndk120__shared_ptr_emplaceI34CMasterParameterBunkerSetupElement18ParameterAllocatorIS1_EEE+0x20 (nearest symbol)	0x29b2600 (nearest-symbol guess: check)	0	0	u32 eff = ld<u32>(ld<u64>(lib() + 0x29b7de0 + 8 * (u64)mat));
port/src/native/battle/battle_charobj_misc.cpp	131	0x26e5306	str	0	str:'C:\\BAS_Submission\\Client\\Project\\../Libr'+0	0x26dc536	0	0	ccall(CG("_ZN9Framework9gDoAssertEPKciS1_z"), {lib() + 0x26e5306, 0x58, lib() + 0x26e3fbc, i, n});
port/src/native/battle/battle_charobj_misc.cpp	131	0x26e3fbc	str	0	str:'The argument has gotten numeric out of r'+0	0x26db1f8	0	0	ccall(CG("_ZN9Framework9gDoAssertEPKciS1_z"), {lib() + 0x26e5306, 0x58, lib() + 0x26e3fbc, i, n});
port/src/native/battle/battle_charobj_post.cpp	222	0x26eeb68	str	0	str:'pComponent is null.'+0	0x26e5d98	0	0	assert_fail(kCharObjCpp, 0x1081, 0x26eeb68);  // "pComponent is null."
port/src/native/battle/battle_charobj_post.cpp	293	0x2700ae5	str	0	str:'MAGIC'+0	0x26f7d15	0	0	check_signal(self, lib() + 0x2700ae5 /* "MAGIC" */, ld<u32>(self + 0x5140), ld<u32>(self + 0x5144), ldf(self + 0x7730), self + 0x6468,
port/src/native/battle/battle_charobj_progress.cpp	76	0x2700ad5	str	0	str:'signal_NoMotion'+0	0x26f7d05	0	0	lib() + 0x2700ad5 /* "signal_NoMotion" */, ld<u32>(E + 0x118c));
port/src/native/battle/battle_charobj_signal.cpp	136	0x26e5306	str	0	str:'C:\\BAS_Submission\\Client\\Project\\../Libr'+0	0x26dc536	0	0	ccall(CG("_ZN9Framework9gDoAssertEPKciS1_z"), {lib() + 0x26e5306, 0x52, lib() + 0x26e3fbc, (u64)k, cnt});
port/src/native/battle/battle_charobj_signal.cpp	136	0x26e3fbc	str	0	str:'The argument has gotten numeric out of r'+0	0x26db1f8	0	0	ccall(CG("_ZN9Framework9gDoAssertEPKciS1_z"), {lib() + 0x26e5306, 0x52, lib() + 0x26e3fbc, (u64)k, cnt});
port/src/native/battle/battle_charobj_small.cpp	64	0x26eeb68	str	0	str:'pComponent is null.'+0	0x26e5d98	0	0	if (!comp) assert_fail(kCharObjCpp, 0x1652, 0x26eeb68);  // "pComponent is null."
port/src/native/battle/battle_charobj_small2.cpp	64	0x26e5306	str	0	str:'C:\\BAS_Submission\\Client\\Project\\../Libr'+0	0x26dc536	0	0	if (!(n > i)) ccall(CG("_ZN9Framework9gDoAssertEPKciS1_z"), {lib() + 0x26e5306, 0x58, lib() + 0x26e3fbc, i, n});
port/src/native/battle/battle_charobj_small2.cpp	64	0x26e3fbc	str	0	str:'The argument has gotten numeric out of r'+0	0x26db1f8	0	0	if (!(n > i)) ccall(CG("_ZN9Framework9gDoAssertEPKciS1_z"), {lib() + 0x26e5306, 0x58, lib() + 0x26e3fbc, i, n});
port/src/native/battle/battle_charobj_small2.cpp	145	0x29b6618	slot	0	vtable with slot lambda:N16CCharacterObject21OnAddToCollisionFieldEv#0.0 (at +0)	0x29b0e38	1	0	// std::function<> holding a lambda that captures `this` (vtable lib+0x29b6618).
port/src/native/battle/battle_charobj_small2.cpp	150	0x29b6618	slot	0	vtable with slot lambda:N16CCharacterObject21OnAddToCollisionFieldEv#0.0 (at +0)	0x29b0e38	0	0	st<u64>((u64)fn, lib() + 0x29b6618);
port/src/native/battle/battle_charobj_test.cpp	697	0x29bd708	near	0	_ZTINSt6__ndk120__shared_ptr_emplaceI29CMasterParameterTalentElement18ParameterAllocatorIS1_EEE+0x18 (nearest symbol)	0x29b7f28 (nearest-symbol guess: check)	0	1	u64 type_name = ld<u64>(lib() + 0x29bd708 + 8 * (s64)type);
port/src/native/battle/battle_core.cpp	495	0x26f2321	str	0	str:'m_pBossCamera is null.'+0	0x26e9551	0	0	assert_fail(0x26f12b8, 0x5ff, 0x26f2321);  // BattleManager.cpp "m_pBossCamera is null."
port/src/native/battle/battle_core.cpp	498	0x26efbf4	str	0	str:'Camera/Boss.asf'+0	0x26e6e24	0	0	{ld<u64>(self + kBossCamera), lib() + 0x26efbf4 /* "Camera/Boss.asf" */, lib() + 0x28d4091 /* "" */,
port/src/native/battle/battle_core.cpp	499	0x26f2338	str	0	str:'BossCameraController'+0	0x26e9568	0	0	lib() + 0x28d4091, lib() + 0x26f2338 /* "BossCameraController" */, 0});
port/src/native/battle/battle_core.cpp	586	0x29aaae8	slot	0	vtable with slot lambda:N6CArena19SetDisconnectPlayerEbi#0.0 (at +0)	0x29a5308	0	0	alignas(16) u64 fn[6] = {lib() + 0x29aaae8, self, (u64)last, 0, 0, 0};
port/src/native/battle/battle_core.cpp	821	0x29aab68	slot	0	vtable with slot lambda:N6CArena19SetDisconnectPlayerEbi#0.0 (at +0)	0x29a5388	0	0	GuestFunction fn(0x29aab68, self);
port/src/native/battle/battle_core.cpp	825	0x27002fd	str	0	str:'m_pOwner is null.'+2	0x26f752d	0	0	if (!ch) assert_fail(0x26f12b8, 0x8a4, 0x27002fd);
port/src/native/battle/battle_core.cpp	831	0x29aabe8	slot	0	vtable with slot lambda:N6CArena19SetDisconnectPlayerEbi#0.0 (at +0)	0x29a5408	0	0	GuestFunction fn(0x29aabe8, ch, self);
port/src/native/battle/battle_core.cpp	843	0x29aac68	slot	0	vtable with slot lambda:N6CArena19SetDisconnectPlayerEbi#0.0 (at +0)	0x29a5488	0	0	GuestFunction fn(0x29aac68, self);
port/src/native/battle/battle_core.cpp	847	0x27002fd	str	0	str:'m_pOwner is null.'+2	0x26f752d	0	0	if (!ch) assert_fail(0x26f12b8, 0x8d6, 0x27002fd);
port/src/native/battle/battle_core.cpp	853	0x29aace8	slot	0	vtable with slot lambda:N6CArena19SetDisconnectPlayerEbi#0.0 (at +0)	0x29a5508	0	0	GuestFunction fn(0x29aace8, ch, self);
port/src/native/battle/battle_core.cpp	890	0x29aa968	slot	0	vtable with slot lambda:N6CArena19SetDisconnectPlayerEbi#0.0 (at +0)	0x29a5188	0	0	GuestFunction fn(0x29aa968, self);
port/src/native/battle/battle_core.cpp	911	0x29aa9e8	slot	0	vtable with slot lambda:N6CArena19SetDisconnectPlayerEbi#0.0 (at +0)	0x29a5208	0	0	GuestFunction on_a(0x29aa9e8, 0);  // (captures nothing)
port/src/native/battle/battle_core.cpp	912	0x29aaa68	slot	0	vtable with slot lambda:N6CArena19SetDisconnectPlayerEbi#0.0 (at +0)	0x29a5288	0	0	GuestFunction on_b(0x29aaa68, self, self);
port/src/native/battle/battle_core.cpp	945	0x26f2311	str	0	str:'target is null.'+0	0x26e9541	0	0	if (!ch) assert_fail(0x26f12b8, 0x5df, 0x26f2311);
port/src/native/battle/battle_core.cpp	1037	0x26f2584	str	0	str:'BAS_SYSTEM_BGM_04'+0	0x26e97b4	0	0	binvoke(BG("_ZN6CArena7PlayBGMEPKcf"), instance(slot_arena()), lib() + 0x26f2584, 0.0f);
port/src/native/battle/battle_core.cpp	1126	0x26f2596	str	0	str:'BAS_SYSTEM_BGM_05'+0	0x26e97c6	0	0	constexpr u64 kSystemBgm05 = 0x26f2596;  // "BAS_SYSTEM_BGM_05"
port/src/native/battle/battle_core.cpp	1177	0x26eeb89	str	0	str:'pStage is null.'+0	0x26e5db9	0	0	assert_fail(0x26f12b8, 0x9cc, 0x26eeb89);
port/src/native/battle/battle_core.h	79	0x26e3c55	str	0	str:'C:\\BAS_Submission\\Client\\Project\\../Libr'+0	0x26dae91	0	0	constexpr u64 kSingletonH = 0x26e3c55, kInstanceNull = 0x26e3ce5;
port/src/native/battle/battle_core.h	79	0x26e3ce5	str	0	str:'m_pInstance is null.'+0	0x26daf21	0	0	constexpr u64 kSingletonH = 0x26e3c55, kInstanceNull = 0x26e3ce5;
port/src/native/battle/battle_core_check.cpp	197	0x29aab68	slot	0	vtable with slot lambda:N6CArena19SetDisconnectPlayerEbi#0.0 (at +0)	0x29a5388	0	0	bool one = vt == 0x29aab68 || vt == 0x29aac68;  // only `this` captured
port/src/native/battle/battle_core_check.cpp	197	0x29aac68	slot	0	vtable with slot lambda:N6CArena19SetDisconnectPlayerEbi#0.0 (at +0)	0x29a5488	0	0	bool one = vt == 0x29aab68 || vt == 0x29aac68;  // only `this` captured
port/src/native/battle/battle_damage_object.cpp	143	0x26ffeaf	str	0	str:'IsBlank() is null.'+0	0x26f70df	0	0	if (*(s32*)(self + 0x1a0) != -1) do_assert(kFile, 0x77, 0x26ffeaf);  // "IsBlank() is null."
port/src/native/battle/battle_damage_object.cpp	168	0x26ffec2	str	0	str:'m_EffectHandle == Framework::CEffectMode'+0	0x26f70f2	0	0	if (*(u32*)(self + 0x250)) do_assert(kFile, 0x94, 0x26ffec2);  // "m_EffectHandle == ... iInvalidHandle is null."
port/src/native/battle/battle_damage_object.cpp	230	0x26ffd73	str	0	str:'m_Type == battle::iBulletType_Linear || '+0	0x26f6fa3	0	0	if (!(t <= 6 && ((1u << t) & 0x45))) do_assert(0x26ffd20, 0x1f, 0x26ffd73);  // "m_Type == ...Linear || ...Horming || ...Boomerang"
port/src/native/battle/battle_damage_object.cpp	336	0x26fff05	str	0	str:'IsBlank() == false is null.'+0	0x26f7135	0	0	if (*(s32*)(self + 0x1a0) == -1) do_assert(0x26ffd20, 0xda, 0x26fff05);  // "IsBlank() == false is null."
port/src/native/battle/battle_damage_object_test.cpp	90	0x1234560	fn	0	_ZN21CAnimationModelObject16Progress_ReleaseEv+0x80	0x123890c	0	1	s.behave["bc:vcall-f8(matrix)"] = [](Cpu& c) { c.set_x(0, 0x1234560); };
port/src/native/battle/battle_factor.cpp	36	0x27f4bb0	str	0	str:'ZN21CStackItemCacheDialog23OpenSelectPre'+48	0x27ee4a0	1	0	constexpr float kFramesPerSecond = 60.0f;  // the guest constant at 0x27f4bb0
port/src/native/battle/battle_factor_check.cpp	54	0x26e3c55	str	0	str:'C:\\BAS_Submission\\Client\\Project\\../Libr'+0	0x26dae91	0	0	constexpr u64 kSingletonH = 0x26e3c55;  // "...Framework/TSingleton.h"
port/src/native/battle/battle_factor_check.cpp	55	0x26e3ce5	str	0	str:'m_pInstance is null.'+0	0x26daf21	0	0	constexpr u64 kInstanceNull = 0x26e3ce5;  // "m_pInstance is null."
port/src/native/battle/battle_factor_check.cpp	57	0x27002fd	str	0	str:'m_pOwner is null.'+2	0x26f752d	0	0	constexpr u64 kOwnerNull = 0x27002fd;  // "pOwner is null."
port/src/native/battle/battle_factor_check.cpp	349	0x26e5306	str	0	str:'C:\\BAS_Submission\\Client\\Project\\../Libr'+0	0x26dc536	0	0	constexpr u64 kVectorH = 0x26e5306;   // "...Framework/STL_Vector.h" (CSTLVector::operator[])
port/src/native/battle/battle_factor_check.cpp	350	0x26e3fbc	str	0	str:'The argument has gotten numeric out of r'+0	0x26db1f8	0	0	constexpr u64 kOutOfRange = 0x26e3fbc;  // "The argument has gotten numeric out of range.(%d/%d)"
port/src/native/battle/battle_factor_check.cpp	1343	0x1234560	fn	0	_ZN21CAnimationModelObject16Progress_ReleaseEv+0x80	0x123890c	0	0	ss.behave["rOrderGaugeManager"] = [](Cpu& c) { c.set_x(0, 0x1234560); };
port/src/native/battle/battle_files.cpp	84	0x26e3c55	str	0	str:'C:\\BAS_Submission\\Client\\Project\\../Libr'+0	0x26dae91	0	0	do_assert(0x26e3c55, 0x23, 0x26e3ce5);  // TSingleton.h, "m_pInstance is null."
port/src/native/battle/battle_files.cpp	84	0x26e3ce5	str	0	str:'m_pInstance is null.'+0	0x26daf21	0	0	do_assert(0x26e3c55, 0x23, 0x26e3ce5);  // TSingleton.h, "m_pInstance is null."
port/src/native/battle/battle_files.cpp	212	0x26e3c55	str	0	str:'C:\\BAS_Submission\\Client\\Project\\../Libr'+0	0x26dae91	0	0	do_assert(0x26e3c55, 0x23, 0x26e3ce5);
port/src/native/battle/battle_files.cpp	212	0x26e3ce5	str	0	str:'m_pInstance is null.'+0	0x26daf21	0	0	do_assert(0x26e3c55, 0x23, 0x26e3ce5);
port/src/native/battle/battle_files.cpp	216	0x2700b6c	str	0	str:'pAttackParamSkill is null.'+0	0x26f7d9c	0	0	if (!table) do_assert(0x2708654, 0xe45, 0x2700b6c);  // BattleUtility.cpp, "pAttackParamSkill is null."
port/src/native/battle/battle_files.cpp	279	0x26e3c55	str	0	str:'C:\\BAS_Submission\\Client\\Project\\../Libr'+0	0x26dae91	0	0	do_assert(0x26e3c55, 0x23, 0x26e3ce5);
port/src/native/battle/battle_files.cpp	279	0x26e3ce5	str	0	str:'m_pInstance is null.'+0	0x26daf21	0	0	do_assert(0x26e3c55, 0x23, 0x26e3ce5);
port/src/native/battle/battle_files.cpp	283	0x2700b56	str	0	str:'pPersonParam is null.'+0	0x26f7d86	0	0	if (!table) do_assert(0x2708654, 0xd35, 0x2700b56);  // BattleUtility.cpp, "pPersonParam is null."
port/src/native/battle/battle_glue.h	133	0x26e3c55	str	0	str:'C:\\BAS_Submission\\Client\\Project\\../Libr'+0	0x26dae91	0	0	constexpr u64 kSingletonH = 0x26e3c55, kInstanceNull = 0x26e3ce5;  // TSingleton.h:35 "m_pInstance is null."
port/src/native/battle/battle_glue.h	133	0x26e3ce5	str	0	str:'m_pInstance is null.'+0	0x26daf21	0	0	constexpr u64 kSingletonH = 0x26e3c55, kInstanceNull = 0x26e3ce5;  // TSingleton.h:35 "m_pInstance is null."
port/src/native/battle/battle_glue_rt.cpp	92	0x26e3e82	str	0	str:'C:\\BAS_Submission\\Client\\Project\\../Libr'+0	0x26db0be	0	0	constexpr u64 kStlAllocatorH = 0x26e3e82, kStlStringH = 0x26e3f09;
port/src/native/battle/battle_glue_rt.cpp	92	0x26e3f09	str	0	str:'C:\\BAS_Submission\\Client\\Project\\../Libr'+0	0x26db145	0	0	constexpr u64 kStlAllocatorH = 0x26e3e82, kStlStringH = 0x26e3f09;
port/src/native/battle/battle_glue_rt.cpp	93	0x26e520e	str	0	str:'apAssignedMemory is null.'+0	0x26dc43e	0	0	constexpr u64 kMsgAssignedNull = 0x26e520e, kMsgZeroElements = 0x26e3ed9, kMsgAllocatedNull = 0x26e3eef;
port/src/native/battle/battle_glue_rt.cpp	93	0x26e3ed9	str	0	str:'aNumElements is zero.'+0	0x26db115	0	0	constexpr u64 kMsgAssignedNull = 0x26e520e, kMsgZeroElements = 0x26e3ed9, kMsgAllocatedNull = 0x26e3eef;
port/src/native/battle/battle_glue_rt.cpp	93	0x26e3eef	str	0	str:'pAllocatedMemory is null.'+0	0x26db12b	0	0	constexpr u64 kMsgAssignedNull = 0x26e520e, kMsgZeroElements = 0x26e3ed9, kMsgAllocatedNull = 0x26e3eef;
port/src/native/battle/battle_load.cpp	68	0x26e3c55	str	0	str:'C:\\BAS_Submission\\Client\\Project\\../Libr'+0	0x26dae91	0	0	if (!*(u64*)slot) do_assert(0x26e3c55, 0x23, 0x26e3ce5);  // TSingleton.h, "m_pInstance is null."
port/src/native/battle/battle_load.cpp	68	0x26e3ce5	str	0	str:'m_pInstance is null.'+0	0x26daf21	0	0	if (!*(u64*)slot) do_assert(0x26e3c55, 0x23, 0x26e3ce5);  // TSingleton.h, "m_pInstance is null."
port/src/native/battle/battle_misc.cpp	25	0x26e3c55	str	0	str:'C:\\BAS_Submission\\Client\\Project\\../Libr'+0	0x26dae91	0	0	do_assert(0x26e3c55, 0x23, 0x26e3ce5);  // TSingleton.h, "m_pInstance is null."
port/src/native/battle/battle_misc.cpp	25	0x26e3ce5	str	0	str:'m_pInstance is null.'+0	0x26daf21	0	0	do_assert(0x26e3c55, 0x23, 0x26e3ce5);  // TSingleton.h, "m_pInstance is null."
port/src/native/battle/battle_misc.cpp	49	0x28d9c2c	str	0	str:'Task level'+5	0x28d7bac	0	0	QueryParam q{(const char*)(lib_base() + 0x28d9c2c), 5, buf, strlen(buf), 0, 0};  // "level"
port/src/native/battle/battle_misc.cpp	51	0x27668d1	str	0	str:'SELECT * FROM master_character_common_pa'+0	0x275dbd1	0	0	a.i(table).i(lib_base() + 0x27668d1).p(&q).i(1).sret(out);  // "SELECT * FROM master_character_common_parameter WHERE level=?"
port/src/native/battle/battle_misc.cpp	108	0x26efb13	str	0	str:'BattleCommonSE'+0	0x26e6d43	0	0	pkg = lib_base() + 0x26efb13;  // "BattleCommonSE"
port/src/native/battle/battle_misc.cpp	143	0x26e4b4f	str	0	str:'pWeaponList is null.'+0	0x26dbd7f	0	0	if (!wt) do_assert(0x2708654, 0xcbf, 0x26e4b4f);  // BattleUtility.cpp, "pWeaponList is null."
port/src/native/battle/battle_misc.cpp	151	0x26e4b0f	str	0	str:'pWeaponKind is null.'+0	0x26dbd3f	0	0	if (!kt) do_assert(0x2708654, 0xcc9, 0x26e4b0f);  // "pWeaponKind is null."
port/src/native/battle/battle_misc.cpp	232	0x2708c34	str	0	str:'skill10_id'+8	0x26ffe64	0	0	QueryParam q{(const char*)(lib_base() + 0x2708c34), 2, buf, strlen(buf), 0, 0};  // "id"
port/src/native/battle/battle_misc.cpp	235	0x2708b47	str	0	str:'SELECT * FROM master_voice_switch WHERE '+0	0x26ffd77	0	0	qa.i(table).i(lib_base() + 0x2708b47).p(&q).i(1).sret(e);  // "SELECT * FROM master_voice_switch WHERE id=?"
port/src/native/battle/battle_misc.cpp	287	0x26e4bb5	str	0	str:'pRole is null.'+0	0x26dbde5	0	0	if (!roles) do_assert(0x2708654, 0xa9, 0x26e4bb5);  // BattleUtility.cpp, "pRole is null."
port/src/native/battle/battle_misc.cpp	293	0x2700c0d	str	0	str:'pAssistParam is null.'+0	0x26f7e3d	0	0	if (!table) do_assert(0x2708654, 0xb6, 0x2700c0d);  // "pAssistParam is null."
port/src/native/battle/battle_misc.cpp	298	0x26e5789	str	0	str:'assist_skill_category_id'+0	0x26dc9b9	0	0	QueryParam q{(const char*)(lib_base() + 0x26e5789), 0x18, buf, strlen(buf), 0, 0};  // "assist_skill_category_id"
port/src/native/battle/battle_misc.cpp	299	0x270889a	str	0	str:'SELECT * FROM master_assist_skill_parame'+0	0x26ffaca	0	0	guest_call(by_query, {table, lib_base() + 0x270889a, (u64)map, (u64)&q, 1});  // "SELECT * FROM master_assist_skill_parameter WHERE ..."
port/src/native/battle/battle_nowloading.cpp	141	0x2a79368	slot	0	vtable with slot lambda:N6CArena19SetDisconnectPlayerEbi#0.0 (at +0)	0x2a75558	0	0	constexpr u64 kNlLambdaVt = 0x2a79368;   // the "nl" animation's end callback
port/src/native/battle/battle_nowloading.cpp	321	0x2a796e8	slot	0	vtable with slot lambda:N6CArena19SetDisconnectPlayerEbi#0.0 (at +0)	0x2a758d8	0	0	constexpr u64 kSdcharaLambdaVt = 0x2a796e8, kLoopLambdaVt = 0x2a79768, kSdStopLambdaVt = 0x2a79668;
port/src/native/battle/battle_nowloading.cpp	321	0x2a79768	slot	0	vtable with slot lambda:N6CArena19SetDisconnectPlayerEbi#0.0 (at +0)	0x2a75958	0	0	constexpr u64 kSdcharaLambdaVt = 0x2a796e8, kLoopLambdaVt = 0x2a79768, kSdStopLambdaVt = 0x2a79668;
port/src/native/battle/battle_nowloading.cpp	321	0x2a79668	slot	0	vtable with slot lambda:N6CArena19SetDisconnectPlayerEbi#0.0 (at +0)	0x2a75858	0	0	constexpr u64 kSdcharaLambdaVt = 0x2a796e8, kLoopLambdaVt = 0x2a79768, kSdStopLambdaVt = 0x2a79668;
port/src/native/battle/battle_party.cpp	80	0x26f22fd	str	0	str:'pCharacter is null.'+0	0x26e952d	0	0	constexpr u64 kPartyManagerCpp = 0x2703d48, kMsgCharacterNull = 0x26f22fd, kMsgInvalidIndex = 0x2703df8;
port/src/native/battle/battle_party.cpp	80	0x2703df8	str	0	str:'SetControlCharacter index is invalid'+0	0x26fb028	0	0	constexpr u64 kPartyManagerCpp = 0x2703d48, kMsgCharacterNull = 0x26f22fd, kMsgInvalidIndex = 0x2703df8;
port/src/native/battle/battle_party.cpp	320	0x29bb2b8	slot	0	vtable with slot lambda:N13CPartyManager18CheckDeadOrRevivalEv#0.0 (at +0)	0x29b5ad8	0	0	constexpr u64 kEnemyCallbackVtable = 0x29bb2b8;
port/src/native/battle/battle_party.cpp	1154	0x29bb2b8	slot	0	vtable with slot lambda:N13CPartyManager18CheckDeadOrRevivalEv#0.0 (at +0)	0x29b5ad8	0	0	st<u64>(fn, lib() + 0x29bb2b8);
port/src/native/battle/battle_signal.cpp	89	0x29bd708	near	0	_ZTINSt6__ndk120__shared_ptr_emplaceI29CMasterParameterTalentElement18ParameterAllocatorIS1_EEE+0x18 (nearest symbol)	0x29b7f28 (nearest-symbol guess: check)	0	0	u64 type_name = ld<u64>(lib() + 0x29bd708 + 8 * (s64)ld<s32>(chk + 8));
port/src/native/battle/battle_stage.cpp	46	0x270645e	str	0	str:'m_pArena is null.'+0	0x26fd68e	0	0	constexpr u64 kStageCpp = 0x27063e0, kMsgArenaNull = 0x270645e, kMsgInvalidParty = 0x2706428, kMsgAIMoveNull = 0x2706441;
port/src/native/battle/battle_stage.cpp	46	0x2706428	str	0	str:'invalid selected party !'+0	0x26fd658	0	0	constexpr u64 kStageCpp = 0x27063e0, kMsgArenaNull = 0x270645e, kMsgInvalidParty = 0x2706428, kMsgAIMoveNull = 0x2706441;
port/src/native/battle/battle_stage.cpp	46	0x2706441	str	0	str:'pAIAppointMoveParam is null.'+0	0x26fd671	0	0	constexpr u64 kStageCpp = 0x27063e0, kMsgArenaNull = 0x270645e, kMsgInvalidParty = 0x2706428, kMsgAIMoveNull = 0x2706441;
port/src/native/battle/battle_stage.cpp	48	0x26e5306	str	0	str:'C:\\BAS_Submission\\Client\\Project\\../Libr'+0	0x26dc536	0	0	constexpr u64 kStlVectorH = 0x26e5306, kMsgOutOfRange = 0x26e3fbc;
port/src/native/battle/battle_stage.cpp	48	0x26e3fbc	str	0	str:'The argument has gotten numeric out of r'+0	0x26db1f8	0	0	constexpr u64 kStlVectorH = 0x26e5306, kMsgOutOfRange = 0x26e3fbc;
port/src/native/battle/battle_stage.cpp	49	0x26f5055	str	0	str:'C:\\BAS_Submission\\Client\\Project\\Android'+0	0x26ec285	0	0	constexpr u64 kNativeActivityCpp = 0x26f5055, kMsgContainerNull = 0x26ef989;
port/src/native/battle/battle_stage.cpp	49	0x26ef989	str	0	str:'m_pSceneObjectContainer is null.'+0	0x26e6bb9	0	0	constexpr u64 kNativeActivityCpp = 0x26f5055, kMsgContainerNull = 0x26ef989;
port/src/native/battle/battle_stage.cpp	50	0x26f06e7	str	0	str:'pMissionParam is null.'+0	0x26e7917	0	0	constexpr u64 kPhaseBattleCpp = 0x276c2a0, kMsgMissionParamNull = 0x26f06e7;
port/src/native/battle/battle_stage.cpp	155	0x29bc658	slot	0	vtable with slot lambda:N16CBattleUIManager10InitializeEv#7.0 (at +0)	0x29b6e78	0	0	st<u64>(fn, lib() + 0x29bc658);
port/src/native/battle/battle_stage.cpp	266	0x26e3e82	str	0	str:'C:\\BAS_Submission\\Client\\Project\\../Libr'+0	0x26db0be	0	0	if (!end) do_assert(0x26e3e82, 0xcc, 0x26e520e);  // (STL_Allocator.h "apAssignedMemory is null.")
port/src/native/battle/battle_stage.cpp	266	0x26e520e	str	0	str:'apAssignedMemory is null.'+0	0x26dc43e	0	0	if (!end) do_assert(0x26e3e82, 0xcc, 0x26e520e);  // (STL_Allocator.h "apAssignedMemory is null.")
port/src/native/battle/battle_stage.cpp	282	0x28e160c	str	0	str:'Cannot add a column with non-constant de'+38	0x28df57c	0	0	call(f, BG_SYM("_ZN9Framework7CHash32C1EPKc"), {hash, lib() + 0x28e160c});  // "default"
port/src/native/battle/battle_stage.cpp	793	0x276c2e7	str	0	str:'SELECT * FROM master_event_mission'+0	0x27635b7	0	0	{table, lib() + 0x276c2e7, map, 0, 0});
port/src/native/battle/battle_ui_manager.cpp	37	0x26f4d02	str	0	str:'C:\\BAS_Submission\\Client\\Project\\..\\Sour'+0	0x26ebf32	0	0	constexpr u64 kFile = 0x26f4d02;  // "C:\BAS_Submission\...\Game\Battle\BattleUIManager.cpp"
port/src/native/battle/battle_ui_manager.cpp	197	0x26f4d68	str	0	str:'m_pBattleUI is null.'+0	0x26ebf98	0	0	BATTLE_UI_NATIVE(BUM("9rBattleUIEv"), (Get<0x10, 0x228, 0x26f4d68>), "CBattleUIManager::rBattleUI");
port/src/native/battle/battle_ui_manager.cpp	198	0x26f4d68	str	0	str:'m_pBattleUI is null.'+0	0x26ebf98	0	0	BATTLE_UI_NATIVE(BUMK("10crBattleUIEv"), (Get<0x10, 0x22d, 0x26f4d68>), "CBattleUIManager::crBattleUI");
port/src/native/battle/battle_ui_manager.cpp	199	0x26f4d7d	str	0	str:'m_pBattleAnime is null.'+0	0x26ebfad	0	0	BATTLE_UI_NATIVE(BUM("12rBattleAnimeEv"), (Get<0x20, 0x237, 0x26f4d7d>), "CBattleUIManager::rBattleAnime");
port/src/native/battle/battle_ui_manager.cpp	200	0x26f4d7d	str	0	str:'m_pBattleAnime is null.'+0	0x26ebfad	0	0	BATTLE_UI_NATIVE(BUMK("13crBattleAnimeEv"), (Get<0x20, 0x23c, 0x26f4d7d>), "CBattleUIManager::crBattleAnime");
port/src/native/battle/battle_ui_manager.cpp	201	0x26f4d95	str	0	str:'m_pPauseMenu is null.'+0	0x26ebfc5	0	0	BATTLE_UI_NATIVE(BUM("10rPauseMenuEv"), (Get<0x30, 0x242, 0x26f4d95>), "CBattleUIManager::rPauseMenu");
port/src/native/battle/battle_ui_manager.cpp	202	0x26f4d95	str	0	str:'m_pPauseMenu is null.'+0	0x26ebfc5	0	0	BATTLE_UI_NATIVE(BUMK("11crPauseMenuEv"), (Get<0x30, 0x247, 0x26f4d95>), "CBattleUIManager::crPauseMenu");
port/src/native/battle/battle_ui_manager.cpp	203	0x26f4dab	str	0	str:'m_pCutin is null.'+0	0x26ebfdb	0	0	BATTLE_UI_NATIVE(BUM("10rBossCutInEv"), (Get<0x70, 0x24d, 0x26f4dab>), "CBattleUIManager::rBossCutIn");
port/src/native/battle/battle_ui_manager.cpp	204	0x26f4dab	str	0	str:'m_pCutin is null.'+0	0x26ebfdb	0	0	BATTLE_UI_NATIVE(BUMK("11crBossCutInEv"), (Get<0x70, 0x252, 0x26f4dab>), "CBattleUIManager::crBossCutIn");
port/src/native/battle/battle_ui_manager.cpp	205	0x26f4dbd	str	0	str:'m_pRuchCombo is null.'+0	0x26ebfed	0	0	BATTLE_UI_NATIVE(BUM("10rRushComboEv"), (Get<0x50, 600, 0x26f4dbd>), "CBattleUIManager::rRushCombo");
port/src/native/battle/battle_ui_manager.cpp	206	0x26f4dbd	str	0	str:'m_pRuchCombo is null.'+0	0x26ebfed	0	0	BATTLE_UI_NATIVE(BUMK("11crRushComboEv"), (Get<0x50, 0x25d, 0x26f4dbd>), "CBattleUIManager::crRushCombo");
port/src/native/battle/battle_ui_manager.cpp	207	0x26f4dd3	str	0	str:'m_pTransScene is null.'+0	0x26ec003	0	0	BATTLE_UI_NATIVE(BUM("11rTransSceneEv"), (Get<0x60, 0x263, 0x26f4dd3>), "CBattleUIManager::rTransScene");
port/src/native/battle/battle_ui_manager.cpp	208	0x26f4dd3	str	0	str:'m_pTransScene is null.'+0	0x26ec003	0	0	BATTLE_UI_NATIVE(BUMK("12crTransSceneEv"), (Get<0x60, 0x268, 0x26f4dd3>), "CBattleUIManager::crTransScene");
port/src/native/battle/battle_ui_manager.cpp	209	0x26f4dea	str	0	str:'m_pResultUI is null.'+0	0x26ec01a	0	0	BATTLE_UI_NATIVE(BUM("9rResultUIEv"), (Get<0x40, 0x277, 0x26f4dea>), "CBattleUIManager::rResultUI");
port/src/native/battle/battle_ui_manager.cpp	210	0x26f4dea	str	0	str:'m_pResultUI is null.'+0	0x26ec01a	0	0	BATTLE_UI_NATIVE(BUMK("10crResultUIEv"), (Get<0x40, 0x27c, 0x26f4dea>), "CBattleUIManager::crResultUI");
port/src/native/battle/zz_battle_core_test.cpp	285	0x29aa9e8	slot	0	vtable with slot lambda:N6CArena19SetDisconnectPlayerEbi#0.0 (at +0)	0x29a5208	0	1	int caps = vt == 0x29aa9e8 ? 0 : (vt == 0x29aab68 || vt == 0x29aac68 || vt == 0x29aa968) ? 1 : 2;  // captured words
port/src/native/battle/zz_battle_core_test.cpp	285	0x29aab68	slot	0	vtable with slot lambda:N6CArena19SetDisconnectPlayerEbi#0.0 (at +0)	0x29a5388	0	1	int caps = vt == 0x29aa9e8 ? 0 : (vt == 0x29aab68 || vt == 0x29aac68 || vt == 0x29aa968) ? 1 : 2;  // captured words
port/src/native/battle/zz_battle_core_test.cpp	285	0x29aac68	slot	0	vtable with slot lambda:N6CArena19SetDisconnectPlayerEbi#0.0 (at +0)	0x29a5488	0	1	int caps = vt == 0x29aa9e8 ? 0 : (vt == 0x29aab68 || vt == 0x29aac68 || vt == 0x29aa968) ? 1 : 2;  // captured words
port/src/native/battle/zz_battle_core_test.cpp	285	0x29aa968	slot	0	vtable with slot lambda:N6CArena19SetDisconnectPlayerEbi#0.0 (at +0)	0x29a5188	0	1	int caps = vt == 0x29aa9e8 ? 0 : (vt == 0x29aab68 || vt == 0x29aac68 || vt == 0x29aa968) ? 1 : 2;  // captured words
port/src/native/common/debug_logconsole.cpp	44	0x286dc7a	str	0	str:'C:\\BAS_Submission\\Client\\Library\\Framewo'+0	0x286bc0a	0	0	constexpr u64 kLogConsoleCpp = 0x286dc7a, kAlreadyInit = 0x2863b96, kUninit = 0x2863bab;
port/src/native/common/debug_logconsole.cpp	44	0x2863b96	str	0	str:'Already initialized.'+0	0x2861b26	0	0	constexpr u64 kLogConsoleCpp = 0x286dc7a, kAlreadyInit = 0x2863b96, kUninit = 0x2863bab;
port/src/native/common/debug_logconsole.cpp	44	0x2863bab	str	0	str:'Uninitialized object.'+0	0x2861b3b	0	0	constexpr u64 kLogConsoleCpp = 0x286dc7a, kAlreadyInit = 0x2863b96, kUninit = 0x2863bab;
port/src/native/common/debug_logconsole.cpp	401	0x286efd0	str	0	str:'C:\\BAS_Submission\\Client\\Library\\Framewo'+0	0x286cf60	0	0	constexpr u64 kLogWindowCpp = 0x286efd0;
port/src/native/common/debugwin.cpp	68	0x286de01	str	0	str:'C:\\BAS_Submission\\Client\\Library\\Framewo'+0	0x286bd91	0	0	constexpr u64 kDebugWindowsCpp = 0x286de01, kSingletonH = 0x2863321, kInstanceNull = 0x26e3ce5,
port/src/native/common/debugwin.cpp	68	0x2863321	str	0	str:'C:\\BAS_Submission\\Client\\Library\\Framewo'+0	0x28612b1	0	0	constexpr u64 kDebugWindowsCpp = 0x286de01, kSingletonH = 0x2863321, kInstanceNull = 0x26e3ce5,
port/src/native/common/debugwin.cpp	68	0x26e3ce5	str	0	str:'m_pInstance is null.'+0	0x26daf21	0	0	constexpr u64 kDebugWindowsCpp = 0x286de01, kSingletonH = 0x2863321, kInstanceNull = 0x26e3ce5,
port/src/native/common/debugwin.cpp	69	0x2863b96	str	0	str:'Already initialized.'+0	0x2861b26	0	0	kAlreadyInit = 0x2863b96, kUninit = 0x2863bab, kInternalError = 0x27003ba,
port/src/native/common/debugwin.cpp	69	0x2863bab	str	0	str:'Uninitialized object.'+0	0x2861b3b	0	0	kAlreadyInit = 0x2863b96, kUninit = 0x2863bab, kInternalError = 0x27003ba,
port/src/native/common/debugwin.cpp	69	0x27003ba	str	0	str:'Internal error.'+0	0x26f75ea	0	0	kAlreadyInit = 0x2863b96, kUninit = 0x2863bab, kInternalError = 0x27003ba,
port/src/native/common/debugwin.cpp	70	0x286de59	str	0	str:'Too long.'+0	0x286bde9	0	0	kTooLong = 0x286de59, kHandleOverflow = 0x286e089, kIllegalArg = 0x286df37,
port/src/native/common/debugwin.cpp	70	0x286e089	str	0	str:'Window handle overflow.'+0	0x286c019	0	0	kTooLong = 0x286de59, kHandleOverflow = 0x286e089, kIllegalArg = 0x286df37,
port/src/native/common/debugwin.cpp	70	0x286df37	str	0	str:'Illegal argument.(%d/%d)'+0	0x286bec7	0	0	kTooLong = 0x286de59, kHandleOverflow = 0x286e089, kIllegalArg = 0x286df37,
port/src/native/common/debugwin.cpp	71	0x286de8a	str	0	str:"m_pTextScreen isn't null.(%08x)"+0	0x286be1a	0	0	kTextScreenNotNull = 0x286de8a, kInstanceNotNull = 0x26e3ca9;
port/src/native/common/debugwin.cpp	71	0x26e3ca9	str	0	str:"m_pInstance isn't null.(%08x)"+0	0x26daee5	0	0	kTextScreenNotNull = 0x286de8a, kInstanceNotNull = 0x26e3ca9;
port/src/native/common/debugwin.cpp	73	0x2c02860	near	0	_ZN9Framework13CDebugWindows6gpSkinE+0x10 (nearest symbol)	0x2c00860 (nearest-symbol guess: check)	0	0	constexpr u64 kSkin = 0x2c02860, kSkinRodata = 0x286dd00;
port/src/native/common/debugwin.cpp	546	0x286e05c	str	0	str:'$[cf0e020]X$[cffffff]'+11	0x286bfec	0	0	F<u64>(s, 0x78) = lib() + 0x286e05c;  // "$[cffffff]"
port/src/native/common/debugwin.cpp	548	0x286ddbf	str	0	str:'$[cd0e020]v$[cffffff]'+0	0x286bd4f	0	0	F<u64>(s, 0x88) = lib() + 0x286ddbf;  // "$[cd0e020]v$[cffffff]"
port/src/native/common/debugwin.cpp	549	0x286ddd5	str	0	str:'$[cd0e020]o$[cffffff]'+0	0x286bd65	0	0	F<u64>(s, 0x90) = lib() + 0x286ddd5;  // "$[cd0e020]o$[cffffff]"
port/src/native/common/debugwin.cpp	550	0x286ddeb	str	0	str:'$[cd0e020]x$[cffffff]'+0	0x286bd7b	0	0	F<u64>(s, 0x98) = lib() + 0x286ddeb;  // "$[cd0e020]x$[cffffff]"
port/src/native/common/debugwin.cpp	1108	0x286e03f	str	0	str:'mpSprite is null.'+0	0x286bfcf	0	0	constexpr u64 kSpriteNull = 0x286e03f, kControlFull = 0x286e031;
port/src/native/common/debugwin.cpp	1108	0x286e031	str	0	str:'Control full.'+0	0x286bfc1	0	0	constexpr u64 kSpriteNull = 0x286e03f, kControlFull = 0x286e031;
port/src/native/common/debugwin.cpp	1325	0x286f28c	str	0	str:'C:\\BAS_Submission\\Client\\Library\\Framewo'+0	0x286d21c	0	0	if (F<u8>(s, 0)) assert_fail(0x286f28c, 0x1e, 0x2866a7a, {F<u8>(s, 0)});
port/src/native/common/debugwin.cpp	1325	0x2866a7a	str	0	str:"m_IsInitialized isn't null.(%08x)"+0	0x2864a0a	0	0	if (F<u8>(s, 0)) assert_fail(0x286f28c, 0x1e, 0x2866a7a, {F<u8>(s, 0)});
port/src/native/common/oracle_test.cpp	99	_ZN17CParameterUtility20GetFavorabilityLevelEj+0x8	symoff	0	_ZN17CParameterUtility20GetFavorabilityLevelEj	changed	0	1	if (t.to370(t.sym("_ZN17CParameterUtility20GetFavorabilityLevelEj") + 8) != f + 8) t.fail("to370(function + 8)");
port/src/native/containers/containers_misc.cpp	525	0x2be8eb0	near	0	_ZN4Aska16RenderableObject16m_vDefaultSphereE+0x10 (nearest symbol)	0x2be6eb0 (nearest-symbol guess: check)	1	0	// the built-in default chooser, a static object at vaddr 0x2be8eb0
port/src/native/containers/containers_misc.cpp	526	0x21b12b0	fn	0	_ZN4Aska6Global21SetRenderLayerChooserEPNS_19IRenderLayerChooserE+0x0	0x21b9c60	0	0	static const u64 def = sym_addr("_ZN4Aska6Global21SetRenderLayerChooserEPNS_19IRenderLayerChooserE") - 0x21b12b0 + 0x2be8eb0;
port/src/native/containers/containers_misc.cpp	526	0x2be8eb0	near	0	_ZN4Aska16RenderableObject16m_vDefaultSphereE+0x10 (nearest symbol)	0x2be6eb0 (nearest-symbol guess: check)	0	0	static const u64 def = sym_addr("_ZN4Aska6Global21SetRenderLayerChooserEPNS_19IRenderLayerChooserE") - 0x21b12b0 + 0x2be8eb0;
port/src/native/containers/containers_misc.cpp	526	_ZN4Aska6Global21SetRenderLayerChooserEPNS_19IRenderLayerChooserE-0x21b12b0	symoff	0	_ZN4Aska6Global21SetRenderLayerChooserEPNS_19IRenderLayerChooserE	identical body: offset holds	0	0	static const u64 def = sym_addr("_ZN4Aska6Global21SetRenderLayerChooserEPNS_19IRenderLayerChooserE") - 0x21b12b0 + 0x2be8eb0;
port/src/native/containers/containers_misc.cpp	604	0x26ff807	str	0	str:'invalid environment sound file! %s'+32	0x26f6a37	0	0	u64 fmt = lib_at(0x26ff807);  // "%s"
port/src/native/containers/containers_misc.cpp	608	0x28de5b4	str	0	str:',%s%s'+1	0x28dc524	0	0	fmt = lib_at(0x28de5b4);  // "%s%s"
port/src/native/containers/containers_playcore.cpp	33	0x265be64	fn	0	_ZN8playcore16AssetPackManager11GetInstanceEv+0x0	none	0	0	static const u64 delta = sym_addr("_ZN8playcore16AssetPackManager11GetInstanceEv") - 0x265be64;
port/src/native/containers/containers_playcore.cpp	33	_ZN8playcore16AssetPackManager11GetInstanceEv-0x265be64	symoff	0	_ZN8playcore16AssetPackManager11GetInstanceEv	only380	0	0	static const u64 delta = sym_addr("_ZN8playcore16AssetPackManager11GetInstanceEv") - 0x265be64;
port/src/native/containers/containers_playcore.cpp	40	0x2d81870	near	0	maxIterations+0x8 (nearest symbol)	0x2d7f870 (nearest-symbol guess: check)	0	0	u64 sp = at(0x2d81870), out = c.x(8);
port/src/native/containers/containers_playcore.cpp	74	0x294fa9b	str	0	str:'%s called with an unknown AssetPackDownl'+0	string not in 3.7.0	0	0	call(at(0x10c3350), {5, at(0x294f758), at(0x294fa9b), fname});  // __android_log_print(WARN, "playcore", ...)
port/src/native/containers/containers_playcore.cpp	115	0x294f970	str	0	str:'GetDownloadStatus'+0	string not in 3.7.0	0	0	REG("_ZNK8playcore16AssetPackManager17GetDownloadStatusEP23AssetPackDownloadState_", (h_state_field<0x1c, 4, 0x294f970>));
port/src/native/containers/containers_playcore.cpp	116	0x294f982	str	0	str:'GetBytesDownloaded'+0	string not in 3.7.0	0	0	REG("_ZNK8playcore16AssetPackManager18GetBytesDownloadedEP23AssetPackDownloadState_", (h_state_field<0x20, 8, 0x294f982>));
port/src/native/containers/containers_playcore.cpp	117	0x294f995	str	0	str:'GetTotalBytesToDownload'+0	string not in 3.7.0	0	0	REG("_ZNK8playcore16AssetPackManager23GetTotalBytesToDownloadEP23AssetPackDownloadState_", (h_state_field<0x28, 8, 0x294f995>));
port/src/native/containers/containers_playcore.cpp	158	0x294f970	str	0	str:'GetDownloadStatus'+0	string not in 3.7.0	0	0	HostFn fns[] = {h_state_field<0x1c, 4, 0x294f970>, h_state_field<0x20, 8, 0x294f982>, h_state_field<0x28, 8, 0x294f995>};
port/src/native/containers/containers_playcore.cpp	158	0x294f982	str	0	str:'GetBytesDownloaded'+0	string not in 3.7.0	0	0	HostFn fns[] = {h_state_field<0x1c, 4, 0x294f970>, h_state_field<0x20, 8, 0x294f982>, h_state_field<0x28, 8, 0x294f995>};
port/src/native/containers/containers_playcore.cpp	158	0x294f995	str	0	str:'GetTotalBytesToDownload'+0	string not in 3.7.0	0	0	HostFn fns[] = {h_state_field<0x1c, 4, 0x294f970>, h_state_field<0x20, 8, 0x294f982>, h_state_field<0x28, 8, 0x294f995>};
port/src/native/containers/containers_playcore.cpp	168	0x294f970	str	0	str:'GetDownloadStatus'+0	string not in 3.7.0	0	0	ga.ints = {self, id, at(0x294f970)};
port/src/native/dynamics/dynamics_a2c_rt.cpp	585	0x23226dc	fn	0	anon:_Z39Functor_ExternalForceEmitterCalculationIN4Aska26ArticulatedDynamicsManagerENS0_20DynamicsForceEmitterEEvPT_PNS0_8ADMJointEPPT0_jfj#3+0x0	0x232a08c	0	0	const DynA2cFn* f = fn_at(0x23226dc);
port/src/native/dynamics/dynamics_rd.cpp	58	0x1f83f10	fn	0	_ZNK4Aska6Vector15ApplyQuaternionEPS0_PKNS_10QuaternionE+0x0	0x1f8c8c0	0	0	constexpr u64 kVectorApplyQuaternion = 0x1f83f10;  // Aska::Vector::ApplyQuaternion(Vector*, const Quaternion*) const
port/src/native/dynamics/dynamics_rd.cpp	112	0x2bc5a80	got	0	GOT[_ZN4Aska30ArticulatedDynamicsManagerBase22m_pWorldLandConstraintE]	0x2bc3ab0	0	0	constexpr u64 kGotWorldLandConstraint = 0x2bc5a80;  // m_pWorldLandConstraint (ILandscapeConstraint*)
port/src/native/dynamics/dynamics_rd.cpp	113	0x2bc6730	got	0	GOT[_ZN4Aska30ArticulatedDynamicsManagerBase21m_pWorldCollisionListE]	0x2bc4750	0	0	constexpr u64 kGotWorldCollisionList = 0x2bc6730;   // m_pWorldCollisionList (DynamicsPrimitive* [])
port/src/native/dynamics/dynamics_rd.cpp	114	0x2bc3c28	got	0	GOT[_ZN4Aska30ArticulatedDynamicsManagerBase19m_ucWorldConstraintE]	0x2bc1c98	0	0	constexpr u64 kGotWorldConstraint = 0x2bc3c28;      // m_ucWorldConstraint (u8: entries in the list below)
port/src/native/dynamics/dynamics_rd.cpp	115	0x2bbe5b0	got	0	GOT[_ZN4Aska30ArticulatedDynamicsManagerBase22m_pWorldConstraintListE]	0x2bbc740	0	0	constexpr u64 kGotWorldConstraintList = 0x2bbe5b0;  // m_pWorldConstraintList (DynamicsPrimitive* [])
port/src/native/dynamics/dynamics_rd.cpp	121	0x2323044	fn	0	anon:_Z39Functor_ExternalForceEmitterCalculationIN4Aska26ArticulatedDynamicsManagerENS0_20DynamicsForceEmitterEEvPT_PNS0_8ADMJointEPPT0_jfj#4+0x0	0x232a9f4	0	0	const Body g_collision_response{0x2323044};  // FUN_02423044 (link, joint, other, Vector* hit, t, depth, friction, bounce, adm f4, dt)
port/src/native/dynamics/dynamics_rd.cpp	122	0x2321fe4	fn	0	anon:_Z39Functor_ExternalForceEmitterCalculationIN4Aska26ArticulatedDynamicsManagerENS0_20DynamicsForceEmitterEEvPT_PNS0_8ADMJointEPPT0_jfj#1+0x0	0x2329994	0	0	const Body g_solve_link{0x2321fe4};          // FUN_02421fe4 (mode, joint, other, rest length, stiffness, dt)
port/src/native/dynamics/dynamics_rd.cpp	526	0x206d33c	fn	0	_ZN4Aska14MatrixCalcFuncEPNS_6MatrixEPKNS_6VectorEPKNS_10QuaternionES7_S4_S4_PKS0_+0x0	0x2075cec	0	0	constexpr u64 kMatrixCalcFunc = 0x206d33c;        // Aska::MatrixCalcFunc(Matrix*, pos, rot, rot2, scale, parent scale, parent Matrix)
port/src/native/dynamics/dynamics_rd.cpp	527	0x12923a0	fn	0	_ZNK4Aska6Matrix14InvertLowErrorEPS0_+0x0	0x129574c	0	0	constexpr u64 kMatrixInvertLowError = 0x12923a0;  // Aska::Matrix::InvertLowError(Matrix*) const
port/src/native/dynamics/dynamics_rd.cpp	528	0x1f332e8	fn	0	_ZNK4Aska6Matrix11ApplyVectorEPNS_6VectorEPKS1_+0x0	0x1f3ac98	0	0	constexpr u64 kMatrixApplyVector = 0x1f332e8;     // Aska::Matrix::ApplyVector(Vector*, const Vector*) const
port/src/native/dynamics/dynamics_rd.cpp	529	0x1f508ac	fn	0	_ZN4Aska10Quaternion5SlerpEPKS0_S2_f+0x0	0x1f5825c	0	0	constexpr u64 kQuaternionSlerp = 0x1f508ac;       // Aska::Quaternion::Slerp(const Quaternion*, const Quaternion*, float)
port/src/native/dynamics/dynamics_rd.cpp	642	0x23226dc	fn	0	anon:_Z39Functor_ExternalForceEmitterCalculationIN4Aska26ArticulatedDynamicsManagerENS0_20DynamicsForceEmitterEEvPT_PNS0_8ADMJointEPPT0_jfj#3+0x0	0x232a08c	0	0	const Body g_ik_bend_rotation{0x23226dc};
port/src/native/dynamics/dynamics_rd.cpp	719	0x23223c8	fn	0	anon:_Z39Functor_ExternalForceEmitterCalculationIN4Aska26ArticulatedDynamicsManagerENS0_20DynamicsForceEmitterEEvPT_PNS0_8ADMJointEPPT0_jfj#2+0x0	0x2329d78	0	0	const Body g_ik_bend{0x23223c8};
port/src/native/dynamics/dynamics_rd.cpp	754	0x23232d4	fn	0	anon:_Z39Functor_ExternalForceEmitterCalculationIN4Aska26ArticulatedDynamicsManagerENS0_20DynamicsForceEmitterEEvPT_PNS0_8ADMJointEPPT0_jfj#5+0x0	0x232ac84	0	0	const Body g_ik_joint_velocity{0x23232d4};
port/src/native/dynamics/dynamics_rd.cpp	833	0x23216ec	fn	0	_ZN4Aska30ArticulatedDynamicsManagerBase15InterpolateRootINS_26ArticulatedDynamicsManagerEEEvPT_PNS_8ADMJointES6_fjj+0x0	0x232909c	0	0	const Body g_interpolate_root{0x23216ec};     // ArticulatedDynamicsManagerBase::InterpolateRoot<ADM>(adm, first, end, float, unsigned, unsigned)
port/src/native/dynamics/dynamics_rd.cpp	834	0x2321948	fn	0	_ZN4Aska30ArticulatedDynamicsManagerBase16CollisionSettingINS_26ArticulatedDynamicsManagerEEEvPT_jj+0x0	0x23292f8	0	0	const Body g_collision_setting{0x2321948};    // ArticulatedDynamicsManagerBase::CollisionSetting<ADM>(adm, unsigned, unsigned)
port/src/native/dynamics/dynamics_rd.cpp	835	0x2321ad0	fn	0	_ZN4Aska26ArticulatedDynamicsManager26MatrixPreFixAndMotionBlendILb1EEEvPNS_13ADM_CALC_DATAEPNS_8ADMJointEjfffPNS_6VectorEb+0x0	0x2329480	0	0	const Body g_motion_blend{0x2321ad0};         // ArticulatedDynamicsManager::MatrixPreFixAndMotionBlend<true>(calc data, joints, n, 3 floats, Vector*, bool)
port/src/native/dynamics/dynamics_rd.cpp	836	0x2321ce8	fn	0	_ZN4Aska8ADMJoint13ExternalForceEfffPKNS_6VectorEPNS_13ADM_CALC_DATAEb+0x0	0x2329698	0	0	const Body g_external_force{0x2321ce8};       // ADMJoint::ExternalForce(joint, 3 floats, const Vector*, ADM_CALC_DATA*, bool)
port/src/native/dynamics/dynamics_rd.cpp	837	0x20955e4	fn	0	_ZN4Aska15DynamicsManager22GetForceEmitterManagerEv+0x0	0x209df94	0	0	const Body g_force_emitter_manager{0x20955e4};  // DynamicsManager::GetForceEmitterManager() (a static singleton)
port/src/native/dynamics/dynamics_rd.cpp	838	0x2321e14	fn	0	_Z39Functor_ExternalForceEmitterCalculationIN4Aska26ArticulatedDynamicsManagerENS0_20DynamicsForceEmitterEEvPT_PNS0_8ADMJointEPPT0_jfj+0x0	0x23297c4	0	0	const Body g_emitters{0x2321e14};             // Functor_ExternalForceEmitterCalculation<ADM, DynamicsForceEmitter>(adm, joints, emitters, n, float, seed)
port/src/native/dynamics/dynamics_rd.cpp	839	0x206b1c4	fn	0	_ZN4Aska30ArticulatedDynamicsManagerBase46UpdateDynamicsPrimitiveListWithDependencyOfADMEj+0x0	0x2073b74	0	0	const Body g_update_prim_list{0x206b1c4};     // ArticulatedDynamicsManagerBase::UpdateDynamicsPrimitiveListWithDependencyOfADM(unsigned)
port/src/native/dynamics/dynamics_rd.cpp	840	0x231fe58	fn	0	_ZN4Aska26ArticulatedDynamicsManager29PreprocessBeforeInternalForceIS0_EEvPT_PNS_8ADMJointES5_ffjjb+0x0	0x2327808	0	0	const Body g_preprocess{0x231fe58};
port/src/native/dynamics/dynamics_rd.cpp	841	0x23203fc	fn	0	_ZN4Aska30ArticulatedDynamicsManagerBase22CollisionAndConstraintINS_26ArticulatedDynamicsManagerEEEvPT_PNS_8ADMJointES6_jjf+0x0	0x2327dac	0	0	const Body g_collision_and_constraint{0x23203fc};
port/src/native/dynamics/dynamics_rd.cpp	842	0x2320e2c	fn	0	_ZN4Aska30ArticulatedDynamicsManagerBase10StandardIKINS_26ArticulatedDynamicsManagerELb1EEEvPT_ffi+0x0	0x23287dc	0	0	const Body g_standard_ik{0x2320e2c};
port/src/native/dynamics/dynamics_rd.cpp	843	0x232005c	fn	0	_ZN4Aska30ArticulatedDynamicsManagerBase10StandardIKINS_26ArticulatedDynamicsManagerELb0EEEvPT_ffi+0x0	0x2327a0c	0	0	constexpr u64 kStandardIkFalse = 0x232005c;  // ArticulatedDynamicsManagerBase::StandardIK<ADM, false> (guest)
port/src/native/dynamics/dynamics_rd.cpp	844	0x2321248	fn	0	_ZN4Aska30ArticulatedDynamicsManagerBase8FinalizeINS_26ArticulatedDynamicsManagerEEEvPT_ffi+0x0	0x2328bf8	0	0	constexpr u64 kFinalize = 0x2321248;         // ArticulatedDynamicsManagerBase::Finalize<ADM> (guest)
port/src/native/dynamics/dynamics_rd.cpp	845	0x2bc3358	got	0	GOT[_ZN4Aska30ArticulatedDynamicsManagerBase18m_ucWorldCollisionE]	0x2bc13e0	0	0	constexpr u64 kGotWorldCollision = 0x2bc3358;  // m_ucWorldCollision (u8: entries in m_pWorldCollisionList)
port/src/native/dynamics/dynamics_rd.cpp	1053	0x206bcb4	fn	0	_ZN4Aska8ADMJoint11PrepareCalcEv+0x0	0x2074664	0	0	{0x206bcb4, admjoint_prepare_calc},     // Aska::ADMJoint::PrepareCalc()
port/src/native/dynamics/dynamics_rd.cpp	1054	0x23203fc	fn	0	_ZN4Aska30ArticulatedDynamicsManagerBase22CollisionAndConstraintINS_26ArticulatedDynamicsManagerEEEvPT_PNS_8ADMJointES6_jjf+0x0	0x2327dac	0	0	{0x23203fc, collision_and_constraint},  // ArticulatedDynamicsManagerBase::CollisionAndConstraint<ArticulatedDynamicsManager>
port/src/native/dynamics/dynamics_rd.cpp	1055	0x2320e2c	fn	0	_ZN4Aska30ArticulatedDynamicsManagerBase10StandardIKINS_26ArticulatedDynamicsManagerELb1EEEvPT_ffi+0x0	0x23287dc	0	0	{0x2320e2c, standard_ik},               // ArticulatedDynamicsManagerBase::StandardIK<ArticulatedDynamicsManager, true>
port/src/native/dynamics/dynamics_rd.cpp	1056	0x23223c8	fn	0	anon:_Z39Functor_ExternalForceEmitterCalculationIN4Aska26ArticulatedDynamicsManagerENS0_20DynamicsForceEmitterEEvPT_PNS0_8ADMJointEPPT0_jfj#2+0x0	0x2329d78	0	0	{0x23223c8, ik_bend},                   // local: the parent's rotation bent towards a joint, blended
port/src/native/dynamics/dynamics_rd.cpp	1057	0x23226dc	fn	0	anon:_Z39Functor_ExternalForceEmitterCalculationIN4Aska26ArticulatedDynamicsManagerENS0_20DynamicsForceEmitterEEvPT_PNS0_8ADMJointEPPT0_jfj#3+0x0	0x232a08c	0	0	{0x23226dc, ik_bend_rotation},          // local: the bend rotation
port/src/native/dynamics/dynamics_rd.cpp	1058	0x23232d4	fn	0	anon:_Z39Functor_ExternalForceEmitterCalculationIN4Aska26ArticulatedDynamicsManagerENS0_20DynamicsForceEmitterEEvPT_PNS0_8ADMJointEPPT0_jfj#5+0x0	0x232ac84	0	0	{0x23232d4, ik_joint_velocity},         // local: a joint's velocity after the IK step
port/src/native/dynamics/dynamics_rd.cpp	1059	0x231fe58	fn	0	_ZN4Aska26ArticulatedDynamicsManager29PreprocessBeforeInternalForceIS0_EEvPT_PNS_8ADMJointES5_ffjjb+0x0	0x2327808	0	0	{0x231fe58, preprocess_before_internal_force},  // ArticulatedDynamicsManager::PreprocessBeforeInternalForce<ADM>
port/src/native/dynamics/dynamics_rd.cpp	1060	0x231f51c	fn	0	_ZN4Aska26ArticulatedDynamicsManager12SimulateMainIS0_EEvPT_PNS_8ADMJointES5_jiijffjf+0x0	0x2326ecc	0	0	{0x231f51c, simulate_main},                     // ArticulatedDynamicsManager::SimulateMain<ADM>
port/src/native/dynamics/dynamics_rd.cpp	1061	0x2321fe4	fn	0	anon:_Z39Functor_ExternalForceEmitterCalculationIN4Aska26ArticulatedDynamicsManagerENS0_20DynamicsForceEmitterEEvPT_PNS0_8ADMJointEPPT0_jfj#1+0x0	0x2329994	0	0	{0x2321fe4, solve_link},                        // local: a link solved towards its rest length
port/src/native/dynamics/dynamics_rd.cpp	1062	0x2323044	fn	0	anon:_Z39Functor_ExternalForceEmitterCalculationIN4Aska26ArticulatedDynamicsManagerENS0_20DynamicsForceEmitterEEvPT_PNS0_8ADMJointEPPT0_jfj#4+0x0	0x232a9f4	0	0	{0x2323044, collision_response},                // local: the response to a link's capsule hit
port/src/native/dynamics/dynamics_rd_test.cpp	147	0x206bcb4	fn	0	_ZN4Aska8ADMJoint11PrepareCalcEv+0x0	0x2074664	0	1	bad += !compare(t, "PrepareCalc", it, 0x206bcb4, a, in);
port/src/native/dynamics/dynamics_rd_test.cpp	162	0x2b48588	obj	0	_ZTVN4Aska14DynamicsSphereE+0x0	0x2b47028	0	1	const u64 vtbls[4] = {lib + 0x2b48588 + 0x10, lib + 0x2b483e8 + 0x10, lib + 0x2b484b8 + 0x10, lib + 0x2b48658 + 0x10};
port/src/native/dynamics/dynamics_rd_test.cpp	162	0x2b483e8	obj	0	_ZTVN4Aska15DynamicsCapsuleE+0x0	0x2b46e88	0	1	const u64 vtbls[4] = {lib + 0x2b48588 + 0x10, lib + 0x2b483e8 + 0x10, lib + 0x2b484b8 + 0x10, lib + 0x2b48658 + 0x10};
port/src/native/dynamics/dynamics_rd_test.cpp	162	0x2b484b8	obj	0	_ZTVN4Aska12DynamicsCubeE+0x0	0x2b46f58	0	1	const u64 vtbls[4] = {lib + 0x2b48588 + 0x10, lib + 0x2b483e8 + 0x10, lib + 0x2b484b8 + 0x10, lib + 0x2b48658 + 0x10};
port/src/native/dynamics/dynamics_rd_test.cpp	162	0x2b48658	obj	0	_ZTVN4Aska13DynamicsPlaneE+0x0	0x2b470f8	0	1	const u64 vtbls[4] = {lib + 0x2b48588 + 0x10, lib + 0x2b483e8 + 0x10, lib + 0x2b484b8 + 0x10, lib + 0x2b48658 + 0x10};
port/src/native/dynamics/dynamics_rd_test.cpp	196	0x2098aac	fn	0	_ZN4Aska14DynamicsSphere16TestIntersectionEPKNS_6VectorEfPS1_+0x0	0x20a145c	0	1	land_vtbl[3] = lib + 0x2098aac;  // (+0x18) DynamicsSphere::TestIntersection(const Vector*, float, Vector*)
port/src/native/dynamics/dynamics_rd_test.cpp	245	0x23203fc	fn	0	_ZN4Aska30ArticulatedDynamicsManagerBase22CollisionAndConstraintINS_26ArticulatedDynamicsManagerEEEvPT_PNS_8ADMJointES6_jjf+0x0	0x2327dac	0	1	bad += !compare(t, "CollisionAndConstraint", it, 0x23203fc, a, in);
port/src/native/dynamics/dynamics_rd_test.cpp	294	0x23232d4	fn	0	anon:_Z39Functor_ExternalForceEmitterCalculationIN4Aska26ArticulatedDynamicsManagerENS0_20DynamicsForceEmitterEEvPT_PNS0_8ADMJointEPPT0_jfj#5+0x0	0x232ac84	0	1	bad += !compare(t, "ik joint velocity", it, 0x23232d4, a, in);
port/src/native/dynamics/dynamics_rd_test.cpp	336	0x23226dc	fn	0	anon:_Z39Functor_ExternalForceEmitterCalculationIN4Aska26ArticulatedDynamicsManagerENS0_20DynamicsForceEmitterEEvPT_PNS0_8ADMJointEPPT0_jfj#3+0x0	0x232a08c	0	1	bad += !compare(t, "ik bend rotation", it, 0x23226dc, a, in);
port/src/native/dynamics/dynamics_rd_test.cpp	365	0x23223c8	fn	0	anon:_Z39Functor_ExternalForceEmitterCalculationIN4Aska26ArticulatedDynamicsManagerENS0_20DynamicsForceEmitterEEvPT_PNS0_8ADMJointEPPT0_jfj#2+0x0	0x2329d78	0	1	bad += !compare(t, "ik bend", it, 0x23223c8, a, in);
port/src/native/dynamics/dynamics_rd_test.cpp	416	0x2320e2c	fn	0	_ZN4Aska30ArticulatedDynamicsManagerBase10StandardIKINS_26ArticulatedDynamicsManagerELb1EEEvPT_ffi+0x0	0x23287dc	0	1	bad += !compare(t, "StandardIK", it, 0x2320e2c, a, in);
port/src/native/dynamics/dynamics_rd_test.cpp	438	0x2321fe4	fn	0	anon:_Z39Functor_ExternalForceEmitterCalculationIN4Aska26ArticulatedDynamicsManagerENS0_20DynamicsForceEmitterEEvPT_PNS0_8ADMJointEPPT0_jfj#1+0x0	0x2329994	0	1	bad += !compare(t, "solve link", it, 0x2321fe4, a, in);
port/src/native/dynamics/dynamics_rd_test.cpp	465	0x2323044	fn	0	anon:_Z39Functor_ExternalForceEmitterCalculationIN4Aska26ArticulatedDynamicsManagerENS0_20DynamicsForceEmitterEEvPT_PNS0_8ADMJointEPPT0_jfj#4+0x0	0x232a9f4	0	1	if (!compare(t, "collision response", it, 0x2323044, a, in)) {
port/src/native/dynamics/dynamics_rd_test.cpp	574	0x23216ec	fn	0	_ZN4Aska30ArticulatedDynamicsManagerBase15InterpolateRootINS_26ArticulatedDynamicsManagerEEEvPT_PNS_8ADMJointES6_fjj+0x0	0x232909c	0	1	cs.add(0x23216ec, "rd:interpolate-root", [&](Cpu& c) { cs.log(c, "interpolate-root", {{0, 8}, {1, 8}, {2, 8}, {3, 4}, {4, 4}}, 1); });
port/src/native/dynamics/dynamics_rd_test.cpp	575	0x2321948	fn	0	_ZN4Aska30ArticulatedDynamicsManagerBase16CollisionSettingINS_26ArticulatedDynamicsManagerEEEvPT_jj+0x0	0x23292f8	0	1	cs.add(0x2321948, "rd:collision-setting", [&](Cpu& c) { cs.log(c, "collision-setting", {{0, 8}, {1, 4}, {2, 4}}, 0); });
port/src/native/dynamics/dynamics_rd_test.cpp	576	0x2321ad0	fn	0	_ZN4Aska26ArticulatedDynamicsManager26MatrixPreFixAndMotionBlendILb1EEEvPNS_13ADM_CALC_DATAEPNS_8ADMJointEjfffPNS_6VectorEb+0x0	0x2329480	0	1	cs.add(0x2321ad0, "rd:motion-blend", [&](Cpu& c) { cs.log(c, "motion-blend", {{0, 8}, {1, 8}, {2, 4}, {3, 8}, {4, 1}}, 3); });
port/src/native/dynamics/dynamics_rd_test.cpp	577	0x2321ce8	fn	0	_ZN4Aska8ADMJoint13ExternalForceEfffPKNS_6VectorEPNS_13ADM_CALC_DATAEb+0x0	0x2329698	0	1	cs.add(0x2321ce8, "rd:external-force", [&](Cpu& c) { cs.log(c, "external-force", {{0, 8}, {1, 8}, {2, 8}, {3, 1}}, 3); });
port/src/native/dynamics/dynamics_rd_test.cpp	578	0x2321e14	fn	0	_Z39Functor_ExternalForceEmitterCalculationIN4Aska26ArticulatedDynamicsManagerENS0_20DynamicsForceEmitterEEvPT_PNS0_8ADMJointEPPT0_jfj+0x0	0x23297c4	0	1	cs.add(0x2321e14, "rd:emitters", [&](Cpu& c) { cs.log(c, "emitters", {{0, 8}, {1, 8}, {2, 8}, {3, 4}, {4, 4}}, 1); });
port/src/native/dynamics/dynamics_rd_test.cpp	607	0x231fe58	fn	0	_ZN4Aska26ArticulatedDynamicsManager29PreprocessBeforeInternalForceIS0_EEvPT_PNS_8ADMJointES5_ffjjb+0x0	0x2327808	0	1	bad += !compare_logged(t, "Preprocess", it, 0x231fe58, a, in, cs, [] {});
port/src/native/dynamics/dynamics_rd_test.cpp	625	0x206b1c4	fn	0	_ZN4Aska30ArticulatedDynamicsManagerBase46UpdateDynamicsPrimitiveListWithDependencyOfADMEj+0x0	0x2073b74	0	1	cs.add(0x206b1c4, "rd:update-prims", [&](Cpu& c) { cs.log(c, "update-prims", {{0, 8}, {1, 4}}, 0); });
port/src/native/dynamics/dynamics_rd_test.cpp	626	0x231fe58	fn	0	_ZN4Aska26ArticulatedDynamicsManager29PreprocessBeforeInternalForceIS0_EEvPT_PNS_8ADMJointES5_ffjjb+0x0	0x2327808	0	1	cs.add(0x231fe58, "rd:preprocess", [&](Cpu& c) { cs.log(c, "preprocess", {{0, 8}, {1, 8}, {2, 8}, {3, 4}, {4, 4}, {5, 1}}, 2); });
port/src/native/dynamics/dynamics_rd_test.cpp	627	0x2321fe4	fn	0	anon:_Z39Functor_ExternalForceEmitterCalculationIN4Aska26ArticulatedDynamicsManagerENS0_20DynamicsForceEmitterEEvPT_PNS0_8ADMJointEPPT0_jfj#1+0x0	0x2329994	0	1	cs.add(0x2321fe4, "rd:solve", [&](Cpu& c) { cs.log(c, "solve", {{0, 1}, {1, 8}, {2, 8}}, 3); });
port/src/native/dynamics/dynamics_rd_test.cpp	628	0x232005c	fn	0	_ZN4Aska30ArticulatedDynamicsManagerBase10StandardIKINS_26ArticulatedDynamicsManagerELb0EEEvPT_ffi+0x0	0x2327a0c	0	1	cs.add(0x232005c, "rd:ik-false", [&](Cpu& c) {
port/src/native/dynamics/dynamics_rd_test.cpp	632	0x2320e2c	fn	0	_ZN4Aska30ArticulatedDynamicsManagerBase10StandardIKINS_26ArticulatedDynamicsManagerELb1EEEvPT_ffi+0x0	0x23287dc	0	1	cs.add(0x2320e2c, "rd:ik-true", [&](Cpu& c) {
port/src/native/dynamics/dynamics_rd_test.cpp	636	0x2321248	fn	0	_ZN4Aska30ArticulatedDynamicsManagerBase8FinalizeINS_26ArticulatedDynamicsManagerEEEvPT_ffi+0x0	0x2328bf8	0	1	cs.add(0x2321248, "rd:finalize", [&](Cpu& c) {
port/src/native/dynamics/dynamics_rd_test.cpp	640	0x23203fc	fn	0	_ZN4Aska30ArticulatedDynamicsManagerBase22CollisionAndConstraintINS_26ArticulatedDynamicsManagerEEEvPT_PNS_8ADMJointES6_jjf+0x0	0x2327dac	0	1	cs.add(0x23203fc, "rd:collision", [&](Cpu& c) { cs.log(c, "collision", {{0, 8}, {1, 8}, {2, 8}, {3, 4}, {4, 4}}, 1); });
port/src/native/dynamics/dynamics_rd_test.cpp	680	0x231f51c	fn	0	_ZN4Aska26ArticulatedDynamicsManager12SimulateMainIS0_EEvPT_PNS_8ADMJointES5_jiijffjf+0x0	0x2326ecc	0	1	bad += !compare_logged(t, "SimulateMain", it, 0x231f51c, a, in, cs, [&] { vel_i = 0; });
port/src/native/engine/aska_memory.cpp	1041	0x26e3f5d	str	0	str:'C:\\BAS_Submission\\Client\\Project\\../Libr'+0	0x26db199	0	0	{16, 0, 0x26e3f5d, "_ZTVN9Framework21TFixedLengthAllocatorILm16EEE"},
port/src/native/engine/aska_memory.cpp	1042	0x26e3f5d	str	0	str:'C:\\BAS_Submission\\Client\\Project\\../Libr'+0	0x26db199	0	0	{32, 0, 0x26e3f5d, "_ZTVN9Framework21TFixedLengthAllocatorILm32EEE"},
port/src/native/engine/aska_memory.cpp	1043	0x26e3f5d	str	0	str:'C:\\BAS_Submission\\Client\\Project\\../Libr'+0	0x26db199	0	0	{64, 0, 0x26e3f5d, "_ZTVN9Framework21TFixedLengthAllocatorILm64EEE"},
port/src/native/engine/aska_memory.cpp	1044	0x26e3f5d	str	0	str:'C:\\BAS_Submission\\Client\\Project\\../Libr'+0	0x26db199	0	0	{128, 0, 0x26e3f5d, "_ZTVN9Framework21TFixedLengthAllocatorILm128EEE"},
port/src/native/engine/aska_memory.cpp	1045	0x26e3f5d	str	0	str:'C:\\BAS_Submission\\Client\\Project\\../Libr'+0	0x26db199	0	0	{256, 0, 0x26e3f5d, "_ZTVN9Framework21TFixedLengthAllocatorILm256EEE"},
port/src/native/engine/aska_memory.cpp	1046	0x26e3f5d	str	0	str:'C:\\BAS_Submission\\Client\\Project\\../Libr'+0	0x26db199	0	0	{512, 0, 0x26e3f5d, "_ZTVN9Framework21TFixedLengthAllocatorILm512EEE"},
port/src/native/engine/aska_memory.cpp	1047	0x2714a36	str	0	str:'C:\\BAS_Submission\\Client\\Project\\..\\Libr'+0	0x270bd96	0	0	{192, 0, 0x2714a36, "_ZTVN9Framework21TFixedLengthAllocatorILm192EEE"},
port/src/native/engine/aska_memory.cpp	1084	0x26e3fbc	str	0	str:'The argument has gotten numeric out of r'+0	0x26db1f8	0	0	if (!(R64(a + 0x20) > idx)) gassert(k.file, 0xf9, 0x26e3fbc, idx, R64(a + 0x20));
port/src/native/engine/aska_memory.cpp	1088	0x26e3ff1	str	0	str:'Not free.'+0	0x26db22d	0	0	if (R8(slot + 3) != 1) gassert(k.file, 0xfc, 0x26e3ff1);
port/src/native/engine/aska_memory.cpp	1101	0x26e3ffb	str	0	str:'Illegal address.(%08x)\n'+0	0x26db237	0	0	if (!pool_is_mine(a, k, p)) gassert(k.file, 0x10f, 0x26e3ffb, p);
port/src/native/engine/aska_memory.cpp	1102	0x26e4013	str	0	str:'Double free.'+0	0x26db24f	0	0	if (R8(p - 0xd)) gassert(k.file, 0x111, 0x26e4013);
port/src/native/engine/asset_decrypt.cpp	174	0x1149238	fn	0	lambda:N5CGame12OnInitializeEv#1.6+0x0	0x114b600	0	0	constexpr u64 kAdldCallback = 0x1149238;  // library-relative address of the lambda's operator()
port/src/native/engine/asset_decrypt.cpp	212	0x1149238	fn	0	lambda:N5CGame12OnInitializeEv#1.6+0x0	0x114b600	0	0	NATIVE_FUNCTION("@0x1149238", h_adld_callback, "ADLD asset decryption (CGame::OnInitialize lambda)");
port/src/native/engine/mainloop.cpp	59	0x28654a1	str	0	str:'C:\\BAS_Submission\\Client\\Library\\Framewo'+0	0x2863431	0	0	constexpr u64 kFiberCpp = 0x28654a1, kTChainH = 0x28655b8, kSingletonH = 0x2863321, kAppCpp = 0x286311c,
port/src/native/engine/mainloop.cpp	59	0x28655b8	str	0	str:'C:\\BAS_Submission\\Client\\Library\\Framewo'+0	0x2863548	0	0	constexpr u64 kFiberCpp = 0x28654a1, kTChainH = 0x28655b8, kSingletonH = 0x2863321, kAppCpp = 0x286311c,
port/src/native/engine/mainloop.cpp	59	0x2863321	str	0	str:'C:\\BAS_Submission\\Client\\Library\\Framewo'+0	0x28612b1	0	0	constexpr u64 kFiberCpp = 0x28654a1, kTChainH = 0x28655b8, kSingletonH = 0x2863321, kAppCpp = 0x286311c,
port/src/native/engine/mainloop.cpp	59	0x286311c	str	0	str:'C:\\BAS_Submission\\Client\\Library\\Framewo'+0	0x28610ac	0	0	constexpr u64 kFiberCpp = 0x28654a1, kTChainH = 0x28655b8, kSingletonH = 0x2863321, kAppCpp = 0x286311c,
port/src/native/engine/mainloop.cpp	60	0x26e3e82	str	0	str:'C:\\BAS_Submission\\Client\\Project\\../Libr'+0	0x26db0be	0	0	kStlAllocH = 0x26e3e82;
port/src/native/engine/mainloop.cpp	61	0x28654f2	str	0	str:"mpUnits isn't null.(%08x)"+0	0x2863482	0	0	constexpr u64 kUnitsNotNull = 0x28654f2, kUnitsNull = 0x286550c, kAttachedNot0 = 0x286551d,
port/src/native/engine/mainloop.cpp	61	0x286550c	str	0	str:'mpUnits is null.'+0	0x286349c	0	0	constexpr u64 kUnitsNotNull = 0x28654f2, kUnitsNull = 0x286550c, kAttachedNot0 = 0x286551d,
port/src/native/engine/mainloop.cpp	61	0x286551d	str	0	str:"Internal error, mNumAttachedUnits isn't "+0	0x28634ad	0	0	constexpr u64 kUnitsNotNull = 0x28654f2, kUnitsNull = 0x286550c, kAttachedNot0 = 0x286551d,
port/src/native/engine/mainloop.cpp	62	0x286554c	str	0	str:'Internal error, mNumAttachedUnits is 0.'+0	0x28634dc	0	0	kAttached0 = 0x286554c, kUnitsNULL = 0x2865574, kHasPrev = 0x2865608, kHasNext = 0x2865628,
port/src/native/engine/mainloop.cpp	62	0x2865574	str	0	str:'Internal error, mpUnits is NULL.'+0	0x2863504	0	0	kAttached0 = 0x286554c, kUnitsNULL = 0x2865574, kHasPrev = 0x2865608, kHasNext = 0x2865628,
port/src/native/engine/mainloop.cpp	62	0x2865608	str	0	str:'Target has already m_pPrevious.'+0	0x2863598	0	0	kAttached0 = 0x286554c, kUnitsNULL = 0x2865574, kHasPrev = 0x2865608, kHasNext = 0x2865628,
port/src/native/engine/mainloop.cpp	62	0x2865628	str	0	str:'Target has already m_pNext.'+0	0x28635b8	0	0	kAttached0 = 0x286554c, kUnitsNULL = 0x2865574, kHasPrev = 0x2865608, kHasNext = 0x2865628,
port/src/native/engine/mainloop.cpp	63	0x2865644	str	0	str:"Previous hasn't myself."+0	0x28635d4	0	0	kPrevNotMe = 0x2865644, kNextNotMe = 0x286565c, kAlreadyAttached = 0x2865595,
port/src/native/engine/mainloop.cpp	63	0x286565c	str	0	str:"Next hasn't myself."+0	0x28635ec	0	0	kPrevNotMe = 0x2865644, kNextNotMe = 0x286565c, kAlreadyAttached = 0x2865595,
port/src/native/engine/mainloop.cpp	63	0x2865595	str	0	str:'Already attached.'+0	0x2863525	0	0	kPrevNotMe = 0x2865644, kNextNotMe = 0x286565c, kAlreadyAttached = 0x2865595,
port/src/native/engine/mainloop.cpp	64	0x28655a7	str	0	str:'mpKernel is null'+0	0x2863537	0	0	kKernelNull = 0x28655a7, kInstanceNull = 0x26e3ce5, kDtNegative = 0x2863306,
port/src/native/engine/mainloop.cpp	64	0x26e3ce5	str	0	str:'m_pInstance is null.'+0	0x26daf21	0	0	kKernelNull = 0x28655a7, kInstanceNull = 0x26e3ce5, kDtNegative = 0x2863306,
port/src/native/engine/mainloop.cpp	64	0x2863306	str	0	str:'The dt less than zero.(%f)'+0	0x2861296	0	0	kKernelNull = 0x28655a7, kInstanceNull = 0x26e3ce5, kDtNegative = 0x2863306,
port/src/native/engine/mainloop.cpp	65	0x2863269	str	0	str:'m_pResponderChainManager is null.'+0	0x28611f9	0	0	kResponderNull = 0x2863269, kCameraStockNull = 0x28631ab, kAssignedNull = 0x26e520e;
port/src/native/engine/mainloop.cpp	65	0x28631ab	str	0	str:'m_pCameraStock_SystemDefault is null.'+0	0x286113b	0	0	kResponderNull = 0x2863269, kCameraStockNull = 0x28631ab, kAssignedNull = 0x26e520e;
port/src/native/engine/mainloop.cpp	65	0x26e520e	str	0	str:'apAssignedMemory is null.'+0	0x26dc43e	0	0	kResponderNull = 0x2863269, kCameraStockNull = 0x28631ab, kAssignedNull = 0x26e520e;
port/src/native/engine/mainloop.cpp	350	0x18043b8	fn	0	anon:_ZNSt6__ndk16vectorIP12CSceneObjectN9Framework13CSTLAllocatorIS2_NS3_22CSTLVectorAllocatorInfEEEE21__push_back_slow_pathIS2_EEvOT_#1+0x0	0x17fb64c	0	0	guest_call(lib() + 0x18043b8, {F<u64>(c, 0xf0), F<u64>(c, 0xf8)});
port/src/native/engine/mainloop.cpp	589	0x2c02240	near	0	_ZN9Framework12CApplication20m_FrameworkArgumentsE+0x1f0 (nearest symbol)	0x2c00240 (nearest-symbol guess: check)	0	0	F<u8>(lib() + 0x2c02240, 0) = 0;
port/src/native/engine/mainloop_test.cpp	497	0x1234560	fn	0	_ZN21CAnimationModelObject16Progress_ReleaseEv+0x80	0x123890c	0	1	F<u64>(ft, 0xd8) = round & 1 ? 0x1234560 : 0;
port/src/native/engine/math/aska_math.cpp	75	0x1f52018	fn	0	_ZN4Aska6RandomEv+0x0	0x1f599c8	0	0	static std::uint64_t b = guest::sym("_ZN4Aska6RandomEv") - 0x1f52018;
port/src/native/engine/math/aska_math.cpp	75	_ZN4Aska6RandomEv-0x1f52018	symoff	0	_ZN4Aska6RandomEv	identical body: offset holds	0	0	static std::uint64_t b = guest::sym("_ZN4Aska6RandomEv") - 0x1f52018;
port/src/native/engine/math/aska_math.cpp	888	0x2cce9f0	near	0	_ZN4Aska26g_uiLowPrecisionRandomSeedE+0x8 (nearest symbol)	0x2ccc9f0 (nearest-symbol guess: check)	0	0	constexpr u64 kRandomState = 0x2cce9f0;  // library-relative
port/src/native/engine/math/aska_math.cpp	889	0x1f52018	fn	0	_ZN4Aska6RandomEv+0x0	0x1f599c8	0	0	constexpr u64 kRandomFn = 0x1f52018;     // Aska::Random(), to find the library base
port/src/native/engine/math/aska_math_rd_geo.cpp	201	0x2bc3a68	got	0	GOT[g_aRadian2Cos]	0x2bc1ad8	0	0	const float* cos_table = *(const float* const*)(a2c::lib_base() + 0x2bc3a68);
port/src/native/engine/math/aska_math_test.cpp	246	0x1f52018	fn	0	_ZN4Aska6RandomEv+0x0	0x1f599c8	0	1	u64 st_addr = guest::sym("_ZN4Aska6RandomEv") - 0x1f52018 + 0x2cce9f0;
port/src/native/engine/math/aska_math_test.cpp	246	0x2cce9f0	near	0	_ZN4Aska26g_uiLowPrecisionRandomSeedE+0x8 (nearest symbol)	0x2ccc9f0 (nearest-symbol guess: check)	0	1	u64 st_addr = guest::sym("_ZN4Aska6RandomEv") - 0x1f52018 + 0x2cce9f0;
port/src/native/engine/math/aska_math_test.cpp	246	_ZN4Aska6RandomEv-0x1f52018	symoff	0	_ZN4Aska6RandomEv	identical body: offset holds	0	1	u64 st_addr = guest::sym("_ZN4Aska6RandomEv") - 0x1f52018 + 0x2cce9f0;
port/src/native/engine/math/aska_math_test.cpp	310	0x1f52018	fn	0	_ZN4Aska6RandomEv+0x0	0x1f599c8	0	1	u64 st_addr = guest::sym("_ZN4Aska6RandomEv") - 0x1f52018 + 0x2cce9f0;
port/src/native/engine/math/aska_math_test.cpp	310	0x2cce9f0	near	0	_ZN4Aska26g_uiLowPrecisionRandomSeedE+0x8 (nearest symbol)	0x2ccc9f0 (nearest-symbol guess: check)	0	1	u64 st_addr = guest::sym("_ZN4Aska6RandomEv") - 0x1f52018 + 0x2cce9f0;
port/src/native/engine/math/aska_math_test.cpp	310	_ZN4Aska6RandomEv-0x1f52018	symoff	0	_ZN4Aska6RandomEv	identical body: offset holds	0	1	u64 st_addr = guest::sym("_ZN4Aska6RandomEv") - 0x1f52018 + 0x2cce9f0;
port/src/native/engine/slz.cpp	42	0x2bc9139	near	0	_ZN4Aska4Boot7bIsLoopE+0x1 (nearest symbol)	0x2bc7131 (nearest-symbol guess: check)	1	0	// The 16-byte key of "SLE" headers (.rodata, library-relative 0x2bc9139).
port/src/native/engine/slz.cpp	44	0x2bc9139	near	0	_ZN4Aska4Boot7bIsLoopE+0x1 (nearest symbol)	0x2bc7131 (nearest-symbol guess: check)	0	0	static const u8* k = (const u8*)(main_lib()->base + 0x2bc9139);
port/src/native/engine/sync.cpp	383	0x2866c80	str	0	str:'C:\\BAS_Submission\\Client\\Library\\Framewo'+0	0x2864c10	0	0	constexpr u64 kMutexCpp = 0x2866c80;       // "C:\BAS_Submission\...\Framework\Mutex.cpp"
port/src/native/engine/sync.cpp	384	0x2863bab	str	0	str:'Uninitialized object.'+0	0x2861b3b	0	0	constexpr u64 kUninitialized = 0x2863bab;  // "Uninitialized object."
port/src/native/event/event_runtime.cpp	1078	0x26f0544	str	0	str:'C:\\BAS_Submission\\Client\\Project\\../Libr'+0	0x26e7774	0	0	static u64 file = main_lib()->base + 0x26f0544;  // "...STL_List.h"
port/src/native/event/event_runtime.cpp	1177	0x2750ab0	str	0	str:'add_def'+4	0x2747e2f	0	0	static u64 def_face = main_lib()->base + 0x2750ab0;  // "def"
port/src/native/event/event_runtime.cpp	1498	0x26e3f09	str	0	str:'C:\\BAS_Submission\\Client\\Project\\../Libr'+0	0x26db145	0	0	u64 buf = guest_call(alloc, {0x30, base + 0x26e3f09, 0x1c});  // ".../STL_String.h"
port/src/native/event/event_runtime.cpp	1499	0x270abf1	str	0	str:'Overlay_Bottom/Message/MessageWindow/Mes'+0	0x2701e21	0	0	memcpy((void*)buf, (void*)(base + 0x270abf1), 0x2c);            // "Overlay_Bottom/Message/MessageWindow/Message"
port/src/native/event/event_runtime.cpp	1898	0x270aee2	str	0	str:'Image_auto'+0	0x2702112	0	0	static u64 image_auto = main_lib()->base + 0x270aee2;  // "Image_auto"
port/src/native/event/event_runtime.cpp	2301	0x26e5306	str	0	str:'C:\\BAS_Submission\\Client\\Project\\../Libr'+0	0x26dc536	0	0	vb = guest_call(alloc, {(u64)(s64)n * 0x30, base + 0x26e5306, 0x20});
port/src/native/event/event_runtime.cpp	2392	0x26e3f09	str	0	str:'C:\\BAS_Submission\\Client\\Project\\../Libr'+0	0x26db145	0	0	data = (char*)guest_call(alloc, {cap, base + 0x26e3f09, 0x1c});
port/src/native/gacha/gacha.cpp	126	0x2bed4f8	near	0	_ZN9Framework10TSingletonI10CUIManagerE11m_pInstanceE+0x110 (nearest symbol)	0x2beb4f8 (nearest-symbol guess: check)	0	0	u64 disc_effects() { return effect_table(0x2bed4f8, 0x2bed52c, 0x2bed494); }
port/src/native/gacha/gacha.cpp	126	0x2bed52c	near	0	_ZN9Framework10TSingletonI10CUIManagerE11m_pInstanceE+0x144 (nearest symbol)	0x2beb52c (nearest-symbol guess: check)	0	0	u64 disc_effects() { return effect_table(0x2bed4f8, 0x2bed52c, 0x2bed494); }
port/src/native/gacha/gacha.cpp	126	0x2bed494	near	0	_ZN9Framework10TSingletonI10CUIManagerE11m_pInstanceE+0xac (nearest symbol)	0x2beb494 (nearest-symbol guess: check)	0	0	u64 disc_effects() { return effect_table(0x2bed4f8, 0x2bed52c, 0x2bed494); }
port/src/native/gacha/gacha.cpp	127	0x2bed500	near	0	_ZN9Framework10TSingletonI10CUIManagerE11m_pInstanceE+0x118 (nearest symbol)	0x2beb500 (nearest-symbol guess: check)	0	0	u64 magic_effects() { return effect_table(0x2bed500, 0x2bed538, 0x2bed4a0); }
port/src/native/gacha/gacha.cpp	127	0x2bed538	near	0	_ZN9Framework10TSingletonI10CUIManagerE11m_pInstanceE+0x150 (nearest symbol)	0x2beb538 (nearest-symbol guess: check)	0	0	u64 magic_effects() { return effect_table(0x2bed500, 0x2bed538, 0x2bed4a0); }
port/src/native/gacha/gacha.cpp	127	0x2bed4a0	near	0	_ZN9Framework10TSingletonI10CUIManagerE11m_pInstanceE+0xb8 (nearest symbol)	0x2beb4a0 (nearest-symbol guess: check)	0	0	u64 magic_effects() { return effect_table(0x2bed500, 0x2bed538, 0x2bed4a0); }
port/src/native/gacha/gacha.cpp	230	0x26e4d05	str	0	str:'disc_posi_11'+0	0x26dbf35	0	0	u64 node = at<u32>(self, 0x470) == 1 ? lib(0x26e4d05) /* "disc_posi_11" */ : at<u64>(lib(0x299c6f8), i * 8);
port/src/native/gacha/gacha.cpp	230	0x299c6f8	near	0	_ZTI22CAddShaderCacheManager+0x38 (nearest symbol)	0x2996f18 (nearest-symbol guess: check)	0	0	u64 node = at<u32>(self, 0x470) == 1 ? lib(0x26e4d05) /* "disc_posi_11" */ : at<u64>(lib(0x299c6f8), i * 8);
port/src/native/gacha/gacha.cpp	250	0x299c748	near	0	_ZTI22CAddShaderCacheManager+0x88 (nearest symbol)	0x2996f68 (nearest-symbol guess: check)	1	0	// ("magicmark_posi_10" for a single draw, else the node table at 0x299c748), sub-state 4.
port/src/native/gacha/gacha.cpp	259	0x26e4db4	str	0	str:'magicmark_posi_10'+0	0x26dbfe4	0	0	at<u32>(self, 0x4d0) = start_effect_to_effect(id, true, at<u32>(self, 0x494), lib(0x26e4db4));
port/src/native/gacha/gacha.cpp	264	0x299c748	near	0	_ZTI22CAddShaderCacheManager+0x88 (nearest symbol)	0x2996f68 (nearest-symbol guess: check)	0	0	start_effect_to_effect(id, true, at<u32>(self, 0x494), at<u64>(lib(0x299c748), i * 8));
port/src/native/gacha/gacha.cpp	317	0x26e4ae0	str	0	str:'Camera/gacha_camera_01.aaf'+0	0x26dbd10	0	0	guest_call(remove, {rm, lib(0x26e4ae0)});  // "Camera/gacha_camera_01.aaf"
port/src/native/gacha/gacha.cpp	318	0x26e4b64	str	0	str:'Camera/gacha_camera_02.aaf'+0	0x26dbd94	0	0	guest_call(remove, {rm, lib(0x26e4b64)});  // "Camera/gacha_camera_02.aaf"
port/src/native/gacha/gacha.cpp	319	0x26e4b7f	str	0	str:'Camera/gacha_camera_03.aaf'+0	0x26dbdaf	0	0	guest_call(remove, {rm, lib(0x26e4b7f)});  // "Camera/gacha_camera_03.aaf"
port/src/native/gacha/gacha.cpp	327	0x26e4ba8	str	0	str:'Voice_UI_004'+0	0x26dbdd8	0	0	gcall("_ZN13CSoundManager14RemoveResourceEPKc", {singleton(kSoundMgr), lib(0x26e4ba8)});  // "Voice_UI_004"
port/src/native/gacha/gacha.cpp	390	0x26e4a9e	str	0	str:'bg99_01'+0	0x26dbcce	0	0	gcall("_ZN11CMapManager7LoadMapEPKcb", {gcall("_ZN6CArena11rMapManagerEv", {ar}), lib(0x26e4a9e) /* "bg99_01" */, 0});
port/src/native/gacha/gacha.cpp	396	0x26e4aa6	str	0	str:'Character/cp0002_b01b.asf'+0	0x26dbcd6	0	0	{thing, lib(0x26e4aa6) /* "Character/cp0002_b01b.asf" */, lib(0x26e4ac0) /* "Motion/Gacha.apk" */,
port/src/native/gacha/gacha.cpp	396	0x26e4ac0	str	0	str:'Motion/Gacha.apk'+0	0x26dbcf0	0	0	{thing, lib(0x26e4aa6) /* "Character/cp0002_b01b.asf" */, lib(0x26e4ac0) /* "Motion/Gacha.apk" */,
port/src/native/gacha/gacha.cpp	397	0x26e4ad1	str	0	str:'gachacharacter'+0	0x26dbd01	0	0	lib(0x28d4091), lib(0x26e4ad1) /* "gachacharacter" */, 0});
port/src/native/gacha/gacha.cpp	415	0x2703a35	str	0	str:'btlcamera1'+3	0x26fac65	0	0	u64 found = gcall("_ZNK4Aska10AsfHandler6SearchEPKc", {asf, lib(0x2703a35) /* "camera1" */});
port/src/native/gacha/gacha.cpp	419	0x26e4ae0	str	0	str:'Camera/gacha_camera_01.aaf'+0	0x26dbd10	0	0	start_camera(self, lib(0x26e4ae0));  // "Camera/gacha_camera_01.aaf"
port/src/native/gacha/gacha.cpp	423	0x26e4afb	str	0	str:'gacha_cp0002_01.aaf'+0	0x26dbd2b	0	0	gcall("_ZN12CThingObject21StartAnimationWithApkEPKcj", {at<u64>(self, 0x420), lib(0x26e4afb) /* "gacha_cp0002_01.aaf" */, 0});
port/src/native/gacha/gacha.cpp	424	0x2bed47c	near	0	_ZN9Framework10TSingletonI10CUIManagerE11m_pInstanceE+0x94 (nearest symbol)	0x2beb47c (nearest-symbol guess: check)	0	0	at<u32>(self, 0x490) = start_effect(at<u32>(lib(0x2bed47c), 0), true);
port/src/native/gacha/gacha_test.cpp	306	0x2703a35	str	0	str:'btlcamera1'+3	0x26fac65	0	1	u64 args[5] = {self, (u64)(v % 7), (u64)(v % 3 == 0 ? 0x101 : 0x100), (u64)(v % 5), (u64)lib(0x2703a35)};
port/src/native/gacha/gacha_test.cpp	307	0x26e4ae0	str	0	str:'Camera/gacha_camera_01.aaf'+0	0x26dbd10	0	1	if (strstr(f.sym, "StartCamera")) args[1] = lib(0x26e4ae0);
port/src/native/gacha/gacha_ui.cpp	227	0x27b13aa	str	0	str:'Panel_1/window/Node_3/Image_step/AtlasLa'+0	0x27a90aa	0	0	{at<u64>(self, 0x150), lib(0x27b13aa) /* "Panel_1/window/Node_3/Image_step/AtlasLabel_step" */});
port/src/native/gacha/gacha_ui.cpp	265	0x27b144a	str	0	str:'Panel_1/window/tab/base/Button_1/image_b'+0	0x27a914a	0	0	u64 path = (c.x(1) & 1) ? lib(0x27b144a) /* ".../Button_1/image_btn_on" */ : lib(0x27b1478) /* ".../Button_2/image_btn_on" */;
port/src/native/gacha/gacha_ui.cpp	265	0x27b1478	str	0	str:'Panel_1/window/tab/base/Button_2/image_b'+0	0x27a9178	0	0	u64 path = (c.x(1) & 1) ? lib(0x27b144a) /* ".../Button_1/image_btn_on" */ : lib(0x27b1478) /* ".../Button_2/image_btn_on" */;
port/src/native/gacha/gacha_ui.cpp	324	0x2a40e68	slot	0	vtable with slot lambda:N6CArena19SetDisconnectPlayerEbi#0.0 (at +0)	0x2a3be48	0	0	void ShortageRequestClose(Cpu& c) { dialog_close(c.x(0), lib(0x2a40e68)); }
port/src/native/gacha/gacha_ui.cpp	355	0x2a40fe8	slot	0	vtable with slot lambda:N6CArena19SetDisconnectPlayerEbi#0.0 (at +0)	0x2a3bfc8	0	0	void ConfirmRequestClose(Cpu& c) { dialog_close(c.x(0), lib(0x2a40fe8)); }
port/src/native/gacha/gacha_ui.cpp	494	0x2a41068	slot	0	vtable with slot lambda:N6CArena19SetDisconnectPlayerEbi#0.0 (at +0)	0x2a3c048	0	0	make_lambda(lambda, lib(0x2a41068), self);
port/src/native/gacha/gacha_ui.cpp	496	0x2a41068	slot	0	vtable with slot lambda:N6CArena19SetDisconnectPlayerEbi#0.0 (at +0)	0x2a3c048	0	0	make_lambda(copy, lib(0x2a41068), self);
port/src/native/gacha/gacha_ui.cpp	531	0x27b17be	str	0	str:'slide_r/plate/Node_tab'+0	0x27a94be	0	0	u64 node = gcall("_ZN10CUIUtility7GetNodeEPN9Framework5Cocos10CCocosNodeEPKc", {at<u64>(self, 0x148), lib(0x27b17be) /* "slide_r/plate/Node_tab" */});
port/src/native/gacha/gacha_ui.cpp	532	0x27b2829	str	0	str:'Image_pickup'+0	0x27aa529	0	0	static const u64 kImages[4] = {0x27b2829 /* "Image_pickup" */, 0x27b28a9 /* "Image_chara" */, 0x27b2929 /* "Image_weapon" */,
port/src/native/gacha/gacha_ui.cpp	532	0x27b28a9	str	0	str:'Image_chara'+0	0x278e7f5 (string occurs more than once)	0	0	static const u64 kImages[4] = {0x27b2829 /* "Image_pickup" */, 0x27b28a9 /* "Image_chara" */, 0x27b2929 /* "Image_weapon" */,
port/src/native/gacha/gacha_ui.cpp	532	0x27b2929	str	0	str:'Image_weapon'+0	0x27aa629	0	0	static const u64 kImages[4] = {0x27b2829 /* "Image_pickup" */, 0x27b28a9 /* "Image_chara" */, 0x27b2929 /* "Image_weapon" */,
port/src/native/gacha/gacha_ui.cpp	533	0x27b29a9	str	0	str:'Image_event'+0	0x27aa6a9	0	0	0x27b29a9 /* "Image_event" */};
port/src/native/gacha/gacha_ui.cpp	644	0x27b203b	str	0	str:'subtitle/text'+0	0x27a9d3b	0	0	{at<u64>(self, 0x140), lib(0x27b203b) /* "subtitle/text" */, (u64)t.data(), lib(0x27b2049) /* "subtitle/text2" */,
port/src/native/gacha/gacha_ui.cpp	644	0x27b2049	str	0	str:'subtitle/text2'+0	0x27a9d49	0	0	{at<u64>(self, 0x140), lib(0x27b203b) /* "subtitle/text" */, (u64)t.data(), lib(0x27b2049) /* "subtitle/text2" */,
port/src/native/gacha/gacha_ui.cpp	802	0x277a97d	str	0	str:'dummy'+0	0x277202d	0	0	string_assign(hash, (const char*)lib(0x277a97d), 5);  // "dummy"
port/src/native/input/input_pad.cpp	263	0x2866d38	str	0	str:'C:\\BAS_Submission\\Client\\Library\\Framewo'+0	0x2864cc8	0	0	constexpr u64 kPadCpp = 0x2866d38;      // "C:\BAS_Submission\...\Framework\Pad.cpp"
port/src/native/input/input_pad.cpp	264	0x2866da2	str	0	str:'m_pUnits is null.'+0	0x2864d32	0	0	constexpr u64 kNull = 0x2866da2;        // "m_pUnits is null."
port/src/native/input/input_pad.cpp	265	0x26e3fbc	str	0	str:'The argument has gotten numeric out of r'+0	0x26db1f8	0	0	constexpr u64 kRange = 0x26e3fbc;       // "The argument has gotten numeric out of range.(%d/%d)"
port/src/native/input/input_pad.cpp	266	0x2863321	str	0	str:'C:\\BAS_Submission\\Client\\Library\\Framewo'+0	0x28612b1	0	0	constexpr u64 kSingleton = 0x2863321;   // "...\Framework/TSingleton.h"
port/src/native/input/input_pad.cpp	267	0x26e3ce5	str	0	str:'m_pInstance is null.'+0	0x26daf21	0	0	constexpr u64 kInstNull = 0x26e3ce5;    // "m_pInstance is null."
port/src/native/input/input_pad.cpp	268	0x2866ddf	str	0	str:'Uninitialized instance.'+0	0x2864d6f	0	0	constexpr u64 kUninit = 0x2866ddf;      // "Uninitialized instance."
port/src/native/input/input_touch.cpp	996	0x2c026a8	near	0	_ZN9Framework21CTimeElementContainer9iElementsE+0x168 (nearest symbol)	0x2c006a8 (nearest-symbol guess: check)	0	0	u8* prev = (u8*)(main_lib()->base + 0x2c026a8);  // static "Back was down" (.bss)
port/src/native/input/input_touch.cpp	1479	0x2bc67b0	got	0	GOT[_ZN4Aska6Global20m_pPeripheralManagerE]	0x2bc47d0	0	0	u64 slot = F<u64>(F<u64>(main_lib()->base + 0x2bc67b0, 0), 0) + 0x28;  // PeripheralManager
port/src/native/input/input_touch.cpp	1495	0x2bc67b0	got	0	GOT[_ZN4Aska6Global20m_pPeripheralManagerE]	0x2bc47d0	0	0	u64 slot = F<u64>(F<u64>(main_lib()->base + 0x2bc67b0, 0), 0) + 0x28;
port/src/native/input/input_touch.cpp	1504	0x2c026a8	near	0	_ZN9Framework21CTimeElementContainer9iElementsE+0x168 (nearest symbol)	0x2c006a8 (nearest-symbol guess: check)	0	0	u8* prev = (u8*)(main_lib()->base + 0x2c026a8);
port/src/native/libs/lib_jpeg.cpp	6	0x25e9688	fn	0	anon:_ZN4Aska8JpegUtil7GetInfoEPjS1_PNS0_10ColorSpaceEPbS4_PKvm#1+0x0	0x25ea038	1	0	//   GetInfo / Decode   (share one local body at 0x25e9688) — header info, and full decode to
port/src/native/libs/lib_jpeg.cpp	60	0x25e99c4	fn	0	_Z8glj_ilogj+0x0	0x25ea374	1	0	// bit length (32 - clz, 0 for 0): the guest's inlined helper at 0x25e99c4
port/src/native/libs/lib_jpeg.cpp	74	0x25ea778	fn	0	anon:_ZN4Aska8JpegUtil9DecodeYuvEPPjPKvm#4+0x0	0x25eb128	1	0	// GetInfo/Decode: store the message code in *client_data and return (0x25ea778).
port/src/native/libs/lib_jpeg.cpp	99	0x25e9688	fn	0	anon:_ZN4Aska8JpegUtil7GetInfoEPjS1_PNS0_10ColorSpaceEPbS4_PKvm#1+0x0	0x25ea038	1	0	// ---- GetInfo / Decode (local function 0x25e9688) ----
port/src/native/libs/libcxx_algo.cpp	151	0x26e5306	str	0	str:'C:\\BAS_Submission\\Client\\Project\\../Libr'+0	0x26dc536	0	0	constexpr u64 kVectorFile = 0x26e5306;  // "…/Framework/STL_Vector.h", line 32
port/src/native/libs/libcxx_containers.cpp	130	0x26e5306	str	0	str:'C:\\BAS_Submission\\Client\\Project\\../Libr'+0	0x26dc536	0	0	constexpr u64 kVectorFile = 0x26e5306;  // "…/Framework/STL_Vector.h"
port/src/native/libs/libcxx_containers.cpp	131	0x26e52b5	str	0	str:'C:\\BAS_Submission\\Client\\Project\\../Libr'+0	0x26dc4e5	0	0	constexpr u64 kMapFile = 0x26e52b5;     // "…/Framework/STL_Map.h"
port/src/native/libs/libcxx_hash.cpp	32	0x26e50a5	str	0	str:'C:\\BAS_Submission\\Client\\Project\\../Libr'+0	0x26dc2d5	0	0	constexpr u64 kUnorderedMapFile = 0x26e50a5;  // "…/Framework/STL_UnorderedMap.h"
port/src/native/libs/libcxx_string.cpp	40	0x26e3f09	str	0	str:'C:\\BAS_Submission\\Client\\Project\\../Libr'+0	0x26db145	1	0	// The guest passes __FILE__ = "…/Framework/STL_String.h" (.rodata 0x26e3f09), line 28.
port/src/native/libs/libcxx_string.cpp	41	0x26e3f09	str	0	str:'C:\\BAS_Submission\\Client\\Project\\../Libr'+0	0x26db145	0	0	static u64 file = main_lib()->base + 0x26e3f09;
port/src/native/libs/libcxx_string.cpp	596	0x26e5306	str	0	str:'C:\\BAS_Submission\\Client\\Project\\../Libr'+0	0x26dc536	0	0	constexpr u64 kVectorFile = 0x26e5306;  // "…/Framework/STL_Vector.h", line 32
port/src/native/models/models_rd_aof.cpp	394	0x2000000	fn	0	_ZN4Aska20TAafNormalControllerINS_7AafTypeINS_33AafControlPoint_Normal_Linear_U16ELb0ELb0ELj3EEEE19CalcValueAndTangentEPvS5_f+0x134	0x20089b0	0	0	o->flags_198 = f198 | 0x2000000;
port/src/native/models/models_rd_functor.cpp	20	0x1f94008	fn	0	_ZN4Aska20AafCalcCommonFunctor10CheckCacheINS_11AafCalcTypeILNS_17kTYPE_AAFCALCCNTRE0ELNS_19kTYPE_AAFCALCANDSETE0ELNS_18kTYPE_AAFCALCSPEEDE0ELNS_13kTYPE_AAFCALCE0ELNS_22kTYPE_AAFLOOPCONDITIONE0EEEEEvPNS_10AafHandlerEPjSB_PPNS_17AafControllerInfoERiSF_PtSG_SF_jPNS_11IAnimatableEfPNS_25FrameSortDataForSearchOldEj+0x0	0x1f9c9b8	0	0	constexpr u64 kCheckCache = 0x1f94008;  // AafCalcCommonFunctor::CheckCache<AafCalcType<0,0,0,0,0>>
port/src/native/models/models_rd_functor.cpp	21	0x1f94208	fn	0	_ZN4Aska20AafCalcCommonFunctor27Local_CalcAndSet_OutofRangeINS_11AafCalcTypeILNS_17kTYPE_AAFCALCCNTRE0ELNS_19kTYPE_AAFCALCANDSETE0ELNS_18kTYPE_AAFCALCSPEEDE0ELNS_13kTYPE_AAFCALCE0ELNS_22kTYPE_AAFLOOPCONDITIONE0EEELb0ELb0EEEvRbPNS_10AafHandlerERjffjjjPtSD_+0x0	0x1f9cbb8	0	0	constexpr u64 kOutofRange = 0x1f94208;  // AafCalcCommonFunctor::Local_CalcAndSet_OutofRange<AafCalcType<0,0,0,0,0>, false, false>
port/src/native/models/models_rd_light.cpp	30	0x20c0ba8	fn	0	_ZNK4Aska9AofObject27GetActualLightConfigurationEv+0x0	0x20c8558	0	0	constexpr u64 kGetActualLightConfiguration = 0x20c0ba8;  // AofObject::GetActualLightConfiguration() const
port/src/native/models/models_rd_light.cpp	31	0x2132790	fn	0	_ZNK4Aska5Light15CalcIntensityTSEPNS_16RenderableObjectEPNS0_17CalcIntensityWorkEbbPfS5_S5_+0x0	0x213b140	0	0	constexpr u64 kCalcIntensityTS = 0x2132790;      // Light::CalcIntensityTS(RenderableObject*, CalcIntensityWork*, bool, bool, float*, float*, float*) const
port/src/native/models/models_rd_light.cpp	32	0x213515c	fn	0	_ZN4Aska5Light23CalcHemisphereIntensityEPNS_16RenderableObjectE+0x0	0x213db0c	0	0	constexpr u64 kCalcHemisphereIntensity = 0x213515c;  // Light::CalcHemisphereIntensity(RenderableObject*)
port/src/native/models/models_rd_light.cpp	33	0x2137c90	fn	0	_ZN4Aska12LightManager25CalcHemisphereLightCoeffsEPNS0_10SHAmbConstEPKNS_5LightEPNS_6VectorE+0x0	0x2140640	0	0	constexpr u64 kCalcHemisphereLightCoeffs = 0x2137c90; // LightManager::CalcHemisphereLightCoeffs(SHAmbConst*, const Light*, Vector*)
port/src/native/models/models_rd_light.cpp	34	0x2138100	fn	0	_ZN4Aska12LightManager21CalcBounceLightCoeffsEPNS0_10SHAmbConstEPNS_16RenderableObjectEPPNS_5LightEiS7_i+0x0	0x2140ab0	0	0	constexpr u64 kCalcBounceLightCoeffs = 0x2138100;     // LightManager::CalcBounceLightCoeffs(SHAmbConst*, RenderableObject*, Light**, int, Light**, int)
port/src/native/models/models_rd_light.cpp	35	0x213853c	fn	0	_ZNK4Aska9AofObject24CheckLightMaskMixerLightEPNS_5LightE+0x0	0x2140eec	0	0	constexpr u64 kCheckLightMaskMixerLight = 0x213853c;  // AofObject::CheckLightMaskMixerLight(Light*) const
port/src/native/models/models_rd_light.cpp	36	0x213d9f0	fn	0	_ZNK4Aska12MaterialList27GetActualPerPixelLightCountEv+0x0	0x21463a0	0	0	constexpr u64 kGetActualPerPixelLightCount = 0x213d9f0;  // MaterialList::GetActualPerPixelLightCount() const
port/src/native/models/models_rd_light.cpp	37	0x2bc1558	got	0	GOT[_ZN4Aska13ObjectManager20m_LightConfigurationE]	0x2bbf638	0	0	constexpr u64 kGotLightConfiguration = 0x2bc1558;     // &ObjectManager::m_LightConfiguration
port/src/native/models/models_rd_prepare.cpp	47	0x2138680	fn	0	_ZN4Aska12LightManager20MakeLightContextPostEPNS_9AofObjectEPNS0_12LightContextEPh+0x0	0x2141030	0	0	constexpr u64 kMakeLightContextPost = 0x2138680;  // LightManager::MakeLightContextPost(AofObject*, LightContext*, u8*)
port/src/native/models/models_rd_prepare.cpp	48	0x213e26c	fn	0	_ZN4Aska12MaterialList12SetShaderLodEi+0x0	0x2146c1c	0	0	constexpr u64 kSetShaderLod = 0x213e26c;          // MaterialList::SetShaderLod(int)
port/src/native/models/models_rd_prepare.cpp	49	0x213da04	fn	0	_ZN4Aska12MaterialList17EnableAmbientBRDFENS0_15AmbientBRDFTypeE+0x0	0x21463b4	0	0	constexpr u64 kEnableAmbientBRDF = 0x213da04;     // MaterialList::EnableAmbientBRDF(AmbientBRDFType)
port/src/native/models/models_rd_prepare.cpp	50	0x21b6928	fn	0	_ZN4Aska17RenderPassManager21InvalidateRenderStateEv+0x0	0x21bf2d8	0	0	constexpr u64 kInvalidateRenderState = 0x21b6928; // RenderPassManager::InvalidateRenderState()
port/src/native/models/models_rd_prepare.cpp	51	0x2133304	fn	0	_ZN4Aska5Light21GetIBLTextureUniqueIDEv+0x0	0x213bcb4	0	0	constexpr u64 kGetIBLTextureUniqueID = 0x2133304; // Light::GetIBLTextureUniqueID()
port/src/native/models/models_rd_prepare.cpp	52	0x213dcd0	fn	0	_ZN4Aska12MaterialList9EnableIBLEPNS_5LightEbNS0_13IBLOffsetTypeE+0x0	0x2146680	0	0	constexpr u64 kEnableIBL = 0x213dcd0;             // MaterialList::EnableIBL(Light*, bool, IBLOffsetType)
port/src/native/models/models_rd_prepare.cpp	53	0x213e0f8	fn	0	_ZN4Aska12MaterialList18EnableSecondaryIBLEPNS_5LightE+0x0	0x2146aa8	0	0	constexpr u64 kEnableSecondaryIBL = 0x213e0f8;    // MaterialList::EnableSecondaryIBL(Light*)
port/src/native/models/models_rd_prepare.cpp	54	0x20be87c	fn	0	_ZN4Aska9AofObject17PrepareIBLContextEPNS_12LightManagerEPPNS_5LightE+0x0	0x20c622c	0	0	constexpr u64 kPrepareIBLContext = 0x20be87c;     // AofObject::PrepareIBLContext(LightManager*, Light**)
port/src/native/models/models_rd_prepare.cpp	55	0x21b6794	fn	0	_ZN4Aska17RenderPassManager17InvalidateShadersEb+0x0	0x21bf144	0	0	constexpr u64 kPmInvalidateShaders = 0x21b6794;   // RenderPassManager::InvalidateShaders(bool)
port/src/native/models/models_rd_prepare.cpp	56	0x21b6b30	fn	0	_ZN4Aska17RenderPassManager30InvalidateCommandBufferManagerEv+0x0	0x21bf4e0	0	0	constexpr u64 kInvalidateCommandBuffers = 0x21b6b30;  // RenderPassManager::InvalidateCommandBufferManager()
port/src/native/models/models_rd_prepare.cpp	57	0x213e2a0	fn	0	_ZN4Aska12MaterialList23ServeShaderConstantBodyEv+0x0	0x2146c50	0	0	constexpr u64 kServeShaderConstantBody = 0x213e2a0;   // MaterialList::ServeShaderConstantBody()
port/src/native/models/models_rd_prepare.cpp	58	0x213e510	fn	0	_ZN4Aska12MaterialList21UpdateMaterialContextEv+0x0	0x2146ec0	0	0	constexpr u64 kUpdateMaterialContext = 0x213e510;     // MaterialList::UpdateMaterialContext()
port/src/native/models/models_rd_prepare.cpp	59	0x1f17af8	fn	0	_ZNK4Aska5Event8IsSignalEv+0x0	0x1f1f4a8	0	0	constexpr u64 kIsSignal = 0x1f17af8;              // Event::IsSignal() const
port/src/native/models/models_rd_prepare.cpp	60	0x21af554	fn	0	_ZN4Aska19RenderablePrimitive8FlipKickEv+0x0	0x21b7f04	0	0	constexpr u64 kFlipKick = 0x21af554;              // RenderablePrimitive::FlipKick()
port/src/native/models/models_rd_prepare.cpp	61	0x2bbd7b8	got	0	GOT[_ZN4Aska6Global18m_pModifierManagerE]	0x2bbb990	0	0	constexpr u64 kGotModifierManager = 0x2bbd7b8;    // &Global::m_pModifierManager
port/src/native/models/models_rd_prepare.cpp	62	0x20bf7e0	fn	0	_ZN4Aska9AofObject31PrepareForRendering_PreliminaryEv+0x0	0x20c7190	0	0	constexpr u64 kPreliminary = 0x20bf7e0;           // AofObject::PrepareForRendering_Preliminary()
port/src/native/models/models_rd_prepare.cpp	63	0x20c058c	fn	0	_ZN4Aska9AofObject20GetObjectRenderStateEj+0x0	0x20c7f3c	0	0	constexpr u64 kGetObjectRenderState = 0x20c058c;  // AofObject::GetObjectRenderState(unsigned)
port/src/native/models/models_rd_prepare.cpp	64	0x20bed74	fn	0	_ZN4Aska9AofObject12GetColorPassEPKNS_10RENDERINFOE+0x0	0x20c6724	0	0	constexpr u64 kGetColorPass = 0x20bed74;          // AofObject::GetColorPass(const RENDERINFO*)
port/src/native/models/models_rd_prepare.cpp	65	0x20c06f0	fn	0	_ZN4Aska9AofObject27PrepareObjectScreenUVMatrixEPNS_6CameraEPNS_10RenderPassE+0x0	0x20c80a0	0	0	constexpr u64 kPrepareObjectScreenUV = 0x20c06f0; // AofObject::PrepareObjectScreenUVMatrix(Camera*, RenderPass*)
port/src/native/models/models_rd_prepare.cpp	66	0x21b560c	fn	0	_ZN4Aska10RenderPass26UpdateFrameTexturePointersEPNS_12MaterialListEPKNS_10RENDERINFOEi+0x0	0x21bdfbc	0	0	constexpr u64 kUpdateFrameTexturePointers = 0x21b560c;  // RenderPass::UpdateFrameTexturePointers(MaterialList*, const RENDERINFO*, int)
port/src/native/models/models_rd_prepare.cpp	67	0x21b38b8	fn	0	_ZN4Aska10RenderPass17InvalidateShadersEv+0x0	0x21bc268	0	0	constexpr u64 kPassInvalidateShaders = 0x21b38b8; // RenderPass::InvalidateShaders()
port/src/native/models/models_rd_prepare.cpp	68	0x21b3fa4	fn	0	_ZN4Aska10RenderPass18PrepareRenderStateEPNS_12MaterialListEb+0x0	0x21bc954	0	0	constexpr u64 kPrepareRenderState = 0x21b3fa4;    // RenderPass::PrepareRenderState(MaterialList*, bool)
port/src/native/models/models_rd_prepare.cpp	69	0x20b8b40	fn	0	_ZN4Aska10AofHandler16InitializeShaderEPNS_10RenderPassEibb+0x0	0x20c04f0	0	0	constexpr u64 kInitializeShader = 0x20b8b40;      // AofHandler::InitializeShader(RenderPass*, int, bool, bool)
port/src/native/models/models_rd_prepare.cpp	70	0x21b711c	fn	0	_ZN4Aska17RenderPassManager11GetZprePassEPNS_10RenderPassEPNS_12MaterialListEiNS_10RENDERINFO8ZprepassE+0x0	0x21bfacc	0	0	constexpr u64 kGetZprePass = 0x21b711c;           // RenderPassManager::GetZprePass(RenderPass*, MaterialList*, int, Zprepass)
port/src/native/models/models_rd_prepare.cpp	71	0x21b6c5c	fn	0	_ZN4Aska17RenderPassManager17GetShadowCastPassEPNS_10RenderPassEPNS_12MaterialListEhi+0x0	0x21bf60c	0	0	constexpr u64 kGetShadowCastPass = 0x21b6c5c;     // RenderPassManager::GetShadowCastPass(RenderPass*, MaterialList*, u8, int)
port/src/native/models/models_rd_prepare.cpp	72	0x21b5210	fn	0	_ZN4Aska10RenderPass23UpdateTextureShadowPassEPNS_12MaterialListEPNS_22TextureModifierManagerEPKNS_10RENDERINFOEi+0x0	0x21bdbc0	0	0	constexpr u64 kUpdateTextureShadowPass = 0x21b5210;  // RenderPass::UpdateTextureShadowPass(MaterialList*, TextureModifierManager*, const RENDERINFO*, int)
port/src/native/models/models_rd_prepare.cpp	73	0x21b51b4	fn	0	_ZN4Aska10RenderPass12ClearTextureEv+0x0	0x21bdb64	0	0	constexpr u64 kClearTexture = 0x21b51b4;          // RenderPass::ClearTexture()
port/src/native/models/models_rd_prepare.cpp	74	0x21b4654	fn	0	_ZN4Aska10RenderPass22PrepareShadowCastStateEPNS_10AofHandlerEh+0x0	0x21bd004	0	0	constexpr u64 kPrepareShadowCastState = 0x21b4654;// RenderPass::PrepareShadowCastState(AofHandler*, u8)
port/src/native/models/models_rd_prepare.cpp	75	0x21b74e4	fn	0	_ZN4Aska17RenderPassManager13GetVertexPassEPNS_10RenderPassE+0x0	0x21bfe94	0	0	constexpr u64 kGetVertexPass = 0x21b74e4;         // RenderPassManager::GetVertexPass(RenderPass*)
port/src/native/models/models_rd_prepare.cpp	76	0x21b57d4	fn	0	_ZNK4Aska10RenderPass16GetVertexPassNumEv+0x0	0x21be184	0	0	constexpr u64 kGetVertexPassNum = 0x21b57d4;      // RenderPass::GetVertexPassNum() const
port/src/native/models/models_rd_prepare.cpp	77	0x21b6f8c	fn	0	_ZN4Aska17RenderPassManager23GetObjectMotionBlurPassEPNS_10RenderPassEPNS_12MaterialListEb+0x0	0x21bf93c	0	0	constexpr u64 kGetObjectMotionBlurPass = 0x21b6f8c;  // RenderPassManager::GetObjectMotionBlurPass(RenderPass*, MaterialList*, bool)
port/src/native/models/models_rd_prepare.cpp	78	0x21b4b84	fn	0	_ZN4Aska10RenderPass13UpdateTextureEPNS_12MaterialListEPNS_22TextureModifierManagerEPKNS_10RENDERINFOEib+0x0	0x21bd534	0	0	constexpr u64 kUpdateTexture = 0x21b4b84;         // RenderPass::UpdateTexture(MaterialList*, TextureModifierManager*, const RENDERINFO*, int, bool)
port/src/native/models/models_rd_prepare.cpp	79	0x20bf66c	fn	0	_ZN4Aska9AofObject16GetMultiDrawPassEjPKNS_10RENDERINFOE+0x0	0x20c701c	0	0	constexpr u64 kGetMultiDrawPass = 0x20bf66c;      // AofObject::GetMultiDrawPass(unsigned, const RENDERINFO*)
port/src/native/models/models_rd_prepare.cpp	80	0x20bd3ec	fn	0	_ZN4Aska9AofObject28MakePassRenderStateMultiDrawEjPNS_10RenderPassE+0x0	0x20c4d9c	0	0	constexpr u64 kMakePassRenderStateMultiDraw = 0x20bd3ec;  // AofObject::MakePassRenderStateMultiDraw(unsigned, RenderPass*)
port/src/native/models/models_rd_prepare.cpp	81	0x21b4ad4	fn	0	_ZN4Aska10RenderPass21PrepareMultiDrawStateEPNS_10AofHandlerE+0x0	0x21bd484	0	0	constexpr u64 kPrepareMultiDrawState = 0x21b4ad4; // RenderPass::PrepareMultiDrawState(AofHandler*)
port/src/native/models/models_rd_prepare.cpp	82	0x20c0a48	fn	0	_ZN4Aska9AofObject18PrepareColorShaderEPNS_10RenderPassEPKNS_10RENDERINFOE+0x0	0x20c83f8	0	0	constexpr u64 kPrepareColorShader = 0x20c0a48;    // AofObject::PrepareColorShader(RenderPass*, const RENDERINFO*)
port/src/native/models/models_rd_prepare.cpp	83	0x21b4aec	fn	0	_ZN4Aska10RenderPass14SetObjectStateEPNS_20AofObjectRenderStateE+0x0	0x21bd49c	0	0	constexpr u64 kSetObjectState = 0x21b4aec;        // RenderPass::SetObjectState(AofObjectRenderState*)
port/src/native/models/models_rd_prepare.cpp	84	0x21b3e44	fn	0	_ZN4Aska10RenderPass12UpdatePacketEv+0x0	0x21bc7f4	0	0	constexpr u64 kUpdatePacket = 0x21b3e44;          // RenderPass::UpdatePacket()
port/src/native/models/models_rd_prepare.cpp	85	0x2bc6668	got	0	GOT[_ZN4Aska6Global16m_pObjectManagerE]	0x2bc4688	0	0	constexpr u64 kGotObjectManager = 0x2bc6668;      // &Global::m_pObjectManager
port/src/native/models/models_rd_prepare.cpp	87	0x20bdad0	fn	0	_ZN4Aska9AofObject21MakeObjectRenderStateILj3055EEEbPNS_20AofObjectRenderStateEPNS_10RenderPassE+0x0	0x20c5480	0	0	constexpr u64 kMakeState3055 = 0x20bdad0, kMakeState497 = 0x20c45dc, kMakeState1015 = 0x20c40f8, kMakeState496 = 0x20bc900,
port/src/native/models/models_rd_prepare.cpp	87	0x20c45dc	fn	0	_ZN4Aska9AofObject21MakeObjectRenderStateILj497EEEbPNS_20AofObjectRenderStateEPNS_10RenderPassE+0x0	0x20cbf8c	0	0	constexpr u64 kMakeState3055 = 0x20bdad0, kMakeState497 = 0x20c45dc, kMakeState1015 = 0x20c40f8, kMakeState496 = 0x20bc900,
port/src/native/models/models_rd_prepare.cpp	87	0x20c40f8	fn	0	_ZN4Aska9AofObject21MakeObjectRenderStateILj1015EEEbPNS_20AofObjectRenderStateEPNS_10RenderPassE+0x0	0x20cbaa8	0	0	constexpr u64 kMakeState3055 = 0x20bdad0, kMakeState497 = 0x20c45dc, kMakeState1015 = 0x20c40f8, kMakeState496 = 0x20bc900,
port/src/native/models/models_rd_prepare.cpp	87	0x20bc900	fn	0	_ZN4Aska9AofObject21MakeObjectRenderStateILj496EEEbPNS_20AofObjectRenderStateEPNS_10RenderPassE+0x0	0x20c42b0	0	0	constexpr u64 kMakeState3055 = 0x20bdad0, kMakeState497 = 0x20c45dc, kMakeState1015 = 0x20c40f8, kMakeState496 = 0x20bc900,
port/src/native/models/models_rd_prepare.cpp	88	0x20bc468	fn	0	_ZN4Aska9AofObject21MakeObjectRenderStateILj1010EEEbPNS_20AofObjectRenderStateEPNS_10RenderPassE+0x0	0x20c3e18	0	0	kMakeState1010 = 0x20bc468, kMakeState1514 = 0x20bcfbc, kMakeState2027 = 0x20bca7c, kMakeState2543 = 0x20bd1d0;
port/src/native/models/models_rd_prepare.cpp	88	0x20bcfbc	fn	0	_ZN4Aska9AofObject21MakeObjectRenderStateILj1514EEEbPNS_20AofObjectRenderStateEPNS_10RenderPassE+0x0	0x20c496c	0	0	kMakeState1010 = 0x20bc468, kMakeState1514 = 0x20bcfbc, kMakeState2027 = 0x20bca7c, kMakeState2543 = 0x20bd1d0;
port/src/native/models/models_rd_prepare.cpp	88	0x20bca7c	fn	0	_ZN4Aska9AofObject21MakeObjectRenderStateILj2027EEEbPNS_20AofObjectRenderStateEPNS_10RenderPassE+0x0	0x20c442c	0	0	kMakeState1010 = 0x20bc468, kMakeState1514 = 0x20bcfbc, kMakeState2027 = 0x20bca7c, kMakeState2543 = 0x20bd1d0;
port/src/native/models/models_rd_prepare.cpp	88	0x20bd1d0	fn	0	_ZN4Aska9AofObject21MakeObjectRenderStateILj2543EEEbPNS_20AofObjectRenderStateEPNS_10RenderPassE+0x0	0x20c4b80	0	0	kMakeState1010 = 0x20bc468, kMakeState1514 = 0x20bcfbc, kMakeState2027 = 0x20bca7c, kMakeState2543 = 0x20bd1d0;
port/src/native/models/models_rd_prepare.cpp	483	0x21b7708	fn	0	_ZN4Aska17RenderPassManager31CreateShaderNodeSystemModifiersEi+0x0	0x21c00b8	0	0	constexpr u64 kCreateShaderNodeSystemModifiers = 0x21b7708;  // RenderPassManager::CreateShaderNodeSystemModifiers(int)
port/src/native/models/models_rd_prepare.cpp	484	0x21b60f4	fn	0	_ZN4Aska17RenderPassManager7GetPassEii+0x0	0x21beaa4	0	0	constexpr u64 kGetPass = 0x21b60f4;                // RenderPassManager::GetPass(int, int)
port/src/native/models/models_rd_prepare.cpp	485	0x21b3358	fn	0	_ZN4Aska10RenderPass20BeginModifyingShaderEv+0x0	0x21bbd08	0	0	constexpr u64 kBeginModifyingShader = 0x21b3358;   // RenderPass::BeginModifyingShader()
port/src/native/models/models_rd_prepare.cpp	486	0x21b35fc	fn	0	_ZN4Aska10RenderPass16AddShaderAdapterEPNS_17BaseShaderAdapterEi+0x0	0x21bbfac	0	0	constexpr u64 kAddShaderAdapter = 0x21b35fc;       // RenderPass::AddShaderAdapter(BaseShaderAdapter*, int)
port/src/native/models/models_rd_prepare.cpp	487	0x21b3378	fn	0	_ZN4Aska10RenderPass18EndModifyingShaderEPNS_12MaterialListE+0x0	0x21bbd28	0	0	constexpr u64 kEndModifyingShader = 0x21b3378;     // RenderPass::EndModifyingShader(MaterialList*)
port/src/native/models/models_rd_prepare.cpp	488	0x21b5118	fn	0	_ZN4Aska10RenderPass14UpdateMaterialEPNS_12MaterialListE+0x0	0x21bdac8	0	0	constexpr u64 kUpdateMaterial = 0x21b5118;         // RenderPass::UpdateMaterial(MaterialList*)
port/src/native/models/models_rd_prepare.cpp	489	0x21b322c	fn	0	_ZN4Aska10RenderPass22SetNoneModifyingShaderEv+0x0	0x21bbbdc	0	0	constexpr u64 kSetNoneModifyingShader = 0x21b322c; // RenderPass::SetNoneModifyingShader()
port/src/native/models/models_rd_prepare.cpp	490	0x2bbd410	got	0	GOT[_ZN4Aska9AofObject28m_nSpecialShadowAdapterLimitE]	0x2bbb5f0	0	0	constexpr u64 kGotAdapterLimit = 0x2bbd410;        // &AofObject::m_nSpecialShadowAdapterLimit
port/src/native/models/models_rd_prepare.cpp	491	0x2bbc0b8	got	0	GOT[_ZN4Aska13ShadowManager16m_bEnableCascadeE]	0x2bba2e0	0	0	constexpr u64 kGotEnableCascade = 0x2bbc0b8;       // &ShadowManager::m_bEnableCascade
port/src/native/models/models_rd_prepare_test.cpp	166	0x2138680	fn	0	_ZN4Aska12LightManager20MakeLightContextPostEPNS_9AofObjectEPNS0_12LightContextEPh+0x0	0x2141030	0	1	bool ok = cs.add(0x2138680, "rdp MakeLightContextPost", 4) && cs.add(0x213e26c, "rdp SetShaderLod", 2) && cs.add(0x213da04, "rdp EnableAmbientBRDF", 2) &&
port/src/native/models/models_rd_prepare_test.cpp	166	0x213e26c	fn	0	_ZN4Aska12MaterialList12SetShaderLodEi+0x0	0x2146c1c	0	1	bool ok = cs.add(0x2138680, "rdp MakeLightContextPost", 4) && cs.add(0x213e26c, "rdp SetShaderLod", 2) && cs.add(0x213da04, "rdp EnableAmbientBRDF", 2) &&
port/src/native/models/models_rd_prepare_test.cpp	166	0x213da04	fn	0	_ZN4Aska12MaterialList17EnableAmbientBRDFENS0_15AmbientBRDFTypeE+0x0	0x21463b4	0	1	bool ok = cs.add(0x2138680, "rdp MakeLightContextPost", 4) && cs.add(0x213e26c, "rdp SetShaderLod", 2) && cs.add(0x213da04, "rdp EnableAmbientBRDF", 2) &&
port/src/native/models/models_rd_prepare_test.cpp	167	0x21b6928	fn	0	_ZN4Aska17RenderPassManager21InvalidateRenderStateEv+0x0	0x21bf2d8	0	1	cs.add(0x21b6928, "rdp InvalidateRenderState", 1) &&
port/src/native/models/models_rd_prepare_test.cpp	168	0x2133304	fn	0	_ZN4Aska5Light21GetIBLTextureUniqueIDEv+0x0	0x213bcb4	0	1	cs.add(0x2133304, "rdp GetIBLTextureUniqueID", 1, [&](Cpu& c) { c.set_x(0, answer() % 4); }) &&
port/src/native/models/models_rd_prepare_test.cpp	169	0x213dcd0	fn	0	_ZN4Aska12MaterialList9EnableIBLEPNS_5LightEbNS0_13IBLOffsetTypeE+0x0	0x2146680	0	1	cs.add(0x213dcd0, "rdp EnableIBL", 4, [&](Cpu& c) { c.set_x(0, answer() & 1); }) &&
port/src/native/models/models_rd_prepare_test.cpp	170	0x213e0f8	fn	0	_ZN4Aska12MaterialList18EnableSecondaryIBLEPNS_5LightE+0x0	0x2146aa8	0	1	cs.add(0x213e0f8, "rdp EnableSecondaryIBL", 2, [&](Cpu& c) { c.set_x(0, answer() & 1); }) &&
port/src/native/models/models_rd_prepare_test.cpp	171	0x20be87c	fn	0	_ZN4Aska9AofObject17PrepareIBLContextEPNS_12LightManagerEPPNS_5LightE+0x0	0x20c622c	0	1	cs.add(0x20be87c, "rdp PrepareIBLContext", 3, [&](Cpu& c) {
port/src/native/models/models_rd_prepare_test.cpp	178	0x21b6794	fn	0	_ZN4Aska17RenderPassManager17InvalidateShadersEb+0x0	0x21bf144	0	1	cs.add(0x21b6794, "rdp PmInvalidateShaders", 2) &&  // (InvalidateCommandBufferManager is a bare ret: not stubbable)
port/src/native/models/models_rd_prepare_test.cpp	179	0x213e2a0	fn	0	_ZN4Aska12MaterialList23ServeShaderConstantBodyEv+0x0	0x2146c50	0	1	cs.add(0x213e2a0, "rdp ServeShaderConstantBody", 1) && cs.add(0x213e510, "rdp UpdateMaterialContext", 1) &&
port/src/native/models/models_rd_prepare_test.cpp	179	0x213e510	fn	0	_ZN4Aska12MaterialList21UpdateMaterialContextEv+0x0	0x2146ec0	0	1	cs.add(0x213e2a0, "rdp ServeShaderConstantBody", 1) && cs.add(0x213e510, "rdp UpdateMaterialContext", 1) &&
port/src/native/models/models_rd_prepare_test.cpp	180	0x1f17af8	fn	0	_ZNK4Aska5Event8IsSignalEv+0x0	0x1f1f4a8	0	1	cs.add(0x1f17af8, "rdp IsSignal", 1, [&](Cpu& c) { c.set_x(0, answer() & 1); }) && cs.add(0x21af554, "rdp FlipKick", 1);
port/src/native/models/models_rd_prepare_test.cpp	180	0x21af554	fn	0	_ZN4Aska19RenderablePrimitive8FlipKickEv+0x0	0x21b7f04	0	1	cs.add(0x1f17af8, "rdp IsSignal", 1, [&](Cpu& c) { c.set_x(0, answer() & 1); }) && cs.add(0x21af554, "rdp FlipKick", 1);
port/src/native/models/models_rd_prepare_test.cpp	199	0x1234500	fn	0	_ZN21CAnimationModelObject16Progress_ReleaseEv+0x20	0x12388ac	0	1	put<u64>(o, 0x3a8, 0x1234500);  // the light manager (only passed on)
port/src/native/models/models_rd_prepare_test.cpp	316	0x20bf7e0	fn	0	_ZN4Aska9AofObject31PrepareForRendering_PreliminaryEv+0x0	0x20c7190	0	1	bool ok = cs.add(0x20bf7e0, "rdr Preliminary", 1, ret_bool) &&
port/src/native/models/models_rd_prepare_test.cpp	317	0x20c058c	fn	0	_ZN4Aska9AofObject20GetObjectRenderStateEj+0x0	0x20c7f3c	0	1	cs.add(0x20c058c, "rdr GetObjectRenderState", 2, [&](Cpu& c) { c.set_x(0, (u64)A->state); }) &&
port/src/native/models/models_rd_prepare_test.cpp	318	0x20bed74	fn	0	_ZN4Aska9AofObject12GetColorPassEPKNS_10RENDERINFOE+0x0	0x20c6724	0	1	cs.add(0x20bed74, "rdr GetColorPass", 2, ret_pass) && cs.add(0x20c06f0, "rdr PrepareObjectScreenUV", 3) &&
port/src/native/models/models_rd_prepare_test.cpp	318	0x20c06f0	fn	0	_ZN4Aska9AofObject27PrepareObjectScreenUVMatrixEPNS_6CameraEPNS_10RenderPassE+0x0	0x20c80a0	0	1	cs.add(0x20bed74, "rdr GetColorPass", 2, ret_pass) && cs.add(0x20c06f0, "rdr PrepareObjectScreenUV", 3) &&
port/src/native/models/models_rd_prepare_test.cpp	319	0x21b560c	fn	0	_ZN4Aska10RenderPass26UpdateFrameTexturePointersEPNS_12MaterialListEPKNS_10RENDERINFOEi+0x0	0x21bdfbc	0	1	cs.add(0x21b560c, "rdr UpdateFrameTexturePointers", 4) && cs.add(0x21b38b8, "rdr PassInvalidateShaders", 1) &&
port/src/native/models/models_rd_prepare_test.cpp	319	0x21b38b8	fn	0	_ZN4Aska10RenderPass17InvalidateShadersEv+0x0	0x21bc268	0	1	cs.add(0x21b560c, "rdr UpdateFrameTexturePointers", 4) && cs.add(0x21b38b8, "rdr PassInvalidateShaders", 1) &&
port/src/native/models/models_rd_prepare_test.cpp	320	0x21b3fa4	fn	0	_ZN4Aska10RenderPass18PrepareRenderStateEPNS_12MaterialListEb+0x0	0x21bc954	0	1	cs.add(0x21b3fa4, "rdr PrepareRenderState", 3, ret_bool) && cs.add(0x20b8b40, "rdr InitializeShader", 5, ret_bool) &&
port/src/native/models/models_rd_prepare_test.cpp	320	0x20b8b40	fn	0	_ZN4Aska10AofHandler16InitializeShaderEPNS_10RenderPassEibb+0x0	0x20c04f0	0	1	cs.add(0x21b3fa4, "rdr PrepareRenderState", 3, ret_bool) && cs.add(0x20b8b40, "rdr InitializeShader", 5, ret_bool) &&
port/src/native/models/models_rd_prepare_test.cpp	321	0x21b711c	fn	0	_ZN4Aska17RenderPassManager11GetZprePassEPNS_10RenderPassEPNS_12MaterialListEiNS_10RENDERINFO8ZprepassE+0x0	0x21bfacc	0	1	cs.add(0x21b711c, "rdr GetZprePass", 5, ret_pass) && cs.add(0x21b6c5c, "rdr GetShadowCastPass", 5, ret_pass) &&
port/src/native/models/models_rd_prepare_test.cpp	321	0x21b6c5c	fn	0	_ZN4Aska17RenderPassManager17GetShadowCastPassEPNS_10RenderPassEPNS_12MaterialListEhi+0x0	0x21bf60c	0	1	cs.add(0x21b711c, "rdr GetZprePass", 5, ret_pass) && cs.add(0x21b6c5c, "rdr GetShadowCastPass", 5, ret_pass) &&
port/src/native/models/models_rd_prepare_test.cpp	322	0x21b5210	fn	0	_ZN4Aska10RenderPass23UpdateTextureShadowPassEPNS_12MaterialListEPNS_22TextureModifierManagerEPKNS_10RENDERINFOEi+0x0	0x21bdbc0	0	1	cs.add(0x21b5210, "rdr UpdateTextureShadowPass", 5) && cs.add(0x21b51b4, "rdr ClearTexture", 1) &&
port/src/native/models/models_rd_prepare_test.cpp	322	0x21b51b4	fn	0	_ZN4Aska10RenderPass12ClearTextureEv+0x0	0x21bdb64	0	1	cs.add(0x21b5210, "rdr UpdateTextureShadowPass", 5) && cs.add(0x21b51b4, "rdr ClearTexture", 1) &&
port/src/native/models/models_rd_prepare_test.cpp	323	0x21b4654	fn	0	_ZN4Aska10RenderPass22PrepareShadowCastStateEPNS_10AofHandlerEh+0x0	0x21bd004	0	1	cs.add(0x21b4654, "rdr PrepareShadowCastState", 3, ret_bool) && cs.add(0x21b74e4, "rdr GetVertexPass", 2, ret_pass) &&
port/src/native/models/models_rd_prepare_test.cpp	323	0x21b74e4	fn	0	_ZN4Aska17RenderPassManager13GetVertexPassEPNS_10RenderPassE+0x0	0x21bfe94	0	1	cs.add(0x21b4654, "rdr PrepareShadowCastState", 3, ret_bool) && cs.add(0x21b74e4, "rdr GetVertexPass", 2, ret_pass) &&
port/src/native/models/models_rd_prepare_test.cpp	324	0x21b57d4	fn	0	_ZNK4Aska10RenderPass16GetVertexPassNumEv+0x0	0x21be184	0	1	cs.add(0x21b57d4, "rdr GetVertexPassNum", 1, [&](Cpu& c) { c.set_x(0, answer() % 300); }) &&
port/src/native/models/models_rd_prepare_test.cpp	325	0x21b6f8c	fn	0	_ZN4Aska17RenderPassManager23GetObjectMotionBlurPassEPNS_10RenderPassEPNS_12MaterialListEb+0x0	0x21bf93c	0	1	cs.add(0x21b6f8c, "rdr GetObjectMotionBlurPass", 4, ret_pass) && cs.add(0x21b4b84, "rdr UpdateTexture", 6) &&
port/src/native/models/models_rd_prepare_test.cpp	325	0x21b4b84	fn	0	_ZN4Aska10RenderPass13UpdateTextureEPNS_12MaterialListEPNS_22TextureModifierManagerEPKNS_10RENDERINFOEib+0x0	0x21bd534	0	1	cs.add(0x21b6f8c, "rdr GetObjectMotionBlurPass", 4, ret_pass) && cs.add(0x21b4b84, "rdr UpdateTexture", 6) &&
port/src/native/models/models_rd_prepare_test.cpp	326	0x20bf66c	fn	0	_ZN4Aska9AofObject16GetMultiDrawPassEjPKNS_10RENDERINFOE+0x0	0x20c701c	0	1	cs.add(0x20bf66c, "rdr GetMultiDrawPass", 3, ret_pass) && cs.add(0x20bd3ec, "rdr MakePassRenderStateMultiDraw", 3, ret_bool) &&
port/src/native/models/models_rd_prepare_test.cpp	326	0x20bd3ec	fn	0	_ZN4Aska9AofObject28MakePassRenderStateMultiDrawEjPNS_10RenderPassE+0x0	0x20c4d9c	0	1	cs.add(0x20bf66c, "rdr GetMultiDrawPass", 3, ret_pass) && cs.add(0x20bd3ec, "rdr MakePassRenderStateMultiDraw", 3, ret_bool) &&
port/src/native/models/models_rd_prepare_test.cpp	327	0x21b4ad4	fn	0	_ZN4Aska10RenderPass21PrepareMultiDrawStateEPNS_10AofHandlerE+0x0	0x21bd484	0	1	cs.add(0x21b4ad4, "rdr PrepareMultiDrawState", 2, ret_bool) && cs.add(0x20c0a48, "rdr PrepareColorShader", 3, ret_bool) &&
port/src/native/models/models_rd_prepare_test.cpp	327	0x20c0a48	fn	0	_ZN4Aska9AofObject18PrepareColorShaderEPNS_10RenderPassEPKNS_10RENDERINFOE+0x0	0x20c83f8	0	1	cs.add(0x21b4ad4, "rdr PrepareMultiDrawState", 2, ret_bool) && cs.add(0x20c0a48, "rdr PrepareColorShader", 3, ret_bool) &&
port/src/native/models/models_rd_prepare_test.cpp	328	0x21b4aec	fn	0	_ZN4Aska10RenderPass14SetObjectStateEPNS_20AofObjectRenderStateE+0x0	0x21bd49c	0	1	cs.add(0x21b4aec, "rdr SetObjectState", 2) && cs.add(0x21b3e44, "rdr UpdatePacket", 1, packet);
port/src/native/models/models_rd_prepare_test.cpp	328	0x21b3e44	fn	0	_ZN4Aska10RenderPass12UpdatePacketEv+0x0	0x21bc7f4	0	1	cs.add(0x21b4aec, "rdr SetObjectState", 2) && cs.add(0x21b3e44, "rdr UpdatePacket", 1, packet);
port/src/native/models/models_rd_prepare_test.cpp	329	0x20bdad0	fn	0	_ZN4Aska9AofObject21MakeObjectRenderStateILj3055EEEbPNS_20AofObjectRenderStateEPNS_10RenderPassE+0x0	0x20c5480	0	1	const u64 states[] = {0x20bdad0, 0x20c45dc, 0x20c40f8, 0x20bc900, 0x20bc468, 0x20bcfbc, 0x20bca7c, 0x20bd1d0};
port/src/native/models/models_rd_prepare_test.cpp	329	0x20c45dc	fn	0	_ZN4Aska9AofObject21MakeObjectRenderStateILj497EEEbPNS_20AofObjectRenderStateEPNS_10RenderPassE+0x0	0x20cbf8c	0	1	const u64 states[] = {0x20bdad0, 0x20c45dc, 0x20c40f8, 0x20bc900, 0x20bc468, 0x20bcfbc, 0x20bca7c, 0x20bd1d0};
port/src/native/models/models_rd_prepare_test.cpp	329	0x20c40f8	fn	0	_ZN4Aska9AofObject21MakeObjectRenderStateILj1015EEEbPNS_20AofObjectRenderStateEPNS_10RenderPassE+0x0	0x20cbaa8	0	1	const u64 states[] = {0x20bdad0, 0x20c45dc, 0x20c40f8, 0x20bc900, 0x20bc468, 0x20bcfbc, 0x20bca7c, 0x20bd1d0};
port/src/native/models/models_rd_prepare_test.cpp	329	0x20bc900	fn	0	_ZN4Aska9AofObject21MakeObjectRenderStateILj496EEEbPNS_20AofObjectRenderStateEPNS_10RenderPassE+0x0	0x20c42b0	0	1	const u64 states[] = {0x20bdad0, 0x20c45dc, 0x20c40f8, 0x20bc900, 0x20bc468, 0x20bcfbc, 0x20bca7c, 0x20bd1d0};
port/src/native/models/models_rd_prepare_test.cpp	329	0x20bc468	fn	0	_ZN4Aska9AofObject21MakeObjectRenderStateILj1010EEEbPNS_20AofObjectRenderStateEPNS_10RenderPassE+0x0	0x20c3e18	0	1	const u64 states[] = {0x20bdad0, 0x20c45dc, 0x20c40f8, 0x20bc900, 0x20bc468, 0x20bcfbc, 0x20bca7c, 0x20bd1d0};
port/src/native/models/models_rd_prepare_test.cpp	329	0x20bcfbc	fn	0	_ZN4Aska9AofObject21MakeObjectRenderStateILj1514EEEbPNS_20AofObjectRenderStateEPNS_10RenderPassE+0x0	0x20c496c	0	1	const u64 states[] = {0x20bdad0, 0x20c45dc, 0x20c40f8, 0x20bc900, 0x20bc468, 0x20bcfbc, 0x20bca7c, 0x20bd1d0};
port/src/native/models/models_rd_prepare_test.cpp	329	0x20bca7c	fn	0	_ZN4Aska9AofObject21MakeObjectRenderStateILj2027EEEbPNS_20AofObjectRenderStateEPNS_10RenderPassE+0x0	0x20c442c	0	1	const u64 states[] = {0x20bdad0, 0x20c45dc, 0x20c40f8, 0x20bc900, 0x20bc468, 0x20bcfbc, 0x20bca7c, 0x20bd1d0};
port/src/native/models/models_rd_prepare_test.cpp	329	0x20bd1d0	fn	0	_ZN4Aska9AofObject21MakeObjectRenderStateILj2543EEEbPNS_20AofObjectRenderStateEPNS_10RenderPassE+0x0	0x20c4b80	0	1	const u64 states[] = {0x20bdad0, 0x20c45dc, 0x20c40f8, 0x20bc900, 0x20bc468, 0x20bcfbc, 0x20bca7c, 0x20bd1d0};
port/src/native/models/models_rd_prepare_test.cpp	432	0x21b7708	fn	0	_ZN4Aska17RenderPassManager31CreateShaderNodeSystemModifiersEi+0x0	0x21c00b8	0	1	bool ok = cs.add(0x21b7708, "rdc CreateShaderNodeSystemModifiers", 2, [&](Cpu& c) { c.set_x(0, (u64)A->passes[answer() % 3]); }) && cs.add(0x21b60f4, "rdc GetPass", 3, ret_pass) &&
port/src/native/models/models_rd_prepare_test.cpp	432	0x21b60f4	fn	0	_ZN4Aska17RenderPassManager7GetPassEii+0x0	0x21beaa4	0	1	bool ok = cs.add(0x21b7708, "rdc CreateShaderNodeSystemModifiers", 2, [&](Cpu& c) { c.set_x(0, (u64)A->passes[answer() % 3]); }) && cs.add(0x21b60f4, "rdc GetPass", 3, ret_pass) &&
port/src/native/models/models_rd_prepare_test.cpp	434	0x21b3358	fn	0	_ZN4Aska10RenderPass20BeginModifyingShaderEv+0x0	0x21bbd08	0	1	cs.add(0x21b3358, "rdc BeginModifyingShader", 1, [](Cpu& c) { c.set_x(0, 1); }) && cs.add(0x21b35fc, "rdc AddShaderAdapter", 3) &&
port/src/native/models/models_rd_prepare_test.cpp	434	0x21b35fc	fn	0	_ZN4Aska10RenderPass16AddShaderAdapterEPNS_17BaseShaderAdapterEi+0x0	0x21bbfac	0	1	cs.add(0x21b3358, "rdc BeginModifyingShader", 1, [](Cpu& c) { c.set_x(0, 1); }) && cs.add(0x21b35fc, "rdc AddShaderAdapter", 3) &&
port/src/native/models/models_rd_prepare_test.cpp	435	0x21b3378	fn	0	_ZN4Aska10RenderPass18EndModifyingShaderEPNS_12MaterialListE+0x0	0x21bbd28	0	1	cs.add(0x21b3378, "rdc EndModifyingShader", 2) && cs.add(0x21b4b84, "rdc UpdateTexture", 6) && cs.add(0x21b5118, "rdc UpdateMaterial", 2) &&
port/src/native/models/models_rd_prepare_test.cpp	435	0x21b4b84	fn	0	_ZN4Aska10RenderPass13UpdateTextureEPNS_12MaterialListEPNS_22TextureModifierManagerEPKNS_10RENDERINFOEib+0x0	0x21bd534	0	1	cs.add(0x21b3378, "rdc EndModifyingShader", 2) && cs.add(0x21b4b84, "rdc UpdateTexture", 6) && cs.add(0x21b5118, "rdc UpdateMaterial", 2) &&
port/src/native/models/models_rd_prepare_test.cpp	435	0x21b5118	fn	0	_ZN4Aska10RenderPass14UpdateMaterialEPNS_12MaterialListE+0x0	0x21bdac8	0	1	cs.add(0x21b3378, "rdc EndModifyingShader", 2) && cs.add(0x21b4b84, "rdc UpdateTexture", 6) && cs.add(0x21b5118, "rdc UpdateMaterial", 2) &&
port/src/native/models/models_rd_prepare_test.cpp	436	0x21b322c	fn	0	_ZN4Aska10RenderPass22SetNoneModifyingShaderEv+0x0	0x21bbbdc	0	1	cs.add(0x21b322c, "rdc SetNoneModifyingShader", 1);
port/src/native/models/models_rd_prepare_test.cpp	596	0x1f94008	fn	0	_ZN4Aska20AafCalcCommonFunctor10CheckCacheINS_11AafCalcTypeILNS_17kTYPE_AAFCALCCNTRE0ELNS_19kTYPE_AAFCALCANDSETE0ELNS_18kTYPE_AAFCALCSPEEDE0ELNS_13kTYPE_AAFCALCE0ELNS_22kTYPE_AAFLOOPCONDITIONE0EEEEEvPNS_10AafHandlerEPjSB_PPNS_17AafControllerInfoERiSF_PtSG_SF_jPNS_11IAnimatableEfPNS_25FrameSortDataForSearchOldEj+0x0	0x1f9c9b8	0	1	bool ok = cs.add(0x1f94008, "fn CheckCache", 8,
port/src/native/models/models_rd_prepare_test.cpp	614	0x1f94208	fn	0	_ZN4Aska20AafCalcCommonFunctor27Local_CalcAndSet_OutofRangeINS_11AafCalcTypeILNS_17kTYPE_AAFCALCCNTRE0ELNS_19kTYPE_AAFCALCANDSETE0ELNS_18kTYPE_AAFCALCSPEEDE0ELNS_13kTYPE_AAFCALCE0ELNS_22kTYPE_AAFLOOPCONDITIONE0EEELb0ELb0EEEvRbPNS_10AafHandlerERjffjjjPtSD_+0x0	0x1f9cbb8	0	1	cs.add(0x1f94208, "fn OutofRange", 8, [&](Cpu& c) {
port/src/native/models/models_rd_prepare_test.cpp	750	0x20c0ba8	fn	0	_ZNK4Aska9AofObject27GetActualLightConfigurationEv+0x0	0x20c8558	0	1	cs.add(0x20c0ba8, "lc GetActualLightConfiguration", 1, [&](Cpu& c) { c.set_x(0, answer() % 3 == 0 ? 1 + answer() % 3 : 0); }) &&
port/src/native/models/models_rd_prepare_test.cpp	751	0x2132790	fn	0	_ZNK4Aska5Light15CalcIntensityTSEPNS_16RenderableObjectEPNS0_17CalcIntensityWorkEbbPfS5_S5_+0x0	0x213b140	0	1	cs.add(0x2132790, "lc CalcIntensityTS", 8,
port/src/native/models/models_rd_prepare_test.cpp	761	0x213515c	fn	0	_ZN4Aska5Light23CalcHemisphereIntensityEPNS_16RenderableObjectE+0x0	0x213db0c	0	1	cs.add(0x213515c, "lc CalcHemisphereIntensity", 2, [&](Cpu& c) { c.set_s(0, answer() % 3 == 0 ? 0.0f : rfloat(-0.003f, 0.003f)); }) &&
port/src/native/models/models_rd_prepare_test.cpp	762	0x2137c90	fn	0	_ZN4Aska12LightManager25CalcHemisphereLightCoeffsEPNS0_10SHAmbConstEPKNS_5LightEPNS_6VectorE+0x0	0x2140640	0	1	cs.add(0x2137c90, "lc CalcHemisphereLightCoeffs", 4,
port/src/native/models/models_rd_prepare_test.cpp	773	0x2138100	fn	0	_ZN4Aska12LightManager21CalcBounceLightCoeffsEPNS0_10SHAmbConstEPNS_16RenderableObjectEPPNS_5LightEiS7_i+0x0	0x2140ab0	0	1	cs.add(0x2138100, "lc CalcBounceLightCoeffs", 7,
port/src/native/models/models_rd_prepare_test.cpp	783	0x213853c	fn	0	_ZNK4Aska9AofObject24CheckLightMaskMixerLightEPNS_5LightE+0x0	0x2140eec	0	1	cs.add(0x213853c, "lc CheckLightMaskMixerLight", 2, [&](Cpu& c) { c.set_x(0, (u64)(s64)((s32)(answer() % 5) - 1)); }) &&
port/src/native/models/models_rd_prepare_test.cpp	784	0x213d9f0	fn	0	_ZNK4Aska12MaterialList27GetActualPerPixelLightCountEv+0x0	0x21463a0	0	1	cs.add(0x213d9f0, "lc GetActualPerPixelLightCount", 1, [&](Cpu& c) { c.set_x(0, answer() % 6); });
port/src/native/models/models_rd_test.cpp	840	0x1234560	fn	0	_ZN21CAnimationModelObject16Progress_ReleaseEv+0x80	0x123890c	0	1	const u64 arg = which == 0 ? t.rand_u64() : 0x1234560;
port/src/native/objbase/objbase_rd.cpp	107	0x2862538	str	0	str:'C:\\BAS_Submission\\Client\\Library\\Framewo'+0	0x28604c5	0	0	constexpr u64 kBlendContainerCpp = 0x2862538;  // "...\AnimationBlendContainer.cpp"
port/src/native/objbase/objbase_rd.cpp	109	0x2862600	str	0	str:'m_AnimationSpeed was broken.(%f)'+0	0x286058d	0	0	constexpr u64 kSpeedBroken = 0x2862600;        // "m_AnimationSpeed was broken.(%f)"
port/src/native/objbase/objbase_rd.cpp	110	0x26f706f	str	0	str:'m_pElements is null.'+0	0x26ee29f	0	0	constexpr u64 kElementsNull = 0x26f706f;       // "m_pElements is null."
port/src/native/objbase/objbase_rd.cpp	111	0x2862621	str	0	str:'Internal error.(%f)'+0	0x28605ae	0	0	constexpr u64 kInternalError = 0x2862621;      // "Internal error.(%f)"
port/src/native/objbase/objbase_rd.cpp	112	0x2862635	str	0	str:'m_pBlendManager is null.'+0	0x28605c2	0	0	constexpr u64 kBlendManagerNull = 0x2862635;   // "m_pBlendManager is null."
port/src/native/objbase/objbase_rd.cpp	113	0x286264e	str	0	str:'Blend animation setting is failed.'+0	0x28605db	0	0	constexpr u64 kBlendSettingFailed = 0x286264e; // "Blend animation setting is failed."
port/src/native/objbase/objbase_rd.cpp	114	0x2862d22	str	0	str:'m_pAssignedAsfHandler is null.'+0	0x2860cb2	0	0	constexpr u64 kModelMsgAsf = 0x2862d22;        // (AnimationModel.cpp: the AsfHandler is missing)
port/src/native/objbase/objbase_rd.cpp	115	0x2862d5d	str	0	str:'m_pBlend is null.'+0	0x2860ced	0	0	constexpr u64 kModelMsgBlend = 0x2862d5d;      // (AnimationModel.cpp: the blend container is missing)
port/src/native/objbase/objbase_rd.cpp	117	0x2bbb840	got	0	GOT[_ZSt7nothrow]	0x2bb9a80	0	0	constexpr u64 kOperatorNewNothrow = 0x10af1a0, kGotNothrow = 0x2bbb840, kOperatorDeleteArray = 0x10f9610;
port/src/native/objbase/objbase_rd.cpp	119	0x2bbbae8	got	0	GOT[_ZTVN4Aska15AafBlendManagerE]	0x2bb9d28	0	0	constexpr u64 kGotAafBlendManagerVtbl = 0x2bbbae8, kGotAafCalcNotifyVtbl = 0x2bc52e8;
port/src/native/objbase/objbase_rd.cpp	119	0x2bc52e8	got	0	GOT[_ZTVN4Aska15AafBlendManager11_CalcNotifyE]	0x2bc3328	0	0	constexpr u64 kGotAafBlendManagerVtbl = 0x2bbbae8, kGotAafCalcNotifyVtbl = 0x2bc52e8;
port/src/native/objbase/objbase_rd.cpp	580	0x2bc3f10	got	0	GOT[_ZTV14CMovableObject]	0x2bc1f80	0	0	constexpr u64 kPostureObjectCtor = 0x10b0d10, kGotMovableObjectVtbl = 0x2bc3f10;
port/src/native/objbase/objbase_rd.cpp	581	0x2bbb540	got	0	GOT[_ZTVN4Aska6TArrayIN14CMovableObject10SphereInfoELb0EEE]	0x2bb9798	0	0	constexpr u64 kGotSphereArrayVtbl = 0x2bbb540;  // Aska::TArray<CMovableObject::SphereInfo, false>
port/src/native/objbase/objbase_rd.cpp	582	0x2bc1880	got	0	GOT[_ZN9Framework10TSingletonI6CArenaE11m_pInstanceE]	0x2bbf968	0	0	constexpr u64 kGotArena = 0x2bc1880;                        // -> CArena's instance pointer
port/src/native/objbase/objbase_rd.cpp	583	0x26e3c55	str	0	str:'C:\\BAS_Submission\\Client\\Project\\../Libr'+0	0x26dae91	0	0	constexpr u64 kArenaH = 0x26e3c55, kArenaMissing = 0x26e3ce5;  // gDoAssert's file / message when there is none
port/src/native/objbase/objbase_rd.cpp	583	0x26e3ce5	str	0	str:'m_pInstance is null.'+0	0x26daf21	0	0	constexpr u64 kArenaH = 0x26e3c55, kArenaMissing = 0x26e3ce5;  // gDoAssert's file / message when there is none
port/src/native/objbase/objbase_rd.cpp	1097	0x2862671	str	0	str:'This animation ID is invalid.(%d)'+0	0x28605fe	0	0	constexpr u64 kElementMissing = 0x2862671;  // gDoAssert format: the animation id isn't in the elements (%d)
port/src/native/objbase/objbase_rd.cpp	1272	0x2862d41	str	0	str:'m_pNode_ObjectRoot is null.'+0	0x2860cd1	0	0	constexpr u64 kModelMsgObjectRoot = 0x2862d41, kModelMsgAssigned = 0x2862cd2, kModelMsgAssignedBlend = 0x2862cfa;
port/src/native/objbase/objbase_rd.cpp	1272	0x2862cd2	str	0	str:"m_pAssignedAsfHandler isn't null.(%08x)"+0	0x2860c62	0	0	constexpr u64 kModelMsgObjectRoot = 0x2862d41, kModelMsgAssigned = 0x2862cd2, kModelMsgAssignedBlend = 0x2862cfa;
port/src/native/objbase/objbase_rd.cpp	1272	0x2862cfa	str	0	str:"m_pBlend isn't null.(%08x)"+0	0x2860c8a	0	0	constexpr u64 kModelMsgObjectRoot = 0x2862d41, kModelMsgAssigned = 0x2862cd2, kModelMsgAssignedBlend = 0x2862cfa;
port/src/native/objbase/objbase_rd.cpp	1372	0x1e585cc	fn	0	_ZN9Framework15CAnimationModel16InvalidateMatrixEPN4Aska18HierarchicalObjectE+0x0	0x1e60f7c	0	0	Call(sp).p(m).i(child_node).lib(0x1e585cc);  // (itself)
port/src/native/objbase/objbase_rd.cpp	1383	0x286259b	str	0	str:"m_pBlendRatePlayer isn't null.(%08x)"+0	0x2860528	0	0	constexpr u64 kMsgBrpExists = 0x286259b, kMsgBrpAlloc = 0x28625c0, kMsgNoAddAnimation = 0x28626ab, kMsgIndexRange = 0x26e3fbc;
port/src/native/objbase/objbase_rd.cpp	1383	0x28625c0	str	0	str:'m_pBlendRatePlayer is null.'+0	0x286054d	0	0	constexpr u64 kMsgBrpExists = 0x286259b, kMsgBrpAlloc = 0x28625c0, kMsgNoAddAnimation = 0x28626ab, kMsgIndexRange = 0x26e3fbc;
port/src/native/objbase/objbase_rd.cpp	1383	0x28626ab	str	0	str:'This animation is nothing.(%d)'+0	0x2860638	0	0	constexpr u64 kMsgBrpExists = 0x286259b, kMsgBrpAlloc = 0x28625c0, kMsgNoAddAnimation = 0x28626ab, kMsgIndexRange = 0x26e3fbc;
port/src/native/objbase/objbase_rd.cpp	1383	0x26e3fbc	str	0	str:'The argument has gotten numeric out of r'+0	0x26db1f8	0	0	constexpr u64 kMsgBrpExists = 0x286259b, kMsgBrpAlloc = 0x28625c0, kMsgNoAddAnimation = 0x28626ab, kMsgIndexRange = 0x26e3fbc;
port/src/native/objbase/objbase_rd.cpp	1541	0x2700aeb	str	0	str:'R:POS_ROOT'+0	0x26f7d1b	0	0	static const u64 kRootNames[] = {0x2700aeb, 0x2862d19, 0x2862d15, 0x2700af8, 0x2862d1d};  // (the candidates' names)
port/src/native/objbase/objbase_rd.cpp	1541	0x2862d19	str	0	str:'R:M:POS_ROOT'+4	0x2860ca9	0	0	static const u64 kRootNames[] = {0x2700aeb, 0x2862d19, 0x2862d15, 0x2700af8, 0x2862d1d};  // (the candidates' names)
port/src/native/objbase/objbase_rd.cpp	1541	0x2862d15	str	0	str:'R:M:POS_ROOT'+0	0x2860ca5	0	0	static const u64 kRootNames[] = {0x2700aeb, 0x2862d19, 0x2862d15, 0x2700af8, 0x2862d1d};  // (the candidates' names)
port/src/native/objbase/objbase_rd.cpp	1541	0x2700af8	str	0	str:'R:Hips'+2	0x26f7d28	0	0	static const u64 kRootNames[] = {0x2700aeb, 0x2862d19, 0x2862d15, 0x2700af8, 0x2862d1d};  // (the candidates' names)
port/src/native/objbase/objbase_rd.cpp	1541	0x2862d1d	str	0	str:'R:M:POS_ROOT'+8	0x2860cad	0	0	static const u64 kRootNames[] = {0x2700aeb, 0x2862d19, 0x2862d15, 0x2700af8, 0x2862d1d};  // (the candidates' names)
port/src/native/objbase/objbase_rd.cpp	1557	0x26ffc24	str	0	str:'m_pModel is null.'+0	0x26f6e54	0	0	constexpr u64 kModelObjectCpp = 0x26ffb44, kMsgNoModel = 0x26ffc24, kMsgNoCollision = 0x26ffc36;
port/src/native/objbase/objbase_rd.cpp	1557	0x26ffc36	str	0	str:'m_pCollisionContainer is null.'+0	0x26f6e66	0	0	constexpr u64 kModelObjectCpp = 0x26ffb44, kMsgNoModel = 0x26ffc24, kMsgNoCollision = 0x26ffc36;
port/src/native/objbase/objbase_rd.cpp	1778	0x27038b3	str	0	str:'m_pAsf is null.'+0	0x26faae3	0	0	constexpr u64 kThingObjectCpp = 0x270384c, kMsgNoAsf = 0x27038b3, kMsgNotMain = 0x26ffc12;
port/src/native/objbase/objbase_rd.cpp	1778	0x26ffc12	str	0	str:'IsMain() is null.'+0	0x26f6e42	0	0	constexpr u64 kThingObjectCpp = 0x270384c, kMsgNoAsf = 0x27038b3, kMsgNotMain = 0x26ffc12;
port/src/native/objbase/objbase_rd.cpp	1988	0x27038c3	str	0	str:"m_pAnimationElement isn't null.(%08x)"+0	0x26faaf3	0	0	constexpr u64 kMsgElementExists = 0x27038c3, kMsgCollisionExists = 0x270392f, kMsgCreateDataFailed = 0x26f7432, kMsgAttachFailed = 0x26f747f;
port/src/native/objbase/objbase_rd.cpp	1988	0x270392f	str	0	str:"m_pAcf isn't null.(%08x)"+0	0x26fab5f	0	0	constexpr u64 kMsgElementExists = 0x27038c3, kMsgCollisionExists = 0x270392f, kMsgCreateDataFailed = 0x26f7432, kMsgAttachFailed = 0x26f747f;
port/src/native/objbase/objbase_rd.cpp	1988	0x26f7432	str	0	str:'AcfHandler(CollisionHandler) CreateData '+0	0x26ee662	0	0	constexpr u64 kMsgElementExists = 0x27038c3, kMsgCollisionExists = 0x270392f, kMsgCreateDataFailed = 0x26f7432, kMsgAttachFailed = 0x26f747f;
port/src/native/objbase/objbase_rd.cpp	1988	0x26f747f	str	0	str:'AcfHandler(CollisionHandler) AttachObjec'+0	0x26ee6af	0	0	constexpr u64 kMsgElementExists = 0x27038c3, kMsgCollisionExists = 0x270392f, kMsgCreateDataFailed = 0x26f7432, kMsgAttachFailed = 0x26f747f;
port/src/native/objbase/objbase_rd.cpp	1989	0x2bc05d0	got	0	GOT[_ZTVN4Aska16CollisionHandlerE]	0x2bbe6e8	0	0	constexpr u64 kGotCollisionHandlerVtbl = 0x2bc05d0;
port/src/native/objbase/objbase_rd_test.cpp	357	0x2bbbae8	got	0	GOT[_ZTVN4Aska15AafBlendManagerE]	0x2bb9d28	0	1	u64* real = (u64*)(*(const u64*)L(0x2bbbae8) + 16);
port/src/native/objbase/objbase_rd_test.cpp	866	0x1e585cc	fn	0	_ZN9Framework15CAnimationModel16InvalidateMatrixEPN4Aska18HierarchicalObjectE+0x0	0x1e60f7c	0	1	h.lib(0x1e585cc, "InvalidateMatrix(self)", {{2, 0}});
port/src/native/params/parameter_chara.cpp	262	0x2768854	str	0	str:'silhouette_accessories.png'+0	0x275fb54	0	0	G("_ZNK17CParameterUtility10tCharaData17AccSilhouetteFileEv", 64, { return main_lib()->base + 0x2768854; }),
port/src/native/params/parameter_chara.cpp	290	0x276882b	str	0	str:'Image/icon_rookie.aif'+0	0x275fb2b	0	0	[](u64, guest::String* o) { o->init(std::string_view((const char*)(main_lib()->base + 0x276882b), 21)); }},
port/src/native/particles/particles_rd.cpp	327	0x23c3798	fn	0	_ZN4Aska14ParticleObjectINS_11FeatureListINS_16ParticleFeatures5SpeedENS1_INS2_6MotionENS1_INS2_14ColorAnimationENS1_INS2_7TextureENS1_INS2_9LifeLimitENS1_INS2_4LineENS_6StNULLEEEEEEEEEEEEENS_18DefaultFunctorListEE15LinkEmitterTickEPNS_15ParticleElementISF_EE9StBooleanILb1EE+0x0	0x23c8148	0	0	constexpr LifeCallees kLife_MCTL{0x23c3798, 0x23c38c0, 0x23c3b44, 0x23c39e0};
port/src/native/particles/particles_rd.cpp	327	0x23c38c0	fn	0	_ZN4Aska14ParticleObjectINS_11FeatureListINS_16ParticleFeatures5SpeedENS1_INS2_6MotionENS1_INS2_14ColorAnimationENS1_INS2_7TextureENS1_INS2_9LifeLimitENS1_INS2_4LineENS_6StNULLEEEEEEEEEEEEENS_18DefaultFunctorListEE21LifeDistanceProcedureEPKiib9StBooleanILb1EE+0x0	0x23c8270	0	0	constexpr LifeCallees kLife_MCTL{0x23c3798, 0x23c38c0, 0x23c3b44, 0x23c39e0};
port/src/native/particles/particles_rd.cpp	327	0x23c3b44	fn	0	_ZN4Aska14ParticleObjectINS_11FeatureListINS_16ParticleFeatures5SpeedENS1_INS2_6MotionENS1_INS2_14ColorAnimationENS1_INS2_7TextureENS1_INS2_9LifeLimitENS1_INS2_4LineENS_6StNULLEEEEEEEEEEEEENS_18DefaultFunctorListEE18LifeScaleProcedureEPKiib9StBooleanILb1EE+0x0	0x23c84f4	0	0	constexpr LifeCallees kLife_MCTL{0x23c3798, 0x23c38c0, 0x23c3b44, 0x23c39e0};
port/src/native/particles/particles_rd.cpp	327	0x23c39e0	fn	0	_ZN4Aska14ParticleObjectINS_11FeatureListINS_16ParticleFeatures5SpeedENS1_INS2_6MotionENS1_INS2_14ColorAnimationENS1_INS2_7TextureENS1_INS2_9LifeLimitENS1_INS2_4LineENS_6StNULLEEEEEEEEEEEEENS_18DefaultFunctorListEE19LifeExtendProcedureEPKii9StBooleanILb1EE+0x0	0x23c8390	0	0	constexpr LifeCallees kLife_MCTL{0x23c3798, 0x23c38c0, 0x23c3b44, 0x23c39e0};
port/src/native/particles/particles_rd.cpp	328	0x23cbab0	fn	0	_ZN4Aska14ParticleObjectINS_11FeatureListINS_16ParticleFeatures5SpeedENS1_INS2_6MotionENS1_INS2_14ColorAnimationENS1_INS2_7TextureENS1_INS2_9LifeLimitENS_6StNULLEEEEEEEEEEENS_18DefaultFunctorListEE15LinkEmitterTickEPNS_15ParticleElementISD_EE9StBooleanILb1EE+0x0	0x23d0460	0	0	constexpr LifeCallees kLife_MCT{0x23cbab0, 0x23cbbd8, 0x23cbe5c, 0x23cbcf8};
port/src/native/particles/particles_rd.cpp	328	0x23cbbd8	fn	0	_ZN4Aska14ParticleObjectINS_11FeatureListINS_16ParticleFeatures5SpeedENS1_INS2_6MotionENS1_INS2_14ColorAnimationENS1_INS2_7TextureENS1_INS2_9LifeLimitENS_6StNULLEEEEEEEEEEENS_18DefaultFunctorListEE21LifeDistanceProcedureEPKiib9StBooleanILb1EE+0x0	0x23d0588	0	0	constexpr LifeCallees kLife_MCT{0x23cbab0, 0x23cbbd8, 0x23cbe5c, 0x23cbcf8};
port/src/native/particles/particles_rd.cpp	328	0x23cbe5c	fn	0	_ZN4Aska14ParticleObjectINS_11FeatureListINS_16ParticleFeatures5SpeedENS1_INS2_6MotionENS1_INS2_14ColorAnimationENS1_INS2_7TextureENS1_INS2_9LifeLimitENS_6StNULLEEEEEEEEEEENS_18DefaultFunctorListEE18LifeScaleProcedureEPKiib9StBooleanILb1EE+0x0	0x23d080c	0	0	constexpr LifeCallees kLife_MCT{0x23cbab0, 0x23cbbd8, 0x23cbe5c, 0x23cbcf8};
port/src/native/particles/particles_rd.cpp	328	0x23cbcf8	fn	0	_ZN4Aska14ParticleObjectINS_11FeatureListINS_16ParticleFeatures5SpeedENS1_INS2_6MotionENS1_INS2_14ColorAnimationENS1_INS2_7TextureENS1_INS2_9LifeLimitENS_6StNULLEEEEEEEEEEENS_18DefaultFunctorListEE19LifeExtendProcedureEPKii9StBooleanILb1EE+0x0	0x23d06a8	0	0	constexpr LifeCallees kLife_MCT{0x23cbab0, 0x23cbbd8, 0x23cbe5c, 0x23cbcf8};
port/src/native/particles/particles_rd.cpp	329	0x24bcca4	fn	0	_ZN4Aska14ParticleObjectINS_11FeatureListINS_16ParticleFeatures5SpeedENS1_INS2_6MotionENS1_INS2_8RotationENS1_INS2_7TextureENS1_INS2_14ColorAnimationENS1_INS2_9LifeLimitENS1_INS2_4LineENS_6StNULLEEEEEEEEEEEEEEENS_18DefaultFunctorListEE15LinkEmitterTickEPNS_15ParticleElementISH_EE9StBooleanILb1EE+0x0	0x24bd654	0	0	constexpr LifeCallees kLife_MRTCL{0x24bcca4, 0x24bcdd0, 0x24bd05c, 0x24bcef8};
port/src/native/particles/particles_rd.cpp	329	0x24bcdd0	fn	0	_ZN4Aska14ParticleObjectINS_11FeatureListINS_16ParticleFeatures5SpeedENS1_INS2_6MotionENS1_INS2_8RotationENS1_INS2_7TextureENS1_INS2_14ColorAnimationENS1_INS2_9LifeLimitENS1_INS2_4LineENS_6StNULLEEEEEEEEEEEEEEENS_18DefaultFunctorListEE21LifeDistanceProcedureEPKiib9StBooleanILb1EE+0x0	0x24bd780	0	0	constexpr LifeCallees kLife_MRTCL{0x24bcca4, 0x24bcdd0, 0x24bd05c, 0x24bcef8};
port/src/native/particles/particles_rd.cpp	329	0x24bd05c	fn	0	_ZN4Aska14ParticleObjectINS_11FeatureListINS_16ParticleFeatures5SpeedENS1_INS2_6MotionENS1_INS2_8RotationENS1_INS2_7TextureENS1_INS2_14ColorAnimationENS1_INS2_9LifeLimitENS1_INS2_4LineENS_6StNULLEEEEEEEEEEEEEEENS_18DefaultFunctorListEE18LifeScaleProcedureEPKiib9StBooleanILb1EE+0x0	0x24bda0c	0	0	constexpr LifeCallees kLife_MRTCL{0x24bcca4, 0x24bcdd0, 0x24bd05c, 0x24bcef8};
port/src/native/particles/particles_rd.cpp	329	0x24bcef8	fn	0	_ZN4Aska14ParticleObjectINS_11FeatureListINS_16ParticleFeatures5SpeedENS1_INS2_6MotionENS1_INS2_8RotationENS1_INS2_7TextureENS1_INS2_14ColorAnimationENS1_INS2_9LifeLimitENS1_INS2_4LineENS_6StNULLEEEEEEEEEEEEEEENS_18DefaultFunctorListEE19LifeExtendProcedureEPKii9StBooleanILb1EE+0x0	0x24bd8a8	0	0	constexpr LifeCallees kLife_MRTCL{0x24bcca4, 0x24bcdd0, 0x24bd05c, 0x24bcef8};
port/src/native/particles/particles_rd.cpp	330	0x24c5bcc	fn	0	_ZN4Aska14ParticleObjectINS_11FeatureListINS_16ParticleFeatures5SpeedENS1_INS2_6MotionENS1_INS2_8RotationENS1_INS2_7TextureENS1_INS2_14ColorAnimationENS1_INS2_9LifeLimitENS_6StNULLEEEEEEEEEEEEENS_18DefaultFunctorListEE15LinkEmitterTickEPNS_15ParticleElementISF_EE9StBooleanILb1EE+0x0	0x24c657c	0	0	constexpr LifeCallees kLife_MRTC{0x24c5bcc, 0x24c5cf8, 0x24c5f84, 0x24c5e20};
port/src/native/particles/particles_rd.cpp	330	0x24c5cf8	fn	0	_ZN4Aska14ParticleObjectINS_11FeatureListINS_16ParticleFeatures5SpeedENS1_INS2_6MotionENS1_INS2_8RotationENS1_INS2_7TextureENS1_INS2_14ColorAnimationENS1_INS2_9LifeLimitENS_6StNULLEEEEEEEEEEEEENS_18DefaultFunctorListEE21LifeDistanceProcedureEPKiib9StBooleanILb1EE+0x0	0x24c66a8	0	0	constexpr LifeCallees kLife_MRTC{0x24c5bcc, 0x24c5cf8, 0x24c5f84, 0x24c5e20};
port/src/native/particles/particles_rd.cpp	330	0x24c5f84	fn	0	_ZN4Aska14ParticleObjectINS_11FeatureListINS_16ParticleFeatures5SpeedENS1_INS2_6MotionENS1_INS2_8RotationENS1_INS2_7TextureENS1_INS2_14ColorAnimationENS1_INS2_9LifeLimitENS_6StNULLEEEEEEEEEEEEENS_18DefaultFunctorListEE18LifeScaleProcedureEPKiib9StBooleanILb1EE+0x0	0x24c6934	0	0	constexpr LifeCallees kLife_MRTC{0x24c5bcc, 0x24c5cf8, 0x24c5f84, 0x24c5e20};
port/src/native/particles/particles_rd.cpp	330	0x24c5e20	fn	0	_ZN4Aska14ParticleObjectINS_11FeatureListINS_16ParticleFeatures5SpeedENS1_INS2_6MotionENS1_INS2_8RotationENS1_INS2_7TextureENS1_INS2_14ColorAnimationENS1_INS2_9LifeLimitENS_6StNULLEEEEEEEEEEEEENS_18DefaultFunctorListEE19LifeExtendProcedureEPKii9StBooleanILb1EE+0x0	0x24c67d0	0	0	constexpr LifeCallees kLife_MRTC{0x24c5bcc, 0x24c5cf8, 0x24c5f84, 0x24c5e20};
port/src/native/particles/particles_rd.cpp	340	0x2199de4	fn	0	_ZN4Aska15IParticleObject13TailProcedureEPKiiPNS_15ParticleContextE+0x0	0x21a2794	0	0	constexpr u64 kTailProcedure = 0x2199de4, kLightingProcedure = 0x219ba74, kExtendProcedure = 0x219bae0;
port/src/native/particles/particles_rd.cpp	340	0x219ba74	fn	0	_ZN4Aska15IParticleObject17LightingProcedureEfPKiiPNS_15ParticleContextE+0x0	0x21a4424	0	0	constexpr u64 kTailProcedure = 0x2199de4, kLightingProcedure = 0x219ba74, kExtendProcedure = 0x219bae0;
port/src/native/particles/particles_rd.cpp	340	0x219bae0	fn	0	_ZN4Aska15IParticleObject15ExtendProcedureEPNS_15ParticleContextEi+0x0	0x21a4490	0	0	constexpr u64 kTailProcedure = 0x2199de4, kLightingProcedure = 0x219ba74, kExtendProcedure = 0x219bae0;
port/src/native/particles/particles_rd.cpp	468	0x23c2414	fn	0	_ZN4Aska14ParticleObjectINS_11FeatureListINS_16ParticleFeatures5SpeedENS1_INS2_6MotionENS1_INS2_14ColorAnimationENS1_INS2_7TextureENS1_INS2_9LifeLimitENS1_INS2_4LineENS_6StNULLEEEEEEEEEEEEENS_18DefaultFunctorListEE16TextureProcedureEfPKiiPNS_15ParticleContextE9StBooleanILb1EE+0x0	0x23c6dc4	0	0	constexpr ProcCallees kProc_MCTL{0x23c2414, 0x23c2bc8, 0x23c3094, 0x23c3278, 0};
port/src/native/particles/particles_rd.cpp	468	0x23c2bc8	fn	0	_ZN4Aska14ParticleObjectINS_11FeatureListINS_16ParticleFeatures5SpeedENS1_INS2_6MotionENS1_INS2_14ColorAnimationENS1_INS2_7TextureENS1_INS2_9LifeLimitENS1_INS2_4LineENS_6StNULLEEEEEEEEEEEEENS_18DefaultFunctorListEE13LifeProcedureEPKii9StBooleanILb1EE+0x0	0x23c7578	0	0	constexpr ProcCallees kProc_MCTL{0x23c2414, 0x23c2bc8, 0x23c3094, 0x23c3278, 0};
port/src/native/particles/particles_rd.cpp	468	0x23c3094	fn	0	_ZN4Aska14ParticleObjectINS_11FeatureListINS_16ParticleFeatures5SpeedENS1_INS2_6MotionENS1_INS2_14ColorAnimationENS1_INS2_7TextureENS1_INS2_9LifeLimitENS1_INS2_4LineENS_6StNULLEEEEEEEEEEEEENS_18DefaultFunctorListEE17EmitLinkProcedureEPKii9StBooleanILb1EE+0x0	0x23c7a44	0	0	constexpr ProcCallees kProc_MCTL{0x23c2414, 0x23c2bc8, 0x23c3094, 0x23c3278, 0};
port/src/native/particles/particles_rd.cpp	468	0x23c3278	fn	0	_ZN4Aska14ParticleObjectINS_11FeatureListINS_16ParticleFeatures5SpeedENS1_INS2_6MotionENS1_INS2_14ColorAnimationENS1_INS2_7TextureENS1_INS2_9LifeLimitENS1_INS2_4LineENS_6StNULLEEEEEEEEEEEEENS_18DefaultFunctorListEE18AnimationProcedureEPKii9StBooleanILb1EE+0x0	0x23c7c28	0	0	constexpr ProcCallees kProc_MCTL{0x23c2414, 0x23c2bc8, 0x23c3094, 0x23c3278, 0};
port/src/native/particles/particles_rd.cpp	469	0x23ca72c	fn	0	_ZN4Aska14ParticleObjectINS_11FeatureListINS_16ParticleFeatures5SpeedENS1_INS2_6MotionENS1_INS2_14ColorAnimationENS1_INS2_7TextureENS1_INS2_9LifeLimitENS_6StNULLEEEEEEEEEEENS_18DefaultFunctorListEE16TextureProcedureEfPKiiPNS_15ParticleContextE9StBooleanILb1EE+0x0	0x23cf0dc	0	0	constexpr ProcCallees kProc_MCT{0x23ca72c, 0x23caee0, 0x23cb3ac, 0x23cb590, 0};
port/src/native/particles/particles_rd.cpp	469	0x23caee0	fn	0	_ZN4Aska14ParticleObjectINS_11FeatureListINS_16ParticleFeatures5SpeedENS1_INS2_6MotionENS1_INS2_14ColorAnimationENS1_INS2_7TextureENS1_INS2_9LifeLimitENS_6StNULLEEEEEEEEEEENS_18DefaultFunctorListEE13LifeProcedureEPKii9StBooleanILb1EE+0x0	0x23cf890	0	0	constexpr ProcCallees kProc_MCT{0x23ca72c, 0x23caee0, 0x23cb3ac, 0x23cb590, 0};
port/src/native/particles/particles_rd.cpp	469	0x23cb3ac	fn	0	_ZN4Aska14ParticleObjectINS_11FeatureListINS_16ParticleFeatures5SpeedENS1_INS2_6MotionENS1_INS2_14ColorAnimationENS1_INS2_7TextureENS1_INS2_9LifeLimitENS_6StNULLEEEEEEEEEEENS_18DefaultFunctorListEE17EmitLinkProcedureEPKii9StBooleanILb1EE+0x0	0x23cfd5c	0	0	constexpr ProcCallees kProc_MCT{0x23ca72c, 0x23caee0, 0x23cb3ac, 0x23cb590, 0};
port/src/native/particles/particles_rd.cpp	469	0x23cb590	fn	0	_ZN4Aska14ParticleObjectINS_11FeatureListINS_16ParticleFeatures5SpeedENS1_INS2_6MotionENS1_INS2_14ColorAnimationENS1_INS2_7TextureENS1_INS2_9LifeLimitENS_6StNULLEEEEEEEEEEENS_18DefaultFunctorListEE18AnimationProcedureEPKii9StBooleanILb1EE+0x0	0x23cff40	0	0	constexpr ProcCallees kProc_MCT{0x23ca72c, 0x23caee0, 0x23cb3ac, 0x23cb590, 0};
port/src/native/particles/particles_rd.cpp	470	0x24bb57c	fn	0	_ZN4Aska14ParticleObjectINS_11FeatureListINS_16ParticleFeatures5SpeedENS1_INS2_6MotionENS1_INS2_8RotationENS1_INS2_7TextureENS1_INS2_14ColorAnimationENS1_INS2_9LifeLimitENS1_INS2_4LineENS_6StNULLEEEEEEEEEEEEEEENS_18DefaultFunctorListEE16TextureProcedureEfPKiiPNS_15ParticleContextE9StBooleanILb1EE+0x0	0x24bbf2c	0	0	constexpr ProcCallees kProc_MRTCL{0x24bb57c, 0x24bbd30, 0x24bc1fc, 0x24bc3ec, 0x24bc910};
port/src/native/particles/particles_rd.cpp	470	0x24bbd30	fn	0	_ZN4Aska14ParticleObjectINS_11FeatureListINS_16ParticleFeatures5SpeedENS1_INS2_6MotionENS1_INS2_8RotationENS1_INS2_7TextureENS1_INS2_14ColorAnimationENS1_INS2_9LifeLimitENS1_INS2_4LineENS_6StNULLEEEEEEEEEEEEEEENS_18DefaultFunctorListEE13LifeProcedureEPKii9StBooleanILb1EE+0x0	0x24bc6e0	0	0	constexpr ProcCallees kProc_MRTCL{0x24bb57c, 0x24bbd30, 0x24bc1fc, 0x24bc3ec, 0x24bc910};
port/src/native/particles/particles_rd.cpp	470	0x24bc1fc	fn	0	_ZN4Aska14ParticleObjectINS_11FeatureListINS_16ParticleFeatures5SpeedENS1_INS2_6MotionENS1_INS2_8RotationENS1_INS2_7TextureENS1_INS2_14ColorAnimationENS1_INS2_9LifeLimitENS1_INS2_4LineENS_6StNULLEEEEEEEEEEEEEEENS_18DefaultFunctorListEE17EmitLinkProcedureEPKii9StBooleanILb1EE+0x0	0x24bcbac	0	0	constexpr ProcCallees kProc_MRTCL{0x24bb57c, 0x24bbd30, 0x24bc1fc, 0x24bc3ec, 0x24bc910};
port/src/native/particles/particles_rd.cpp	470	0x24bc3ec	fn	0	_ZN4Aska14ParticleObjectINS_11FeatureListINS_16ParticleFeatures5SpeedENS1_INS2_6MotionENS1_INS2_8RotationENS1_INS2_7TextureENS1_INS2_14ColorAnimationENS1_INS2_9LifeLimitENS1_INS2_4LineENS_6StNULLEEEEEEEEEEEEEEENS_18DefaultFunctorListEE18AnimationProcedureEPKii9StBooleanILb1EE+0x0	0x24bcd9c	0	0	constexpr ProcCallees kProc_MRTCL{0x24bb57c, 0x24bbd30, 0x24bc1fc, 0x24bc3ec, 0x24bc910};
port/src/native/particles/particles_rd.cpp	470	0x24bc910	fn	0	_ZN4Aska15PosFuncRotationINS_11FeatureListINS_16ParticleFeatures5SpeedENS1_INS2_6MotionENS1_INS2_8RotationENS1_INS2_7TextureENS1_INS2_14ColorAnimationENS1_INS2_9LifeLimitENS1_INS2_4LineENS_6StNULLEEEEEEEEEEEEEEEEclEPNS_15ParticleElementISH_EEPKNS_14ParticleParamsEPNS_15ParticleContextE+0x0	0x24bd2c0	0	0	constexpr ProcCallees kProc_MRTCL{0x24bb57c, 0x24bbd30, 0x24bc1fc, 0x24bc3ec, 0x24bc910};
port/src/native/particles/particles_rd.cpp	471	0x24c44a4	fn	0	_ZN4Aska14ParticleObjectINS_11FeatureListINS_16ParticleFeatures5SpeedENS1_INS2_6MotionENS1_INS2_8RotationENS1_INS2_7TextureENS1_INS2_14ColorAnimationENS1_INS2_9LifeLimitENS_6StNULLEEEEEEEEEEEEENS_18DefaultFunctorListEE16TextureProcedureEfPKiiPNS_15ParticleContextE9StBooleanILb1EE+0x0	0x24c4e54	0	0	constexpr ProcCallees kProc_MRTC{0x24c44a4, 0x24c4c58, 0x24c5124, 0x24c5314, 0x24c5838};
port/src/native/particles/particles_rd.cpp	471	0x24c4c58	fn	0	_ZN4Aska14ParticleObjectINS_11FeatureListINS_16ParticleFeatures5SpeedENS1_INS2_6MotionENS1_INS2_8RotationENS1_INS2_7TextureENS1_INS2_14ColorAnimationENS1_INS2_9LifeLimitENS_6StNULLEEEEEEEEEEEEENS_18DefaultFunctorListEE13LifeProcedureEPKii9StBooleanILb1EE+0x0	0x24c5608	0	0	constexpr ProcCallees kProc_MRTC{0x24c44a4, 0x24c4c58, 0x24c5124, 0x24c5314, 0x24c5838};
port/src/native/particles/particles_rd.cpp	471	0x24c5124	fn	0	_ZN4Aska14ParticleObjectINS_11FeatureListINS_16ParticleFeatures5SpeedENS1_INS2_6MotionENS1_INS2_8RotationENS1_INS2_7TextureENS1_INS2_14ColorAnimationENS1_INS2_9LifeLimitENS_6StNULLEEEEEEEEEEEEENS_18DefaultFunctorListEE17EmitLinkProcedureEPKii9StBooleanILb1EE+0x0	0x24c5ad4	0	0	constexpr ProcCallees kProc_MRTC{0x24c44a4, 0x24c4c58, 0x24c5124, 0x24c5314, 0x24c5838};
port/src/native/particles/particles_rd.cpp	471	0x24c5314	fn	0	_ZN4Aska14ParticleObjectINS_11FeatureListINS_16ParticleFeatures5SpeedENS1_INS2_6MotionENS1_INS2_8RotationENS1_INS2_7TextureENS1_INS2_14ColorAnimationENS1_INS2_9LifeLimitENS_6StNULLEEEEEEEEEEEEENS_18DefaultFunctorListEE18AnimationProcedureEPKii9StBooleanILb1EE+0x0	0x24c5cc4	0	0	constexpr ProcCallees kProc_MRTC{0x24c44a4, 0x24c4c58, 0x24c5124, 0x24c5314, 0x24c5838};
port/src/native/particles/particles_rd.cpp	471	0x24c5838	fn	0	_ZN4Aska15PosFuncRotationINS_11FeatureListINS_16ParticleFeatures5SpeedENS1_INS2_6MotionENS1_INS2_8RotationENS1_INS2_7TextureENS1_INS2_14ColorAnimationENS1_INS2_9LifeLimitENS_6StNULLEEEEEEEEEEEEEEclEPNS_15ParticleElementISF_EEPKNS_14ParticleParamsEPNS_15ParticleContextE+0x0	0x24c61e8	0	0	constexpr ProcCallees kProc_MRTC{0x24c44a4, 0x24c4c58, 0x24c5124, 0x24c5314, 0x24c5838};
port/src/native/particles/particles_rd.cpp	512	0x218ca14	fn	0	_ZN4Aska16IParticleEmitter15PrepareMatricesEv+0x0	0x21953c4	0	0	constexpr u64 kPrepareMatrices = 0x218ca14, kPrepareMatricesTraverse = 0x218ccdc;
port/src/native/particles/particles_rd.cpp	512	0x218ccdc	fn	0	_ZN4Aska16IParticleEmitter23PrepareMatricesTraverseEv+0x0	0x219568c	0	0	constexpr u64 kPrepareMatrices = 0x218ca14, kPrepareMatricesTraverse = 0x218ccdc;
port/src/native/particles/particles_rd_emit.cpp	264	0x1f52174	fn	0	_ZN4Aska6RandomEj+0x0	0x1f59b24	0	0	constexpr u64 kRandom = 0x1f52174, kRandomShort = 0x1f52058, kApplyMatrix = 0x1f83be0, kApplyMatrixNoTransport = 0x1f83dc8,
port/src/native/particles/particles_rd_emit.cpp	264	0x1f52058	fn	0	_ZN4Aska11RandomShortEv+0x0	0x1f59a08	0	0	constexpr u64 kRandom = 0x1f52174, kRandomShort = 0x1f52058, kApplyMatrix = 0x1f83be0, kApplyMatrixNoTransport = 0x1f83dc8,
port/src/native/particles/particles_rd_emit.cpp	264	0x1f83be0	fn	0	_ZNK4Aska6Vector11ApplyMatrixEPS0_PKNS_6MatrixE+0x0	0x1f8c590	0	0	constexpr u64 kRandom = 0x1f52174, kRandomShort = 0x1f52058, kApplyMatrix = 0x1f83be0, kApplyMatrixNoTransport = 0x1f83dc8,
port/src/native/particles/particles_rd_emit.cpp	264	0x1f83dc8	fn	0	_ZNK4Aska6Vector22ApplyMatrixNoTransportEPS0_PKNS_6MatrixE+0x0	0x1f8c778	0	0	constexpr u64 kRandom = 0x1f52174, kRandomShort = 0x1f52058, kApplyMatrix = 0x1f83be0, kApplyMatrixNoTransport = 0x1f83dc8,
port/src/native/particles/particles_rd_emit.cpp	265	0x2143494	fn	0	_ZN4Aska20MeshGeneratorManager17FindMeshGeneratorEPKNS_9AofObjectE+0x0	0x214be44	0	0	kFindMeshGenerator = 0x2143494, kRandomVertex = 0x20c3a68, kVertexPosition = 0x20c3b30, kPerfCounterStart = 0x218c480,
port/src/native/particles/particles_rd_emit.cpp	265	0x20c3a68	fn	0	_ZNK4Aska9AofObject27GetRandomVertexPosAndNormalEPNS_6VectorES2_+0x0	0x20cb418	0	0	kFindMeshGenerator = 0x2143494, kRandomVertex = 0x20c3a68, kVertexPosition = 0x20c3b30, kPerfCounterStart = 0x218c480,
port/src/native/particles/particles_rd_emit.cpp	265	0x20c3b30	fn	0	_ZNK4Aska9AofObject17GetVertexPositionEiPNS_6VectorE+0x0	0x20cb4e0	0	0	kFindMeshGenerator = 0x2143494, kRandomVertex = 0x20c3a68, kVertexPosition = 0x20c3b30, kPerfCounterStart = 0x218c480,
port/src/native/particles/particles_rd_emit.cpp	265	0x218c480	fn	0	_ZN4Aska16IParticleEmitter16PerfCounterStartEv+0x0	0x2194e30	0	0	kFindMeshGenerator = 0x2143494, kRandomVertex = 0x20c3a68, kVertexPosition = 0x20c3b30, kPerfCounterStart = 0x218c480,
port/src/native/particles/particles_rd_emit.cpp	266	0x218c484	fn	0	_ZN4Aska16IParticleEmitter14PerfCounterEndEv+0x0	0x2194e34	0	0	kPerfCounterEnd = 0x218c484, kFillMatrixContext = 0x218ce7c, kPutPRS = 0x1f34ea0, kSetAnimation = 0x2198f90,
port/src/native/particles/particles_rd_emit.cpp	266	0x218ce7c	fn	0	_ZN4Aska16IParticleEmitter17FillMatrixContextEPNS0_13MatrixContextE+0x0	0x219582c	0	0	kPerfCounterEnd = 0x218c484, kFillMatrixContext = 0x218ce7c, kPutPRS = 0x1f34ea0, kSetAnimation = 0x2198f90,
port/src/native/particles/particles_rd_emit.cpp	266	0x1f34ea0	fn	0	_ZNK4Aska6Matrix6PutPRSEPNS_6VectorEPNS_10QuaternionES2_+0x0	0x1f3c850	0	0	kPerfCounterEnd = 0x218c484, kFillMatrixContext = 0x218ce7c, kPutPRS = 0x1f34ea0, kSetAnimation = 0x2198f90,
port/src/native/particles/particles_rd_emit.cpp	266	0x2198f90	fn	0	_ZN4Aska15IParticleObject12SetAnimationEi+0x0	0x21a1940	0	0	kPerfCounterEnd = 0x218c484, kFillMatrixContext = 0x218ce7c, kPutPRS = 0x1f34ea0, kSetAnimation = 0x2198f90,
port/src/native/particles/particles_rd_emit.cpp	267	0x1f472f8	fn	0	_ZnwmRKSt9nothrow_t+0x0	0x1f4eca8	0	0	kNewNothrow = 0x1f472f8, kFcsCtor = 0x1f7cbd0;
port/src/native/particles/particles_rd_emit.cpp	267	0x1f7cbd0	fn	0	_ZN4Aska19FastCriticalSectionC1Ev+0x0	0x1f85580	0	0	kNewNothrow = 0x1f472f8, kFcsCtor = 0x1f7cbd0;
port/src/native/particles/particles_rd_emit.cpp	269	0x2ccf940	obj	0	_ZN4Aska6Vector10zeroVectorE+0x0	0x2ccd940	0	0	constexpr u64 kZeroVector = 0x2ccf940, kLowPrecisionSeed = 0x2cce9e8, kMeshGeneratorManager = 0x2cd25f8;
port/src/native/particles/particles_rd_emit.cpp	269	0x2cce9e8	obj	0	_ZN4Aska26g_uiLowPrecisionRandomSeedE+0x0	0x2ccc9e8	0	0	constexpr u64 kZeroVector = 0x2ccf940, kLowPrecisionSeed = 0x2cce9e8, kMeshGeneratorManager = 0x2cd25f8;
port/src/native/particles/particles_rd_emit.cpp	269	0x2cd25f8	obj	0	_ZN4Aska6Global23m_pMeshGeneratorManagerE+0x0	0x2cd05f8	0	0	constexpr u64 kZeroVector = 0x2ccf940, kLowPrecisionSeed = 0x2cce9e8, kMeshGeneratorManager = 0x2cd25f8;
port/src/native/particles/particles_rd_emit.cpp	286	0x2384de4	fn	0	_ZN4Aska15ParticleEmitterINS_11FeatureListINS_16ParticleFeatures5SpeedENS1_INS2_6MotionENS1_INS2_14ColorAnimationENS1_INS2_9LifeLimitENS1_INS2_4LineENS_6StNULLEEEEEEEEEEEE10EmitMotionEPNS_15ParticleElementISD_EEPKNS_16IParticleEmitter11EmitContextEPSJ_9StBooleanILb1EE+0x0	0x238b794	0	0	static constexpr EmitCallees kEmit{0x2384de4, 0, 0x23860d4, 0, 0, 0x2386518, 0x23863c4, 0};
port/src/native/particles/particles_rd_emit.cpp	286	0x23860d4	fn	0	_ZN4Aska15ParticleEmitterINS_11FeatureListINS_16ParticleFeatures5SpeedENS1_INS2_6MotionENS1_INS2_14ColorAnimationENS1_INS2_9LifeLimitENS1_INS2_4LineENS_6StNULLEEEEEEEEEEEE18EmitColorAnimationEPNS_15ParticleElementISD_EEPKNS_6VectorE9StBooleanILb1EE+0x0	0x238ca84	0	0	static constexpr EmitCallees kEmit{0x2384de4, 0, 0x23860d4, 0, 0, 0x2386518, 0x23863c4, 0};
port/src/native/particles/particles_rd_emit.cpp	286	0x2386518	fn	0	_ZN4Aska14ParticleObjectINS_11FeatureListINS_16ParticleFeatures5SpeedENS1_INS2_6MotionENS1_INS2_14ColorAnimationENS1_INS2_9LifeLimitENS1_INS2_4LineENS_6StNULLEEEEEEEEEEENS_18DefaultFunctorListEE18SetupParticleTailsEiPKNS_6VectorE+0x0	0x238cec8	0	0	static constexpr EmitCallees kEmit{0x2384de4, 0, 0x23860d4, 0, 0, 0x2386518, 0x23863c4, 0};
port/src/native/particles/particles_rd_emit.cpp	286	0x23863c4	fn	0	_ZN4Aska14ParticleObjectINS_11FeatureListINS_16ParticleFeatures5SpeedENS1_INS2_6MotionENS1_INS2_14ColorAnimationENS1_INS2_9LifeLimitENS1_INS2_4LineENS_6StNULLEEEEEEEEEEENS_18DefaultFunctorListEE18SetupParticleTailsEiPKNS_6VectorE9StBooleanILb0EE+0x0	0x238cd74	0	0	static constexpr EmitCallees kEmit{0x2384de4, 0, 0x23860d4, 0, 0, 0x2386518, 0x23863c4, 0};
port/src/native/particles/particles_rd_emit.cpp	287	0x2386a58	fn	0	_ZN4Aska15ParticleEmitterINS_11FeatureListINS_16ParticleFeatures5SpeedENS1_INS2_6MotionENS1_INS2_14ColorAnimationENS1_INS2_9LifeLimitENS1_INS2_4LineENS_6StNULLEEEEEEEEEEEE23EmitterAffectToParticleEPNS_6VectorEPNS_16IParticleEmitter13MatrixContextEf+0x0	0x238d408	0	0	static constexpr SimCallees kSim{0x2386a58, 0x2382ddc, 0x2386c5c};
port/src/native/particles/particles_rd_emit.cpp	287	0x2382ddc	fn	0	_ZN4Aska15ParticleEmitterINS_11FeatureListINS_16ParticleFeatures5SpeedENS1_INS2_6MotionENS1_INS2_14ColorAnimationENS1_INS2_9LifeLimitENS1_INS2_4LineENS_6StNULLEEEEEEEEEEEE4EmitEiPNS_16IParticleEmitter11EmitContextEPKNSF_13MatrixContextE+0x0	0x238978c	0	0	static constexpr SimCallees kSim{0x2386a58, 0x2382ddc, 0x2386c5c};
port/src/native/particles/particles_rd_emit.cpp	287	0x2386c5c	fn	0	_ZN4Aska24ParticleRenderableObjectINS_11FeatureListINS_16ParticleFeatures5SpeedENS1_INS2_6MotionENS1_INS2_14ColorAnimationENS1_INS2_9LifeLimitENS1_INS2_4LineENS_6StNULLEEEEEEEEEEEE15RenderProcedureEfPNS_16IParticleEmitter13MatrixContextEb+0x0	0x238d60c	0	0	static constexpr SimCallees kSim{0x2386a58, 0x2382ddc, 0x2386c5c};
port/src/native/particles/particles_rd_emit.cpp	294	0x23bf12c	fn	0	_ZN4Aska15ParticleEmitterINS_11FeatureListINS_16ParticleFeatures5SpeedENS1_INS2_6MotionENS1_INS2_14ColorAnimationENS1_INS2_7TextureENS1_INS2_9LifeLimitENS1_INS2_4LineENS_6StNULLEEEEEEEEEEEEEE10EmitMotionEPNS_15ParticleElementISF_EEPKNS_16IParticleEmitter11EmitContextEPSL_9StBooleanILb1EE+0x0	0x23c3adc	0	0	static constexpr EmitCallees kEmit{0x23bf12c, 0, 0x23c041c, 0x23c070c, 0x23c0d5c, 0, 0, 0};
port/src/native/particles/particles_rd_emit.cpp	294	0x23c041c	fn	0	_ZN4Aska15ParticleEmitterINS_11FeatureListINS_16ParticleFeatures5SpeedENS1_INS2_6MotionENS1_INS2_14ColorAnimationENS1_INS2_7TextureENS1_INS2_9LifeLimitENS1_INS2_4LineENS_6StNULLEEEEEEEEEEEEEE18EmitColorAnimationEPNS_15ParticleElementISF_EEPKNS_6VectorE9StBooleanILb1EE+0x0	0x23c4dcc	0	0	static constexpr EmitCallees kEmit{0x23bf12c, 0, 0x23c041c, 0x23c070c, 0x23c0d5c, 0, 0, 0};
port/src/native/particles/particles_rd_emit.cpp	294	0x23c070c	fn	0	_ZN4Aska15ParticleEmitterINS_11FeatureListINS_16ParticleFeatures5SpeedENS1_INS2_6MotionENS1_INS2_14ColorAnimationENS1_INS2_7TextureENS1_INS2_9LifeLimitENS1_INS2_4LineENS_6StNULLEEEEEEEEEEEEEE11EmitTextureEPNS_15ParticleElementISF_EE9StBooleanILb1EE+0x0	0x23c50bc	0	0	static constexpr EmitCallees kEmit{0x23bf12c, 0, 0x23c041c, 0x23c070c, 0x23c0d5c, 0, 0, 0};
port/src/native/particles/particles_rd_emit.cpp	294	0x23c0d5c	fn	0	_ZN4Aska14ParticleObjectINS_11FeatureListINS_16ParticleFeatures5SpeedENS1_INS2_6MotionENS1_INS2_14ColorAnimationENS1_INS2_7TextureENS1_INS2_9LifeLimitENS1_INS2_4LineENS_6StNULLEEEEEEEEEEEEENS_18DefaultFunctorListEE8PostEmitEiPKNS_6VectorESK_+0x0	0x23c570c	0	0	static constexpr EmitCallees kEmit{0x23bf12c, 0, 0x23c041c, 0x23c070c, 0x23c0d5c, 0, 0, 0};
port/src/native/particles/particles_rd_emit.cpp	295	0x23c1564	fn	0	_ZN4Aska15ParticleEmitterINS_11FeatureListINS_16ParticleFeatures5SpeedENS1_INS2_6MotionENS1_INS2_14ColorAnimationENS1_INS2_7TextureENS1_INS2_9LifeLimitENS1_INS2_4LineENS_6StNULLEEEEEEEEEEEEEE23EmitterAffectToParticleEPNS_6VectorEPNS_16IParticleEmitter13MatrixContextEf+0x0	0x23c5f14	0	0	static constexpr SimCallees kSim{0x23c1564, 0x23bd260, 0x23c1768};
port/src/native/particles/particles_rd_emit.cpp	295	0x23bd260	fn	0	_ZN4Aska15ParticleEmitterINS_11FeatureListINS_16ParticleFeatures5SpeedENS1_INS2_6MotionENS1_INS2_14ColorAnimationENS1_INS2_7TextureENS1_INS2_9LifeLimitENS1_INS2_4LineENS_6StNULLEEEEEEEEEEEEEE4EmitEiPNS_16IParticleEmitter11EmitContextEPKNSH_13MatrixContextE+0x0	0x23c1c10	0	0	static constexpr SimCallees kSim{0x23c1564, 0x23bd260, 0x23c1768};
port/src/native/particles/particles_rd_emit.cpp	295	0x23c1768	fn	0	_ZN4Aska24ParticleRenderableObjectINS_11FeatureListINS_16ParticleFeatures5SpeedENS1_INS2_6MotionENS1_INS2_14ColorAnimationENS1_INS2_7TextureENS1_INS2_9LifeLimitENS1_INS2_4LineENS_6StNULLEEEEEEEEEEEEEE15RenderProcedureEfPNS_16IParticleEmitter13MatrixContextEb+0x0	0x23c6118	0	0	static constexpr SimCallees kSim{0x23c1564, 0x23bd260, 0x23c1768};
port/src/native/particles/particles_rd_emit.cpp	302	0x23c75d8	fn	0	_ZN4Aska15ParticleEmitterINS_11FeatureListINS_16ParticleFeatures5SpeedENS1_INS2_6MotionENS1_INS2_14ColorAnimationENS1_INS2_7TextureENS1_INS2_9LifeLimitENS_6StNULLEEEEEEEEEEEE10EmitMotionEPNS_15ParticleElementISD_EEPKNS_16IParticleEmitter11EmitContextEPSJ_9StBooleanILb1EE+0x0	0x23cbf88	0	0	static constexpr EmitCallees kEmit{0x23c75d8, 0, 0x23c88c8, 0x23c8bb8, 0, 0x23c935c, 0x23c9208, 0};
port/src/native/particles/particles_rd_emit.cpp	302	0x23c88c8	fn	0	_ZN4Aska15ParticleEmitterINS_11FeatureListINS_16ParticleFeatures5SpeedENS1_INS2_6MotionENS1_INS2_14ColorAnimationENS1_INS2_7TextureENS1_INS2_9LifeLimitENS_6StNULLEEEEEEEEEEEE18EmitColorAnimationEPNS_15ParticleElementISD_EEPKNS_6VectorE9StBooleanILb1EE+0x0	0x23cd278	0	0	static constexpr EmitCallees kEmit{0x23c75d8, 0, 0x23c88c8, 0x23c8bb8, 0, 0x23c935c, 0x23c9208, 0};
port/src/native/particles/particles_rd_emit.cpp	302	0x23c8bb8	fn	0	_ZN4Aska15ParticleEmitterINS_11FeatureListINS_16ParticleFeatures5SpeedENS1_INS2_6MotionENS1_INS2_14ColorAnimationENS1_INS2_7TextureENS1_INS2_9LifeLimitENS_6StNULLEEEEEEEEEEEE11EmitTextureEPNS_15ParticleElementISD_EE9StBooleanILb1EE+0x0	0x23cd568	0	0	static constexpr EmitCallees kEmit{0x23c75d8, 0, 0x23c88c8, 0x23c8bb8, 0, 0x23c935c, 0x23c9208, 0};
port/src/native/particles/particles_rd_emit.cpp	302	0x23c935c	fn	0	_ZN4Aska14ParticleObjectINS_11FeatureListINS_16ParticleFeatures5SpeedENS1_INS2_6MotionENS1_INS2_14ColorAnimationENS1_INS2_7TextureENS1_INS2_9LifeLimitENS_6StNULLEEEEEEEEEEENS_18DefaultFunctorListEE18SetupParticleTailsEiPKNS_6VectorE+0x0	0x23cdd0c	0	0	static constexpr EmitCallees kEmit{0x23c75d8, 0, 0x23c88c8, 0x23c8bb8, 0, 0x23c935c, 0x23c9208, 0};
port/src/native/particles/particles_rd_emit.cpp	302	0x23c9208	fn	0	_ZN4Aska14ParticleObjectINS_11FeatureListINS_16ParticleFeatures5SpeedENS1_INS2_6MotionENS1_INS2_14ColorAnimationENS1_INS2_7TextureENS1_INS2_9LifeLimitENS_6StNULLEEEEEEEEEEENS_18DefaultFunctorListEE18SetupParticleTailsEiPKNS_6VectorE9StBooleanILb0EE+0x0	0x23cdbb8	0	0	static constexpr EmitCallees kEmit{0x23c75d8, 0, 0x23c88c8, 0x23c8bb8, 0, 0x23c935c, 0x23c9208, 0};
port/src/native/particles/particles_rd_emit.cpp	303	0x23c98e8	fn	0	_ZN4Aska15ParticleEmitterINS_11FeatureListINS_16ParticleFeatures5SpeedENS1_INS2_6MotionENS1_INS2_14ColorAnimationENS1_INS2_7TextureENS1_INS2_9LifeLimitENS_6StNULLEEEEEEEEEEEE23EmitterAffectToParticleEPNS_6VectorEPNS_16IParticleEmitter13MatrixContextEf+0x0	0x23ce298	0	0	static constexpr SimCallees kSim{0x23c98e8, 0x23c551c, 0x23c9aec};
port/src/native/particles/particles_rd_emit.cpp	303	0x23c551c	fn	0	_ZN4Aska15ParticleEmitterINS_11FeatureListINS_16ParticleFeatures5SpeedENS1_INS2_6MotionENS1_INS2_14ColorAnimationENS1_INS2_7TextureENS1_INS2_9LifeLimitENS_6StNULLEEEEEEEEEEEE4EmitEiPNS_16IParticleEmitter11EmitContextEPKNSF_13MatrixContextE+0x0	0x23c9ecc	0	0	static constexpr SimCallees kSim{0x23c98e8, 0x23c551c, 0x23c9aec};
port/src/native/particles/particles_rd_emit.cpp	303	0x23c9aec	fn	0	_ZN4Aska24ParticleRenderableObjectINS_11FeatureListINS_16ParticleFeatures5SpeedENS1_INS2_6MotionENS1_INS2_14ColorAnimationENS1_INS2_7TextureENS1_INS2_9LifeLimitENS_6StNULLEEEEEEEEEEEE15RenderProcedureEfPNS_16IParticleEmitter13MatrixContextEb+0x0	0x23ce49c	0	0	static constexpr SimCallees kSim{0x23c98e8, 0x23c551c, 0x23c9aec};
port/src/native/particles/particles_rd_emit.cpp	310	0x24b7aec	fn	0	_ZN4Aska15ParticleEmitterINS_11FeatureListINS_16ParticleFeatures5SpeedENS1_INS2_6MotionENS1_INS2_8RotationENS1_INS2_7TextureENS1_INS2_14ColorAnimationENS1_INS2_9LifeLimitENS1_INS2_4LineENS_6StNULLEEEEEEEEEEEEEEEE10EmitMotionEPNS_15ParticleElementISH_EEPKNS_16IParticleEmitter11EmitContextEPSN_9StBooleanILb1EE+0x0	0x24b849c	0	0	static constexpr EmitCallees kEmit{0x24b7aec, 0x24b8de8, 0x24b95c4, 0x24b98b4, 0x24ba0e8, 0, 0, 0x24b9f04};
port/src/native/particles/particles_rd_emit.cpp	310	0x24b8de8	fn	0	_ZN4Aska15ParticleEmitterINS_11FeatureListINS_16ParticleFeatures5SpeedENS1_INS2_6MotionENS1_INS2_8RotationENS1_INS2_7TextureENS1_INS2_14ColorAnimationENS1_INS2_9LifeLimitENS1_INS2_4LineENS_6StNULLEEEEEEEEEEEEEEEE12EmitRotationEPNS_15ParticleElementISH_EEPKNS_16IParticleEmitter11EmitContextEPSN_9StBooleanILb1EE+0x0	0x24b9798	0	0	static constexpr EmitCallees kEmit{0x24b7aec, 0x24b8de8, 0x24b95c4, 0x24b98b4, 0x24ba0e8, 0, 0, 0x24b9f04};
port/src/native/particles/particles_rd_emit.cpp	310	0x24b95c4	fn	0	_ZN4Aska15ParticleEmitterINS_11FeatureListINS_16ParticleFeatures5SpeedENS1_INS2_6MotionENS1_INS2_8RotationENS1_INS2_7TextureENS1_INS2_14ColorAnimationENS1_INS2_9LifeLimitENS1_INS2_4LineENS_6StNULLEEEEEEEEEEEEEEEE18EmitColorAnimationEPNS_15ParticleElementISH_EEPKNS_6VectorE9StBooleanILb1EE+0x0	0x24b9f74	0	0	static constexpr EmitCallees kEmit{0x24b7aec, 0x24b8de8, 0x24b95c4, 0x24b98b4, 0x24ba0e8, 0, 0, 0x24b9f04};
port/src/native/particles/particles_rd_emit.cpp	310	0x24b98b4	fn	0	_ZN4Aska15ParticleEmitterINS_11FeatureListINS_16ParticleFeatures5SpeedENS1_INS2_6MotionENS1_INS2_8RotationENS1_INS2_7TextureENS1_INS2_14ColorAnimationENS1_INS2_9LifeLimitENS1_INS2_4LineENS_6StNULLEEEEEEEEEEEEEEEE11EmitTextureEPNS_15ParticleElementISH_EE9StBooleanILb1EE+0x0	0x24ba264	0	0	static constexpr EmitCallees kEmit{0x24b7aec, 0x24b8de8, 0x24b95c4, 0x24b98b4, 0x24ba0e8, 0, 0, 0x24b9f04};
port/src/native/particles/particles_rd_emit.cpp	310	0x24ba0e8	fn	0	_ZN4Aska14ParticleObjectINS_11FeatureListINS_16ParticleFeatures5SpeedENS1_INS2_6MotionENS1_INS2_8RotationENS1_INS2_7TextureENS1_INS2_14ColorAnimationENS1_INS2_9LifeLimitENS1_INS2_4LineENS_6StNULLEEEEEEEEEEEEEEENS_18DefaultFunctorListEE8PostEmitEiPKNS_6VectorESM_+0x0	0x24baa98	0	0	static constexpr EmitCallees kEmit{0x24b7aec, 0x24b8de8, 0x24b95c4, 0x24b98b4, 0x24ba0e8, 0, 0, 0x24b9f04};
port/src/native/particles/particles_rd_emit.cpp	310	0x24b9f04	fn	0	_ZN4Aska15ParticleEmitterINS_11FeatureListINS_16ParticleFeatures5SpeedENS1_INS2_6MotionENS1_INS2_8RotationENS1_INS2_7TextureENS1_INS2_14ColorAnimationENS1_INS2_9LifeLimitENS1_INS2_4LineENS_6StNULLEEEEEEEEEEEEEEEE26LineSpeedAffectionRotationEPNS_15ParticleElementISH_EEPKNS_16IParticleEmitter11EmitContextEPNS_6VectorE9StBooleanILb1EE+0x0	0x24ba8b4	0	0	static constexpr EmitCallees kEmit{0x24b7aec, 0x24b8de8, 0x24b95c4, 0x24b98b4, 0x24ba0e8, 0, 0, 0x24b9f04};
port/src/native/particles/particles_rd_emit.cpp	311	0x24bab64	fn	0	_ZN4Aska15ParticleEmitterINS_11FeatureListINS_16ParticleFeatures5SpeedENS1_INS2_6MotionENS1_INS2_8RotationENS1_INS2_7TextureENS1_INS2_14ColorAnimationENS1_INS2_9LifeLimitENS1_INS2_4LineENS_6StNULLEEEEEEEEEEEEEEEE23EmitterAffectToParticleEPNS_6VectorEPNS_16IParticleEmitter13MatrixContextEf+0x0	0x24bb514	0	0	static constexpr SimCallees kSim{0x24bab64, 0x24b5bd4, 0x24bad68};
port/src/native/particles/particles_rd_emit.cpp	311	0x24b5bd4	fn	0	_ZN4Aska15ParticleEmitterINS_11FeatureListINS_16ParticleFeatures5SpeedENS1_INS2_6MotionENS1_INS2_8RotationENS1_INS2_7TextureENS1_INS2_14ColorAnimationENS1_INS2_9LifeLimitENS1_INS2_4LineENS_6StNULLEEEEEEEEEEEEEEEE4EmitEiPNS_16IParticleEmitter11EmitContextEPKNSJ_13MatrixContextE+0x0	0x24b5584	0	0	static constexpr SimCallees kSim{0x24bab64, 0x24b5bd4, 0x24bad68};
port/src/native/particles/particles_rd_emit.cpp	311	0x24bad68	fn	0	_ZN4Aska24ParticleRenderableObjectINS_11FeatureListINS_16ParticleFeatures5SpeedENS1_INS2_6MotionENS1_INS2_8RotationENS1_INS2_7TextureENS1_INS2_14ColorAnimationENS1_INS2_9LifeLimitENS1_INS2_4LineENS_6StNULLEEEEEEEEEEEEEEEE15RenderProcedureEfPNS_16IParticleEmitter13MatrixContextEb+0x0	0x24bb718	0	0	static constexpr SimCallees kSim{0x24bab64, 0x24b5bd4, 0x24bad68};
port/src/native/particles/particles_rd_emit.cpp	318	0x24c0ba4	fn	0	_ZN4Aska15ParticleEmitterINS_11FeatureListINS_16ParticleFeatures5SpeedENS1_INS2_6MotionENS1_INS2_8RotationENS1_INS2_7TextureENS1_INS2_14ColorAnimationENS1_INS2_9LifeLimitENS_6StNULLEEEEEEEEEEEEEE10EmitMotionEPNS_15ParticleElementISF_EEPKNS_16IParticleEmitter11EmitContextEPSL_9StBooleanILb1EE+0x0	0x24c1554	0	0	static constexpr EmitCallees kEmit{0x24c0ba4, 0x24c1ea0, 0x24c267c, 0x24c296c, 0, 0x24c3568, 0x24c31a0, 0x24c2fbc};
port/src/native/particles/particles_rd_emit.cpp	318	0x24c1ea0	fn	0	_ZN4Aska15ParticleEmitterINS_11FeatureListINS_16ParticleFeatures5SpeedENS1_INS2_6MotionENS1_INS2_8RotationENS1_INS2_7TextureENS1_INS2_14ColorAnimationENS1_INS2_9LifeLimitENS_6StNULLEEEEEEEEEEEEEE12EmitRotationEPNS_15ParticleElementISF_EEPKNS_16IParticleEmitter11EmitContextEPSL_9StBooleanILb1EE+0x0	0x24c2850	0	0	static constexpr EmitCallees kEmit{0x24c0ba4, 0x24c1ea0, 0x24c267c, 0x24c296c, 0, 0x24c3568, 0x24c31a0, 0x24c2fbc};
port/src/native/particles/particles_rd_emit.cpp	318	0x24c267c	fn	0	_ZN4Aska15ParticleEmitterINS_11FeatureListINS_16ParticleFeatures5SpeedENS1_INS2_6MotionENS1_INS2_8RotationENS1_INS2_7TextureENS1_INS2_14ColorAnimationENS1_INS2_9LifeLimitENS_6StNULLEEEEEEEEEEEEEE18EmitColorAnimationEPNS_15ParticleElementISF_EEPKNS_6VectorE9StBooleanILb1EE+0x0	0x24c302c	0	0	static constexpr EmitCallees kEmit{0x24c0ba4, 0x24c1ea0, 0x24c267c, 0x24c296c, 0, 0x24c3568, 0x24c31a0, 0x24c2fbc};
port/src/native/particles/particles_rd_emit.cpp	318	0x24c296c	fn	0	_ZN4Aska15ParticleEmitterINS_11FeatureListINS_16ParticleFeatures5SpeedENS1_INS2_6MotionENS1_INS2_8RotationENS1_INS2_7TextureENS1_INS2_14ColorAnimationENS1_INS2_9LifeLimitENS_6StNULLEEEEEEEEEEEEEE11EmitTextureEPNS_15ParticleElementISF_EE9StBooleanILb1EE+0x0	0x24c331c	0	0	static constexpr EmitCallees kEmit{0x24c0ba4, 0x24c1ea0, 0x24c267c, 0x24c296c, 0, 0x24c3568, 0x24c31a0, 0x24c2fbc};
port/src/native/particles/particles_rd_emit.cpp	318	0x24c3568	fn	0	_ZN4Aska14ParticleObjectINS_11FeatureListINS_16ParticleFeatures5SpeedENS1_INS2_6MotionENS1_INS2_8RotationENS1_INS2_7TextureENS1_INS2_14ColorAnimationENS1_INS2_9LifeLimitENS_6StNULLEEEEEEEEEEEEENS_18DefaultFunctorListEE18SetupParticleTailsEiPKNS_6VectorE+0x0	0x24c3f18	0	0	static constexpr EmitCallees kEmit{0x24c0ba4, 0x24c1ea0, 0x24c267c, 0x24c296c, 0, 0x24c3568, 0x24c31a0, 0x24c2fbc};
port/src/native/particles/particles_rd_emit.cpp	318	0x24c31a0	fn	0	_ZN4Aska14ParticleObjectINS_11FeatureListINS_16ParticleFeatures5SpeedENS1_INS2_6MotionENS1_INS2_8RotationENS1_INS2_7TextureENS1_INS2_14ColorAnimationENS1_INS2_9LifeLimitENS_6StNULLEEEEEEEEEEEEENS_18DefaultFunctorListEE18SetupParticleTailsEiPKNS_6VectorE9StBooleanILb1EE+0x0	0x24c3b50	0	0	static constexpr EmitCallees kEmit{0x24c0ba4, 0x24c1ea0, 0x24c267c, 0x24c296c, 0, 0x24c3568, 0x24c31a0, 0x24c2fbc};
port/src/native/particles/particles_rd_emit.cpp	318	0x24c2fbc	fn	0	_ZN4Aska15ParticleEmitterINS_11FeatureListINS_16ParticleFeatures5SpeedENS1_INS2_6MotionENS1_INS2_8RotationENS1_INS2_7TextureENS1_INS2_14ColorAnimationENS1_INS2_9LifeLimitENS_6StNULLEEEEEEEEEEEEEE26LineSpeedAffectionRotationEPNS_15ParticleElementISF_EEPKNS_16IParticleEmitter11EmitContextEPNS_6VectorE9StBooleanILb1EE+0x0	0x24c396c	0	0	static constexpr EmitCallees kEmit{0x24c0ba4, 0x24c1ea0, 0x24c267c, 0x24c296c, 0, 0x24c3568, 0x24c31a0, 0x24c2fbc};
port/src/native/particles/particles_rd_emit.cpp	319	0x24c3af4	fn	0	_ZN4Aska15ParticleEmitterINS_11FeatureListINS_16ParticleFeatures5SpeedENS1_INS2_6MotionENS1_INS2_8RotationENS1_INS2_7TextureENS1_INS2_14ColorAnimationENS1_INS2_9LifeLimitENS_6StNULLEEEEEEEEEEEEEE23EmitterAffectToParticleEPNS_6VectorEPNS_16IParticleEmitter13MatrixContextEf+0x0	0x24c44a4	0	0	static constexpr SimCallees kSim{0x24c3af4, 0x24bea90, 0x24c3cf8};
port/src/native/particles/particles_rd_emit.cpp	319	0x24bea90	fn	0	_ZN4Aska15ParticleEmitterINS_11FeatureListINS_16ParticleFeatures5SpeedENS1_INS2_6MotionENS1_INS2_8RotationENS1_INS2_7TextureENS1_INS2_14ColorAnimationENS1_INS2_9LifeLimitENS_6StNULLEEEEEEEEEEEEEE4EmitEiPNS_16IParticleEmitter11EmitContextEPKNSH_13MatrixContextE+0x0	0x24bf440	0	0	static constexpr SimCallees kSim{0x24c3af4, 0x24bea90, 0x24c3cf8};
port/src/native/particles/particles_rd_emit.cpp	319	0x24c3cf8	fn	0	_ZN4Aska24ParticleRenderableObjectINS_11FeatureListINS_16ParticleFeatures5SpeedENS1_INS2_6MotionENS1_INS2_8RotationENS1_INS2_7TextureENS1_INS2_14ColorAnimationENS1_INS2_9LifeLimitENS_6StNULLEEEEEEEEEEEEEE15RenderProcedureEfPNS_16IParticleEmitter13MatrixContextEb+0x0	0x24c46a8	0	0	static constexpr SimCallees kSim{0x24c3af4, 0x24bea90, 0x24c3cf8};
port/src/native/particles/particles_rd_emit.cpp	867	0x2bbb840	got	0	GOT[_ZSt7nothrow]	0x2bb9a80	0	0	const u64 nothrow = ld<u64>(lib() + 0x2bbb840);
port/src/native/particles/particles_rd_emit_test.cpp	28	0x2cce9f0	near	0	_ZN4Aska26g_uiLowPrecisionRandomSeedE+0x8 (nearest symbol)	0x2ccc9f0 (nearest-symbol guess: check)	0	1	constexpr u64 kRandomState = 0x2cce9f0, kRandomStateBytes = 0xaa8, kLowSeed = 0x2cce9e8;
port/src/native/particles/particles_rd_emit_test.cpp	28	0x2cce9e8	obj	0	_ZN4Aska26g_uiLowPrecisionRandomSeedE+0x0	0x2ccc9e8	0	1	constexpr u64 kRandomState = 0x2cce9f0, kRandomStateBytes = 0xaa8, kLowSeed = 0x2cce9e8;
port/src/native/particles/particles_rd_emit_test.cpp	120	0x2382ddc	fn	0	_ZN4Aska15ParticleEmitterINS_11FeatureListINS_16ParticleFeatures5SpeedENS1_INS2_6MotionENS1_INS2_14ColorAnimationENS1_INS2_9LifeLimitENS1_INS2_4LineENS_6StNULLEEEEEEEEEEEE4EmitEiPNS_16IParticleEmitter11EmitContextEPKNSF_13MatrixContextE+0x0	0x238978c	0	1	{"MCL", 0x90, true, false, false, 0x2382ddc, 0x23866a8, 0x2384de4, 0, 0x23860d4, 0, 0, 0x2386518, 0x23863c4, 0, 0x2386a58, 0x2386c5c},
port/src/native/particles/particles_rd_emit_test.cpp	120	0x23866a8	fn	0	_ZN4Aska15ParticleEmitterINS_11FeatureListINS_16ParticleFeatures5SpeedENS1_INS2_6MotionENS1_INS2_14ColorAnimationENS1_INS2_9LifeLimitENS1_INS2_4LineENS_6StNULLEEEEEEEEEEEE8SimulateEf+0x0	0x238d058	0	1	{"MCL", 0x90, true, false, false, 0x2382ddc, 0x23866a8, 0x2384de4, 0, 0x23860d4, 0, 0, 0x2386518, 0x23863c4, 0, 0x2386a58, 0x2386c5c},
port/src/native/particles/particles_rd_emit_test.cpp	120	0x2384de4	fn	0	_ZN4Aska15ParticleEmitterINS_11FeatureListINS_16ParticleFeatures5SpeedENS1_INS2_6MotionENS1_INS2_14ColorAnimationENS1_INS2_9LifeLimitENS1_INS2_4LineENS_6StNULLEEEEEEEEEEEE10EmitMotionEPNS_15ParticleElementISD_EEPKNS_16IParticleEmitter11EmitContextEPSJ_9StBooleanILb1EE+0x0	0x238b794	0	1	{"MCL", 0x90, true, false, false, 0x2382ddc, 0x23866a8, 0x2384de4, 0, 0x23860d4, 0, 0, 0x2386518, 0x23863c4, 0, 0x2386a58, 0x2386c5c},
port/src/native/particles/particles_rd_emit_test.cpp	120	0x23860d4	fn	0	_ZN4Aska15ParticleEmitterINS_11FeatureListINS_16ParticleFeatures5SpeedENS1_INS2_6MotionENS1_INS2_14ColorAnimationENS1_INS2_9LifeLimitENS1_INS2_4LineENS_6StNULLEEEEEEEEEEEE18EmitColorAnimationEPNS_15ParticleElementISD_EEPKNS_6VectorE9StBooleanILb1EE+0x0	0x238ca84	0	1	{"MCL", 0x90, true, false, false, 0x2382ddc, 0x23866a8, 0x2384de4, 0, 0x23860d4, 0, 0, 0x2386518, 0x23863c4, 0, 0x2386a58, 0x2386c5c},
port/src/native/particles/particles_rd_emit_test.cpp	120	0x2386518	fn	0	_ZN4Aska14ParticleObjectINS_11FeatureListINS_16ParticleFeatures5SpeedENS1_INS2_6MotionENS1_INS2_14ColorAnimationENS1_INS2_9LifeLimitENS1_INS2_4LineENS_6StNULLEEEEEEEEEEENS_18DefaultFunctorListEE18SetupParticleTailsEiPKNS_6VectorE+0x0	0x238cec8	0	1	{"MCL", 0x90, true, false, false, 0x2382ddc, 0x23866a8, 0x2384de4, 0, 0x23860d4, 0, 0, 0x2386518, 0x23863c4, 0, 0x2386a58, 0x2386c5c},
port/src/native/particles/particles_rd_emit_test.cpp	120	0x23863c4	fn	0	_ZN4Aska14ParticleObjectINS_11FeatureListINS_16ParticleFeatures5SpeedENS1_INS2_6MotionENS1_INS2_14ColorAnimationENS1_INS2_9LifeLimitENS1_INS2_4LineENS_6StNULLEEEEEEEEEEENS_18DefaultFunctorListEE18SetupParticleTailsEiPKNS_6VectorE9StBooleanILb0EE+0x0	0x238cd74	0	1	{"MCL", 0x90, true, false, false, 0x2382ddc, 0x23866a8, 0x2384de4, 0, 0x23860d4, 0, 0, 0x2386518, 0x23863c4, 0, 0x2386a58, 0x2386c5c},
port/src/native/particles/particles_rd_emit_test.cpp	120	0x2386a58	fn	0	_ZN4Aska15ParticleEmitterINS_11FeatureListINS_16ParticleFeatures5SpeedENS1_INS2_6MotionENS1_INS2_14ColorAnimationENS1_INS2_9LifeLimitENS1_INS2_4LineENS_6StNULLEEEEEEEEEEEE23EmitterAffectToParticleEPNS_6VectorEPNS_16IParticleEmitter13MatrixContextEf+0x0	0x238d408	0	1	{"MCL", 0x90, true, false, false, 0x2382ddc, 0x23866a8, 0x2384de4, 0, 0x23860d4, 0, 0, 0x2386518, 0x23863c4, 0, 0x2386a58, 0x2386c5c},
port/src/native/particles/particles_rd_emit_test.cpp	120	0x2386c5c	fn	0	_ZN4Aska24ParticleRenderableObjectINS_11FeatureListINS_16ParticleFeatures5SpeedENS1_INS2_6MotionENS1_INS2_14ColorAnimationENS1_INS2_9LifeLimitENS1_INS2_4LineENS_6StNULLEEEEEEEEEEEE15RenderProcedureEfPNS_16IParticleEmitter13MatrixContextEb+0x0	0x238d60c	0	1	{"MCL", 0x90, true, false, false, 0x2382ddc, 0x23866a8, 0x2384de4, 0, 0x23860d4, 0, 0, 0x2386518, 0x23863c4, 0, 0x2386a58, 0x2386c5c},
port/src/native/particles/particles_rd_emit_test.cpp	121	0x23bd260	fn	0	_ZN4Aska15ParticleEmitterINS_11FeatureListINS_16ParticleFeatures5SpeedENS1_INS2_6MotionENS1_INS2_14ColorAnimationENS1_INS2_7TextureENS1_INS2_9LifeLimitENS1_INS2_4LineENS_6StNULLEEEEEEEEEEEEEE4EmitEiPNS_16IParticleEmitter11EmitContextEPKNSH_13MatrixContextE+0x0	0x23c1c10	0	1	{"MCTL", 0xd0, true, false, true, 0x23bd260, 0x23c1168, 0x23bf12c, 0, 0x23c041c, 0x23c070c, 0x23c0d5c, 0, 0, 0, 0x23c1564, 0x23c1768},
port/src/native/particles/particles_rd_emit_test.cpp	121	0x23c1168	fn	0	_ZN4Aska15ParticleEmitterINS_11FeatureListINS_16ParticleFeatures5SpeedENS1_INS2_6MotionENS1_INS2_14ColorAnimationENS1_INS2_7TextureENS1_INS2_9LifeLimitENS1_INS2_4LineENS_6StNULLEEEEEEEEEEEEEE8SimulateEf+0x0	0x23c5b18	0	1	{"MCTL", 0xd0, true, false, true, 0x23bd260, 0x23c1168, 0x23bf12c, 0, 0x23c041c, 0x23c070c, 0x23c0d5c, 0, 0, 0, 0x23c1564, 0x23c1768},
port/src/native/particles/particles_rd_emit_test.cpp	121	0x23bf12c	fn	0	_ZN4Aska15ParticleEmitterINS_11FeatureListINS_16ParticleFeatures5SpeedENS1_INS2_6MotionENS1_INS2_14ColorAnimationENS1_INS2_7TextureENS1_INS2_9LifeLimitENS1_INS2_4LineENS_6StNULLEEEEEEEEEEEEEE10EmitMotionEPNS_15ParticleElementISF_EEPKNS_16IParticleEmitter11EmitContextEPSL_9StBooleanILb1EE+0x0	0x23c3adc	0	1	{"MCTL", 0xd0, true, false, true, 0x23bd260, 0x23c1168, 0x23bf12c, 0, 0x23c041c, 0x23c070c, 0x23c0d5c, 0, 0, 0, 0x23c1564, 0x23c1768},
port/src/native/particles/particles_rd_emit_test.cpp	121	0x23c041c	fn	0	_ZN4Aska15ParticleEmitterINS_11FeatureListINS_16ParticleFeatures5SpeedENS1_INS2_6MotionENS1_INS2_14ColorAnimationENS1_INS2_7TextureENS1_INS2_9LifeLimitENS1_INS2_4LineENS_6StNULLEEEEEEEEEEEEEE18EmitColorAnimationEPNS_15ParticleElementISF_EEPKNS_6VectorE9StBooleanILb1EE+0x0	0x23c4dcc	0	1	{"MCTL", 0xd0, true, false, true, 0x23bd260, 0x23c1168, 0x23bf12c, 0, 0x23c041c, 0x23c070c, 0x23c0d5c, 0, 0, 0, 0x23c1564, 0x23c1768},
port/src/native/particles/particles_rd_emit_test.cpp	121	0x23c070c	fn	0	_ZN4Aska15ParticleEmitterINS_11FeatureListINS_16ParticleFeatures5SpeedENS1_INS2_6MotionENS1_INS2_14ColorAnimationENS1_INS2_7TextureENS1_INS2_9LifeLimitENS1_INS2_4LineENS_6StNULLEEEEEEEEEEEEEE11EmitTextureEPNS_15ParticleElementISF_EE9StBooleanILb1EE+0x0	0x23c50bc	0	1	{"MCTL", 0xd0, true, false, true, 0x23bd260, 0x23c1168, 0x23bf12c, 0, 0x23c041c, 0x23c070c, 0x23c0d5c, 0, 0, 0, 0x23c1564, 0x23c1768},
port/src/native/particles/particles_rd_emit_test.cpp	121	0x23c0d5c	fn	0	_ZN4Aska14ParticleObjectINS_11FeatureListINS_16ParticleFeatures5SpeedENS1_INS2_6MotionENS1_INS2_14ColorAnimationENS1_INS2_7TextureENS1_INS2_9LifeLimitENS1_INS2_4LineENS_6StNULLEEEEEEEEEEEEENS_18DefaultFunctorListEE8PostEmitEiPKNS_6VectorESK_+0x0	0x23c570c	0	1	{"MCTL", 0xd0, true, false, true, 0x23bd260, 0x23c1168, 0x23bf12c, 0, 0x23c041c, 0x23c070c, 0x23c0d5c, 0, 0, 0, 0x23c1564, 0x23c1768},
port/src/native/particles/particles_rd_emit_test.cpp	121	0x23c1564	fn	0	_ZN4Aska15ParticleEmitterINS_11FeatureListINS_16ParticleFeatures5SpeedENS1_INS2_6MotionENS1_INS2_14ColorAnimationENS1_INS2_7TextureENS1_INS2_9LifeLimitENS1_INS2_4LineENS_6StNULLEEEEEEEEEEEEEE23EmitterAffectToParticleEPNS_6VectorEPNS_16IParticleEmitter13MatrixContextEf+0x0	0x23c5f14	0	1	{"MCTL", 0xd0, true, false, true, 0x23bd260, 0x23c1168, 0x23bf12c, 0, 0x23c041c, 0x23c070c, 0x23c0d5c, 0, 0, 0, 0x23c1564, 0x23c1768},
port/src/native/particles/particles_rd_emit_test.cpp	121	0x23c1768	fn	0	_ZN4Aska24ParticleRenderableObjectINS_11FeatureListINS_16ParticleFeatures5SpeedENS1_INS2_6MotionENS1_INS2_14ColorAnimationENS1_INS2_7TextureENS1_INS2_9LifeLimitENS1_INS2_4LineENS_6StNULLEEEEEEEEEEEEEE15RenderProcedureEfPNS_16IParticleEmitter13MatrixContextEb+0x0	0x23c6118	0	1	{"MCTL", 0xd0, true, false, true, 0x23bd260, 0x23c1168, 0x23bf12c, 0, 0x23c041c, 0x23c070c, 0x23c0d5c, 0, 0, 0, 0x23c1564, 0x23c1768},
port/src/native/particles/particles_rd_emit_test.cpp	122	0x23c551c	fn	0	_ZN4Aska15ParticleEmitterINS_11FeatureListINS_16ParticleFeatures5SpeedENS1_INS2_6MotionENS1_INS2_14ColorAnimationENS1_INS2_7TextureENS1_INS2_9LifeLimitENS_6StNULLEEEEEEEEEEEE4EmitEiPNS_16IParticleEmitter11EmitContextEPKNSF_13MatrixContextE+0x0	0x23c9ecc	0	1	{"MCT", 0xd0, false, false, true, 0x23c551c, 0x23c94ec, 0x23c75d8, 0, 0x23c88c8, 0x23c8bb8, 0, 0x23c935c, 0x23c9208, 0, 0x23c98e8, 0x23c9aec},
port/src/native/particles/particles_rd_emit_test.cpp	122	0x23c94ec	fn	0	_ZN4Aska15ParticleEmitterINS_11FeatureListINS_16ParticleFeatures5SpeedENS1_INS2_6MotionENS1_INS2_14ColorAnimationENS1_INS2_7TextureENS1_INS2_9LifeLimitENS_6StNULLEEEEEEEEEEEE8SimulateEf+0x0	0x23cde9c	0	1	{"MCT", 0xd0, false, false, true, 0x23c551c, 0x23c94ec, 0x23c75d8, 0, 0x23c88c8, 0x23c8bb8, 0, 0x23c935c, 0x23c9208, 0, 0x23c98e8, 0x23c9aec},
port/src/native/particles/particles_rd_emit_test.cpp	122	0x23c75d8	fn	0	_ZN4Aska15ParticleEmitterINS_11FeatureListINS_16ParticleFeatures5SpeedENS1_INS2_6MotionENS1_INS2_14ColorAnimationENS1_INS2_7TextureENS1_INS2_9LifeLimitENS_6StNULLEEEEEEEEEEEE10EmitMotionEPNS_15ParticleElementISD_EEPKNS_16IParticleEmitter11EmitContextEPSJ_9StBooleanILb1EE+0x0	0x23cbf88	0	1	{"MCT", 0xd0, false, false, true, 0x23c551c, 0x23c94ec, 0x23c75d8, 0, 0x23c88c8, 0x23c8bb8, 0, 0x23c935c, 0x23c9208, 0, 0x23c98e8, 0x23c9aec},
port/src/native/particles/particles_rd_emit_test.cpp	122	0x23c88c8	fn	0	_ZN4Aska15ParticleEmitterINS_11FeatureListINS_16ParticleFeatures5SpeedENS1_INS2_6MotionENS1_INS2_14ColorAnimationENS1_INS2_7TextureENS1_INS2_9LifeLimitENS_6StNULLEEEEEEEEEEEE18EmitColorAnimationEPNS_15ParticleElementISD_EEPKNS_6VectorE9StBooleanILb1EE+0x0	0x23cd278	0	1	{"MCT", 0xd0, false, false, true, 0x23c551c, 0x23c94ec, 0x23c75d8, 0, 0x23c88c8, 0x23c8bb8, 0, 0x23c935c, 0x23c9208, 0, 0x23c98e8, 0x23c9aec},
port/src/native/particles/particles_rd_emit_test.cpp	122	0x23c8bb8	fn	0	_ZN4Aska15ParticleEmitterINS_11FeatureListINS_16ParticleFeatures5SpeedENS1_INS2_6MotionENS1_INS2_14ColorAnimationENS1_INS2_7TextureENS1_INS2_9LifeLimitENS_6StNULLEEEEEEEEEEEE11EmitTextureEPNS_15ParticleElementISD_EE9StBooleanILb1EE+0x0	0x23cd568	0	1	{"MCT", 0xd0, false, false, true, 0x23c551c, 0x23c94ec, 0x23c75d8, 0, 0x23c88c8, 0x23c8bb8, 0, 0x23c935c, 0x23c9208, 0, 0x23c98e8, 0x23c9aec},
port/src/native/particles/particles_rd_emit_test.cpp	122	0x23c935c	fn	0	_ZN4Aska14ParticleObjectINS_11FeatureListINS_16ParticleFeatures5SpeedENS1_INS2_6MotionENS1_INS2_14ColorAnimationENS1_INS2_7TextureENS1_INS2_9LifeLimitENS_6StNULLEEEEEEEEEEENS_18DefaultFunctorListEE18SetupParticleTailsEiPKNS_6VectorE+0x0	0x23cdd0c	0	1	{"MCT", 0xd0, false, false, true, 0x23c551c, 0x23c94ec, 0x23c75d8, 0, 0x23c88c8, 0x23c8bb8, 0, 0x23c935c, 0x23c9208, 0, 0x23c98e8, 0x23c9aec},
port/src/native/particles/particles_rd_emit_test.cpp	122	0x23c9208	fn	0	_ZN4Aska14ParticleObjectINS_11FeatureListINS_16ParticleFeatures5SpeedENS1_INS2_6MotionENS1_INS2_14ColorAnimationENS1_INS2_7TextureENS1_INS2_9LifeLimitENS_6StNULLEEEEEEEEEEENS_18DefaultFunctorListEE18SetupParticleTailsEiPKNS_6VectorE9StBooleanILb0EE+0x0	0x23cdbb8	0	1	{"MCT", 0xd0, false, false, true, 0x23c551c, 0x23c94ec, 0x23c75d8, 0, 0x23c88c8, 0x23c8bb8, 0, 0x23c935c, 0x23c9208, 0, 0x23c98e8, 0x23c9aec},
port/src/native/particles/particles_rd_emit_test.cpp	122	0x23c98e8	fn	0	_ZN4Aska15ParticleEmitterINS_11FeatureListINS_16ParticleFeatures5SpeedENS1_INS2_6MotionENS1_INS2_14ColorAnimationENS1_INS2_7TextureENS1_INS2_9LifeLimitENS_6StNULLEEEEEEEEEEEE23EmitterAffectToParticleEPNS_6VectorEPNS_16IParticleEmitter13MatrixContextEf+0x0	0x23ce298	0	1	{"MCT", 0xd0, false, false, true, 0x23c551c, 0x23c94ec, 0x23c75d8, 0, 0x23c88c8, 0x23c8bb8, 0, 0x23c935c, 0x23c9208, 0, 0x23c98e8, 0x23c9aec},
port/src/native/particles/particles_rd_emit_test.cpp	122	0x23c9aec	fn	0	_ZN4Aska24ParticleRenderableObjectINS_11FeatureListINS_16ParticleFeatures5SpeedENS1_INS2_6MotionENS1_INS2_14ColorAnimationENS1_INS2_7TextureENS1_INS2_9LifeLimitENS_6StNULLEEEEEEEEEEEE15RenderProcedureEfPNS_16IParticleEmitter13MatrixContextEb+0x0	0x23ce49c	0	1	{"MCT", 0xd0, false, false, true, 0x23c551c, 0x23c94ec, 0x23c75d8, 0, 0x23c88c8, 0x23c8bb8, 0, 0x23c935c, 0x23c9208, 0, 0x23c98e8, 0x23c9aec},
port/src/native/particles/particles_rd_emit_test.cpp	123	0x24b5bd4	fn	0	_ZN4Aska15ParticleEmitterINS_11FeatureListINS_16ParticleFeatures5SpeedENS1_INS2_6MotionENS1_INS2_8RotationENS1_INS2_7TextureENS1_INS2_14ColorAnimationENS1_INS2_9LifeLimitENS1_INS2_4LineENS_6StNULLEEEEEEEEEEEEEEEE4EmitEiPNS_16IParticleEmitter11EmitContextEPKNSJ_13MatrixContextE+0x0	0x24b5584	0	1	{"MRTCL", 0x140, true, true, true, 0x24b5bd4, 0x24ba768, 0x24b7aec, 0x24b8de8, 0x24b95c4, 0x24b98b4, 0x24ba0e8, 0, 0, 0x24b9f04, 0x24bab64, 0x24bad68},
port/src/native/particles/particles_rd_emit_test.cpp	123	0x24ba768	fn	0	_ZN4Aska15ParticleEmitterINS_11FeatureListINS_16ParticleFeatures5SpeedENS1_INS2_6MotionENS1_INS2_8RotationENS1_INS2_7TextureENS1_INS2_14ColorAnimationENS1_INS2_9LifeLimitENS1_INS2_4LineENS_6StNULLEEEEEEEEEEEEEEEE8SimulateEf+0x0	0x24bb118	0	1	{"MRTCL", 0x140, true, true, true, 0x24b5bd4, 0x24ba768, 0x24b7aec, 0x24b8de8, 0x24b95c4, 0x24b98b4, 0x24ba0e8, 0, 0, 0x24b9f04, 0x24bab64, 0x24bad68},
port/src/native/particles/particles_rd_emit_test.cpp	123	0x24b7aec	fn	0	_ZN4Aska15ParticleEmitterINS_11FeatureListINS_16ParticleFeatures5SpeedENS1_INS2_6MotionENS1_INS2_8RotationENS1_INS2_7TextureENS1_INS2_14ColorAnimationENS1_INS2_9LifeLimitENS1_INS2_4LineENS_6StNULLEEEEEEEEEEEEEEEE10EmitMotionEPNS_15ParticleElementISH_EEPKNS_16IParticleEmitter11EmitContextEPSN_9StBooleanILb1EE+0x0	0x24b849c	0	1	{"MRTCL", 0x140, true, true, true, 0x24b5bd4, 0x24ba768, 0x24b7aec, 0x24b8de8, 0x24b95c4, 0x24b98b4, 0x24ba0e8, 0, 0, 0x24b9f04, 0x24bab64, 0x24bad68},
port/src/native/particles/particles_rd_emit_test.cpp	123	0x24b8de8	fn	0	_ZN4Aska15ParticleEmitterINS_11FeatureListINS_16ParticleFeatures5SpeedENS1_INS2_6MotionENS1_INS2_8RotationENS1_INS2_7TextureENS1_INS2_14ColorAnimationENS1_INS2_9LifeLimitENS1_INS2_4LineENS_6StNULLEEEEEEEEEEEEEEEE12EmitRotationEPNS_15ParticleElementISH_EEPKNS_16IParticleEmitter11EmitContextEPSN_9StBooleanILb1EE+0x0	0x24b9798	0	1	{"MRTCL", 0x140, true, true, true, 0x24b5bd4, 0x24ba768, 0x24b7aec, 0x24b8de8, 0x24b95c4, 0x24b98b4, 0x24ba0e8, 0, 0, 0x24b9f04, 0x24bab64, 0x24bad68},
port/src/native/particles/particles_rd_emit_test.cpp	123	0x24b95c4	fn	0	_ZN4Aska15ParticleEmitterINS_11FeatureListINS_16ParticleFeatures5SpeedENS1_INS2_6MotionENS1_INS2_8RotationENS1_INS2_7TextureENS1_INS2_14ColorAnimationENS1_INS2_9LifeLimitENS1_INS2_4LineENS_6StNULLEEEEEEEEEEEEEEEE18EmitColorAnimationEPNS_15ParticleElementISH_EEPKNS_6VectorE9StBooleanILb1EE+0x0	0x24b9f74	0	1	{"MRTCL", 0x140, true, true, true, 0x24b5bd4, 0x24ba768, 0x24b7aec, 0x24b8de8, 0x24b95c4, 0x24b98b4, 0x24ba0e8, 0, 0, 0x24b9f04, 0x24bab64, 0x24bad68},
port/src/native/particles/particles_rd_emit_test.cpp	123	0x24b98b4	fn	0	_ZN4Aska15ParticleEmitterINS_11FeatureListINS_16ParticleFeatures5SpeedENS1_INS2_6MotionENS1_INS2_8RotationENS1_INS2_7TextureENS1_INS2_14ColorAnimationENS1_INS2_9LifeLimitENS1_INS2_4LineENS_6StNULLEEEEEEEEEEEEEEEE11EmitTextureEPNS_15ParticleElementISH_EE9StBooleanILb1EE+0x0	0x24ba264	0	1	{"MRTCL", 0x140, true, true, true, 0x24b5bd4, 0x24ba768, 0x24b7aec, 0x24b8de8, 0x24b95c4, 0x24b98b4, 0x24ba0e8, 0, 0, 0x24b9f04, 0x24bab64, 0x24bad68},
port/src/native/particles/particles_rd_emit_test.cpp	123	0x24ba0e8	fn	0	_ZN4Aska14ParticleObjectINS_11FeatureListINS_16ParticleFeatures5SpeedENS1_INS2_6MotionENS1_INS2_8RotationENS1_INS2_7TextureENS1_INS2_14ColorAnimationENS1_INS2_9LifeLimitENS1_INS2_4LineENS_6StNULLEEEEEEEEEEEEEEENS_18DefaultFunctorListEE8PostEmitEiPKNS_6VectorESM_+0x0	0x24baa98	0	1	{"MRTCL", 0x140, true, true, true, 0x24b5bd4, 0x24ba768, 0x24b7aec, 0x24b8de8, 0x24b95c4, 0x24b98b4, 0x24ba0e8, 0, 0, 0x24b9f04, 0x24bab64, 0x24bad68},
port/src/native/particles/particles_rd_emit_test.cpp	123	0x24b9f04	fn	0	_ZN4Aska15ParticleEmitterINS_11FeatureListINS_16ParticleFeatures5SpeedENS1_INS2_6MotionENS1_INS2_8RotationENS1_INS2_7TextureENS1_INS2_14ColorAnimationENS1_INS2_9LifeLimitENS1_INS2_4LineENS_6StNULLEEEEEEEEEEEEEEEE26LineSpeedAffectionRotationEPNS_15ParticleElementISH_EEPKNS_16IParticleEmitter11EmitContextEPNS_6VectorE9StBooleanILb1EE+0x0	0x24ba8b4	0	1	{"MRTCL", 0x140, true, true, true, 0x24b5bd4, 0x24ba768, 0x24b7aec, 0x24b8de8, 0x24b95c4, 0x24b98b4, 0x24ba0e8, 0, 0, 0x24b9f04, 0x24bab64, 0x24bad68},
port/src/native/particles/particles_rd_emit_test.cpp	123	0x24bab64	fn	0	_ZN4Aska15ParticleEmitterINS_11FeatureListINS_16ParticleFeatures5SpeedENS1_INS2_6MotionENS1_INS2_8RotationENS1_INS2_7TextureENS1_INS2_14ColorAnimationENS1_INS2_9LifeLimitENS1_INS2_4LineENS_6StNULLEEEEEEEEEEEEEEEE23EmitterAffectToParticleEPNS_6VectorEPNS_16IParticleEmitter13MatrixContextEf+0x0	0x24bb514	0	1	{"MRTCL", 0x140, true, true, true, 0x24b5bd4, 0x24ba768, 0x24b7aec, 0x24b8de8, 0x24b95c4, 0x24b98b4, 0x24ba0e8, 0, 0, 0x24b9f04, 0x24bab64, 0x24bad68},
port/src/native/particles/particles_rd_emit_test.cpp	123	0x24bad68	fn	0	_ZN4Aska24ParticleRenderableObjectINS_11FeatureListINS_16ParticleFeatures5SpeedENS1_INS2_6MotionENS1_INS2_8RotationENS1_INS2_7TextureENS1_INS2_14ColorAnimationENS1_INS2_9LifeLimitENS1_INS2_4LineENS_6StNULLEEEEEEEEEEEEEEEE15RenderProcedureEfPNS_16IParticleEmitter13MatrixContextEb+0x0	0x24bb718	0	1	{"MRTCL", 0x140, true, true, true, 0x24b5bd4, 0x24ba768, 0x24b7aec, 0x24b8de8, 0x24b95c4, 0x24b98b4, 0x24ba0e8, 0, 0, 0x24b9f04, 0x24bab64, 0x24bad68},
port/src/native/particles/particles_rd_emit_test.cpp	124	0x24bea90	fn	0	_ZN4Aska15ParticleEmitterINS_11FeatureListINS_16ParticleFeatures5SpeedENS1_INS2_6MotionENS1_INS2_8RotationENS1_INS2_7TextureENS1_INS2_14ColorAnimationENS1_INS2_9LifeLimitENS_6StNULLEEEEEEEEEEEEEE4EmitEiPNS_16IParticleEmitter11EmitContextEPKNSH_13MatrixContextE+0x0	0x24bf440	0	1	{"MRTC", 0x140, false, true, true, 0x24bea90, 0x24c36f8, 0x24c0ba4, 0x24c1ea0, 0x24c267c, 0x24c296c, 0, 0x24c3568, 0x24c31a0, 0x24c2fbc, 0x24c3af4, 0x24c3cf8},
port/src/native/particles/particles_rd_emit_test.cpp	124	0x24c36f8	fn	0	_ZN4Aska15ParticleEmitterINS_11FeatureListINS_16ParticleFeatures5SpeedENS1_INS2_6MotionENS1_INS2_8RotationENS1_INS2_7TextureENS1_INS2_14ColorAnimationENS1_INS2_9LifeLimitENS_6StNULLEEEEEEEEEEEEEE8SimulateEf+0x0	0x24c40a8	0	1	{"MRTC", 0x140, false, true, true, 0x24bea90, 0x24c36f8, 0x24c0ba4, 0x24c1ea0, 0x24c267c, 0x24c296c, 0, 0x24c3568, 0x24c31a0, 0x24c2fbc, 0x24c3af4, 0x24c3cf8},
port/src/native/particles/particles_rd_emit_test.cpp	124	0x24c0ba4	fn	0	_ZN4Aska15ParticleEmitterINS_11FeatureListINS_16ParticleFeatures5SpeedENS1_INS2_6MotionENS1_INS2_8RotationENS1_INS2_7TextureENS1_INS2_14ColorAnimationENS1_INS2_9LifeLimitENS_6StNULLEEEEEEEEEEEEEE10EmitMotionEPNS_15ParticleElementISF_EEPKNS_16IParticleEmitter11EmitContextEPSL_9StBooleanILb1EE+0x0	0x24c1554	0	1	{"MRTC", 0x140, false, true, true, 0x24bea90, 0x24c36f8, 0x24c0ba4, 0x24c1ea0, 0x24c267c, 0x24c296c, 0, 0x24c3568, 0x24c31a0, 0x24c2fbc, 0x24c3af4, 0x24c3cf8},
port/src/native/particles/particles_rd_emit_test.cpp	124	0x24c1ea0	fn	0	_ZN4Aska15ParticleEmitterINS_11FeatureListINS_16ParticleFeatures5SpeedENS1_INS2_6MotionENS1_INS2_8RotationENS1_INS2_7TextureENS1_INS2_14ColorAnimationENS1_INS2_9LifeLimitENS_6StNULLEEEEEEEEEEEEEE12EmitRotationEPNS_15ParticleElementISF_EEPKNS_16IParticleEmitter11EmitContextEPSL_9StBooleanILb1EE+0x0	0x24c2850	0	1	{"MRTC", 0x140, false, true, true, 0x24bea90, 0x24c36f8, 0x24c0ba4, 0x24c1ea0, 0x24c267c, 0x24c296c, 0, 0x24c3568, 0x24c31a0, 0x24c2fbc, 0x24c3af4, 0x24c3cf8},
port/src/native/particles/particles_rd_emit_test.cpp	124	0x24c267c	fn	0	_ZN4Aska15ParticleEmitterINS_11FeatureListINS_16ParticleFeatures5SpeedENS1_INS2_6MotionENS1_INS2_8RotationENS1_INS2_7TextureENS1_INS2_14ColorAnimationENS1_INS2_9LifeLimitENS_6StNULLEEEEEEEEEEEEEE18EmitColorAnimationEPNS_15ParticleElementISF_EEPKNS_6VectorE9StBooleanILb1EE+0x0	0x24c302c	0	1	{"MRTC", 0x140, false, true, true, 0x24bea90, 0x24c36f8, 0x24c0ba4, 0x24c1ea0, 0x24c267c, 0x24c296c, 0, 0x24c3568, 0x24c31a0, 0x24c2fbc, 0x24c3af4, 0x24c3cf8},
port/src/native/particles/particles_rd_emit_test.cpp	124	0x24c296c	fn	0	_ZN4Aska15ParticleEmitterINS_11FeatureListINS_16ParticleFeatures5SpeedENS1_INS2_6MotionENS1_INS2_8RotationENS1_INS2_7TextureENS1_INS2_14ColorAnimationENS1_INS2_9LifeLimitENS_6StNULLEEEEEEEEEEEEEE11EmitTextureEPNS_15ParticleElementISF_EE9StBooleanILb1EE+0x0	0x24c331c	0	1	{"MRTC", 0x140, false, true, true, 0x24bea90, 0x24c36f8, 0x24c0ba4, 0x24c1ea0, 0x24c267c, 0x24c296c, 0, 0x24c3568, 0x24c31a0, 0x24c2fbc, 0x24c3af4, 0x24c3cf8},
port/src/native/particles/particles_rd_emit_test.cpp	124	0x24c3568	fn	0	_ZN4Aska14ParticleObjectINS_11FeatureListINS_16ParticleFeatures5SpeedENS1_INS2_6MotionENS1_INS2_8RotationENS1_INS2_7TextureENS1_INS2_14ColorAnimationENS1_INS2_9LifeLimitENS_6StNULLEEEEEEEEEEEEENS_18DefaultFunctorListEE18SetupParticleTailsEiPKNS_6VectorE+0x0	0x24c3f18	0	1	{"MRTC", 0x140, false, true, true, 0x24bea90, 0x24c36f8, 0x24c0ba4, 0x24c1ea0, 0x24c267c, 0x24c296c, 0, 0x24c3568, 0x24c31a0, 0x24c2fbc, 0x24c3af4, 0x24c3cf8},
port/src/native/particles/particles_rd_emit_test.cpp	124	0x24c31a0	fn	0	_ZN4Aska14ParticleObjectINS_11FeatureListINS_16ParticleFeatures5SpeedENS1_INS2_6MotionENS1_INS2_8RotationENS1_INS2_7TextureENS1_INS2_14ColorAnimationENS1_INS2_9LifeLimitENS_6StNULLEEEEEEEEEEEEENS_18DefaultFunctorListEE18SetupParticleTailsEiPKNS_6VectorE9StBooleanILb1EE+0x0	0x24c3b50	0	1	{"MRTC", 0x140, false, true, true, 0x24bea90, 0x24c36f8, 0x24c0ba4, 0x24c1ea0, 0x24c267c, 0x24c296c, 0, 0x24c3568, 0x24c31a0, 0x24c2fbc, 0x24c3af4, 0x24c3cf8},
port/src/native/particles/particles_rd_emit_test.cpp	124	0x24c2fbc	fn	0	_ZN4Aska15ParticleEmitterINS_11FeatureListINS_16ParticleFeatures5SpeedENS1_INS2_6MotionENS1_INS2_8RotationENS1_INS2_7TextureENS1_INS2_14ColorAnimationENS1_INS2_9LifeLimitENS_6StNULLEEEEEEEEEEEEEE26LineSpeedAffectionRotationEPNS_15ParticleElementISF_EEPKNS_16IParticleEmitter11EmitContextEPNS_6VectorE9StBooleanILb1EE+0x0	0x24c396c	0	1	{"MRTC", 0x140, false, true, true, 0x24bea90, 0x24c36f8, 0x24c0ba4, 0x24c1ea0, 0x24c267c, 0x24c296c, 0, 0x24c3568, 0x24c31a0, 0x24c2fbc, 0x24c3af4, 0x24c3cf8},
port/src/native/particles/particles_rd_emit_test.cpp	124	0x24c3af4	fn	0	_ZN4Aska15ParticleEmitterINS_11FeatureListINS_16ParticleFeatures5SpeedENS1_INS2_6MotionENS1_INS2_8RotationENS1_INS2_7TextureENS1_INS2_14ColorAnimationENS1_INS2_9LifeLimitENS_6StNULLEEEEEEEEEEEEEE23EmitterAffectToParticleEPNS_6VectorEPNS_16IParticleEmitter13MatrixContextEf+0x0	0x24c44a4	0	1	{"MRTC", 0x140, false, true, true, 0x24bea90, 0x24c36f8, 0x24c0ba4, 0x24c1ea0, 0x24c267c, 0x24c296c, 0, 0x24c3568, 0x24c31a0, 0x24c2fbc, 0x24c3af4, 0x24c3cf8},
port/src/native/particles/particles_rd_emit_test.cpp	124	0x24c3cf8	fn	0	_ZN4Aska24ParticleRenderableObjectINS_11FeatureListINS_16ParticleFeatures5SpeedENS1_INS2_6MotionENS1_INS2_8RotationENS1_INS2_7TextureENS1_INS2_14ColorAnimationENS1_INS2_9LifeLimitENS_6StNULLEEEEEEEEEEEEEE15RenderProcedureEfPNS_16IParticleEmitter13MatrixContextEb+0x0	0x24c46a8	0	1	{"MRTC", 0x140, false, true, true, 0x24bea90, 0x24c36f8, 0x24c0ba4, 0x24c1ea0, 0x24c267c, 0x24c296c, 0, 0x24c3568, 0x24c31a0, 0x24c2fbc, 0x24c3af4, 0x24c3cf8},
port/src/native/particles/particles_rd_emit_test.cpp	148	0x2143494	fn	0	_ZN4Aska20MeshGeneratorManager17FindMeshGeneratorEPKNS_9AofObjectE+0x0	0x214be44	0	1	native::stub_isolated_at(lib() + 0x2143494, "pe:find_mesh_generator", 2);
port/src/native/particles/particles_rd_emit_test.cpp	149	0x20c3a68	fn	0	_ZNK4Aska9AofObject27GetRandomVertexPosAndNormalEPNS_6VectorES2_+0x0	0x20cb418	0	1	native::stub_isolated_at(lib() + 0x20c3a68, "pe:random_vertex", 3);
port/src/native/particles/particles_rd_emit_test.cpp	150	0x20c3b30	fn	0	_ZNK4Aska9AofObject17GetVertexPositionEiPNS_6VectorE+0x0	0x20cb4e0	0	1	native::stub_isolated_at(lib() + 0x20c3b30, "pe:vertex_position", 3);
port/src/native/particles/particles_rd_emit_test.cpp	151	0x24b9f04	fn	0	_ZN4Aska15ParticleEmitterINS_11FeatureListINS_16ParticleFeatures5SpeedENS1_INS2_6MotionENS1_INS2_8RotationENS1_INS2_7TextureENS1_INS2_14ColorAnimationENS1_INS2_9LifeLimitENS1_INS2_4LineENS_6StNULLEEEEEEEEEEEEEEEE26LineSpeedAffectionRotationEPNS_15ParticleElementISH_EEPKNS_16IParticleEmitter11EmitContextEPNS_6VectorE9StBooleanILb1EE+0x0	0x24ba8b4	0	1	native::stub_isolated_at(lib() + 0x24b9f04, "pe:lsar_l", 4);
port/src/native/particles/particles_rd_emit_test.cpp	152	0x24c2fbc	fn	0	_ZN4Aska15ParticleEmitterINS_11FeatureListINS_16ParticleFeatures5SpeedENS1_INS2_6MotionENS1_INS2_8RotationENS1_INS2_7TextureENS1_INS2_14ColorAnimationENS1_INS2_9LifeLimitENS_6StNULLEEEEEEEEEEEEEE26LineSpeedAffectionRotationEPNS_15ParticleElementISF_EEPKNS_16IParticleEmitter11EmitContextEPNS_6VectorE9StBooleanILb1EE+0x0	0x24c396c	0	1	native::stub_isolated_at(lib() + 0x24c2fbc, "pe:lsar", 4);
port/src/native/particles/particles_rd_emit_test.cpp	153	0x24c31a0	fn	0	_ZN4Aska14ParticleObjectINS_11FeatureListINS_16ParticleFeatures5SpeedENS1_INS2_6MotionENS1_INS2_8RotationENS1_INS2_7TextureENS1_INS2_14ColorAnimationENS1_INS2_9LifeLimitENS_6StNULLEEEEEEEEEEEEENS_18DefaultFunctorListEE18SetupParticleTailsEiPKNS_6VectorE9StBooleanILb1EE+0x0	0x24c3b50	0	1	native::stub_isolated_at(lib() + 0x24c31a0, "pe:tails_true", 3);
port/src/native/particles/particles_rd_emit_test.cpp	154	0x218c480	fn	0	_ZN4Aska16IParticleEmitter16PerfCounterStartEv+0x0	0x2194e30	0	1	native::stub_isolated_at(lib() + 0x218c480, "pe:perf_start", 1);
port/src/native/particles/particles_rd_emit_test.cpp	155	0x218c484	fn	0	_ZN4Aska16IParticleEmitter14PerfCounterEndEv+0x0	0x2194e34	0	1	native::stub_isolated_at(lib() + 0x218c484, "pe:perf_end", 1);
port/src/native/particles/particles_rd_emit_test.cpp	156	0x218ce7c	fn	0	_ZN4Aska16IParticleEmitter17FillMatrixContextEPNS0_13MatrixContextE+0x0	0x219582c	0	1	native::stub_isolated_at(lib() + 0x218ce7c, "pe:fill_mctx", 2);
port/src/native/particles/particles_rd_emit_test.cpp	157	0x2198f90	fn	0	_ZN4Aska15IParticleObject12SetAnimationEi+0x0	0x21a1940	0	1	native::stub_isolated_at(lib() + 0x2198f90, "pe:set_animation", 2);
port/src/native/particles/particles_rd_emit_test.cpp	158	0x1f472f8	fn	0	_ZnwmRKSt9nothrow_t+0x0	0x1f4eca8	0	1	native::stub_isolated_at(lib() + 0x1f472f8, "pe:new_nothrow", 1);
port/src/native/particles/particles_rd_emit_test.cpp	159	0x1f7cbd0	fn	0	_ZN4Aska19FastCriticalSectionC1Ev+0x0	0x1f85580	0	1	native::stub_isolated_at(lib() + 0x1f7cbd0, "pe:fcs_ctor", 1);
port/src/native/particles/particles_rd_emit_test.cpp	160	0x23c1768	fn	0	_ZN4Aska24ParticleRenderableObjectINS_11FeatureListINS_16ParticleFeatures5SpeedENS1_INS2_6MotionENS1_INS2_14ColorAnimationENS1_INS2_7TextureENS1_INS2_9LifeLimitENS1_INS2_4LineENS_6StNULLEEEEEEEEEEEEEE15RenderProcedureEfPNS_16IParticleEmitter13MatrixContextEb+0x0	0x23c6118	0	1	native::stub_isolated_at(lib() + 0x23c1768, "pe:render_guest", 3);
port/src/native/particles/particles_rt.cpp	128	0x2cce9e8	obj	0	_ZN4Aska26g_uiLowPrecisionRandomSeedE+0x0	0x2ccc9e8	0	0	constexpr u64 kRandomState = 0x2cce9e8, kRandomStateBytes = 0xab0;
port/src/native/particles/particles_rt.cpp	130	0x1f52018	fn	0	_ZN4Aska6RandomEv+0x0	0x1f599c8	0	0	static u8* p = (u8*)(guest::sym("_ZN4Aska6RandomEv") - 0x1f52018 + kRandomState);
port/src/native/particles/particles_rt.cpp	130	_ZN4Aska6RandomEv-0x1f52018	symoff	0	_ZN4Aska6RandomEv	identical body: offset holds	0	0	static u8* p = (u8*)(guest::sym("_ZN4Aska6RandomEv") - 0x1f52018 + kRandomState);
port/src/native/particles/particles_test.cpp	467	0x2199de4	fn	0	_ZN4Aska15IParticleObject13TailProcedureEPKiiPNS_15ParticleContextE+0x0	0x21a2794	0	1	{0x2199de4, 0x219bae0, 0x23c2414, 0x23c2bc8, 0x23c3094, 0x219ba74, 0x23c3278, 0}},
port/src/native/particles/particles_test.cpp	467	0x219bae0	fn	0	_ZN4Aska15IParticleObject15ExtendProcedureEPNS_15ParticleContextEi+0x0	0x21a4490	0	1	{0x2199de4, 0x219bae0, 0x23c2414, 0x23c2bc8, 0x23c3094, 0x219ba74, 0x23c3278, 0}},
port/src/native/particles/particles_test.cpp	467	0x23c2414	fn	0	_ZN4Aska14ParticleObjectINS_11FeatureListINS_16ParticleFeatures5SpeedENS1_INS2_6MotionENS1_INS2_14ColorAnimationENS1_INS2_7TextureENS1_INS2_9LifeLimitENS1_INS2_4LineENS_6StNULLEEEEEEEEEEEEENS_18DefaultFunctorListEE16TextureProcedureEfPKiiPNS_15ParticleContextE9StBooleanILb1EE+0x0	0x23c6dc4	0	1	{0x2199de4, 0x219bae0, 0x23c2414, 0x23c2bc8, 0x23c3094, 0x219ba74, 0x23c3278, 0}},
port/src/native/particles/particles_test.cpp	467	0x23c2bc8	fn	0	_ZN4Aska14ParticleObjectINS_11FeatureListINS_16ParticleFeatures5SpeedENS1_INS2_6MotionENS1_INS2_14ColorAnimationENS1_INS2_7TextureENS1_INS2_9LifeLimitENS1_INS2_4LineENS_6StNULLEEEEEEEEEEEEENS_18DefaultFunctorListEE13LifeProcedureEPKii9StBooleanILb1EE+0x0	0x23c7578	0	1	{0x2199de4, 0x219bae0, 0x23c2414, 0x23c2bc8, 0x23c3094, 0x219ba74, 0x23c3278, 0}},
port/src/native/particles/particles_test.cpp	467	0x23c3094	fn	0	_ZN4Aska14ParticleObjectINS_11FeatureListINS_16ParticleFeatures5SpeedENS1_INS2_6MotionENS1_INS2_14ColorAnimationENS1_INS2_7TextureENS1_INS2_9LifeLimitENS1_INS2_4LineENS_6StNULLEEEEEEEEEEEEENS_18DefaultFunctorListEE17EmitLinkProcedureEPKii9StBooleanILb1EE+0x0	0x23c7a44	0	1	{0x2199de4, 0x219bae0, 0x23c2414, 0x23c2bc8, 0x23c3094, 0x219ba74, 0x23c3278, 0}},
port/src/native/particles/particles_test.cpp	467	0x219ba74	fn	0	_ZN4Aska15IParticleObject17LightingProcedureEfPKiiPNS_15ParticleContextE+0x0	0x21a4424	0	1	{0x2199de4, 0x219bae0, 0x23c2414, 0x23c2bc8, 0x23c3094, 0x219ba74, 0x23c3278, 0}},
port/src/native/particles/particles_test.cpp	467	0x23c3278	fn	0	_ZN4Aska14ParticleObjectINS_11FeatureListINS_16ParticleFeatures5SpeedENS1_INS2_6MotionENS1_INS2_14ColorAnimationENS1_INS2_7TextureENS1_INS2_9LifeLimitENS1_INS2_4LineENS_6StNULLEEEEEEEEEEEEENS_18DefaultFunctorListEE18AnimationProcedureEPKii9StBooleanILb1EE+0x0	0x23c7c28	0	1	{0x2199de4, 0x219bae0, 0x23c2414, 0x23c2bc8, 0x23c3094, 0x219ba74, 0x23c3278, 0}},
port/src/native/particles/particles_test.cpp	469	0x2199de4	fn	0	_ZN4Aska15IParticleObject13TailProcedureEPKiiPNS_15ParticleContextE+0x0	0x21a2794	0	1	{0x2199de4, 0x219bae0, 0x23ca72c, 0x23caee0, 0x23cb3ac, 0x219ba74, 0x23cb590, 0}},
port/src/native/particles/particles_test.cpp	469	0x219bae0	fn	0	_ZN4Aska15IParticleObject15ExtendProcedureEPNS_15ParticleContextEi+0x0	0x21a4490	0	1	{0x2199de4, 0x219bae0, 0x23ca72c, 0x23caee0, 0x23cb3ac, 0x219ba74, 0x23cb590, 0}},
port/src/native/particles/particles_test.cpp	469	0x23ca72c	fn	0	_ZN4Aska14ParticleObjectINS_11FeatureListINS_16ParticleFeatures5SpeedENS1_INS2_6MotionENS1_INS2_14ColorAnimationENS1_INS2_7TextureENS1_INS2_9LifeLimitENS_6StNULLEEEEEEEEEEENS_18DefaultFunctorListEE16TextureProcedureEfPKiiPNS_15ParticleContextE9StBooleanILb1EE+0x0	0x23cf0dc	0	1	{0x2199de4, 0x219bae0, 0x23ca72c, 0x23caee0, 0x23cb3ac, 0x219ba74, 0x23cb590, 0}},
port/src/native/particles/particles_test.cpp	469	0x23caee0	fn	0	_ZN4Aska14ParticleObjectINS_11FeatureListINS_16ParticleFeatures5SpeedENS1_INS2_6MotionENS1_INS2_14ColorAnimationENS1_INS2_7TextureENS1_INS2_9LifeLimitENS_6StNULLEEEEEEEEEEENS_18DefaultFunctorListEE13LifeProcedureEPKii9StBooleanILb1EE+0x0	0x23cf890	0	1	{0x2199de4, 0x219bae0, 0x23ca72c, 0x23caee0, 0x23cb3ac, 0x219ba74, 0x23cb590, 0}},
port/src/native/particles/particles_test.cpp	469	0x23cb3ac	fn	0	_ZN4Aska14ParticleObjectINS_11FeatureListINS_16ParticleFeatures5SpeedENS1_INS2_6MotionENS1_INS2_14ColorAnimationENS1_INS2_7TextureENS1_INS2_9LifeLimitENS_6StNULLEEEEEEEEEEENS_18DefaultFunctorListEE17EmitLinkProcedureEPKii9StBooleanILb1EE+0x0	0x23cfd5c	0	1	{0x2199de4, 0x219bae0, 0x23ca72c, 0x23caee0, 0x23cb3ac, 0x219ba74, 0x23cb590, 0}},
port/src/native/particles/particles_test.cpp	469	0x219ba74	fn	0	_ZN4Aska15IParticleObject17LightingProcedureEfPKiiPNS_15ParticleContextE+0x0	0x21a4424	0	1	{0x2199de4, 0x219bae0, 0x23ca72c, 0x23caee0, 0x23cb3ac, 0x219ba74, 0x23cb590, 0}},
port/src/native/particles/particles_test.cpp	469	0x23cb590	fn	0	_ZN4Aska14ParticleObjectINS_11FeatureListINS_16ParticleFeatures5SpeedENS1_INS2_6MotionENS1_INS2_14ColorAnimationENS1_INS2_7TextureENS1_INS2_9LifeLimitENS_6StNULLEEEEEEEEEEENS_18DefaultFunctorListEE18AnimationProcedureEPKii9StBooleanILb1EE+0x0	0x23cff40	0	1	{0x2199de4, 0x219bae0, 0x23ca72c, 0x23caee0, 0x23cb3ac, 0x219ba74, 0x23cb590, 0}},
port/src/native/particles/particles_test.cpp	471	0x2199de4	fn	0	_ZN4Aska15IParticleObject13TailProcedureEPKiiPNS_15ParticleContextE+0x0	0x21a2794	0	1	{0x2199de4, 0x219bae0, 0x24bb57c, 0x24bbd30, 0x24bc1fc, 0x219ba74, 0x24bc3ec, 0x24bc910}},
port/src/native/particles/particles_test.cpp	471	0x219bae0	fn	0	_ZN4Aska15IParticleObject15ExtendProcedureEPNS_15ParticleContextEi+0x0	0x21a4490	0	1	{0x2199de4, 0x219bae0, 0x24bb57c, 0x24bbd30, 0x24bc1fc, 0x219ba74, 0x24bc3ec, 0x24bc910}},
port/src/native/particles/particles_test.cpp	471	0x24bb57c	fn	0	_ZN4Aska14ParticleObjectINS_11FeatureListINS_16ParticleFeatures5SpeedENS1_INS2_6MotionENS1_INS2_8RotationENS1_INS2_7TextureENS1_INS2_14ColorAnimationENS1_INS2_9LifeLimitENS1_INS2_4LineENS_6StNULLEEEEEEEEEEEEEEENS_18DefaultFunctorListEE16TextureProcedureEfPKiiPNS_15ParticleContextE9StBooleanILb1EE+0x0	0x24bbf2c	0	1	{0x2199de4, 0x219bae0, 0x24bb57c, 0x24bbd30, 0x24bc1fc, 0x219ba74, 0x24bc3ec, 0x24bc910}},
port/src/native/particles/particles_test.cpp	471	0x24bbd30	fn	0	_ZN4Aska14ParticleObjectINS_11FeatureListINS_16ParticleFeatures5SpeedENS1_INS2_6MotionENS1_INS2_8RotationENS1_INS2_7TextureENS1_INS2_14ColorAnimationENS1_INS2_9LifeLimitENS1_INS2_4LineENS_6StNULLEEEEEEEEEEEEEEENS_18DefaultFunctorListEE13LifeProcedureEPKii9StBooleanILb1EE+0x0	0x24bc6e0	0	1	{0x2199de4, 0x219bae0, 0x24bb57c, 0x24bbd30, 0x24bc1fc, 0x219ba74, 0x24bc3ec, 0x24bc910}},
port/src/native/particles/particles_test.cpp	471	0x24bc1fc	fn	0	_ZN4Aska14ParticleObjectINS_11FeatureListINS_16ParticleFeatures5SpeedENS1_INS2_6MotionENS1_INS2_8RotationENS1_INS2_7TextureENS1_INS2_14ColorAnimationENS1_INS2_9LifeLimitENS1_INS2_4LineENS_6StNULLEEEEEEEEEEEEEEENS_18DefaultFunctorListEE17EmitLinkProcedureEPKii9StBooleanILb1EE+0x0	0x24bcbac	0	1	{0x2199de4, 0x219bae0, 0x24bb57c, 0x24bbd30, 0x24bc1fc, 0x219ba74, 0x24bc3ec, 0x24bc910}},
port/src/native/particles/particles_test.cpp	471	0x219ba74	fn	0	_ZN4Aska15IParticleObject17LightingProcedureEfPKiiPNS_15ParticleContextE+0x0	0x21a4424	0	1	{0x2199de4, 0x219bae0, 0x24bb57c, 0x24bbd30, 0x24bc1fc, 0x219ba74, 0x24bc3ec, 0x24bc910}},
port/src/native/particles/particles_test.cpp	471	0x24bc3ec	fn	0	_ZN4Aska14ParticleObjectINS_11FeatureListINS_16ParticleFeatures5SpeedENS1_INS2_6MotionENS1_INS2_8RotationENS1_INS2_7TextureENS1_INS2_14ColorAnimationENS1_INS2_9LifeLimitENS1_INS2_4LineENS_6StNULLEEEEEEEEEEEEEEENS_18DefaultFunctorListEE18AnimationProcedureEPKii9StBooleanILb1EE+0x0	0x24bcd9c	0	1	{0x2199de4, 0x219bae0, 0x24bb57c, 0x24bbd30, 0x24bc1fc, 0x219ba74, 0x24bc3ec, 0x24bc910}},
port/src/native/particles/particles_test.cpp	471	0x24bc910	fn	0	_ZN4Aska15PosFuncRotationINS_11FeatureListINS_16ParticleFeatures5SpeedENS1_INS2_6MotionENS1_INS2_8RotationENS1_INS2_7TextureENS1_INS2_14ColorAnimationENS1_INS2_9LifeLimitENS1_INS2_4LineENS_6StNULLEEEEEEEEEEEEEEEEclEPNS_15ParticleElementISH_EEPKNS_14ParticleParamsEPNS_15ParticleContextE+0x0	0x24bd2c0	0	1	{0x2199de4, 0x219bae0, 0x24bb57c, 0x24bbd30, 0x24bc1fc, 0x219ba74, 0x24bc3ec, 0x24bc910}},
port/src/native/particles/particles_test.cpp	473	0x2199de4	fn	0	_ZN4Aska15IParticleObject13TailProcedureEPKiiPNS_15ParticleContextE+0x0	0x21a2794	0	1	{0x2199de4, 0x219bae0, 0x24c44a4, 0x24c4c58, 0x24c5124, 0x219ba74, 0x24c5314, 0x24c5838}}};
port/src/native/particles/particles_test.cpp	473	0x219bae0	fn	0	_ZN4Aska15IParticleObject15ExtendProcedureEPNS_15ParticleContextEi+0x0	0x21a4490	0	1	{0x2199de4, 0x219bae0, 0x24c44a4, 0x24c4c58, 0x24c5124, 0x219ba74, 0x24c5314, 0x24c5838}}};
port/src/native/particles/particles_test.cpp	473	0x24c44a4	fn	0	_ZN4Aska14ParticleObjectINS_11FeatureListINS_16ParticleFeatures5SpeedENS1_INS2_6MotionENS1_INS2_8RotationENS1_INS2_7TextureENS1_INS2_14ColorAnimationENS1_INS2_9LifeLimitENS_6StNULLEEEEEEEEEEEEENS_18DefaultFunctorListEE16TextureProcedureEfPKiiPNS_15ParticleContextE9StBooleanILb1EE+0x0	0x24c4e54	0	1	{0x2199de4, 0x219bae0, 0x24c44a4, 0x24c4c58, 0x24c5124, 0x219ba74, 0x24c5314, 0x24c5838}}};
port/src/native/particles/particles_test.cpp	473	0x24c4c58	fn	0	_ZN4Aska14ParticleObjectINS_11FeatureListINS_16ParticleFeatures5SpeedENS1_INS2_6MotionENS1_INS2_8RotationENS1_INS2_7TextureENS1_INS2_14ColorAnimationENS1_INS2_9LifeLimitENS_6StNULLEEEEEEEEEEEEENS_18DefaultFunctorListEE13LifeProcedureEPKii9StBooleanILb1EE+0x0	0x24c5608	0	1	{0x2199de4, 0x219bae0, 0x24c44a4, 0x24c4c58, 0x24c5124, 0x219ba74, 0x24c5314, 0x24c5838}}};
port/src/native/particles/particles_test.cpp	473	0x24c5124	fn	0	_ZN4Aska14ParticleObjectINS_11FeatureListINS_16ParticleFeatures5SpeedENS1_INS2_6MotionENS1_INS2_8RotationENS1_INS2_7TextureENS1_INS2_14ColorAnimationENS1_INS2_9LifeLimitENS_6StNULLEEEEEEEEEEEEENS_18DefaultFunctorListEE17EmitLinkProcedureEPKii9StBooleanILb1EE+0x0	0x24c5ad4	0	1	{0x2199de4, 0x219bae0, 0x24c44a4, 0x24c4c58, 0x24c5124, 0x219ba74, 0x24c5314, 0x24c5838}}};
port/src/native/particles/particles_test.cpp	473	0x219ba74	fn	0	_ZN4Aska15IParticleObject17LightingProcedureEfPKiiPNS_15ParticleContextE+0x0	0x21a4424	0	1	{0x2199de4, 0x219bae0, 0x24c44a4, 0x24c4c58, 0x24c5124, 0x219ba74, 0x24c5314, 0x24c5838}}};
port/src/native/particles/particles_test.cpp	473	0x24c5314	fn	0	_ZN4Aska14ParticleObjectINS_11FeatureListINS_16ParticleFeatures5SpeedENS1_INS2_6MotionENS1_INS2_8RotationENS1_INS2_7TextureENS1_INS2_14ColorAnimationENS1_INS2_9LifeLimitENS_6StNULLEEEEEEEEEEEEENS_18DefaultFunctorListEE18AnimationProcedureEPKii9StBooleanILb1EE+0x0	0x24c5cc4	0	1	{0x2199de4, 0x219bae0, 0x24c44a4, 0x24c4c58, 0x24c5124, 0x219ba74, 0x24c5314, 0x24c5838}}};
port/src/native/particles/particles_test.cpp	473	0x24c5838	fn	0	_ZN4Aska15PosFuncRotationINS_11FeatureListINS_16ParticleFeatures5SpeedENS1_INS2_6MotionENS1_INS2_8RotationENS1_INS2_7TextureENS1_INS2_14ColorAnimationENS1_INS2_9LifeLimitENS_6StNULLEEEEEEEEEEEEEEclEPNS_15ParticleElementISF_EEPKNS_14ParticleParamsEPNS_15ParticleContextE+0x0	0x24c61e8	0	1	{0x2199de4, 0x219bae0, 0x24c44a4, 0x24c4c58, 0x24c5124, 0x219ba74, 0x24c5314, 0x24c5838}}};
port/src/native/render/camera_filter.cpp	122	0x2cd2650	near	0	_ZN4Aska6Global18m_pModifierManagerE+0x48 (nearest symbol)	0x2cd0650 (nearest-symbol guess: check)	0	0	constexpr u64 kLumaGuard = 0x2cd2650, kLuma = 0x2cd2610;
port/src/native/render/camera_filter.cpp	122	0x2cd2610	near	0	_ZN4Aska6Global18m_pModifierManagerE+0x8 (nearest symbol)	0x2cd0610 (nearest-symbol guess: check)	0	0	constexpr u64 kLumaGuard = 0x2cd2650, kLuma = 0x2cd2610;
port/src/native/render/debug_primitive.cpp	38	0x28647fe	str	0	str:"m_pAofObject isn't null.(%08x)"+0	0x286278e	0	0	constexpr u64 kPrimitiveCpp = 0x28647a4, kAofNotNull = 0x28647fe, kAofNull = 0x286481d;
port/src/native/render/debug_primitive.cpp	38	0x286481d	str	0	str:'m_pAofObject is null.'+0	0x28627ad	0	0	constexpr u64 kPrimitiveCpp = 0x28647a4, kAofNotNull = 0x28647fe, kAofNull = 0x286481d;
port/src/native/render/debug_primitive.cpp	230	0x2864866	str	0	str:'Grid'+0	0x28627f6	0	0	guest_call(create, {h, 1, 0, name_or_null ? lib() + 0x2864866 : 0});  // "Grid"
port/src/native/render/debug_primitive.cpp	406	0x28648ab	str	0	str:'C:\\BAS_Submission\\Client\\Library\\Framewo'+0	0x286283b	0	0	u64 node = guest_call(alloc, {0x18, lib() + 0x28648ab, 0x20});  // STL_List.h
port/src/native/render/debug_primitive.cpp	409	0x28638fc	str	0	str:'C:\\BAS_Submission\\Client\\Library\\Framewo'+0	0x286188c	0	0	guest_call(fn, {lib() + 0x28638fc, 0xbe, lib() + 0x26e3eef});
port/src/native/render/debug_primitive.cpp	409	0x26e3eef	str	0	str:'pAllocatedMemory is null.'+0	0x26db12b	0	0	guest_call(fn, {lib() + 0x28638fc, 0xbe, lib() + 0x26e3eef});
port/src/native/render/render_a2c_rt.cpp	151	0x21c0558	fn	0	_ZN4Aska13ShadowManager19ShadowCasterCullingEPPNS_16RenderableObjectEiS3_i+0x0	changed	0	0	if (__builtin_expect(g_shadow_observer != nullptr, 0) && k.f->off == 0x21c0558 && !t_rec) g_shadow_observer(c);
port/src/native/render/render_context.cpp	32	0x2c03018	obj	0	_ZN4Aska12g_pRenderDevE+0x0	0x2c01018	0	0	r.base = r.render_dev - 0x2c03018;
port/src/native/render/render_device.cpp	88	0x2c03018	obj	0	_ZN4Aska12g_pRenderDevE+0x0	0x2c01018	0	0	r.base = r.render_dev - 0x2c03018;
port/src/native/render/render_device.cpp	101	0x2cd2780	near	0	_ZGVZN4Aska15_RenderDeviceGL16TextureHandlerGL6CreateEPNS_11GpuResourceEE22sbIsEnableDepthTexture+0x8 (nearest symbol)	0x2cd0780 (nearest-symbol guess: check)	0	0	r.gl_ext = r.va(0x2cd2780);
port/src/native/render/render_device.cpp	230	0x2bc3b40	got	0	GOT[_ZZN4Aska16RenderDeviceData11SetCullModeENS_4Cull4ModeEE8iNewMode]	0x2bc1bb0	0	0	u32 v = at<u32>(at<u64>(G().va(0x2bc3b40), 0), mode * 4);  // static iNewMode[3]
port/src/native/render/render_device.cpp	306	0x2cd2760	near	0	_ZN4Aska15PrimitiveBuffer6Static22s_pIndexBufferQuadListE+0x30 (nearest symbol)	0x2cd0760 (nearest-symbol guess: check)	0	0	sx = (float)at<u16>(G().va(0x2cd2760), 0) / (float)at<u16>(fb, 0x18);
port/src/native/render/render_device.cpp	308	0x2cd2764	near	0	_ZN4Aska15PrimitiveBuffer6Static22s_pIndexBufferQuadListE+0x34 (nearest symbol)	0x2cd0764 (nearest-symbol guess: check)	0	0	sy = (float)at<u16>(G().va(0x2cd2764), 0) / (float)rt_h;
port/src/native/render/render_device.cpp	680	0x2cd2780	near	0	_ZGVZN4Aska15_RenderDeviceGL16TextureHandlerGL6CreateEPNS_11GpuResourceEE22sbIsEnableDepthTexture+0x8 (nearest symbol)	0x2cd0780 (nearest-symbol guess: check)	1	0	// Instancing entry points the game fetched with eglGetProcAddress (table at 0x2cd2780): called
port/src/native/render/render_device.cpp	2783	0x21b074c	fn	0	_ZN4Aska22RenderContextBatchBase5ApplyEmPNS_14RenderDeviceGLEPNS_17ShaderNodeHandlerE+0x0	0x21b90fc	1	0	// Guest RenderContextBatchBase::Apply (0x21b074c), with g_pRenderDev -> dev.
port/src/native/render/render_rd.cpp	31	0x2181990	fn	0	_ZN4Aska11RenderState5ApplyEPNS_14RenderDeviceGLE+0x0	0x218a340	0	0	constexpr u64 kRenderStateApply = 0x2181990;          // Aska::RenderState::Apply(RenderDeviceGL*)
port/src/native/render/render_rd.cpp	32	0x2172698	fn	0	_ZN4Aska14RenderDeviceGL23CreateVertexDeclarationEm+0x0	0x217b048	0	0	constexpr u64 kCreateVertexDeclaration = 0x2172698;   // Aska::RenderDeviceGL::CreateVertexDeclaration(unsigned long)
port/src/native/render/render_rd.cpp	33	0x218493c	fn	0	_ZN4Aska21RenderTargetManagerGL18ChangeRenderTargetEPNS_12RenderTargetEi+0x0	0x218d2ec	0	0	constexpr u64 kChangeRenderTarget = 0x218493c;        // Aska::RenderTargetManagerGL::ChangeRenderTarget(RenderTarget*, int)
port/src/native/render/render_rd.cpp	34	0x21a1e70	fn	0	_ZNK4Aska24PostProcessBufferManager21GetColorBufferTextureEv+0x0	0x21aa820	0	0	constexpr u64 kGetColorBufferTexture = 0x21a1e70;     // Aska::PostProcessBufferManager::GetColorBufferTexture() const
port/src/native/render/render_rd.cpp	35	0x2172b98	fn	0	_ZN4Aska14RenderDeviceGL10SetTextureEjPKPNS_11GpuResourceE+0x0	0x217b548	0	0	constexpr u64 kSetTexture = 0x2172b98;                // Aska::RenderDeviceGL::SetTexture(unsigned, GpuResource* const*)
port/src/native/render/render_rd.cpp	36	0x21851e8	fn	0	_ZN4Aska21RenderTargetManagerGL21RenderTargetToTextureEPPNS_11GpuResourceEPNS_12RenderTargetE+0x0	0x218db98	0	0	constexpr u64 kRenderTargetToTexture = 0x21851e8;     // Aska::RenderTargetManagerGL::RenderTargetToTexture(GpuResource**, RenderTarget*)
port/src/native/render/render_rd.cpp	37	0x2181c04	fn	0	_ZN4Aska11RenderState6Static11EnableZTestEPNS_14RenderDeviceGLEb+0x0	0x218a5b4	0	0	constexpr u64 kEnableZTest = 0x2181c04;               // Aska::RenderState::Static::EnableZTest(RenderDeviceGL*, bool)
port/src/native/render/render_rd.cpp	38	0x21cc784	fn	0	_ZN4Aska18SimplePrimRenderer9SetShaderEii+0x0	0x21d5134	0	0	constexpr u64 kSetShader = 0x21cc784;                 // Aska::SimplePrimRenderer::SetShader(int, int)
port/src/native/render/render_rd.cpp	39	0x21cc780	fn	0	_ZN4Aska18SimplePrimRenderer3EndEv+0x0	0x21d5130	0	0	constexpr u64 kEnd = 0x21cc780;                       // Aska::SimplePrimRenderer::End()
port/src/native/render/render_rd.cpp	40	0x21760d4	fn	0	_ZN4Aska14RenderDeviceGL23SetVertexShaderConstantEiPKvi+0x0	0x217ea84	0	0	constexpr u64 kSetVSConstant = 0x21760d4;             // Aska::RenderDeviceGL::SetVertexShaderConstant(int, const void*, int)
port/src/native/render/render_rd.cpp	41	0x2176170	fn	0	_ZN4Aska14RenderDeviceGL22SetPixelShaderConstantEiPKvi+0x0	0x217eb20	0	0	constexpr u64 kSetPSConstant = 0x2176170;             // Aska::RenderDeviceGL::SetPixelShaderConstant(int, const void*, int)
port/src/native/render/render_rd.cpp	42	0x21746fc	fn	0	_ZN4Aska14RenderDeviceGL20DrawIndexedPrimitiveENS_8PrimType4TypeERNS_11IndexBufferEjm+0x0	0x217d0ac	0	0	constexpr u64 kDrawIndexedPrimitive = 0x21746fc;      // Aska::RenderDeviceGL::DrawIndexedPrimitive(PrimType, IndexBuffer&, unsigned, unsigned long)
port/src/native/render/render_rd.cpp	43	0x216cfb4	fn	0	_ZNK4Aska14RenderDeviceGL12GetGLVersionEv+0x0	0x2175964	0	0	constexpr u64 kGetGLVersion = 0x216cfb4;              // Aska::RenderDeviceGL::GetGLVersion() const
port/src/native/render/render_rd.cpp	44	0x26af4c8	fn	0	__cxa_guard_acquire+0x0	0x26a66f0	0	0	constexpr u64 kCxaGuardAcquire = 0x26af4c8, kCxaGuardRelease = 0x26af588;
port/src/native/render/render_rd.cpp	44	0x26af588	fn	0	__cxa_guard_release+0x0	0x26a67b0	0	0	constexpr u64 kCxaGuardAcquire = 0x26af4c8, kCxaGuardRelease = 0x26af588;
port/src/native/render/render_rd.cpp	46	0x2bc1918	got	0	GOT[_ZN4Aska6Global22m_pRenderTargetManagerE]	0x2bbfa00	0	0	constexpr u64 kGotRenderTargetManager = 0x2bc1918;    // GOT: &Global::m_pRenderTargetManager
port/src/native/render/render_rd.cpp	47	0x2bbcfb0	got	0	GOT[_ZN4Aska12g_pRenderDevE]	0x2bbb1a0	0	0	constexpr u64 kGotRenderDev = 0x2bbcfb0;              // GOT: &g_pRenderDev
port/src/native/render/render_rd.cpp	48	0x2bc2210	got	0	GOT[_ZN4Aska15PrimitiveBuffer6Static22s_pIndexBufferQuadListE]	0x2bc02e0	0	0	constexpr u64 kGotQuadIndexBuffer = 0x2bc2210;        // GOT: &PrimitiveBuffer::Static::s_pIndexBufferQuadList
port/src/native/render/render_rd.cpp	49	0x2cd2960	near	0	_ZN4Aska24PostProcessBufferManager29m_usMainPreserveTextureHeightE+0x6 (nearest symbol)	0x2cd0960 (nearest-symbol guess: check)	0	0	constexpr u64 kBloomPrim = 0x2cd2960;                 // the function's static SimplePrimRenderer (guard word first, object at +8)
port/src/native/render/render_rd.cpp	345	0x2181040	fn	0	_ZN4Aska15_RenderDeviceGL15BufferHandlerGLILj34962EXadL_ZNS_18ASKA_OGL_STATESET014m_u32ArrayBindEEEXadL_ZNS0_20GetUsageVertexBufferEPNS_11GpuResourceEEEE6UpdateES4_+0x154	0x21899f0	1	0	// memcpy(p, data + off, len) and glUnmapBuffer (0x2181040.. / 0x2181414..): the whole range is
port/src/native/render/render_rd.cpp	345	0x2181414	fn	0	_ZN4Aska15_RenderDeviceGL15BufferHandlerGLILj34963EXadL_ZNS_18ASKA_OGL_STATESET021m_u32ElementArrayBindEEEXadL_ZNS0_19GetUsageIndexBufferEPNS_11GpuResourceEEEE6UpdateES4_+0x154	0x2189dc4	1	0	// memcpy(p, data + off, len) and glUnmapBuffer (0x2181040.. / 0x2181414..): the whole range is
port/src/native/render/render_rd.cpp	366	0x21a48a0	fn	0	_ZN4Aska22PostProcessCombinerTBR11RenderBloomEv+0x0	0x21ad250	0	0	{0x21a48a0, render_bloom},  // Aska::PostProcessCombinerTBR::RenderBloom()
port/src/native/render/render_rd.cpp	367	0x2180eec	fn	0	_ZN4Aska15_RenderDeviceGL15BufferHandlerGLILj34962EXadL_ZNS_18ASKA_OGL_STATESET014m_u32ArrayBindEEEXadL_ZNS0_20GetUsageVertexBufferEPNS_11GpuResourceEEEE6UpdateES4_+0x0	0x218989c	0	0	{0x2180eec, buffer_update_overwriting<0x2180eec>},  // BufferHandlerGL<GL_ARRAY_BUFFER, ...>::Update(GpuResource*)
port/src/native/render/render_rd.cpp	367	0x2180eec	fn	0	_ZN4Aska15_RenderDeviceGL15BufferHandlerGLILj34962EXadL_ZNS_18ASKA_OGL_STATESET014m_u32ArrayBindEEEXadL_ZNS0_20GetUsageVertexBufferEPNS_11GpuResourceEEEE6UpdateES4_+0x0	0x218989c	0	0	{0x2180eec, buffer_update_overwriting<0x2180eec>},  // BufferHandlerGL<GL_ARRAY_BUFFER, ...>::Update(GpuResource*)
port/src/native/render/render_rd.cpp	368	0x21812c0	fn	0	_ZN4Aska15_RenderDeviceGL15BufferHandlerGLILj34963EXadL_ZNS_18ASKA_OGL_STATESET021m_u32ElementArrayBindEEEXadL_ZNS0_19GetUsageIndexBufferEPNS_11GpuResourceEEEE6UpdateES4_+0x0	0x2189c70	0	0	{0x21812c0, buffer_update_overwriting<0x21812c0>},  // BufferHandlerGL<GL_ELEMENT_ARRAY_BUFFER, ...>::Update(GpuResource*)
port/src/native/render/render_rd.cpp	368	0x21812c0	fn	0	_ZN4Aska15_RenderDeviceGL15BufferHandlerGLILj34963EXadL_ZNS_18ASKA_OGL_STATESET021m_u32ElementArrayBindEEEXadL_ZNS0_19GetUsageIndexBufferEPNS_11GpuResourceEEEE6UpdateES4_+0x0	0x2189c70	0	0	{0x21812c0, buffer_update_overwriting<0x21812c0>},  // BufferHandlerGL<GL_ELEMENT_ARRAY_BUFFER, ...>::Update(GpuResource*)
port/src/native/render/render_rd.cpp	369	0x21c0558	fn	0	_ZN4Aska13ShadowManager19ShadowCasterCullingEPPNS_16RenderableObjectEiS3_i+0x0	changed	0	0	{0x21c0558, shadow_caster_culling},  // Aska::ShadowManager::ShadowCasterCulling (render_rd_shadow.cpp)
port/src/native/render/render_rd_shadow.cpp	230	0x2bc6668	got	0	GOT[_ZN4Aska6Global16m_pObjectManagerE]	0x2bc4688	0	0	constexpr u64 kGotObjectManager = 0x2bc6668;       // &Global::m_pObjectManager
port/src/native/render/render_rd_shadow.cpp	231	0x2bb9a78	got	0	GOT[_ZN4Aska6Global16m_pCameraManagerE]	0x2bb7d08	0	0	constexpr u64 kGotCameraManager = 0x2bb9a78;       // &Global::m_pCameraManager
port/src/native/render/render_rd_shadow.cpp	232	0x2bbc0b8	got	0	GOT[_ZN4Aska13ShadowManager16m_bEnableCascadeE]	0x2bba2e0	0	0	constexpr u64 kGotEnableCascade = 0x2bbc0b8;       // &ShadowManager::m_bEnableCascade
port/src/native/render/render_rd_shadow.cpp	233	0x2bc3dc8	got	0	GOT[nActiveShadowManagerNum]	0x2bc1e38	0	0	constexpr u64 kGotActiveShadowManagers = 0x2bc3dc8;// &nActiveShadowManagerNum
port/src/native/render/render_rd_shadow.cpp	234	0x2bbb840	got	0	GOT[_ZSt7nothrow]	0x2bb9a80	0	0	constexpr u64 kGotNothrow = 0x2bbb840;             // &std::nothrow
port/src/native/render/render_rd_shadow.cpp	235	0x2bbe958	got	0	GOT[_ZN4Aska21ShadowManagerRegistry24m_pDummyRenderableObjectE]	0x2bbcae8	0	0	constexpr u64 kGotDummyObject = 0x2bbe958;         // &ShadowManagerRegistry::m_pDummyRenderableObject
port/src/native/render/render_rd_shadow.cpp	236	0x2bba640	got	0	GOT[_ZN4Aska13ShadowManager25m_fCascadeAutoFocusRadiusE]	0x2bb88b0	0	0	constexpr u64 kGotAutoFocusRadius = 0x2bba640;     // &ShadowManager::m_fCascadeAutoFocusRadius
port/src/native/render/render_rd_shadow.cpp	237	0x2bbfb30	got	0	GOT[_ZN4Aska13ShadowManager21m_fCasterFrustumLimitE]	0x2bbdc78	0	0	constexpr u64 kGotCasterFrustumLimit = 0x2bbfb30;  // &ShadowManager::m_fCasterFrustumLimit
port/src/native/render/render_rd_shadow.cpp	238	0x2bc3610	got	0	GOT[_ZN4Aska13ShadowManager20m_fNoiseTextureWidthE]	0x2bc1690	0	0	constexpr u64 kGotNoiseTextureWidth = 0x2bc3610;   // &ShadowManager::m_fNoiseTextureWidth
port/src/native/render/render_rd_shadow.cpp	239	0x2bbebf8	got	0	GOT[nTotalShadowTexNum]	0x2bbcd80	0	0	constexpr u64 kGotTotalShadowTex = 0x2bbebf8;      // &nTotalShadowTexNum
port/src/native/render/render_rd_shadow.cpp	240	0x2bc2070	got	0	GOT[_ZN4Aska9gvExtMaskE]	0x2bc0140	0	0	constexpr u64 kGotExtMask = 0x2bc2070;             // &gvExtMask
port/src/native/render/render_rd_shadow.cpp	241	0x2bbcfb0	got	0	GOT[_ZN4Aska12g_pRenderDevE]	0x2bbb1a0	0	0	constexpr u64 kGotRenderDev = 0x2bbcfb0;           // &g_pRenderDev
port/src/native/render/render_rd_shadow.cpp	242	0x2d12d80	near	0	_ZN4Aska21ShadowManagerRegistry24m_pDummyRenderableObjectE+0x18 (nearest symbol)	0x2d10d80 (nearest-symbol guess: check)	0	0	constexpr u64 kHalfVec = 0x2d12d80;                // static Vector (0.5, 0.5, 0.5, ?) and, after it, the "infinite" extent
port/src/native/render/render_rd_shadow.cpp	243	0x2d12d90	near	0	_ZN4Aska21ShadowManagerRegistry24m_pDummyRenderableObjectE+0x28 (nearest symbol)	0x2d10d90 (nearest-symbol guess: check)	0	0	constexpr u64 kBigVec = 0x2d12d90;
port/src/native/render/render_rd_shadow.cpp	245	0x2132620	fn	0	_ZN4Aska5Light18MakeNoiseIntensionEv+0x0	0x213afd0	0	0	constexpr u64 kMakeNoiseIntension = 0x2132620;     // Light::MakeNoiseIntension()
port/src/native/render/render_rd_shadow.cpp	246	0x222ab7c	fn	0	_ZN4Aska14FrustumCullingEPKNS_6VectorES2_S2_+0x0	0x223252c	0	0	constexpr u64 kFrustumCulling3 = 0x222ab7c;        // FrustumCulling(const Vector*, const Vector*, const Vector*)
port/src/native/render/render_rd_shadow.cpp	247	0x22291c8	fn	0	_ZN4Aska14FrustumCullingEPKNS_6VectorES2_PNS_16RenderableObjectE+0x0	0x2230b78	0	0	constexpr u64 kFrustumCulling = 0x22291c8;         // FrustumCulling(const Vector*, const Vector*, RenderableObject*)
port/src/native/render/render_rd_shadow.cpp	248	0x222a094	fn	0	_ZN4Aska21FrustumCulling4PlanesEPKNS_6VectorES2_PNS_16RenderableObjectE+0x0	0x2231a44	0	0	constexpr u64 kFrustumCulling4Planes = 0x222a094;  // FrustumCulling4Planes(const Vector*, const Vector*, RenderableObject*)
port/src/native/render/render_rd_shadow.cpp	249	0x222b35c	fn	0	_ZN4Aska13SphereCullingEPKNS_6VectorEPNS_16RenderableObjectE+0x0	0x2232d0c	0	0	constexpr u64 kSphereCulling = 0x222b35c;          // SphereCulling(const Vector*, RenderableObject*)
port/src/native/render/render_rd_shadow.cpp	250	0x2350200	fn	0	_ZN4Aska16CalcObjectMinMaxEP13__Float32x4_tS1_S1_PNS_16RenderableObjectE+0x0	0x2357bb0	0	0	constexpr u64 kCalcObjectMinMax = 0x2350200;       // CalcObjectMinMax(float32x4*, float32x4*, float32x4*, RenderableObject*)
port/src/native/render/render_rd_shadow.cpp	251	0x21c87b4	fn	0	_Z21UpdateBoundingFrustumPN4Aska16RenderableObjectEP13__Float32x4_tS3_S3_+0x0	0x21d1164	0	0	constexpr u64 kUpdateBoundingFrustum = 0x21c87b4;  // UpdateBoundingFrustum(RenderableObject*, float32x4*, float32x4*, float32x4*)
port/src/native/render/render_rd_shadow.cpp	252	0x1f47378	fn	0	_ZnamRKSt9nothrow_t+0x0	0x1f4ed28	0	0	constexpr u64 kNewArrayNothrow = 0x1f47378;        // operator new[](size_t, const nothrow_t&)
port/src/native/render/render_rd_shadow.cpp	253	0x1f472f8	fn	0	_ZnwmRKSt9nothrow_t+0x0	0x1f4eca8	0	0	constexpr u64 kNewNothrow = 0x1f472f8;             // operator new(size_t, const nothrow_t&)
port/src/native/render/render_rd_shadow.cpp	254	0x1f432f0	fn	0	_ZdaPv+0x0	0x1f4aca0	0	0	constexpr u64 kDeleteArray = 0x1f432f0;            // operator delete[](void*)
port/src/native/render/render_rd_shadow.cpp	255	0x21ae130	fn	0	_ZN4Aska16RenderableObjectC1Ev+0x0	0x21b6ae0	0	0	constexpr u64 kRenderableObjectCtor = 0x21ae130;   // RenderableObject::RenderableObject()
port/src/native/render/render_rd_shadow.cpp	256	0x138ce48	fn	0	_ZN4Aska4Lens11SetBaseViewEf+0x0	0x1388528	0	0	constexpr u64 kSetBaseView = 0x138ce48;            // Lens::SetBaseView(float)
port/src/native/render/render_rd_shadow.cpp	257	0x215ef4c	fn	0	_ZN4Aska13ObjectManager20SetShadowMapResolverEiPNS_13ShadowManagerE+0x0	0x21678fc	0	0	constexpr u64 kSetShadowMapResolver = 0x215ef4c;   // ObjectManager::SetShadowMapResolver(int, ShadowManager*)
port/src/native/render/render_rd_shadow.cpp	258	0x215ed08	fn	0	_ZN4Aska13ObjectManager20SetShadowEnvironmentEibiiiiiijfiPNS_6CameraEiibh+0x0	0x21676b8	0	0	constexpr u64 kSetShadowEnvironment = 0x215ed08;   // ObjectManager::SetShadowEnvironment(int, bool, int, ...)
port/src/native/render/render_rd_shadow.cpp	259	0x21ab6dc	fn	0	_ZN4Aska9Projector17ChangeTexSampModeEv+0x0	0x21b408c	0	0	constexpr u64 kChangeTexSampMode = 0x21ab6dc;      // Projector::ChangeTexSampMode()
port/src/native/render/render_rd_shadow.cpp	260	0x216cfdc	fn	0	_ZNK4Aska14RenderDeviceGL11IsSupportedENS_11GLExtension1EE+0x0	0x217598c	0	0	constexpr u64 kIsSupported = 0x216cfdc;            // RenderDeviceGL::IsSupported(GLExtension::E) const
port/src/native/render/render_rd_shadow.cpp	261	0x21a9c7c	fn	0	_ZN4Aska9Projector19PrepareCascadeConstEPPNS_6CameraE+0x0	0x21b262c	0	0	constexpr u64 kPrepareCascadeConst = 0x21a9c7c;    // Projector::PrepareCascadeConst(Camera**)
port/src/native/render/render_rd_shadow.cpp	262	0x21a9ddc	fn	0	_ZN4Aska9Projector19PrepareCubeMapConstEPNS_6CameraE+0x0	0x21b278c	0	0	constexpr u64 kPrepareCubeMapConst = 0x21a9ddc;    // Projector::PrepareCubeMapConst(Camera*)
port/src/native/render/render_rd_shadow.cpp	263	0x21cb868	fn	0	_ZN4Aska21ShadowManagerRegistry10AllocCloneEv+0x0	0x21d4218	0	0	constexpr u64 kAllocClone = 0x21cb868;             // ShadowManagerRegistry::AllocClone()
port/src/native/render/render_rd_shadow.cpp	264	0x21c861c	fn	0	_ZN4Aska13ShadowManager10LocalCloneEPS0_+0x0	0x21d0fcc	0	0	constexpr u64 kLocalClone = 0x21c861c;             // ShadowManager::LocalClone(ShadowManager*)
port/src/native/render/render_rd_shadow.cpp	266	0x20e22fc	fn	0	_ZN4Aska6Camera16MakeCameraMatrixEv+0x0	0x20e9cac	0	0	constexpr u64 kMakeCameraMatrix = 0x20e22fc;       // Camera::MakeCameraMatrix()
port/src/native/render/render_rd_shadow.cpp	267	0x20e6b7c	fn	0	_ZN4Aska6Camera20MakeViewFrustumPlaneEi+0x0	0x20ee52c	0	0	constexpr u64 kMakeViewFrustumPlane = 0x20e6b7c;   // Camera::MakeViewFrustumPlane(int)
port/src/native/render/render_rd_shadow.cpp	268	0x20e762c	fn	0	_ZN4Aska6Camera28MakeLocalViewFrustumVerticesEPNS_6VectorEi+0x0	0x20eefdc	0	0	constexpr u64 kMakeLocalViewFrustumVertices = 0x20e762c;  // Camera::MakeLocalViewFrustumVertices(Vector*, int)
port/src/native/render/render_rd_shadow.cpp	269	0x21a9eac	fn	0	_ZN4Aska9Projector10SyncCameraEv+0x0	0x21b285c	0	0	constexpr u64 kSyncCamera = 0x21a9eac;             // Projector::SyncCamera()
port/src/native/render/render_rd_shadow.cpp	270	0x21a9340	fn	0	_ZN4Aska9Projector20MakeProjectionMatrixEv+0x0	0x21b1cf0	0	0	constexpr u64 kMakeProjectionMatrix = 0x21a9340;   // Projector::MakeProjectionMatrix()
port/src/native/render/render_rd_shadow.cpp	271	0x21c9028	fn	0	_ZN4Aska13ShadowManager26FinalReceiverCheckFunctionEPPNS_16RenderableObjectEPNS_32FinalReceiverCheckFunctionParamsE+0x0	0x21d19d8	0	0	constexpr u64 kFinalReceiverCheck = 0x21c9028;     // ShadowManager::FinalReceiverCheckFunction(RenderableObject**, Params*)
port/src/native/render/render_rd_shadow.cpp	434	0x21c0ec8	fn	0	_ZN4Aska13ShadowManager19ShadowCasterCullingEPPNS_16RenderableObjectEiS3_i+0x970	changed	1	0	u32 w9_join = 0;                         // w9 at the join (0x21c0ec8)
port/src/native/render/render_rd_shadow.cpp	509	0x21c0558	fn	0	_ZN4Aska13ShadowManager19ShadowCasterCullingEPPNS_16RenderableObjectEiS3_i+0x0	changed	1	0	// ---- 1. camera, lights, light view (0x21c0558 - 0x21c0b6c) --------------------------------------
port/src/native/render/render_rd_shadow.cpp	509	0x21c0b6c	fn	0	_ZN4Aska13ShadowManager19ShadowCasterCullingEPPNS_16RenderableObjectEiS3_i+0x614	changed	1	0	// ---- 1. camera, lights, light view (0x21c0558 - 0x21c0b6c) --------------------------------------
port/src/native/render/render_rd_shadow.cpp	606	0x21c1094	fn	0	_ZN4Aska13ShadowManager19ShadowCasterCullingEPPNS_16RenderableObjectEiS3_i+0xb3c	changed	1	0	// ---- 2. directional light: the view volume and its bounding planes (0x21c1094) -----------------
port/src/native/render/render_rd_shadow.cpp	789	0x21c3420	fn	0	_ZN4Aska13ShadowManager19ShadowCasterCullingEPPNS_16RenderableObjectEiS3_i+0x2ec8	changed	1	0	// ---- 3. light masks (0x21c3420) ---------------------------------------------------------------
port/src/native/render/render_rd_shadow.cpp	1003	0x21c0ec8	fn	0	_ZN4Aska13ShadowManager19ShadowCasterCullingEPPNS_16RenderableObjectEiS3_i+0x970	changed	1	0	// ---- 4. the candidates' buffer, the cascades (0x21c0ec8, 0x21c0f94) -----------------------------
port/src/native/render/render_rd_shadow.cpp	1003	0x21c0f94	fn	0	_ZN4Aska13ShadowManager19ShadowCasterCullingEPPNS_16RenderableObjectEiS3_i+0xa3c	changed	1	0	// ---- 4. the candidates' buffer, the cascades (0x21c0ec8, 0x21c0f94) -----------------------------
port/src/native/render/render_rd_shadow.cpp	1222	0x21c5a74	fn	0	_ZN4Aska13ShadowManager19ShadowCasterCullingEPPNS_16RenderableObjectEiS3_i+0x551c	changed	1	0	// ---- 5. the shadow cameras (0x21c5a74) ----------------------------------------------------------
port/src/native/render/render_rd_shadow.cpp	1409	0x21c62c0	fn	0	_ZN4Aska13ShadowManager19ShadowCasterCullingEPPNS_16RenderableObjectEiS3_i+0x5d68	changed	1	0	// ---- 6. registration, receivers, resolvers (0x21c62c0) ------------------------------------------
port/src/native/render/render_rd_shadow.cpp	1842	0x21c0558	fn	0	_ZN4Aska13ShadowManager19ShadowCasterCullingEPPNS_16RenderableObjectEiS3_i+0x0	changed	0	0	static const models::Body transcription = render_body(0x21c0558);
port/src/native/render/render_rd_shadow_test.cpp	277	0x21c0558	fn	0	_ZN4Aska13ShadowManager19ShadowCasterCullingEPPNS_16RenderableObjectEiS3_i+0x0	changed	0	1	if (g_render_a2c_fns[i].off == 0x21c0558) return g_render_a2c_fns[i].body;
port/src/native/render/render_rd_test.cpp	53	0x21a48a0	fn	0	_ZN4Aska22PostProcessCombinerTBR11RenderBloomEv+0x0	0x21ad250	0	1	const u64 off = 0x21a48a0;
port/src/native/render/render_rd_test.cpp	70	0x2181990	fn	0	_ZN4Aska11RenderState5ApplyEPNS_14RenderDeviceGLE+0x0	0x218a340	0	1	{0x2181990, "rd-bl Apply"},       {0x2172698, "rd-bl CreateVertexDeclaration"}, {0x218493c, "rd-bl ChangeRenderTarget"},
port/src/native/render/render_rd_test.cpp	70	0x2172698	fn	0	_ZN4Aska14RenderDeviceGL23CreateVertexDeclarationEm+0x0	0x217b048	0	1	{0x2181990, "rd-bl Apply"},       {0x2172698, "rd-bl CreateVertexDeclaration"}, {0x218493c, "rd-bl ChangeRenderTarget"},
port/src/native/render/render_rd_test.cpp	70	0x218493c	fn	0	_ZN4Aska21RenderTargetManagerGL18ChangeRenderTargetEPNS_12RenderTargetEi+0x0	0x218d2ec	0	1	{0x2181990, "rd-bl Apply"},       {0x2172698, "rd-bl CreateVertexDeclaration"}, {0x218493c, "rd-bl ChangeRenderTarget"},
port/src/native/render/render_rd_test.cpp	71	0x21a1e70	fn	0	_ZNK4Aska24PostProcessBufferManager21GetColorBufferTextureEv+0x0	0x21aa820	0	1	{0x21a1e70, "rd-bl GetColorBufferTexture"}, {0x2172b98, "rd-bl SetTexture"}, {0x21851e8, "rd-bl RenderTargetToTexture"},
port/src/native/render/render_rd_test.cpp	71	0x2172b98	fn	0	_ZN4Aska14RenderDeviceGL10SetTextureEjPKPNS_11GpuResourceE+0x0	0x217b548	0	1	{0x21a1e70, "rd-bl GetColorBufferTexture"}, {0x2172b98, "rd-bl SetTexture"}, {0x21851e8, "rd-bl RenderTargetToTexture"},
port/src/native/render/render_rd_test.cpp	71	0x21851e8	fn	0	_ZN4Aska21RenderTargetManagerGL21RenderTargetToTextureEPPNS_11GpuResourceEPNS_12RenderTargetE+0x0	0x218db98	0	1	{0x21a1e70, "rd-bl GetColorBufferTexture"}, {0x2172b98, "rd-bl SetTexture"}, {0x21851e8, "rd-bl RenderTargetToTexture"},
port/src/native/render/render_rd_test.cpp	72	0x2181c04	fn	0	_ZN4Aska11RenderState6Static11EnableZTestEPNS_14RenderDeviceGLEb+0x0	0x218a5b4	0	1	{0x2181c04, "rd-bl EnableZTest"}, {0x21cc784, "rd-bl SetShader"},
port/src/native/render/render_rd_test.cpp	72	0x21cc784	fn	0	_ZN4Aska18SimplePrimRenderer9SetShaderEii+0x0	0x21d5134	0	1	{0x2181c04, "rd-bl EnableZTest"}, {0x21cc784, "rd-bl SetShader"},
port/src/native/render/render_rd_test.cpp	73	0x21760d4	fn	0	_ZN4Aska14RenderDeviceGL23SetVertexShaderConstantEiPKvi+0x0	0x217ea84	0	1	{0x21760d4, "rd-bl SetVS"},       {0x2176170, "rd-bl SetPS"},      {0x21746fc, "rd-bl Draw"},
port/src/native/render/render_rd_test.cpp	73	0x2176170	fn	0	_ZN4Aska14RenderDeviceGL22SetPixelShaderConstantEiPKvi+0x0	0x217eb20	0	1	{0x21760d4, "rd-bl SetVS"},       {0x2176170, "rd-bl SetPS"},      {0x21746fc, "rd-bl Draw"},
port/src/native/render/render_rd_test.cpp	73	0x21746fc	fn	0	_ZN4Aska14RenderDeviceGL20DrawIndexedPrimitiveENS_8PrimType4TypeERNS_11IndexBufferEjm+0x0	0x217d0ac	0	1	{0x21760d4, "rd-bl SetVS"},       {0x2176170, "rd-bl SetPS"},      {0x21746fc, "rd-bl Draw"},
port/src/native/render/render_rd_test.cpp	74	0x216cfb4	fn	0	_ZNK4Aska14RenderDeviceGL12GetGLVersionEv+0x0	0x2175964	0	1	{0x216cfb4, "rd-bl GetGLVersion"},
port/src/native/render/render_rd_test.cpp	123	0x2cd2960	near	0	_ZN4Aska24PostProcessBufferManager29m_usMainPreserveTextureHeightE+0x6 (nearest symbol)	0x2cd0960 (nearest-symbol guess: check)	0	1	u8* const prim = (u8*)(lib + 0x2cd2960);
port/src/native/render/render_scene_test.cpp	117	0x2cd27f8	near	0	_ZGVZN4Aska15_RenderDeviceGL16TextureHandlerGL6CreateEPNS_11GpuResourceEE22sbIsEnableDepthTexture+0x80 (nearest symbol)	0x2cd07f8 (nearest-symbol guess: check)	1	1	// the engine's glMapBufferRange pointer (ELF 0x2cd27f8) is swapped for a fake function for the
port/src/native/render/render_scene_test.cpp	120	0x2cd27f8	near	0	_ZGVZN4Aska15_RenderDeviceGL16TextureHandlerGL6CreateEPNS_11GpuResourceEE22sbIsEnableDepthTexture+0x80 (nearest symbol)	0x2cd07f8 (nearest-symbol guess: check)	0	1	const u64 map_slot = lib_va(0x2cd27f8);
port/src/native/render/render_swap.cpp	5	0x2cd2798	near	0	_ZGVZN4Aska15_RenderDeviceGL16TextureHandlerGL6CreateEPNS_11GpuResourceEE22sbIsEnableDepthTexture+0x20 (nearest symbol)	0x2cd0798 (nearest-symbol guess: check)	1	0	// {depth, stencil}) through the function pointer the engine looked up (ELF 0x2cd2798; the
port/src/native/render/render_swap.cpp	7	0x2cd2740	near	0	_ZN4Aska15PrimitiveBuffer6Static22s_pIndexBufferQuadListE+0x10 (nearest symbol)	0x2cd0740 (nearest-symbol guess: check)	1	0	// eglSwapBuffers(display, surface) (the engine's EGL globals at ELF 0x2cd2740 / 0x2cd2750) when
port/src/native/render/render_swap.cpp	7	0x2cd2750	near	0	_ZN4Aska15PrimitiveBuffer6Static22s_pIndexBufferQuadListE+0x20 (nearest symbol)	0x2cd0750 (nearest-symbol guess: check)	1	0	// eglSwapBuffers(display, surface) (the engine's EGL globals at ELF 0x2cd2740 / 0x2cd2750) when
port/src/native/render/render_swap.cpp	48	0x2cd2798	near	0	_ZGVZN4Aska15_RenderDeviceGL16TextureHandlerGL6CreateEPNS_11GpuResourceEE22sbIsEnableDepthTexture+0x20 (nearest symbol)	0x2cd0798 (nearest-symbol guess: check)	0	0	r.discard_fn = lib_va(0x2cd2798);
port/src/native/render/render_swap.cpp	49	0x2cd2740	near	0	_ZN4Aska15PrimitiveBuffer6Static22s_pIndexBufferQuadListE+0x10 (nearest symbol)	0x2cd0740 (nearest-symbol guess: check)	0	0	r.egl_display = lib_va(0x2cd2740);
port/src/native/render/render_swap.cpp	50	0x2cd2750	near	0	_ZN4Aska15PrimitiveBuffer6Static22s_pIndexBufferQuadListE+0x20 (nearest symbol)	0x2cd0750 (nearest-symbol guess: check)	0	0	r.egl_surface = lib_va(0x2cd2750);
port/src/native/restore/restore370_test.cpp	47	0x2bfd000	near	0	_ZN7CBattle14tBattleInfoSet8m_fTimerE+0x43c (nearest symbol)	0x2bfb000 (nearest-symbol guess: check)	1	1	// (0x2bfd000), which the 3.8.0 initialisers filled; the 3.7.0 table (0x2bfb000) isn't.
port/src/native/restore/restore370_test.cpp	48	0x1d9a7b8	fn	0	_ZNSt6__ndk116__rotate_forwardINS_11__wrap_iterIPN16CTutorialManager6tUISetEEEEET_S6_S6_S6_+0xdc	0x1d9fb54	0	1	u32 insn = *(u32*)(r->base + 0x1d9a7b8);
port/src/native/restore/restore370_test.cpp	54	0x1d9a7b8	fn	0	_ZNSt6__ndk116__rotate_forwardINS_11__wrap_iterIPN16CTutorialManager6tUISetEEEEET_S6_S6_S6_+0xdc	0x1d9fb54	0	1	u64 page = ((r->base + 0x1d9a7b8) & ~0xfffull) + (u64)(imm << 12);
port/src/native/restore/restore370_test.cpp	55	0x2bfd000	near	0	_ZN7CBattle14tBattleInfoSet8m_fTimerE+0x43c (nearest symbol)	0x2bfb000 (nearest-symbol guess: check)	0	1	t.expect_eq(page, (m->base + 0x2bfd000) & ~0xfffull, "SetBattleTutorial_UI table page");
port/src/native/restore/restore370_test.cpp	59	0x2bfd5a0	near	0	_ZN8CStampUI10m_InstanceE+0xa0 (nearest symbol)	0x2bfb5a0 (nearest-symbol guess: check)	0	1	const u32* live_tab = (const u32*)(m->base + 0x2bfd5a0);
port/src/native/restore/restore_campaign.cpp	11	0x1abc36c	fn	0	lambda:N18CMissionSelectPart5SetupEv#2.6+0x35c	changed	1	0	//     instruction of the tap lambda in CMissionSelectPart::CreateList (3.8.0 0x1abc36c
port/src/native/restore/restore_campaign.cpp	12	0x1ab49b8	fn	0	_ZN17CMenuVoiceManager12StopPlayPackERKNSt6__ndk112basic_stringIcNS0_11char_traitsIcEEN9Framework13CSTLAllocatorIcNS4_22CSTLStringAllocatorInfEEEEEf+0x1c0	0x1aacb40	1	0	//     `mov w9, #7`; 3.7.0 0x1ab49b8 `mov w9, #5`, both stored to CMissionSelectPart+0x188, the
port/src/native/restore/restore_campaign.cpp	43	0x1abc36c	fn	0	lambda:N18CMissionSelectPart5SetupEv#2.6+0x35c	changed	0	0	constexpr u64 kSelectPartNextPhaseInsn = 0x1abc36c;  // in the CreateList tap lambda
port/src/native/restore/restore_favor_achievement.cpp	6	0x185b508	fn	0	_ZNSt6__ndk18functionIFijjEE4swapERS2_+0x70	0x1850a6c	1	0	// (CAdjutantSelect::Progress) and the home badge. 3.7.0 (@0x185b508 in libSOA-3.7.0.so) and 3.8.0
port/src/native/restore/restore_favor_achievement.cpp	7	0x18648d4	fn	0	_ZThn80_N17CBoardResetDialogD1Ev+0x4	0x1859e38	1	0	// (@0x18648d4) differ only in the favor level stored at element +0x70: 3.7.0 stores L(id) of the
port/src/native/ui/cocos/cocos_drawself_test.cpp	1283	0x1f52018	fn	0	_ZN4Aska6RandomEv+0x0	0x1f599c8	0	1	u64 rand_state = t.sym("_ZN4Aska6RandomEv") - 0x1f52018 + 0x2cce9f0;
port/src/native/ui/cocos/cocos_drawself_test.cpp	1283	0x2cce9f0	near	0	_ZN4Aska26g_uiLowPrecisionRandomSeedE+0x8 (nearest symbol)	0x2ccc9f0 (nearest-symbol guess: check)	0	1	u64 rand_state = t.sym("_ZN4Aska6RandomEv") - 0x1f52018 + 0x2cce9f0;
port/src/native/ui/cocos/cocos_drawself_test.cpp	1283	_ZN4Aska6RandomEv-0x1f52018	symoff	0	_ZN4Aska6RandomEv	identical body: offset holds	0	1	u64 rand_state = t.sym("_ZN4Aska6RandomEv") - 0x1f52018 + 0x2cce9f0;
port/src/native/ui/cocos/cocos_input.cpp	62	0x1e9e64c	fn	0	anon:_ZNSt6__ndk16vectorIPN9Framework5Cocos11CCocosTouchENS1_13CSTLAllocatorIS4_NS1_22CSTLVectorAllocatorInfEEEE21__push_back_slow_pathIRKS4_EEvOT_#1+0x0	0x1ea8ffc	0	0	main_lib()->base + 0x1e9e64c,  // the listener sort (stable sort by scene-graph priority), a local function
port/src/native/ui/cocos/cocos_input_test.cpp	361	0x1f52018	fn	0	_ZN4Aska6RandomEv+0x0	0x1f599c8	0	1	u64 base = t.sym("_ZN4Aska6Random" "Ev") - 0x1f52018;
port/src/native/ui/cocos/cocos_input_test.cpp	362	0x1eaee14	fn	0	lambda:N9Framework5Cocos10CCocosNode29SetEventListenerTouchCallbackEv#1.6+0x0	0x1eb97c4	0	1	const u64 lambdas[5] = {base + 0x1eaee14, base + 0x1eaf168, base + 0x1eafaec, base + 0x1eb0808, base + 0x1eaead8};
port/src/native/ui/cocos/cocos_input_test.cpp	362	0x1eaf168	fn	0	lambda:N9Framework5Cocos10CCocosNode29SetEventListenerTouchCallbackEv#2.6+0x0	0x1eb9b18	0	1	const u64 lambdas[5] = {base + 0x1eaee14, base + 0x1eaf168, base + 0x1eafaec, base + 0x1eb0808, base + 0x1eaead8};
port/src/native/ui/cocos/cocos_input_test.cpp	362	0x1eafaec	fn	0	lambda:N9Framework5Cocos10CCocosNode29SetEventListenerTouchCallbackEv#3.6+0x0	0x1eba49c	0	1	const u64 lambdas[5] = {base + 0x1eaee14, base + 0x1eaf168, base + 0x1eafaec, base + 0x1eb0808, base + 0x1eaead8};
port/src/native/ui/cocos/cocos_input_test.cpp	362	0x1eb0808	fn	0	lambda:N9Framework5Cocos10CCocosNode29SetEventListenerTouchCallbackEv#4.6+0x0	0x1ebb1b8	0	1	const u64 lambdas[5] = {base + 0x1eaee14, base + 0x1eaf168, base + 0x1eafaec, base + 0x1eb0808, base + 0x1eaead8};
port/src/native/ui/cocos/cocos_input_test.cpp	362	0x1eaead8	fn	0	lambda:N9Framework5Cocos10CCocosNode29SetEventListenerTouchCallbackEv#0.6+0x0	0x1eb9488	0	1	const u64 lambdas[5] = {base + 0x1eaee14, base + 0x1eaf168, base + 0x1eafaec, base + 0x1eb0808, base + 0x1eaead8};
port/src/native/ui/cocos/cocos_transcribed.cpp	172	0x1f52018	fn	0	_ZN4Aska6RandomEv+0x0	0x1f599c8	0	0	static const u64 base = guest::sym("_ZN4Aska6RandomEv") - 0x1f52018;
port/src/native/ui/cocos/cocos_transcribed.cpp	172	_ZN4Aska6RandomEv-0x1f52018	symoff	0	_ZN4Aska6RandomEv	identical body: offset holds	0	0	static const u64 base = guest::sym("_ZN4Aska6RandomEv") - 0x1f52018;
port/src/native/ui/cocos/cocos_transcribed.cpp	173	0x1eaee14	fn	0	lambda:N9Framework5Cocos10CCocosNode29SetEventListenerTouchCallbackEv#1.6+0x0	0x1eb97c4	0	0	static const std::pair<u64, void (*)(ab::A64&)> lambdas[] = {{base + 0x1eaee14, ab::b_node_touch_began},
port/src/native/ui/cocos/cocos_transcribed.cpp	174	0x1eaf168	fn	0	lambda:N9Framework5Cocos10CCocosNode29SetEventListenerTouchCallbackEv#2.6+0x0	0x1eb9b18	0	0	{base + 0x1eaf168, ab::b_node_touch_moved},
port/src/native/ui/cocos/cocos_transcribed.cpp	175	0x1eafaec	fn	0	lambda:N9Framework5Cocos10CCocosNode29SetEventListenerTouchCallbackEv#3.6+0x0	0x1eba49c	0	0	{base + 0x1eafaec, ab::b_node_touch_ended},
port/src/native/ui/cocos/cocos_transcribed.cpp	176	0x1eb0808	fn	0	lambda:N9Framework5Cocos10CCocosNode29SetEventListenerTouchCallbackEv#4.6+0x0	0x1ebb1b8	0	0	{base + 0x1eb0808, ab::b_node_touch_cancelled},
port/src/native/ui/cocos/cocos_transcribed.cpp	177	0x1eaead8	fn	0	lambda:N9Framework5Cocos10CCocosNode29SetEventListenerTouchCallbackEv#0.6+0x0	0x1eb9488	0	0	{base + 0x1eaead8, ab::b_node_touch_cancel_all}};
port/src/native/ui/home_view.cpp	67	0x2703a35	str	0	str:'btlcamera1'+3	0x26fac65	0	0	u64 n = guest_call(search, {asf, (u64)lib_str(0x2703a35)});  // "camera1"
port/src/native/ui/home_view.cpp	70	0x26ece1a	str	0	str:'camera1_aim'+0	0x26e404a	0	0	u64 m = guest_call(search, {asf, (u64)lib_str(0x26ece1a)});  // "camera1_aim"
port/src/native/ui/screen/screen_chara.cpp	39	0x2824b7c	str	0	str:'all/chara/Slider'+10	0x28213ac	0	0	u64 slider = search_ex(scene, (const char*)lib(0x2824b7c));  // "Slider"
port/src/native/ui/screen/screen_chara.cpp	40	0x27113bb	str	0	str:'chara/CelView/Button_00000'+0	0x270871b	0	0	u64 cell = search_ex(scene, (const char*)lib(0x27113bb));    // "chara/CelView/Button_00000"
port/src/native/ui/screen/screen_chara.cpp	41	0x2711287	str	0	str:'chara/CelView'+0	0x27085e7	0	0	u64 view = search_ex(scene, (const char*)lib(0x2711287));    // "chara/CelView"
port/src/native/ui/screen/screen_chara.cpp	42	0x2a1f5d8	slot	0	vtable with slot lambda:N13EventScenario21CEventScenarioBackLog4ShowEf#1.0 (at +16)	0x2a1a2b8	0	0	Function fn{{lib(0x2a1f5d8 + 0x10), self, 0, 0}, 0};
port/src/native/ui/screen/screen_chara.cpp	55	0x2824b7c	str	0	str:'all/chara/Slider'+10	0x28213ac	0	0	a.i(scene).i(lib(0x2824b7c));
port/src/native/ui/screen/screen_chara.cpp	96	0x2a1f258	slot	0	vtable with slot lambda:N6CArena19SetDisconnectPlayerEbi#0.0 (at +16)	0x2a19fb8	0	0	Function fn{{lib(0x2a1f258 + 0x10), self, 0, 0}, 0};
port/src/native/ui/screen/screen_common.cpp	39	0x27fed24	str	0	str:'list/plate/ScrollView/Node_2/money/money'+35	0x27f8614	0	0	guest_call(set_num, {fld<u64>(self, 0x478), lib(0x27fed24), (u32)coin});  // "money"
port/src/native/ui/screen/screen_common.cpp	49	0x27876bf	str	0	str:'uimsg_material_compose_need_fol'+28	0x277ef9f	0	0	guest_call(set_num, {fld<u64>(self, 0x470), lib(0x27876bf), (u32)fld<s32>(self, 0x4d4)});  // "fol"
port/src/native/ui/screen/screen_common.cpp	95	0x2711368	str	0	str:'star_l_in'+0	0x27086c8	0	0	std::string name((const char*)lib(0x2711368), 8);
port/src/native/ui/screen/screen_home.cpp	52	0x27b8c72	str	0	str:'main_button3/count_dd'+0	0x27b0add	0	0	u64 img = search_ex(fld<u64>(self, 0x138), lib_str(0x27b8c72));  // "main_button3/count_dd"
port/src/native/ui/screen/screen_home.cpp	54	0x278cf2f	str	0	str:'Node_1/Text_1'+7	0x278480f	0	0	guest_call(badge, {img, v, (u64)lib_str(0x278cf2f), (u64)lib_str(0x2775841), 99});  // "Text_1", "plus"
port/src/native/ui/screen/screen_home.cpp	54	0x2775841	str	0	str:'enemy_count/plus'+12	0x276cef1	0	0	guest_call(badge, {img, v, (u64)lib_str(0x278cf2f), (u64)lib_str(0x2775841), 99});  // "Text_1", "plus"
port/src/native/ui/screen/screen_home.cpp	84	0x27865b2	str	0	str:'Node_stamina_anime'+0	0x277dd0e	0	0	u64 node = search_ex(common(self), lib_str(0x27865b2));  // "Node_stamina_anime"
port/src/native/ui/screen/screen_home.cpp	92	0x2786466	str	0	str:'btn_stamina'+0	0x277dbcc	0	0	u64 img = search_ex(node, lib_str(0x2786466));  // "btn_stamina"
port/src/native/ui/screen/screen_home.cpp	103	0x27b8f92	str	0	str:'Node_4_present/pre'+0	0x27b0dfd	0	0	u64 btn = search_ex(fld<u64>(self, 0x138), lib_str(0x27b8f92));  // "Node_4_present/pre"
port/src/native/ui/screen/screen_other.cpp	86	0x2711368	str	0	str:'star_l_in'+0	0x27086c8	0	0	std::string name((const char*)lib(0x2711368), 8);
port/src/native/ui/screen/screen_phase.cpp	233	0x276bf06	str	0	str:'NextPhase TitleLogo'+0	0x27631d8	0	0	{0x28, "_ZN16CPhase_TitleLogoC1Ev", 0x276bf06},
port/src/native/ui/screen/screen_phase.cpp	234	0x276bf1a	str	0	str:'NextPhase Title'+0	0x27631ec	0	0	{0x28, "_ZN12CPhase_TitleC1Ev", 0x276bf1a},
port/src/native/ui/screen/screen_phase.cpp	235	0x276bf2a	str	0	str:'NextPhase Login'+0	0x27631fc	0	0	{0x30, "_ZN12CPhase_LoginC1Ev", 0x276bf2a},
port/src/native/ui/screen/screen_phase.cpp	236	0x276bf3a	str	0	str:'NextPhase Event'+0	0x276320c	0	0	{0x30, "_ZN12CPhase_EventC1Ev", 0x276bf3a},
port/src/native/ui/screen/screen_phase.cpp	237	0x276bf4a	str	0	str:'NextPhase Home'+0	0x276321c	0	0	{0x30, "_ZN11CPhase_HomeC1Ev", 0x276bf4a},
port/src/native/ui/screen/screen_phase.cpp	238	0x276bf59	str	0	str:'NextPhase Mission'+0	0x276322b	0	0	{0x50, "_ZN14CPhase_MissionC1Ev", 0x276bf59},
port/src/native/ui/screen/screen_phase.cpp	239	0x276bf6b	str	0	str:'NextPhase DeepSpace'+0	0x276323d	0	0	{0x28, "_ZN16CPhase_DeepSpaceC1Ev", 0x276bf6b},
port/src/native/ui/screen/screen_phase.cpp	240	0x276bf7f	str	0	str:'NextPhase ScenarioLibrary'+0	0x2763251	0	0	{0x28, "_ZN22CPhase_ScenarioLibraryC1Ev", 0x276bf7f},
port/src/native/ui/screen/screen_phase.cpp	241	0x276bf99	str	0	str:'NextPhase SelectPart'+0	0x276326b	0	0	{0x28, "_ZN17CPhase_SelectPartC1Ev", 0x276bf99},
port/src/native/ui/screen/screen_phase.cpp	242	0x276bfae	str	0	str:'NextPhase ItemMenu'+0	0x2763280	0	0	{0x30, "_ZN15CPhase_ItemMenuC1Ev", 0x276bfae},
port/src/native/ui/screen/screen_phase.cpp	243	0x276bfc1	str	0	str:'NextPhase Shop'+0	0x2763293	0	0	{0x30, "_ZN11CPhase_ShopC1Ev", 0x276bfc1},
port/src/native/ui/screen/screen_phase.cpp	244	0x276bfd0	str	0	str:'NextPhase PartyComposition'+0	0x27632a2	0	0	{0x30, "_ZN23CPhase_PartyCompositionC1Ev", 0x276bfd0},
port/src/native/ui/screen/screen_phase.cpp	245	0x276bfeb	str	0	str:'NextPhase OtherMenu'+0	0x27632bd	0	0	{0x30, "_ZN16CPhase_OtherMenuC1Ev", 0x276bfeb},
port/src/native/ui/screen/screen_phase.cpp	246	0x276bfff	str	0	str:'NextPhase FriendMenu'+0	0x27632d1	0	0	{0x30, "_ZN17CPhase_FriendMenuC1Ev", 0x276bfff},
port/src/native/ui/screen/screen_phase.cpp	247	0x276c014	str	0	str:'NextPhase Presentbox'+0	0x27632e6	0	0	{0x30, "_ZN17CPhase_PresentboxC1Ev", 0x276c014},
port/src/native/ui/screen/screen_phase.cpp	248	0x276c04c	str	0	str:'NextPhase Battle'+0	0x276331e	0	0	{0x28, "_ZN13CPhase_BattleC1Ev", 0x276c04c},
port/src/native/ui/screen/screen_phase.cpp	249	0x276c04c	str	0	str:'NextPhase Battle'+0	0x276331e	0	0	{0x28, "_ZN13CPhase_BattleC1Ev", 0x276c04c},
port/src/native/ui/screen/screen_phase.cpp	250	0x276c05d	str	0	str:'NextPhase Gacha'+0	0x276332f	0	0	{0x30, "_ZN12CPhase_GachaC1Ev", 0x276c05d},
port/src/native/ui/screen/screen_phase.cpp	251	0x276c06d	str	0	str:'NextPhase Setting'+0	0x276333f	0	0	{0x30, "_ZN20CPhase_SystemSettingC1Ev", 0x276c06d},
port/src/native/ui/screen/screen_phase.cpp	252	0x276c07f	str	0	str:'NextPhase DataDownload'+0	0x2763351	0	0	{0x58, "_ZN19CPhase_DataDownloadC1Ev", 0x276c07f},
port/src/native/ui/screen/screen_phase.cpp	253	0x276c096	str	0	str:'NextPhase AchievementMenu'+0	0x2763368	0	0	{0, nullptr, 0x276c096},
port/src/native/ui/screen/screen_phase.cpp	254	0x276c0b0	str	0	str:'NextPhase PlayerInitialize'+0	0x2763382	0	0	{0x28, "_ZN23CPhase_PlayerInitializeC1Ev", 0x276c0b0},
port/src/native/ui/screen/screen_phase.cpp	255	0x276c0cb	str	0	str:'NextPhase Server'+0	0x276339d	0	0	{0x38, "_ZN13CPhase_ServerC1Ev", 0x276c0cb},
port/src/native/ui/screen/screen_phase.cpp	256	0x276c0dc	str	0	str:'NextPhase Tutorial'+0	0x27633ae	0	0	{0x28, "_ZN19CPhase_TutorialNextC1Ej", 0x276c0dc},
port/src/native/ui/screen/screen_phase.cpp	257	0x276c0ef	str	0	str:'NextPhase InterruptionResume'+0	0x27633c1	0	0	{0x28, "_ZN25CPhase_InterruptionResumeC1Ev", 0x276c0ef},
port/src/native/ui/screen/screen_phase.cpp	258	0x276c10c	str	0	str:'NextPhase BattleResumeCheck'+0	0x27633de	0	0	{0x28, "_ZN24CPhase_BattleResumeCheckC1Ev", 0x276c10c},
port/src/native/ui/screen/screen_phase.cpp	259	0x276c128	str	0	str:'NextPhase BattleGetPlayer'+0	0x27633fa	0	0	{0x28, "_ZN22CPhase_BattleGetPlayerC1Ev", 0x276c128},
port/src/native/ui/screen/screen_phase.cpp	260	0x276c142	str	0	str:'NextPhase CBT_End'+0	0x2763414	0	0	{0x28, nullptr, 0x276c142},  // CBT_End: local constructor, through its PLT entry
port/src/native/ui/screen/screen_phase.cpp	261	0x276c154	str	0	str:'NextPhase TermInfo'+0	0x2763426	0	0	{0x30, "_ZN15CPhase_TermInfoC1Ev", 0x276c154},
port/src/native/ui/screen/screen_phase.cpp	266	0x26e3fbc	str	0	str:'The argument has gotten numeric out of r'+0	0x26db1f8	0	0	guest_call(assert_fn, {lib(0x276bea0), 0xbd, lib(0x26e3fbc), id, 0x1d});
port/src/native/ui/screen/screen_phase.cpp	292	0x276c167	str	0	str:'Illegal phase.(%d)'+0	0x2763439	0	0	guest_call(assert_fn, {lib(0x276bea0), 0x1b0, lib(0x276c167), phase});
port/src/native/ui/screen/screen_phase.cpp	295	0x276c029	str	0	str:'From SingleBattle'+0	0x27632fb	0	0	if (phase == 0xf) guest_call(crumb_fn, {lib(0x276c029)});
port/src/native/ui/screen/screen_phase.cpp	296	0x276c03b	str	0	str:'From MultiBattle'+0	0x276330d	0	0	if (phase == 0x10) guest_call(crumb_fn, {lib(0x276c03b)});
port/src/native/ui/screen/screen_phase.cpp	321	0x276c18a	str	0	str:'m_pPresentSubstance is null.'+0	0x276345c	0	0	guest_call(assert_fn, {lib(0x276bea0), 0x29c, lib(0x276c18a)});
port/src/native/ui/screen/screen_settings.cpp	62	0x2711368	str	0	str:'star_l_in'+0	0x27086c8	0	0	std::string name((const char*)lib(0x2711368), 8);
port/src/native/ui/screen/screen_settings.cpp	172	0x2843f7a	str	0	str:'pop1/window/config3/ScrollView_1/1/sub/S'+0	0x2840d67	0	0	{0x2843f7a, 0x2843faa, 0x2843fd9, 0, "_ZN10CUIUtility12SetBGMVolumeEib"},
port/src/native/ui/screen/screen_settings.cpp	172	0x2843faa	str	0	str:'pop1/window/config3/ScrollView_1/1/sub/B'+0	0x2840d97	0	0	{0x2843f7a, 0x2843faa, 0x2843fd9, 0, "_ZN10CUIUtility12SetBGMVolumeEib"},
port/src/native/ui/screen/screen_settings.cpp	172	0x2843fd9	str	0	str:'pop1/window/config3/ScrollView_1/1/sub/B'+0	0x2840dc6	0	0	{0x2843f7a, 0x2843faa, 0x2843fd9, 0, "_ZN10CUIUtility12SetBGMVolumeEib"},
port/src/native/ui/screen/screen_settings.cpp	173	0x2844008	str	0	str:'pop1/window/config3/ScrollView_1/2/sub/S'+0	0x2840df5	0	0	{0x2844008, 0x2844038, 0x2844067, 0, "_ZN10CUIUtility11SetSEVolumeEib"},
port/src/native/ui/screen/screen_settings.cpp	173	0x2844038	str	0	str:'pop1/window/config3/ScrollView_1/2/sub/B'+0	0x2840e25	0	0	{0x2844008, 0x2844038, 0x2844067, 0, "_ZN10CUIUtility11SetSEVolumeEib"},
port/src/native/ui/screen/screen_settings.cpp	173	0x2844067	str	0	str:'pop1/window/config3/ScrollView_1/2/sub/B'+0	0x2840e54	0	0	{0x2844008, 0x2844038, 0x2844067, 0, "_ZN10CUIUtility11SetSEVolumeEib"},
port/src/native/ui/screen/screen_settings.cpp	174	0x2844096	str	0	str:'pop1/window/config3/ScrollView_1/3/sub/S'+0	0x2840e83	0	0	{0x2844096, 0x28440c6, 0x28440f5, 0, "_ZN10CUIUtility14SetVoiceVolumeEib"},
port/src/native/ui/screen/screen_settings.cpp	174	0x28440c6	str	0	str:'pop1/window/config3/ScrollView_1/3/sub/B'+0	0x2840eb3	0	0	{0x2844096, 0x28440c6, 0x28440f5, 0, "_ZN10CUIUtility14SetVoiceVolumeEib"},
port/src/native/ui/screen/screen_settings.cpp	174	0x28440f5	str	0	str:'pop1/window/config3/ScrollView_1/3/sub/B'+0	0x2840ee2	0	0	{0x2844096, 0x28440c6, 0x28440f5, 0, "_ZN10CUIUtility14SetVoiceVolumeEib"},
port/src/native/ui/screen/screen_settings.cpp	175	0x2844124	str	0	str:'pop1/window/config3/ScrollView_1/8/sub/S'+0	0x2840f11	0	0	{0x2844124, 0x2844154, 0x2844183, 0, "_ZN10CUIUtility14SetMovieVolumeEib"},
port/src/native/ui/screen/screen_settings.cpp	175	0x2844154	str	0	str:'pop1/window/config3/ScrollView_1/8/sub/B'+0	0x2840f41	0	0	{0x2844124, 0x2844154, 0x2844183, 0, "_ZN10CUIUtility14SetMovieVolumeEib"},
port/src/native/ui/screen/screen_settings.cpp	175	0x2844183	str	0	str:'pop1/window/config3/ScrollView_1/8/sub/B'+0	0x2840f70	0	0	{0x2844124, 0x2844154, 0x2844183, 0, "_ZN10CUIUtility14SetMovieVolumeEib"},
port/src/native/ui/screen/screen_settings.cpp	176	0x28430bb	str	0	str:'pop1/window/config1/1/plate/sub/Slider_1'+0	0x283ff28	0	0	{0x28430bb, 0x28430e4, 0x284310c, 1, "_ZN10CUIUtility12SetFrameRateENS_13FrameRateTypeEb"},
port/src/native/ui/screen/screen_settings.cpp	176	0x28430e4	str	0	str:'pop1/window/config1/1/plate/sub/Button+'+0	0x283ff51	0	0	{0x28430bb, 0x28430e4, 0x284310c, 1, "_ZN10CUIUtility12SetFrameRateENS_13FrameRateTypeEb"},
port/src/native/ui/screen/screen_settings.cpp	176	0x284310c	str	0	str:'pop1/window/config1/1/plate/sub/Button-'+0	0x283ff79	0	0	{0x28430bb, 0x28430e4, 0x284310c, 1, "_ZN10CUIUtility12SetFrameRateENS_13FrameRateTypeEb"},
port/src/native/ui/screen/screen_settings.cpp	177	0x2844aa9	str	0	str:'pop1/window/config5/1/plate/sub/Slider_1'+0	0x2841823	0	0	{0x2844aa9, 0x2844ad2, 0x2844afa, 2, "_ZN10CUIUtility21SetEventAutoPageSpeedEi"},
port/src/native/ui/screen/screen_settings.cpp	177	0x2844ad2	str	0	str:'pop1/window/config5/1/plate/sub/Button+'+0	0x284184c	0	0	{0x2844aa9, 0x2844ad2, 0x2844afa, 2, "_ZN10CUIUtility21SetEventAutoPageSpeedEi"},
port/src/native/ui/screen/screen_settings.cpp	177	0x2844afa	str	0	str:'pop1/window/config5/1/plate/sub/Button-'+0	0x2841874	0	0	{0x2844aa9, 0x2844ad2, 0x2844afa, 2, "_ZN10CUIUtility21SetEventAutoPageSpeedEi"},
port/src/native/ui/screen/screen_settings.cpp	197	0x28431b5	str	0	str:'pop1/window/config1/2/plate/sub/Slider_1'+0	0x2840022	0	0	const u64 paths[2][3] = {{0x28431b5, 0x28431de, 0x2843206}, {0x2843354, 0x284337d, 0x28433a5}};
port/src/native/ui/screen/screen_settings.cpp	197	0x28431de	str	0	str:'pop1/window/config1/2/plate/sub/Button+'+0	0x284004b	0	0	const u64 paths[2][3] = {{0x28431b5, 0x28431de, 0x2843206}, {0x2843354, 0x284337d, 0x28433a5}};
port/src/native/ui/screen/screen_settings.cpp	197	0x2843206	str	0	str:'pop1/window/config1/2/plate/sub/Button-'+0	0x2840073	0	0	const u64 paths[2][3] = {{0x28431b5, 0x28431de, 0x2843206}, {0x2843354, 0x284337d, 0x28433a5}};
port/src/native/ui/screen/screen_settings.cpp	197	0x2843354	str	0	str:'pop1/window/config1/5/plate/sub/Slider_1'+0	0x284011c	0	0	const u64 paths[2][3] = {{0x28431b5, 0x28431de, 0x2843206}, {0x2843354, 0x284337d, 0x28433a5}};
port/src/native/ui/screen/screen_settings.cpp	197	0x284337d	str	0	str:'pop1/window/config1/5/plate/sub/Button+'+0	0x2840145	0	0	const u64 paths[2][3] = {{0x28431b5, 0x28431de, 0x2843206}, {0x2843354, 0x284337d, 0x28433a5}};
port/src/native/ui/screen/screen_settings.cpp	197	0x28433a5	str	0	str:'pop1/window/config1/5/plate/sub/Button-'+0	0x284016d	0	0	const u64 paths[2][3] = {{0x28431b5, 0x28431de, 0x2843206}, {0x2843354, 0x284337d, 0x28433a5}};
port/src/native/ui/screen/screen_settings.cpp	214	0x2843ecb	str	0	str:'pop1/window/config2/ScrollView_battle/2/'+0	0x2840cb8	0	0	u64 sl = scene ? cocos::search_by_tree_name(scene, (const char*)lib(0x2843ecb)) : 0;
port/src/native/ui/screen/screen_settings.cpp	217	0x2843f06	str	0	str:'pop1/window/config2/ScrollView_battle/2/'+0	0x2840cf3	0	0	dim(scene, (const char*)lib(0x2843f06), far);
port/src/native/ui/screen/screen_settings.cpp	218	0x2843f40	str	0	str:'pop1/window/config2/ScrollView_battle/2/'+0	0x2840d2d	0	0	dim(scene, (const char*)lib(0x2843f40), !far);
port/src/native/ui/screen/screen_settings.cpp	228	0x2843258	str	0	str:'pop1/window/config1/7_player_chara_effec'+20	string not in 3.7.0	0	0	if (type == 0) base += (const char*)lib(0x2843258);
port/src/native/ui/screen/screen_settings.cpp	229	0x2843282	str	0	str:'pop1/window/config1/8_enemy_effect'+20	string not in 3.7.0	0	0	else if (type == 2) base += (const char*)lib(0x2843282);
port/src/native/ui/screen/screen_settings.cpp	231	0x28430d0	str	0	str:'pop1/window/config1/1/plate/sub/Slider_1'+21	0x283ff3d	0	0	u64 sl = cocos::search_by_tree_name(scene, base + (const char*)lib(0x28430d0));
port/src/native/ui/screen/screen_settings.cpp	243	0x28430f9	str	0	str:'pop1/window/config1/1/plate/sub/Button+'+21	0x283ff66	0	0	dim(scene, (base + (const char*)lib(0x28430f9)).c_str(), !(v < 100));
port/src/native/ui/screen/screen_settings.cpp	244	0x2843121	str	0	str:'pop1/window/config1/1/plate/sub/Button-'+21	0x283ff8e	0	0	dim(scene, (base + (const char*)lib(0x2843121)).c_str(), v < 1);
port/src/native/ui/screen/screen_stamina.cpp	42	0x28ddc55	str	0	str:'foreign key'+8	0x28dbbc5	0	0	QueryParam q{lib(0x28ddc55), 3, (u64)buf, strlen(buf), 0, 0, {}};  // "key"
port/src/native/ui/screen/screen_stamina.cpp	46	0x2768fb5	str	0	str:'SELECT * FROM master_global WHERE key=?'+0	0x27602b5	0	0	a.i(g).i(lib(0x2768fb5)).i((u64)&q).i(1);  // "SELECT * FROM master_global WHERE key=?"
port/src/native/ui/screen/screen_stamina.cpp	209	0x2786595	str	0	str:'str_Bar'+0	0x277dcf1	0	0	if (u64 bar = guest_call(bar_fn, {node, lib(0x2786595)})) {  // "str_Bar"
port/src/native/ui/screen/screen_stamina.cpp	215	0x278659d	str	0	str:'str1'+0	0x277dcf9	0	0	guest_call(set_num, {fld<u64>(self, 0x470), lib(0x278659d), now});  // "str1"
port/src/native/ui/screen/screen_stamina.cpp	216	0x27865a2	str	0	str:'str1_green'+0	0x277dcfe	0	0	guest_call(set_num, {fld<u64>(self, 0x470), lib(0x27865a2), now});  // "str1_green"
port/src/native/ui/screen/screen_stamina.cpp	218	0x27865ad	str	0	str:'str3'+0	0x277dd09	0	0	guest_call(set_num, {fld<u64>(self, 0x470), lib(0x27865ad), max});  // "str3"
port/src/native/ui/screen/screen_stamina.cpp	220	0x27865a2	str	0	str:'str1_green'+0	0x277dcfe	0	0	u64 green = guest_call(atlas, {fld<u64>(self, 0x470), lib(0x27865a2)});
port/src/native/ui/screen/screen_stamina.cpp	225	0x27865b2	str	0	str:'Node_stamina_anime'+0	0x277dd0e	0	0	u64 anime = guest_call(get_node, {fld<u64>(self, 0x470), lib(0x27865b2)});  // "Node_stamina_anime"
port/src/native/ui/screen/screen_stamina.cpp	227	0x2786466	str	0	str:'btn_stamina'+0	0x277dbcc	0	0	if (u64 btn = guest_call(get_image, {anime, lib(0x2786466)})) {  // "btn_stamina"
port/src/native/ui/screen/screen_stamina.cpp	237	0x293ec5b	str	0	str:'Requested feature was omitted at compile'+41	0x293cbab	0	0	u64 label = guest_call(atlas, {fld<u64>(self, 0x470), lib(0x293ec5b)});  // "time"
port/src/native/ui/screen/screen_title.cpp	106	0x284a389	str	0	str:'Panel_update'+0	0x284747a	0	0	u64 panel = scene ? cocos::search_by_tree_name(scene, (const char*)lib(0x284a389)) : 0;  // "Panel_update"
port/src/native/ui/screen/screen_title.cpp	109	0x2a9d0e8	slot	0	vtable with slot lambda:N6CArena19SetDisconnectPlayerEbi#0.0 (at +16)	0x2a9bb88	0	0	Function fn{{lib(0x2a9d0e8 + 0x10), self, panel, 0}, 0};
port/src/native/ui/screen/screen_title.cpp	123	0x27fe8f0	str	0	str:'planet_light'+0	0x27f81e0	0	0	std::string name((const char*)lib(0x27fe8f0), 8);
port/src/native/ui/screen/screen_title.cpp	125	0x2a9ce68	slot	0	vtable with slot lambda:N6CArena19SetDisconnectPlayerEbi#0.0 (at +16)	0x2a9b888	0	0	Function fn{{lib(0x2a9ce68 + 0x10), self, 0, 0}, 0};
port/src/native/ui/screen/screen_title.cpp	155	0x284a37c	str	0	str:'tap_to_start'+0	0x28474a0	0	0	std::string name((const char*)lib(0x284a37c), 8);
port/src/native/ui/screen/screen_title.cpp	173	0x2796eba	str	0	str:'title_out'+0	0x278e79a	0	0	std::string key((const char*)lib(0x2796eba), 8);
port/src/native/ui/screen/screen_title.cpp	199	0x284a389	str	0	str:'Panel_update'+0	0x284747a	0	0	u64 panel = scene ? cocos::search_by_tree_name(scene, (const char*)lib(0x284a389)) : 0;  // "Panel_update"
port/src/native/ui/screen/screen_title.cpp	201	0x2796eba	str	0	str:'title_out'+0	0x278e79a	0	0	std::string name((const char*)lib(0x2796eba), 8);
port/src/native/ui/screen/screen_title.cpp	203	0x2a9cee8	slot	0	vtable with slot lambda:N6CArena19SetDisconnectPlayerEbi#0.0 (at +16)	0x2a9b908	0	0	Function fn{{lib(0x2a9cee8 + 0x10), self, 0, 0}, 0};
port/src/native/ui/screen/screen_title_test.cpp	104	0x2a9d0f8	slot	0	vtable with slot lambda:N6CArena19SetDisconnectPlayerEbi#0.0 (at +0)	0x2a9bb98	0	1	(unsigned long long)fn[0], rel(fn[1]).c_str(), fn[0] == main_lib()->base + 0x2a9d0f8 ? rel(fn[2]).c_str() : "-", fn[4] == (u64)fn ? "inline" : "heap");
port/src/native/ui/screen/screen_title_test.cpp	911	0x2843f7a	str	0	str:'pop1/window/config3/ScrollView_1/1/sub/S'+0	0x2840d67	0	1	{"_ZN18CSystemSettingMenu20SetProgressBGMSliderEiPN9Framework5Cocos11CCocosSceneE", {0x2843f7a, 0x2843faa, 0x2843fd9}, "BAS:BGMVolume", {-3, 0, 1, 3, 6, 7, 9}},
port/src/native/ui/screen/screen_title_test.cpp	911	0x2843faa	str	0	str:'pop1/window/config3/ScrollView_1/1/sub/B'+0	0x2840d97	0	1	{"_ZN18CSystemSettingMenu20SetProgressBGMSliderEiPN9Framework5Cocos11CCocosSceneE", {0x2843f7a, 0x2843faa, 0x2843fd9}, "BAS:BGMVolume", {-3, 0, 1, 3, 6, 7, 9}},
port/src/native/ui/screen/screen_title_test.cpp	911	0x2843fd9	str	0	str:'pop1/window/config3/ScrollView_1/1/sub/B'+0	0x2840dc6	0	1	{"_ZN18CSystemSettingMenu20SetProgressBGMSliderEiPN9Framework5Cocos11CCocosSceneE", {0x2843f7a, 0x2843faa, 0x2843fd9}, "BAS:BGMVolume", {-3, 0, 1, 3, 6, 7, 9}},
port/src/native/ui/screen/screen_title_test.cpp	912	0x2844008	str	0	str:'pop1/window/config3/ScrollView_1/2/sub/S'+0	0x2840df5	0	1	{"_ZN18CSystemSettingMenu19SetProgressSESliderEiPN9Framework5Cocos11CCocosSceneE", {0x2844008, 0x2844038, 0x2844067}, "BAS:SEVolume", {0, 4, 7}},
port/src/native/ui/screen/screen_title_test.cpp	912	0x2844038	str	0	str:'pop1/window/config3/ScrollView_1/2/sub/B'+0	0x2840e25	0	1	{"_ZN18CSystemSettingMenu19SetProgressSESliderEiPN9Framework5Cocos11CCocosSceneE", {0x2844008, 0x2844038, 0x2844067}, "BAS:SEVolume", {0, 4, 7}},
port/src/native/ui/screen/screen_title_test.cpp	912	0x2844067	str	0	str:'pop1/window/config3/ScrollView_1/2/sub/B'+0	0x2840e54	0	1	{"_ZN18CSystemSettingMenu19SetProgressSESliderEiPN9Framework5Cocos11CCocosSceneE", {0x2844008, 0x2844038, 0x2844067}, "BAS:SEVolume", {0, 4, 7}},
port/src/native/ui/screen/screen_title_test.cpp	913	0x2844096	str	0	str:'pop1/window/config3/ScrollView_1/3/sub/S'+0	0x2840e83	0	1	{"_ZN18CSystemSettingMenu22SetProgressVoiceSliderEiPN9Framework5Cocos11CCocosSceneE", {0x2844096, 0x28440c6, 0x28440f5}, "BAS:VoiceVolume", {-1, 2, 8}},
port/src/native/ui/screen/screen_title_test.cpp	913	0x28440c6	str	0	str:'pop1/window/config3/ScrollView_1/3/sub/B'+0	0x2840eb3	0	1	{"_ZN18CSystemSettingMenu22SetProgressVoiceSliderEiPN9Framework5Cocos11CCocosSceneE", {0x2844096, 0x28440c6, 0x28440f5}, "BAS:VoiceVolume", {-1, 2, 8}},
port/src/native/ui/screen/screen_title_test.cpp	913	0x28440f5	str	0	str:'pop1/window/config3/ScrollView_1/3/sub/B'+0	0x2840ee2	0	1	{"_ZN18CSystemSettingMenu22SetProgressVoiceSliderEiPN9Framework5Cocos11CCocosSceneE", {0x2844096, 0x28440c6, 0x28440f5}, "BAS:VoiceVolume", {-1, 2, 8}},
port/src/native/ui/screen/screen_title_test.cpp	914	0x2844124	str	0	str:'pop1/window/config3/ScrollView_1/8/sub/S'+0	0x2840f11	0	1	{"_ZN18CSystemSettingMenu28SetProgressMovieVolumeSliderEiPN9Framework5Cocos11CCocosSceneE", {0x2844124, 0x2844154, 0x2844183}, "BAS:MovieVolume", {0, 5, 7}},
port/src/native/ui/screen/screen_title_test.cpp	914	0x2844154	str	0	str:'pop1/window/config3/ScrollView_1/8/sub/B'+0	0x2840f41	0	1	{"_ZN18CSystemSettingMenu28SetProgressMovieVolumeSliderEiPN9Framework5Cocos11CCocosSceneE", {0x2844124, 0x2844154, 0x2844183}, "BAS:MovieVolume", {0, 5, 7}},
port/src/native/ui/screen/screen_title_test.cpp	914	0x2844183	str	0	str:'pop1/window/config3/ScrollView_1/8/sub/B'+0	0x2840f70	0	1	{"_ZN18CSystemSettingMenu28SetProgressMovieVolumeSliderEiPN9Framework5Cocos11CCocosSceneE", {0x2844124, 0x2844154, 0x2844183}, "BAS:MovieVolume", {0, 5, 7}},
port/src/native/ui/screen/screen_title_test.cpp	915	0x28430bb	str	0	str:'pop1/window/config1/1/plate/sub/Slider_1'+0	0x283ff28	0	1	{"_ZN18CSystemSettingMenu26SetProgressFrameRateSliderEiPN9Framework5Cocos11CCocosSceneE", {0x28430bb, 0x28430e4, 0x284310c}, "BAS:FrameRate", {-1, 0, 1, 2}},
port/src/native/ui/screen/screen_title_test.cpp	915	0x28430e4	str	0	str:'pop1/window/config1/1/plate/sub/Button+'+0	0x283ff51	0	1	{"_ZN18CSystemSettingMenu26SetProgressFrameRateSliderEiPN9Framework5Cocos11CCocosSceneE", {0x28430bb, 0x28430e4, 0x284310c}, "BAS:FrameRate", {-1, 0, 1, 2}},
port/src/native/ui/screen/screen_title_test.cpp	915	0x284310c	str	0	str:'pop1/window/config1/1/plate/sub/Button-'+0	0x283ff79	0	1	{"_ZN18CSystemSettingMenu26SetProgressFrameRateSliderEiPN9Framework5Cocos11CCocosSceneE", {0x28430bb, 0x28430e4, 0x284310c}, "BAS:FrameRate", {-1, 0, 1, 2}},
port/src/native/ui/screen/screen_title_test.cpp	916	0x2844aa9	str	0	str:'pop1/window/config5/1/plate/sub/Slider_1'+0	0x2841823	0	1	{"_ZN18CSystemSettingMenu35SetProgressEventAutoPageSpeedSliderEiPN9Framework5Cocos11CCocosSceneE", {0x2844aa9, 0x2844ad2, 0x2844afa}, "BAS:EventAutoPageSpeed", {-4, -2, -1, 0, 1, 2, 5}},
port/src/native/ui/screen/screen_title_test.cpp	916	0x2844ad2	str	0	str:'pop1/window/config5/1/plate/sub/Button+'+0	0x284184c	0	1	{"_ZN18CSystemSettingMenu35SetProgressEventAutoPageSpeedSliderEiPN9Framework5Cocos11CCocosSceneE", {0x2844aa9, 0x2844ad2, 0x2844afa}, "BAS:EventAutoPageSpeed", {-4, -2, -1, 0, 1, 2, 5}},
port/src/native/ui/screen/screen_title_test.cpp	916	0x2844afa	str	0	str:'pop1/window/config5/1/plate/sub/Button-'+0	0x2841874	0	1	{"_ZN18CSystemSettingMenu35SetProgressEventAutoPageSpeedSliderEiPN9Framework5Cocos11CCocosSceneE", {0x2844aa9, 0x2844ad2, 0x2844afa}, "BAS:EventAutoPageSpeed", {-4, -2, -1, 0, 1, 2, 5}},
port/src/native/ui/ui_files.cpp	118	0x285829f	str	0	str:'attack'+0	0x2855fe6	0	0	const char* nm = (const char*)(main_lib()->base + 0x285829f + (s64)role * 0x20);
port/src/native/ui/ui_files.cpp	136	0x285440b	str	0	str:'skl_'+0	0x28521db	0	0	UI_NATIVE("_ZN10CUIUtility20GetSkillIconFileNameE" STR_ARG "SA_", h_skill_icon<0x285440b>, "CUIUtility::GetSkillIconFileName");
port/src/native/ui/ui_files.cpp	137	0x2854410	str	0	str:'rsh_'+0	0x28521e0	0	0	UI_NATIVE("_ZN10CUIUtility24GetRushSkillIconFileNameE" STR_ARG "SA_", h_skill_icon<0x2854410>, "CUIUtility::GetRushSkillIconFileName");
port/src/native/ui/ui_helpers.cpp	323	0x2aa0fb8	near	0	_ZTI9CUIObject+0x38 (nearest symbol)	0x2a9fa58 (nearest-symbol guess: check)	0	0	const char* name = *(const char* const*)lib_addr(0x2aa0fb8 + 8 * (u64)(u32)a);
port/src/native/ui/ui_misc.cpp	80	0x2711368	str	0	str:'star_l_in'+0	0x27086c8	0	0	std::string name((const char*)(main_lib()->base + 0x2711368), 8);
port/src/native/ui/ui_settings.cpp	499	0x2855c1f	str	0	str:'Sys_000_Common_Decision'+0	0x270228b (string occurs more than once)	0	0	const char* name = (const char*)(main_lib()->base + 0x2855c1f + (u64)(s64)(s32)(id - 1) * 0x80);
port/src/native/ui/ui_text.cpp	182	0x27ecff1	str	0	str:'FaceThumbIcon/icon_role_frame'+14	0x27e68e1	0	0	u64 img = search_ex(c.x(0), (const char*)(main_lib()->base + 0x27ecff1));
