message_id	ja_sha1	en	source	engine	date	editor	note
2031_010_01	35125c7b7008ef15bf13ffd2f7a5f2b701218fff	There, maintenance is finished.	machine	gemma-4-26B-A4B-it/UD-Q4_K_M/v2+story-v1/llama.cpp-b11443/t0	2026-10-06		
2031_010_02	3684ec46060ea39a06640ed9df5295cda3c7851e	Ah. Thanks.	machine	gemma-4-26B-A4B-it/UD-Q4_K_M/v2+story-v1/llama.cpp-b11443/t0	2026-10-06		
2031_010_03	b218e81e32f5dc016fa11c476a041b5d7aeabfc7	Yo...	machine	gemma-4-26B-A4B-it/UD-Q4_K_M/v2+story-v1/llama.cpp-b11443/t0	2026-10-06		
2031_010_04	cee95bae07faaf1c47098b29c0981ff4d3c7a5d8	Yeah. Feels good.	machine	gemma-4-26B-A4B-it/UD-Q4_K_M/v2+story-v1/llama.cpp-b11443/t0	2026-10-06		
2031_010_05	2d3678a579e595b13c2161e6168b0f1816222663	Of course it does! After all, this\nis a masterpiece created by\nyours truly!	machine	gemma-4-26B-A4B-it/UD-Q4_K_M/v2+story-v1/llama.cpp-b11443/t0	2026-10-06		
2031_010_06	6533ab2fca3442e05a2ef453f6722f5002e3d340	Yeah, yeah. I'm grateful, and I\nthink it's amazing.	machine	gemma-4-26B-A4B-it/UD-Q4_K_M/v2+story-v1/llama.cpp-b11443/t0	2026-10-06		
2031_010_07	51d7adbb73a654969999524658238edc1ac67ee7	Hey! There's no feeling in that!\nDon't you have more of a\n"Whoa, you're incredible!" vibe\ntoward me?!	machine	gemma-4-26B-A4B-it/UD-Q4_K_M/v2+story-v1/llama.cpp-b11443/t0	2026-10-06		
2031_010_08	a99f987a2ef48092e084d4203c8d4e07cf998041	This "Dual Blade" has saved my\nlife many times, and it's allowed\nme to save others many times\nas well.	machine	gemma-4-26B-A4B-it/UD-Q4_K_M/v2+story-v1/llama.cpp-b11443/t0	2026-10-06		
2031_010_09	d806e93287419440bd17dc8480cea6dbb84ced38	Right now, this weapon feels\nthe most natural in my hands.	machine	gemma-4-26B-A4B-it/UD-Q4_K_M/v2+story-v1/llama.cpp-b11443/t0	2026-10-06		
2031_010_10	e020b99e4e3dedae1c514383b06f8e9bfa71c401	Isn't that enough?	machine	gemma-4-26B-A4B-it/UD-Q4_K_M/v2+story-v1/llama.cpp-b11443/t0	2026-10-06		
2031_010_11	f8122e41ba5c5766537a43521079c51341f3bb27	Oh...?	machine	gemma-4-26B-A4B-it/UD-Q4_K_M/v2+story-v1/llama.cpp-b11443/t0	2026-10-06		
2031_010_12	d35488c4f9dd7b85ed4696560d09be85692ca6e3	W-Well, I guess I'll let you pass\nfor now!	machine	gemma-4-26B-A4B-it/UD-Q4_K_M/v2+story-v1/llama.cpp-b11443/t0	2026-10-06		
2031_010_13	0f7e7ab6c5c345f3086387f169e8b642099581c7	So don't ever do something\nthat reckless again. No one but\nyou, Welch, is allowed to see\nthese twin blades.	machine	gemma-4-26B-A4B-it/UD-Q4_K_M/v2+story-v1/llama.cpp-b11443/t0	2026-10-06		
2031_010_14	4bd23a9b4149eda320a2c33f3ab965e296d5afc8	I know, I know.	machine	gemma-4-26B-A4B-it/UD-Q4_K_M/v2+story-v1/llama.cpp-b11443/t0	2026-10-06		
2031_010_15	9d84f6c1f18581cbd815ed498da72c2e926fe881	You, Eve, and even Eslyn-sama\nhave all lectured me so much\nthat I won't go acting like that\non my own anymore.	machine	gemma-4-26B-A4B-it/UD-Q4_K_M/v2+story-v1/llama.cpp-b11443/t0	2026-10-06		
2031_010_16	ac6991122e3fa144405f34a7e9d39b7bf16de9b1	Eslyn did?	machine	gemma-4-26B-A4B-it/UD-Q4_K_M/v2+story-v1/llama.cpp-b11443/t0	2026-10-06		
2031_010_17	de1389b83d446c69c7114117342a638670da2af2	She came by the shop this\nmorning.	machine	gemma-4-26B-A4B-it/UD-Q4_K_M/v2+story-v1/llama.cpp-b11443/t0	2026-10-06		
2031_010_18	cfb32679eeac904a628509b9a7c7230b79e7af50	Oh, I hadn't heard anything\nabout that.	machine	gemma-4-26B-A4B-it/UD-Q4_K_M/v2+story-v1/llama.cpp-b11443/t0	2026-10-06		
2031_010_19	bc2b6eb21228ca472ddd69a5a3be25236daee560	Eslyn-sama is always so\nthoughtful about those things.	machine	gemma-4-26B-A4B-it/UD-Q4_K_M/v2+story-v1/llama.cpp-b11443/t0	2026-10-06		
2031_010_20	cd95c83de97f29607a6f0ae0c86be72673b59186	She told me, "If you get\nreckless and hurt yourself,\nEu-bo would be so sad, so\ndon't you dare do anything\nreckless.	machine	gemma-4-26B-A4B-it/UD-Q4_K_M/v2+story-v1+short-v1/llama.cpp-b11443/t0	2026-10-06		
2031_010_21	727ffc03400a074102854f674823f9e63a5abde9	I-I wouldn't be sad!	machine	gemma-4-26B-A4B-it/UD-Q4_K_M/v2+story-v1/llama.cpp-b11443/t0	2026-10-06		
2031_010_22	a3fc26d2274d49980bfa425c0c0cc36262df7c4a	Well... I might panic a little.	machine	gemma-4-26B-A4B-it/UD-Q4_K_M/v2+story-v1/llama.cpp-b11443/t0	2026-10-06		
2031_010_23	91ebb3a6e06fd06ae486ba2079499ec672d5fe93	Yeah, yeah. Thanks. Anyway,\nI've got a lot to prepare at the\nshop today, so is it okay if I\nhead out?	machine	gemma-4-26B-A4B-it/UD-Q4_K_M/v2+story-v1/llama.cpp-b11443/t0	2026-10-06		
2031_010_24	870f3cfa220a3db66d417cde1cbbd78a31744c39	Yeah, sorry about that.	machine	gemma-4-26B-A4B-it/UD-Q4_K_M/v2+story-v1/llama.cpp-b11443/t0	2026-10-06		
2031_010_25	23123918efff0e177a6b2a17f4dfecd09f83e826	You're heading to the Royal\nCapital with those mysterious\ntraveling performers, right?\nAre you leaving today?	machine	gemma-4-26B-A4B-it/UD-Q4_K_M/v2+story-v1/llama.cpp-b11443/t0	2026-10-06		
2031_010_26	264580b19d488331fe8f1bdf581fa36fc5a208f2	We'll depart tomorrow morning.\nWith the blockade lifted,\nlogistics have resumed and\nwe've gathered enough food\nand supplies.	machine	gemma-4-26B-A4B-it/UD-Q4_K_M/v2+story-v1+short-v1/llama.cpp-b11443/t0	2026-10-06		
2031_010_27	944636e6bc6992c24946c7c8308dc6f03d4ea138	I-I see. Well, let me know when\nyou're heading out. I'll come\nsee you off.	machine	gemma-4-26B-A4B-it/UD-Q4_K_M/v2+story-v1/llama.cpp-b11443/t0	2026-10-06		
2031_010_28	d97371ee9c26b342c0ae99ef34c95fa34674f4c7	Really? You don't have to go\nout of your way.	machine	gemma-4-26B-A4B-it/UD-Q4_K_M/v2+story-v1/llama.cpp-b11443/t0	2026-10-06		
2031_010_29	af4c8139b463812424f164fe983b27035a13d90a	I'm well aware that we've\ncaused trouble for you, Eu, and\nthose people. The least I can\ndo is that.	machine	gemma-4-26B-A4B-it/UD-Q4_K_M/v2+story-v1/llama.cpp-b11443/t0	2026-10-06		
2031_010_30	f4c367e9aa482eb616812d479e3a6be94e973860	Well, don't worry. I'll make sure\nto come back safely this time,\ntoo.	machine	gemma-4-26B-A4B-it/UD-Q4_K_M/v2+story-v1/llama.cpp-b11443/t0	2026-10-06		
2031_010_31	9c018e085d6c58491532dce75ecc7afb52d7f523	I'm not worried. There's no\nreason to be.	machine	gemma-4-26B-A4B-it/UD-Q4_K_M/v2+story-v1/llama.cpp-b11443/t0	2026-10-06		
2031_010_32	249841fc923e58dae37f0bda75338302e7b34006	What? That's cold.	machine	gemma-4-26B-A4B-it/UD-Q4_K_M/v2+story-v1/llama.cpp-b11443/t0	2026-10-06		
2031_010_33	62ec47ec1e5142f97400cf4066a1edf0174062b6	Oh? What's this? Don't tell me,\nEu, were you expecting me to\nbreak down in tears and beg\nyou not to go?	machine	gemma-4-26B-A4B-it/UD-Q4_K_M/v2+story-v1/llama.cpp-b11443/t0	2026-10-06		
2031_010_34	a72fc019922a862e7f32f71386791b029e4a2dd7	Whatever. Thanks for\neverything.	machine	gemma-4-26B-A4B-it/UD-Q4_K_M/v2+story-v1/llama.cpp-b11443/t0	2026-10-06		
2031_010_35	34cf089f6d080d4624d1908d87615d6f6a5e8b68	...Geez, he's gone. Well, I guess\nthat's just like Eu.	machine	gemma-4-26B-A4B-it/UD-Q4_K_M/v2+story-v1/llama.cpp-b11443/t0	2026-10-06		
2031_010_36	899ff0f26635d4d01f6e8c431346f34a25ab3ae8	...Now then.	machine	gemma-4-26B-A4B-it/UD-Q4_K_M/v2+story-v1/llama.cpp-b11443/t0	2026-10-06		
2031_010_37	af23aca965454fe2eff428cf7a1eb8bca985e3d6	<font color=blue>Eslyn</font> ...Please, look after that\ngirl. I apologize for visiting so\nearly in the morning.	machine	gemma-4-26B-A4B-it/UD-Q4_K_M/v2+story-v1/llama.cpp-b11443/t0	2026-10-06		
2031_010_39	4f188d05ae19a2c9cb2f2489dee53eae4810c3db	<font color=blue>Eve</font> Yes... Thank you so much\nfor coming all this way.	machine	gemma-4-26B-A4B-it/UD-Q4_K_M/v2+story-v1/llama.cpp-b11443/t0	2026-10-06		
2031_010_40	f9f9092356514c418003666df7013ec7039b3a2d	<font color=blue>Tika</font> ...Euwin's older sister... She\nwas a beautiful person, wasn't\nshe?	machine	gemma-4-26B-A4B-it/UD-Q4_K_M/v2+story-v1/llama.cpp-b11443/t0	2026-10-06		
2031_010_41	a4604b8bc8a624dde6aa0af9d4422d0e14c3d600	<font color=blue>Verda</font> I thought the Rakstar\nlords were all cold-blooded,\naside from Euwin...	machine	gemma-4-26B-A4B-it/UD-Q4_K_M/v2+story-v1+short-v1/llama.cpp-b11443/t0	2026-10-06		
2031_010_42	a7089d679b968cc2a2918ce544984a136abb06eb	It must be because of that\nsister that Euwin is able to act\nso freely.	machine	gemma-4-26B-A4B-it/UD-Q4_K_M/v2+story-v1/llama.cpp-b11443/t0	2026-10-06		
2031_010_43	3cee03803ff1a3bbc0bd94f73001386ef1653179	<font color=blue>Eve</font> Phew, I was so nervous. I\nnever expected Euwin's sister\nto come all this way just to\ngreet us.	machine	gemma-4-26B-A4B-it/UD-Q4_K_M/v2+story-v1/llama.cpp-b11443/t0	2026-10-06		
2031_010_44	19d3f5f72b41659bf4934ef902498457a2afa027	<font color=blue>Verda</font> was a noble who trusted\nus despite our mystery and\nprayed for our safety. We\ncannot let her kindness go to\nwaste.	machine	gemma-4-26B-A4B-it/UD-Q4_K_M/v2+story-v1+short-v1/llama.cpp-b11443/t0	2026-10-06		
2031_010_45	e4da61117188bfcf3c2ad0d64a51166fa8e562d3	<font color=blue>Eve</font> You're right. She even paid\nfor our stay in Carlone. Once\nthis is over, we must properly\nthank Euwin.	machine	gemma-4-26B-A4B-it/UD-Q4_K_M/v2+story-v1+short-v1/llama.cpp-b11443/t0	2026-10-06		
2031_010_46	f6ca8d14f551a34b7f27b53992821cc5b7caf93f	Speak of the devil, Ewin Laxter\nis approaching.	machine	gemma-4-26B-A4B-it/UD-Q4_K_M/v2+story-v1/llama.cpp-b11443/t0	2026-10-06		
2031_010_48	2d7c24393dfa2f537743fd826a9ef96f6dbed912	He's running toward us with\nincredible speed...	machine	gemma-4-26B-A4B-it/UD-Q4_K_M/v2+story-v1/llama.cpp-b11443/t0	2026-10-06		
2031_010_49	02b96e44a4f1f75d9dd6160454ce4320948ddcee	R-Run for it!!	machine	gemma-4-26B-A4B-it/UD-Q4_K_M/v2+story-v1/llama.cpp-b11443/t0	2026-10-06		
2031_010_50	e98ddd16097f63f67a6e91a18696d7024422ccbf	W-What is happening!?	machine	gemma-4-26B-A4B-it/UD-Q4_K_M/v2+story-v1/llama.cpp-b11443/t0	2026-10-06		
2031_010_52	aac5ba0c043df843fc5162eb4c857fd29169e28e	What's wrong, Euwin!? Don't tell\nme a "Beast" has entered the\ncity?	machine	gemma-4-26B-A4B-it/UD-Q4_K_M/v2+story-v1/llama.cpp-b11443/t0	2026-10-06		
2031_010_53	70643d601395f1bb27bb0f004742e383fa36091d	There's no time to explain!\nEveryone, run! Run to the East\nGate!	machine	gemma-4-26B-A4B-it/UD-Q4_K_M/v2+story-v1/llama.cpp-b11443/t0	2026-10-06		
2031_010_54	e0be400200d09dec09bb5461ad72ff173b88caff	W-What on earth is going on!!	machine	gemma-4-26B-A4B-it/UD-Q4_K_M/v2+story-v1/llama.cpp-b11443/t0	2026-10-06		
2031_025_01	7acb1a4ce282c7e63dfc25d66d695ab6ad52e9ff	A-Alright, now that we've made\nit this far...	machine	gemma-4-26B-A4B-it/UD-Q4_K_M/v2+story-v1/llama.cpp-b11443/t0	2026-10-06		
2031_025_02	1fcdcbbfa42a091abe2b4376e8e0d38e35518598	*Pant, pant*... W-what on earth\nwas that...?	machine	gemma-4-26B-A4B-it/UD-Q4_K_M/v2+story-v1/llama.cpp-b11443/t0	2026-10-06		
2031_025_03	1068fbcd90222f3c71f5e40ad3800a407cf0229a	Euwin, your face is pale. Are\nyou okay?	machine	gemma-4-26B-A4B-it/UD-Q4_K_M/v2+story-v1/llama.cpp-b11443/t0	2026-10-06		
2031_025_04	77e906ced1459a656c545a2119a2a7f1cc86c72c	I-I'm fine. Let's just get through\nthe city walls and onto the\nhighway. Once we pass the\ncheckpoint, we'll be...	machine	gemma-4-26B-A4B-it/UD-Q4_K_M/v2+story-v1+short-v1/llama.cpp-b11443/t0	2026-10-06		
2031_025_05	80287017b7daac5764ab13f39d712a87f4b0de30	...Tika, something is\napproaching at high speed.	machine	gemma-4-26B-A4B-it/UD-Q4_K_M/v2+story-v1/llama.cpp-b11443/t0	2026-10-06		
2031_025_06	40b32dba8f2971198b736ada6231f5db5fa9cb44	E-everyone, she said something\nis approaching...!	machine	gemma-4-26B-A4B-it/UD-Q4_K_M/v2+story-v1/llama.cpp-b11443/t0	2026-10-06		
2031_025_07	54ad0c548ea80f2ebe65c4c487036a7635e94356	Gah!? A-already!?	machine	gemma-4-26B-A4B-it/UD-Q4_K_M/v2+story-v1/llama.cpp-b11443/t0	2026-10-06		
2031_025_08	6ff1efcc02f2975f9973fddf8822e7d4460a36f0	W-what is that thing!?	machine	gemma-4-26B-A4B-it/UD-Q4_K_M/v2+story-v1/llama.cpp-b11443/t0	2026-10-06		
2031_025_10	b6d592e655305c1a3bcba271dd0a48b9391a370c	C-could that be...!?	machine	gemma-4-26B-A4B-it/UD-Q4_K_M/v2+story-v1/llama.cpp-b11443/t0	2026-10-06		
2031_025_11	d87f71bbceafd3b698d1595d1e61b2d6445a91fe	G-guard! Hurry! Let us out,\nquickly! What? In order!?	machine	gemma-4-26B-A4B-it/UD-Q4_K_M/v2+story-v1/llama.cpp-b11443/t0	2026-10-06		
2031_025_12	aa2fea02b16a2cb49106afdc1c1e0b9ac22e2504	This is no time for that! We\nhave to get out now!\nWaaaaaaaah!!	machine	gemma-4-26B-A4B-it/UD-Q4_K_M/v2+story-v1/llama.cpp-b11443/t0	2026-10-06		
2031_025_13	917bc069bf73998ffbb9512c4e2e02cdaa057888	...Come here, Euwin!! You're a\nhundred years too early to try\nand run away from me!!	machine	gemma-4-26B-A4B-it/UD-Q4_K_M/v2+story-v1/llama.cpp-b11443/t0	2026-10-06		
2031_025_14	54f23ab5913505bead184cf97c7d224c9b61cc17	Welch-oneesan!?	machine	gemma-4-26B-A4B-it/UD-Q4_K_M/v2+story-v1/llama.cpp-b11443/t0	2026-10-06		
2031_025_15	c549870d97e6bd13917f44f03394d9b0db5c250b	Waaaaah!?	machine	gemma-4-26B-A4B-it/UD-Q4_K_M/v2+story-v1/llama.cpp-b11443/t0	2026-10-06		
2031_025_16	764289fffd744f49e8a440c7e257b6804919a9b0	Gah! Sorry, sorry! I bumped\ninto you!	machine	gemma-4-26B-A4B-it/UD-Q4_K_M/v2+story-v1/llama.cpp-b11443/t0	2026-10-06		
2031_025_17	80d6a506cb8722c062a405c57e752820c37f0648	"Bumped into" doesn't even\nbegin to cover it!	machine	gemma-4-26B-A4B-it/UD-Q4_K_M/v2+story-v1/llama.cpp-b11443/t0	2026-10-06		
2031_025_18	6f609dc36bf95971996d45deb536a34341c76c53	What's with all that massive\nluggage!?	machine	gemma-4-26B-A4B-it/UD-Q4_K_M/v2+story-v1/llama.cpp-b11443/t0	2026-10-06		
2031_025_19	8a10e9d543b91991e425e220daf0ac77c12093d4	What do you mean, what!? It's\nobviously travel supplies!!	machine	gemma-4-26B-A4B-it/UD-Q4_K_M/v2+story-v1/llama.cpp-b11443/t0	2026-10-06		
2031_025_20	aeedd1224882a125546dda9573794690fccd97db	Travel supplies...? Don't tell me,\nyou're planning to follow us!?	machine	gemma-4-26B-A4B-it/UD-Q4_K_M/v2+story-v1/llama.cpp-b11443/t0	2026-10-06		
2031_025_21	1beb99a186ae070524f9db1aa45430b9e0575a1a	What else am I supposed to do\nin this situation!?	machine	gemma-4-26B-A4B-it/UD-Q4_K_M/v2+story-v1/llama.cpp-b11443/t0	2026-10-06		
2031_025_22	5f8f91a27720583100ac272b99c71e015f136fc0	Ugh... I should have just slipped\nout without saying a word...!	machine	gemma-4-26B-A4B-it/UD-Q4_K_M/v2+story-v1/llama.cpp-b11443/t0	2026-10-06		
2031_025_23	0eac0b9c0c07354c5988e7325740d7c18f6b6c16	And what exactly do you plan\nto do by following us!?	machine	gemma-4-26B-A4B-it/UD-Q4_K_M/v2+story-v1/llama.cpp-b11443/t0	2026-10-06		
2031_025_24	dd16d5987e1f15d83e922d5aeb1f2a987d66ed86	It's obvious! I'm going to\nthoroughly research all your\nstrange, wonderful, and\nmysterious things!	machine	gemma-4-26B-A4B-it/UD-Q4_K_M/v2+story-v1/llama.cpp-b11443/t0	2026-10-06		
2031_025_25	780c81fcb6c42c1fbebc42dd8ff298c9dcb55d1c	Especially Verda's "Light Arrow"\nand Tika's lovely little... Heh,\nhehehe!	machine	gemma-4-26B-A4B-it/UD-Q4_K_M/v2+story-v1/llama.cpp-b11443/t0	2026-10-06		
2031_025_26	a34e22da752bbc7a96efa2b9e80ae7caddaf86ce	Welch, you're being a little\nscary...	machine	gemma-4-26B-A4B-it/UD-Q4_K_M/v2+story-v1/llama.cpp-b11443/t0	2026-10-06		
2031_025_27	20a93e36f9c12ad157584ba99dc5b2457416ca3e	Alert mode... Alert mode...\nIncreasing defense level by one\nstage...	machine	gemma-4-26B-A4B-it/UD-Q4_K_M/v2+story-v1/llama.cpp-b11443/t0	2026-10-06		
2031_025_28	2dd4f32748de178640792c9a43f13d98d55aec67	Welch, we aren't going to the\nRoyal Capital just for fun!	machine	gemma-4-26B-A4B-it/UD-Q4_K_M/v2+story-v1/llama.cpp-b11443/t0	2026-10-06		
2031_025_29	98cc6b0f8b0fe3e3b266105ae21d14e3311fe97c	It's not like I'm saying this for\nfun, either!	machine	gemma-4-26B-A4B-it/UD-Q4_K_M/v2+story-v1/llama.cpp-b11443/t0	2026-10-06		
2031_025_30	b2f7051e46bfd4a43b9da56f8beae73378eac347	You're not the only one with\nthings you want to achieve,\nEu-boy!	machine	gemma-4-26B-A4B-it/UD-Q4_K_M/v2+story-v1/llama.cpp-b11443/t0	2026-10-06		
2031_025_31	18fd2b467ba91bcc2b75ad6c702c99c6c06af426	Th-that's...!	machine	gemma-4-26B-A4B-it/UD-Q4_K_M/v2+story-v1/llama.cpp-b11443/t0	2026-10-06		
2031_025_32	2ea9a1d92b80a240541c1913818ab9c000264a90	Sooo, I'll be counting on you for\na while!	machine	gemma-4-26B-A4B-it/UD-Q4_K_M/v2+story-v1/llama.cpp-b11443/t0	2026-10-06		
2031_025_33	64660c024e524ae20e7b48c7c97ea07d684e9e16	W-wait, we haven't even...	machine	gemma-4-26B-A4B-it/UD-Q4_K_M/v2+story-v1/llama.cpp-b11443/t0	2026-10-06		
2031_025_34	d29e4b3970bcb9eded4e29b8372eb618218dba1c	...Well, would it not be fine?	machine	gemma-4-26B-A4B-it/UD-Q4_K_M/v2+story-v1/llama.cpp-b11443/t0	2026-10-06		
2031_025_36	a4be7b6cb71a19055b513b44ba440d98aa2dc27a	...Oppose... Oppose...	machine	gemma-4-26B-A4B-it/UD-Q4_K_M/v2+story-v1/llama.cpp-b11443/t0	2026-10-06		
2031_025_37	9b8a463bc3b5946e80943963a908d5ee820308f6	Verda!? What are you saying!?	machine	gemma-4-26B-A4B-it/UD-Q4_K_M/v2+story-v1/llama.cpp-b11443/t0	2026-10-06		
2031_025_38	e9e79711e90c7de22ff5e39735c9c18dfc40deed	Verda!? What are you talking\nabout!	machine	gemma-4-26B-A4B-it/UD-Q4_K_M/v2+story-v1/llama.cpp-b11443/t0	2026-10-06		
2031_025_39	823622e983515cd2443efdb2da2524a7217c7709	I will not permit you to\naccompany us; there is no\ntelling what dangerous actions\nyou might take.	machine	gemma-4-26B-A4B-it/UD-Q4_K_M/v2+story-v1/llama.cpp-b11443/t0	2026-10-06		
2031_025_40	51f794232b90b669af8a3bb08a7636c382411df6	If you act recklessly after we\nleave, our efforts to save you\nwill be in vain. Wouldn't you\nagree, Euwin?	machine	gemma-4-26B-A4B-it/UD-Q4_K_M/v2+story-v1+short-v1/llama.cpp-b11443/t0	2026-10-06		
2031_025_41	6a09bd1bcd489a07ebe45ef4cba0c3e8f3b03ff6	W-well, that might be true,\nbut...	machine	gemma-4-26B-A4B-it/UD-Q4_K_M/v2+story-v1/llama.cpp-b11443/t0	2026-10-06		
2031_025_42	519ce6b95cb86116efe903d14a69a5b9abc62f01	Besides, we are quite\ninterested in the mysterious\ntechnology Welch possesses.	machine	gemma-4-26B-A4B-it/UD-Q4_K_M/v2+story-v1/llama.cpp-b11443/t0	2026-10-06		
2031_025_43	882b905b119a8bc99c30d8a72c00234fc5f46fdf	...True. As they say, a\ncompanion on a journey is a\nmercy from the world.	machine	gemma-4-26B-A4B-it/UD-Q4_K_M/v2+story-v1/llama.cpp-b11443/t0	2026-10-06		
2031_025_44	6f3362297af177eb78ee5a78fa2eebcc1692ff7c	Alright, I get it... If that's how\nyou all feel...	machine	gemma-4-26B-A4B-it/UD-Q4_K_M/v2+story-v1/llama.cpp-b11443/t0	2026-10-06		
2031_025_45	723186357a1c16aa397693943783e5589201e7c2	In exchange, Verda and Tika,\nyou have to stay behind me as\nmuch as possible...	machine	gemma-4-26B-A4B-it/UD-Q4_K_M/v2+story-v1/llama.cpp-b11443/t0	2026-10-06		
2031_025_46	acb23f538255ae56d6e2fddd1b4a2d3f31651734	Really?! Yay! Thanks! Now that\nI'm coming along, you all can\njust relax and feel like you're\non a sturdy ship!	machine	gemma-4-26B-A4B-it/UD-Q4_K_M/v2+story-v1+short-v1/llama.cpp-b11443/t0	2026-10-06		
2031_025_47	b19dbec9367a116a324be55577a70ce6f2df751c	Speaking of which, what was\nthe name of your ship again?\nI'll give it a thorough\nmaintenance check for you!	machine	gemma-4-26B-A4B-it/UD-Q4_K_M/v2+story-v1/llama.cpp-b11443/t0	2026-10-06		
2031_025_48	499a317437885e4854697db60c0873c8ced366e9	"If we accidentally let this\nperson on board, it feels like\nshe'll dismantle the entire ship\ndown to the last screw..."	machine	gemma-4-26B-A4B-it/UD-Q4_K_M/v2+story-v1/llama.cpp-b11443/t0	2026-10-06		
2031_025_49	4553f841f99dc682ff91c3ab956d6d18ee6a1a38	Hmm? Did you say something?	machine	gemma-4-26B-A4B-it/UD-Q4_K_M/v2+story-v1/llama.cpp-b11443/t0	2026-10-06		
2031_025_51	af5d0131a0661a11cec120c80c68bb1f7da84295	...Captain, just so you know,\nthat ventriloquism act isn't\nfunny.	machine	gemma-4-26B-A4B-it/UD-Q4_K_M/v2+story-v1/llama.cpp-b11443/t0	2026-10-06		
2031_025_53	08ff9f0eb776352486956d8d0242189a94a28eae	*Sigh*... It seems things are\nonly getting more boisterous... I\njust hope nothing happens to\nthe Royal Capital...	machine	gemma-4-26B-A4B-it/UD-Q4_K_M/v2+story-v1/llama.cpp-b11443/t0	2026-10-06		
2032_040_01	f972f59a1c5adda0a833f929dcb9e2199b4e34b6	Even if the "Beasts of\nBaschen" are gone, things are\nstill just as dangerous as ever,\naren't they?	machine	gemma-4-26B-A4B-it/UD-Q4_K_M/v2+story-v1/llama.cpp-b11443/t0	2026-10-06		
2032_040_02	1949e32b34f0abb230db7495cecbd46211d153d0	Because of those "Beasts,"\nwildlife might be losing their\nhabitats. I've even seen wolves\naround here.	machine	gemma-4-26B-A4B-it/UD-Q4_K_M/v2+story-v1+short-v1/llama.cpp-b11443/t0	2026-10-06		
2032_040_03	e46cfb59ad4d12239238c6bbb5ce3ef44f63a45c	I don't know, it just feels kind\nof bad to have to defeat\nthem...	machine	gemma-4-26B-A4B-it/UD-Q4_K_M/v2+story-v1/llama.cpp-b11443/t0	2026-10-06		
2032_040_04	7e8c9f6be2b788311082f517141065eafd55e067	Hey, hey! Verda, Tika!	machine	gemma-4-26B-A4B-it/UD-Q4_K_M/v2+story-v1/llama.cpp-b11443/t0	2026-10-06		
2032_040_06	9e1a6b1324837abd3bfd368b5c4f0b16384bd40c	You don't have to use Eu-boy\nas a shield; I'm not going to do\nanything weird in a situation\nlike this!	machine	gemma-4-26B-A4B-it/UD-Q4_K_M/v2+story-v1/llama.cpp-b11443/t0	2026-10-06		
2032_040_07	1fd76a738a534bed07176670db8789162f789964	I don't trust you.	machine	gemma-4-26B-A4B-it/UD-Q4_K_M/v2+story-v1/llama.cpp-b11443/t0	2026-10-06		
2032_040_08	ee2839b44276948c1d3998fc67aa41a97f835b29	Ah, ahaha...	machine	gemma-4-26B-A4B-it/UD-Q4_K_M/v2+story-v1/llama.cpp-b11443/t0	2026-10-06		
2032_040_09	51381fb59246ea6521662ecd379e56c970fcacdf	I... I have to protect the two of\nthem...	machine	gemma-4-26B-A4B-it/UD-Q4_K_M/v2+story-v1/llama.cpp-b11443/t0	2026-10-06		
2032_040_10	55cbabe981ee267f5b86bd0dace559570101e58c	But honestly, I think that\nhammer that shoots jets and\nEuwin's glowing sword are way\nmore impressive.	machine	gemma-4-26B-A4B-it/UD-Q4_K_M/v2+story-v1/llama.cpp-b11443/t0	2026-10-06		
2032_040_11	5590ff8011105dbc9611adfe36ab2f63edc164d3	Eh?	machine	gemma-4-26B-A4B-it/UD-Q4_K_M/v2+story-v1/llama.cpp-b11443/t0	2026-10-06		
2032_040_12	ca41e5040335c20d4644c1ea7344d61c120d40ce	That's right, that's right. If you\ncan make such amazing things\nyourself, our weapons wouldn't\nbe anything special anymore.	machine	gemma-4-26B-A4B-it/UD-Q4_K_M/v2+story-v1/llama.cpp-b11443/t0	2026-10-06		
2032_040_13	e9b2aa4e944f8144083a561c6b9e6c55fcacd0e8	Such... such amazing things...\namazing... ehehehe, you can\nkeep telling me things like that!	machine	gemma-4-26B-A4B-it/UD-Q4_K_M/v2+story-v1/llama.cpp-b11443/t0	2026-10-06		
2032_040_14	619b78228b7584104e305f1fe18527a0c86d7aec	...Sigh.	machine	gemma-4-26B-A4B-it/UD-Q4_K_M/v2+story-v1/llama.cpp-b11443/t0	2026-10-06		
2032_040_15	95412a404935d0f72768d5920ff1cea9e94e7a9e	Ehehe... But you see... actually...\nthis...	machine	gemma-4-26B-A4B-it/UD-Q4_K_M/v2+story-v1/llama.cpp-b11443/t0	2026-10-06		
2032_040_16	3ad002439ded497e41bd1065459fa076d8c8674e	It's not exactly my own original\ncreation.	machine	gemma-4-26B-A4B-it/UD-Q4_K_M/v2+story-v1/llama.cpp-b11443/t0	2026-10-06		
2032_040_17	f7d4806a8d58ef4e32edefd99cf4abab7298cf69	Huh?	machine	gemma-4-26B-A4B-it/UD-Q4_K_M/v2+story-v1/llama.cpp-b11443/t0	2026-10-06		
2032_040_18	24102e356ba4b16e4de1409d14bf855176b2033f	Eh? Wait, what? Euwin, you\ndidn't know either?	machine	gemma-4-26B-A4B-it/UD-Q4_K_M/v2+story-v1/llama.cpp-b11443/t0	2026-10-06		
2032_040_19	be5a34146c8e559cd8ec66c89fb6de76f37ea8ee	This is the first I've heard of\nit...	machine	gemma-4-26B-A4B-it/UD-Q4_K_M/v2+story-v1/llama.cpp-b11443/t0	2026-10-06		
2032_040_20	fd10dd7384c719b494303713a54044828b9ff400	Because I never told you!	machine	gemma-4-26B-A4B-it/UD-Q4_K_M/v2+story-v1/llama.cpp-b11443/t0	2026-10-06		
2032_040_21	04222e1ad8d608138f7e3ffe54ebdb3ab2789e3e	So the truth is, I don't even\nunderstand how this hammer\nor Eu-boy's twin blades actually\nwork. Ahahaha!	machine	gemma-4-26B-A4B-it/UD-Q4_K_M/v2+story-v1/llama.cpp-b11443/t0	2026-10-06		
2032_040_22	d631736304e0e6c4bc20164fd8b32c167d9ca426	Hey!?	machine	gemma-4-26B-A4B-it/UD-Q4_K_M/v2+story-v1/llama.cpp-b11443/t0	2026-10-06		
2032_040_25	ce5114232f97172bbbda86ec8947ea2bda81f057	Wait, you two!? Why are you\nheading toward the Captain!?	machine	gemma-4-26B-A4B-it/UD-Q4_K_M/v2+story-v1/llama.cpp-b11443/t0	2026-10-06		
2032_040_26	5dfb6352021b910d49c98b313cde98e9529b9293	Surely it won't explode, will it!?	machine	gemma-4-26B-A4B-it/UD-Q4_K_M/v2+story-v1/llama.cpp-b11443/t0	2026-10-06		
2032_040_27	53759498b8709a7319dd7578a9511d00ca0c7865	I'm sorry, Euwin-onichan...	machine	gemma-4-26B-A4B-it/UD-Q4_K_M/v2+story-v1/llama.cpp-b11443/t0	2026-10-06		
2032_040_28	9f18f414bfa70efbae1cc7b9b343b37bf22fddf9	Don't be so scared. I'm certain\nit was built properly!	machine	gemma-4-26B-A4B-it/UD-Q4_K_M/v2+story-v1/llama.cpp-b11443/t0	2026-10-06		
2032_040_29	5eeaac61f101c41fb1564aaa338050cf81343a58	But if it's not the original, does\nthat mean there's a master, a\nprototype, or perhaps the\nblueprints existed from the\nstart?	machine	gemma-4-26B-A4B-it/UD-Q4_K_M/v2+story-v1+short-v1/llama.cpp-b11443/t0	2026-10-06		
2032_040_30	c153112a42f83f264fa505a8a2dbe1295ca3f679	Ah... this is a problem. Verda,\nare you actually a super smart\nkid?	machine	gemma-4-26B-A4B-it/UD-Q4_K_M/v2+story-v1/llama.cpp-b11443/t0	2026-10-06		
2032_040_31	fa7b196e44a922a2c1884ea787775b4a4fe94d38	Of course I am!	machine	gemma-4-26B-A4B-it/UD-Q4_K_M/v2+story-v1/llama.cpp-b11443/t0	2026-10-06		
2032_040_32	44483743dc157458656bb97258413a0ff9f1eb0b	You're saying it yourself?!	machine	gemma-4-26B-A4B-it/UD-Q4_K_M/v2+story-v1/llama.cpp-b11443/t0	2026-10-06		
2032_040_33	d57dba009ef2ba321aaea0b615c139c54ab71b6c	I feel like I've seen a big sister\nsomewhere calling herself\n"super and pretty" or\nsomething?	machine	gemma-4-26B-A4B-it/UD-Q4_K_M/v2+story-v1/llama.cpp-b11443/t0	2026-10-06		
2032_040_34	303032eec3a92da4a8e497b64494c0ed479049f5	Ahaha, that's right! You got me!	machine	gemma-4-26B-A4B-it/UD-Q4_K_M/v2+story-v1/llama.cpp-b11443/t0	2026-10-06		
2032_040_36	2980ad09847d643b9166d2c2fd49ddbc3b930c68	You're right... maybe these two\nare actually more alike than\nthey look?	machine	gemma-4-26B-A4B-it/UD-Q4_K_M/v2+story-v1/llama.cpp-b11443/t0	2026-10-06		
2032_040_37	912af3e9746f488a0ce840490dfdaab4774ad15a	Verda, are you going to end up\nlike Welch when you grow up?	machine	gemma-4-26B-A4B-it/UD-Q4_K_M/v2+story-v1/llama.cpp-b11443/t0	2026-10-06		
2032_045_01	0dcc010696f61286ae463ba4ab02c2ddd18e300d	Anyway, jokes aside, I hate to\nbother you since you're forcing\nyour way along, but there's\nsomewhere I'd like you to stop\nby.	machine	gemma-4-26B-A4B-it/UD-Q4_K_M/v2+story-v1+short-v1/llama.cpp-b11443/t0	2026-10-06		
2032_045_02	14f0d1fb2c6862f94d609747d3add9f5dcb52e59	We are kind of in a hurry,\nthough...	machine	gemma-4-26B-A4B-it/UD-Q4_K_M/v2+story-v1/llama.cpp-b11443/t0	2026-10-06		
2032_045_03	c821b7db6ad4d6e51d8cc6556c5f62800e7a7d7d	Yeah, but you guys need Eu's\nhelp, right?	machine	gemma-4-26B-A4B-it/UD-Q4_K_M/v2+story-v1/llama.cpp-b11443/t0	2026-10-06		
2032_045_04	1c9cc7835d8e43b5a5da208ea74433e4deecc24c	I want to collect enough\nreliable parts to maintain Eu's\nTwin Blades of Light.	machine	gemma-4-26B-A4B-it/UD-Q4_K_M/v2+story-v1/llama.cpp-b11443/t0	2026-10-06		
2032_045_05	08f823e62bf7486c674c3fd35972ada8128e8843	Things might get more\ncomplicated once we get\ncloser to the Royal Capital,	machine	gemma-4-26B-A4B-it/UD-Q4_K_M/v2+story-v1/llama.cpp-b11443/t0	2026-10-06		
2032_045_06	5a269ec0cc09d2201ac422afc57a2727e2c419c4	and if we end up in a fierce\nbattle with some weirdo like\nlast time and Eu's weapon\nbreaks, everyone's going to be\nin trouble, right?	machine	gemma-4-26B-A4B-it/UD-Q4_K_M/v2+story-v1/llama.cpp-b11443/t0	2026-10-06		
2032_045_07	5e53b2fa9d158482bb08c25d793872d5d19865b7	W-well, I suppose that's true...	machine	gemma-4-26B-A4B-it/UD-Q4_K_M/v2+story-v1/llama.cpp-b11443/t0	2026-10-06		
2032_045_08	ad4076ce4d0c8ae410142d9af8bb1c3222b05b4f	Tika and Verda seem worried\nabout my inventions, so I was\nthinking of revealing a few\ntrade secrets	machine	gemma-4-26B-A4B-it/UD-Q4_K_M/v2+story-v1/llama.cpp-b11443/t0	2026-10-06		
2032_045_09	2988fcf09cba7f75c233085d4cfde774abb5f856	just to put their minds at ease.	machine	gemma-4-26B-A4B-it/UD-Q4_K_M/v2+story-v1/llama.cpp-b11443/t0	2026-10-06		
2032_045_10	46699aa2cdbcd2c908f733cc2d663b9faf7c33ed	I'm actually quite worried\nmyself.	machine	gemma-4-26B-A4B-it/UD-Q4_K_M/v2+story-v1/llama.cpp-b11443/t0	2026-10-06		
2032_045_11	0dc2e2c7b19e3b7a741756944939fecbb126935d	"These Twin Blades have saved\nmy life many times, and I've\nbeen able to save many lives\nwith them.	machine	gemma-4-26B-A4B-it/UD-Q4_K_M/v2+story-v1/llama.cpp-b11443/t0	2026-10-06		
2032_045_12	d806e93287419440bd17dc8480cea6dbb84ced38	Right now, this weapon feels\nthe most natural in my hands."	machine	gemma-4-26B-A4B-it/UD-Q4_K_M/v2+story-v1/llama.cpp-b11443/t0	2026-10-06		
2032_045_13	c62a9fc67f70b8503bc9d69c49dda6fb0f7c6fb8	"And that's why I'm okay with\nit!" *Strikes a cool pose!*	machine	gemma-4-26B-A4B-it/UD-Q4_K_M/v2+story-v1/llama.cpp-b11443/t0	2026-10-06		
2032_045_14	b630f796d254c9d372c0150b13bf264d8d2aabeb	I regret saying that with every\nfiber of my being!	machine	gemma-4-26B-A4B-it/UD-Q4_K_M/v2+story-v1/llama.cpp-b11443/t0	2026-10-06		
2032_045_15	043fb2ec001d3f0d8cb201fb20d213e7788cce0f	Hahaha! So, the place is quite\na bit deeper into that forest\nfrom before.	machine	gemma-4-26B-A4B-it/UD-Q4_K_M/v2+story-v1/llama.cpp-b11443/t0	2026-10-06		
2032_045_16	35dfdfa2d9a30b03b8a29e297022923ef3fc2893	There's a chance those\n"Beasts" might still be lingering\naround, right?	machine	gemma-4-26B-A4B-it/UD-Q4_K_M/v2+story-v1/llama.cpp-b11443/t0	2026-10-06		
2032_045_17	a6ab9e6f26d221b1e5afb217a640d212da470879	...Captain, everyone, I'm sorry.\nYou can take a huge chunk out\nof my reward for this, so would\nyou please come with me?	machine	gemma-4-26B-A4B-it/UD-Q4_K_M/v2+story-v1/llama.cpp-b11443/t0	2026-10-06		
2032_045_19	4c0d07a7b3ab2c46b11aac0f9ca3f878140bbcfc	I suppose we have no choice...\nIt would be unsettling to move\nforward without your help,\nEuwin.	machine	gemma-4-26B-A4B-it/UD-Q4_K_M/v2+story-v1/llama.cpp-b11443/t0	2026-10-06		
2032_045_20	59e34d3eb24915fad2701e38544ac4cb5d631a31	It's not like I want a weapon\nexploding right next to me out\nof nowhere...	machine	gemma-4-26B-A4B-it/UD-Q4_K_M/v2+story-v1/llama.cpp-b11443/t0	2026-10-06		
2032_045_21	3c3486e57f21908f6fdf77bd488f5628db88fddc	I can't leave Tika near\nsomething that might explode!\nAI Coro! Initiate transport\ncontainment!!	machine	gemma-4-26B-A4B-it/UD-Q4_K_M/v2+story-v1+short-v1/llama.cpp-b11443/t0	2026-10-06		
2032_045_22	2e233dfe3e65a4a46970fd72d8566ae6d289b2be	Y-Yeah... R-Rekoro, it's okay, so\nplease just quiet down a little...!	machine	gemma-4-26B-A4B-it/UD-Q4_K_M/v2+story-v1/llama.cpp-b11443/t0	2026-10-06		
2032_045_23	db410261c3400848d74db4f7f57ae610b68b902d	Well, sorry to ask, but I'm\ncounting on you! Everyone's\ngoing to be so surprised!	machine	gemma-4-26B-A4B-it/UD-Q4_K_M/v2+story-v1/llama.cpp-b11443/t0	2026-10-06		
2032_045_24	12a71d4189c0c1c085e235a744a3d222f746606e	Come on, every experience is\nfood for thought! If you only do\nventriloquism forever, Captain,\nthe audience is going to get\nbored of you!	machine	gemma-4-26B-A4B-it/UD-Q4_K_M/v2+story-v1/llama.cpp-b11443/t0	2026-10-06		
2032_045_26	c01dbb49d6c6802e209257d2af18aefee3f65bf8	...Captain, I'm sorry, I'm also\nreally regretting this traveling\nperformer persona.	machine	gemma-4-26B-A4B-it/UD-Q4_K_M/v2+story-v1/llama.cpp-b11443/t0	2026-10-06		
2032_050_01	5ecbe6b951812a823091917fad6eedade47057bc	<font color=blue>Welch</font>: Whew, I'm so glad you\nguys came! I definitely would've\ndied if I were alone!	machine	gemma-4-26B-A4B-it/UD-Q4_K_M/v2+story-v1/llama.cpp-b11443/t0	2026-10-06		
2032_050_02	809df1365107938d580f63e1f45c627594fabab3	<font color=blue>Euwin</font>: More "Beasts" remained\nthan expected. It didn't feel like\nthe Witch of Beasts returned,\nbut more might have been\nmissed.	machine	gemma-4-26B-A4B-it/UD-Q4_K_M/v2+story-v1+short-v1/llama.cpp-b11443/t0	2026-10-06		
2032_050_03	04eb137708ea363bca97361d007bed1db1bdaff1	I'll have to send a letter to my\nsister somewhere...	machine	gemma-4-26B-A4B-it/UD-Q4_K_M/v2+story-v1/llama.cpp-b11443/t0	2026-10-06		
2032_050_04	107ac8428b7c5a839ebc3f582ac1e86207199443	<font color=blue>Eve</font>: So, what is this "trade\nsecret" of yours? We've been\nwalking off the main road for\nquite a while now, you know.	machine	gemma-4-26B-A4B-it/UD-Q4_K_M/v2+story-v1/llama.cpp-b11443/t0	2026-10-06		
2032_050_05	2feb374166d82d9d5e3ee91269ffc128ee534223	<font color=blue>Welch</font>: Don't worry, we're\nalmost there.	machine	gemma-4-26B-A4B-it/UD-Q4_K_M/v2+story-v1/llama.cpp-b11443/t0	2026-10-06		
2032_050_06	998c4c9fceb2d118ed7df2a024d619b51af89d05	<font color=blue>Euwin</font>: Wolves have lived here\nsince ancient times. They're\nagitated by Baschen's Beasts,\nso let's finish this before things\nget troublesome.	machine	gemma-4-26B-A4B-it/UD-Q4_K_M/v2+story-v1+short-v1/llama.cpp-b11443/t0	2026-10-06		
2032_050_07	7241dae23aff4c8435e94853a636ced5a2e8d488	<font color=blue>Welch</font>: I know, I know!	machine	gemma-4-26B-A4B-it/UD-Q4_K_M/v2+story-v1/llama.cpp-b11443/t0	2026-10-06		
2032_050_08	0e9fca6417f2b68f7fb286c33a9340926b06864c	<font color=blue>Welch</font>: Look, we're here, here,\nhere! Ah, thank goodness, it\nlooks like this place is perfectly\nfine!	machine	gemma-4-26B-A4B-it/UD-Q4_K_M/v2+story-v1/llama.cpp-b11443/t0	2026-10-06		
2032_050_09	fb05e37724ef53bb226d29142de7ae8750fd1942	<font color=blue>Eve</font>: This place... there's\nnothing here.	machine	gemma-4-26B-A4B-it/UD-Q4_K_M/v2+story-v1/llama.cpp-b11443/t0	2026-10-06		
2032_050_10	09511e436b71473cd8e43b21292747ce5d42758b	<font color=blue>Welch</font>: Heh heh heh, Eve, can\nyou really not see what's right\nin front of you?	machine	gemma-4-26B-A4B-it/UD-Q4_K_M/v2+story-v1/llama.cpp-b11443/t0	2026-10-06		
2032_050_11	d6539a9e18bcf7e8eacccb6a262379e3c662daa5	<font color=blue>Eve</font>: Are you talking about this\npile of junk?	machine	gemma-4-26B-A4B-it/UD-Q4_K_M/v2+story-v1/llama.cpp-b11443/t0	2026-10-06		
2032_050_12	ee00eee1215c1a686ff97e1db5ef478999b80a1e	<font color=blue>Verda</font>: No matter how you look\nat it, this looks like nothing\nmore than an illegal dumping\nsite for scrap material.	machine	gemma-4-26B-A4B-it/UD-Q4_K_M/v2+story-v1/llama.cpp-b11443/t0	2026-10-06		
2032_050_14	920215473239bf35c5983a1345b61adeeaf8cc2a	<font color=blue>Welch</font> Fufufu! You traveling\nperformers clearly lack\ndiscipline!	machine	gemma-4-26B-A4B-it/UD-Q4_K_M/v2+story-v1/llama.cpp-b11443/t0	2026-10-06		
2032_050_15	e01f31b606cc1e76ff67a8f882c60974cd1ff634	<font color=blue>Rekoro</font> (...This is!)	machine	gemma-4-26B-A4B-it/UD-Q4_K_M/v2+story-v1/llama.cpp-b11443/t0	2026-10-06		
2032_050_16	b500c4deb4f72356cf2b8e955acef92000234c14	<font color=blue>Tika</font> (Rekoro?)	machine	gemma-4-26B-A4B-it/UD-Q4_K_M/v2+story-v1/llama.cpp-b11443/t0	2026-10-06		
2032_050_17	c1802ee0572c27cdc252980e855e45e7ba445603	<font color=blue>Rekoro</font> (Strange... Could it be,\nthis reaction is...!)	machine	gemma-4-26B-A4B-it/UD-Q4_K_M/v2+story-v1/llama.cpp-b11443/t0	2026-10-06		
2032_050_18	3699080f61492374b6a6a080fa8d523db59018ce	Ta-da! What you are about to\nsee contains no tricks and no\ngimmicks!	machine	gemma-4-26B-A4B-it/UD-Q4_K_M/v2+story-v1/llama.cpp-b11443/t0	2026-10-06		
2032_050_19	8aa0d75af75715f76ccb5b70380a79888b1a285f	Behold the secret lab of the\ngenius beautiful girl inventor,\nWelch Vineyard!!	machine	gemma-4-26B-A4B-it/UD-Q4_K_M/v2+story-v1/llama.cpp-b11443/t0	2026-10-06		
2032_050_20	d0266993ffce130079272ddd5c92354a296e6d59	What!?	machine	gemma-4-26B-A4B-it/UD-Q4_K_M/v2+story-v1/llama.cpp-b11443/t0	2026-10-06		
2032_050_21	112fce482a30f269452e5deae168a5baec335656	Wh-what!?	machine	gemma-4-26B-A4B-it/UD-Q4_K_M/v2+story-v1/llama.cpp-b11443/t0	2026-10-06		
2032_050_22	5d2c11604d5c39aaeee339637cbbbd5a9b78ef42	W-what is this!?	machine	gemma-4-26B-A4B-it/UD-Q4_K_M/v2+story-v1/llama.cpp-b11443/t0	2026-10-06		
2032_050_23	f5ac1fbf837348bcd3b75fb4e46701c7e115565d	No way!	machine	gemma-4-26B-A4B-it/UD-Q4_K_M/v2+story-v1/llama.cpp-b11443/t0	2026-10-06		
2032_050_24	076d83fd3b134881ca0b56171f5fe8d33ab32cac	I knew it...	machine	gemma-4-26B-A4B-it/UD-Q4_K_M/v2+story-v1/llama.cpp-b11443/t0	2026-10-06		
2033_060_01	2e5b4a9bfc709f73d5a64d12eb091593a2187055	Come on, come on, step right\nin! Don't worry, it won't\nexplode!	machine	gemma-4-26B-A4B-it/UD-Q4_K_M/v2+story-v1/llama.cpp-b11443/t0	2026-10-06		
2033_060_02	d981fc115b73ab969fa76560043f8d180b6e143b	W-what on earth is this?!	machine	gemma-4-26B-A4B-it/UD-Q4_K_M/v2+story-v1/llama.cpp-b11443/t0	2026-10-06		
2033_060_04	a71812f9d90be8a23b7eb472839c27d47ab0308e	Whoa...	machine	gemma-4-26B-A4B-it/UD-Q4_K_M/v2+story-v1/llama.cpp-b11443/t0	2026-10-06		
2033_060_05	49cdb24a28773892699c0c85e98c882489cc2225	Told you! My secret lab!	machine	gemma-4-26B-A4B-it/UD-Q4_K_M/v2+story-v1/llama.cpp-b11443/t0	2026-10-06		
2033_060_06	6594c112d64ecdc91fe319d3d6010a7dbfdb95b5	Kyaa! Euwin, you're witnessing\na young lady's secret! Oh, stop\nit!	machine	gemma-4-26B-A4B-it/UD-Q4_K_M/v2+story-v1/llama.cpp-b11443/t0	2026-10-06		
2033_060_07	75c9c4903143deba0b2fa339e7ad063215ada0a5	There isn't... a single thing here\nI've ever seen before.	machine	gemma-4-26B-A4B-it/UD-Q4_K_M/v2+story-v1/llama.cpp-b11443/t0	2026-10-06		
2033_060_08	ec3367cb0432352552d26e0b32ef6f9d6d940827	No... this is... could it be?	machine	gemma-4-26B-A4B-it/UD-Q4_K_M/v2+story-v1/llama.cpp-b11443/t0	2026-10-06		
2033_060_09	f0bd5100fb3c96f8cb291f878255b88d58600bad	Hey, wait! No reaction?\nSeriously, guys, aren't you all\nbeing a little too shocked?	machine	gemma-4-26B-A4B-it/UD-Q4_K_M/v2+story-v1/llama.cpp-b11443/t0	2026-10-06		
2033_060_10	ab772c2b03c9eed13caf69dcd628ac3087a2f734	It would be unreasonable not\nto be shocked... Don't tell me\nyou made all this?	machine	gemma-4-26B-A4B-it/UD-Q4_K_M/v2+story-v1/llama.cpp-b11443/t0	2026-10-06		
2033_060_11	6fcea4703faf0cc8929ebf2322a0c38ddd323af1	No way!	machine	gemma-4-26B-A4B-it/UD-Q4_K_M/v2+story-v1/llama.cpp-b11443/t0	2026-10-06		
2033_060_12	612090c01761c5da0c8dc259ed3e10504dc0608b	This is... I think it's probably\nthe "Power of the Attendants."	machine	gemma-4-26B-A4B-it/UD-Q4_K_M/v2+story-v1/llama.cpp-b11443/t0	2026-10-06		
2033_060_13	9bd6678fdbe2d4827753735c23a6bf49bdee0650	The Power of the Attendants?!\nWelch, how do you even know\nabout that...?	machine	gemma-4-26B-A4B-it/UD-Q4_K_M/v2+story-v1/llama.cpp-b11443/t0	2026-10-06		
2033_060_14	8143ecc425651458a376ed7d1d8ba20b923e2793	Eight years ago.	machine	gemma-4-26B-A4B-it/UD-Q4_K_M/v2+story-v1/llama.cpp-b11443/t0	2026-10-06		
2033_060_16	5bbec70487dac99e0b77194a036e86b808eadb76	Eight years ago, this thing fell\nfrom the sky.	machine	gemma-4-26B-A4B-it/UD-Q4_K_M/v2+story-v1/llama.cpp-b11443/t0	2026-10-06		
2033_060_17	d6307dc91bbe0102145f70f352e9dddcb8db9f9a	Fell from the sky?	machine	gemma-4-26B-A4B-it/UD-Q4_K_M/v2+story-v1/llama.cpp-b11443/t0	2026-10-06		
2033_060_18	63d6c184e86b89a7e67ea01ce15a72b7b9b52487	<font color=blue>Welch</font> Yeah... I was just at\nCarlone's house, looking out\nthe window.	machine	gemma-4-26B-A4B-it/UD-Q4_K_M/v2+story-v1/llama.cpp-b11443/t0	2026-10-06		
2033_060_19	13a29b98467b50d8c39b8586dbf1aa5e661ab006	Then, this sparkling light came\nfalling straight from the sky\ninto this forest.	machine	gemma-4-26B-A4B-it/UD-Q4_K_M/v2+story-v1/llama.cpp-b11443/t0	2026-10-06		
2033_060_20	7ccc666188c835b6fed3dc45a257549496adb777	At the time, the whole town\nwas buzzing with rumors that\nthe Holy Land War was about\nto end...	machine	gemma-4-26B-A4B-it/UD-Q4_K_M/v2+story-v1/llama.cpp-b11443/t0	2026-10-06		
2033_060_21	908648905ec9ad0871a57b607284f3483139ac27	As an innocent, pure little girl, I\nthought, "That's the power of\nthe Messenger!" and rushed\nout of my house to find it.	machine	gemma-4-26B-A4B-it/UD-Q4_K_M/v2+story-v1+short-v1/llama.cpp-b11443/t0	2026-10-06		
2033_060_22	6a242338ae2c65074607464e87e9ed41bd39a3cc	Because I thought my father\nwould come back.	machine	gemma-4-26B-A4B-it/UD-Q4_K_M/v2+story-v1/llama.cpp-b11443/t0	2026-10-06		
2033_060_23	fecf489d9ea7838aa3ecc650a1371076de45ac6f	<font color=blue>Tika</font> Welch... big sister?	machine	gemma-4-26B-A4B-it/UD-Q4_K_M/v2+story-v1/llama.cpp-b11443/t0	2026-10-06		
2033_060_24	49aeb7b8405d4d1bc65449822b2a2ffdf6991d24	<font color=blue>Euwin</font> ...	machine	gemma-4-26B-A4B-it/UD-Q4_K_M/v2+story-v1/llama.cpp-b11443/t0	2026-10-06		
2033_060_25	985e917c74bce9a672c0a62751e26910d1c026de	<font color=blue>Welch</font> My father hasn't come\nhome since he was drafted\nduring the Holy Land War eight\nyears ago.	machine	gemma-4-26B-A4B-it/UD-Q4_K_M/v2+story-v1+short-v1/llama.cpp-b11443/t0	2026-10-06		
2033_060_26	77318c4b376a325ef1a926ddb499faec65056cb0	He wasn't there when my\nmother got sick or for her\nfuneral. I wonder where he's\nwandering off to... He's such a\nuseless father.	machine	gemma-4-26B-A4B-it/UD-Q4_K_M/v2+story-v1+short-v1/llama.cpp-b11443/t0	2026-10-06		
2033_060_27	16cf1894e487fa8b20c66090d7b657409cb2b13d	If Eu and Eslyn hadn't been\nthere for me back then, I might\nhave ended up on the streets.	machine	gemma-4-26B-A4B-it/UD-Q4_K_M/v2+story-v1/llama.cpp-b11443/t0	2026-10-06		
2033_060_28	770d5002a231b4f927d8659be5572534b3861566	<font color=blue>Eve</font> ...	machine	gemma-4-26B-A4B-it/UD-Q4_K_M/v2+story-v1/llama.cpp-b11443/t0	2026-10-06		
2033_060_30	0c975b77ee3fb275c5460bec7c92d1a9d21c84df	<font color=blue>Welch</font> When this thing fell from\nthe sky, my mother was still\nalive, but...	machine	gemma-4-26B-A4B-it/UD-Q4_K_M/v2+story-v1/llama.cpp-b11443/t0	2026-10-06		
2033_060_31	1a746f06ed1ef6383f5572a7b7fdee3d51557035	Anyway, I never doubted my\nfather would return, which led\nme here to discover this\nmysterious lab.	machine	gemma-4-26B-A4B-it/UD-Q4_K_M/v2+story-v1+short-v1/llama.cpp-b11443/t0	2026-10-06		
2033_060_32	d51562e8f8a6eba029ff79379e3aff6960e71732	At first, I really had no idea\nwhat was what, but thanks to\na little stroke of luck, I learned\nhow to operate this lab.	machine	gemma-4-26B-A4B-it/UD-Q4_K_M/v2+story-v1/llama.cpp-b11443/t0	2026-10-06		
2033_060_33	38fb7404cc87e7bbeed1c9fc3567d5bc8e912dbe	Six years ago, when my mother\ndied of illness, I was forced to\nlive all on my own.	machine	gemma-4-26B-A4B-it/UD-Q4_K_M/v2+story-v1/llama.cpp-b11443/t0	2026-10-06		
2033_060_34	40a92cb180cc424024a658c89a9e7ce3ac4e7d13	<font color=blue>Welch</font> My family ran a\nblacksmith shop, so we've\nalways been on good terms\nwith the metal and scrap iron\ntraders...	machine	gemma-4-26B-A4B-it/UD-Q4_K_M/v2+story-v1+short-v1/llama.cpp-b11443/t0	2026-10-06		
2033_060_35	4cad9e76e276b510f972894c79093a3f4ca557ae	So, I thought I'd try selling off\nsome of the rare things in this\nlab! And I actually did sell a\nfew!	machine	gemma-4-26B-A4B-it/UD-Q4_K_M/v2+story-v1/llama.cpp-b11443/t0	2026-10-06		
2033_060_36	81ba39e5896a156daf811a84214e7d52fa4535f3	<font color=blue>Eve</font> I-I see...	machine	gemma-4-26B-A4B-it/UD-Q4_K_M/v2+story-v1/llama.cpp-b11443/t0	2026-10-06		
2033_060_37	05c6fb11ed826c005c163091850b7e96698caf4c	<font color=blue>Welch</font> Then, one time, I\nhappened to touch this, and\nthat's when this came out.	machine	gemma-4-26B-A4B-it/UD-Q4_K_M/v2+story-v1/llama.cpp-b11443/t0	2026-10-06		
2033_070_01	e71ccb0a47e60acb52e2194578774523a186decd	Weapon blueprints written in\nthe Daftine language... Th-this\nis impossible... What on earth is\nthis...?	machine	gemma-4-26B-A4B-it/UD-Q4_K_M/v2+story-v1/llama.cpp-b11443/t0	2026-10-06		
2033_070_02	089d364fca58f28d22a3b3dddffc5f799cfbbd95	What? Is Tika doing\nventriloquism now?	machine	gemma-4-26B-A4B-it/UD-Q4_K_M/v2+story-v1/llama.cpp-b11443/t0	2026-10-06		
2033_070_03	7e2fed27851609302d2b356493960d712fadbbf5	Oh, no, um, I was just a little\nsurprised and started choking...\n*cough, cough*.	machine	gemma-4-26B-A4B-it/UD-Q4_K_M/v2+story-v1/llama.cpp-b11443/t0	2026-10-06		
2033_070_04	af38943bfd9fe069b2248c5ead6c13604ad0bcd0	You'd better be careful.\nSickness is a scary thing.	machine	gemma-4-26B-A4B-it/UD-Q4_K_M/v2+story-v1/llama.cpp-b11443/t0	2026-10-06		
2033_070_05	a4e06d2109c93867f11d71d458b6f4a4474fe4b0	Y-yeah...	machine	gemma-4-26B-A4B-it/UD-Q4_K_M/v2+story-v1/llama.cpp-b11443/t0	2026-10-06		
2033_070_06	90ff3abb9305b0ccd9a632a817ba77344c971bf0	Are these the blueprints for\nEuwin's weapon?	machine	gemma-4-26B-A4B-it/UD-Q4_K_M/v2+story-v1/llama.cpp-b11443/t0	2026-10-06		
2033_070_07	49ed38784f8a5acf51ef5835767ecfbbbef8d532	That's right. Which parts to\nmake with which device, how to\ncombine them...	machine	gemma-4-26B-A4B-it/UD-Q4_K_M/v2+story-v1/llama.cpp-b11443/t0	2026-10-06		
2033_070_08	5b29ca79ae15e25f0fe78335da80ac018c646950	It's all written out in a long list,\naccompanied by drawings that\nlook just like the real thing.	machine	gemma-4-26B-A4B-it/UD-Q4_K_M/v2+story-v1/llama.cpp-b11443/t0	2026-10-06		
2033_070_09	8e531a55b7f113703bcc57b9e7978962d632da32	When I saw this, I finally\nrealized that I had been\nblessed with some kind of\nincredible stroke of luck.	machine	gemma-4-26B-A4B-it/UD-Q4_K_M/v2+story-v1/llama.cpp-b11443/t0	2026-10-06		
2033_070_10	4c050377696769dc4ae070473597e75dc9f585fa	Since then, I've visited\nwhenever I had a spare\nmoment, testing how to\noperate various things bit by\nbit...	machine	gemma-4-26B-A4B-it/UD-Q4_K_M/v2+story-v1+short-v1/llama.cpp-b11443/t0	2026-10-06		
2033_070_11	b51c1c15f99df3af760759900e6c19f348d78567	But after six years, all I've\nmanaged to make are Eu-boy's\nsword, my hammer, and some\nuseful tools for the shop.	machine	gemma-4-26B-A4B-it/UD-Q4_K_M/v2+story-v1/llama.cpp-b11443/t0	2026-10-06		
2033_070_12	e9acb40dfba3586693e1923861de1f7d6d1138c0	There's still so much I don't\nunderstand.	machine	gemma-4-26B-A4B-it/UD-Q4_K_M/v2+story-v1/llama.cpp-b11443/t0	2026-10-06		
2033_070_13	13019d64bd29c9b0101f094c056a9e0fcbef8162	Verda, do you think you could\nmake this strange device or\nsomething work?	machine	gemma-4-26B-A4B-it/UD-Q4_K_M/v2+story-v1/llama.cpp-b11443/t0	2026-10-06		
2033_070_14	5b93bc2f111e8bbee07725e67066ef185d7ca15a	I-I'm not so sure... I've never\nseen anything like it before...	machine	gemma-4-26B-A4B-it/UD-Q4_K_M/v2+story-v1/llama.cpp-b11443/t0	2026-10-06		
2033_070_15	624dee4eda4b397dcc9609ceb0538db51e05a292	You can play around with it. It's\nnot like it'll break, and it won't\nexplode.	machine	gemma-4-26B-A4B-it/UD-Q4_K_M/v2+story-v1/llama.cpp-b11443/t0	2026-10-06		
2033_070_16	f65b0b27c0cf9d037d177b186817ebc3f3abfc99	U-Umu, b-but will I be able to\nfigure anything out...? I'm not\nvery confident...	machine	gemma-4-26B-A4B-it/UD-Q4_K_M/v2+story-v1/llama.cpp-b11443/t0	2026-10-06		
2033_070_17	394355913982c2acd239240014fe1ca18fa534cd	Captain, what do you think?\nCould you take a look with me?\nI'm a bit scared...	machine	gemma-4-26B-A4B-it/UD-Q4_K_M/v2+story-v1/llama.cpp-b11443/t0	2026-10-06		
2033_070_19	f9ae3c485489edb0cb26a6952d3a36eec6ff37d1	U-Umu, that would be a great\nhelp... W-Whoa, what on earth\nis this...?	machine	gemma-4-26B-A4B-it/UD-Q4_K_M/v2+story-v1/llama.cpp-b11443/t0	2026-10-06		
2033_070_20	8ba83f1f71f7ef38bbf90b953b063f552c1b9001	Anyway, I've decided to devote\nmyself to various research\nprojects here in this lab every\nday.	machine	gemma-4-26B-A4B-it/UD-Q4_K_M/v2+story-v1/llama.cpp-b11443/t0	2026-10-06		
2033_070_21	80ec32a14b428f7bcdf386897ed263d4fb3b43ed	I'm going to make the absolute\nmost of this stroke of luck.	machine	gemma-4-26B-A4B-it/UD-Q4_K_M/v2+story-v1/llama.cpp-b11443/t0	2026-10-06		
2033_070_22	a8fa97704702435b8301c91d6650d70d93ee4bb4	And so... you're making\nweapons for Euwin?	machine	gemma-4-26B-A4B-it/UD-Q4_K_M/v2+story-v1/llama.cpp-b11443/t0	2026-10-06		
2033_070_23	5efffcadab1f889f330cae2cca46e6f281f08158	Well... at the end of the day, Eu\nhelps me understand him quite\na bit through this.	machine	gemma-4-26B-A4B-it/UD-Q4_K_M/v2+story-v1/llama.cpp-b11443/t0	2026-10-06		
2033_070_25	3e93d03a60c025d70d8fe3ba22ee17db8c371e5c	And listen, I don't know what\nthis place really is, but one\nthing is certain: it fell from the\nsky.	machine	gemma-4-26B-A4B-it/UD-Q4_K_M/v2+story-v1/llama.cpp-b11443/t0	2026-10-06		
2033_070_26	8ae8bbf9ec063225739a6ed2913196b1b06f2479	So someday, I want to uncover\nthe truth behind this lab and\nsee where it actually came\nfrom.	machine	gemma-4-26B-A4B-it/UD-Q4_K_M/v2+story-v1/llama.cpp-b11443/t0	2026-10-06		
2033_070_27	e7c740bd542f1da63b8e33e512daeafb900cba0b	Does that mean...?	machine	gemma-4-26B-A4B-it/UD-Q4_K_M/v2+story-v1/llama.cpp-b11443/t0	2026-10-06		
2033_070_28	f3ed6dd7e6f80260930cc7965d19199fc5ada7f0	Beyond the sky!	machine	gemma-4-26B-A4B-it/UD-Q4_K_M/v2+story-v1/llama.cpp-b11443/t0	2026-10-06		
2033_070_29	76db6c505119d230029eff7ecb822b859d2a2610	This mark on my shop is a\ndeclaration of that very\nresolve!	machine	gemma-4-26B-A4B-it/UD-Q4_K_M/v2+story-v1/llama.cpp-b11443/t0	2026-10-06		
2033_070_30	882ae52756dc4dd46615ff5c115fc0d40afc1f88	I want to see what's beyond\nthe sky! I want to be number\none! I want to be the cutest! I\nwant to be the richest!	machine	gemma-4-26B-A4B-it/UD-Q4_K_M/v2+story-v1/llama.cpp-b11443/t0	2026-10-06		
2033_070_31	0f6dce13dbdc76e3c89d7af5739e906aca1c522c	I want to be the best... uh,\nanyway, I'm just saying I'm\ngonna aim for the top!	machine	gemma-4-26B-A4B-it/UD-Q4_K_M/v2+story-v1/llama.cpp-b11443/t0	2026-10-06		
2033_070_32	2059d7aaa7a1644ddf324c69a38d5c83be04f47e	Welch...	machine	gemma-4-26B-A4B-it/UD-Q4_K_M/v2+story-v1/llama.cpp-b11443/t0	2026-10-06		
2033_070_33	42c5f8395741f8f58f57ca61edcb435fa4f23091	See? That was a little\nentertaining, right?	machine	gemma-4-26B-A4B-it/UD-Q4_K_M/v2+story-v1/llama.cpp-b11443/t0	2026-10-06		
2033_070_34	6670dd4b92326e2b099b62c58be899de1fa121f7	Now, I want to start\nmass-producing some tools\nhere that we'll need to maintain\nyour weapons and mine, Euwin.	machine	gemma-4-26B-A4B-it/UD-Q4_K_M/v2+story-v1/llama.cpp-b11443/t0	2026-10-06		
2033_070_35	70db76dfe635d17a94098acb49b05aacb4228c0e	Can you wait just a little\nlonger?	machine	gemma-4-26B-A4B-it/UD-Q4_K_M/v2+story-v1/llama.cpp-b11443/t0	2026-10-06		
2033_070_36	0b229c2203804b91895d1b8401b8502a7d30df46	Yes, of course...	machine	gemma-4-26B-A4B-it/UD-Q4_K_M/v2+story-v1/llama.cpp-b11443/t0	2026-10-06		
2033_070_37	b720eee76936e547c9df847060dfb87b951349a1	"Wha... Whaaaaaat!? This is...!?"	machine	gemma-4-26B-A4B-it/UD-Q4_K_M/v2+story-v1/llama.cpp-b11443/t0	2026-10-06		
2033_070_38	93f1a5072e51f690c8dd4ca5dd33ee9761ea12bd	Wait...	machine	gemma-4-26B-A4B-it/UD-Q4_K_M/v2+story-v1/llama.cpp-b11443/t0	2026-10-06		
2033_070_40	2f070dfda577ce52b25563607ae4bbded20046cd	Yeah, yeah... Captain, isn't that\nactually your real voice?	machine	gemma-4-26B-A4B-it/UD-Q4_K_M/v2+story-v1/llama.cpp-b11443/t0	2026-10-06		
2033_070_41	ac9e02f2da96f2d3cddb8085d368f322925b69c3	So, Verda? Find anything\ninteresting?	machine	gemma-4-26B-A4B-it/UD-Q4_K_M/v2+story-v1/llama.cpp-b11443/t0	2026-10-06		
2033_070_43	b9f2e8f0c150768f5ce7f8ddabf1cc84092b4762	Verda?	machine	gemma-4-26B-A4B-it/UD-Q4_K_M/v2+story-v1/llama.cpp-b11443/t0	2026-10-06		
2033_070_44	cfff8288d8d5b3cac534fc29c4e277adccbf60d1	Ah, n-no, well, I still didn't quite\nunderstand it.	machine	gemma-4-26B-A4B-it/UD-Q4_K_M/v2+story-v1/llama.cpp-b11443/t0	2026-10-06		
2033_070_45	fde6103254eaf784588a30c919ec257764c04e22	We don't have much time, so\ncould you focus on making\nweapon parts for Welch and\nEuwin for now?	machine	gemma-4-26B-A4B-it/UD-Q4_K_M/v2+story-v1/llama.cpp-b11443/t0	2026-10-06		
2033_070_46	cd7f5c76c115d81a777b94cfee5b3e014d622729	Yeah, yeah. I have other things\nI want to make too, so give me\njust a little bit of time!	machine	gemma-4-26B-A4B-it/UD-Q4_K_M/v2+story-v1/llama.cpp-b11443/t0	2026-10-06		
2033_080_01	900e32bac4513986fd97affefdbd54d342c54dd5	How are Euwin and Welch\ndoing?	machine	gemma-4-26B-A4B-it/UD-Q4_K_M/v2+story-v1/llama.cpp-b11443/t0	2026-10-06		
2033_080_02	86ac422daa50e4221ea90c76e90dbe595c2b639d	They are fine. They seem to be\nadjusting the dual blades;\nthere is no sign of them leaving\nthe back of the lab.	machine	gemma-4-26B-A4B-it/UD-Q4_K_M/v2+story-v1/llama.cpp-b11443/t0	2026-10-06		
2033_080_03	5bbd6e9cfee63e10117ba28ea68bada9a16996e2	I see... then...	machine	gemma-4-26B-A4B-it/UD-Q4_K_M/v2+story-v1/llama.cpp-b11443/t0	2026-10-06		
2033_080_04	70aff6ad53f9f081d05858bbbc86080931019dc2	Rekoro & Coro: What on earth\nis this!? "What is this even\nsupposed to be!?"	machine	gemma-4-26B-A4B-it/UD-Q4_K_M/v2+story-v1/llama.cpp-b11443/t0	2026-10-06		
2033_080_06	2086871b2fddf2f95132706b5ce45f8c6451a62b	Shh! Y-you two, keep your\nvoices down!	machine	gemma-4-26B-A4B-it/UD-Q4_K_M/v2+story-v1/llama.cpp-b11443/t0	2026-10-06		
2033_080_07	c9c36ec091fd26c7bcc5a382ae6dee2dfdd972ed	I-is it really that bad!?	machine	gemma-4-26B-A4B-it/UD-Q4_K_M/v2+story-v1/llama.cpp-b11443/t0	2026-10-06		
2033_080_08	8a344bb6b5c351f8845123327d0e734b3bd981ef	<font color=blue>Verda</font> There is no mistake. It is\nclearly the work of an\nadvanced civilization... And if\nmy assessment is correct...	machine	gemma-4-26B-A4B-it/UD-Q4_K_M/v2+story-v1/llama.cpp-b11443/t0	2026-10-06		
2033_080_09	b88507436dd511d16933520a1e85bdf562e7646e	It is likely that their level of\ncivilization is even more\nadvanced than our own ship.	machine	gemma-4-26B-A4B-it/UD-Q4_K_M/v2+story-v1/llama.cpp-b11443/t0	2026-10-06		
2033_080_10	1154b3bd20ceffeea4344f0839917c0c5b4f1a42	<font color=blue>Eve</font> R-really?!	machine	gemma-4-26B-A4B-it/UD-Q4_K_M/v2+story-v1/llama.cpp-b11443/t0	2026-10-06		
2033_080_11	0a89bb709dfd61afc04f1f2d5f240ed182a88fe0	<font color=blue>Coro</font> "It pains me to say it, but\nI believe there is no mistake..."	machine	gemma-4-26B-A4B-it/UD-Q4_K_M/v2+story-v1/llama.cpp-b11443/t0	2026-10-06		
2033_080_12	29a239f083d7777ae9a0db2e3c8a2b5a9556d5e4	<font color=blue>Rekoro</font> There is even a\npossibility it is higher than\nDaftine, where Tika used to\nlive.	machine	gemma-4-26B-A4B-it/UD-Q4_K_M/v2+story-v1/llama.cpp-b11443/t0	2026-10-06		
2033_080_13	86834651147199b6180472d7e211ece9c9f6d456	<font color=blue>Verda</font> I couldn't tinker with it in\nmuch detail because of Welch,\nbut...	machine	gemma-4-26B-A4B-it/UD-Q4_K_M/v2+story-v1/llama.cpp-b11443/t0	2026-10-06		
2033_080_14	b841a70f20d59350ee6f9e06a0ca2be326b14f59	The Replicator's energy\nconversion efficiency is clearly\nnot of this era.	machine	gemma-4-26B-A4B-it/UD-Q4_K_M/v2+story-v1/llama.cpp-b11443/t0	2026-10-06		
2033_080_15	88b78bc46c2ac2148c4011ce50b8e8acf65daec7	<font color=blue>Rekoro</font> However, there is\nsomething strange. The\nlanguage being displayed is the\ncurrent language of this planet.	machine	gemma-4-26B-A4B-it/UD-Q4_K_M/v2+story-v1/llama.cpp-b11443/t0	2026-10-06		
2033_080_16	3c7009e7878e3a76c1365ab9ecd4e5103068052d	<font color=blue>Eve</font> What's so strange about\nthat?	machine	gemma-4-26B-A4B-it/UD-Q4_K_M/v2+story-v1/llama.cpp-b11443/t0	2026-10-06		
2033_080_17	c30697f8382182b4a71d9e0801e0221dfec661ac	<font color=blue>Rekoro</font> It's late to mention, but\nthe language here is the same\nas in Daftine, Tika's homeland.	machine	gemma-4-26B-A4B-it/UD-Q4_K_M/v2+story-v1+short-v1/llama.cpp-b11443/t0	2026-10-06		
2033_080_18	492de39439356d31430af2648c2131c3194bc015	The characters used in Carlone\nCity, and the languages spoken\nby Ewin Laxter and Welch\nVineyard, are the same.	machine	gemma-4-26B-A4B-it/UD-Q4_K_M/v2+story-v1/llama.cpp-b11443/t0	2026-10-06		
2033_080_19	95360306aeb00bdb5704c4915ef1056efd589df9	<font color=blue>Verda</font> Myself, Eve, and the\nCaptain use translation devices\nto communicate, but...	machine	gemma-4-26B-A4B-it/UD-Q4_K_M/v2+story-v1/llama.cpp-b11443/t0	2026-10-06		
2033_080_20	7fa5ecc4b324e9f6a566652b169cea4ebbc00fd9	<font color=blue>Tika</font> ...Yeah, I just speak\nnormally.	machine	gemma-4-26B-A4B-it/UD-Q4_K_M/v2+story-v1/llama.cpp-b11443/t0	2026-10-06		
2033_080_21	9e7016cb5130bcbfb0d2b27ce496a6a4fc68510b	<font color=blue>Rekoro</font> Judging by language\nusage, the Holy Land War's\nprogress, and key figures in\nthe Rubarika Kingdom,	machine	gemma-4-26B-A4B-it/UD-Q4_K_M/v2+story-v1+short-v1/llama.cpp-b11443/t0	2026-10-06		
2033_080_22	5f8c6fe62b1fd88fc2a7241bd8cad1d064930eb4	I have determined we are in an\nera approximately two hundred\nyears before the time Tika\nlived in.	machine	gemma-4-26B-A4B-it/UD-Q4_K_M/v2+story-v1+short-v1/llama.cpp-b11443/t0	2026-10-06		
2033_080_23	a6eae739131d5f3cd7ec9a4069c5cb6fd957d033	<font color=blue>Tika</font> ...	machine	gemma-4-26B-A4B-it/UD-Q4_K_M/v2+story-v1/llama.cpp-b11443/t0	2026-10-06		
2033_080_24	10d9ad5a01ac372af0b8f466315c8800130279ba	<font color=blue>Verda</font> Two hundred years...?\nYou mean we've gone back in\ntime?	machine	gemma-4-26B-A4B-it/UD-Q4_K_M/v2+story-v1/llama.cpp-b11443/t0	2026-10-06		
2033_080_25	8a71e2a907b0ca41d8fe85a79a827221ff1b68f2	<font color=blue>Eve</font> Wait, Rekoro, does that\nmean...?	machine	gemma-4-26B-A4B-it/UD-Q4_K_M/v2+story-v1/llama.cpp-b11443/t0	2026-10-06		
2033_080_27	be1c8d3fadb1d21cda5d24c29ad7e0f274c286ce	<font color=blue>Rekoro</font> That's right. Tika and I\nhave traveled through time.	machine	gemma-4-26B-A4B-it/UD-Q4_K_M/v2+story-v1/llama.cpp-b11443/t0	2026-10-06		
2033_080_28	1c3867c24e896d1186f43c9f6104a037dccb6a9c	This is a Daftine from the far\ndistant past, long before the\ntime Tika lived in.	machine	gemma-4-26B-A4B-it/UD-Q4_K_M/v2+story-v1/llama.cpp-b11443/t0	2026-10-06		
2033_080_29	7fbae047224d2569f67a51e436f688467a53ac62	<font color=blue>Coro</font> "I also support that\ntheory. It is the most logical\ninterpretation to explain our\ncurrent situation.	machine	gemma-4-26B-A4B-it/UD-Q4_K_M/v2+story-v1/llama.cpp-b11443/t0	2026-10-06		
2033_080_30	b7b91f33635b0181d44d99c2fee663a370c6e6e4	However, even so, many\nquestions regarding this planet\nremain..."	machine	gemma-4-26B-A4B-it/UD-Q4_K_M/v2+story-v1/llama.cpp-b11443/t0	2026-10-06		
2033_080_31	4319e441ada002b6a638dcd22c6431bd1d6a7e48	"For instance, who exactly sent\nWelch's lab here, configured\nwith the language settings of\nthis era...?"	machine	gemma-4-26B-A4B-it/UD-Q4_K_M/v2+story-v1/llama.cpp-b11443/t0	2026-10-06		
2033_080_32	5d2db5a7a474f50ea9d1c08857c16f305fcbcbe9	<font color=blue>Verda</font> Indeed. It was only in the\nmodern era that the Levarance\nmilitary was purged from this\nsector.	machine	gemma-4-26B-A4B-it/UD-Q4_K_M/v2+story-v1/llama.cpp-b11443/t0	2026-10-06		
2033_080_33	8e9e98ca84a3dee9d6207b71cbcb97f3a3659e69	<font color=blue>Verda</font> If Tika came from 200\nyears in the future, why is a\nRubarika general in this era\nsearching for her by name?	machine	gemma-4-26B-A4B-it/UD-Q4_K_M/v2+story-v1+short-v1/llama.cpp-b11443/t0	2026-10-06		
2033_080_34	d501803169370143f8ad18afe1f80356bd8a6f5e	That armored man from before\nalso seemed to have known\nTika from the very beginning.\nAnd besides...	machine	gemma-4-26B-A4B-it/UD-Q4_K_M/v2+story-v1/llama.cpp-b11443/t0	2026-10-06		
2033_080_35	797f609e661e9d743253e0a1b4d6af3ec0c6d4dc	We cannot ignore that\nso-called "Beast Witch" who\nuses the same Gem summoning\narts as Eve.	machine	gemma-4-26B-A4B-it/UD-Q4_K_M/v2+story-v1/llama.cpp-b11443/t0	2026-10-06		
2033_080_36	eba6ad792ef043d1f7303f33907eb2a151d9c29c	<font color=blue>Eve</font> Karlyn... was it? That\nBeast Witch is...	machine	gemma-4-26B-A4B-it/UD-Q4_K_M/v2+story-v1/llama.cpp-b11443/t0	2026-10-06		
2033_080_37	e6311bc27874837214b30b627718ffa0ea071aae	<font color=blue>Verda</font> She belongs to an\nenemy nation of Rubarika. It\nwill likely be difficult for us to\nseek her out.	machine	gemma-4-26B-A4B-it/UD-Q4_K_M/v2+story-v1/llama.cpp-b11443/t0	2026-10-06		
2033_080_38	58ea304998124e4088dc1a9cb3c90681401ab2de	<font color=blue>Coro</font> "Though I suspect she'll\nattack the moment we meet..."	machine	gemma-4-26B-A4B-it/UD-Q4_K_M/v2+story-v1/llama.cpp-b11443/t0	2026-10-06		
2033_080_39	4252545da6b36d1bb9a0ad7f12183f61aa8e8dbe	<font color=blue>Tika</font> That lady... she had a tail,\ndidn't she?	machine	gemma-4-26B-A4B-it/UD-Q4_K_M/v2+story-v1/llama.cpp-b11443/t0	2026-10-06		
2033_080_40	125ec6af5d41a85c1a7db55e402bcf0603e1ba7e	<font color=blue>Coro</font> "She is likely of the\nFoxtail race.	machine	gemma-4-26B-A4B-it/UD-Q4_K_M/v2+story-v1/llama.cpp-b11443/t0	2026-10-06		
2033_080_41	586a388a0456bfbe5d98f56d8760c0a31df01c1b	They are skilled in Crest Arts,\nand among humanoid races,\ntheir average lifespan is\nsomewhat long.	machine	gemma-4-26B-A4B-it/UD-Q4_K_M/v2+story-v1/llama.cpp-b11443/t0	2026-10-06		
2033_080_43	227d4b311c0fa4335e3b1f5a98653e999f521f76	<font color=blue>Rekoro</font> They are a minority\nliving throughout Baschen, but\nthere should be almost none in\nRubarika.	machine	gemma-4-26B-A4B-it/UD-Q4_K_M/v2+story-v1/llama.cpp-b11443/t0	2026-10-06		
2033_080_44	36e5eabc5b3a3756e1feb1de3dcef90ec25c1e68	<font color=blue>Tika</font> I'd heard of people with\ntails, but I'd never seen one\nuntil now. I didn't realize that\nlady was one of them.	machine	gemma-4-26B-A4B-it/UD-Q4_K_M/v2+story-v1+short-v1/llama.cpp-b11443/t0	2026-10-06		
2033_080_45	5527797bfc0932680529a4699b9bb15053dda7f7	You're being quite calm, Tika.	machine	gemma-4-26B-A4B-it/UD-Q4_K_M/v2+story-v1/llama.cpp-b11443/t0	2026-10-06		
2033_080_46	ec297c15bdf51929fef6a49af4c4bae4648b1f57	Yeah... it's just, I wasn't exactly\nexpecting this.	machine	gemma-4-26B-A4B-it/UD-Q4_K_M/v2+story-v1/llama.cpp-b11443/t0	2026-10-06		
2033_080_47	4e4867c0cddcc915b8d526083c94194b325ac871	Everything is so unfamiliar, and\nyet, so many things I've seen\nare from what I studied in\nschool,	machine	gemma-4-26B-A4B-it/UD-Q4_K_M/v2+story-v1/llama.cpp-b11443/t0	2026-10-06		
2033_080_48	c6a1823185b8c47b3e65aab9b5eead0cc4960df8	or from the stories Grandpa\nand Grandma used to tell me...\nand even the language is\nunderstandable...	machine	gemma-4-26B-A4B-it/UD-Q4_K_M/v2+story-v1/llama.cpp-b11443/t0	2026-10-06		
2033_080_49	00128ca8fb8b588c92b6ed3c002e0e93c2d95525	I kind of felt like I had traveled\nback in time.	machine	gemma-4-26B-A4B-it/UD-Q4_K_M/v2+story-v1/llama.cpp-b11443/t0	2026-10-06		
2033_080_50	9848d0cd27e4614e1508b60e043c30295318ace5	Tika...	machine	gemma-4-26B-A4B-it/UD-Q4_K_M/v2+story-v1/llama.cpp-b11443/t0	2026-10-06		
2033_080_51	efac4c3b29fb2e1206a6bbcf0334c53fbf5552e4	I never thought it would\nhappen to me, you know?	machine	gemma-4-26B-A4B-it/UD-Q4_K_M/v2+story-v1/llama.cpp-b11443/t0	2026-10-06		
2033_080_52	67c8552c0211812ccb3d7948bbd6fbe4bb4459e4	But in stories, time travel isn't\nthat uncommon, is it?	machine	gemma-4-26B-A4B-it/UD-Q4_K_M/v2+story-v1/llama.cpp-b11443/t0	2026-10-06		
2033_080_53	07d83e2c1fe39746e51afdc645a4272a70af2427	Just like the story's heroes,\nRekoro, the Captain, and I went\non a mysterious adventure\ntogether...	machine	gemma-4-26B-A4B-it/UD-Q4_K_M/v2+story-v1+short-v1/llama.cpp-b11443/t0	2026-10-06		
2033_080_54	cabb8050f3e09e173fe2632533eb16da1a0e4d39	That's why... I...	machine	gemma-4-26B-A4B-it/UD-Q4_K_M/v2+story-v1/llama.cpp-b11443/t0	2026-10-06		
2033_080_55	52912700c0e3419eb4606a1b4f9f5144f7035fd0	Big sister Verda...	machine	gemma-4-26B-A4B-it/UD-Q4_K_M/v2+story-v1/llama.cpp-b11443/t0	2026-10-06		
2033_080_56	12d5c81f77a70ca8eb14aca196c4d9acbfd0bb60	I can go back, right...? I can go\nback to Daftine... right?	machine	gemma-4-26B-A4B-it/UD-Q4_K_M/v2+story-v1/llama.cpp-b11443/t0	2026-10-06		
2033_080_57	8bdf7afaa4e27a7577c33ece1f7e8981a15d476e	It is not a matter of whether\nyou can or cannot! You shall\nreturn!	machine	gemma-4-26B-A4B-it/UD-Q4_K_M/v2+story-v1/llama.cpp-b11443/t0	2026-10-06		
2033_080_58	c19d5088790e94701bdf201f8193ece4e183713b	Go... back?	machine	gemma-4-26B-A4B-it/UD-Q4_K_M/v2+story-v1/llama.cpp-b11443/t0	2026-10-06		
2033_080_59	020c3a06a0ece211b784bd5289d8735bb24b446c	I, too, have once been\nimprisoned by a despair so\ndeep and terrifying, I thought it\nwould never lift.	machine	gemma-4-26B-A4B-it/UD-Q4_K_M/v2+story-v1/llama.cpp-b11443/t0	2026-10-06		
2033_080_60	b2bcbaa040a6a86c5d2d518d978a5a56a88557a8	But I did not give up. No\nmatter how sad, no matter how\npainful, I never gave up.	machine	gemma-4-26B-A4B-it/UD-Q4_K_M/v2+story-v1/llama.cpp-b11443/t0	2026-10-06		
2033_080_61	e9cce82341f3893fc0e6c5e8122649277accd997	And that... is how I grasped a\nmiracle.	machine	gemma-4-26B-A4B-it/UD-Q4_K_M/v2+story-v1/llama.cpp-b11443/t0	2026-10-06		
2033_080_62	2eb6b6bf2fea9fbf6919f4f9e41d73a87b97a56c	...Big sister... Verda...	machine	gemma-4-26B-A4B-it/UD-Q4_K_M/v2+story-v1/llama.cpp-b11443/t0	2026-10-06		
2033_080_63	7a204a59f759ee5b21ec272920577c4690579053	Tika. I... we promise that we will\nmake a miracle happen.	machine	gemma-4-26B-A4B-it/UD-Q4_K_M/v2+story-v1/llama.cpp-b11443/t0	2026-10-06		
2033_080_65	e67227dd16efb738c8eccbd540de94ac59d66c38	It is your grandfather's dying\nwish. I must reduce the total\namount of tears shed in the\nuniverse...	machine	gemma-4-26B-A4B-it/UD-Q4_K_M/v2+story-v1/llama.cpp-b11443/t0	2026-10-06		
2033_080_66	779f399e1e36485b159d1e04a33336227bf950fa	So... please, do not cry\nanymore.	machine	gemma-4-26B-A4B-it/UD-Q4_K_M/v2+story-v1/llama.cpp-b11443/t0	2026-10-06		
2033_080_67	77a5db345f8690649b0cd09a542f6b368a6d3ee8	...Waaaaah... waaaaaah...!	machine	gemma-4-26B-A4B-it/UD-Q4_K_M/v2+story-v1/llama.cpp-b11443/t0	2026-10-06		
2033_085_03	d46749dad0da4cb0b5bcb0b19981f8a5b0e12f82	Eve: Ah... yeah, sorry. I just felt\na little pathetic for a moment.	machine	gemma-4-26B-A4B-it/UD-Q4_K_M/v2+story-v1/llama.cpp-b11443/t0	2026-10-06		
2033_085_05	8796910353e964eb7834397aca6b9702ed2cfd23	Eve: Verda and Tika are\nworking so hard despite their\nsmall bodies,	machine	gemma-4-26B-A4B-it/UD-Q4_K_M/v2+story-v1/llama.cpp-b11443/t0	2026-10-06		
2033_085_06	deadfc2cb1fc8e1cc80e71cd859d76b6ddb05931	Eve: But I got so shaken up\njust thinking that the "Witch of\nthe Beast" possessed the\nsame power as me...	machine	gemma-4-26B-A4B-it/UD-Q4_K_M/v2+story-v1/llama.cpp-b11443/t0	2026-10-06		
2033_085_07	77973e6a661bab0c6c1116e2bc1f2c00317d7c3e	Eve: I'm no good, am I? I can't\ntreat those two like children if\nI'm acting like this.	machine	gemma-4-26B-A4B-it/UD-Q4_K_M/v2+story-v1/llama.cpp-b11443/t0	2026-10-06		
2033_085_08	3ec22c59f772865cfbbd8b4a977a0541c463a347	Cheerful Eve is best	machine	gemma-4-26B-A4B-it/UD-Q4_K_M/v2+story-v1/llama.cpp-b11443/t0	2026-10-06		
2033_085_09	360b9df252cc37ae48222ad05dc9a90e2b348795	Don't push yourself	machine	gemma-4-26B-A4B-it/UD-Q4_K_M/v2+story-v1/llama.cpp-b11443/t0	2026-10-06		
2033_085_10	6b72bc6dddb2b291ff01822414b9a34ceb9afbaf	Should I treat you like a child?	machine	gemma-4-26B-A4B-it/UD-Q4_K_M/v2+story-v1/llama.cpp-b11443/t0	2026-10-06		
2033_085_11	ae5440acbd392790025e1ad01f8871c2beb65b84	Eve: Hehe, thanks. It's not like I\nwas truly depressed or\nanything.	machine	gemma-4-26B-A4B-it/UD-Q4_K_M/v2+story-v1/llama.cpp-b11443/t0	2026-10-06		
2033_085_12	41705e948f567ff14da449da4ff469d99adc540c	Eve: It's just... while I don't\nunderstand my own power, the\nWitch of the Beast seemed to\nuse hers so freely. That's why I\nlost my composure.	machine	gemma-4-26B-A4B-it/UD-Q4_K_M/v2+story-v1+short-v1/llama.cpp-b11443/t0	2026-10-06		
2033_085_14	73055117e05d39e365500b549d1a1635d85e4197	Eve: I'll be fine. I'll worry and\nthink, but I won't stop looking\nforward. Right now, Tika is\nwhat matters most.	machine	gemma-4-26B-A4B-it/UD-Q4_K_M/v2+story-v1+short-v1/llama.cpp-b11443/t0	2026-10-06		
2033_085_15	c2626965d8a45f23a07dbd2acfdd8d361fe9a875	Eve: I'm not... pushing myself, I\ndon't think... if anything, I'm just\nspinning my wheels.	machine	gemma-4-26B-A4B-it/UD-Q4_K_M/v2+story-v1/llama.cpp-b11443/t0	2026-10-06		
2033_085_16	e9384238f1c51a500ba0eb45945817865e0672b7	Eve: Come to think of it, I don't\nreally have a goal.	machine	gemma-4-26B-A4B-it/UD-Q4_K_M/v2+story-v1/llama.cpp-b11443/t0	2026-10-06		
2033_085_17	138aa10ef3f362d91db50dac77256a9ab28b44a4	The amnesia I mentioned at\nfirst was a lie, but I have no\nidea where I came from or why\nI can use Glyph Arts...	machine	gemma-4-26B-A4B-it/UD-Q4_K_M/v2+story-v1/llama.cpp-b11443/t0	2026-10-06		
2033_085_18	5c330dde3508aff58363d295bd97c7c76e22a10f	It doesn't need to be as grand\nas Verda's feat, but the Beast\nWitch has me so unsettled\nbefore I've even found my\nfooting...	machine	gemma-4-26B-A4B-it/UD-Q4_K_M/v2+story-v1+short-v1/llama.cpp-b11443/t0	2026-10-06		
2033_085_19	17d5097b31d163fd85d1fc764069f8a57f132313	Ah, what am I even saying?	machine	gemma-4-26B-A4B-it/UD-Q4_K_M/v2+story-v1/llama.cpp-b11443/t0	2026-10-06		
2033_085_21	2e219de26a299ad935afc70ee66e3f511c7dc01f	...Thanks. "Take it easy," huh...\nMaybe I'm managing because\nthe Captain says things like\nthat. ...What am I even talking\nabout?	machine	gemma-4-26B-A4B-it/UD-Q4_K_M/v2+story-v1/llama.cpp-b11443/t0	2026-10-06		
2033_085_22	0f6ae0e6e21726a9c87e27024282b97bd9478f32	...Just so you know, I do\nremember my age. I'm eighteen.\nI'm certain of it. I'm not a child\nanymore!	machine	gemma-4-26B-A4B-it/UD-Q4_K_M/v2+story-v1/llama.cpp-b11443/t0	2026-10-06		
2033_085_24	c9092736e6948f6f514dbcac9aef58d6cd32d2d9	Calling eighteen a child...\nCaptain, that sounds incredibly\nold-fashioned.	machine	gemma-4-26B-A4B-it/UD-Q4_K_M/v2+story-v1/llama.cpp-b11443/t0	2026-10-06		
2033_085_26	ec1099c6521b84bd91325c656912d9fb2d132310	...Hehe, but thanks. Do you\nknow what a child's privilege\nis?	machine	gemma-4-26B-A4B-it/UD-Q4_K_M/v2+story-v1/llama.cpp-b11443/t0	2026-10-06		
2033_085_27	9fe040dafda172a43881c347b79ebd77050f4265	Being able to rely on someone\nunconditionally. Maybe I'll just\ntake advantage of that and\nlean on you for a bit?	machine	gemma-4-26B-A4B-it/UD-Q4_K_M/v2+story-v1/llama.cpp-b11443/t0	2026-10-06		
2033_085_29	92def459ebfeed71fb390d43f6f376c24c5c7a4a	Just kidding. Don't panic like\nthat.	machine	gemma-4-26B-A4B-it/UD-Q4_K_M/v2+story-v1/llama.cpp-b11443/t0	2026-10-06		
2033_085_30	55f400eb6aa7401f3a5f48424090be77f2d03ffc	A wolf's voice? I wonder if it's\nthe wolf Euwin mentioned that\nlives in this forest. It sounds\ncloser than before.	machine	gemma-4-26B-A4B-it/UD-Q4_K_M/v2+story-v1/llama.cpp-b11443/t0	2026-10-06		
2033_085_31	f80776aed7331bb3d0a9f14169de14c61471eea0	Euwin and the others should be\nfinishing soon. I want to return\nto the highway before dark to\ncheck on...	machine	gemma-4-26B-A4B-it/UD-Q4_K_M/v2+story-v1+short-v1/llama.cpp-b11443/t0	2026-10-06		
2033_085_32	fcf1e5fe4896bf4bdf85610d41050544e09c2a06	"Everyone! Please be careful! A\nstrange biological signature is\napproaching!"	machine	gemma-4-26B-A4B-it/UD-Q4_K_M/v2+story-v1/llama.cpp-b11443/t0	2026-10-06		
2033_085_34	d0266993ffce130079272ddd5c92354a296e6d59	Eh!?	machine	gemma-4-26B-A4B-it/UD-Q4_K_M/v2+story-v1/llama.cpp-b11443/t0	2026-10-06		
2033_085_35	b7b3eb15cbb76437e32621f4146789a5fca8d41a	『There is only one, but it is\napproaching you all at a speed\nincomparable to any other\ncreature in this region!』	machine	gemma-4-26B-A4B-it/UD-Q4_K_M/v2+story-v1/llama.cpp-b11443/t0	2026-10-06		
2033_085_36	93b88d8c754b890aaf5eff7df0617f7caeab5fb9	『Rekoro! I will prepare Tika for\nteleportation!』	machine	gemma-4-26B-A4B-it/UD-Q4_K_M/v2+story-v1/llama.cpp-b11443/t0	2026-10-06		
2033_085_37	19ff80d2f7e7de7853c039282d5745fa0001eb1e	Euwin! Welch!	machine	gemma-4-26B-A4B-it/UD-Q4_K_M/v2+story-v1/llama.cpp-b11443/t0	2026-10-06		
2033_085_38	9bf0d3d6477b90069e94f8662b20e8e82df59ebc	What is it!?	machine	gemma-4-26B-A4B-it/UD-Q4_K_M/v2+story-v1/llama.cpp-b11443/t0	2026-10-06		
2033_085_39	5253dfe756644df2551cfa1e59bcc537bbb3d86c	What, what is it!?	machine	gemma-4-26B-A4B-it/UD-Q4_K_M/v2+story-v1/llama.cpp-b11443/t0	2026-10-06		
2033_085_40	0cd571508d081f130f74b42a420344fe842f4e44	It's coming!!	machine	gemma-4-26B-A4B-it/UD-Q4_K_M/v2+story-v1/llama.cpp-b11443/t0	2026-10-06		
2033_085_41	6fd0faf5771edf64c50d42c7bbf6a968ee6339b1	Wh-what on earth is that\nthing!?	machine	gemma-4-26B-A4B-it/UD-Q4_K_M/v2+story-v1/llama.cpp-b11443/t0	2026-10-06		
2033_090_01	28faab9d2706a04aaa756111686618e19e89c623	I've never seen a beast like\nthis before...	machine	gemma-4-26B-A4B-it/UD-Q4_K_M/v2+story-v1/llama.cpp-b11443/t0	2026-10-06		
2033_090_02	7ff9374b9eab39d555eebf0aed3dd1b1fa449f9c	That one was definitely\ncreepier than the others...	machine	gemma-4-26B-A4B-it/UD-Q4_K_M/v2+story-v1/llama.cpp-b11443/t0	2026-10-06		
2033_090_03	e4bcc4697391d7f18d57c2d55944f819ac312b1d	Indeed... Just to be safe...	machine	gemma-4-26B-A4B-it/UD-Q4_K_M/v2+story-v1/llama.cpp-b11443/t0	2026-10-06		
2033_090_04	0f6034965660860797ca3095a7b8bbce7af4e8f4	Hmm? Verda? What's wrong?\nShouldn't you stay back a bit?	machine	gemma-4-26B-A4B-it/UD-Q4_K_M/v2+story-v1/llama.cpp-b11443/t0	2026-10-06		
2033_090_05	d9483aba71c8f9956639dd1675a15f223a4edd05	...Ah, no, it's just that\nsomething caught my eye. This\none might be another survivor\nthat escaped the subjugation.	machine	gemma-4-26B-A4B-it/UD-Q4_K_M/v2+story-v1/llama.cpp-b11443/t0	2026-10-06		
2033_090_06	8730d253f8531475a40ead700c88c0d502c60468	...You're probably right.	machine	gemma-4-26B-A4B-it/UD-Q4_K_M/v2+story-v1/llama.cpp-b11443/t0	2026-10-06		
2033_090_07	42c164ad834d064230df88ed812429591ec48783	Well, most of it's finished, so\nshall we head back to our\noriginal path?	machine	gemma-4-26B-A4B-it/UD-Q4_K_M/v2+story-v1/llama.cpp-b11443/t0	2026-10-06		
2033_090_08	49e380d1e13a153c1d165fc08d6a3c8acda841e2	Alright, I'm hiding the lab, so\nmake sure nobody left anything\nbehind!	machine	gemma-4-26B-A4B-it/UD-Q4_K_M/v2+story-v1/llama.cpp-b11443/t0	2026-10-06		
2033_090_09	b1c3e6f307b05901a387223630c5312a9cae5730	Work complete! Welch-chan is\nheading home!	machine	gemma-4-26B-A4B-it/UD-Q4_K_M/v2+story-v1/llama.cpp-b11443/t0	2026-10-06		
2033_090_10	3d0e2662e24197cf198af815d09b07563583ac1a	Is that the signal?	machine	gemma-4-26B-A4B-it/UD-Q4_K_M/v2+story-v1/llama.cpp-b11443/t0	2026-10-06		
2033_090_11	195fabba3fc0c672e8f160a9aa8d3fd2868b8628	Seems so. I don't know how\nthis works, but I hope to figure\nit out eventually.	machine	gemma-4-26B-A4B-it/UD-Q4_K_M/v2+story-v1+short-v1/llama.cpp-b11443/t0	2026-10-06		
2033_090_12	663364e04e82f43e4eb65529ae8dc8565f80a399	One step at a time.	machine	gemma-4-26B-A4B-it/UD-Q4_K_M/v2+story-v1/llama.cpp-b11443/t0	2026-10-06		
2034_100_01	0989e85711df7cc7b9d2cd11c94a0f00435a9f01	We're almost there; the Royal\nCapital is just a little further.	machine	gemma-4-26B-A4B-it/UD-Q4_K_M/v2+story-v1/llama.cpp-b11443/t0	2026-10-06		
2034_100_02	2c2b7828917d896bd8f130513cefc08e7d19b4f2	There's a knightly detachment\non a mission along the highway,\nso I'll go report about that\n"Beast" I saw in the forest.	machine	gemma-4-26B-A4B-it/UD-Q4_K_M/v2+story-v1+short-v1/llama.cpp-b11443/t0	2026-10-06		
2034_100_03	976e5a4835a808bcaa064967b0fa2d3e3e7f65f6	Stay put until I get back.	machine	gemma-4-26B-A4B-it/UD-Q4_K_M/v2+story-v1/llama.cpp-b11443/t0	2026-10-06		
2034_100_04	5bb081781630e4060056501de6404a10f4763a68	Why are you only telling me?!	machine	gemma-4-26B-A4B-it/UD-Q4_K_M/v2+story-v1/llama.cpp-b11443/t0	2026-10-06		
2034_100_05	3e5b12398088f76e61e59024795c5d099f6b5362	It's because he's worried about\nyou.	machine	gemma-4-26B-A4B-it/UD-Q4_K_M/v2+story-v1/llama.cpp-b11443/t0	2026-10-06		
2034_100_06	14b7795099caba069fb99987b5163ef4db5ef608	Don't get cocky, Eu-boy.	machine	gemma-4-26B-A4B-it/UD-Q4_K_M/v2+story-v1/llama.cpp-b11443/t0	2026-10-06		
2034_100_07	9169a427bcecbacf2d850e1642f8efa24b6b1983	Hey, Welch-oneesan.	machine	gemma-4-26B-A4B-it/UD-Q4_K_M/v2+story-v1/llama.cpp-b11443/t0	2026-10-06		
2034_100_08	657c269577cf54dc72e07ca1fc933d228e8498f6	Hmm? What is it?	machine	gemma-4-26B-A4B-it/UD-Q4_K_M/v2+story-v1/llama.cpp-b11443/t0	2026-10-06		
2034_100_09	d3480da1559684dbabdf7a9de8ba73e3e84445c7	Are you and Euwin-oniichan\nlovers?	machine	gemma-4-26B-A4B-it/UD-Q4_K_M/v2+story-v1/llama.cpp-b11443/t0	2026-10-06		
2034_100_10	6be02290516a877c92d3f65393e24e208d3465c9	...............Huh?	machine	gemma-4-26B-A4B-it/UD-Q4_K_M/v2+story-v1/llama.cpp-b11443/t0	2026-10-06		
2034_100_11	8f29e0e0ed8a74cfe7f5b5a97b2c8427b3bef850	Haaaaaaaaaaaaah?!	machine	gemma-4-26B-A4B-it/UD-Q4_K_M/v2+story-v1/llama.cpp-b11443/t0	2026-10-06		
2034_100_12	6eb75c28f1328ce343f60a8b3330f4d11b9cdba6	Wh-wh-what are you saying all\nof a sudden?! How could you\nlook at me and Eu-boy and\ncome to that conclusion?!	machine	gemma-4-26B-A4B-it/UD-Q4_K_M/v2+story-v1+short-v1/llama.cpp-b11443/t0	2026-10-06		
2034_100_13	e11a2bb7bbb5d2d1a048bb89e23038c918b910da	S-So it's not true?	machine	gemma-4-26B-A4B-it/UD-Q4_K_M/v2+story-v1/llama.cpp-b11443/t0	2026-10-06		
2034_100_14	93564b2baf95ac04fc3f0409a5dcedf9bfc30c59	No, it's not! What are you even\nsaying?! Eu is just a useful\nsubordinate, a little brother, or\na test subject to me!	machine	gemma-4-26B-A4B-it/UD-Q4_K_M/v2+story-v1+short-v1/llama.cpp-b11443/t0	2026-10-06		
2034_100_15	4314897045ce73ca7cd0de1f5dc3c5b7e40ef604	Calling him a test subject is a\nbit harsh...	machine	gemma-4-26B-A4B-it/UD-Q4_K_M/v2+story-v1/llama.cpp-b11443/t0	2026-10-06		
2034_100_17	b947e841f31f7782e515a150d91932f2fdead145	Hey! You, with nothing but\nventriloquism to your name,\nshut it!	machine	gemma-4-26B-A4B-it/UD-Q4_K_M/v2+story-v1/llama.cpp-b11443/t0	2026-10-06		
2034_100_18	2d2ae95668c01a200119ae25494512b3dbe4fbfc	Listen, Tika. Lovers are, how\nshould I put it... they have that,\nyou know, that "thing" about\nthem. That "thing."	machine	gemma-4-26B-A4B-it/UD-Q4_K_M/v2+story-v1/llama.cpp-b11443/t0	2026-10-06		
2034_100_19	057bab9b4773c2d37300f77b5a21d1700dcbd922	That "thing"?	machine	gemma-4-26B-A4B-it/UD-Q4_K_M/v2+story-v1/llama.cpp-b11443/t0	2026-10-06		
2034_100_20	d386ea112c3b815a50de6ca8d8ba2c75ee5baf37	How can I say it... how can I\nsay it... they're, you know,\nintimate with each other,	machine	gemma-4-26B-A4B-it/UD-Q4_K_M/v2+story-v1/llama.cpp-b11443/t0	2026-10-06		
2034_100_21	d357e9e0ee2c45077c303458aa723d130914c48d	Yeah.	machine	gemma-4-26B-A4B-it/UD-Q4_K_M/v2+story-v1/llama.cpp-b11443/t0	2026-10-06		
2034_100_22	4c5c8eed34fee436c7ced4fe59497dab01858eb4	And they're bound by a\nrelationship of trust,	machine	gemma-4-26B-A4B-it/UD-Q4_K_M/v2+story-v1/llama.cpp-b11443/t0	2026-10-06		
2034_100_23	d357e9e0ee2c45077c303458aa723d130914c48d	Yeah.	machine	gemma-4-26B-A4B-it/UD-Q4_K_M/v2+story-v1/llama.cpp-b11443/t0	2026-10-06		
2034_100_24	f68c448cf4382e616978b6e270de2618a5218cff	And they can say anything to\neach other without holding\nback,	machine	gemma-4-26B-A4B-it/UD-Q4_K_M/v2+story-v1/llama.cpp-b11443/t0	2026-10-06		
2034_100_25	d357e9e0ee2c45077c303458aa723d130914c48d	Yeah.	machine	gemma-4-26B-A4B-it/UD-Q4_K_M/v2+story-v1/llama.cpp-b11443/t0	2026-10-06		
2034_100_26	1f35663f715fdee4785a3949491ef631e9b96232	Being together all the time,\nthat's what lovers are, right!?	machine	gemma-4-26B-A4B-it/UD-Q4_K_M/v2+story-v1/llama.cpp-b11443/t0	2026-10-06		
2034_100_27	d357e9e0ee2c45077c303458aa723d130914c48d	Yeah.	machine	gemma-4-26B-A4B-it/UD-Q4_K_M/v2+story-v1/llama.cpp-b11443/t0	2026-10-06		
2034_100_28	9dee712322e25d9c2d872b5f52ba351bebf4fcd8	So why on earth are people\nsaying that Eu-bo and I are\nlovers!	machine	gemma-4-26B-A4B-it/UD-Q4_K_M/v2+story-v1/llama.cpp-b11443/t0	2026-10-06		
2034_100_29	317bf0ed6ee5fed660865b9cf9c0af21ee39e49d	...But we are lovers, right?	machine	gemma-4-26B-A4B-it/UD-Q4_K_M/v2+story-v1/llama.cpp-b11443/t0	2026-10-06		
2034_100_30	5278d102b86e1acabaebc7cd69a38e3e1fc79e52	I said, how are we?!	machine	gemma-4-26B-A4B-it/UD-Q4_K_M/v2+story-v1/llama.cpp-b11443/t0	2026-10-06		
2034_100_31	b8b85d042077bb73571bbba6838a09925ed04927	Eh, but, we're close, we trust\neach other, we can say\nanything to each other, and\nwe're always together, right?	machine	gemma-4-26B-A4B-it/UD-Q4_K_M/v2+story-v1/llama.cpp-b11443/t0	2026-10-06		
2034_100_32	6d906d73508b3cc978c387a339ef970dbed2e3da	Oh... Ohh!? I see, you're right.	machine	gemma-4-26B-A4B-it/UD-Q4_K_M/v2+story-v1/llama.cpp-b11443/t0	2026-10-06		
2034_100_33	e890886c25accb4d772a5266412d0aff9678ee86	But no, that's not it. Mutual\nperception is what's important!	machine	gemma-4-26B-A4B-it/UD-Q4_K_M/v2+story-v1/llama.cpp-b11443/t0	2026-10-06		
2034_100_34	1e874cd7a1dc2a39e309956f4537daf96853cddc	To me, Eu-bo is like a little\nbrother and a test subject.	machine	gemma-4-26B-A4B-it/UD-Q4_K_M/v2+story-v1/llama.cpp-b11443/t0	2026-10-06		
2034_100_35	6d8cbc3de878ccd074363b08ac86e3e9e9e12f12	And to Eu-bo, I'm the super\npretty, sexy, and glamorous\nolder sister from next door\nthat he admires!	machine	gemma-4-26B-A4B-it/UD-Q4_K_M/v2+story-v1/llama.cpp-b11443/t0	2026-10-06		
2034_100_36	521c39c174f0a1489328ac301c3901a8012d86e5	I detect countless falsehoods\nin that self-declaration. She\nmay be falsifying her own\norigins.	machine	gemma-4-26B-A4B-it/UD-Q4_K_M/v2+story-v1+short-v1/llama.cpp-b11443/t0	2026-10-06		
2034_100_37	c9b924053b04cc5d8733bb53cdda6db0b042c3f6	As I thought, Welch Vineyard is\na dangerous individual.	machine	gemma-4-26B-A4B-it/UD-Q4_K_M/v2+story-v1/llama.cpp-b11443/t0	2026-10-06		
2034_100_38	1c178b671a4bae2159ba7e4c9b436f3a3143fd85	Hey, Captain!!! Don't think you\ncan get away with anything\njust because you're using\nventriloquism!!	machine	gemma-4-26B-A4B-it/UD-Q4_K_M/v2+story-v1/llama.cpp-b11443/t0	2026-10-06		
2034_100_40	322dfe5ea247b88f09a9c12aa976dce99c0a2e62	Eve: Hey, hey. We're staying\nhere on Euwin's dime, so don't\ngo breaking the inn's property.	machine	gemma-4-26B-A4B-it/UD-Q4_K_M/v2+story-v1/llama.cpp-b11443/t0	2026-10-06		
2034_100_41	ec622bae41a620c1b4b3ba8d0445bcb82061c86c	Eve: ...Verda, what's wrong?\nYou've been acting strange for\na while now.	machine	gemma-4-26B-A4B-it/UD-Q4_K_M/v2+story-v1/llama.cpp-b11443/t0	2026-10-06		
2034_100_42	dc753d4db0a58a3725b0e3e6abf1a44f73643c55	...Welch, once you've finished\nbeating him to your heart's\ncontent, might I borrow the\nCaptain for a moment?	machine	gemma-4-26B-A4B-it/UD-Q4_K_M/v2+story-v1/llama.cpp-b11443/t0	2026-10-06		
2034_100_44	234d1cc53638670698ccc8ea610f808a490dde9f	Hah, watch your tone with me!	machine	gemma-4-26B-A4B-it/UD-Q4_K_M/v2+story-v1/llama.cpp-b11443/t0	2026-10-06		
2034_100_45	9f40c26ea0d9e3cca14b50a0bd4843e8a6fa442c	W-w-w-waaaah...	machine	gemma-4-26B-A4B-it/UD-Q4_K_M/v2+story-v1/llama.cpp-b11443/t0	2026-10-06		
2034_100_46	df998429b10ef0818f7cb2453eae6227a08859e3	<font color=blue>Verda</font> Captain. Forgive me, but\nmight I ask a small favor?	machine	gemma-4-26B-A4B-it/UD-Q4_K_M/v2+story-v1/llama.cpp-b11443/t0	2026-10-06		
2034_100_48	ab0731ee33f1b18da14ddb2f61c7745c37ee7d97	<font color=blue>Verda</font> I found a wonderful flask\nat the general store near the\ntown entrance. I'd love to see\nit, but it's late and the shop is\nfar away.	machine	gemma-4-26B-A4B-it/UD-Q4_K_M/v2+story-v1+short-v1/llama.cpp-b11443/t0	2026-10-06		
2034_100_49	2c95560073e1949ad05b712d090a3dc20faaf07c	Without an adult to accompany\nme, I might find myself caught\nup in trouble. Would you be\nwilling to go with me?	machine	gemma-4-26B-A4B-it/UD-Q4_K_M/v2+story-v1/llama.cpp-b11443/t0	2026-10-06		
2034_100_51	d7527330ac9e9ce553918bbf60565094040dfee1	<font color=blue>Verda</font> Would you? Eve, forgive\nme, but could I ask you to\nwatch the place for a bit?	machine	gemma-4-26B-A4B-it/UD-Q4_K_M/v2+story-v1/llama.cpp-b11443/t0	2026-10-06		
2034_100_52	fcb6eb545630d5abd8b205202df1091b7e58759a	<font color=blue>Eve</font> ...! All right. Please be\ncareful out there.	machine	gemma-4-26B-A4B-it/UD-Q4_K_M/v2+story-v1/llama.cpp-b11443/t0	2026-10-06		
2034_100_53	be163a5c675ecd466f3790a185bfebb16c29a8c8	Captain, please look after\nVerda. If you find anything\ninteresting, tell me about it\nlater.	machine	gemma-4-26B-A4B-it/UD-Q4_K_M/v2+story-v1/llama.cpp-b11443/t0	2026-10-06		
2034_100_55	4dd72eba1deaf7f68fb7012c4f39fd8a15d496c9	<font color=blue>Verda</font> Tika, you be a good girl\nwhile I'm gone, alright?	machine	gemma-4-26B-A4B-it/UD-Q4_K_M/v2+story-v1/llama.cpp-b11443/t0	2026-10-06		
2034_100_56	a7a7828f272c01e70bd35bc29fbbb63ae9b6ff16	<font color=blue>Tika</font> Okay! Have a safe trip!	machine	gemma-4-26B-A4B-it/UD-Q4_K_M/v2+story-v1/llama.cpp-b11443/t0	2026-10-06		
2034_100_57	7038a48c1b48639f8937e8752ee710dfb8ff0a7c	A flask, huh...? Hmm... I see, I\nsee.	machine	gemma-4-26B-A4B-it/UD-Q4_K_M/v2+story-v1/llama.cpp-b11443/t0	2026-10-06		
2034_100_58	fbabb83374340090e98d04c1da378f03f377a49f	Hey, Eve.	machine	gemma-4-26B-A4B-it/UD-Q4_K_M/v2+story-v1/llama.cpp-b11443/t0	2026-10-06		
2034_100_59	3976442ef817019ee4f40f67118e52afecef32fc	...W-what is it?	machine	gemma-4-26B-A4B-it/UD-Q4_K_M/v2+story-v1/llama.cpp-b11443/t0	2026-10-06		
2034_100_60	5601e03b6efe5c65fcd4600921110c44f63233e7	I've been wondering about this\never since we first met...	machine	gemma-4-26B-A4B-it/UD-Q4_K_M/v2+story-v1/llama.cpp-b11443/t0	2026-10-06		
2034_100_61	176cb15d6943d69cb1d5de623739895158db8e03	Wondering about... what?	machine	gemma-4-26B-A4B-it/UD-Q4_K_M/v2+story-v1/llama.cpp-b11443/t0	2026-10-06		
2034_100_62	486960d7c37c1e4e24a06eb84795f75adf9f013d	Verda...	machine	gemma-4-26B-A4B-it/UD-Q4_K_M/v2+story-v1/llama.cpp-b11443/t0	2026-10-06		
2034_100_63	78469de533d142b75654774e81899f5b0e30e7a0	Has absolutely FANTASTIC\ntaste!	machine	gemma-4-26B-A4B-it/UD-Q4_K_M/v2+story-v1/llama.cpp-b11443/t0	2026-10-06		
2034_100_64	3dc060f067155a8d6274828555821ba1be587226	...Huh?	machine	gemma-4-26B-A4B-it/UD-Q4_K_M/v2+story-v1/llama.cpp-b11443/t0	2026-10-06		
2034_100_65	3ef2cefd645e358d1750b7fc6c6f70210ddc927c	I mean, I saw that flask Verda\nwas talking about!	machine	gemma-4-26B-A4B-it/UD-Q4_K_M/v2+story-v1/llama.cpp-b11443/t0	2026-10-06		
2034_100_66	2158f66b608b0a7899bac156cdc722110e070eb2	That chic Erlenmeyer flask was\nwonderful! I can't believe a\npost town general store had\nsuch a find!	machine	gemma-4-26B-A4B-it/UD-Q4_K_M/v2+story-v1+short-v1/llama.cpp-b11443/t0	2026-10-06		
2034_100_67	83f80a60c634b67211f5d642c5ea98e4cda3f622	Oh... so the flask really does\nexist.	machine	gemma-4-26B-A4B-it/UD-Q4_K_M/v2+story-v1/llama.cpp-b11443/t0	2026-10-06		
2034_100_68	e5ebda0969ba08a3e92fb5a49ea8ac4fc53ee5c4	Verda's got great taste; she's\nthe real deal!	machine	gemma-4-26B-A4B-it/UD-Q4_K_M/v2+story-v1/llama.cpp-b11443/t0	2026-10-06		
2034_100_69	aa2e2544ce6986e01a26ad51b983871437944ed1	I'm so jealous! I wonder if Eu-bo\nwould buy one for me too...	machine	gemma-4-26B-A4B-it/UD-Q4_K_M/v2+story-v1/llama.cpp-b11443/t0	2026-10-06		
2034_100_70	d7db2e63b56726577a4d4042150d4779e52f355a	I-I hope he does... Ahaha...	machine	gemma-4-26B-A4B-it/UD-Q4_K_M/v2+story-v1/llama.cpp-b11443/t0	2026-10-06		
2034_100_71	7c6d4299f8e4194b5248a53e1c88b66d0253904f	...I really wonder if they're\nactually lovers...	machine	gemma-4-26B-A4B-it/UD-Q4_K_M/v2+story-v1/llama.cpp-b11443/t0	2026-10-06		
2034_110_01	0277a643acf34bee598b3d6ea624243ae951d7bc	Nyufufufu, my apologies,\nCaptain. Thank you so much\nfor truly buying me that flask. I\nshall treasure it!	machine	gemma-4-26B-A4B-it/UD-Q4_K_M/v2+story-v1/llama.cpp-b11443/t0	2026-10-06		
2034_110_03	f21a4f322d4c25f22de0bab0391cc3a164a95dbe	So that wasn't just an excuse\nto sneak out of the inn...	machine	gemma-4-26B-A4B-it/UD-Q4_K_M/v2+story-v1/llama.cpp-b11443/t0	2026-10-06		
2034_110_04	48604b93c0aa706bfea44766f8599c68e28a85c9	A lie is only successful if it's\nmixed with a grain of truth!	machine	gemma-4-26B-A4B-it/UD-Q4_K_M/v2+story-v1/llama.cpp-b11443/t0	2026-10-06		
2034_110_05	4e96492e85e8ec8d74d0068931586254d942d45b	More importantly, Coro.	machine	gemma-4-26B-A4B-it/UD-Q4_K_M/v2+story-v1/llama.cpp-b11443/t0	2026-10-06		
2034_110_06	ad2ac93d27a6af6da9e02b474adb260ff8336026	<font color=blue>Coro</font> Yes, yes. I'm ready. I saw\nVerda collecting fur from that\nwerewolf-type Thornite, so I\nprepared everything.	machine	gemma-4-26B-A4B-it/UD-Q4_K_M/v2+story-v1/llama.cpp-b11443/t0	2026-10-06		
2034_110_08	d973933d7de37a407c85f47c058baa3ff76a33a2	<font color=blue>Verda</font> ...I was just a bit curious.	machine	gemma-4-26B-A4B-it/UD-Q4_K_M/v2+story-v1/llama.cpp-b11443/t0	2026-10-06		
2034_110_09	cd98c32fc776d14ef23476732cfc7075812cb3dc	See, I originally intended to\ncross-reference Tika and the\nDaftine humans' genetic info,\nso I thought I'd do this while I\nwas at it. Coro.	machine	gemma-4-26B-A4B-it/UD-Q4_K_M/v2+story-v1+short-v1/llama.cpp-b11443/t0	2026-10-06		
2034_110_10	f4ad892d38886585911dd002789bbf8436989837	<font color=blue>Coro</font> Right, then excuse me.\nHere is Euwin's. And here is\nWelch's hair.	machine	gemma-4-26B-A4B-it/UD-Q4_K_M/v2+story-v1/llama.cpp-b11443/t0	2026-10-06		
2034_110_11	8bc15fc604c7634e31198ffd4ca36c5d03258316	<font color=blue>Verda</font> And here is the fur from\nthat werewolf Thornite.	machine	gemma-4-26B-A4B-it/UD-Q4_K_M/v2+story-v1/llama.cpp-b11443/t0	2026-10-06		
2034_110_12	1d250bcdb46b8fe0eb1970a592f2ba96e34c74b9	<font color=blue>Coro</font> I believe the comparison\nresults will be ready shortly.	machine	gemma-4-26B-A4B-it/UD-Q4_K_M/v2+story-v1/llama.cpp-b11443/t0	2026-10-06		
2034_110_13	b6bfc473d343acfcd56cc26f724dc778b768c0a8	<font color=blue>Coro</font> Yes, here they are... For\nTika, Euwin, and Welch, the\nmatch rate as humanoid\nspecies is over 99.9998%%.	machine	gemma-4-26B-A4B-it/UD-Q4_K_M/v2+story-v1/llama.cpp-b11443/t0	2026-10-06		
2034_110_14	36611fb3d7542ba3e4af2a393fc2c36614941c6c	I believe we can conclude they\nare the same species of\nhuman.	machine	gemma-4-26B-A4B-it/UD-Q4_K_M/v2+story-v1/llama.cpp-b11443/t0	2026-10-06		
2034_110_15	68ee06e3e4cb1a656cfef8f7f272085a5c3717bc	<font color=blue>Verda</font> ...I thought as much.	machine	gemma-4-26B-A4B-it/UD-Q4_K_M/v2+story-v1/llama.cpp-b11443/t0	2026-10-06		
2034_110_16	35a25f3274ba3308eb5688ac60a0f0c5115c5ec5	<font color=blue>Coro</font> Regarding the werewolf,\nthere's too little genetic data\non Daftine's wildlife to make a\ndefinitive judgment.	machine	gemma-4-26B-A4B-it/UD-Q4_K_M/v2+story-v1+short-v1/llama.cpp-b11443/t0	2026-10-06		
2034_110_17	cb529ed5ff20fb9d8e8a02f1bfb14e6b0adbd0a4	For now, I can only say that\nthe composition is different\nfrom that of the Daftine\nhumans...	machine	gemma-4-26B-A4B-it/UD-Q4_K_M/v2+story-v1/llama.cpp-b11443/t0	2026-10-06		
2034_110_18	bb5455edbe636fc01919a5b947a23269ca379daa	<font color=blue>Verda</font> No, that is fine. If a\nspecies called Foxtail exists, I\nwondered if they might be a\ntype of human.	machine	gemma-4-26B-A4B-it/UD-Q4_K_M/v2+story-v1/llama.cpp-b11443/t0	2026-10-06		
2034_110_19	d5141dd9de0957bda29c99e8b691701143b16484	It would be a catastrophe if\nhumans were to turn into\nThornites.	machine	gemma-4-26B-A4B-it/UD-Q4_K_M/v2+story-v1/llama.cpp-b11443/t0	2026-10-06		
2034_110_20	92d275a56bad9de6d4a2e7b91db25151a19d1b8a	<font color=blue>Coro</font> I have also independently\ngathered several pieces of\nevidence that support Rekoro's\nspeculation.	machine	gemma-4-26B-A4B-it/UD-Q4_K_M/v2+story-v1/llama.cpp-b11443/t0	2026-10-06		
2034_110_21	97c7f0df69ca4679295ac251e933fe68219d4ecf	First, regarding "Daftes," the\ncoordinates were recorded in\nTika's life pod, so I was able to\nidentify it immediately.	machine	gemma-4-26B-A4B-it/UD-Q4_K_M/v2+story-v1/llama.cpp-b11443/t0	2026-10-06		
2034_110_22	17678ec026208f8a94c489fac2f6b921c9ab217d	Daftes is a pair of binary\nplanets in Daftine: two\nhabitable worlds separated by\na central moon.	machine	gemma-4-26B-A4B-it/UD-Q4_K_M/v2+story-v1+short-v1/llama.cpp-b11443/t0	2026-10-06		
2034_110_23	97b10e70bac67d86ec265f62cbdf372cc5c8c43d	<font color=blue>Verda</font> A habitable twin planet...\nIt is rare for two planets\ncapable of supporting organic\nlife to be side by side.	machine	gemma-4-26B-A4B-it/UD-Q4_K_M/v2+story-v1+short-v1/llama.cpp-b11443/t0	2026-10-06		
2034_110_24	68468b8f3e1ef1f626419e739b78a12f28b8837f	<font color=blue>Coro</font> Indeed. There are\nextremely few precedents even\nin the Federation's records.	machine	gemma-4-26B-A4B-it/UD-Q4_K_M/v2+story-v1/llama.cpp-b11443/t0	2026-10-06		
2034_110_25	022cdf8b8bc88fd49a684bb4e02dccc4bb808246	Regarding this Daftes,\nlong-range sensors show no\nsign of civilization,	machine	gemma-4-26B-A4B-it/UD-Q4_K_M/v2+story-v1/llama.cpp-b11443/t0	2026-10-06		
2034_110_26	bb3e200e96a556a50da0ecc5c2e53a75c4d4e717	According to Rekoro's records,\ndespite having air and water\nfor Daftine humans, it's not\nregistered for migration or\nemergency evacuation.	machine	gemma-4-26B-A4B-it/UD-Q4_K_M/v2+story-v1+short-v1/llama.cpp-b11443/t0	2026-10-06		
2034_110_27	ee71bd500ecdd8aca9ba9bd69e0a2e5f5d35b5b0	<font color=blue>Verda</font> What is this? If it's this\nclose and has a breathable\natmosphere, rescue should\nhave been easy to coordinate.	machine	gemma-4-26B-A4B-it/UD-Q4_K_M/v2+story-v1+short-v1/llama.cpp-b11443/t0	2026-10-06		
2034_110_28	60b462fb3366edc946b45c2ea2b16340c9f102de	<font color=blue>Coro</font> There must be a reason\nit wasn't recorded in the\nlifeboats, but we can assume\nthis Daftes is the same one\nEuwin mentioned.	machine	gemma-4-26B-A4B-it/UD-Q4_K_M/v2+story-v1+short-v1/llama.cpp-b11443/t0	2026-10-06		
2034_110_29	3c454f7001042cb0a1e20f04a53f93d7d48ebca7	If that is the case, it does\nseem likely that Tika and the\nothers have traveled back in\ntime.	machine	gemma-4-26B-A4B-it/UD-Q4_K_M/v2+story-v1/llama.cpp-b11443/t0	2026-10-06		
2034_110_30	597ddd86bf20f0614cb3b165a0f46535b997a5d5	<font color=blue>Verda</font> You say "traveled\nthrough time" quite casually,\ndon't you?	machine	gemma-4-26B-A4B-it/UD-Q4_K_M/v2+story-v1/llama.cpp-b11443/t0	2026-10-06		
2034_110_32	adfe469bcb2c9a7578474628482691a568740358	<font color=blue>Coro</font> Yes. The Galactic\nFederation has several\nrecorded cases of people\ntranscending time, all\nscientifically verified.	machine	gemma-4-26B-A4B-it/UD-Q4_K_M/v2+story-v1+short-v1/llama.cpp-b11443/t0	2026-10-06		
2034_110_33	cdb5ee00de274a4893afd7ef2ead085b02c1cac0	So, while it is surprising, it is\nsomething that can be\naccepted.	machine	gemma-4-26B-A4B-it/UD-Q4_K_M/v2+story-v1/llama.cpp-b11443/t0	2026-10-06		
2034_110_34	dd79b9e62b6a4e2c40e29566bfa4399bb41c5b97	<font color=blue>Verda</font> ...The universe is truly\nvast... Grandfather and Eldram\nwould have been quite shocked\nto hear this.	machine	gemma-4-26B-A4B-it/UD-Q4_K_M/v2+story-v1/llama.cpp-b11443/t0	2026-10-06		
2034_110_35	c65359ded232a48ca348c91bf1cca9760796b461	<font color=blue>Coro</font> Verda...	machine	gemma-4-26B-A4B-it/UD-Q4_K_M/v2+story-v1/llama.cpp-b11443/t0	2026-10-06		
2034_110_37	92a14af72673a92cacc866ab9e5b04a174f750be	So, finally, we come to that\nWelch's lab.	machine	gemma-4-26B-A4B-it/UD-Q4_K_M/v2+story-v1/llama.cpp-b11443/t0	2026-10-06		
2034_110_38	0b2fd3beaddadeacf85f59a247bf333a1387c677	Yes! That's it! That's the one!\nMs. Welch's lab!	machine	gemma-4-26B-A4B-it/UD-Q4_K_M/v2+story-v1/llama.cpp-b11443/t0	2026-10-06		
2034_110_39	5ba9421cda18a3c1f608cdf877e0a1feabb62fc3	Wanya!?	machine	gemma-4-26B-A4B-it/UD-Q4_K_M/v2+story-v1/llama.cpp-b11443/t0	2026-10-06		
2034_110_40	67de8cd9fa05043e90c6babc35d96e4dd1ca17a6	To be honest, that's harder to\naccept than time travel―it's a\nbigger problem than "Beast\nWitches" or the "Power of\nMessengers.	machine	gemma-4-26B-A4B-it/UD-Q4_K_M/v2+story-v1+short-v1/llama.cpp-b11443/t0	2026-10-06		
2034_110_41	3a6e653eafe4b0b29a7a3cb45286744293effc07	It exceeds my advanced\ncomputational capacity! I need\nto go to the site and\ndisassemble every single thing,\ndown to the last screw, for\ninspection!	machine	gemma-4-26B-A4B-it/UD-Q4_K_M/v2+story-v1+short-v1/llama.cpp-b11443/t0	2026-10-06		
2034_110_43	b0fa78ce451132cefeb4c03e3f2a3630f62411f0	Yes... sorry. I lost my\ncomposure... But that lab is so\noutrageous that it's worth\nlosing my composure over!	machine	gemma-4-26B-A4B-it/UD-Q4_K_M/v2+story-v1/llama.cpp-b11443/t0	2026-10-06		
2034_110_44	74910d7769b1e07ed6a2bc490327c03ef99d9c96	So, what exactly is so\noutrageous?	machine	gemma-4-26B-A4B-it/UD-Q4_K_M/v2+story-v1/llama.cpp-b11443/t0	2026-10-06		
2034_110_45	e7cdf233017adc068b1d256daf20bea483fb42f4	The fact that the lab was built\nwith advanced civilization\ntechnology,	machine	gemma-4-26B-A4B-it/UD-Q4_K_M/v2+story-v1/llama.cpp-b11443/t0	2026-10-06		
2034_110_46	bd9479b0821019a3aa584666a4f65b094fbb348a	And that Rekoro mentioned\nhow all the internal language\ndisplays have been unified into\nthe current Daftine language,	machine	gemma-4-26B-A4B-it/UD-Q4_K_M/v2+story-v1/llama.cpp-b11443/t0	2026-10-06		
2034_110_47	e14d2d6b34dc51eb09eb13d8490925688386b1b0	But what is most important to\nme is...	machine	gemma-4-26B-A4B-it/UD-Q4_K_M/v2+story-v1/llama.cpp-b11443/t0	2026-10-06		
2034_110_48	7036f9a6d1a0aed28e85c801d0999710b6fa9222	That lab was built with Galactic\nFederation technology.	machine	gemma-4-26B-A4B-it/UD-Q4_K_M/v2+story-v1/llama.cpp-b11443/t0	2026-10-06		
2034_110_49	c6af559de70d0e08be53c21d7e08a7e6185376e0	What did you say!?	machine	gemma-4-26B-A4B-it/UD-Q4_K_M/v2+story-v1/llama.cpp-b11443/t0	2026-10-06		
2034_110_51	d341046fe671ff08bbb9b9086f9090738bd3364b	There is no mistake. While the\nlanguage is Daftine,	machine	gemma-4-26B-A4B-it/UD-Q4_K_M/v2+story-v1/llama.cpp-b11443/t0	2026-10-06		
2034_110_52	55b87c7327aecf5b22e7268d627cc6c6f1352fce	The internal structure, the\ncomponents, and most of the\nprogram code I briefly touched\nwere all things I recognized.	machine	gemma-4-26B-A4B-it/UD-Q4_K_M/v2+story-v1/llama.cpp-b11443/t0	2026-10-06		
2034_110_53	32c65ed29b50e5a1ae6e21f52d1c6d808c75f9b0	Something is definitely wrong\nwith this planet!	machine	gemma-4-26B-A4B-it/UD-Q4_K_M/v2+story-v1/llama.cpp-b11443/t0	2026-10-06		
2034_110_55	774a5551fa6d94c215e567eb457a262637aa299a	If there are Galactic Federation\nforces or vessels here other\nthan us...	machine	gemma-4-26B-A4B-it/UD-Q4_K_M/v2+story-v1/llama.cpp-b11443/t0	2026-10-06		
2034_110_56	72d67658eec766d54dcb228ec08c9e895a267542	Cross-referencing this with\nWelch's testimony, it means\nthey've been active in this\nsector for at least eight years.	machine	gemma-4-26B-A4B-it/UD-Q4_K_M/v2+story-v1/llama.cpp-b11443/t0	2026-10-06		
2034_110_57	b07ef915fad29b20409dd820a67186c6b2289614	The Federation has no record\nof anything like that...	machine	gemma-4-26B-A4B-it/UD-Q4_K_M/v2+story-v1/llama.cpp-b11443/t0	2026-10-06		
2034_110_58	6be55c7eee09084a85fb7e0f4c58ad71c83f2317	...If that is true, wouldn't it be\nsomething that could aid the\nCaptain and Coro?	machine	gemma-4-26B-A4B-it/UD-Q4_K_M/v2+story-v1/llama.cpp-b11443/t0	2026-10-06		
2034_110_59	185ea130360479828ec9f7dbaa65f7a6cc90c3fa	Being active in a place like this,\nfar from Federation space, for\neight years... it reeks of a\nconspiracy.	machine	gemma-4-26B-A4B-it/UD-Q4_K_M/v2+story-v1/llama.cpp-b11443/t0	2026-10-06		
2034_110_60	e76efbe8c2a81c8d8d3475ededdb990958d494bd	Come to think of it, Tika's\ndistress signal used a\nFederation code, and the\nreason we repelled the\nLevarance fleet might be...	machine	gemma-4-26B-A4B-it/UD-Q4_K_M/v2+story-v1+short-v1/llama.cpp-b11443/t0	2026-10-06		
2034_110_61	21796ae74a3e205e31a3650f8da0ee7b5359bd30	Ugh, Captain, what do we do...?\nWe've worked so hard, are we\njust going to be erased by the\nFederation's dark side...?	machine	gemma-4-26B-A4B-it/UD-Q4_K_M/v2+story-v1+short-v1/llama.cpp-b11443/t0	2026-10-06		
2034_110_63	981063640b83f8336735442488b37e226b129a2f	Y-You're right, it's not a\ncertainty yet!	machine	gemma-4-26B-A4B-it/UD-Q4_K_M/v2+story-v1/llama.cpp-b11443/t0	2026-10-06		
2034_110_64	a5d3ca6413e7c03f6c4dd5219409fae5461ef06a	Besides, it has been quite\nsome time since we entered\nthis sector, yet there is no sign\nof them attempting contact.	machine	gemma-4-26B-A4B-it/UD-Q4_K_M/v2+story-v1/llama.cpp-b11443/t0	2026-10-06		
2034_110_65	bf5469f9537a715f89884bc223a1c640a59bf10e	There is something we have\nyet to find or have overlooked.\nSomething necessary to solve\nthis planet's mystery...	machine	gemma-4-26B-A4B-it/UD-Q4_K_M/v2+story-v1+short-v1/llama.cpp-b11443/t0	2026-10-06		
2034_110_66	c1ba5f8a9feffe16a39550949288b39b1d77634f	Captain, Coro...	machine	gemma-4-26B-A4B-it/UD-Q4_K_M/v2+story-v1/llama.cpp-b11443/t0	2026-10-06		
2034_110_68	2cde6ad7bbdb77460ec3dd27954d13964a69ca86	Yes!	machine	gemma-4-26B-A4B-it/UD-Q4_K_M/v2+story-v1/llama.cpp-b11443/t0	2026-10-06		
2034_110_69	b0e2790f90cbe1d6e073210b18d629d484261a93	We must stay vigilant on our\njourney... Tomorrow, we head\nto the royal capital, Rubarika.	machine	gemma-4-26B-A4B-it/UD-Q4_K_M/v2+story-v1+short-v1/llama.cpp-b11443/t0	2026-10-06		
2034_110_70	24736cf1573076d43b8d822eeb343400370f049e	Right now, every single tiny\nclue connecting these\nmysteries leads back to the\nHoly Land War...	machine	gemma-4-26B-A4B-it/UD-Q4_K_M/v2+story-v1/llama.cpp-b11443/t0	2026-10-06		
2034_110_71	6b8890c46ce014247e4db2bdda5a2646263272ff	As we draw closer to the Holy\nLand War, more things may\ncome into view.	machine	gemma-4-26B-A4B-it/UD-Q4_K_M/v2+story-v1/llama.cpp-b11443/t0	2026-10-06		
2034_120_01	0ac828222c71c5cb8206381385da3508905bdb62	Baschen Soldier: The Witch of\nBeasts, Lady Karlyn Kayson,\nhas returned!	machine	gemma-4-26B-A4B-it/UD-Q4_K_M/v2+story-v1/llama.cpp-b11443/t0	2026-10-06		
2034_120_02	59dfef12405842fdd12056e15bd14ef73f17296b	Baschen Soldier: The operation\nto blockade the highway from\nCarlone City to the Royal\nCapital using the "Beasts"\nsucceeded.	machine	gemma-4-26B-A4B-it/UD-Q4_K_M/v2+story-v1+short-v1/llama.cpp-b11443/t0	2026-10-06		
2034_120_03	9d0927210a24419bb819d79a9eaea8f7cf9a1429	Baschen Soldier: Transport of\ntroops and supplies to the\nRubarika frontline bases is in\nmassive disruption!	machine	gemma-4-26B-A4B-it/UD-Q4_K_M/v2+story-v1+short-v1/llama.cpp-b11443/t0	2026-10-06		
2034_120_04	97ba74811e811a43fc1b2ded648496edc6aeb220	Hmm.	machine	gemma-4-26B-A4B-it/UD-Q4_K_M/v2+story-v1/llama.cpp-b11443/t0	2026-10-06		
2034_120_05	3ba07b3606e5ce808998f7ad8f413ca0b6581846	Baschen Soldier: Furthermore,\nthe new "Beast" experimental\nplan created by Your\nExcellency has been activated.	machine	gemma-4-26B-A4B-it/UD-Q4_K_M/v2+story-v1/llama.cpp-b11443/t0	2026-10-06		
2034_120_06	42df7ce5f2b25b23b5c3078d5983a114ec54617e	Baschen Soldier: Lady Karlyn\nand the Witches of Beasts are\nachieving great success in\nvarious regions.	machine	gemma-4-26B-A4B-it/UD-Q4_K_M/v2+story-v1+short-v1/llama.cpp-b11443/t0	2026-10-06		
2034_120_07	fc5b7abae511129acb713a4eb530dd1d1053e563	Hmm...	machine	gemma-4-26B-A4B-it/UD-Q4_K_M/v2+story-v1/llama.cpp-b11443/t0	2026-10-06		
2034_120_08	feea0b0f1d6fc7286e605a402726f401e5f2973f	Baschen Soldier: ...Um...\nG-Giverese, Your Excellency...	machine	gemma-4-26B-A4B-it/UD-Q4_K_M/v2+story-v1/llama.cpp-b11443/t0	2026-10-06		
2034_120_09	e0dbc8e0bedbf6f9935abf86a8d1ce4ed280832e	What is it? Is that all for the\nreport?	machine	gemma-4-26B-A4B-it/UD-Q4_K_M/v2+story-v1/llama.cpp-b11443/t0	2026-10-06		
2034_120_10	aeaa9b840fccef3470abfe6b5175751b7ab89a1e	Baschen Soldier: Y-Yes, sir!	machine	gemma-4-26B-A4B-it/UD-Q4_K_M/v2+story-v1/llama.cpp-b11443/t0	2026-10-06		
2034_120_13	8624d573c065da4944c2aff3b4ceea5a9e80f25c	...I understand. His Majesty the\nEmperor will surely be pleased\nwith these results.	machine	gemma-4-26B-A4B-it/UD-Q4_K_M/v2+story-v1/llama.cpp-b11443/t0	2026-10-06		
2034_120_14	aaeaa0411069e6256bcc78e9921d094a21584620	I shall report this myself. You\nhave done well to inform me.\nYou are dismissed.	machine	gemma-4-26B-A4B-it/UD-Q4_K_M/v2+story-v1/llama.cpp-b11443/t0	2026-10-06		
2034_120_15	bad2226d6ab173c9586b9fce0e4918de88815d92	Baschen Soldier: Y-Yes, sir!\nE-excuse me!	machine	gemma-4-26B-A4B-it/UD-Q4_K_M/v2+story-v1/llama.cpp-b11443/t0	2026-10-06		
2034_120_16	588b2c5fb69cd5583a1d55b08772a032dc8bc492	...Something I created, he\nsays... Heh heh heh.	machine	gemma-4-26B-A4B-it/UD-Q4_K_M/v2+story-v1/llama.cpp-b11443/t0	2026-10-06		
2034_120_17	f9f53a449ceb1e9421c1b035d158a580df25ff10	The Holy Land War... the Beast\nof Baschen... the Light Arrow\nof the Messenger... Trifles... It\nis all trifles...	machine	gemma-4-26B-A4B-it/UD-Q4_K_M/v2+story-v1/llama.cpp-b11443/t0	2026-10-06		
2034_120_18	ea7129650e7dcb50455e05971ebc580b367c0810	It, however, is surely drawing\ncloser... That "time"...	machine	gemma-4-26B-A4B-it/UD-Q4_K_M/v2+story-v1/llama.cpp-b11443/t0	2026-10-06		
2034_120_19	df77c02a22b205dc83dc7795651b480641331b34	...Just watch, Mastima.	machine	gemma-4-26B-A4B-it/UD-Q4_K_M/v2+story-v1/llama.cpp-b11443/t0	2026-10-06		
2034_120_20	4580fd13311e0e6d1e4926751037598427de0ad7	When that arrogant face of\nyours is stained with shock,\neverything shall end...	machine	gemma-4-26B-A4B-it/UD-Q4_K_M/v2+story-v1/llama.cpp-b11443/t0	2026-10-06		
2034_120_21	31ff1bf8197554814fb1eb5eb60183744c6adaa9	Ah, I cannot wait to see it.\nThat "time."	machine	gemma-4-26B-A4B-it/UD-Q4_K_M/v2+story-v1/llama.cpp-b11443/t0	2026-10-06		
2034_120_22	150daf79bb45bb536fac97a9c31e02dc223f3c32	Heh heh heh... Now then.	machine	gemma-4-26B-A4B-it/UD-Q4_K_M/v2+story-v1/llama.cpp-b11443/t0	2026-10-06		
2034_120_23	1ff081e838bec57619c03ff299deae656cec558b	To that end, I must be\nthorough in exterminating the\nrats that have scurried in...	machine	gemma-4-26B-A4B-it/UD-Q4_K_M/v2+story-v1/llama.cpp-b11443/t0	2026-10-06		
2034_120_24	acf46447e53358b52e387702a4a147ce31c8d7f1	First, I shall go and gauge His\nMajesty's mood. Heh heh heh...	machine	gemma-4-26B-A4B-it/UD-Q4_K_M/v2+story-v1/llama.cpp-b11443/t0	2026-10-06		
