message_id	ja_sha1	en	source	engine	date	editor	note
2091_010_01	5f20452b3c168d917ce7f9db59ed46fce20189c5	Hwaaaaaaaaaaaaaah...\nHaaaaaaaaaaaaah!	machine	gemma-4-26B-A4B-it/UD-Q4_K_M/v2+story-v1/llama.cpp-b11443/t0	2026-10-06		
2091_010_02	6bc4a7f7109e0e4b26c89ca8ce142054a7ae51c6	How on earth... how did\nsomething like this...!	machine	gemma-4-26B-A4B-it/UD-Q4_K_M/v2+story-v1/llama.cpp-b11443/t0	2026-10-06		
2091_010_03	9191587714ae53db6d281b53c7e48cc5d6dbed42	Hwaaaaaaaaaaa...\nHieeeeeeeeeee!	machine	gemma-4-26B-A4B-it/UD-Q4_K_M/v2+story-v1/llama.cpp-b11443/t0	2026-10-06		
2091_010_04	491892e1ef252e85f51aa7e0fdd29ec5358526f9	Is this really the satellite\nMastima...?	machine	gemma-4-26B-A4B-it/UD-Q4_K_M/v2+story-v1/llama.cpp-b11443/t0	2026-10-06		
2091_010_05	b6d3c89cc4b6ab922218eaebb4c3fa9e9fdeab40	According to the scans, there\nshouldn't have been any signs\nof life or civilization at all...!	machine	gemma-4-26B-A4B-it/UD-Q4_K_M/v2+story-v1/llama.cpp-b11443/t0	2026-10-06		
2091_010_06	4d9cdc0545d15da8c11c66b717405357a4729b5a	Uoooooooooh... Guoooooooooh!	machine	gemma-4-26B-A4B-it/UD-Q4_K_M/v2+story-v1/llama.cpp-b11443/t0	2026-10-06		
2091_010_07	2188e6cf41fedd60b6a3a03ce462267845ccee51	There shouldn't be any records\nof a structure like this on\nDaftes either...	machine	gemma-4-26B-A4B-it/UD-Q4_K_M/v2+story-v1/llama.cpp-b11443/t0	2026-10-06		
2091_010_08	f8d09a5b297857db5cd44e39529d834aa66a77e4	Uguooooooooooooh...\nGaaaaaaaaaaaaah!	machine	gemma-4-26B-A4B-it/UD-Q4_K_M/v2+story-v1/llama.cpp-b11443/t0	2026-10-06		
2091_010_09	50195b2b9e386e10cdf1a5e08d08e9d5d22bcefc	...Euwin, make sure you keep a\nfirm grip on Welch.	machine	gemma-4-26B-A4B-it/UD-Q4_K_M/v2+story-v1/llama.cpp-b11443/t0	2026-10-06		
2091_010_10	2367565a4b16d5579903b10ec9aac567f4a2f677	If she starts rampaging here, it\nlooks like no one will be able to\nstop her.	machine	gemma-4-26B-A4B-it/UD-Q4_K_M/v2+story-v1/llama.cpp-b11443/t0	2026-10-06		
2091_010_11	001aab3675df03627b26647fe8153c87950a48a4	L-Leave it to me! Even if it\ncosts me my life...!	machine	gemma-4-26B-A4B-it/UD-Q4_K_M/v2+story-v1/llama.cpp-b11443/t0	2026-10-06		
2091_010_12	e30ccc430b9a4cbb0aeede7305eff8f757735e12	Let me go... Show me...! Show\nme something I've never seen\nbefore...!	machine	gemma-4-26B-A4B-it/UD-Q4_K_M/v2+story-v1/llama.cpp-b11443/t0	2026-10-06		
2091_010_13	fbcf6c480daf0abc8445c2e9d6a6d373809acbc8	...What on earth is wrong with\nthis person...?	machine	gemma-4-26B-A4B-it/UD-Q4_K_M/v2+story-v1/llama.cpp-b11443/t0	2026-10-06		
2091_010_14	c0bc4a81b893a4246cc3e7ed2d555c2a3963ea17	Hehe... Everyone is exactly the\nsame. It makes me kind of\nhappy.	machine	gemma-4-26B-A4B-it/UD-Q4_K_M/v2+story-v1/llama.cpp-b11443/t0	2026-10-06		
2091_010_16	c7e2d8c3e4e484cb0a751d24e42094ccaa2985fe	Yes. I know that for the\nCaptain and the others, it was\nonly a fleeting moment.	machine	gemma-4-26B-A4B-it/UD-Q4_K_M/v2+story-v1/llama.cpp-b11443/t0	2026-10-06		
2091_010_17	863139997d50c40213734de1e22ae1ef27c3f961	But for me... well. It was a\nmoment I had been waiting for\nfor so long.	machine	gemma-4-26B-A4B-it/UD-Q4_K_M/v2+story-v1/llama.cpp-b11443/t0	2026-10-06		
2091_010_18	c4138d36bb57d9b2bcc512d90a6c159f0e09b5eb	...Still, I can hardly believe it.\nThat you would appear looking\nlike this, Tika...	machine	gemma-4-26B-A4B-it/UD-Q4_K_M/v2+story-v1/llama.cpp-b11443/t0	2026-10-06		
2091_010_19	65f2b789b520db612ea9250be30a1d9d0f34c28e	I couldn't believe it at first,\neither. To travel back through\ntime twice... in such a short\nspan of time.	machine	gemma-4-26B-A4B-it/UD-Q4_K_M/v2+story-v1/llama.cpp-b11443/t0	2026-10-06		
2091_010_20	fec4b0f16de583fd042b3b043b0dbbca2461d679	So that's how it was, after all.	machine	gemma-4-26B-A4B-it/UD-Q4_K_M/v2+story-v1/llama.cpp-b11443/t0	2026-10-06		
2091_010_21	f01af8008c94ef3d221970558179efde3870df92	Tika, you jumped even further\ninto the past from that\nmoment when we were fighting\nat Asyl.	machine	gemma-4-26B-A4B-it/UD-Q4_K_M/v2+story-v1/llama.cpp-b11443/t0	2026-10-06		
2091_010_22	18e03eebd5292dfc54659b9c659a86e91949cb55	Just how much...	machine	gemma-4-26B-A4B-it/UD-Q4_K_M/v2+story-v1/llama.cpp-b11443/t0	2026-10-06		
2091_010_23	27767e83c443af26a4e0db84699877f34d9c00c9	Eight years, I think.	machine	gemma-4-26B-A4B-it/UD-Q4_K_M/v2+story-v1/llama.cpp-b11443/t0	2026-10-06		
2091_010_25	0bb1624371501db8cb7d8914bccb3861830bfaaf	T-That much...?!	machine	gemma-4-26B-A4B-it/UD-Q4_K_M/v2+story-v1/llama.cpp-b11443/t0	2026-10-06		
2091_010_26	2d71ec4f892e4bc7c63d4a9d9ea86ec88f1dc02f	But as you can see, I'm doing\njust fine.	machine	gemma-4-26B-A4B-it/UD-Q4_K_M/v2+story-v1/llama.cpp-b11443/t0	2026-10-06		
2091_010_27	03669a9fc6323a68092293bdfe5f65b9599c8835	A lot happened, but I knew... I\nknew for certain that I would\nsee everyone again, that we\nwould meet once more.	machine	gemma-4-26B-A4B-it/UD-Q4_K_M/v2+story-v1+short-v1/llama.cpp-b11443/t0	2026-10-06		
2091_010_28	604df1afefeb5fba83dcad3863ce2606c4df0090	You knew...?	machine	gemma-4-26B-A4B-it/UD-Q4_K_M/v2+story-v1/llama.cpp-b11443/t0	2026-10-06		
2091_010_29	7b16a23b428b1ef872aa7f47fa6ccb5213bb6827	Yeah. Oh, look, over there!	machine	gemma-4-26B-A4B-it/UD-Q4_K_M/v2+story-v1/llama.cpp-b11443/t0	2026-10-06		
2091_010_30	34bcdc42691d2a4a21b6be4c4ac5ddb88a430b6c	Waaaaaaaah!! Th-the Royal\nCapital's Crest Windmill... it's\nnot a dream... it's not a\ndream...!	machine	gemma-4-26B-A4B-it/UD-Q4_K_M/v2+story-v1/llama.cpp-b11443/t0	2026-10-06		
2091_010_31	c2180d25d9db2a5d540fbda6a5a1f78728f92096	Why... was I unable to scan a\nstructure of this magnitude...?	machine	gemma-4-26B-A4B-it/UD-Q4_K_M/v2+story-v1/llama.cpp-b11443/t0	2026-10-06		
2091_010_32	0784693bfb5ab214f9a79f7836e2d1ab53e7e0b9	That is where the master of\nthis planet resides... the Crest\nMuseum, Ex Giva.	machine	gemma-4-26B-A4B-it/UD-Q4_K_M/v2+story-v1/llama.cpp-b11443/t0	2026-10-06		
2091_020_01	121a70773094dcfea70b3434235966ddbf7fc4ac	Welcome, children of another\nstar.	machine	gemma-4-26B-A4B-it/UD-Q4_K_M/v2+story-v1/llama.cpp-b11443/t0	2026-10-06		
2091_020_02	e5110fbe5de140dac0cc52d35a31654ab548d054	I am Mastima, a failed\nGemologist cast out from\nParadise.	machine	gemma-4-26B-A4B-it/UD-Q4_K_M/v2+story-v1/llama.cpp-b11443/t0	2026-10-06		
2091_020_03	5c13ae35c220486df05e803aa35e9cab245d74f9	I also happen to serve as the\ndirector of this Emblem\nMuseum, Ex Giva.	machine	gemma-4-26B-A4B-it/UD-Q4_K_M/v2+story-v1/llama.cpp-b11443/t0	2026-10-06		
2091_020_04	43bbac3855c1c833684aa8fb9ecd49677883078f	Mastima...? That's the same\nname as the moon...	machine	gemma-4-26B-A4B-it/UD-Q4_K_M/v2+story-v1/llama.cpp-b11443/t0	2026-10-06		
2091_020_05	4a0c7fa0b684c3d9201709f66dda2265d620f9c3	It is not that I share a name\nwith this satellite.	machine	gemma-4-26B-A4B-it/UD-Q4_K_M/v2+story-v1/llama.cpp-b11443/t0	2026-10-06		
2091_020_06	8909e35550e4fefb240fd8c19fb284c1509e4ed7	It is that my name was\nbestowed upon this satellite.	machine	gemma-4-26B-A4B-it/UD-Q4_K_M/v2+story-v1/llama.cpp-b11443/t0	2026-10-06		
2091_020_07	a10d51329cc5a275613054d822c90e32d08cae45	That is an important\ndistinction.	machine	gemma-4-26B-A4B-it/UD-Q4_K_M/v2+story-v1/llama.cpp-b11443/t0	2026-10-06		
2091_020_08	6741e31551bfa7ff1da7163b975f9e1f9c1e0735	Cast out from Paradise... what\nis the meaning of that?	machine	gemma-4-26B-A4B-it/UD-Q4_K_M/v2+story-v1/llama.cpp-b11443/t0	2026-10-06		
2091_020_09	3fad6a5cfebff31271a95d515270556390a0eabc	Hmm. Young scientist of\nLevarance, do you not know\nthe traces of Paradise?	machine	gemma-4-26B-A4B-it/UD-Q4_K_M/v2+story-v1/llama.cpp-b11443/t0	2026-10-06		
2091_020_10	8bc477869c7c9189ddfc558992df6cbc5793206c	However... you Earthling over\nthere. And you, puppet... I\nsuspect you might understand\nwhat I mean.	machine	gemma-4-26B-A4B-it/UD-Q4_K_M/v2+story-v1/llama.cpp-b11443/t0	2026-10-06		
2091_020_12	9a90a607e376f53ec9c3ef4f647c44733f08b7ee	Hehehe, you look surprised.\nThat is a good look for you.	machine	gemma-4-26B-A4B-it/UD-Q4_K_M/v2+story-v1/llama.cpp-b11443/t0	2026-10-06		
2091_020_13	0113e55a42e998c7e214ccc3f95bda8fad27af3a	...By puppet, do you mean\nyourself, Master Mastima?	machine	gemma-4-26B-A4B-it/UD-Q4_K_M/v2+story-v1/llama.cpp-b11443/t0	2026-10-06		
2091_020_14	86548ce47a611da6944cd3dee2dd1c365c903fa8	If you lack that awareness,\nthen you are truly fortunate.	machine	gemma-4-26B-A4B-it/UD-Q4_K_M/v2+story-v1/llama.cpp-b11443/t0	2026-10-06		
2091_020_15	2082e7faf94840ced023b1e25f87d64b79fa8daf	...I can sense malice from you,\nMaster Mastima, directed\ntoward both myself and my\norigins.	machine	gemma-4-26B-A4B-it/UD-Q4_K_M/v2+story-v1/llama.cpp-b11443/t0	2026-10-06		
2091_020_16	22a8a995b6c2cd40047929c8ab99f44f910e0803	However, more than the true\nnature of that malice, I demand\nan explanation regarding your\ngenetic information.	machine	gemma-4-26B-A4B-it/UD-Q4_K_M/v2+story-v1/llama.cpp-b11443/t0	2026-10-06		
2091_020_17	2edde8b2c5e2ca58631a8d3e657fd8c20c46edec	Your genetic information is\nfrom my home, EnII...	machine	gemma-4-26B-A4B-it/UD-Q4_K_M/v2+story-v1/llama.cpp-b11443/t0	2026-10-06		
2091_020_18	359d2b7524c33a736d5886d7d3479530a07f6674	I see no meaning in answering\nyour question.	machine	gemma-4-26B-A4B-it/UD-Q4_K_M/v2+story-v1/llama.cpp-b11443/t0	2026-10-06		
2091_020_19	9b8840ca74777eed58463fda1a8f541ec5fe886a	Did you think that playing the\nrole of the Universe's Guardian\nwould grant you everything you\ndesire?	machine	gemma-4-26B-A4B-it/UD-Q4_K_M/v2+story-v1/llama.cpp-b11443/t0	2026-10-06		
2091_020_20	d8bd512b82354f36404bab68ef882e82d794874b	W-What!?	machine	gemma-4-26B-A4B-it/UD-Q4_K_M/v2+story-v1/llama.cpp-b11443/t0	2026-10-06		
2091_020_21	3734f791df851066eb48f4e19515d8651f9bd6b9	It is about time you realized\nthat there are some things in\nthis universe that are better\nleft unknown.	machine	gemma-4-26B-A4B-it/UD-Q4_K_M/v2+story-v1/llama.cpp-b11443/t0	2026-10-06		
2091_020_22	01ad60ceb96c9d1904946b4f9b5b36d2741d5e26	Why don't you stop dancing to\nVandione's legacy and try\nacting on your own will for\nonce?	machine	gemma-4-26B-A4B-it/UD-Q4_K_M/v2+story-v1/llama.cpp-b11443/t0	2026-10-06		
2091_020_23	a000617bba0f5d06e8ba1a11e834db9f6f80b10f	!!	machine	gemma-4-26B-A4B-it/UD-Q4_K_M/v2+story-v1/llama.cpp-b11443/t0	2026-10-06		
2091_020_24	ceeb96f6e5f4e1602bd9dd5693f440de524240c0	If you intend to insult that\nname, then consider it a\ndeclaration of war against us\nMorphus...!	machine	gemma-4-26B-A4B-it/UD-Q4_K_M/v2+story-v1/llama.cpp-b11443/t0	2026-10-06		
2091_020_25	a48da3fe369e0705c4d80cfc1bbd651ce97eed5d	Good grief. Even that\nstubbornness is exactly like\nVandione and that "Ex" of hers.	machine	gemma-4-26B-A4B-it/UD-Q4_K_M/v2+story-v1/llama.cpp-b11443/t0	2026-10-06		
2091_020_26	0339acdf18e4421e3ca46f788ffe577e8d6f38d3	We're getting nowhere. Just\nstay quiet.	machine	gemma-4-26B-A4B-it/UD-Q4_K_M/v2+story-v1/llama.cpp-b11443/t0	2026-10-06		
2091_020_27	650615cae4a4792c3d74704b27e4a80e63d455e9	What...!! You...!	machine	gemma-4-26B-A4B-it/UD-Q4_K_M/v2+story-v1/llama.cpp-b11443/t0	2026-10-06		
2091_020_28	84e8b439c4b6c0f4b989ece35b6b868ca466119c	Valka, restrain yourself.	machine	gemma-4-26B-A4B-it/UD-Q4_K_M/v2+story-v1/llama.cpp-b11443/t0	2026-10-06		
2091_020_29	8b9bb32f28906993de75a3768117c4a298facda2	Let me go, Henri! She is...!	machine	gemma-4-26B-A4B-it/UD-Q4_K_M/v2+story-v1/llama.cpp-b11443/t0	2026-10-06		
2091_020_30	510a44905fdb0003c99a95eb38cd98644fe64fb2	It seems she knows you, but\nwe know nothing about her.	machine	gemma-4-26B-A4B-it/UD-Q4_K_M/v2+story-v1/llama.cpp-b11443/t0	2026-10-06		
2091_020_31	646395b9cd4c0fb0897dce6db5f86dc254220b01	This is her territory. I don't\nthink it would be in our best\ninterest to make an enemy of\nher here.	machine	gemma-4-26B-A4B-it/UD-Q4_K_M/v2+story-v1/llama.cpp-b11443/t0	2026-10-06		
2091_020_32	eca6a86bf09f25775340b9cc29bd8ea49baeae46	Ugh...	machine	gemma-4-26B-A4B-it/UD-Q4_K_M/v2+story-v1/llama.cpp-b11443/t0	2026-10-06		
2091_020_33	d3a284e96bf8e65f3fc3953593ad4b0de14b07bc	Even so, Mastima. Using your\ninformational advantage to\nunilaterally berate us is hardly\ncommendable.	machine	gemma-4-26B-A4B-it/UD-Q4_K_M/v2+story-v1/llama.cpp-b11443/t0	2026-10-06		
2091_020_34	da4073f84fb7f1b253a542d975197133179631fb	Heh heh heh, my apologies, my\napologies. I suppose catching\nthe scent of my homeland just\nmakes me a bit restless.	machine	gemma-4-26B-A4B-it/UD-Q4_K_M/v2+story-v1/llama.cpp-b11443/t0	2026-10-06		
2091_020_35	8fe9694fd0621d69517241737f9c3a5c6bf380f7	Servant of Ex. I apologize for\nmy rudeness.	machine	gemma-4-26B-A4B-it/UD-Q4_K_M/v2+story-v1/llama.cpp-b11443/t0	2026-10-06		
2091_020_36	a0c3d8869b23665f9ffe184488549b95abfb02a9	...!!	machine	gemma-4-26B-A4B-it/UD-Q4_K_M/v2+story-v1/llama.cpp-b11443/t0	2026-10-06		
2091_020_37	65fadf5c2c8b069eaa5fbc6886f62460b651dfcc	Oh dear, it seems I've been\nhated. Heh heh heh.	machine	gemma-4-26B-A4B-it/UD-Q4_K_M/v2+story-v1/llama.cpp-b11443/t0	2026-10-06		
2091_020_38	253185dcece13d6f7b64591ad9572bd57ea77f33	...Mastima. It seems you are\nquite well-versed in the affairs\nof the universe.	machine	gemma-4-26B-A4B-it/UD-Q4_K_M/v2+story-v1/llama.cpp-b11443/t0	2026-10-06		
2091_020_39	e23ae93bb99ee784032bdf9ca806a805faabfaf3	Well, I suppose so. I take pride\nin being one of the top one or\ntwo experts in the cosmos.	machine	gemma-4-26B-A4B-it/UD-Q4_K_M/v2+story-v1/llama.cpp-b11443/t0	2026-10-06		
2091_020_40	d32b18f9aa3dfc4dbd4ef58c7888ed4dbc17f4b4	...It seems your will and power\nare heavily involved in the\nreason we are here.	machine	gemma-4-26B-A4B-it/UD-Q4_K_M/v2+story-v1/llama.cpp-b11443/t0	2026-10-06		
2091_020_41	97350b0dd469d8004e92cd296fb4d0c6ed001ef7	Since we have been invited, I\nassume you will answer our\nquestions?	machine	gemma-4-26B-A4B-it/UD-Q4_K_M/v2+story-v1/llama.cpp-b11443/t0	2026-10-06		
2091_020_42	24b83a00a1c52583106bd09a593f82cef48fa1d1	Very well. Despite\nappearances, I am quite\ninterested in you all as well.\nAsk me anything.	machine	gemma-4-26B-A4B-it/UD-Q4_K_M/v2+story-v1/llama.cpp-b11443/t0	2026-10-06		
2091_020_43	c10f2c5c504a857be6391f2493c368e6f225612d	Now then, what is it you wish\nto know?	machine	gemma-4-26B-A4B-it/UD-Q4_K_M/v2+story-v1/llama.cpp-b11443/t0	2026-10-06		
2091_030_01	c785ce47390abfc7a3e2aa315897563746d39b83	This celestial body is what you\nDaftine people call the Moon.	machine	gemma-4-26B-A4B-it/UD-Q4_K_M/v2+story-v1/llama.cpp-b11443/t0	2026-10-06		
2091_030_02	19178122fa150c07d2288770bd2373cd43025717	No, that's not what I meant.	machine	gemma-4-26B-A4B-it/UD-Q4_K_M/v2+story-v1/llama.cpp-b11443/t0	2026-10-06		
2091_030_03	049af79f103efd3d5be83805610eb60cc5b86543	Is there a reason why it shares\nthe same name as you?	machine	gemma-4-26B-A4B-it/UD-Q4_K_M/v2+story-v1/llama.cpp-b11443/t0	2026-10-06		
2091_030_04	368f7ad81241ec8954bd91c691a30cbc669a0add	There is no particular reason.	machine	gemma-4-26B-A4B-it/UD-Q4_K_M/v2+story-v1/llama.cpp-b11443/t0	2026-10-06		
2091_030_05	73c07a478934c8016220f48b66d22f86e6f0a217	Long ago, when I descended to\nDaftine, your ancestors―then\nbuilding a primitive\ncivilization―asked me my name.	machine	gemma-4-26B-A4B-it/UD-Q4_K_M/v2+story-v1+short-v1/llama.cpp-b11443/t0	2026-10-06		
2091_030_06	d5faee04e92934d79fdea9ec8f06f40cb04b3cdf	They also asked where I came\nfrom, so I simply answered that\nI came from the Moon.	machine	gemma-4-26B-A4B-it/UD-Q4_K_M/v2+story-v1/llama.cpp-b11443/t0	2026-10-06		
2091_030_07	403cb62e3619d6c9c610a0aaacdd7ef0f0f54b4e	Could that be why?	machine	gemma-4-26B-A4B-it/UD-Q4_K_M/v2+story-v1/llama.cpp-b11443/t0	2026-10-06		
2091_030_08	61a06ac79caa4dbdc5c072cac29c168c16d57a73	Wait. The name Mastima has\nbeen in literature for centuries,\ndating back to the records of\nthe Holy Land War.	machine	gemma-4-26B-A4B-it/UD-Q4_K_M/v2+story-v1+short-v1/llama.cpp-b11443/t0	2026-10-06		
2091_030_09	586a48d95191efde45908a34ac4aad73137f8205	Just how old are you?	machine	gemma-4-26B-A4B-it/UD-Q4_K_M/v2+story-v1/llama.cpp-b11443/t0	2026-10-06		
2091_030_10	61fec70832e56597ab158cdd4be6626246ea1300	Is that such a surprise, young\nlady of the Foxtail?	machine	gemma-4-26B-A4B-it/UD-Q4_K_M/v2+story-v1/llama.cpp-b11443/t0	2026-10-06		
2091_030_11	d1e0d31ea5933e5aefd238893ac101173b6a3156	Judging by the number of your\ntails, you must have lived\nthrough quite a few years\nyourself, shouldn't you?	machine	gemma-4-26B-A4B-it/UD-Q4_K_M/v2+story-v1/llama.cpp-b11443/t0	2026-10-06		
2091_030_13	4c1edf0aef2aa1512c2eb2001b0e459833c99512	Eh? Is that so?	machine	gemma-4-26B-A4B-it/UD-Q4_K_M/v2+story-v1/llama.cpp-b11443/t0	2026-10-06		
2091_030_14	4f29f91e7c10f025c6446a0a4186e662f9115a13	While individual variations exist,\na Foxtail grows a new tail\nevery fifty to a hundred years\nat most.	machine	gemma-4-26B-A4B-it/UD-Q4_K_M/v2+story-v1+short-v1/llama.cpp-b11443/t0	2026-10-06		
2091_030_15	440f271027e1b9020369e6957935ea4fa26e9d5c	Wha... A hundred years!?	machine	gemma-4-26B-A4B-it/UD-Q4_K_M/v2+story-v1/llama.cpp-b11443/t0	2026-10-06		
2091_030_16	24c8db813de36e1f80f739dfa989c3de0401f6b2	...What?	machine	gemma-4-26B-A4B-it/UD-Q4_K_M/v2+story-v1/llama.cpp-b11443/t0	2026-10-06		
2091_030_17	e66c8373441045dc9b0b04208e979b105646e2ef	...One, two... three...	machine	gemma-4-26B-A4B-it/UD-Q4_K_M/v2+story-v1/llama.cpp-b11443/t0	2026-10-06		
2091_030_18	e313ddd355311ae7e6e414d9cb8a5d07d0e7e614	Hey, wait a minute!	machine	gemma-4-26B-A4B-it/UD-Q4_K_M/v2+story-v1/llama.cpp-b11443/t0	2026-10-06		
2091_030_19	9f55e14a4413b936a698784fe2b8bdb018b6ccac	...I'm... sorry. For being so\ncheeky. Um, please forgive my\nrudeness to my elders.	machine	gemma-4-26B-A4B-it/UD-Q4_K_M/v2+story-v1/llama.cpp-b11443/t0	2026-10-06		
2091_030_20	c996d682a411a0a9f3b56b8c52c1a52916155e90	That's even more annoying, so\nstop it!	machine	gemma-4-26B-A4B-it/UD-Q4_K_M/v2+story-v1/llama.cpp-b11443/t0	2026-10-06		
2091_030_21	045c135a7cead2f6bf499731dda2b78ffa1eb18b	It hasn't even taken me a\nhundred years to grow a new\ntail! Even at my longest, it's\nonly been 80 years...	machine	gemma-4-26B-A4B-it/UD-Q4_K_M/v2+story-v1/llama.cpp-b11443/t0	2026-10-06		
2091_030_22	9c6976b7537a4ed3ba22dee34bacdf032201bbc6	...I'm really, truly sorry.	machine	gemma-4-26B-A4B-it/UD-Q4_K_M/v2+story-v1/llama.cpp-b11443/t0	2026-10-06		
2091_030_23	04a80503f58129e539455a293068e9832cd2bd53	Welch!! I told you to stop!	machine	gemma-4-26B-A4B-it/UD-Q4_K_M/v2+story-v1/llama.cpp-b11443/t0	2026-10-06		
2091_030_24	30be490db5520ab6af1f32f904df081d90c81193	Fufufu, well, that's just how it\nis. Everyone has their own\nreasons for their longevity.	machine	gemma-4-26B-A4B-it/UD-Q4_K_M/v2+story-v1/llama.cpp-b11443/t0	2026-10-06		
2091_030_25	28b69bb3a71f4849dc0412cdc5f2878296ff4ccd	Even I have lived for 3.7 billion\nyears since birth. I've at least\nbecome worthy of having a\nmoon named after me.	machine	gemma-4-26B-A4B-it/UD-Q4_K_M/v2+story-v1/llama.cpp-b11443/t0	2026-10-06		
2091_030_26	3dc060f067155a8d6274828555821ba1be587226	Welch & Karlyn: ...Huh?	machine	gemma-4-26B-A4B-it/UD-Q4_K_M/v2+story-v1/llama.cpp-b11443/t0	2026-10-06		
2091_030_28	9c5342b1a7acf1d9ed09b4860a6879ed1849bc3d	Hmm, I see. So Earth already\nhas those records.	machine	gemma-4-26B-A4B-it/UD-Q4_K_M/v2+story-v1/llama.cpp-b11443/t0	2026-10-06		
2091_030_29	fa75e0ccfc8f04c90b920befbf9a3f838070b7dd	Are you referring to the\n"Paradise" you mentioned\nearlier?	machine	gemma-4-26B-A4B-it/UD-Q4_K_M/v2+story-v1/llama.cpp-b11443/t0	2026-10-06		
2091_030_31	60565994b25aa42193dfb99bf109f5f65b33b8a6	Captain, that's impossible. I... I\nsimply cannot believe such a\nthing.	machine	gemma-4-26B-A4B-it/UD-Q4_K_M/v2+story-v1/llama.cpp-b11443/t0	2026-10-06		
2091_030_32	6c849117497680c73de6a8560ce2fd06147c8bb4	You don't have to believe me,\nbut why can you say so\ndefinitively?	machine	gemma-4-26B-A4B-it/UD-Q4_K_M/v2+story-v1/llama.cpp-b11443/t0	2026-10-06		
2091_030_33	63b37336c3a90b00309e9f2a8ae2693e495fda93	Do you think that only your\nVandione and Ex are special?	machine	gemma-4-26B-A4B-it/UD-Q4_K_M/v2+story-v1/llama.cpp-b11443/t0	2026-10-06		
2091_030_34	ddbd9c7f144648b60c35754fc58b184d7bcd9347	How vast a universe and how\nmany humans do you think\nParadise possessed?	machine	gemma-4-26B-A4B-it/UD-Q4_K_M/v2+story-v1/llama.cpp-b11443/t0	2026-10-06		
2091_030_35	bbc93d28f9d42045162d2ea331416f640a4f350b	Wait, Ex never said anything of\nthe sort...	machine	gemma-4-26B-A4B-it/UD-Q4_K_M/v2+story-v1/llama.cpp-b11443/t0	2026-10-06		
2091_030_36	6d0e88dd986941ce1754d0f96ed8dc2087979a32	Even one who knows\neverything does not reveal\neverything. At least, that is\nwhat Vandione said.	machine	gemma-4-26B-A4B-it/UD-Q4_K_M/v2+story-v1/llama.cpp-b11443/t0	2026-10-06		
2091_030_37	571950034636f9e051b620d26f6b7d845beec935	I'll give you a warning. I don't\nknow how his descendants\ninteracted with Ex,	machine	gemma-4-26B-A4B-it/UD-Q4_K_M/v2+story-v1/llama.cpp-b11443/t0	2026-10-06		
2091_030_38	9995972047c026ae918fbaa0d71e42fe12885ce4	But if you fight blindly believing\nonly in them... your lifespan as\na warrior will not be long.	machine	gemma-4-26B-A4B-it/UD-Q4_K_M/v2+story-v1/llama.cpp-b11443/t0	2026-10-06		
2091_030_39	f7bba982f415349293b784358de728dc6eaea685	...I...	machine	gemma-4-26B-A4B-it/UD-Q4_K_M/v2+story-v1/llama.cpp-b11443/t0	2026-10-06		
2091_030_40	fb799a2de2a636755fe4f6b931b712d7ea463f2c	...Valka.	machine	gemma-4-26B-A4B-it/UD-Q4_K_M/v2+story-v1/llama.cpp-b11443/t0	2026-10-06		
2091_030_41	0dedb317112c51a9f487264babb9c7da66834c0d	I shall tell those who do not\nknow.	machine	gemma-4-26B-A4B-it/UD-Q4_K_M/v2+story-v1/llama.cpp-b11443/t0	2026-10-06		
2091_030_42	9141e399ab735bd460b0883e60d1bd7947e9ee05	Once, there was a planet called\nNede that ruled seventy\npercent of the galaxy.	machine	gemma-4-26B-A4B-it/UD-Q4_K_M/v2+story-v1/llama.cpp-b11443/t0	2026-10-06		
2091_030_43	a1c372534f222c18ce4f133ab13f367e19c7d15b	I was born at the end of that\nhistory... and was chosen as\none to follow those ten.	machine	gemma-4-26B-A4B-it/UD-Q4_K_M/v2+story-v1/llama.cpp-b11443/t0	2026-10-06		
2091_030_45	24682fa63955752cfb480e3dfdda966459812e45	That is correct. The "Ten Wise\nMen of God."	machine	gemma-4-26B-A4B-it/UD-Q4_K_M/v2+story-v1/llama.cpp-b11443/t0	2026-10-06		
2091_030_46	c2aafb1554c22eb42836a12208df744b5b0ecc4f	You've certainly been studying.	machine	gemma-4-26B-A4B-it/UD-Q4_K_M/v2+story-v1/llama.cpp-b11443/t0	2026-10-06		
2091_030_47	d0fcee7133f5e8295c2d4f2b1c2c2119e44800a2	The ten individuals selected for\nthe First Ten Wise Men\nDefense Project...	machine	gemma-4-26B-A4B-it/UD-Q4_K_M/v2+story-v1/llama.cpp-b11443/t0	2026-10-06		
2091_030_48	c987a6f654b0866f25eb9f0819cc162c96c21ce9	Aside from Gabriel, before the\nfinal adjustments,	machine	gemma-4-26B-A4B-it/UD-Q4_K_M/v2+story-v1/llama.cpp-b11443/t0	2026-10-06		
2091_030_49	f6f4e2c96e10667dadbe17dd00f5a283ed8e918e	Zaphkiel, Jophiel, Metatron,\nSadikiel, Chamuel,	machine	gemma-4-26B-A4B-it/UD-Q4_K_M/v2+story-v1/llama.cpp-b11443/t0	2026-10-06		
2091_030_50	691b56c7c1822033cfd91527282fa82cb84a158b	Raphael, Michael, Haniel, and\nLucifer―the nine of them were\ndeployed without issue.	machine	gemma-4-26B-A4B-it/UD-Q4_K_M/v2+story-v1/llama.cpp-b11443/t0	2026-10-06		
2091_030_51	c9649ec558ff8367e840df1a4bda4c7e645e26f2	Having evaluated their utility,\nthe Nede Defense Force began\npreparations for the Second\nTen Wise Men Defense Project.	machine	gemma-4-26B-A4B-it/UD-Q4_K_M/v2+story-v1/llama.cpp-b11443/t0	2026-10-06		
2091_030_52	616f606704b6f60976f2b855660149bcce558612	If they had continued to fight\nfor the defense of Nede just\nas they were...	machine	gemma-4-26B-A4B-it/UD-Q4_K_M/v2+story-v1/llama.cpp-b11443/t0	2026-10-06		
2091_030_53	3e2fd5140a243f540447acb8f324f9a73667d308	Or if those fools in the Nede\narmy had been a little more\ncautious... then perhaps I, too,\nwould have...	machine	gemma-4-26B-A4B-it/UD-Q4_K_M/v2+story-v1/llama.cpp-b11443/t0	2026-10-06		
2091_030_54	9b8c325628f8b84cdd0d4bc0fc753a28d007fea7	But well, after everything that\nhappened and after they went\nmad, I was suspected of being\npart of their madness,	machine	gemma-4-26B-A4B-it/UD-Q4_K_M/v2+story-v1/llama.cpp-b11443/t0	2026-10-06		
2091_030_55	da7ee5ef8e406cc4b707f93737dc4f3ea2ba97e1	And after fleeing and being\ncaptured, I finally arrived in\nthis star system.	machine	gemma-4-26B-A4B-it/UD-Q4_K_M/v2+story-v1/llama.cpp-b11443/t0	2026-10-06		
2091_030_56	f366c1a8c129b6592b1867b5fa3e24f334a0caa0	Though I didn't take this form\nback then.	machine	gemma-4-26B-A4B-it/UD-Q4_K_M/v2+story-v1/llama.cpp-b11443/t0	2026-10-06		
2091_030_57	e086d0a0868902bc927c702eb06fdf0e3dd11f88	That was 3.7 billion years ago.	machine	gemma-4-26B-A4B-it/UD-Q4_K_M/v2+story-v1/llama.cpp-b11443/t0	2026-10-06		
2091_040_01	0c4c423c8bc5a236875a07290604d14f286cd8d3	<font color=blue>Henri</font> Why couldn't the Captain\nor Valka's ship scanners\ndetect this Ex Giva?	machine	gemma-4-26B-A4B-it/UD-Q4_K_M/v2+story-v1/llama.cpp-b11443/t0	2026-10-06		
2091_040_02	beb6baf9fe841cd50ea76b269d2026e73246a98f	<font color=blue>Mastima</font> It's obvious.	machine	gemma-4-26B-A4B-it/UD-Q4_K_M/v2+story-v1/llama.cpp-b11443/t0	2026-10-06		
2091_040_03	97c12ce32281fd659d49ce3a30824400ce858294	The concealment provided by\nmy Crest Arts is so superior\nthat your ship's scanners\nstand no chance against it.	machine	gemma-4-26B-A4B-it/UD-Q4_K_M/v2+story-v1/llama.cpp-b11443/t0	2026-10-06		
2091_040_04	55adb86e85bb3272c9afb70c05dce831dde4313f	<font color=blue>Verda</font> Then, does that mean\nthose unidentified attacks on\nthe Levarance fleet and\nValka's ship were also...?	machine	gemma-4-26B-A4B-it/UD-Q4_K_M/v2+story-v1/llama.cpp-b11443/t0	2026-10-06		
2091_040_05	6a89b8c4351c370f398eca751d9cc6cb24f1074d	<font color=blue>Mastima</font> You all need to hone\nyour skills much more.	machine	gemma-4-26B-A4B-it/UD-Q4_K_M/v2+story-v1/llama.cpp-b11443/t0	2026-10-06		
2091_040_06	41546a2d80769f8f8dbb86b96c2afbb1cbd75bcb	You can't even overcome a\nCrest created by a\n3.7-billion-year-old elder.	machine	gemma-4-26B-A4B-it/UD-Q4_K_M/v2+story-v1/llama.cpp-b11443/t0	2026-10-06		
2091_040_07	3241726a363587bda245e42004af1a50aef17b2b	Even the OS of the computers\nyou use is still <font color=yellow>Lastia</font>, just like\nit was in the old days.	machine	gemma-4-26B-A4B-it/UD-Q4_K_M/v2+story-v1/llama.cpp-b11443/t0	2026-10-06		
2091_040_08	ffb0811c3d04a753a44b02f23b297d7d0d6ffbd1	<font color=blue>Valka</font> <font color=yellow>OS Lastia</font>... Impossible...\nIt shouldn't even exist in this\nuniverse anymore.	machine	gemma-4-26B-A4B-it/UD-Q4_K_M/v2+story-v1/llama.cpp-b11443/t0	2026-10-06		
2091_040_09	152d72e218b8c3d21ae9b3d9fabbd40b10d17566	<font color=blue>Mastima</font> ...I'm starting to feel a\nlittle sorry for you.	machine	gemma-4-26B-A4B-it/UD-Q4_K_M/v2+story-v1/llama.cpp-b11443/t0	2026-10-06		
2091_040_10	01165c9b917e5bc3d127c2b07ec3b1e40ceafa53	Based on what I know, there\nare at least three other\ncomputers equipped with\nLastia besides this Ex Giva.	machine	gemma-4-26B-A4B-it/UD-Q4_K_M/v2+story-v1/llama.cpp-b11443/t0	2026-10-06		
2091_040_11	fe697c0efb0588edda5a85acee7de44697757134	<font color=blue>Valka</font> N-No way...!	machine	gemma-4-26B-A4B-it/UD-Q4_K_M/v2+story-v1/llama.cpp-b11443/t0	2026-10-06		
2091_040_12	01e21f97594938184c38e94add898c82f7a83be5	At any rate, this Crest\nMuseum, Ex Giva, continues to\nexpand infinitely to satisfy my\nAcademic Thirst.	machine	gemma-4-26B-A4B-it/UD-Q4_K_M/v2+story-v1/llama.cpp-b11443/t0	2026-10-06		
2091_040_13	b4aeafb1a8740c4b621e5e27467f89f3aa112c9c	It is a hall of Gems from my\nsnowy homeland, dedicated to\nexploring the truths of the\nuniverse.	machine	gemma-4-26B-A4B-it/UD-Q4_K_M/v2+story-v1+short-v1/llama.cpp-b11443/t0	2026-10-06		
2091_040_14	6df8c9f5d6312eb9dcd6845cff8f9215259d5140	A tower that carves the truths\nof the universe, which even my\nentire life has not been enough\nto fully unravel.	machine	gemma-4-26B-A4B-it/UD-Q4_K_M/v2+story-v1/llama.cpp-b11443/t0	2026-10-06		
2091_040_15	c05265d6dbe0796ee24cd4bf14b9e5b3eb0202eb	A tower that exposes the\ntruths of the universe.	machine	gemma-4-26B-A4B-it/UD-Q4_K_M/v2+story-v1/llama.cpp-b11443/t0	2026-10-06		
2091_040_16	32d76bb5dd73b0ba3d7a380ef11c15214598dd6e	A magnificent "waste," for it\ncannot be completed simply by\ncramming in my wisdom, and\nthus, it lives on.	machine	gemma-4-26B-A4B-it/UD-Q4_K_M/v2+story-v1/llama.cpp-b11443/t0	2026-10-06		
2091_040_17	988a9eb54fea55d5629cf6842fe1e5ad4b0a8b6a	A waste?	machine	gemma-4-26B-A4B-it/UD-Q4_K_M/v2+story-v1/llama.cpp-b11443/t0	2026-10-06		
2091_040_18	765d39b5080fc2a30c8861dfe0ff29c697532910	A waste.	machine	gemma-4-26B-A4B-it/UD-Q4_K_M/v2+story-v1/llama.cpp-b11443/t0	2026-10-06		
2091_040_19	f23ff640b1e812d2723ee42b40b0c7d88f8627ab	And that is exactly how it\nshould be.	machine	gemma-4-26B-A4B-it/UD-Q4_K_M/v2+story-v1/llama.cpp-b11443/t0	2026-10-06		
2091_040_20	6a8a6da969549023d83be4c4ab19a2498ef8b531	My desire to research the\nconcept of Gems to its\nabsolute limit is why I could not\nbecome one of the Ten Wise\nMen.	machine	gemma-4-26B-A4B-it/UD-Q4_K_M/v2+story-v1+short-v1/llama.cpp-b11443/t0	2026-10-06		
2091_050_01	f1541e0eba8f2719232337bba10bc627c2fdaa14	To begin with, Tika, how\nexactly did you end up here on\nthe Ex Giva?	machine	gemma-4-26B-A4B-it/UD-Q4_K_M/v2+story-v1/llama.cpp-b11443/t0	2026-10-06		
2091_050_02	8cca1c5be4670131ccca6cb48f618c6dcea01dd2	While the Captain fought at\nAsyl, Rekoro, Coro, and I were\ncaught in the Moonshadow\nLadder and sent back to the\npast.	machine	gemma-4-26B-A4B-it/UD-Q4_K_M/v2+story-v1+short-v1/llama.cpp-b11443/t0	2026-10-06		
2091_050_03	c4bf06e866e1910dc2045952d77a780642f81044	We were cast out onto this\nsatellite, and Mastima\nprotected us immediately.	machine	gemma-4-26B-A4B-it/UD-Q4_K_M/v2+story-v1/llama.cpp-b11443/t0	2026-10-06		
2091_050_04	bffa6a82b1566039476b4dee80a11d750414a098	That was eight years ago.	machine	gemma-4-26B-A4B-it/UD-Q4_K_M/v2+story-v1/llama.cpp-b11443/t0	2026-10-06		
2091_050_05	0f594b7d36324add00f5ccd09cadddf755f93c8b	It was a stimulating event, even\nafter all this time.	machine	gemma-4-26B-A4B-it/UD-Q4_K_M/v2+story-v1/llama.cpp-b11443/t0	2026-10-06		
2091_050_06	abf74dbccf10aff61cd3608231daebe43a3b0c6b	Even for me, it's the first time\nI've heard of someone traveling\nback in time twice in a row\nwithout using a Time Gate.	machine	gemma-4-26B-A4B-it/UD-Q4_K_M/v2+story-v1+short-v1/llama.cpp-b11443/t0	2026-10-06		
2091_050_07	4fb0e054526777d0df2ecf94db9526ecbe1eeaa9	On the Ex Giva, it's not just\nbecause of the Moonshadow\nLadder...	machine	gemma-4-26B-A4B-it/UD-Q4_K_M/v2+story-v1/llama.cpp-b11443/t0	2026-10-06		
2091_050_08	ebb1db6b7ec21204ea0b9585342c467aaec5fd37	There are many people who\nbecame lost in space for\nvarious reasons that Mastima\nhas protected.	machine	gemma-4-26B-A4B-it/UD-Q4_K_M/v2+story-v1/llama.cpp-b11443/t0	2026-10-06		
2091_050_09	dcfa75912937f47c357d7e0cfc787927b94b886f	I was just like them, and\nMastima helped me so much.	machine	gemma-4-26B-A4B-it/UD-Q4_K_M/v2+story-v1/llama.cpp-b11443/t0	2026-10-06		
2091_050_10	90bf79c00e1d73f5d5ff1798a58092183b0db4c1	She gave me anything I\ndesired.	machine	gemma-4-26B-A4B-it/UD-Q4_K_M/v2+story-v1/llama.cpp-b11443/t0	2026-10-06		
2091_050_11	a259813b3a90a5e4e94536bd10a6cefcde74f503	That's why I asked her.	machine	gemma-4-26B-A4B-it/UD-Q4_K_M/v2+story-v1/llama.cpp-b11443/t0	2026-10-06		
2091_050_12	42171a9d9726f36e9babc7a8efd8307d2c49c6b5	I asked for the power to fight!	machine	gemma-4-26B-A4B-it/UD-Q4_K_M/v2+story-v1/llama.cpp-b11443/t0	2026-10-06		
2091_050_13	50c1e0ec0f12f533ab55d8f014322968a0b70ff8	...Damn it.	machine	gemma-4-26B-A4B-it/UD-Q4_K_M/v2+story-v1/llama.cpp-b11443/t0	2026-10-06		
2091_050_14	612f6299e08c91e95b557569f3a35ed4c9d2d99e	Hmm?	machine	gemma-4-26B-A4B-it/UD-Q4_K_M/v2+story-v1/llama.cpp-b11443/t0	2026-10-06		
2091_050_15	05c46937b0cf966204e40b16db09f3a3a276fcc6	Look! Big sister Verda!	machine	gemma-4-26B-A4B-it/UD-Q4_K_M/v2+story-v1/llama.cpp-b11443/t0	2026-10-06		
2091_050_16	d00d2ad056c700ec8a66a7edf13988dca672a38c	Oh!? Is that... a gun?	machine	gemma-4-26B-A4B-it/UD-Q4_K_M/v2+story-v1/llama.cpp-b11443/t0	2026-10-06		
2091_050_17	878e8a3eb08e9b0654dee3bdee1a7fea281fad1d	I thought that if I was going to\nget the power to fight, I\ndefinitely wanted a gun!	machine	gemma-4-26B-A4B-it/UD-Q4_K_M/v2+story-v1/llama.cpp-b11443/t0	2026-10-06		
2091_050_18	71652941a356a12f9c0dfdfc6406db6b8d985e2c	Because I've always looked up\nto you, Verda!	machine	gemma-4-26B-A4B-it/UD-Q4_K_M/v2+story-v1/llama.cpp-b11443/t0	2026-10-06		
2091_050_19	7cd6e14f61c3891022f6a5ee6850a7eec8af9dd7	Nyah!?	machine	gemma-4-26B-A4B-it/UD-Q4_K_M/v2+story-v1/llama.cpp-b11443/t0	2026-10-06		
2091_050_20	d8313be8d0fe0ae22d96e00274f8cd75595eec31	...N-no way... To think you look\nup to me...	machine	gemma-4-26B-A4B-it/UD-Q4_K_M/v2+story-v1/llama.cpp-b11443/t0	2026-10-06		
2091_050_21	4edd40ebb2b08bfd4533bc01f0591e8ecb76bc27	Oh, Tika...	machine	gemma-4-26B-A4B-it/UD-Q4_K_M/v2+story-v1/llama.cpp-b11443/t0	2026-10-06		
2091_050_23	d6ac48a54e4117d3ba315543e6f1710e4ab8101f	Y-yeah. It's the first time I've\never seen Verda acting so\nfidgety.	machine	gemma-4-26B-A4B-it/UD-Q4_K_M/v2+story-v1/llama.cpp-b11443/t0	2026-10-06		
2091_050_24	f252bf7361a43ac45964b88b1c2947678a794dd2	I'm not going to stay behind\nanymore! I can fight alongside\nthe Captain and Big sister\nVerda and the others.	machine	gemma-4-26B-A4B-it/UD-Q4_K_M/v2+story-v1/llama.cpp-b11443/t0	2026-10-06		
2091_050_25	e942788ea0c4a7330c001a4af1be241c4dbfe194	So, let's make sure we save\nBig sister Eve together!	machine	gemma-4-26B-A4B-it/UD-Q4_K_M/v2+story-v1/llama.cpp-b11443/t0	2026-10-06		
2091_050_26	ba9947a26e3a2b2a814170230e4b193814a3c63d	Nyahuhu... kufufu...	machine	gemma-4-26B-A4B-it/UD-Q4_K_M/v2+story-v1/llama.cpp-b11443/t0	2026-10-06		
2091_050_27	7e6035c910fe13129875c4f02fa60489f1aab186	And? General Ricardo. What\nexactly is your relationship to\nthis place and to her?	machine	gemma-4-26B-A4B-it/UD-Q4_K_M/v2+story-v1/llama.cpp-b11443/t0	2026-10-06		
2091_050_29	fafc0a499d45b3005cc83b91cf3bfb32ac5c79f7	You still haven't thanked me\nfor the collar you gave me,\nhave you? Did you get that\nhere as well?	machine	gemma-4-26B-A4B-it/UD-Q4_K_M/v2+story-v1/llama.cpp-b11443/t0	2026-10-06		
2091_050_31	4304b959a33a7bda47f4030f45ddfa67a2239ca4	Come to think of it, you've\nbeen searching for Tika this\nwhole time. Spending a massive\namount of money, too.	machine	gemma-4-26B-A4B-it/UD-Q4_K_M/v2+story-v1/llama.cpp-b11443/t0	2026-10-06		
2091_050_32	e0a9f38410948893ba8923cbbc6002c241ad15e2	Since you were involved with\nMastima, does that mean, well,\nyou knew about Tika's situation\nwith time travel or something?	machine	gemma-4-26B-A4B-it/UD-Q4_K_M/v2+story-v1/llama.cpp-b11443/t0	2026-10-06		
2091_050_33	6086a068f34dd0a458c7a263825fc8e63b68e574	...Guh!	machine	gemma-4-26B-A4B-it/UD-Q4_K_M/v2+story-v1/llama.cpp-b11443/t0	2026-10-06		
2091_050_34	c5fef988b723006b1c8810e550470627897d0586	...Hey, it's time to tell the truth.	machine	gemma-4-26B-A4B-it/UD-Q4_K_M/v2+story-v1/llama.cpp-b11443/t0	2026-10-06		
2091_050_35	65813132ec6fba9ba8951505ff6b29865149a382	If it's hard to say, I'll do it!\nEither way, once the armor and\nmask are off, Valka will figure it\nout immediately.	machine	gemma-4-26B-A4B-it/UD-Q4_K_M/v2+story-v1+short-v1/llama.cpp-b11443/t0	2026-10-06		
2091_050_36	ce61cf18540d659f18ed71802a3b4c681cea2c7e	...Do as you wish.	machine	gemma-4-26B-A4B-it/UD-Q4_K_M/v2+story-v1/llama.cpp-b11443/t0	2026-10-06		
2091_050_37	cfcaa1671c2bccf1eab1ae31eacc0c5e9d66efbd	...Ricardo Franz is a fake name\nused to deceive the "me" from\nmy childhood, when I was with\nVerda and the others.	machine	gemma-4-26B-A4B-it/UD-Q4_K_M/v2+story-v1+short-v1/llama.cpp-b11443/t0	2026-10-06		
2091_050_38	115e64255cc3c8e476f05a1c0779f40cfa7db4e4	Since it's the name of a\nfamous historical figure, my\nyounger self never suspected\na thing.	machine	gemma-4-26B-A4B-it/UD-Q4_K_M/v2+story-v1/llama.cpp-b11443/t0	2026-10-06		
2091_050_39	cb2555f489a60b74c55fdbcced1eed829b4712ae	But my real name is...	machine	gemma-4-26B-A4B-it/UD-Q4_K_M/v2+story-v1/llama.cpp-b11443/t0	2026-10-06		
2091_050_40	154d8a1467e39babc996a6d93f76435409160ee7	Ricardo Blanche.	machine	gemma-4-26B-A4B-it/UD-Q4_K_M/v2+story-v1/llama.cpp-b11443/t0	2026-10-06		
2091_050_41	5cd6add66b26dca3cd84f9a74bd88311e5943670	He is my real brother.	machine	gemma-4-26B-A4B-it/UD-Q4_K_M/v2+story-v1/llama.cpp-b11443/t0	2026-10-06		
2091_050_42	30ac3b7c45dc180987651ea62cd077c76e654296	Eh...?	machine	gemma-4-26B-A4B-it/UD-Q4_K_M/v2+story-v1/llama.cpp-b11443/t0	2026-10-06		
2091_050_43	a53eb3c91e37f66df4dca4a6630fe470a9381a12	Whaaaaaaaaaaat!?	machine	gemma-4-26B-A4B-it/UD-Q4_K_M/v2+story-v1/llama.cpp-b11443/t0	2026-10-06		
2091_050_44	5fbed7593752fc2eb67a1214ebb833148efcb20f	No, no, no, hold on, you're\nsaying that's him?	machine	gemma-4-26B-A4B-it/UD-Q4_K_M/v2+story-v1/llama.cpp-b11443/t0	2026-10-06		
2091_050_45	e9efe62a26f75e2b7c7c865ce45ba619b61383f0	Tika, dear, you never once\nmentioned you had a brother...	machine	gemma-4-26B-A4B-it/UD-Q4_K_M/v2+story-v1/llama.cpp-b11443/t0	2026-10-06		
2091_050_46	94ece90b66b02fc309c73379b643f9a0133d0347	Hmm? No? You did say...	machine	gemma-4-26B-A4B-it/UD-Q4_K_M/v2+story-v1/llama.cpp-b11443/t0	2026-10-06		
2091_050_47	0b246f7aa98bfdc4ce326a340e5e513fdaeb5541	You did say it, didn't you!?\nAsking if you could get in\ntouch with your brother... Could\nit be...!	machine	gemma-4-26B-A4B-it/UD-Q4_K_M/v2+story-v1/llama.cpp-b11443/t0	2026-10-06		
2091_050_48	9d9eb687fcbee5f57a789abe3be9032bf3d4ee8e	I'm sorry for the confusion. Big\nbrother Ricardo and I are...	machine	gemma-4-26B-A4B-it/UD-Q4_K_M/v2+story-v1/llama.cpp-b11443/t0	2026-10-06		
2091_050_49	548d6ec26bad93b6f3f6e42afb06cdccbc02c92a	Ri... Ricardo... big brother...	machine	gemma-4-26B-A4B-it/UD-Q4_K_M/v2+story-v1/llama.cpp-b11443/t0	2026-10-06		
2091_050_50	c99ac83d8d93d2f4036d33090c23acb243c4e98c	Hey, witch! You got a problem\nwith that!!	machine	gemma-4-26B-A4B-it/UD-Q4_K_M/v2+story-v1/llama.cpp-b11443/t0	2026-10-06		
2091_050_51	41d51a7c93024fb24b1881a7383a5fd67416a652	I'm sorry. It's just, seeing a\nglimpse into someone else's\nfamily matters... it's a bit hard\nto put into words.	machine	gemma-4-26B-A4B-it/UD-Q4_K_M/v2+story-v1/llama.cpp-b11443/t0	2026-10-06		
2091_050_52	271b574b32a7a869fb48a3dcef1d7e0e0a69f256	Gah...!	machine	gemma-4-26B-A4B-it/UD-Q4_K_M/v2+story-v1/llama.cpp-b11443/t0	2026-10-06		
2091_050_53	e4b90814c180b65a68a10361b34017a2a2d227aa	Hehe. My brother and I have a\nten-year age difference.	machine	gemma-4-26B-A4B-it/UD-Q4_K_M/v2+story-v1/llama.cpp-b11443/t0	2026-10-06		
2091_050_54	1235ba4697c2dfce8a7b987e5b1f911bd7e5a7d8	By the time I immigrated with\nour parents, my brother had\nalready become independent\nand joined the military.	machine	gemma-4-26B-A4B-it/UD-Q4_K_M/v2+story-v1/llama.cpp-b11443/t0	2026-10-06		
2091_050_55	873ccfd551b73007625b84de912d8c9133688e5c	He was on a warship escorting\nthe immigration ship that\nRekoro and I were on.	machine	gemma-4-26B-A4B-it/UD-Q4_K_M/v2+story-v1/llama.cpp-b11443/t0	2026-10-06		
2091_050_56	c019944979c3e40940ee3d71479c035ddc6fad09	So that is why you were asking\nnot if your brother was safe,\nbut why you couldn't get in\ntouch with him.	machine	gemma-4-26B-A4B-it/UD-Q4_K_M/v2+story-v1/llama.cpp-b11443/t0	2026-10-06		
2091_050_57	f36520a9985265e9d0b976f550b6a35baeaaffc6	...I was sent to the past at the\nsame time as you, Tika.	machine	gemma-4-26B-A4B-it/UD-Q4_K_M/v2+story-v1/llama.cpp-b11443/t0	2026-10-06		
2091_050_59	99fdddfcf678327268aba9afe7765f67c90adeb3	I was protected by Mastima at\na point eight years even\nfurther in the past than when\nyou guys arrived at Daftine.	machine	gemma-4-26B-A4B-it/UD-Q4_K_M/v2+story-v1/llama.cpp-b11443/t0	2026-10-06		
2091_050_60	9385e7d051cde5461a3b1e63214544492a7464de	...In other words, is this what\nhappened?	machine	gemma-4-26B-A4B-it/UD-Q4_K_M/v2+story-v1/llama.cpp-b11443/t0	2026-10-06		
2091_050_61	9a174b23ca56f8f95fd5a67aa0ab8fd954eb5079	By the time you first met us,\nRicardo, you had already met\nTika, who had been sent to the\npast during the battle at Asyl.	machine	gemma-4-26B-A4B-it/UD-Q4_K_M/v2+story-v1/llama.cpp-b11443/t0	2026-10-06		
2091_050_62	70096096f47ad1a17b7973c90325724152e1167f	That's exactly right.	machine	gemma-4-26B-A4B-it/UD-Q4_K_M/v2+story-v1/llama.cpp-b11443/t0	2026-10-06		
2091_050_63	5ff51486b2aa246e4c976836e9a4b46fdf01bb91	That's why when I met my\nbrother in the Rubarika forest,\nhe was eight years older than\nthe brother I knew.	machine	gemma-4-26B-A4B-it/UD-Q4_K_M/v2+story-v1/llama.cpp-b11443/t0	2026-10-06		
2091_050_64	0c479aa01beff7de3425d2cba5c98a49e7a3cfb3	On top of that, since he was\nwearing that mask, I couldn't\ntell who it really was...	machine	gemma-4-26B-A4B-it/UD-Q4_K_M/v2+story-v1/llama.cpp-b11443/t0	2026-10-06		
2091_050_65	12ea566dea27e6cb7b2566fe3d21970770e05a26	It would indeed be difficult if\none did not already know that\nthey were being sent into the\npast.	machine	gemma-4-26B-A4B-it/UD-Q4_K_M/v2+story-v1/llama.cpp-b11443/t0	2026-10-06		
2091_050_66	62fc6877fbf9486eeef6588388a41df149542093	B-But despite that, you were\nbeing pretty aggressive about\ntrying to take Tika away from\nus, weren't you?	machine	gemma-4-26B-A4B-it/UD-Q4_K_M/v2+story-v1/llama.cpp-b11443/t0	2026-10-06		
2091_050_68	325aef725653db942e996dafbfa8dd2b1118234f	Precisely. As expected of\nsomeone who truly\nunderstands the logic of\ntraversing space-time.	machine	gemma-4-26B-A4B-it/UD-Q4_K_M/v2+story-v1/llama.cpp-b11443/t0	2026-10-06		
2091_050_70	a0717c872ca3cd70cb4b033598efd6d59eae9b04	Hehe, you see, my brother met\nme eight years ago... right?	machine	gemma-4-26B-A4B-it/UD-Q4_K_M/v2+story-v1/llama.cpp-b11443/t0	2026-10-06		
2091_050_71	bd901e9687a12b494c4f4634dc626eac78dc40eb	Shut up!	machine	gemma-4-26B-A4B-it/UD-Q4_K_M/v2+story-v1/llama.cpp-b11443/t0	2026-10-06		
2091_050_72	511e3b85789d6077fa84920fad79b9f83b3fb11e	He was desperately trying to\nchange the future so that I\nwouldn't have to go through\nsuch a terrible time!	machine	gemma-4-26B-A4B-it/UD-Q4_K_M/v2+story-v1/llama.cpp-b11443/t0	2026-10-06		
2091_050_73	eeddb85a95679998e1c08fb16816c584ff7b2775	Huh?	machine	gemma-4-26B-A4B-it/UD-Q4_K_M/v2+story-v1/llama.cpp-b11443/t0	2026-10-06		
2091_050_74	7e87531f6f6b9913b49937c5c3e6f9ba4c8be62d	Well, all of that was a futile\neffort, though.	machine	gemma-4-26B-A4B-it/UD-Q4_K_M/v2+story-v1/llama.cpp-b11443/t0	2026-10-06		
2091_050_75	596a0e46cc58b1ee515d48015687d7a3323661d9	...You bastards...	machine	gemma-4-26B-A4B-it/UD-Q4_K_M/v2+story-v1/llama.cpp-b11443/t0	2026-10-06		
2091_050_76	43919d72ff8a7b811455c12c16ce2b6eede70eb3	...It's fine. I think I understand\nthat feeling a little.	machine	gemma-4-26B-A4B-it/UD-Q4_K_M/v2+story-v1/llama.cpp-b11443/t0	2026-10-06		
2091_050_77	bebec523ab17d9d5e75a5c6c52d7559905bdb256	Even in this short time, it's\nclear that you two were close\nsiblings to begin with.	machine	gemma-4-26B-A4B-it/UD-Q4_K_M/v2+story-v1/llama.cpp-b11443/t0	2026-10-06		
2091_050_78	27f091e6a16c297818d4b20e33aeffc5dea67055	Ehehe.	machine	gemma-4-26B-A4B-it/UD-Q4_K_M/v2+story-v1/llama.cpp-b11443/t0	2026-10-06		
2091_050_79	3e4bc1d7de11267ff329b7ab666038c7c0019005	You're right. Well, as someone\nwho's been blackmailed quite a\nbit, I have my complaints, but...	machine	gemma-4-26B-A4B-it/UD-Q4_K_M/v2+story-v1/llama.cpp-b11443/t0	2026-10-06		
2091_050_80	a85dae8b683c18cd1d40ac4b7813cee95aeb0ef4	I can certainly understand the\nfeeling of not wanting to put\nyour loved ones through\nhardship.	machine	gemma-4-26B-A4B-it/UD-Q4_K_M/v2+story-v1/llama.cpp-b11443/t0	2026-10-06		
2091_050_81	09d63240a7ce3f368c38d0ff96703173f2122f65	...Don't act like you understand.\nIt makes me sick.	machine	gemma-4-26B-A4B-it/UD-Q4_K_M/v2+story-v1/llama.cpp-b11443/t0	2026-10-06		
2091_050_82	5f13d6a5a148378e8d668d14087c7f5beb8dad49	...You really are a piece of\nwork.	machine	gemma-4-26B-A4B-it/UD-Q4_K_M/v2+story-v1/llama.cpp-b11443/t0	2026-10-06		
2092_100_01	9be057db81c84977f2591d43b540c7569da04add	I see...	machine	gemma-4-26B-A4B-it/UD-Q4_K_M/v2+story-v1/llama.cpp-b11443/t0	2026-10-06		
2092_100_02	0575ab0d2ab70cc79362097c5b73d7eca1e19fa7	Ugh...	machine	gemma-4-26B-A4B-it/UD-Q4_K_M/v2+story-v1/llama.cpp-b11443/t0	2026-10-06		
2092_100_03	b9f2e8f0c150768f5ce7f8ddabf1cc84092b4762	Verda?	machine	gemma-4-26B-A4B-it/UD-Q4_K_M/v2+story-v1/llama.cpp-b11443/t0	2026-10-06		
2092_100_04	04e9f20a91de33a03f758b4ef943cd4a6fe0f1e6	Ah, sorry. Perhaps I'm just\nfeeling a bit tired.	machine	gemma-4-26B-A4B-it/UD-Q4_K_M/v2+story-v1/llama.cpp-b11443/t0	2026-10-06		
2092_100_05	741a0d7586aa8ca03447d70ff6f966cd45082646	But I'm fine now! I still have so\nmany things I want to ask\nMastima!	machine	gemma-4-26B-A4B-it/UD-Q4_K_M/v2+story-v1/llama.cpp-b11443/t0	2026-10-06		
2092_100_06	52912700c0e3419eb4606a1b4f9f5144f7035fd0	Verda...	machine	gemma-4-26B-A4B-it/UD-Q4_K_M/v2+story-v1/llama.cpp-b11443/t0	2026-10-06		
2092_100_07	f42e6f1876dea9106ca832d63acf01cd84c0a359	Mastima. We've been fighting\nnon-stop since we boarded\nAsyl. Can we take a break here\nfor a moment?	machine	gemma-4-26B-A4B-it/UD-Q4_K_M/v2+story-v1/llama.cpp-b11443/t0	2026-10-06		
2092_100_08	71e8dfac3bdce3014086e89f8eea9c75a5045678	Very well. If you wish, why not\nfocus on your treatment\naboard those reborn ships of\ntheirs?	machine	gemma-4-26B-A4B-it/UD-Q4_K_M/v2+story-v1/llama.cpp-b11443/t0	2026-10-06		
2092_100_09	ece4db74708242ebcbed460baab14070bf7d678f	Reborn ships!?	machine	gemma-4-26B-A4B-it/UD-Q4_K_M/v2+story-v1/llama.cpp-b11443/t0	2026-10-06		
2092_100_10	336f580ab5ed5a337104ce0731d071c233f69f2d	That's right! If Tika is safe,\nthen Coro and Rekoro must be\nsafe too. Where are they!?	machine	gemma-4-26B-A4B-it/UD-Q4_K_M/v2+story-v1/llama.cpp-b11443/t0	2026-10-06		
2092_100_11	5e74a155a9bc44f340a1b55638fcae93739fa061	Of course they are! Let's go to\nCoro first!	machine	gemma-4-26B-A4B-it/UD-Q4_K_M/v2+story-v1/llama.cpp-b11443/t0	2026-10-06		
2092_100_12	f9c8862278920dda3d940fd72397b4740be0e0ae	Coro said he had a lot of\nthings he wanted to tell\neveryone, too.	machine	gemma-4-26B-A4B-it/UD-Q4_K_M/v2+story-v1/llama.cpp-b11443/t0	2026-10-06		
2092_100_13	f52ff5a2e8a3092db19c71e8f228ebef046648db	Both Coro and the ship have\nbecome incredibly strong, even\nmore so than the Ex Giva!	machine	gemma-4-26B-A4B-it/UD-Q4_K_M/v2+story-v1/llama.cpp-b11443/t0	2026-10-06		
2092_100_15	e52fa64cfd945f7d2a4ff62b33465c1a053bb94c	Why the long faces? In eight\nyears, your ship has been\ncompletely reborn.	machine	gemma-4-26B-A4B-it/UD-Q4_K_M/v2+story-v1/llama.cpp-b11443/t0	2026-10-06		
2092_100_16	3abbf50fd3d9a817568b9cf334a28828ad052b57	I guarantee it will be useful for\nyour future travels through\nspace.	machine	gemma-4-26B-A4B-it/UD-Q4_K_M/v2+story-v1/llama.cpp-b11443/t0	2026-10-06		
2092_100_17	29a0ceee656c624375695812d33b22b6d67b402f	...Easy for you to say.	machine	gemma-4-26B-A4B-it/UD-Q4_K_M/v2+story-v1/llama.cpp-b11443/t0	2026-10-06		
2092_100_18	4663560bbce04ec261deeeab40b193c9e13cecd8	...They say nothing comes for\nfree... I am uneasy.	machine	gemma-4-26B-A4B-it/UD-Q4_K_M/v2+story-v1/llama.cpp-b11443/t0	2026-10-06		
2092_100_19	1c8f57e90c66893c500515c13cacccac81d26d64	Hehehe. Well then, shall we\nmove?	machine	gemma-4-26B-A4B-it/UD-Q4_K_M/v2+story-v1/llama.cpp-b11443/t0	2026-10-06		
2092_100_20	503ed64f2f4329327d38708a343d0316e4e88df0	This is... a Transfer Gem!?	machine	gemma-4-26B-A4B-it/UD-Q4_K_M/v2+story-v1/llama.cpp-b11443/t0	2026-10-06		
2092_110_01	e00cae3f47d6ada22c317fa29e1ecac168d6673e	Space really is a lawless place,\nisn't it?	machine	gemma-4-26B-A4B-it/UD-Q4_K_M/v2+story-v1/llama.cpp-b11443/t0	2026-10-06		
2092_110_03	fb60c4b0540867a0bd95ca5510d1a67f0c2e77b5	It certainly is! We're on the\nBridge. It looks like we really\nare safe!	machine	gemma-4-26B-A4B-it/UD-Q4_K_M/v2+story-v1/llama.cpp-b11443/t0	2026-10-06		
2092_110_04	072a6a7de3a1daec251b3503b454e95c589b7c82	Coro? Coro, where are you?\nCoroooo?	machine	gemma-4-26B-A4B-it/UD-Q4_K_M/v2+story-v1/llama.cpp-b11443/t0	2026-10-06		
2092_110_06	076371b8c5f0d493c8279a302786499e9ed1af00	Oh! Coro!	machine	gemma-4-26B-A4B-it/UD-Q4_K_M/v2+story-v1/llama.cpp-b11443/t0	2026-10-06		
2092_110_07	e6f11fda5c68e54e6caa4404b698feba3c07353c	...Confirmed boarding of Verda\nKleiman, crew of GFSS-3214F.	machine	gemma-4-26B-A4B-it/UD-Q4_K_M/v2+story-v1/llama.cpp-b11443/t0	2026-10-06		
2092_110_08	880183a3b810414daa05e6458a3abe7f9a42694f	...Coro?	machine	gemma-4-26B-A4B-it/UD-Q4_K_M/v2+story-v1/llama.cpp-b11443/t0	2026-10-06		
2092_110_09	b5300d0fb545e1541682065f4d8630e8c15c64a7	Ewin Laxter, Welch Vineyard,\nKarlyn Kayson, Valka S90,	machine	gemma-4-26B-A4B-it/UD-Q4_K_M/v2+story-v1/llama.cpp-b11443/t0	2026-10-06		
2092_110_10	8bdca0927f3c0bd23d39b65711a4c2acf7051853	Henri Anle Henri, Tika Blanche,\nRicardo Blanche, Mastima\nconfirmed boarding...	machine	gemma-4-26B-A4B-it/UD-Q4_K_M/v2+story-v1/llama.cpp-b11443/t0	2026-10-06		
2092_110_11	39ff412b66b6769f3101427498c3e663ae018f2a	And,	machine	gemma-4-26B-A4B-it/UD-Q4_K_M/v2+story-v1/llama.cpp-b11443/t0	2026-10-06		
2092_110_12	c189c8c3d61d32422a1a32fa73f300179fa271f3	Captain.	machine	gemma-4-26B-A4B-it/UD-Q4_K_M/v2+story-v1/llama.cpp-b11443/t0	2026-10-06		
2092_110_14	f060985e3078b4b4e39fa938beb4a5133cbf975a	Captain... Captain,\nCAPTAIIIIIIIIIIIIIIIIIIIN!!!!	machine	gemma-4-26B-A4B-it/UD-Q4_K_M/v2+story-v1/llama.cpp-b11443/t0	2026-10-06		
2092_110_15	cca4a76e1782c81c534111001f03af57f6c3ceae	Hieee!?	machine	gemma-4-26B-A4B-it/UD-Q4_K_M/v2+story-v1/llama.cpp-b11443/t0	2026-10-06		
2092_110_30	e4294154604600160b1980328605cba3feb885c2	I also included a runaway\nsuppression device as a bonus.	machine	gemma-4-26B-A4B-it/UD-Q4_K_M/v2+story-v1/llama.cpp-b11443/t0	2026-10-06		
2092_110_31	c675fd736f3137a624fc030508ca674300720b55	Now that's more like it, Coro. I\nwas starting to lose faith in\nyou.	machine	gemma-4-26B-A4B-it/UD-Q4_K_M/v2+story-v1/llama.cpp-b11443/t0	2026-10-06		
2092_110_32	f7e19aa50fc3c364201ca91441f5d9811a6629b2	Ahhh! I've been longing for\nthose insults!	machine	gemma-4-26B-A4B-it/UD-Q4_K_M/v2+story-v1/llama.cpp-b11443/t0	2026-10-06		
2092_110_33	d40c2e76ace93efb4fea2511f8da1f93032e3b58	You truly are incorrigible.	machine	gemma-4-26B-A4B-it/UD-Q4_K_M/v2+story-v1/llama.cpp-b11443/t0	2026-10-06		
2092_120_01	4a966e5c116c55ec35eeb0fd1956df175c2bbc41	Actually... there are several\nthings I need to apologize to\neveryone for.	machine	gemma-4-26B-A4B-it/UD-Q4_K_M/v2+story-v1/llama.cpp-b11443/t0	2026-10-06		
2092_120_02	7d0b430763691edb76c0c1675775ceac99c44c3f	...It's kind of creepy when you\nsuddenly get all pious like this.	machine	gemma-4-26B-A4B-it/UD-Q4_K_M/v2+story-v1/llama.cpp-b11443/t0	2026-10-06		
2092_120_03	9374e84e25578d0ef9b12a0117fccab0696b1b95	...Especially to you, Valka.	machine	gemma-4-26B-A4B-it/UD-Q4_K_M/v2+story-v1/llama.cpp-b11443/t0	2026-10-06		
2092_120_04	5b1d280165582138be929f159a87ad1af1651204	To me?	machine	gemma-4-26B-A4B-it/UD-Q4_K_M/v2+story-v1/llama.cpp-b11443/t0	2026-10-06		
2092_120_05	f94ac04f849beac3b529094498bc64c12240cac9	Yes... the truth is...	machine	gemma-4-26B-A4B-it/UD-Q4_K_M/v2+story-v1/llama.cpp-b11443/t0	2026-10-06		
2092_120_07	290c490a99f3b6885b27f0457aa90ac1e57c2193	...Well, having come this far, I\ncould have guessed as much.	machine	gemma-4-26B-A4B-it/UD-Q4_K_M/v2+story-v1/llama.cpp-b11443/t0	2026-10-06		
2092_120_08	d69280cf156a549e68c8cec8b9f080ff08ac2d1f	To protect Lady Tika after she\nwas sent to Daftes, I would\nhave had to be at Daftes\nmyself, wouldn't I?	machine	gemma-4-26B-A4B-it/UD-Q4_K_M/v2+story-v1/llama.cpp-b11443/t0	2026-10-06		
2092_120_09	bdfb595d98cf817b84c2fc5a687b2fcaf06f0a34	Does that mean you're the one\nwho repelled Levarance's fleet\nfrom Eldram as well...?	machine	gemma-4-26B-A4B-it/UD-Q4_K_M/v2+story-v1/llama.cpp-b11443/t0	2026-10-06		
2092_120_10	cdae1b8a4f24be8a358339a4a820b777fbf7754a	Yes... it was me.	machine	gemma-4-26B-A4B-it/UD-Q4_K_M/v2+story-v1/llama.cpp-b11443/t0	2026-10-06		
2092_120_11	93dcb7027a7344ddbd6b0e83dc2fca0e4131c50e	Since I could maneuver without\nMastima's stealth equipment\nbeing detected at all, it was\neasy.	machine	gemma-4-26B-A4B-it/UD-Q4_K_M/v2+story-v1/llama.cpp-b11443/t0	2026-10-06		
2092_120_12	cab6bbfcdb77ccaa24b6122865d892de1e09f8c4	Most of the other things were\nalso done by me.	machine	gemma-4-26B-A4B-it/UD-Q4_K_M/v2+story-v1/llama.cpp-b11443/t0	2026-10-06		
2092_120_13	c9c8dda8dd91e3452d9a5e6002b763b7b6cd08f5	Dropping Ms. Welch's lab to\nthat position,	machine	gemma-4-26B-A4B-it/UD-Q4_K_M/v2+story-v1/llama.cpp-b11443/t0	2026-10-06		
2092_120_15	5f7064044ffbaaa840753fc33abc09872cb6ec7b	It was all part of my plan to\nensure I could rendezvous with\neveryone here at this very\nmoment.	machine	gemma-4-26B-A4B-it/UD-Q4_K_M/v2+story-v1/llama.cpp-b11443/t0	2026-10-06		
2092_120_16	815e14499a2130f65b419ad90d8e552323c814ec	...It's okay. I'm not angry.	machine	gemma-4-26B-A4B-it/UD-Q4_K_M/v2+story-v1/llama.cpp-b11443/t0	2026-10-06		
2092_120_17	8965ef40732c30c79f29b9d32b928fa899738ec5	Because thanks to you, I was\nable to meet my precious\nfriends.	machine	gemma-4-26B-A4B-it/UD-Q4_K_M/v2+story-v1/llama.cpp-b11443/t0	2026-10-06		
2092_120_18	9056dcdc47390cc8eaf034d388ccb093df9c5ec3	That power of yours has saved\nus as well.	machine	gemma-4-26B-A4B-it/UD-Q4_K_M/v2+story-v1/llama.cpp-b11443/t0	2026-10-06		
2092_120_19	5eee670f456ce1cf445a86354f107be503e6da86	Once again, my heartfelt\nthanks to you, Coro.	machine	gemma-4-26B-A4B-it/UD-Q4_K_M/v2+story-v1/llama.cpp-b11443/t0	2026-10-06		
2092_120_20	697683b671dff8200dd7f6cee5f1b1808b4dc0ba	Uuuh...! Valka... Henri...!	machine	gemma-4-26B-A4B-it/UD-Q4_K_M/v2+story-v1/llama.cpp-b11443/t0	2026-10-06		
2092_120_21	2b6b4a2132db5699cc169ee4489f49b38012f1d8	I agree with Henri. So...	machine	gemma-4-26B-A4B-it/UD-Q4_K_M/v2+story-v1/llama.cpp-b11443/t0	2026-10-06		
2092_120_22	01d2209d4f968648fd3d7c87f3cb0acd4e3caf14	I'll never forget that I fell to\nDaftes not because of poor\nmaintenance, but because Coro\nshot me down.	machine	gemma-4-26B-A4B-it/UD-Q4_K_M/v2+story-v1+short-v1/llama.cpp-b11443/t0	2026-10-06		
2092_120_23	35f80e381121b2ab30509e049eb605bbc25fdca8	Eh?	machine	gemma-4-26B-A4B-it/UD-Q4_K_M/v2+story-v1/llama.cpp-b11443/t0	2026-10-06		
2092_120_24	5f279f39f6a4084ce896f0734d056fcb053b2977	I won't forget that it wasn't\npoor maintenance, but that\nCoro was the one who brought\nme down.	machine	gemma-4-26B-A4B-it/UD-Q4_K_M/v2+story-v1/llama.cpp-b11443/t0	2026-10-06		
2092_120_25	2b5d4b0f70d0208fd43db63983e0c5e707494248	...You're still holding a grudge,\naren't you...?	machine	gemma-4-26B-A4B-it/UD-Q4_K_M/v2+story-v1/llama.cpp-b11443/t0	2026-10-06		
2092_120_26	9d900f0f655691a219ab572eb465accf47a4ade1	To me, it feels like it only\nhappened the other day.	machine	gemma-4-26B-A4B-it/UD-Q4_K_M/v2+story-v1/llama.cpp-b11443/t0	2026-10-06		
2092_120_27	d18d25268f8e239c2df7dbe305dac1be174f641f	*Sigh*... Careful what you say,\nthey say...	machine	gemma-4-26B-A4B-it/UD-Q4_K_M/v2+story-v1/llama.cpp-b11443/t0	2026-10-06		
2092_120_28	9654e09c1cbf4713834a361e864d8b8dcda651aa	Ah... well, um, listen! Did\nMastima handle all the\nmodifications?	machine	gemma-4-26B-A4B-it/UD-Q4_K_M/v2+story-v1/llama.cpp-b11443/t0	2026-10-06		
2092_120_29	2d1c8a4d22f7f081a547caabef91e3fc16f21ec3	Not just myself, but everyone\nin the universe protected by\nEx Giva cooperated.	machine	gemma-4-26B-A4B-it/UD-Q4_K_M/v2+story-v1/llama.cpp-b11443/t0	2026-10-06		
2092_120_30	2522d6090892f20eb43fd347b84afb795c6b0393	Rest assured, everything is on\na completely different level\ncompared to when you were\npiloting them.	machine	gemma-4-26B-A4B-it/UD-Q4_K_M/v2+story-v1+short-v1/llama.cpp-b11443/t0	2026-10-06		
2092_120_31	e3e980ea4e1111f5b2d91e2f7f39c5945ff54a5d	With that power... there is\nsomething I must ask of you.	machine	gemma-4-26B-A4B-it/UD-Q4_K_M/v2+story-v1/llama.cpp-b11443/t0	2026-10-06		
2092_120_33	15e58979cef79e5c5830b8a4c7d928ec83d3e7d4	...Well, I didn't think you'd go to\nall this trouble for us for\nnothing...	machine	gemma-4-26B-A4B-it/UD-Q4_K_M/v2+story-v1/llama.cpp-b11443/t0	2026-10-06		
2092_120_34	3e0b168f48b9dfb3593f1d813664a47c43a34839	Just what do you want us to\ndo?	machine	gemma-4-26B-A4B-it/UD-Q4_K_M/v2+story-v1/llama.cpp-b11443/t0	2026-10-06		
2092_120_35	fd7fd17c3dabf7a9f1f334cfbe53ec7e59d21ae8	Many things.	machine	gemma-4-26B-A4B-it/UD-Q4_K_M/v2+story-v1/llama.cpp-b11443/t0	2026-10-06		
2092_120_36	cc234b643add3aff6f0b6c71f9e39ad7d538740a	"Many things"?!	machine	gemma-4-26B-A4B-it/UD-Q4_K_M/v2+story-v1/llama.cpp-b11443/t0	2026-10-06		
2092_120_37	d411c3d569cf7384c2b1b6de588315117e708edb	Even so, I believe I have\nprovided the best possible\ncare for Tika, Coro, and the\nothers.	machine	gemma-4-26B-A4B-it/UD-Q4_K_M/v2+story-v1/llama.cpp-b11443/t0	2026-10-06		
2092_120_38	1591a2583bd525dc67f603d96ad6e67b76961ab3	I want something in return, but\nI believe my demands shouldn't\ndeviate too much from your\nown objectives.	machine	gemma-4-26B-A4B-it/UD-Q4_K_M/v2+story-v1/llama.cpp-b11443/t0	2026-10-06		
2092_120_40	6589c75b827584e5aef95534ab6c8cc2e320033b	Well, you must be uneasy.\nThere is likely still much you\nwish to know, and much I wish\nto tell you.	machine	gemma-4-26B-A4B-it/UD-Q4_K_M/v2+story-v1/llama.cpp-b11443/t0	2026-10-06		
2092_120_41	e7931854bbe0340cac75b6e35d2b85b1f0336a42	But let us set that aside for\nnow.	machine	gemma-4-26B-A4B-it/UD-Q4_K_M/v2+story-v1/llama.cpp-b11443/t0	2026-10-06		
2092_120_42	8b7d71629edc28a1f413e523b2b0120053af01f4	You have been forced to suffer\nat the hands of that Givel\nmany times, haven't you?	machine	gemma-4-26B-A4B-it/UD-Q4_K_M/v2+story-v1/llama.cpp-b11443/t0	2026-10-06		
2092_120_43	3b3b762f75268260f767559132fb1a362b6e94f9	In such a state, you would be\ntoo anxious to rescue your\nabducted comrades.	machine	gemma-4-26B-A4B-it/UD-Q4_K_M/v2+story-v1/llama.cpp-b11443/t0	2026-10-06		
2092_120_44	91f2009ae1a148bc456cf1223521bdd9003703c0	That is why I am calling on you.\nTika.	machine	gemma-4-26B-A4B-it/UD-Q4_K_M/v2+story-v1/llama.cpp-b11443/t0	2026-10-06		
2092_120_45	4f9d12e68fea0bec0428fd92958cb4b23f90df14	Yes... Captain, everyone. After\nwe get some rest...	machine	gemma-4-26B-A4B-it/UD-Q4_K_M/v2+story-v1/llama.cpp-b11443/t0	2026-10-06		
2092_120_46	f6ad21a0ec04cb20688cbd639d82e23cdd374631	Why don't we all level up\ntogether?	machine	gemma-4-26B-A4B-it/UD-Q4_K_M/v2+story-v1/llama.cpp-b11443/t0	2026-10-06		
2092_120_47	4efc0d508ba0066dbb216406e344db5574f0c02d	...Level up?	machine	gemma-4-26B-A4B-it/UD-Q4_K_M/v2+story-v1/llama.cpp-b11443/t0	2026-10-06		
2092_130_01	946a35c464b3ce6f9dece42c601b48ddfc4d8929	Tika. Ricardo. It seems you\nhave successfully reunited with\neveryone.	machine	gemma-4-26B-A4B-it/UD-Q4_K_M/v2+story-v1/llama.cpp-b11443/t0	2026-10-06		
2092_130_02	48f89e514c9aaa1afcef1656622eae31c29808c1	Hyaaaaaaah! What is that?!\nWhat is that!! There's\nsomething that looks just like\nValka out there!?	machine	gemma-4-26B-A4B-it/UD-Q4_K_M/v2+story-v1/llama.cpp-b11443/t0	2026-10-06		
2092_130_03	ed0d0e3dc9f3caa314854a7589b913991b72f410	No... that is a fully autonomous\nmobile armament... a robot\nsoldier.	machine	gemma-4-26B-A4B-it/UD-Q4_K_M/v2+story-v1/llama.cpp-b11443/t0	2026-10-06		
2092_130_04	94fcdfde8c02665f947bba7132c6f2bcf4d82d46	But it possesses an incredible\namount of Gem power...	machine	gemma-4-26B-A4B-it/UD-Q4_K_M/v2+story-v1/llama.cpp-b11443/t0	2026-10-06		
2092_130_05	4f9b79e06f2edad2de827ff476465dfe5c1c481c	Welch Vineyard. That reaction\nbrings back many memories.	machine	gemma-4-26B-A4B-it/UD-Q4_K_M/v2+story-v1/llama.cpp-b11443/t0	2026-10-06		
2092_130_06	1540f971e9f3654bf9d93b745aacebce80606925	Huh?	machine	gemma-4-26B-A4B-it/UD-Q4_K_M/v2+story-v1/llama.cpp-b11443/t0	2026-10-06		
2092_130_07	c578b5aed80628ae999df883b1a5712dfc5a08b0	My functions have improved\ngreatly over these past eight\nyears, but my voice frequency\nshould remain unchanged.	machine	gemma-4-26B-A4B-it/UD-Q4_K_M/v2+story-v1/llama.cpp-b11443/t0	2026-10-06		
2092_130_08	51043e2b6f89bb094739685877f092555a439d36	...Wait a second. That sound...\nthat voice... could it be...?	machine	gemma-4-26B-A4B-it/UD-Q4_K_M/v2+story-v1/llama.cpp-b11443/t0	2026-10-06		
2092_130_09	7588d6251946fa39f8da045823ba55ab4d0ad363	Is it Rekoro?	machine	gemma-4-26B-A4B-it/UD-Q4_K_M/v2+story-v1/llama.cpp-b11443/t0	2026-10-06		
2092_130_10	d0266993ffce130079272ddd5c92354a296e6d59	Eh!?	machine	gemma-4-26B-A4B-it/UD-Q4_K_M/v2+story-v1/llama.cpp-b11443/t0	2026-10-06		
2092_130_11	112fce482a30f269452e5deae168a5baec335656	What!?	machine	gemma-4-26B-A4B-it/UD-Q4_K_M/v2+story-v1/llama.cpp-b11443/t0	2026-10-06		
2092_130_12	3312a1593be17e6c4264d70fc2a00292d6a1eca8	Rekoro, you sayooo!?	machine	gemma-4-26B-A4B-it/UD-Q4_K_M/v2+story-v1/llama.cpp-b11443/t0	2026-10-06		
2092_130_13	dbf6754ffa911a5dfa50710831bcfffcc0e2f5be	Affirmative. I am Rekoro,\nformerly the life-saving boat AI\naboard the transport ship\nKugo.	machine	gemma-4-26B-A4B-it/UD-Q4_K_M/v2+story-v1/llama.cpp-b11443/t0	2026-10-06		
2092_130_14	d456e0856cc479c8238917f85d200d32b9eb84e4	Y-you look quite different now...	machine	gemma-4-26B-A4B-it/UD-Q4_K_M/v2+story-v1/llama.cpp-b11443/t0	2026-10-06		
2092_130_15	3f023d6f4705ffd98f972e034d57956d9d0d6c54	Hmm? My exterior should not\nhave changed significantly.	machine	gemma-4-26B-A4B-it/UD-Q4_K_M/v2+story-v1/llama.cpp-b11443/t0	2026-10-06		
2092_130_16	d2ccb8cf2e8671b5a8463855d12ba6f0338845cc	Ah, a familiar sight.	machine	gemma-4-26B-A4B-it/UD-Q4_K_M/v2+story-v1/llama.cpp-b11443/t0	2026-10-06		
2092_130_17	57276b204a88df08372de05f83cef20913f2bb52	Th-then what's with this "robot"\nthing?! Is it something I'm\nallowed to take apart for\nresearch?!	machine	gemma-4-26B-A4B-it/UD-Q4_K_M/v2+story-v1/llama.cpp-b11443/t0	2026-10-06		
2092_130_18	d01da9c4731823e5902498468f980070c8f4dee5	No, that's definitely not\nallowed.	machine	gemma-4-26B-A4B-it/UD-Q4_K_M/v2+story-v1/llama.cpp-b11443/t0	2026-10-06		
2092_130_19	2283e180bf06af7d266fa9a80c61c347ab67df65	This robot is a modified\n"Lambda" body, the\ngeneral-purpose AI weapon of\nEx Giva, repurposed for\nRekoro.	machine	gemma-4-26B-A4B-it/UD-Q4_K_M/v2+story-v1+short-v1/llama.cpp-b11443/t0	2026-10-06		
2092_130_20	3da1c8554f590008dcad00726de856a7417e2490	Equipped with Verda Kleiman's\nArms, they assist in Daftine,\ncombat training, security, and\neven daily chores like cooking\nand cleaning.	machine	gemma-4-26B-A4B-it/UD-Q4_K_M/v2+story-v1+short-v1/llama.cpp-b11443/t0	2026-10-06		
2092_130_21	7cbbad286a99f385dd54d32f6211a77fbe0b78e2	I oversee and operate a total\nof four "Lambda" units for\nTika's sake!	machine	gemma-4-26B-A4B-it/UD-Q4_K_M/v2+story-v1/llama.cpp-b11443/t0	2026-10-06		
2092_130_22	0887c20fb8cc522082d73ee95794a6d8aeb5e81e	...My, you certainly cover a\nwide variety of tasks.	machine	gemma-4-26B-A4B-it/UD-Q4_K_M/v2+story-v1/llama.cpp-b11443/t0	2026-10-06		
2092_130_23	aacfb7be6d850e61f85458c1ce42bdc7a1e3e6e1	Ever since Rekoro came to Ex\nGiva, she's been supporting my\nlife constantly.	machine	gemma-4-26B-A4B-it/UD-Q4_K_M/v2+story-v1/llama.cpp-b11443/t0	2026-10-06		
2092_130_24	0efd969b31d6eeaa93e947c95f844a6b67b3c203	I understand Tika's vitals\nbetter than anyone else.	machine	gemma-4-26B-A4B-it/UD-Q4_K_M/v2+story-v1/llama.cpp-b11443/t0	2026-10-06		
2092_130_25	78e53b9e6e5d590ba3fd5c00d1623fc01463c111	And if Tika intends to train\nherself under the protection of\nMastima, it is my duty to\nsupport that endeavor.	machine	gemma-4-26B-A4B-it/UD-Q4_K_M/v2+story-v1/llama.cpp-b11443/t0	2026-10-06		
2092_130_26	fb226ed1b8535329bd7d1ff7c27e2b7ca3fa810e	But I really wish she'd stop\ntrying to make me sleep with a\nLambda every night...	machine	gemma-4-26B-A4B-it/UD-Q4_K_M/v2+story-v1/llama.cpp-b11443/t0	2026-10-06		
2092_130_27	c9a95c4fd78fb44d9da7a5f2dd51aaf6e6279d0e	Ooh, ooh! What's that?! That's\nlike a servant doll or a maid\ndoll, right?!	machine	gemma-4-26B-A4B-it/UD-Q4_K_M/v2+story-v1/llama.cpp-b11443/t0	2026-10-06		
2092_130_28	601a933b74b281e6153e5f5f0a02883fbccb1a53	To call them servants or maids,\ntheir appearance is... well,\nnever mind...	machine	gemma-4-26B-A4B-it/UD-Q4_K_M/v2+story-v1/llama.cpp-b11443/t0	2026-10-06		
2092_130_29	3bc62fc63fd238b17406a8bb4aa74a12dab9871f	Does that mean Rekoro, too,\nwill be using the Lambdas to\nparticipate in combat from now\non?	machine	gemma-4-26B-A4B-it/UD-Q4_K_M/v2+story-v1/llama.cpp-b11443/t0	2026-10-06		
2092_130_30	8542f5e44330b4c9a908a8154015d577949539ea	Negative. Due to my\npersonality program's\nstructure, I cannot participate\nin combat, even using a\nLambda body.	machine	gemma-4-26B-A4B-it/UD-Q4_K_M/v2+story-v1+short-v1/llama.cpp-b11443/t0	2026-10-06		
2092_130_31	dd80fd875a0973b62d4f6f913c66df1eb547d8d1	As a life-saving AI, my\nprogramming does not account\nfor the act of harming others.	machine	gemma-4-26B-A4B-it/UD-Q4_K_M/v2+story-v1+short-v1/llama.cpp-b11443/t0	2026-10-06		
2092_130_32	2461aa41191259dafb765babc85e7cb54239b368	and if I were to change that, I\nwould no longer be myself.	machine	gemma-4-26B-A4B-it/UD-Q4_K_M/v2+story-v1/llama.cpp-b11443/t0	2026-10-06		
2092_130_33	1a457c1c895c6eaaa64c50c4f251580b21d5f84d	Therefore, my training with\nTika is based on sports\nscience to develop her mind\nand body, not an act of\ncombat itself.	machine	gemma-4-26B-A4B-it/UD-Q4_K_M/v2+story-v1+short-v1/llama.cpp-b11443/t0	2026-10-06		
2092_130_34	15fa54962a9cb523ba84790db561d02bd40ee0be	Furthermore, the program that\noperates these Lambda bodies\ncan only be maintained by the\nEx Giva's computer.	machine	gemma-4-26B-A4B-it/UD-Q4_K_M/v2+story-v1/llama.cpp-b11443/t0	2026-10-06		
2092_130_35	dda91d96203d00ac35300ace223b8a751779986f	Once we reunite with the\nCaptain and return to the\nGFSS-3214F, then...	machine	gemma-4-26B-A4B-it/UD-Q4_K_M/v2+story-v1/llama.cpp-b11443/t0	2026-10-06		
2092_130_36	13a2986052074826d6955d57dfefb957bc1cf577	So you'll just be operating as\nRekoro alone, like usual.	machine	gemma-4-26B-A4B-it/UD-Q4_K_M/v2+story-v1/llama.cpp-b11443/t0	2026-10-06		
2092_130_37	a0272bfe6e4dd8aa340ebb850194a1f8fe6d7a43	That is correct.	machine	gemma-4-26B-A4B-it/UD-Q4_K_M/v2+story-v1/llama.cpp-b11443/t0	2026-10-06		
2092_130_38	aa4570263058ecb171fb3efdf228173fe4cdcc78	However, as long as I have the\nLambda body, I can perform at\nmy full potential even in\ndefensive maneuvers.	machine	gemma-4-26B-A4B-it/UD-Q4_K_M/v2+story-v1/llama.cpp-b11443/t0	2026-10-06		
2092_130_39	6b3825c4156a19cbbbb6f3dd38d32f352b6a5393	I cannot strike back against\nenemy attacks, but I promise\nyou this: I will protect Tika, my\ncharge, at all costs.	machine	gemma-4-26B-A4B-it/UD-Q4_K_M/v2+story-v1/llama.cpp-b11443/t0	2026-10-06		
2092_130_40	30f27651b91f86a26586a3a16d19a1365c7d896e	You're as overprotective as\never, aren't you?	machine	gemma-4-26B-A4B-it/UD-Q4_K_M/v2+story-v1/llama.cpp-b11443/t0	2026-10-06		
2092_130_41	3881a792cbd8bc9b7f871df04af0c38236c900d5	That's also one of the good\nthings about this AI.	machine	gemma-4-26B-A4B-it/UD-Q4_K_M/v2+story-v1/llama.cpp-b11443/t0	2026-10-06		
2092_130_42	430a6e2dbea8752ad8c95b1d13714045ff74c4d9	If you wish, I can also assist\nwith the Captain and the\nothers' combat training.	machine	gemma-4-26B-A4B-it/UD-Q4_K_M/v2+story-v1/llama.cpp-b11443/t0	2026-10-06		
2092_130_43	f37018244bcdd47ff0fcbdfa71ebb7939d5883f5	While not as much as Tika, I\ncan use the vital data I share\nwith Coro to help you all\nimprove yourselves here as\nmuch as you desire.	machine	gemma-4-26B-A4B-it/UD-Q4_K_M/v2+story-v1+short-v1/llama.cpp-b11443/t0	2026-10-06		
2092_130_44	877bf6350fda76f113d7721001b0ee692c7accc8	The Galactic Federation's\nBattle Simulator isn't bad, but\nour simulator is on a\ncompletely different level.	machine	gemma-4-26B-A4B-it/UD-Q4_K_M/v2+story-v1/llama.cpp-b11443/t0	2026-10-06		
2092_130_45	b4462a15e6429bba130468076850a641c9fbb5a6	When set to No Mercy mode,\npeople die as if it were the\nmost natural thing in the world.	machine	gemma-4-26B-A4B-it/UD-Q4_K_M/v2+story-v1/llama.cpp-b11443/t0	2026-10-06		
2092_130_46	7f815ccd43abe0ad9a17427d8659beb56b9344d0	Hey, they're not supposed to\ndie...!	machine	gemma-4-26B-A4B-it/UD-Q4_K_M/v2+story-v1/llama.cpp-b11443/t0	2026-10-06		
2092_130_47	8b52087227008893a388c72631c03c85e9b69b3f	I can't tell you how many times\nI've had to step in and stop it...	machine	gemma-4-26B-A4B-it/UD-Q4_K_M/v2+story-v1/llama.cpp-b11443/t0	2026-10-06		
2092_130_48	fca16de36a4ec3158cd9f3ee33638dd7cf944d97	Are you serious?	machine	gemma-4-26B-A4B-it/UD-Q4_K_M/v2+story-v1/llama.cpp-b11443/t0	2026-10-06		
2092_130_49	4ac38922569dd8faabffd544e9980322a8eb40e9	If you're using the simulator,\nuse Colony Rapture Day to\nrest instead of returning to the\nship.	machine	gemma-4-26B-A4B-it/UD-Q4_K_M/v2+story-v1+short-v1/llama.cpp-b11443/t0	2026-10-06		
2092_130_50	809b63284e94d5a5802871c4008bbf49d637f574	A colony?	machine	gemma-4-26B-A4B-it/UD-Q4_K_M/v2+story-v1/llama.cpp-b11443/t0	2026-10-06		
2092_130_51	15846f279ca38bf7d221ec9ab46687d8bde6f537	This Ex Giva is divided into five\nsectors, each tailored to a\nspecific purpose.	machine	gemma-4-26B-A4B-it/UD-Q4_K_M/v2+story-v1/llama.cpp-b11443/t0	2026-10-06		
2092_130_52	a84cb3b0f85a6c53e3163aefbe1e50c33fba3dd1	Centered around Cosmo City,\nwhere those protected by\nMastima reside, and Grand\nDaft, which sits above it,	machine	gemma-4-26B-A4B-it/UD-Q4_K_M/v2+story-v1/llama.cpp-b11443/t0	2026-10-06		
2092_130_53	5b42dbabe6095d90dd83798d91245c16be15de9d	The remaining sectors are\ndivided into Rapture Day,\nDeese, and Grand Meteora,\naccording to their objectives.	machine	gemma-4-26B-A4B-it/UD-Q4_K_M/v2+story-v1/llama.cpp-b11443/t0	2026-10-06		
2092_130_54	bda0956a15106afcdd98a5b721a8202741872f29	So, that many people are living\nthere.	machine	gemma-4-26B-A4B-it/UD-Q4_K_M/v2+story-v1/llama.cpp-b11443/t0	2026-10-06		
2092_130_55	3ecf837182f15ec9ed9e8cceff413e2f14204103	That is correct. Well, there\naren't many places you all will\nneed to enter or exit.	machine	gemma-4-26B-A4B-it/UD-Q4_K_M/v2+story-v1/llama.cpp-b11443/t0	2026-10-06		
2092_130_56	4215545d9f9621fd4d9a94b5bcf5e189188d9373	We certainly do not have much\ntime to spare,	machine	gemma-4-26B-A4B-it/UD-Q4_K_M/v2+story-v1/llama.cpp-b11443/t0	2026-10-06		
2092_130_57	d2aa960bbaa577ebbc86ab0de63592e2602c59c7	But even so, for both your\nsake and mine... heal your\nbodies thoroughly, and then\ntrain.	machine	gemma-4-26B-A4B-it/UD-Q4_K_M/v2+story-v1/llama.cpp-b11443/t0	2026-10-06		
2092_130_58	dce07f02ec73dd48b83bea1c506421e17df7e62f	Wait, Master Mastima! There's\nstill something I want to ask...!	machine	gemma-4-26B-A4B-it/UD-Q4_K_M/v2+story-v1/llama.cpp-b11443/t0	2026-10-06		
2092_130_59	d0f8825bd231996e9d3d56f7ad8a1c8fe9e1b3c7	The rest of the story can wait\nuntil you are more prepared.	machine	gemma-4-26B-A4B-it/UD-Q4_K_M/v2+story-v1/llama.cpp-b11443/t0	2026-10-06		
2092_130_60	ad199f10ad753a269bb1f26add110da015739edf	For now, let Rekoro train you.\nFarewell.	machine	gemma-4-26B-A4B-it/UD-Q4_K_M/v2+story-v1/llama.cpp-b11443/t0	2026-10-06		
2092_130_61	e50676104b1d87e32634998f2428e94f8d851244	...W-What is her problem?!	machine	gemma-4-26B-A4B-it/UD-Q4_K_M/v2+story-v1/llama.cpp-b11443/t0	2026-10-06		
2092_130_62	e5442667c0a7e03e07f0a481f7df208efc69f6ad	...Well, you'll get used to it\nsoon. That's just how she is;\nshe doesn't mean any harm.	machine	gemma-4-26B-A4B-it/UD-Q4_K_M/v2+story-v1/llama.cpp-b11443/t0	2026-10-06		
2092_130_63	05d46fd6f16aee1d662412b126dda0b1ed326c57	I still haven't gotten used to it,\nthough.	machine	gemma-4-26B-A4B-it/UD-Q4_K_M/v2+story-v1/llama.cpp-b11443/t0	2026-10-06		
2092_130_64	41483c7715074a79c689ba527b10f182e76fab6d	I don't feel like I'll ever get\nused to her!	machine	gemma-4-26B-A4B-it/UD-Q4_K_M/v2+story-v1/llama.cpp-b11443/t0	2026-10-06		
2092_130_65	750e5385e23a3c3567ae0e055bb4642eecf89e68	Even so, there is no doubt that\nMastima has sincerely\nprotected and guided you and\nTika. I want you to believe that.	machine	gemma-4-26B-A4B-it/UD-Q4_K_M/v2+story-v1/llama.cpp-b11443/t0	2026-10-06		
2092_130_67	3b9f473722c5a32b1e9634b9ce8b5eb60dff4c3f	...True. If she's going to be an\nally, it's not wise to oppose\nher.	machine	gemma-4-26B-A4B-it/UD-Q4_K_M/v2+story-v1/llama.cpp-b11443/t0	2026-10-06		
2092_130_68	ab3a9b63dd494ab0662a872cfcf98078f5e17870	I suppose I'll take her up on\nher offer for a little while.	machine	gemma-4-26B-A4B-it/UD-Q4_K_M/v2+story-v1/llama.cpp-b11443/t0	2026-10-06		
2093_150_01	4f62691a273ceeb88c09f5fb599bd9e5c685f211	Captain, Mastima and Coro are\ncalling for you. It seems there\nhas been some movement on\nDaftine.	machine	gemma-4-26B-A4B-it/UD-Q4_K_M/v2+story-v1/llama.cpp-b11443/t0	2026-10-06		
2093_150_02	8c4fdc3c75fd721e43e526f36b1dbac4f164f197	If you are in good condition, I\nwould like you to move to the\nBridge of GFSS-3214F.	machine	gemma-4-26B-A4B-it/UD-Q4_K_M/v2+story-v1/llama.cpp-b11443/t0	2026-10-06		
2093_150_03	244a1d07ba92df17d3f497b77d4cea0da7d7a5cf	Well, they aren't exactly\nconsidering our feelings over\nthere, are they? Let's answer\nthe summons.	machine	gemma-4-26B-A4B-it/UD-Q4_K_M/v2+story-v1/llama.cpp-b11443/t0	2026-10-06		
2093_150_05	c3131e0809a79e856ed7283c02900ffa592b2239	Hmm. Then let us go.	machine	gemma-4-26B-A4B-it/UD-Q4_K_M/v2+story-v1/llama.cpp-b11443/t0	2026-10-06		
2093_150_06	6c4e412db209538f92f79d9e6b2b56b5cb47b4bb	<font color=blue>Coro</font> I have been waiting! I\nhave discovered Eve's location!	machine	gemma-4-26B-A4B-it/UD-Q4_K_M/v2+story-v1/llama.cpp-b11443/t0	2026-10-06		
2093_150_07	be08a70c0d6d2f13391b4c0b576fac98237fdfbb	<font color=blue>Verda</font> Is that true?!	machine	gemma-4-26B-A4B-it/UD-Q4_K_M/v2+story-v1/llama.cpp-b11443/t0	2026-10-06		
2093_150_08	686b627d68da802c37a7ca670037a85d42e5e46d	<font color=blue>Coro</font> Yes. I tracked a\nteleportation signature that\nappeared to be Giverese,	machine	gemma-4-26B-A4B-it/UD-Q4_K_M/v2+story-v1/llama.cpp-b11443/t0	2026-10-06		
2093_150_09	a190ed9f18899c16662e266510bc0f78816ad61a	After searching the Imperial\nCapital, I found she had\nreturned to the Baschen\nImperial Castle―carelessly, or\nperhaps quite normally.	machine	gemma-4-26B-A4B-it/UD-Q4_K_M/v2+story-v1+short-v1/llama.cpp-b11443/t0	2026-10-06		
2093_150_10	3ca13ecb5b72d1192a3ae1854d6a0c30970312d8	<font color=blue>Verda</font> In other words, to save\nEve, we must infiltrate the\nBaschen Imperial Capital once\nagain.	machine	gemma-4-26B-A4B-it/UD-Q4_K_M/v2+story-v1/llama.cpp-b11443/t0	2026-10-06		
2093_150_11	73ab846df4a5e4be07d29f4ff19257d21464f35f	<font color=blue>Euwin</font> They couldn't contain\nher last time, so I guess we\nhave to sneak into the Imperial\nCastle again.	machine	gemma-4-26B-A4B-it/UD-Q4_K_M/v2+story-v1+short-v1/llama.cpp-b11443/t0	2026-10-06		
2093_150_12	10496965e07715b9c745408f59f75e45496c8d4e	<font color=blue>Coro</font> No! Please do not worry!	machine	gemma-4-26B-A4B-it/UD-Q4_K_M/v2+story-v1/llama.cpp-b11443/t0	2026-10-06		
2093_150_13	957784ba4065b809ce42fbf36ebe3858e4b14092	With the modifications\nMastima-san gave me, there is\nno place on Daftine I cannot\nreach.	machine	gemma-4-26B-A4B-it/UD-Q4_K_M/v2+story-v1+short-v1/llama.cpp-b11443/t0	2026-10-06		
2093_150_14	c7a70821114749925442df92ca26945f247dad2a	Whether it's Rubarika's\ndungeons, Asyl at the sea's\nbottom, or the Baschen\nImperial Castle, I can teleport\ndrop anywhere.	machine	gemma-4-26B-A4B-it/UD-Q4_K_M/v2+story-v1+short-v1/llama.cpp-b11443/t0	2026-10-06		
2093_150_15	ec5e81d8ce8fb10a6262c73c896374770df72144	However, the Imperial Capital\nremains on high alert, so we\nshould expect significant\nresistance.	machine	gemma-4-26B-A4B-it/UD-Q4_K_M/v2+story-v1/llama.cpp-b11443/t0	2026-10-06		
2093_150_18	635bb0ddb4c3cc35d61228cebbee85825cb7792f	Since only Giverese, Elaine, and\nTika boarded Asyl...	machine	gemma-4-26B-A4B-it/UD-Q4_K_M/v2+story-v1/llama.cpp-b11443/t0	2026-10-06		
2093_150_19	fa3c2423a40a069543f1f67e787f29453c2a25dc	It doesn't seem like there's a\nconsensus on who actually\nsecured the Holy Land.	machine	gemma-4-26B-A4B-it/UD-Q4_K_M/v2+story-v1/llama.cpp-b11443/t0	2026-10-06		
2093_150_20	27f05b0353c3b489287dfe1e2e2e799e1baee59b	As a result, the front lines\nbetween Rubarika and Baschen\nremain stable, just as they\nwere before the final battle.	machine	gemma-4-26B-A4B-it/UD-Q4_K_M/v2+story-v1/llama.cpp-b11443/t0	2026-10-06		
2093_150_23	024878794369594eda6d636cbcfe541749425a74	Without order, the front lines\nwill stay in combat. It's the\nworst-case scenario.	machine	gemma-4-26B-A4B-it/UD-Q4_K_M/v2+story-v1+short-v1/llama.cpp-b11443/t0	2026-10-06		
2093_150_25	017ae360cb01492d2ce37dcbde116dee7cf20b2c	There's even a risk that\nRubarika will suspect us of\nassassination, sparking a war\nof revenge.	machine	gemma-4-26B-A4B-it/UD-Q4_K_M/v2+story-v1/llama.cpp-b11443/t0	2026-10-06		
2093_150_26	e0dfc8632d661bd6691816e13c92b8da2435be70	<font color=blue>Euwin</font> It's even worse than\nthat; Emperor Baschen is\ncurrently absent.	machine	gemma-4-26B-A4B-it/UD-Q4_K_M/v2+story-v1/llama.cpp-b11443/t0	2026-10-06		
2093_150_27	8c475ebeb99d7a17cedb23fabbbf0c98b9a66d25	Rubarika might take advantage\nof the Crown Prince being left\nalone to launch an invasion and\nattempt to destroy Baschen...	machine	gemma-4-26B-A4B-it/UD-Q4_K_M/v2+story-v1/llama.cpp-b11443/t0	2026-10-06		
2093_150_28	a7bbebfff6a610b33649754868031a9a02e0a86e	<font color=blue>Welch</font> W-what are we\nsupposed to do?! It's not like\nwe can just not save Eve!	machine	gemma-4-26B-A4B-it/UD-Q4_K_M/v2+story-v1/llama.cpp-b11443/t0	2026-10-06		
2093_150_29	809cbcafffa4117548caae1c068461b9bbbb7b29	That's where I come in!	machine	gemma-4-26B-A4B-it/UD-Q4_K_M/v2+story-v1/llama.cpp-b11443/t0	2026-10-06		
2093_150_30	ac88044f4e68b34214c033d0be033e74601b459b	Whoa!?	machine	gemma-4-26B-A4B-it/UD-Q4_K_M/v2+story-v1/llama.cpp-b11443/t0	2026-10-06		
2093_150_31	21f03b0f745da7739fd917e1b687af90d3b905d4	For the Holy Land War's end\nand a peaceful future for Tika\nand the others, please hear my\nproposal.	machine	gemma-4-26B-A4B-it/UD-Q4_K_M/v2+story-v1+short-v1/llama.cpp-b11443/t0	2026-10-06		
2093_150_32	2d2c842f04bae0b1a17bc5f0827e64a5e24bfe2e	...Mastima. Why are you sitting\nso boldly in the Captain's\nseat?	machine	gemma-4-26B-A4B-it/UD-Q4_K_M/v2+story-v1/llama.cpp-b11443/t0	2026-10-06		
2093_150_34	5871e4f37b36039ef72ee90b8c092247ff860259	Now, now, don't sweat the\nsmall stuff. This is a deal that\nbenefits the people of Daftine\nas well.	machine	gemma-4-26B-A4B-it/UD-Q4_K_M/v2+story-v1/llama.cpp-b11443/t0	2026-10-06		
2093_150_35	f758a9c521e5d36eb348f40160a62dd8cfc0f200	Hey.	machine	gemma-4-26B-A4B-it/UD-Q4_K_M/v2+story-v1/llama.cpp-b11443/t0	2026-10-06		
2093_150_37	e6cafa3787805d92fe1b3897a0729d4127cb365f	Why don't we use your ship...\nto destroy the Holy Land of\nAsyl?	machine	gemma-4-26B-A4B-it/UD-Q4_K_M/v2+story-v1/llama.cpp-b11443/t0	2026-10-06		
2093_160_01	e6cafa3787805d92fe1b3897a0729d4127cb365f	Using your ship... why don't we\ntry to destroy the Holy Land of\nAsyl?	machine	gemma-4-26B-A4B-it/UD-Q4_K_M/v2+story-v1/llama.cpp-b11443/t0	2026-10-06		
2093_160_02	ca651fb4791916568404a8e983e6f1932c977f4f	You mean, using the weapons\nfrom the Captains' ships?	machine	gemma-4-26B-A4B-it/UD-Q4_K_M/v2+story-v1/llama.cpp-b11443/t0	2026-10-06		
2093_160_03	b3e6b27d303f33b7855dea63322917605f121cba	Exactly. If the seeds of conflict\nare eliminated, there will be no\nreason to continue the war, will\nthere?	machine	gemma-4-26B-A4B-it/UD-Q4_K_M/v2+story-v1+short-v1/llama.cpp-b11443/t0	2026-10-06		
2093_160_04	8d75761198b9f2c004f4a6ebe83f876369330e14	Th-that might be true, but the\nHoly Land War is a matter for\nus people living on Daftine,\nand...	machine	gemma-4-26B-A4B-it/UD-Q4_K_M/v2+story-v1/llama.cpp-b11443/t0	2026-10-06		
2093_160_05	848c8197325750fdabc8eb684916bc1c4da73c84	Borrowing the Captains'\nincredible technology feels\nunfair... I wouldn't be able to\nface history like this.	machine	gemma-4-26B-A4B-it/UD-Q4_K_M/v2+story-v1+short-v1/llama.cpp-b11443/t0	2026-10-06		
2093_160_06	e8dca328098b38c7f5c50e3d663b7137601a398c	Forgive me, but your pride is a\nminor matter compared to the\ncrisis at hand.	machine	gemma-4-26B-A4B-it/UD-Q4_K_M/v2+story-v1/llama.cpp-b11443/t0	2026-10-06		
2093_160_07	f7b92bfe3011876f7bdedad5ccb66a8e7676a385	You have seen the black\nsphere that serves as the core\nof Asyl, haven't you?	machine	gemma-4-26B-A4B-it/UD-Q4_K_M/v2+story-v1/llama.cpp-b11443/t0	2026-10-06		
2093_160_08	9a0ee19487ecec263e187a996953390264ff563b	That is what I want destroyed.	machine	gemma-4-26B-A4B-it/UD-Q4_K_M/v2+story-v1/llama.cpp-b11443/t0	2026-10-06		
2093_160_09	96c1e2dfa17b1c47a68b2e3629e122d9342867a8	If Givel meddles with that\ncarelessly, it could cause a\ncatastrophe that destroys this\nentire universe and more.	machine	gemma-4-26B-A4B-it/UD-Q4_K_M/v2+story-v1+short-v1/llama.cpp-b11443/t0	2026-10-06		
2093_160_10	8804eb04dd7f23655ab5024201cd162ab5f06eb7	I wish to respect the pride of\nthe Daftine people, but it will\nbe meaningless if the planet\nitself vanishes.	machine	gemma-4-26B-A4B-it/UD-Q4_K_M/v2+story-v1/llama.cpp-b11443/t0	2026-10-06		
2093_160_11	eec5a56c202ed44264f4a7025de0da6e05ccbeeb	...It seems there is much we\nwon't understand unless we\nhear the details, but...	machine	gemma-4-26B-A4B-it/UD-Q4_K_M/v2+story-v1/llama.cpp-b11443/t0	2026-10-06		
2093_160_12	1e86c8066ce19530db2dd3ccac5d29cf92fb6045	Hasn't Asyl already vanished\ninto the sea?	machine	gemma-4-26B-A4B-it/UD-Q4_K_M/v2+story-v1/llama.cpp-b11443/t0	2026-10-06		
2093_160_13	fbe8b8fb7a494a2d963e6ee89340798c7196533c	Don't worry. If Master\nMastima's plan succeeds, Asyl\nshould reveal itself on its own.	machine	gemma-4-26B-A4B-it/UD-Q4_K_M/v2+story-v1/llama.cpp-b11443/t0	2026-10-06		
2093_160_14	a44250bde91fa5ea091215c99dbfa06f0b3e26eb	Master Mastima's plan?	machine	gemma-4-26B-A4B-it/UD-Q4_K_M/v2+story-v1/llama.cpp-b11443/t0	2026-10-06		
2093_160_15	9d8bbfbf2cafd591b5ea28838e28037ce18e6724	What do you mean? Wasn't\nAsyl supposed to respond to\nthe Moonshadow Ladder in the\nfirst place?	machine	gemma-4-26B-A4B-it/UD-Q4_K_M/v2+story-v1/llama.cpp-b11443/t0	2026-10-06		
2093_160_16	e97844c934eebbea2928d1ee79320b8ec8b33cb2	That is correct.	machine	gemma-4-26B-A4B-it/UD-Q4_K_M/v2+story-v1/llama.cpp-b11443/t0	2026-10-06		
2093_160_17	6e0289e83f771418577b0edff01ae53efd8b912b	Therefore, we will trigger the\nMoonshadow Ladder artificially.	machine	gemma-4-26B-A4B-it/UD-Q4_K_M/v2+story-v1/llama.cpp-b11443/t0	2026-10-06		
2093_160_18	d08d7029856600e67e340234f9d5768e5a462aaf	You can actually do that!?	machine	gemma-4-26B-A4B-it/UD-Q4_K_M/v2+story-v1/llama.cpp-b11443/t0	2026-10-06		
2093_160_19	bee1378b4b2f5e3c453213d5520b49b27a83244c	Yes.	machine	gemma-4-26B-A4B-it/UD-Q4_K_M/v2+story-v1/llama.cpp-b11443/t0	2026-10-06		
2093_160_20	95b6e572c0cf048a712d2b8834410c0deb133ab3	However, for that, I will need\nthe cooperation of Coro and\nyour "Captain."	machine	gemma-4-26B-A4B-it/UD-Q4_K_M/v2+story-v1/llama.cpp-b11443/t0	2026-10-06		
2093_160_22	ca04a536008064eb22fc0304dbcc8b164df28326	It is a plan to destroy the holy\nland of Asyl, for the future of\nthe universe and the future of\nDaftine.	machine	gemma-4-26B-A4B-it/UD-Q4_K_M/v2+story-v1/llama.cpp-b11443/t0	2026-10-06		
2093_160_23	a887954a571c81b3dc992b51fe3a99fd78e544e3	Since the plan involves using\nGFSS-3214F, I must obtain\npermission from you as the\nperson in charge of the ship...	machine	gemma-4-26B-A4B-it/UD-Q4_K_M/v2+story-v1/llama.cpp-b11443/t0	2026-10-06		
2093_160_24	9f1303e16240b8cd741c7240cf64c6d2b3e1617d	What do you say?	machine	gemma-4-26B-A4B-it/UD-Q4_K_M/v2+story-v1/llama.cpp-b11443/t0	2026-10-06		
2093_160_26	89ac5efd3079752a18c5635822a8a1287c9b8a25	Ah, of course. I shall answer\nyour questions as best as I\ncan. What is it you wish to\nknow?	machine	gemma-4-26B-A4B-it/UD-Q4_K_M/v2+story-v1/llama.cpp-b11443/t0	2026-10-06		
2093_170_01	879a7d21ec2f71f7b206c7451b9bd464e8d2bdca	To put it simply, the\nMoonshadow Ladder is a\nmagnificent failure.	machine	gemma-4-26B-A4B-it/UD-Q4_K_M/v2+story-v1/llama.cpp-b11443/t0	2026-10-06		
2093_170_02	aa79499bd257fb0edbc440bf90fd7f1d1d5ff2fa	A failure? You say "failure" like\nsomeone actually built it.	machine	gemma-4-26B-A4B-it/UD-Q4_K_M/v2+story-v1/llama.cpp-b11443/t0	2026-10-06		
2093_170_03	d9734d07beafc7fcc7b2b721f3034b122bc9cac2	Indeed. I am the one who\ncreated it.	machine	gemma-4-26B-A4B-it/UD-Q4_K_M/v2+story-v1/llama.cpp-b11443/t0	2026-10-06		
2093_170_04	c289720ea032dbbc2973bb5ce4f4c01d9447e4c2	There you go again with the\nnonsense... You "created" a\nnatural phenomenon?	machine	gemma-4-26B-A4B-it/UD-Q4_K_M/v2+story-v1/llama.cpp-b11443/t0	2026-10-06		
2093_170_05	cde3e2d86530eeead2a2b5e2bb8939e759d239e5	<font color=blue>Mastima</font> I was chosen for the\nlegendary Second Defense\nPlan of the Ten Wise Men due\nto my achievements in Gem\nresearch.	machine	gemma-4-26B-A4B-it/UD-Q4_K_M/v2+story-v1+short-v1/llama.cpp-b11443/t0	2026-10-06		
2093_170_06	bdb2b16106c981c8b214cc79ea2146c03621eef5	However, I wanted to\nmonopolize my research and\nrefused to let it be used to\ndefend Paradise.	machine	gemma-4-26B-A4B-it/UD-Q4_K_M/v2+story-v1+short-v1/llama.cpp-b11443/t0	2026-10-06		
2093_170_07	4f9c9dafe925bfb7ac9d3e29a79088ac54e69a2a	They judged that I had "lost my\nmind."	machine	gemma-4-26B-A4B-it/UD-Q4_K_M/v2+story-v1/llama.cpp-b11443/t0	2026-10-06		
2093_170_08	103eb1f71f0945816e2caca79d0e1dd9666a477b	They stripped me of my\nresearch, exiled me from\nParadise, and then...	machine	gemma-4-26B-A4B-it/UD-Q4_K_M/v2+story-v1/llama.cpp-b11443/t0	2026-10-06		
2093_170_09	a3f3c7ca80845bd67f67b65cc04024f479e26b46	<font color=blue>Mastima</font> It was only about 200\nyears ago.	machine	gemma-4-26B-A4B-it/UD-Q4_K_M/v2+story-v1/llama.cpp-b11443/t0	2026-10-06		
2093_170_10	ee42c4657fdbaf1f4d77327ae1da22b35574879c	My "research results" suddenly\nmanifested in this universe...\nand the universe nearly faced\ndestruction.	machine	gemma-4-26B-A4B-it/UD-Q4_K_M/v2+story-v1/llama.cpp-b11443/t0	2026-10-06		
2093_170_11	57763941d1829671bde0b6c57d7255cccc44a3fb	<font color=blue>Verda</font> What did you say!?	machine	gemma-4-26B-A4B-it/UD-Q4_K_M/v2+story-v1/llama.cpp-b11443/t0	2026-10-06		
2093_170_13	80b8fee608a93ad1e267616cc37e95928643b84d	<font color=blue>Mastima</font> Ah, so the Galactic\nFederation is aware of that\nmuch.	machine	gemma-4-26B-A4B-it/UD-Q4_K_M/v2+story-v1/llama.cpp-b11443/t0	2026-10-06		
2093_170_14	38d6d7d48a47a517a56fa74f35d49ad2ec0e01ae	That's right. I'm talking about\nthat Crest. It was created\nusing my research as its\nfoundation.	machine	gemma-4-26B-A4B-it/UD-Q4_K_M/v2+story-v1/llama.cpp-b11443/t0	2026-10-06		
2093_170_15	7a2c9d994203aac81b9847c9c595a62391c46d58	Two hundred years ago, when I\nfirst sensed it, I could not\nremain calm.	machine	gemma-4-26B-A4B-it/UD-Q4_K_M/v2+story-v1/llama.cpp-b11443/t0	2026-10-06		
2093_170_16	ef29403a9c5785ec1793bd9b7ae3aff475382f08	I was furious at myself for\nletting those who bring crisis\nto the universe keep stealing\nmy research results...	machine	gemma-4-26B-A4B-it/UD-Q4_K_M/v2+story-v1/llama.cpp-b11443/t0	2026-10-06		
2093_170_17	5f61268120622754d2a7aaa66ebb046a0beacb04	And so... driven by rage, my\npast self found the "Crest of\nTime Travel" to reclaim my\nresearch.	machine	gemma-4-26B-A4B-it/UD-Q4_K_M/v2+story-v1+short-v1/llama.cpp-b11443/t0	2026-10-06		
2093_170_18	01f7d22de1a4a7920d92495dbfa471ff74c8147d	<font color=blue>Karlyn</font> Didn't you just casually\nsay something absolutely\ninsane?	machine	gemma-4-26B-A4B-it/UD-Q4_K_M/v2+story-v1/llama.cpp-b11443/t0	2026-10-06		
2093_170_19	2b5fe9e2f65b79e046d0c27e3185b58aeecf9012	<font color=blue>Valka</font> Honestly, when Ex spoke\nof those disturbing the peace\nof the universe, I wonder if\nthey meant this Master\nMastima...	machine	gemma-4-26B-A4B-it/UD-Q4_K_M/v2+story-v1+short-v1/llama.cpp-b11443/t0	2026-10-06		
2093_170_20	5435e7a01158575565481dd979b515a79735686a	<font color=blue>Mastima</font> But when I released\nthat Crest into space, that\nfloating island suddenly surged\nup from the depths of Daftine's\nsea.	machine	gemma-4-26B-A4B-it/UD-Q4_K_M/v2+story-v1+short-v1/llama.cpp-b11443/t0	2026-10-06		
2093_170_21	0391706e1748c9f16e183a0a76a5a33b1e27ab8a	Responding to the Crest I had\ndiscovered,	machine	gemma-4-26B-A4B-it/UD-Q4_K_M/v2+story-v1/llama.cpp-b11443/t0	2026-10-06		
2093_170_22	724f9cfafd1739c21bb33ba6f2b8b012074cbfc6	the floating island eventually\ncame to be known by the\npeople of Daftine as the "Holy\nLand Asyl."	machine	gemma-4-26B-A4B-it/UD-Q4_K_M/v2+story-v1/llama.cpp-b11443/t0	2026-10-06		
2093_170_23	30311f623f7d1fbcc90ec445fd630fb598393100	<font color=blue>Verda</font> W-wait! According to\nEuwin and the others, the Holy\nLand Asyl and Moonshadow\nLadder are the very causes of\nthe Holy Land War.	machine	gemma-4-26B-A4B-it/UD-Q4_K_M/v2+story-v1+short-v1/llama.cpp-b11443/t0	2026-10-06		
2093_170_24	a83fbb61132a053f49979eea62391cb5f778d789	And that Holy Land War should\nhave been continuing for much\nlonger than two hundred years.	machine	gemma-4-26B-A4B-it/UD-Q4_K_M/v2+story-v1/llama.cpp-b11443/t0	2026-10-06		
2093_170_25	8799d4450d413dccf25b3689356b093eef9b19f1	If it all started only two\nhundred years ago, the math\ndoesn't add up.	machine	gemma-4-26B-A4B-it/UD-Q4_K_M/v2+story-v1/llama.cpp-b11443/t0	2026-10-06		
2093_170_26	d5d3bf05bb535b8739553263fc5ead3ebc1c373a	<font color=blue>Mastima</font> That is correct.	machine	gemma-4-26B-A4B-it/UD-Q4_K_M/v2+story-v1/llama.cpp-b11443/t0	2026-10-06		
2093_170_27	55a7d1d73119ccf20e65e7e66a16c0a90015727e	However, I have said nothing\nincorrect.	machine	gemma-4-26B-A4B-it/UD-Q4_K_M/v2+story-v1/llama.cpp-b11443/t0	2026-10-06		
2093_170_28	ec899e690f8c5db3a49a16e87176290b527e6918	<font color=blue>Verda</font> Hmm? Hmmm?	machine	gemma-4-26B-A4B-it/UD-Q4_K_M/v2+story-v1/llama.cpp-b11443/t0	2026-10-06		
2093_170_29	ade8339a33f19d8ccb7bfca54e210b99b2bc6f00	<font color=blue>Mastima</font> Asyl is likely a\nmonitoring device or defense\nmechanism for when "such\nGems" or "means" are\ndiscovered.	machine	gemma-4-26B-A4B-it/UD-Q4_K_M/v2+story-v1+short-v1/llama.cpp-b11443/t0	2026-10-06		
2093_170_30	1f32eaabc75d4c5a343051c6c7b180c6efb4ff65	As a result... the Gem that\ntraces my time lost control\nover me due to Asyl...	machine	gemma-4-26B-A4B-it/UD-Q4_K_M/v2+story-v1/llama.cpp-b11443/t0	2026-10-06		
2093_170_31	d345ee227c332ca880dd6be657d953b9b77a73b1	<font color=blue>Mastima</font> ...and the Moonshadow\nLadder began to descend upon\nDaftine.	machine	gemma-4-26B-A4B-it/UD-Q4_K_M/v2+story-v1/llama.cpp-b11443/t0	2026-10-06		
2093_170_32	cd415a66f27803ce1b27837602f6417500b36365	The reaction between my Gem\nand Asyl caused ruptures\nacross all eras.	machine	gemma-4-26B-A4B-it/UD-Q4_K_M/v2+story-v1/llama.cpp-b11443/t0	2026-10-06		
2093_170_33	0d5c25704e0ba11ab44b6e189b49b79bee7027b6	The Ladder appears much like\na solar or lunar eclipse, but...	machine	gemma-4-26B-A4B-it/UD-Q4_K_M/v2+story-v1/llama.cpp-b11443/t0	2026-10-06		
2093_170_34	3cc4997c3230f2c0a8da159339388c0583d0cd32	That shadow is light being\nabsorbed into a rift in space,\nformed by the gathering of\nminute temporal ruptures.	machine	gemma-4-26B-A4B-it/UD-Q4_K_M/v2+story-v1+short-v1/llama.cpp-b11443/t0	2026-10-06		
2093_170_35	b491ecf1484729f94aabca07a93ef898a02aa054	<font color=blue>Verda</font> It all sounds rather\ncomplicated...	machine	gemma-4-26B-A4B-it/UD-Q4_K_M/v2+story-v1/llama.cpp-b11443/t0	2026-10-06		
2093_170_36	24a596e5bedcab0b2bc73952bca897dbd65d2e96	<font color=blue>Verda</font> So, the Moonshadow\nLadder and Asyl have\nappeared since ancient times,\nbut the catalyst occurred 200\nyears ago, is that right?	machine	gemma-4-26B-A4B-it/UD-Q4_K_M/v2+story-v1+short-v1/llama.cpp-b11443/t0	2026-10-06		
2093_170_37	9e7238b4f1c63fe9276ffc62f59306f23f3b6f85	Which means, Mastima...	machine	gemma-4-26B-A4B-it/UD-Q4_K_M/v2+story-v1/llama.cpp-b11443/t0	2026-10-06		
2093_170_38	ecf1fc2bc8dab27099ae50b4007843d987fb64a9	So you mean, Mastima, you\ndidn't realize the true nature of\nthe space-time rifts right\nbeside you until 200 years\nago?	machine	gemma-4-26B-A4B-it/UD-Q4_K_M/v2+story-v1+short-v1/llama.cpp-b11443/t0	2026-10-06		
2093_170_39	fc061c59ed20b702c06e9fc755b8a8b7ed0b0f49	<font color=blue>Mastima</font> Well... that is\nessentially correct.	machine	gemma-4-26B-A4B-it/UD-Q4_K_M/v2+story-v1/llama.cpp-b11443/t0	2026-10-06		
2093_170_40	243a922042c91f3645e9675e0c720f87bee49500	<font color=blue>Mastima</font> Since they occurred\nperiodically, I had them\nobserved and researched to\nfind the cause.	machine	gemma-4-26B-A4B-it/UD-Q4_K_M/v2+story-v1+short-v1/llama.cpp-b11443/t0	2026-10-06		
2093_170_41	5ecd34b3798ec62d514bd3b716dfd6dd917983ae	My Gem reacted to an anomaly\nin Asyl's regular activities,\nwhich is how I finally realized\nthe truth.	machine	gemma-4-26B-A4B-it/UD-Q4_K_M/v2+story-v1+short-v1/llama.cpp-b11443/t0	2026-10-06		
2093_170_42	70d2e13ffb4fa2336b47f742b71f41d20382a7ae	<font color=blue>Karlyn</font> ...So if we'd stopped\nMastima 200 years ago, the\nHoly Land War might never\nhave happened?	machine	gemma-4-26B-A4B-it/UD-Q4_K_M/v2+story-v1+short-v1/llama.cpp-b11443/t0	2026-10-06		
2093_170_43	f5579513366690adacf724f7ec8b9da2eebca058	<font color=blue>Ricardo</font> Talking to him, you\nunderstand the urge to\nstruggle and change the past\nor the future.	machine	gemma-4-26B-A4B-it/UD-Q4_K_M/v2+story-v1+short-v1/llama.cpp-b11443/t0	2026-10-06		
2093_170_44	8efeabcf6f1f269cacf6a6f2a5014cb782775873	<font color=blue>Mastima</font> Hmph. This is why\ndealing with those who lack\nlong-term vision is such a\nnuisance.	machine	gemma-4-26B-A4B-it/UD-Q4_K_M/v2+story-v1/llama.cpp-b11443/t0	2026-10-06		
2093_170_45	edda10b5e5200bf45343feae7658c5ab8d4665a1	Tell me, who triggered the Holy\nLand War between Rubarika\nand Baschen on your\nSchenberyl continent?	machine	gemma-4-26B-A4B-it/UD-Q4_K_M/v2+story-v1+short-v1/llama.cpp-b11443/t0	2026-10-06		
2093_170_46	006e22101d58e5b16dc63982768bf4633e1d72f3	Was it me? Hmm?	machine	gemma-4-26B-A4B-it/UD-Q4_K_M/v2+story-v1/llama.cpp-b11443/t0	2026-10-06		
2093_170_47	23d7856650b8cf90074de73b2c718876b1a95147	<font color=blue>Euwin</font> ...No.	machine	gemma-4-26B-A4B-it/UD-Q4_K_M/v2+story-v1/llama.cpp-b11443/t0	2026-10-06		
2093_170_48	b7f8d52614621bdba31d9a6e7c930a06395841ef	It was our... ancestors.	machine	gemma-4-26B-A4B-it/UD-Q4_K_M/v2+story-v1/llama.cpp-b11443/t0	2026-10-06		
2093_170_49	00f6252326ed096322f077239ee31b40fbf7c4e7	It was the result of our\nancestors... interpreting what\nwas before them however they\npleased.	machine	gemma-4-26B-A4B-it/UD-Q4_K_M/v2+story-v1/llama.cpp-b11443/t0	2026-10-06		
2093_170_50	466b1a5cdee2ddaecfb68e321d696274a0aad60a	<font color=blue>Mastima</font> Very well. If you\nunderstand that, then it is fine.	machine	gemma-4-26B-A4B-it/UD-Q4_K_M/v2+story-v1/llama.cpp-b11443/t0	2026-10-06		
2093_170_51	4bcfec59a6dc5f2d1b93adf3fdaa304ac84a760d	However, it is also a fact that\nmy arts played a part in this.	machine	gemma-4-26B-A4B-it/UD-Q4_K_M/v2+story-v1/llama.cpp-b11443/t0	2026-10-06		
2093_170_52	eacdcce51a79a52aa202302009a02c65eb48ef0e	Not just for your sake,	machine	gemma-4-26B-A4B-it/UD-Q4_K_M/v2+story-v1/llama.cpp-b11443/t0	2026-10-06		
2093_170_53	1dcd63809a0a38ce8a99de2e9e1c9c16176baee2	I will help, so that no more\nunfortunate souls are\nenshrined in strange lands as\nmessengers of Daftes simply\nbecause I failed to protect\nthem.	machine	gemma-4-26B-A4B-it/UD-Q4_K_M/v2+story-v1+short-v1/llama.cpp-b11443/t0	2026-10-06		
2093_170_54	e2a4df0d6b36a554d9140595a3f7a06c64eb20ca	But if the Moonshadow Ladder\nis some kind of rift in\nspace-time,	machine	gemma-4-26B-A4B-it/UD-Q4_K_M/v2+story-v1/llama.cpp-b11443/t0	2026-10-06		
2093_170_55	d0ce196114bb49608bf587b0912b4720f702cb4e	Won't everything be shattered\nif we get caught up in it?	machine	gemma-4-26B-A4B-it/UD-Q4_K_M/v2+story-v1/llama.cpp-b11443/t0	2026-10-06		
2093_170_56	d89c1bdfaa923475344ab4527a1944b84f1ae27c	Not necessarily. The space and\ntime of this world are\nunexpectedly fragile.	machine	gemma-4-26B-A4B-it/UD-Q4_K_M/v2+story-v1/llama.cpp-b11443/t0	2026-10-06		
2093_170_57	c088f6cd48ded392c6c1b039f1da0a764eb69fc8	Just imagine it.	machine	gemma-4-26B-A4B-it/UD-Q4_K_M/v2+story-v1/llama.cpp-b11443/t0	2026-10-06		
2093_170_58	fbb7537b342ed472fe793028183b3f33ce30d793	Drop an iron ball onto paper\nwith tiny holes. The connected\nparts will tear, leaving one\nlarge hole, won't they?	machine	gemma-4-26B-A4B-it/UD-Q4_K_M/v2+story-v1+short-v1/llama.cpp-b11443/t0	2026-10-06		
2093_170_59	cdbdc2620d184ffdf01870504ac99e8f2901a21f	In such a state, how can the\nMoonshadow Ladder be\nartificially generated?	machine	gemma-4-26B-A4B-it/UD-Q4_K_M/v2+story-v1/llama.cpp-b11443/t0	2026-10-06		
2093_170_60	f9559adbd4f2ff60827c4f4595f8eeea7658b149	The crucial Gem has already\nleft Mastima's hands, has it\nnot?	machine	gemma-4-26B-A4B-it/UD-Q4_K_M/v2+story-v1/llama.cpp-b11443/t0	2026-10-06		
2093_170_61	1d756ee3c31a878132d1f48cb424f3e98301a27b	Even if it is used, it will merely\nbe captured by Asyl; it does\nnot mean that I myself can no\nlonger use it.	machine	gemma-4-26B-A4B-it/UD-Q4_K_M/v2+story-v1/llama.cpp-b11443/t0	2026-10-06		
2093_170_62	8ded9a0dc476c9406081b6d199576409b8e76d57	With the pieces in place, we\ncan deploy the Gem again to\nlure Asyl out and lower a new\nladder.	machine	gemma-4-26B-A4B-it/UD-Q4_K_M/v2+story-v1+short-v1/llama.cpp-b11443/t0	2026-10-06		
2093_170_63	b241603266cca32181c7e1dcf15b70f7af1a8100	Of course, as for the victims of\nthe resulting space-time rift...	machine	gemma-4-26B-A4B-it/UD-Q4_K_M/v2+story-v1/llama.cpp-b11443/t0	2026-10-06		
2093_170_64	db97782ec71b3e2f1fb5e43719117265eff1f2b6	We must act swiftly to ensure\nthat what you call "Daftes's\nServants" do not emerge again.	machine	gemma-4-26B-A4B-it/UD-Q4_K_M/v2+story-v1/llama.cpp-b11443/t0	2026-10-06		
2093_170_65	34fdc037d9ee69940a0395318f902b430d539122	The mechanism for that is\nalready installed on the ship.	machine	gemma-4-26B-A4B-it/UD-Q4_K_M/v2+story-v1/llama.cpp-b11443/t0	2026-10-06		
2093_170_67	e007daed3b213f985bb4e8cb218e83ec79cf8a5a	...You are well prepared.	machine	gemma-4-26B-A4B-it/UD-Q4_K_M/v2+story-v1/llama.cpp-b11443/t0	2026-10-06		
2093_180_01	41da3165fbee150d898dc9e2a6bf55d3de93c867	Come to think of it, the Daftes\nApostle who was in Rubarika\nended up being Tika, right?	machine	gemma-4-26B-A4B-it/UD-Q4_K_M/v2+story-v1/llama.cpp-b11443/t0	2026-10-06		
2093_180_02	077a00b3aeda9fbbfcc06d61a6cf0f1c4bbc7ed8	Yeah, that's right.	machine	gemma-4-26B-A4B-it/UD-Q4_K_M/v2+story-v1/llama.cpp-b11443/t0	2026-10-06		
2093_180_03	e63686472b2ee35628af81949ca6b913d18097d5	I heard they've been receiving\nconstant support from Mastima\nand Rekoro, but is that how it\nworks for all Apostles?	machine	gemma-4-26B-A4B-it/UD-Q4_K_M/v2+story-v1/llama.cpp-b11443/t0	2026-10-06		
2093_180_04	a0e23358f223f85da732999ec070dc64cf33c4f1	No, it's not like that. Givel and I\nare special.	machine	gemma-4-26B-A4B-it/UD-Q4_K_M/v2+story-v1/llama.cpp-b11443/t0	2026-10-06		
2093_180_05	ab40b8569373b0734167c92351c29a75be08e671	In Rubarika and Baschen, the\n"Apostles of Daftes" are those\nswallowed by rifts in the\nspace-time of the past or\nfuture.	machine	gemma-4-26B-A4B-it/UD-Q4_K_M/v2+story-v1+short-v1/llama.cpp-b11443/t0	2026-10-06		
2093_180_06	6cb0a37cfc9324caef4c6273edc4d4bed2d8789f	and because Mastima couldn't\nfully protect them, they\ndescended upon Daftine...	machine	gemma-4-26B-A4B-it/UD-Q4_K_M/v2+story-v1/llama.cpp-b11443/t0	2026-10-06		
2093_180_07	e56e191793e2007d6bba898d3f19de24e9c5f1b9	So when an Apostle doesn't\ndescend, it just means no one\nhappened to be caught in a\nrift...	machine	gemma-4-26B-A4B-it/UD-Q4_K_M/v2+story-v1/llama.cpp-b11443/t0	2026-10-06		
2093_180_08	ade666d96267564639dc3f30ac3f33fb69d8d444	Wait.	machine	gemma-4-26B-A4B-it/UD-Q4_K_M/v2+story-v1/llama.cpp-b11443/t0	2026-10-06		
2093_180_09	5e6fe6390b58e19df620cf4316b5798b1372ee4f	Tika came here eight years\nago, and the Apostle who\nbrought General Ricardo to\nprominence in Rubarika\nappeared four years ago...\nright?	machine	gemma-4-26B-A4B-it/UD-Q4_K_M/v2+story-v1+short-v1/llama.cpp-b11443/t0	2026-10-06		
2093_180_10	a823c9f4546f32f64af2797997427b3b7af61587	...Yeah. That's right.	machine	gemma-4-26B-A4B-it/UD-Q4_K_M/v2+story-v1/llama.cpp-b11443/t0	2026-10-06		
2093_180_11	c1bfb534b785bb90d9d46724b7d1991c73595574	Wait, that means...!	machine	gemma-4-26B-A4B-it/UD-Q4_K_M/v2+story-v1/llama.cpp-b11443/t0	2026-10-06		
2093_180_12	5030989d00334a32e47372b55f665d3a80aa8fd2	Don't tell me Tika was only 14\nyears old back then?	machine	gemma-4-26B-A4B-it/UD-Q4_K_M/v2+story-v1/llama.cpp-b11443/t0	2026-10-06		
2093_180_13	58ade525c76fbf9171d705204d4fd81326393a8e	You're saying you descended\nupon Rubarika at fourteen,\ndisguised as a messenger from\nDaftes!?	machine	gemma-4-26B-A4B-it/UD-Q4_K_M/v2+story-v1/llama.cpp-b11443/t0	2026-10-06		
2093_180_14	478f233e458e2198934f8b39580a8d10322cc0d9	You understand now, don't\nyou? The reason I was trying\nso desperately to change\nTika's future.	machine	gemma-4-26B-A4B-it/UD-Q4_K_M/v2+story-v1/llama.cpp-b11443/t0	2026-10-06		
2093_180_15	1177ad7259828e39470a494e484f46f6fd658e28	That wasn't a burden a\nfourteen-year-old kid should\never have to carry.	machine	gemma-4-26B-A4B-it/UD-Q4_K_M/v2+story-v1/llama.cpp-b11443/t0	2026-10-06		
2093_180_16	47eebb75540f4621f2c8b5ca7f036e582e7b10ac	You mean... at fourteen, you\nwere facing off against the\nWitches of the Beast and the\nGivel army...?	machine	gemma-4-26B-A4B-it/UD-Q4_K_M/v2+story-v1/llama.cpp-b11443/t0	2026-10-06		
2093_180_17	6100d971f1b02fe5c670c21661b7883628434645	If I hadn't, it would have been\ntoo late.	machine	gemma-4-26B-A4B-it/UD-Q4_K_M/v2+story-v1/llama.cpp-b11443/t0	2026-10-06		
2093_180_18	e64a89a949cc2ef4eb4b3c780c1e2b31456cd637	I wasn't... all that afraid. My\nbrother, Coro, Rekoro, and\nMastima all helped me,	machine	gemma-4-26B-A4B-it/UD-Q4_K_M/v2+story-v1/llama.cpp-b11443/t0	2026-10-06		
2093_180_19	edf9c3758ea98d8c6cfabbf7f5469e5cdea8dd20	And besides...	machine	gemma-4-26B-A4B-it/UD-Q4_K_M/v2+story-v1/llama.cpp-b11443/t0	2026-10-06		
2093_180_20	8375f804c637b3708efccb6a57418c57106219f9	I knew that if I worked hard\nenough, the Captain and the\nothers would eventually come\nfor me.	machine	gemma-4-26B-A4B-it/UD-Q4_K_M/v2+story-v1/llama.cpp-b11443/t0	2026-10-06		
2093_180_21	10e54705182f4aaf4831953f0e27576a3f1e2aef	And... because I had this...	machine	gemma-4-26B-A4B-it/UD-Q4_K_M/v2+story-v1/llama.cpp-b11443/t0	2026-10-06		
2093_180_22	3c03ee9ba6b0a3be18937a3f6068c070feec1065	This is what has always\nsupported me.	machine	gemma-4-26B-A4B-it/UD-Q4_K_M/v2+story-v1/llama.cpp-b11443/t0	2026-10-06		
2093_180_23	53c186899f2c82c350524b413cd09683585c6c07	A gun...? Don't tell me you...	machine	gemma-4-26B-A4B-it/UD-Q4_K_M/v2+story-v1/llama.cpp-b11443/t0	2026-10-06		
2093_180_24	89b1af5b26a20a37b7a0c875a2b86222d60145e2	...I hear it is known as the\n"Messenger's Light Arrow."	machine	gemma-4-26B-A4B-it/UD-Q4_K_M/v2+story-v1/llama.cpp-b11443/t0	2026-10-06		
2093_180_25	bcf1cc0278d73cf0da8f2dbfb3286888c4218671	The gun of Verda Kleiman,\nwhich Tika began to admire\nand use...	machine	gemma-4-26B-A4B-it/UD-Q4_K_M/v2+story-v1/llama.cpp-b11443/t0	2026-10-06		
2093_180_26	5a8cddbf4b6959acfb7d8d086697e9272f3830bc	Wh...!!	machine	gemma-4-26B-A4B-it/UD-Q4_K_M/v2+story-v1/llama.cpp-b11443/t0	2026-10-06		
2093_180_27	6642889c0109adcb3a2814184b4dcb8ae2e9e632	Euwin & Welch: ...!	machine	gemma-4-26B-A4B-it/UD-Q4_K_M/v2+story-v1/llama.cpp-b11443/t0	2026-10-06		
2093_180_28	6642889c0109adcb3a2814184b4dcb8ae2e9e632	...!	machine	gemma-4-26B-A4B-it/UD-Q4_K_M/v2+story-v1/llama.cpp-b11443/t0	2026-10-06		
2093_180_29	c4cdfa402a38e0748b62e723fa210a1015b39592	The Light Arrow is... the "Power\nof the Messenger"...	machine	gemma-4-26B-A4B-it/UD-Q4_K_M/v2+story-v1/llama.cpp-b11443/t0	2026-10-06		
2093_180_30	e4f213e4eaf1398133fcdb038c98f9006b404bd5	That's right, they say a\nMessenger who descended\nupon Rubarika brought it with\nthem...	machine	gemma-4-26B-A4B-it/UD-Q4_K_M/v2+story-v1/llama.cpp-b11443/t0	2026-10-06		
2093_180_31	d04c74d21ef6e0c09cc5c174b0bab25a2c6583e2	Then, Tika, you...!?	machine	gemma-4-26B-A4B-it/UD-Q4_K_M/v2+story-v1/llama.cpp-b11443/t0	2026-10-06		
2093_180_32	aba29f768155b5a9e3d52aaee8a8aa6e798a32d1	...I had no choice. If the\nprototype of the Light Arrow\nhadn't been brought in at that\ntime...	machine	gemma-4-26B-A4B-it/UD-Q4_K_M/v2+story-v1/llama.cpp-b11443/t0	2026-10-06		
2093_180_33	fd7daf0259b1c06aaa179ec1a1920723dd27473e	Even if Welch-oneesan had\nfound the lab fallen deep in the\nforest,	machine	gemma-4-26B-A4B-it/UD-Q4_K_M/v2+story-v1/llama.cpp-b11443/t0	2026-10-06		
2093_180_34	ea9fce6c79f9d02d487ef14936c9519c8737f020	She might not have thought to\nmake hammers or\nEuwin-oniisan's dual blades.	machine	gemma-4-26B-A4B-it/UD-Q4_K_M/v2+story-v1/llama.cpp-b11443/t0	2026-10-06		
2093_180_35	02d50cafb1903b3af56ecd0c96e5cb26ac065d67	If Welch hadn't made the dual\nblades...	machine	gemma-4-26B-A4B-it/UD-Q4_K_M/v2+story-v1/llama.cpp-b11443/t0	2026-10-06		
2093_180_36	bac81bb02b7e337bf191d939d2c35f8645119b67	I might have died somewhere,\nlong before I met the Captain\nand the others on Dagris...	machine	gemma-4-26B-A4B-it/UD-Q4_K_M/v2+story-v1/llama.cpp-b11443/t0	2026-10-06		
2093_180_37	80f7f2d798fb5d59a6fe6be5244355796ee1b85f	...I knew that Welch-oneesan\nwas struggling deeply with the\nmatters of weapons and war.	machine	gemma-4-26B-A4B-it/UD-Q4_K_M/v2+story-v1/llama.cpp-b11443/t0	2026-10-06		
2093_180_38	bca7c31c6ee20ccb9f71459586db9e2f6840e05c	I knew that so many people\nwould die because of the Light\nArrow...	machine	gemma-4-26B-A4B-it/UD-Q4_K_M/v2+story-v1/llama.cpp-b11443/t0	2026-10-06		
2093_180_39	9791ee3349cf32970e83507351ae36aacc92eebb	Even so, I...	machine	gemma-4-26B-A4B-it/UD-Q4_K_M/v2+story-v1/llama.cpp-b11443/t0	2026-10-06		
2093_180_40	fc44b25c2eec29fbe5a19bc04bd94c95dc345be5	I had to do it.	machine	gemma-4-26B-A4B-it/UD-Q4_K_M/v2+story-v1/llama.cpp-b11443/t0	2026-10-06		
2093_180_41	377ad90f81caf6bd40c350f3f72197aa786e20d3	Because if I hadn't...!	machine	gemma-4-26B-A4B-it/UD-Q4_K_M/v2+story-v1/llama.cpp-b11443/t0	2026-10-06		
2093_180_42	772ad9b359031cd2118f2964d4da39c72d6af9e2	If I hadn't, Eu would never have\nmet the Captain and the\nothers,	machine	gemma-4-26B-A4B-it/UD-Q4_K_M/v2+story-v1/llama.cpp-b11443/t0	2026-10-06		
2093_180_43	c7319ad6a9247a050f898e012428f674ff02d410	And then... I would surely have\nbeen crushed by Karlyn's beast\nin the Rubarika forest and\ndied...	machine	gemma-4-26B-A4B-it/UD-Q4_K_M/v2+story-v1/llama.cpp-b11443/t0	2026-10-06		
2093_180_44	9a3f0b29babb99d498fdfe6be8ecf92fcd54648d	That's how it is, isn't it?	machine	gemma-4-26B-A4B-it/UD-Q4_K_M/v2+story-v1/llama.cpp-b11443/t0	2026-10-06		
2093_180_45	21d363aba4be65f0fe0068ce8ae33a1bd0847104	...Yeah.	machine	gemma-4-26B-A4B-it/UD-Q4_K_M/v2+story-v1/llama.cpp-b11443/t0	2026-10-06		
2093_180_46	15e9ba8b4e6025ccded4af6fa5cab4092448c774	...Tika.	machine	gemma-4-26B-A4B-it/UD-Q4_K_M/v2+story-v1/llama.cpp-b11443/t0	2026-10-06		
2093_180_47	6642889c0109adcb3a2814184b4dcb8ae2e9e632	...!	machine	gemma-4-26B-A4B-it/UD-Q4_K_M/v2+story-v1/llama.cpp-b11443/t0	2026-10-06		
2093_180_48	ea6ae6f961b62568e76ad81667f5eb21027e1eba	You're amazing, you know.	machine	gemma-4-26B-A4B-it/UD-Q4_K_M/v2+story-v1/llama.cpp-b11443/t0	2026-10-06		
2093_180_49	f8d04c9f740bef2d9a69b3cd14fb97391f1a9728	...Will you forgive me? For the\nLight Arrow I brought... that\ntook Korurine from Carlone's\npeople...	machine	gemma-4-26B-A4B-it/UD-Q4_K_M/v2+story-v1/llama.cpp-b11443/t0	2026-10-06		
2093_180_50	4b8f4e0a94e3040f4f61f9e5708594d7d0c89acc	It's not a matter of forgiving or\nnot.	machine	gemma-4-26B-A4B-it/UD-Q4_K_M/v2+story-v1/llama.cpp-b11443/t0	2026-10-06		
2093_180_51	394324e2a7e56e5278c8250c90379b89319efd08	There was nothing else you\ncould have done.	machine	gemma-4-26B-A4B-it/UD-Q4_K_M/v2+story-v1/llama.cpp-b11443/t0	2026-10-06		
2093_180_52	2e75ff6fb20f7675de9c2ebc21a8c74c8ac38836	Because of that, the Captain\nand Eu and the others saved\nmy life, and that's why I'm here\nnow.	machine	gemma-4-26B-A4B-it/UD-Q4_K_M/v2+story-v1/llama.cpp-b11443/t0	2026-10-06		
2093_180_53	62521b04c3e6b4968c188e784d9df9271092d3e0	I can't say anything to judge\nyou.	machine	gemma-4-26B-A4B-it/UD-Q4_K_M/v2+story-v1/llama.cpp-b11443/t0	2026-10-06		
2093_180_54	57f32f0ee9feedf75e44ef7414905106a6fcadd7	If anything, I respect you, Tika,\nfor being able to make that\ndecision at only fourteen years\nold.	machine	gemma-4-26B-A4B-it/UD-Q4_K_M/v2+story-v1/llama.cpp-b11443/t0	2026-10-06		
2093_180_55	06648e94f2bb0826b17f03e07cfedfeb79557711	It's because Verda told me.	machine	gemma-4-26B-A4B-it/UD-Q4_K_M/v2+story-v1/llama.cpp-b11443/t0	2026-10-06		
2093_180_56	dfef2ad5d63bc8ce6737917179fccd35bd949804	...Me?	machine	gemma-4-26B-A4B-it/UD-Q4_K_M/v2+story-v1/llama.cpp-b11443/t0	2026-10-06		
2093_180_57	3fb53903bebbf12542fd3c45fdad47c47e4425b3	That thinking of family makes\nyour heart feel warm, and that\nit gives you courage...	machine	gemma-4-26B-A4B-it/UD-Q4_K_M/v2+story-v1/llama.cpp-b11443/t0	2026-10-06		
2093_180_58	af522fd987dd0c17d0e2a573074e32e9ad55db26	And that you wanted to reduce\nthe tears flowing through this\nuniverse, even if just a little...\nthat's what Verda told me.	machine	gemma-4-26B-A4B-it/UD-Q4_K_M/v2+story-v1/llama.cpp-b11443/t0	2026-10-06		
2093_180_59	008f0a2ab172524ade90f16040eecea89b27a382	So you... remembered that\nnight.	machine	gemma-4-26B-A4B-it/UD-Q4_K_M/v2+story-v1/llama.cpp-b11443/t0	2026-10-06		
2093_180_60	c1e5ca348cc6eecc749ddde5b203c8e706153ecc	I could never forget it.	machine	gemma-4-26B-A4B-it/UD-Q4_K_M/v2+story-v1/llama.cpp-b11443/t0	2026-10-06		
2093_180_61	094293e8de809b11c9e0b6664004a4eb757f34cb	That's why, instead of just\nusing the messenger's light\narrow, I'll try to ensure we\nminimize any sacrifices...	machine	gemma-4-26B-A4B-it/UD-Q4_K_M/v2+story-v1+short-v1/llama.cpp-b11443/t0	2026-10-06		
2093_180_62	67a38b4f7da56c1669d4b68ddd1c13fe3cf14835	So, I'm asking you to help too,\nbig brother.	machine	gemma-4-26B-A4B-it/UD-Q4_K_M/v2+story-v1/llama.cpp-b11443/t0	2026-10-06		
2093_180_63	48b8c83c64046e4a7f6d2546f5bd8604135c02e7	...Tactics in this era often\ndisregard human life. By using\nfuture strategies, I've tried to\nminimize unnecessary\nsacrifices.	machine	gemma-4-26B-A4B-it/UD-Q4_K_M/v2+story-v1+short-v1/llama.cpp-b11443/t0	2026-10-06		
2093_180_64	dc781ca5a82be7e7c4a8e64da7a00c0fe6157c83	...So that's why they called\nGeneral Ricardo the messenger\nof Daftes.	machine	gemma-4-26B-A4B-it/UD-Q4_K_M/v2+story-v1/llama.cpp-b11443/t0	2026-10-06		
2093_180_65	1f23d9a1875d7425bb0986bbb1866a2370b2cd02	Since I could access most of\nthe travel records with the\nCaptain and others via Coro\nand Rekoro's database,	machine	gemma-4-26B-A4B-it/UD-Q4_K_M/v2+story-v1+short-v1/llama.cpp-b11443/t0	2026-10-06		
2093_180_66	183283f42a5f91a2102c1140dc1e1c240c64132c	I finally made it this far with\nMastima and you, big brother.\nPlease praise Coro and the\nothers later, too!	machine	gemma-4-26B-A4B-it/UD-Q4_K_M/v2+story-v1+short-v1/llama.cpp-b11443/t0	2026-10-06		
2093_190_01	0e7966cdebe7c8427192ecaf132746d79803e122	What exactly is your\nrelationship with Givel?	machine	gemma-4-26B-A4B-it/UD-Q4_K_M/v2+story-v1/llama.cpp-b11443/t0	2026-10-06		
2093_190_02	9e5216a4a3466c720b1e2e284d2353cdb20694b0	Givel... A Giverese, huh. That\nguy... that man...	machine	gemma-4-26B-A4B-it/UD-Q4_K_M/v2+story-v1/llama.cpp-b11443/t0	2026-10-06		
2093_190_03	c0708e2ac0fa1a6dc2291c1475e97482275b0a1c	Whenever the opportunity\narose, he would utter the word\n"Mastima."	machine	gemma-4-26B-A4B-it/UD-Q4_K_M/v2+story-v1/llama.cpp-b11443/t0	2026-10-06		
2093_190_04	a9517cfa388834cce613bdcf06bc400b971309ec	It likely refers to you yourself,\nrather than the satellite.	machine	gemma-4-26B-A4B-it/UD-Q4_K_M/v2+story-v1/llama.cpp-b11443/t0	2026-10-06		
2093_190_05	511667fb9bcce9eb5846a88b7da278f165a3ca72	...That man's way of life is just\nso theatrical. It might be\nunavoidable, but still...	machine	gemma-4-26B-A4B-it/UD-Q4_K_M/v2+story-v1/llama.cpp-b11443/t0	2026-10-06		
2093_190_06	3c5f637ceb7a2da2912a8225a9e54b4a4abb0624	He lived aboard this Ex Giva\nfor a time. I thought he was a\npoor victim cast through a rift\nin space-time.	machine	gemma-4-26B-A4B-it/UD-Q4_K_M/v2+story-v1/llama.cpp-b11443/t0	2026-10-06		
2093_190_07	69e3f269bea6a342070cc882da1253a8453bb500	And it turns out that was not\nthe case.	machine	gemma-4-26B-A4B-it/UD-Q4_K_M/v2+story-v1/llama.cpp-b11443/t0	2026-10-06		
2093_190_08	a05445cd7ad1895ab4a36e5883fae02b7ffdfa7f	There is no doubt he arrived\nvia the Moonshadow Ladder.	machine	gemma-4-26B-A4B-it/UD-Q4_K_M/v2+story-v1/llama.cpp-b11443/t0	2026-10-06		
2093_190_09	8444173df3ac40ee68361a4c48f4d1f22c0250d8	However, it is more likely that\nhe jumped into the space-time\nrift of his own volition to come\nhere.	machine	gemma-4-26B-A4B-it/UD-Q4_K_M/v2+story-v1/llama.cpp-b11443/t0	2026-10-06		
2093_190_10	bd64657eed30071ec8a69eb028b52b8700545067	Perhaps he has known about\nme for a very long time.	machine	gemma-4-26B-A4B-it/UD-Q4_K_M/v2+story-v1/llama.cpp-b11443/t0	2026-10-06		
2093_190_11	f9446aba71674af9bbb02be7c9c1746b27b484b5	He was here researching some\nof my Gems.	machine	gemma-4-26B-A4B-it/UD-Q4_K_M/v2+story-v1/llama.cpp-b11443/t0	2026-10-06		
2093_190_12	45aa09a3fd30155beb209305b6070e64bfd7d0c4	Even the "Gem of Spacetime\nRegression," which I created\n200 years ago, was a subject\nof his research.	machine	gemma-4-26B-A4B-it/UD-Q4_K_M/v2+story-v1+short-v1/llama.cpp-b11443/t0	2026-10-06		
2093_190_13	3c012166c055bb4e72f165abfede8f9cbc183636	Much of the crest arts he\ndisplays are applications of\nthat research.	machine	gemma-4-26B-A4B-it/UD-Q4_K_M/v2+story-v1/llama.cpp-b11443/t0	2026-10-06		
2093_190_14	dfdbe9a1b13f6e3c6b01942658395509563e4c58	When did Givel come here?	machine	gemma-4-26B-A4B-it/UD-Q4_K_M/v2+story-v1/llama.cpp-b11443/t0	2026-10-06		
2093_190_15	6ebcccaa10de37ced8b413b97245536b9210ff0d	...I believe it was some 100\nyears ago.	machine	gemma-4-26B-A4B-it/UD-Q4_K_M/v2+story-v1/llama.cpp-b11443/t0	2026-10-06		
2093_190_16	6ca30d64ad4c623fa95e81868e3447dc7da547b7	100 years... huh. Considering\nthe span of 3.7 billion years,\n100 years feels strangely\nshort.	machine	gemma-4-26B-A4B-it/UD-Q4_K_M/v2+story-v1/llama.cpp-b11443/t0	2026-10-06		
2093_190_17	1a81ecbafd87d46b878940c471309404ce4ff986	...People of Onelsen.	machine	gemma-4-26B-A4B-it/UD-Q4_K_M/v2+story-v1/llama.cpp-b11443/t0	2026-10-06		
2093_190_18	9dca138feaef135935d30a68a2fa4b30f7bcae9a	Hm.	machine	gemma-4-26B-A4B-it/UD-Q4_K_M/v2+story-v1/llama.cpp-b11443/t0	2026-10-06		
2093_190_19	5b268aec0cb618a1a417c2cbf41512af30691e40	Hundreds of millions of years\nhave already passed since I\nbegan residing on this planet.	machine	gemma-4-26B-A4B-it/UD-Q4_K_M/v2+story-v1/llama.cpp-b11443/t0	2026-10-06		
2093_190_20	dd35309cab2a8b7ef54d842f38ac2f42417b44fb	In that time, I have watched life\nrise and fall on both Daftes\nand Daftine until I grew weary\nof it.	machine	gemma-4-26B-A4B-it/UD-Q4_K_M/v2+story-v1/llama.cpp-b11443/t0	2026-10-06		
2093_190_21	6c8c1cb9ef7630fb4fbfb413405915a7704ea3e2	And what of it?	machine	gemma-4-26B-A4B-it/UD-Q4_K_M/v2+story-v1/llama.cpp-b11443/t0	2026-10-06		
2093_190_22	656965187fb49ae1326f0b76d8d30f00cf0a5ad2	...I merely watched as you all\nsuccumbed to the\nBeastification disease and\nfaced destruction.	machine	gemma-4-26B-A4B-it/UD-Q4_K_M/v2+story-v1/llama.cpp-b11443/t0	2026-10-06		
2093_190_23	56b563c35e49b7ba6a266695c3faae3ad69f776a	I did not reach out a hand; in\nfact, I may have been in a\nslumber of several hundred\nyears during that time.	machine	gemma-4-26B-A4B-it/UD-Q4_K_M/v2+story-v1/llama.cpp-b11443/t0	2026-10-06		
2093_190_24	c0ea9dd43a8ad765e7de8b8fd27d9ae2c1ab5929	Do you hate me for that?	machine	gemma-4-26B-A4B-it/UD-Q4_K_M/v2+story-v1/llama.cpp-b11443/t0	2026-10-06		
2093_190_25	a3978647148e06926a38eb19094e9ba321fecce1	Heh, that is a sudden question,\nbut I suppose it cannot be\nhelped.	machine	gemma-4-26B-A4B-it/UD-Q4_K_M/v2+story-v1/llama.cpp-b11443/t0	2026-10-06		
2093_190_26	9dca138feaef135935d30a68a2fa4b30f7bcae9a	Hmm.	machine	gemma-4-26B-A4B-it/UD-Q4_K_M/v2+story-v1/llama.cpp-b11443/t0	2026-10-06		
2093_190_27	95b76e17587c91cb52f7914fc37a389a6b584b53	Long before our civilization\nflourished in Daftes, Ex Giva\nexisted on this planet.	machine	gemma-4-26B-A4B-it/UD-Q4_K_M/v2+story-v1/llama.cpp-b11443/t0	2026-10-06		
2093_190_28	7c949c635ea3e2eccf265a0b2d061af89d038905	Yet, not a single soul in Daftes\nknew of its existence.	machine	gemma-4-26B-A4B-it/UD-Q4_K_M/v2+story-v1/llama.cpp-b11443/t0	2026-10-06		
2093_190_29	bf57c157176b69c1f1da5f7219456c5408a2556e	...It is easy to condemn those\nwho failed to act.	machine	gemma-4-26B-A4B-it/UD-Q4_K_M/v2+story-v1/llama.cpp-b11443/t0	2026-10-06		
2093_190_30	fc2c283592e50e9365b886f629e262f7542b7a66	But to struggle on our own was\nalso a matter of our pride.\nPlease, do not let it trouble\nyou.	machine	gemma-4-26B-A4B-it/UD-Q4_K_M/v2+story-v1/llama.cpp-b11443/t0	2026-10-06		
2093_190_31	f0069c762f446f853b295fc46fd54546db9f875a	...If there had been those who\nsought to remain so noble even\nin the face of destruction back\nthen, in that paradise,	machine	gemma-4-26B-A4B-it/UD-Q4_K_M/v2+story-v1/llama.cpp-b11443/t0	2026-10-06		
2093_190_32	4a2f90d663965e6f9e18dd76468e71d009db8714	Perhaps your rule would have\nlasted longer, and I might have\nfelt inclined to cooperate.	machine	gemma-4-26B-A4B-it/UD-Q4_K_M/v2+story-v1/llama.cpp-b11443/t0	2026-10-06		
2093_190_33	653c16fe0ec864610be033602cc76647d10a594c	That is precisely why what\nGivel did is unforgivable.	machine	gemma-4-26B-A4B-it/UD-Q4_K_M/v2+story-v1/llama.cpp-b11443/t0	2026-10-06		
2093_190_34	86214f6de0cdb640efdf926fea7cf771b5b4b26f	To have Karlyn and her\ncompanions wound my people,	machine	gemma-4-26B-A4B-it/UD-Q4_K_M/v2+story-v1/llama.cpp-b11443/t0	2026-10-06		
2093_190_35	e3d35580cb7ba2f96f5810c7c86ba12757a009e3	To see him treat his comrades\nin Baschen so inhumanly... I feel\nsomething beyond anger; I feel\npity.	machine	gemma-4-26B-A4B-it/UD-Q4_K_M/v2+story-v1+short-v1/llama.cpp-b11443/t0	2026-10-06		
2093_190_36	e0f5df0eabf96261216136e6f6aee55fe3238677	Hearing your story now, I\nunderstand that he is no\nordinary human, but still...	machine	gemma-4-26B-A4B-it/UD-Q4_K_M/v2+story-v1/llama.cpp-b11443/t0	2026-10-06		
2093_190_37	60673df7a419bb7a378244db996cf4fdf3ef522a	If that is the case, then where\non earth did he come from?	machine	gemma-4-26B-A4B-it/UD-Q4_K_M/v2+story-v1/llama.cpp-b11443/t0	2026-10-06		
2093_190_38	248d1f7c335d383758cd7371f1852b0695cd48a3	...I have no proof. However, I do\nknow his objective.	machine	gemma-4-26B-A4B-it/UD-Q4_K_M/v2+story-v1/llama.cpp-b11443/t0	2026-10-06		
2093_190_39	a3fef0710a3904fc75a2d8141fcd297e50ea563c	You mean Summoning Crest\nArts?	machine	gemma-4-26B-A4B-it/UD-Q4_K_M/v2+story-v1/llama.cpp-b11443/t0	2026-10-06		
2093_190_40	025e116781351656fb26d55c0ecee14b93e994cf	You are referring to that\nsummoning art your comrades\nuse, the one that transcends\ntime and space.	machine	gemma-4-26B-A4B-it/UD-Q4_K_M/v2+story-v1/llama.cpp-b11443/t0	2026-10-06		
2093_190_41	58ee27a77a834c0903305f22507a79361abb3a1b	I am sorry to say, but you are\nhalf wrong.	machine	gemma-4-26B-A4B-it/UD-Q4_K_M/v2+story-v1/llama.cpp-b11443/t0	2026-10-06		
2093_190_42	f7a2b9abe8e95816f672aa7efafd51389cd65c3a	What do you mean?	machine	gemma-4-26B-A4B-it/UD-Q4_K_M/v2+story-v1/llama.cpp-b11443/t0	2026-10-06		
2093_190_43	0b0b0b903c8f7aadad1b383cfdb050e21d227a9d	He does not desire the\nSummoning Crest Arts\nthemselves.	machine	gemma-4-26B-A4B-it/UD-Q4_K_M/v2+story-v1/llama.cpp-b11443/t0	2026-10-06		
2093_190_44	29c43ada3724e5bf41479970d854888bd62b64a7	He desires the rift in time and\nspace that is created by the\nSummoning Crest Arts.	machine	gemma-4-26B-A4B-it/UD-Q4_K_M/v2+story-v1/llama.cpp-b11443/t0	2026-10-06		
2093_190_45	4946fab59281e7e61ca027f71d2f66150c4dcbd7	A rift in time and space?	machine	gemma-4-26B-A4B-it/UD-Q4_K_M/v2+story-v1/llama.cpp-b11443/t0	2026-10-06		
2093_190_46	dda703d4d19d1b7037519cef4100ff4a54371c97	There is a phenomenon very\nsimilar, though slightly\ndifferent, to this art that\nsummons life across time and\nspace.	machine	gemma-4-26B-A4B-it/UD-Q4_K_M/v2+story-v1+short-v1/llama.cpp-b11443/t0	2026-10-06		
2093_190_47	9026e9b0e706826ea80bb5ec5e27b5c0639e7013	...The Moonshadow Ladder!	machine	gemma-4-26B-A4B-it/UD-Q4_K_M/v2+story-v1/llama.cpp-b11443/t0	2026-10-06		
2093_190_48	e97844c934eebbea2928d1ee79320b8ec8b33cb2	Precisely.	machine	gemma-4-26B-A4B-it/UD-Q4_K_M/v2+story-v1/llama.cpp-b11443/t0	2026-10-06		
2093_190_49	46bb9df562a11f3910797a99415b5d6745ca1138	I suspect that he is attempting\nto use Summoning Crest Arts\nto further expand the unstable\nrift in time and space...	machine	gemma-4-26B-A4B-it/UD-Q4_K_M/v2+story-v1/llama.cpp-b11443/t0	2026-10-06		
2093_190_50	8b394e50d694f282fa3a7eeffcd9a6b20825c7ca	...that was created by the\nMoonshadow Ladder I\ninadvertently brought into\nbeing.	machine	gemma-4-26B-A4B-it/UD-Q4_K_M/v2+story-v1/llama.cpp-b11443/t0	2026-10-06		
2093_190_51	fe7fc332ca174d73029ea83d8064f5f2fc441521	So what exactly is this\nSummoning Crest Art? What\nkind of power is it, anyway?	machine	gemma-4-26B-A4B-it/UD-Q4_K_M/v2+story-v1/llama.cpp-b11443/t0	2026-10-06		
2093_190_53	3136effd86f0ed6eafd77dd3236d9102cc8d21ec	That's right, I had completely\nforgotten since you joined us,\nKarlyn.	machine	gemma-4-26B-A4B-it/UD-Q4_K_M/v2+story-v1/llama.cpp-b11443/t0	2026-10-06		
2093_190_55	4f832e15e58a839d0b9c85f004830e2b6a57fb1c	I would like you to tell me\nanything you might know about\nthat as well.	machine	gemma-4-26B-A4B-it/UD-Q4_K_M/v2+story-v1/llama.cpp-b11443/t0	2026-10-06		
2093_190_56	eecf4a8807e03326074fc58a29a77fae58d33e55	<font color=blue>Mastima</font> I already told you.	machine	gemma-4-26B-A4B-it/UD-Q4_K_M/v2+story-v1/llama.cpp-b11443/t0	2026-10-06		
2093_190_57	4c4508fe7b307eb4b5e21eafafc8205b9fcaf95c	Givel's tool is based on a\nspace-time manipulation crest I\nfound while trying to return to\nthe past.	machine	gemma-4-26B-A4B-it/UD-Q4_K_M/v2+story-v1+short-v1/llama.cpp-b11443/t0	2026-10-06		
2093_190_58	9d26be6ea6f1c687238c8f86cf966cb802bca738	<font color=blue>Mastima</font> appeared in Ex Giva a\ncentury ago, posing as a\nLadder victim. With nowhere\nelse to go,	machine	gemma-4-26B-A4B-it/UD-Q4_K_M/v2+story-v1+short-v1/llama.cpp-b11443/t0	2026-10-06		
2093_190_59	7b7f815b76e6de482e0fb5c7f77e53cb614cb9c0	Claiming he wanted to use his\nskills as a Crest Artist, he\nsecretly stole this crest from\nmy research while I wasn't\nlooking.	machine	gemma-4-26B-A4B-it/UD-Q4_K_M/v2+story-v1+short-v1/llama.cpp-b11443/t0	2026-10-06		
2093_190_60	49bc3c3d28e0944086e1e11f8b35265b773ace82	Therefore, his research and\nmine must have diverged\nsignificantly by now,	machine	gemma-4-26B-A4B-it/UD-Q4_K_M/v2+story-v1/llama.cpp-b11443/t0	2026-10-06		
2093_190_61	a6f1e58aef684a33e8f31509a48236c69d84c3ac	As for this "Thornite," I know\nnothing of it. If there is a way\nto produce such things, I am\nthe one who wants answers.	machine	gemma-4-26B-A4B-it/UD-Q4_K_M/v2+story-v1+short-v1/llama.cpp-b11443/t0	2026-10-06		
2093_190_62	6a60788f38e79dc006664d25ad2c238301ef5b41	<font color=blue>Mastima</font> When he left Ex Giva,\nhe said this.	machine	gemma-4-26B-A4B-it/UD-Q4_K_M/v2+story-v1/llama.cpp-b11443/t0	2026-10-06		
2093_190_63	626829764037d73826a2b40d5d5cf1b77bddc65e	That he would summon an\nExorciser from a rift in\nspace-time.	machine	gemma-4-26B-A4B-it/UD-Q4_K_M/v2+story-v1/llama.cpp-b11443/t0	2026-10-06		
2093_190_64	057e449479714d9b0dea8c660a8efa5d05053a96	<font color=blue>Mastima</font> That is why, at first, I\nbelieved that Thornite was the\nso-called Exorciser.	machine	gemma-4-26B-A4B-it/UD-Q4_K_M/v2+story-v1/llama.cpp-b11443/t0	2026-10-06		
2093_190_65	5b9c8022e1259ea3e35b5f63f8f8876ae8034524	But hearing the talk from your\nship's AI, it seems that is not\nthe case.	machine	gemma-4-26B-A4B-it/UD-Q4_K_M/v2+story-v1/llama.cpp-b11443/t0	2026-10-06		
2093_190_67	8196b3f7ff2d5c0e143af19dcfffac8be550f31e	<font color=blue>Euwin</font> Yeah. You're right.\nExorciser... It's a word he\nuttered many times.	machine	gemma-4-26B-A4B-it/UD-Q4_K_M/v2+story-v1/llama.cpp-b11443/t0	2026-10-06		
2093_190_68	a79c0f997e7fbe7d528e50ea8153acce196e3a35	<font color=blue>Ricardo</font> He was bragging that\nthe things he possessed the\nBeast Witches with were his\ntest subjects.	machine	gemma-4-26B-A4B-it/UD-Q4_K_M/v2+story-v1/llama.cpp-b11443/t0	2026-10-06		
2093_190_69	5cb5810d12c8ec55b73e14bc0b6f24fa715cbf01	But if I recall, he didn't say a\nword about those people with\nthe glowing stakes driven into\nthem.	machine	gemma-4-26B-A4B-it/UD-Q4_K_M/v2+story-v1/llama.cpp-b11443/t0	2026-10-06		
2093_190_70	1e4da853f3e796fce95322c7e2e770f4bd09c904	<font color=blue>Mastima</font> is using the\nMoonshadow Ladder, Asyl, and\nSummoning Crest Arts to pull\nsomething from a space-time\nrift.	machine	gemma-4-26B-A4B-it/UD-Q4_K_M/v2+story-v1+short-v1/llama.cpp-b11443/t0	2026-10-06		
2093_190_71	f4376e0809f042d17928221045758da01f63888e	Even I could not fathom\nexactly what he intends to do\nwith it.	machine	gemma-4-26B-A4B-it/UD-Q4_K_M/v2+story-v1/llama.cpp-b11443/t0	2026-10-06		
2093_190_72	c91e3a161c2878cd1c70d408a6901c769ac1d5ea	That Crest Art was truly meant\nonly to transcend time and\nhead into the past.	machine	gemma-4-26B-A4B-it/UD-Q4_K_M/v2+story-v1/llama.cpp-b11443/t0	2026-10-06		
2093_190_73	ca1e031e23b5743af7c273fa719d1418dc556ca3	Yet, it has awakened Daftine's\nsleeping sanctuary, distorted\nthe nature of life, and is now\nsowing new calamities across\nthe universe.	machine	gemma-4-26B-A4B-it/UD-Q4_K_M/v2+story-v1+short-v1/llama.cpp-b11443/t0	2026-10-06		
2093_190_74	6703c04a7e4667794d53e7ed56739592638c3bc9	<font color=blue>Mastima</font> If Thornite and the\nExorciser are just parts of a\nwhole, we must uncover the\ntruth and stop their\nappearance.	machine	gemma-4-26B-A4B-it/UD-Q4_K_M/v2+story-v1+short-v1/llama.cpp-b11443/t0	2026-10-06		
2093_190_75	99e0b9c9f20a2f568164b2200c5312f2c478bc55	The responsibility for the\nMoonshadow Ladder lies with\nme, for I failed to fully control\nthe Crests.	machine	gemma-4-26B-A4B-it/UD-Q4_K_M/v2+story-v1+short-v1/llama.cpp-b11443/t0	2026-10-06		
2093_190_76	f640127feff8c95e74c69a51673b22deb7976031	The responsibility for inviting\nthat Givel, which brings great\ncalamity to this sector, into\nthis Ex Giva...	machine	gemma-4-26B-A4B-it/UD-Q4_K_M/v2+story-v1/llama.cpp-b11443/t0	2026-10-06		
2093_190_77	754369ff85f84eba2261f27633ce7cd88d317fa3	...and allowing it to touch upon\nthe fruits of my research, also\nlies with me.	machine	gemma-4-26B-A4B-it/UD-Q4_K_M/v2+story-v1/llama.cpp-b11443/t0	2026-10-06		
2093_190_78	bd878234dfdd0cf1753091bede06a9d0ada62b73	This time, I believe I must\npersonally take action.	machine	gemma-4-26B-A4B-it/UD-Q4_K_M/v2+story-v1/llama.cpp-b11443/t0	2026-10-06		
2093_200_01	e2ba4fb263be8d75be8f460ac8af591160f14dba	Then, will you agree to carry\nout the rescue of your\ncomrades and the destruction\nof Asyl simultaneously?	machine	gemma-4-26B-A4B-it/UD-Q4_K_M/v2+story-v1/llama.cpp-b11443/t0	2026-10-06		
2093_200_03	a48402e5a4c4c5ae5c9cfdeb3bb9672c67cc6870	I suppose... If it means\nprotecting the future in which\nTika is born, I have no reason\nto refuse.	machine	gemma-4-26B-A4B-it/UD-Q4_K_M/v2+story-v1/llama.cpp-b11443/t0	2026-10-06		
2093_200_04	bc10d250215d1a4f1418975991fc3f6a58ad6d97	Even so, Rubarika and Baschen\nwon't believe us immediately if\nwe say we destroyed the holy\nland of Asyl.	machine	gemma-4-26B-A4B-it/UD-Q4_K_M/v2+story-v1/llama.cpp-b11443/t0	2026-10-06		
2093_200_05	8ccc80c8510d765df646786d7d2be4531f721aca	And even if we do, I doubt the\nwar will end that easily.	machine	gemma-4-26B-A4B-it/UD-Q4_K_M/v2+story-v1/llama.cpp-b11443/t0	2026-10-06		
2093_200_06	1cf43647a83943e7b4cb653d74438becb220d8e0	Even if we successfully defeat\nGivel and save Eve, cleaning up\nthe aftermath looks like it'll be\na nightmare.	machine	gemma-4-26B-A4B-it/UD-Q4_K_M/v2+story-v1/llama.cpp-b11443/t0	2026-10-06		
2093_200_07	0a53cbbeee7fa900a65a740d07d5a0dcbd8338cb	We can't rely on Mastima-san,\nCoro, and the others that\nmuch.	machine	gemma-4-26B-A4B-it/UD-Q4_K_M/v2+story-v1/llama.cpp-b11443/t0	2026-10-06		
2093_200_08	78c0265972bcfb9ce3fee524c790f2813e2a063c	We'll just have to take our time\nand slowly spread the truth\nthat there's no longer any need\nto fight.	machine	gemma-4-26B-A4B-it/UD-Q4_K_M/v2+story-v1/llama.cpp-b11443/t0	2026-10-06		
2093_200_09	460e21a8dc1080bc99a44e57527d6422a96c4cd1	That sounds exhausting.	machine	gemma-4-26B-A4B-it/UD-Q4_K_M/v2+story-v1/llama.cpp-b11443/t0	2026-10-06		
2093_200_10	8b1d78fdd1c8cba89fb5a12478b0a17e8303c390	Even so, for now, we have no\nchoice but to fight.	machine	gemma-4-26B-A4B-it/UD-Q4_K_M/v2+story-v1/llama.cpp-b11443/t0	2026-10-06		
2093_200_11	66c7951ea7ced3bcca31660d1191774d95deca66	We must deal with Daftine,\nDaftes, Mastima, and Givel, who\nposes a threat to the Captain\nand the others.	machine	gemma-4-26B-A4B-it/UD-Q4_K_M/v2+story-v1+short-v1/llama.cpp-b11443/t0	2026-10-06		
2093_200_12	ab31cf1a4361bc94547a5f9a3d25f57f82292552	Indeed. From the looks of it,\neven if they flee, they will\npursue Eve to the ends of the\nearth.	machine	gemma-4-26B-A4B-it/UD-Q4_K_M/v2+story-v1/llama.cpp-b11443/t0	2026-10-06		
2093_200_13	98969f110550d81896edaf8a56970ea4fc882e87	To prevent that from\nhappening...	machine	gemma-4-26B-A4B-it/UD-Q4_K_M/v2+story-v1/llama.cpp-b11443/t0	2026-10-06		
2093_200_14	5ef9c769e3530a5c4a9a9e2dc3c2056485431ee3	That means we have no choice\nbut to eliminate them.	machine	gemma-4-26B-A4B-it/UD-Q4_K_M/v2+story-v1/llama.cpp-b11443/t0	2026-10-06		
2093_200_15	ce3fabeab5b932132bd1224fc44981f5baa846c5	He has done far too much for\nthat. He is not the type you\ncan reason with.	machine	gemma-4-26B-A4B-it/UD-Q4_K_M/v2+story-v1/llama.cpp-b11443/t0	2026-10-06		
2093_200_16	4cda28f943349a6fb3fab4d433924b0f237c2f50	Space is vast. Just like the\ngood, there's plenty of bad and\nunchangeable things rotting all\nover the place.	machine	gemma-4-26B-A4B-it/UD-Q4_K_M/v2+story-v1+short-v1/llama.cpp-b11443/t0	2026-10-06		
2093_200_17	0aadc907c4487dfa6459cbc164c76aa584ab0bdc	Let's end this once and for all!	machine	gemma-4-26B-A4B-it/UD-Q4_K_M/v2+story-v1/llama.cpp-b11443/t0	2026-10-06		
2093_200_18	4e844c3e5bc4da924250e78f13ec60a3de89fe25	Agreed. First, let us focus\nsolely on destroying Asyl and\nrescuing Eve.	machine	gemma-4-26B-A4B-it/UD-Q4_K_M/v2+story-v1/llama.cpp-b11443/t0	2026-10-06		
2093_200_19	181ca8bac0117f9a67d9e2ce6193863dda41159e	We will deal with whatever\ncomes after that, when the\ntime comes.	machine	gemma-4-26B-A4B-it/UD-Q4_K_M/v2+story-v1/llama.cpp-b11443/t0	2026-10-06		
2093_200_20	f8e9966017b297a2c6689723ea293adad0a2dd03	Precisely. To that end...	machine	gemma-4-26B-A4B-it/UD-Q4_K_M/v2+story-v1/llama.cpp-b11443/t0	2026-10-06		
2093_200_21	9dca138feaef135935d30a68a2fa4b30f7bcae9a	Hm.	machine	gemma-4-26B-A4B-it/UD-Q4_K_M/v2+story-v1/llama.cpp-b11443/t0	2026-10-06		
2093_200_22	28b84318ea262c496ded7b1f72e582d19f640ce2	What is it?	machine	gemma-4-26B-A4B-it/UD-Q4_K_M/v2+story-v1/llama.cpp-b11443/t0	2026-10-06		
2093_200_23	7e6e07c14bb947b5cbec570b507f4aac9e9730b3	Hmm, something on the\nsensors...	machine	gemma-4-26B-A4B-it/UD-Q4_K_M/v2+story-v1/llama.cpp-b11443/t0	2026-10-06		
2093_200_24	825ebc54262efa9a3984f972fdeeb6bd39b1549d	Mastima! A space-time rift has\nbeen confirmed inside the Ex\nGiva! A massive Gem mass has\nappeared in Cosmo City!	machine	gemma-4-26B-A4B-it/UD-Q4_K_M/v2+story-v1/llama.cpp-b11443/t0	2026-10-06		
2093_200_25	9f09d848fc3b1a6ace02180927a696e4c153d905	...What?	machine	gemma-4-26B-A4B-it/UD-Q4_K_M/v2+story-v1/llama.cpp-b11443/t0	2026-10-06		
2093_200_26	7ef374cd2fbf834ee28ad7f2f4bec009b6daa5a5	That brat... Givel...! It seems he\ntruly wishes to provoke my\nwrath...!	machine	gemma-4-26B-A4B-it/UD-Q4_K_M/v2+story-v1/llama.cpp-b11443/t0	2026-10-06		
2093_200_27	1caf63c5f6554fb3566dea2dcf4748741158bb15	Big brother! Mastima! Let's go!	machine	gemma-4-26B-A4B-it/UD-Q4_K_M/v2+story-v1/llama.cpp-b11443/t0	2026-10-06		
2093_200_28	bd4fedba6496a70d81f30e5523e0c1cfccdc389e	A Crest Creature signature has\nbeen detected in the western\natmospheric regulation forest\narea of Cosmo City!	machine	gemma-4-26B-A4B-it/UD-Q4_K_M/v2+story-v1/llama.cpp-b11443/t0	2026-10-06		
2093_200_29	0ef787a17052d87bfe471ac4952b17e0b4792c5e	The enemy's total strength is\nunknown! Tika! Stay on high\nalert and prepare for combat!	machine	gemma-4-26B-A4B-it/UD-Q4_K_M/v2+story-v1/llama.cpp-b11443/t0	2026-10-06		
2093_200_30	c41e2097c65ef0f741e84235aab2c9ea2c3a1760	The western atmospheric\nregulation forest, got it!!	machine	gemma-4-26B-A4B-it/UD-Q4_K_M/v2+story-v1/llama.cpp-b11443/t0	2026-10-06		
2093_200_32	9e1ce058a43ad0aae8d114b78f84fd74ab7ba57e	Hmm, even I am surprised. For\nRekoro to grant Tika\npermission to fight.	machine	gemma-4-26B-A4B-it/UD-Q4_K_M/v2+story-v1/llama.cpp-b11443/t0	2026-10-06		
2093_200_33	0889a697eca5af41df50df7adcfeb9a81e3d71d2	I suppose it means the two of\nthem have grown that much.	machine	gemma-4-26B-A4B-it/UD-Q4_K_M/v2+story-v1/llama.cpp-b11443/t0	2026-10-06		
2093_200_34	0aa76d5983f12675935c117597b3c76e85a0bb8f	Eu-boy, let's go!	machine	gemma-4-26B-A4B-it/UD-Q4_K_M/v2+story-v1/llama.cpp-b11443/t0	2026-10-06		
2093_200_35	7ceacb12516b029fe313295ea9d2c1f698d85c80	I don't know what's going on,\nbut I won't forgive anyone\ntrying to ruin our final battle!	machine	gemma-4-26B-A4B-it/UD-Q4_K_M/v2+story-v1+short-v1/llama.cpp-b11443/t0	2026-10-06		
2093_200_36	8b289c326079a5a53652e9055e87b6f271cc8b00	Yeah! You're right!!	machine	gemma-4-26B-A4B-it/UD-Q4_K_M/v2+story-v1/llama.cpp-b11443/t0	2026-10-06		
2093_210_01	db9abcd5c77cfd130060566c786fad03617afdc6	Well, a mere Crested Creature\ncouldn't damage Mastima, but\nit should be enough to irritate\nit and disrupt its thoughts.	machine	gemma-4-26B-A4B-it/UD-Q4_K_M/v2+story-v1+short-v1/llama.cpp-b11443/t0	2026-10-06		
2093_210_02	c91620095dd6b18b5ca85827ba6be8adbe98d61d	Now, is there nothing else you\nwish to ask?	machine	gemma-4-26B-A4B-it/UD-Q4_K_M/v2+story-v1/llama.cpp-b11443/t0	2026-10-06		
2093_210_03	29d88eeb68a9f4edb0d93988524679706fc2fc2c	The relationship between Ex\nGiva, Mastima, and myself is as\nI have just explained...	machine	gemma-4-26B-A4B-it/UD-Q4_K_M/v2+story-v1/llama.cpp-b11443/t0	2026-10-06		
2093_210_04	a551e746be4f6ca2e775ab570fa9591ee8901fb5	You must be bored, being\ncooped up in a moldy Imperial\nCastle room like this.	machine	gemma-4-26B-A4B-it/UD-Q4_K_M/v2+story-v1/llama.cpp-b11443/t0	2026-10-06		
2093_210_05	c60750162b8ee4b242252750d5ef4ef566fbd450	I cannot let you out, but I do\nintend to meet your requests\nas much as possible.	machine	gemma-4-26B-A4B-it/UD-Q4_K_M/v2+story-v1/llama.cpp-b11443/t0	2026-10-06		
2093_210_06	b5e5c789f43b26baa08fdd2e99e51aa8e6fb14c7	You're the one who locked me\nup! If you want to talk so bad,\njust talk to yourself.	machine	gemma-4-26B-A4B-it/UD-Q4_K_M/v2+story-v1+short-v1/llama.cpp-b11443/t0	2026-10-06		
2093_210_07	3874932cae238bdfb069164574c55345b7b98182	It's true that there are plenty\nof things I want to know.	machine	gemma-4-26B-A4B-it/UD-Q4_K_M/v2+story-v1/llama.cpp-b11443/t0	2026-10-06		
2093_210_08	a4fdca7f26a62e2eda2fb83589bbf8d5820c7b58	But there isn't a single thing I'd\ngo out of my way to ask you to\ntell me!	machine	gemma-4-26B-A4B-it/UD-Q4_K_M/v2+story-v1/llama.cpp-b11443/t0	2026-10-06		
2093_210_09	8c8d30dc04d7bb7d385e55931c8c0da9631e628b	Good grief, how stubborn.	machine	gemma-4-26B-A4B-it/UD-Q4_K_M/v2+story-v1/llama.cpp-b11443/t0	2026-10-06		
2093_210_10	db520aff6dcd43b1c4e1cd7509696fde0833c9e6	However, it is truly fascinating\nthat even after losing your\nmemories, your fundamental\nnature remains unchanged.	machine	gemma-4-26B-A4B-it/UD-Q4_K_M/v2+story-v1/llama.cpp-b11443/t0	2026-10-06		
2093_210_11	817a12ee2ef3105360bd4d20f0e761e0dfa1d034	...The thought that someone\nlike you knows my past makes\nmy skin crawl!	machine	gemma-4-26B-A4B-it/UD-Q4_K_M/v2+story-v1/llama.cpp-b11443/t0	2026-10-06		
2093_210_12	95b4a09daca286327523d9e4f486dff6e7666a05	Yet, I doubt there is anyone\nelse who knows your past as\nwell as I do. Heh heh heh.	machine	gemma-4-26B-A4B-it/UD-Q4_K_M/v2+story-v1/llama.cpp-b11443/t0	2026-10-06		
2093_210_13	68748bf724c8877ed38cff97afea3329afbc3796	Everything about you, from A\nto Z, is completely incompatible\nwith me! What on earth are you\nplanning?!	machine	gemma-4-26B-A4B-it/UD-Q4_K_M/v2+story-v1/llama.cpp-b11443/t0	2026-10-06		
2093_210_14	261c0b1c2cf5b0d2f0cf034f87ef6ce08bf48fdd	You just want my Summoning\nCrest Arts, don't you?	machine	gemma-4-26B-A4B-it/UD-Q4_K_M/v2+story-v1/llama.cpp-b11443/t0	2026-10-06		
2093_210_15	8db1e2df3340f0a46469194f877dde33978ada6f	Well, too bad for you!	machine	gemma-4-26B-A4B-it/UD-Q4_K_M/v2+story-v1/llama.cpp-b11443/t0	2026-10-06		
2093_210_16	0dae01f14eedc7c112b0d812816b099ff9beaa73	I have no intention of using\nthem for someone like you, and\nif you try to force me, I'll bite\nmy tongue off and die!	machine	gemma-4-26B-A4B-it/UD-Q4_K_M/v2+story-v1/llama.cpp-b11443/t0	2026-10-06		
2093_210_17	aa670dd4b5dddcc46c20980da6b3fabb196b510a	You can't.	machine	gemma-4-26B-A4B-it/UD-Q4_K_M/v2+story-v1/llama.cpp-b11443/t0	2026-10-06		
2093_210_18	197253995a30cc88c9e0b0bb41141b73eda558e0	Don't underestimate me! I\ncan...!	machine	gemma-4-26B-A4B-it/UD-Q4_K_M/v2+story-v1/llama.cpp-b11443/t0	2026-10-06		
2093_210_19	0c8923739b85911e1d91ffbb885035aa0b3c3f2e	You can't. You simply cannot.	machine	gemma-4-26B-A4B-it/UD-Q4_K_M/v2+story-v1/llama.cpp-b11443/t0	2026-10-06		
2093_210_20	bec9a0e7132ccd93a29e028ccbb1eaafdadc0ea6	Not now that you've come to\nknow them... those people you\ncall "comrades."	machine	gemma-4-26B-A4B-it/UD-Q4_K_M/v2+story-v1/llama.cpp-b11443/t0	2026-10-06		
2093_210_21	63e79873cf6661240ecb6c2b69d23bb3f0157a4f	People like that always talk big,\nonly to end up clinging to hope\nin the end.	machine	gemma-4-26B-A4B-it/UD-Q4_K_M/v2+story-v1/llama.cpp-b11443/t0	2026-10-06		
2093_210_22	42689bef733d0b1ef6e66dd5df2037df26161a4a	...You...!	machine	gemma-4-26B-A4B-it/UD-Q4_K_M/v2+story-v1/llama.cpp-b11443/t0	2026-10-06		
2093_210_23	f2b19c09df8196023ef41643cf2e60090fb4fda8	Besides, it's fine.	machine	gemma-4-26B-A4B-it/UD-Q4_K_M/v2+story-v1/llama.cpp-b11443/t0	2026-10-06		
2093_210_24	c6418cae418115e35b3551417b1d394967f31b0a	No matter what you say, when\nthe time comes, you will\nundoubtedly use your\nSummoning Crest Arts for me\nonce again.	machine	gemma-4-26B-A4B-it/UD-Q4_K_M/v2+story-v1+short-v1/llama.cpp-b11443/t0	2026-10-06		
2093_210_25	7a3f8662f22785ddf121936fb818d0422169b7f1	Impossible! That will never\nhappen!!	machine	gemma-4-26B-A4B-it/UD-Q4_K_M/v2+story-v1/llama.cpp-b11443/t0	2026-10-06		
2093_210_26	254783d708668f3506d5922434a4cf7cdacc4cc3	No, it absolutely will.	machine	gemma-4-26B-A4B-it/UD-Q4_K_M/v2+story-v1/llama.cpp-b11443/t0	2026-10-06		
2093_210_27	ddd2a1d13a474f46a8f189a67c1b1e7a5c2afd54	My ultimate goal is the\nexpansion of the space-time\nrift caused by the Moonshadow\nLadder and Asyl.	machine	gemma-4-26B-A4B-it/UD-Q4_K_M/v2+story-v1/llama.cpp-b11443/t0	2026-10-06		
2093_210_28	4fbca6ae472e10a8908662d051573a1262d472f4	By using the Summoning Crest\nArts of the Beast Witches and\nEvelysse, I will widen that rift...	machine	gemma-4-26B-A4B-it/UD-Q4_K_M/v2+story-v1/llama.cpp-b11443/t0	2026-10-06		
2093_210_29	52364ea442bd114f4fdb42aea3e1edf936e835e8	...and bring the "Exorciser"\ndown upon this universe.	machine	gemma-4-26B-A4B-it/UD-Q4_K_M/v2+story-v1/llama.cpp-b11443/t0	2026-10-06		
2093_210_30	f8f49e9b3e7337f0db3170959314a500694cadb3	...As long as Mastima continues\nto think so...	machine	gemma-4-26B-A4B-it/UD-Q4_K_M/v2+story-v1/llama.cpp-b11443/t0	2026-10-06		
2093_210_31	ec8d307c921116df75300ae30eb5d8f5111c9120	Evelysse, you will undoubtedly\nuse your Summoning Crest\nArts once more.	machine	gemma-4-26B-A4B-it/UD-Q4_K_M/v2+story-v1/llama.cpp-b11443/t0	2026-10-06		
2093_210_32	be3bb9807fd6935dce1ee8bbbf9352afc0f58a4f	...What... are you saying?	machine	gemma-4-26B-A4B-it/UD-Q4_K_M/v2+story-v1/llama.cpp-b11443/t0	2026-10-06		
2093_210_33	44d17ba6874ba7f41f6f6f62832af9c5662952a1	It is true that I desired the\nExorciser. It was indeed a\nmajor objective.	machine	gemma-4-26B-A4B-it/UD-Q4_K_M/v2+story-v1/llama.cpp-b11443/t0	2026-10-06		
2093_210_34	252e11d8f3d5c9ac72d998e5fa29a03ebd32d788	But... who said that it was my\nultimate goal?	machine	gemma-4-26B-A4B-it/UD-Q4_K_M/v2+story-v1/llama.cpp-b11443/t0	2026-10-06		
2093_210_35	87c4d7eb2a3fa960a34b001a62dceb457cbb64db	Whether it was 100 years ago\nwhen I lived in Ex Giva,	machine	gemma-4-26B-A4B-it/UD-Q4_K_M/v2+story-v1/llama.cpp-b11443/t0	2026-10-06		
2093_210_36	eac0665991bad3157c968b447d92d231af6be1e4	or even after I became\ninvolved in this Holy Land War,\nI have been manipulating\nMastima to think that way.	machine	gemma-4-26B-A4B-it/UD-Q4_K_M/v2+story-v1/llama.cpp-b11443/t0	2026-10-06		
2093_210_37	8b863a6c334b65d8ad2ac5738ee6ba09611db3f6	And now, a visitor from another\nworld has arrived with\nEvelysse, bringing us to the\nbrink of manifesting the\nExorciser.	machine	gemma-4-26B-A4B-it/UD-Q4_K_M/v2+story-v1+short-v1/llama.cpp-b11443/t0	2026-10-06		
2093_210_38	70cd8aeee9d474cd3145e4ca4209464b254c276c	To achieve my goal, I have\neven come to believe that I\nneed you, Evelysse, and your\ncompanions.	machine	gemma-4-26B-A4B-it/UD-Q4_K_M/v2+story-v1/llama.cpp-b11443/t0	2026-10-06		
2093_210_39	ff931dee859654b4200f07a4c0e79936df0a3597	I will never underestimate\nthose winged insects.	machine	gemma-4-26B-A4B-it/UD-Q4_K_M/v2+story-v1/llama.cpp-b11443/t0	2026-10-06		
2093_210_40	87e2c660582777ba0dbf1c79802ac30da8fde627	It is certain that Mastima is\nthe one pulling the strings\nbehind Ricardo Franz.	machine	gemma-4-26B-A4B-it/UD-Q4_K_M/v2+story-v1/llama.cpp-b11443/t0	2026-10-06		
2093_210_41	74d5a9e7bae850b0a56c11c0d951eb31ea160569	If that is the case, then those\nwho were allied with Ricardo\nFranz should not have died in\nthe destruction of Asyl.	machine	gemma-4-26B-A4B-it/UD-Q4_K_M/v2+story-v1/llama.cpp-b11443/t0	2026-10-06		
2093_210_42	2e6f6a9e5230856499570b65da2083bbd6d20ac8	They will surely... Evelysse, they\nwill surely appear to "save"\nyou...	machine	gemma-4-26B-A4B-it/UD-Q4_K_M/v2+story-v1/llama.cpp-b11443/t0	2026-10-06		
2093_210_43	63de70e8791835fdc9fde3790994a0daae4d66bf	No one believes in your\n"companions" more than I do\nright now... Heh heh heh.	machine	gemma-4-26B-A4B-it/UD-Q4_K_M/v2+story-v1/llama.cpp-b11443/t0	2026-10-06		
2093_210_44	2c02ede3dba363073711a2d843fa5c9c4fea597c	...I'll... I'll never let you have your\nway!	machine	gemma-4-26B-A4B-it/UD-Q4_K_M/v2+story-v1/llama.cpp-b11443/t0	2026-10-06		
2093_210_45	5c2e1566870ecee726aeabdcf0fd8612689e7f96	I certainly hope you maintain\nthat spirit.	machine	gemma-4-26B-A4B-it/UD-Q4_K_M/v2+story-v1/llama.cpp-b11443/t0	2026-10-06		
2093_210_46	5d00fda09332f53e8c80b056d9c3e3df425a3ad9	I, too, shall not let my guard\ndown.	machine	gemma-4-26B-A4B-it/UD-Q4_K_M/v2+story-v1/llama.cpp-b11443/t0	2026-10-06		
2093_210_47	37f7626e3c42d86f96e45bdd303c2eac5a9d944d	I can't afford to be careless\nfacing Mastima, Ricardo Franz,\nand those alien winged insects.	machine	gemma-4-26B-A4B-it/UD-Q4_K_M/v2+story-v1+short-v1/llama.cpp-b11443/t0	2026-10-06		
2093_210_48	d12cd7c5bf8a9159a76e6b85f06dbe225b6b175e	This long-awaited moment is\nthe final touch.	machine	gemma-4-26B-A4B-it/UD-Q4_K_M/v2+story-v1/llama.cpp-b11443/t0	2026-10-06		
2093_210_49	55b445e022bbe64fb83d43ea80f2c436e11df0e2	We will meet them with\neverything we have, and then...\nwe will emerge victorious.	machine	gemma-4-26B-A4B-it/UD-Q4_K_M/v2+story-v1/llama.cpp-b11443/t0	2026-10-06		
2093_210_50	9c7925c3d9b950d967e2a812c45f469a776335c6	Because justice... will always\nprevail!!	machine	gemma-4-26B-A4B-it/UD-Q4_K_M/v2+story-v1/llama.cpp-b11443/t0	2026-10-06		
