message_id	ja_sha1	en	source	engine	date	editor	note
2081_010_01	eb1f1e83331f082a0467c60f6dfc7941446c8095	The Holy Land... Asyl.	machine	gemma-4-26B-A4B-it/UD-Q4_K_M/v2+story-v1/llama.cpp-b11443/t0	2026-10-06		
2081_010_02	d71d45d75f77c2b3d1d00be12c2f2e77e4e47930	I can't believe it. That I'm\nstanding right at the center of\nthe Holy Land War.	machine	gemma-4-26B-A4B-it/UD-Q4_K_M/v2+story-v1/llama.cpp-b11443/t0	2026-10-06		
2081_010_03	8d29a046e4505383521660dfdaa38bd8e0ac3d96	The center? Don't get it\ntwisted. This is the shadows.	machine	gemma-4-26B-A4B-it/UD-Q4_K_M/v2+story-v1/llama.cpp-b11443/t0	2026-10-06		
2081_010_04	c523fca00bec0667781016fd31e1d51b7dd96138	The shadows of history that\nwill never see the light of day.	machine	gemma-4-26B-A4B-it/UD-Q4_K_M/v2+story-v1/llama.cpp-b11443/t0	2026-10-06		
2081_010_05	da97264c460fdebcc30cd227590c978037d47d37	...I can see both sides of your\nargument. But I don't care how\nit looks to outsiders.	machine	gemma-4-26B-A4B-it/UD-Q4_K_M/v2+story-v1/llama.cpp-b11443/t0	2026-10-06		
2081_010_06	5d4c6f317c951cfe7b3891895df6c1836622e120	For us, this is undoubtedly the\ncenter of our lives.	machine	gemma-4-26B-A4B-it/UD-Q4_K_M/v2+story-v1/llama.cpp-b11443/t0	2026-10-06		
2081_010_07	c5be273dc3102a96d49f8d25233072680f34ca18	Whether we want it to be or\nnot... I suppose.	machine	gemma-4-26B-A4B-it/UD-Q4_K_M/v2+story-v1/llama.cpp-b11443/t0	2026-10-06		
2081_010_08	c75046a71df6b700811f1bf99447553ef3eed22e	...According to Administrator\nKoro's data,	machine	gemma-4-26B-A4B-it/UD-Q4_K_M/v2+story-v1/llama.cpp-b11443/t0	2026-10-06		
2081_010_09	6057b6cff17ede98151b007b1a3b78cd127e01d1	Hostilities have broken out\nbetween the Rubarika and\nBaschen navies about 2km to\nthe west.	machine	gemma-4-26B-A4B-it/UD-Q4_K_M/v2+story-v1+short-v1/llama.cpp-b11443/t0	2026-10-06		
2081_010_10	b6e045e319fdf4b02bb435165cb566bdb6a4dc43	The battle situation appears to\nfavor Rubarika slightly.	machine	gemma-4-26B-A4B-it/UD-Q4_K_M/v2+story-v1/llama.cpp-b11443/t0	2026-10-06		
2081_010_11	72c69963e310bda63f0ca10700e78038d4f4cab0	To minimize casualties on both\nsides, we must solve the\nmystery of Asyl quickly.	machine	gemma-4-26B-A4B-it/UD-Q4_K_M/v2+story-v1/llama.cpp-b11443/t0	2026-10-06		
2081_010_12	bf9c2f7e8f3cc844b459d086292d9501d31bf13a	I'm sure Tika is worried as well.	machine	gemma-4-26B-A4B-it/UD-Q4_K_M/v2+story-v1/llama.cpp-b11443/t0	2026-10-06		
2081_010_13	e669979cd4f20e848f4b9b6ee64d5409464be9b0	You're right. Let's go,\neveryone...	machine	gemma-4-26B-A4B-it/UD-Q4_K_M/v2+story-v1/llama.cpp-b11443/t0	2026-10-06		
2081_010_14	b9f2e8f0c150768f5ce7f8ddabf1cc84092b4762	Verda?	machine	gemma-4-26B-A4B-it/UD-Q4_K_M/v2+story-v1/llama.cpp-b11443/t0	2026-10-06		
2081_010_15	320e987c6194425b26df7295b95200185529be79	...Mm.	machine	gemma-4-26B-A4B-it/UD-Q4_K_M/v2+story-v1/llama.cpp-b11443/t0	2026-10-06		
2081_010_16	6b13f9bdaa39aa86ef2e1efe94845676de13fe41	What's wrong?	machine	gemma-4-26B-A4B-it/UD-Q4_K_M/v2+story-v1/llama.cpp-b11443/t0	2026-10-06		
2081_010_17	4a527e1b34871159a28d3fdfd112015d0fa25c93	...Mm. I understand. What\nRicardo says... cannot be\ntraded for Tika's safety...	machine	gemma-4-26B-A4B-it/UD-Q4_K_M/v2+story-v1/llama.cpp-b11443/t0	2026-10-06		
2081_010_18	f24e4e001320dd24143be211f2fa35ff1e59433b	But, I also wish I could have\ncome with you.	machine	gemma-4-26B-A4B-it/UD-Q4_K_M/v2+story-v1/llama.cpp-b11443/t0	2026-10-06		
2081_010_20	3124b03da4bcf388ff60c8792071647d0ba0c52d	What? You're dissatisfied too?\nLooks like that long period of\nbeing stranded made you lose\nsight of your duty as a soldier.	machine	gemma-4-26B-A4B-it/UD-Q4_K_M/v2+story-v1/llama.cpp-b11443/t0	2026-10-06		
2081_010_21	dcd6783fc809c620f7aaa297d07e66669247908f	This is a war. It's not some kid\nplaying hero.	machine	gemma-4-26B-A4B-it/UD-Q4_K_M/v2+story-v1/llama.cpp-b11443/t0	2026-10-06		
2081_010_22	4a39f6ac5eed566d4711ec3dd818e9c1fbc4e423	Making a decision like bringing\na civilian child to the front lines\nof a war is something a soldier\nshould never do.	machine	gemma-4-26B-A4B-it/UD-Q4_K_M/v2+story-v1/llama.cpp-b11443/t0	2026-10-06		
2081_010_24	b5ed0b1a5f96c8acef311be36448639d8517edcd	No, Captain, forgive me. To\nbring up something that has\nalready been decided...	machine	gemma-4-26B-A4B-it/UD-Q4_K_M/v2+story-v1/llama.cpp-b11443/t0	2026-10-06		
2081_010_25	6b2a46ed6f7e91bc9c47de31da9e720efc846010	Well, I can't say I don't\nunderstand how Verda feels.	machine	gemma-4-26B-A4B-it/UD-Q4_K_M/v2+story-v1/llama.cpp-b11443/t0	2026-10-06		
2081_010_26	9e6266013352f858b6b2efbd680c91928604e8b3	Besides, by Ricardo's logic,\nEve, Verda, and Welch should\nhave been kept safe on the\nship as well.	machine	gemma-4-26B-A4B-it/UD-Q4_K_M/v2+story-v1/llama.cpp-b11443/t0	2026-10-06		
2081_010_28	c77c7067ea0f89721e0728900fb1390ba9a0215f	Leave Tika behind on the\nship!? What on earth are you\nsaying?!	machine	gemma-4-26B-A4B-it/UD-Q4_K_M/v2+story-v1/llama.cpp-b11443/t0	2026-10-06		
2081_010_29	52912700c0e3419eb4606a1b4f9f5144f7035fd0	Big sister Verda...	machine	gemma-4-26B-A4B-it/UD-Q4_K_M/v2+story-v1/llama.cpp-b11443/t0	2026-10-06		
2081_010_30	3aedfc7eb7babd9520e6a58afe7af3fecb7b9b6c	Whoa, hey, is it really\nsomething to be that shocked\nabout?	machine	gemma-4-26B-A4B-it/UD-Q4_K_M/v2+story-v1/llama.cpp-b11443/t0	2026-10-06		
2081_010_31	3a168d10d8af6369e5cf2a6353fb92ff4d72c465	We're about to head to the\nHoly Land that Rubarika and\nBaschen are fighting tooth and\nnail to seize.	machine	gemma-4-26B-A4B-it/UD-Q4_K_M/v2+story-v1/llama.cpp-b11443/t0	2026-10-06		
2081_010_32	6f7c50b26735b60481dfa67548ea02ea44a9c57f	There's no way in hell I'm\nbringing Tika to a place like\nthat.	machine	gemma-4-26B-A4B-it/UD-Q4_K_M/v2+story-v1/llama.cpp-b11443/t0	2026-10-06		
2081_010_33	67859959c5fb457f76326b2b929d4b2b7f8ade3d	...I'm sorry, but I agree with him\non that point.	machine	gemma-4-26B-A4B-it/UD-Q4_K_M/v2+story-v1/llama.cpp-b11443/t0	2026-10-06		
2081_010_34	3dc280c22c8eb360d9234f35fa30dd8305b9f1ad	Historically, battles following\nthe emergence of a Holy Land\nresult in even greater\ncasualties than before.	machine	gemma-4-26B-A4B-it/UD-Q4_K_M/v2+story-v1/llama.cpp-b11443/t0	2026-10-06		
2081_010_35	4db4e1c2b5e9ba42e22c2c3ba579e7a4fbdebdaa	This time, Rubarika has the\nnew messenger, Kouya, and\nBaschen has that strange\nphenomenon that transformed\nthe witches.	machine	gemma-4-26B-A4B-it/UD-Q4_K_M/v2+story-v1+short-v1/llama.cpp-b11443/t0	2026-10-06		
2081_010_36	b56e57953b99e044f87f82c679c3b38bcab7ea6b	The danger is incomparable to\nanything we've faced before.	machine	gemma-4-26B-A4B-it/UD-Q4_K_M/v2+story-v1/llama.cpp-b11443/t0	2026-10-06		
2081_010_37	3827d6f906d1a753d1c481500252b3a7f5c0d9c1	He's right. Especially since our\ndestination is an unknown area\nwith absolutely no prior data.	machine	gemma-4-26B-A4B-it/UD-Q4_K_M/v2+story-v1/llama.cpp-b11443/t0	2026-10-06		
2081_010_38	2342607c957a1edfd04bfa0cdd5ee00907a52934	In a Holy Land that your\ntechnology cannot detect,\nthere are likely countless\nunknown traps as well.	machine	gemma-4-26B-A4B-it/UD-Q4_K_M/v2+story-v1/llama.cpp-b11443/t0	2026-10-06		
2081_010_39	280334672a7b672451e1af3a47112f5ee9d0ea61	I, too, must oppose Tika coming\nalong.	machine	gemma-4-26B-A4B-it/UD-Q4_K_M/v2+story-v1/llama.cpp-b11443/t0	2026-10-06		
2081_010_40	ab3bb69ec3831caad069f45ea04fe4140adbe6d5	Karlyn... even Henri.	machine	gemma-4-26B-A4B-it/UD-Q4_K_M/v2+story-v1/llama.cpp-b11443/t0	2026-10-06		
2081_010_41	f96418557a85c3655fa56b43796b5f00980b074b	There is no room to argue with\nthe three of them.	machine	gemma-4-26B-A4B-it/UD-Q4_K_M/v2+story-v1/llama.cpp-b11443/t0	2026-10-06		
2081_010_42	db041f11edd98af00143052bf331a51a08015ffc	I want to respect Verda's\nfeelings in accepting Tika as a\ncomrade, but...	machine	gemma-4-26B-A4B-it/UD-Q4_K_M/v2+story-v1/llama.cpp-b11443/t0	2026-10-06		
2081_010_43	77a3381ffe1a5027a53e4f3ccdad342d830a67f2	As for me, it is my duty to say\nthat I cannot allow Tika to be\nsent to the front lines of battle\nany longer.	machine	gemma-4-26B-A4B-it/UD-Q4_K_M/v2+story-v1/llama.cpp-b11443/t0	2026-10-06		
2081_010_45	2747760168edcb2a11075aa3712f3c37a8cd08c2	Tika.	machine	gemma-4-26B-A4B-it/UD-Q4_K_M/v2+story-v1/llama.cpp-b11443/t0	2026-10-06		
2081_010_46	d357e9e0ee2c45077c303458aa723d130914c48d	Yeah.	machine	gemma-4-26B-A4B-it/UD-Q4_K_M/v2+story-v1/llama.cpp-b11443/t0	2026-10-06		
2081_010_47	ea65282faecc03d773d7e15698de5c2c7a21c175	I'm sorry. Will you wait here for\nus to return?	machine	gemma-4-26B-A4B-it/UD-Q4_K_M/v2+story-v1/llama.cpp-b11443/t0	2026-10-06		
2081_010_48	b2c880f3257567773113f7a48f68cffc29288b79	Euwin!?	machine	gemma-4-26B-A4B-it/UD-Q4_K_M/v2+story-v1/llama.cpp-b11443/t0	2026-10-06		
2081_010_49	d6415babfd289890a2e3eb0f974806866214f2b1	Verda, remember what\nhappened at Baschen's Imperial\nCastle.	machine	gemma-4-26B-A4B-it/UD-Q4_K_M/v2+story-v1/llama.cpp-b11443/t0	2026-10-06		
2081_010_50	f16efb8881235da69367c48c747c72fdb4696d4b	Baschen's Imperial Castle?	machine	gemma-4-26B-A4B-it/UD-Q4_K_M/v2+story-v1/llama.cpp-b11443/t0	2026-10-06		
2081_010_51	0dd712c5eefc305a4683b5b6198bd2fce51cb052	During that battle, Tika's Arms\nwere destroyed.	machine	gemma-4-26B-A4B-it/UD-Q4_K_M/v2+story-v1/llama.cpp-b11443/t0	2026-10-06		
2081_010_52	c474c91b749b05e822384c3a79f3dc3a3e0a2871	If Valka hadn't saved you from\nthose beasts in Daftes, what\ndo you think would have\nhappened to Tika?	machine	gemma-4-26B-A4B-it/UD-Q4_K_M/v2+story-v1+short-v1/llama.cpp-b11443/t0	2026-10-06		
2081_010_54	832f4a6146ec2291cca1662564b3a0048e9818d7	It's true that Tika has always\nfought alongside us.	machine	gemma-4-26B-A4B-it/UD-Q4_K_M/v2+story-v1/llama.cpp-b11443/t0	2026-10-06		
2081_010_55	76eeea07148adcb44059412b6faa3cd3170646ba	But that's only because of the\npower of this Arms you\ncreated, Verda.	machine	gemma-4-26B-A4B-it/UD-Q4_K_M/v2+story-v1/llama.cpp-b11443/t0	2026-10-06		
2081_010_56	986ac1acc98536f13fcbf6fd81da704bce557b80	If her Arms were to break deep\nwithin the Holy Land, Tika\nwould be left completely\ndefenseless, thrown straight\ninto the battlefield.	machine	gemma-4-26B-A4B-it/UD-Q4_K_M/v2+story-v1/llama.cpp-b11443/t0	2026-10-06		
2081_010_57	cb5faf10750fea21a36141ffd1183e6ea589d555	In that case... if it comes to\nthat, Coro can just store her!	machine	gemma-4-26B-A4B-it/UD-Q4_K_M/v2+story-v1/llama.cpp-b11443/t0	2026-10-06		
2081_010_58	256bf3794af4d550cfca25fb9ed242000647b245	I am sorry. That is impossible.	machine	gemma-4-26B-A4B-it/UD-Q4_K_M/v2+story-v1/llama.cpp-b11443/t0	2026-10-06		
2081_010_59	3e4487dbcb625d136282a18b4c4e85184ace20b3	I thought as much.	machine	gemma-4-26B-A4B-it/UD-Q4_K_M/v2+story-v1/llama.cpp-b11443/t0	2026-10-06		
2081_010_60	e639ab2d72e637d7f363b0c46fe4029260486399	Yes. I cannot scan the interior\nof the Holy Land, Asyl, at all.	machine	gemma-4-26B-A4B-it/UD-Q4_K_M/v2+story-v1/llama.cpp-b11443/t0	2026-10-06		
2081_010_61	fe6bc5bcdb7e2a67db2d09e3f4dab2e236b5606d	Ideally, I'd transport everyone\nto the deepest part at once,\nbut since I can't, we must\nassume storage is also\nimpossible.	machine	gemma-4-26B-A4B-it/UD-Q4_K_M/v2+story-v1+short-v1/llama.cpp-b11443/t0	2026-10-06		
2081_010_62	147dbcd6b89584aaded659a9562a0bf08c647db8	...Verda. I understand how you\nfeel, but not here.	machine	gemma-4-26B-A4B-it/UD-Q4_K_M/v2+story-v1/llama.cpp-b11443/t0	2026-10-06		
2081_010_63	f87140db34cf31a2d8ef0c4ef34d82d2b062452a	...Thank you, Sister Verda.	machine	gemma-4-26B-A4B-it/UD-Q4_K_M/v2+story-v1/llama.cpp-b11443/t0	2026-10-06		
2081_010_64	176d4e0f5c92b05823bf0da148807f77fa9db9ab	I'm going to stay.	machine	gemma-4-26B-A4B-it/UD-Q4_K_M/v2+story-v1/llama.cpp-b11443/t0	2026-10-06		
2081_010_65	9848d0cd27e4614e1508b60e043c30295318ace5	Tika...	machine	gemma-4-26B-A4B-it/UD-Q4_K_M/v2+story-v1/llama.cpp-b11443/t0	2026-10-06		
2081_010_66	99c18f9695bef20ff490d001cd1cee802a90280b	I can't fight alone. I don't want\nto make everyone worry, and\nbesides...	machine	gemma-4-26B-A4B-it/UD-Q4_K_M/v2+story-v1/llama.cpp-b11443/t0	2026-10-06		
2081_010_67	42e697e5788f49afeeaa322d8b8b7235095df380	I'll be safe if I'm with Coro.	machine	gemma-4-26B-A4B-it/UD-Q4_K_M/v2+story-v1/llama.cpp-b11443/t0	2026-10-06		
2081_010_68	13b598ebbfa5611192569158bedce542c5a94fe0	I see... You're right.	machine	gemma-4-26B-A4B-it/UD-Q4_K_M/v2+story-v1/llama.cpp-b11443/t0	2026-10-06		
2081_010_69	bae9521004b6e9d2dbfff2ce38684ceec95dbee1	I'll stay here and wait for\neveryone to come back.	machine	gemma-4-26B-A4B-it/UD-Q4_K_M/v2+story-v1/llama.cpp-b11443/t0	2026-10-06		
2081_010_70	c55f83577aa88f5185c7bddf607a72696c06d21c	So... please come back safe\nand sound without getting hurt.\nThe battle isn't over until we're\nall home.	machine	gemma-4-26B-A4B-it/UD-Q4_K_M/v2+story-v1/llama.cpp-b11443/t0	2026-10-06		
2081_010_71	b838c5be44a00dc5f2ad633827e6141f5fc7e5c0	Exactly. No matter what\nhappens ahead, everyone has\nto return here at least once.	machine	gemma-4-26B-A4B-it/UD-Q4_K_M/v2+story-v1/llama.cpp-b11443/t0	2026-10-06		
2081_010_72	7780b919605885b640a629321f7c355fd68cbbda	Even if we blow the Holy Land\nto bits, there's still more to\ncome.	machine	gemma-4-26B-A4B-it/UD-Q4_K_M/v2+story-v1/llama.cpp-b11443/t0	2026-10-06		
2081_010_73	21bb26b6848fde76ec48ac858f8a460028108406	This isn't the final battle, so\nthings like this happen\nsometimes.	machine	gemma-4-26B-A4B-it/UD-Q4_K_M/v2+story-v1/llama.cpp-b11443/t0	2026-10-06		
2081_010_74	0e05d35f29b368eec73cdf195175eb31b514ecba	All right...	machine	gemma-4-26B-A4B-it/UD-Q4_K_M/v2+story-v1/llama.cpp-b11443/t0	2026-10-06		
2081_010_75	53e8bd62d79cc152b09db986318313e201b0cfd5	Tika, we're heading out. Be a\ngood girl and wait for us.	machine	gemma-4-26B-A4B-it/UD-Q4_K_M/v2+story-v1/llama.cpp-b11443/t0	2026-10-06		
2081_010_76	413dfe45038c3dce2f17fba0dc7beb6b43dfcf4f	Okay! Verda, please be careful\ntoo!	machine	gemma-4-26B-A4B-it/UD-Q4_K_M/v2+story-v1/llama.cpp-b11443/t0	2026-10-06		
2081_010_78	3fdc149c0458e70d84da781e989b29d28473b42c	Leave it to me. I will wait for\nthe Captains' return alongside\nTika and Rekoro.	machine	gemma-4-26B-A4B-it/UD-Q4_K_M/v2+story-v1/llama.cpp-b11443/t0	2026-10-06		
2081_010_79	d6e968ec1b1ba3ed17c367990af5be9bb85cbc08	So, it's decided.	machine	gemma-4-26B-A4B-it/UD-Q4_K_M/v2+story-v1/llama.cpp-b11443/t0	2026-10-06		
2081_010_80	eb6eab03dc252254f579bd2156fc03d6ba2facb9	We're running out of time. Let's\nmove.	machine	gemma-4-26B-A4B-it/UD-Q4_K_M/v2+story-v1/llama.cpp-b11443/t0	2026-10-06		
2081_010_81	cffeaeb99f4571425a2cf099e792ac1662742ab1	...So everything, from start to\nfinish, is just playing into their\nhands.	machine	gemma-4-26B-A4B-it/UD-Q4_K_M/v2+story-v1/llama.cpp-b11443/t0	2026-10-06		
2081_010_82	6b13f9bdaa39aa86ef2e1efe94845676de13fe41	What's wrong?	machine	gemma-4-26B-A4B-it/UD-Q4_K_M/v2+story-v1/llama.cpp-b11443/t0	2026-10-06		
2081_010_83	f2692a9b780ae06d8d5267b659f131eac367d809	...I'm just feeling depressed\nthinking about what lies ahead.	machine	gemma-4-26B-A4B-it/UD-Q4_K_M/v2+story-v1/llama.cpp-b11443/t0	2026-10-06		
2081_010_84	78710b2f3a294e009b2fcd6e9f2717445229b1d2	Is that so? Well, as long as\nyou're okay.	machine	gemma-4-26B-A4B-it/UD-Q4_K_M/v2+story-v1/llama.cpp-b11443/t0	2026-10-06		
2081_010_85	f6c8478d101b6aa3fa89e27a49171f5ae8d90215	This place will become a\nbattlefield soon. There's no\ntelling what's happening inside\nAsyl, either.	machine	gemma-4-26B-A4B-it/UD-Q4_K_M/v2+story-v1/llama.cpp-b11443/t0	2026-10-06		
2081_010_86	48e626da2ce893af8150732cd7ff78c7207fd169	Don't you lot get careless.\nLet's go.	machine	gemma-4-26B-A4B-it/UD-Q4_K_M/v2+story-v1/llama.cpp-b11443/t0	2026-10-06		
2081_010_87	fa3fbe72b50351a8a7c0245e2ca13fab4e9b7678	...You're acting like the leader\nnow, but aren't you a General?\nShouldn't you be leading the\nRubarika army?	machine	gemma-4-26B-A4B-it/UD-Q4_K_M/v2+story-v1+short-v1/llama.cpp-b11443/t0	2026-10-06		
2081_010_88	ff63217d20d0f5459b78956091cbec3a4ffd0bde	Someone else is leading them.\nMy job right now is to crush\nAsyl.	machine	gemma-4-26B-A4B-it/UD-Q4_K_M/v2+story-v1/llama.cpp-b11443/t0	2026-10-06		
2081_010_89	59d4c15d2e64af0bb387f2724f356e6b2f958c20	Someone else...? You mean the\nKing of Rubarika?	machine	gemma-4-26B-A4B-it/UD-Q4_K_M/v2+story-v1/llama.cpp-b11443/t0	2026-10-06		
2081_010_90	38e3514115fb0dae7d720fd9a86f77ae2517e3ce	Huh? There's no way an\nincompetent like him could hold\nhis own against the current\nBaschen.	machine	gemma-4-26B-A4B-it/UD-Q4_K_M/v2+story-v1/llama.cpp-b11443/t0	2026-10-06		
2081_010_91	9fbd24d93418abc3e75cbb522b9aba747258f888	Taking advantage of having\nKoya, he's the kind of guy who\ntreats military deployment like\na piece of shit, feeding in\nforces bit by bit on a national\nscale.	machine	gemma-4-26B-A4B-it/UD-Q4_K_M/v2+story-v1/llama.cpp-b11443/t0	2026-10-06		
2081_010_92	7de7506f628f20a8712757c60c63698fd5f085d8	Then who on earth is it?	machine	gemma-4-26B-A4B-it/UD-Q4_K_M/v2+story-v1/llama.cpp-b11443/t0	2026-10-06		
2081_010_93	baa969e3b8a37eac87f7aaec2e3b3ebe68136073	I'll tell you that once the Holy\nLand War is over.	machine	gemma-4-26B-A4B-it/UD-Q4_K_M/v2+story-v1/llama.cpp-b11443/t0	2026-10-06		
2081_010_94	43aeb7db6826f13a6ec72fe1cf9d882866aa555e	Let's move. I've heard the path\nahead is such a demon's den,\neven those Baschen beasts will\nlook cute by comparison.	machine	gemma-4-26B-A4B-it/UD-Q4_K_M/v2+story-v1+short-v1/llama.cpp-b11443/t0	2026-10-06		
2081_010_95	8b39f17ffa8f7edc2a092f87f9d794ab3af4a07e	Y-yes. Understood.	machine	gemma-4-26B-A4B-it/UD-Q4_K_M/v2+story-v1/llama.cpp-b11443/t0	2026-10-06		
2081_010_96	dced72d05f2922e41ecd2fec5e901ee52f6b151c	Welch, don't go messing around\nwith strange things, okay?	machine	gemma-4-26B-A4B-it/UD-Q4_K_M/v2+story-v1/llama.cpp-b11443/t0	2026-10-06		
2081_010_97	a58debba99bd7f670173798b8fb837121de23a71	I can't make any promises.	machine	gemma-4-26B-A4B-it/UD-Q4_K_M/v2+story-v1/llama.cpp-b11443/t0	2026-10-06		
2081_010_98	223a21c563c49ed3537f0fc2b7ca3eaaa7179515	Hey!	machine	gemma-4-26B-A4B-it/UD-Q4_K_M/v2+story-v1/llama.cpp-b11443/t0	2026-10-06		
2081_030_02	edb9b1479a45365ff0ceb8adcb07e0055c73ee95	Dr. Belda. What is the matter?\nYou have been silent for some\ntime now.	machine	gemma-4-26B-A4B-it/UD-Q4_K_M/v2+story-v1/llama.cpp-b11443/t0	2026-10-06		
2081_030_03	eee8e3b56d113edbb9fbbfb96a797545cab47189	...I have been preoccupied with\nwhat Ricardo said.	machine	gemma-4-26B-A4B-it/UD-Q4_K_M/v2+story-v1/llama.cpp-b11443/t0	2026-10-06		
2081_030_04	61b96eb861dd390bb7f4bda7de6606cb6ad18bda	What do you mean by that?	machine	gemma-4-26B-A4B-it/UD-Q4_K_M/v2+story-v1/llama.cpp-b11443/t0	2026-10-06		
2081_030_05	8578f9fdc6c305d33b7f06268016232ae5d59ffe	Can't you see it, Valka?	machine	gemma-4-26B-A4B-it/UD-Q4_K_M/v2+story-v1/llama.cpp-b11443/t0	2026-10-06		
2081_030_06	612f6299e08c91e95b557569f3a35ed4c9d2d99e	Hmm?	machine	gemma-4-26B-A4B-it/UD-Q4_K_M/v2+story-v1/llama.cpp-b11443/t0	2026-10-06		
2081_030_07	dca9e6c6966d649331e77716e4603e2016214a7b	Ricardo has been in contact\nwith advanced planetary\ncivilizations.	machine	gemma-4-26B-A4B-it/UD-Q4_K_M/v2+story-v1/llama.cpp-b11443/t0	2026-10-06		
2081_030_08	9a0f5537b82907ecdf5644e7e3782c5236bb22fd	His knowledge of the armor\nand the captain's ship makes it\nclear. He is undoubtedly from\nan advanced planet.	machine	gemma-4-26B-A4B-it/UD-Q4_K_M/v2+story-v1+short-v1/llama.cpp-b11443/t0	2026-10-06		
2081_030_09	261dce7b44722d0b1b2c6af00eb906a278627eb0	If that is the case, he should\npossess even more massive\nmeans to destroy the Holy\nLand.	machine	gemma-4-26B-A4B-it/UD-Q4_K_M/v2+story-v1/llama.cpp-b11443/t0	2026-10-06		
2081_030_10	69a960b760d9f7cf9004c3854719dc38337dd71f	...I see.	machine	gemma-4-26B-A4B-it/UD-Q4_K_M/v2+story-v1/llama.cpp-b11443/t0	2026-10-06		
2081_030_11	e83d5cb387c46b565a190e403ed1f36581b27487	His obsession with Tika might\nactually stem from the\npossibility that he is an\nacquaintance of hers.	machine	gemma-4-26B-A4B-it/UD-Q4_K_M/v2+story-v1/llama.cpp-b11443/t0	2026-10-06		
2081_030_12	b397a147932ce6aeb1237a88a2e4503ea42b1511	But even so, I don't get why\nhe'd hide his face, or why he's\nforcing the Holy Land War to\nan end so aggressively.	machine	gemma-4-26B-A4B-it/UD-Q4_K_M/v2+story-v1+short-v1/llama.cpp-b11443/t0	2026-10-06		
2081_030_13	cf34d4be6685dce03e5cff02c420d6e6d1e4fcf3	I do not believe his words\nabout prioritizing Tika's safety\nare a lie, but...	machine	gemma-4-26B-A4B-it/UD-Q4_K_M/v2+story-v1/llama.cpp-b11443/t0	2026-10-06		
2081_030_14	e603f4ce6cb7ff5170eb249a3d5a1121a96da598	Even so, the way he protects\nTika is far too indirect.	machine	gemma-4-26B-A4B-it/UD-Q4_K_M/v2+story-v1/llama.cpp-b11443/t0	2026-10-06		
2081_030_15	912b456954eb778d85b77dc9ace1276a229e1982	If he knows that ending the\nHoly Land War will lead to\nTika's future,	machine	gemma-4-26B-A4B-it/UD-Q4_K_M/v2+story-v1/llama.cpp-b11443/t0	2026-10-06		
2081_030_16	18774de9b6e49643c112bb71d397e594e7ff74aa	then ending the war and\nensuring Tika's safety are not\nin contradiction...	machine	gemma-4-26B-A4B-it/UD-Q4_K_M/v2+story-v1/llama.cpp-b11443/t0	2026-10-06		
2081_030_17	f8cc73fdf45e4a8596b26ffea961b4f34a4c77db	But the problem is, how did\nRicardo himself come to know\nthat?	machine	gemma-4-26B-A4B-it/UD-Q4_K_M/v2+story-v1/llama.cpp-b11443/t0	2026-10-06		
2081_030_18	f70c9862ffdf277a73c094098644a1c388ddeec3	Thinking logically, it would mean\nhe, too, is acting under\nsomeone else's will.	machine	gemma-4-26B-A4B-it/UD-Q4_K_M/v2+story-v1/llama.cpp-b11443/t0	2026-10-06		
2081_030_19	472ba57c60db6a753c1dbed4001a9c6f4582deb8	Precisely. And most likely, that\nperson is...	machine	gemma-4-26B-A4B-it/UD-Q4_K_M/v2+story-v1/llama.cpp-b11443/t0	2026-10-06		
2081_030_20	ceb2d3227dd488d048c15da3e11fa29f3ffcb483	Daftes's messenger... or\nsomething like that. I heard her\nname is Elaine...	machine	gemma-4-26B-A4B-it/UD-Q4_K_M/v2+story-v1/llama.cpp-b11443/t0	2026-10-06		
2081_030_21	6287c62ca139558348e4322bf07fa3a0f6f6a6d6	If Ricardo was recruited during\nthe last Holy Land War, then it\nwouldn't be unnatural.	machine	gemma-4-26B-A4B-it/UD-Q4_K_M/v2+story-v1/llama.cpp-b11443/t0	2026-10-06		
2081_030_22	2d2197171bfbbd234485f43a56148afbf3a10bd3	And yet, Ricardo has a reason\nwhy he cannot defy that\nperson.	machine	gemma-4-26B-A4B-it/UD-Q4_K_M/v2+story-v1/llama.cpp-b11443/t0	2026-10-06		
2081_030_23	d4ca8e85ccfb290ba478eaac755e3cab601eee8b	Despite having enough power\nto fight like that, even against\nthe Witch of Beasts and\nBaschen's beasts.	machine	gemma-4-26B-A4B-it/UD-Q4_K_M/v2+story-v1/llama.cpp-b11443/t0	2026-10-06		
2081_030_24	f8d2da9c8eb5b6d2cb3a1f832fa51c93740f2142	I see.	machine	gemma-4-26B-A4B-it/UD-Q4_K_M/v2+story-v1/llama.cpp-b11443/t0	2026-10-06		
2081_030_25	b0ac6b128047510f4fee98993237f31e33be7f7f	As for Asyl, he also hints here\nand there that he is receiving\ninformation from someone.	machine	gemma-4-26B-A4B-it/UD-Q4_K_M/v2+story-v1/llama.cpp-b11443/t0	2026-10-06		
2081_030_26	b6d5b8b53e81d884b3491a7db3224449faa08e55	He is a man to be wary of. It\nwould be wise for us to stay\non our guard.	machine	gemma-4-26B-A4B-it/UD-Q4_K_M/v2+story-v1/llama.cpp-b11443/t0	2026-10-06		
2081_030_27	381786bec8e3dfb46578d08a528b7efde6b98eb9	Very well.	machine	gemma-4-26B-A4B-it/UD-Q4_K_M/v2+story-v1/llama.cpp-b11443/t0	2026-10-06		
2081_030_28	277689dca03b549c657c6084400dab916e274a9a	Understood.	machine	gemma-4-26B-A4B-it/UD-Q4_K_M/v2+story-v1/llama.cpp-b11443/t0	2026-10-06		
2081_030_29	f0e40c52ca0b2b73fe70e06b936b3dd60eddbc53	...To be honest, I am grateful to\nyou two.	machine	gemma-4-26B-A4B-it/UD-Q4_K_M/v2+story-v1/llama.cpp-b11443/t0	2026-10-06		
2081_030_30	612f6299e08c91e95b557569f3a35ed4c9d2d99e	Henri & Valka: Hmm?	machine	gemma-4-26B-A4B-it/UD-Q4_K_M/v2+story-v1/llama.cpp-b11443/t0	2026-10-06		
2081_030_31	612f6299e08c91e95b557569f3a35ed4c9d2d99e	Hmm?	machine	gemma-4-26B-A4B-it/UD-Q4_K_M/v2+story-v1/llama.cpp-b11443/t0	2026-10-06		
2081_030_32	4663670307a72e448bfe0b3f54d34750006fe544	Eve and the Captain are, well,\ngood people, but...	machine	gemma-4-26B-A4B-it/UD-Q4_K_M/v2+story-v1/llama.cpp-b11443/t0	2026-10-06		
2081_030_33	819d28a4f98cb49792f16ea342e4e9b57b7999d1	They are far too\nstraightforward; I cannot\nentrust them with such political\nmaneuvering.	machine	gemma-4-26B-A4B-it/UD-Q4_K_M/v2+story-v1/llama.cpp-b11443/t0	2026-10-06		
2081_030_34	d4ac5901c08caf82948e499d707cf9ba5beed251	...Actually, I am not very good\nat those kinds of things...	machine	gemma-4-26B-A4B-it/UD-Q4_K_M/v2+story-v1/llama.cpp-b11443/t0	2026-10-06		
2081_030_35	fdc088a91a79a627c4ee0b87e08bfd4b5af03971	I think that is not the case.	machine	gemma-4-26B-A4B-it/UD-Q4_K_M/v2+story-v1/llama.cpp-b11443/t0	2026-10-06		
2081_030_36	b9dc34aa4596afc0a03eaa1dc2021c3af3e88f1d	Valka, you may seem\ntemperamental, but your\nactions always match your\nwords. You are truly a\nfirst-class warrior.	machine	gemma-4-26B-A4B-it/UD-Q4_K_M/v2+story-v1+short-v1/llama.cpp-b11443/t0	2026-10-06		
2081_030_37	5be26e572585406eb36d2989657e0858ec29fe96	Really? You think so...? Ehehe...\nA first-class warrior, ehehe...	machine	gemma-4-26B-A4B-it/UD-Q4_K_M/v2+story-v1/llama.cpp-b11443/t0	2026-10-06		
2081_030_38	b3dffac4e15e92c581f5e994f8dc32679d294386	...You are, how should I put\nthis, a Nervous Tension.\nPerhaps you should act more\nlike a child and leave things to\nothers once in a while?	machine	gemma-4-26B-A4B-it/UD-Q4_K_M/v2+story-v1/llama.cpp-b11443/t0	2026-10-06		
2081_030_39	e6ba50dd56cb8aa1a8631b4a5bf154b57a747684	It is a trait I inherited from my\ngrandfather. There is no\nchanging it.	machine	gemma-4-26B-A4B-it/UD-Q4_K_M/v2+story-v1/llama.cpp-b11443/t0	2026-10-06		
2082_050_01	fe9881d4f2cf7a5de3b34adafe3972d2199da8e0	Just what kind of creatures\nare nesting in this holy land?	machine	gemma-4-26B-A4B-it/UD-Q4_K_M/v2+story-v1/llama.cpp-b11443/t0	2026-10-06		
2082_050_02	efb0e72923f61a73051ecf52b86d8babf1ecb7c9	I mean, why are there things\nlike this in a holy land that was\nsupposed to be at the bottom\nof the sea!?	machine	gemma-4-26B-A4B-it/UD-Q4_K_M/v2+story-v1/llama.cpp-b11443/t0	2026-10-06		
2082_050_03	18f89914ee755979782363c029e5e7812e8d3672	They look much newer than the\nones we encountered with\nHenri. This is making things\nincredibly difficult.	machine	gemma-4-26B-A4B-it/UD-Q4_K_M/v2+story-v1/llama.cpp-b11443/t0	2026-10-06		
2082_050_04	7cbe037d1f172c6cb1ecad810ab45293523cafac	Aaaah, it's such a waste to\ndestroy them! I want to study\nthem! Hey, can I take some of\nthe broken ones back with\nme!?	machine	gemma-4-26B-A4B-it/UD-Q4_K_M/v2+story-v1+short-v1/llama.cpp-b11443/t0	2026-10-06		
2082_050_05	9f64fe55172787a5f9e91c3a654b7f008118ac9c	Do as you wish, but you'll have\nto hold off the Rubarika and\nBaschen forces that come\ncharging in later all by yourself.	machine	gemma-4-26B-A4B-it/UD-Q4_K_M/v2+story-v1/llama.cpp-b11443/t0	2026-10-06		
2082_050_06	0654fa3fb0c545a3db7a754ad12404d00df85afd	Hmph, stingy! Coro! You can\nuse communications, right!\nCan't you recover these\nthings!?	machine	gemma-4-26B-A4B-it/UD-Q4_K_M/v2+story-v1/llama.cpp-b11443/t0	2026-10-06		
2082_050_07	668b4e166bf59965243c738a4f6179de34939a52	I can't! Even this voice\ntransmission uses ancient radio\nwaves; I'm struggling just to\nkeep the connection from\ndropping!	machine	gemma-4-26B-A4B-it/UD-Q4_K_M/v2+story-v1+short-v1/llama.cpp-b11443/t0	2026-10-06		
2082_050_08	d430f96086df82d5fbbf2191e17bd5a15151508e	"If we tried to use matter\ntransfer in this state, their\nmolecular structures would be\ndestroyed!"	machine	gemma-4-26B-A4B-it/UD-Q4_K_M/v2+story-v1/llama.cpp-b11443/t0	2026-10-06		
2082_050_09	209eeb004a24151c8b3bb817dda4d9ffd38c164e	What a huge wasteeeee!	machine	gemma-4-26B-A4B-it/UD-Q4_K_M/v2+story-v1/llama.cpp-b11443/t0	2026-10-06		
2082_050_10	ba388eb336555129a4e504c04d8731bc150a62f2	...Wait, huh? What's that?	machine	gemma-4-26B-A4B-it/UD-Q4_K_M/v2+story-v1/llama.cpp-b11443/t0	2026-10-06		
2082_050_11	daa97af5fa0d8deabb95740e6e044b00a590af67	What is it? Something is\nmoving through the corridor.	machine	gemma-4-26B-A4B-it/UD-Q4_K_M/v2+story-v1/llama.cpp-b11443/t0	2026-10-06		
2082_050_12	372e052cac003139da8136f783d59c75c96bcad1	They don't seem to be\nattacking... It looks like a\npolyhedral object, almost\nspherical in shape.	machine	gemma-4-26B-A4B-it/UD-Q4_K_M/v2+story-v1/llama.cpp-b11443/t0	2026-10-06		
2082_050_13	dc4f436a1384c8837cffa1bf569f12ac7df9591f	It's particularly strange, even\namong the objects moving\ninside here.	machine	gemma-4-26B-A4B-it/UD-Q4_K_M/v2+story-v1/llama.cpp-b11443/t0	2026-10-06		
2082_050_14	c62cbcb8433c574e0f934b6092fc1d3969fa1e71	<font color=blue>Valka</font> A quick scan shows this\nis a hybrid device, combining\nGlyph Arts with mechanical\nstructures.	machine	gemma-4-26B-A4B-it/UD-Q4_K_M/v2+story-v1+short-v1/llama.cpp-b11443/t0	2026-10-06		
2082_050_15	85c0a8ccbf9f61a5c516034ef5e585e964ad98e8	The patterns engraved on the\nsurface seem to be an\napplication of Teleportation\nGlyph Arts.	machine	gemma-4-26B-A4B-it/UD-Q4_K_M/v2+story-v1/llama.cpp-b11443/t0	2026-10-06		
2082_050_16	d781c7934855f2a854e16c57bc71d3eb7e1990e1	<font color=blue>Karlyn</font> Teleportation Glyph\nArts?	machine	gemma-4-26B-A4B-it/UD-Q4_K_M/v2+story-v1/llama.cpp-b11443/t0	2026-10-06		
2082_050_17	aafe53cd2c2d648f0c830ae9a2ad7a0a2c3707bd	<font color=blue>Valka</font> It is exactly what the\nname implies: an art that\nteleports whatever it touches\nto an arbitrary location.	machine	gemma-4-26B-A4B-it/UD-Q4_K_M/v2+story-v1/llama.cpp-b11443/t0	2026-10-06		
2082_050_18	19905b23d42273793b7062e2c1cdb91c7155d41b	I believe it corresponds to the\nglyph engraved on the floor at\nthe entrance of this floor.	machine	gemma-4-26B-A4B-it/UD-Q4_K_M/v2+story-v1/llama.cpp-b11443/t0	2026-10-06		
2082_050_19	e59e18ab20430de16b2752368ea87918b78db867	<font color=blue>Euwin</font> So you're saying if we\ntouch that, we'll be sent right\nback to the entrance...	machine	gemma-4-26B-A4B-it/UD-Q4_K_M/v2+story-v1/llama.cpp-b11443/t0	2026-10-06		
2082_050_20	13c7447176264d14ad85acba82d2f58f148a6a9b	<font color=blue>Eve</font> Hey, Coro. Can you analyze\nthat strange object's\nmovement, even just from the\nvideo feed?	machine	gemma-4-26B-A4B-it/UD-Q4_K_M/v2+story-v1+short-v1/llama.cpp-b11443/t0	2026-10-06		
2082_050_21	9b028957ab030adf61ec28847e4aa9a253d1de60	The passage is narrow; if we\nget separated, it'll be a\ndisaster. I wonder if we can at\nleast analyze its movement\npatterns...	machine	gemma-4-26B-A4B-it/UD-Q4_K_M/v2+story-v1+short-v1/llama.cpp-b11443/t0	2026-10-06		
2082_050_22	65463c21afe4054b679d17147b9c15efc55e1a3a	Captain?	machine	gemma-4-26B-A4B-it/UD-Q4_K_M/v2+story-v1/llama.cpp-b11443/t0	2026-10-06		
2082_050_24	798b51f133ee696a1889152aaf7baf7938363c13	<font color=blue>Coro</font> "Yes, you're right. This is\nprobably...	machine	gemma-4-26B-A4B-it/UD-Q4_K_M/v2+story-v1/llama.cpp-b11443/t0	2026-10-06		
2082_050_25	4b0b3c9d759bae4435d0acd4ae01c24e24e871ab	Found it! I'll run the\ncalculations now!"	machine	gemma-4-26B-A4B-it/UD-Q4_K_M/v2+story-v1/llama.cpp-b11443/t0	2026-10-06		
2082_050_26	1c2373c601a64ca8c1f6e48e49aa18a95b23c314	<font color=blue>Eve</font> W-what's wrong?	machine	gemma-4-26B-A4B-it/UD-Q4_K_M/v2+story-v1/llama.cpp-b11443/t0	2026-10-06		
2082_050_27	22748157c64bf345aa5196c7f175c927d5dd4ef0	<font color=blue>Coro</font> "Calculation complete. I\nam transferring the\npolyhedron's movement pattern\nto the Captain's Quad Scanner.	machine	gemma-4-26B-A4B-it/UD-Q4_K_M/v2+story-v1/llama.cpp-b11443/t0	2026-10-06		
2082_050_28	3de4245dbc0338a3f8bf43f774ceafc3ef984105	Since it's radio communication,\nthe data is quite heavy... but I\nbelieve this movement pattern\nshould work."	machine	gemma-4-26B-A4B-it/UD-Q4_K_M/v2+story-v1/llama.cpp-b11443/t0	2026-10-06		
2082_050_29	d10999605458e55cd4ead3c94d579e7508c4df62	<font color=blue>Eve</font> What do you mean by\nthat...?	machine	gemma-4-26B-A4B-it/UD-Q4_K_M/v2+story-v1/llama.cpp-b11443/t0	2026-10-06		
2082_050_30	b55a2ad4031d433f1264c3f5881d49ae1c1d2276	That's incredibly detailed. Can\nyou really tell just by looking?\nDid you actually calculate it\nproperly!?	machine	gemma-4-26B-A4B-it/UD-Q4_K_M/v2+story-v1/llama.cpp-b11443/t0	2026-10-06		
2082_050_31	1b60fef9826faa80419ca77d4c6c941ddb3a73e8	<font color=blue>Coro</font> "I did! I'm certain of it!	machine	gemma-4-26B-A4B-it/UD-Q4_K_M/v2+story-v1/llama.cpp-b11443/t0	2026-10-06		
2082_050_32	32073bbd89fd9728872c6fc931c052d8e8dba919	Actually, I've been wondering\nabout this for a while now,	machine	gemma-4-26B-A4B-it/UD-Q4_K_M/v2+story-v1/llama.cpp-b11443/t0	2026-10-06		
2082_050_33	3836bc0590ad09e7e8e4974a33a9be990ce2fa78	The structural philosophy of\nthis holy land, Asyl, is strikingly\nsimilar to several structures in\nthe Galactic Federation's\ndatabase.	machine	gemma-4-26B-A4B-it/UD-Q4_K_M/v2+story-v1+short-v1/llama.cpp-b11443/t0	2026-10-06		
2082_050_34	25cafb95574f37e3924aab493cbb056c0500dfc5	<font color=blue>Ricardo</font> ...	machine	gemma-4-26B-A4B-it/UD-Q4_K_M/v2+story-v1/llama.cpp-b11443/t0	2026-10-06		
2082_050_35	141f47a778d6b8d7efb7f615ab25074cd58cd75b	<font color=blue>Verda</font> What are you talking\nabout?	machine	gemma-4-26B-A4B-it/UD-Q4_K_M/v2+story-v1/llama.cpp-b11443/t0	2026-10-06		
2082_050_36	4371efe310a05fe4a288ddc9b76e1c7c7e7bb8bd	<font color=blue>Coro</font> "The polyhedron in\nquestion is also a spitting\nimage of the devices installed\nin those structures."	machine	gemma-4-26B-A4B-it/UD-Q4_K_M/v2+story-v1/llama.cpp-b11443/t0	2026-10-06		
2082_050_37	25afbe8eadf5bdce3b6e55a44cc78ca6c47b09c0	<font color=blue>Eve</font> Really? What kind of\nstructures are they?	machine	gemma-4-26B-A4B-it/UD-Q4_K_M/v2+story-v1/llama.cpp-b11443/t0	2026-10-06		
2082_050_38	18175f7d5b9cdc313c85d9ba1b65e3167b74911c	<font color=blue>Coro</font> 『I don't think you'd\nunderstand even if I told you,\nEve.』	machine	gemma-4-26B-A4B-it/UD-Q4_K_M/v2+story-v1/llama.cpp-b11443/t0	2026-10-06		
2082_050_39	af20064d42208294748808c9fa36ecc803140435	<font color=blue>Eve</font> Why you...! You can't just\nsay something like that and\nleave it at that!	machine	gemma-4-26B-A4B-it/UD-Q4_K_M/v2+story-v1/llama.cpp-b11443/t0	2026-10-06		
2082_050_40	d632725b33e118795aa0291375c49aae16792838	<font color=blue>Ricardo</font> Your analysis is likely\ncorrect.	machine	gemma-4-26B-A4B-it/UD-Q4_K_M/v2+story-v1/llama.cpp-b11443/t0	2026-10-06		
2082_050_41	5e7ab7f845e5b53ae5d384f2c199ecc5b4a05b44	<font color=blue>Coro</font> 『Huh?』	machine	gemma-4-26B-A4B-it/UD-Q4_K_M/v2+story-v1/llama.cpp-b11443/t0	2026-10-06		
2082_050_42	907f7e069fc364cfd088596115a5a6abefc9ddf6	<font color=blue>Ricardo</font> I hear there are\nbuildings similar to this holy\nland, Asyl, all over the universe.	machine	gemma-4-26B-A4B-it/UD-Q4_K_M/v2+story-v1/llama.cpp-b11443/t0	2026-10-06		
2082_050_43	dc936a956ae3abf37eb7494a78b64bd5d834cee9	They're all in remote locations,\nhidden away in strange ways,	machine	gemma-4-26B-A4B-it/UD-Q4_K_M/v2+story-v1/llama.cpp-b11443/t0	2026-10-06		
2082_050_44	022c18e94ebe786ce2ef0598be43427a5bfb1557	and equipped with defense\nmechanisms designed to\neliminate intruders without\ncausing them harm, and so on.	machine	gemma-4-26B-A4B-it/UD-Q4_K_M/v2+story-v1/llama.cpp-b11443/t0	2026-10-06		
2082_050_45	e5e160bde3738975bdf4bc9ac14329f47fa14729	The most prominent example\nis... the <font color=yellow>Purge Temple</font>, or so\nthey say.	machine	gemma-4-26B-A4B-it/UD-Q4_K_M/v2+story-v1/llama.cpp-b11443/t0	2026-10-06		
2082_050_47	3e9a289026a90e5bedcd2ad334df2b4e803d597f	<font color=blue>Coro</font> 『Ricardo!?』	machine	gemma-4-26B-A4B-it/UD-Q4_K_M/v2+story-v1/llama.cpp-b11443/t0	2026-10-06		
2082_050_48	251089733613a4b713d6f6433b9fdd965c5cf6db	<font color=blue>Valka</font> The Purge Temple?!\nGeneral Ricardo! How do you\nknow that name...?	machine	gemma-4-26B-A4B-it/UD-Q4_K_M/v2+story-v1/llama.cpp-b11443/t0	2026-10-06		
2082_050_49	93627660f63e2c4c9190a55c8b826fba289c427a	<font color=blue>Ricardo</font> If you want to know\nwhy, run to the depths. I'm not\nsaying a word.	machine	gemma-4-26B-A4B-it/UD-Q4_K_M/v2+story-v1/llama.cpp-b11443/t0	2026-10-06		
2082_050_51	abe7a404949fc6e4ca33aa321c8ee2b166e4a044	<font color=blue>Ricardo</font> Don't look at me like\nthat. It's not like I know it\nfirsthand.	machine	gemma-4-26B-A4B-it/UD-Q4_K_M/v2+story-v1/llama.cpp-b11443/t0	2026-10-06		
2082_050_52	133c63cc940dedfe510f586006d6f1dd5345e745	But I can tell you one thing: the\nstructure of the Holy Land\nAsyl is apparently not\nparticularly rare in this\nuniverse.	machine	gemma-4-26B-A4B-it/UD-Q4_K_M/v2+story-v1+short-v1/llama.cpp-b11443/t0	2026-10-06		
2082_060_01	14faa3fe152721f15dcd18c92d3963d8590a7bf6	What is... this sphere? It's\ndisgusting...	machine	gemma-4-26B-A4B-it/UD-Q4_K_M/v2+story-v1/llama.cpp-b11443/t0	2026-10-06		
2082_060_02	d451f141ce66d2130993f7e5fc83af8bc446e45d	Disgusting? What is? It's just a\nblack sphere.	machine	gemma-4-26B-A4B-it/UD-Q4_K_M/v2+story-v1/llama.cpp-b11443/t0	2026-10-06		
2082_060_03	ddc3c1658a2b74da748cdc07f8cdbacf6191c1f0	I agree... It's like a foul stench\nfrom a Crest... It's certainly not\nsomething that should be in a\nplace like the Holy Land.	machine	gemma-4-26B-A4B-it/UD-Q4_K_M/v2+story-v1/llama.cpp-b11443/t0	2026-10-06		
2082_060_04	81b337a2a50b67691a200c7d3208333c7792ce08	Though it seems some\nslow-witted people can't tell.	machine	gemma-4-26B-A4B-it/UD-Q4_K_M/v2+story-v1/llama.cpp-b11443/t0	2026-10-06		
2082_060_05	3605e9562b6384629c97c84ee0cc8b4037dc7ff3	You always have to have the\nlast word, don't you!	machine	gemma-4-26B-A4B-it/UD-Q4_K_M/v2+story-v1/llama.cpp-b11443/t0	2026-10-06		
2082_060_06	f58a07467453b5726ffa7000bfb5e6122be6851e	Strange. It's not exactly a\nhigh-energy body; based on the\nanalysis, it's just an ordinary\nlump of marble.	machine	gemma-4-26B-A4B-it/UD-Q4_K_M/v2+story-v1+short-v1/llama.cpp-b11443/t0	2026-10-06		
2082_060_07	4a4a32ca202016355c1a24edbb79f8482af68397	It has no precious metal value,\nnor can it serve as a catalyst\nfor Crest power.	machine	gemma-4-26B-A4B-it/UD-Q4_K_M/v2+story-v1/llama.cpp-b11443/t0	2026-10-06		
2082_060_08	903d7d05fdcd1737061dcc1efdadefbc69a49229	What on earth is this...?	machine	gemma-4-26B-A4B-it/UD-Q4_K_M/v2+story-v1/llama.cpp-b11443/t0	2026-10-06		
2082_060_09	32dcd39e4dc8c0272976bde4181f927734bde587	I don't care. Once I crush this,\nthe Holy Land of Asyl will\ncollapse, and the Holy Land\nWar will end.	machine	gemma-4-26B-A4B-it/UD-Q4_K_M/v2+story-v1/llama.cpp-b11443/t0	2026-10-06		
2082_060_10	cb4363995040146a6db361e3fdef6a49b5d523b5	And while I'm at it, I'll wipe out\nthat damn calamity plaguing\nDaftine as well.	machine	gemma-4-26B-A4B-it/UD-Q4_K_M/v2+story-v1/llama.cpp-b11443/t0	2026-10-06		
2082_060_11	31396b4329b9f41deb8a4cc6dfa132c0d1b0ecb8	What do you mean? Besides\nthe Holy Land War, what else\nis eroding this planet...?	machine	gemma-4-26B-A4B-it/UD-Q4_K_M/v2+story-v1/llama.cpp-b11443/t0	2026-10-06		
2082_060_12	537117819cfc0fb2189486891d3f653ee7f7c662	I don't have time for your\nwhining. Get out of my way.	machine	gemma-4-26B-A4B-it/UD-Q4_K_M/v2+story-v1/llama.cpp-b11443/t0	2026-10-06		
2082_060_13	52c4ba59c6b1d10e585ea12cf28c3bc481923c42	I'll crush...	machine	gemma-4-26B-A4B-it/UD-Q4_K_M/v2+story-v1/llama.cpp-b11443/t0	2026-10-06		
2082_060_14	f22d3137adbb887e7b3aa35aebcae2526275e7ad	Wait! Don't come any closer!!	machine	gemma-4-26B-A4B-it/UD-Q4_K_M/v2+story-v1/llama.cpp-b11443/t0	2026-10-06		
2082_060_15	d5268109d2473fe1d35d76b76db58d495a139e18	Huh!?	machine	gemma-4-26B-A4B-it/UD-Q4_K_M/v2+story-v1/llama.cpp-b11443/t0	2026-10-06		
2082_060_16	b3f7a7ed633fa8eebc114c2fb4a3a961909a0b15	Something... something is\ncoming!!	machine	gemma-4-26B-A4B-it/UD-Q4_K_M/v2+story-v1/llama.cpp-b11443/t0	2026-10-06		
2082_060_17	9bd8c526267524a5b2ac1ea3ca16450a1a45d750	Something...?	machine	gemma-4-26B-A4B-it/UD-Q4_K_M/v2+story-v1/llama.cpp-b11443/t0	2026-10-06		
2082_060_18	7f3dd5e3b54544bdd38adc5da86307376e309536	My genes... they're being pulled.\nThe genes for my beast\ndisease...	machine	gemma-4-26B-A4B-it/UD-Q4_K_M/v2+story-v1/llama.cpp-b11443/t0	2026-10-06		
2082_060_19	f1f442e9b39379e846d27e5a900d5040382a4437	What is this? Is this the "foul\nstench of the crest" Karlyn\nmentioned?	machine	gemma-4-26B-A4B-it/UD-Q4_K_M/v2+story-v1/llama.cpp-b11443/t0	2026-10-06		
2082_060_20	5e809dc9de4a494d35eed66efb0401dc29770bda	No, this is...	machine	gemma-4-26B-A4B-it/UD-Q4_K_M/v2+story-v1/llama.cpp-b11443/t0	2026-10-06		
2082_060_21	127e35dce292fd87a0f5915d2f1fc94eddfa02e8	Look! The black stone!!	machine	gemma-4-26B-A4B-it/UD-Q4_K_M/v2+story-v1/llama.cpp-b11443/t0	2026-10-06		
2082_060_22	02af766726d12df2a9c2b33d1981590bf7cec69f	"To approach the rift is\nforbidden."	machine	gemma-4-26B-A4B-it/UD-Q4_K_M/v2+story-v1/llama.cpp-b11443/t0	2026-10-06		
2082_060_23	47113840340e4097c72dc06c87d6d6f92b404701	What was that voice!?	machine	gemma-4-26B-A4B-it/UD-Q4_K_M/v2+story-v1/llama.cpp-b11443/t0	2026-10-06		
2082_060_24	e62d09de448b854d1056c9717db77f79d82c0125	Look, over there!!	machine	gemma-4-26B-A4B-it/UD-Q4_K_M/v2+story-v1/llama.cpp-b11443/t0	2026-10-06		
2082_060_25	e5a70b90ea94c90862b5c7c052c2972a357a0e07	What the hell is this thing?! I\nnever heard anything about\nsomething like this being here!!	machine	gemma-4-26B-A4B-it/UD-Q4_K_M/v2+story-v1/llama.cpp-b11443/t0	2026-10-06		
2082_060_26	73625b905669bf6ecddf75ad78632d4150fe027f	Something like this, in the Holy\nLand... For the sake of such a\nthing, Rubarika and Baschen\nhave...!	machine	gemma-4-26B-A4B-it/UD-Q4_K_M/v2+story-v1/llama.cpp-b11443/t0	2026-10-06		
2082_060_27	f7206c686d2fd240c6b7995970f25994a36ae1de	It's coming!!	machine	gemma-4-26B-A4B-it/UD-Q4_K_M/v2+story-v1/llama.cpp-b11443/t0	2026-10-06		
2082_070_01	d8814db65cbed2934e2b15774bcf31eff87854c8	Phew, phew! Th-that was scary,\nbut... but we managed to pull it\noff... phew!	machine	gemma-4-26B-A4B-it/UD-Q4_K_M/v2+story-v1/llama.cpp-b11443/t0	2026-10-06		
2082_070_02	e84bb5dea434dbdc74f6cdde5d624ca7688a21b7	So, was that the final guardian\nof the Holy Land of Asyl?	machine	gemma-4-26B-A4B-it/UD-Q4_K_M/v2+story-v1/llama.cpp-b11443/t0	2026-10-06		
2082_070_03	829d26fc00fcf5c3eb012aef68c102909ca7f514	A guardian, huh...	machine	gemma-4-26B-A4B-it/UD-Q4_K_M/v2+story-v1/llama.cpp-b11443/t0	2026-10-06		
2082_070_04	af230666fd7a8ed45546acf5fb6dbb4ed2114138	I hadn't heard anything about\nthat, but I guess it wouldn't be\nstrange for someone like that\nto exist.	machine	gemma-4-26B-A4B-it/UD-Q4_K_M/v2+story-v1/llama.cpp-b11443/t0	2026-10-06		
2082_070_06	486cb3152bf46b25e4862c1c8a07b8a554a10713	Karlyn? What's wrong?	machine	gemma-4-26B-A4B-it/UD-Q4_K_M/v2+story-v1/llama.cpp-b11443/t0	2026-10-06		
2082_070_07	abb6e16fa8d80fca1d0b58d81a75156d9f977cd8	Didn't it look... somewhat\nsimilar?	machine	gemma-4-26B-A4B-it/UD-Q4_K_M/v2+story-v1/llama.cpp-b11443/t0	2026-10-06		
2082_070_08	5590ff8011105dbc9611adfe36ab2f63edc164d3	Huh?	machine	gemma-4-26B-A4B-it/UD-Q4_K_M/v2+story-v1/llama.cpp-b11443/t0	2026-10-06		
2082_070_09	c0bb94bb8d3f77043a33ca8b8e9070df4068aeea	To that strange form the\nwitches of Korurine were\ntransformed into...	machine	gemma-4-26B-A4B-it/UD-Q4_K_M/v2+story-v1/llama.cpp-b11443/t0	2026-10-06		
2082_070_10	13aa9514f05ed35d62f6135cdc106fc360381ada	...It certainly had those odd\nwings, but...	machine	gemma-4-26B-A4B-it/UD-Q4_K_M/v2+story-v1/llama.cpp-b11443/t0	2026-10-06		
2082_070_11	757dbfe7e5dfce4b9d5df4bbda8b5b36083b7d5c	That's not all. More than that...\nthe stench of the Gems felt\nsimilar...	machine	gemma-4-26B-A4B-it/UD-Q4_K_M/v2+story-v1/llama.cpp-b11443/t0	2026-10-06		
2082_070_12	28c5f3b6064645c53d4b36993d844381566775be	You're right... It's like that\nbattle just didn't feel like it had\nany real substance...	machine	gemma-4-26B-A4B-it/UD-Q4_K_M/v2+story-v1/llama.cpp-b11443/t0	2026-10-06		
2082_070_13	c7314984baea49144156609d8f7821acb2a65dd8	But we beat it in the end, so\nwho cares? Let's just smash\nthis black thing and get it over\nwith...	machine	gemma-4-26B-A4B-it/UD-Q4_K_M/v2+story-v1/llama.cpp-b11443/t0	2026-10-06		
2082_070_15	1540f971e9f3654bf9d93b745aacebce80606925	Huh?	machine	gemma-4-26B-A4B-it/UD-Q4_K_M/v2+story-v1/llama.cpp-b11443/t0	2026-10-06		
2082_070_16	672792c31e3865afddb27662eaefce3e3d10e9c5	What!!	machine	gemma-4-26B-A4B-it/UD-Q4_K_M/v2+story-v1/llama.cpp-b11443/t0	2026-10-06		
2082_070_17	b46f2cad2f141a827e871aa88e0b18ebbaded724	Welch!! Watch out!!	machine	gemma-4-26B-A4B-it/UD-Q4_K_M/v2+story-v1/llama.cpp-b11443/t0	2026-10-06		
2082_070_18	71459221b6a2836a3652c0973a12dbc7064b3bf3	Gwah!!	machine	gemma-4-26B-A4B-it/UD-Q4_K_M/v2+story-v1/llama.cpp-b11443/t0	2026-10-06		
2082_070_19	1834fdc00f7cfe48a17b10199756e1f63fee8df3	E-Eu!!	machine	gemma-4-26B-A4B-it/UD-Q4_K_M/v2+story-v1/llama.cpp-b11443/t0	2026-10-06		
2082_070_20	ab78441be782171b7c215ff3bf7e8c16f5d947cb	What in the world?! What\nhappened?!	machine	gemma-4-26B-A4B-it/UD-Q4_K_M/v2+story-v1/llama.cpp-b11443/t0	2026-10-06		
2082_070_21	fa27ac8d89fddd2157f58b9db52c062a3a179295	N-No! What is the meaning of\nthis?! He's completely\nunscathed!!	machine	gemma-4-26B-A4B-it/UD-Q4_K_M/v2+story-v1/llama.cpp-b11443/t0	2026-10-06		
2082_070_22	870356b4494d8ada85060e56275c5f0ac82400d6	W-Why, why?! There was no\nreaction at all!!	machine	gemma-4-26B-A4B-it/UD-Q4_K_M/v2+story-v1/llama.cpp-b11443/t0	2026-10-06		
2082_070_23	594a513e0e567a7623f319b5193da525f2dba3c3	Approaching the rift is not\npermitted.	machine	gemma-4-26B-A4B-it/UD-Q4_K_M/v2+story-v1/llama.cpp-b11443/t0	2026-10-06		
2082_070_24	f15865d5fead7089eff0b178b10378b629aa73b9	Eu! Eu, stay with me!!	machine	gemma-4-26B-A4B-it/UD-Q4_K_M/v2+story-v1/llama.cpp-b11443/t0	2026-10-06		
2082_070_25	cb72ca5b002ad14679082d91874a76762c566a01	Ugh... T-This is wrong... His\npower is even greater than\nbefore... What is this guy?!	machine	gemma-4-26B-A4B-it/UD-Q4_K_M/v2+story-v1/llama.cpp-b11443/t0	2026-10-06		
2082_070_27	9081bc701e21aff8ba027731b71e09314158a2ac	H-He's coming!!	machine	gemma-4-26B-A4B-it/UD-Q4_K_M/v2+story-v1/llama.cpp-b11443/t0	2026-10-06		
2082_070_28	fd7ba86dd6a688b63ccd4feb24384df0aa69c820	Unforgivable!	machine	gemma-4-26B-A4B-it/UD-Q4_K_M/v2+story-v1/llama.cpp-b11443/t0	2026-10-06		
2082_080_01	8014bb863391dfec4c1c98b2be4f8f7b825da7eb	W-what the hell is going on...?!\nNo matter how many I take\ndown, they just keep coming...!	machine	gemma-4-26B-A4B-it/UD-Q4_K_M/v2+story-v1/llama.cpp-b11443/t0	2026-10-06		
2082_080_02	88548df1284291f36a666b696c5f504f958c5441	It hurts... it hurts so much...	machine	gemma-4-26B-A4B-it/UD-Q4_K_M/v2+story-v1/llama.cpp-b11443/t0	2026-10-06		
2082_080_03	8202ba65724a1e8045e961d14b16f987e87ada0c	W-what kind of power is this...?	machine	gemma-4-26B-A4B-it/UD-Q4_K_M/v2+story-v1/llama.cpp-b11443/t0	2026-10-06		
2082_080_04	132ca6bff1f9e38be21e9ea4d2a8bec9a2c05bbd	*Pant*... *pant*! E-everyone,\nplease, recover...!	machine	gemma-4-26B-A4B-it/UD-Q4_K_M/v2+story-v1/llama.cpp-b11443/t0	2026-10-06		
2082_080_05	3270c6aef90d4956b9c77fad7e21f267c1c743cb	B-but at this rate... we're just\ngoing to bleed out...!	machine	gemma-4-26B-A4B-it/UD-Q4_K_M/v2+story-v1/llama.cpp-b11443/t0	2026-10-06		
2082_080_06	097137a39cbb42f59e0dd841e65e9234d15fad5e	Karlyn... stay with me, okay...?	machine	gemma-4-26B-A4B-it/UD-Q4_K_M/v2+story-v1/llama.cpp-b11443/t0	2026-10-06		
2082_080_07	c2e033e461c1e0fe51cd95d0afbe698bd6fe9fe5	...*pant*... *pant*...	machine	gemma-4-26B-A4B-it/UD-Q4_K_M/v2+story-v1/llama.cpp-b11443/t0	2026-10-06		
2082_080_08	bf41bc6e4104ad10fcb41a7b488d290d6144302e	I don't feel like we can win at\nall! No matter how much I\nslash, they just...!	machine	gemma-4-26B-A4B-it/UD-Q4_K_M/v2+story-v1/llama.cpp-b11443/t0	2026-10-06		
2082_080_10	235526895e8ae0e551fee9e2d172083d0b451e64	I-it's impossible! Teleporting\nwith the radio cutting in and\nout is even more dangerous\nthan collecting the enemy\nremains!	machine	gemma-4-26B-A4B-it/UD-Q4_K_M/v2+story-v1+short-v1/llama.cpp-b11443/t0	2026-10-06		
2082_080_11	c875ec26db1e815f70e7d9cbb424c36e4d06b481	Just... a little longer... If I can\njust smash them... before that\nbastard shows up again...	machine	gemma-4-26B-A4B-it/UD-Q4_K_M/v2+story-v1/llama.cpp-b11443/t0	2026-10-06		
2082_080_12	66f4af07ffe991530309a0a4ff1d6beba7463a3b	That would be a problem.	machine	gemma-4-26B-A4B-it/UD-Q4_K_M/v2+story-v1/llama.cpp-b11443/t0	2026-10-06		
2082_080_13	a000617bba0f5d06e8ba1a11e834db9f6f80b10f	!!	machine	gemma-4-26B-A4B-it/UD-Q4_K_M/v2+story-v1/llama.cpp-b11443/t0	2026-10-06		
2082_080_14	6db992807a497423a245686430ae6de6bf534e93	Gah!!	machine	gemma-4-26B-A4B-it/UD-Q4_K_M/v2+story-v1/llama.cpp-b11443/t0	2026-10-06		
2082_080_15	4e9defe0cf78216f578a2ac9dc5c397f45927f1c	Well, it seems that neither the\nblack sphere nor its guardian\nis so cheap that it can be\ndestroyed by the likes of you.	machine	gemma-4-26B-A4B-it/UD-Q4_K_M/v2+story-v1/llama.cpp-b11443/t0	2026-10-06		
2082_080_16	54e4d0d7ad61f969c684d00863f2776d7498830d	...Giv...el.	machine	gemma-4-26B-A4B-it/UD-Q4_K_M/v2+story-v1/llama.cpp-b11443/t0	2026-10-06		
2082_080_17	1c087fa03f6ba639b109a7efed58d5139488a2ab	Hehehe... Not bad at all. I didn't\nexpect you to be this\npersistent. It's a happy... happy\nmiscalculation.	machine	gemma-4-26B-A4B-it/UD-Q4_K_M/v2+story-v1/llama.cpp-b11443/t0	2026-10-06		
2082_080_18	d1066175412f55241048b8defa0035fb4fa5b932	Watching the movement of\nyour ships in satellite orbit, I\nknew Evelysse hadn't gone far,	machine	gemma-4-26B-A4B-it/UD-Q4_K_M/v2+story-v1/llama.cpp-b11443/t0	2026-10-06		
2082_080_19	eb2a41351c605156e8b2b76419f299b4e71c6fbc	But I never imagined she would\ngo out of her way to return.	machine	gemma-4-26B-A4B-it/UD-Q4_K_M/v2+story-v1/llama.cpp-b11443/t0	2026-10-06		
2082_080_20	9cdcc576fcecca3e2a1c3ff2c952d40e683f3969	...Ugh, why...?	machine	gemma-4-26B-A4B-it/UD-Q4_K_M/v2+story-v1/llama.cpp-b11443/t0	2026-10-06		
2082_080_21	d4520c011902fd87af3cc153c4df293f1540d903	It appears this war belongs to\nBaschen, General Ricardo.	machine	gemma-4-26B-A4B-it/UD-Q4_K_M/v2+story-v1/llama.cpp-b11443/t0	2026-10-06		
2082_080_22	d84fa06cd7226b5859ceb9008662b2b1da1ddfce	The Crown Prince's army,\nleading the Exorciser test\nsubjects I gave my "Beast" and\n"Beast Witch," will suppress\nRubarika within days.	machine	gemma-4-26B-A4B-it/UD-Q4_K_M/v2+story-v1+short-v1/llama.cpp-b11443/t0	2026-10-06		
2082_080_23	f963fa9e4a4422b8b4ae8f4839e04499ca77348e	D-Don't... don't joke around...!\nNot after we've come this far...!	machine	gemma-4-26B-A4B-it/UD-Q4_K_M/v2+story-v1/llama.cpp-b11443/t0	2026-10-06		
2082_080_24	4f6fb2bda5dd5579c4e698dd30152576379f7f92	Givel... you bastard... "Beast"?\n"Servant"? Don't you dare talk\ndown to me, you Crest thief...	machine	gemma-4-26B-A4B-it/UD-Q4_K_M/v2+story-v1+short-v1/llama.cpp-b11443/t0	2026-10-06		
2082_080_25	7fdee5bda8029dd582330fa8983f73c921f1a9b7	A Crest thief, is it?	machine	gemma-4-26B-A4B-it/UD-Q4_K_M/v2+story-v1/llama.cpp-b11443/t0	2026-10-06		
2082_080_26	6d0bae42c2d6b0178a6cfd17d984e8209ac8f8d0	Heh heh heh... So it was\nMastima standing behind you\nafter all.	machine	gemma-4-26B-A4B-it/UD-Q4_K_M/v2+story-v1/llama.cpp-b11443/t0	2026-10-06		
2082_080_27	fef9b5245f76ef7c3cf27637a5e8057401653097	You lack the courage to leave\nthe tower, yet you're as\ndiligent as ever at dragging\nothers down. It's quite\ntroublesome.	machine	gemma-4-26B-A4B-it/UD-Q4_K_M/v2+story-v1+short-v1/llama.cpp-b11443/t0	2026-10-06		
2082_080_28	d9a6502dc4c1bc83962aa09563ff16bef7ac3800	...Mastima... Isn't that... the\nname of this planet's moon...?	machine	gemma-4-26B-A4B-it/UD-Q4_K_M/v2+story-v1/llama.cpp-b11443/t0	2026-10-06		
2082_080_29	c0a3ef312647653a2c3cd2430acff6c9c605255f	Ah, Evelysse. Don't worry. It's\njust the talk of a gnat with\nslightly more attitude than the\nrest.	machine	gemma-4-26B-A4B-it/UD-Q4_K_M/v2+story-v1+short-v1/llama.cpp-b11443/t0	2026-10-06		
2082_080_30	d19e9c6b9a1a473de979b352e0d156dc8931295e	This time, you will stay by my\nside.	machine	gemma-4-26B-A4B-it/UD-Q4_K_M/v2+story-v1/llama.cpp-b11443/t0	2026-10-06		
2082_080_31	b594f02e60d5cde663638a8f7574cd275e28a5e1	Last time, you tried to take a\nshortcut, and I nearly lost my\nchance to rectify the situation.	machine	gemma-4-26B-A4B-it/UD-Q4_K_M/v2+story-v1/llama.cpp-b11443/t0	2026-10-06		
2082_080_32	110095b1a0c0001e6d271046d05e2d5787b79286	This time, I will certainly...\n"erase" those so-called\n"comrades" of yours.	machine	gemma-4-26B-A4B-it/UD-Q4_K_M/v2+story-v1/llama.cpp-b11443/t0	2026-10-06		
2082_080_33	7aea819b7f90b7bde6d55a7063687468caa73f5b	...Don't you... dare...!	machine	gemma-4-26B-A4B-it/UD-Q4_K_M/v2+story-v1/llama.cpp-b11443/t0	2026-10-06		
2082_080_34	c5ef297b75c66fa9389b76ac196ebfa513834035	Don't think things will go your\nway so easily!	machine	gemma-4-26B-A4B-it/UD-Q4_K_M/v2+story-v1/llama.cpp-b11443/t0	2026-10-06		
2082_080_36	a80fe976deba2ca7f33d3c436433864ad9ae67ba	Very well! Then struggle all you\nlike.	machine	gemma-4-26B-A4B-it/UD-Q4_K_M/v2+story-v1/llama.cpp-b11443/t0	2026-10-06		
2082_080_37	b1be0d1550cc8df07e1cc580b75c794510c6a1cc	Guardians. Do not interfere. I\nhave not yet stepped that far\ninto this.	machine	gemma-4-26B-A4B-it/UD-Q4_K_M/v2+story-v1/llama.cpp-b11443/t0	2026-10-06		
2082_080_39	abd8a7c0e73939b2a9cfea0e5041ca186e0f8cd1	A monster... so you're a\nmonster's comrade!	machine	gemma-4-26B-A4B-it/UD-Q4_K_M/v2+story-v1/llama.cpp-b11443/t0	2026-10-06		
2082_080_40	5db11db18f22d9111dc552ebc5778723941b9424	I shall command you in the\nlanguage of this world so that\nyou may understand! "Die"!!	machine	gemma-4-26B-A4B-it/UD-Q4_K_M/v2+story-v1/llama.cpp-b11443/t0	2026-10-06		
2082_080_41	89751ef1b2723aeb855af7a3344b7ed3dd17b5b0	Dark Star!!	machine	gemma-4-26B-A4B-it/UD-Q4_K_M/v2+story-v1/llama.cpp-b11443/t0	2026-10-06		
2082_090_01	69cbe306e3b2727d8171e356fb71e4f90f47a0f9	Why...?! I know those hits\nshould have been fatal!	machine	gemma-4-26B-A4B-it/UD-Q4_K_M/v2+story-v1/llama.cpp-b11443/t0	2026-10-06		
2082_090_02	4a0464630c5a9f95db915efff9c79a88f688888a	Don't flinch! Keep slashing!	machine	gemma-4-26B-A4B-it/UD-Q4_K_M/v2+story-v1/llama.cpp-b11443/t0	2026-10-06		
2082_090_03	841400b8a6d3959501e9d90f13d323ea3c82812b	B-but, even when our guns and\nGem Arts land, they're being\nhealed instantly!	machine	gemma-4-26B-A4B-it/UD-Q4_K_M/v2+story-v1/llama.cpp-b11443/t0	2026-10-06		
2082_090_04	40d41aaefa040cff28ae636fbfd1ffb24d8c3dcf	Waaaaah! I can't keep up with\nthe analysis at all!! I have no\nidea what's happening!!	machine	gemma-4-26B-A4B-it/UD-Q4_K_M/v2+story-v1/llama.cpp-b11443/t0	2026-10-06		
2082_090_05	e83c25111a64957fce778dc738496d38760c993b	Tsk... surprisingly resilient...	machine	gemma-4-26B-A4B-it/UD-Q4_K_M/v2+story-v1/llama.cpp-b11443/t0	2026-10-06		
2082_090_06	30bc9b676c532d52a10e319b0415ef48ec7ce808	But I'm getting bored. It's time\nfor you to disappear.	machine	gemma-4-26B-A4B-it/UD-Q4_K_M/v2+story-v1/llama.cpp-b11443/t0	2026-10-06		
2082_090_07	e8a8f3531659a4ae80531269f53e0e6f1d2f1f38	W-what is happening?!	machine	gemma-4-26B-A4B-it/UD-Q4_K_M/v2+story-v1/llama.cpp-b11443/t0	2026-10-06		
2082_090_14	0f353cb35bc8dae66e715dd2cd38e1bf50facec8	And together, we shall bring a\ntrue Exorciser down upon this\nplanet!	machine	gemma-4-26B-A4B-it/UD-Q4_K_M/v2+story-v1/llama.cpp-b11443/t0	2026-10-06		
2082_090_15	7f04082057d83f6704c7a5c69275f156ccc8d0db	The black sphere...!	machine	gemma-4-26B-A4B-it/UD-Q4_K_M/v2+story-v1/llama.cpp-b11443/t0	2026-10-06		
2082_090_16	cc3d8016e5a3e8b90b3045ff930b4043ab0827e7	Abnormal Gem energy is...\nflowing into Givel!	machine	gemma-4-26B-A4B-it/UD-Q4_K_M/v2+story-v1/llama.cpp-b11443/t0	2026-10-06		
2082_090_17	0b930bdb6ad1160555769f43674637d2443b6fe6	It's coming... It's coming!!	machine	gemma-4-26B-A4B-it/UD-Q4_K_M/v2+story-v1/llama.cpp-b11443/t0	2026-10-06		
2082_090_18	76e14e6abc428badf90895c23e294f3f6ccf1d2d	It's here!!	machine	gemma-4-26B-A4B-it/UD-Q4_K_M/v2+story-v1/llama.cpp-b11443/t0	2026-10-06		
2082_090_19	948464a7343c7b15cf7f7429dc4c0e261735b074	That disc...! Not again!	machine	gemma-4-26B-A4B-it/UD-Q4_K_M/v2+story-v1/llama.cpp-b11443/t0	2026-10-06		
2082_090_20	f3d14b0eebdabcc82f9f05f061be15bb34b12c58	I-I won't let you!!	machine	gemma-4-26B-A4B-it/UD-Q4_K_M/v2+story-v1/llama.cpp-b11443/t0	2026-10-06		
2082_090_22	bee1378b4b2f5e3c453213d5520b49b27a83244c	Ah.	machine	gemma-4-26B-A4B-it/UD-Q4_K_M/v2+story-v1/llama.cpp-b11443/t0	2026-10-06		
2082_090_23	56a853169bc857c735cf4ae8ab2cdaa3bab49ebb	I have waited so long.	machine	gemma-4-26B-A4B-it/UD-Q4_K_M/v2+story-v1/llama.cpp-b11443/t0	2026-10-06		
2082_090_24	ca857c3b36a2c44618ffac463da9d2506a9a1331	Eh... Th-this is!!	machine	gemma-4-26B-A4B-it/UD-Q4_K_M/v2+story-v1/llama.cpp-b11443/t0	2026-10-06		
2082_100_01	f3d14b0eebdabcc82f9f05f061be15bb34b12c58	I-I won't let you!!	machine	gemma-4-26B-A4B-it/UD-Q4_K_M/v2+story-v1/llama.cpp-b11443/t0	2026-10-06		
2082_100_02	56a853169bc857c735cf4ae8ab2cdaa3bab49ebb	I have waited long enough.	machine	gemma-4-26B-A4B-it/UD-Q4_K_M/v2+story-v1/llama.cpp-b11443/t0	2026-10-06		
2082_100_03	ca857c3b36a2c44618ffac463da9d2506a9a1331	Eh... W-what is this!!	machine	gemma-4-26B-A4B-it/UD-Q4_K_M/v2+story-v1/llama.cpp-b11443/t0	2026-10-06		
2082_100_04	20f2d94af3536315518b8f32175ecddaf0fb3baa	It is the Exorciser! There was\nno need to rely on substitutes\nlike the Witch of Beasts or the\nGuardian of the Holy Land!	machine	gemma-4-26B-A4B-it/UD-Q4_K_M/v2+story-v1/llama.cpp-b11443/t0	2026-10-06		
2082_100_05	ebc599406de5f44f215ea83d2a98d27734ba15e1	I have finally found a true\nExorciser! A new world is\nbeginning!	machine	gemma-4-26B-A4B-it/UD-Q4_K_M/v2+story-v1/llama.cpp-b11443/t0	2026-10-06		
2082_100_06	5c3f9d01ed8c1d30eeb8e89d6dc6fb7dea74e733	An abnormal Gem reaction is\noscillating between Eve's disc\nand Givel's disc!	machine	gemma-4-26B-A4B-it/UD-Q4_K_M/v2+story-v1/llama.cpp-b11443/t0	2026-10-06		
2082_100_07	64895878724ea61d03ad4d4a47c915f71dabba19	I suspect their arts are\nresonating!	machine	gemma-4-26B-A4B-it/UD-Q4_K_M/v2+story-v1/llama.cpp-b11443/t0	2026-10-06		
2082_100_08	cc62b8f22a4f12b42516d549ce34200deda3cd6f	Eve! You have to stop the\nsummoning...!	machine	gemma-4-26B-A4B-it/UD-Q4_K_M/v2+story-v1/llama.cpp-b11443/t0	2026-10-06		
2082_100_09	b4c5162cd28f6761834f79398748ef223a72e45e	This is wrong, it won't stop!!\nThe energy from the black\nsphere is, my Gem...!	machine	gemma-4-26B-A4B-it/UD-Q4_K_M/v2+story-v1/llama.cpp-b11443/t0	2026-10-06		
2082_100_10	0a2b5a4d0b45dc151b34496341393d3c8eeae653	It is useless! Once the\nExorciser has been activated,\nit will never stop!	machine	gemma-4-26B-A4B-it/UD-Q4_K_M/v2+story-v1/llama.cpp-b11443/t0	2026-10-06		
2082_100_11	661f59d8a493ebbd90af95fd82ce8b3d37bdb846	From here, I shall...!	machine	gemma-4-26B-A4B-it/UD-Q4_K_M/v2+story-v1/llama.cpp-b11443/t0	2026-10-06		
2082_100_12	606fe74693ca0dbea1869a10b2cc6612aa8a9073	I won't let you!!	machine	gemma-4-26B-A4B-it/UD-Q4_K_M/v2+story-v1/llama.cpp-b11443/t0	2026-10-06		
2082_100_13	9d8fa7d68d19681473f33da88f374452fb62adf6	Twinkling Star!!	machine	gemma-4-26B-A4B-it/UD-Q4_K_M/v2+story-v1/llama.cpp-b11443/t0	2026-10-06		
2082_100_14	63150e8ef1c59d0eebf58f78442bda78e4b9245a	What...?!	machine	gemma-4-26B-A4B-it/UD-Q4_K_M/v2+story-v1/llama.cpp-b11443/t0	2026-10-06		
2082_100_15	a4aa26339326ae67f9947eba4edeb44f20a1b789	It... it stopped...?!	machine	gemma-4-26B-A4B-it/UD-Q4_K_M/v2+story-v1/llama.cpp-b11443/t0	2026-10-06		
2082_100_16	1f573c8d4ebdd68b33da294dfab36821ae9016eb	Wh-what is this! It's...\ncrumbling...!	machine	gemma-4-26B-A4B-it/UD-Q4_K_M/v2+story-v1/llama.cpp-b11443/t0	2026-10-06		
2082_100_17	f5e30580e3998c09b2503a9d45dde5436d4e474f	Y-you! Karlyn Kayson!!	machine	gemma-4-26B-A4B-it/UD-Q4_K_M/v2+story-v1/llama.cpp-b11443/t0	2026-10-06		
2082_100_18	64ab6a7d4278fd0302aee3d4a77a5753c63a3360	The Gem reaction is\nundergoing abnormal\ncontraction...	machine	gemma-4-26B-A4B-it/UD-Q4_K_M/v2+story-v1/llama.cpp-b11443/t0	2026-10-06		
2082_100_19	e7c85af8430c7d08eb042e5c09a51ea35af51787	Lord Givel... I was grateful to\nyou. I served you with all my\nheart and soul.	machine	gemma-4-26B-A4B-it/UD-Q4_K_M/v2+story-v1/llama.cpp-b11443/t0	2026-10-06		
2082_100_20	b7303478e7b1ef3fee2c5061b947a3373b60c4af	But... you have done things\nthat no human should ever do.	machine	gemma-4-26B-A4B-it/UD-Q4_K_M/v2+story-v1/llama.cpp-b11443/t0	2026-10-06		
2082_100_21	4e721009d1a65dafb8d0ba33a5a7b0a9c0c76e9f	You made us do it...	machine	gemma-4-26B-A4B-it/UD-Q4_K_M/v2+story-v1/llama.cpp-b11443/t0	2026-10-06		
2082_100_22	26a3aa43a3713a92c2c2f42b3ccb7f802505b62e	And then, you betrayed us. The\npeople wounded by war, and\nmy very heart!	machine	gemma-4-26B-A4B-it/UD-Q4_K_M/v2+story-v1/llama.cpp-b11443/t0	2026-10-06		
2082_100_23	27b51e714525b4f1735a6a00d87040ad22c28d93	Y-you bastard!!	machine	gemma-4-26B-A4B-it/UD-Q4_K_M/v2+story-v1/llama.cpp-b11443/t0	2026-10-06		
2082_100_24	911982fdf2e9c4bcf3f988f9e2e24d2943ba0246	...I will not forgive you.	machine	gemma-4-26B-A4B-it/UD-Q4_K_M/v2+story-v1/llama.cpp-b11443/t0	2026-10-06		
2082_100_25	ab35973f7b9fe6c958b1e6bb80566ec65a8c40e8	What!? D-Damn you, Karlyn\nKayson! How could you...!	machine	gemma-4-26B-A4B-it/UD-Q4_K_M/v2+story-v1/llama.cpp-b11443/t0	2026-10-06		
2082_100_26	d73728daac2bb368b4512f66d135b8e603e02cd3	You've certainly done as much\ndamage as you pleased until\nnow...	machine	gemma-4-26B-A4B-it/UD-Q4_K_M/v2+story-v1/llama.cpp-b11443/t0	2026-10-06		
2082_100_27	6c041934c22b6ae90e5793e1add7848d5f5eef3c	My comrades...	machine	gemma-4-26B-A4B-it/UD-Q4_K_M/v2+story-v1/llama.cpp-b11443/t0	2026-10-06		
2082_100_28	51923118b8c8ea1894be70aaa66473153e61312c	You're the one who turned the\nWitches of the Beast into\nthose things!!	machine	gemma-4-26B-A4B-it/UD-Q4_K_M/v2+story-v1/llama.cpp-b11443/t0	2026-10-06		
2082_100_29	bb2c1e651a48142899bc034d610aaccd585cb016	I know you're planning\nsomething wicked, but I won't\nlet you!	machine	gemma-4-26B-A4B-it/UD-Q4_K_M/v2+story-v1/llama.cpp-b11443/t0	2026-10-06		
2082_100_30	ae95f3dc29862a8bb761d4398c00c58b5544f80e	You'll learn the true meaning of\nthe talent you found in the\nWitches of the Beast!	machine	gemma-4-26B-A4B-it/UD-Q4_K_M/v2+story-v1/llama.cpp-b11443/t0	2026-10-06		
2082_100_31	aa376c3e35cc2ba4311a3c87a1e3bc649b3f2972	N-No, the Rift is collapsing!	machine	gemma-4-26B-A4B-it/UD-Q4_K_M/v2+story-v1/llama.cpp-b11443/t0	2026-10-06		
2082_100_32	88af5b7a5b1ff39a2078be40ddfb5e950428f8f9	Karlyn! Keep pushing forward!!\nWe absolutely cannot let those\nmonsters enter this world!	machine	gemma-4-26B-A4B-it/UD-Q4_K_M/v2+story-v1/llama.cpp-b11443/t0	2026-10-06		
2082_100_33	e656cc0b7418a10a06df5ee605ec9b080e0d9ede	I know!!	machine	gemma-4-26B-A4B-it/UD-Q4_K_M/v2+story-v1/llama.cpp-b11443/t0	2026-10-06		
2082_100_34	018118a112cb0ac6e938f74a12b72b7f6258c7ba	Stop! The ladder is... Curse\nyou!!	machine	gemma-4-26B-A4B-it/UD-Q4_K_M/v2+story-v1/llama.cpp-b11443/t0	2026-10-06		
2083_110_02	3d9c49437c018f85e76c791304a1457a69995423	C-Captain... what... happened?	machine	gemma-4-26B-A4B-it/UD-Q4_K_M/v2+story-v1/llama.cpp-b11443/t0	2026-10-06		
2083_110_03	26fde4ed44161e95dfc9e57011a5237de21d717b	...It's gone.	machine	gemma-4-26B-A4B-it/UD-Q4_K_M/v2+story-v1/llama.cpp-b11443/t0	2026-10-06		
2083_110_04	35f80e381121b2ab30509e049eb605bbc25fdca8	What?	machine	gemma-4-26B-A4B-it/UD-Q4_K_M/v2+story-v1/llama.cpp-b11443/t0	2026-10-06		
2083_110_05	7e41e05b28adfc48f742f3afdb65aaf78f057ba4	Administrator Koro... has\nvanished...	machine	gemma-4-26B-A4B-it/UD-Q4_K_M/v2+story-v1/llama.cpp-b11443/t0	2026-10-06		
2083_110_06	820b28b3391ca52bca92b7c1840a313a94860a36	W-What do you mean by that!?	machine	gemma-4-26B-A4B-it/UD-Q4_K_M/v2+story-v1/llama.cpp-b11443/t0	2026-10-06		
2083_110_07	2bf681a5b2e21ecb5517134370262a8f1806203c	Exactly as I said... The ship is\ngone. It's nowhere to be found.\nIt has vanished from satellite\norbit! What on earth is this...!	machine	gemma-4-26B-A4B-it/UD-Q4_K_M/v2+story-v1+short-v1/llama.cpp-b11443/t0	2026-10-06		
2083_110_08	46b63bca5a4d01a6b8ca2b425b7917b90bc70da4	Vanished...? You say it\nvanished...	machine	gemma-4-26B-A4B-it/UD-Q4_K_M/v2+story-v1/llama.cpp-b11443/t0	2026-10-06		
2083_110_09	25744d2b3dc38ed5696e58906f81a7e9cd40b96d	Impossible... On the ship, there\nwas... Tika... Coro... Rekoro...	machine	gemma-4-26B-A4B-it/UD-Q4_K_M/v2+story-v1/llama.cpp-b11443/t0	2026-10-06		
2083_110_10	e30d345917cb47105ebd74d45dec06ad248cefc9	He... Hehehehe...	machine	gemma-4-26B-A4B-it/UD-Q4_K_M/v2+story-v1/llama.cpp-b11443/t0	2026-10-06		
2083_110_12	39786b53ea546fcfa65592d977135c4de1c068b8	Hahahaha!! How foolish! It\nmeans you are now in the\nsame position as I am!	machine	gemma-4-26B-A4B-it/UD-Q4_K_M/v2+story-v1/llama.cpp-b11443/t0	2026-10-06		
2083_110_13	f356fd0c52e5fd3784fa694b7de3b72657d9af0e	What does that... mean...!	machine	gemma-4-26B-A4B-it/UD-Q4_K_M/v2+story-v1/llama.cpp-b11443/t0	2026-10-06		
2083_110_14	2f7a5058c7aad0026a69926804fb148bbfee65db	Evelysse, Karlyn Kayson.	machine	gemma-4-26B-A4B-it/UD-Q4_K_M/v2+story-v1/llama.cpp-b11443/t0	2026-10-06		
2083_110_15	39904a498a8528b2ddafdbde2d50f1aa488fda64	Your power distorted my\nattempt to summon the\nExorciser and the power of the\nHoly Land, Asyl!	machine	gemma-4-26B-A4B-it/UD-Q4_K_M/v2+story-v1+short-v1/llama.cpp-b11443/t0	2026-10-06		
2083_110_16	83f0aed5766e35c47204a6ee5223fdce65b80c7a	What do you mean by that...\nWhat on earth... what have you\ndone...!	machine	gemma-4-26B-A4B-it/UD-Q4_K_M/v2+story-v1/llama.cpp-b11443/t0	2026-10-06		
2083_110_17	313984a9bf3ac0dde4d807f88d2df366f3e4a0cf	What have I done?	machine	gemma-4-26B-A4B-it/UD-Q4_K_M/v2+story-v1/llama.cpp-b11443/t0	2026-10-06		
2083_110_18	571db770b7e52e381c691b617543168717202a26	It was you who did it. You\nsurely know that messengers\nof Daftes descend from the\nMoonshadow Ladder.	machine	gemma-4-26B-A4B-it/UD-Q4_K_M/v2+story-v1/llama.cpp-b11443/t0	2026-10-06		
2083_110_19	54baaf4323fee1497ea62e4ba2b9b2a14214b9d3	Do you know why such beings\nappear?	machine	gemma-4-26B-A4B-it/UD-Q4_K_M/v2+story-v1/llama.cpp-b11443/t0	2026-10-06		
2083_110_20	e8055139f833c7f88e9f8a080f2497d62fdbb5d7	It is quite simple. The\nMoonshadow Ladder creates\nrifts in time and space.	machine	gemma-4-26B-A4B-it/UD-Q4_K_M/v2+story-v1/llama.cpp-b11443/t0	2026-10-06		
2083_110_21	2d5de87c10ecef70aff8c49d2f5c4c9bd2ffdc87	Someone in this universe gets\ncaught in them and is simply\ncast adrift from the past or\nthe future.	machine	gemma-4-26B-A4B-it/UD-Q4_K_M/v2+story-v1/llama.cpp-b11443/t0	2026-10-06		
2083_110_22	a501feb4b610b348804fa28f975bae57ddab7c1b	Once cast adrift, there is no\nway to return.	machine	gemma-4-26B-A4B-it/UD-Q4_K_M/v2+story-v1/llama.cpp-b11443/t0	2026-10-06		
2083_110_23	3aa74c1a3db4475dcaa6c8fde321992555789be0	They do not even know where\nthey came from, or where they\nare.	machine	gemma-4-26B-A4B-it/UD-Q4_K_M/v2+story-v1/llama.cpp-b11443/t0	2026-10-06		
2083_110_24	049a4b043d4d94ce9b78053be540c24202150e7b	That is the messenger of\nDaftes―a lost child of the\nuniverse.	machine	gemma-4-26B-A4B-it/UD-Q4_K_M/v2+story-v1/llama.cpp-b11443/t0	2026-10-06		
2083_110_25	bed31fabb7e77b4771160e2c5ecb9c451bee5d4c	In such a state, those who\nhappened to possess\ntechnology unknown to this\nDaftine,	machine	gemma-4-26B-A4B-it/UD-Q4_K_M/v2+story-v1/llama.cpp-b11443/t0	2026-10-06		
2083_110_26	7e70132a1b6a3ac089e33318eefdf486e972a684	And happened to have the\npower to pass that knowledge\nto others, were merely prized\nas messengers.	machine	gemma-4-26B-A4B-it/UD-Q4_K_M/v2+story-v1/llama.cpp-b11443/t0	2026-10-06		
2083_110_27	16fade17c95be7b8d844611b52bf9d676a2101d3	It was all just a coincidence.	machine	gemma-4-26B-A4B-it/UD-Q4_K_M/v2+story-v1/llama.cpp-b11443/t0	2026-10-06		
2083_110_28	5a6dd35f9bc853fadcbb403313da0efa47905ffc	The foolish, primitive\ninhabitants of Rubarika and\nBaschen simply assigned\nmeaning to it themselves!	machine	gemma-4-26B-A4B-it/UD-Q4_K_M/v2+story-v1/llama.cpp-b11443/t0	2026-10-06		
2083_110_29	425142f724315f04a81068957ba2cd304f9941cc	You... you've... got to be kidding\nme...	machine	gemma-4-26B-A4B-it/UD-Q4_K_M/v2+story-v1/llama.cpp-b11443/t0	2026-10-06		
2083_110_30	2f6e042c7e600f161c8b161122a83044fb007eee	The Holy Land War, where no\n"Emissary" descended. The\n"Emissaries of Daftes" who are\nutterly useless.	machine	gemma-4-26B-A4B-it/UD-Q4_K_M/v2+story-v1/llama.cpp-b11443/t0	2026-10-06		
2083_110_31	f993024bdafacde104bd3720b450cef427aadb3e	I'm sure there are plenty of\nstories like that in both\nRubarika and Baschen.	machine	gemma-4-26B-A4B-it/UD-Q4_K_M/v2+story-v1/llama.cpp-b11443/t0	2026-10-06		
2083_110_32	67e505ce22af5951ea2e9d36f8675ad5dbf0882b	And yet, because people like\nme or the Emissary of Rubarika\nfrom four years ago appear,\nyou can't stop fighting!	machine	gemma-4-26B-A4B-it/UD-Q4_K_M/v2+story-v1+short-v1/llama.cpp-b11443/t0	2026-10-06		
2083_110_33	7d4e77e3e947f4ec54f3767ef3f4ef1b82f256f3	You are the ones who wasted\nlives and fortunes, mouth\nagape, thirsting for "talent"\nthat might never even appear!	machine	gemma-4-26B-A4B-it/UD-Q4_K_M/v2+story-v1/llama.cpp-b11443/t0	2026-10-06		
2083_110_34	27cf234a2d3cc067ffffe996ab06356ddcd9d4a7	You... you...!!	machine	gemma-4-26B-A4B-it/UD-Q4_K_M/v2+story-v1/llama.cpp-b11443/t0	2026-10-06		
2083_110_35	6240f6bfe9974330863330f8a2e2eb64070dd122	Are you going to kill me?	machine	gemma-4-26B-A4B-it/UD-Q4_K_M/v2+story-v1/llama.cpp-b11443/t0	2026-10-06		
2083_110_36	764110f9f8c65b79e489c9796a2d5c952707cf24	Even if you kill me, your ships\nwill not return!	machine	gemma-4-26B-A4B-it/UD-Q4_K_M/v2+story-v1/llama.cpp-b11443/t0	2026-10-06		
2083_110_37	00bd7f19354148def429b1b0a4dcc6d649fb7944	Do you think killing me will\nreveal the exit to the rift\nopened in space?	machine	gemma-4-26B-A4B-it/UD-Q4_K_M/v2+story-v1/llama.cpp-b11443/t0	2026-10-06		
2083_110_38	de359c87898c911bc3995cbe7c1f85bcbe448fd2	If killing your ass would lead to\nthat, I'd do it right this\nsecond...	machine	gemma-4-26B-A4B-it/UD-Q4_K_M/v2+story-v1/llama.cpp-b11443/t0	2026-10-06		
2083_110_39	c4e4f00b398d131cd9227c082ed97064e53ed920	...Givel. Does that mean you,\ntoo, were brought to this\nDaftine against your will?	machine	gemma-4-26B-A4B-it/UD-Q4_K_M/v2+story-v1/llama.cpp-b11443/t0	2026-10-06		
2083_110_40	e720c6f29d98ae5a4ea571c6487f8ca18d7fb131	That understanding is not\nincorrect.	machine	gemma-4-26B-A4B-it/UD-Q4_K_M/v2+story-v1/llama.cpp-b11443/t0	2026-10-06		
2083_110_41	006a554ce20350c0d935f00fd67bcc9d5cc94fa3	Then why did you commit such\na lawless act, forcibly\nsummoning my kin from Daftes\nto this place?	machine	gemma-4-26B-A4B-it/UD-Q4_K_M/v2+story-v1/llama.cpp-b11443/t0	2026-10-06		
2083_110_42	abfb60671ab5a4141669bbcc5907cfeaca2fcf25	You, who know that suffering\nfirsthand... why?	machine	gemma-4-26B-A4B-it/UD-Q4_K_M/v2+story-v1/llama.cpp-b11443/t0	2026-10-06		
2083_110_43	ceadf9c6cad0cdc117a73d8dc018f2c66913fe2d	Why, you ask? Do half-breeds\nwho cannot even control the\nbeastification disease dare to\ncondemn my actions?	machine	gemma-4-26B-A4B-it/UD-Q4_K_M/v2+story-v1/llama.cpp-b11443/t0	2026-10-06		
2083_110_44	11b92afb2923fadfb0e555ea2a7ff23025fde873	Spare me your cheap\nprovocations.	machine	gemma-4-26B-A4B-it/UD-Q4_K_M/v2+story-v1/llama.cpp-b11443/t0	2026-10-06		
2083_110_45	27261a37a067c9d9077d35e21de718a63986ba33	Do those who have fallen to\nbeast and lost their will speak\nof longing for home?	machine	gemma-4-26B-A4B-it/UD-Q4_K_M/v2+story-v1/llama.cpp-b11443/t0	2026-10-06		
2083_110_46	61e4252ea4a9e3c52ae9e9df2d4a49bf3478b3cc	When did I ever say I was\npossessed by such sentiment?	machine	gemma-4-26B-A4B-it/UD-Q4_K_M/v2+story-v1/llama.cpp-b11443/t0	2026-10-06		
2083_110_47	0cd74c6c120f6fc939f3e0df335ed1834052125a	My purpose is to bring the\nExorciser down upon this land!!	machine	gemma-4-26B-A4B-it/UD-Q4_K_M/v2+story-v1/llama.cpp-b11443/t0	2026-10-06		
2083_120_01	605eecad0db9b9b80d9695248efc133210ef90e4	The Moonshadow Ladder\ncreates rifts in time and space.	machine	gemma-4-26B-A4B-it/UD-Q4_K_M/v2+story-v1/llama.cpp-b11443/t0	2026-10-06		
2083_120_02	2d5de87c10ecef70aff8c49d2f5c4c9bd2ffdc87	Someone from this universe\ncaught in those rifts is simply\nbeing thrown from the past or\nthe future.	machine	gemma-4-26B-A4B-it/UD-Q4_K_M/v2+story-v1/llama.cpp-b11443/t0	2026-10-06		
2083_120_03	bed31fabb7e77b4771160e2c5ecb9c451bee5d4c	Amidst that, someone who\nhappened to possess\ntechnology not found here in\nDaftine,	machine	gemma-4-26B-A4B-it/UD-Q4_K_M/v2+story-v1/llama.cpp-b11443/t0	2026-10-06		
2083_120_04	7e70132a1b6a3ac089e33318eefdf486e972a684	And happened to have the\npower to pass that knowledge\nto others, was merely valued\nas a user.	machine	gemma-4-26B-A4B-it/UD-Q4_K_M/v2+story-v1/llama.cpp-b11443/t0	2026-10-06		
2083_120_05	16fade17c95be7b8d844611b52bf9d676a2101d3	It was all just a coincidence.	machine	gemma-4-26B-A4B-it/UD-Q4_K_M/v2+story-v1/llama.cpp-b11443/t0	2026-10-06		
2083_120_06	0cd74c6c120f6fc939f3e0df335ed1834052125a	My goal is to bring the\nExorciser down upon this land!!	machine	gemma-4-26B-A4B-it/UD-Q4_K_M/v2+story-v1/llama.cpp-b11443/t0	2026-10-06		
2083_120_07	e1441b56fc673d87771a827fa312fb11a77c95c9	The Exorciser? You mean\nthose weird monsters made of\nglowing stakes?	machine	gemma-4-26B-A4B-it/UD-Q4_K_M/v2+story-v1/llama.cpp-b11443/t0	2026-10-06		
2083_120_08	e1773d3b75cf6015875ba055e7c923fcf0fd96e2	What on earth are they even\nsupposed to be!	machine	gemma-4-26B-A4B-it/UD-Q4_K_M/v2+story-v1/llama.cpp-b11443/t0	2026-10-06		
2083_120_09	d4469ec2d0c93cd5199e5cb859fee65c03a71378	Evelysse. Are you being\nserious?	machine	gemma-4-26B-A4B-it/UD-Q4_K_M/v2+story-v1/llama.cpp-b11443/t0	2026-10-06		
2083_120_10	19ebae286ad282584e46052ad0ff4157ad0968dc	There is no way you wouldn't\nknow about the Exorciser, is\nthere?	machine	gemma-4-26B-A4B-it/UD-Q4_K_M/v2+story-v1/llama.cpp-b11443/t0	2026-10-06		
2083_120_11	08f4a6f7331ea5e5edaa881e0ac3f64cfdd149af	Don't be stupid. Why would I\nknow about something as\ndisgusting as that...?	machine	gemma-4-26B-A4B-it/UD-Q4_K_M/v2+story-v1/llama.cpp-b11443/t0	2026-10-06		
2083_120_12	2d4630d5336a181a3d1eb09602447e1b10f601a1	...I cannot tell if you are playing\ndumb or if you truly do not\nknow...!	machine	gemma-4-26B-A4B-it/UD-Q4_K_M/v2+story-v1/llama.cpp-b11443/t0	2026-10-06		
2083_120_13	d1ff4c374d477b10e062a115a86f843de05e872c	No! Eve, get back!	machine	gemma-4-26B-A4B-it/UD-Q4_K_M/v2+story-v1/llama.cpp-b11443/t0	2026-10-06		
2083_120_15	f3e71d2ee8e17a12803b3be9bf5430f24c6689a5	Eve!	machine	gemma-4-26B-A4B-it/UD-Q4_K_M/v2+story-v1/llama.cpp-b11443/t0	2026-10-06		
2083_120_17	b064fc0b2c57867a79618719e37788f24028d47f	L-Let go of me...! Y-You...!	machine	gemma-4-26B-A4B-it/UD-Q4_K_M/v2+story-v1/llama.cpp-b11443/t0	2026-10-06		
2083_120_18	f3e71d2ee8e17a12803b3be9bf5430f24c6689a5	Eve!	machine	gemma-4-26B-A4B-it/UD-Q4_K_M/v2+story-v1/llama.cpp-b11443/t0	2026-10-06		
2083_120_19	d833262ecd1e93e9388e10a15413a8f5a1b58a4a	Wait! Don't go near it! You'll be\nkilled! Can't you see that black\ndisc!	machine	gemma-4-26B-A4B-it/UD-Q4_K_M/v2+story-v1/llama.cpp-b11443/t0	2026-10-06		
2083_120_20	5026a330bf7e067ccf2d1953628d1133fc71bfd9	Ugh...!	machine	gemma-4-26B-A4B-it/UD-Q4_K_M/v2+story-v1/llama.cpp-b11443/t0	2026-10-06		
2083_120_21	3a0fc823bdc95c8c6bb2c26d3c4131ddfed6ab60	Good. Stay calm. As expected\nof General Ricardo, the\nrenowned commander of\nRubarika...	machine	gemma-4-26B-A4B-it/UD-Q4_K_M/v2+story-v1/llama.cpp-b11443/t0	2026-10-06		
2083_120_22	3d3aa24aa19784ad32329a8c0e49be7f645a33c3	Heh heh heh... To think that I,\nof all people, would have to\nplay pretend with such mere\ngnats...	machine	gemma-4-26B-A4B-it/UD-Q4_K_M/v2+story-v1/llama.cpp-b11443/t0	2026-10-06		
2083_120_23	551131783bcfcc996e10d7cdf3deffa609f7a809	I didn't want to do something\nlike this.	machine	gemma-4-26B-A4B-it/UD-Q4_K_M/v2+story-v1/llama.cpp-b11443/t0	2026-10-06		
2083_120_24	e191f74a837cb92dbd44e14b4a15d58dc68ed008	But there is too much time\nuntil the next ladder descends.\nI doubt you lot will stay quiet\non this planet until then...	machine	gemma-4-26B-A4B-it/UD-Q4_K_M/v2+story-v1/llama.cpp-b11443/t0	2026-10-06		
2083_120_25	2ee6eaa013d8d6a67d83ca87e5cd746a1514a115	I have no choice but to do this.	machine	gemma-4-26B-A4B-it/UD-Q4_K_M/v2+story-v1/llama.cpp-b11443/t0	2026-10-06		
2083_120_26	175fb944edf286bbc7a39bf74ec8a56f56bed7ed	What do you intend to do with\nEve?!	machine	gemma-4-26B-A4B-it/UD-Q4_K_M/v2+story-v1/llama.cpp-b11443/t0	2026-10-06		
2083_120_27	1df4f390b5637c51e2787d58722f264573d7108b	Nothing. I shall treat her with\nthe utmost care.	machine	gemma-4-26B-A4B-it/UD-Q4_K_M/v2+story-v1/llama.cpp-b11443/t0	2026-10-06		
2083_120_28	1da42eea20803356b2326c5ecafe95a2231999dd	At least, until the next ladder\ndescends.	machine	gemma-4-26B-A4B-it/UD-Q4_K_M/v2+story-v1/llama.cpp-b11443/t0	2026-10-06		
2083_120_29	d2caa48225c75f30806a15ed940747149a222789	Considering the years that\nhave passed, waiting until the\nnext ladder descends is\nnothing at all.	machine	gemma-4-26B-A4B-it/UD-Q4_K_M/v2+story-v1/llama.cpp-b11443/t0	2026-10-06		
2083_120_30	178b11afc4171c82805e8cdc44c25687c9dbc604	Do you... Do you really think I'm\njust going to sit here quietly?!	machine	gemma-4-26B-A4B-it/UD-Q4_K_M/v2+story-v1/llama.cpp-b11443/t0	2026-10-06		
2083_120_31	e44e9a85c82659a2481aee47fbef9c6a04a1e05b	You will, whether you like it or\nnot. Now, be quiet. You're\ndistracting me.	machine	gemma-4-26B-A4B-it/UD-Q4_K_M/v2+story-v1/llama.cpp-b11443/t0	2026-10-06		
2083_120_32	e8c593d35c77066ad2b3b57834549a7c4a1ec4d8	Aaaah!	machine	gemma-4-26B-A4B-it/UD-Q4_K_M/v2+story-v1/llama.cpp-b11443/t0	2026-10-06		
2083_120_33	64355d4782560b3678fc6766219665ef6da268f6	...Gah...!	machine	gemma-4-26B-A4B-it/UD-Q4_K_M/v2+story-v1/llama.cpp-b11443/t0	2026-10-06		
2083_120_34	0ab4b3a1680e7e8bceee8eea129c3d5cadda1300	Hey! What do you think you're\ndoing to a Girl, you scum!!	machine	gemma-4-26B-A4B-it/UD-Q4_K_M/v2+story-v1/llama.cpp-b11443/t0	2026-10-06		
2083_120_35	c5e32f4c03c2bcb76199f2cb88d727b0c88b5839	This is... just ridiculous!	machine	gemma-4-26B-A4B-it/UD-Q4_K_M/v2+story-v1/llama.cpp-b11443/t0	2026-10-06		
2083_120_36	8e5a5b830fcfb99821f116ad8804db595d376c5f	I've grown tired of hearing the\nbuzzing of gnats.	machine	gemma-4-26B-A4B-it/UD-Q4_K_M/v2+story-v1/llama.cpp-b11443/t0	2026-10-06		
2083_120_37	a09b06250a75389aa80a4f60feafbb5c49b93121	Soon, Asyl will vanish. You lot\nshall sink into the sea along\nwith it.	machine	gemma-4-26B-A4B-it/UD-Q4_K_M/v2+story-v1/llama.cpp-b11443/t0	2026-10-06		
2083_120_38	43e61d515d02f0afd9ffda22bd5bb63a3ceaf23f	Never again shall you cling to\nmy feet.	machine	gemma-4-26B-A4B-it/UD-Q4_K_M/v2+story-v1/llama.cpp-b11443/t0	2026-10-06		
2083_130_01	a09b06250a75389aa80a4f60feafbb5c49b93121	Asyl will soon vanish. You lot\nshall sink into the sea along\nwith it.	machine	gemma-4-26B-A4B-it/UD-Q4_K_M/v2+story-v1/llama.cpp-b11443/t0	2026-10-06		
2083_130_02	43e61d515d02f0afd9ffda22bd5bb63a3ceaf23f	Never again dare to cling to my\nheels.	machine	gemma-4-26B-A4B-it/UD-Q4_K_M/v2+story-v1/llama.cpp-b11443/t0	2026-10-06		
2083_130_03	7b88feaa9164a1f85948e1aa3195c45eed7e3dad	Hey, wait a damn minute!\nWhere'd you go?! What the hell\ndo you think you're doing, you\npiece of shiiiiiit!	machine	gemma-4-26B-A4B-it/UD-Q4_K_M/v2+story-v1/llama.cpp-b11443/t0	2026-10-06		
2083_130_04	069f14dcb5d87217db884d5199633b7cfe1fab36	Eve... Tika... Why... why has it\ncome to this...?	machine	gemma-4-26B-A4B-it/UD-Q4_K_M/v2+story-v1/llama.cpp-b11443/t0	2026-10-06		
2083_130_05	1edb761f05bcaaee7ec98b00098d5fd271b2bf24	Convergence of the spatial rift\nconfirmed...	machine	gemma-4-26B-A4B-it/UD-Q4_K_M/v2+story-v1/llama.cpp-b11443/t0	2026-10-06		
2083_130_06	e1dcbb6093cc6d45fbcb49d4ee32fdf5806c1049	...Verda. It seems that even in\na situation like this, we don't\nhave time to wallow.	machine	gemma-4-26B-A4B-it/UD-Q4_K_M/v2+story-v1/llama.cpp-b11443/t0	2026-10-06		
2083_130_07	7feadd6647be0b92c927b557c56945cfa98b024c	...Wait, something's wrong.	machine	gemma-4-26B-A4B-it/UD-Q4_K_M/v2+story-v1/llama.cpp-b11443/t0	2026-10-06		
2083_130_08	7a1d0a9c89a3cb86755e5bb2ebc5473a35789671	Disappearance of the rift\nconfirmed... The world has been\nkept pure...	machine	gemma-4-26B-A4B-it/UD-Q4_K_M/v2+story-v1/llama.cpp-b11443/t0	2026-10-06		
2083_130_09	fe81c5e2fa34652897eab2cbaae94cc5320b8630	It... it's gone...? Are we... safe?	machine	gemma-4-26B-A4B-it/UD-Q4_K_M/v2+story-v1/llama.cpp-b11443/t0	2026-10-06		
2083_130_10	ce926d19e99f420d0e440c460aab8935095aa3bc	Whether we're safe or not...	machine	gemma-4-26B-A4B-it/UD-Q4_K_M/v2+story-v1/llama.cpp-b11443/t0	2026-10-06		
2083_130_11	5e2a201e2552fa41b37027c1f20a454b01c8fec2	I'm still a bit suspicious!	machine	gemma-4-26B-A4B-it/UD-Q4_K_M/v2+story-v1/llama.cpp-b11443/t0	2026-10-06		
2083_130_12	8f4576c565feb3b25865f84fbc59330809b892e6	This is... could it be that Asyl is\ntrying to return to the sea!?	machine	gemma-4-26B-A4B-it/UD-Q4_K_M/v2+story-v1/llama.cpp-b11443/t0	2026-10-06		
2083_130_13	71379231c7f8180ce1e6c7e6cc426fec13895872	W-Wait a second! You mean\nwe're trapped!? There wasn't a\nsingle thing in here we could\neat!	machine	gemma-4-26B-A4B-it/UD-Q4_K_M/v2+story-v1/llama.cpp-b11443/t0	2026-10-06		
2083_130_14	9808a2d20885bfc85ffbf30dff6df849c52ee691	There's no food or anything. If\nseawater rushes in, we won't\neven be able to breathe before\nwe kick the bucket. Stop your\ndamn screaming.	machine	gemma-4-26B-A4B-it/UD-Q4_K_M/v2+story-v1+short-v1/llama.cpp-b11443/t0	2026-10-06		
2083_130_15	a9acff724d274218a1fdf4353da1ec0aa5b92869	I'll scream if I want to! If the\nship vanished, that means we\ncan't even get Tenshou\nShuyou!	machine	gemma-4-26B-A4B-it/UD-Q4_K_M/v2+story-v1/llama.cpp-b11443/t0	2026-10-06		
2083_130_16	7e87032c325f8e5f2cf8871d9f6ff7356bdde528	I told you from the start we\ncouldn't do that.	machine	gemma-4-26B-A4B-it/UD-Q4_K_M/v2+story-v1/llama.cpp-b11443/t0	2026-10-06		
2083_130_17	2d6af8f4eca3808ca1f9e0c2d39c83d37da5c288	How can you stay so calm\nwhen we might actually drown\nto death, you jerk!!	machine	gemma-4-26B-A4B-it/UD-Q4_K_M/v2+story-v1/llama.cpp-b11443/t0	2026-10-06		
2083_130_18	bd71497d3e7358f524bfe6c7fcf095fad73900d1	T-That's right! Ricardo! You...\nhow can you be so calm about\nthis?!	machine	gemma-4-26B-A4B-it/UD-Q4_K_M/v2+story-v1/llama.cpp-b11443/t0	2026-10-06		
2083_130_19	d04d02d015020ce59cbfda39f4066b44b92c4b47	Huh?	machine	gemma-4-26B-A4B-it/UD-Q4_K_M/v2+story-v1/llama.cpp-b11443/t0	2026-10-06		
2083_130_20	f03ed0d32e5ab928a460c700606abcc088fd6eb0	Tika... Tika has vanished!	machine	gemma-4-26B-A4B-it/UD-Q4_K_M/v2+story-v1/llama.cpp-b11443/t0	2026-10-06		
2083_130_21	345816e231ae9d874fab08bf689135603dbe0e4a	A rift in space-time! We don't\neven know where she went!	machine	gemma-4-26B-A4B-it/UD-Q4_K_M/v2+story-v1/llama.cpp-b11443/t0	2026-10-06		
2083_130_22	7d10e77a38ee7239ffd997b9b2a79bfc24ec560c	How can you remain so\ncomposed?!	machine	gemma-4-26B-A4B-it/UD-Q4_K_M/v2+story-v1/llama.cpp-b11443/t0	2026-10-06		
2083_130_23	6739bafad127a38cf893c0f6dfe632e5d02b48c9	Is Tika not someone precious\nto you?!	machine	gemma-4-26B-A4B-it/UD-Q4_K_M/v2+story-v1/llama.cpp-b11443/t0	2026-10-06		
2083_130_25	c6eb21328a76193c8fbfa58b082bd77fea7a1aff	Tika... Tika!	machine	gemma-4-26B-A4B-it/UD-Q4_K_M/v2+story-v1/llama.cpp-b11443/t0	2026-10-06		
2083_130_26	7a02f9a8253432f0f78e8d7a8d05bb785254347b	I shouldn't have left her\nbehind... No, I should have\nstayed too...	machine	gemma-4-26B-A4B-it/UD-Q4_K_M/v2+story-v1/llama.cpp-b11443/t0	2026-10-06		
2083_130_28	ac17ed37da9156ddf5a48fb1af4d3eb113612e83	Captain... what are we\nsupposed to do!	machine	gemma-4-26B-A4B-it/UD-Q4_K_M/v2+story-v1/llama.cpp-b11443/t0	2026-10-06		
2083_130_29	40ed1c850b5d8ea1b012b10d475937d287cfa453	We can't leave Asyl, and now\nwe've lost Tika and Eve...\nwhat's left for us...	machine	gemma-4-26B-A4B-it/UD-Q4_K_M/v2+story-v1/llama.cpp-b11443/t0	2026-10-06		
2083_130_30	35747435762ba8655fead6cedc0279aa5a736e79	...And here I thought you were\na slightly more composed kid.	machine	gemma-4-26B-A4B-it/UD-Q4_K_M/v2+story-v1/llama.cpp-b11443/t0	2026-10-06		
2083_130_31	4cab6925448dfa4983af490a5c1bf90a4c83ddbc	Hey, that's a bit harsh, don't\nyou think...?	machine	gemma-4-26B-A4B-it/UD-Q4_K_M/v2+story-v1/llama.cpp-b11443/t0	2026-10-06		
2083_130_32	a9d01c53dbff1da329bb630a1b9224a36176f887	...You were doubting whether I\nwas just your average Daftine,\nweren't you?	machine	gemma-4-26B-A4B-it/UD-Q4_K_M/v2+story-v1/llama.cpp-b11443/t0	2026-10-06		
2083_130_33	c299c2f8aedb21a7cd74b58d5fb8ebef32df048b	What... do you mean...	machine	gemma-4-26B-A4B-it/UD-Q4_K_M/v2+story-v1/llama.cpp-b11443/t0	2026-10-06		
2083_130_34	141219faf7c1b4fbeba0fd033bddb4dcb58bfaec	It's not over yet...	machine	gemma-4-26B-A4B-it/UD-Q4_K_M/v2+story-v1/llama.cpp-b11443/t0	2026-10-06		
2083_130_35	c6cebf85ca4979c71103432d418bfe0ba2df5e27	No, this is just the beginning...	machine	gemma-4-26B-A4B-it/UD-Q4_K_M/v2+story-v1/llama.cpp-b11443/t0	2026-10-06		
2083_130_36	d99a72fc786f164c9eca3c0462f727ab35c681c1	The beginning...	machine	gemma-4-26B-A4B-it/UD-Q4_K_M/v2+story-v1/llama.cpp-b11443/t0	2026-10-06		
2083_130_37	05b2cc9c9445711e97cc1147c41ea73905e9aae8	You say "the beginning," but...	machine	gemma-4-26B-A4B-it/UD-Q4_K_M/v2+story-v1/llama.cpp-b11443/t0	2026-10-06		
2083_130_38	68611a52ffbbde0786bee7c19aa654b919bf2356	A-Anyway, let's just get out of\nhere first! If the Holy Land\nsinks, we'll be...	machine	gemma-4-26B-A4B-it/UD-Q4_K_M/v2+story-v1/llama.cpp-b11443/t0	2026-10-06		
2083_130_39	2e5e85bcb0baf03f9407d2d61be7dcf6a6fc217a	There's no need for that.	machine	gemma-4-26B-A4B-it/UD-Q4_K_M/v2+story-v1/llama.cpp-b11443/t0	2026-10-06		
2083_130_40	61b96eb861dd390bb7f4bda7de6606cb6ad18bda	What do you mean?	machine	gemma-4-26B-A4B-it/UD-Q4_K_M/v2+story-v1/llama.cpp-b11443/t0	2026-10-06		
2083_130_41	06cd5586608436786b7af5dd2e8d7a34f5d943dc	They'll be here soon...	machine	gemma-4-26B-A4B-it/UD-Q4_K_M/v2+story-v1/llama.cpp-b11443/t0	2026-10-06		
2083_130_42	5d2c37dae69fceb22a2bce49b05a2e1d06b38960	See?	machine	gemma-4-26B-A4B-it/UD-Q4_K_M/v2+story-v1/llama.cpp-b11443/t0	2026-10-06		
2083_130_43	5590ff8011105dbc9611adfe36ab2f63edc164d3	Huh?	machine	gemma-4-26B-A4B-it/UD-Q4_K_M/v2+story-v1/llama.cpp-b11443/t0	2026-10-06		
2083_130_44	873a5218aaf540097d500f97ab5003b5f7ccc702	Sorry to keep you waiting!	machine	gemma-4-26B-A4B-it/UD-Q4_K_M/v2+story-v1/llama.cpp-b11443/t0	2026-10-06		
2084_150_01	68611a52ffbbde0786bee7c19aa654b919bf2356	A-Anyway, let's get out of here\nfirst! If the Holy Land sinks,\nwe'll be...	machine	gemma-4-26B-A4B-it/UD-Q4_K_M/v2+story-v1/llama.cpp-b11443/t0	2026-10-06		
2084_150_02	2e5e85bcb0baf03f9407d2d61be7dcf6a6fc217a	No need for that.	machine	gemma-4-26B-A4B-it/UD-Q4_K_M/v2+story-v1/llama.cpp-b11443/t0	2026-10-06		
2084_150_03	06cd5586608436786b7af5dd2e8d7a34f5d943dc	They'll be here soon...	machine	gemma-4-26B-A4B-it/UD-Q4_K_M/v2+story-v1/llama.cpp-b11443/t0	2026-10-06		
2084_150_04	5d2c37dae69fceb22a2bce49b05a2e1d06b38960	See?	machine	gemma-4-26B-A4B-it/UD-Q4_K_M/v2+story-v1/llama.cpp-b11443/t0	2026-10-06		
2084_150_05	873a5218aaf540097d500f97ab5003b5f7ccc702	Sorry to keep you waiting!	machine	gemma-4-26B-A4B-it/UD-Q4_K_M/v2+story-v1/llama.cpp-b11443/t0	2026-10-06		
2084_150_06	4d1cdb19dd02e9d5dd4234a09d89b9a9689f2188	...Yeah, you're late.	machine	gemma-4-26B-A4B-it/UD-Q4_K_M/v2+story-v1/llama.cpp-b11443/t0	2026-10-06		
2084_150_07	69cd182e228654908b5c1b9657b91e26e7246069	Sorry! The Navy had a harder\ntime than expected...	machine	gemma-4-26B-A4B-it/UD-Q4_K_M/v2+story-v1/llama.cpp-b11443/t0	2026-10-06		
2084_150_08	0137689585fb67e192c5112ee580a838c7debbb8	But on land, we managed to\nrepel Baschen just in time and\nsaved the Royal Capital!	machine	gemma-4-26B-A4B-it/UD-Q4_K_M/v2+story-v1/llama.cpp-b11443/t0	2026-10-06		
2084_150_09	221cc37e2dd6d0ef551cb7bd74880390e5017f43	Now, we have to hurry! All of\nAsyl is already being hit by the\nwater!	machine	gemma-4-26B-A4B-it/UD-Q4_K_M/v2+story-v1/llama.cpp-b11443/t0	2026-10-06		
2084_150_10	72f6e3ae538c2833a549a55d11a5969e964a4c0e	Um...	machine	gemma-4-26B-A4B-it/UD-Q4_K_M/v2+story-v1/llama.cpp-b11443/t0	2026-10-06		
2084_150_11	ca23d9fe82bb6ae246750001f0a0f8298dcde274	Who are you?	machine	gemma-4-26B-A4B-it/UD-Q4_K_M/v2+story-v1/llama.cpp-b11443/t0	2026-10-06		
2084_150_12	ab7abb6df56cb9eca93537041388f5cb87673eee	You came all this way alone\nthrough that path full of\ninterference!?	machine	gemma-4-26B-A4B-it/UD-Q4_K_M/v2+story-v1/llama.cpp-b11443/t0	2026-10-06		
2084_150_13	60a79c586c8654457829f612aa8d4ecbab67cf02	Wait. That collar... I've seen it\nsomewhere before...	machine	gemma-4-26B-A4B-it/UD-Q4_K_M/v2+story-v1/llama.cpp-b11443/t0	2026-10-06		
2084_150_14	d67d80831118408cc7615822dfa45cc567048238	W-what is this? You... it can't\nbe...	machine	gemma-4-26B-A4B-it/UD-Q4_K_M/v2+story-v1/llama.cpp-b11443/t0	2026-10-06		
2084_150_15	d0f3574ae3b7b89d80cc5ba8bcee94d8a2e375cd	General Ricardo! Explain\nyourself!	machine	gemma-4-26B-A4B-it/UD-Q4_K_M/v2+story-v1/llama.cpp-b11443/t0	2026-10-06		
2084_150_16	217d95114d5ea35e665b43206d3f7171f8528624	Damn it, you lied to me! Hey,\ncollar! It's not coming off!	machine	gemma-4-26B-A4B-it/UD-Q4_K_M/v2+story-v1/llama.cpp-b11443/t0	2026-10-06		
2084_150_17	1b8b2e540bca8bea9e81c485b88da46ac90ec8fd	It's not over yet! Let's go,\nhurry! We're not going to make\nit!	machine	gemma-4-26B-A4B-it/UD-Q4_K_M/v2+story-v1/llama.cpp-b11443/t0	2026-10-06		
2084_150_18	092801cb1592a37db797ffeeafc2998c647661bc	Ah!	machine	gemma-4-26B-A4B-it/UD-Q4_K_M/v2+story-v1/llama.cpp-b11443/t0	2026-10-06		
2084_150_19	ba01ffac6eecda0d87442b93527f8c6bbb31a64c	This... could it be...!	machine	gemma-4-26B-A4B-it/UD-Q4_K_M/v2+story-v1/llama.cpp-b11443/t0	2026-10-06		
2084_160_01	cd32139822d80c2aabcb31be24fe728bbb720d90	...So this is how the mechanism\nworks...	machine	gemma-4-26B-A4B-it/UD-Q4_K_M/v2+story-v1/llama.cpp-b11443/t0	2026-10-06		
2084_160_02	95b040cfc567f2efd7c391e25981dd38b349478a	I knew about it... but I was\nsworn to secrecy... I'm sorry.	machine	gemma-4-26B-A4B-it/UD-Q4_K_M/v2+story-v1/llama.cpp-b11443/t0	2026-10-06		
2084_160_03	a50550448a34d6b6df663175f65589297a9d48d2	No, it can't be helped.	machine	gemma-4-26B-A4B-it/UD-Q4_K_M/v2+story-v1/llama.cpp-b11443/t0	2026-10-06		
2084_160_04	b2cae9ada28ba28aa4b85a1dcb576b21a5a66eb9	Which means that guy... he\nmight have been lying about\nthe functions of this armor and\nmask too.	machine	gemma-4-26B-A4B-it/UD-Q4_K_M/v2+story-v1/llama.cpp-b11443/t0	2026-10-06		
2084_160_05	daf3f91e0ef982ef7307fecd5ae204a334bba3e3	I wouldn't know. Perhaps the\nfunctions change depending on\nthe conditions.	machine	gemma-4-26B-A4B-it/UD-Q4_K_M/v2+story-v1/llama.cpp-b11443/t0	2026-10-06		
2084_160_06	eab5f36283fbdf341f2b058aeeab33e8df944a3a	Wait a moment. What on earth\nare you all talking about?	machine	gemma-4-26B-A4B-it/UD-Q4_K_M/v2+story-v1/llama.cpp-b11443/t0	2026-10-06		
2084_160_07	88963236f3a04ac5f6dbbf3fb5d1e52077f1ee3a	Ricardo, who is that person?\nAnd this place...	machine	gemma-4-26B-A4B-it/UD-Q4_K_M/v2+story-v1/llama.cpp-b11443/t0	2026-10-06		
2084_160_08	6c486bba3b86ed439bfb0e6154c3d45692f8b2b0	That collar and the Gem Arts...\nthey're the same ones used on\nme. Does that mean we've\nbeen transported somewhere\nagain?	machine	gemma-4-26B-A4B-it/UD-Q4_K_M/v2+story-v1+short-v1/llama.cpp-b11443/t0	2026-10-06		
2084_160_09	3a7e4e4a46543223d3e2968932b8ad6d8b947871	It's a long story...	machine	gemma-4-26B-A4B-it/UD-Q4_K_M/v2+story-v1/llama.cpp-b11443/t0	2026-10-06		
2084_160_10	55e69c5d2fa513990aee8e5cad6f726787b8107d	I am... well, I'm the "Messenger\nof Daftes" who descended\nupon Rubarika four years ago.\nBig brother Euwin.	machine	gemma-4-26B-A4B-it/UD-Q4_K_M/v2+story-v1/llama.cpp-b11443/t0	2026-10-06		
2084_160_11	612f6299e08c91e95b557569f3a35ed4c9d2d99e	Hmm?	machine	gemma-4-26B-A4B-it/UD-Q4_K_M/v2+story-v1/llama.cpp-b11443/t0	2026-10-06		
2084_160_12	3087ca12b24b106b255dfac4acdb1967aa74add2	The Messenger of Daftes!?	machine	gemma-4-26B-A4B-it/UD-Q4_K_M/v2+story-v1/llama.cpp-b11443/t0	2026-10-06		
2084_160_13	67253707865cfccad2a99a0d75e9a0195a8f77b4	Then you're the "Messenger"...\nLady Elaine, who descended\nfour years ago!?	machine	gemma-4-26B-A4B-it/UD-Q4_K_M/v2+story-v1/llama.cpp-b11443/t0	2026-10-06		
2084_160_14	e1c22987fc1d123617e3fc5c48a42d350aa422e2	To think a woman could be this\nyoung...	machine	gemma-4-26B-A4B-it/UD-Q4_K_M/v2+story-v1/llama.cpp-b11443/t0	2026-10-06		
2084_160_15	b6ee8c7b635b4d82b5e61e7b98fdb3fbc8c9725b	Wait, but, right now...	machine	gemma-4-26B-A4B-it/UD-Q4_K_M/v2+story-v1/llama.cpp-b11443/t0	2026-10-06		
2084_160_17	098f98e6f7db218a917cde9375e6579a64e848e5	So, this definitely isn't Daftine.\nBut it's not Daftes either,\nKarlyn.	machine	gemma-4-26B-A4B-it/UD-Q4_K_M/v2+story-v1/llama.cpp-b11443/t0	2026-10-06		
2084_160_18	cd84f114761044ec3d0b434bd71c15ac9325237f	It's a bit late to be surprised\nabout where we are, but...	machine	gemma-4-26B-A4B-it/UD-Q4_K_M/v2+story-v1/llama.cpp-b11443/t0	2026-10-06		
2084_160_19	e610c6dea76b42a402da264918889782f09ccfa1	Wait, did I actually tell you my\nname?	machine	gemma-4-26B-A4B-it/UD-Q4_K_M/v2+story-v1/llama.cpp-b11443/t0	2026-10-06		
2084_160_20	e25ac4f1b600658c9f395b9e228e711833684238	You... how... how do you know\nthe names Euwin and Karlyn?	machine	gemma-4-26B-A4B-it/UD-Q4_K_M/v2+story-v1/llama.cpp-b11443/t0	2026-10-06		
2084_160_21	902427252fd71cadf33bb700d4a9381ba1b4c1e9	It can't be... it can't be!	machine	gemma-4-26B-A4B-it/UD-Q4_K_M/v2+story-v1/llama.cpp-b11443/t0	2026-10-06		
2084_160_22	598da74f1ecc18156e2638a109ece84674d272c6	Exactly! In all that chaos,\nEu-boy didn't exactly go around\nintroducing himself!	machine	gemma-4-26B-A4B-it/UD-Q4_K_M/v2+story-v1/llama.cpp-b11443/t0	2026-10-06		
2084_160_23	2c6497962044ea1866ae7d8336d28b61d2403186	I figured you wouldn't know.	machine	gemma-4-26B-A4B-it/UD-Q4_K_M/v2+story-v1/llama.cpp-b11443/t0	2026-10-06		
2084_160_24	ccbecdb42adc5b29495f2463eae5ac25da8fc932	But everyone knows.	machine	gemma-4-26B-A4B-it/UD-Q4_K_M/v2+story-v1/llama.cpp-b11443/t0	2026-10-06		
2084_160_25	677c078508ccac7c1ba121d3fafeb0ed5064224e	I haven't forgotten, not even\nfor a single second.	machine	gemma-4-26B-A4B-it/UD-Q4_K_M/v2+story-v1/llama.cpp-b11443/t0	2026-10-06		
2084_160_26	131c57df1abea95aa9fa42f40fce51b40ef9b4d5	...Big sister Verda.	machine	gemma-4-26B-A4B-it/UD-Q4_K_M/v2+story-v1/llama.cpp-b11443/t0	2026-10-06		
2084_160_27	6642889c0109adcb3a2814184b4dcb8ae2e9e632	...!	machine	gemma-4-26B-A4B-it/UD-Q4_K_M/v2+story-v1/llama.cpp-b11443/t0	2026-10-06		
2084_160_28	477c3f43d26ae0b5e02ca269a490c63d9fd903f3	Big sister Verda, big brother\nEuwin, big sister Welch,	machine	gemma-4-26B-A4B-it/UD-Q4_K_M/v2+story-v1/llama.cpp-b11443/t0	2026-10-06		
2084_160_29	92c059996322dc8e5e28cec41fa07f5a66c1f44b	big sister Karlyn, big sister\nValka, and Henri.	machine	gemma-4-26B-A4B-it/UD-Q4_K_M/v2+story-v1/llama.cpp-b11443/t0	2026-10-06		
2084_160_30	4c26d5f6c8141f5437d6dcbc179c9888458c31db	And... Captain <player>.	machine	gemma-4-26B-A4B-it/UD-Q4_K_M/v2+story-v1/llama.cpp-b11443/t0	2026-10-06		
2084_160_31	674654a243190f90b4a0a93a1885696e3f3723ba	I wanted to see you... I've\nwanted to see you for so, so\nlong!	machine	gemma-4-26B-A4B-it/UD-Q4_K_M/v2+story-v1/llama.cpp-b11443/t0	2026-10-06		
2084_160_33	11b6f33c418fb4df27761bae35241e780a01d293	You... You are...!	machine	gemma-4-26B-A4B-it/UD-Q4_K_M/v2+story-v1/llama.cpp-b11443/t0	2026-10-06		
2084_160_34	ebd6b9489b3a6e08af90782f30c613a9d02430be	Wha-wha-what?! What is the\nmeaning of this?!	machine	gemma-4-26B-A4B-it/UD-Q4_K_M/v2+story-v1/llama.cpp-b11443/t0	2026-10-06		
2084_160_35	c0d06667997557aed11d2f72e995b17aed66c23d	Big sister Valka, you already\nknow, don't you?	machine	gemma-4-26B-A4B-it/UD-Q4_K_M/v2+story-v1/llama.cpp-b11443/t0	2026-10-06		
2084_160_36	0471cf57e1d67c585123b030ad6d1d41d0f85d79	Who I am.	machine	gemma-4-26B-A4B-it/UD-Q4_K_M/v2+story-v1/llama.cpp-b11443/t0	2026-10-06		
2084_160_37	88f050e5feb7432da2fb44a84e2938cb66497720	Yes... It is hard to believe... but\nyour genetic information...\nCould it really be?	machine	gemma-4-26B-A4B-it/UD-Q4_K_M/v2+story-v1/llama.cpp-b11443/t0	2026-10-06		
2084_160_38	e2ad220f31c0d5ae618a33e8b4f5bb3b6e77091c	...Good grief.	machine	gemma-4-26B-A4B-it/UD-Q4_K_M/v2+story-v1/llama.cpp-b11443/t0	2026-10-06		
2084_160_39	8aaf2f17be26d98264847618dfb943e15dc7a9e3	You are...	machine	gemma-4-26B-A4B-it/UD-Q4_K_M/v2+story-v1/llama.cpp-b11443/t0	2026-10-06		
2084_160_40	6a36af52e890538f47a2957d1d5181f4849c3206	Are you... Lady Tika?	machine	gemma-4-26B-A4B-it/UD-Q4_K_M/v2+story-v1/llama.cpp-b11443/t0	2026-10-06		
2084_160_41	9b20da62d2ba9461e6ebbb637fd88e7169b9d9c3	Yes!	machine	gemma-4-26B-A4B-it/UD-Q4_K_M/v2+story-v1/llama.cpp-b11443/t0	2026-10-06		
2084_160_42	07a472ab6c240d9160d2301674128f1d76155cca	Tika!!	machine	gemma-4-26B-A4B-it/UD-Q4_K_M/v2+story-v1/llama.cpp-b11443/t0	2026-10-06		
2084_160_43	bc01df5695eaae50bd6d9be5092447fc08272b56	Whoa!	machine	gemma-4-26B-A4B-it/UD-Q4_K_M/v2+story-v1/llama.cpp-b11443/t0	2026-10-06		
2084_160_44	75e9a0d6da2e7c0b23bdafb77e585481c2af8e63	Tika! Is it really you, Tika!? Is it\ntrue!? Let me see your face!	machine	gemma-4-26B-A4B-it/UD-Q4_K_M/v2+story-v1/llama.cpp-b11443/t0	2026-10-06		
2084_160_45	a4dbeadd195e3e066cc8188a89ca024f31dadada	Wh-what in the world... You\nscared me half to death! What\nis the meaning of this!?\nExplain... please, explain...	machine	gemma-4-26B-A4B-it/UD-Q4_K_M/v2+story-v1/llama.cpp-b11443/t0	2026-10-06		
2084_160_46	5a03c7f7166dadf3525621e97eab68df3dbbec73	*Sob*... *Waaaaah*... Thank\ngoodness... Thank goodness\nyou're alive... Tika!	machine	gemma-4-26B-A4B-it/UD-Q4_K_M/v2+story-v1/llama.cpp-b11443/t0	2026-10-06		
2084_160_47	26282cc711ad1acd6ebbcdf7b08e3f619370ac56	...I'm sorry, Verda. I'm sorry for\nworrying you... It's me, it's Tika.	machine	gemma-4-26B-A4B-it/UD-Q4_K_M/v2+story-v1/llama.cpp-b11443/t0	2026-10-06		
2084_160_48	5e77b39bf224f623383872bf09fc2d0db3d09962	It's okay now. I'm doing fine.	machine	gemma-4-26B-A4B-it/UD-Q4_K_M/v2+story-v1/llama.cpp-b11443/t0	2026-10-06		
2084_160_49	dbc07c9a065f4861f7c82ca3ef710b3ce9c9e971	Tika... I... I...	machine	gemma-4-26B-A4B-it/UD-Q4_K_M/v2+story-v1/llama.cpp-b11443/t0	2026-10-06		
2084_160_50	b93d3ea898852ae2fb004f5897e7d92de49a961e	She is... Tika...?	machine	gemma-4-26B-A4B-it/UD-Q4_K_M/v2+story-v1/llama.cpp-b11443/t0	2026-10-06		
2084_160_51	392060913fcb05fe04b4de65b83c0b6318598312	Huh? And you've grown quite a\nbit... Wait, what!?	machine	gemma-4-26B-A4B-it/UD-Q4_K_M/v2+story-v1/llama.cpp-b11443/t0	2026-10-06		
2084_160_52	9a916544a615bdb977f0b85c06a90031cabe5101	It's a long story... but before\nthat, there's someone I want\nyou all to meet.	machine	gemma-4-26B-A4B-it/UD-Q4_K_M/v2+story-v1/llama.cpp-b11443/t0	2026-10-06		
2084_160_53	fa38428b3eb8567bfa61ed13a60e86e7d433fad2	We absolutely have to save\nEve, who was kidnapped by\nGivel, too.	machine	gemma-4-26B-A4B-it/UD-Q4_K_M/v2+story-v1/llama.cpp-b11443/t0	2026-10-06		
2084_160_54	b694345d90f3812631f694070c51ba7b807f236c	I think that person can tell us\nthe information we need for\nthat, and everything else.	machine	gemma-4-26B-A4B-it/UD-Q4_K_M/v2+story-v1/llama.cpp-b11443/t0	2026-10-06		
2084_160_55	47c622d246e157cf106c502ac0889dcf951eb1fb	I wouldn't be so sure. I don't\nthink that guy's gonna tell us\neverything honestly.	machine	gemma-4-26B-A4B-it/UD-Q4_K_M/v2+story-v1/llama.cpp-b11443/t0	2026-10-06		
2084_160_56	4f9896848b1965b9636974a18627a2b153025663	You shouldn't say things like\nthat. He'll be even less likely to\ntalk to us.	machine	gemma-4-26B-A4B-it/UD-Q4_K_M/v2+story-v1/llama.cpp-b11443/t0	2026-10-06		
2084_160_57	a5e2bc0a36b5ad06511824bfd3ddfa1ba6849dfc	...Tch.	machine	gemma-4-26B-A4B-it/UD-Q4_K_M/v2+story-v1/llama.cpp-b11443/t0	2026-10-06		
2084_160_59	0dc991239dedfc43c468c454561640a8383be180	Eh? Yeah... I guess you could\nsay we're from an advanced\nplanet... sort of.	machine	gemma-4-26B-A4B-it/UD-Q4_K_M/v2+story-v1/llama.cpp-b11443/t0	2026-10-06		
2084_160_60	1be4e22784d2c83194de86bb37e01769b0a4565c	Hmm, how should I put this...?	machine	gemma-4-26B-A4B-it/UD-Q4_K_M/v2+story-v1/llama.cpp-b11443/t0	2026-10-06		
2084_160_61	2747760168edcb2a11075aa3712f3c37a8cd08c2	Tika.	machine	gemma-4-26B-A4B-it/UD-Q4_K_M/v2+story-v1/llama.cpp-b11443/t0	2026-10-06		
2084_160_63	d4babecb02da31b1fdb68258c994ad0e7ca177dd	They seem confused. It would\nbe better to speak more\ncalmly.	machine	gemma-4-26B-A4B-it/UD-Q4_K_M/v2+story-v1/llama.cpp-b11443/t0	2026-10-06		
2084_160_64	205f14fddfeeecbc5e6a0897bc7ee84491ea64b5	W-Who's there...?	machine	gemma-4-26B-A4B-it/UD-Q4_K_M/v2+story-v1/llama.cpp-b11443/t0	2026-10-06		
2084_160_65	86d7f00f661b00d6d9567f9738b26f967fd9ca36	I am the master of this place,\nthe one who summoned you.	machine	gemma-4-26B-A4B-it/UD-Q4_K_M/v2+story-v1/llama.cpp-b11443/t0	2026-10-06		
2084_160_66	25f0902259c100e5b8c39d2e8e4beae43e3c9d93	This place...?	machine	gemma-4-26B-A4B-it/UD-Q4_K_M/v2+story-v1/llama.cpp-b11443/t0	2026-10-06		
2084_160_67	3d400422e4415555cdb7392997c64f974b9219f2	This is the moon, as the people\nof Daftine call it. Some even\ncall it by the ticklish name,\n"Satellite Mastima."	machine	gemma-4-26B-A4B-it/UD-Q4_K_M/v2+story-v1/llama.cpp-b11443/t0	2026-10-06		
2084_160_68	df8e615255a8d1b0bb9ad53bd2af153118cd51d0	Satellite Mastima...?	machine	gemma-4-26B-A4B-it/UD-Q4_K_M/v2+story-v1/llama.cpp-b11443/t0	2026-10-06		
2084_160_69	6a7c45fc570c77f8315f90440cbaade0ea73091d	That's impossible. There\nshouldn't be any traces of\ncivilization on Satellite\nMastima...	machine	gemma-4-26B-A4B-it/UD-Q4_K_M/v2+story-v1/llama.cpp-b11443/t0	2026-10-06		
2084_160_70	96fd693ccdfe17442301330488242c33aefaad81	Heh heh heh. Weren't you\ntaught that there is far more in\nthe universe that remains\nunknown?	machine	gemma-4-26B-A4B-it/UD-Q4_K_M/v2+story-v1/llama.cpp-b11443/t0	2026-10-06		
2084_160_71	4353feac83ae4f38788b76f1db27780bc4b96d59	It seems your bad habits\nhaven't changed a bit from the\ntime Paradise vanished until\ntoday.	machine	gemma-4-26B-A4B-it/UD-Q4_K_M/v2+story-v1/llama.cpp-b11443/t0	2026-10-06		
2084_160_72	eaacfe8d4e964c09ef933e1ac2e4e62e0a55e166	Once again, welcome. Guests\nfrom another star. And you,\nwho know the fate of Paradise.	machine	gemma-4-26B-A4B-it/UD-Q4_K_M/v2+story-v1/llama.cpp-b11443/t0	2026-10-06		
2084_160_74	ed629b9561b04ffb5d9ac4862d7e010c298c78c0	Yes. You. Human.	machine	gemma-4-26B-A4B-it/UD-Q4_K_M/v2+story-v1/llama.cpp-b11443/t0	2026-10-06		
2084_160_75	749625cbc999af0fd243037be50c7a24d65541a5	Once I introduce myself like\nthis, you should be able to\nguess my true identity to some\nextent.	machine	gemma-4-26B-A4B-it/UD-Q4_K_M/v2+story-v1/llama.cpp-b11443/t0	2026-10-06		
2084_160_76	c7656f37a24e9ef176becd3106f8bd9552063d4b	My name is <font color=yellow>Mastima</font>.	machine	gemma-4-26B-A4B-it/UD-Q4_K_M/v2+story-v1/llama.cpp-b11443/t0	2026-10-06		
2084_160_77	1d5110adbf3c5c45284c4cd64d200be2b50e2efc	Once chosen to be the\nguardian of Paradise, but cast\nout because I would not be\nruled.	machine	gemma-4-26B-A4B-it/UD-Q4_K_M/v2+story-v1/llama.cpp-b11443/t0	2026-10-06		
2084_160_78	347a470889829895e38fac064158ea255a6b5afe	I was once a candidate for the\n<font color=yellow>"Ten Wise Sages of God"</font>, cast\nout because I refused to\nsubmit.	machine	gemma-4-26B-A4B-it/UD-Q4_K_M/v2+story-v1+short-v1/llama.cpp-b11443/t0	2026-10-06		
