message_id	ja_sha1	en	source	engine	date	editor	note
2071_010_01	995b99a0d583716b213bf73383359e155db122a5	The medical checks are all\nfinished! Fortunately, it doesn't\nlook like any of you are going\nto turn into beasts!	machine	gemma-4-31B-it/qat-UD-Q4_K_XL/v2+story-v1/llama.cpp-b11443/t0	2026-10-07		
2071_010_02	ff6a42a0e05b07c43d2bcd433eebbcaa44868583	I'm impressed, Verda. You're a\nscientist at your age?	machine	gemma-4-31B-it/qat-UD-Q4_K_XL/v2+story-v1/llama.cpp-b11443/t0	2026-10-07		
2071_010_03	6a1aad0dec5777854fefbe9e507906f057871b46	Heh, something like that, I\nsuppose. Hehehe.	machine	gemma-4-31B-it/qat-UD-Q4_K_XL/v2+story-v1/llama.cpp-b11443/t0	2026-10-07		
2071_010_04	347f3443e3128098c22351f5b2933c41ea16a5cb	As for you, Henri, based on the\ndata you gave me, the way you\norganize your papers and data\nis very similar to that of a\ndoctor.	machine	gemma-4-31B-it/qat-UD-Q4_K_XL/v2+story-v1/llama.cpp-b11443/t0	2026-10-07		
2071_010_05	04917f0ef793b0ebe5f2acef1fe24a40d598dcdb	At first, I thought you were\nmore like President Onelsen.	machine	gemma-4-31B-it/qat-UD-Q4_K_XL/v2+story-v1/llama.cpp-b11443/t0	2026-10-07		
2071_010_06	ff83e11619c3f07b14b1eb1b20365f2e8e8cad10	Well, I'm just a novice myself.	machine	gemma-4-31B-it/qat-UD-Q4_K_XL/v2+story-v1/llama.cpp-b11443/t0	2026-10-07		
2071_010_07	76d8096a52e817c37a07aa82044ded3c0b7d9e27	In the end, I lacked the\nstrength, and I've spent my\ntime up until today in vain.	machine	gemma-4-31B-it/qat-UD-Q4_K_XL/v2+story-v1/llama.cpp-b11443/t0	2026-10-07		
2071_010_08	e0f4d4ff68e0e3680f7c50214470a9e48944e79b	That's why I just asked Valka\nnot to call me "Doctor."	machine	gemma-4-31B-it/qat-UD-Q4_K_XL/v2+story-v1/llama.cpp-b11443/t0	2026-10-07		
2071_010_09	3ee01c2ec1414afd77de9b66ea49073ab987b895	...Your journey is only just\nbeginning.	machine	gemma-4-31B-it/qat-UD-Q4_K_XL/v2+story-v1/llama.cpp-b11443/t0	2026-10-07		
2071_010_10	c28a699603e4af5b37ff2c0b4ad1f7e11ad9facc	As long as you don't lose your\nambition, you'll stop caring\nabout what others call you.	machine	gemma-4-31B-it/qat-UD-Q4_K_XL/v2+story-v1/llama.cpp-b11443/t0	2026-10-07		
2071_010_11	1cdab2e8004f06fec285bd78594cb877dc4f8162	I hope that's true.	machine	gemma-4-31B-it/qat-UD-Q4_K_XL/v2+story-v1/llama.cpp-b11443/t0	2026-10-07		
2071_010_12	01d67a60a97ea50d0ba7f14039a6339747427fe1	By the way, does the\nbeastification virus still remain\nin Daftes?	machine	gemma-4-31B-it/qat-UD-Q4_K_XL/v2+story-v1/llama.cpp-b11443/t0	2026-10-07		
2071_010_13	073c611e37798d2af6dcc9922b03b7e2122b1169	You predicted that it would\nhave a high affinity with that\n"Burning Death" plague that\nravaged Levarance, didn't you?	machine	gemma-4-31B-it/qat-UD-Q4_K_XL/v2+story-v1/llama.cpp-b11443/t0	2026-10-07		
2071_010_14	1ed036598db0682b053957a60eb5c8937e68d18e	Yes, about that... Coro?	machine	gemma-4-31B-it/qat-UD-Q4_K_XL/v2+story-v1/llama.cpp-b11443/t0	2026-10-07		
2071_010_15	035abdf504da9d73222ffb490e8b42d680899122	Yes! After cross-referencing\nthe data provided by Henri,	machine	gemma-4-31B-it/qat-UD-Q4_K_XL/v2+story-v1/llama.cpp-b11443/t0	2026-10-07		
2071_010_16	6cb8443fa866a1262cb93d2fee1759c1320c055b	I detected something in Daftes'\natmosphere that appears to be\nan evolved form of the virus in\nquestion.	machine	gemma-4-31B-it/qat-UD-Q4_K_XL/v2+story-v1/llama.cpp-b11443/t0	2026-10-07		glossary-waive: 進化 (the natural sense, not the game's character Augment (english.md 7.18))
2071_010_17	240161808f8c8305f1e98af42f650864d46571e1	What?! Is that not a problem?!	machine	gemma-4-31B-it/qat-UD-Q4_K_XL/v2+story-v1/llama.cpp-b11443/t0	2026-10-07		
2071_010_18	189d49dddfcc55a2a0fe51b6da6ba7f70b29ea34	Please don't worry. This\nevolved form is harmless to all\nhumans currently aboard this\nship.	machine	gemma-4-31B-it/qat-UD-Q4_K_XL/v2+story-v1/llama.cpp-b11443/t0	2026-10-07		glossary-waive: 進化 (the natural sense, not the game's character Augment (english.md 7.18))
2071_010_19	c05c2db9c8d9e15fe4b30f14f181a6d01907796c	I see... You gave me a real\nscare for a moment.	machine	gemma-4-31B-it/qat-UD-Q4_K_XL/v2+story-v1/llama.cpp-b11443/t0	2026-10-07		
2071_010_20	48dc0e8bfb0f5ca5cc593ec994c69ec920af7f88	We're still investigating the\nconnection to the Burning\nDeath, but we've already\nbeaten it once, so there's no\nneed to worry!	machine	gemma-4-31B-it/qat-UD-Q4_K_XL/v2+story-v1/llama.cpp-b11443/t0	2026-10-07		
2071_010_21	03c426fe0579d8ce609d2c46e215fb07e8ec4aff	We'll need to coordinate with\nthe science team on Levarance\neventually, but until then, we'll\njust have to steadily collect\ndata using this ship's\nequipment.	machine	gemma-4-31B-it/qat-UD-Q4_K_XL/v2+story-v1/llama.cpp-b11443/t0	2026-10-07		
2071_010_22	e34a0c4a81bef7f5af99bbbb550559cb2c0c991f	I'm sorry, but in the meantime...	machine	gemma-4-31B-it/qat-UD-Q4_K_XL/v2+story-v1/llama.cpp-b11443/t0	2026-10-07		
2071_010_23	70675b7c0c9287d456ab9c3ab905114bffb6b071	I understand. I shall do my\nhumble part to support your\njourney, the saviors of the\nBinary Star.	machine	gemma-4-31B-it/qat-UD-Q4_K_XL/v2+story-v1/llama.cpp-b11443/t0	2026-10-07		
2071_010_24	7cb1e7a4ba5ce42290f69322eeb5275b99694910	Ooh, a truly reliable adult man\nhas joined the party! I feel like\nour journey just got a lot more\nstable!	machine	gemma-4-31B-it/qat-UD-Q4_K_XL/v2+story-v1/llama.cpp-b11443/t0	2026-10-07		
2071_010_26	5bb7d04b9ca3baf529735d93ee6e823734cd754d	Huh? Oh, n-now wait, I didn't\nsay the Captain was unreliable!\nI would never say such a thing!\nNot me!	machine	gemma-4-31B-it/qat-UD-Q4_K_XL/v2+story-v1/llama.cpp-b11443/t0	2026-10-07		
2071_010_27	01e989c44c7f40799df547abea54be89ff64e350	Aaaah... no, no, no, please don't\nlook at me like that! It's almost\nstarting to feel good! Ahhh,\nright, right!	machine	gemma-4-31B-it/qat-UD-Q4_K_XL/v2+story-v1/llama.cpp-b11443/t0	2026-10-07		
2071_010_28	bc2ec24111a1fe2c6096b70f39af15302ceedec1	Karlyn! Euwin!	machine	gemma-4-31B-it/qat-UD-Q4_K_XL/v2+story-v1/llama.cpp-b11443/t0	2026-10-07		
2071_010_29	8f30eb242cfdd67a3705cb02c7d790a311b2f7a1	...What is it?	machine	gemma-4-31B-it/qat-UD-Q4_K_XL/v2+story-v1/llama.cpp-b11443/t0	2026-10-07		
2071_010_30	907e83607c22faba3cc06ea7bf0ae1b3cd39483c	Oh... uh, you're that one, right?\nThe voice we'd occasionally\nhear coming from around Evelysse\nand the others...?	machine	gemma-4-31B-it/qat-UD-Q4_K_XL/v2+story-v1/llama.cpp-b11443/t0	2026-10-07		name (en-evelysse 2026-10-08): Eve -> Evelysse, the user's decision
2071_010_31	1c54405b9ce680d9efd42fb20211322e506795f8	I mean, what exactly are you?	machine	gemma-4-31B-it/qat-UD-Q4_K_XL/v2+story-v1/llama.cpp-b11443/t0	2026-10-07		
2071_010_32	bc43ba1887e78e0d9be0f57f43d16702b6737759	I am the GFSS-3214F's\noperation system AI,\nOCAI-880-56 model!	machine	gemma-4-31B-it/qat-UD-Q4_K_XL/v2+story-v1/llama.cpp-b11443/t0	2026-10-07		
2071_010_34	84b5975641bba0356420345d471534309c7f2f94	Coro, you're doing this on\npurpose, aren't you?	machine	gemma-4-31B-it/qat-UD-Q4_K_XL/v2+story-v1/llama.cpp-b11443/t0	2026-10-07		
2071_010_35	db1d8a3d38386b999f58b028114d639ca626c8d8	Everything about you is a joke.	machine	gemma-4-31B-it/qat-UD-Q4_K_XL/v2+story-v1/llama.cpp-b11443/t0	2026-10-07		
2071_010_36	e4b3a5445cd994ae557677622b376c9035a4304b	I assume you called us over\nbecause you actually have\nsomething to say.	machine	gemma-4-31B-it/qat-UD-Q4_K_XL/v2+story-v1/llama.cpp-b11443/t0	2026-10-07		
2071_010_37	dde73796c3bdf392f988fa62fefd4965b16ae956	If you're just trying to tease\nus, I'll crush you.	machine	gemma-4-31B-it/qat-UD-Q4_K_XL/v2+story-v1/llama.cpp-b11443/t0	2026-10-07		
2071_010_38	48fab198ba6ef89a2efe5b3a1a9c8705c09a83a9	Y-yes, that's right! Actually, I\nhave some rather serious news\nfor the two of you.	machine	gemma-4-31B-it/qat-UD-Q4_K_XL/v2+story-v1/llama.cpp-b11443/t0	2026-10-07		
2071_010_39	7e1875dc81ff8bfd5d111337f8cd250467fa14d0	Serious news?	machine	gemma-4-31B-it/qat-UD-Q4_K_XL/v2+story-v1/llama.cpp-b11443/t0	2026-10-07		
2071_010_40	541a5de5abe8a2bc90f8a1bde17122f8f046448c	Yes. Actually, the Baschen\nEmpire has launched a\nlarge-scale attack on the\nKingdom of Rubarika.	machine	gemma-4-31B-it/qat-UD-Q4_K_XL/v2+story-v1/llama.cpp-b11443/t0	2026-10-07		
2071_010_41	84d138405d3e5b3f290091c9a738e4237ed78f77	Baschen forces have already\npushed deep across the\nborder, and the capital of\nRubarika is in grave danger.	machine	gemma-4-31B-it/qat-UD-Q4_K_XL/v2+story-v1/llama.cpp-b11443/t0	2026-10-07		
2071_010_42	d0266993ffce130079272ddd5c92354a296e6d59	What!?	machine	gemma-4-31B-it/qat-UD-Q4_K_XL/v2+story-v1/llama.cpp-b11443/t0	2026-10-07		
2071_010_43	04449e372513f31edc045c292b6480efdbac59a5	What...	machine	gemma-4-31B-it/qat-UD-Q4_K_XL/v2+story-v1/llama.cpp-b11443/t0	2026-10-07		
2071_010_44	0cf592b6f17f137876f04b6b65f2af0df109b5ac	WHAT DO YOU\nMEANNNNNNNNNNN!?	machine	gemma-4-31B-it/qat-UD-Q4_K_XL/v2+story-v1/llama.cpp-b11443/t0	2026-10-07		
2071_020_01	59b9803a93bb1c229a697172290564c0ad53a4ff	<font color=blue>Coro</font> This map shows the\nmovement of the battlefield\nright up until I received the\ntransmission from Onelsen.	machine	gemma-4-31B-it/qat-UD-Q4_K_XL/v2+story-v1/llama.cpp-b11443/t0	2026-10-07		
2071_020_02	d89d2161b95006b0f45bcd640c494b2c1ba27fdd	Baschen's speed and scale of\ninvasion are incredible.	machine	gemma-4-31B-it/qat-UD-Q4_K_XL/v2+story-v1/llama.cpp-b11443/t0	2026-10-07		
2071_020_03	c30ed1d7322e0bd10f6b75d7b8ee5994a75caba4	<font color=blue>Karlyn</font> I've never seen an\noffensive on this scale before.\nTo pull something like this off,\nthey would have needed\nmonths of preparation.	machine	gemma-4-31B-it/qat-UD-Q4_K_XL/v2+story-v1/llama.cpp-b11443/t0	2026-10-07		
2071_020_04	5b6fcad6a3d3945e5608db30e3621d28bb0b1280	But I've never heard of any\nsuch plan.	machine	gemma-4-31B-it/qat-UD-Q4_K_XL/v2+story-v1/llama.cpp-b11443/t0	2026-10-07		
2071_020_05	a2de3fa2560e81af91cb400bbecc48d1a8759b32	<font color=blue>Welch</font> ...It doesn't help anyone\nif you keep secrets!	machine	gemma-4-31B-it/qat-UD-Q4_K_XL/v2+story-v1/llama.cpp-b11443/t0	2026-10-07		
2071_020_06	390746012af30828f817834ac6eff766deba9a57	<font color=blue>Karlyn</font> At a time like this, I\nhave no reason to hide\nanything from you.	machine	gemma-4-31B-it/qat-UD-Q4_K_XL/v2+story-v1/llama.cpp-b11443/t0	2026-10-07		
2071_020_07	4a28a454938a7eadce8e113e8d120b03852804e6	<font color=blue>Welch</font> ...Really?	machine	gemma-4-31B-it/qat-UD-Q4_K_XL/v2+story-v1/llama.cpp-b11443/t0	2026-10-07		
2071_020_08	ed9add1c0748a8e4f59a4f67728ad1cf9a2a43fb	<font color=blue>Karlyn</font> Besides, even when we\nBeast Witches gave it our all in\nthe past,	machine	gemma-4-31B-it/qat-UD-Q4_K_XL/v2+story-v1/llama.cpp-b11443/t0	2026-10-07		
2071_020_09	3775dd8544c47322dd083b3f658ddbc375cb6235	we could barely push the front\nline forward because of\nRubarika's messenger light\narrows.	machine	gemma-4-31B-it/qat-UD-Q4_K_XL/v2+story-v1/llama.cpp-b11443/t0	2026-10-07		
2071_020_10	6808578b4748ba3bc8fe2a74a440be5e199060d3	In this Holy Land War, though I\nhated to admit it, Rubarika's\npower surpassed Baschen's.	machine	gemma-4-31B-it/qat-UD-Q4_K_XL/v2+story-v1/llama.cpp-b11443/t0	2026-10-07		
2071_020_11	c340b08c7c86c0af7cdec31ad955369f8d9e39b1	Baschen shouldn't have the\npower to overwhelm Rubarika\nacross such a wide area in\nsuch a short time.	machine	gemma-4-31B-it/qat-UD-Q4_K_XL/v2+story-v1/llama.cpp-b11443/t0	2026-10-07		
2071_020_12	f58d4166d11c7df7a0bdaf7afec482347c2aca85	<font color=blue>Coro</font> Actually, it seems that\nthe political upheaval in the\nBaschen Imperial Capital is\nheavily involved in this\nlarge-scale offensive.	machine	gemma-4-31B-it/qat-UD-Q4_K_XL/v2+story-v1/llama.cpp-b11443/t0	2026-10-07		
2071_020_13	83180b7650184d61c0d5da9a58c4e2d6130fe508	<font color=blue>Euwin</font> A political upheaval?	machine	gemma-4-31B-it/qat-UD-Q4_K_XL/v2+story-v1/llama.cpp-b11443/t0	2026-10-07		
2071_020_14	29e5a208e220c18c4ba944f4979f13042a0aca1e	<font color=blue>Coro</font> This is just a guess, but...	machine	gemma-4-31B-it/qat-UD-Q4_K_XL/v2+story-v1/llama.cpp-b11443/t0	2026-10-07		
2071_020_15	13fb9d500298205dc2dc43105789720cf3df3747	It's possible that the Baschen\nEmperor was sent somewhere\nelse, just like what happened\nto Evelysse and the others.	machine	gemma-4-31B-it/qat-UD-Q4_K_XL/v2+story-v1+fix/llama.cpp-b11443/t0	2026-10-07		name (en-evelysse 2026-10-08): Eve -> Evelysse, the user's decision
2071_020_16	aea21b40d13eb6044f0f66480effbee2a5b5f346	<font color=blue>Euwin</font> What!?	machine	gemma-4-31B-it/qat-UD-Q4_K_XL/v2+story-v1/llama.cpp-b11443/t0	2026-10-07		
2071_020_17	4fbeb7a7d4f01618a67c21f8f26863991a6af7b9	<font color=blue>Valka</font> I couldn't detect any biological signatures other than Lady Evelysse's group within a 50km radius of my starship, but...	agent		2026-10-07	en-followup	the engine's text (gemma-4-31B-it/qat-UD-Q4_K_XL/v2+story-v1/llama.cpp-b11443/t0) with the M2 names Lady Leash / Lady Carlin as the glossary has them now (Lady Eve: Global's Eve; Lady Karlyn); name (en-evelysse 2026-10-08): Lady Eve -> Lady Evelysse, the user's decision
2071_020_18	931537940e084de0c6aa48809dd4814fafb25d73	<font color=blue>Coro</font> Regardless, I get the\nfeeling that something went\ndown in the Imperial Capital\nwhile the Emperor was away.	machine	gemma-4-31B-it/qat-UD-Q4_K_XL/v2+story-v1/llama.cpp-b11443/t0	2026-10-07		
2071_020_19	38064632c8520ae9bcadc8eeadbec5c794f418bc	<font color=blue>Karlyn</font> I bet the Crown Prince\nseized power.	machine	gemma-4-31B-it/qat-UD-Q4_K_XL/v2+story-v1/llama.cpp-b11443/t0	2026-10-07		
2071_020_20	81760c8481cbced7d46b69320e30f8a5837b461e	<font color=blue>Welch</font> The Crown Prince?	machine	gemma-4-31B-it/qat-UD-Q4_K_XL/v2+story-v1/llama.cpp-b11443/t0	2026-10-07		
2071_020_21	c66188e2f17d2517fffb2c2fd8e9266d35dbdb91	<font color=blue>Karlyn</font> Yes. An even bigger\nhawk than the Emperor himself.	machine	gemma-4-31B-it/qat-UD-Q4_K_XL/v2+story-v1/llama.cpp-b11443/t0	2026-10-07		
2071_020_22	91db9c634216e0ce0ad766ee4d2ddef18fcc496b	He's always saying that simply\nwinning the Holy War isn't\nenough―that Rubarika itself\nmust be annihilated...	machine	gemma-4-31B-it/qat-UD-Q4_K_XL/v2+story-v1/llama.cpp-b11443/t0	2026-10-07		
2071_020_23	c35e4d30608548245592c2e5143904fe70be7e7b	Naturally, he's not the type to\nbe picky about the means used\nto achieve his goals.	machine	gemma-4-31B-it/qat-UD-Q4_K_XL/v2+story-v1/llama.cpp-b11443/t0	2026-10-07		
2071_020_24	7b4630465067f983ec4ca5ef0a34267d72d19616	<font color=blue>Welch</font> Ugh... that's the worst.	machine	gemma-4-31B-it/qat-UD-Q4_K_XL/v2+story-v1/llama.cpp-b11443/t0	2026-10-07		
2071_020_25	746fc61996b3534a1e5d46d8c74dde1a3a319dee	<font color=blue>Coro</font> Additionally, I have\nconfirmed that the majority of\nthe "Beasts of Baschen"\ndeployed on the battlefield this\ntime are of that specific\nbeast-man type.	machine	gemma-4-31B-it/qat-UD-Q4_K_XL/v2+story-v1/llama.cpp-b11443/t0	2026-10-07		
2071_020_26	55b3b02ecca20e0862ddd0cf264466c20084fc8a	This footage shows a few of\nthem.	machine	gemma-4-31B-it/qat-UD-Q4_K_XL/v2+story-v1/llama.cpp-b11443/t0	2026-10-07		
2071_020_28	c108b8acba10a3bd2c03b73847b9a16c154618a2	<font color=blue>Coro</font> Exactly. No matter how\npowerful the light arrows are,\nthey're meaningless if they\ndon't hit.	machine	gemma-4-31B-it/qat-UD-Q4_K_XL/v2+story-v1/llama.cpp-b11443/t0	2026-10-07		
2071_020_29	1b813141d89aa036d6bcbad4f986885f8a8d9d3f	Beast-man type Thornite are\nincredibly fast and strong.	machine	gemma-4-31B-it/qat-UD-Q4_K_XL/v2+story-v1/llama.cpp-b11443/t0	2026-10-07		
2071_020_30	36afb0550f175161afbdd5f475731b89411a57c4	There were many instances\nwhere the Rubarika soldiers,\nwho are inferior in individual\nskill, were forced to retreat\nbecause they couldn't land\ntheir new light arrows on the\n"Beasts."	machine	gemma-4-31B-it/qat-UD-Q4_K_XL/v2+story-v1/llama.cpp-b11443/t0	2026-10-07		
2071_020_31	46f479b48fa8789a2ff1698acc595d29dc26f817	...Can't we use this ship to\nintervene in the war?	machine	gemma-4-31B-it/qat-UD-Q4_K_XL/v2+story-v1/llama.cpp-b11443/t0	2026-10-07		
2071_020_33	3d693abf6af87aaf49d512c844e682862a78198f	We have to stop the Beast\nWitches... those girls...	machine	gemma-4-31B-it/qat-UD-Q4_K_XL/v2+story-v1/llama.cpp-b11443/t0	2026-10-07		
2071_020_34	e8e8d9e4b31db5cb7caa4d8b8acdb7fc224f6f80	Huh? What are you talking\nabout? You're on Baschen's\nside, aren't you? This should\nbe exactly what you want...	machine	gemma-4-31B-it/qat-UD-Q4_K_XL/v2+story-v1/llama.cpp-b11443/t0	2026-10-07		
2071_020_35	395547f13fdbb1c843b271dfca7dd5569b48116a	I never heard about this!!	machine	gemma-4-31B-it/qat-UD-Q4_K_XL/v2+story-v1/llama.cpp-b11443/t0	2026-10-07		
2071_020_36	68229785c05ae2ed4cc7ea665b9917266bc842a2	W-what's with the sudden\nshouting...?	machine	gemma-4-31B-it/qat-UD-Q4_K_XL/v2+story-v1/llama.cpp-b11443/t0	2026-10-07		
2071_020_37	69a2bddee6f85592ecc938b77b6e5dfaf82e5cbc	I don't need to understand\nyour strange technology to\nknow!	machine	gemma-4-31B-it/qat-UD-Q4_K_XL/v2+story-v1/llama.cpp-b11443/t0	2026-10-07		
2071_020_38	4b28b9f01bb9653c5c0a1bc808359256753b9dbd	Beast-man "Beasts"... no matter\nhow you look at it...	machine	gemma-4-31B-it/qat-UD-Q4_K_XL/v2+story-v1/llama.cpp-b11443/t0	2026-10-07		
2071_020_39	0f555277b4f3843202402836efa2cf0ac869c3f1	They are likely... kin of my\npeople from Daftes.	machine	gemma-4-31B-it/qat-UD-Q4_K_XL/v2+story-v1/llama.cpp-b11443/t0	2026-10-07		
2071_020_40	378a33689bfdd78c8cf8fecf326ce089595beacf	What... does that mean?	machine	gemma-4-31B-it/qat-UD-Q4_K_XL/v2+story-v1/llama.cpp-b11443/t0	2026-10-07		
2071_020_41	ff0f679bb563ea7c7230ecd9c6d170932b11af73	It's obvious by now... every\n"beast" we summoned came\nfrom Daftes.	machine	gemma-4-31B-it/qat-UD-Q4_K_XL/v2+story-v1/llama.cpp-b11443/t0	2026-10-07		
2071_020_42	8ccfd0fcd49ccd87d20688e917dde6403f4c10fb	Isn't that right, you two little\nmarbles over there!	machine	gemma-4-31B-it/qat-UD-Q4_K_XL/v2+story-v1/llama.cpp-b11443/t0	2026-10-07		
2071_020_43	5e019ccc14473fddf577750251ba3104a6a9c34d	D-did you just call us marbles!?	machine	gemma-4-31B-it/qat-UD-Q4_K_XL/v2+story-v1/llama.cpp-b11443/t0	2026-10-07		
2071_020_44	a9a1d5384af17d0bdf2290bf04ac3b925d9aa547	...While we are still in the\nverification stage, we lack any\nevidence to deny it.	machine	gemma-4-31B-it/qat-UD-Q4_K_XL/v2+story-v1/llama.cpp-b11443/t0	2026-10-07		
2071_020_45	3bdd5c7b647fe63e21b34cfd5b313425d800fec9	Optically speaking, the\ncreatures inhabiting Daftes and\nthe Thornite used by Karlyn\nKayson show an extremely high\nrate of similarity.	machine	gemma-4-31B-it/qat-UD-Q4_K_XL/v2+story-v1/llama.cpp-b11443/t0	2026-10-07		
2071_020_46	30a4e95acb9b2823e0d94a9b93e1b566e664d2f8	If the beastmen of Daftes, Lady Karlyn's "beasts,"	agent		2026-10-07	en-followup	the engine's text (gemma-4-31B-it/qat-UD-Q4_K_XL/v2+story-v1/llama.cpp-b11443/t0) with the M2 names Lady Leash / Lady Carlin as the glossary has them now (Lady Eve: Global's Eve; Lady Karlyn)
2071_020_47	eaf1b9c3f669ee82e58af6b597eb182e45f2a4c5	and the Thornite mentioned by Lady Evelysse and the others are all the same thing,	agent		2026-10-07	en-followup	the engine's text (gemma-4-31B-it/qat-UD-Q4_K_XL/v2+story-v1/llama.cpp-b11443/t0) with the M2 names Lady Leash / Lady Carlin as the glossary has them now (Lady Eve: Global's Eve; Lady Karlyn); name (en-evelysse 2026-10-08): Lady Eve -> Lady Evelysse, the user's decision
2071_020_48	57f59782d34668613ec823d183faa708918205ca	then it's highly probable that\nthese beastmen were\ndeveloped as high-spec\nbiological weapons...	machine	gemma-4-31B-it/qat-UD-Q4_K_XL/v2+story-v1/llama.cpp-b11443/t0	2026-10-07		
2071_020_49	8dbee8b069211f92aead8586ecdd612683ae2486	I am a soldier! I kill the enemy!\nNo matter what means I have\nto use!	machine	gemma-4-31B-it/qat-UD-Q4_K_XL/v2+story-v1/llama.cpp-b11443/t0	2026-10-07		
2071_020_50	bd573ca5e44cc2a7851654265d01929005a9508d	But... but that doesn't mean\nI've fallen so low that I'd\nmanipulate innocent people and\nhide in their shadows!!	machine	gemma-4-31B-it/qat-UD-Q4_K_XL/v2+story-v1/llama.cpp-b11443/t0	2026-10-07		
2071_020_51	1b67fd35bf71d48a338b612880e86296180b520b	Baschen, how can you just let\nthis happen!	machine	gemma-4-31B-it/qat-UD-Q4_K_XL/v2+story-v1/llama.cpp-b11443/t0	2026-10-07		
2071_020_52	effde5199e687f8d317cad6200af3d8d9ecae047	Now, calm down.	machine	gemma-4-31B-it/qat-UD-Q4_K_XL/v2+story-v1/llama.cpp-b11443/t0	2026-10-07		
2071_020_53	c7d19ca09bcfc782703c253a853f4ccd553f2ca5	Baschen's people don't even\nknow humans live in Daftes, so\nyou don't need to worry so\nmuch...	machine	gemma-4-31B-it/qat-UD-Q4_K_XL/v2+story-v1/llama.cpp-b11443/t0	2026-10-07		
2071_020_54	39742f941ba35ec066533454043d57a9d4013baf	I'm not so heartless that I can\nsay that in front of Henri!!	machine	gemma-4-31B-it/qat-UD-Q4_K_XL/v2+story-v1/llama.cpp-b11443/t0	2026-10-07		
2071_020_55	ef06d737cfc76a5a5c1ed0a4297c0dcf049aaef3	You need not trouble yourself.	machine	gemma-4-31B-it/qat-UD-Q4_K_XL/v2+story-v1/llama.cpp-b11443/t0	2026-10-07		
2071_020_56	276b44b028c27200f674ba88d7206a5af16daf3a	Nearly 30,000 years have\npassed since civilization was\nlost. It is not hard to imagine\nthat humans have long since\nreturned to the wild, their\necology no different from that\nof beasts.	machine	gemma-4-31B-it/qat-UD-Q4_K_XL/v2+story-v1/llama.cpp-b11443/t0	2026-10-07		
2071_020_57	2bb6916f151b51937821806d789746033aab6687	That is why...	machine	gemma-4-31B-it/qat-UD-Q4_K_XL/v2+story-v1/llama.cpp-b11443/t0	2026-10-07		
2071_020_58	8e816a9bfde55f8762fb60a46f422366809e3b5c	My family was killed by\nRubarika soldiers on the front\nlines of the Holy Land War!	machine	gemma-4-31B-it/qat-UD-Q4_K_XL/v2+story-v1/llama.cpp-b11443/t0	2026-10-07		
2071_020_60	b80b6255f6146d9e8de3fab53adb8acd81452429	It was a small fishing village on\nthe coast.	machine	gemma-4-31B-it/qat-UD-Q4_K_XL/v2+story-v1/llama.cpp-b11443/t0	2026-10-07		
2071_020_61	1caad5c5a86ead29c99eb5c11cc38c50ddc352c2	Rubarika's analysts decided it\nwas too close to the waters\nwhere the Holy Land Asyl\nmight surface, and that was\nthe only reason.	machine	gemma-4-31B-it/qat-UD-Q4_K_XL/v2+story-v1/llama.cpp-b11443/t0	2026-10-07		
2071_020_62	a1d7ba5ee3bdba131daf96ee98b21b1d6eb650e7	Huh? Surface...?	machine	gemma-4-31B-it/qat-UD-Q4_K_XL/v2+story-v1/llama.cpp-b11443/t0	2026-10-07		
2071_020_63	a87f39236c7d0ad95433f8597d898b62e1dd4379	But later, I found out that\nBaschen's side was aware of\nRubarika's movements, and...	machine	gemma-4-31B-it/qat-UD-Q4_K_XL/v2+story-v1/llama.cpp-b11443/t0	2026-10-07		
2071_020_64	60fb0fca4287dd7aa52b8e1ae19673672c8426f8	But later, I learned that\nBaschen had sensed Rubarika's\nmovements and deliberately\nabandoned the village just to\ngauge the true strength of the\nRubarikan navy...	machine	gemma-4-31B-it/qat-UD-Q4_K_XL/v2+story-v1/llama.cpp-b11443/t0	2026-10-07		
2071_020_65	cc8cf724b7952464a937feb9f22a1008cec22118	Even so, why would they leave\nyou to someone like the Beast\nWitch...?	machine	gemma-4-31B-it/qat-UD-Q4_K_XL/v2+story-v1/llama.cpp-b11443/t0	2026-10-07		
2071_020_66	f54fe988bf1338aef689ac024e932585869d5f1c	Because Lord Givel discovered\nme... The Baschen army was\nobedient to me, for I could\nwield the Beast Witch's powers\nbetter than anyone.	machine	gemma-4-31B-it/qat-UD-Q4_K_XL/v2+story-v1/llama.cpp-b11443/t0	2026-10-07		
2071_020_67	bd1fde6a271ef5c9982cd2f32c1fae580a2f737a	Lord Givel is an agent of\nDaftes. He isn't a true\nBaschen.	machine	gemma-4-31B-it/qat-UD-Q4_K_XL/v2+story-v1/llama.cpp-b11443/t0	2026-10-07		
2071_020_68	0aa145db81c2c8fae5bc4c2f8661c20565475434	That's why I followed him. He\ngave me power. The power to\nmake both Baschen and\nRubarika submit...	machine	gemma-4-31B-it/qat-UD-Q4_K_XL/v2+story-v1/llama.cpp-b11443/t0	2026-10-07		
2071_020_69	8b753c48806fe9930e2c6f535d49ac5434a9a178	But for it to end up... like this...	machine	gemma-4-31B-it/qat-UD-Q4_K_XL/v2+story-v1/llama.cpp-b11443/t0	2026-10-07		
2071_020_70	4c973c75af22ad490d997eb2037969da52ba5d73	I never once wondered where\nthe "Beasts" actually came\nfrom...	machine	gemma-4-31B-it/qat-UD-Q4_K_XL/v2+story-v1/llama.cpp-b11443/t0	2026-10-07		
2071_020_71	940a32ae5a34ffc5d040660f7d9942939cf4aeb7	If the people of Onelsen were\nsummoned by chance... if there\ntruly is a place where people\nlive at the edge of the sky...	machine	gemma-4-31B-it/qat-UD-Q4_K_XL/v2+story-v1/llama.cpp-b11443/t0	2026-10-07		
2071_020_72	0d66a046b8fabc9e249ec4d938d1ffe7ace431fa	Then by some mistake, calling\nmyself the "Beast," I will one\nday... once again...	machine	gemma-4-31B-it/qat-UD-Q4_K_XL/v2+story-v1/llama.cpp-b11443/t0	2026-10-07		
2071_020_73	41e9f51e5a6f11696e2f9ca94b36723ebccbb7b6	Karlyn...	machine	gemma-4-31B-it/qat-UD-Q4_K_XL/v2+story-v1/llama.cpp-b11443/t0	2026-10-07		
2071_020_74	82465ace12e0f543e5f630d4cb11c8a80bb95052	...Karlyn, that's...	machine	gemma-4-31B-it/qat-UD-Q4_K_XL/v2+story-v1/llama.cpp-b11443/t0	2026-10-07		
2071_020_75	1c72b25be534a92c25de195b92e4529c3c59fffb	No, I...	machine	gemma-4-31B-it/qat-UD-Q4_K_XL/v2+story-v1/llama.cpp-b11443/t0	2026-10-07		
2071_020_76	92e41602bcd33de3f6f4c725adb344be36ac985c	Karlyn, may I ask you\nsomething?	machine	gemma-4-31B-it/qat-UD-Q4_K_XL/v2+story-v1/llama.cpp-b11443/t0	2026-10-07		
2071_020_77	ea7624ae12c0d088c5c514bfc9879f4dd4aef4c4	Now, this might be a bit rude,\nas it's not exactly related to\nyour troubles.	machine	gemma-4-31B-it/qat-UD-Q4_K_XL/v2+story-v1/llama.cpp-b11443/t0	2026-10-07		
2071_020_78	a04577a6f259820b3dc23b45648e173218cb5c01	...What?	machine	gemma-4-31B-it/qat-UD-Q4_K_XL/v2+story-v1/llama.cpp-b11443/t0	2026-10-07		
2071_020_79	69fb036b2294d5861cd6d2b3e11248fcfa3d85b1	You just mentioned that the\nHoly Land "surfaces," didn't\nyou? Is the Holy Land Asyl not\nlocated in one specific place?	machine	gemma-4-31B-it/qat-UD-Q4_K_XL/v2+story-v1/llama.cpp-b11443/t0	2026-10-07		
2071_020_80	74d0c0e66550b31179d996f3bab103700ddf0d62	Huh? What are you talking...	machine	gemma-4-31B-it/qat-UD-Q4_K_XL/v2+story-v1/llama.cpp-b11443/t0	2026-10-07		
2071_020_81	c19bbfd1c73bb93eb3278fc0ef5edda4ad65bca5	Oh, did we not mention it? The\nHoly Land Asyl usually rests at\nthe bottom of the ocean.	machine	gemma-4-31B-it/qat-UD-Q4_K_XL/v2+story-v1/llama.cpp-b11443/t0	2026-10-07		
2071_020_82	6512ba10969544ca73fda72d312fa72a9562e046	The bottom of the ocean!?	machine	gemma-4-31B-it/qat-UD-Q4_K_XL/v2+story-v1/llama.cpp-b11443/t0	2026-10-07		
2071_050_01	c19bbfd1c73bb93eb3278fc0ef5edda4ad65bca5	Oh, did I not mention it? The\nHoly Land of Asyl usually rests\nat the bottom of the ocean.	machine	gemma-4-31B-it/qat-UD-Q4_K_XL/v2+story-v1/llama.cpp-b11443/t0	2026-10-07		
2071_050_02	6512ba10969544ca73fda72d312fa72a9562e046	The bottom of the ocean!?	machine	gemma-4-31B-it/qat-UD-Q4_K_XL/v2+story-v1/llama.cpp-b11443/t0	2026-10-07		
2071_050_03	fac1a37ee22ddca8bf7b358224f7958c5158e5d5	That's right. The Moonshadow\nLadder doesn't always descend\nin the same spot.	machine	gemma-4-31B-it/qat-UD-Q4_K_XL/v2+story-v1/llama.cpp-b11443/t0	2026-10-07		
2071_050_04	66ee458a7696ca675a2745a71ae11454e6b773c8	Since the Holy Land of Asyl\nappears wherever the ladder\ndescends, it doesn't always\nappear in the same place\neither.	machine	gemma-4-31B-it/qat-UD-Q4_K_XL/v2+story-v1/llama.cpp-b11443/t0	2026-10-07		
2071_050_05	2fcfc024bb79a29d5835192097cb8bd32f6de1f9	May I ask something? Based\non the name, am I correct in\nassuming the Moonshadow\nLadder is a massive shadow\nconnecting the satellite to the\nplanet's surface?	machine	gemma-4-31B-it/qat-UD-Q4_K_XL/v2+story-v1/llama.cpp-b11443/t0	2026-10-07		
2071_050_06	cffcf74a1149a8d04ba14c093c5c87f062c5c521	Yes. There are many paintings\nin Rubarika that depict it that\nway.	machine	gemma-4-31B-it/qat-UD-Q4_K_XL/v2+story-v1/llama.cpp-b11443/t0	2026-10-07		
2071_050_07	dbc34df28758a500f2c136a303a2a641ec7f47ee	Hmm. If the ladder is the\nshadow of a solar or lunar\neclipse, it seems the area\nwould be quite narrow.	machine	gemma-4-31B-it/qat-UD-Q4_K_XL/v2+story-v1/llama.cpp-b11443/t0	2026-10-07		
2071_050_08	364382e992638d4532ae903f951207607254d378	Assuming the "Moonshadow\nLadder" is indeed the shadow\nof a solar eclipse,	machine	gemma-4-31B-it/qat-UD-Q4_K_XL/v2+story-v1/llama.cpp-b11443/t0	2026-10-07		
2071_050_09	6fc62416f91f69d20bc912e7fcae40dd61e7873e	Then the observable locations\nwould certainly change based\non the rotation and revolution\nof the planet and satellite, as\nwell as the axial tilt.	machine	gemma-4-31B-it/qat-UD-Q4_K_XL/v2+story-v1/llama.cpp-b11443/t0	2026-10-07		
2071_050_10	7c8b52e77d00df680bab2e0b2e1873370c20958c	And in this case, the point\nwhere the shadow falls is\nalways over the sea.	machine	gemma-4-31B-it/qat-UD-Q4_K_XL/v2+story-v1/llama.cpp-b11443/t0	2026-10-07		
2071_050_11	628f47bc3b3eb0328a9a62201605a4cd7cc8ea4d	So that's why the old\nbattlefields of the Holy War\nwere all along the coastlines...	machine	gemma-4-31B-it/qat-UD-Q4_K_XL/v2+story-v1/llama.cpp-b11443/t0	2026-10-07		
2071_050_12	5a8073a1d3169d577ee9df71512aca7c6248bb80	But the Holy Land is at the\nbottom of the sea? And it\nrises with every eclipse? Is\nthat even natural...?	machine	gemma-4-31B-it/qat-UD-Q4_K_XL/v2+story-v1/llama.cpp-b11443/t0	2026-10-07		
2071_050_13	49bcfc7240546348e711dc87fdc30da83f5c5fb3	I mean, even if you ask me if\nit's "natural," it's just how it's\nalways been...	machine	gemma-4-31B-it/qat-UD-Q4_K_XL/v2+story-v1/llama.cpp-b11443/t0	2026-10-07		
2071_050_14	b96a0e7dfcfafd3356facea5da01e5fc21deb8e9	...No, that's exactly where we're\nwrong.	machine	gemma-4-31B-it/qat-UD-Q4_K_XL/v2+story-v1/llama.cpp-b11443/t0	2026-10-07		
2071_050_15	be831e483222dc642626fb450c303d9bfe0dd9d9	Eu?	machine	gemma-4-31B-it/qat-UD-Q4_K_XL/v2+story-v1/llama.cpp-b11443/t0	2026-10-07		
2071_050_16	b971232d548dad7d4d9e784fe3784d189dcc7f65	"It's always been that way," "It's\nnatural," "That's just how it is."	machine	gemma-4-31B-it/qat-UD-Q4_K_XL/v2+story-v1/llama.cpp-b11443/t0	2026-10-07		
2071_050_17	108e554afc07e61ac197220db2a166c86460bd60	Because those ideas are\nrooted in everyone involved in\nthe Holy Land War, we've just\nkept repeating the same cycle.	machine	gemma-4-31B-it/qat-UD-Q4_K_XL/v2+story-v1/llama.cpp-b11443/t0	2026-10-07		
2071_050_18	faa3ffde8c80e06f223e38baa685475368113f52	Yes, the Holy Land Asyl is on\nan island that rises from the\nbottom of the sea.	machine	gemma-4-31B-it/qat-UD-Q4_K_XL/v2+story-v1/llama.cpp-b11443/t0	2026-10-07		
2071_050_19	f41f84efbf6d6ca0882f84aac93a0685d721d786	You've both heard about it,\nright, Welch, Karlyn?	machine	gemma-4-31B-it/qat-UD-Q4_K_XL/v2+story-v1/llama.cpp-b11443/t0	2026-10-07		
2071_050_20	900613dfc3871728757c2fd07f49ee5f36ab8698	Tides alone can't possibly\nexplain it, and don't you think\nit's strange that the location\nwhere it appears changes so\ndrastically?	machine	gemma-4-31B-it/qat-UD-Q4_K_XL/v2+story-v1/llama.cpp-b11443/t0	2026-10-07		
2071_050_21	b8b06c5e0325f69920318b507e453f57ff30f652	Have you ever heard of any\nother island like that?	machine	gemma-4-31B-it/qat-UD-Q4_K_XL/v2+story-v1/llama.cpp-b11443/t0	2026-10-07		
2071_050_22	9cba6c43c52ee04eddabe12524087576735518ce	There's a cause. Looking down\nfrom the vastness of the world,\nit's clearly abnormal. There's\nsomething about this Holy\nLand Asyl.	machine	gemma-4-31B-it/qat-UD-Q4_K_XL/v2+story-v1/llama.cpp-b11443/t0	2026-10-07		
2071_050_23	f51f7c0f4767db34d04d511e61d74bf1226d70d2	A human... will?	machine	gemma-4-31B-it/qat-UD-Q4_K_XL/v2+story-v1/llama.cpp-b11443/t0	2026-10-07		
2071_050_24	067b94540abd72a70d7330303ec5bbcb373ed9dd	No way, an island rising and\nsinking because of someone's\nwill?	machine	gemma-4-31B-it/qat-UD-Q4_K_XL/v2+story-v1/llama.cpp-b11443/t0	2026-10-07		
2071_050_25	3676439bb222c95423a4a70874adeb35ac528d44	When you're shown a world this\nvast, nothing seems impossible.\nTika is a perfect example.	machine	gemma-4-31B-it/qat-UD-Q4_K_XL/v2+story-v1/llama.cpp-b11443/t0	2026-10-07		
2071_050_26	5b8d7982954d221e2bcfa23514aa448bec1dd919	Huh?	machine	gemma-4-31B-it/qat-UD-Q4_K_XL/v2+story-v1/llama.cpp-b11443/t0	2026-10-07		
2071_050_27	24b1f4432fa503c41e23263f5f3a4b11de891a81	Tika, you mentioned it earlier,\ndidn't you? That the old\nbattlefields of the Holy War are\nall along the coast.	machine	gemma-4-31B-it/qat-UD-Q4_K_XL/v2+story-v1/llama.cpp-b11443/t0	2026-10-07		
2071_050_28	5e5aab8543203949816507c1e754372f35fc4227	Y-yeah.	machine	gemma-4-31B-it/qat-UD-Q4_K_XL/v2+story-v1/llama.cpp-b11443/t0	2026-10-07		
2071_050_29	5370b76592be08bd4e11b99e00454f72b9cbf272	A child like Tika knows about\nmultiple battlefields from the\nHoly War. Which means...	machine	gemma-4-31B-it/qat-UD-Q4_K_XL/v2+story-v1/llama.cpp-b11443/t0	2026-10-07		
2071_050_30	b35c62f6b70f2c259112cd25f68e2ca08dbc2974	Rubarika and Baschen must be\npeaceful in Tika's time. Tika is\nfrom the "future"...	machine	gemma-4-31B-it/qat-UD-Q4_K_XL/v2+story-v1/llama.cpp-b11443/t0	2026-10-07		
2071_050_31	f1df5f82d296af8d4540a1fe43064616c4379b4e	You came from far beyond\ntomorrow, didn't you!?	machine	gemma-4-31B-it/qat-UD-Q4_K_XL/v2+story-v1/llama.cpp-b11443/t0	2026-10-07		
2071_050_33	d7d4c7a08ca6f6f8e8c2a1fb62fc6489985ead93	The Holy War isn't happening in\nthe era Tika was born into.	machine	gemma-4-31B-it/qat-UD-Q4_K_XL/v2+story-v1/llama.cpp-b11443/t0	2026-10-07		
2071_050_34	5a3439b88f46c7c5659273644e5e3070980413dd	That means the Holy War\nended before Tika was even\nborn.	machine	gemma-4-31B-it/qat-UD-Q4_K_XL/v2+story-v1/llama.cpp-b11443/t0	2026-10-07		
2071_050_35	53eb0142c1c3733dd151599595d322b8efcad878	In a "future" beyond our own.	machine	gemma-4-31B-it/qat-UD-Q4_K_XL/v2+story-v1/llama.cpp-b11443/t0	2026-10-07		
2071_050_36	b2e9cf60aebec416ce1c918d224506b91fb16f88	Otherwise, Tika―who says\nshe's from the future―wouldn't\nbe here.	machine	gemma-4-31B-it/qat-UD-Q4_K_XL/v2+story-v1/llama.cpp-b11443/t0	2026-10-07		
2071_050_37	052ae0678240c816db8d643b32dca0eae1aac2a1	Big brother Euwin...	machine	gemma-4-31B-it/qat-UD-Q4_K_XL/v2+story-v1/llama.cpp-b11443/t0	2026-10-07		
2071_050_38	b8948db552a8c2108507cab0680cbd09fd98c54e	Welch, Karlyn, and I have seen\nthe wider world, and yet here\nwe are, able to coexist without\nfighting.	machine	gemma-4-31B-it/qat-UD-Q4_K_XL/v2+story-v1/llama.cpp-b11443/t0	2026-10-07		
2071_050_39	e502e8f4b780b4ae2a1c85b4f310d19cecacadcc	I believe this is the beginning\nof the end for the Holy Land\nWar between Rubarika and\nBaschen, a conflict that has\nraged for hundreds of years.	machine	gemma-4-31B-it/qat-UD-Q4_K_XL/v2+story-v1/llama.cpp-b11443/t0	2026-10-07		
2071_050_40	71c04ac7f632d67310040d6eee77bf7d04046f5f	The "Messenger's Light Arrow"\nand the "Beast of Baschen"\naren't miracles or anything of\nthe sort.	machine	gemma-4-31B-it/qat-UD-Q4_K_XL/v2+story-v1/llama.cpp-b11443/t0	2026-10-07		
2071_050_41	e584b066882b2371e3c40573faa3022a91662561	They can be explained by the\nlogic of the wider world―logic\nwe simply didn't know about.	machine	gemma-4-31B-it/qat-UD-Q4_K_XL/v2+story-v1/llama.cpp-b11443/t0	2026-10-07		
2071_050_42	026368a7f6934e2e76e013e577928da61213147f	There was no such thing as a\n"Messenger of Daftes" in\nDaftes.	machine	gemma-4-31B-it/qat-UD-Q4_K_XL/v2+story-v1/llama.cpp-b11443/t0	2026-10-07		
2071_050_43	5f985d086e3e7db0a2ff689afda4e6837e29f110	The Holy Land War was born\nfrom people making\nassumptions about things they\ndidn't understand.	machine	gemma-4-31B-it/qat-UD-Q4_K_XL/v2+story-v1/llama.cpp-b11443/t0	2026-10-07		
2071_050_44	622b169a8b91e3e91e0b63e10a54b58406be94a8	It's a war where not a single\nperson fighting actually knows\nthe truth.	machine	gemma-4-31B-it/qat-UD-Q4_K_XL/v2+story-v1/llama.cpp-b11443/t0	2026-10-07		
2071_050_45	fda46ab3c67c4a4b09808c4540f122abbdb3ab84	If we leave the unknown as it\nis, we... Daftine... will never\nreach the future where Tika\nexists.	machine	gemma-4-31B-it/qat-UD-Q4_K_XL/v2+story-v1/llama.cpp-b11443/t0	2026-10-07		
2071_050_46	54b83df4c15c8738a1e7a8bd94b97a663c81c46f	Captain, Evelysse, Verda,	machine	gemma-4-31B-it/qat-UD-Q4_K_XL/v2+story-v1/llama.cpp-b11443/t0	2026-10-07		name (en-evelysse 2026-10-08): Eve -> Evelysse, the user's decision
2071_050_47	4916b185d1151718211ee6750ea4f95968ea78b6	Valka, Henri.	machine	gemma-4-31B-it/qat-UD-Q4_K_XL/v2+story-v1/llama.cpp-b11443/t0	2026-10-07		
2071_050_48	ffef6734a7150179826eea7bfdf99286d25cf546	Coro, Rekoro, will you lend me\nyour strength?	machine	gemma-4-31B-it/qat-UD-Q4_K_XL/v2+story-v1/llama.cpp-b11443/t0	2026-10-07		
2071_050_49	c7b476c3a38ca2840e7ca487aa84589168c16fae	With your incredible,\nmysterious powers,	machine	gemma-4-31B-it/qat-UD-Q4_K_XL/v2+story-v1/llama.cpp-b11443/t0	2026-10-07		
2071_050_50	f64e7490ee019e36e0a20e0c193424efe86b85ce	I want you to use those\nincredible, mysterious powers\nof yours to uncover the truth\nabout the Holy Land of Asyl―a\ntruth that has remained hidden\nfrom us.	machine	gemma-4-31B-it/qat-UD-Q4_K_XL/v2+story-v1/llama.cpp-b11443/t0	2026-10-07		
2071_050_52	a448adb80ac10e34ccd76aca65af91d3630ceb70	C-Captain, this is getting way\ntoo out of hand for a simple\nUncharted Planet\nProtection―GABU!!	machine	gemma-4-31B-it/qat-UD-Q4_K_XL/v2+story-v1/llama.cpp-b11443/t0	2026-10-07		
2071_050_53	9ac7dd0863df120401fe42c68142129b11fde099	Be silent, Coro. This is no\nlonger a problem for Daftine\nalone.	machine	gemma-4-31B-it/qat-UD-Q4_K_XL/v2+story-v1/llama.cpp-b11443/t0	2026-10-07		
2071_050_54	4c8260d4c95f6e4ba79b3e75c7c8e5d4b7da2edf	It is a matter that concerns\nDaftes and Levarance as well.	machine	gemma-4-31B-it/qat-UD-Q4_K_XL/v2+story-v1/llama.cpp-b11443/t0	2026-10-07		
2071_050_55	a618ef2f644bc581d26030d5841860582ec5a283	Considering how the\nsummoning sigil arts Givel\nbestowed upon the Beast\nWitches affected Daftes\nacross the cosmos,	machine	gemma-4-31B-it/qat-UD-Q4_K_XL/v2+story-v1/llama.cpp-b11443/t0	2026-10-07		
2071_050_56	b662bface1b598a10f1831bb8d1e5be4d1f6739a	there is no guarantee that the\npeople of Levarance won't be\ndragged into this.	machine	gemma-4-31B-it/qat-UD-Q4_K_XL/v2+story-v1/llama.cpp-b11443/t0	2026-10-07		
2071_050_58	f08e04a6807b8462edaddacfcc1830476d7505a6	We can no longer simply tuck\nour tails and flee from Daftine.	machine	gemma-4-31B-it/qat-UD-Q4_K_XL/v2+story-v1/llama.cpp-b11443/t0	2026-10-07		
2071_050_59	802328f1f75f18fa913ed71297465f1d3ab5db48	Not for the sake of galactic\npeace, and certainly not for\nthe sake of our comrades.	machine	gemma-4-31B-it/qat-UD-Q4_K_XL/v2+story-v1/llama.cpp-b11443/t0	2026-10-07		
2071_050_60	350d66096e9b8d5b75e124bf28e6f8bc91607a8d	Wouldn't you agree, Captain?	machine	gemma-4-31B-it/qat-UD-Q4_K_XL/v2+story-v1/llama.cpp-b11443/t0	2026-10-07		
2071_050_62	47e6a1c28e7830e0dd491d711057cc3fb66914ae	...To be honest, I saw this\ncoming...	machine	gemma-4-31B-it/qat-UD-Q4_K_XL/v2+story-v1/llama.cpp-b11443/t0	2026-10-07		
2071_050_63	a25848d89840f2a4cc8b2b8ed4f3d006c1684d91	But listen, Euwin, let me make\none thing very clear...!	machine	gemma-4-31B-it/qat-UD-Q4_K_XL/v2+story-v1/llama.cpp-b11443/t0	2026-10-07		
2071_050_64	c3eaca754e3f8c104751b4d627fe39de9effc3ae	I know. The responsibility to\nstop this war lies with us―the\npeople of Rubarika and\nBaschen.	machine	gemma-4-31B-it/qat-UD-Q4_K_XL/v2+story-v1/llama.cpp-b11443/t0	2026-10-07		
2071_050_65	f18b05366c2f5423400591e30a0fab2bedd44956	I swear that we will never\nsimply sit back and rely\nentirely on your strength.	machine	gemma-4-31B-it/qat-UD-Q4_K_XL/v2+story-v1/llama.cpp-b11443/t0	2026-10-07		
2071_050_66	f24fb90757787f71d3e99da978bf1ceb414f26ef	....................Right. ...Well then,\nshall we go?	machine	gemma-4-31B-it/qat-UD-Q4_K_XL/v2+story-v1/llama.cpp-b11443/t0	2026-10-07		
2072_100_01	58910b594fde9862528da99af5714bb345eba6a1	Why is this taking so long? You\nall got here so quickly!	machine	gemma-4-31B-it/qat-UD-Q4_K_XL/v2+story-v1/llama.cpp-b11443/t0	2026-10-07		
2072_100_02	179f0ccc004ffc273ce7a09c2fa7b165482e72d2	Once we arrive at Daftine,\nthere is an extremely high\nprobability that we will enter a\ncombat zone.	machine	gemma-4-31B-it/qat-UD-Q4_K_XL/v2+story-v1/llama.cpp-b11443/t0	2026-10-07		
2072_100_03	3cb2fd980fa0e0e46317b6324589ba3288adcb28	During the journey to Daftes,\neveryone's equipment was\ndamaged and their stamina\nexhausted. If we do not\nrecover these, the likelihood of\nmission failure increases.	machine	gemma-4-31B-it/qat-UD-Q4_K_XL/v2+story-v1/llama.cpp-b11443/t0	2026-10-07		
2072_100_04	f64f3a181ff067213f86bd01c91cdedea7129cd5	Coro and Sister Verda both\nsaid they wanted two days for\nrepairs and treatment.	machine	gemma-4-31B-it/qat-UD-Q4_K_XL/v2+story-v1/llama.cpp-b11443/t0	2026-10-07		
2072_100_05	f1f32fb12795ccf372e3fe692938cdb6d5e0ab1a	Sister Karlyn, why don't you\nrest for now too?	machine	gemma-4-31B-it/qat-UD-Q4_K_XL/v2+story-v1/llama.cpp-b11443/t0	2026-10-07		
2072_100_06	d195affabb8e546af9448a04af5bfad8dba3f026	...I just can't bring myself to do\nthat.	machine	gemma-4-31B-it/qat-UD-Q4_K_XL/v2+story-v1/llama.cpp-b11443/t0	2026-10-07		
2072_100_07	7af0c5d74aa7ec36bb66b8830f3785661ff96558	Sister Karlyn...	machine	gemma-4-31B-it/qat-UD-Q4_K_XL/v2+story-v1/llama.cpp-b11443/t0	2026-10-07		
2072_100_08	7e2ea09ab3af93646be0f9141b46b725773bc217	<font color=blue>Rekoro</font> ...She seems agitated.\nThat will hinder the efficiency\nof the rest period.	machine	gemma-4-31B-it/qat-UD-Q4_K_XL/v2+story-v1/llama.cpp-b11443/t0	2026-10-07		
2072_100_09	dbab8d5039001477f4af2bf2e877a1d4fc2ee035	<font color=blue>Henri</font> It's only natural. I feel the\nsame way, and you all are in a\nstate of great confusion.	machine	gemma-4-31B-it/qat-UD-Q4_K_XL/v2+story-v1/llama.cpp-b11443/t0	2026-10-07		
2072_100_10	c67da47b6e12174f42c37736a1b3c1bb3c9b58b0	Especially her; the feeling of\nbeing betrayed by the\nhomeland she believed in must\nbe strong.	machine	gemma-4-31B-it/qat-UD-Q4_K_XL/v2+story-v1/llama.cpp-b11443/t0	2026-10-07		
2072_100_11	00e96a00302c7bc728f7c9639072d5bbb741aaa5	For now, we have no choice\nbut to leave her be.	machine	gemma-4-31B-it/qat-UD-Q4_K_XL/v2+story-v1/llama.cpp-b11443/t0	2026-10-07		
2072_100_12	955767ff47b923fe521f17b077469d4b61168856	<font color=blue>Rekoro</font> As a life pod AI, it is\npathetic that I am forced to\nchoose the option of "neglect."	machine	gemma-4-31B-it/qat-UD-Q4_K_XL/v2+story-v1/llama.cpp-b11443/t0	2026-10-07		
2072_100_13	16d2d9fa0f30ea3c87a90eaaa4e2cd80e4cc7ffb	<font color=blue>Henri</font> It happens.	machine	gemma-4-31B-it/qat-UD-Q4_K_XL/v2+story-v1/llama.cpp-b11443/t0	2026-10-07		
2072_100_14	9ddf4e7d0cb1d196b80fdc47223b9cf2b0bc4d19	It's only natural for Karlyn,\nEuwin, and Welch to feel some\nmental strain when they think\nof their homelands.	machine	gemma-4-31B-it/qat-UD-Q4_K_XL/v2+story-v1/llama.cpp-b11443/t0	2026-10-07		
2072_100_15	9699af4f485929322a56b7b4b7654db05cc82111	<font color=blue>Rekoro</font> Even so, I cannot\nfathom Evelysse's reaction.	machine	gemma-4-31B-it/qat-UD-Q4_K_XL/v2+story-v1/llama.cpp-b11443/t0	2026-10-07		name (en-evelysse 2026-10-08): Eve -> Evelysse, the user's decision
2072_100_16	7d4af4007a24d431ebefb9c4bcf362c260facbc9	I understand that she wishes\nfor peace in Daftine from a\nhumanitarian perspective.	machine	gemma-4-31B-it/qat-UD-Q4_K_XL/v2+story-v1/llama.cpp-b11443/t0	2026-10-07		
2072_100_17	58dad09ae7fe44d21fcee387aab44ec55d18173f	But she should have no direct\nstake in Daftine's political\nsituation, yet she has remained\nlocked in her room since that\nconversation.	machine	gemma-4-31B-it/qat-UD-Q4_K_XL/v2+story-v1/llama.cpp-b11443/t0	2026-10-07		
2072_100_18	334cd93e60f8fd3bbfbe30772214868863281c1c	<font color=blue>Tika</font> I wonder if Evelysse\nis okay...	agent	gemma-4-31B-it/qat-UD-Q4_K_XL/v2+story-v1/llama.cpp-b11443/t0	2026-10-07	en-evelysse	name (en-evelysse 2026-10-08): Big sister Eve -> Evelysse (Global drops お姉ちゃん), the user's decision; the honorific dropped (Global's practice) is a rewording beyond the name: agent row, needs a person's review
2072_100_19	6ea1665813cf806b84eb89f8db0826574466b9b3	<font color=blue>Henri</font> She is likely dwelling on\nwhat Karlyn and Verda said.	machine	gemma-4-31B-it/qat-UD-Q4_K_XL/v2+story-v1/llama.cpp-b11443/t0	2026-10-07		
2072_100_20	97b426bb83dc6944f54463a043e95e75952eb381	<font color=blue>Tika</font> Huh?	machine	gemma-4-31B-it/qat-UD-Q4_K_XL/v2+story-v1/llama.cpp-b11443/t0	2026-10-07		
2072_100_21	6b3b8244ea04525d45fd39762d6ba1a9da9cb4df	<font color=blue>Henri</font> Karlyn, though she didn't\nknow at the time, summoned\nmy kin against their will and\nforced them to fight on the\nbattlefield.	machine	gemma-4-31B-it/qat-UD-Q4_K_XL/v2+story-v1/llama.cpp-b11443/t0	2026-10-07		
2072_100_22	0514e2f89ee5df2f59f50cfbb43116d351cc8d33	Karlyn was deeply pained by\nthis, feeling that she had\ntrampled upon human dignity.	machine	gemma-4-31B-it/qat-UD-Q4_K_XL/v2+story-v1/llama.cpp-b11443/t0	2026-10-07		
2072_100_23	e734e273dd518547fcf0b6121c15a48bf48ef125	<font color=blue>Tika</font> Oh...	machine	gemma-4-31B-it/qat-UD-Q4_K_XL/v2+story-v1/llama.cpp-b11443/t0	2026-10-07		
2072_100_24	d1cae9eef02efd4e231d7dc674e7890b2df54f82	<font color=blue>Henri</font> Evelysse is likely asking\nherself where she stands in all\nof this, and she cannot find an\nanswer.	machine	gemma-4-31B-it/qat-UD-Q4_K_XL/v2+story-v1/llama.cpp-b11443/t0	2026-10-07		name (en-evelysse 2026-10-08): Eve -> Evelysse, the user's decision
2072_100_25	6b8b258ec3251e331613609621f1d2a788f52175	<font color=blue>Tika</font> That can't be...! But, Evelysse\nis...	machine	gemma-4-31B-it/qat-UD-Q4_K_XL/v2+story-v1/llama.cpp-b11443/t0	2026-10-07		name (en-evelysse 2026-10-08): Eve -> Evelysse, the user's decision
2072_100_26	b87435871431b4c65d0ba6c359902360a7708ab6	...Likely, there is no one but\nyou who can rouse her spirit.	machine	gemma-4-31B-it/qat-UD-Q4_K_XL/v2+story-v1/llama.cpp-b11443/t0	2026-10-07		
2072_100_27	e33b6237186ceade41d155c97afe12e104ca4c97	Go to her.	machine	gemma-4-31B-it/qat-UD-Q4_K_XL/v2+story-v1/llama.cpp-b11443/t0	2026-10-07		
2072_100_28	d9964b59abc17536bfd158f4c18fdfcf76fee7c3	...Yeah, I will!	machine	gemma-4-31B-it/qat-UD-Q4_K_XL/v2+story-v1/llama.cpp-b11443/t0	2026-10-07		
2072_100_29	45006566e90d84ea8217bc9ebddf95ec744e9be3	...Me too.	machine	gemma-4-31B-it/qat-UD-Q4_K_XL/v2+story-v1/llama.cpp-b11443/t0	2026-10-07		
2072_100_30	7ef6c52d53433147e772d966d5dbf891deef0133	You shall stay here and lecture\nme on the history of Daftine.	machine	gemma-4-31B-it/qat-UD-Q4_K_XL/v2+story-v1/llama.cpp-b11443/t0	2026-10-07		
2072_100_31	aae1f129d4885371d0c8a4a41f7af44d1cda170f	B-but!	machine	gemma-4-31B-it/qat-UD-Q4_K_XL/v2+story-v1/llama.cpp-b11443/t0	2026-10-07		
2072_100_32	5271140adc5328fce4d5fa4b29000f49efd79066	Spare the rod and spoil the\nchild.	machine	gemma-4-31B-it/qat-UD-Q4_K_XL/v2+story-v1/llama.cpp-b11443/t0	2026-10-07		
2072_100_33	8950effe041cf69cc426aff8bef7243edd88a29c	Respecting their judgment and\nletting them gain experience\ninteracting with others on their\nown is also a form of "parental\nlove."	machine	gemma-4-31B-it/qat-UD-Q4_K_XL/v2+story-v1/llama.cpp-b11443/t0	2026-10-07		
2072_100_34	235833f444ce35165c8a8a59937cca588b9d8a6a	This is by no means "neglect."	machine	gemma-4-31B-it/qat-UD-Q4_K_XL/v2+story-v1/llama.cpp-b11443/t0	2026-10-07		
2072_100_35	a8486c54e8d5c773627be6bec966be8989e0aa6a	...Humans are still so\nincomprehensible.	machine	gemma-4-31B-it/qat-UD-Q4_K_XL/v2+story-v1/llama.cpp-b11443/t0	2026-10-07		
2072_110_01	6e5ae462a40288953605b1497c21ba44d5fb2dc9	Evelysse...? Are you\nokay?	agent	gemma-4-31B-it/qat-UD-Q4_K_XL/v2+story-v1/llama.cpp-b11443/t0	2026-10-07	en-evelysse	name (en-evelysse 2026-10-08): Big sister Eve -> Evelysse (Global drops お姉ちゃん), the user's decision; the honorific dropped (Global's practice) is a rewording beyond the name: agent row, needs a person's review
2072_110_02	159d5705ef3b3b7558ac9ab8f4805153457fb1e5	Oh, Tika.	machine	gemma-4-31B-it/qat-UD-Q4_K_XL/v2+story-v1/llama.cpp-b11443/t0	2026-10-07		
2072_110_03	8901996e7c7adf4753dbd300fb3026efc991d306	Is everything alright?	machine	gemma-4-31B-it/qat-UD-Q4_K_XL/v2+story-v1/llama.cpp-b11443/t0	2026-10-07		
2072_110_04	6a790e7837757ee073e659f78af788b80a5bea14	I suppose. I'm just... a little\ntired.	machine	gemma-4-31B-it/qat-UD-Q4_K_XL/v2+story-v1/llama.cpp-b11443/t0	2026-10-07		
2072_110_05	50a9fa083c27f01daf3c97b43fa029af290535ba	...Is it about Henri's\ncompanions?	machine	gemma-4-31B-it/qat-UD-Q4_K_XL/v2+story-v1/llama.cpp-b11443/t0	2026-10-07		
2072_110_06	66706a3d66469a17ae9080045c0b9837adeb36a5	...Well, I guess it's pretty\nobvious.	machine	gemma-4-31B-it/qat-UD-Q4_K_XL/v2+story-v1/llama.cpp-b11443/t0	2026-10-07		
2072_110_07	084b93de610396e63d45f45c1ad3740ed63f4f5c	What Verda said really got to\nme.	machine	gemma-4-31B-it/qat-UD-Q4_K_XL/v2+story-v1/llama.cpp-b11443/t0	2026-10-07		
2072_110_08	764348bc7b4bc294361f07618d105bae5fb622d4	It made me wonder... what I\nactually thought of my\ncompanions.	machine	gemma-4-31B-it/qat-UD-Q4_K_XL/v2+story-v1/llama.cpp-b11443/t0	2026-10-07		
2072_110_10	de406d02325c8e9237b7623ad90f1c90ab3020ff	Summoning them across space\nand time, regardless of their\nown will...	machine	gemma-4-31B-it/qat-UD-Q4_K_XL/v2+story-v1/llama.cpp-b11443/t0	2026-10-07		
2072_110_11	2ea76910ceca6eb56e2d1b144a83dd25d22324f9	But our companions... they're\nall human.	machine	gemma-4-31B-it/qat-UD-Q4_K_XL/v2+story-v1/llama.cpp-b11443/t0	2026-10-07		
2072_110_12	f021fea11dcfb5f6c3d4d92c6f7d0b9649092d0b	I've brought them all on a\njourney through the cosmos,\nacross space and time, with no\nguarantee that I can even send\nthem home.	machine	gemma-4-31B-it/qat-UD-Q4_K_XL/v2+story-v1/llama.cpp-b11443/t0	2026-10-07		
2072_110_13	f390e9cfbd35a33ac9ca96da95de599d1e9e9057	But... it saved me.	machine	gemma-4-31B-it/qat-UD-Q4_K_XL/v2+story-v1/llama.cpp-b11443/t0	2026-10-07		
2072_110_14	0fceb3bc5a6c5ca70e261fdfa0417fa04389ca69	What...?	machine	gemma-4-31B-it/qat-UD-Q4_K_XL/v2+story-v1/llama.cpp-b11443/t0	2026-10-07		
2072_110_15	c9026eac83af7b9ef577fa03f4dcb759bc302fb2	I was saved because you were\nhere, Evelysse.	agent	gemma-4-31B-it/qat-UD-Q4_K_XL/v2+story-v1/llama.cpp-b11443/t0	2026-10-07	en-evelysse	name (en-evelysse 2026-10-08): Big sister Eve -> Evelysse (Global drops お姉ちゃん), the user's decision; the honorific dropped (Global's practice) is a rewording beyond the name: agent row, needs a person's review
2072_110_16	d39d4222dd83d3ced56c8c4157555956beafb8d9	Tika, but still...	machine	gemma-4-31B-it/qat-UD-Q4_K_XL/v2+story-v1/llama.cpp-b11443/t0	2026-10-07		
2072_110_17	325bcf54ac340fd044992cac1cb9bbf83ee5b947	Because Evelysse and\nthe others saved Verda, I was...	agent	gemma-4-31B-it/qat-UD-Q4_K_XL/v2+story-v1+fix+retry1/llama.cpp-b11443/t0	2026-10-07	en-evelysse	name (en-evelysse 2026-10-08): Big sister Eve -> Evelysse (Global drops お姉ちゃん), the user's decision; Big sister Verda -> Verda in the same line (Global drops お姉ちゃん; agent row, needs a person's review)
2072_110_18	be1af6db7905017c6ed18cf59062dfe40ed90954	I was able to survive, even\nacross time.	machine	gemma-4-31B-it/qat-UD-Q4_K_XL/v2+story-v1/llama.cpp-b11443/t0	2026-10-07		
2072_110_19	6724a1c6b007d585e482745037fc592240c2f856	Please, don't deny that...	machine	gemma-4-31B-it/qat-UD-Q4_K_XL/v2+story-v1/llama.cpp-b11443/t0	2026-10-07		
2072_110_20	4e9d41f8320c3ffe21c9360f2b428882efbcee2e	Right now... you're all I have,\nEvelysse.	agent	gemma-4-31B-it/qat-UD-Q4_K_XL/v2+story-v1/llama.cpp-b11443/t0	2026-10-07	en-evelysse	name (en-evelysse 2026-10-08): Big sister Eve -> Evelysse (Global drops お姉ちゃん), the user's decision; the honorific dropped (Global's practice) is a rewording beyond the name: agent row, needs a person's review
2072_110_21	15e9ba8b4e6025ccded4af6fa5cab4092448c774	...Tika.	machine	gemma-4-31B-it/qat-UD-Q4_K_XL/v2+story-v1/llama.cpp-b11443/t0	2026-10-07		
2072_110_22	24721201b29913454d4f1c14382490949a132a92	Evelysse is someone who\nuses her power to help others.	agent	gemma-4-31B-it/qat-UD-Q4_K_XL/v2+story-v1/llama.cpp-b11443/t0	2026-10-07	en-evelysse	name (en-evelysse 2026-10-08): Big sister Eve -> Evelysse (Global drops お姉ちゃん), the user's decision; the honorific dropped (Global's practice) is a rewording beyond the name: agent row, needs a person's review
2072_110_23	13588dc36cc78e0629f8308a4be75cad5da79e3b	You're not someone who uses\npower to hurt people.	machine	gemma-4-31B-it/qat-UD-Q4_K_XL/v2+story-v1/llama.cpp-b11443/t0	2026-10-07		
2072_110_24	e880553c782f8f2fac99aecf25049a7ba8a5b974	Even Big Sister Karlyn fought\nwith that power because she\nwanted to protect the people\nof Baschen...	machine	gemma-4-31B-it/qat-UD-Q4_K_XL/v2+story-v1/llama.cpp-b11443/t0	2026-10-07		
2072_110_25	87833a2d1cc87446094d5470acaf639580ab6633	But that man, Givel...	machine	gemma-4-31B-it/qat-UD-Q4_K_XL/v2+story-v1/llama.cpp-b11443/t0	2026-10-07		
2072_110_26	f110676319b334da090e5538dfd09ee868e6f12b	I felt like he didn't even think\nof humans as people.	machine	gemma-4-31B-it/qat-UD-Q4_K_XL/v2+story-v1/llama.cpp-b11443/t0	2026-10-07		
2072_110_27	983255004f5ec29b9166031fa33f69dd75ff28ff	He's not like you, Evelysse.	machine	gemma-4-31B-it/qat-UD-Q4_K_XL/v2+story-v1/llama.cpp-b11443/t0	2026-10-07		name (en-evelysse 2026-10-08): Eve -> Evelysse, the user's decision
2072_110_28	15e9ba8b4e6025ccded4af6fa5cab4092448c774	...Tika.	machine	gemma-4-31B-it/qat-UD-Q4_K_XL/v2+story-v1/llama.cpp-b11443/t0	2026-10-07		
2072_110_29	f47c2202137d1b59dadc22709709198fc92451a6	That's why we can't... let\nsomeone like him have\nDaftine's future.	machine	gemma-4-31B-it/qat-UD-Q4_K_XL/v2+story-v1/llama.cpp-b11443/t0	2026-10-07		
2072_150_01	4d0c4f9b007089b9be53c1fc1fe3dae746a54ae2	I'm relieved that the flight has\nbeen so smooth so far.	machine	gemma-4-31B-it/qat-UD-Q4_K_XL/v2+story-v1/llama.cpp-b11443/t0	2026-10-07		
2072_150_02	dd5bb228687f68125668e9f3f26f9e2811b4943e	Please don't worry. After the\ncaptains left, I performed a\nvery thorough scan of the\nsurrounding space.	machine	gemma-4-31B-it/qat-UD-Q4_K_XL/v2+story-v1/llama.cpp-b11443/t0	2026-10-07		
2072_150_03	899f72b9863b325a3886905fa90b6081cc45e80d	At the very least, in the vicinity\nof Daftine and Daftes,	machine	gemma-4-31B-it/qat-UD-Q4_K_XL/v2+story-v1/llama.cpp-b11443/t0	2026-10-07		
2072_150_04	b75efe1c4874cafaf40f4384474db762332cf67b	there are no hostile starships\nor asteroid belts that we might\naccidentally crash into.	machine	gemma-4-31B-it/qat-UD-Q4_K_XL/v2+story-v1/llama.cpp-b11443/t0	2026-10-07		
2072_150_05	1178be98e9281b61c56777edbd987d9e6e3fef2c	Then why did my own ship\ncrash?	machine	gemma-4-31B-it/qat-UD-Q4_K_XL/v2+story-v1/llama.cpp-b11443/t0	2026-10-07		
2072_150_06	349f79178a0e70479b6071c2ccb48d5aaefbcc7b	Perhaps it was due to poor\nmaintenance?	machine	gemma-4-31B-it/qat-UD-Q4_K_XL/v2+story-v1/llama.cpp-b11443/t0	2026-10-07		
2072_150_07	0de005e9e3a1b74e3115d09fa4b2bf89fc23b438	Poor maintenance...?	machine	gemma-4-31B-it/qat-UD-Q4_K_XL/v2+story-v1/llama.cpp-b11443/t0	2026-10-07		
2072_150_08	5d1db35c3e978c7be54f32f5710b10e7a2030ab5	T-That's not it!	machine	gemma-4-31B-it/qat-UD-Q4_K_XL/v2+story-v1/llama.cpp-b11443/t0	2026-10-07		
2072_150_09	565c8fde2559dba617fb3993a0434c217463ad1f	But even looking at the data\nyou gave me, I couldn't find\nanything other than the fact\nthat it took an external\nimpact...	machine	gemma-4-31B-it/qat-UD-Q4_K_XL/v2+story-v1/llama.cpp-b11443/t0	2026-10-07		
2072_150_10	d7c118ca55ddb82b859020c0f910baf5b33b5840	I said it's not like that!	machine	gemma-4-31B-it/qat-UD-Q4_K_XL/v2+story-v1/llama.cpp-b11443/t0	2026-10-07		
2072_150_11	80a749900c63ca2a049144b91c0913be4b67dafa	...Huh?	machine	gemma-4-31B-it/qat-UD-Q4_K_XL/v2+story-v1/llama.cpp-b11443/t0	2026-10-07		
2072_150_12	1c7cd991053cff48ad4b34318c95b3dd8b78418c	My father is the one who\nmaintained that ship! And I've\nalways taken great care of it!\nThere's no way it was poor\nmaintenance!	machine	gemma-4-31B-it/qat-UD-Q4_K_XL/v2+story-v1/llama.cpp-b11443/t0	2026-10-07		
2072_150_13	c8d4cad3c6c219a6ec3b33fd82a3474d5e7b6aaf	Don't talk bad about my\nfather's ship! You idiot, Coro!	machine	gemma-4-31B-it/qat-UD-Q4_K_XL/v2+story-v1/llama.cpp-b11443/t0	2026-10-07		
2072_150_14	8e44f8a455d0abc57d7d341e2bdbfca653944c62	W-what? Miss Valka?	machine	gemma-4-31B-it/qat-UD-Q4_K_XL/v2+story-v1/llama.cpp-b11443/t0	2026-10-07		
2072_150_15	064d481f95bb7459e9f2c4842f3935f5c3cd8da9	Now, now, Valka. Coro is simply\nsaying that we shouldn't rule\nout any possibilities.	machine	gemma-4-31B-it/qat-UD-Q4_K_XL/v2+story-v1/llama.cpp-b11443/t0	2026-10-07		
2072_150_16	4a2675092ed85966999a409a779370ae8d8060d8	He's just a bit tactless with his\nwords.	machine	gemma-4-31B-it/qat-UD-Q4_K_XL/v2+story-v1/llama.cpp-b11443/t0	2026-10-07		
2072_150_17	ad5d71f0a7583210e82fa47c535571e5d586c859	No, I truly meant...	machine	gemma-4-31B-it/qat-UD-Q4_K_XL/v2+story-v1/llama.cpp-b11443/t0	2026-10-07		
2072_150_18	4b6d5b03423dfb45076661ca32436c11a41430a6	Coro!	machine	gemma-4-31B-it/qat-UD-Q4_K_XL/v2+story-v1/llama.cpp-b11443/t0	2026-10-07		
2072_150_19	fd281abcba0737419c955205da736dbe084add90	...Hmph. I know... I know\nsomething was there...	machine	gemma-4-31B-it/qat-UD-Q4_K_XL/v2+story-v1/llama.cpp-b11443/t0	2026-10-07		
2072_150_20	553c7116e37ca294ca1ea2abbc1e8196fb047aef	Coro! Watch your tone! Surely\nyou can manage that much!	machine	gemma-4-31B-it/qat-UD-Q4_K_XL/v2+story-v1/llama.cpp-b11443/t0	2026-10-07		
2072_150_21	3ded38f3f37fd569bc8e8612a4b0feab1e86c5a4	Ah... well, um, since we'll be\nreturning to Daftes anyway,\nbecause of everyone from\nOnelsen...	machine	gemma-4-31B-it/qat-UD-Q4_K_XL/v2+story-v1/llama.cpp-b11443/t0	2026-10-07		
2072_150_22	4c2bc8373c1cbcf70b485423c8ea18ea86abac2a	Once the chaos of the Holy\nWar is over, let's go back and\ninvestigate properly, okay...?	machine	gemma-4-31B-it/qat-UD-Q4_K_XL/v2+story-v1/llama.cpp-b11443/t0	2026-10-07		
2072_150_23	0b19f7417fc57861095f44c60a0ffdca9bd55d00	Oh, and, um, I'm sorry.	machine	gemma-4-31B-it/qat-UD-Q4_K_XL/v2+story-v1/llama.cpp-b11443/t0	2026-10-07		
2072_150_24	21d363aba4be65f0fe0068ce8ae33a1bd0847104	...Fine.	machine	gemma-4-31B-it/qat-UD-Q4_K_XL/v2+story-v1/llama.cpp-b11443/t0	2026-10-07		
2072_150_25	f0d4b5373f893bd4a4b4b4e32082dad2622c5d17	All right! Now that we've\nsettled that, Valka, about the\nHoly Land of Asyl...	machine	gemma-4-31B-it/qat-UD-Q4_K_XL/v2+story-v1/llama.cpp-b11443/t0	2026-10-07		
2072_150_26	5b32c10812ae87142ec5be41be28f4fe9d508deb	Hmm!	machine	gemma-4-31B-it/qat-UD-Q4_K_XL/v2+story-v1/llama.cpp-b11443/t0	2026-10-07		
2072_150_27	876f3b722947aaef611b01087a603420c885444f	...Ah, based on the data\nAdministrator Koro collected,\nthe calculations are already\ncomplete.	machine	gemma-4-31B-it/qat-UD-Q4_K_XL/v2+story-v1/llama.cpp-b11443/t0	2026-10-07		
2072_150_28	53d06c1e8d150dff177b2d0bd9ea450e30963253	W-well, this is a bit sudden...	machine	gemma-4-31B-it/qat-UD-Q4_K_XL/v2+story-v1/llama.cpp-b11443/t0	2026-10-07		
2072_150_29	689919c1b97309362ee7cfcb5549927464588328	My, my, to throw Coro off like\nthat... Good grief.	machine	gemma-4-26B-A4B-it/UD-Q4_K_M/v2+story-v1/llama.cpp-b11443/t0	2026-10-06		
2072_150_30	ee2364ae3febb7c7d549329b1dab09bb1f690ef2	<font color=blue>Valka</font> By calculating the\nmovements of Daftine and the\nsatellite Mastima, I can narrow\ndown the approximate area\nwhere the Moonshadow Ladder\nwill descend.	machine	gemma-4-31B-it/qat-UD-Q4_K_XL/v2+story-v1/llama.cpp-b11443/t0	2026-10-07		
2072_150_31	4e4743aa191e94f73e4cccc7cda4cdfab208f4ea	Then, by overlaying that with\nthe areas that can be secured\nby the naval forces of Rubarika\nand Baschen, as inferred from\nAdministrator Koro's footage...	machine	gemma-4-31B-it/qat-UD-Q4_K_XL/v2+story-v1/llama.cpp-b11443/t0	2026-10-07		
2072_150_32	639b0aab5b53b11d36753f8b3000a85fb76621e2	It looks like this diagram.	machine	gemma-4-31B-it/qat-UD-Q4_K_XL/v2+story-v1/llama.cpp-b11443/t0	2026-10-07		
2072_150_33	d8ea0219982a806ca134b62dde2d47713ec0d988	<font color=blue>Verda</font> It's wider than I\nexpected. What is the average\ndepth?	machine	gemma-4-31B-it/qat-UD-Q4_K_XL/v2+story-v1/llama.cpp-b11443/t0	2026-10-07		
2072_150_34	1f51a142d3014c7ebe7d0d4a3dd8f42b653c803f	<font color=blue>Valka</font> The continental shelf\ndrops off around here, and the\ndepth increases sharply.	machine	gemma-4-31B-it/qat-UD-Q4_K_XL/v2+story-v1/llama.cpp-b11443/t0	2026-10-07		
2072_150_35	6d8353f7581f3821de72a374a7268bb95ebebdf4	Furthermore, there are several\nareas that appear to be\noceanic trenches. The deepest\ntrench reaches a depth of\n8,000 meters.	machine	gemma-4-31B-it/qat-UD-Q4_K_XL/v2+story-v1/llama.cpp-b11443/t0	2026-10-07		
2072_150_36	69f682cf03a3438edfa24d97ef58a230bd1c5b50	<font color=blue>Verda</font> That is right at the limit\nof where vertebrate organisms\ncan survive.	machine	gemma-4-31B-it/qat-UD-Q4_K_XL/v2+story-v1/llama.cpp-b11443/t0	2026-10-07		
2072_150_37	9de3c0a51202d8cd9e5a324fe70d4a254c0eb5f0	Coro, can this ship's pressure\nequipment handle a dive into\nthese trenches?	machine	gemma-4-31B-it/qat-UD-Q4_K_XL/v2+story-v1/llama.cpp-b11443/t0	2026-10-07		
2072_150_38	0781aca3f5bc1441297eef3f00b0f5fde8f6cb65	<font color=blue>Coro</font> Don't be ridiculous. This\nship isn't equipped for\nunderwater operations.	machine	gemma-4-31B-it/qat-UD-Q4_K_XL/v2+story-v1/llama.cpp-b11443/t0	2026-10-07		
2072_150_39	dbbe53d1609abab147457b12092e60bc91372a87	<font color=blue>Verda</font> ...I thought as much.	machine	gemma-4-31B-it/qat-UD-Q4_K_XL/v2+story-v1/llama.cpp-b11443/t0	2026-10-07		
2072_150_40	d3e1f0a48f5c3ceb2e1299eacce975ea0ee429c2	<font color=blue>Coro</font> Asyl called it a holy land,\nso there should be a building\nor something there, right?	machine	gemma-4-31B-it/qat-UD-Q4_K_XL/v2+story-v1/llama.cpp-b11443/t0	2026-10-07		
2072_150_41	974a6259d4caa246b40a69e4bcc3b7181938e1dd	It's probably not that deep\ndown.	machine	gemma-4-31B-it/qat-UD-Q4_K_XL/v2+story-v1/llama.cpp-b11443/t0	2026-10-07		
2072_150_42	7f885d87294de35a682a8ea70cce4d0b478f472c	At 8,000 meters, even a steel\nsphere would be crushed flat!	machine	gemma-4-31B-it/qat-UD-Q4_K_XL/v2+story-v1/llama.cpp-b11443/t0	2026-10-07		
2072_150_43	7fa1b9c413f702919726661b1fa3c37a8ec3891c	<font color=blue>Valka</font> Administrator Koro, do\nyour sensors show any\nreactions that match the\ndescription?	machine	gemma-4-31B-it/qat-UD-Q4_K_XL/v2+story-v1/llama.cpp-b11443/t0	2026-10-07		
2072_150_44	d435a8623772cace341dbe38e1e0845e1b1e15a8	In the continental shelf area,\nthe depth is likely 300 meters\nat most.	machine	gemma-4-31B-it/qat-UD-Q4_K_XL/v2+story-v1/llama.cpp-b11443/t0	2026-10-07		
2072_150_45	b73e8357000fb3e8f1ecf04b038def0564bdcbc1	<font color=blue>Coro</font> Nothing at all.	machine	gemma-4-31B-it/qat-UD-Q4_K_XL/v2+story-v1/llama.cpp-b11443/t0	2026-10-07		
2072_150_46	548bac5619545eb5bf84ff5c4d4a229ac67b16cf	...Hmm.	machine	gemma-4-31B-it/qat-UD-Q4_K_XL/v2+story-v1/llama.cpp-b11443/t0	2026-10-07		
2072_150_47	3d89f83b56717babd3e970ff17b903aafc5c1259	What is it?	machine	gemma-4-31B-it/qat-UD-Q4_K_XL/v2+story-v1/llama.cpp-b11443/t0	2026-10-07		
2072_150_48	eff9506b227fa8b440b59b17135d67bfe0ac9b3e	...Maybe it's just because\nyou're poorly maintained, Coro?	machine	gemma-4-31B-it/qat-UD-Q4_K_XL/v2+story-v1/llama.cpp-b11443/t0	2026-10-07		
2072_150_49	982ca654f0d640eacc161fae523a8694a45db6bf	...Valka, you're actually kind of\npetty, aren't you...!	machine	gemma-4-31B-it/qat-UD-Q4_K_XL/v2+story-v1/llama.cpp-b11443/t0	2026-10-07		
2072_150_50	a9cc04d144fa9223338ef6a37d4512f292a458de	Haaa... honestly!	machine	gemma-4-31B-it/qat-UD-Q4_K_XL/v2+story-v1/llama.cpp-b11443/t0	2026-10-07		
2072_150_51	db87a7fa2c606c4a1d6f57ed38372be5221d3c39	I just had a tune-up on Planet\nViret, so there's no way I'm\nmalfunctioning!	machine	gemma-4-31B-it/qat-UD-Q4_K_XL/v2+story-v1/llama.cpp-b11443/t0	2026-10-07		
2072_150_52	91f1192f3f221464047fa497af4886e17987e867	Good grief, they're hopeless.	machine	gemma-4-31B-it/qat-UD-Q4_K_XL/v2+story-v1/llama.cpp-b11443/t0	2026-10-07		
2072_150_53	689bfc8582f6b8adc9d2f37d5ad6d9d82f7fa360	For now, let's get everyone\ntogether and hear their\nthoughts... If I leave these two\nto talk it out, nothing's ever\ngoing to get solved.	machine	gemma-4-31B-it/qat-UD-Q4_K_XL/v2+story-v1/llama.cpp-b11443/t0	2026-10-07		
2073_160_02	01e000449e659352c37ccfbb9f91eed08bfe4a34	I see... So even with the\nCaptains' technology, they\ncan't determine where Asyl is.	machine	gemma-4-31B-it/qat-UD-Q4_K_XL/v2+story-v1/llama.cpp-b11443/t0	2026-10-07		
2073_160_03	fed1c8bf2dd529f28ae22275692f3315b7184d02	Maybe Coro just didn't\nmaintain the equipment\nproperly?	machine	gemma-4-31B-it/qat-UD-Q4_K_XL/v2+story-v1/llama.cpp-b11443/t0	2026-10-07		
2073_160_04	00b85de26be138d8f719ef173b9d716acafdc630	Not you too, Ms. Welch!! That's\nnot it at all!	machine	gemma-4-31B-it/qat-UD-Q4_K_XL/v2+story-v1/llama.cpp-b11443/t0	2026-10-07		
2073_160_05	9f777c9965a3453477c1eb83a0b894cddf760042	<font color=blue>Tika</font> ...Maybe it's being hidden.	machine	gemma-4-31B-it/qat-UD-Q4_K_XL/v2+story-v1/llama.cpp-b11443/t0	2026-10-07		
2073_160_06	930afbf212f2e024070c8b07b0df4b9ae02e78e8	<font color=blue>Verda</font> Hidden?	machine	gemma-4-31B-it/qat-UD-Q4_K_XL/v2+story-v1/llama.cpp-b11443/t0	2026-10-07		
2073_160_07	b326c68892547397ed904ab9515f74d72338efc1	<font color=blue>Tika</font> I think someone is hiding it\nwith a power so great that\neven Coro can't find it.	machine	gemma-4-31B-it/qat-UD-Q4_K_XL/v2+story-v1/llama.cpp-b11443/t0	2026-10-07		
2073_160_08	348a5662fb55a7e33a11971ac93324adc5822f8a	You know, it felt like that\nwhere Ms. Henri and Onelsen\nwere, right?	machine	gemma-4-31B-it/qat-UD-Q4_K_XL/v2+story-v1/llama.cpp-b11443/t0	2026-10-07		
2073_160_09	eb295e8d62dbb76858f007ca23c67740581ced3e	<font color=blue>Rekoro</font> True. Unless someone\nhad the technical skill to crack\nthe electronic lock, they\nwouldn't have known how to\nopen that door.	machine	gemma-4-31B-it/qat-UD-Q4_K_XL/v2+story-v1/llama.cpp-b11443/t0	2026-10-07		
2073_160_10	06619995b339373143625d45d73c124e9e20f7ee	<font color=blue>Henri</font> So, whoever hid the Holy\nLand of Asyl ensured it would\nonly reveal itself when the\nconditions for the Moonshadow\nLadder's descent were met...	machine	gemma-4-31B-it/qat-UD-Q4_K_XL/v2+story-v1/llama.cpp-b11443/t0	2026-10-07		
2073_160_11	0ce9589c3e724627c028385fa4b4a544eca1def0	...and otherwise, its existence\nremains completely\nundetectable.	machine	gemma-4-31B-it/qat-UD-Q4_K_XL/v2+story-v1/llama.cpp-b11443/t0	2026-10-07		
2073_160_12	d12186e8f337a6d7b4ddd35db3097118d5c286d1	<font color=blue>Evelysse</font> So in the end, we just\nhave to wait for the ladder to\ndescend? We can't intervene in\nthe war like that.	machine	gemma-4-31B-it/qat-UD-Q4_K_XL/v2+story-v1/llama.cpp-b11443/t0	2026-10-07		name (en-evelysse 2026-10-08): Eve -> Evelysse, the user's decision
2073_160_13	d47eec5a5992e3057d46fd5b5f409086ab964bbf	<font color=blue>Coro</font> I've thought about it, and\nsince it's called a "Holy Land," I\nthink it must be at least larger\nthan the facility where Ms.\nHenri and the others were.	machine	gemma-4-31B-it/qat-UD-Q4_K_XL/v2+story-v1/llama.cpp-b11443/t0	2026-10-07		
2073_160_14	be6c74198e0aa08f929eb24788a3387cc683b45d	I think the methods for\ndisguising something of that\nscale would be quite limited.	machine	gemma-4-26B-A4B-it/UD-Q4_K_M/v2+story-v1/llama.cpp-b11443/t0	2026-10-06		
2073_160_15	2c8454f48f59f14ec7bfaee361ff9b3dc236a239	For now, we are searching\nwhile considering mechanical\ntechnology, Crest Science, and\neven concealment via some\nkind of natural phenomenon...	machine	gemma-4-26B-A4B-it/UD-Q4_K_M/v2+story-v1/llama.cpp-b11443/t0	2026-10-06		
2073_160_16	2d299b3f391563749e29e66440ed99bb066a7902	Unfortunately, nothing\nresembling that has triggered\nour sensors at all.	machine	gemma-4-26B-A4B-it/UD-Q4_K_M/v2+story-v1/llama.cpp-b11443/t0	2026-10-06		
2073_160_17	d99401a8160e3c89072b7d1f62f95d0d400d0141	<font color=blue>Karlyn</font> I think the possibility of\nSymbology is low.	machine	gemma-4-31B-it/qat-UD-Q4_K_XL/v2+story-v1/llama.cpp-b11443/t0	2026-10-07		
2073_160_18	79dfdf0b4fda6174156cdc3c2a1ea54cec838315	<font color=blue>Coro</font> Why is that?	machine	gemma-4-31B-it/qat-UD-Q4_K_XL/v2+story-v1/llama.cpp-b11443/t0	2026-10-07		
2073_160_19	2ef7acb626b0730792de4cbc2f1e050895defa30	<font color=blue>Karlyn</font> Asyl has been appearing\nand disappearing every time\nthe Moonshadow Ladder\ndescends for hundreds of\nyears, right?	machine	gemma-4-31B-it/qat-UD-Q4_K_XL/v2+story-v1/llama.cpp-b11443/t0	2026-10-07		
2073_160_20	aba3fca88b60ad5ef202e6ca4ab2377dffd48670	There's no way people could be\nthere constantly, and if it were\nCrest Arts, the durability and\nremote functionality would\nhave to be beyond anything\nreasonable.	machine	gemma-4-26B-A4B-it/UD-Q4_K_M/v2+story-v1/llama.cpp-b11443/t0	2026-10-06		
2073_160_21	555cba935a780bb90eecc33dc3bc7e680baad47b	<font color=blue>Rekoro</font> I believe there are\nbarrier arts in Symbology that\ncontinue to function even after\nthe caster has left.	machine	gemma-4-31B-it/qat-UD-Q4_K_XL/v2+story-v1/llama.cpp-b11443/t0	2026-10-07		
2073_160_22	e22622cc843db9b06f2e5ead60b5cf29783cb830	<font color=blue>Karlyn</font> A barrier just stays in\none place to protect what's\ninside.	machine	gemma-4-31B-it/qat-UD-Q4_K_XL/v2+story-v1/llama.cpp-b11443/t0	2026-10-07		
2073_160_23	49ed2ea66dbe40be96212dbda5a254912a0ba46b	<font color=blue>Karlyn</font> Besides, once it's\nbreached, that's it. To restore\nit, the caster would have to go\nback and recast it.	machine	gemma-4-31B-it/qat-UD-Q4_K_XL/v2+story-v1/llama.cpp-b11443/t0	2026-10-07		
2073_160_24	c4f1037c854c57b13a12391cb25ad9a0b36025f6	<font color=blue>Euwin</font> I see. So if Symbology\nwere being used on Asyl...	machine	gemma-4-31B-it/qat-UD-Q4_K_XL/v2+story-v1/llama.cpp-b11443/t0	2026-10-07		
2073_160_25	49990f1cc5f0f9928078c5f60621882b32665f5d	It would have to be a spell that\nreacts to a Ladder of unknown\ndescent, causing it to surface\nand appear, then sink and\nvanish again.	machine	gemma-4-26B-A4B-it/UD-Q4_K_M/v2+story-v1/llama.cpp-b11443/t0	2026-10-06		
2073_160_26	f738f9dfab0ea6a66b4bee561b5068c91a2a9bb0	Even a layman like me could\ntell it was complex.	machine	gemma-4-31B-it/qat-UD-Q4_K_XL/v2+story-v1/llama.cpp-b11443/t0	2026-10-07		
2073_160_27	eaba1e52e52873925ce7dd6593817d011e9eba34	<font color=blue>Karlyn</font> Furthermore, the spell\nitself would have to be able to\njudge the surrounding\nconditions independently of the\ncaster. Such a Symbol spell is...	machine	gemma-4-31B-it/qat-UD-Q4_K_XL/v2+story-v1/llama.cpp-b11443/t0	2026-10-07		
2073_160_28	7375965e3d9954268b06ea0f51cea026c4efdd33	It exists.	machine	gemma-4-31B-it/qat-UD-Q4_K_XL/v2+story-v1/llama.cpp-b11443/t0	2026-10-07		
2073_160_29	c5a511bc057ad3d27d6f8ecc4f9340a334d63d1b	Right, as if it could possibly...	machine	gemma-4-31B-it/qat-UD-Q4_K_XL/v2+story-v1/llama.cpp-b11443/t0	2026-10-07		
2073_160_30	5590ff8011105dbc9611adfe36ab2f63edc164d3	Huh?	machine	gemma-4-31B-it/qat-UD-Q4_K_XL/v2+story-v1/llama.cpp-b11443/t0	2026-10-07		
2073_160_31	c9fb6b537b88da94b919dac5f0daddac9ff67326	It does exist. A Symbol spell\nthat activates based on the\nsurroundings even after the\ncaster is gone. Around your\nneck.	machine	gemma-4-31B-it/qat-UD-Q4_K_XL/v2+story-v1/llama.cpp-b11443/t0	2026-10-07		
2073_160_32	109f686ed331e7de46c9e6c6f2b651559dd368ec	!! That collar... the one that\nman put on me...!	machine	gemma-4-31B-it/qat-UD-Q4_K_XL/v2+story-v1/llama.cpp-b11443/t0	2026-10-07		
2073_160_33	b4cf0bbd24427325cbd4d52739f164a6c46525e9	What? A collar put on by a\nman? What's that about?	machine	gemma-4-31B-it/qat-UD-Q4_K_XL/v2+story-v1/llama.cpp-b11443/t0	2026-10-07		
2073_160_34	1b5eb3b57ba56b42d8754d38e7330798ffd22dbe	The collar the masked man put\non you in the dungeons of\nRubarika!	machine	gemma-4-31B-it/qat-UD-Q4_K_XL/v2+story-v1/llama.cpp-b11443/t0	2026-10-07		
2073_160_35	80a6f3a3a6af291cda40d61a0d98100aaca38c9a	It's true that when Givel's\nSymbol spell and mine clashed,\nit suddenly broke and a new\nsymbol flew out!	machine	gemma-4-31B-it/qat-UD-Q4_K_XL/v2+story-v1/llama.cpp-b11443/t0	2026-10-07		
2073_160_36	f00bfc9c078ca97fdc7aa8ae9353726bff7a9733	That masked guy said that if\nwe didn't do what he said, the\ncollar would explode and Karlyn\nwould die.	machine	gemma-4-31B-it/qat-UD-Q4_K_XL/v2+story-v1/llama.cpp-b11443/t0	2026-10-07		
2073_160_37	ed879087e650f76fd541b46cebb7df29347c43e4	Doesn't that mean the symbol\ninside the collar activates\nbased on certain conditions,\nand then Daftes blasts her\naway?	machine	gemma-4-31B-it/qat-UD-Q4_K_XL/v2+story-v1/llama.cpp-b11443/t0	2026-10-07		
2073_160_38	ddd57593b9852fa7c7e29bcb9ba3b29c65b64a4e	I-I suppose if I'd been thrown\ninto Daftes all alone, I probably\nwouldn't have survived for\nlong...	machine	gemma-4-31B-it/qat-UD-Q4_K_XL/v2+story-v1/llama.cpp-b11443/t0	2026-10-07		
2073_160_40	09b5ed01d4103add6d03dbce343f0c60a34ab9c4	...Hm? What is it, Valka?	machine	gemma-4-31B-it/qat-UD-Q4_K_XL/v2+story-v1/llama.cpp-b11443/t0	2026-10-07		
2073_160_41	7cfebf73327c4a51fb9f406948233eeb4ada11c2	...I probably would have saved\nyou anyway...	machine	gemma-4-31B-it/qat-UD-Q4_K_XL/v2+story-v1/llama.cpp-b11443/t0	2026-10-07		
2073_160_43	ee755ac03a424334d4f6abad41f22c70525ddd97	...Definitely!	machine	gemma-4-31B-it/qat-UD-Q4_K_XL/v2+story-v1/llama.cpp-b11443/t0	2026-10-07		
2073_160_44	b758f929295bdf2b5fd5bdc2bfc10954cc83da6c	...Yes, yes. Thank you.	machine	gemma-4-31B-it/qat-UD-Q4_K_XL/v2+story-v1/llama.cpp-b11443/t0	2026-10-07		
2073_160_45	9b20da62d2ba9461e6ebbb637fd88e7169b9d9c3	Mm-hmm!	machine	gemma-4-31B-it/qat-UD-Q4_K_XL/v2+story-v1/llama.cpp-b11443/t0	2026-10-07		
2073_160_46	fe89b786095da94ee4afe6fb7120acb86001399b	Good grief... but well, it is a\nconvincing theory.	machine	gemma-4-31B-it/qat-UD-Q4_K_XL/v2+story-v1/llama.cpp-b11443/t0	2026-10-07		
2073_160_47	e19c527cb26ca651950a92247c32f013f27be992	In other words, if we can get a\nhint about such complex sigil\narts from that masked man,	machine	gemma-4-31B-it/qat-UD-Q4_K_XL/v2+story-v1/llama.cpp-b11443/t0	2026-10-07		
2073_160_48	630489baded62d80ea64aabebb079ba037f7ed37	it might actually be useful in\nour search for Asyl.	machine	gemma-4-31B-it/qat-UD-Q4_K_XL/v2+story-v1/llama.cpp-b11443/t0	2026-10-07		
2073_160_49	0db547a190e56fc68a20b28029f59d6b5a167127	It may be better than\nsearching for Asyl blindly,	machine	gemma-4-31B-it/qat-UD-Q4_K_XL/v2+story-v1/llama.cpp-b11443/t0	2026-10-07		
2073_160_50	d77f71c4900c1d2c77819bf02454d1bac27cac1d	but tracking down that man will\nbe quite a chore in its own\nright.	machine	gemma-4-31B-it/qat-UD-Q4_K_XL/v2+story-v1/llama.cpp-b11443/t0	2026-10-07		
2073_160_51	0443a9faa2ea47fa031bbc37af23eb0f0c747cdd	True, we don't even know who\nhe is or where he's from.	machine	gemma-4-31B-it/qat-UD-Q4_K_XL/v2+story-v1/llama.cpp-b11443/t0	2026-10-07		
2073_160_53	17afe6483a28bc83dc5e102222910377dde6845a	Right. I mean, the way we met\nhim was so random, and he's\njust... way too elusive.	machine	gemma-4-31B-it/qat-UD-Q4_K_XL/v2+story-v1/llama.cpp-b11443/t0	2026-10-07		
2073_160_54	719acd3d03f413b805576b64c6fe18533b4bb66d	It might be a detour from our\ngoal of finding the Holy Land of\nAsyl, but we still have time\nbefore we have to go back\ndown the ladder.	machine	gemma-4-31B-it/qat-UD-Q4_K_XL/v2+story-v1/llama.cpp-b11443/t0	2026-10-07		
2073_160_55	5f1aa4f10b32ac9f1f71893d27739e4f01db3965	I wonder if there's any way we\ncan track that man down\nourselves.	machine	gemma-4-31B-it/qat-UD-Q4_K_XL/v2+story-v1/llama.cpp-b11443/t0	2026-10-07		
2073_160_56	34be9c8f87515a9ec037ede62e3ee70d52b09957	Coro, you saw him once, right?\nCan't you track him?	machine	gemma-4-31B-it/qat-UD-Q4_K_XL/v2+story-v1/llama.cpp-b11443/t0	2026-10-07		
2073_160_57	5d1242bfd7d502ab64cc9184b69cecc5073c8972	Unfortunately, it was\nimpossible. For some reason, I\nwas unable to attach a\ntracking tag to him.	machine	gemma-4-31B-it/qat-UD-Q4_K_XL/v2+story-v1/llama.cpp-b11443/t0	2026-10-07		
2073_160_58	ac383ab0c6d745be2fe61f3ebca2745391cc8b5a	It's as if some kind of\ninterference wave is blocking\neverything except for optical\nsight...	machine	gemma-4-31B-it/qat-UD-Q4_K_XL/v2+story-v1/llama.cpp-b11443/t0	2026-10-07		
2073_160_59	8eef9f76f4a0e710f63baeae06201013f6b8fa11	I suspect that man is also from\nan advanced planet.	machine	gemma-4-31B-it/qat-UD-Q4_K_XL/v2+story-v1/llama.cpp-b11443/t0	2026-10-07		
2073_160_60	4690c5556c90a257b17858b25fbe135c40bfd2cf	He likely possesses some\nmethod to evade Coro's\ntracking.	machine	gemma-4-31B-it/qat-UD-Q4_K_XL/v2+story-v1/llama.cpp-b11443/t0	2026-10-07		
2073_160_61	550bda4012c3c670d2f4262bc5fad52959fc9f48	Now that you mention it, my\nhammer didn't seem to do a\nthing to him.	machine	gemma-4-31B-it/qat-UD-Q4_K_XL/v2+story-v1/llama.cpp-b11443/t0	2026-10-07		
2073_160_62	bff706d60496bd4d6291dd77c81136a677021b25	A rather crude way to verify it,\nbut... perhaps he possesses a\ndefense mechanism based on\nadvanced civilization, such as\ngravity manipulation.	machine	gemma-4-31B-it/qat-UD-Q4_K_XL/v2+story-v1/llama.cpp-b11443/t0	2026-10-07		
2073_160_63	a563e69900f11bbb87f443661ab3bb1f62ae5f2e	If that's the case, finding him\nseems like it'll be difficult. We\nhave no idea what his objective\neven is...	machine	gemma-4-31B-it/qat-UD-Q4_K_XL/v2+story-v1/llama.cpp-b11443/t0	2026-10-07		
2073_160_64	b5dde758405f431be40d006d4af1a401c80c0703	Objective...	machine	gemma-4-31B-it/qat-UD-Q4_K_XL/v2+story-v1/llama.cpp-b11443/t0	2026-10-07		
2073_160_65	0d60e86181c0b19953db5cfd4c444553a5e01a8e	...Oh.	machine	gemma-4-31B-it/qat-UD-Q4_K_XL/v2+story-v1/llama.cpp-b11443/t0	2026-10-07		
2073_160_66	4a554593c25a38d1804714947b21c0d25dfef3ad	Tika?	machine	gemma-4-31B-it/qat-UD-Q4_K_XL/v2+story-v1/llama.cpp-b11443/t0	2026-10-07		
2073_160_67	d9772090564c5cd962e330580e255c9e0941f602	Um... I just thought of\nsomething...	machine	gemma-4-31B-it/qat-UD-Q4_K_XL/v2+story-v1/llama.cpp-b11443/t0	2026-10-07		
2073_160_68	90a37532140499662630ea82d92d51ea97cd718b	I hope it isn't anything\ndangerous.	machine	gemma-4-31B-it/qat-UD-Q4_K_XL/v2+story-v1/llama.cpp-b11443/t0	2026-10-07		
2073_160_69	daf286b7a371deb3873940ab93c0ffd12cc4e121	I think it'll be okay. I think we\ncan meet him. The masked\nman.	machine	gemma-4-31B-it/qat-UD-Q4_K_XL/v2+story-v1/llama.cpp-b11443/t0	2026-10-07		
2073_160_70	e6928037327748361696e73de0c4c7f6c0b1af9c	What do you mean?	machine	gemma-4-31B-it/qat-UD-Q4_K_XL/v2+story-v1/llama.cpp-b11443/t0	2026-10-07		
2073_160_71	a53bff3f038f85d1cdc247e16648e9586c9c2507	Karlyn, Henri, and I will lure him\nout.	machine	gemma-4-31B-it/qat-UD-Q4_K_XL/v2+story-v1/llama.cpp-b11443/t0	2026-10-07		
2073_160_74	72441af49906a7bde734c0f775b83bc945cdf604	If I let myself be captured by\nBaschen's army again... I bet\nhe'll come for me.	machine	gemma-4-31B-it/qat-UD-Q4_K_XL/v2+story-v1/llama.cpp-b11443/t0	2026-10-07		
2073_170_01	6a354d9f0651cd766734ca184b6ff7e38aef8118	I think there are plenty of\npeople at the front who don't\nknow what happened at the\nImperial Castle, and since\nKarlyn is high-ranking, she\nshould be able to blend in\neasily.	machine	gemma-4-31B-it/qat-UD-Q4_K_XL/v2+story-v1/llama.cpp-b11443/t0	2026-10-07		
2073_170_02	c3dcbc8d3fde7551210cbb2e31c336478729b7f8	Then I thought maybe Henri\ncould protect us while\ndisguised as a "Beast"... what\ndo you think?	machine	gemma-4-31B-it/qat-UD-Q4_K_XL/v2+story-v1/llama.cpp-b11443/t0	2026-10-07		
2073_170_03	d0aacb0709030ec3461b5ed4d1808776f921be6c	...It's true that he was\nobsessed with Tika, so it\nseems like a good plan, but...	machine	gemma-4-31B-it/qat-UD-Q4_K_XL/v2+story-v1/llama.cpp-b11443/t0	2026-10-07		
2073_170_04	666c96ab92316eb132845cac94ddb93b46ac14bd	I wonder if Henri's appearance\nafter transforming into a Beast\nwill look suspicious.	machine	gemma-4-31B-it/qat-UD-Q4_K_XL/v2+story-v1/llama.cpp-b11443/t0	2026-10-07		
2073_170_05	5286031b0f51e3d36c94e370bd718294eda2310b	If you're talking about the\nglowing spikes, I think it'll be\nfine.	machine	gemma-4-31B-it/qat-UD-Q4_K_XL/v2+story-v1/llama.cpp-b11443/t0	2026-10-07		
2073_170_06	5b8d7982954d221e2bcfa23514aa448bec1dd919	Huh?	machine	gemma-4-31B-it/qat-UD-Q4_K_XL/v2+story-v1/llama.cpp-b11443/t0	2026-10-07		
2073_170_07	da8d320ce370d7796ae427f0bbdbbcde3c4b68b4	To be honest, even we Beast\nWitches don't understand the\nlogic behind the minor\ndifferences between the\n"Beasts."	machine	gemma-4-31B-it/qat-UD-Q4_K_XL/v2+story-v1/llama.cpp-b11443/t0	2026-10-07		
2073_170_08	ec923203427d8c5a3adc128a7c348e15b985b783	Givel is probably the only one\nwho knows.	machine	gemma-4-31B-it/qat-UD-Q4_K_XL/v2+story-v1/llama.cpp-b11443/t0	2026-10-07		
2073_170_09	37036c28d2074349ee4f0273f3ac45534bfcfda1	If I just say he's a new type of\n"Beast," that should be enough\nto fool the soldiers at the\nfront.	machine	gemma-4-31B-it/qat-UD-Q4_K_XL/v2+story-v1/llama.cpp-b11443/t0	2026-10-07		
2073_170_10	5d9282c9aa3612ac009cb78bf35cae977dafa348	But he already let Karlyn\ncapture us once.	machine	gemma-4-31B-it/qat-UD-Q4_K_XL/v2+story-v1/llama.cpp-b11443/t0	2026-10-07		
2073_170_11	a3b0895f5067ec31447b34d9fc54d2849ec02eb3	If he hears that Tika has been\ncaptured again, will he actually\nbother coming to rescue her?	machine	gemma-4-31B-it/qat-UD-Q4_K_XL/v2+story-v1/llama.cpp-b11443/t0	2026-10-07		
2073_170_12	3f43327814ed2af5a9ced8f44bbb99bc8dadb0d5	I think that'll be okay. Karlyn\nwasn't involved in Baschen's\nattack this time, right?	machine	gemma-4-31B-it/qat-UD-Q4_K_XL/v2+story-v1/llama.cpp-b11443/t0	2026-10-07		
2073_170_13	24df9fb7f6545a82ccc15a8cfbdce5a1f7d7d069	Even so, if they hear I've been\ncaptured on the front lines\nagain, I think they'll realize\nsomething is fishy.	machine	gemma-4-31B-it/qat-UD-Q4_K_XL/v2+story-v1/llama.cpp-b11443/t0	2026-10-07		
2073_170_14	bc587962eee12ec710a989f76948727071442ecc	Hmm... I guess it could work if\nyou put it that way...	machine	gemma-4-31B-it/qat-UD-Q4_K_XL/v2+story-v1/llama.cpp-b11443/t0	2026-10-07		
2073_170_15	5635dc6c6ce2194141c55d6f60b528dea22a88d5	I object. I understand that\neach individual circumstance\nmay work in the plan's favor.	machine	gemma-4-31B-it/qat-UD-Q4_K_XL/v2+story-v1/llama.cpp-b11443/t0	2026-10-07		
2073_170_16	c3a6bc9055b8bbd755eeea0afaef26426c43b71b	However, the fact that Karlyn\nand Henri are accompanying\nyou is entirely separate from\nensuring Tika's safety.	machine	gemma-4-31B-it/qat-UD-Q4_K_XL/v2+story-v1/llama.cpp-b11443/t0	2026-10-07		
2073_170_17	cd5a0d1c43dde670f63c2842d00de8ecc49d3e0a	Rekoro is right about that.	machine	gemma-4-31B-it/qat-UD-Q4_K_XL/v2+story-v1/llama.cpp-b11443/t0	2026-10-07		
2073_170_18	1c137e3a6c12e5e6e447b0ad9f444f9ef7579a0b	Tika, there is no such thing as\na safe place on the front lines\nof a war.	machine	gemma-4-31B-it/qat-UD-Q4_K_XL/v2+story-v1/llama.cpp-b11443/t0	2026-10-07		
2073_170_19	48e21dd3b6deafb98bc72426c3974f19fcbcdadd	Furthermore, the risk of not\nhaving any members other\nthan Karlyn and Henri is far\ntoo great.	machine	gemma-4-31B-it/qat-UD-Q4_K_XL/v2+story-v1/llama.cpp-b11443/t0	2026-10-07		
2073_170_20	babb57dcf3d0c744463669c4911fd0c4b6d49d16	Tika, you must properly\nconsider...	machine	gemma-4-31B-it/qat-UD-Q4_K_XL/v2+story-v1/llama.cpp-b11443/t0	2026-10-07		
2073_170_21	bb874b83c100e368e8e3ab2d83e603f6c6d68476	I know! But if there's a chance\nto stop the fighting in my\nsisters' homeland, I want to do\nthis.	machine	gemma-4-31B-it/qat-UD-Q4_K_XL/v2+story-v1/llama.cpp-b11443/t0	2026-10-07		
2073_170_22	a56a38e16f006f8e88eb89cd80e4c48edf0e0f85	I think it's also connected to\nmy time... to the future.	machine	gemma-4-31B-it/qat-UD-Q4_K_XL/v2+story-v1/llama.cpp-b11443/t0	2026-10-07		
2073_170_23	d2491c265c6a5070217197d96eb8cfbb9036428c	The future...	machine	gemma-4-31B-it/qat-UD-Q4_K_XL/v2+story-v1/llama.cpp-b11443/t0	2026-10-07		
2073_170_24	30b693795446d3976f83db10be17db7a6df10f91	Besides, if Daftine doesn't find\npeace now, the future me\nmight be in danger.	machine	gemma-4-31B-it/qat-UD-Q4_K_XL/v2+story-v1/llama.cpp-b11443/t0	2026-10-07		
2073_170_25	58c8436ee94d15b2f50bfb4618cc508b6fc10178	So Rekoro, please. I want you\nto come with me. I want you to\nfight by my side.	machine	gemma-4-31B-it/qat-UD-Q4_K_XL/v2+story-v1/llama.cpp-b11443/t0	2026-10-07		
2073_170_26	49ca9069c8dc425f87012b2b78c89dbff9fb9f56	Gu... unununu!	machine	gemma-4-31B-it/qat-UD-Q4_K_XL/v2+story-v1/llama.cpp-b11443/t0	2026-10-07		
2073_170_27	0ed7989d0cc7ed959bef3aedf928f731323adde7	If you're truly set on this, I\ndon't mind. If this wretched\ndisease can help bring peace\nto Daftine, I will gladly\ncooperate.	machine	gemma-4-31B-it/qat-UD-Q4_K_XL/v2+story-v1/llama.cpp-b11443/t0	2026-10-07		
2073_170_28	d03e2cd115b9107e3ee136a823cf99e2102398b4	Gugugu...!	machine	gemma-4-31B-it/qat-UD-Q4_K_XL/v2+story-v1/llama.cpp-b11443/t0	2026-10-07		
2073_170_29	ae8104ec3abc393c3c3a47f19b19dcf917ad72d8	In that case, I'll join in as a\nprisoner too.	machine	gemma-4-31B-it/qat-UD-Q4_K_XL/v2+story-v1/llama.cpp-b11443/t0	2026-10-07		
2073_170_30	126998001fd0a68442955417b38ffb74d32fbfb1	That masked man's obsession\nwith Tika is abnormal. It would\nbe terrible if he attacked the\ntwo of you by mistake.	machine	gemma-4-31B-it/qat-UD-Q4_K_XL/v2+story-v1/llama.cpp-b11443/t0	2026-10-07		
2073_170_31	1d04fceddba1046d2b9275fe1fa8605b243ca325	If word gets out that the\nyoungest son of the Rakstar\nfamily was captured as well,\nrumors will spread through\nRubarika quickly, and it'll reach\nhis ears sooner.	machine	gemma-4-31B-it/qat-UD-Q4_K_XL/v2+story-v1/llama.cpp-b11443/t0	2026-10-07		
2073_170_32	ad4d9f96c7156128a815d7ae1a0fb9c4de4eeba8	I shall descend with you.\nStealth is my specialty. I will\nprotect Sir Ewin and Lady Tika\nwithout anyone noticing.	machine	gemma-4-31B-it/qat-UD-Q4_K_XL/v2+story-v1/llama.cpp-b11443/t0	2026-10-07		
2073_170_33	b092a407b165c88f7f2fc40dad133751ecda07d2	With this many people, Tika\nshouldn't be in too much\ndanger, right, Rekoro?	machine	gemma-4-31B-it/qat-UD-Q4_K_XL/v2+story-v1/llama.cpp-b11443/t0	2026-10-07		
2073_170_34	4ba6e999efd21bb88731b2303e876aff76abe396	I... I suppose I have... no\nchoice... ununu. For the sake of\nTika's... future safety... gugugu.	machine	gemma-4-31B-it/qat-UD-Q4_K_XL/v2+story-v1/llama.cpp-b11443/t0	2026-10-07		
2073_170_35	bfea0ed52004b23281615a072a35f04856965ab5	Thank you, Rekoro!	machine	gemma-4-31B-it/qat-UD-Q4_K_XL/v2+story-v1/llama.cpp-b11443/t0	2026-10-07		
2073_170_37	d72f04109f1725d99554614045c97d6cc6b8a7bd	Then I'm in too.	machine	gemma-4-31B-it/qat-UD-Q4_K_XL/v2+story-v1/llama.cpp-b11443/t0	2026-10-07		
2073_170_38	64de6be9809c336f1936c48bfb4549e743938586	I shall join you as well...	machine	gemma-4-31B-it/qat-UD-Q4_K_XL/v2+story-v1/llama.cpp-b11443/t0	2026-10-07		
2073_170_39	f5aea8df5d398258bc613924e12f022ade6ee9b1	Now, now, Captain, Evelysse,\nVerda―just wait a second.\nThere's no point in all of us\ncrowding in there.	machine	gemma-4-31B-it/qat-UD-Q4_K_XL/v2+story-v1/llama.cpp-b11443/t0	2026-10-07		name (en-evelysse 2026-10-08): Eve -> Evelysse, the user's decision
2073_170_40	7bc4c35c76d515be35da9533d2ca5ac19d670ced	That Givel guy seemed\nobsessed with Evelysse. If too many\nof us end up as prisoners,\nword might get back to him,\nand he might try something.	machine	gemma-4-31B-it/qat-UD-Q4_K_XL/v2+story-v1/llama.cpp-b11443/t0	2026-10-07		name (en-evelysse 2026-10-08): Eve -> Evelysse, the user's decision
2073_170_41	3bccb5e6ca15e07d335c174a4645c0bbcff6d5a4	Right, Eu?	machine	gemma-4-31B-it/qat-UD-Q4_K_XL/v2+story-v1/llama.cpp-b11443/t0	2026-10-07		
2073_170_42	4f90df4e9fb385c6f4bc6179dcb2804be731c5e4	Huh!? I mean, that's true, but...	machine	gemma-4-31B-it/qat-UD-Q4_K_XL/v2+story-v1/llama.cpp-b11443/t0	2026-10-07		
2073_170_43	58e3119c06a291cb02c480f81d82bfb5e5f747ac	With Karlyn, Valka, Henri, and\neven little Eu there, Tika should\nbe in little danger,	machine	gemma-4-31B-it/qat-UD-Q4_K_XL/v2+story-v1+fix/llama.cpp-b11443/t0	2026-10-07		
2073_170_44	d54906fb9620357e3d6565d9266e74efbd0e07a9	While they're doing their best,\nwouldn't it be more efficient for\nus to keep searching for Asyl\nfrom here using our usual\napproach...?	machine	gemma-4-31B-it/qat-UD-Q4_K_XL/v2+story-v1/llama.cpp-b11443/t0	2026-10-07		
2073_170_45	507c1f8e546db469775a9f12ac4e0e91234ba749	Hey, what's with those looks?	machine	gemma-4-31B-it/qat-UD-Q4_K_XL/v2+story-v1/llama.cpp-b11443/t0	2026-10-07		
2073_170_46	39191f5a8c296a7d95982f7f9087749043cca789	...I think we're just surprised\nthat a constructive opinion\nactually came out of your\nmouth.	machine	gemma-4-31B-it/qat-UD-Q4_K_XL/v2+story-v1/llama.cpp-b11443/t0	2026-10-07		
2073_170_47	09c49fe9195a97aea43508f54790f7490baae3e3	Do you guys think I'm an idiot\nor something?	machine	gemma-4-31B-it/qat-UD-Q4_K_XL/v2+story-v1/llama.cpp-b11443/t0	2026-10-07		
2073_170_49	589fcd5743d45ed4f0abf8040bff6f72006a7f0f	You! Don't look away!	machine	gemma-4-31B-it/qat-UD-Q4_K_XL/v2+story-v1/llama.cpp-b11443/t0	2026-10-07		
2073_170_50	349a1af81baadaf0ae25fd433c99a6a52f347099	...Are you plotting something?\nLike trying to do something\nweird while I'm gone...?	machine	gemma-4-31B-it/qat-UD-Q4_K_XL/v2+story-v1/llama.cpp-b11443/t0	2026-10-07		
2073_170_51	9dd3784b3ea954b945aa5591e6c7ae9911a12ba6	Nope, nothing! I'm not thinking\nabout secretly dismantling\nCoro or this ship!	machine	gemma-4-31B-it/qat-UD-Q4_K_XL/v2+story-v1/llama.cpp-b11443/t0	2026-10-07		
2073_170_52	2577888e3f3629aed4f94d0d813891d55eb8def6	Did you just say something\nabsolutely terrible?	machine	gemma-4-31B-it/qat-UD-Q4_K_XL/v2+story-v1/llama.cpp-b11443/t0	2026-10-07		
2073_170_53	d2cc89d86fc0ec5f0f8b0cf75df2c3eeee4e3ad9	Nope, nothing at all!	machine	gemma-4-31B-it/qat-UD-Q4_K_XL/v2+story-v1/llama.cpp-b11443/t0	2026-10-07		
2073_170_54	e347ababaf844cc574e288d5bd2e4ed71afbe41d	Are you really doing this?\nYou're really, really doing this?	machine	gemma-4-31B-it/qat-UD-Q4_K_XL/v2+story-v1/llama.cpp-b11443/t0	2026-10-07		
2073_170_55	2fa6816f2b5d8f239b8585e8d5cbf171aa31c182	Yeah! Everyone's here, so it'll\nbe okay!	machine	gemma-4-31B-it/qat-UD-Q4_K_XL/v2+story-v1/llama.cpp-b11443/t0	2026-10-07		
2073_170_56	c22760631195fe7713ed52110ee7f1b9673951aa	Don't worry, Rekoro. I will\nprotect Tika, no matter what.	machine	gemma-4-31B-it/qat-UD-Q4_K_XL/v2+story-v1/llama.cpp-b11443/t0	2026-10-07		
2073_170_57	b85c0803b1d34889e2c5ca3415a43c2b7b8d373d	Yeah!!	machine	gemma-4-31B-it/qat-UD-Q4_K_XL/v2+story-v1/llama.cpp-b11443/t0	2026-10-07		
2073_170_58	69c0483ff4f691b611f99b63602b52c3adedb205	Even a child this small is this\ndetermined. Everyone, steel\nyourselves.	machine	gemma-4-31B-it/qat-UD-Q4_K_XL/v2+story-v1/llama.cpp-b11443/t0	2026-10-07		
2073_170_59	b65c9548c440948ba30f85626418159339e9b276	But if Lord Givel makes a\nmove, the operation is\ncancelled regardless of the\nsituation. Understood, Tika?	machine	gemma-4-31B-it/qat-UD-Q4_K_XL/v2+story-v1/llama.cpp-b11443/t0	2026-10-07		
2073_170_60	7f1491ba12c17bb2410d653405e4bb592b4c8fb2	I understand!	machine	gemma-4-31B-it/qat-UD-Q4_K_XL/v2+story-v1/llama.cpp-b11443/t0	2026-10-07		
2074_180_01	1d25a96e0ed81689f24f18a1192ff390e4f739ef	<font color=blue>Coro</font>: Now then, let's review\nthe outline of the plan to lure\nout the masked man.	machine	gemma-4-31B-it/qat-UD-Q4_K_XL/v2+story-v1/llama.cpp-b11443/t0	2026-10-07		
2074_180_02	9f8b4616f52cedd22f510fbbf20463c93940f4a9	First, Karlyn and Henri\ndescended to the front-line\nunits and managed to blend in\nwithout raising suspicion.	machine	gemma-4-31B-it/qat-UD-Q4_K_XL/v2+story-v1/llama.cpp-b11443/t0	2026-10-07		
2074_180_03	17987f56aea3e7d71a73e45e83c1ef6f07f76fbb	I was nervous that they might\nbe found out, but it seems\nBaschen's front-line forces are\nquite stretched thin.	machine	gemma-4-31B-it/qat-UD-Q4_K_XL/v2+story-v1/llama.cpp-b11443/t0	2026-10-07		
2074_180_04	7dbe672f55b157adc015305703e0792d1c7bac64	They appear to be\nshort-handed due to the\nlarge-scale offensive, so they\nwere actually welcomed with\nopen arms.	machine	gemma-4-31B-it/qat-UD-Q4_K_XL/v2+story-v1/llama.cpp-b11443/t0	2026-10-07		
2074_180_05	e85c73d8f1024a8a0064644dbb04cdccb5b857a3	According to information from\nthe two of them, a beastman\nunit led by the Beast Witch is\nplanning to charge toward a\nvillage in Rubarika called\nConroy.	machine	gemma-4-31B-it/qat-UD-Q4_K_XL/v2+story-v1/llama.cpp-b11443/t0	2026-10-07		
2074_180_06	30b5e1110df33f13caa4e9666fd2eea9626c588d	<font color=blue>Coro</font>: Tika, along with Rekoro,\nEuwin, and Valka, will descend\nonto that invasion route and\nallow themselves to be\ncaptured by Karlyn.	machine	gemma-4-31B-it/qat-UD-Q4_K_XL/v2+story-v1/llama.cpp-b11443/t0	2026-10-07		
2074_180_07	60d9d92e74642c0a7fa173d6e4f82c37cbf0baa5	<font color=blue>Tika</font>: Got it! I'll do my best!	machine	gemma-4-31B-it/qat-UD-Q4_K_XL/v2+story-v1/llama.cpp-b11443/t0	2026-10-07		
2074_180_08	71c5372e8ec195ec6a5ef9dffb7c0e2db6c34397	<font color=blue>Rekoro</font>: Ugh... I'm still against\nthis. It's far too dangerous...	machine	gemma-4-31B-it/qat-UD-Q4_K_XL/v2+story-v1/llama.cpp-b11443/t0	2026-10-07		
2074_180_09	9d21a9d591f0f7707c4588d95caff042543efbf1	<font color=blue>Welch</font>: Then just make sure\nyou protect her properly. I told\nyou to steel yourself!	machine	gemma-4-31B-it/qat-UD-Q4_K_XL/v2+story-v1/llama.cpp-b11443/t0	2026-10-07		
2074_180_10	b6fd3151a1c76d7dc41650197e9184717431197c	<font color=blue>Coro</font>: Euwin, I want you to\nproudly announce that you are\na member of the Rakstar\nfamily and cause a fair bit of\nchaos.	machine	gemma-4-31B-it/qat-UD-Q4_K_XL/v2+story-v1/llama.cpp-b11443/t0	2026-10-07		
2074_180_11	444cdb9c72ce2f23c70708c3d841865da27719ae	Valka, please operate in a way\nthat prevents heavy casualties\non both sides, and let me know\nif you determine the risk has\nbecome too great.	machine	gemma-4-31B-it/qat-UD-Q4_K_XL/v2+story-v1/llama.cpp-b11443/t0	2026-10-07		
2074_180_12	94699f49e1484b92371cb64af351f9073617f7fd	I will then teleport you to\nsafety.	machine	gemma-4-31B-it/qat-UD-Q4_K_XL/v2+story-v1/llama.cpp-b11443/t0	2026-10-07		
2074_180_13	d4de8bbb62b1318b43986ec426b7da292f2c296f	<font color=blue>Euwin</font> Leave it to me. I've been\ncaught up in things like this a\nfew times before, so I'll handle\nit.	machine	gemma-4-31B-it/qat-UD-Q4_K_XL/v2+story-v1/llama.cpp-b11443/t0	2026-10-07		
2074_180_14	d69d7fcc016363c11af6dfc7f50a21be664f9964	<font color=blue>Valka</font> I understand... Ugh... I\nwonder if I can do this...	machine	gemma-4-31B-it/qat-UD-Q4_K_XL/v2+story-v1/llama.cpp-b11443/t0	2026-10-07		
2074_180_15	a10a1df58872dedc959a1602b14bead0f12853cf	<font color=blue>Verda</font> You'll be fine, you'll be\nfine.	machine	gemma-4-31B-it/qat-UD-Q4_K_XL/v2+story-v1/llama.cpp-b11443/t0	2026-10-07		
2074_180_16	5a96fa1810197e19ec5ee9338f2102620d66f668	Valka is strong. If you just stay\ncalm and do what you always\ndo, you're invincible.	machine	gemma-4-31B-it/qat-UD-Q4_K_XL/v2+story-v1/llama.cpp-b11443/t0	2026-10-07		
2074_180_17	a3dbecbd2873d4cfe922820a755142232db3efa9	It'll be okay, it'll be okay.	machine	gemma-4-31B-it/qat-UD-Q4_K_XL/v2+story-v1/llama.cpp-b11443/t0	2026-10-07		
2074_180_18	b53df0b951c0c2add6b98d269bca4c851b53f4d0	<font color=blue>Valka</font> Y-yeah, thanks, Verda.\nI'll... I'll do my best!	machine	gemma-4-31B-it/qat-UD-Q4_K_XL/v2+story-v1/llama.cpp-b11443/t0	2026-10-07		
2074_180_19	21ab618051eb3383c0f9c3771619c0f4d4feb99d	<font color=blue>Rekoro</font> I'm nervous!	machine	gemma-4-31B-it/qat-UD-Q4_K_XL/v2+story-v1/llama.cpp-b11443/t0	2026-10-07		
2074_180_20	30d8fefb6374eef8974a64acdfe0053f74acc75f	<font color=blue>Coro</font> Uh, let's see... Once we\nget the signal to retreat from\nHenri, we'll head toward\nConroy's side...	machine	gemma-4-31B-it/qat-UD-Q4_K_XL/v2+story-v1+fix/llama.cpp-b11443/t0	2026-10-07		
2074_180_21	de253bab4be38467b3995af93c2be53728350cbb	We'll use transport descent to\nscatter flyers toward Conroy's\nside, stating that Ewin Laxter\nand Tika Blanche have been\ncaptured.	machine	gemma-4-26B-A4B-it/UD-Q4_K_M/v2+story-v1/llama.cpp-b11443/t0	2026-10-06		
2074_180_22	eadef230bdfa9d3c41028d69e9946dead9c2a714	<font color=blue>Euwin</font> Yeah, well, I'll just let my\nfather and brothers deal with\nthe fallout in the royal capital.	machine	gemma-4-31B-it/qat-UD-Q4_K_XL/v2+story-v1/llama.cpp-b11443/t0	2026-10-07		
2074_180_23	9750ca9d5191fa2fe5e040ae977202a62f872fae	I can just apologize to my\nsister later.	machine	gemma-4-31B-it/qat-UD-Q4_K_XL/v2+story-v1/llama.cpp-b11443/t0	2026-10-07		
2074_180_24	f4e1b1099223d23ebb6497f887d31d0e3b2afeb4	<font color=blue>Coro</font> After that, Rekoro, Valka,\nand Henri will provide frequent,\ndetailed updates...	machine	gemma-4-31B-it/qat-UD-Q4_K_XL/v2+story-v1/llama.cpp-b11443/t0	2026-10-07		
2074_180_25	fdac0bb8518e210a819d5e32751737ba34ffae86	We will also keep a close watch\non the Imperial Capital for any\nsuspicious activity.	machine	gemma-4-31B-it/qat-UD-Q4_K_XL/v2+story-v1/llama.cpp-b11443/t0	2026-10-07		
2074_180_26	d23d38553546967f5919b5b762471e63def62186	If the masked man appears\nbefore any anomalies occur in\nthe Imperial Capital, the plan is\na success. Otherwise, it's a\nfailure, and we'll have to think\nof our next move.	machine	gemma-4-31B-it/qat-UD-Q4_K_XL/v2+story-v1/llama.cpp-b11443/t0	2026-10-07		
2074_180_27	19e4795f53a09343853a98cefdf47a4167e60686	<font color=blue>Evelysse</font>: In the meantime, we'll\ncontinue to put all our efforts\ninto searching for the Holy\nLand.	machine	gemma-4-31B-it/qat-UD-Q4_K_XL/v2+story-v1/llama.cpp-b11443/t0	2026-10-07		name (en-evelysse 2026-10-08): Eve -> Evelysse, the user's decision
2074_180_28	6e407333b8609d8917195fc8166ef417d3c8d1bd	<font color=blue>Valka</font>: Captain. Separately,\nthere is something else I want\nyou to continue investigating.	machine	gemma-4-31B-it/qat-UD-Q4_K_XL/v2+story-v1/llama.cpp-b11443/t0	2026-10-07		
2074_180_30	11d986e0096b3eac388b407eb651c6b2272d50d3	<font color=blue>Valka</font>: The search for the\nentity that brought down my\nship. I simply cannot let it go.	machine	gemma-4-31B-it/qat-UD-Q4_K_XL/v2+story-v1/llama.cpp-b11443/t0	2026-10-07		
2074_180_31	e5f82730e82aec364644a9181bb89baf6b8baa54	<font color=blue>Coro</font>: But... we've already been\nover this so many times...	machine	gemma-4-31B-it/qat-UD-Q4_K_XL/v2+story-v1/llama.cpp-b11443/t0	2026-10-07		
2074_180_32	f694211475b0fe92dfcda10de858654e41704291	<font color=blue>Valka</font>: In this sector of space,\nthings happen that defy all\ncommon sense.	machine	gemma-4-31B-it/qat-UD-Q4_K_XL/v2+story-v1/llama.cpp-b11443/t0	2026-10-07		
2074_180_33	20bfef9115e534ac3c6874e0dfeb0372a11bfbdf	The dungeons beneath the\ncapital of Rubarika, Baschen's\nImperial Castle, the masked\nman, and the Holy Land of\nAsyl.	machine	gemma-4-31B-it/qat-UD-Q4_K_XL/v2+story-v1/llama.cpp-b11443/t0	2026-10-07		
2074_180_34	52591ac98b06912382f9ed4b5b806fb5deeec6d0	There are already this many\nthings that Administrator\nKoro's sensors cannot detect.	machine	gemma-4-31B-it/qat-UD-Q4_K_XL/v2+story-v1/llama.cpp-b11443/t0	2026-10-07		
2074_180_35	68d002be83074edc14dda943391302e1b5e1961f	Just because we can't see\nanything now doesn't mean it\ndoesn't exist.	machine	gemma-4-31B-it/qat-UD-Q4_K_XL/v2+story-v1/llama.cpp-b11443/t0	2026-10-07		
2074_180_36	fd6bc7d8b28e66952421f46e16583a0ff9033cc7	<font color=blue>Coro</font>: Ugh... w-well, that's true...	machine	gemma-4-31B-it/qat-UD-Q4_K_XL/v2+story-v1/llama.cpp-b11443/t0	2026-10-07		
2074_180_37	4d0ad0500fcbbf74b2c3de1b65d6fa5ec7392f36	<font color=blue>Valka</font>: Nothing happened during\nthe trips between Daftine and\nDaftes. However, that doesn't\nmean it will always be that way.	machine	gemma-4-31B-it/qat-UD-Q4_K_XL/v2+story-v1/llama.cpp-b11443/t0	2026-10-07		
2074_180_38	bde3d399b7da2eaeb9758eb51159c5ce83bd1c4d	I don't want to be alone ever\nagain, and more than anything,\nI want to ensure Miss Tika's\nfuture safety.	machine	gemma-4-31B-it/qat-UD-Q4_K_XL/v2+story-v1/llama.cpp-b11443/t0	2026-10-07		
2074_180_39	fbac1be0c438fb72dc12d47b277acf4068f98e1c	<font color=blue>Rekoro</font>: Coro! Captain! Did you\nhear that?! We shall continue\nthe investigation! For Tika's\nsafety!	machine	gemma-4-31B-it/qat-UD-Q4_K_XL/v2+story-v1/llama.cpp-b11443/t0	2026-10-07		
2074_180_41	0fbd97d9572e260a6d8aaf0ec49b7b10418b6db1	<font color=blue>Coro</font>: I get it, I get it! I'll do it,\nI'll do it! On my honor as a\nKoken, I'll even find out why\nValka's ship went down!	machine	gemma-4-31B-it/qat-UD-Q4_K_XL/v2+story-v1/llama.cpp-b11443/t0	2026-10-07		
2074_180_42	617feac46eeb30a6899b69dec773f1c79a4a312f	<font color=blue>Valka</font>: ...I'm counting on you.	machine	gemma-4-31B-it/qat-UD-Q4_K_XL/v2+story-v1/llama.cpp-b11443/t0	2026-10-07		
2074_180_43	e55b426c7894531393776bf784334b050590a599	<font color=blue>Coro</font>: Right! Now, is everyone\nready?!	machine	gemma-4-31B-it/qat-UD-Q4_K_XL/v2+story-v1/llama.cpp-b11443/t0	2026-10-07		
2074_180_44	9c73aeb5ba6a98d0a02f6e4ca39efac57cc1e017	First, Tika, Rekoro, Euwin, and\nValka, please prepare for\nteleport descent!	machine	gemma-4-31B-it/qat-UD-Q4_K_XL/v2+story-v1/llama.cpp-b11443/t0	2026-10-07		
2074_180_45	b7079c0ec0eba672a9a19cb6dd29dfc5ec2d2a27	Right! Well then, Welch.	machine	gemma-4-31B-it/qat-UD-Q4_K_XL/v2+story-v1/llama.cpp-b11443/t0	2026-10-07		
2074_180_46	1ce138f2f17ac8cfb6ecd6a6d23f14db5fb3ddad	Yeah, yeah.	machine	gemma-4-31B-it/qat-UD-Q4_K_XL/v2+story-v1/llama.cpp-b11443/t0	2026-10-07		
2074_180_47	892b189e1f9cd8e5ce98640066fe70714ca6190f	We're heading out.	machine	gemma-4-31B-it/qat-UD-Q4_K_XL/v2+story-v1/llama.cpp-b11443/t0	2026-10-07		
2074_180_48	c1375864c36aa34581e8baf17b7a31450050514f	Mm! Take care.	machine	gemma-4-31B-it/qat-UD-Q4_K_XL/v2+story-v1/llama.cpp-b11443/t0	2026-10-07		
2074_180_49	4c561360611addd7d90d46488bc89284fe874099	Now then! I wonder what I\nshould take apart first...	machine	gemma-4-31B-it/qat-UD-Q4_K_XL/v2+story-v1/llama.cpp-b11443/t0	2026-10-07		
2074_180_50	bf546f371fd1e4a1cd80c4c7ee3c2e055dfef5a1	...Wait, what?	machine	gemma-4-31B-it/qat-UD-Q4_K_XL/v2+story-v1/llama.cpp-b11443/t0	2026-10-07		
2074_180_52	de3ecad088f6576b11f591888cb7fd05377de343	True. Those two are just...	machine	gemma-4-31B-it/qat-UD-Q4_K_XL/v2+story-v1/llama.cpp-b11443/t0	2026-10-07		
2074_180_53	78ab8e79fe3dd57462045a5d4e66cce608fddc8b	It feels as if they've already\nreached perfection...	machine	gemma-4-31B-it/qat-UD-Q4_K_XL/v2+story-v1/llama.cpp-b11443/t0	2026-10-07		
2074_180_54	b476b493d0e0bb8df9f31cf84698979c08199edc	What? What are you talking\nabout? It's incredibly annoying\nthat you're all looking at me\nwith those pitying eyes! What\nis it!	machine	gemma-4-31B-it/qat-UD-Q4_K_XL/v2+story-v1/llama.cpp-b11443/t0	2026-10-07		
2074_180_55	c35a9a5a8384a348b7375b705d1b582ceed824d4	...Nothin' at all...	machine	gemma-4-31B-it/qat-UD-Q4_K_XL/v2+story-v1/llama.cpp-b11443/t0	2026-10-07		
2074_180_56	6d46e17cff951b8cd4fd5498a805ca174c2375db	Anyway, while we search for\nAsyl,	machine	gemma-4-31B-it/qat-UD-Q4_K_XL/v2+story-v1/llama.cpp-b11443/t0	2026-10-07		
2074_180_57	ad1f5dcb8fba532b0723443d17f08bcaaf4335cb	let's focus on what needs to\nbe done so we can be notified\nimmediately if the Baschen\nImperial Capital makes any\nstrange moves!	machine	gemma-4-31B-it/qat-UD-Q4_K_XL/v2+story-v1/llama.cpp-b11443/t0	2026-10-07		
2074_200_01	684fc76713a02dc8b7f979814a8bf82b40a2b3b9	Wow, this is amazing! I can't\nbelieve we could travel to a\nplace like this in an instant!	machine	gemma-4-31B-it/qat-UD-Q4_K_XL/v2+story-v1/llama.cpp-b11443/t0	2026-10-07		
2074_200_02	5c9f767aa3c8597f2e89145828ff427ac011eac0	Your first teleportation can be\nnerve-wracking. I remember\nbeing really anxious when I first\ndid it.	machine	gemma-4-31B-it/qat-UD-Q4_K_XL/v2+story-v1/llama.cpp-b11443/t0	2026-10-07		
2074_200_03	af7cbe8337345f85b7b565576633c1b80cfea4ad	I guess it's a common thing in\nthe future where Tika is from.\nIf this kind of technology were\ncommon, carriages and ships\nwould just disappear.	machine	gemma-4-31B-it/qat-UD-Q4_K_XL/v2+story-v1/llama.cpp-b11443/t0	2026-10-07		
2074_200_04	39f3ed83204501b53f4f36b44311230f650e55c3	Surprisingly, that is not the\ncase. While they are no longer\nthe mainstream of logistics,\ncarriages and seafaring ships\nstill exist.	machine	gemma-4-31B-it/qat-UD-Q4_K_XL/v2+story-v1/llama.cpp-b11443/t0	2026-10-07		
2074_200_05	73db7090f52564c2f2355e9409beba1aeacda012	I'd love to see it. A world that\nincredible...!	machine	gemma-4-31B-it/qat-UD-Q4_K_XL/v2+story-v1/llama.cpp-b11443/t0	2026-10-07		
2074_200_06	ee9ee7a2d494902a6994f762fcf2fe70a54b0272	This is no time to be giddy.	machine	gemma-4-31B-it/qat-UD-Q4_K_XL/v2+story-v1/llama.cpp-b11443/t0	2026-10-07		
2074_200_07	eff3467ccb08e9c35b5f90c58295ffc490eeeeaf	Let's assess the situation. I'll\nbring up the map now.	machine	gemma-4-31B-it/qat-UD-Q4_K_XL/v2+story-v1/llama.cpp-b11443/t0	2026-10-07		
2074_200_08	d44658cecc8f16ec530b0349b0c1712443551f46	Valka's gadget is amazing too!\nGlowing pictures and maps\nfloating in mid-air!	machine	gemma-4-31B-it/qat-UD-Q4_K_XL/v2+story-v1/llama.cpp-b11443/t0	2026-10-07		
2074_200_09	07e06ee8f9fb68dc9ba37d7679904905cde6e665	D-don't... I-I don't get anything\nout of being praised! Ehe,\nehehehe...	machine	gemma-4-31B-it/qat-UD-Q4_K_XL/v2+story-v1/llama.cpp-b11443/t0	2026-10-07		
2074_200_10	5bae23dbbdcd2cf1e0781ed25fb1178598a542da	...I am uneasy.	machine	gemma-4-31B-it/qat-UD-Q4_K_XL/v2+story-v1/llama.cpp-b11443/t0	2026-10-07		
2074_200_11	af8588815929d78e4ac96510d6e1329132fbc088	R-right, so, uh, let's see...	machine	gemma-4-31B-it/qat-UD-Q4_K_XL/v2+story-v1/llama.cpp-b11443/t0	2026-10-07		
2074_200_12	924c45a6b46849e978c7a64409959df717d3a087	Hmm, okay, this is the location\nof the communicator held by\nMista Henri.	machine	gemma-4-31B-it/qat-UD-Q4_K_XL/v2+story-v1/llama.cpp-b11443/t0	2026-10-07		
2074_200_13	2ecc3947e8f1e433a9c6830d350a8642c26d3cb4	Big sister Valka is so much\ncuter when she's smiling. I\nwonder why she always talks\nlike that.	machine	gemma-4-31B-it/qat-UD-Q4_K_XL/v2+story-v1/llama.cpp-b11443/t0	2026-10-07		
2074_200_14	a84e20419a66224d670f644146202633ea7ac3b5	I'm uneasy...	machine	gemma-4-31B-it/qat-UD-Q4_K_XL/v2+story-v1/llama.cpp-b11443/t0	2026-10-07		
2074_200_15	bf42e628d9ef95ac7e1fe51021e753e2cdebf84c	Baschen's Conroy conquest\nforce is slowly heading our\nway, so we'll eventually\nencounter them even if we just\nstand here,	machine	gemma-4-31B-it/qat-UD-Q4_K_XL/v2+story-v1/llama.cpp-b11443/t0	2026-10-07		
2074_200_16	c3a14876dfdbdcaf5c14dd202611a77531e49592	but considering the location of\nConroy Village, the amount of\ndamage to the village will likely\ndepend on where the battle\ntakes place.	machine	gemma-4-31B-it/qat-UD-Q4_K_XL/v2+story-v1/llama.cpp-b11443/t0	2026-10-07		
2074_200_17	85be8712792a1da55ab2ae9b4fd6ebdea4545d39	I see. If this dot represents\nus...	machine	gemma-4-31B-it/qat-UD-Q4_K_XL/v2+story-v1/llama.cpp-b11443/t0	2026-10-07		
2074_200_18	e4e1fc074a717e1551422103e0282f08d09ca11f	Maybe here? This would\nensure Conroy doesn't take\nany damage at all.	machine	gemma-4-31B-it/qat-UD-Q4_K_XL/v2+story-v1/llama.cpp-b11443/t0	2026-10-07		
2074_200_19	f5a562e5ba210cc0a85a9608baa2075b3fc734a3	I agree. Not only the village,\nbut I also don't want any\ncasualties among Baschen's\nconquest force,	machine	gemma-4-31B-it/qat-UD-Q4_K_XL/v2+story-v1/llama.cpp-b11443/t0	2026-10-07		
2074_200_20	af2dac73ee53f27a6f41a8cee131ee321b355b9b	or Mista Henri's kin, who have\nlikely been summoned by the\nBeast Witch.	machine	gemma-4-31B-it/qat-UD-Q4_K_XL/v2+story-v1/llama.cpp-b11443/t0	2026-10-07		
2074_200_21	2b4b0d7028eaf23c53c3a142a3f367a2ec86437b	If we fight here, we can force\nthe Conroy conquest force to\nretreat before Rubarika's\ndefense force in Conroy even\narrives, even if things get\nchaotic.	machine	gemma-4-31B-it/qat-UD-Q4_K_XL/v2+story-v1/llama.cpp-b11443/t0	2026-10-07		
2074_200_22	dbe79d9880e79149953c5e2272eb1985170f90c5	All right, let's go. Tika, Rekoro.	machine	gemma-4-31B-it/qat-UD-Q4_K_XL/v2+story-v1/llama.cpp-b11443/t0	2026-10-07		
2074_200_23	9b20da62d2ba9461e6ebbb637fd88e7169b9d9c3	Yeah!	machine	gemma-4-31B-it/qat-UD-Q4_K_XL/v2+story-v1/llama.cpp-b11443/t0	2026-10-07		
2074_200_24	c98142920645552057e1f8ee75565ae82ed66789	...I will do everything in my\npower to keep Tika safe.	machine	gemma-4-31B-it/qat-UD-Q4_K_XL/v2+story-v1/llama.cpp-b11443/t0	2026-10-07		
2074_200_25	6154f0f9f309401b65c5e121ed99f7be5bec152e	Now, I'll activate my optical\ncamouflage. Even if you can't\nsee me, I'll be right by your\nside. Please, proceed with\nconfidence.	machine	gemma-4-31B-it/qat-UD-Q4_K_XL/v2+story-v1/llama.cpp-b11443/t0	2026-10-07		
2074_200_26	5be8251290cc827e84a273c24a95ef716548c0e4	W-wow, she's actually invisible...\nThat's amazing, Valka!	machine	gemma-4-31B-it/qat-UD-Q4_K_XL/v2+story-v1/llama.cpp-b11443/t0	2026-10-07		
2074_200_27	c0fde671619905d0b7fa8d4437fd2df54707cdab	...I-I told you, praising me isn't\ngoing to get you anything!	machine	gemma-4-31B-it/qat-UD-Q4_K_XL/v2+story-v1/llama.cpp-b11443/t0	2026-10-07		
2074_200_28	4b31518a667c3f0c5ded60383e8fa5114a456e78	Big sister Valka!? You're\nturning a little red!	machine	gemma-4-31B-it/qat-UD-Q4_K_XL/v2+story-v1/llama.cpp-b11443/t0	2026-10-07		
2074_200_29	c0c0674ac8f83036594c5d4de9c91f98347b1b26	I'm getting anxious!	machine	gemma-4-31B-it/qat-UD-Q4_K_XL/v2+story-v1/llama.cpp-b11443/t0	2026-10-07		
2074_210_01	9345abcf4918f76fb1fa135e900c11893abcdf57	Hold it! Stop right there!	machine	gemma-4-31B-it/qat-UD-Q4_K_XL/v2+story-v1/llama.cpp-b11443/t0	2026-10-07		
2074_210_02	4008e80a61ece4fff603780188ea9c3224a052b8	You lot must be the force\nattacking Baschen! I won't let\nyou push further into Conroy!	machine	gemma-4-31B-it/qat-UD-Q4_K_XL/v2+story-v1/llama.cpp-b11443/t0	2026-10-07		
2074_210_03	3bfd47672b5ad6a612eb02503189ebcdf9c6de9f	If you're determined to go,\nyou'll have to defeat me first!	machine	gemma-4-31B-it/qat-UD-Q4_K_XL/v2+story-v1/llama.cpp-b11443/t0	2026-10-07		
2074_210_05	cd318349aa21bd45f3dc0bac3d15005147394a86	Get through me first! I am\nEwin Laxter, son of the\nRakstar family, lords of\nCarlone!	machine	gemma-4-31B-it/qat-UD-Q4_K_XL/v2+story-v1+fix/llama.cpp-b11443/t0	2026-10-07		prefix (en-prefix 2026-10-08): removed the engine's speaker prefix "Ewin: "
2074_210_06	cfd258316d8cc2023f4691f59276982b75f8bf3d	Big brother Euwin is so cool!	machine	gemma-4-31B-it/qat-UD-Q4_K_XL/v2+story-v1/llama.cpp-b11443/t0	2026-10-07		
2074_210_07	c227b4bc8ec7b75eefb56ed1fe55386235818f5e	...Is he, really?	machine	gemma-4-31B-it/qat-UD-Q4_K_XL/v2+story-v1/llama.cpp-b11443/t0	2026-10-07		prefix (en-prefix 2026-10-08): removed the engine's speaker prefix "Rekoro & Valca: "
2074_210_08	c2e64442a0580a908f4ea0e19fe70229497d68c9	And for that matter, this girl is\nthe one General Ricardo Franz\nis paying 100,000 phor to find!	machine	gemma-4-31B-it/qat-UD-Q4_K_XL/v2+story-v1/llama.cpp-b11443/t0	2026-10-07		
2074_210_09	5e6107081b42070062ffe2bbb483ea9a4f1b17b4	If you keep invading Conroy,\nGeneral Ricardo won't just\nstand by and watch!!	machine	gemma-4-31B-it/qat-UD-Q4_K_XL/v2+story-v1/llama.cpp-b11443/t0	2026-10-07		
2074_210_10	26a1a19f97077c699951cb1d6b57281325d1f8c8	Big brother Euwin is so cool!	machine	gemma-4-31B-it/qat-UD-Q4_K_XL/v2+story-v1/llama.cpp-b11443/t0	2026-10-07		
2074_210_11	d0ce3325e3bb3c80cac7e1132d397525dc02954a	I'm not so sure\nabout that...	machine	gemma-4-31B-it/qat-UD-Q4_K_XL/v2+story-v1/llama.cpp-b11443/t0	2026-10-07		prefix (en-prefix 2026-10-08): removed the engine's speaker prefix "Rekoro & Valca: "
2074_210_12	2be4fbb436b9d62b85dc4cf66cdd0af6dc16a9e3	Couldn't he have handled that...\nI don't know, a bit better?	machine	gemma-4-31B-it/qat-UD-Q4_K_XL/v2+story-v1/llama.cpp-b11443/t0	2026-10-07		
2074_210_13	692777cfe2c234c4c4919076f45535be80252f23	He's got spirit, and that's what\nmatters.	machine	gemma-4-31B-it/qat-UD-Q4_K_XL/v2+story-v1/llama.cpp-b11443/t0	2026-10-07		
2074_210_14	507590d0517677014a962252e5fef3e3d5f2d053	What happened to his usual\nseasoned traveler vibe, or his\nknack for negotiation and\nmanipulation? Why is he acting\nlike that?	machine	gemma-4-31B-it/qat-UD-Q4_K_XL/v2+story-v1/llama.cpp-b11443/t0	2026-10-07		
2074_210_15	42c36f49be90b688b07922670ecc8e8b3e9acbbd	I imagine there's a big\ndifference in his mind between\nthe art of "making a lie seem\nreal" and simply "acting."	machine	gemma-4-31B-it/qat-UD-Q4_K_XL/v2+story-v1/llama.cpp-b11443/t0	2026-10-07		
2074_210_16	90e72bfe7e5e39546a076acec3a547a7e00e178a	If Welch were here, she'd tease\nhim for his wooden acting for\nthe rest of his life... *Sigh*.	machine	gemma-4-31B-it/qat-UD-Q4_K_XL/v2+story-v1/llama.cpp-b11443/t0	2026-10-07		
2074_210_17	45ef059155584e6526409db50aaec32604683e61	All units, halt!	machine	gemma-4-31B-it/qat-UD-Q4_K_XL/v2+story-v1/llama.cpp-b11443/t0	2026-10-07		
2074_210_18	cecfb7c8cb15b93f9eea28508c2112be9f81e47e	I don't quite get what's going\non, but if they really are\nconnected to the Rakstar\nfamily or Ricardo Franz, we\ncan't let them go! Capture\nthem alive!	machine	gemma-4-31B-it/qat-UD-Q4_K_XL/v2+story-v1/llama.cpp-b11443/t0	2026-10-07		
2074_210_19	c2f1dfe5ea810add6b202ea247fef9cf0c15b0ee	Y-yes,\nma'am...!	machine	gemma-4-31B-it/qat-UD-Q4_K_XL/v2+story-v1/llama.cpp-b11443/t0	2026-10-07		prefix (en-prefix 2026-10-08): removed the engine's speaker prefix "Baschen Soldier: "
2074_210_20	49975879fa17f5e580432ed66f7a5a76d3d34ec7	Uh, anyway,\nattack!	machine	gemma-4-31B-it/qat-UD-Q4_K_XL/v2+story-v1/llama.cpp-b11443/t0	2026-10-07		prefix (en-prefix 2026-10-08): removed the engine's speaker prefix "Beast Witch: "
2074_210_21	415bc79d88b4cccaee4f87ccde24370cb72f8d19	Waaaaagh! Come and get\nsome! Hyaaaaah!!	machine	gemma-4-31B-it/qat-UD-Q4_K_XL/v2+story-v1/llama.cpp-b11443/t0	2026-10-07		
2074_210_22	8b375ef31b558b4a2e1e6a1da8810cb58aa8a4fc	He's certainly full of energy.	machine	gemma-4-31B-it/qat-UD-Q4_K_XL/v2+story-v1/llama.cpp-b11443/t0	2026-10-07		
2074_210_23	0d32360872b592287a1b30ca144f50fdc4f88c8a	Honestly...	machine	gemma-4-31B-it/qat-UD-Q4_K_XL/v2+story-v1/llama.cpp-b11443/t0	2026-10-07		
2074_210_24	a8ce746a7df4897e63f06199979f90cf657b9d92	Hyaaaaaaaah!!	machine	gemma-4-31B-it/qat-UD-Q4_K_XL/v2+story-v1/llama.cpp-b11443/t0	2026-10-07		
2074_210_25	70424690711c7d11af6b647388c10a56a25ec119	Now! Take them down!	machine	gemma-4-31B-it/qat-UD-Q4_K_XL/v2+story-v1/llama.cpp-b11443/t0	2026-10-07		
2074_210_26	7d1b840c16c1600b8ba82cd3207b583f9a37455e	Grrrrrrr-woooo!!	machine	gemma-4-31B-it/qat-UD-Q4_K_XL/v2+story-v1/llama.cpp-b11443/t0	2026-10-07		
2074_210_27	db03b4750c70c238478ddd2c221a9249b5f95cf5	Whoa! What's with this wolf?!\nDammit! I'm beat!	machine	gemma-4-31B-it/qat-UD-Q4_K_XL/v2+story-v1/llama.cpp-b11443/t0	2026-10-07		
2074_210_28	4f62a12b1de51642d8c1c42dca0c3e9dcc0956a8	Big brother! Help meeee!	machine	gemma-4-31B-it/qat-UD-Q4_K_XL/v2+story-v1/llama.cpp-b11443/t0	2026-10-07		
2074_210_29	068cf645273eb41704990c599da5bdbd349dd559	I shall say no more...	machine	gemma-4-31B-it/qat-UD-Q4_K_XL/v2+story-v1/llama.cpp-b11443/t0	2026-10-07		
2074_210_30	e3b8e60b4690b73131c3fdbc83628fd1fcc613f7	...Ugh! Honestly, now...!	machine	gemma-4-31B-it/qat-UD-Q4_K_XL/v2+story-v1/llama.cpp-b11443/t0	2026-10-07		
2074_210_31	8dafa66f05ad928b452fada262c7b81ce2cb968d	It seems it's true that he is a\nmember of the Rakstar family.	machine	gemma-4-31B-it/qat-UD-Q4_K_XL/v2+story-v1/llama.cpp-b11443/t0	2026-10-07		
2074_210_32	ae918c8c9e2062c09406eb6d5932e3410bb3ba01	This boy's face also matches\nthe wanted posters circulating\nwithin Rubarika.	machine	gemma-4-31B-it/qat-UD-Q4_K_XL/v2+story-v1/llama.cpp-b11443/t0	2026-10-07		
2074_210_33	5c07cb2569b8ddb6d94288ccec74a0057b6a1f8a	Retreat for now! We're\nchanging tactics to make use\nof this hostage!	machine	gemma-4-31B-it/qat-UD-Q4_K_XL/v2+story-v1/llama.cpp-b11443/t0	2026-10-07		
2074_210_34	b617729081d8561480f191889facef32a18bc724	Dammit! Where do you think\nyou're taking us?!	machine	gemma-4-31B-it/qat-UD-Q4_K_XL/v2+story-v1/llama.cpp-b11443/t0	2026-10-07		
2074_210_35	0b682f34f65ebcc4cf54a5e24fc2db5c083461ab	Help meeee!	machine	gemma-4-31B-it/qat-UD-Q4_K_XL/v2+story-v1/llama.cpp-b11443/t0	2026-10-07		
2074_210_36	d6ee237478a78b96eccf75ae50d43933edad08df	Will you both just shut up\nalready!	machine	gemma-4-31B-it/qat-UD-Q4_K_XL/v2+story-v1/llama.cpp-b11443/t0	2026-10-07		
2074_210_37	c3f8934535bfc5bb84576f7b9bfcbc2fa2e4c3e8	Eh.	machine	gemma-4-31B-it/qat-UD-Q4_K_XL/v2+story-v1/llama.cpp-b11443/t0	2026-10-07		
2074_210_38	e6de824a8e9fe4429f82166b8cd9b5cd5eefb87a	Ah, right.	machine	gemma-4-31B-it/qat-UD-Q4_K_XL/v2+story-v1/llama.cpp-b11443/t0	2026-10-07		
2074_210_39	49b1e06148a6ff7bcfeacde41e2f3e0ce2680f9e	Good grief...	machine	gemma-4-31B-it/qat-UD-Q4_K_XL/v2+story-v1/llama.cpp-b11443/t0	2026-10-07		
2074_230_01	17d34192c219fefe21716922b1b426992eadc624	I can't believe they retreated\nto Korurine Village...	machine	gemma-4-31B-it/qat-UD-Q4_K_XL/v2+story-v1/llama.cpp-b11443/t0	2026-10-07		
2074_230_02	762d4b81a90772bd8282a7321c1bebb3999927bc	I wonder if the villagers who\ngot caught up in the fighting\nback then are okay...	machine	gemma-4-31B-it/qat-UD-Q4_K_XL/v2+story-v1/llama.cpp-b11443/t0	2026-10-07		
2074_230_03	ab7ef5cfec74cb5c75e9a5831cbd1ac68adf9791	From what I've heard,\nunfortunately, there were a fair\nnumber of casualties in the\nbattle you were involved in\nhere.	machine	gemma-4-31B-it/qat-UD-Q4_K_XL/v2+story-v1/llama.cpp-b11443/t0	2026-10-07		
2074_230_04	045f46267759020931cf0eaf70e1a9a1f273e580	The survivors evacuated to the\nImperial Capital, and now only\nsoldiers remain.	machine	gemma-4-31B-it/qat-UD-Q4_K_XL/v2+story-v1/llama.cpp-b11443/t0	2026-10-07		
2074_230_05	d9ff3cdb54f91f5128129b42cd78dc23766102a0	...I see.	machine	gemma-4-31B-it/qat-UD-Q4_K_XL/v2+story-v1/llama.cpp-b11443/t0	2026-10-07		
2074_230_06	aa9e35d3b52ad54fc30a60b094f98f7494b0e306	Therefore, Karlyn's message is\nfor both of you to stop the\nunnecessary acting and just\nstay captured quietly.	machine	gemma-4-31B-it/qat-UD-Q4_K_XL/v2+story-v1/llama.cpp-b11443/t0	2026-10-07		
2074_230_07	f5259e6dbc849ff5c30eee2336158face4083fef	Was there something wrong\nwith our acting?	machine	gemma-4-31B-it/qat-UD-Q4_K_XL/v2+story-v1/llama.cpp-b11443/t0	2026-10-07		
2074_230_08	ebc2122f1d377912ce2c7c6805ab41b2f6e19f01	...I'll warn you that it was\nnothing but problematic.	machine	gemma-4-31B-it/qat-UD-Q4_K_XL/v2+story-v1/llama.cpp-b11443/t0	2026-10-07		
2074_230_09	d6e0e215b067941dcee6381af071704b1d289e44	But we tried our best...	machine	gemma-4-31B-it/qat-UD-Q4_K_XL/v2+story-v1/llama.cpp-b11443/t0	2026-10-07		
2074_230_10	801bd3a895f95232a9ea1cd7669a107bd108bc65	I didn't think it was that bad.\nValka? Are you there? What\ndid you think?	machine	gemma-4-31B-it/qat-UD-Q4_K_XL/v2+story-v1/llama.cpp-b11443/t0	2026-10-07		
2074_230_11	147f8f154e2157c54211f59172e9580ece0c3ac1	...I'm here. Sorry, but honestly...\nuh... well... sorry, I can't\ncomment on that.	machine	gemma-4-31B-it/qat-UD-Q4_K_XL/v2+story-v1/llama.cpp-b11443/t0	2026-10-07		
2074_230_12	0d24a1a846ddfbfe3a5592e4cf3b06473f98497b	What?!	machine	gemma-4-31B-it/qat-UD-Q4_K_XL/v2+story-v1/llama.cpp-b11443/t0	2026-10-07		
2074_230_13	9a9440da21be2defbc0187eb4a0ca479c9752c2a	I-I think you were really cool,\nBig Brother Euwin! You did\ngreat, right?!	machine	gemma-4-31B-it/qat-UD-Q4_K_XL/v2+story-v1/llama.cpp-b11443/t0	2026-10-07		
2074_230_14	405daac34033e3bd75b0e25f46864604bf2ad322	Tika. Is turning a blind eye to\nthe truth not contrary to the\npurpose of this journey?	machine	gemma-4-31B-it/qat-UD-Q4_K_XL/v2+story-v1/llama.cpp-b11443/t0	2026-10-07		
2074_230_15	8d3c010eff0d099f9997cdfe612a95f1fff113c5	Now, now, that's enough from\neveryone. Regardless, we'll wait\nhere until that problematic\nmasked man appears.	machine	gemma-4-31B-it/qat-UD-Q4_K_XL/v2+story-v1/llama.cpp-b11443/t0	2026-10-07		
2074_230_16	f63622b7e827396058ed5f307e2107317fc5564e	<font color=blue>Henri</font> Since I am the beast that\nKarlyn summoned, I cannot\nstay here for long. Valka, I\nleave the two of them to you.	machine	gemma-4-31B-it/qat-UD-Q4_K_XL/v2+story-v1/llama.cpp-b11443/t0	2026-10-07		
2074_230_17	02e8fc7e57c92415ccfc03496e21e4b81587d036	<font color=blue>Valka</font> Leave it to me.	machine	gemma-4-31B-it/qat-UD-Q4_K_XL/v2+story-v1/llama.cpp-b11443/t0	2026-10-07		
2074_230_18	c3f6e3f8a648b3a75c69849675d28f721243b90b	<font color=blue>Euwin</font> Will things be alright\nback in the Imperial Capital?	machine	gemma-4-31B-it/qat-UD-Q4_K_XL/v2+story-v1/llama.cpp-b11443/t0	2026-10-07		
2074_230_19	d46e8b26e9b3b2295a329fe22c3ac316a2aacb43	If word gets out that Karlyn is\nleading a unit on her own, Givel\nwill be here in no time...	machine	gemma-4-31B-it/qat-UD-Q4_K_XL/v2+story-v1/llama.cpp-b11443/t0	2026-10-07		
2074_230_20	ceebb640ec26d4409a07fee389658e7c1bf29db0	<font color=blue>Henri</font> Regarding that, it seems\nCommander-in-Chief Givel has\nheaded to the battlefield by\nthe sea.	machine	gemma-4-31B-it/qat-UD-Q4_K_XL/v2+story-v1/llama.cpp-b11443/t0	2026-10-07		
2074_230_21	0089b657d0f70038804694a2a4b7278b2daf4ece	It appears that Rubarika's\n"Messenger of Daftes" has\ntaken direct command, and\nthey've begun fighting for\ncontrol of the waters where\nAsyl is expected to appear.	machine	gemma-4-31B-it/qat-UD-Q4_K_XL/v2+story-v1/llama.cpp-b11443/t0	2026-10-07		
2074_230_22	a1ecca36585f3a6eb8dfe19e600ddcfd06a6fc95	<font color=blue>Euwin</font> ...So it's finally\nhappening.	machine	gemma-4-31B-it/qat-UD-Q4_K_XL/v2+story-v1/llama.cpp-b11443/t0	2026-10-07		
2074_230_23	9b1fa7a800d189e3f956219037c27716780eddc1	<font color=blue>Tika</font> The messenger from\nRubarika... that's the person\nBig Brother Euwin mentioned\nback in the Royal Capital,\nright?	machine	gemma-4-31B-it/qat-UD-Q4_K_XL/v2+story-v1/llama.cpp-b11443/t0	2026-10-07		
2074_230_24	6f53b6828aaf7a7cfb6c200861728108378cfd02	The one who appointed General\nRicardo...	machine	gemma-4-31B-it/qat-UD-Q4_K_XL/v2+story-v1/llama.cpp-b11443/t0	2026-10-07		
2074_230_25	d9a89de1f109bfc5fc5a5ba4309a946a559c8586	I wonder if they're scary, like\nthat Givel person.	machine	gemma-4-31B-it/qat-UD-Q4_K_XL/v2+story-v1/llama.cpp-b11443/t0	2026-10-07		
2074_230_26	6bcc8b16059946896f8b7e416a5de5b18404f10b	<font color=blue>Euwin</font> I told you, they say\nGeneral Ricardo himself is the\npower of the emissary. Unlike\nGivel, I've hardly heard any\nrumors about them.	machine	gemma-4-31B-it/qat-UD-Q4_K_XL/v2+story-v1/llama.cpp-b11443/t0	2026-10-07		
2074_230_27	de0fa9acf9105c2dc85858eb11b0244c7332f374	All I know about Rubarika's\n"Emissary of Daftes" is that\ntheir name is <font color=yellow>Elaine</font>.	machine	gemma-4-31B-it/qat-UD-Q4_K_XL/v2+story-v1/llama.cpp-b11443/t0	2026-10-07		
2074_230_28	a27752a854704bb2a27982cea6e0a345da0ba95d	<font color=blue>Tika</font> What?	machine	gemma-4-31B-it/qat-UD-Q4_K_XL/v2+story-v1/llama.cpp-b11443/t0	2026-10-07		
2074_230_29	51e1de0db21e0e1f4baf91739692717a79d1fd9d	What's wrong?	machine	gemma-4-31B-it/qat-UD-Q4_K_XL/v2+story-v1/llama.cpp-b11443/t0	2026-10-07		
2074_230_30	d858a55ade7bf9db8afb65cf931a0ccbe473d94a	O-oh, nothing. It's just that\nElaine is the same name as my\nmother's, so I was a little\nsurprised.	machine	gemma-4-31B-it/qat-UD-Q4_K_XL/v2+story-v1/llama.cpp-b11443/t0	2026-10-07		
2074_230_31	3098dad424a719be08afd6a9a4136a2f5f564191	...I wonder if there's a\nconnection. After everything\nthat's happened, I'm starting to\nthink everything is a sign.	machine	gemma-4-31B-it/qat-UD-Q4_K_XL/v2+story-v1/llama.cpp-b11443/t0	2026-10-07		
2074_230_32	e4d91f2f18d87fb32b54b3eccefdaaeabf925887	Maybe Tika's mother also\nended up in this era in some\nstrange way because of the\naccident Tika encountered in\nthe future.	machine	gemma-4-31B-it/qat-UD-Q4_K_XL/v2+story-v1+fix/llama.cpp-b11443/t0	2026-10-07		
2074_230_33	181a2ef5bd732c7d33382fa074d9dd1e5f8bdbf2	But my mom is just a regular\nhousewife. Even if she came to\nthe past, she couldn't spread\ntechnology like the "Emissary's\nLight Arrow."	machine	gemma-4-31B-it/qat-UD-Q4_K_XL/v2+story-v1/llama.cpp-b11443/t0	2026-10-07		
2074_230_34	52568eca492e762bee462c704f1bcac197203886	And she's not close with\nGeneral Ricardo. My mom gets\nreally nervous around people\nlike that... so I don't think that's\nit.	machine	gemma-4-31B-it/qat-UD-Q4_K_XL/v2+story-v1/llama.cpp-b11443/t0	2026-10-07		
2074_230_35	7a2137e5e58316edaba1241c1ebbf162847b17c7	Hahaha, when a child puts you\nin your place like that, there's\nno arguing.	machine	gemma-4-31B-it/qat-UD-Q4_K_XL/v2+story-v1/llama.cpp-b11443/t0	2026-10-07		
2074_230_36	930849810fbb0d7522a68ee8bb92cd0bd154b5cc	But... she's such a kind mother.	machine	gemma-4-31B-it/qat-UD-Q4_K_XL/v2+story-v1/llama.cpp-b11443/t0	2026-10-07		
2074_230_37	7ad3dff722dea5224044a40f0325df8cfd64774d	If she's safe, I don't want her\nto be in a place like this. I'm\nsure she'd be terrified.	machine	gemma-4-31B-it/qat-UD-Q4_K_XL/v2+story-v1/llama.cpp-b11443/t0	2026-10-07		
2074_230_38	c144c3ab919b10858cf947a1eb425325d7fdfdea	That may not be the case.	machine	gemma-4-31B-it/qat-UD-Q4_K_XL/v2+story-v1/llama.cpp-b11443/t0	2026-10-07		
2074_230_39	5590ff8011105dbc9611adfe36ab2f63edc164d3	Huh?	machine	gemma-4-31B-it/qat-UD-Q4_K_XL/v2+story-v1/llama.cpp-b11443/t0	2026-10-07		
2074_230_40	e38bb347cc7021e0edbb1541a944e16a93d1c2e8	It seems that parents can\novercome any hardship when it\ncomes to their children.	machine	gemma-4-31B-it/qat-UD-Q4_K_XL/v2+story-v1/llama.cpp-b11443/t0	2026-10-07		
2074_230_41	d857866022c2c256426be4fbb6a1503f29a39914	Perhaps your mother is\nembarking on a journey across\ntime specifically to save you,\nMiss Tika.	machine	gemma-4-31B-it/qat-UD-Q4_K_XL/v2+story-v1/llama.cpp-b11443/t0	2026-10-07		
2074_230_42	5cd2a62f9ace6b43dd566ec604f587195686afdb	...Do you... really think so?	machine	gemma-4-31B-it/qat-UD-Q4_K_XL/v2+story-v1/llama.cpp-b11443/t0	2026-10-07		
2074_230_43	8af7635c77989e861d600cdd73abecd610d99dc0	I'd be so happy if I could find\nher somewhere...	machine	gemma-4-31B-it/qat-UD-Q4_K_XL/v2+story-v1/llama.cpp-b11443/t0	2026-10-07		
2074_230_44	54fedcf8ceb6cccf30cc46558d62c56d7aed2785	If this "Messenger" named\nElaine is indeed connected to\nyou, Tika, we will eventually\ncross paths.	machine	gemma-4-31B-it/qat-UD-Q4_K_XL/v2+story-v1/llama.cpp-b11443/t0	2026-10-07		
2074_230_45	0d60e86181c0b19953db5cfd4c444553a5e01a8e	...Oh.	machine	gemma-4-31B-it/qat-UD-Q4_K_XL/v2+story-v1/llama.cpp-b11443/t0	2026-10-07		
2074_230_46	2c354cb11f78f1195bc6bf303ed0f946fec41359	If she is your mother, you\nshould give her a big hug when\nyou do.	machine	gemma-4-31B-it/qat-UD-Q4_K_XL/v2+story-v1/llama.cpp-b11443/t0	2026-10-07		
2074_230_47	4a687f8776e73d4bec6393ab4fc2f489b1a746c5	And if she isn't... then you\nsimply continue moving forward\nfor the sake of future peace,\njust as you have been.	machine	gemma-4-31B-it/qat-UD-Q4_K_XL/v2+story-v1/llama.cpp-b11443/t0	2026-10-07		
2074_230_48	db63039875ce03aa07793e15110cbd7ba68f4455	We are here for you. There is\nnothing to be afraid of.	machine	gemma-4-31B-it/qat-UD-Q4_K_XL/v2+story-v1/llama.cpp-b11443/t0	2026-10-07		
2074_230_49	b6d3e4ca7893d9e7dc930ca2bc93437ea016b628	...Yeah. You're right... thank you.	machine	gemma-4-31B-it/qat-UD-Q4_K_XL/v2+story-v1/llama.cpp-b11443/t0	2026-10-07		
2074_230_50	ad6f92ae3e76cf0ffabd5c9d112369f9b91737f1	First, we must bring the Holy\nWar to an end. Let us move\nforward toward that goal\nwithout wavering.	machine	gemma-4-31B-it/qat-UD-Q4_K_XL/v2+story-v1/llama.cpp-b11443/t0	2026-10-07		
2074_230_51	099cab8df05d4d90a52ae1fea42080657cf0bd66	And for now, let us patiently\nawait the appearance of this\n"Masked Man" you speak of.	machine	gemma-4-31B-it/qat-UD-Q4_K_XL/v2+story-v1/llama.cpp-b11443/t0	2026-10-07		
2074_240_01	101520615fc9e5261c70c4f0574438537e9281f2	It's been three days already,\nand there's still no sign of that\nmasked man.	machine	gemma-4-31B-it/qat-UD-Q4_K_XL/v2+story-v1/llama.cpp-b11443/t0	2026-10-07		
2074_240_02	31aacd101c893c1b0d5347c6770bb7dce9dee4d0	He's only appeared within\nRubarika's territory so far, so\nmaybe it'll take a bit longer for\nhim to show up in Baschen's\nterritory.	machine	gemma-4-31B-it/qat-UD-Q4_K_XL/v2+story-v1/llama.cpp-b11443/t0	2026-10-07		
2074_240_03	632ec345ecec55b715bbf50d16f237e2d8f0a3fd	...Hm?	machine	gemma-4-31B-it/qat-UD-Q4_K_XL/v2+story-v1/llama.cpp-b11443/t0	2026-10-07		
2074_240_04	6fb35a6d86d748f896cb9b636f945e128e4f725e	Whoops. Mmm... alright.	machine	gemma-4-31B-it/qat-UD-Q4_K_XL/v2+story-v1/llama.cpp-b11443/t0	2026-10-07		
2074_240_05	448bc5eeff527a049d13710ae780f323e1d329ba	<font color=blue>Karlyn</font> Go ahead.	machine	gemma-4-31B-it/qat-UD-Q4_K_XL/v2+story-v1/llama.cpp-b11443/t0	2026-10-07		
2074_240_06	c27833a37e46be599f257860a849927823a2ec74	<font color=blue>Henri</font> Grrr...	machine	gemma-4-31B-it/qat-UD-Q4_K_XL/v2+story-v1/llama.cpp-b11443/t0	2026-10-07		
2074_240_07	2cb63fdd6b9e9dee2fae835ec60bdaa1adf83b40	<font color=blue>Beast Witch</font> Excuse me! Orders\nhave arrived from the Imperial\nCapital for each of the\nfront-line units!	machine	gemma-4-31B-it/qat-UD-Q4_K_XL/v2+story-v1/llama.cpp-b11443/t0	2026-10-07		
2074_240_08	890b93a98c3a6d64e9edb9a6597dc203689bc784	<font color=blue>Karlyn</font> Orders? May I see\nthem?	machine	gemma-4-31B-it/qat-UD-Q4_K_XL/v2+story-v1/llama.cpp-b11443/t0	2026-10-07		
2074_240_09	049707c426b3721b1424009077bcb032996ec735	<font color=blue>Henri</font> Grrr...?	machine	gemma-4-31B-it/qat-UD-Q4_K_XL/v2+story-v1/llama.cpp-b11443/t0	2026-10-07		
2074_240_10	a69c259b6fcc0a955d0f7a19744c274e63f80cf8	<font color=blue>Karlyn</font> ...A new unit is coming\nfrom the Imperial Capital?	machine	gemma-4-31B-it/qat-UD-Q4_K_XL/v2+story-v1/llama.cpp-b11443/t0	2026-10-07		
2074_240_11	4cda63521813fee0b2db3c8d19ad1f0eafb7f46e	<font color=blue>Beast Witch</font> Yes. Apparently,\nit's to gain an advantage in the\nland battles now that Lord\nGivel has moved to command\nthe navy...	machine	gemma-4-31B-it/qat-UD-Q4_K_XL/v2+story-v1/llama.cpp-b11443/t0	2026-10-07		
2074_240_12	4b7c436dc9d9915c6fd46464da146bd04be90b32	<font color=blue>Karlyn</font> I see. When is this new\nunit expected to arrive here in\nKorurine?	machine	gemma-4-31B-it/qat-UD-Q4_K_XL/v2+story-v1/llama.cpp-b11443/t0	2026-10-07		
2074_240_13	4f720d02700d88ff735d96e1f3c4b8a5f6886ea3	<font color=blue>Beast Witch</font> Well, the thing is,\nLord Givel's orders only stated\nthat they would appear when\nthe time is right. No march plan\nor anything of the sort was\nincluded.	machine	gemma-4-31B-it/qat-UD-Q4_K_XL/v2+story-v1/llama.cpp-b11443/t0	2026-10-07		
2074_240_14	7456ca68d669923b36afb296cefde885c328da37	<font color=blue>Beast Witch</font> ...Um, Lady Karlyn.\nAre you sure it's alright not to\nnotify the Imperial Capital that\nyou've returned?	machine	gemma-4-31B-it/qat-UD-Q4_K_XL/v2+story-v1/llama.cpp-b11443/t0	2026-10-07		
2074_240_15	46fe505b1bb4477de57e4bb8db4af9e94ba1e29b	<font color=blue>Karlyn</font> I will not bother Lord\nGivel with trivial reports while\nhe is occupied fighting\nRubarika's "emissaries." I shall\nreport when it becomes\nnecessary.	machine	gemma-4-31B-it/qat-UD-Q4_K_XL/v2+story-v1/llama.cpp-b11443/t0	2026-10-07		
2074_240_16	4863c17120dfbae0a8c3fb578b7ce833a1c0fd5a	Just keep me informed of\nevery detail regarding this new\nunit... You may leave.	machine	gemma-4-31B-it/qat-UD-Q4_K_XL/v2+story-v1/llama.cpp-b11443/t0	2026-10-07		
2074_240_17	4bffc08d7375e92f48fa4399ba0506e99ee324af	<font color=blue>Beast Witch</font> Y... Yes, excuse\nme.	machine	gemma-4-31B-it/qat-UD-Q4_K_XL/v2+story-v1/llama.cpp-b11443/t0	2026-10-07		
2074_240_18	b5fababca1221ea55913d3ce978ec2883f706e04	<font color=blue>Karlyn</font> A new unit from the\nImperial Capital... I wonder if\nTika's plan was too naive after\nall.	machine	gemma-4-31B-it/qat-UD-Q4_K_XL/v2+story-v1/llama.cpp-b11443/t0	2026-10-07		
2074_240_19	130cbbabd6fcab0a27be8b339bef7e1287e11a85	<font color=blue>Henri</font> Grrr... If worst comes to\nworst, we still have the\nteleportation containment.	machine	gemma-4-31B-it/qat-UD-Q4_K_XL/v2+story-v1/llama.cpp-b11443/t0	2026-10-07		
2074_240_20	5697506e21bebc80cae6f91d5351382a7f7eb350	Neither Valka nor I have\nreceived any special\ncommunication from the\ncaptains. Waiting until the last\npossible moment shouldn't be a\nproblem...	machine	gemma-4-31B-it/qat-UD-Q4_K_XL/v2+story-v1/llama.cpp-b11443/t0	2026-10-07		
2074_240_21	825a43f5654b2ca26640e95d7a87d7a6c52b5fb0	Hm.	machine	gemma-4-31B-it/qat-UD-Q4_K_XL/v2+story-v1/llama.cpp-b11443/t0	2026-10-07		
2074_240_22	a65449f8f2c90512625956eea5a071f840e98129	E-excuse me! I've\nreceived a report from the\nguards on perimeter watch\nthat there are intruders in\nKorurine!	machine	gemma-4-31B-it/qat-UD-Q4_K_XL/v2+story-v1/llama.cpp-b11443/t0	2026-10-07		prefix (en-prefix 2026-10-08): removed the engine's speaker prefix "Beast Witch: "
2074_240_24	4fb913fe4e520263376373bab163af8975f31a25	Grrr...!	machine	gemma-4-31B-it/qat-UD-Q4_K_XL/v2+story-v1/llama.cpp-b11443/t0	2026-10-07		
2074_240_25	99083315bc8570789bfba7dff6fb26e0c053479d	Also, I am terribly\nsorry! We've currently lost\nsight of the intruders! T-that\nshouldn't even be possible...!	machine	gemma-4-31B-it/qat-UD-Q4_K_XL/v2+story-v1/llama.cpp-b11443/t0	2026-10-07		prefix (en-prefix 2026-10-08): removed the engine's speaker prefix "Beast Witch: "
2074_240_26	04921ec7df177b339ab907beaf8e9dee4f19ac2b	A-anyway, there's\na possibility that Rubarika\nsoldiers have sneaked into the\nvillage of Korurine! I will handle\nLady Karlyn's escort...	machine	gemma-4-31B-it/qat-UD-Q4_K_XL/v2+story-v1/llama.cpp-b11443/t0	2026-10-07		prefix (en-prefix 2026-10-08): removed the engine's speaker prefix "Beast Witch: "
2074_240_27	619b78228b7584104e305f1fe18527a0c86d7aec	...Sigh.	machine	gemma-4-31B-it/qat-UD-Q4_K_XL/v2+story-v1/llama.cpp-b11443/t0	2026-10-07		
2074_240_28	f82351a419fec95883d0d35aa506572fc4c0feb5	Lady Karlyn!?	machine	gemma-4-31B-it/qat-UD-Q4_K_XL/v2+story-v1/llama.cpp-b11443/t0	2026-10-07		prefix (en-prefix 2026-10-08): removed the engine's speaker prefix "Beast Witch: "
2074_240_29	3c73669a3038ebf1dbbf3af1b1859647fa162cca	I'll be fine. I already have a\nperfectly capable guard here,\nso you go help search for that\nintruder.	machine	gemma-4-31B-it/qat-UD-Q4_K_XL/v2+story-v1/llama.cpp-b11443/t0	2026-10-07		
2074_240_30	199e7a3bbf46d2df93450356701ac5d0d0189467	I'm not someone who can be\ntaken down by a mere\nRubarika soldier.	machine	gemma-4-31B-it/qat-UD-Q4_K_XL/v2+story-v1/llama.cpp-b11443/t0	2026-10-07		
2074_240_31	b7e7151e47cc8bc050421b38178bb02bdee33f57	Now, go!	machine	gemma-4-31B-it/qat-UD-Q4_K_XL/v2+story-v1/llama.cpp-b11443/t0	2026-10-07		
2074_240_32	29f5bf42333579752da992713e50272e64ddd62e	Y-yes, ma'am!	machine	gemma-4-31B-it/qat-UD-Q4_K_XL/v2+story-v1/llama.cpp-b11443/t0	2026-10-07		prefix (en-prefix 2026-10-08): removed the engine's speaker prefix "Beast Witch: "
2074_240_33	ea9ea883bf628c0178428a2e9a46da99cec652ec	...Speak of the devil.	machine	gemma-4-31B-it/qat-UD-Q4_K_XL/v2+story-v1/llama.cpp-b11443/t0	2026-10-07		
2074_240_34	5021e81e76768112cea6c56812c608a7f34d7df4	Well then, shall we begin\npreparations for withdrawal?	machine	gemma-4-31B-it/qat-UD-Q4_K_XL/v2+story-v1/llama.cpp-b11443/t0	2026-10-07		
2074_250_02	7df542bf26c64c030f1092ba3d04875474a56d72	He... he actually came...	machine	gemma-4-31B-it/qat-UD-Q4_K_XL/v2+story-v1/llama.cpp-b11443/t0	2026-10-07		
2074_250_03	b0c19351473948a76d109c56663753236bf9a0c3	You... you little\nbrat, Rakstar! You've got some\nnerve pulling a stunt like that!\nThanks to you lot, everything's\nbeen thrown into chaos!	machine	gemma-4-31B-it/qat-UD-Q4_K_XL/v2+story-v1/llama.cpp-b11443/t0	2026-10-07		prefix (en-prefix 2026-10-08): removed the engine's speaker prefix "Masked Man: "
2074_250_04	3c719acddf3330a7041117414631c01375422e21	That was the plan.	machine	gemma-4-31B-it/qat-UD-Q4_K_XL/v2+story-v1/llama.cpp-b11443/t0	2026-10-07		
2074_250_05	074483a254bd0af209c3803704ffb401953e83b6	It was my idea! Big brother\nEuwin didn't do anything wrong!	machine	gemma-4-31B-it/qat-UD-Q4_K_XL/v2+story-v1/llama.cpp-b11443/t0	2026-10-07		
2074_250_06	6642889c0109adcb3a2814184b4dcb8ae2e9e632	...!	machine	gemma-4-31B-it/qat-UD-Q4_K_XL/v2+story-v1/llama.cpp-b11443/t0	2026-10-07		prefix (en-prefix 2026-10-08): removed the engine's speaker prefix "Masked Man: "
2074_250_07	f36d8924270a0253f4c81a8291ddc0a255c993d8	We just wanted to see you.	machine	gemma-4-31B-it/qat-UD-Q4_K_XL/v2+story-v1/llama.cpp-b11443/t0	2026-10-07		
2074_250_08	cc6acae5f84d7ef564aff78c73e58189d15a5d05	We didn't have any other\nchoice! Please, just listen to us!	machine	gemma-4-31B-it/qat-UD-Q4_K_XL/v2+story-v1/llama.cpp-b11443/t0	2026-10-07		
2074_250_09	16505ac13f7cef4191817432bf4fdeae524d3efa	...Still, why did\nyou have to bring me to a\nplace this heavily guarded...\nDammit!	machine	gemma-4-31B-it/qat-UD-Q4_K_XL/v2+story-v1/llama.cpp-b11443/t0	2026-10-07		prefix (en-prefix 2026-10-08): removed the engine's speaker prefix "Masked Man: "
2074_250_10	964992c63962b46da2c530adcd8310a5046739a1	Please. I want to ask you about\nthe collar you used on Sister\nKarlyn.	machine	gemma-4-31B-it/qat-UD-Q4_K_XL/v2+story-v1/llama.cpp-b11443/t0	2026-10-07		
2074_250_11	81bdcc384ca82d2edb4e478266c98dab75b7df43	There's a place we want you to\ngo with us...	machine	gemma-4-31B-it/qat-UD-Q4_K_XL/v2+story-v1/llama.cpp-b11443/t0	2026-10-07		
2074_250_12	3e7a113fd3e77c51f619467ed0f74f4fe3990535	Fine, fine. I'll tell\nyou what I can. But not here!	machine	gemma-4-31B-it/qat-UD-Q4_K_XL/v2+story-v1/llama.cpp-b11443/t0	2026-10-07		prefix (en-prefix 2026-10-08): removed the engine's speaker prefix "Masked Man: "
2074_250_13	3bd546a3ff998609cba0093046a155025fe79347	Hey! You woman\nhiding there with the weapon!\nStop sneaking around and\nshow yourself!	machine	gemma-4-31B-it/qat-UD-Q4_K_XL/v2+story-v1/llama.cpp-b11443/t0	2026-10-07		prefix (en-prefix 2026-10-08): removed the engine's speaker prefix "Masked Man: "
2074_250_14	7981773e736b41afc1b03f54440a462ecb1d2df1	You really think\nyou're hidden with that\npathetic excuse for a cloak!	machine	gemma-4-31B-it/qat-UD-Q4_K_XL/v2+story-v1/llama.cpp-b11443/t0	2026-10-07		prefix (en-prefix 2026-10-08): removed the engine's speaker prefix "Masked Man: "
2074_250_15	d0266993ffce130079272ddd5c92354a296e6d59	What!?	machine	gemma-4-31B-it/qat-UD-Q4_K_XL/v2+story-v1/llama.cpp-b11443/t0	2026-10-07		
2074_250_16	0325f7f2d0c768e7d9d09bc2d55da2be6d9cdc26	What!?	machine	gemma-4-31B-it/qat-UD-Q4_K_XL/v2+story-v1/llama.cpp-b11443/t0	2026-10-07		
2074_250_17	88cc0c75145af3d6d31212d2b19d6821f8034849	H-he can see through my\ninvisibility!?	machine	gemma-4-31B-it/qat-UD-Q4_K_XL/v2+story-v1/llama.cpp-b11443/t0	2026-10-07		
2074_250_18	a6b75ac5877d112ff4e1ba20c04cacfa3b06e069	I've got a pretty\ngood idea of what you lot are\nup to! Anyway, let's just get\nTika out of here already!!	machine	gemma-4-31B-it/qat-UD-Q4_K_XL/v2+story-v1/llama.cpp-b11443/t0	2026-10-07		prefix (en-prefix 2026-10-08): removed the engine's speaker prefix "Masked Man: "
2074_250_19	56f51c1d6b3e3d2c8589689245358e8b40cebd02	Um... how do you know who I\nam? And why are you trying to\nprotect me?	machine	gemma-4-31B-it/qat-UD-Q4_K_XL/v2+story-v1/llama.cpp-b11443/t0	2026-10-07		
2074_250_20	678db0534a646c6e353c5a9a4b2998f3c955eff0	...You really have\nno clue, do you?	machine	gemma-4-31B-it/qat-UD-Q4_K_XL/v2+story-v1/llama.cpp-b11443/t0	2026-10-07		prefix (en-prefix 2026-10-08): removed the engine's speaker prefix "Masked Man: "
2074_250_21	5b8d7982954d221e2bcfa23514aa448bec1dd919	Huh?	machine	gemma-4-31B-it/qat-UD-Q4_K_XL/v2+story-v1/llama.cpp-b11443/t0	2026-10-07		
2074_250_22	28cbb6c1c03d0bb03edd34f6abead4b0443a4e04	Never mind. Let's\njust get out of here.	machine	gemma-4-31B-it/qat-UD-Q4_K_XL/v2+story-v1/llama.cpp-b11443/t0	2026-10-07		prefix (en-prefix 2026-10-08): removed the engine's speaker prefix "Masked Man: "
2074_250_23	cbd92395b60098ab3507ee272d24f2b730c0e0a0	Hey, Rakstar, you\nbrat! Where are Karlyn Kayson\nand that werewolf Daftes!\nThey're nearby, right!?	machine	gemma-4-31B-it/qat-UD-Q4_K_XL/v2+story-v1/llama.cpp-b11443/t0	2026-10-07		prefix (en-prefix 2026-10-08): removed the engine's speaker prefix "Masked Man: "
2074_250_24	8bcd281be7d333863696c3250a63399c3c4ec979	Wait! How do you know about\nHenri too?	machine	gemma-4-31B-it/qat-UD-Q4_K_XL/v2+story-v1/llama.cpp-b11443/t0	2026-10-07		
2074_250_25	7b29c354ee722dd133d9c22794ec185e20002390	There's no way you've ever\nmet Henri...	machine	gemma-4-31B-it/qat-UD-Q4_K_XL/v2+story-v1/llama.cpp-b11443/t0	2026-10-07		
2074_250_26	f4d1958d3340b9669c532a4f634250e834ff2191	I told you we'll\ntalk later!	machine	gemma-4-31B-it/qat-UD-Q4_K_XL/v2+story-v1/llama.cpp-b11443/t0	2026-10-07		prefix (en-prefix 2026-10-08): removed the engine's speaker prefix "Masked Man: "
2074_250_27	1cbbb54b4cbc2a823e1bc01f22a85cd5c1a8fc19	Listen! Everything\nI have is borrowed!!	machine	gemma-4-31B-it/qat-UD-Q4_K_XL/v2+story-v1/llama.cpp-b11443/t0	2026-10-07		prefix (en-prefix 2026-10-08): removed the engine's speaker prefix "Masked Man: "
2074_250_28	3a863a1571332919e15f6fcebce8c8c9e738d457	The mechanism\nof the Witch's Collar, the\nSymbology inside―I don't\nunderstand a single thing\nabout it! It's all borrowed!	machine	gemma-4-31B-it/qat-UD-Q4_K_XL/v2+story-v1/llama.cpp-b11443/t0	2026-10-07		prefix (en-prefix 2026-10-08): removed the engine's speaker prefix "Masked Man: "
2074_250_29	de540c9e494bd4c674c175031addb65c8202248d	Damn it, I'm not\nletting myself get tripped up\nhere!	machine	gemma-4-31B-it/qat-UD-Q4_K_XL/v2+story-v1/llama.cpp-b11443/t0	2026-10-07		prefix (en-prefix 2026-10-08): removed the engine's speaker prefix "Masked Man: "
2074_250_30	b3e768030040e86fb014eba3a15e50b1d6bfafdb	Hey, you\nlistening, Coro! You piece of\njunk AI! Get everyone aboard\nthe ship, now!	machine	gemma-4-31B-it/qat-UD-Q4_K_XL/v2+story-v1/llama.cpp-b11443/t0	2026-10-07		prefix (en-prefix 2026-10-08): removed the engine's speaker prefix "Masked Man: "
2074_250_31	1ae12c627812369515fd8294945a71518521c288	"Huh!? H-how do you know my\nname...!?"	machine	gemma-4-31B-it/qat-UD-Q4_K_XL/v2+story-v1/llama.cpp-b11443/t0	2026-10-07		
2074_250_32	0b2539a40c5c5a037e884681fe854a8c714fa1a9	Who on earth are you...!	machine	gemma-4-31B-it/qat-UD-Q4_K_XL/v2+story-v1/llama.cpp-b11443/t0	2026-10-07		
2074_250_33	2237ca28ed4de1b05f680beef072a92ac160122b	Hm... what is this! An abnormal\nSymbology reaction is\napproaching!	machine	gemma-4-31B-it/qat-UD-Q4_K_XL/v2+story-v1/llama.cpp-b11443/t0	2026-10-07		
2074_250_34	de8288928edb5ac1bf9be20855aa698441f37519	Detecting the approach of a\nlifeform containing immense\nSymbology power! Coro! Initiate\ntransport and containment!	machine	gemma-4-31B-it/qat-UD-Q4_K_XL/v2+story-v1/llama.cpp-b11443/t0	2026-10-07		
2074_250_35	41ed25e7bdd3e2386d5025c8b85d5f64249b8faa	"Ah, uh, um... wait!?\nS-something's wrong! I can't\nlock onto any of you!"	machine	gemma-4-31B-it/qat-UD-Q4_K_XL/v2+story-v1/llama.cpp-b11443/t0	2026-10-07		
2074_250_36	474ef99242967a7308876376943e398c90e86aea	Damn, just as I\nthought... Here it comes!	machine	gemma-4-31B-it/qat-UD-Q4_K_XL/v2+story-v1/llama.cpp-b11443/t0	2026-10-07		prefix (en-prefix 2026-10-08): removed the engine's speaker prefix "Masked Man: "
2074_250_37	4268a76b9002d7134523dc47ba411b1a1697a3d1	Ah... aaaaaah...	machine	gemma-4-31B-it/qat-UD-Q4_K_XL/v2+story-v1/llama.cpp-b11443/t0	2026-10-07		prefix (en-prefix 2026-10-08): removed the engine's speaker prefix "Beast Witch: "
2074_250_38	1dc52fd3c5912e883de554ed44bdd15c3eebd7e3	Is that... the Beast Witch?	machine	gemma-4-31B-it/qat-UD-Q4_K_XL/v2+story-v1/llama.cpp-b11443/t0	2026-10-07		
2074_250_39	80ad6997de0dd41b4ae4993550b893969905ebef	Something's wrong with her!	machine	gemma-4-31B-it/qat-UD-Q4_K_XL/v2+story-v1/llama.cpp-b11443/t0	2026-10-07		
2074_250_40	14354614505217a8a4ac38186d856f09b8b80b4e	Aaaaaaaaaah!!	machine	gemma-4-31B-it/qat-UD-Q4_K_XL/v2+story-v1/llama.cpp-b11443/t0	2026-10-07		prefix (en-prefix 2026-10-08): removed the engine's speaker prefix "Beast Witch: "
2074_250_41	5399adb896cb5dc81ae37d1fffcd873f9b06695f	Damn it... that\npiece of junk AI!	machine	gemma-4-31B-it/qat-UD-Q4_K_XL/v2+story-v1/llama.cpp-b11443/t0	2026-10-07		prefix (en-prefix 2026-10-08): removed the engine's speaker prefix "Masked Man: "
2074_250_42	fc7dec5f6c16f856c6bbdd42b5a5328633fea8f8	Who on earth is that... is she\nanother "Beast of Baschen"\ntoo!?	machine	gemma-4-31B-it/qat-UD-Q4_K_XL/v2+story-v1/llama.cpp-b11443/t0	2026-10-07		
2074_250_43	abbe09848f94f6ede8a0106dfbb8506a0946d45d	Don't be stupid.\nThere's no way a "Beast" like\nthat exists... We're leaving!	machine	gemma-4-31B-it/qat-UD-Q4_K_XL/v2+story-v1/llama.cpp-b11443/t0	2026-10-07		prefix (en-prefix 2026-10-08): removed the engine's speaker prefix "Masked Man: "
2074_250_44	d0266993ffce130079272ddd5c92354a296e6d59	What!?	machine	gemma-4-31B-it/qat-UD-Q4_K_XL/v2+story-v1/llama.cpp-b11443/t0	2026-10-07		
2074_250_45	d4ef2b53ed426b0bfe58b6db52355cdcf9d5b7fa	If you mess\naround with her, you'll end up\nwith more than just a few\nscratches! First, we regroup\nwith that witch! Until then,\nprotect Tika with your life!	machine	gemma-4-31B-it/qat-UD-Q4_K_XL/v2+story-v1/llama.cpp-b11443/t0	2026-10-07		prefix (en-prefix 2026-10-08): removed the engine's speaker prefix "Masked Man: "
2074_260_01	51ff3ad389edb5374dbcfb64057c8f2b182d6c03	Tika! You're safe!	machine	gemma-4-31B-it/qat-UD-Q4_K_XL/v2+story-v1/llama.cpp-b11443/t0	2026-10-07		
2074_260_02	157dfe291039280b9f8e9222a5c5e5f41218956c	Oh, good! You're safe too,\nKarlyn! I'm so glad!	machine	gemma-4-31B-it/qat-UD-Q4_K_XL/v2+story-v1/llama.cpp-b11443/t0	2026-10-07		
2074_260_03	4d975cefa69995013557c92af59d860d53ea9cac	Euwin! Valka! Rekoro! I see\nyou've successfully linked up\nwith the masked man!	machine	gemma-4-31B-it/qat-UD-Q4_K_XL/v2+story-v1/llama.cpp-b11443/t0	2026-10-07		
2074_260_04	3332c356762ce79b4971780238d848dc360b60bc	The village is in terrible shape.\nThose six-winged creatures\nappeared out of nowhere and\nstarted rampaging; we can't\nget them under control!	machine	gemma-4-31B-it/qat-UD-Q4_K_XL/v2+story-v1/llama.cpp-b11443/t0	2026-10-07		
2074_260_05	96e4dcec2409a2d732ee334da36462457fdc8fa0	We saw them! Those are the\nforms the Beast Witches took\nwhen they transformed!	machine	gemma-4-31B-it/qat-UD-Q4_K_XL/v2+story-v1/llama.cpp-b11443/t0	2026-10-07		
2074_260_06	fa887249d5366aa7c4aa17875d15551ebd1701e4	W-what did you say!?	machine	gemma-4-31B-it/qat-UD-Q4_K_XL/v2+story-v1/llama.cpp-b11443/t0	2026-10-07		
2074_260_07	25205e494d814af6d01aedea3a6ad0dd6db4364a	We saw the witches transform!	machine	gemma-4-31B-it/qat-UD-Q4_K_XL/v2+story-v1/llama.cpp-b11443/t0	2026-10-07		
2074_260_08	448195fac3bcf9ea11f9297f618376309348bdec	I don't care about\nthat! You've come all this way\nand you still can't contain\nthem!?	machine	gemma-4-31B-it/qat-UD-Q4_K_XL/v2+story-v1/llama.cpp-b11443/t0	2026-10-07		prefix (en-prefix 2026-10-08): removed the engine's speaker prefix "Masked Man: "
2074_260_09	e6383a8bcad4400f1c050bfec4d3217ad0f94111	Well, the thing is, when the\nwitches transformed, the\nteleportation signals went\ncompletely haywire...	machine	gemma-4-31B-it/qat-UD-Q4_K_XL/v2+story-v1/llama.cpp-b11443/t0	2026-10-07		
2074_260_10	4fd1d489314183a6dfdcf082b06c23d5dbda7d92	Hey, Coro! What are you doing\nwhile Eu and the others are in\ndanger!?	machine	gemma-4-31B-it/qat-UD-Q4_K_XL/v2+story-v1/llama.cpp-b11443/t0	2026-10-07		
2074_260_11	13c4587fcb59ecb657312403e901139548411587	I'll go! Let me down right now!	machine	gemma-4-31B-it/qat-UD-Q4_K_XL/v2+story-v1/llama.cpp-b11443/t0	2026-10-07		
2074_260_12	faf45f5eee677148074c95d7d2a8a5c8fa2d50c6	Hyaaaa!? Ms. Welch, please\nstop messing with the controls!	machine	gemma-4-31B-it/qat-UD-Q4_K_XL/v2+story-v1/llama.cpp-b11443/t0	2026-10-07		
2074_260_13	b329e3dc47d1c07f13bedda2ebcb95dddbd3aeca	Welch Vineyard!\nDon't come over here, you'll\nonly make things more\ntroublesome!!	machine	gemma-4-31B-it/qat-UD-Q4_K_XL/v2+story-v1/llama.cpp-b11443/t0	2026-10-07		prefix (en-prefix 2026-10-08): removed the engine's speaker prefix "Masked Man: "
2074_260_14	0648f78e999e3be78f25629c3f2d558713cb4c6f	Hey, witch! How\nmany Beast Witches were\nstationed in this village!	machine	gemma-4-31B-it/qat-UD-Q4_K_XL/v2+story-v1/llama.cpp-b11443/t0	2026-10-07		prefix (en-prefix 2026-10-08): removed the engine's speaker prefix "Masked Man: "
2074_260_15	e99883ddf330ec5ce628c0d68e116a984afa0c16	T-there shouldn't be ten... But,\nbut what on earth is that...\nWhat happened to those\nchildren?	machine	gemma-4-31B-it/qat-UD-Q4_K_XL/v2+story-v1/llama.cpp-b11443/t0	2026-10-07		
2074_260_16	04cec487e6922450ec7f281e7be97dd58d556309	The Crown Prince\nof Baschen wanted new power\nfrom that idiot Givel to destroy\nRubarika.	machine	gemma-4-31B-it/qat-UD-Q4_K_XL/v2+story-v1/llama.cpp-b11443/t0	2026-10-07		prefix (en-prefix 2026-10-08): removed the engine's speaker prefix "Masked Man: "
2074_260_17	2c22733850dc1c91f37c8abd3aec5e9c99af5aae	That bastard\nGivel accepted it and deployed\nthem to the Rubarika front.	machine	gemma-4-31B-it/qat-UD-Q4_K_XL/v2+story-v1/llama.cpp-b11443/t0	2026-10-07		prefix (en-prefix 2026-10-08): removed the engine's speaker prefix "Masked Man: "
2074_260_18	4bb69a6efafd1b2d9ff02cc4e8d0e5408bd79faa	That's what I've\nheard... You probably received\nan order saying a new unit was\nbeing formed, right?	machine	gemma-4-31B-it/qat-UD-Q4_K_XL/v2+story-v1/llama.cpp-b11443/t0	2026-10-07		prefix (en-prefix 2026-10-08): removed the engine's speaker prefix "Masked Man: "
2074_260_19	76c814ceddb816615968dd35df55ef4447f733ae	I did receive one... but you're\nsaying this is what it was for!?	machine	gemma-4-31B-it/qat-UD-Q4_K_XL/v2+story-v1/llama.cpp-b11443/t0	2026-10-07		
2074_260_20	6da822912c5663c203935bc88109ed702523c4e7	"When the time comes"... the\nBeast Witches... turned into\nthose things...	machine	gemma-4-31B-it/qat-UD-Q4_K_XL/v2+story-v1/llama.cpp-b11443/t0	2026-10-07		
2074_260_21	71a67dca512f670f6ae2563a78557a3c60819563	Why, why would anyone do\nthis!!	machine	gemma-4-31B-it/qat-UD-Q4_K_XL/v2+story-v1/llama.cpp-b11443/t0	2026-10-07		
2074_260_22	fcba9dc97d2275597a1ca3bce99bbd689193e2c5	This Givel... to treat not only\nmy kin, but the people of this\nland as mere pawns...	machine	gemma-4-31B-it/qat-UD-Q4_K_XL/v2+story-v1/llama.cpp-b11443/t0	2026-10-07		
2074_260_23	4ea47fe3af74fbcc9f12fd3e14f3b1495f63877c	He seems to be a far more\ndangerous individual than the\nrumors suggested.	machine	gemma-4-31B-it/qat-UD-Q4_K_XL/v2+story-v1/llama.cpp-b11443/t0	2026-10-07		
2074_260_24	d6333c33235dd2d5b43af345b9f1d431b84c6456	That doesn't matter right now!\nHow are we going to ensure\nTika's safety!	machine	gemma-4-31B-it/qat-UD-Q4_K_XL/v2+story-v1/llama.cpp-b11443/t0	2026-10-07		
2074_260_25	672a9f198aadfbc12e5058525d606b195df82552	...You're Rekoro,\nright? I've got some bad news.\nIf you want them teleported\nback, your only choice is to\nwipe out those witches who've\nturned into monsters.	machine	gemma-4-31B-it/qat-UD-Q4_K_XL/v2+story-v1/llama.cpp-b11443/t0	2026-10-07		prefix (en-prefix 2026-10-08): removed the engine's speaker prefix "Masked Man: "
2074_260_26	63150e8ef1c59d0eebf58f78442bda78e4b9245a	What...!	machine	gemma-4-31B-it/qat-UD-Q4_K_XL/v2+story-v1/llama.cpp-b11443/t0	2026-10-07		
2074_260_27	2b99a7ffcb8191220774d92865627c13fd396a53	Apparently, the\nGem power they're emitting is\nwarping space. The only way to\nstop it is to take out the\nsource.	machine	gemma-4-31B-it/qat-UD-Q4_K_XL/v2+story-v1/llama.cpp-b11443/t0	2026-10-07		prefix (en-prefix 2026-10-08): removed the engine's speaker prefix "Masked Man: "
2074_260_28	9a012251c453ded9cfaa2ddd879a7f18c828fd91	Isn't there any way to save\nthem!?	machine	gemma-4-31B-it/qat-UD-Q4_K_XL/v2+story-v1/llama.cpp-b11443/t0	2026-10-07		
2074_260_29	190fe89ce538c31f636cc737239d9f3d104f8748	Once they're like\nthat, there's nothing left to do\nbut kill 'em.	machine	gemma-4-31B-it/qat-UD-Q4_K_XL/v2+story-v1/llama.cpp-b11443/t0	2026-10-07		prefix (en-prefix 2026-10-08): removed the engine's speaker prefix "Masked Man: "
2074_260_30	9a00dca902fea3b5240f8d8ab5286f9c2cc43b81	No...!	machine	gemma-4-31B-it/qat-UD-Q4_K_XL/v2+story-v1/llama.cpp-b11443/t0	2026-10-07		
2074_260_31	d2058838d145b2d55c8154e57e23cbd6f07be47d	How much does Mista know\nabout the witches'\ntransformation? We cannot\nfight effectively unless that\ninformation is shared.	machine	gemma-4-31B-it/qat-UD-Q4_K_XL/v2+story-v1/llama.cpp-b11443/t0	2026-10-07		
2074_260_32	93f61944bb03988b72c3c313943cd873157b3357	...They're called\n"Exorcisers," supposedly.	machine	gemma-4-31B-it/qat-UD-Q4_K_XL/v2+story-v1/llama.cpp-b11443/t0	2026-10-07		prefix (en-prefix 2026-10-08): removed the engine's speaker prefix "Masked Man: "
2074_260_33	9b44718b6ad64772f976e054f47504f857e5b36f	"Exorcisers"?	machine	gemma-4-31B-it/qat-UD-Q4_K_XL/v2+story-v1/llama.cpp-b11443/t0	2026-10-07		
2074_260_34	0ad7cacf46b39ec288a0f2a9eb24a9c688b102a3	From what I've\nheard, that's Givel's true\nobjective for intervening in the\nHoly War.	machine	gemma-4-31B-it/qat-UD-Q4_K_XL/v2+story-v1/llama.cpp-b11443/t0	2026-10-07		prefix (en-prefix 2026-10-08): removed the engine's speaker prefix "Masked Man: "
2074_260_35	b441b2bd0e08d53604eeb3236c9756ba82cf0b6d	Who... who are you? How do\nyou know all this?	machine	gemma-4-31B-it/qat-UD-Q4_K_XL/v2+story-v1/llama.cpp-b11443/t0	2026-10-07		
2074_260_36	244a2f199ab5b4ccb0c64a63fb6f7843a311a115	What, Rakstar\nkid, you still haven't figured it\nout?	machine	gemma-4-31B-it/qat-UD-Q4_K_XL/v2+story-v1/llama.cpp-b11443/t0	2026-10-07		prefix (en-prefix 2026-10-08): removed the engine's speaker prefix "Masked Man: "
2074_260_37	a6bf8c17e7707260ef2ac1b615209c8a733c9ebd	In Rubarika, I'm known as\nRicardo Franz. Though my true\nname is something else\nentirely.	machine	gemma-4-31B-it/qat-UD-Q4_K_XL/v2+story-v1/llama.cpp-b11443/t0	2026-10-07		
2074_260_38	a566d4688366da39761a2335f79cee5e27e18741	You... you're General Ricardo?	machine	gemma-4-31B-it/qat-UD-Q4_K_XL/v2+story-v1/llama.cpp-b11443/t0	2026-10-07		
2074_260_39	97d54dfb4334eace03b12bf430974da4e920283b	...Why were you looking for me?	machine	gemma-4-31B-it/qat-UD-Q4_K_XL/v2+story-v1/llama.cpp-b11443/t0	2026-10-07		
2074_260_40	79391d84f62f9e7103b4a772a8929ff0f6fc7e71	To protect your life.	machine	gemma-4-31B-it/qat-UD-Q4_K_XL/v2+story-v1/llama.cpp-b11443/t0	2026-10-07		
2074_260_41	1f384519d574e221077f2632fcc17a2be6f5602a	I don't understand. How do you\nknow about me? I...	machine	gemma-4-31B-it/qat-UD-Q4_K_XL/v2+story-v1/llama.cpp-b11443/t0	2026-10-07		
2074_260_42	0087ae8f5a5cad40bad9150159bb776eb80290c2	You came from the future. Am\nI right?	machine	gemma-4-31B-it/qat-UD-Q4_K_XL/v2+story-v1/llama.cpp-b11443/t0	2026-10-07		
2074_260_44	7b9a5578cd389354f6d4affdf38708a17cbf46b0	General Ricardo, you...!	machine	gemma-4-31B-it/qat-UD-Q4_K_XL/v2+story-v1/llama.cpp-b11443/t0	2026-10-07		
2074_260_45	586cc27c70c2506b9c0da9541ed65f355ca2fc7b	If you want to know what lies\nahead, first you'll have to make\nit out of this village alive.	machine	gemma-4-31B-it/qat-UD-Q4_K_XL/v2+story-v1/llama.cpp-b11443/t0	2026-10-07		
2074_260_46	9f21feb03fcc5de12095fcadd5ff8b7aeb019de9	...Ooooooh...	machine	gemma-4-31B-it/qat-UD-Q4_K_XL/v2+story-v1/llama.cpp-b11443/t0	2026-10-07		
2074_260_47	2f80e399592692c815f0c7116f658ed37c763ff2	Ugh... W-when did they get\nhere?!	machine	gemma-4-31B-it/qat-UD-Q4_K_XL/v2+story-v1/llama.cpp-b11443/t0	2026-10-07		
2074_260_48	bc1a334687b72b9802632c408d09326860475efa	Do we... do we really have to\nfight?!	machine	gemma-4-31B-it/qat-UD-Q4_K_XL/v2+story-v1/llama.cpp-b11443/t0	2026-10-07		
2074_260_49	9345b2cf9355439ac7f7573d9576efe0a8bba56a	If you want to reach the future,\nyou do! Here they come!	machine	gemma-4-31B-it/qat-UD-Q4_K_XL/v2+story-v1/llama.cpp-b11443/t0	2026-10-07		
2074_270_01	cab048644aa831385912d8707b5f2c0c424d5359	It seems we've managed to\nsurvive...	machine	gemma-4-31B-it/qat-UD-Q4_K_XL/v2+story-v1/llama.cpp-b11443/t0	2026-10-07		
2074_270_02	e5fd8091816e4c117afdcad736ba02fce76cc4e4	...I can't believe this... how could\nthis happen!!	machine	gemma-4-31B-it/qat-UD-Q4_K_XL/v2+story-v1/llama.cpp-b11443/t0	2026-10-07		
2074_270_03	2a00e2ca63eb067d398f50a7c3225d3bfde4be25	Karlyn...	machine	gemma-4-31B-it/qat-UD-Q4_K_XL/v2+story-v1/llama.cpp-b11443/t0	2026-10-07		
2074_270_04	8243943ea3c03ffeec74a0ff4ca517dc43fd4ded	Unforgivable... absolutely\nunforgivable! Giverese! To do\nthis to the witches... to the\npeople of the Fox Soul...!!	machine	gemma-4-31B-it/qat-UD-Q4_K_XL/v2+story-v1/llama.cpp-b11443/t0	2026-10-07		
2074_270_05	9d04d146b5b8439b06276cb1cffe89fc7b3bb0e2	...Save that anger for a little\nlonger.	machine	gemma-4-31B-it/qat-UD-Q4_K_XL/v2+story-v1/llama.cpp-b11443/t0	2026-10-07		
2074_270_06	5d9c93342847bbf5a54b29d85986c49d570fbf75	The ladder will descend soon.\nWhen it does, you'll be forced\nto face him whether you like it\nor not.	machine	gemma-4-31B-it/qat-UD-Q4_K_XL/v2+story-v1/llama.cpp-b11443/t0	2026-10-07		
2074_270_07	3485066cc7b85efecd0fabd2414e950fe861b85e	What!? The ladder is\ndescending!?	machine	gemma-4-31B-it/qat-UD-Q4_K_XL/v2+story-v1/llama.cpp-b11443/t0	2026-10-07		
2074_270_08	fce7fb4997391d9f2aa04b20e89e3a9a39e987b3	Yeah. The real Holy War is\nabout to begin. Before that,\nwe're going to storm the Holy\nLand Asyl before Rubarika or\nBaschen can.	machine	gemma-4-31B-it/qat-UD-Q4_K_XL/v2+story-v1/llama.cpp-b11443/t0	2026-10-07		
2074_270_09	200f672ba5c65129a065989614a3cb466abf40bd	B-but how is that even\npossible...?	machine	gemma-4-31B-it/qat-UD-Q4_K_XL/v2+story-v1/llama.cpp-b11443/t0	2026-10-07		
2074_270_10	138eab61a3f68c74c0b58f1bbf5d72ec13cc7ead	Asyl surfaces from the sea\nbefore the ladder even\ndescends.	machine	gemma-4-31B-it/qat-UD-Q4_K_XL/v2+story-v1/llama.cpp-b11443/t0	2026-10-07		
2074_270_11	d9aabbeaaa83ada97516f6b90aa4faa844ca2ee7	What? I thought the ladder\nwas what summoned Asyl.	machine	gemma-4-31B-it/qat-UD-Q4_K_XL/v2+story-v1/llama.cpp-b11443/t0	2026-10-07		
2074_270_12	a7d5cd5aa07af4e25e286091f2e651dbbcf78ee7	That's not entirely wrong. But\nthe folks from Rubarika and\nBaschen just rely on\nunscientific observations and\nhearsay regarding the causality\nof it all.	machine	gemma-4-31B-it/qat-UD-Q4_K_XL/v2+story-v1/llama.cpp-b11443/t0	2026-10-07		
2074_270_13	9f5d7ae1bb3b600599f1d44910888cd3ea84c353	Apparently, once Asyl surfaces,\nit and the ladder exist in a\nstate of mutual resonance.	machine	gemma-4-31B-it/qat-UD-Q4_K_XL/v2+story-v1/llama.cpp-b11443/t0	2026-10-07		
2074_270_14	3172ef687383d575d5fc7036e53bd8561014f119	Either way, the brief window of\ntime that Asyl remains above\nthe sea...	machine	gemma-4-31B-it/qat-UD-Q4_K_XL/v2+story-v1/llama.cpp-b11443/t0	2026-10-07		
2074_270_15	acb0656e35f6d3a34e42d17131e93eea2d3831d9	That is the time we have to\nstop the Holy War.	machine	gemma-4-31B-it/qat-UD-Q4_K_XL/v2+story-v1/llama.cpp-b11443/t0	2026-10-07		
2074_270_16	ce12a6cae8dd52632e5352ee1f25cd1fbc7f49a7	Hey, you listening, Coro?! Get\nus back up to the ship, now!\nWe're warping straight onto\nAsyl!	machine	gemma-4-31B-it/qat-UD-Q4_K_XL/v2+story-v1/llama.cpp-b11443/t0	2026-10-07		
2075_300_01	76c616e5eb8dd6ca2270ef58eeeb377a49244adf	...Feels like I'm not exactly\nwelcome here, huh?	machine	gemma-4-31B-it/qat-UD-Q4_K_XL/v2+story-v1/llama.cpp-b11443/t0	2026-10-07		
2075_300_02	bd9744f2a976e23bbfb0305b931cdacb92a58f7f	If you actually thought you'd be\nwelcomed, you're way too\noptimistic.	machine	gemma-4-31B-it/qat-UD-Q4_K_XL/v2+story-v1/llama.cpp-b11443/t0	2026-10-07		
2075_300_03	0bc20789025cb236e6c606a79803c594a2ba08b6	Who on earth are you? You\nknow far too much about\neverything.	machine	gemma-4-31B-it/qat-UD-Q4_K_XL/v2+story-v1/llama.cpp-b11443/t0	2026-10-07		
2075_300_04	b77e16c310e286909c2d4db6e3af11cc1e714383	And you intend to keep that\nmask on even now?	machine	gemma-4-31B-it/qat-UD-Q4_K_XL/v2+story-v1/llama.cpp-b11443/t0	2026-10-07		
2075_300_05	7d38b48d4061edabc62341ab8835bdeca4a2c948	My scans aren't working. That\nmask and armor... they aren't\nDaftine-made, are they?	machine	gemma-4-31B-it/qat-UD-Q4_K_XL/v2+story-v1/llama.cpp-b11443/t0	2026-10-07		
2075_300_06	30f391c2d178967271aa28855c9404ce1e39428f	I can tell just by looking that\nthe Kingdom army emblem you\npossess is genuine. I am, after\nall, a member of the nobility.	machine	gemma-4-31B-it/qat-UD-Q4_K_XL/v2+story-v1/llama.cpp-b11443/t0	2026-10-07		
2075_300_07	a2e6cfb23ef26bb755a8f0ff4867716d4b17f160	However, there are far too\nmany strange things about you.\nYou'll answer all of our\nquestions, won't you?	machine	gemma-4-31B-it/qat-UD-Q4_K_XL/v2+story-v1/llama.cpp-b11443/t0	2026-10-07		
2075_300_08	74a1084700a4cf96ffa9ba30dc17b746e2682a0c	Good grief, they're really taking\nthis opportunity to grill me.	machine	gemma-4-31B-it/qat-UD-Q4_K_XL/v2+story-v1/llama.cpp-b11443/t0	2026-10-07		
2075_300_09	93ccd8a2b2f2d0c655ef71a3da3bdf119ee2f259	I'm not Tika's enemy. Shouldn't\nthat be enough for you\npeople?	machine	gemma-4-31B-it/qat-UD-Q4_K_XL/v2+story-v1/llama.cpp-b11443/t0	2026-10-07		
2075_300_10	b9b8d31f396efc2762ee9f467a8ef6b015499e12	Ugh, this is so complicated.	machine	gemma-4-31B-it/qat-UD-Q4_K_XL/v2+story-v1/llama.cpp-b11443/t0	2026-10-07		
2075_300_11	796516a1bfc52e37ee91a0c9c9de19cefa093c6a	It is true that General Ricardo\ndid his utmost to defend Tika.	machine	gemma-4-31B-it/qat-UD-Q4_K_XL/v2+story-v1/llama.cpp-b11443/t0	2026-10-07		
2075_300_12	85cda05015f7e9abfb32089e289a30f53190b229	But that is a separate matter\nentirely.	machine	gemma-4-31B-it/qat-UD-Q4_K_XL/v2+story-v1/llama.cpp-b11443/t0	2026-10-07		
2075_300_13	a41cdf7603ef6c6c5924ade455e928846e485213	Look, Tika is terrified.	machine	gemma-4-31B-it/qat-UD-Q4_K_XL/v2+story-v1/llama.cpp-b11443/t0	2026-10-07		
2075_300_14	6e46ff8b6e9fb0b67fe8fb7d497e268828f203ab	Exactly! Exactly!	machine	gemma-4-31B-it/qat-UD-Q4_K_XL/v2+story-v1/llama.cpp-b11443/t0	2026-10-07		
2075_300_15	eb2cce46900bec9cd39a45cc501ece0c6e201177	And while I agreed to the warp\ntransport due to the\nemergency, normally we\nwouldn't allow someone like you\non the ship...	machine	gemma-4-31B-it/qat-UD-Q4_K_XL/v2+story-v1/llama.cpp-b11443/t0	2026-10-07		
2075_300_16	16ad37c61cce855fb540a0b3ef4a34fb0699458d	What, you're saying I'm violating\nGalactic Federation military\nregulations and the Uncharted\nPlanet Protection Treaty?	machine	gemma-4-31B-it/qat-UD-Q4_K_XL/v2+story-v1/llama.cpp-b11443/t0	2026-10-07		
2075_300_17	7024cb27040ed626631260d6d74c9deb54bf7c90	You lot never change, always\nclinging to the same old lines. I\ncouldn't care less about your\nrules.	machine	gemma-4-31B-it/qat-UD-Q4_K_XL/v2+story-v1/llama.cpp-b11443/t0	2026-10-07		
2075_300_18	9cad79fd2f08021d4c544e9a6026e3020e4b64c4	Huh!?	machine	gemma-4-31B-it/qat-UD-Q4_K_XL/v2+story-v1/llama.cpp-b11443/t0	2026-10-07		
2075_300_20	632ec345ecec55b715bbf50d16f237e2d8f0a3fd	...Huh?	machine	gemma-4-31B-it/qat-UD-Q4_K_XL/v2+story-v1/llama.cpp-b11443/t0	2026-10-07		
2075_300_21	cd8406379c1c8978876a33cac03181a9e123f7a7	You know about the Galactic\nFederation?	machine	gemma-4-31B-it/qat-UD-Q4_K_XL/v2+story-v1/llama.cpp-b11443/t0	2026-10-07		
2075_300_22	d03394e14e197f8e7d1d6411f5ff1674cc6ca05a	What of it if I do? That's not\nwhat's important right now.	machine	gemma-4-31B-it/qat-UD-Q4_K_XL/v2+story-v1/llama.cpp-b11443/t0	2026-10-07		
2075_300_23	13e89a334432bc3d9e5bf852f2d063b6d6e3f581	I told you Asyl is going to\nsurface. I assume you've been\nscanning the sea surface.	machine	gemma-4-31B-it/qat-UD-Q4_K_XL/v2+story-v1/llama.cpp-b11443/t0	2026-10-07		
2075_300_24	5426d4696383704c717f0d882e1a4b1c0629975f	...Coro, Verda, and I have been\nkeeping watch this whole time.	machine	gemma-4-31B-it/qat-UD-Q4_K_XL/v2+story-v1/llama.cpp-b11443/t0	2026-10-07		
2075_300_25	a9821ab49d1b1a257c79d0504e39fd32dccd002d	Where are Rubarika and\nBaschen's naval forces?	machine	gemma-4-31B-it/qat-UD-Q4_K_XL/v2+story-v1/llama.cpp-b11443/t0	2026-10-07		
2075_300_26	6a15f410815c30aa32f29e64a52ca99b312ef382	They're probably right here on\nthe map.	machine	gemma-4-31B-it/qat-UD-Q4_K_XL/v2+story-v1/llama.cpp-b11443/t0	2026-10-07		
2075_300_27	6e38ea2aab1e6ead0e61bfbd7ee7c662cf125dd0	Besides, who do you think you\nare, bossing us around before\nwe've even had a chance to\nspeak?	machine	gemma-4-31B-it/qat-UD-Q4_K_XL/v2+story-v1/llama.cpp-b11443/t0	2026-10-07		
2075_300_28	b5ab131e735d19fcf4ae6c66d9629ff88c538701	...Damn it, this isn't how I heard\nit would go.	machine	gemma-4-31B-it/qat-UD-Q4_K_XL/v2+story-v1/llama.cpp-b11443/t0	2026-10-07		
2075_300_29	8694368ff887061f60f19e5c0eb1044f9c1db308	Did those Exorciser bastards\nget in the way on this end\ntoo?	machine	gemma-4-31B-it/qat-UD-Q4_K_XL/v2+story-v1/llama.cpp-b11443/t0	2026-10-07		
2075_300_30	25993d5281d53d9dd1e43514a5a61c5a64fc3445	At this rate, we won't be\nbuying much time...	machine	gemma-4-31B-it/qat-UD-Q4_K_XL/v2+story-v1/llama.cpp-b11443/t0	2026-10-07		
2075_300_31	cdd8448e9de5962d7d77dace6c15fd6e1489df2e	Hm!	machine	gemma-4-31B-it/qat-UD-Q4_K_XL/v2+story-v1/llama.cpp-b11443/t0	2026-10-07		
2075_300_32	62177900c6660d3014f9b05cc8a30423ec3ee4ec	Ah, ahh! C-Captain! Look! Look\nover there!	machine	gemma-4-31B-it/qat-UD-Q4_K_XL/v2+story-v1/llama.cpp-b11443/t0	2026-10-07		
2075_300_34	61af0437f5209cfd877de71075e15fc723253a4f	Finally showing up, huh.	machine	gemma-4-31B-it/qat-UD-Q4_K_XL/v2+story-v1/llama.cpp-b11443/t0	2026-10-07		
2075_300_35	07e5793d34c86aac1b27802b75777afc2242dfe7	W-what is it, Coro!	machine	gemma-4-31B-it/qat-UD-Q4_K_XL/v2+story-v1/llama.cpp-b11443/t0	2026-10-07		
2075_300_36	d8006589f9e8457c904a28f5ae5e11828b50cfb7	That! That right there! Look at\nit!!	machine	gemma-4-31B-it/qat-UD-Q4_K_XL/v2+story-v1/llama.cpp-b11443/t0	2026-10-07		
2075_300_37	3fdb6bb76f375060661042c417b6535be6af4c3f	The sea... it's rising!	machine	gemma-4-31B-it/qat-UD-Q4_K_XL/v2+story-v1/llama.cpp-b11443/t0	2026-10-07		
2075_300_38	d6327ce08cb9faa666788b8c40e300984efd25f0	Something's coming out!	machine	gemma-4-31B-it/qat-UD-Q4_K_XL/v2+story-v1/llama.cpp-b11443/t0	2026-10-07		
2075_300_39	96b82bdbdf62757d2944f69fde45d960cdc51f51	Th-this is...!	machine	gemma-4-31B-it/qat-UD-Q4_K_XL/v2+story-v1/llama.cpp-b11443/t0	2026-10-07		
2075_300_40	16b2eca51cc1557d8113d6b483ff5ec0582c5a93	This is... the Holy Land of\nAsyl...!	machine	gemma-4-31B-it/qat-UD-Q4_K_XL/v2+story-v1/llama.cpp-b11443/t0	2026-10-07		
2075_300_41	8199e7499a06f08441ee3001408481c5dacda003	Unbelievable... an island of this\nscale, rising from the depths of\nthe sea...!	machine	gemma-4-31B-it/qat-UD-Q4_K_XL/v2+story-v1/llama.cpp-b11443/t0	2026-10-07		
2075_300_42	dff0a03e22820384159a4e2f82dcc2a946201721	...To think we spent hundreds\nof years... for something like\nthis...	machine	gemma-4-31B-it/qat-UD-Q4_K_XL/v2+story-v1/llama.cpp-b11443/t0	2026-10-07		
2075_300_43	701afabfa4650c2b915ea8ca69f1b9477bb1a3b3	...The movements of both\nnavies have shifted... The time\nfor the final battle draws near.	machine	gemma-4-31B-it/qat-UD-Q4_K_XL/v2+story-v1/llama.cpp-b11443/t0	2026-10-07		
2075_300_44	2a8c2237ab4e11619a1baa832dd423bfd7b83aff	If we go there... we'll find the\ntruth.	machine	gemma-4-31B-it/qat-UD-Q4_K_XL/v2+story-v1/llama.cpp-b11443/t0	2026-10-07		
2075_300_45	f9ce31854c009a9e92d1b5699fc7cb63f6be34d9	Exactly. The Moonshadow\nLadder will descend soon. The\noffensives from Rubarika and\nBaschen will likely reach their\npeak.	machine	gemma-4-31B-it/qat-UD-Q4_K_XL/v2+story-v1/llama.cpp-b11443/t0	2026-10-07		
2075_300_46	418b61986129787de498669d41652ca2d00a4289	But there should still be a little\ntime before either army lands\non Asyl.	machine	gemma-4-31B-it/qat-UD-Q4_K_XL/v2+story-v1/llama.cpp-b11443/t0	2026-10-07		
2075_300_47	29221c33a039d3dfff01a92660be08953c3f4689	Hey, Ewin Laxter. You haven't\nforgotten what you said, have\nyou?	machine	gemma-4-31B-it/qat-UD-Q4_K_XL/v2+story-v1/llama.cpp-b11443/t0	2026-10-07		
2075_300_48	93cf35be7c895a4ed6ed5eed549bd76c96c139da	I'll do it!	machine	gemma-4-31B-it/qat-UD-Q4_K_XL/v2+story-v1/llama.cpp-b11443/t0	2026-10-07		
2075_300_49	3e0db4b6d775208ba2a803a787bf371068a41b67	I'm going to end this Holy Land\nWar, no matter what!	machine	gemma-4-31B-it/qat-UD-Q4_K_XL/v2+story-v1/llama.cpp-b11443/t0	2026-10-07		
2075_300_50	24fc74f27426e7a7a920becead3ac8871543510e	Daftine... doesn't need some\n"Holy Land"!	machine	gemma-4-31B-it/qat-UD-Q4_K_XL/v2+story-v1/llama.cpp-b11443/t0	2026-10-07		
2075_300_51	e97844c934eebbea2928d1ee79320b8ec8b33cb2	That's the spirit.	machine	gemma-4-31B-it/qat-UD-Q4_K_XL/v2+story-v1/llama.cpp-b11443/t0	2026-10-07		
2075_300_52	040bb3f132e97cd4d03590e2d9b46907dfe8680f	Now, we're going to tear that\nHoly Land apart! Right in front\nof the Rubarika and Baschen\narmies!	machine	gemma-4-31B-it/qat-UD-Q4_K_XL/v2+story-v1/llama.cpp-b11443/t0	2026-10-07		
