message_id	ja_sha1	en	source	engine	date	editor	note
2041_010_01	8027ff78349da60960390cb84db1759878ca5dcf	Your achievement in blocking\nthe highways within Rubarika\nwas magnificent.	machine	gemma-4-26B-A4B-it/UD-Q4_K_M/v2+story-v1/llama.cpp-b11443/t0	2026-10-06		
2041_010_02	31d14ad6b1aa5dd7d1479ff6d5e961a17cb09aed	Reports say it significantly\naided front-line troop\ntransport, allowing operations\nin all sectors to proceed\nadvantageously.	machine	gemma-4-26B-A4B-it/UD-Q4_K_M/v2+story-v1+short-v1/llama.cpp-b11443/t0	2026-10-06		
2041_010_03	310ca2ab7f57eecaf7f09036bcea2c2f215205ee	...I see.	machine	gemma-4-26B-A4B-it/UD-Q4_K_M/v2+story-v1/llama.cpp-b11443/t0	2026-10-06		
2041_010_04	2d5c4e75d78a462c2257e0c41f2cc253cfe25443	His Majesty the Emperor was\nalso pleased. An award shall be\ngranted to you in due course.	machine	gemma-4-26B-A4B-it/UD-Q4_K_M/v2+story-v1/llama.cpp-b11443/t0	2026-10-06		
2041_010_05	d0ed1169ee4ab072e9dc59295a297024bd77aff7	You are too kind.	machine	gemma-4-26B-A4B-it/UD-Q4_K_M/v2+story-v1/llama.cpp-b11443/t0	2026-10-06		
2041_010_06	e588705883e4ee642296ff1b239de21d6b5f0984	We were forced to retreat\nearly due to unexpected\ninterference, so I was prepared\nfor your reprimand.	machine	gemma-4-26B-A4B-it/UD-Q4_K_M/v2+story-v1+short-v1/llama.cpp-b11443/t0	2026-10-06		
2041_010_07	3b3ed92e58ea363ae430c8a86b0ba025d29e173c	A plan involving an opponent\nwill never go exactly as\ncalculated on paper.	machine	gemma-4-26B-A4B-it/UD-Q4_K_M/v2+story-v1/llama.cpp-b11443/t0	2026-10-06		
2041_010_08	2005eb2d124182ada8b7e563c8f058da233f570f	Rather than regretting what\ncould not be done, one must\ntake pride in what was\naccomplished to move forward.	machine	gemma-4-26B-A4B-it/UD-Q4_K_M/v2+story-v1/llama.cpp-b11443/t0	2026-10-06		
2041_010_09	71a5b3a54bb22fe4b31e9c416125d2cda1caed07	Of course, you must not forget\nto reflect on your actions.	machine	gemma-4-26B-A4B-it/UD-Q4_K_M/v2+story-v1/llama.cpp-b11443/t0	2026-10-06		
2041_010_10	c5080c9f98df4c34ce9d6057224930a10d63e67d	I shall keep that firmly in mind.	machine	gemma-4-26B-A4B-it/UD-Q4_K_M/v2+story-v1/llama.cpp-b11443/t0	2026-10-06		
2041_010_11	162e659792d5f9305ae3e9b474419c7dc14599b2	I also grant permission to\nexecute the new strategy you\nproposed. Continue with your\nduties.	machine	gemma-4-26B-A4B-it/UD-Q4_K_M/v2+story-v1/llama.cpp-b11443/t0	2026-10-06		
2041_010_12	5f291442be550f2466d3ea1471296874d339c193	Do not let yourself be carried\naway by a crude power like the\n"Light Arrow of the\nMessenger,"	machine	gemma-4-26B-A4B-it/UD-Q4_K_M/v2+story-v1/llama.cpp-b11443/t0	2026-10-06		
2041_010_13	d0b3bc71140053af23498d111b3b7d404119a767	You must throw cold water on\nRubarika's leadership, who\nhave become nothing more\nthan brute force, intoxicated\nby the "Light Arrow of the\nMessenger"...	machine	gemma-4-26B-A4B-it/UD-Q4_K_M/v2+story-v1+short-v1/llama.cpp-b11443/t0	2026-10-06		
2041_010_14	d4def39ab28e627572d5315b7d2ddb3aaa2a6970	The day their downfall comes\nis near.	machine	gemma-4-26B-A4B-it/UD-Q4_K_M/v2+story-v1/llama.cpp-b11443/t0	2026-10-06		
2041_010_15	86890e4fc8d72e3ddf08a5562a528ac24e848463	Yes, sir!!	machine	gemma-4-26B-A4B-it/UD-Q4_K_M/v2+story-v1/llama.cpp-b11443/t0	2026-10-06		
2041_010_16	2bf2cd2fe3b937435907762810a66bda8a23ab99	Since they said it was the\nRoyal Capital during wartime, I\nthought it would be much more\nsolemn.	machine	gemma-4-26B-A4B-it/UD-Q4_K_M/v2+story-v1/llama.cpp-b11443/t0	2026-10-06		
2041_010_17	91b83b0e646bc44b6f5a4b5dee20d270871675ac	The atmosphere is far brighter\nthan I imagined.	machine	gemma-4-26B-A4B-it/UD-Q4_K_M/v2+story-v1/llama.cpp-b11443/t0	2026-10-06		
2041_010_18	decd5e0db5354ed289eb4dc111d9f0f4ce7a09a8	At this rate, Carlone's security\nwould be much stricter. The\ncheckpoints were quite lax,\ntoo; I wonder what's going on.	machine	gemma-4-26B-A4B-it/UD-Q4_K_M/v2+story-v1+short-v1/llama.cpp-b11443/t0	2026-10-06		
2041_010_19	0f79f6726625ec55a03b90c78529070e00db4f4a	Hey, look! They're doing\nsomething like a festival!	machine	gemma-4-26B-A4B-it/UD-Q4_K_M/v2+story-v1/llama.cpp-b11443/t0	2026-10-06		
2041_010_20	c83290bc491e4e15a66d9deaab78e8d32942896c	You're right! Could it be that\nthe war is about to end?	machine	gemma-4-26B-A4B-it/UD-Q4_K_M/v2+story-v1/llama.cpp-b11443/t0	2026-10-06		
2041_010_21	326c116edb1f2cadc894f23422d26b2009bd1bdc	Is that why everyone is so\nhigh-spirited?	machine	gemma-4-26B-A4B-it/UD-Q4_K_M/v2+story-v1/llama.cpp-b11443/t0	2026-10-06		
2041_010_23	29eb520cfe773b068d4ebebc78262b12f8f2f913	That's right. Just as the\nCaptain said, it's quite the\nopposite.	machine	gemma-4-26B-A4B-it/UD-Q4_K_M/v2+story-v1/llama.cpp-b11443/t0	2026-10-06		
2041_010_24	c3f8934535bfc5bb84576f7b9bfcbc2fa2e4c3e8	Eh?	machine	gemma-4-26B-A4B-it/UD-Q4_K_M/v2+story-v1/llama.cpp-b11443/t0	2026-10-06		
2041_010_25	0938bb3dff4167d52c1b43ef3a8ab867d6a7dd37	<font color=blue>Euwin</font> The Royal Capital's\nbright atmosphere is a show of\nstrength, proving Rubarika isn't\nexhausted by the war.	machine	gemma-4-26B-A4B-it/UD-Q4_K_M/v2+story-v1+short-v1/llama.cpp-b11443/t0	2026-10-06		
2041_010_26	2efd4c3dad28c57274d2a3045bb343df5ca54685	<font color=blue>Verda</font> ...I see. So darkening the\ncapital's atmosphere would\nnegatively impact the war\nsituation and national morale.	machine	gemma-4-26B-A4B-it/UD-Q4_K_M/v2+story-v1+short-v1/llama.cpp-b11443/t0	2026-10-06		
2041_010_27	5115251d00bb9fb1d171b94dc98cd018ed91ab4c	<font color=blue>Euwin</font> Exactly. Besides, Welch\nthought the checkpoint\ninspections were lax, but the\nreality is quite different.	machine	gemma-4-26B-A4B-it/UD-Q4_K_M/v2+story-v1/llama.cpp-b11443/t0	2026-10-06		
2041_010_28	38e20998d41cc371b0414585e6b76fb0a66e4ea6	<font color=blue>Welch</font> Huh? Why? They just\ndid a simple luggage check and\ngave me a Royal Capital Stay\nPermit right away...	machine	gemma-4-26B-A4B-it/UD-Q4_K_M/v2+story-v1/llama.cpp-b11443/t0	2026-10-06		
2041_010_29	56c2c9092e157e9721c50a85d69790cf35a8c6a9	<font color=blue>Euwin</font> Look at the bottom of\nthat permit.	machine	gemma-4-26B-A4B-it/UD-Q4_K_M/v2+story-v1/llama.cpp-b11443/t0	2026-10-06		
2041_010_30	5057f7cc72dd7e9f5fded34c6f48bf98446632b4	<font color=blue>Tika</font> There's some kind of\npattern written here...	machine	gemma-4-26B-A4B-it/UD-Q4_K_M/v2+story-v1/llama.cpp-b11443/t0	2026-10-06		
2041_010_31	2bf7875e6d751388174bb7288bfc2fd0f1063fba	<font color=blue>Euwin</font> It's a Tracking Crest.	machine	gemma-4-26B-A4B-it/UD-Q4_K_M/v2+story-v1/llama.cpp-b11443/t0	2026-10-06		
2041_010_32	b1a7e84cb8f07c3cb4e9ce167cae50e9ca3057af	<font color=blue>Eve</font> A Tracking Crest? You\ndon't mean... they're watching\nour every move from\nsomewhere?	machine	gemma-4-26B-A4B-it/UD-Q4_K_M/v2+story-v1/llama.cpp-b11443/t0	2026-10-06		
2041_010_33	08210a9d798d39c0b43c2c4a18654b94f52fe65d	<font color=blue>Verda</font> Is such a thing even\npossible!?	machine	gemma-4-26B-A4B-it/UD-Q4_K_M/v2+story-v1/llama.cpp-b11443/t0	2026-10-06		
2041_010_34	6f3e7afaa5672af64d2e4fd7f9188a06fb6cfd11	<font color=blue>Euwin</font>, I heard it only shows\nyour location. When you\nreceived it, weren't you given\nany strange instructions?	machine	gemma-4-26B-A4B-it/UD-Q4_K_M/v2+story-v1+short-v1/llama.cpp-b11443/t0	2026-10-06		
2041_010_35	960d68a8575120139c34f8092708c0e0cd78c7c6	<font color=blue>Tika</font> Oh, right. They told me to\nhold my hand over this paper\nand swear I wouldn't do\nanything bad.	machine	gemma-4-26B-A4B-it/UD-Q4_K_M/v2+story-v1+short-v1/llama.cpp-b11443/t0	2026-10-06		
2041_010_36	a38501f6869bf2ae3268b88f01d44033c0fe0417	<font color=blue>Verda</font> ...Could that have been\nit?	machine	gemma-4-26B-A4B-it/UD-Q4_K_M/v2+story-v1/llama.cpp-b11443/t0	2026-10-06		
2041_010_37	df82bac8d80423130165ce906300b74b804f430f	<font color=blue>Euwin</font> By making you take that\noath, they link the Tracking\nCrest to the person,	machine	gemma-4-26B-A4B-it/UD-Q4_K_M/v2+story-v1/llama.cpp-b11443/t0	2026-10-06		
2041_010_38	ab37a2e59c4ab6ba7f9b6c20fdacbd0e3660b9ec	If the tracking crest owner\nacts suspiciously, a report is\nimmediately sent to the Royal\nCapital Guards.	machine	gemma-4-26B-A4B-it/UD-Q4_K_M/v2+story-v1+short-v1/llama.cpp-b11443/t0	2026-10-06		
2041_010_39	bbac0522684e40b8a5b90811dc7d8bd63e62b5db	<font color=blue>Euwin</font> Of course, as long as we\ndon't do anything to draw\nattention to ourselves, it\nshould be fine...	machine	gemma-4-26B-A4B-it/UD-Q4_K_M/v2+story-v1/llama.cpp-b11443/t0	2026-10-06		
2041_010_40	89095be5c228a73ec35fbf85cf74b4d12a10540d	<font color=blue>Eve</font> ...I don't like the sound of\nthat at all.	machine	gemma-4-26B-A4B-it/UD-Q4_K_M/v2+story-v1/llama.cpp-b11443/t0	2026-10-06		
2041_010_41	82ad15e225843cfc36a2aadf3480d8a1f2784f53	And besides...	machine	gemma-4-26B-A4B-it/UD-Q4_K_M/v2+story-v1/llama.cpp-b11443/t0	2026-10-06		
2041_010_42	3d5100b36bfe31c53f4adb3b986b007985c32a5b	<font color=blue>Verda</font> Aye, you're right. I've\nnever heard of such a crest.	machine	gemma-4-26B-A4B-it/UD-Q4_K_M/v2+story-v1/llama.cpp-b11443/t0	2026-10-06		
2041_010_43	ce1e29789f981ec2ee1eb186e37a8e292cabb69d	Could this also be some sort of\npower from the Messenger?	machine	gemma-4-26B-A4B-it/UD-Q4_K_M/v2+story-v1/llama.cpp-b11443/t0	2026-10-06		
2041_010_44	91214399e9dbf8efeafcbd555496f588564fdb6d	<font color=blue>Euwin</font> I don't know the details\nmyself, but...	machine	gemma-4-26B-A4B-it/UD-Q4_K_M/v2+story-v1/llama.cpp-b11443/t0	2026-10-06		
2041_010_45	5bab34e9ab764eb76cc84aad8a350a385a5b2761	For now, let's get settled at\nthe inn.	machine	gemma-4-26B-A4B-it/UD-Q4_K_M/v2+story-v1/llama.cpp-b11443/t0	2026-10-06		
2041_010_46	690aace688c0af7df223467970ab635812304ec1	Once we've organized our\nthings, we must request an\naudience with General Ricardo.\nThat's your primary objective,\nisn't it?	machine	gemma-4-26B-A4B-it/UD-Q4_K_M/v2+story-v1+short-v1/llama.cpp-b11443/t0	2026-10-06		
2041_010_47	b99fed9179408516bbcc54da8df04581e3d9479f	<font color=blue>Tika</font> ...Yeah, you're right.	machine	gemma-4-26B-A4B-it/UD-Q4_K_M/v2+story-v1/llama.cpp-b11443/t0	2026-10-06		
2041_010_48	1bd1652184b6ac38725077358904c1b12a173b2e	<font color=blue>Verda</font> ...Don't you worry, Tika.\nWe're right here with you.	machine	gemma-4-26B-A4B-it/UD-Q4_K_M/v2+story-v1/llama.cpp-b11443/t0	2026-10-06		
2041_010_49	144a4e680d6aee023f9f0f9b59fe8a1a464cf910	<font color=blue>Tika</font> ...Thank you.	machine	gemma-4-26B-A4B-it/UD-Q4_K_M/v2+story-v1/llama.cpp-b11443/t0	2026-10-06		
2041_010_50	7c1860e91aefafca47438a7d5ee877d3d68d3065	So, what are we doing about\nlodging? Do you have a place\nin mind?	machine	gemma-4-26B-A4B-it/UD-Q4_K_M/v2+story-v1/llama.cpp-b11443/t0	2026-10-06		
2041_010_51	c60be10d0e304c9ce7f4456ec7285a3c8b404720	Not "in mind"―it's written right\nhere on the stay permit. It\nsays we're to stay at that inn.	machine	gemma-4-26B-A4B-it/UD-Q4_K_M/v2+story-v1/llama.cpp-b11443/t0	2026-10-06		
2041_010_52	9be77bd54e32cb417b0dda07f000e7de38830c88	Huh? Oh, you're right.	machine	gemma-4-26B-A4B-it/UD-Q4_K_M/v2+story-v1/llama.cpp-b11443/t0	2026-10-06		
2041_010_53	3a6c5ee3851ef22515e34c4894d4049cf09824fb	What if we ended up staying\nsomewhere else?	machine	gemma-4-26B-A4B-it/UD-Q4_K_M/v2+story-v1/llama.cpp-b11443/t0	2026-10-06		
2041_010_54	f050e80f9dcb6ffada1190973ee2078e20925845	Since nighttime outings are\nrestricted, the guards would\nlikely come looking for us.	machine	gemma-4-26B-A4B-it/UD-Q4_K_M/v2+story-v1/llama.cpp-b11443/t0	2026-10-06		
2041_010_55	30c98ae5a2c11be086a3ad32e6209c2b7766ca68	...I see now that the brightness\nwas merely an illusion. The idea\nof this war ending is\npreposterous.	machine	gemma-4-26B-A4B-it/UD-Q4_K_M/v2+story-v1/llama.cpp-b11443/t0	2026-10-06		
2041_010_56	bee1378b4b2f5e3c453213d5520b49b27a83244c	Yeah.	machine	gemma-4-26B-A4B-it/UD-Q4_K_M/v2+story-v1/llama.cpp-b11443/t0	2026-10-06		
2041_010_57	3bf850465548a48d18d2b91062ca66003d095113	(Captain, Verda. Six o'clock,\ndistance 200 meters!)	machine	gemma-4-26B-A4B-it/UD-Q4_K_M/v2+story-v1/llama.cpp-b11443/t0	2026-10-06		
2041_010_59	612f6299e08c91e95b557569f3a35ed4c9d2d99e	Hmm?	machine	gemma-4-26B-A4B-it/UD-Q4_K_M/v2+story-v1/llama.cpp-b11443/t0	2026-10-06		
2041_010_60	9b8cef5fccd7322708c35614ff90359768be3e08	(An armed battalion is\nmarching. Please keep an eye\non their equipment.)	machine	gemma-4-26B-A4B-it/UD-Q4_K_M/v2+story-v1/llama.cpp-b11443/t0	2026-10-06		
2041_010_62	cc40024619c6038e3252147bcfa6dadf6d967179	No way...! Is that the so-called\nLight Arrow of the Messenger?	machine	gemma-4-26B-A4B-it/UD-Q4_K_M/v2+story-v1/llama.cpp-b11443/t0	2026-10-06		
2041_010_63	af9f1ae7a9c79d01364f80f9a1ff0b1f30eb76eb	(Their equipment clearly\ndeviates from the average\ncivilization level of Rubarika.)	machine	gemma-4-26B-A4B-it/UD-Q4_K_M/v2+story-v1/llama.cpp-b11443/t0	2026-10-06		
2041_010_64	086b386f4cddc0c80c3e51cef6ef4e0d815b6923	Judging by the number of\nsoldiers, it seems they have\nestablished a mass-production\nsystem.	machine	gemma-4-26B-A4B-it/UD-Q4_K_M/v2+story-v1/llama.cpp-b11443/t0	2026-10-06		
2041_010_65	7e2281afcbbf2dd74476775b1386daa7146bf440	Just as I thought... this\ncountry, no, this war, is\nabnormal.	machine	gemma-4-26B-A4B-it/UD-Q4_K_M/v2+story-v1/llama.cpp-b11443/t0	2026-10-06		
2041_010_67	6421ea343038ab11e35da4fa392671ccd752f649	Indeed. Everything about this is\nstrange.	machine	gemma-4-26B-A4B-it/UD-Q4_K_M/v2+story-v1/llama.cpp-b11443/t0	2026-10-06		
2041_010_68	1f02d83a11f5dd3757bb4d7938c1343dd63eb077	I only hope that meeting this\nGeneral Ricardo fellow will\nresolve one of those oddities.	machine	gemma-4-26B-A4B-it/UD-Q4_K_M/v2+story-v1/llama.cpp-b11443/t0	2026-10-06		
2041_010_69	9fd075dd708ecd00141b154c4457f277a0cbf004	Um, the designated inn is this\nway. Well, shall we?	machine	gemma-4-26B-A4B-it/UD-Q4_K_M/v2+story-v1/llama.cpp-b11443/t0	2026-10-06		
2041_010_70	42a2659cf4e289483bb2d52037b85eae4c7dbcad	Hey, Captain, Verda, let's go!	machine	gemma-4-26B-A4B-it/UD-Q4_K_M/v2+story-v1/llama.cpp-b11443/t0	2026-10-06		
2041_010_72	23237d1bb99c664c103cafdaf13d814d1da2f294	Right! We're coming!	machine	gemma-4-26B-A4B-it/UD-Q4_K_M/v2+story-v1/llama.cpp-b11443/t0	2026-10-06		
2041_030_01	250c0d88fa0561ad9856354225d6893c1e938af5	Good grief, just filling out the\napplication for a visitation\nrequest was a massive\nundertaking.	machine	gemma-4-26B-A4B-it/UD-Q4_K_M/v2+story-v1/llama.cpp-b11443/t0	2026-10-06		
2041_030_02	1484037d97d6dad58664f2392880fe0125b8ef75	I was actually surprised by how\nthe number of guards naturally\nincreased as we approached\nthe royal castle.	machine	gemma-4-26B-A4B-it/UD-Q4_K_M/v2+story-v1/llama.cpp-b11443/t0	2026-10-06		
2041_030_03	37259bf484ded3645975c556896eaf63c431d1b7	That Tracking Crest really is\nfunctioning effectively, isn't it?	machine	gemma-4-26B-A4B-it/UD-Q4_K_M/v2+story-v1/llama.cpp-b11443/t0	2026-10-06		
2041_030_04	3e66dd596d0fb55bfabdae1de513bea643d2325f	I'm less surprised by being\ntracked than by the command\nstructure that lets individual\nsoldiers stay so close to their\ntargets...	machine	gemma-4-26B-A4B-it/UD-Q4_K_M/v2+story-v1+short-v1/llama.cpp-b11443/t0	2026-10-06		
2041_030_05	32b18100229ff39b3a171fb4f6888ea21d7c98d8	Anyway, I'm glad the\napplication was accepted.\nVerda and Tika must be\nworrying back at the inn.	machine	gemma-4-26B-A4B-it/UD-Q4_K_M/v2+story-v1/llama.cpp-b11443/t0	2026-10-06		
2041_030_07	4a2c9a4c8737d035a4ff91ac8f7e8c499bcff6d3	Truly. The way the soldier's\nattitude shifted the moment he\nsaw the Rakstar crest was\nincredible.	machine	gemma-4-26B-A4B-it/UD-Q4_K_M/v2+story-v1+short-v1/llama.cpp-b11443/t0	2026-10-06		
2041_030_08	fbbd83e5d12f540eb10c5b4a5186d75ed179156e	I wonder what would have\nhappened if you hadn't been\nthere, Euwin.	machine	gemma-4-26B-A4B-it/UD-Q4_K_M/v2+story-v1/llama.cpp-b11443/t0	2026-10-06		
2041_030_09	369a82578f9b1e4e26d08e841fbe5011c3528e06	It wasn't my doing. It was the\npower of my family.	machine	gemma-4-26B-A4B-it/UD-Q4_K_M/v2+story-v1/llama.cpp-b11443/t0	2026-10-06		
2041_030_10	fc48d067c1d81fbbd4aec39dcef00016f734030a	No, it was your power, Euwin.\nThe power you were born with.	machine	gemma-4-26B-A4B-it/UD-Q4_K_M/v2+story-v1/llama.cpp-b11443/t0	2026-10-06		
2041_030_12	ecdbc724ca644a0cba46cc8f82ddd8ff6614e863	...Well, probably not.	machine	gemma-4-26B-A4B-it/UD-Q4_K_M/v2+story-v1/llama.cpp-b11443/t0	2026-10-06		
2041_030_15	fc7052a4ce86b11b72b1b37b5761d2da4237fec0	The Captain.	machine	gemma-4-26B-A4B-it/UD-Q4_K_M/v2+story-v1/llama.cpp-b11443/t0	2026-10-06		
2041_030_17	12f426d1a870550376fddbe7306b5c0cdc6031cd	...Thank you.	machine	gemma-4-26B-A4B-it/UD-Q4_K_M/v2+story-v1/llama.cpp-b11443/t0	2026-10-06		
2041_030_18	62daeff3dd5ce5c03aaeaf4d5749bf1f8b8b4197	It's not that I want to deny the\nname of Rakstar or my family.	machine	gemma-4-26B-A4B-it/UD-Q4_K_M/v2+story-v1/llama.cpp-b11443/t0	2026-10-06		
2041_030_19	05e41161ce46e68baaef42f962caf2397fa4cce5	If anything, I've always wished\nto do what is right in their\nname...	machine	gemma-4-26B-A4B-it/UD-Q4_K_M/v2+story-v1/llama.cpp-b11443/t0	2026-10-06		
2041_030_20	f6bec5ed83bcbcedf5a430254bbeb2da4246adc1	So, hearing you say that... it's a\nrelief.	machine	gemma-4-26B-A4B-it/UD-Q4_K_M/v2+story-v1/llama.cpp-b11443/t0	2026-10-06		
2041_040_01	c392f6561848f9d85fa06fbe5a4aea8030d04c34	Welcome back! Did it go well?	machine	gemma-4-26B-A4B-it/UD-Q4_K_M/v2+story-v1/llama.cpp-b11443/t0	2026-10-06		
2041_040_02	2b2e7c1d03fea17fd1b29fc7ef4aeb9555d2cad2	Yeah. The application was\naccepted.	machine	gemma-4-26B-A4B-it/UD-Q4_K_M/v2+story-v1/llama.cpp-b11443/t0	2026-10-06		
2041_040_03	cca7037778fdf51b4eac3d297bd97d3f34e01910	However, we can't just meet\nwith the country's high officials\nout of the blue,	machine	gemma-4-26B-A4B-it/UD-Q4_K_M/v2+story-v1/llama.cpp-b11443/t0	2026-10-06		
2041_040_04	f26c6df60048ec15aea4d777bb814c7d38e34ec7	so I'm going back to the royal\ncastle tomorrow to find out\nwhen we might be able to see\nthem.	machine	gemma-4-26B-A4B-it/UD-Q4_K_M/v2+story-v1/llama.cpp-b11443/t0	2026-10-06		
2041_040_05	6a4951a69545a71e04a0f2040195ecf4b1d6d011	So it seems it will take some\ntime after all.	machine	gemma-4-26B-A4B-it/UD-Q4_K_M/v2+story-v1/llama.cpp-b11443/t0	2026-10-06		
2041_040_06	570b37da6509939b45cb6a6c7e5ef8beae7b6408	Well, we did bring in a wanted\nperson who was personally\ndeclared by the General.	machine	gemma-4-26B-A4B-it/UD-Q4_K_M/v2+story-v1/llama.cpp-b11443/t0	2026-10-06		
2041_040_07	6d9ecd236971749d2cc031a599cfbc923ea856da	They did say it would be\nhandled quite quickly as an\nexception, but there's nothing\nmore we can do today.	machine	gemma-4-26B-A4B-it/UD-Q4_K_M/v2+story-v1/llama.cpp-b11443/t0	2026-10-06		
2041_040_08	6b96a33b64a1acf07f4e6e787dd7448d2886f9c0	I feel... relieved, yet... nervous...	machine	gemma-4-26B-A4B-it/UD-Q4_K_M/v2+story-v1/llama.cpp-b11443/t0	2026-10-06		
2041_040_09	28982fe3451fe74fae951602db7e3c9c2860fcb2	It won't be months, but	machine	gemma-4-26B-A4B-it/UD-Q4_K_M/v2+story-v1/llama.cpp-b11443/t0	2026-10-06		
2041_040_10	e0ec03a6f703b86b5e61f279944547592f183146	since General Ricardo is also\ncommanding the war front, I\ndon't think it will happen\nimmediately either.	machine	gemma-4-26B-A4B-it/UD-Q4_K_M/v2+story-v1/llama.cpp-b11443/t0	2026-10-06		
2041_040_11	b5c01460d0833808af03c9a59e396c2212414af2	It might be asking too much,\nbut please try not to be too\nnervous.	machine	gemma-4-26B-A4B-it/UD-Q4_K_M/v2+story-v1/llama.cpp-b11443/t0	2026-10-06		
2041_040_12	21d363aba4be65f0fe0068ce8ae33a1bd0847104	...Okay.	machine	gemma-4-26B-A4B-it/UD-Q4_K_M/v2+story-v1/llama.cpp-b11443/t0	2026-10-06		
2041_040_13	f96315adb9a5c778fe6f99a0dd48f77838ea4dc4	So for the time being, we'll just\nhave to take it easy here in\nthe Royal Capital.	machine	gemma-4-26B-A4B-it/UD-Q4_K_M/v2+story-v1/llama.cpp-b11443/t0	2026-10-06		
2041_040_14	6b615f81f1559868be24e28db8eebe2ec8fbe8aa	While making sure we don't\ndraw any unnecessary\nattention, of course.	machine	gemma-4-26B-A4B-it/UD-Q4_K_M/v2+story-v1/llama.cpp-b11443/t0	2026-10-06		
2041_040_15	d631571dd497fb7fb4d072d3d3dff2c38f964f30	As long as we don't get\ncaught, right? It's my first time\nin the Royal Capital, so there's\nso much I want to see!	machine	gemma-4-26B-A4B-it/UD-Q4_K_M/v2+story-v1+short-v1/llama.cpp-b11443/t0	2026-10-06		
2041_040_16	f7f3dc6544d08c004c2690eb5fbcbb0ec0398818	Are you even capable of not\ndrawing attention, Welch?	machine	gemma-4-26B-A4B-it/UD-Q4_K_M/v2+story-v1/llama.cpp-b11443/t0	2026-10-06		
2041_040_17	78049b1e83423d1c9c19326f304318cabe4d15d7	I'm not that much of an idiot!	machine	gemma-4-26B-A4B-it/UD-Q4_K_M/v2+story-v1/llama.cpp-b11443/t0	2026-10-06		
2041_040_18	f0401407c694be8cbba750fd4538bd8da4bb5634	True, staying cooped up in the\ninn until we're granted an\naudience wouldn't be ideal\neither.	machine	gemma-4-26B-A4B-it/UD-Q4_K_M/v2+story-v1/llama.cpp-b11443/t0	2026-10-06		
2041_040_19	300443129c834c0492c917680187cf8ec10c9a67	Let's go explore the Royal\nCapital so we don't become a\nburden to Euwin.	machine	gemma-4-26B-A4B-it/UD-Q4_K_M/v2+story-v1/llama.cpp-b11443/t0	2026-10-06		
2041_040_20	e2b2b74d03599a6c721a2505e197bc9b47930301	I'm sure everyone has\nsomething they're interested in\nseeing, right?	machine	gemma-4-26B-A4B-it/UD-Q4_K_M/v2+story-v1/llama.cpp-b11443/t0	2026-10-06		
2041_040_21	5d8431876c834968c27877e772521d6db6d5ab7b	In that case, let's make it free\ntime for everyone until dinner.	machine	gemma-4-26B-A4B-it/UD-Q4_K_M/v2+story-v1/llama.cpp-b11443/t0	2026-10-06		
2041_040_22	8764af87af9d485ee36259ea03b2cab0c4c8380e	What will the Captain do?	machine	gemma-4-26B-A4B-it/UD-Q4_K_M/v2+story-v1/llama.cpp-b11443/t0	2026-10-06		
2041_040_23	52b3374b8880493715f7d4ade04a6e13467f54ff	1. Go with Eve	machine	gemma-4-26B-A4B-it/UD-Q4_K_M/v2+story-v1/llama.cpp-b11443/t0	2026-10-06		
2041_040_24	f9b787010a748698d47181919c22b811841bb980	2. Go with Euwin and Welch	machine	gemma-4-26B-A4B-it/UD-Q4_K_M/v2+story-v1/llama.cpp-b11443/t0	2026-10-06		
2041_040_25	0fe2ecb294299d2b50d5c01795c4086bdadb4138	3. Go with Verda and Tika	machine	gemma-4-26B-A4B-it/UD-Q4_K_M/v2+story-v1/llama.cpp-b11443/t0	2026-10-06		
2041_040_26	c69d80a45da08677eb80b2f269e3ddfa8b3cd2da	4. Go alone	machine	gemma-4-26B-A4B-it/UD-Q4_K_M/v2+story-v1/llama.cpp-b11443/t0	2026-10-06		
2042_050_03	33280ec0cac6cb4a9d6d10d6996894861479a5d4	W-What? Nervous? I am not\nnervous at all!	machine	gemma-4-26B-A4B-it/UD-Q4_K_M/v2+story-v1/llama.cpp-b11443/t0	2026-10-06		
2042_050_05	0a5f45ede762f7944b8796d83fcb6f605b1220a3	My face is red...?	machine	gemma-4-26B-A4B-it/UD-Q4_K_M/v2+story-v1/llama.cpp-b11443/t0	2026-10-06		
2042_050_06	3212246e4268fee7846aaae0d5d7750cd7363c60	It's, um, well, it seems like it's a\nbit of a hot season in this\ncountry! And we've walked\nquite a bit, too!	machine	gemma-4-26B-A4B-it/UD-Q4_K_M/v2+story-v1/llama.cpp-b11443/t0	2026-10-06		
2042_050_07	31c42b73b0caf7fb97970410213d8b988990ddae	And besides, look, it's hard to\nrelax when it feels like the\nRoyal Capital soldiers are\nwatching us!	machine	gemma-4-26B-A4B-it/UD-Q4_K_M/v2+story-v1/llama.cpp-b11443/t0	2026-10-06		
2042_050_09	0526efb54479a345bec47485ad7a8c5186d63951	T-That's right! It feels like the\nnumber of guards has\nincreased since we left the inn!	machine	gemma-4-26B-A4B-it/UD-Q4_K_M/v2+story-v1/llama.cpp-b11443/t0	2026-10-06		
2042_050_10	54b6d0213025aadde047e180f1a80f7b7882be9a	It's so unsettling, and...	machine	gemma-4-26B-A4B-it/UD-Q4_K_M/v2+story-v1/llama.cpp-b11443/t0	2026-10-06		
2042_050_11	efc64d37ba77a5b5cd41eab08586daa069592f15	And... when I think about it, I\nrealized this is a first for me.	machine	gemma-4-26B-A4B-it/UD-Q4_K_M/v2+story-v1/llama.cpp-b11443/t0	2026-10-06		
2042_050_13	3436d4fae322272df6dabf8fefa3d3085f9a96d1	A first for what...?	machine	gemma-4-26B-A4B-it/UD-Q4_K_M/v2+story-v1/llama.cpp-b11443/t0	2026-10-06		
2042_050_14	e52f1001b433deb654551a6216a4560b04d21935	L-Look, Verda and the others\nare always with us, so...	machine	gemma-4-26B-A4B-it/UD-Q4_K_M/v2+story-v1/llama.cpp-b11443/t0	2026-10-06		
2042_050_15	ccef86baba4f304b25963c9234de050da62a9f56	I mean, this... having a meal\njust the two of us like this... it's\na first!	machine	gemma-4-26B-A4B-it/UD-Q4_K_M/v2+story-v1/llama.cpp-b11443/t0	2026-10-06		
2042_050_17	64208cc5cdba5b6e5bb16a1ca0e4978b6ef09129	S-So I told you, I'm not\nnervous!	machine	gemma-4-26B-A4B-it/UD-Q4_K_M/v2+story-v1/llama.cpp-b11443/t0	2026-10-06		
2042_050_18	94d95f8360a0e4c953fc268215e160544d4ad7ef	Exactly, it's not like I'd get\nnervous now just from having a\nmeal with the Captain...	machine	gemma-4-26B-A4B-it/UD-Q4_K_M/v2+story-v1/llama.cpp-b11443/t0	2026-10-06		
2042_050_19	8b51b34c44bb1870a6e186ded1cb92bbc90e7932	"Are you alright, Eve?!"	machine	gemma-4-26B-A4B-it/UD-Q4_K_M/v2+story-v1/llama.cpp-b11443/t0	2026-10-06		
2042_050_20	e9ac12e9f0d770ef64335ecd18b76ef4fd86572b	Your heart rate and\ntemperature are rising. Have\nyou been infected by a local\npathogen?!	machine	gemma-4-26B-A4B-it/UD-Q4_K_M/v2+story-v1+short-v1/llama.cpp-b11443/t0	2026-10-06		
2042_050_21	3fb07c05036e302f9d293c967b792d8f7de558ba	"Captain! Perform a medical\ncheck!"	machine	gemma-4-26B-A4B-it/UD-Q4_K_M/v2+story-v1/llama.cpp-b11443/t0	2026-10-06		
2042_050_24	1319148239de6e9ffa088fc66e300db9bcc53c3e	"Also, as Eve mentioned, two\nsoldiers have been confirmed\nto be monitoring you and Eve."	machine	gemma-4-26B-A4B-it/UD-Q4_K_M/v2+story-v1/llama.cpp-b11443/t0	2026-10-06		
2042_050_25	4b71c8d05f9da043c7f61c741cb1d0bbc7e6014a	"To avoid causing trouble for\nEuwin, Eve, it would be best if\nyou didn't blurt out anything\nstrange."	machine	gemma-4-26B-A4B-it/UD-Q4_K_M/v2+story-v1/llama.cpp-b11443/t0	2026-10-06		
2042_050_26	d33f1d32bbc9b16e77233640e596fefe28f26a96	"...Captain, I have one request."	machine	gemma-4-26B-A4B-it/UD-Q4_K_M/v2+story-v1/llama.cpp-b11443/t0	2026-10-06		
2042_050_28	4d610d62d27b2ab1ff140aeb209349b596d62565	"When we get back to Earth,\nplease exile Coro from the\nship."	machine	gemma-4-26B-A4B-it/UD-Q4_K_M/v2+story-v1/llama.cpp-b11443/t0	2026-10-06		
2042_050_29	b5eba0ea6696395ae5ef0f219b61fe31a33554d7	"What did I even do?!"	machine	gemma-4-26B-A4B-it/UD-Q4_K_M/v2+story-v1/llama.cpp-b11443/t0	2026-10-06		
2042_050_30	0bdda378caf07991a107357c65143df65f425151	"You know exactly what you're\ndoing!!"	machine	gemma-4-26B-A4B-it/UD-Q4_K_M/v2+story-v1/llama.cpp-b11443/t0	2026-10-06		
2042_050_31	ab087ad1342172e64bf1f60d254d60b9e18edf80	"Ugh! I was so looking forward\nto this... and now everything is\nruined!"	machine	gemma-4-26B-A4B-it/UD-Q4_K_M/v2+story-v1/llama.cpp-b11443/t0	2026-10-06		
2042_050_33	1ea8423f585b2b4349a578158768bd2369a94936	"I was just performing my\nduties as an AI as usualuuu!"	machine	gemma-4-26B-A4B-it/UD-Q4_K_M/v2+story-v1/llama.cpp-b11443/t0	2026-10-06		
2042_050_34	7736842a85c78696e9e3710d2877c13bb885d517	"Shut up!"	machine	gemma-4-26B-A4B-it/UD-Q4_K_M/v2+story-v1/llama.cpp-b11443/t0	2026-10-06		
2042_050_35	080e0f2f7c5f315fcda7736b808fff859d0749cb	Come on, Captain, hurry up and\neat so we can get back to\nVerda and Tika at the inn!!	machine	gemma-4-26B-A4B-it/UD-Q4_K_M/v2+story-v1/llama.cpp-b11443/t0	2026-10-06		
2042_060_01	550d22227f1b98df380bf87e34b0b6579db76ce0	Hey, I feel kind of bad! Making\nyou two tag along on my\nshopping trip.	machine	gemma-4-26B-A4B-it/UD-Q4_K_M/v2+story-v1/llama.cpp-b11443/t0	2026-10-06		
2042_060_03	19428d727e0afa8dd6050ce844eda00766d47659	To think you both wanted to\nenjoy a glamorous date in the\nRoyal Capital with the beautiful\ngirl Welch-chan so much!	machine	gemma-4-26B-A4B-it/UD-Q4_K_M/v2+story-v1/llama.cpp-b11443/t0	2026-10-06		
2042_060_04	6266a0be49069e0135504c823ad83441ed1ab21f	You should've just said so\nsooner!	machine	gemma-4-26B-A4B-it/UD-Q4_K_M/v2+story-v1/llama.cpp-b11443/t0	2026-10-06		
2042_060_05	27676975949fc63d2ac1426c6982711aaa78927f	Captain... you can... just deduct\nthis from my pay...	machine	gemma-4-26B-A4B-it/UD-Q4_K_M/v2+story-v1/llama.cpp-b11443/t0	2026-10-06		
2042_060_06	30bd64d8e6478fd18a6641fac28b07235736f893	In fact, you can add\ncompensation for the mental\ndamage I've sustained.	machine	gemma-4-26B-A4B-it/UD-Q4_K_M/v2+story-v1/llama.cpp-b11443/t0	2026-10-06		
2042_060_07	4517ebce27be106db013e95a43e92b6ea6fa536b	Hey, Eu-bo! That was\nexpensive, so don't go dragging\nit across the cobblestones and\nscratching it!	machine	gemma-4-26B-A4B-it/UD-Q4_K_M/v2+story-v1/llama.cpp-b11443/t0	2026-10-06		
2042_060_08	e13b00b9f7d4059542afd1ce4782e41034f948ed	I have no intention of boasting\nabout my family, but...	machine	gemma-4-26B-A4B-it/UD-Q4_K_M/v2+story-v1/llama.cpp-b11443/t0	2026-10-06		
2042_060_09	7fbe4a797d193e791fe1992ee21e347b1de451b7	Sometimes I think Welch,\nbossing around the Rakstar\nfamily like that, might be even\ngreater than the King of\nRubarika.	machine	gemma-4-26B-A4B-it/UD-Q4_K_M/v2+story-v1+short-v1/llama.cpp-b11443/t0	2026-10-06		
2042_060_11	9c28806a61a5908ec96f7969861953c697af8421	Eh? This?	machine	gemma-4-26B-A4B-it/UD-Q4_K_M/v2+story-v1/llama.cpp-b11443/t0	2026-10-06		
2042_060_12	aa6b9e64c485b4ce318ba7cff0f2633e350bde89	Ah, well, it's a tool for Welch's\nhobbies―or rather, her bad\nhabits.	machine	gemma-4-26B-A4B-it/UD-Q4_K_M/v2+story-v1/llama.cpp-b11443/t0	2026-10-06		
2042_060_13	a3ed455fbe2f87c401f1d81486f6052cf4dcf272	I caught it! I've always wanted\nto see it with my own eyes!\nThe Royal Crest Windmill!	machine	gemma-4-26B-A4B-it/UD-Q4_K_M/v2+story-v1/llama.cpp-b11443/t0	2026-10-06		
2042_060_15	487da73df5b89db51aece451846f9354328d8990	It's said to be built before the\nfirst Holy Land War, a facility\nvital to the history of the\nKingdom's Crest Arts.	machine	gemma-4-26B-A4B-it/UD-Q4_K_M/v2+story-v1+short-v1/llama.cpp-b11443/t0	2026-10-06		
2042_060_16	24c65c36a2049b79a74a3e34ded23ed83c648641	Since it's a machine from\nbefore the Holy Land War, it's\na precious historical artifact.	machine	gemma-4-26B-A4B-it/UD-Q4_K_M/v2+story-v1/llama.cpp-b11443/t0	2026-10-06		
2042_060_17	18795f2bae15af210349fc2b08ee2a8992590c37	It's amazing! Even without the\npower of Fayth, people back\nthen built such massive things\njust through their own\ningenuity!	machine	gemma-4-26B-A4B-it/UD-Q4_K_M/v2+story-v1+short-v1/llama.cpp-b11443/t0	2026-10-06		
2042_060_18	b5cb8d3d5a34925eee648232fc00d35db966835d	Alright! Time to draw! Eu! Get\nready! Hurry, hurry!	machine	gemma-4-26B-A4B-it/UD-Q4_K_M/v2+story-v1/llama.cpp-b11443/t0	2026-10-06		
2042_060_19	6f4cd137f838582ede76e07eb02766731f51fb3e	Yes, yes... Please wait a\nmoment, My Lady.	machine	gemma-4-26B-A4B-it/UD-Q4_K_M/v2+story-v1/llama.cpp-b11443/t0	2026-10-06		
2042_060_21	905fcbd7cc541b4a7368ce25c5b7f5f03398d230	What do you think I'm doing?\nSketching, obviously!	machine	gemma-4-26B-A4B-it/UD-Q4_K_M/v2+story-v1/llama.cpp-b11443/t0	2026-10-06		
2042_060_23	393e59084c8598d92d0ce78bf2eda40454381ad7	I'm going to copy this incredible\nmachine and keep it as\nreference material.	machine	gemma-4-26B-A4B-it/UD-Q4_K_M/v2+story-v1/llama.cpp-b11443/t0	2026-10-06		
2042_060_24	1e63732b465989b702fd6cabfa8f383efa912034	I'll analyze the historical\ncontext and structural\nphilosophy behind its creation\nto fuel my future inventions!	machine	gemma-4-26B-A4B-it/UD-Q4_K_M/v2+story-v1/llama.cpp-b11443/t0	2026-10-06		
2042_060_25	457e99b3018d223ef7ddd188c891a40a02aad32d	Well, it's all for science! Now!\nTime to draw!	machine	gemma-4-26B-A4B-it/UD-Q4_K_M/v2+story-v1/llama.cpp-b11443/t0	2026-10-06		
2042_060_26	385191521cb438c86d435a667204be19533db528	Finished! Mm, I really put my\nheart and soul into this one!	machine	gemma-4-26B-A4B-it/UD-Q4_K_M/v2+story-v1/llama.cpp-b11443/t0	2026-10-06		
2042_060_28	b200458e5347635f9ad8048cfe1c91370f74029d	Captain, please, just don't say\nanything.	machine	gemma-4-26B-A4B-it/UD-Q4_K_M/v2+story-v1/llama.cpp-b11443/t0	2026-10-06		
2042_060_30	023b600abe5f09fec52bc7e7df4b4eabdd652fc5	What? Are you stunned by my\navant-garde and eccentric\nsense of style?	machine	gemma-4-26B-A4B-it/UD-Q4_K_M/v2+story-v1/llama.cpp-b11443/t0	2026-10-06		
2042_060_31	f3a72ff740a79605152755d992f057dca791fdab	Welch... is catastrophically bad\nat drawing...	machine	gemma-4-26B-A4B-it/UD-Q4_K_M/v2+story-v1/llama.cpp-b11443/t0	2026-10-06		
2042_060_32	4b19b7c62137047b4182284319575612a930c4a8	Hmm! I'm feeling Inspired\nAction!	machine	gemma-4-26B-A4B-it/UD-Q4_K_M/v2+story-v1/llama.cpp-b11443/t0	2026-10-06		
2042_060_33	e0bf4fe7bad0641d591965da5f5b2c2639d4a5a3	Eu-bo! Let me tinker with your\ndual blades a bit when we get\nback to the inn!	machine	gemma-4-26B-A4B-it/UD-Q4_K_M/v2+story-v1/llama.cpp-b11443/t0	2026-10-06		
2042_060_34	81ada15269ca26c08d99cbe47d67bfba727222d1	No!! Hey, I said no!!	machine	gemma-4-26B-A4B-it/UD-Q4_K_M/v2+story-v1/llama.cpp-b11443/t0	2026-10-06		
2042_060_36	211053f33123ec8adbeaafbe1ba0cec5afed35b5	W-what's wrong, Captain...?	machine	gemma-4-26B-A4B-it/UD-Q4_K_M/v2+story-v1/llama.cpp-b11443/t0	2026-10-06		
2042_060_37	4b2854986ba4c53692cf1207d10b1d4128cb009e	Hm, is that...?	machine	gemma-4-26B-A4B-it/UD-Q4_K_M/v2+story-v1/llama.cpp-b11443/t0	2026-10-06		
2042_060_38	98ee926eaee617f734de14de77c4acd836bb3969	What was that?	machine	gemma-4-26B-A4B-it/UD-Q4_K_M/v2+story-v1/llama.cpp-b11443/t0	2026-10-06		
2042_060_39	80e771ef58ecbc0c3f0a65fd599d708c390fa84a	There's a crowd gathering over\nthere. I wonder what it is.	machine	gemma-4-26B-A4B-it/UD-Q4_K_M/v2+story-v1/llama.cpp-b11443/t0	2026-10-06		
2042_060_40	fd5dc06e8efe4a3f01d9386d999f2d375cae8da6	Ah, the Kingdom Army's bulletin\nboard. It's an announcement\nthat the new "Light Arrow of\nthe Messenger" is complete.	machine	gemma-4-26B-A4B-it/UD-Q4_K_M/v2+story-v1+short-v1/llama.cpp-b11443/t0	2026-10-06		
2042_060_41	548bac5619545eb5bf84ff5c4d4a229ac67b16cf	...Hmph.	machine	gemma-4-26B-A4B-it/UD-Q4_K_M/v2+story-v1/llama.cpp-b11443/t0	2026-10-06		
2042_060_43	c265134e8a1c36ee3e31da282703af9b259e5007	Huh? I'm not interested. I don't\ncare about that stuff, so let's\nhead back to the inn already.	machine	gemma-4-26B-A4B-it/UD-Q4_K_M/v2+story-v1/llama.cpp-b11443/t0	2026-10-06		
2042_070_04	06e9d168c97670e2fbc5999044713022f699a5ff	Say, Rekoro, wouldn't a little bit\nbe alright?	machine	gemma-4-26B-A4B-it/UD-Q4_K_M/v2+story-v1/llama.cpp-b11443/t0	2026-10-06		
2042_070_05	bc3c791df38ab9ab9a8d28761faf89c29c3da3ab	I refuse.	machine	gemma-4-26B-A4B-it/UD-Q4_K_M/v2+story-v1/llama.cpp-b11443/t0	2026-10-06		
2042_070_06	7144bc3fb08cd4f4fc5a1ba4acebaf9172378644	We're in the Royal Capital, so\nit's mostly safe. Being tracked\nby Gems means the guards\ncan protect us if an emergency\narises.	machine	gemma-4-26B-A4B-it/UD-Q4_K_M/v2+story-v1+short-v1/llama.cpp-b11443/t0	2026-10-06		
2042_070_07	001aeb8f712a186dd16474ecf58bde66ac8e4ba3	I don't think anything unusual\nwill happen very often.	machine	gemma-4-26B-A4B-it/UD-Q4_K_M/v2+story-v1/llama.cpp-b11443/t0	2026-10-06		
2042_070_08	fe91123a26ccbc12f90271581cb4c033f04a7a2b	The moment with the highest\nfailure rate during a mission is\nimmediately before completion.	machine	gemma-4-26B-A4B-it/UD-Q4_K_M/v2+story-v1/llama.cpp-b11443/t0	2026-10-06		
2042_070_09	a29d2d2e0165d80a1bd3eff71e8c761460153691	There is a massive bounty on\nTika, and the date for her\nmeeting with General Ricardo\nhas not been finalized.	machine	gemma-4-26B-A4B-it/UD-Q4_K_M/v2+story-v1/llama.cpp-b11443/t0	2026-10-06		
2042_070_10	7b9c424c534756e503ed8912004c13fe1779a0de	If we are not returning to the\nship, I recommend that Tika\ndoes not leave this inn, even to\nensure her safety.	machine	gemma-4-26B-A4B-it/UD-Q4_K_M/v2+story-v1/llama.cpp-b11443/t0	2026-10-06		
2042_070_11	77b811f22fefa0523753f15b2326f096ecd84c6a	It's okay, Big Sister Verda. I\ndon't even need to go out...	machine	gemma-4-26B-A4B-it/UD-Q4_K_M/v2+story-v1/llama.cpp-b11443/t0	2026-10-06		
2042_070_12	922917ab7f0bc298d37188a780af3111d6fad773	No, Rekoro, you are being far\ntoo overprotective of Tika.	machine	gemma-4-26B-A4B-it/UD-Q4_K_M/v2+story-v1/llama.cpp-b11443/t0	2026-10-06		
2042_070_13	7770a2554ba1e641adac743f1d280458c954d743	Just what are you so afraid\nof?	machine	gemma-4-26B-A4B-it/UD-Q4_K_M/v2+story-v1/llama.cpp-b11443/t0	2026-10-06		
2042_070_14	02af7f07348cf82bd89d9d376e710407feb3787e	I am not afraid.	machine	gemma-4-26B-A4B-it/UD-Q4_K_M/v2+story-v1/llama.cpp-b11443/t0	2026-10-06		
2042_070_15	0467cffc50ba94c3be83b21620b8f0f250c2c28d	However, by the standards of\nDaftine, where Tika lives,	machine	gemma-4-26B-A4B-it/UD-Q4_K_M/v2+story-v1/llama.cpp-b11443/t0	2026-10-06		
2042_070_16	330068b09c1711dbfcd84eaeefb94e59dea14e97	In the sensibilities of Duffyne,\nwhere Tika lives, setting foot in\nthis Royal Capital means great\ndanger is looming over her.	machine	gemma-4-26B-A4B-it/UD-Q4_K_M/v2+story-v1/llama.cpp-b11443/t0	2026-10-06		
2042_070_17	d12c83c1afa098b39e9c44b9560cded8d27e79a7	What do you mean by that?	machine	gemma-4-26B-A4B-it/UD-Q4_K_M/v2+story-v1/llama.cpp-b11443/t0	2026-10-06		
2042_070_18	69334ee014a21b1619a70bdba740a679556bffd2	I suppose the presence of\nsoldiers everywhere might feel\nintense, but it's likely why\npublic order is maintained.	machine	gemma-4-26B-A4B-it/UD-Q4_K_M/v2+story-v1+short-v1/llama.cpp-b11443/t0	2026-10-06		
2042_070_19	684a4a90546f774d61ca589426f4df750c06b8a3	That is not the issue.	machine	gemma-4-26B-A4B-it/UD-Q4_K_M/v2+story-v1/llama.cpp-b11443/t0	2026-10-06		
2042_070_20	d85d22a57a245d5f0642fada284922bcc9ea510b	I ask you, Verda Kleiman. What\ndo you think of Tika's\nappearance?	machine	gemma-4-26B-A4B-it/UD-Q4_K_M/v2+story-v1/llama.cpp-b11443/t0	2026-10-06		
2042_070_21	eeddb85a95679998e1c08fb16816c584ff7b2775	Huh?	machine	gemma-4-26B-A4B-it/UD-Q4_K_M/v2+story-v1/llama.cpp-b11443/t0	2026-10-06		
2042_070_22	0459bd2a74e70c7069b741487431769a5119c747	Tika is cute.	machine	gemma-4-26B-A4B-it/UD-Q4_K_M/v2+story-v1/llama.cpp-b11443/t0	2026-10-06		
2042_070_23	f32fedf4d3618de61b476ea106e5f502ebb1c70c	Hmm...	machine	gemma-4-26B-A4B-it/UD-Q4_K_M/v2+story-v1/llama.cpp-b11443/t0	2026-10-06		
2042_070_24	612f6299e08c91e95b557569f3a35ed4c9d2d99e	Hm?	machine	gemma-4-26B-A4B-it/UD-Q4_K_M/v2+story-v1/llama.cpp-b11443/t0	2026-10-06		
2042_070_25	ce4023a835c8d7bd64aa9c7f54e49f132ce9c47e	Rekoro?	machine	gemma-4-26B-A4B-it/UD-Q4_K_M/v2+story-v1/llama.cpp-b11443/t0	2026-10-06		
2042_070_26	bef9b144d1959032de885f12690d342a318100d0	Even if he is performing duties\nfor the state,	machine	gemma-4-26B-A4B-it/UD-Q4_K_M/v2+story-v1/llama.cpp-b11443/t0	2026-10-06		
2042_070_27	784e3cd2d7ac83391a5ec622c8b112927697a9dc	It is utterly unacceptable for a\nman of this country to observe\nTika's every single move so\nclosely. This is a grave matter.	machine	gemma-4-26B-A4B-it/UD-Q4_K_M/v2+story-v1/llama.cpp-b11443/t0	2026-10-06		
2042_070_28	dcfa482b6e13bb05c44bd955970f1c4584bd464f	Wait, hold on a second, Rekoro,\nthat's...	machine	gemma-4-26B-A4B-it/UD-Q4_K_M/v2+story-v1/llama.cpp-b11443/t0	2026-10-06		
2042_070_29	e92e36d1d23676ae407286b1db321793bbb25604	I cannot allow Tika to go to a\ncity where people can legally\nstalk her.	machine	gemma-4-26B-A4B-it/UD-Q4_K_M/v2+story-v1+short-v1/llama.cpp-b11443/t0	2026-10-06		
2042_070_30	df4a6a48074fe50a90215adabdc04cfe9b91e366	Well, I mean, if you put it that\nway, I guess you're right.	machine	gemma-4-26B-A4B-it/UD-Q4_K_M/v2+story-v1/llama.cpp-b11443/t0	2026-10-06		
2042_070_31	94ca7f9bf6da965a9a7efb29fd4c3ff170033642	This vessel's AI, Rekoro, is\ntasked with maintaining not\nonly the physical safety of the\ncrew, but also their mental\nwell-being.	machine	gemma-4-26B-A4B-it/UD-Q4_K_M/v2+story-v1/llama.cpp-b11443/t0	2026-10-06		
2042_070_32	eb933552bea18e6f1e9a6878a4612120b698ed6e	It is unacceptable for Tika to\nbe subjected to such gazes.	machine	gemma-4-26B-A4B-it/UD-Q4_K_M/v2+story-v1/llama.cpp-b11443/t0	2026-10-06		
2042_070_33	c402283886d9b612fc9ad8c77f1f0bf559f456e4	Rekoro... you're saying things\nthat are so complicated, I don't\nreally get it...	machine	gemma-4-26B-A4B-it/UD-Q4_K_M/v2+story-v1/llama.cpp-b11443/t0	2026-10-06		
2042_070_34	012ca57aa2f753316c7afe50c5792f9f36ade993	It means there are lots of\nscary adults outside!	machine	gemma-4-26B-A4B-it/UD-Q4_K_M/v2+story-v1/llama.cpp-b11443/t0	2026-10-06		
2042_070_35	a47215494625053312c3794abd97d6bdf443b393	But I think staying cooped up\nall the time would be even\nworse for her mental state.	machine	gemma-4-26B-A4B-it/UD-Q4_K_M/v2+story-v1/llama.cpp-b11443/t0	2026-10-06		
2042_070_36	4eaf22fe09a20eaa36c3b7af5e34c048a702d924	Anticipating this, I've installed\nvarious functions so Tika never\ngets bored, no matter the\nsituation!	machine	gemma-4-26B-A4B-it/UD-Q4_K_M/v2+story-v1+short-v1/llama.cpp-b11443/t0	2026-10-06		
2042_070_37	8aa3f4a4c7b6d735b27d55cff6dd6fbd6d49009d	...Rekoro, I appreciate the\nthought, but I'm in elementary\nschool now. Just playing with\nstuffed animals is a bit...	machine	gemma-4-26B-A4B-it/UD-Q4_K_M/v2+story-v1+short-v1/llama.cpp-b11443/t0	2026-10-06		
2042_070_38	3c13b7dfe2a2442fda0b4ff5e9140670ee3096a9	W-W-What!?	machine	gemma-4-26B-A4B-it/UD-Q4_K_M/v2+story-v1/llama.cpp-b11443/t0	2026-10-06		
2042_070_39	1ce0db43a84b4a6f17fe928a8be3551dd8263254	I-I love you! Y-You're so cute!\nYou're exactly my type!	machine	gemma-4-26B-A4B-it/UD-Q4_K_M/v2+story-v1/llama.cpp-b11443/t0	2026-10-06		
2042_070_41	c36a09b90ebd2d94bda42bbfd678d84c2be860f0	If you say it's dangerous,\nRekoro, I'll be perfectly fine\nstaying inside the inn.	machine	gemma-4-26B-A4B-it/UD-Q4_K_M/v2+story-v1/llama.cpp-b11443/t0	2026-10-06		
2042_070_42	452e0586b982c57ad3de9e7fbd49a9e780757e2e	But...	machine	gemma-4-26B-A4B-it/UD-Q4_K_M/v2+story-v1/llama.cpp-b11443/t0	2026-10-06		
2042_070_43	c77bdebe3e35dea30c95e2131b7cb3e5b1b686ad	Please don't say bad things\nabout the soldiers outside.	machine	gemma-4-26B-A4B-it/UD-Q4_K_M/v2+story-v1/llama.cpp-b11443/t0	2026-10-06		
2042_070_44	6f9e36f35a3d2f3d9e0f147502f9d8bd3bea2fae	Soldiers must do unpleasant\nthings ordinary people can't, all\nto protect their country. You\nunderstand that too, right,\nRekoro?	machine	gemma-4-26B-A4B-it/UD-Q4_K_M/v2+story-v1+short-v1/llama.cpp-b11443/t0	2026-10-06		
2042_070_45	a2935e08505375f742dbb8f96884d9a30cf7abbe	...Affirmative.	machine	gemma-4-26B-A4B-it/UD-Q4_K_M/v2+story-v1/llama.cpp-b11443/t0	2026-10-06		
2042_070_46	3acc8723a65538fa965416042d938bfdd5fa5d6b	Tika... dear.	machine	gemma-4-26B-A4B-it/UD-Q4_K_M/v2+story-v1/llama.cpp-b11443/t0	2026-10-06		
2042_070_47	4b69f11a897805110e7fd3f97198be9d7f8d54ea	Hey, Rekoro, you have all sorts\nof things hidden inside your\nbody, don't you? What else is\nin there?	machine	gemma-4-26B-A4B-it/UD-Q4_K_M/v2+story-v1/llama.cpp-b11443/t0	2026-10-06		
2042_070_49	f39f1b1ef6089a9529f86aefc24eb73ab6a9e020	I want to try playing that!\nVerda, let's play together!	machine	gemma-4-26B-A4B-it/UD-Q4_K_M/v2+story-v1/llama.cpp-b11443/t0	2026-10-06		
2042_070_50	8b3fab2b4cb835a2b5bbf55adcdcd65b3f65781a	However, since I could not find\nany manuals, I am currently in\nthe middle of analyzing the\nrules.	machine	gemma-4-26B-A4B-it/UD-Q4_K_M/v2+story-v1/llama.cpp-b11443/t0	2026-10-06		
2042_070_51	e8e6cd9cac3a8e8d50c011bb77476851419f073e	In that case, let's call the\nCaptain and all play together.	machine	gemma-4-26B-A4B-it/UD-Q4_K_M/v2+story-v1/llama.cpp-b11443/t0	2026-10-06		
2042_070_52	efb7f1cef7c15784a35ed53a9b75785fd9c11fe3	Yeah! I'll go get the Captain!	machine	gemma-4-26B-A4B-it/UD-Q4_K_M/v2+story-v1/llama.cpp-b11443/t0	2026-10-06		
2042_070_53	b9628b0ddb59895a7c3fe03ea1adf3e11f29ef2d	Children are difficult.	machine	gemma-4-26B-A4B-it/UD-Q4_K_M/v2+story-v1/llama.cpp-b11443/t0	2026-10-06		
2042_070_54	20e22c45f49e8148c1909347604f1dfd60253081	Tika is a bright child. Besides,\nit seems she had a soldier\namong those close to her.	machine	gemma-4-26B-A4B-it/UD-Q4_K_M/v2+story-v1/llama.cpp-b11443/t0	2026-10-06		
2042_070_55	a8ce39cd6b6d2e54419e8dc0b451cf2b16ccedf7	No matches were found in\nTika's emergency contacts or\nthe colonization ship's resident\nrecords.	machine	gemma-4-26B-A4B-it/UD-Q4_K_M/v2+story-v1+short-v1/llama.cpp-b11443/t0	2026-10-06		
2042_070_56	6eaa8bc8e3887b9a7b1827e1963735b5249f5beb	I still... I still do not understand\nTika well enough.	machine	gemma-4-26B-A4B-it/UD-Q4_K_M/v2+story-v1/llama.cpp-b11443/t0	2026-10-06		
2042_070_57	79cffb46729188223fbb17862007a6a5cd979e4c	Even with family lived with for\nyears, people rarely truly\nunderstand each other. There\nis no need to rush.	machine	gemma-4-26B-A4B-it/UD-Q4_K_M/v2+story-v1+short-v1/llama.cpp-b11443/t0	2026-10-06		
2042_070_58	5e7bd9496b050e70c9acad1b50f000f72e8408ec	...I shall strive to do better.	machine	gemma-4-26B-A4B-it/UD-Q4_K_M/v2+story-v1/llama.cpp-b11443/t0	2026-10-06		
2042_080_02	c066ac582e61fbf213449874e71df98df99d527b	"You look exhausted."	machine	gemma-4-26B-A4B-it/UD-Q4_K_M/v2+story-v1/llama.cpp-b11443/t0	2026-10-06		
2042_080_04	cd8e92fc0d3e9ce0559052be8dea3b1d36c7381e	<font color=blue>Coro</font> "Yes, it's a bit late to\nrealize, but space is truly vast."	machine	gemma-4-26B-A4B-it/UD-Q4_K_M/v2+story-v1/llama.cpp-b11443/t0	2026-10-06		
2042_080_05	8fb26732c6eb76e95e0fcb28bb2fe0898a837930	Time travel, optical weapons on\nprimitive planets... the\nFederation's advanced\ncivilization cannot fathom it all.	machine	gemma-4-26B-A4B-it/UD-Q4_K_M/v2+story-v1+short-v1/llama.cpp-b11443/t0	2026-10-06		
2042_080_07	0e93cf317b4d061f4b1ebc0cd0537c29527691f6	<font color=blue>Coro</font> "...I know. I haven't been\nneglecting our information\ngathering."	machine	gemma-4-26B-A4B-it/UD-Q4_K_M/v2+story-v1/llama.cpp-b11443/t0	2026-10-06		
2042_080_08	0698a93ca156c41829303dcdc587807e7e9d55ca	I am analyzing data from the\nplanet and its orbit, including\nthe Federation signals that\nrevealed Tika's location and\nwhy Tika and Rekoro travel\nthrough time.	machine	gemma-4-26B-A4B-it/UD-Q4_K_M/v2+story-v1+short-v1/llama.cpp-b11443/t0	2026-10-06		
2042_080_09	a68b852d4d26d585ba5223297dd60c7b78567475	I am constantly analyzing\ndetailed data from\nobservations of the entire\nplanet and its orbit, including\nthe signals that revealed Tika's\nlocation.	machine	gemma-4-26B-A4B-it/UD-Q4_K_M/v2+story-v1+short-v1/llama.cpp-b11443/t0	2026-10-06		
2042_080_11	967ac0d696c8e3b352b93ab96ce7e650cc8ef4b0	<font color=blue>Coro</font> "Understood! At your\ncommand, Captain, I'll go\nthrough fire or water, to the\nends of time or even beyond\nthe moon...!	machine	gemma-4-26B-A4B-it/UD-Q4_K_M/v2+story-v1+short-v1/llama.cpp-b11443/t0	2026-10-06		
2042_080_13	69aa60224a3676d287bd8dddee17eff936fcdb89	<font color=blue>Coro</font> "Yes. I will continue data\ncollection without getting\ndistracted. Understood."	machine	gemma-4-26B-A4B-it/UD-Q4_K_M/v2+story-v1/llama.cpp-b11443/t0	2026-10-06		
2043_100_01	10582de4e643fde08b0fa25b63a7526c9d222243	As soon as the sun goes down,\nthe whole town becomes\nnoticeably quiet.	machine	gemma-4-26B-A4B-it/UD-Q4_K_M/v2+story-v1/llama.cpp-b11443/t0	2026-10-06		
2043_100_02	1d80bfd9a23c73e31d1022dcfa062b9b1fb6d6f2	There are restrictions on going\nout at night. It can't be helped.	machine	gemma-4-26B-A4B-it/UD-Q4_K_M/v2+story-v1/llama.cpp-b11443/t0	2026-10-06		
2043_100_03	5e19a3eab6d4dd0a816c44814786b462f284094f	I wonder how the battle is\ngoing. If the fighting is too\nintense, will General Ricardo be\nunable to return to the Royal\nCapital?	machine	gemma-4-26B-A4B-it/UD-Q4_K_M/v2+story-v1+short-v1/llama.cpp-b11443/t0	2026-10-06		
2043_100_04	646eea52ab01d1d6a38f6e87fb143ae3d10f8f82	Well, it's only the first day. We'll\njust have to wait patiently.	machine	gemma-4-26B-A4B-it/UD-Q4_K_M/v2+story-v1/llama.cpp-b11443/t0	2026-10-06		
2043_100_05	7a5d315bb2d913c82a1c6038bfe0ed97ef6208aa	If this drags on, I'd like to go\noutside at least a little bit.	machine	gemma-4-26B-A4B-it/UD-Q4_K_M/v2+story-v1/llama.cpp-b11443/t0	2026-10-06		
2043_100_07	5e416c7476b7639e66f6a069424239769ecd870c	Eh? What do you mean?	machine	gemma-4-26B-A4B-it/UD-Q4_K_M/v2+story-v1/llama.cpp-b11443/t0	2026-10-06		
2043_100_08	78b4bbf82cfd0c8c8773c223cb46416f38f56bb5	...Did you notice it too,\nCaptain?	machine	gemma-4-26B-A4B-it/UD-Q4_K_M/v2+story-v1/llama.cpp-b11443/t0	2026-10-06		
2043_100_09	40230b9b719069df74a7a129e4713cf2dc53f661	Huh? Notice what?	machine	gemma-4-26B-A4B-it/UD-Q4_K_M/v2+story-v1/llama.cpp-b11443/t0	2026-10-06		
2043_100_10	e383e2c3861d1beea703c8faa6b29b6e5a75982b	I wanted to think it was just\nmy imagination... but the\nsurveillance has been getting\nstricter since around evening.	machine	gemma-4-26B-A4B-it/UD-Q4_K_M/v2+story-v1/llama.cpp-b11443/t0	2026-10-06		
2043_100_11	5b8d7982954d221e2bcfa23514aa448bec1dd919	Eh?	machine	gemma-4-26B-A4B-it/UD-Q4_K_M/v2+story-v1/llama.cpp-b11443/t0	2026-10-06		
2043_100_12	d8a3518288d0086309dd47a32ea0763aaa6737b9	Did you notice those men at\nthe back of the cafeteria\nduring dinner just now?	machine	gemma-4-26B-A4B-it/UD-Q4_K_M/v2+story-v1/llama.cpp-b11443/t0	2026-10-06		
2043_100_13	825d27c1ab6c00b12cda7c9c7e29835d6f52dcfc	They're likely security guards\nmonitoring us.	machine	gemma-4-26B-A4B-it/UD-Q4_K_M/v2+story-v1/llama.cpp-b11443/t0	2026-10-06		
2043_100_14	42678a97d9741ce72d78b2941698b84d5c60d296	Welch, what on earth have you\ndone?	machine	gemma-4-26B-A4B-it/UD-Q4_K_M/v2+story-v1/llama.cpp-b11443/t0	2026-10-06		
2043_100_15	e88b726e60ae358c5c39fc12e3415bcb7a418891	Huh? Me!?	machine	gemma-4-26B-A4B-it/UD-Q4_K_M/v2+story-v1/llama.cpp-b11443/t0	2026-10-06		
2043_100_16	be6ce2e9b72e598fdbb1e4c49c60a13c6ca4a10d	It's not Welch. They've been\nwatching me ever since I\napplied for an audience with\nthe General.	machine	gemma-4-26B-A4B-it/UD-Q4_K_M/v2+story-v1/llama.cpp-b11443/t0	2026-10-06		
2043_100_17	2a81d4b4160552e078e62e77ab16052ef9eca73c	What do you people take me\nfor?	machine	gemma-4-26B-A4B-it/UD-Q4_K_M/v2+story-v1/llama.cpp-b11443/t0	2026-10-06		
2043_100_18	ecb05ce1978c5707c1c73fa12dc010b6db4a90e4	...Is it my fault?	machine	gemma-4-26B-A4B-it/UD-Q4_K_M/v2+story-v1/llama.cpp-b11443/t0	2026-10-06		
2043_100_19	66e7df2f1221fb9ee55b65e0e803651b0a4f3aa7	There's no point in offering\nempty comfort. It's almost\ncertainly the case.	machine	gemma-4-26B-A4B-it/UD-Q4_K_M/v2+story-v1/llama.cpp-b11443/t0	2026-10-06		
2043_100_20	00e66529df40eca98a275bbc0183b5a074b6633d	They likely intend to observe\nexactly what kind of person is\nrequesting an audience with\nthe General.	machine	gemma-4-26B-A4B-it/UD-Q4_K_M/v2+story-v1/llama.cpp-b11443/t0	2026-10-06		
2043_100_21	8873be69fbc82447a36bb245d13a074fd04f26db	Well, being watched also means\nwe're safe if something\nhappens.	machine	gemma-4-26B-A4B-it/UD-Q4_K_M/v2+story-v1/llama.cpp-b11443/t0	2026-10-06		
2043_100_22	8a781704d00c6ddebf6ad3139829c965cd6046db	It's not like we came here to\ndo anything bad, so we should\njust wait for General Ricardo\nwith our heads held high.	machine	gemma-4-26B-A4B-it/UD-Q4_K_M/v2+story-v1/llama.cpp-b11443/t0	2026-10-06		
2043_100_23	e2133549d68fd4ea4007aab76ac8f48a02994cdb	After all, a high bounty\nwouldn't be placed on someone\nwithout a significant reason.	machine	gemma-4-26B-A4B-it/UD-Q4_K_M/v2+story-v1/llama.cpp-b11443/t0	2026-10-06		
2043_100_24	a89ce34eac9632c184899caf5799b4f58c2d5b7d	Perhaps they are actually\nguarding us from the shadows.	machine	gemma-4-26B-A4B-it/UD-Q4_K_M/v2+story-v1/llama.cpp-b11443/t0	2026-10-06		
2043_100_25	6bf941bd8e860ca26b299969d0850fc74290b7e6	I certainly hope so.	machine	gemma-4-26B-A4B-it/UD-Q4_K_M/v2+story-v1/llama.cpp-b11443/t0	2026-10-06		
2043_100_26	8903c445e991a243effd2a382c87997713b3a255	In any case, I just hope nothing\nhappens until General Ricardo\nreturns...	machine	gemma-4-26B-A4B-it/UD-Q4_K_M/v2+story-v1/llama.cpp-b11443/t0	2026-10-06		
2043_100_27	80f2c2ef7cfb4fc3060a9b554c878fb706bda9fb	...nothing at all!	machine	gemma-4-26B-A4B-it/UD-Q4_K_M/v2+story-v1/llama.cpp-b11443/t0	2026-10-06		
2043_100_29	fa2912fedf183d736c73f1b21dcbb8eb44f09916	Tika!	machine	gemma-4-26B-A4B-it/UD-Q4_K_M/v2+story-v1/llama.cpp-b11443/t0	2026-10-06		
2043_100_30	e0c2b742044c6e154f4ad2a64e97d83f2d45e9f1	Tika! Get back!	machine	gemma-4-26B-A4B-it/UD-Q4_K_M/v2+story-v1/llama.cpp-b11443/t0	2026-10-06		
2043_100_31	996b09fcd7441bc3079251cc4efb36f0f350ed58	What's your problem, you guys!!	machine	gemma-4-26B-A4B-it/UD-Q4_K_M/v2+story-v1/llama.cpp-b11443/t0	2026-10-06		
2043_100_32	9b989a2e22764d17c2bd34c86b25de9d949b9048	It's too cramped in here! Let's\nget outside!	machine	gemma-4-26B-A4B-it/UD-Q4_K_M/v2+story-v1/llama.cpp-b11443/t0	2026-10-06		
2043_110_01	9f082b5cb1bcd974f4e7029fdb36a299549d3f55	Why, you...!	machine	gemma-4-26B-A4B-it/UD-Q4_K_M/v2+story-v1/llama.cpp-b11443/t0	2026-10-06		
2043_110_02	95a736af6d72a437e401671ab8b02a526b6282a0	Raider Leader: Ugh, fall back!!	machine	gemma-4-26B-A4B-it/UD-Q4_K_M/v2+story-v1/llama.cpp-b11443/t0	2026-10-06		
2043_110_03	a6a2f7e176710aaf32bf5b161d843159c12cace3	Hey, get back here!	machine	gemma-4-26B-A4B-it/UD-Q4_K_M/v2+story-v1/llama.cpp-b11443/t0	2026-10-06		
2043_110_04	81f882e5a56881889fa7be488a50c26021979064	Take this!	machine	gemma-4-26B-A4B-it/UD-Q4_K_M/v2+story-v1/llama.cpp-b11443/t0	2026-10-06		
2043_110_05	1cc35d4ad5d15be62edbc9141b4d640d4dd5dd1b	Raider: Gwaaaaah!	machine	gemma-4-26B-A4B-it/UD-Q4_K_M/v2+story-v1/llama.cpp-b11443/t0	2026-10-06		
2043_110_06	e3dd69ac0c3225f2de9d8116a02d5f2b9b5dabef	Tika! You did it!	machine	gemma-4-26B-A4B-it/UD-Q4_K_M/v2+story-v1/llama.cpp-b11443/t0	2026-10-06		
2043_110_07	22fb8c8bb7da77a516d2f7f5d742c225da7c5142	Raider: Gwooooooh!	machine	gemma-4-26B-A4B-it/UD-Q4_K_M/v2+story-v1/llama.cpp-b11443/t0	2026-10-06		
2043_110_08	143510cdea73ad76aefde34e9984cd8402ae1bca	Tika! You're squeezing Arms\ntoo hard! You're going to kill\nhim!!	machine	gemma-4-26B-A4B-it/UD-Q4_K_M/v2+story-v1/llama.cpp-b11443/t0	2026-10-06		
2043_110_09	16765ae37ad0307aba8aa46357ae40a6d7422655	Ah, ah, I-I'm sorry!	machine	gemma-4-26B-A4B-it/UD-Q4_K_M/v2+story-v1/llama.cpp-b11443/t0	2026-10-06		
2043_110_10	a05fdb12a7de5ff6698ea7e7600664a8330115b3	Raider: Kyuu...	machine	gemma-4-26B-A4B-it/UD-Q4_K_M/v2+story-v1/llama.cpp-b11443/t0	2026-10-06		
2043_110_11	f1326bf602de4022f708ad253f8f5c7fd72396b8	No! It was a great job!	machine	gemma-4-26B-A4B-it/UD-Q4_K_M/v2+story-v1/llama.cpp-b11443/t0	2026-10-06		
2043_110_12	c502122349917a1afba0b54b605b175012951dcf	Hey! Where are you from...?	machine	gemma-4-26B-A4B-it/UD-Q4_K_M/v2+story-v1/llama.cpp-b11443/t0	2026-10-06		
2043_110_13	7ab77eb5be4bb95d042dabe38383dc50b4af1d20	They're unconscious.	machine	gemma-4-26B-A4B-it/UD-Q4_K_M/v2+story-v1/llama.cpp-b11443/t0	2026-10-06		
2043_110_14	d51aa5bd0000df73eb652e0e0bd7a507c76b60e0	I-I'm sorry. Was the power of\nmy Arms too strong...?	machine	gemma-4-26B-A4B-it/UD-Q4_K_M/v2+story-v1/llama.cpp-b11443/t0	2026-10-06		
2043_110_15	b85b0e8b058118d78952af2af2af245ff6709111	No, it was a fine display. They'd\nexploit any opening if you held\nback. This was just right.	machine	gemma-4-26B-A4B-it/UD-Q4_K_M/v2+story-v1+short-v1/llama.cpp-b11443/t0	2026-10-06		
2043_110_16	497b3b7f1911e03852b69f218e5612d317ef5015	Still, what are we going to do\nabout this? They've completely\ntrashed the inn...	machine	gemma-4-26B-A4B-it/UD-Q4_K_M/v2+story-v1/llama.cpp-b11443/t0	2026-10-06		
2043_110_17	d9219350e4203415a12ac4cd285a650c3902f6a9	It goes without saying, but they\naren't carrying anything to\nindicate which group they\nbelong to.	machine	gemma-4-26B-A4B-it/UD-Q4_K_M/v2+story-v1/llama.cpp-b11443/t0	2026-10-06		
2043_110_18	b7ae13f7fa996310b01b73001fee26550055662b	We can't exactly pay for the\ndamages on their behalf, either.	machine	gemma-4-26B-A4B-it/UD-Q4_K_M/v2+story-v1/llama.cpp-b11443/t0	2026-10-06		
2043_110_19	fbd7a5443231d1373b89cecdae009f6173914cfb	The guards will be here soon\nenough once they hear the\ncommotion, so we'll just have\nto tell them the truth.	machine	gemma-4-26B-A4B-it/UD-Q4_K_M/v2+story-v1/llama.cpp-b11443/t0	2026-10-06		
2043_110_20	d5ab930c7c8026420e12e0c0ec3efb6ed12dfb11	While we're talking about it, it\nlooks like they're here...	machine	gemma-4-26B-A4B-it/UD-Q4_K_M/v2+story-v1/llama.cpp-b11443/t0	2026-10-06		
2043_110_22	5dfc71c5d2dcfdbe19c8d0b8fbf86aba51c4f4e5	Guard A: We are the Royal\nCapital Guards! What is the\nmeaning of this!!	machine	gemma-4-26B-A4B-it/UD-Q4_K_M/v2+story-v1/llama.cpp-b11443/t0	2026-10-06		
2043_110_23	7f896e6a25ce9e141f1af71eee0ea620b0e63896	Guard B: The innkeeper says\nthose traveling performers\nfrom Carlone are causing a\nscene! Where is the person in\ncharge?!	machine	gemma-4-26B-A4B-it/UD-Q4_K_M/v2+story-v1+short-v1/llama.cpp-b11443/t0	2026-10-06		
2043_110_24	6a7c3118f6f06e9e92e0c50e9f37154acd1b1589	W-Wait, isn't something wrong?\nThey're talking like we're the\nones who did something bad!	machine	gemma-4-26B-A4B-it/UD-Q4_K_M/v2+story-v1/llama.cpp-b11443/t0	2026-10-06		
2043_110_26	3bb97084d8350de4c24a02c4464cb12864072328	Guard A: Are you the leader of\nthis troupe?! You'll explain\neverything at the guardhouse!\nCome with us!	machine	gemma-4-26B-A4B-it/UD-Q4_K_M/v2+story-v1+short-v1/llama.cpp-b11443/t0	2026-10-06		
2043_110_27	633b2086b915ca59009179b9b57585f20a217296	Wait just a moment! We are\nthe victims here! How can you\nmake such accusations without\nhearing our side of the story?!	machine	gemma-4-26B-A4B-it/UD-Q4_K_M/v2+story-v1/llama.cpp-b11443/t0	2026-10-06		
2043_110_28	6ad93dfb15b72b6728579a5482296f556b289e5b	Who are you even looking at?!\nThere's a guy lying right here\nwho looks incredibly suspicious!	machine	gemma-4-26B-A4B-it/UD-Q4_K_M/v2+story-v1/llama.cpp-b11443/t0	2026-10-06		
2043_110_29	8efffaea848f0a324a736472abd6fc7aed356f87	Guard B: Shut it, brat! You\ndon't get to decide that!	machine	gemma-4-26B-A4B-it/UD-Q4_K_M/v2+story-v1/llama.cpp-b11443/t0	2026-10-06		
2043_110_30	9c4247ba827bcd30473926e72310de7e2255dfb0	Ewin: Please, wait! What she's\nsaying is true! Please, look at\nthis!	machine	gemma-4-26B-A4B-it/UD-Q4_K_M/v2+story-v1/llama.cpp-b11443/t0	2026-10-06		
2043_110_31	c649809bd1023ce34247f304a5c0271d5e4def88	Guard A: What?! You little brat,\nwhat are you―	machine	gemma-4-26B-A4B-it/UD-Q4_K_M/v2+story-v1/llama.cpp-b11443/t0	2026-10-06		
2043_110_32	a211cd84979e860e2a4f6cbd99c1968e152d6fb6	Guard A: Th-this is...	machine	gemma-4-26B-A4B-it/UD-Q4_K_M/v2+story-v1/llama.cpp-b11443/t0	2026-10-06		
2043_110_35	bb558028e48f7bce3d134b4db3e79e816a7dc3c3	Euwin: I won't trouble my father\nor brothers. If you listen to our\nside, I shall overlook your\ninsolence.	machine	gemma-4-26B-A4B-it/UD-Q4_K_M/v2+story-v1+short-v1/llama.cpp-b11443/t0	2026-10-06		
2043_110_37	a75ff65d9784b8614dda0d9ac322ced057353d79	Ewin: We have an appointment\nto meet with General Ricardo\nFranz of the Royal Central\nArmy.	machine	gemma-4-26B-A4B-it/UD-Q4_K_M/v2+story-v1/llama.cpp-b11443/t0	2026-10-06		
2043_110_38	a834ba965f8127ba619489a8ad793af7d484f45f	Ewin: Now, please escort us to\nHis Excellency, Delta Mergency,\nCaptain of the Royal Capital\nGuard!	machine	gemma-4-26B-A4B-it/UD-Q4_K_M/v2+story-v1/llama.cpp-b11443/t0	2026-10-06		
2043_110_39	f0eff9edc9f1e5d5ce40f88a703fa7e62be42b7f	Guard B: V-very well...	machine	gemma-4-26B-A4B-it/UD-Q4_K_M/v2+story-v1/llama.cpp-b11443/t0	2026-10-06		
2043_110_40	1f14fd126ed363726e858db37206e5e532ffe7f1	Guard B: Very well... But we\nmust conduct an inquiry. You,\nas their guarantor, and one of\nthem, must come with us.	machine	gemma-4-26B-A4B-it/UD-Q4_K_M/v2+story-v1+short-v1/llama.cpp-b11443/t0	2026-10-06		
2043_110_41	5f6287e335c8c2be4887932fbb07bc79cb1d1ad9	Eve: I'll go with them.	machine	gemma-4-26B-A4B-it/UD-Q4_K_M/v2+story-v1/llama.cpp-b11443/t0	2026-10-06		
2043_110_42	3df6528450dae0705e11a0aa6bacc716b6466faa	Eve?!	machine	gemma-4-26B-A4B-it/UD-Q4_K_M/v2+story-v1/llama.cpp-b11443/t0	2026-10-06		
2043_110_43	687c2eb9665ccdc9329c3124d1eac27238202a7a	Eve: It's okay. It won't be\ndangerous. Captain, stay here\nand make sure Tika and the\nothers are alright.	machine	gemma-4-26B-A4B-it/UD-Q4_K_M/v2+story-v1/llama.cpp-b11443/t0	2026-10-06		
2043_110_45	fe0926c5f1ee2ccaa55e2f894147664a7bcc8d02	Guard A: It's settled, then.\nLet's move!	machine	gemma-4-26B-A4B-it/UD-Q4_K_M/v2+story-v1/llama.cpp-b11443/t0	2026-10-06		
2043_110_47	3f5c4699edc7cac0f2093aeac53107bfe384dfd7	Indeed. We are the victims\nhere. I apologize to the inn, but\nwe shall require a different\nroom.	machine	gemma-4-26B-A4B-it/UD-Q4_K_M/v2+story-v1/llama.cpp-b11443/t0	2026-10-06		
2043_110_48	43edf1fb5eebb941ed702dbb701225ffa6a3a186	As for the innkeeper who\nreported us as if we were the\nvillains, I believe they need a\nlittle lesson.	machine	gemma-4-26B-A4B-it/UD-Q4_K_M/v2+story-v1/llama.cpp-b11443/t0	2026-10-06		
2043_120_01	f57c63e248e639cb43b32554bb68e2931db79c1a	Eve: What was that?! Seriously,\nwhat was that?! I can't forgive\nthem! What on earth were they\nthinking?!	machine	gemma-4-26B-A4B-it/UD-Q4_K_M/v2+story-v1/llama.cpp-b11443/t0	2026-10-06		
2043_120_02	160edea1656ef59dffda775af78d611816cd0980	Judging by your state, it\nseems you didn't get a very\ngood result.	machine	gemma-4-26B-A4B-it/UD-Q4_K_M/v2+story-v1/llama.cpp-b11443/t0	2026-10-06		
2043_120_03	20d2a2923671ddcb2f936fa36499f129ee5a927d	Don't tell me you all stayed up\nall night?	machine	gemma-4-26B-A4B-it/UD-Q4_K_M/v2+story-v1/llama.cpp-b11443/t0	2026-10-06		
2043_120_04	13d1997791241d44fbbf0590c2f109c7e38efbab	Tika was reluctant, but I\nmanaged to get her moved to\na different room and put her to\nsleep.	machine	gemma-4-26B-A4B-it/UD-Q4_K_M/v2+story-v1/llama.cpp-b11443/t0	2026-10-06		
2043_120_05	157fddae8328237d9b1876f7d03f095c923334aa	Welch and I took turns staying\nby her side, and now Welch is\nsleeping with her.	machine	gemma-4-26B-A4B-it/UD-Q4_K_M/v2+story-v1/llama.cpp-b11443/t0	2026-10-06		
2043_120_06	37118f8307ff174cb69852a97971affabb96b94a	So, how did it go?	machine	gemma-4-26B-A4B-it/UD-Q4_K_M/v2+story-v1/llama.cpp-b11443/t0	2026-10-06		
2043_120_07	e5227125d6ae14b5d853252601aedbc33d390f09	<font color=blue>Euwin</font> To be honest, my\nimpression is that I just don't\nunderstand any of it.	machine	gemma-4-26B-A4B-it/UD-Q4_K_M/v2+story-v1/llama.cpp-b11443/t0	2026-10-06		
2043_120_08	ed4f5255e0b958420aa022c463d026e10cbc7b28	<font color=blue>Eve</font> They wouldn't listen to a\nsingle word we said from the\nvery start!	machine	gemma-4-26B-A4B-it/UD-Q4_K_M/v2+story-v1/llama.cpp-b11443/t0	2026-10-06		
2043_120_09	8f88985da3376db535cfa4363a18f311aa7781fa	It was so obvious they wanted\nto act like we were at fault, or\nthat they were being unfairly\ncharged for our performance!	machine	gemma-4-26B-A4B-it/UD-Q4_K_M/v2+story-v1+short-v1/llama.cpp-b11443/t0	2026-10-06		
2043_120_10	4222b52532422f88af7ca19368d14275264de847	Is that person really the\nCaptain of the Royal Guard?!	machine	gemma-4-26B-A4B-it/UD-Q4_K_M/v2+story-v1/llama.cpp-b11443/t0	2026-10-06		
2043_120_11	133114925894343c09d290524e2d59abf75be17c	<font color=blue>Verda</font> To call it dereliction of\nduty... the story is a bit too\nunnatural.	machine	gemma-4-26B-A4B-it/UD-Q4_K_M/v2+story-v1/llama.cpp-b11443/t0	2026-10-06		
2043_120_12	8b61a930edadb69aafef2722e8144e3fadc6ff98	What became of that fellow\nTika captured?	machine	gemma-4-26B-A4B-it/UD-Q4_K_M/v2+story-v1/llama.cpp-b11443/t0	2026-10-06		
2043_120_13	5b74480c574bd0485784ec66dbe0f96162206e35	<font color=blue>Euwin</font> They just took them\naway, insisting that they would\ndecide the punishment\nthemselves.	machine	gemma-4-26B-A4B-it/UD-Q4_K_M/v2+story-v1/llama.cpp-b11443/t0	2026-10-06		
2043_120_14	338b22ae6ddbb8a84e0d1d23399a8c5fa8614bfc	They eventually admitted that\nwe were the victims, but\nthey've been terrible ever\nsince.	machine	gemma-4-26B-A4B-it/UD-Q4_K_M/v2+story-v1/llama.cpp-b11443/t0	2026-10-06		
2043_120_16	eb453649f87739b037be9f0abd6c1ab1599133d6	<font color=blue>Eve</font> And to make sure this\nwhole thing is swept under the\nrug, they told us, "Return to\nCarlone in the near future"!	machine	gemma-4-26B-A4B-it/UD-Q4_K_M/v2+story-v1/llama.cpp-b11443/t0	2026-10-06		
2043_120_17	1643e278d24844b8c8ad9f5d14a835c49bca3656	It's basically the same as being\nblamed for everything and then\nexiled!	machine	gemma-4-26B-A4B-it/UD-Q4_K_M/v2+story-v1/llama.cpp-b11443/t0	2026-10-06		
2043_120_18	d9b6711c86ad71e8ee9f4ace949707b4fca09dd8	<font color=blue>Verda</font> The more I hear, the\nstranger it gets. Even if they're\ntrying to cover up negligence,\ntheir methods are far from\nelegant.	machine	gemma-4-26B-A4B-it/UD-Q4_K_M/v2+story-v1+short-v1/llama.cpp-b11443/t0	2026-10-06		
2043_120_19	8f19b9ff7917d942db35d6cd33f59a41c5e4064e	<font color=blue>Euwin</font> Exactly. If Captain Delta\njust wanted to avoid the\nhassle, it would have been\nbetter to just appease us.	machine	gemma-4-26B-A4B-it/UD-Q4_K_M/v2+story-v1/llama.cpp-b11443/t0	2026-10-06		
2043_120_20	6bf0801b9093dcb8739317bd441b5eaf74b8481f	Instead, they keep acting like\nwe're in the wrong and saying\nthings that would drive us out\nof the Royal Capital.	machine	gemma-4-26B-A4B-it/UD-Q4_K_M/v2+story-v1/llama.cpp-b11443/t0	2026-10-06		
2043_120_21	11cc439592b543feb761220fc047cd59683a2b39	<font color=blue>Verda</font> Or perhaps... that\nCaptain has his own reasons\nfor wanting things this way.	machine	gemma-4-26B-A4B-it/UD-Q4_K_M/v2+story-v1/llama.cpp-b11443/t0	2026-10-06		
2043_120_22	f056cc8f6627c96422b71001be2e55ac19f9e292	<font color=blue>Eve</font> What kind of reasons? We\njust arrived in Rubarika, and\naside from Euwin and Welch,\nwe barely know anyone!	machine	gemma-4-26B-A4B-it/UD-Q4_K_M/v2+story-v1/llama.cpp-b11443/t0	2026-10-06		
2043_120_23	97bb3e885ffb39c604bdf67dec4d4be3eb573940	What could they possibly gain\nby exiling us?!	machine	gemma-4-26B-A4B-it/UD-Q4_K_M/v2+story-v1/llama.cpp-b11443/t0	2026-10-06		
2043_120_25	ab152473926058805435edad28794f2310d4cd87	<font color=blue>Euwin</font> Yeah... It's either Tika, or\nGeneral Ricardo. It has to be\none of them.	machine	gemma-4-26B-A4B-it/UD-Q4_K_M/v2+story-v1/llama.cpp-b11443/t0	2026-10-06		
2043_120_26	59d424d30e8095980d10fb26e0133962fc3cbbaa	<font color=blue>Eve</font> What do you mean?	machine	gemma-4-26B-A4B-it/UD-Q4_K_M/v2+story-v1/llama.cpp-b11443/t0	2026-10-06		
2043_120_27	fbfcf02ebc8e2ca08941e6005d7871a928c6bcae	<font color=blue>Euwin</font> I was planning to talk\nabout this after our meeting\nwith General Ricardo was\nscheduled, but...	machine	gemma-4-26B-A4B-it/UD-Q4_K_M/v2+story-v1/llama.cpp-b11443/t0	2026-10-06		
2043_120_28	dbedd3681e4db2d6486b1ebe22324d8d7c9617b5	Actually, General Ricardo has a\nshort military career, leaving\nhim with many enemies within\nthe country.	machine	gemma-4-26B-A4B-it/UD-Q4_K_M/v2+story-v1+short-v1/llama.cpp-b11443/t0	2026-10-06		
2043_120_29	25fe868d1da4b73f596b3e3545c58cb654393b98	<font color=blue>Eve</font> Why? Isn't General Ricardo\nan excellent person?	machine	gemma-4-26B-A4B-it/UD-Q4_K_M/v2+story-v1/llama.cpp-b11443/t0	2026-10-06		
2043_120_30	6d6286d22c542acf589177be2212791f34c395d5	<font color=blue>Euwin</font> General Ricardo was\nchosen as a "Messenger of\nDaftes" by Rubarika when the\nHoly Land War ended four\nyears ago.	machine	gemma-4-26B-A4B-it/UD-Q4_K_M/v2+story-v1+short-v1/llama.cpp-b11443/t0	2026-10-06		
2043_120_31	59310a780dd779f72647e22e1877f06f0f192d6b	With innovative governance\nand military theories, he quickly\nimproved the operations of the\nRoyal Knights.	machine	gemma-4-26B-A4B-it/UD-Q4_K_M/v2+story-v1+short-v1/llama.cpp-b11443/t0	2026-10-06		
2043_120_32	4d38dc1bd5861012deeaec2531ed2bc0eab72285	"Light Arrow of the Messenger"\nis a "Power of the Messenger"\nbrought by the "Messenger of\nDaftes," but...	machine	gemma-4-26B-A4B-it/UD-Q4_K_M/v2+story-v1/llama.cpp-b11443/t0	2026-10-06		
2043_120_33	90c1c4154e27fdf7935019a273a2b36e46acc1d4	In fact, some even say that\nGeneral Ricardo himself is the\n"Power of the Messenger."	machine	gemma-4-26B-A4B-it/UD-Q4_K_M/v2+story-v1/llama.cpp-b11443/t0	2026-10-06		
2043_120_34	963ac49d5b7c2b9b01eb045add66650e73c5ff81	<font color=blue>Euwin</font> And because of that...	machine	gemma-4-26B-A4B-it/UD-Q4_K_M/v2+story-v1/llama.cpp-b11443/t0	2026-10-06		
2043_120_35	cab585aafe46ebb8fb27d939859c31cef2bf17c0	<font color=blue>Verda</font> So he's hated by those\nclutching their vested\ninterests. I suppose pathetic\npower-seekers exist\neverywhere.	machine	gemma-4-26B-A4B-it/UD-Q4_K_M/v2+story-v1+short-v1/llama.cpp-b11443/t0	2026-10-06		
2043_120_36	17e58b46aded1e9a9f2cfb4278e0ca3ff4df83b2	<font color=blue>Eve</font> Come to think of it, I\nhaven't checked until now, but\nis the "Messenger of Daftes" a\nperson?	machine	gemma-4-26B-A4B-it/UD-Q4_K_M/v2+story-v1/llama.cpp-b11443/t0	2026-10-06		
2043_120_37	6f952ca095d076320ff4753b62f91451370cd2e4	<font color=blue>Euwin</font> They say... they are a\nperson. However, almost no\none has actually seen them.	machine	gemma-4-26B-A4B-it/UD-Q4_K_M/v2+story-v1/llama.cpp-b11443/t0	2026-10-06		
2043_120_38	418f187b4af0d47f8b476dd165d2095ee8464c3c	Technically, any "Messenger"\nwho descends to the country\nis supposed to hold a\nhigh-ranking position.	machine	gemma-4-26B-A4B-it/UD-Q4_K_M/v2+story-v1/llama.cpp-b11443/t0	2026-10-06		
2043_120_39	29bb8686c64cae46ef54e475db651d665fc786ef	<font color=blue>Verda</font> Even members of the\nRakstar family cannot know\nthis?	machine	gemma-4-26B-A4B-it/UD-Q4_K_M/v2+story-v1/llama.cpp-b11443/t0	2026-10-06		
2043_120_40	543932e0102e6bd9d3d1290965f98608283ccdca	<font color=blue>Euwin</font> Rumor says the\nmessenger from four years ago\nwas a woman, but I don't know\nanything more than that...	machine	gemma-4-26B-A4B-it/UD-Q4_K_M/v2+story-v1+short-v1/llama.cpp-b11443/t0	2026-10-06		
2043_120_41	8bcd39b9b2d9abd348c4a57b2ed4b1ee4b3e8316	<font color=blue>Eve</font> Then it's doubtful whether\nthey even truly exist.	machine	gemma-4-26B-A4B-it/UD-Q4_K_M/v2+story-v1/llama.cpp-b11443/t0	2026-10-06		
2043_120_42	30becd541869f596cea14b47dc878971ebfda937	<font color=blue>Euwin</font> is the only one publicly\nclaiming to be the "Messenger\nof Daftes." They aren't from\nRubarika, though.	machine	gemma-4-26B-A4B-it/UD-Q4_K_M/v2+story-v1+short-v1/llama.cpp-b11443/t0	2026-10-06		
2043_120_43	6bbd8178b7c581f4219e856a16ceab0b63cba038	<font color=blue>Verda</font> You mean someone from\nBaschen?	machine	gemma-4-26B-A4B-it/UD-Q4_K_M/v2+story-v1/llama.cpp-b11443/t0	2026-10-06		
2043_120_44	664e08508992f7aa97b4f05eb80c32727fbe6f0f	<font color=blue>Euwin</font> General Giverese,\ncurrent Baschen Commander,\nis said to be the "Messenger"\nwho descended when the Holy\nLand War ended eight years\nago.	machine	gemma-4-26B-A4B-it/UD-Q4_K_M/v2+story-v1+short-v1/llama.cpp-b11443/t0	2026-10-06		
2043_120_45	23c6d964621fb7bdef2c83ed01d37f90c5806e50	Apparently, that "Beast" is a\npower brought by General\nGiverese.	machine	gemma-4-26B-A4B-it/UD-Q4_K_M/v2+story-v1/llama.cpp-b11443/t0	2026-10-06		
2043_120_46	4672b73f51a5f95ae0a14ba6e40f42bed40a6e5e	<font color=blue>Eve</font> ...I wonder if it's also\nrelated to the summoning\npower of that so-called Beast\nWitch.	machine	gemma-4-26B-A4B-it/UD-Q4_K_M/v2+story-v1/llama.cpp-b11443/t0	2026-10-06		
2043_120_47	d8ccb7009b4a2173dc94954dc83c06a3d791bcdc	<font color=blue>Verda</font> If that's the case, I'd like\nto meet this Giverese person\nmyself.	machine	gemma-4-26B-A4B-it/UD-Q4_K_M/v2+story-v1/llama.cpp-b11443/t0	2026-10-06		
2043_120_48	7ff39af373d2fc2ffc8b2aa69187655b6474198f	<font color=blue>Euwin</font> You say that so easily.\nThat's by far the most reckless\nthing you've said yet.	machine	gemma-4-26B-A4B-it/UD-Q4_K_M/v2+story-v1/llama.cpp-b11443/t0	2026-10-06		
2043_120_49	55b9aa726e0e0f5383c516a342e2703318b3bbe2	<font color=blue>Verda</font> Well, we have General\nRicardo for now. For Tika's\nsake, we have no choice but to\nstay in the Royal Capital.	machine	gemma-4-26B-A4B-it/UD-Q4_K_M/v2+story-v1+short-v1/llama.cpp-b11443/t0	2026-10-06		
2043_120_50	cefcc56b43de54f8a0b99c63ca9fc8bf88435819	Narration> Things look\nuncertain, but until the meeting\nis set, we must stay vigilant\nand protect Tika at all costs.	machine	gemma-4-26B-A4B-it/UD-Q4_K_M/v2+story-v1+short-v1/llama.cpp-b11443/t0	2026-10-06		
2043_130_01	587529389363259284323a2a80a634b8156bbc58	<font color=blue>Eve</font> What on earth is going\non?!	machine	gemma-4-26B-A4B-it/UD-Q4_K_M/v2+story-v1/llama.cpp-b11443/t0	2026-10-06		
2043_130_02	80dccfbf514527d352d4e0b24e9462401ba72b0d	<font color=blue>Welch</font> Hey, Eu! No matter how\nyou look at it, this is way too\nblatant!	machine	gemma-4-26B-A4B-it/UD-Q4_K_M/v2+story-v1/llama.cpp-b11443/t0	2026-10-06		
2043_130_03	02093af3cf423afface55d6cca5603fdc9bd28cb	<font color=blue>Verda</font> At this rate, we won't be\nable to go out shopping in\npeace!	machine	gemma-4-26B-A4B-it/UD-Q4_K_M/v2+story-v1/llama.cpp-b11443/t0	2026-10-06		
2043_130_04	8193ad6ee46c7d908b96fde21d08043779b2d9d0	<font color=blue>Tika</font> Captain... Rekoro is making\nsuch a fuss about returning to\nthe ship... I wonder if we can\ndo something about it.	machine	gemma-4-26B-A4B-it/UD-Q4_K_M/v2+story-v1/llama.cpp-b11443/t0	2026-10-06		
2043_130_06	3d0a0d454f3e13f86a624aafd31653b7a4c29261	<font color=blue>Welch</font> Three inns have been\ndestroyed in just three days! If\nthis keeps up, there won't be\nany inns left to take us in!	machine	gemma-4-26B-A4B-it/UD-Q4_K_M/v2+story-v1/llama.cpp-b11443/t0	2026-10-06		
2043_130_07	feae25dd522651b099fec718cb775cc78660b577	<font color=blue>Euwin</font> It's frustrating, but that's\nlikely their goal.	machine	gemma-4-26B-A4B-it/UD-Q4_K_M/v2+story-v1/llama.cpp-b11443/t0	2026-10-06		
2043_130_08	effb5302fce01beaebd5b59afd70095a77829320	It seems there are people who\ndesperately want to keep us\naway from the Royal Capital.	machine	gemma-4-26B-A4B-it/UD-Q4_K_M/v2+story-v1/llama.cpp-b11443/t0	2026-10-06		
2043_130_09	b1bbd226a534b1fc8dd2bfb9f21325397a0692d9	<font color=blue>Welch</font> Ugh, so frustrating! If\nonly we could've just grabbed\nthem and forced a confession\nlike on the first day!	machine	gemma-4-26B-A4B-it/UD-Q4_K_M/v2+story-v1+short-v1/llama.cpp-b11443/t0	2026-10-06		
2043_130_10	1a366c9c0169fe861ee168f5ca3f1bf5dafaa8e7	<font color=blue>Verda</font> They are likely on guard\nagainst that.	machine	gemma-4-26B-A4B-it/UD-Q4_K_M/v2+story-v1/llama.cpp-b11443/t0	2026-10-06		
2043_130_11	adc9c0e6541b8ed5315620419deda050c67aa9cb	Their retreats have become\nclearly more calculated. It\nseems their goal is to threaten\nus rather than kill us.	machine	gemma-4-26B-A4B-it/UD-Q4_K_M/v2+story-v1/llama.cpp-b11443/t0	2026-10-06		
2043_130_12	64fcd292c09f8456028922600e83a7fbc5e2370e	<font color=blue>Eve</font> That Captain of the Guard\nis definitely plotting something\nbad! Let's just storm in there\nand protest!	machine	gemma-4-26B-A4B-it/UD-Q4_K_M/v2+story-v1/llama.cpp-b11443/t0	2026-10-06		
2043_130_13	22dcaad6ff890c101e2085c448e3eae303131082	<font color=blue>Euwin</font> We can't do that without\nany evidence.	machine	gemma-4-26B-A4B-it/UD-Q4_K_M/v2+story-v1/llama.cpp-b11443/t0	2026-10-06		
2043_130_14	d4ac9471b3396fa930b4fdc8bd83c1bf9e9dad4f	Besides, I heard something at\nthe market this morning,	machine	gemma-4-26B-A4B-it/UD-Q4_K_M/v2+story-v1/llama.cpp-b11443/t0	2026-10-06		
2043_130_15	9b29a7428bb7f438e70e20e6654d01f23d0fc62b	Apparently, strange armed men\nhave been causing various\nincidents in the royal capital\nthese past few days.	machine	gemma-4-26B-A4B-it/UD-Q4_K_M/v2+story-v1+short-v1/llama.cpp-b11443/t0	2026-10-06		
2043_130_16	bb66b441f5597ac54141164b0c16aad23d3c608a	There are even rumors that\nthey are spies working for\nBaschen.	machine	gemma-4-26B-A4B-it/UD-Q4_K_M/v2+story-v1/llama.cpp-b11443/t0	2026-10-06		
2043_130_17	7432960c502a425bb4beb84a57956ff3c74b9e9a	If people with uncertain\nidentities like you cause a\nscene, they might take the\nchance to cast suspicion on\nyou.	machine	gemma-4-26B-A4B-it/UD-Q4_K_M/v2+story-v1+short-v1/llama.cpp-b11443/t0	2026-10-06		
2043_130_18	bf3786005fd481004da28524b74001c8f02335c0	<font color=blue>Welch</font> The Rakstar name would\nbe disgraced, Eu!	machine	gemma-4-26B-A4B-it/UD-Q4_K_M/v2+story-v1/llama.cpp-b11443/t0	2026-10-06		
2043_130_19	ee10df38c4038bcc306bc95326fe3501844b2ef2	<font color=blue>Euwin</font> They know exactly who I\nam, so that name is probably\nthe problem.	machine	gemma-4-26B-A4B-it/UD-Q4_K_M/v2+story-v1/llama.cpp-b11443/t0	2026-10-06		
2043_130_20	347853921afc7e628166bf7523b08113ac65eb91	As leaders of the reformists,\nthe Rakstar family is sending\ntroops to the front to gain\nGeneral Ricardo's favor.	machine	gemma-4-26B-A4B-it/UD-Q4_K_M/v2+story-v1+short-v1/llama.cpp-b11443/t0	2026-10-06		
2043_130_21	0646e294091318cb24af59ecc2923322de755fae	It wouldn't be surprising if\nthey're thinking of using me to\ntarnish our family name.	machine	gemma-4-26B-A4B-it/UD-Q4_K_M/v2+story-v1/llama.cpp-b11443/t0	2026-10-06		
2043_130_22	4b54b0b07b4ea96b5de452f53c28070112ff0d33	<font color=blue>Tika</font> If we stay in the capital\nlonger, will we become a\nnuisance to you, Euwin, and\nyour older sister?	machine	gemma-4-26B-A4B-it/UD-Q4_K_M/v2+story-v1+short-v1/llama.cpp-b11443/t0	2026-10-06		
2043_130_23	2b9499cd8732cf5f2739b151a94c828598baa44c	<font color=blue>Euwin</font> My older sister...? Do\nyou mean Eslyn?	machine	gemma-4-26B-A4B-it/UD-Q4_K_M/v2+story-v1/llama.cpp-b11443/t0	2026-10-06		
2043_130_24	edbf2f88e83a85d8f826151e47350019c9fd4ecc	Why are you all here...?	machine	gemma-4-26B-A4B-it/UD-Q4_K_M/v2+story-v1/llama.cpp-b11443/t0	2026-10-06		
2043_130_25	6b764e6cb1824eebf6d147505dc5b08f38de1290	<font color=blue>Eve</font> They came to say goodbye\non the day we left Carlone.	machine	gemma-4-26B-A4B-it/UD-Q4_K_M/v2+story-v1/llama.cpp-b11443/t0	2026-10-06		
2043_130_26	7fc6b1d811f76caf40d83bcb3ad4ddeb9d728973	<font color=blue>Verda</font> They bowed their heads\nand asked us, complete\nstrangers, to look after Euwin.	machine	gemma-4-26B-A4B-it/UD-Q4_K_M/v2+story-v1/llama.cpp-b11443/t0	2026-10-06		
2043_130_28	a03b2132b23412a8a4d1217f23c36931fd94d802	If it's her, she'll understand\nthat Eu-boy hasn't done\nanything wrong, no matter\nwhat happens!	machine	gemma-4-26B-A4B-it/UD-Q4_K_M/v2+story-v1/llama.cpp-b11443/t0	2026-10-06		
2043_130_29	bb350bb5da972b7329af4d0db01537eef8ae6511	<font color=blue>Euwin</font> ...Sister said that.	machine	gemma-4-26B-A4B-it/UD-Q4_K_M/v2+story-v1/llama.cpp-b11443/t0	2026-10-06		
2043_130_30	e1a81600d5e6894fe527808cb8b8fbd51cebb39f	If she said such a thing, then I\ncan't back down from this level\nof harassment!	machine	gemma-4-26B-A4B-it/UD-Q4_K_M/v2+story-v1/llama.cpp-b11443/t0	2026-10-06		
2043_140_01	94b00b29f8f9f5d1b68cf13cf5e4334326b4a848	Excuse me. Are you Ewin\nLaxter?	machine	gemma-4-26B-A4B-it/UD-Q4_K_M/v2+story-v1/llama.cpp-b11443/t0	2026-10-06		
2043_140_03	988b9686061443110bad273b44b418b7a297ec27	Ah, um...!	machine	gemma-4-26B-A4B-it/UD-Q4_K_M/v2+story-v1/llama.cpp-b11443/t0	2026-10-06		
2043_140_04	b299f7e708a874a16a2f423df1c8e0fabb70d6ac	Ewin: Wait, both of you. You're\nnot from the Royal Capital\nGuard, you're from the Frontier\nKnights, aren't you?	machine	gemma-4-26B-A4B-it/UD-Q4_K_M/v2+story-v1/llama.cpp-b11443/t0	2026-10-06		
2043_140_05	eef30d3fcffb755b86ae6d7abbc989d3478842d0	Frontier Knight: Y-yes.	machine	gemma-4-26B-A4B-it/UD-Q4_K_M/v2+story-v1/llama.cpp-b11443/t0	2026-10-06		
2043_140_06	fb040c37fe857e74a8af60637fcb6b75677cbaa0	Frontier Knight: We managed\nto secure an audience with\nGeneral Ricardo, so we rushed\nto the inn,	machine	gemma-4-26B-A4B-it/UD-Q4_K_M/v2+story-v1/llama.cpp-b11443/t0	2026-10-06		
2043_140_07	f61a7c24f6eaf038527d4b5cd5922d6a119310dc	Frontier Knight: But we heard\nyou were caught up in some\nkind of trouble...	machine	gemma-4-26B-A4B-it/UD-Q4_K_M/v2+story-v1/llama.cpp-b11443/t0	2026-10-06		
2043_140_08	b35bab7eb61aadab6da5ffa27e35bd802a2102a0	The guards won't take us\nseriously! Please do something!	machine	gemma-4-26B-A4B-it/UD-Q4_K_M/v2+story-v1/llama.cpp-b11443/t0	2026-10-06		
2043_140_09	abed5192f593c4e4ca3012d326ba1f6f6bb0ff79	Frontier Knight: Wh-what?	machine	gemma-4-26B-A4B-it/UD-Q4_K_M/v2+story-v1/llama.cpp-b11443/t0	2026-10-06		
2043_140_10	c43de6de2d36edbc32931bdc22feea09423979aa	Euwin: The Frontier Knights\nand Royal Guard have different\njurisdictions. Telling him only\ncauses trouble. Please bear\nwith it for now.	machine	gemma-4-26B-A4B-it/UD-Q4_K_M/v2+story-v1+short-v1/llama.cpp-b11443/t0	2026-10-06		
2043_140_11	f863be829e57585ec051b1dad534b872b8f3c4ed	Ewin: Thank you for contacting\nus. When is the scheduled\nmeeting?	machine	gemma-4-26B-A4B-it/UD-Q4_K_M/v2+story-v1/llama.cpp-b11443/t0	2026-10-06		
2043_140_12	97b5fcb5076d1b6c1cea17c46638afaa7a6ff2ec	Frontier Knight: Yes. The\nGeneral returns from the front\ntomorrow. Please visit the\nRoyal Castle Guardhouse\ntomorrow evening.	machine	gemma-4-26B-A4B-it/UD-Q4_K_M/v2+story-v1+short-v1/llama.cpp-b11443/t0	2026-10-06		
2043_140_13	96bbf27d664d94f7bc9505a3ea322c18ed50d34c	Tomorrow evening, eh... That's\na rather awkward time.	machine	gemma-4-26B-A4B-it/UD-Q4_K_M/v2+story-v1/llama.cpp-b11443/t0	2026-10-06		
2043_140_14	a4f957bfd33a4ab8c2b1493cebaf14898076c671	Something is definitely going to\nhappen before then.	machine	gemma-4-26B-A4B-it/UD-Q4_K_M/v2+story-v1/llama.cpp-b11443/t0	2026-10-06		
2043_140_15	d64fad6f74a83d2a4c2528dba7ecc9062df30d75	Understood. Thank you for the\ninformation.	machine	gemma-4-26B-A4B-it/UD-Q4_K_M/v2+story-v1/llama.cpp-b11443/t0	2026-10-06		
2043_140_16	01ef607ca145891b20854e3f290b6a2c857677be	May I ask one thing?	machine	gemma-4-26B-A4B-it/UD-Q4_K_M/v2+story-v1/llama.cpp-b11443/t0	2026-10-06		
2043_140_17	bc27e2b5781c82d6545e56c4e980ef60be4d1388	Frontline Knight: What is it?	machine	gemma-4-26B-A4B-it/UD-Q4_K_M/v2+story-v1/llama.cpp-b11443/t0	2026-10-06		
2043_140_18	33b8183593791a2768c985007159b7e340c4470e	Ever since we arrived in the\nRoyal Capital, we have been\nunder attack by someone\nclearly intending to harm us.	machine	gemma-4-26B-A4B-it/UD-Q4_K_M/v2+story-v1/llama.cpp-b11443/t0	2026-10-06		
2043_140_19	3429c2f9c42fab16ada2f02f8f71d450332d8972	I have no concrete proof, but...\nplease keep a close eye on the\nmovements of Lord Delta\nMergency.	machine	gemma-4-26B-A4B-it/UD-Q4_K_M/v2+story-v1/llama.cpp-b11443/t0	2026-10-06		
2043_140_20	dce0eb11db3bd9d970724011e8b2c32e3b0e7107	Frontline Knight: ...Understood.	machine	gemma-4-26B-A4B-it/UD-Q4_K_M/v2+story-v1/llama.cpp-b11443/t0	2026-10-06		
2043_140_21	36f18732c74bc55784aab89da6510095a26fa6bc	...It's finally happening, then.	machine	gemma-4-26B-A4B-it/UD-Q4_K_M/v2+story-v1/llama.cpp-b11443/t0	2026-10-06		
2043_140_22	c433fe409e368f2ed784aae067be9fc8402e20d2	I don't care if he's a General or\nwhatever, Eu! Give him a piece\nof your mind about everything\nfrom these past three days!!	machine	gemma-4-26B-A4B-it/UD-Q4_K_M/v2+story-v1+short-v1/llama.cpp-b11443/t0	2026-10-06		
2043_140_23	f0364c37310f10b0217d4d0cd430b3c7d47fd141	I understand how you feel, but\nthis is my first time meeting\nhim, and above all, Tika's\nsafety comes first.	machine	gemma-4-26B-A4B-it/UD-Q4_K_M/v2+story-v1/llama.cpp-b11443/t0	2026-10-06		
2043_140_24	5b934149a3bcd02cacbf2832d651b05dddf72913	Besides, we don't even know\nwhy General Ricardo is looking\nfor Tika.	machine	gemma-4-26B-A4B-it/UD-Q4_K_M/v2+story-v1/llama.cpp-b11443/t0	2026-10-06		
2043_140_25	2918d46a50b1b5bda9d0b51643bdfb09f3d29263	It's better not to upset him\nunnecessarily.	machine	gemma-4-26B-A4B-it/UD-Q4_K_M/v2+story-v1/llama.cpp-b11443/t0	2026-10-06		
2043_140_26	370166d023a9ac017cc0d0b4fbb4075508af9d91	But we're the ones who've\nbeen getting on his bad side\nthis whole time!	machine	gemma-4-26B-A4B-it/UD-Q4_K_M/v2+story-v1/llama.cpp-b11443/t0	2026-10-06		
2043_140_27	fed1b30e06685c1a6fb1762ba0511e6f113176b2	Even so, this is a step forward.\nLet's finish our shopping early\ntoday and try to stay safe until\ntomorrow.	machine	gemma-4-26B-A4B-it/UD-Q4_K_M/v2+story-v1/llama.cpp-b11443/t0	2026-10-06		
2043_150_02	7c6b1cccea8856ebde172d44115abd66d0bd751d	Tika? Can't sleep?	machine	gemma-4-26B-A4B-it/UD-Q4_K_M/v2+story-v1/llama.cpp-b11443/t0	2026-10-06		
2043_150_03	6c10923cbff760abbb8471c7b08b0442fdac13c9	...Yeah. I'm just a little nervous.	machine	gemma-4-26B-A4B-it/UD-Q4_K_M/v2+story-v1/llama.cpp-b11443/t0	2026-10-06		
2043_150_04	819f3accf79e383342d86d59a68a0ca8f57b9b91	I understand, but it's bad for\nyour health. If you're worried\nabout an attack, you could\nreturn to the ship just for\ntonight...	machine	gemma-4-26B-A4B-it/UD-Q4_K_M/v2+story-v1+short-v1/llama.cpp-b11443/t0	2026-10-06		
2043_150_05	534cbe4fecb9111a006ce346dc575c1e8ebe9fcf	It's okay. It's not that...	machine	gemma-4-26B-A4B-it/UD-Q4_K_M/v2+story-v1/llama.cpp-b11443/t0	2026-10-06		
2043_150_06	0fdb0b8d88411f832c21ad1325b9add47794f599	But... if I meet General Ricardo\ntomorrow and find out even a\nlittle bit of why I'm here...	machine	gemma-4-26B-A4B-it/UD-Q4_K_M/v2+story-v1/llama.cpp-b11443/t0	2026-10-06		
2043_150_07	7a3ab602143b90b81f7b719fad66bb8b7cdb5d9c	I have no idea what will happen\nto that reason, or what will\nhappen to me after that...\neverything is just such a mess.	machine	gemma-4-26B-A4B-it/UD-Q4_K_M/v2+story-v1/llama.cpp-b11443/t0	2026-10-06		
2043_150_08	b78d076d47bcee8ca29d283cd5afbf919d6e44af	...Tika...	machine	gemma-4-26B-A4B-it/UD-Q4_K_M/v2+story-v1/llama.cpp-b11443/t0	2026-10-06		
2043_150_09	b3b6c1c9eaa6d4c62cfcf066bf90af6e86693f75	Rest easy. No matter what\nhappens, I will always be by\nyour side.	machine	gemma-4-26B-A4B-it/UD-Q4_K_M/v2+story-v1/llama.cpp-b11443/t0	2026-10-06		
2043_150_10	2420c8481f69866045d52e94261842ccb6363eb9	...Verda... why are you so kind\nto me?	machine	gemma-4-26B-A4B-it/UD-Q4_K_M/v2+story-v1/llama.cpp-b11443/t0	2026-10-06		
2043_150_11	07507e2a339272c95a0c268015b6ff647feaea96	Hmm? Well, being kind to\nothers is only natural...	machine	gemma-4-26B-A4B-it/UD-Q4_K_M/v2+story-v1/llama.cpp-b11443/t0	2026-10-06		
2043_150_12	75785bcb953e27914728f21215773902d39fa723	I suppose that's not what you\nwanted to ask.	machine	gemma-4-26B-A4B-it/UD-Q4_K_M/v2+story-v1/llama.cpp-b11443/t0	2026-10-06		
2043_150_14	f18234bf4a6d469a07eb783bd392d5c37f31fb5b	Have I ever properly told you\nwhy I decided to travel\nalongside the Captain and the\nothers?	machine	gemma-4-26B-A4B-it/UD-Q4_K_M/v2+story-v1/llama.cpp-b11443/t0	2026-10-06		
2043_150_15	efaf5e46c1393aaf37c6de1ce251d9990b5d67a8	Just that... they helped save\nour home, I think.	machine	gemma-4-26B-A4B-it/UD-Q4_K_M/v2+story-v1/llama.cpp-b11443/t0	2026-10-06		
2043_150_16	dbf018590ea894fee3dd00b5db45fffb2b0d5fe3	I see...	machine	gemma-4-26B-A4B-it/UD-Q4_K_M/v2+story-v1/llama.cpp-b11443/t0	2026-10-06		
2043_150_17	ad86b366fb941029f80e230f55542dc71c34ff5e	In that case, would you let me\ntell you a little bedtime story?	machine	gemma-4-26B-A4B-it/UD-Q4_K_M/v2+story-v1/llama.cpp-b11443/t0	2026-10-06		
2043_150_18	7febbb9cd7efab05b34d9dd6f6eb1e76da6dfd66	A story of how I, Levarance,\nand the Captain first met.	machine	gemma-4-26B-A4B-it/UD-Q4_K_M/v2+story-v1/llama.cpp-b11443/t0	2026-10-06		
2043_150_19	9b7ad503df86256998d39044441e1abd9d890beb	...All of that happened?	machine	gemma-4-26B-A4B-it/UD-Q4_K_M/v2+story-v1/llama.cpp-b11443/t0	2026-10-06		
2043_150_20	ec0fa1ef676c3c4c9725c41219a9c08632704d4b	To reduce even a single\nmilliliter of the tears in this\nuniverse was Grandfather's\nwish.	machine	gemma-4-26B-A4B-it/UD-Q4_K_M/v2+story-v1/llama.cpp-b11443/t0	2026-10-06		
2043_150_21	b246ba4924c6c02be6b39204ac0a556ae52e4dec	And at the very, very end, I\nwas able to reunite with my\nprecious family and gain a new\none...	machine	gemma-4-26B-A4B-it/UD-Q4_K_M/v2+story-v1/llama.cpp-b11443/t0	2026-10-06		
2043_150_22	2bb6916f151b51937821806d789746033aab6687	That is why...	machine	gemma-4-26B-A4B-it/UD-Q4_K_M/v2+story-v1/llama.cpp-b11443/t0	2026-10-06		
2043_150_23	fcb73686cd264b702af2c4ab67b12f29aea61461	It is now my turn to bring a\nsmile to Tika, who was once\ncrying after being torn away\nfrom her family.	machine	gemma-4-26B-A4B-it/UD-Q4_K_M/v2+story-v1/llama.cpp-b11443/t0	2026-10-06		
2043_150_24	4e48018bffddfad8891b5272bb84b56da1ba1169	Verda...	machine	gemma-4-26B-A4B-it/UD-Q4_K_M/v2+story-v1/llama.cpp-b11443/t0	2026-10-06		
2043_150_25	6ac8c6ff486111269e93361b05a1fcc92234d707	No matter how many words I\nuse, I know your anxieties will\nnot simply vanish.	machine	gemma-4-26B-A4B-it/UD-Q4_K_M/v2+story-v1/llama.cpp-b11443/t0	2026-10-06		
2043_150_26	4ff87a82af122398258bb2659991ea4bbed4cf65	But, I will make this one\npromise.	machine	gemma-4-26B-A4B-it/UD-Q4_K_M/v2+story-v1/llama.cpp-b11443/t0	2026-10-06		
2043_150_27	00804c3995e40fc94a449681ce8212f9d6753070	We will never abandon you,\nTika. We will always be by your\nside, no matter what happens.	machine	gemma-4-26B-A4B-it/UD-Q4_K_M/v2+story-v1/llama.cpp-b11443/t0	2026-10-06		
2043_150_28	74147863eaa00934856687f0e4389d8a8ed9b328	And though she might be a bit\noverprotective, you have\nRekoro too.	machine	gemma-4-26B-A4B-it/UD-Q4_K_M/v2+story-v1/llama.cpp-b11443/t0	2026-10-06		
2043_150_29	aad9b47f7da7c6aeda6204577532892a72ad7c96	So... try to get some rest, and\nlook forward to things moving\nforward tomorrow.	machine	gemma-4-26B-A4B-it/UD-Q4_K_M/v2+story-v1/llama.cpp-b11443/t0	2026-10-06		
2043_150_30	af47012795ecd48193bb32196e2ee12ca7b0a3b2	...Yeah... thank you...	machine	gemma-4-26B-A4B-it/UD-Q4_K_M/v2+story-v1/llama.cpp-b11443/t0	2026-10-06		
2043_150_31	b78d076d47bcee8ca29d283cd5afbf919d6e44af	...Tika...	machine	gemma-4-26B-A4B-it/UD-Q4_K_M/v2+story-v1/llama.cpp-b11443/t0	2026-10-06		
2043_150_32	083769c0c3162cfee5350e698dd6983a45257ccf	Thank... you... Big... sis... Ver...\nda...	machine	gemma-4-26B-A4B-it/UD-Q4_K_M/v2+story-v1/llama.cpp-b11443/t0	2026-10-06		
2043_150_34	1a75d80d363794b8296382be55e490bdbe571814	Tika's sleep confirmed.	machine	gemma-4-26B-A4B-it/UD-Q4_K_M/v2+story-v1/llama.cpp-b11443/t0	2026-10-06		
2043_150_35	4deed60beb8273dcd8406af4a39434a4a3a94af9	What is the status of the\nsurrounding area?	machine	gemma-4-26B-A4B-it/UD-Q4_K_M/v2+story-v1/llama.cpp-b11443/t0	2026-10-06		
2043_150_36	842bb333204f91da342f838788095d66edeb548a	No signs of danger detected.\nThe link with AI Coro is\noperating normally, and sensor\nstatus is good.	machine	gemma-4-26B-A4B-it/UD-Q4_K_M/v2+story-v1/llama.cpp-b11443/t0	2026-10-06		
2043_150_37	7445bf68b61face54cd03aff58a1300f8c4c0b65	I'm counting on you to keep a\nclose watch.	machine	gemma-4-26B-A4B-it/UD-Q4_K_M/v2+story-v1/llama.cpp-b11443/t0	2026-10-06		
2043_150_38	9aa92a216c084e15f864d876f87350250b676ed2	Understood...	machine	gemma-4-26B-A4B-it/UD-Q4_K_M/v2+story-v1/llama.cpp-b11443/t0	2026-10-06		
2043_150_39	1eb89c8ecd3af8bd4a21fbd742204a7949120a3e	However, it is a difficult matter.	machine	gemma-4-26B-A4B-it/UD-Q4_K_M/v2+story-v1/llama.cpp-b11443/t0	2026-10-06		
2043_150_40	fd8cc36eeceedb016a144b11f552cb32988f4ac5	What is?	machine	gemma-4-26B-A4B-it/UD-Q4_K_M/v2+story-v1/llama.cpp-b11443/t0	2026-10-06		
2043_150_41	44b03a5736421e481856af4b0e8a031fc0b56256	I have planned every possible\nmeasure for Tika's mental care,\nbut...	machine	gemma-4-26B-A4B-it/UD-Q4_K_M/v2+story-v1/llama.cpp-b11443/t0	2026-10-06		
2043_150_42	9b4e857cff16da829e75e49eb0b1fcb56966f275	To hold a hand, to stroke hair,\nto offer words of comfort...\nthose are privileges of humans,\nafter all.	machine	gemma-4-26B-A4B-it/UD-Q4_K_M/v2+story-v1/llama.cpp-b11443/t0	2026-10-06		
2043_150_43	f51531e97e56ae2dafe1b420ea07ef90560096a1	They are things I can never do.	machine	gemma-4-26B-A4B-it/UD-Q4_K_M/v2+story-v1/llama.cpp-b11443/t0	2026-10-06		
2043_150_44	ee3b9ebbb3e5c8f8df7957b2d592ba70e5ff4607	You and we simply have\ndifferent areas of expertise.\nThere are many things you do\nbetter than humans.	machine	gemma-4-26B-A4B-it/UD-Q4_K_M/v2+story-v1/llama.cpp-b11443/t0	2026-10-06		
2043_150_45	8d923e234df372e22a70fa76e68c473b74672123	Mmmmmm...	machine	gemma-4-26B-A4B-it/UD-Q4_K_M/v2+story-v1/llama.cpp-b11443/t0	2026-10-06		
2043_150_46	e4a257b61df6d63b6e652e46d9fe6175a2dca301	Tika undoubtedly relies on you.	machine	gemma-4-26B-A4B-it/UD-Q4_K_M/v2+story-v1/llama.cpp-b11443/t0	2026-10-06		
2043_150_47	73e1d5ee282316e3dc4f216e834f4236bd29261b	She likely cannot shake the\nfeeling that she is causing us\ntrouble,	machine	gemma-4-26B-A4B-it/UD-Q4_K_M/v2+story-v1/llama.cpp-b11443/t0	2026-10-06		
2043_150_48	efaadd4637bacd743bff51c229f90216a495a67b	And she may struggle to keep\nup with adult conversations.	machine	gemma-4-26B-A4B-it/UD-Q4_K_M/v2+story-v1/llama.cpp-b11443/t0	2026-10-06		
2043_150_49	2cc4f5beec6e9453d743b665f6558c54c361df08	In times like those, you are the\none who can care for Tika\nbest.	machine	gemma-4-26B-A4B-it/UD-Q4_K_M/v2+story-v1/llama.cpp-b11443/t0	2026-10-06		
2043_150_50	29edafe98964d6ba2119437ab5faafb6014cf01c	...Hearing you say that puts me\nat ease.	machine	gemma-4-26B-A4B-it/UD-Q4_K_M/v2+story-v1/llama.cpp-b11443/t0	2026-10-06		
2043_150_51	328b9ac32438396ff6c4181466f1733dcf60da32	I am glad to hear that.	machine	gemma-4-26B-A4B-it/UD-Q4_K_M/v2+story-v1/llama.cpp-b11443/t0	2026-10-06		
2043_150_52	22b9f846c3fe6290865f4f4ca3c686b37fe5092c	But Verda, aren't you still a\nchild yourself, age-wise?	machine	gemma-4-26B-A4B-it/UD-Q4_K_M/v2+story-v1/llama.cpp-b11443/t0	2026-10-06		
2043_150_53	84f6fc6b5e5c92fd80fb6c82698c116d6f1e48a2	Rekoro. Let me teach you one\nway for a child to approach\nbeing an adult.	machine	gemma-4-26B-A4B-it/UD-Q4_K_M/v2+story-v1/llama.cpp-b11443/t0	2026-10-06		
2043_150_54	f0dabd012e52b0c46a20f4011d9d7a088cd6a966	I am listening.	machine	gemma-4-26B-A4B-it/UD-Q4_K_M/v2+story-v1/llama.cpp-b11443/t0	2026-10-06		
2043_150_55	b9e992317fda3a8c0d8c0909557e2ce3aaa893a2	It is to acknowledge that you\nare a child. If you do that, you\ncan draw closer to being an\nadult.	machine	gemma-4-26B-A4B-it/UD-Q4_K_M/v2+story-v1/llama.cpp-b11443/t0	2026-10-06		
2043_150_56	8cb26f78348bd68060ab7dffdf8780ba23a1015a	...That is a very delicate and\ncomplex matter.	machine	gemma-4-26B-A4B-it/UD-Q4_K_M/v2+story-v1/llama.cpp-b11443/t0	2026-10-06		
2043_150_57	e24c7fae11fc4661bf4a2f600fc54878a94e668d	Well, that might only apply to\nme, though.	machine	gemma-4-26B-A4B-it/UD-Q4_K_M/v2+story-v1/llama.cpp-b11443/t0	2026-10-06		
2043_150_58	f7b0e688ade81e171a7775f6cd89d9fad8a49ee5	Now, it is about time for me to\nsleep. I am counting on you to\nkeep watch.	machine	gemma-4-26B-A4B-it/UD-Q4_K_M/v2+story-v1/llama.cpp-b11443/t0	2026-10-06		
2043_150_59	054832cfbf4555fb379fe51dae4bde13c9d44d47	Understood.	machine	gemma-4-26B-A4B-it/UD-Q4_K_M/v2+story-v1/llama.cpp-b11443/t0	2026-10-06		
2043_150_62	4645177e735f160585dbd0289b746136c7b0c265	...The human heart is a difficult\nthing.	machine	gemma-4-26B-A4B-it/UD-Q4_K_M/v2+story-v1/llama.cpp-b11443/t0	2026-10-06		
2043_150_63	ddb480a33aa28f13b9565efaca8708f94971127b	*Yawn*... Good morning... Big\nsister Verda... *mumble*...	machine	gemma-4-26B-A4B-it/UD-Q4_K_M/v2+story-v1/llama.cpp-b11443/t0	2026-10-06		
2043_150_64	c351b4fd72229c07df6526fd60ffb91751bc6af8	Mm-hmm, did you sleep well?	machine	gemma-4-26B-A4B-it/UD-Q4_K_M/v2+story-v1/llama.cpp-b11443/t0	2026-10-06		
2043_150_65	330ac473f60a4bd35eeeb4d8d2b4efadcc1343d3	Yeah... I slept...	machine	gemma-4-26B-A4B-it/UD-Q4_K_M/v2+story-v1/llama.cpp-b11443/t0	2026-10-06		
2043_150_66	c5ab2571e9343772071a8f6e96ea27327a16879c	You're still half-asleep, aren't\nyou?	machine	gemma-4-26B-A4B-it/UD-Q4_K_M/v2+story-v1/llama.cpp-b11443/t0	2026-10-06		
2043_150_67	452064f28c1dd5da24318b9d593da5c21c0aca7f	Tika and Verda's wakefulness\nconfirmed. Vital signs are good.	machine	gemma-4-26B-A4B-it/UD-Q4_K_M/v2+story-v1/llama.cpp-b11443/t0	2026-10-06		
2043_150_68	d10909cc34e2e7b1b5546e7178985c31670fe723	Oh, Rekoro, good mor...	machine	gemma-4-26B-A4B-it/UD-Q4_K_M/v2+story-v1/llama.cpp-b11443/t0	2026-10-06		
2043_150_69	dcf1bf0c6a6bac7cb8e472925a6be0321f887853	Ack!	machine	gemma-4-26B-A4B-it/UD-Q4_K_M/v2+story-v1/llama.cpp-b11443/t0	2026-10-06		
2043_150_70	87000924982bf65354ac8d5c9ffd76af6fa1dd94	Wh-wh-wh-what?!	machine	gemma-4-26B-A4B-it/UD-Q4_K_M/v2+story-v1/llama.cpp-b11443/t0	2026-10-06		
2043_150_71	7758c5de3687726fd607da2dd86865ae263907d7	Huh...? Rekoro?	machine	gemma-4-26B-A4B-it/UD-Q4_K_M/v2+story-v1/llama.cpp-b11443/t0	2026-10-06		
2043_150_72	75cf4dadfc3929efe05ffe44dfd4e532224a68ef	...W-w-what's with that outfit?!	machine	gemma-4-26B-A4B-it/UD-Q4_K_M/v2+story-v1/llama.cpp-b11443/t0	2026-10-06		
2043_150_73	a2c92aa18cfa525c710f76a8f014b808b69f4e6c	Like AI Coro, I have limbs built\ninto my internal structure.	machine	gemma-4-26B-A4B-it/UD-Q4_K_M/v2+story-v1/llama.cpp-b11443/t0	2026-10-06		
2043_150_74	e55beab37b0ce379bd7361886d130e9e7415e953	After learning from last night's\nobservations, I determined that\nHuman limbs are often useful\nfor Tika's care.	machine	gemma-4-26B-A4B-it/UD-Q4_K_M/v2+story-v1/llama.cpp-b11443/t0	2026-10-06		
2043_150_75	88f11f40147df3d920789648db0022145762aff2	I don't even know where to\nstart with this!	machine	gemma-4-26B-A4B-it/UD-Q4_K_M/v2+story-v1/llama.cpp-b11443/t0	2026-10-06		
2043_150_76	3fb374502e2ff5476975055e784346485283255c	Rekoro, that's... a little scary.	machine	gemma-4-26B-A4B-it/UD-Q4_K_M/v2+story-v1/llama.cpp-b11443/t0	2026-10-06		
2043_150_77	112fce482a30f269452e5deae168a5baec335656	Whaaaat!?	machine	gemma-4-26B-A4B-it/UD-Q4_K_M/v2+story-v1/llama.cpp-b11443/t0	2026-10-06		
2043_150_78	83c8a7fb8b449862877992870e503ff89f9477c9	Tika? Verda? Are you awake?\nIt's time for breakfa...	machine	gemma-4-26B-A4B-it/UD-Q4_K_M/v2+story-v1/llama.cpp-b11443/t0	2026-10-06		
2043_150_79	dda20bbc758384bdcb66f8e905d3a55b449a0a80	...A-A-A monster!?	machine	gemma-4-26B-A4B-it/UD-Q4_K_M/v2+story-v1/llama.cpp-b11443/t0	2026-10-06		
2043_150_80	e830d4e2420c75e195ba37f6f668c88ba8d6ddaa	Whaaaaaaat!?	machine	gemma-4-26B-A4B-it/UD-Q4_K_M/v2+story-v1/llama.cpp-b11443/t0	2026-10-06		
2043_150_81	240c116a59076464a876797e466ec4cb231c8e30	Get away from Verda and Tika!!	machine	gemma-4-26B-A4B-it/UD-Q4_K_M/v2+story-v1/llama.cpp-b11443/t0	2026-10-06		
2043_150_82	392b19c3e55eec712688233d4715f5d884de5aeb	Aaaah, Eve, wait!!	machine	gemma-4-26B-A4B-it/UD-Q4_K_M/v2+story-v1/llama.cpp-b11443/t0	2026-10-06		
2043_150_83	cd484bc5901d5043a1367d4ec74525a6513e1a29	Ah, Eve, please calm down!	machine	gemma-4-26B-A4B-it/UD-Q4_K_M/v2+story-v1/llama.cpp-b11443/t0	2026-10-06		
2043_150_84	a7f5302a477f4b86b3ec006aaafc4037f7d9ee93	Whyyyyyyy!?	machine	gemma-4-26B-A4B-it/UD-Q4_K_M/v2+story-v1/llama.cpp-b11443/t0	2026-10-06		
2043_150_85	dea8374c121e293c1c6dab9745634c3715b2b57f	What did I do wrongyyyyyy!?	machine	gemma-4-26B-A4B-it/UD-Q4_K_M/v2+story-v1/llama.cpp-b11443/t0	2026-10-06		
2044_200_01	7604ebeacae1323d9c2c8d3a69867637dd648d75	The fact that nothing is\nhappening today is actually\nquite eerie.	machine	gemma-4-26B-A4B-it/UD-Q4_K_M/v2+story-v1/llama.cpp-b11443/t0	2026-10-06		
2044_200_02	a2687d8b718c9e6075d295a888d6748ae746e765	Let's just get into the royal\ncastle quickly. Surely they\nwon't try anything while we're\ninside.	machine	gemma-4-26B-A4B-it/UD-Q4_K_M/v2+story-v1/llama.cpp-b11443/t0	2026-10-06		
2044_200_03	6f26bb629c7f36562864fb6430e77449d78b06e6	Come to think of it, Tika, you\ndon't have that amazing Arms\nwith you, do you?	machine	gemma-4-26B-A4B-it/UD-Q4_K_M/v2+story-v1/llama.cpp-b11443/t0	2026-10-06		
2044_200_04	64ffa0615018f9890c71625a245616637332c781	Yeah. Weapons aren't allowed\ninside the royal castle.	machine	gemma-4-26B-A4B-it/UD-Q4_K_M/v2+story-v1/llama.cpp-b11443/t0	2026-10-06		
2044_200_05	eed658d35b8cc2c29b3133827d86ca7077456c48	(It would be a disaster if they\nsearched us and found\nRekoro.)	machine	gemma-4-26B-A4B-it/UD-Q4_K_M/v2+story-v1/llama.cpp-b11443/t0	2026-10-06		
2044_200_06	4638b3fcdef3595103c666d15028fcee9bc3cdb7	(Don't worry, I've made sure it\ncan operate autonomously by\nlinking with Rekoro just in\ncase.)	machine	gemma-4-26B-A4B-it/UD-Q4_K_M/v2+story-v1/llama.cpp-b11443/t0	2026-10-06		
2044_200_07	2c13fb5706a51a52de5c58f81a0f0b58d690ccfb	I see.	machine	gemma-4-26B-A4B-it/UD-Q4_K_M/v2+story-v1/llama.cpp-b11443/t0	2026-10-06		
2044_200_08	6b484e8e8c0a875fe6af51f5c1db7f837ba1ad94	If that Arms could go\nautonomous and rush to Tika's\naid whenever she's in a pinch,\nI'd be so pumped!	machine	gemma-4-26B-A4B-it/UD-Q4_K_M/v2+story-v1+short-v1/llama.cpp-b11443/t0	2026-10-06		
2044_200_09	e83a751e59fc9c964ce50940ad82bda027372812	*Gulp.*	machine	gemma-4-26B-A4B-it/UD-Q4_K_M/v2+story-v1/llama.cpp-b11443/t0	2026-10-06		
2044_200_10	e83a751e59fc9c964ce50940ad82bda027372812	*Gulp.*	machine	gemma-4-26B-A4B-it/UD-Q4_K_M/v2+story-v1/llama.cpp-b11443/t0	2026-10-06		
2044_200_11	e83a751e59fc9c964ce50940ad82bda027372812	*Gulp.*	machine	gemma-4-26B-A4B-it/UD-Q4_K_M/v2+story-v1/llama.cpp-b11443/t0	2026-10-06		
2044_200_13	9a50fdb820073fd660228416fa9f5dc09f877207	But I guess that's not actually\ngoing to happen! Ahahaha!	machine	gemma-4-26B-A4B-it/UD-Q4_K_M/v2+story-v1/llama.cpp-b11443/t0	2026-10-06		
2044_200_14	b9e45e9b57e8364f05f824ae1f44b517566b7073	By the way, what were you\nguys talking about?	machine	gemma-4-26B-A4B-it/UD-Q4_K_M/v2+story-v1/llama.cpp-b11443/t0	2026-10-06		
2044_200_15	3efb96c5df99ea3986d362b9be60228a7954ee3f	We should head to the royal\ncastle now. Come on, if you\nkeep acting weird, even the\ncivilians will start giving you\ndirty looks.	machine	gemma-4-26B-A4B-it/UD-Q4_K_M/v2+story-v1+short-v1/llama.cpp-b11443/t0	2026-10-06		
2044_200_16	16cdc8d2c53df38cc63e9c2c3f843e5047471371	I'm sorry. We're about to meet\nsomeone important, so we have\nto behave!	machine	gemma-4-26B-A4B-it/UD-Q4_K_M/v2+story-v1/llama.cpp-b11443/t0	2026-10-06		
2044_200_17	587387ed0eb4222c28db4f5afc5fd94445fef174	...Oh, there's dirt on my shoe.	machine	gemma-4-26B-A4B-it/UD-Q4_K_M/v2+story-v1/llama.cpp-b11443/t0	2026-10-06		
2044_200_18	7400bc39fd11d3a55d2ba2448af2f1f1dcfc6ce3	...Huh?	machine	gemma-4-26B-A4B-it/UD-Q4_K_M/v2+story-v1/llama.cpp-b11443/t0	2026-10-06		
2044_200_20	a61b6e185a5ba54b7adfc06d031f54cb7e5c6ed0	Tika, what's wrong?	machine	gemma-4-26B-A4B-it/UD-Q4_K_M/v2+story-v1/llama.cpp-b11443/t0	2026-10-06		
2044_200_21	b5dca074c7b902ee132baee2ac02e63b6d32bf29	That person... who just came\nout of the castle...	machine	gemma-4-26B-A4B-it/UD-Q4_K_M/v2+story-v1/llama.cpp-b11443/t0	2026-10-06		
2044_200_22	368d99ca408671b318c9d5576b9be57bb2328e0e	Oh, plenty of people come and\ngo from the royal castle for\npetitions, appeals, or castle\nmaintenance.	machine	gemma-4-26B-A4B-it/UD-Q4_K_M/v2+story-v1/llama.cpp-b11443/t0	2026-10-06		
2044_200_23	3075279bdc3d54f84b50f99875d2aafdeb1cfc90	Did something about that\nwoman who just left bother\nyou?	machine	gemma-4-26B-A4B-it/UD-Q4_K_M/v2+story-v1/llama.cpp-b11443/t0	2026-10-06		
2044_200_24	b31e6e10d52da94164b7039a19fd18fdf0abd936	That person just now, under\nthe hem of her robe...	machine	gemma-4-26B-A4B-it/UD-Q4_K_M/v2+story-v1/llama.cpp-b11443/t0	2026-10-06		
2044_200_25	5590ff8011105dbc9611adfe36ab2f63edc164d3	Eh?	machine	gemma-4-26B-A4B-it/UD-Q4_K_M/v2+story-v1/llama.cpp-b11443/t0	2026-10-06		
2044_200_26	aac3b1ff063b87a6204353b7d3f277aa8ab4861f	There was something like a\ntail...	machine	gemma-4-26B-A4B-it/UD-Q4_K_M/v2+story-v1/llama.cpp-b11443/t0	2026-10-06		
2044_200_28	c23d01f7b6a8167d83e9aef3027fd6f1cc647064	W-What was that!?	machine	gemma-4-26B-A4B-it/UD-Q4_K_M/v2+story-v1/llama.cpp-b11443/t0	2026-10-06		
2044_200_29	536c0a5d61b34571597089c698046830806686c3	Kyaaa!?	machine	gemma-4-26B-A4B-it/UD-Q4_K_M/v2+story-v1/llama.cpp-b11443/t0	2026-10-06		
2044_200_30	916d1c4cfed50360aa40a5f2f3d892a56be9befd	What happened!?	machine	gemma-4-26B-A4B-it/UD-Q4_K_M/v2+story-v1/llama.cpp-b11443/t0	2026-10-06		
2044_200_31	5f84aa5aa3d9430accc482f917d970baf18aed5b	"Waaaaah! This is bad, this is\nbad, this is bad!!"	machine	gemma-4-26B-A4B-it/UD-Q4_K_M/v2+story-v1/llama.cpp-b11443/t0	2026-10-06		
2044_200_32	7057a57d7c463f4da491840d180e3fc34a5b7ba7	Coro!?	machine	gemma-4-26B-A4B-it/UD-Q4_K_M/v2+story-v1/llama.cpp-b11443/t0	2026-10-06		
2044_200_33	b0ffa7f30e7a4ab90f1af0e7a47e62a71ea87b8f	Why are you playing\nventriloquist at a time like\nthis?!	machine	gemma-4-26B-A4B-it/UD-Q4_K_M/v2+story-v1/llama.cpp-b11443/t0	2026-10-06		
2044_200_35	ae105c88e1488a6dc0450d2164fc2ecb3fa085fd	(C-Coro! What's wrong?!)	machine	gemma-4-26B-A4B-it/UD-Q4_K_M/v2+story-v1/llama.cpp-b11443/t0	2026-10-06		
2044_200_36	f18b7b66f1daae67922a6b85466a76d72a565c7e	"(It's the same thing! In the\nforest along Carlone's highway!	machine	gemma-4-26B-A4B-it/UD-Q4_K_M/v2+story-v1/llama.cpp-b11443/t0	2026-10-06		
2044_200_37	0f3eedab3add03c9da6066d102c8ad9447a42267	I saw it! I saw it with my own\neyes! It's Thornite! Thornite is\nappearing all over the Royal\nCapital!)"	machine	gemma-4-26B-A4B-it/UD-Q4_K_M/v2+story-v1/llama.cpp-b11443/t0	2026-10-06		
2044_200_38	3f450de29bd693f99c9fd7b8268edd358d1da5f8	Multiple high-density Gem\nreactions detected! Tika!	machine	gemma-4-26B-A4B-it/UD-Q4_K_M/v2+story-v1/llama.cpp-b11443/t0	2026-10-06		
2044_200_39	e54b7b1e580938f8349c343e69f8d9fb0d806e30	Wait, is Tika's Arms really\nrunning toward us alone!? What\nis this, what's going on!? Tell\nme how this works!!	machine	gemma-4-26B-A4B-it/UD-Q4_K_M/v2+story-v1+short-v1/llama.cpp-b11443/t0	2026-10-06		
2044_200_40	0e4d4a7a5e78a5333e307e84c6f37bad77ef2a22	Welch! Get back! Something's\ncoming!!	machine	gemma-4-26B-A4B-it/UD-Q4_K_M/v2+story-v1/llama.cpp-b11443/t0	2026-10-06		
2044_210_01	eca6a86bf09f25775340b9cc29bd8ea49baeae46	Beast Witch: Ugh...!	machine	gemma-4-26B-A4B-it/UD-Q4_K_M/v2+story-v1/llama.cpp-b11443/t0	2026-10-06		
2044_210_02	1573d7e79b1ab1f90d2bd8857153a4ab50be18a3	I-I-I-I-I get it! I thought it was\nKarlyn Kayson!	machine	gemma-4-26B-A4B-it/UD-Q4_K_M/v2+story-v1/llama.cpp-b11443/t0	2026-10-06		
2044_210_03	50f98287e7a16182b985400f9f3881384f6200d3	If that wasn't Karlyn Kayson,\nthen that's a problem in itself!	machine	gemma-4-26B-A4B-it/UD-Q4_K_M/v2+story-v1/llama.cpp-b11443/t0	2026-10-06		
2044_210_04	1d2295edf294b7347efef8e6c60a86fa6a4a74fc	Tika! Do you remember what\nthe woman we passed was\nwearing!?	machine	gemma-4-26B-A4B-it/UD-Q4_K_M/v2+story-v1/llama.cpp-b11443/t0	2026-10-06		
2044_210_05	36eb30827c5bfd449237ff1cb0daabd3657216b7	I-I didn't get a very good look,\nbut...	machine	gemma-4-26B-A4B-it/UD-Q4_K_M/v2+story-v1/llama.cpp-b11443/t0	2026-10-06		
2044_210_06	1b9cda7b62833f31b05469ebdff9ef312211e2bf	B-But the shape of her shoes\nwas completely different! It's\nnot her!	machine	gemma-4-26B-A4B-it/UD-Q4_K_M/v2+story-v1/llama.cpp-b11443/t0	2026-10-06		
2044_210_07	8e579ae5901d9ed16384f58e2cbc5dd31168e9be	What!? Are you saying multiple\nBeast Witches have infiltrated\nthe Royal Capital!?	machine	gemma-4-26B-A4B-it/UD-Q4_K_M/v2+story-v1/llama.cpp-b11443/t0	2026-10-06		
2044_210_08	b9506a072603c834d69886cf93982accf505407b	It looks like that's exactly\nwhat's happening!!	machine	gemma-4-26B-A4B-it/UD-Q4_K_M/v2+story-v1/llama.cpp-b11443/t0	2026-10-06		
2044_220_01	64448903ae7b572884954d88f2756cbf06dc5e7d	Hehehe... They've fallen for it\neven more than I imagined. I\nwonder if that smelling salts I\nused worked that well.	machine	gemma-4-26B-A4B-it/UD-Q4_K_M/v2+story-v1/llama.cpp-b11443/t0	2026-10-06		
2044_220_02	c84213e1e8e65d4597e11b7219544c93a8cdeaf7	Even the guards are\ncompletely on edge.	machine	gemma-4-26B-A4B-it/UD-Q4_K_M/v2+story-v1/llama.cpp-b11443/t0	2026-10-06		
2044_220_03	b988b46cdd41a7cf08d0e097c3a6f1741692040d	<font color=blue>Karlyn's Subordinate</font> Lady\nKarlyn! The disruption in the\nRoyal Capital's East District is\nproceeding smoothly.	machine	gemma-4-26B-A4B-it/UD-Q4_K_M/v2+story-v1+short-v1/llama.cpp-b11443/t0	2026-10-06		
2044_220_04	51f7a7bdc851bde322da138678b8dcf6d822ca2d	<font color=blue>Karlyn</font> Good. That's fine.	machine	gemma-4-26B-A4B-it/UD-Q4_K_M/v2+story-v1/llama.cpp-b11443/t0	2026-10-06		
2044_220_05	0b8243f65a04229df90a01eab41096e197ff338a	<font color=blue>Karlyn's Subordinate</font> However,\nit seems they are meeting\nquite strong resistance around\nthe Royal Castle!	machine	gemma-4-26B-A4B-it/UD-Q4_K_M/v2+story-v1/llama.cpp-b11443/t0	2026-10-06		
2044_220_06	390c190ea1f5f46c356d4fe0bba77b86cf0e87a4	Reports say that many of our\ncomrades have already fallen.	machine	gemma-4-26B-A4B-it/UD-Q4_K_M/v2+story-v1/llama.cpp-b11443/t0	2026-10-06		
2044_220_07	f94dd559736eba4f586f2c5d033ddb456c1e2f74	<font color=blue>Karlyn</font>...Perhaps it's because\nthe attack was changed to\ncoincide with Ricardo Franz's\nreturn.	machine	gemma-4-26B-A4B-it/UD-Q4_K_M/v2+story-v1+short-v1/llama.cpp-b11443/t0	2026-10-06		
2044_220_08	47c81ca40eb60606fb75cea5f7aa7fc64cb32962	<font color=blue>Karlyn</font> I suppose the knights\naround the Royal Castle won't\nbe shaken that easily.	machine	gemma-4-26B-A4B-it/UD-Q4_K_M/v2+story-v1/llama.cpp-b11443/t0	2026-10-06		
2044_220_09	d66c7c687b8ac5718ddfd9678c4d25ebce9cb0b6	<font color=blue>Karlyn's Subordinate</font> What are\nyour orders?	machine	gemma-4-26B-A4B-it/UD-Q4_K_M/v2+story-v1/llama.cpp-b11443/t0	2026-10-06		
2044_220_10	145199b879995d520aeadd7aaa2fe5d0e8ac46f3	<font color=blue>Karlyn</font> Issue a new order. Our\ngoal of throwing the Rubarika\nRoyal Capital into chaos has\nalready been achieved.	machine	gemma-4-26B-A4B-it/UD-Q4_K_M/v2+story-v1+short-v1/llama.cpp-b11443/t0	2026-10-06		
2044_220_11	01098c434f2e05c62fa9f972be8e3f8445cbc1e8	Beast Witches, you are vital to\nBaschen. If your lives are in\ndanger, retreat without\nhesitation.	machine	gemma-4-26B-A4B-it/UD-Q4_K_M/v2+story-v1+short-v1/llama.cpp-b11443/t0	2026-10-06		
2044_220_12	3270ef18582d13173c389d9002f933ba63e7ad50	I will go to rescue our\ncomrades currently operating\nnear the Royal Castle.	machine	gemma-4-26B-A4B-it/UD-Q4_K_M/v2+story-v1/llama.cpp-b11443/t0	2026-10-06		
2044_220_13	0f0260d284620723978a7f90c8c6dfa000fd1258	<font color=blue>Karlyn's Subordinate</font> Won't that\nbe too dangerous?	machine	gemma-4-26B-A4B-it/UD-Q4_K_M/v2+story-v1/llama.cpp-b11443/t0	2026-10-06		
2044_220_14	87df8d0a2320b7c9b6c37c7488e664328ab17cf7	<font color=blue>Karlyn</font> I have to save the\ncomrades I can.	machine	gemma-4-26B-A4B-it/UD-Q4_K_M/v2+story-v1/llama.cpp-b11443/t0	2026-10-06		
2044_220_15	9682c3c3510fc6803a92c54b34f642930c3f7cc6	Besides... do you really think I'd\nlose, even if Ricardo Franz\nhimself showed up?	machine	gemma-4-26B-A4B-it/UD-Q4_K_M/v2+story-v1/llama.cpp-b11443/t0	2026-10-06		
2044_220_16	25359a34bfb7a61e152b5a67d702087697805928	<font color=blue>Karlyn's Subordinate</font> ...No, I\nspoke out of turn. Please\nforgive me.	machine	gemma-4-26B-A4B-it/UD-Q4_K_M/v2+story-v1/llama.cpp-b11443/t0	2026-10-06		
2044_220_17	2e62181f61749a77a1e4a0646b00de0b7d6cd45d	<font color=blue>Karlyn</font> You were just worried\nabout me, weren't you? I'll be\nfine. Thank you.	machine	gemma-4-26B-A4B-it/UD-Q4_K_M/v2+story-v1/llama.cpp-b11443/t0	2026-10-06		
2044_220_18	88680db9de40900556dc63f065cef3275d4e6665	Judge the situation and return\nwhen appropriate. I'll see you\nagain at the Imperial Castle.	machine	gemma-4-26B-A4B-it/UD-Q4_K_M/v2+story-v1+short-v1/llama.cpp-b11443/t0	2026-10-06		
2044_220_19	4abd11a6e2fe7055094945a71cdf3c5fc8be4f90	Karlyn's Subordinate: Yes,\nma'am!	machine	gemma-4-26B-A4B-it/UD-Q4_K_M/v2+story-v1/llama.cpp-b11443/t0	2026-10-06		
2044_230_01	8b3ced02d504c567241f45671d270c2b9df579d6	Just how many Beast Witches\nare there?!	machine	gemma-4-26B-A4B-it/UD-Q4_K_M/v2+story-v1/llama.cpp-b11443/t0	2026-10-06		
2044_230_02	78e684de267704daaa38d0203c6a77539d9a53c2	What on earth was the guard\ndoing, allowing this many\nintruders into the Royal\nCapital?!	machine	gemma-4-26B-A4B-it/UD-Q4_K_M/v2+story-v1/llama.cpp-b11443/t0	2026-10-06		
2044_230_03	bbe87104b6c09e04cdc64b838d78bac687611844	Hey! You, wait a minute!!	machine	gemma-4-26B-A4B-it/UD-Q4_K_M/v2+story-v1/llama.cpp-b11443/t0	2026-10-06		
2044_230_04	36e129b320860b0dc91c6d8d00f3c9428c56bb23	Guard: Waaah!? H-Help me...!	machine	gemma-4-26B-A4B-it/UD-Q4_K_M/v2+story-v1/llama.cpp-b11443/t0	2026-10-06		
2044_230_05	ae88d48a3336c344724135f6d4b0ef3d62d2e124	What the hell is going on?! How\ncan there be this many of\nBaschen's beasts appearing in\nthe Royal Capital?!	machine	gemma-4-26B-A4B-it/UD-Q4_K_M/v2+story-v1/llama.cpp-b11443/t0	2026-10-06		
2044_230_06	4259cdd71ac02689fcdb7f657cfbbe5063f58c1c	Guard: I-I don't know! We\nhaven't received any orders at\nall from Guard Headquarters or\nfrom Lord Delta!	machine	gemma-4-26B-A4B-it/UD-Q4_K_M/v2+story-v1/llama.cpp-b11443/t0	2026-10-06		
2044_230_07	26156a64640e8150cd529e77047f31c1cd70b573	Guard: We're fighting\neverywhere, but we can't hold\nout much longer. I've come to\nseek your instructions!	machine	gemma-4-26B-A4B-it/UD-Q4_K_M/v2+story-v1+short-v1/llama.cpp-b11443/t0	2026-10-06		
2044_230_08	b07c6e34056825b3ad05b8cdb85ee4d8887a95c9	Guard: Get out of my way!	machine	gemma-4-26B-A4B-it/UD-Q4_K_M/v2+story-v1/llama.cpp-b11443/t0	2026-10-06		
2044_230_09	dd0995b18eabecf2ff60e155ba477e74ffc7382b	Hey, wait! Don't you run away!	machine	gemma-4-26B-A4B-it/UD-Q4_K_M/v2+story-v1/llama.cpp-b11443/t0	2026-10-06		
2044_230_10	c33c3543b8485c8007b6155bf4659c89baf5dc79	Does that mean the guards\naren't able to fight?	machine	gemma-4-26B-A4B-it/UD-Q4_K_M/v2+story-v1/llama.cpp-b11443/t0	2026-10-06		
2044_230_11	12433758ed8e0f3afd2c633d5a813fc66332ee5a	Things just took a turn for the\nworse.	machine	gemma-4-26B-A4B-it/UD-Q4_K_M/v2+story-v1/llama.cpp-b11443/t0	2026-10-06		
2044_230_12	bc24995ee261a392f14df3dadabe94b26ac161fc	That Guard Captain's strange\nattitude from the start... could\nhe have been in league with\nBaschen all along?	machine	gemma-4-26B-A4B-it/UD-Q4_K_M/v2+story-v1+short-v1/llama.cpp-b11443/t0	2026-10-06		
2044_230_13	e641879a8bf31bf46dd57b6fa183c7369cb56fa5	...Correct. You're a sharp little\nthing, aren't you, sweetie?	machine	gemma-4-26B-A4B-it/UD-Q4_K_M/v2+story-v1/llama.cpp-b11443/t0	2026-10-06		
2044_230_14	20e2641e85c1b5a1e1538246a2e39841d339963e	...N-No way...	machine	gemma-4-26B-A4B-it/UD-Q4_K_M/v2+story-v1/llama.cpp-b11443/t0	2026-10-06		
2044_230_15	f0bbfd271602a8a3cb216b1b85153dc099c81157	Karlyn Kayson...! To think you'd\nshow your face so brazenly...!	machine	gemma-4-26B-A4B-it/UD-Q4_K_M/v2+story-v1/llama.cpp-b11443/t0	2026-10-06		
2044_230_16	ad6b8bc87c306c7d5fb766cd91bdc4f7e4c9adcb	I heard there were tough\nopponents here, but seeing\nsome familiar faces actually\nmakes me quite happy.	machine	gemma-4-26B-A4B-it/UD-Q4_K_M/v2+story-v1+short-v1/llama.cpp-b11443/t0	2026-10-06		
2044_230_17	db91bc21135b1deefc879dd7c2c2c86e43c143f8	Oh boy... I was really hoping\nyou'd have forgotten my face.	machine	gemma-4-26B-A4B-it/UD-Q4_K_M/v2+story-v1/llama.cpp-b11443/t0	2026-10-06		
2044_230_18	ba3fe37d1128b0659ab278b891c31cde8dd5542e	You're the first ones who didn't\nfall to my beast. How could I\never forget you?	machine	gemma-4-26B-A4B-it/UD-Q4_K_M/v2+story-v1/llama.cpp-b11443/t0	2026-10-06		
2044_230_19	35b613bd58c741f142b0f3bed9688f20697083d1	You planned this raid, didn't\nyou!	machine	gemma-4-26B-A4B-it/UD-Q4_K_M/v2+story-v1/llama.cpp-b11443/t0	2026-10-06		
2044_230_20	5d851a6219baa2f3d83fdecc0b742c269710b510	Do you have any idea how\nmany people in the Royal\nCapital have fallen victim to\nthis! I'll never forgive you!	machine	gemma-4-26B-A4B-it/UD-Q4_K_M/v2+story-v1/llama.cpp-b11443/t0	2026-10-06		
2044_230_21	f36d9819ab0dac5862022402351b6f23772f6668	...I don't need your forgiveness,\nbut I won't allow you to get in\nmy way any longer.	machine	gemma-4-26B-A4B-it/UD-Q4_K_M/v2+story-v1/llama.cpp-b11443/t0	2026-10-06		
2044_230_22	3936e01458085608571963fd21781c43ab06b889	It's a shame, but this time,\nyou're dying right here.	machine	gemma-4-26B-A4B-it/UD-Q4_K_M/v2+story-v1/llama.cpp-b11443/t0	2026-10-06		
2044_230_24	8ff3063a72d5fbcddb931d4c8b71ec2169d9c293	N-Not again!!	machine	gemma-4-26B-A4B-it/UD-Q4_K_M/v2+story-v1/llama.cpp-b11443/t0	2026-10-06		
2044_230_25	b79f154013ce634d11b23422d5cfebeaeb23a26c	O, Shining Star! Become the\nflame that guides them!!	machine	gemma-4-26B-A4B-it/UD-Q4_K_M/v2+story-v1/llama.cpp-b11443/t0	2026-10-06		
2044_230_26	d015c12e8f78d7ccd2a9d705b15ab0e8fa0b06b2	That werewolf was in the\nforest...!	machine	gemma-4-26B-A4B-it/UD-Q4_K_M/v2+story-v1/llama.cpp-b11443/t0	2026-10-06		
2044_230_27	10e4c4de01f334b0ea3dbad9e28832551876118d	Now then... this child is strong.\nI wonder how much they can\nendure?	machine	gemma-4-26B-A4B-it/UD-Q4_K_M/v2+story-v1/llama.cpp-b11443/t0	2026-10-06		
2045_300_01	dd5f4246405a780d3b7f7cea7cd7d3fab741d43c	Warping... bending... bursting...	machine	gemma-4-26B-A4B-it/UD-Q4_K_M/v2+story-v1/llama.cpp-b11443/t0	2026-10-06		
2045_300_02	13bfa7f12f5f0373cac648ffe4fb3034597a27aa	Good. Truly good.	machine	gemma-4-26B-A4B-it/UD-Q4_K_M/v2+story-v1/llama.cpp-b11443/t0	2026-10-06		
2045_300_03	5c533fe5fc0d9ca4b431e38c2b3eb8f588e3dbf0	Karlyn Kayson, magnificent.	machine	gemma-4-26B-A4B-it/UD-Q4_K_M/v2+story-v1/llama.cpp-b11443/t0	2026-10-06		
2045_300_04	b3cf23a674485b89b6ce4d131267e1390e4e8e06	My eyes were not mistaken in\ndiscovering your talent...!	machine	gemma-4-26B-A4B-it/UD-Q4_K_M/v2+story-v1/llama.cpp-b11443/t0	2026-10-06		
2045_300_05	62f46a1fa6ff160f37d7a5faec7a86e43a61c5dd	The moon cannot shine on its\nown. And yet, it attempts to\nstand alongside the sun.	machine	gemma-4-26B-A4B-it/UD-Q4_K_M/v2+story-v1/llama.cpp-b11443/t0	2026-10-06		
2045_300_06	768ac02928c7a80ecae98eadb173f3a8129848cb	Mastima. What do you think\nnow, seeing this, after you\nbranded that an act of\nreckless violence?	machine	gemma-4-26B-A4B-it/UD-Q4_K_M/v2+story-v1/llama.cpp-b11443/t0	2026-10-06		
2045_300_07	c17ad30b142c550e00f41cd16b0cb3afe2c28e86	If you call yourself human, then\nshed even a single tear at this\nsight!	machine	gemma-4-26B-A4B-it/UD-Q4_K_M/v2+story-v1/llama.cpp-b11443/t0	2026-10-06		
2045_300_08	614d37c2a0ebef657d80396b40c593d238825ce4	...Hm.	machine	gemma-4-26B-A4B-it/UD-Q4_K_M/v2+story-v1/llama.cpp-b11443/t0	2026-10-06		
2045_300_09	a424bce1cfa44a163a8867070dd8ab8f5078df5a	It stopped...?	machine	gemma-4-26B-A4B-it/UD-Q4_K_M/v2+story-v1/llama.cpp-b11443/t0	2026-10-06		
2045_310_01	b802b4620a1cc21f8bd1f245e87edf7d209da3cd	GET IT OUT! GET IT OUT, GET\nIT OUT, GET IT OUT! GET IT\nOOOOOOOOOOOOOOOOOOOOOUT!\nDAMN IT ALL!	machine	gemma-4-26B-A4B-it/UD-Q4_K_M/v2+story-v1/llama.cpp-b11443/t0	2026-10-06		
2045_310_02	cb56c85411e6b58475eff7789ff78e5d3aecff6e	...Welch, you're being noisy.	machine	gemma-4-26B-A4B-it/UD-Q4_K_M/v2+story-v1/llama.cpp-b11443/t0	2026-10-06		
2045_310_04	af2313f9d3dfb1b50e248034c72995dd6c9dbbe2	Euwin, could you please make\nWelch be quiet?	machine	gemma-4-26B-A4B-it/UD-Q4_K_M/v2+story-v1/llama.cpp-b11443/t0	2026-10-06		
2045_310_05	0875e86e77642e520e5711c883c308f26e019ad5	...If we were in the same cell, I\nwould have silenced her by\npunching her.	machine	gemma-4-26B-A4B-it/UD-Q4_K_M/v2+story-v1/llama.cpp-b11443/t0	2026-10-06		
2045_310_14	39e4ee688fab28b683c8a039b7672ec349b1b5da	...I know that. But I still... I just\ncan't help it...	machine	gemma-4-26B-A4B-it/UD-Q4_K_M/v2+story-v1/llama.cpp-b11443/t0	2026-10-06		
2045_310_15	e79198746d18d151929a83bd3ffbf4db89a925f8	Celestial Calling!!	machine	gemma-4-26B-A4B-it/UD-Q4_K_M/v2+story-v1/llama.cpp-b11443/t0	2026-10-06		
2045_310_16	e6c0387b98ac7f3c1d1028d38c795e012885d890	Gaaah!	machine	gemma-4-26B-A4B-it/UD-Q4_K_M/v2+story-v1/llama.cpp-b11443/t0	2026-10-06		
2045_310_17	e47d9bc922b45912441e775346aa5e8afa19628c	Did you... somehow... defeat\nher...?	machine	gemma-4-26B-A4B-it/UD-Q4_K_M/v2+story-v1/llama.cpp-b11443/t0	2026-10-06		
2045_310_18	4b198f09a695c16e6c6cc1cf3585a06e422b43fe	That power... the Crest Disc...\nWho are you really...?!	machine	gemma-4-26B-A4B-it/UD-Q4_K_M/v2+story-v1/llama.cpp-b11443/t0	2026-10-06		
2045_310_19	ef84a20358cb5c83fc7c2063ec13cabdd4e8baa7	That's what I want to ask! The\ntruth behind that summoning\ncrest art and where you got it!\nYou're telling me everything!	machine	gemma-4-26B-A4B-it/UD-Q4_K_M/v2+story-v1+short-v1/llama.cpp-b11443/t0	2026-10-06		
2045_310_20	6c429fcde0be076d7501b8e9ce61613781aaf831	I told you before. Even if I did\ntell you...	machine	gemma-4-26B-A4B-it/UD-Q4_K_M/v2+story-v1/llama.cpp-b11443/t0	2026-10-06		
2045_310_21	878c956242a511322091783e2a561d031a03ccf3	Just do it!!	machine	gemma-4-26B-A4B-it/UD-Q4_K_M/v2+story-v1/llama.cpp-b11443/t0	2026-10-06		
2045_310_23	da931185ae5481349ccb79177068d691b15e0fba	Please... just tell me...!	machine	gemma-4-26B-A4B-it/UD-Q4_K_M/v2+story-v1/llama.cpp-b11443/t0	2026-10-06		
2045_310_24	86c7fa24ce1a93c700e12ada2630a085a07f3f12	Eve...?	machine	gemma-4-26B-A4B-it/UD-Q4_K_M/v2+story-v1/llama.cpp-b11443/t0	2026-10-06		
2045_310_25	577a89d47e8916477dee07079d1f6952dd2d911c	As for why... I don't know why I\npossess this power...	machine	gemma-4-26B-A4B-it/UD-Q4_K_M/v2+story-v1/llama.cpp-b11443/t0	2026-10-06		
2045_310_26	2b130e4ca4bdd7cc785b84391579bf53e7375898	What... are you talking about?	machine	gemma-4-26B-A4B-it/UD-Q4_K_M/v2+story-v1/llama.cpp-b11443/t0	2026-10-06		
2045_310_27	10b08796c18143d24f4bf779aa7822592e353eb6	The Summoning Gem Arts... I\ndon't know why I can use them,\nor how I learned them! I know\nnothing, nothing at all!	machine	gemma-4-26B-A4B-it/UD-Q4_K_M/v2+story-v1+short-v1/llama.cpp-b11443/t0	2026-10-06		
2045_310_28	2e76eaec424d3c59c0d9a96e7c132c1b9481b72f	So tell me! How did you obtain\nthat power?!	machine	gemma-4-26B-A4B-it/UD-Q4_K_M/v2+story-v1/llama.cpp-b11443/t0	2026-10-06		
2045_310_29	16c0bf3a5f03aa3481256fae2a517547744a87bb	Why can you summon\nThornite?! Tell me, why?!	machine	gemma-4-26B-A4B-it/UD-Q4_K_M/v2+story-v1/llama.cpp-b11443/t0	2026-10-06		
2045_310_30	869e45e5a3c6abcc0a0ca54f7d577dfe48fe2210	Eve! Calm yourself!	machine	gemma-4-26B-A4B-it/UD-Q4_K_M/v2+story-v1/llama.cpp-b11443/t0	2026-10-06		
2045_310_31	0d8c18e645a905165f6ef457daa26f550d6ac898	I don't quite understand what's\nhappening, but... Verda is right,\nEve.	machine	gemma-4-26B-A4B-it/UD-Q4_K_M/v2+story-v1/llama.cpp-b11443/t0	2026-10-06		
2045_310_32	0282e8ef2fd04acc049d111889b014d55427ef2f	Even if you have things you\nwant to ask, save them for\nlater. First, we must deal with\nthese restraints...	machine	gemma-4-26B-A4B-it/UD-Q4_K_M/v2+story-v1/llama.cpp-b11443/t0	2026-10-06		
2045_310_33	c0fad31b1308772d75e331770cb40b6d9463e6e0	Guard: There they are! Over\nthere!	machine	gemma-4-26B-A4B-it/UD-Q4_K_M/v2+story-v1/llama.cpp-b11443/t0	2026-10-06		
2045_310_34	17b6bb143a53667079818064464e6d663df8e42b	Guard B: It's the Beast Witch!	machine	gemma-4-26B-A4B-it/UD-Q4_K_M/v2+story-v1/llama.cpp-b11443/t0	2026-10-06		
2045_310_35	0be0f5dd31a20ae7508ae067b65a8b9697b7b5ee	Guard C: I saw it! They're all\nBeast Witches!	machine	gemma-4-26B-A4B-it/UD-Q4_K_M/v2+story-v1/llama.cpp-b11443/t0	2026-10-06		
2045_310_36	d0266993ffce130079272ddd5c92354a296e6d59	What?!	machine	gemma-4-26B-A4B-it/UD-Q4_K_M/v2+story-v1/llama.cpp-b11443/t0	2026-10-06		
2045_310_37	095c29f83d08a98d9724a63daeb518856727477a	Hah?!	machine	gemma-4-26B-A4B-it/UD-Q4_K_M/v2+story-v1/llama.cpp-b11443/t0	2026-10-06		
2045_310_38	90405a7a91bff82eb7bf9d3b8fbb7cc61d00c105	Guard C: I saw the Baschen\nbeasts appearing from inside\nthat strange disc!	machine	gemma-4-26B-A4B-it/UD-Q4_K_M/v2+story-v1/llama.cpp-b11443/t0	2026-10-06		
2045_310_39	224d8705f9d8a3e17620e05b3cda6388deda27f8	Guard C: This woman was\nsummoning the same disc!	machine	gemma-4-26B-A4B-it/UD-Q4_K_M/v2+story-v1/llama.cpp-b11443/t0	2026-10-06		
2045_310_40	6fd94641d3a307d87d05c1b7cb7db64b2b2ae5bd	N-No! Eve is innocent!!	machine	gemma-4-26B-A4B-it/UD-Q4_K_M/v2+story-v1/llama.cpp-b11443/t0	2026-10-06		
2045_310_41	db39bf7052f7a489b8e5ebe13c2f081c46cee295	Guard C: Shut up! Are you a\nspy for Baschen too?! I won't\nshow mercy even to a child!\nSeize them!	machine	gemma-4-26B-A4B-it/UD-Q4_K_M/v2+story-v1/llama.cpp-b11443/t0	2026-10-06		
2045_310_42	7127b56df4cdbd51c3e162fddcb1899802c6a197	No way!!	machine	gemma-4-26B-A4B-it/UD-Q4_K_M/v2+story-v1/llama.cpp-b11443/t0	2026-10-06		
2045_310_43	fa2912fedf183d736c73f1b21dcbb8eb44f09916	Eve: Tika!	machine	gemma-4-26B-A4B-it/UD-Q4_K_M/v2+story-v1/llama.cpp-b11443/t0	2026-10-06		
2045_310_44	1b63de028c9da0887a262016cee402048051f2e1	Hostile action against Tika\nconfirmed! Activating defense\nmode! Counterattack...!	machine	gemma-4-26B-A4B-it/UD-Q4_K_M/v2+story-v1/llama.cpp-b11443/t0	2026-10-06		
2045_310_45	8325892d72030bfeb46d8233910e57cee3c94f1a	Rekoro! Hold back!!	machine	gemma-4-26B-A4B-it/UD-Q4_K_M/v2+story-v1/llama.cpp-b11443/t0	2026-10-06		
2045_310_47	d7a73131a49082d9cbb94119126ed279b668707d	But...!	machine	gemma-4-26B-A4B-it/UD-Q4_K_M/v2+story-v1/llama.cpp-b11443/t0	2026-10-06		
2045_310_48	7fff2e676cd41d90ed711123e85c22ed27b5255a	This is... a bad hand to play...!	machine	gemma-4-26B-A4B-it/UD-Q4_K_M/v2+story-v1/llama.cpp-b11443/t0	2026-10-06		
2045_310_49	5b69f0727ca822c63323c1f176201ebea6925331	It looks like... they aren't going\nto listen to our excuses\nanytime soon.	machine	gemma-4-26B-A4B-it/UD-Q4_K_M/v2+story-v1/llama.cpp-b11443/t0	2026-10-06		
2045_310_50	78de1507f0e2df48972dab60019d0d143c17a0da	Eve: What on earth... is\nhappening...?	machine	gemma-4-26B-A4B-it/UD-Q4_K_M/v2+story-v1/llama.cpp-b11443/t0	2026-10-06		
2045_310_52	d3c5d787d0a951729471ced72d83b0cb726bedbb	Guard: Capture them all!	machine	gemma-4-26B-A4B-it/UD-Q4_K_M/v2+story-v1/llama.cpp-b11443/t0	2026-10-06		
2045_310_53	fcaad58e8856738ee1955fd36a550cc12f9b35ec	<font color=blue>Eve</font> Everyone... Tika, I'm so\nsorry...	machine	gemma-4-26B-A4B-it/UD-Q4_K_M/v2+story-v1/llama.cpp-b11443/t0	2026-10-06		
2045_310_54	de2591058eb9d97d6776cfaa34fc2fa504286fd4	We were so close to finally\nmeeting General Ricardo, but\nbecause of me, everything\nturned out like this...	machine	gemma-4-26B-A4B-it/UD-Q4_K_M/v2+story-v1/llama.cpp-b11443/t0	2026-10-06		
2045_310_55	6258465b438978224399b7c1ef2870a564e793c4	<font color=blue>Tika</font> No! It's not your fault, Eve!	machine	gemma-4-26B-A4B-it/UD-Q4_K_M/v2+story-v1/llama.cpp-b11443/t0	2026-10-06		
2045_310_56	560fdcc3c225821e00a95ee0f0aa2da1066180aa	<font color=blue>Welch</font> Exactly! No matter how\nyou look at it, those Royal\nCapital guards are the ones\nwho are crazy!	machine	gemma-4-26B-A4B-it/UD-Q4_K_M/v2+story-v1/llama.cpp-b11443/t0	2026-10-06		
2045_310_57	53efa284096617075b6aea340d1eb8fffa0c5263	I mean, seriously?! Comparing\nus to the Witch of the\nBeasts?! What kind of logic is\nthat?!	machine	gemma-4-26B-A4B-it/UD-Q4_K_M/v2+story-v1/llama.cpp-b11443/t0	2026-10-06		
2045_310_58	362875eb673125e58c113289e816a678f927a5a9	<font color=blue>Euwin</font> Verda was talking to the\nWitch of the Beasts. Delta was\nin league with Baschen. They're\njust worried we'll spread the\nword.	machine	gemma-4-26B-A4B-it/UD-Q4_K_M/v2+story-v1+short-v1/llama.cpp-b11443/t0	2026-10-06		
2045_310_59	32b6f30d49cbeebfba8c14e4f7623f54a36319ca	<font color=blue>Welch</font> I heard that, but... is that\nactually possible? Isn't that\nwitch just making stuff up?	machine	gemma-4-26B-A4B-it/UD-Q4_K_M/v2+story-v1/llama.cpp-b11443/t0	2026-10-06		
2045_310_60	9d400ed9aac1abead701c8a74ab90a19f9d0fa12	<font color=blue>Euwin</font> The fact that so many\nbeasts and the Witch of the\nBeasts were able to infiltrate\nthe Royal Capital,	machine	gemma-4-26B-A4B-it/UD-Q4_K_M/v2+story-v1/llama.cpp-b11443/t0	2026-10-06		
2045_310_61	49bc815ef1d0f0fe08f8cea27828420d1257fce3	They imprisoned us without a\nproper investigation, assuming\nfrom the start that we were\nBaschen's spies.	machine	gemma-4-26B-A4B-it/UD-Q4_K_M/v2+story-v1+short-v1/llama.cpp-b11443/t0	2026-10-06		
2045_310_62	648f2998b11e1bcbffc13998745ada7eac8ae9f6	And it's happening just as\nGeneral Ricardo returns from\nthe front. No one else could\nhave pulled this off but him.	machine	gemma-4-26B-A4B-it/UD-Q4_K_M/v2+story-v1+short-v1/llama.cpp-b11443/t0	2026-10-06		
2045_310_63	69961d4f1276cf720d46b43c5deb9a4a80070610	<font color=blue>Tika</font> But what about Euwin?\nHe's one of the most powerful\nnobles in the country! How\ncould they do this to him...?	machine	gemma-4-26B-A4B-it/UD-Q4_K_M/v2+story-v1+short-v1/llama.cpp-b11443/t0	2026-10-06		
2045_310_64	3bf3075b7f07b6e81e1121aa5c04d528f084d6a6	<font color=blue>Euwin</font> Most would be shocked\nby the name Rakstar, but the\ngovernment elite and nobles in\nthe know aren't fazed.	machine	gemma-4-26B-A4B-it/UD-Q4_K_M/v2+story-v1+short-v1/llama.cpp-b11443/t0	2026-10-06		
2045_310_65	362e3a6d741554262f4a2e8300b25b66244d28e0	Everyone knows that the fifth\nson of Rakstar has zero\npolitical influence.	machine	gemma-4-26B-A4B-it/UD-Q4_K_M/v2+story-v1/llama.cpp-b11443/t0	2026-10-06		
2045_310_66	a85dc36e30e9af00042fbcdef36f2b72f3b16fec	If anything, they might be using\nme as a tool to shake up the\nRakstar family.	machine	gemma-4-26B-A4B-it/UD-Q4_K_M/v2+story-v1/llama.cpp-b11443/t0	2026-10-06		
2045_310_67	8a80411ca4428985dba03837dc6d70f0fd2d4142	<font color=blue>Tika</font> That can't be...	machine	gemma-4-26B-A4B-it/UD-Q4_K_M/v2+story-v1/llama.cpp-b11443/t0	2026-10-06		
2045_310_68	cd79a9e517fa14d2d60f9acff9c2f0a3ddc06108	<font color=blue>Welch</font> ...Every single one of\nthem... they're all so filthy...	machine	gemma-4-26B-A4B-it/UD-Q4_K_M/v2+story-v1/llama.cpp-b11443/t0	2026-10-06		
2045_310_69	54edf8a23dfff82d93313c102486b78a73c2ac89	<font color=blue>Euwin</font> We've been walked right\ninto a trap. I'm at my wit's end;\nthey've taken our weapons,\nand we have no allies left.	machine	gemma-4-26B-A4B-it/UD-Q4_K_M/v2+story-v1+short-v1/llama.cpp-b11443/t0	2026-10-06		
2045_310_70	772305204384445db41c80f0464fd630c36e2167	I just wish General Ricardo\nwanted to see Tika right now,	machine	gemma-4-26B-A4B-it/UD-Q4_K_M/v2+story-v1/llama.cpp-b11443/t0	2026-10-06		
2045_310_71	f60bd17a1d9335ca59b4cc79ce0501cdec5413a2	As the general in command,\nhe's likely being interrogated\nfor letting an enemy general\nreach the capital, so things will\nstay like this for a while.	machine	gemma-4-26B-A4B-it/UD-Q4_K_M/v2+story-v1+short-v1/llama.cpp-b11443/t0	2026-10-06		
2045_310_72	06a911bff7e2d43cba7089a15ed259ed315410bb	<font color=blue>Welch</font> Eu! Are you really okay\nwith this?! Because if things\nkeep going like this, it'll be\nsoon...!	machine	gemma-4-26B-A4B-it/UD-Q4_K_M/v2+story-v1/llama.cpp-b11443/t0	2026-10-06		
2045_310_73	1af6524d056ef0abd82e938d83a2c0b84e511e71	<font color=blue>Euwin</font> ...Of course I'm not okay\nwith it! But in this situation,\nthere's nothing I can do!	machine	gemma-4-26B-A4B-it/UD-Q4_K_M/v2+story-v1/llama.cpp-b11443/t0	2026-10-06		
2045_310_75	bd4b8c3de3c657888589af5fd2ff2e23a150fd3e	<font color=blue>Euwin</font> ...This Holy Land War is\nabout to end.	machine	gemma-4-26B-A4B-it/UD-Q4_K_M/v2+story-v1/llama.cpp-b11443/t0	2026-10-06		
2045_310_76	8b94aeec413bf4b676ce46fb02570a39efc0bace	<font color=blue>Eve</font> End? What do you mean?	machine	gemma-4-26B-A4B-it/UD-Q4_K_M/v2+story-v1/llama.cpp-b11443/t0	2026-10-06		
2045_310_77	a4918f2a138cc9e4670bc738c2c90b36f992bb1e	Euwin, you said you were\ntraveling in order to bring the\nHoly Land War to an end, didn't\nyou?	machine	gemma-4-26B-A4B-it/UD-Q4_K_M/v2+story-v1/llama.cpp-b11443/t0	2026-10-06		
2045_310_78	454aa56b5a9839774df67db93359de0d17a356e2	<font color=blue>Euwin</font> When the Moonlit Ladder\ndescends upon the Holy Land,\nwhoever occupies it shall be\nthe victor.	machine	gemma-4-26B-A4B-it/UD-Q4_K_M/v2+story-v1+short-v1/llama.cpp-b11443/t0	2026-10-06		
2045_310_79	e7aaeb6d87654e5e6ad65fce7e3753a2f35fb359	After that, a de facto truce will\nremain in effect until the next\ntime the Ladder is scheduled\nto descend.	machine	gemma-4-26B-A4B-it/UD-Q4_K_M/v2+story-v1/llama.cpp-b11443/t0	2026-10-06		
2045_310_80	912bea1044dbe0171bac4bb5b4f364ee6cb27b80	<font color=blue>Welch</font> This Holy Land War has\nlasted nearly a year. It wouldn't\nbe surprising if the Ladder\ndescended any moment now...	machine	gemma-4-26B-A4B-it/UD-Q4_K_M/v2+story-v1+short-v1/llama.cpp-b11443/t0	2026-10-06		
2045_310_81	48fafa25bf08c6e743b0f20d435f4b3a253896d1	Once it does, people will forget\nthis current tragedy and begin\npreparing for the next war all\nover again.	machine	gemma-4-26B-A4B-it/UD-Q4_K_M/v2+story-v1/llama.cpp-b11443/t0	2026-10-06		
2045_310_82	6775cafb45ffac934f7bd7668ff0323445c6d687	<font color=blue>Euwin</font> Time and again, Rubarika\nand Baschen have slaughtered\neach other, all for the sake of\na "Power of the Messenger"\nthat may never come.	machine	gemma-4-26B-A4B-it/UD-Q4_K_M/v2+story-v1+short-v1/llama.cpp-b11443/t0	2026-10-06		
2045_310_83	e8a1e8a66fa6bd3df1fbe07ec2196fd993bbfea3	And every single time, tragedy\nhas followed.	machine	gemma-4-26B-A4B-it/UD-Q4_K_M/v2+story-v1/llama.cpp-b11443/t0	2026-10-06		
2045_310_84	e229709db4c722a9347ac7fe51537554f0208447	Enough already. What more\ncould they possibly want?	machine	gemma-4-26B-A4B-it/UD-Q4_K_M/v2+story-v1/llama.cpp-b11443/t0	2026-10-06		
2045_310_85	3ae88e04e39ec21a4332492cc2772398425b7b10	Both Rubarika and Baschen\nare strong enough, and they've\nreceived more than enough\nblessings.	machine	gemma-4-26B-A4B-it/UD-Q4_K_M/v2+story-v1/llama.cpp-b11443/t0	2026-10-06		
2045_310_86	752ef3145453f4fca162fe326f3e6b3b68b0bc63	Masked Man: The more money,\nthe better. You can't be such a\nbrat that you don't even\nunderstand that.	machine	gemma-4-26B-A4B-it/UD-Q4_K_M/v2+story-v1/llama.cpp-b11443/t0	2026-10-06		
2045_310_88	9274ae9813b18671e7f45db9444026f0391c7e73	Y-You!	machine	gemma-4-26B-A4B-it/UD-Q4_K_M/v2+story-v1/llama.cpp-b11443/t0	2026-10-06		
2045_320_01	752ef3145453f4fca162fe326f3e6b3b68b0bc63	Masked Man: The more money,\nthe better. You're not such a\nbrat that you don't realize that.	machine	gemma-4-26B-A4B-it/UD-Q4_K_M/v2+story-v1/llama.cpp-b11443/t0	2026-10-06		
2045_320_03	9274ae9813b18671e7f45db9444026f0391c7e73	Y-You are...!	machine	gemma-4-26B-A4B-it/UD-Q4_K_M/v2+story-v1/llama.cpp-b11443/t0	2026-10-06		
2045_320_04	10b6251181e2c2e167cf40f89081d57468685bca	Masked Man: I actually had\nsome expectations for you. So\nwhat the hell is this mess?	machine	gemma-4-26B-A4B-it/UD-Q4_K_M/v2+story-v1/llama.cpp-b11443/t0	2026-10-06		
2045_320_06	9eef5e9afea906ae80566afb60c1fe7cf9c6857a	Masked Man: Ah, forget it. I've\nfigured it out.	machine	gemma-4-26B-A4B-it/UD-Q4_K_M/v2+story-v1/llama.cpp-b11443/t0	2026-10-06		
2045_320_07	97d9e398087e108c4640b0e904b4ea47a05d561b	Masked Man: You fell into a\ntrap set by that sewer rat who\nconspired with Baschen to\nframe Ricardo Franz.	machine	gemma-4-26B-A4B-it/UD-Q4_K_M/v2+story-v1/llama.cpp-b11443/t0	2026-10-06		
2045_320_08	56e37f2bb19e4730fec5cdbe90f1ecb1c6f680cf	If you know that, then hurry up\nand go slice that sewer rat to\npieces!	machine	gemma-4-26B-A4B-it/UD-Q4_K_M/v2+story-v1/llama.cpp-b11443/t0	2026-10-06		
2045_320_09	b9ec0e960f9d1f6b24f5c45243df689b41d5b8ef	Masked Man: You Rakstar brat,\nare you some kind of amateur\nnoble? Use your head and\nnavigate this properly.	machine	gemma-4-26B-A4B-it/UD-Q4_K_M/v2+story-v1/llama.cpp-b11443/t0	2026-10-06		
2045_320_10	3ebdf6b038c32e847e64e9519d4c0a0266f259d0	My apologies. I never imagined\nsomeone would be so blatant,\nespecially here in the Royal\nCapital, at the very heart of\nthe nation.	machine	gemma-4-26B-A4B-it/UD-Q4_K_M/v2+story-v1+short-v1/llama.cpp-b11443/t0	2026-10-06		
2045_320_11	1a08a74a5d2189d80c7c0ce3e030ccb3d472cdca	I wonder what all you\n"professionals" in the royalty\nand nobility are even doing.	machine	gemma-4-26B-A4B-it/UD-Q4_K_M/v2+story-v1/llama.cpp-b11443/t0	2026-10-06		
2045_320_12	d6073c941f3250c77e82a901b9a6a37f54431668	Masked Man: There are those\nwho'll sit in any chair, as long\nas they get enough money and\nfood.	machine	gemma-4-26B-A4B-it/UD-Q4_K_M/v2+story-v1/llama.cpp-b11443/t0	2026-10-06		
2045_320_13	3413c6e0886eb5190d58d4efa7ec72d97a14a7ea	Masked Man: Even though\nthere's no guarantee they'll\never sit in the next one.	machine	gemma-4-26B-A4B-it/UD-Q4_K_M/v2+story-v1/llama.cpp-b11443/t0	2026-10-06		
2045_320_14	1ba40b9eda327888b7d8e1e35aeeeed8aa82e986	Masked Man: Keep this in mind\nfor your journey: human scum\nis more common than you'd\nthink.	machine	gemma-4-26B-A4B-it/UD-Q4_K_M/v2+story-v1+short-v1/llama.cpp-b11443/t0	2026-10-06		
2045_320_15	619b78228b7584104e305f1fe18527a0c86d7aec	...Sigh.	machine	gemma-4-26B-A4B-it/UD-Q4_K_M/v2+story-v1/llama.cpp-b11443/t0	2026-10-06		
2045_320_16	1026aa97d77f2a6924ce6081869775799b8a96e2	Masked Man: Well?	machine	gemma-4-26B-A4B-it/UD-Q4_K_M/v2+story-v1/llama.cpp-b11443/t0	2026-10-06		
2045_320_17	60a384a12a1b187dec6d0c19c557d2263761177d	Pardon?	machine	gemma-4-26B-A4B-it/UD-Q4_K_M/v2+story-v1/llama.cpp-b11443/t0	2026-10-06		
2045_320_18	3fee203c8fdc8dcfcee6134fe3f7fde9195540df	Masked Man: You were acting\ntough with that noisy brat,\nclaiming you'd end the Holy\nLand War. I'm asking: do you\nactually mean it?	machine	gemma-4-26B-A4B-it/UD-Q4_K_M/v2+story-v1+short-v1/llama.cpp-b11443/t0	2026-10-06		
2045_320_19	524e0013d2e10826406e1b06a8ae744b4cc9a2b4	O-Of course I do...!	machine	gemma-4-26B-A4B-it/UD-Q4_K_M/v2+story-v1/llama.cpp-b11443/t0	2026-10-06		
2045_320_20	eec9a84579dc04b4987964ce6420d43dcf1f9ed8	Masked Man: No matter what it\ntakes?	machine	gemma-4-26B-A4B-it/UD-Q4_K_M/v2+story-v1/llama.cpp-b11443/t0	2026-10-06		
2045_320_21	410ee2aa2fcf1e78d442352771c407406cfe0855	Naturally!	machine	gemma-4-26B-A4B-it/UD-Q4_K_M/v2+story-v1/llama.cpp-b11443/t0	2026-10-06		
2045_320_22	bbf78fd32950627ea55b1b6e630e2f377e02d139	I... I never want to go through\nsomething like that ever again...	machine	gemma-4-26B-A4B-it/UD-Q4_K_M/v2+story-v1/llama.cpp-b11443/t0	2026-10-06		
2045_320_24	bc449477993f539bf9928d6791f5dbcfbcdf4cdc	Masked Man: Fine then. Follow\nme.	machine	gemma-4-26B-A4B-it/UD-Q4_K_M/v2+story-v1/llama.cpp-b11443/t0	2026-10-06		
2045_320_26	5a7d8938827f6975e37efdfe8d859f37fce7052b	Follow you...?	machine	gemma-4-26B-A4B-it/UD-Q4_K_M/v2+story-v1/llama.cpp-b11443/t0	2026-10-06		
2045_320_27	c824e9c33984c9e210591fcee23dbe252812597c	Masked Man: It's already open.\nYou women, get out here, now.	machine	gemma-4-26B-A4B-it/UD-Q4_K_M/v2+story-v1/llama.cpp-b11443/t0	2026-10-06		
2045_320_28	64e4aa1d0e8396c4219152cae033c7d25e9aea46	Just what is it you're after,\nmister?	machine	gemma-4-26B-A4B-it/UD-Q4_K_M/v2+story-v1/llama.cpp-b11443/t0	2026-10-06		
2045_320_29	13e380c0f6c18172b138655bdac6826aa2df307e	Masked Man: My only concern\nis the safety of Tika Blanche.	machine	gemma-4-26B-A4B-it/UD-Q4_K_M/v2+story-v1/llama.cpp-b11443/t0	2026-10-06		
2045_320_30	3838ab49fca18d657edf78aebb58bca296315de6	...Who are you, mister? General\nRicardo is looking for me, too...	machine	gemma-4-26B-A4B-it/UD-Q4_K_M/v2+story-v1/llama.cpp-b11443/t0	2026-10-06		
2045_320_31	6ea977079541f47ee1ec54395f2345acb986467c	But, right now...	machine	gemma-4-26B-A4B-it/UD-Q4_K_M/v2+story-v1/llama.cpp-b11443/t0	2026-10-06		
2045_320_32	c9c7f9c82605ab82e09150342bb4f237ab0f0d17	There shouldn't be anyone left\nwho knows me...	machine	gemma-4-26B-A4B-it/UD-Q4_K_M/v2+story-v1/llama.cpp-b11443/t0	2026-10-06		
2045_320_34	48eba973daa026ec8265d8df02521a05e3fb8366	Masked Man: If we keep\nchatting, the guards will be\nhere.	machine	gemma-4-26B-A4B-it/UD-Q4_K_M/v2+story-v1/llama.cpp-b11443/t0	2026-10-06		
2045_320_35	31645ab89d23f4e8867f7fe4c780e3858bc501b4	Masked Man: Let's move. I've\nprepared weapons for you all.\nHurry up.	machine	gemma-4-26B-A4B-it/UD-Q4_K_M/v2+story-v1/llama.cpp-b11443/t0	2026-10-06		
2045_320_36	ea2d4d459eb31ccc18f3a9f12bcc55e68e0fb9c5	...What on earth is going on?	machine	gemma-4-26B-A4B-it/UD-Q4_K_M/v2+story-v1/llama.cpp-b11443/t0	2026-10-06		
2045_320_37	3e3e028d76d1ff87ecd66435340b63abcd51e8ad	It doesn't feel like he's letting\nus go for free... I wonder where\nhe's planning to take us...	machine	gemma-4-26B-A4B-it/UD-Q4_K_M/v2+story-v1/llama.cpp-b11443/t0	2026-10-06		
2045_330_02	d208e90b877ece959ec7c3ff8710f6091996ab6c	...Oh my, have you all decided\nto become prison guards?	machine	gemma-4-26B-A4B-it/UD-Q4_K_M/v2+story-v1/llama.cpp-b11443/t0	2026-10-06		
2045_330_03	a210ac55e22b21f000198e4219c2d52f0b2f7022	...What is the meaning of this?\nWhy are you at the Beast\nWitch's place...?	machine	gemma-4-26B-A4B-it/UD-Q4_K_M/v2+story-v1/llama.cpp-b11443/t0	2026-10-06		
2045_330_04	ee87ae2fa97cef6a61b88f14c6a4e97931916909	Masked Man: I'm letting this\none escape along with you lot.	machine	gemma-4-26B-A4B-it/UD-Q4_K_M/v2+story-v1/llama.cpp-b11443/t0	2026-10-06		
2045_330_05	c6af559de70d0e08be53c21d7e08a7e6185376e0	What did you say!?	machine	gemma-4-26B-A4B-it/UD-Q4_K_M/v2+story-v1/llama.cpp-b11443/t0	2026-10-06		
2045_330_06	bfeea6d263d901c7ad5417d249668b0f5bc51921	W-what are you thinking...!!	machine	gemma-4-26B-A4B-it/UD-Q4_K_M/v2+story-v1/llama.cpp-b11443/t0	2026-10-06		
2045_330_07	6f0f8cd32f881d727ea088d95a716407012f01c4	Masked Man: You're noisy. I'll\ncut you down.	machine	gemma-4-26B-A4B-it/UD-Q4_K_M/v2+story-v1/llama.cpp-b11443/t0	2026-10-06		
2045_330_08	860f04a246c08af349a6eb7e98a9048aa2572e98	What on earth is going on?	machine	gemma-4-26B-A4B-it/UD-Q4_K_M/v2+story-v1/llama.cpp-b11443/t0	2026-10-06		
2045_330_09	fce8d926862c522aa6616e6b9411a05710ac50bc	Masked Man: I told you I'd do\nwhatever it takes to stop the\nHoly Land War, didn't I?	machine	gemma-4-26B-A4B-it/UD-Q4_K_M/v2+story-v1/llama.cpp-b11443/t0	2026-10-06		
2045_330_10	ae8c94edb5e61716077238a85166197a7f12c0fd	B-but, for what purpose...?	machine	gemma-4-26B-A4B-it/UD-Q4_K_M/v2+story-v1/llama.cpp-b11443/t0	2026-10-06		
2045_330_11	eee9859d3f97f97c3b9fd64f952b8f1dfb94a4a9	Masked Man: From here on,\nyou're heading into Baschen\nterritory.	machine	gemma-4-26B-A4B-it/UD-Q4_K_M/v2+story-v1/llama.cpp-b11443/t0	2026-10-06		
2045_330_12	6a0239133b30c294c1fd3507bedd375014a6d5af	I can't follow your logic. I know\nyou're in a hurry, but get to\nthe point.	machine	gemma-4-26B-A4B-it/UD-Q4_K_M/v2+story-v1/llama.cpp-b11443/t0	2026-10-06		
2045_330_13	a3759008b1431b33799c51570380f7cc6967e908	Masked Man: Escaped prison\njust to linger here? Delta\nMergency will hunt you down\nwith everything they've got.	machine	gemma-4-26B-A4B-it/UD-Q4_K_M/v2+story-v1+short-v1/llama.cpp-b11443/t0	2026-10-06		
2045_330_14	a4fa6e7b6ac31dfa01ebc96f7c59d5d4743182f8	I'm completely lost here. Don't\ntell me you're planning to have\nme escort those kids all the\nway to Baschen?	machine	gemma-4-26B-A4B-it/UD-Q4_K_M/v2+story-v1/llama.cpp-b11443/t0	2026-10-06		
2045_330_15	f455d3cc57346bd0cfdf225e6ab5b99ef1536aa4	Masked Man: I'm not forcing\nyou, but if you don't do it, you'll\nbe dead by tomorrow.	machine	gemma-4-26B-A4B-it/UD-Q4_K_M/v2+story-v1/llama.cpp-b11443/t0	2026-10-06		
2045_330_16	526ccc3e6de92d49c596458dbbd2d6de0bdcb394	Masked Man: That bastard\nDelta doesn't have the\nauthority to spare the life of\nan enemy general, either.	machine	gemma-4-26B-A4B-it/UD-Q4_K_M/v2+story-v1/llama.cpp-b11443/t0	2026-10-06		
2045_330_17	e9474c82b6b0359938159f35995eb57723ea8e25	You've picked the wrong\nperson to deal with.	machine	gemma-4-26B-A4B-it/UD-Q4_K_M/v2+story-v1/llama.cpp-b11443/t0	2026-10-06		
2045_330_18	b18272adf6e44372e16b62ebe9adba1a7a8b9d3c	I suppose it can't be helped. I'll\nhave to dispose of the useless\nones eventually, so I might as\nwell listen to you for now.	machine	gemma-4-26B-A4B-it/UD-Q4_K_M/v2+story-v1+short-v1/llama.cpp-b11443/t0	2026-10-06		
2045_330_19	deeb643fcc4d96d16e581ca20457f8157ba6833a	I assume you'll be removing\nthese Gem-blocking chains,\nthen?	machine	gemma-4-26B-A4B-it/UD-Q4_K_M/v2+story-v1/llama.cpp-b11443/t0	2026-10-06		
2045_330_20	02316e94cb682dafebae2ae72e57ef662d9278be	Masked Man: Of course. But in\nexchange, there's something\nelse you'll be wearing.	machine	gemma-4-26B-A4B-it/UD-Q4_K_M/v2+story-v1/llama.cpp-b11443/t0	2026-10-06		
2045_330_21	d0719b613258927b5387301e675d03348aae6ff9	Masked Man: Out of my way.	machine	gemma-4-26B-A4B-it/UD-Q4_K_M/v2+story-v1/llama.cpp-b11443/t0	2026-10-06		
2045_330_22	723f4388624f48a8fafd65be0177e643d04550a8	I-Is that a collar?	machine	gemma-4-26B-A4B-it/UD-Q4_K_M/v2+story-v1/llama.cpp-b11443/t0	2026-10-06		
2045_330_23	d69dfb54ea9e987c203b832e7e46070655e56133	Oh my, you certainly have\npeculiar taste.	machine	gemma-4-26B-A4B-it/UD-Q4_K_M/v2+story-v1/llama.cpp-b11443/t0	2026-10-06		
2045_330_24	a38d5f357bb5a8ece6a6d78810d55fef8f93772a	Masked Man: This collar is\nspecial. It's been modified to\nensure an ill-mannered witch\ndoesn't cause any trouble.	machine	gemma-4-26B-A4B-it/UD-Q4_K_M/v2+story-v1/llama.cpp-b11443/t0	2026-10-06		
2045_330_25	8e29432c69cead07acbcacafefbd23b00dc45f1d	Masked Man: Standard Crest\nArts won't trigger it, but\nSummoning Crest Arts will\ncause a merciless explosion.	machine	gemma-4-26B-A4B-it/UD-Q4_K_M/v2+story-v1+short-v1/llama.cpp-b11443/t0	2026-10-06		
2045_330_27	795eaef1239022dfc1a7b8c7a43d2ac533ea24e8	E-Explode!?	machine	gemma-4-26B-A4B-it/UD-Q4_K_M/v2+story-v1/llama.cpp-b11443/t0	2026-10-06		
2045_330_28	4f499f30711a6128ef56428da9f4826c1336d53e	Masked Man: You don't look\nlike the type to value your life\nmuch, but I'll expect you to\nknow when to use it.	machine	gemma-4-26B-A4B-it/UD-Q4_K_M/v2+story-v1/llama.cpp-b11443/t0	2026-10-06		
2045_330_29	5bc8ebc6b64a0d1a29a35be52752b3378ccc767b	Forcing your will on someone\nwithout even asking their\npreference... what a nasty man.	machine	gemma-4-26B-A4B-it/UD-Q4_K_M/v2+story-v1/llama.cpp-b11443/t0	2026-10-06		
2045_330_30	66ae11e5dd3607befd0989f31e3dbcdc8f80bb59	No way...	machine	gemma-4-26B-A4B-it/UD-Q4_K_M/v2+story-v1/llama.cpp-b11443/t0	2026-10-06		
2045_330_31	2dd046ff504968178c719277c5b3d77b722d58da	...What do you mean? That\nSummoning Crest Arts will\ntrigger it...?	machine	gemma-4-26B-A4B-it/UD-Q4_K_M/v2+story-v1/llama.cpp-b11443/t0	2026-10-06		
2045_330_32	5fa823e9853c842b27790d1fc8b4e1a544edefab	Just how much do you know\nabout Summoning Crest Arts!?	machine	gemma-4-26B-A4B-it/UD-Q4_K_M/v2+story-v1/llama.cpp-b11443/t0	2026-10-06		
2045_330_33	b7ac4ef7ef53e8998c1d30c27f60feb242bbfc46	Masked Man: I don't know\nanything. I'm just holding this\nfor someone else.	machine	gemma-4-26B-A4B-it/UD-Q4_K_M/v2+story-v1/llama.cpp-b11443/t0	2026-10-06		
2045_330_35	ec4332a75553e9ed714dda943dbdd2edc8e1fa4c	Masked Man: Now, that's\nenough talk.	machine	gemma-4-26B-A4B-it/UD-Q4_K_M/v2+story-v1/llama.cpp-b11443/t0	2026-10-06		
2045_330_36	08f7b86e9424d43f456d4652b65f6db1ea3504c5	Masked Man: Your weapons\nare over there. Pick them up.	machine	gemma-4-26B-A4B-it/UD-Q4_K_M/v2+story-v1/llama.cpp-b11443/t0	2026-10-06		
2045_330_37	b123479a18519f46860a313baa64ae74d34d500b	Ah, Rekoro...!	machine	gemma-4-26B-A4B-it/UD-Q4_K_M/v2+story-v1/llama.cpp-b11443/t0	2026-10-06		
2045_330_38	9f5a177526323d8fac7438caddbe7685d315ee47	Mmmgh mmmgh mmmgh!	machine	gemma-4-26B-A4B-it/UD-Q4_K_M/v2+story-v1/llama.cpp-b11443/t0	2026-10-06		
2045_330_39	d0efa57f945901811c73d49f2bac12caf3a73023	It's... it's wiggling around, but is\nthat part of Tika's Arms?	machine	gemma-4-26B-A4B-it/UD-Q4_K_M/v2+story-v1/llama.cpp-b11443/t0	2026-10-06		
2045_330_40	b87512772bf10e7b170ccaeef2e8b854da0ef950	U-Um... well...	machine	gemma-4-26B-A4B-it/UD-Q4_K_M/v2+story-v1/llama.cpp-b11443/t0	2026-10-06		
2045_330_41	08ac54439b21e0673c959af4c669032ad7efd455	Masked Man: We'll talk once\nwe're out of here.	machine	gemma-4-26B-A4B-it/UD-Q4_K_M/v2+story-v1/llama.cpp-b11443/t0	2026-10-06		
2045_330_42	b15ddfa803097572d39a120eac3ca6ef2c6825ff	Masked Man: Breaking the\nBeast Witch's chains will alert\nthe guards. I'll assist you until\nyou escape the castle.	machine	gemma-4-26B-A4B-it/UD-Q4_K_M/v2+story-v1+short-v1/llama.cpp-b11443/t0	2026-10-06		
2045_330_43	06bd4b673755e5bb0f9d28bb103666b9f1363e73	Masked Man: We don't have\ntime for idle chatter from here\non out.	machine	gemma-4-26B-A4B-it/UD-Q4_K_M/v2+story-v1/llama.cpp-b11443/t0	2026-10-06		
2045_330_44	95ee3cdeb5f215854bd94bcd9d14c8ae325ace3b	...Excuse me! What is your\nname...?	machine	gemma-4-26B-A4B-it/UD-Q4_K_M/v2+story-v1/llama.cpp-b11443/t0	2026-10-06		
2045_330_45	9711c45f31eb6916432b384f706b1a1c378c5f2d	Masked Man: The day will come\nwhen I tell you. But not now.	machine	gemma-4-26B-A4B-it/UD-Q4_K_M/v2+story-v1/llama.cpp-b11443/t0	2026-10-06		
2045_330_46	41068c66d831c9f748e7a74a0bf203d4100fbb69	Masked Man: Witch, you'd\nbetter prepare yourself too.	machine	gemma-4-26B-A4B-it/UD-Q4_K_M/v2+story-v1/llama.cpp-b11443/t0	2026-10-06		
2045_330_47	1cf945cd894de97fd9170ac05779d29755edf74d	You as well. Someday, I'll thank\nyou for these lovely\nAccessories.	machine	gemma-4-26B-A4B-it/UD-Q4_K_M/v2+story-v1/llama.cpp-b11443/t0	2026-10-06		
2045_330_48	d2bccfc9fbb073b1159cdbd7c820ab01e1eedd6a	Masked Man: Let's move!!	machine	gemma-4-26B-A4B-it/UD-Q4_K_M/v2+story-v1/llama.cpp-b11443/t0	2026-10-06		
2045_340_01	cd602a8e9f408a4d8dc88b47f6f3ddd7973d9731	Masked Man: Now that we've\nmade it this far, you lot should\nbe able to handle the rest.	machine	gemma-4-26B-A4B-it/UD-Q4_K_M/v2+story-v1/llama.cpp-b11443/t0	2026-10-06		
2045_340_02	ddfcbb9af5330df7d3009ae8d4602e9643bc4c6a	Masked Man: Quietly follow the\nWitch to Baschen.	machine	gemma-4-26B-A4B-it/UD-Q4_K_M/v2+story-v1/llama.cpp-b11443/t0	2026-10-06		
2045_340_03	c0cfdcc991390d818cc93a7217eb6eec63bcdafb	Masked Man: Let me make one\nthing clear: even if you get\naway from the Witch, her collar\nwill explode.	machine	gemma-4-26B-A4B-it/UD-Q4_K_M/v2+story-v1/llama.cpp-b11443/t0	2026-10-06		
2045_340_04	5417777c72c9c4733f22a2f442329f47f1f3d439	No way...!	machine	gemma-4-26B-A4B-it/UD-Q4_K_M/v2+story-v1/llama.cpp-b11443/t0	2026-10-06		
2045_340_05	b174d5b9b36bce82eb717d31aa7c7f9aac7af86f	You... just who are you really? I\nthought things were strange\nback when it was Carlone, but...	machine	gemma-4-26B-A4B-it/UD-Q4_K_M/v2+story-v1/llama.cpp-b11443/t0	2026-10-06		
2045_340_06	4e72966f07c9d2b07a57d92945a354b963bb4006	No matter how I look at it,\nyou're a...	machine	gemma-4-26B-A4B-it/UD-Q4_K_M/v2+story-v1/llama.cpp-b11443/t0	2026-10-06		
2045_340_07	43a4215b45914d3fa07f7bb19ffab9f5ae862a15	Masked Man: That's enough,\ngirl.	machine	gemma-4-26B-A4B-it/UD-Q4_K_M/v2+story-v1/llama.cpp-b11443/t0	2026-10-06		
2045_340_08	74818ed4eb04fc0d055f564f379d6871944c528c	Verda!	machine	gemma-4-26B-A4B-it/UD-Q4_K_M/v2+story-v1/llama.cpp-b11443/t0	2026-10-06		
2045_340_09	cd7669101db09df878d0c640d81b96ad59e05ab0	Masked Man: Loose lips sink\nships. If you die, the Witch dies\ntoo. You don't want\nunnecessary bloodshed, do\nyou? Now, do as you're told.	machine	gemma-4-26B-A4B-it/UD-Q4_K_M/v2+story-v1+short-v1/llama.cpp-b11443/t0	2026-10-06		
2045_340_10	d338b412287cde9839380c7e6706688c34a2b747	Ugh...	machine	gemma-4-26B-A4B-it/UD-Q4_K_M/v2+story-v1/llama.cpp-b11443/t0	2026-10-06		
2045_340_11	dc7f5d1d5c532a824e8269f774d6a625ea5c3d91	Don't go provoking a man who\ndoesn't know how to treat a\nlady, little girl.	machine	gemma-4-26B-A4B-it/UD-Q4_K_M/v2+story-v1/llama.cpp-b11443/t0	2026-10-06		
2045_340_12	f717149266ad9da8b558cc875984ad26e1831a5a	Even without being told, I'll take\nthese girls to Baschen.	machine	gemma-4-26B-A4B-it/UD-Q4_K_M/v2+story-v1/llama.cpp-b11443/t0	2026-10-06		
2045_340_13	97f77d1dfee5a39050a1a541d25275f777d2acc7	That being said, it's not as\nsimple as just bringing them\ninto the territory, is it?	machine	gemma-4-26B-A4B-it/UD-Q4_K_M/v2+story-v1/llama.cpp-b11443/t0	2026-10-06		
2045_340_14	dfef661b91cb81216ec2932d2abe7e23b2e59ef4	Masked Man: The Rubarika\narmy announced they've\nalready captured the Beast\nWitch, Karlyn Kayson.	machine	gemma-4-26B-A4B-it/UD-Q4_K_M/v2+story-v1+short-v1/llama.cpp-b11443/t0	2026-10-06		
2045_340_15	ecc9b5b604dacfcbdc1ba8ba93151070b9932268	Masked Man: Keep that in\nmind, and do as you please.	machine	gemma-4-26B-A4B-it/UD-Q4_K_M/v2+story-v1/llama.cpp-b11443/t0	2026-10-06		
2045_340_16	b35434353f13569cf11ed2e00e5e49966ac37c65	...What a truly unpleasant man.	machine	gemma-4-26B-A4B-it/UD-Q4_K_M/v2+story-v1/llama.cpp-b11443/t0	2026-10-06		
2045_340_17	76da5545f330d469168ea5c2600ecb941e1a4631	Masked Man: Listen... keep\nyour promise. You are being\nwatched.	machine	gemma-4-26B-A4B-it/UD-Q4_K_M/v2+story-v1/llama.cpp-b11443/t0	2026-10-06		
2045_340_18	3a0d20c1bacd75c1b99784aeb4884dbc3fc6c365	Well, things have certainly\ntaken a strange turn.	machine	gemma-4-26B-A4B-it/UD-Q4_K_M/v2+story-v1/llama.cpp-b11443/t0	2026-10-06		
2045_340_19	911023685c8d1062354e0879ce1edecf75fc0eaf	But it can't be helped. I don't\nwant to die, and neither do\nyou, especially you over there.	machine	gemma-4-26B-A4B-it/UD-Q4_K_M/v2+story-v1/llama.cpp-b11443/t0	2026-10-06		
2045_340_20	13e859b17085dd200b15dac69bd03b17562c41cd	Was it Eve, was it?	machine	gemma-4-26B-A4B-it/UD-Q4_K_M/v2+story-v1/llama.cpp-b11443/t0	2026-10-06		
2045_340_22	523700c15d04b440e6e2e158f45222f4ff6cf0c3	Your power is more than\nenough to report to Lord Givel.	machine	gemma-4-26B-A4B-it/UD-Q4_K_M/v2+story-v1/llama.cpp-b11443/t0	2026-10-06		
2045_340_23	05091e6ce43b85cc7dc43cf85ea9c943b8ad55ae	You aren't exactly the "Beast\nWitch" who received power\nfrom Lord Givel, are you?	machine	gemma-4-26B-A4B-it/UD-Q4_K_M/v2+story-v1/llama.cpp-b11443/t0	2026-10-06		
2045_340_24	f6819fd11bf4629a2cf99c76266a46fffd3d9ae2	By Lord Givel, you mean\nGeneral Giverese?	machine	gemma-4-26B-A4B-it/UD-Q4_K_M/v2+story-v1/llama.cpp-b11443/t0	2026-10-06		
2045_340_25	74dd41f83213978ab9e5a165b89f4e5a6066e9c4	To think I would encounter that\nname so soon in a place like\nthis...	machine	gemma-4-26B-A4B-it/UD-Q4_K_M/v2+story-v1/llama.cpp-b11443/t0	2026-10-06		
2045_340_26	6c921395d4b0ed6e5e8a56aa76d6d53e6d411d65	Don't lump me in with you lot. I\nwon't use Summoning Crest\nArts as a tool for war.	machine	gemma-4-26B-A4B-it/UD-Q4_K_M/v2+story-v1/llama.cpp-b11443/t0	2026-10-06		
2045_340_27	4b63f8000e02ca6deaeaef1f6c429c9bbdd2c797	"With you lot," how polite of\nyou.	machine	gemma-4-26B-A4B-it/UD-Q4_K_M/v2+story-v1/llama.cpp-b11443/t0	2026-10-06		
2045_340_28	6bd3b6160a08519b0a9bda5dcc86ed96b79e532c	Well then, shall we go?	machine	gemma-4-26B-A4B-it/UD-Q4_K_M/v2+story-v1/llama.cpp-b11443/t0	2026-10-06		
2045_340_29	f1ebfcf72194f7c0e32c5c8706c3d0f7ca36b614	It will still take quite a while to\nreach the Baschen territory,\nbut the area near the border is\njust as lawless as Rubarika.	machine	gemma-4-26B-A4B-it/UD-Q4_K_M/v2+story-v1/llama.cpp-b11443/t0	2026-10-06		
2045_340_30	3849e82eedaf426d3473500529bae2233a6e77df	If you die, it feels like I'll die\ntoo, so let's cooperate so we\ncan both survive.	machine	gemma-4-26B-A4B-it/UD-Q4_K_M/v2+story-v1/llama.cpp-b11443/t0	2026-10-06		
2045_340_33	3a3cc9307a26f44436330a4a8f2a952f2e9057f7	Um, um, e-everyone, let's all be\nfriends!	machine	gemma-4-26B-A4B-it/UD-Q4_K_M/v2+story-v1/llama.cpp-b11443/t0	2026-10-06		
2045_340_34	3c2e681ffb6116542256a47ba149a66031c6e285	L-let's... be friends... okay?	machine	gemma-4-26B-A4B-it/UD-Q4_K_M/v2+story-v1/llama.cpp-b11443/t0	2026-10-06		
