message_id	ja_sha1	en	source	engine	date	editor	note
2101_010_01	6dbf7c6693cd0429960ba152ec5030a64f8f05f6	That Givel... to have come this\nfar in such a short time...!	machine	gemma-4-31B-it/qat-UD-Q4_K_XL/v2+story-v1/llama.cpp-b11443/t0	2026-10-07		
2101_010_02	0d2059f3e4825bba38c48a0ce0ab63b26cd45853	Mastima. Reports on the\ndamage in each sector are\ncoming in. I will share them with\nyou.	machine	gemma-4-31B-it/qat-UD-Q4_K_XL/v2+story-v1/llama.cpp-b11443/t0	2026-10-07		
2101_010_03	bee1378b4b2f5e3c453213d5520b49b27a83244c	Right.	machine	gemma-4-31B-it/qat-UD-Q4_K_XL/v2+story-v1/llama.cpp-b11443/t0	2026-10-07		
2101_010_04	bc18d43ad426e04f431d11a869559d39c3357218	Tika, Ricardo.	machine	gemma-4-31B-it/qat-UD-Q4_K_XL/v2+story-v1/llama.cpp-b11443/t0	2026-10-07		
2101_010_05	630ebdefa4acf8626f6e475e3e4e1539be2ef489	Yes! I'll go arrange the rescue\nteams right away!	machine	gemma-4-31B-it/qat-UD-Q4_K_XL/v2+story-v1/llama.cpp-b11443/t0	2026-10-07		
2101_010_06	68bb259dcbdaf746345f5c6bc1d4e750d64c82ca	And big brother...	machine	gemma-4-31B-it/qat-UD-Q4_K_XL/v2+story-v1/llama.cpp-b11443/t0	2026-10-07		
2101_010_07	0d28e8a146572ab60e00a6748008f6dacdf0c531	I just need to go check if any\nother pests have slipped in,\nright?	machine	gemma-4-31B-it/qat-UD-Q4_K_XL/v2+story-v1/llama.cpp-b11443/t0	2026-10-07		
2101_010_08	5ffa0fc34d7dfd4802047eb727047614b7d7bcc3	Yeah! Please do!	machine	gemma-4-31B-it/qat-UD-Q4_K_XL/v2+story-v1/llama.cpp-b11443/t0	2026-10-07		
2101_010_09	b5246c8b2e9eb771ca580f5dbb0c58aa4c3375fe	I'm counting on you both.	machine	gemma-4-31B-it/qat-UD-Q4_K_XL/v2+story-v1/llama.cpp-b11443/t0	2026-10-07		
2101_010_10	b485dbac4823c853a90fedbdf993c0a1365482fa	Yes! Rekoro, let's go!	machine	gemma-4-31B-it/qat-UD-Q4_K_XL/v2+story-v1/llama.cpp-b11443/t0	2026-10-07		
2101_010_11	0fe42f316d0c966f9991759c1ae9655e9c9cb3ed	Understood!	machine	gemma-4-31B-it/qat-UD-Q4_K_XL/v2+story-v1/llama.cpp-b11443/t0	2026-10-07		
2101_010_12	8800341c079f3a339eedd711847b203ca7c3e59f	This is Tika Blanche. Please\ndeploy medical teams from\nGrand Meteora! I will take\ncommand on-site!	machine	gemma-4-31B-it/qat-UD-Q4_K_XL/v2+story-v1/llama.cpp-b11443/t0	2026-10-07		
2101_010_13	53e8f2b80c6fb87a3193554c60a18a4cb38f7d00	...Tika has really grown strong,\nhasn't she?	machine	gemma-4-31B-it/qat-UD-Q4_K_XL/v2+story-v1/llama.cpp-b11443/t0	2026-10-07		
2101_010_14	a104ca058ab4ccc0abcb82edfd4c76f136f9ba70	Yeah. To be honest, I'm not\nsure if I could even hold my\nown against her in a direct\nfight now.	machine	gemma-4-31B-it/qat-UD-Q4_K_XL/v2+story-v1/llama.cpp-b11443/t0	2026-10-07		
2101_010_15	6b871e35b0d967637979549e5a9f5bd391c7a762	That just shows how strong\nher will was.	machine	gemma-4-31B-it/qat-UD-Q4_K_XL/v2+story-v1/llama.cpp-b11443/t0	2026-10-07		
2101_010_16	a35d36fda8ed5958cf44d0dca9e7b4a720ef36ac	It seems she's even earned\nherself a certain social\nstanding here in Ex Giva...	machine	gemma-4-31B-it/qat-UD-Q4_K_XL/v2+story-v1/llama.cpp-b11443/t0	2026-10-07		
2101_010_17	7bdead9512a1ca5de791fc98bc3ab28e0ee81959	She's a strong girl.	machine	gemma-4-31B-it/qat-UD-Q4_K_XL/v2+story-v1/llama.cpp-b11443/t0	2026-10-07		
2101_010_18	1f719f3e7bc63f3e0fef1c442b77ce9bb3f8afe3	For Tika's sake, we've seriously\ngotta keep our heads in the\ngame from here on out!	machine	gemma-4-31B-it/qat-UD-Q4_K_XL/v2+story-v1/llama.cpp-b11443/t0	2026-10-07		
2101_010_20	a62ccb711cd1140fa349dafa6a9b10342e1ee5ca	Hey, you over there. Verda\nKleiman, and Valka S90.	machine	gemma-4-31B-it/qat-UD-Q4_K_XL/v2+story-v1/llama.cpp-b11443/t0	2026-10-07		
2101_010_22	612f6299e08c91e95b557569f3a35ed4c9d2d99e	Hm?	machine	gemma-4-31B-it/qat-UD-Q4_K_XL/v2+story-v1/llama.cpp-b11443/t0	2026-10-07		
2101_010_23	703b862f1db6cf05029a12f4e36e63b093218a2d	...What is it?	machine	gemma-4-31B-it/qat-UD-Q4_K_XL/v2+story-v1/llama.cpp-b11443/t0	2026-10-07		
2101_010_24	d57334f38f3ea1619c01d5d477d0c71e3a38a295	The three of you, come with\nme for a moment.	machine	gemma-4-31B-it/qat-UD-Q4_K_XL/v2+story-v1/llama.cpp-b11443/t0	2026-10-07		
2101_020_01	66dc265369074af064eee7303cff566f4f59f2f2	What on earth is this about?	machine	gemma-4-31B-it/qat-UD-Q4_K_XL/v2+story-v1/llama.cpp-b11443/t0	2026-10-07		
2101_020_04	a20f4200d6286e82f062a69d8c70c7867e3737af	<font color=blue>Mastima</font>: Now that you have\nexperienced this battle, I wish\nto ask you once more: are you\ntruly prepared?	machine	gemma-4-31B-it/qat-UD-Q4_K_XL/v2+story-v1/llama.cpp-b11443/t0	2026-10-07		
2101_020_05	fadc1d3337a97dd3d6680d8f5681093db25a05ba	<font color=blue>Verda</font>: Prepared for what?	machine	gemma-4-31B-it/qat-UD-Q4_K_XL/v2+story-v1/llama.cpp-b11443/t0	2026-10-07		
2101_020_06	bb9edf8280f78cec5da03577df0460912a4494a5	<font color=blue>Mastima</font>: Are you willing to\nsacrifice your own lives for the\nsake of complete strangers?	machine	gemma-4-31B-it/qat-UD-Q4_K_XL/v2+story-v1/llama.cpp-b11443/t0	2026-10-07		
2101_020_07	c3565a96698edc3ccb479a9967776d3b147f195e	<font color=blue>Valka</font>: I don't understand the\nintent of your question, Master\nMastima.	machine	gemma-4-31B-it/qat-UD-Q4_K_XL/v2+story-v1/llama.cpp-b11443/t0	2026-10-07		
2101_020_08	4040a3d550fa890bb8376d5b9e3c4523bae86a7a	<font color=blue>Mastima</font>: The battles ahead in\nDaftine will be far more\ndangerous than you can\npossibly imagine.	machine	gemma-4-31B-it/qat-UD-Q4_K_XL/v2+story-v1/llama.cpp-b11443/t0	2026-10-07		
2101_020_09	831791a26fdcc88614c2daa8096f5964c29f1221	<font color=blue>Verda</font>: And what of it?	machine	gemma-4-31B-it/qat-UD-Q4_K_XL/v2+story-v1/llama.cpp-b11443/t0	2026-10-07		
2101_020_10	493df8b13d7d05ff45ebc773c891c86fcc438d86	<font color=blue>Mastima</font>: The three of you are\nnot natives of this star system.	machine	gemma-4-31B-it/qat-UD-Q4_K_XL/v2+story-v1/llama.cpp-b11443/t0	2026-10-07		
2101_020_11	c2c352d908ee691f8a8299ad028d63c2677ab3fd	<font color=blue>Mastima</font>: I am asking if you\nhave the resolve to throw\nyourselves into a life-or-death\nstruggle for the future of a\nsystem that is not your own.	machine	gemma-4-31B-it/qat-UD-Q4_K_XL/v2+story-v1/llama.cpp-b11443/t0	2026-10-07		
2101_020_13	ca4f7c0beb959d03d410fd567c2c7451e2fb3d76	<font color=blue>Verda</font>: Exactly, exactly. That's\nwhy you modified our ship in\nthe first place, isn't it? Isn't it\na bit late to be asking now?	machine	gemma-4-31B-it/qat-UD-Q4_K_XL/v2+story-v1/llama.cpp-b11443/t0	2026-10-07		
2101_020_14	156be35edde8ad7eb427e639d3afdb188557e280	<font color=blue>Mastima</font>: When you first\narrived in this sector, you\nfailed to realize that an Ex Giva\nexisted on this moon.	machine	gemma-4-31B-it/qat-UD-Q4_K_XL/v2+story-v1/llama.cpp-b11443/t0	2026-10-07		
2101_020_15	1bbf3e017116da1e74f80d05a9c5a1db18788070	However, on the other hand,\nwhile Givel knew that the Ex\nGiva was here,	machine	gemma-4-31B-it/qat-UD-Q4_K_XL/v2+story-v1/llama.cpp-b11443/t0	2026-10-07		
2101_020_16	3bf38467f847c9a27c03f4124433a25d6bdb4366	They managed to slip through\nmy crest barrier and send that\nmonster after you.	machine	gemma-4-31B-it/qat-UD-Q4_K_XL/v2+story-v1/llama.cpp-b11443/t0	2026-10-07		
2101_020_17	ec6a41d8f8687ce06595402a4058d0e3a5e2087d	<font color=blue>Mastima</font> Do you understand\nwhat this means?	machine	gemma-4-31B-it/qat-UD-Q4_K_XL/v2+story-v1/llama.cpp-b11443/t0	2026-10-07		
2101_020_18	68da3adaa5da2d62608565d81a5c04e1f1590fc3	<font color=blue>Valka</font> I... I don't...	machine	gemma-4-31B-it/qat-UD-Q4_K_XL/v2+story-v1/llama.cpp-b11443/t0	2026-10-07		
2101_020_19	842b83e3b4d4d435bd6e7a5cc2174736e9248771	<font color=blue>Mastima</font> I don't know if Ex\nanticipated this, but...	machine	gemma-4-31B-it/qat-UD-Q4_K_XL/v2+story-v1/llama.cpp-b11443/t0	2026-10-07		
2101_020_20	efa74bb5f13b448b1d5d117ac8093859cdb860dc	The enemy you are about to\nface is all the more dangerous\nif they possess the common\nsense of an advanced planet.	machine	gemma-4-31B-it/qat-UD-Q4_K_XL/v2+story-v1/llama.cpp-b11443/t0	2026-10-07		
2101_020_21	933e9126c9329660efd5f10411b8a45126bd852e	Especially those who try to\napply "common sense" to this\nuniverse.	machine	gemma-4-31B-it/qat-UD-Q4_K_XL/v2+story-v1/llama.cpp-b11443/t0	2026-10-07		
2101_020_23	96c5aa0ec95235590b656bd6e3cad8c323adcc37	<font color=blue>Mastima</font> Whether they are\nusers of Summoning Crest Arts\nor servants of Daftes―you\nhave no idea what kind of\nirreversible catastrophe such\ntrivial assumptions can lead to.	machine	gemma-4-26B-A4B-it/UD-Q4_K_M/v2+story-v1/llama.cpp-b11443/t0	2026-10-06		
2101_020_24	c4a863aae73dd24c33412acba6bf73fa1ee7f214	What you are about to\nencounter is the very definition\nof the "unknown," something\nthat cannot even be compared\nto me.	machine	gemma-4-31B-it/qat-UD-Q4_K_XL/v2+story-v1/llama.cpp-b11443/t0	2026-10-07		
2101_020_25	f5955a0ed8b12313516b63ca532938150486a5a4	Being protected by the\ntechnology of an advanced\nplanet provides no guarantee\nof safety.	machine	gemma-4-31B-it/qat-UD-Q4_K_XL/v2+story-v1/llama.cpp-b11443/t0	2026-10-07		
2101_020_26	57668b2839c7d6a1085d7abc3147d11323bb0eca	<font color=blue>Verda</font> And what about you?	machine	gemma-4-31B-it/qat-UD-Q4_K_XL/v2+story-v1/llama.cpp-b11443/t0	2026-10-07		
2101_020_27	6a885da2aa6ff55b83fbc0346fcd8481945a6e95	<font color=blue>Mastima</font> Me?	machine	gemma-4-31B-it/qat-UD-Q4_K_XL/v2+story-v1/llama.cpp-b11443/t0	2026-10-07		
2101_020_28	9ab7630e318f2769879ab81180f8fc1c21585006	<font color=blue>Mastima</font> How long do you think\nI have lived in this star\nsystem?	machine	gemma-4-31B-it/qat-UD-Q4_K_XL/v2+story-v1/llama.cpp-b11443/t0	2026-10-07		
2101_020_29	0e726f9fd6fcaa6a5ff11552289aa4b8a207e32e	I'm afraid Tika and I simply\ndon't share the same level of\nattachment.	machine	gemma-4-31B-it/qat-UD-Q4_K_XL/v2+story-v1/llama.cpp-b11443/t0	2026-10-07		
2101_020_30	b500227d5931059d74d6ca2e6fd6e11a224f9f69	Especially you, Valka S90. Your\nassigned mission is\ninvestigation, not intervention\nin local affairs.	machine	gemma-4-31B-it/qat-UD-Q4_K_XL/v2+story-v1/llama.cpp-b11443/t0	2026-10-07		
2101_020_31	a6cbcc3b961352250450f160bba71ec52fe9dbb1	If you were to fall here, there\nwould be no one to bring\ninformation on Givel and\nDaftine back to Ex.	machine	gemma-4-31B-it/qat-UD-Q4_K_XL/v2+story-v1/llama.cpp-b11443/t0	2026-10-07		
2101_020_32	1ad9f129c8f1a039e74b7589d072723b530cbbf1	That would be a significant\nloss for the universe protected\nby the power of Vandione and\nEx.	machine	gemma-4-31B-it/qat-UD-Q4_K_XL/v2+story-v1/llama.cpp-b11443/t0	2026-10-07		
2101_020_33	0affdc1db09b52ee272df0f081dcefe98680cc8a	That is not an outcome I\ndesire.	machine	gemma-4-31B-it/qat-UD-Q4_K_XL/v2+story-v1/llama.cpp-b11443/t0	2026-10-07		
2101_020_34	707fdda0001848e5aa2ab3bc618a1588aabc9dd6	<font color=blue>Valka</font> ...	machine	gemma-4-31B-it/qat-UD-Q4_K_XL/v2+story-v1/llama.cpp-b11443/t0	2026-10-07		
2101_020_35	076d169a82ecb27551fa6bbea101a9baf1d6278d	<font color=blue>Mastima</font> If you are so\nconcerned about this\ncompanion of yours, Evelysse,	machine	gemma-4-31B-it/qat-UD-Q4_K_XL/v2+story-v1/llama.cpp-b11443/t0	2026-10-07		
2101_020_36	81b9c8c9aa1b855a49b32e698069659f63894af1	I can at least help you rescue\nher from Givel's grasp, so if\nyou just wait here...	machine	gemma-4-31B-it/qat-UD-Q4_K_XL/v2+story-v1/llama.cpp-b11443/t0	2026-10-07		
2101_020_37	3653f3dbdb9fdeb561454afc6ed2cae6afcfedea	Mastima. You're surprisingly\nkind, aren't you?	machine	gemma-4-31B-it/qat-UD-Q4_K_XL/v2+story-v1/llama.cpp-b11443/t0	2026-10-07		
2101_020_38	632ec345ecec55b715bbf50d16f237e2d8f0a3fd	...Hm?	machine	gemma-4-31B-it/qat-UD-Q4_K_XL/v2+story-v1/llama.cpp-b11443/t0	2026-10-07		
2101_020_39	13b6c804e0884213ee58e06dab2cdda80347ea69	But I don't want you\nmisunderstanding one thing.\nThe Captain, Valka, and of\ncourse myself,	machine	gemma-4-31B-it/qat-UD-Q4_K_XL/v2+story-v1/llama.cpp-b11443/t0	2026-10-07		
2101_020_40	a0b3b4872ca0a94b31d69e7524180820f43accb5	I know full well that "common sense" never existed in this universe to begin with. That is the kind of journey we have made.	agent		2026-10-07	en-followup	glossary-waive: ハナ (ハナから is the idiom 'from the start', not the name Hana); the engine dropped the subject ("know full well...")
2101_020_41	fbce01312d92d052c7a2215ab3173cec17eb0758	Are you referring to the\nconclusion of that business\nwith the Burning Death?	machine	gemma-4-31B-it/qat-UD-Q4_K_XL/v2+story-v1/llama.cpp-b11443/t0	2026-10-07		
2101_020_42	a6fcd388f4ed49af8164d1838479d95f1387f1b2	If you already know, then this\nwill be brief.	machine	gemma-4-31B-it/qat-UD-Q4_K_XL/v2+story-v1/llama.cpp-b11443/t0	2026-10-07		
2101_020_43	4df0260ba2e90cc5ca524bcfa794134a78562759	The Captain, Eve, and Coro all\nrisked their lives to face the\ncalamity of Levarance, even\nthough there was nothing to be\ngained from it.	machine	gemma-4-31B-it/qat-UD-Q4_K_XL/v2+story-v1/llama.cpp-b11443/t0	2026-10-07		
2101_020_44	a2c9462117a4b5190fa7dbe8c0fbe5ed0b269d48	Their resolve is beyond\nquestion. And mine is as well.	machine	gemma-4-31B-it/qat-UD-Q4_K_XL/v2+story-v1/llama.cpp-b11443/t0	2026-10-07		
2101_020_45	3679d06bb92aff21a471fb4502b298dbbcd8dc8d	As for me, it's even simpler\nthan that, Mastima.	machine	gemma-4-31B-it/qat-UD-Q4_K_XL/v2+story-v1/llama.cpp-b11443/t0	2026-10-07		
2101_020_46	d0f82f3e9cedb485604b095104d0eead18363cb7	I am but thirteen years of age.\nI am still a child!	machine	gemma-4-31B-it/qat-UD-Q4_K_XL/v2+story-v1/llama.cpp-b11443/t0	2026-10-07		
2101_020_47	5079ccfbb5e17b9d0f475daa0586eb38d7d2e924	And what of it?	machine	gemma-4-31B-it/qat-UD-Q4_K_XL/v2+story-v1/llama.cpp-b11443/t0	2026-10-07		
2101_020_48	bf82de151ca5eb6fc354365753d67a8a7405cd15	Children know well that the\nworld is full of things they've\nnever seen.	machine	gemma-4-31B-it/qat-UD-Q4_K_XL/v2+story-v1/llama.cpp-b11443/t0	2026-10-07		
2101_020_49	b444618a7a8f0d18d9fcde713226e642cebb67bf	I shall not let my guard down.	machine	gemma-4-31B-it/qat-UD-Q4_K_XL/v2+story-v1/llama.cpp-b11443/t0	2026-10-07		
2101_020_50	554ebe7038ca52eae6662624f1b24ba1cff3ac02	For complacency is the\ngreatest cause of overlooking\nsomething new.	machine	gemma-4-31B-it/qat-UD-Q4_K_XL/v2+story-v1/llama.cpp-b11443/t0	2026-10-07		
2101_020_51	c7e03e45bd47cf2da04186d9e64d357bf526a094	...No matter what Tika says,\nthe first name she mentions is\nalways Verda Kleiman.	machine	gemma-4-31B-it/qat-UD-Q4_K_XL/v2+story-v1/llama.cpp-b11443/t0	2026-10-07		
2101_020_52	3e90fb0e0ad0491cfc909ac213749fa94f005ac5	Compared to a half-baked\nadult, your wit and nerve are\non an entirely different level.	machine	gemma-4-31B-it/qat-UD-Q4_K_XL/v2+story-v1/llama.cpp-b11443/t0	2026-10-07		
2101_020_53	0a5ec6a9735f98fe66d41ce18248661afba8db93	I'm honored by the praise.	machine	gemma-4-31B-it/qat-UD-Q4_K_XL/v2+story-v1/llama.cpp-b11443/t0	2026-10-07		
2101_020_54	2fb842affef22bfdd7e6663cea4a76f5d14317e7	I can guarantee this much.	machine	gemma-4-31B-it/qat-UD-Q4_K_XL/v2+story-v1/llama.cpp-b11443/t0	2026-10-07		
2101_020_55	2619092106926a7853352374bd768dff9be76d28	Neither the Captain, Valka, Eve,\nnor I have the option of\nstepping down from this fight.	machine	gemma-4-31B-it/qat-UD-Q4_K_XL/v2+story-v1/llama.cpp-b11443/t0	2026-10-07		
2101_020_56	133c110819e6ef6768149c7adcb1bdd38e96f8c9	Mastima said it herself―Givel's\nactions are a threat not just to\nthe Twin Stars, but to the\nentire universe.	machine	gemma-4-31B-it/qat-UD-Q4_K_XL/v2+story-v1/llama.cpp-b11443/t0	2026-10-07		
2101_020_57	e0a76c83ceb6afc95d027a6128a622ce416952cc	Therefore, we cannot be kept\nfrom the fight simply because\nwe aren't from the Twin Stars.	machine	gemma-4-31B-it/qat-UD-Q4_K_XL/v2+story-v1/llama.cpp-b11443/t0	2026-10-07		
2101_020_58	c4583d9c32368dc7c3e5bf303710af79f1f594d6	For Tika, for Euwin and the\nothers, and of course for\nMastima, we shall fight!	machine	gemma-4-31B-it/qat-UD-Q4_K_XL/v2+story-v1/llama.cpp-b11443/t0	2026-10-07		
2101_020_59	ec7837bc0e84303ebdedc3864755a092b683000b	Verda has made his point, but\nmay I double-check with the\nrest of you?	machine	gemma-4-31B-it/qat-UD-Q4_K_XL/v2+story-v1/llama.cpp-b11443/t0	2026-10-07		
2101_020_61	8e0ff44235d73b438fb29cd4b184eef4a7087806	I see. ...And you?	machine	gemma-4-31B-it/qat-UD-Q4_K_XL/v2+story-v1/llama.cpp-b11443/t0	2026-10-07		
2101_020_62	69c4b18af94fd7e288a0897ccaf4ec1e741d6561	...It is true that we, the Hardier\nWarrior of Morphus, have a\ngreat mission.	machine	gemma-4-31B-it/qat-UD-Q4_K_XL/v2+story-v1+fix+retry1/llama.cpp-b11443/t0	2026-10-07		
2101_020_63	d5be403d33d506ffa2f9f5212b0f2acbdaa4dffe	But I have learned from my\nfather, the greatest of all\nwarriors, that the core of that\nmission is to protect the\npeaceful lives of every living\nsoul.	machine	gemma-4-31B-it/qat-UD-Q4_K_XL/v2+story-v1/llama.cpp-b11443/t0	2026-10-07		
2101_020_64	2095f43fd916a0f4afb2180b67789a81f65c7916	Fighting Givel here and now is\nsomething I must do for my\nown sake as well.	machine	gemma-4-31B-it/qat-UD-Q4_K_XL/v2+story-v1/llama.cpp-b11443/t0	2026-10-07		
2101_020_65	9fe1952f76ffe8d6f4e205fb21ae10347b10e560	Fighting Givel here and now is\nsomething I must do for my\nown sake as well.	machine	gemma-4-31B-it/qat-UD-Q4_K_XL/v2+story-v1/llama.cpp-b11443/t0	2026-10-07		
2101_020_66	a33af6c1a77c69a9569790a6166fdb61ddb26cf4	Anyone who cannot stand by a\nfriend in their time of need has\nno right to call themselves a\nHardier Warrior of Morphus...!	machine	gemma-4-31B-it/qat-UD-Q4_K_XL/v2+story-v1/llama.cpp-b11443/t0	2026-10-07		
2101_020_67	748b1aba3f89407a4e778ba35116ac44bb77f80e	...I see.	machine	gemma-4-31B-it/qat-UD-Q4_K_XL/v2+story-v1/llama.cpp-b11443/t0	2026-10-07		
2101_020_68	328e4bee17c06fa244128c88fbf0e8ad4794a07b	Does that satisfy you?	machine	gemma-4-31B-it/qat-UD-Q4_K_XL/v2+story-v1/llama.cpp-b11443/t0	2026-10-07		
2101_020_69	8d83e1441c4fb030a7106b9d737b58f2567ee3e2	My apologies. I asked a\ntactless question.	machine	gemma-4-31B-it/qat-UD-Q4_K_XL/v2+story-v1/llama.cpp-b11443/t0	2026-10-07		
2101_020_70	1c2f9cae2ec0e7c25d347827feb2822c01692188	Once Tika and the others\nreturn, I want to brief them on\nthe next phase of the\noperation.	machine	gemma-4-31B-it/qat-UD-Q4_K_XL/v2+story-v1/llama.cpp-b11443/t0	2026-10-07		
2101_020_71	bd8ebe4bda07cde5370f4f6ff501dad7e8cf24a7	And also...	machine	gemma-4-31B-it/qat-UD-Q4_K_XL/v2+story-v1/llama.cpp-b11443/t0	2026-10-07		
2101_020_73	bf7c2ff173e627aec4f71c18de62cb69910db076	No, it's nothing.	machine	gemma-4-31B-it/qat-UD-Q4_K_XL/v2+story-v1/llama.cpp-b11443/t0	2026-10-07		
2101_020_74	c5c56454a26352cc19fd0c606a501a841cc0f398	I'll go check on Tika and\nRicardo. You all wait here.	machine	gemma-4-31B-it/qat-UD-Q4_K_XL/v2+story-v1/llama.cpp-b11443/t0	2026-10-07		
2101_020_75	924557a200a8fa9693aebc5cc0a4a7baccedb4aa	I suppose living a long time\nbrings all sorts of\ncomplications.	machine	gemma-4-31B-it/qat-UD-Q4_K_XL/v2+story-v1/llama.cpp-b11443/t0	2026-10-07		
2101_020_76	875aa25881dac6fdb7645a7d396e1d8a730254c8	...Verda, you really don't act\nlike a child. Are you actually\nvery old?	machine	gemma-4-31B-it/qat-UD-Q4_K_XL/v2+story-v1/llama.cpp-b11443/t0	2026-10-07		
2101_020_77	fe4642c1fd2b9ecd9ccf5e505d638e6ef5138aa2	Who knows? Maybe it's just a\nmatter of density.	machine	gemma-4-31B-it/qat-UD-Q4_K_XL/v2+story-v1/llama.cpp-b11443/t0	2026-10-07		
2101_020_78	1c0616143f9b4297b27a1c175e333c16418619ad	...I don't get it.	machine	gemma-4-31B-it/qat-UD-Q4_K_XL/v2+story-v1/llama.cpp-b11443/t0	2026-10-07		
2101_030_01	f35aaca3e258e5e9821056dd3dbadcbf7159e36a	We don't have a single moment\nto lose!	machine	gemma-4-31B-it/qat-UD-Q4_K_XL/v2+story-v1/llama.cpp-b11443/t0	2026-10-07		
2101_030_02	d7e98a766d6e850f4e19f2782f6a4766756d3123	If we don't defeat that Givel\nquickly, the consequences\ncould extend beyond Daftine\nand Daftes to the entire\nuniverse!	machine	gemma-4-31B-it/qat-UD-Q4_K_XL/v2+story-v1/llama.cpp-b11443/t0	2026-10-07		
2101_030_03	09b7930ecd6562cfeee7d2ff0ae861eebb09fd6f	Now! There's no time! Is\neveryone gathered!? I'm going\nto explain the plan!	machine	gemma-4-31B-it/qat-UD-Q4_K_XL/v2+story-v1/llama.cpp-b11443/t0	2026-10-07		
2101_030_04	3752f649e022f6f2439dcd9e17e518a2eae17f4c	Deploy the screen! Hurry,\nhurry!	machine	gemma-4-31B-it/qat-UD-Q4_K_XL/v2+story-v1/llama.cpp-b11443/t0	2026-10-07		
2101_030_05	75ebd36a970c34491652f9c399b5fb815f13210a	Y-yes ma'am...!	machine	gemma-4-31B-it/qat-UD-Q4_K_XL/v2+story-v1/llama.cpp-b11443/t0	2026-10-07		
2101_030_06	e9c85ddff2311ac837cb87f7dafd4b08ab69307e	I mean, Ms. Mastima, aren't you\nacting a bit high-strung? Did\nsomething good happen?	machine	gemma-4-31B-it/qat-UD-Q4_K_XL/v2+story-v1/llama.cpp-b11443/t0	2026-10-07		
2101_030_07	a5f1a44de58d115fd6c4fcfc0f7b6478e49b9557	That doesn't matter, just hurry\nup!	machine	gemma-4-31B-it/qat-UD-Q4_K_XL/v2+story-v1/llama.cpp-b11443/t0	2026-10-07		
2101_030_08	e0ce7302c116cbf3279cbe3e53def94d53a2b5a2	Regardless, that's the captain's\nseat.	machine	gemma-4-31B-it/qat-UD-Q4_K_XL/v2+story-v1/llama.cpp-b11443/t0	2026-10-07		
2101_030_09	3a297af0bffc133e6e68ed0928e0bf2ab0a72c0f	Coro, why are you taking\norders from Mastima instead of\nthe captain?	machine	gemma-4-31B-it/qat-UD-Q4_K_XL/v2+story-v1/llama.cpp-b11443/t0	2026-10-07		
2101_030_10	cde54800ff1a0d6ca5323bfd156d6f7c56f61b9e	Eh? Ah, well, that's...	machine	gemma-4-31B-it/qat-UD-Q4_K_XL/v2+story-v1/llama.cpp-b11443/t0	2026-10-07		
2101_030_100	480c822e778ca6543558fdcec4222feba81c6fcf	...Oh, it's nothing.	machine	gemma-4-31B-it/qat-UD-Q4_K_XL/v2+story-v1/llama.cpp-b11443/t0	2026-10-07		
2101_030_103	e9607179efbf12a0ecf4dcfea7dbcf42becad580	Hmm... quite so.	machine	gemma-4-31B-it/qat-UD-Q4_K_XL/v2+story-v1/llama.cpp-b11443/t0	2026-10-07		
2101_030_104	90f36c24c3038dfc99f970eb0341a87e9565c38c	Eve's safety is our top priority, but since we don't know the enemy's hand, we'll have to rely on Mastima and Coro and adapt as we go.	agent		2026-10-07	en-followup	glossary-waive: 臨機応変 (the idiom 'adapt as we go', not the skill Expedient Adaptation); the engine's text (gemma-4-31B-it/qat-UD-Q4_K_XL/v2+story-v1+fix/llama.cpp-b11443/t0), checked by the agent
2101_030_105	294890414d2fedfbc57d621f4e840e95f5526dd8	We'll gather as much intel as\npossible on Baschen's Imperial\nCastle and feed the data to\nCoro before we set out.	machine	gemma-4-31B-it/qat-UD-Q4_K_XL/v2+story-v1/llama.cpp-b11443/t0	2026-10-07		
2101_030_11	431a5a37d350190902ab8c605085fd383f0104f5	Let's not sweat the small stuff.\nI'm the only one who\nunderstands the specifications\nof this modified ship.	machine	gemma-4-31B-it/qat-UD-Q4_K_XL/v2+story-v1/llama.cpp-b11443/t0	2026-10-07		
2101_030_12	7d2038d88a230381e5c8cc1d9257d1f182d4cccc	Give me the seat for now! Until\nthe briefing is over...	machine	gemma-4-31B-it/qat-UD-Q4_K_XL/v2+story-v1/llama.cpp-b11443/t0	2026-10-07		
2101_030_13	abfc7b197861c28229a8efddfa1e6a9d01a399db	Why don't you just go stand in\na corner or something?	machine	gemma-4-31B-it/qat-UD-Q4_K_XL/v2+story-v1/llama.cpp-b11443/t0	2026-10-07		
2101_030_15	8d196e1db930bd326fa35f423b2bb33971f6f55f	What are you all doing just\nstanding around here?	machine	gemma-4-31B-it/qat-UD-Q4_K_XL/v2+story-v1/llama.cpp-b11443/t0	2026-10-07		
2101_030_17	314a9a28081af475d65926cbd527c00fb9ec6ae4	I had a feeling, but she really is\nan elusive person.	machine	gemma-4-31B-it/qat-UD-Q4_K_XL/v2+story-v1/llama.cpp-b11443/t0	2026-10-07		
2101_030_18	f19d8880c164ecbe70529f42a124a1f0d2ae03be	That's just Mastima's true\nnature. She's a prime example\nthat lifespan and mental\nmaturity aren't exactly\nproportional.	machine	gemma-4-31B-it/qat-UD-Q4_K_XL/v2+story-v1/llama.cpp-b11443/t0	2026-10-07		
2101_030_19	61b7da2a29ed941c354630964a4f3a7b9ce8cc38	Mastima! You can't do that!\nThis ship belongs to the\nCaptain, so you have to listen\nto them!	machine	gemma-4-31B-it/qat-UD-Q4_K_XL/v2+story-v1/llama.cpp-b11443/t0	2026-10-07		
2101_030_20	1d89f7b33f3d2e7e3f5df4312556b8285c83c495	Aww, Tika... I don't want to\nlisten to some brat like this.	machine	gemma-4-31B-it/qat-UD-Q4_K_XL/v2+story-v1/llama.cpp-b11443/t0	2026-10-07		
2101_030_21	b51f6ef41b8769cae7d1826cf3ec1279147ed86c	You're 3.7 billion years old!\nStop acting like a child!	machine	gemma-4-31B-it/qat-UD-Q4_K_XL/v2+story-v1/llama.cpp-b11443/t0	2026-10-07		
2101_030_22	4440a854134ad5bf81432e4c2a7c2af226102b96	Coro, you too! Listen to the\nCaptain! Mastima, you made\nyour own seat, so go move\nover there!	machine	gemma-4-31B-it/qat-UD-Q4_K_XL/v2+story-v1/llama.cpp-b11443/t0	2026-10-07		
2101_030_23	6d4aae3c90a6c4b7f5fb2f0f38bc420692cb5860	And Captain, don't let Mastima\nget to you!	machine	gemma-4-31B-it/qat-UD-Q4_K_XL/v2+story-v1/llama.cpp-b11443/t0	2026-10-07		
2101_030_24	4203c87368a5bb9cc7a67cf5153bd4b67d0b118a	Now, everyone, let's get\nmoving!!	machine	gemma-4-31B-it/qat-UD-Q4_K_XL/v2+story-v1/llama.cpp-b11443/t0	2026-10-07		
2101_030_25	09279d8c63583b9dc2e261bfc400e565b3f5797a	Y-yes, ma'am!	machine	gemma-4-31B-it/qat-UD-Q4_K_XL/v2+story-v1/llama.cpp-b11443/t0	2026-10-07		
2101_030_26	273fff217b08e6cbd70ab64905481db9a8b2d0a8	Hmph. Tika is such a stickler.	machine	gemma-4-31B-it/qat-UD-Q4_K_XL/v2+story-v1/llama.cpp-b11443/t0	2026-10-07		
2101_030_28	a2a5e78cfcc66aa8018891397c8cae52b156dafb	And yet, you still do as Tika\nsays.	machine	gemma-4-31B-it/qat-UD-Q4_K_XL/v2+story-v1/llama.cpp-b11443/t0	2026-10-07		
2101_030_29	e3dd0489e713a44a0dcef319eed22e82c88fb03a	Even I didn't realize my own\nsister had such a brisk\npersonality until I came here.	machine	gemma-4-31B-it/qat-UD-Q4_K_XL/v2+story-v1/llama.cpp-b11443/t0	2026-10-07		
2101_030_30	a1dfeb969d911f952a592ca7c6132daa07f25912	I guess when there's a big age\ngap, there are things you just\ndon't see.	machine	gemma-4-31B-it/qat-UD-Q4_K_XL/v2+story-v1/llama.cpp-b11443/t0	2026-10-07		
2101_030_31	72e54ee9627b3e36bf928ccd16e27e6a296186ed	...A big age gap... things you\ndon't see, huh?	machine	gemma-4-31B-it/qat-UD-Q4_K_XL/v2+story-v1/llama.cpp-b11443/t0	2026-10-07		
2101_030_32	3fcb892f8946023c520467751556128c34797fdc	Eu? What's up?	machine	gemma-4-31B-it/qat-UD-Q4_K_XL/v2+story-v1/llama.cpp-b11443/t0	2026-10-07		
2101_030_33	7c4b7d81c27dcda9b42a7950a29fa504627da11a	Huh? Oh, no, it's nothing.	machine	gemma-4-31B-it/qat-UD-Q4_K_XL/v2+story-v1/llama.cpp-b11443/t0	2026-10-07		
2101_030_34	b05e29114ce491d3627c6d3cec8b097ead4c146c	It's... nothing.	machine	gemma-4-31B-it/qat-UD-Q4_K_XL/v2+story-v1/llama.cpp-b11443/t0	2026-10-07		
2101_030_36	e0801bacef14bc13f5153226013d77a7139acec2	Now, it's fine that the Captain\nis taking command, but what's\nthe outline of the operation?	machine	gemma-4-31B-it/qat-UD-Q4_K_XL/v2+story-v1/llama.cpp-b11443/t0	2026-10-07		
2101_030_37	44770fa61141ce6b074c155b8155c9083b62c6cf	Hmm. It's not that complicated.	machine	gemma-4-31B-it/qat-UD-Q4_K_XL/v2+story-v1/llama.cpp-b11443/t0	2026-10-07		
2101_030_38	5213ba48a170fb096fbd2b3c5523b1b7a62c4845	First, we just need to destroy\nthe Holy Land Asyl and the\nblack sphere.	machine	gemma-4-31B-it/qat-UD-Q4_K_XL/v2+story-v1/llama.cpp-b11443/t0	2026-10-07		
2101_030_39	7189b80c5a4e1699f6ce8c565105ad6e16842327	Asyl will surface in response to\nthe new crest I'm activating,\nand then Coro's main cannon\nwill...	machine	gemma-4-31B-it/qat-UD-Q4_K_XL/v2+story-v1/llama.cpp-b11443/t0	2026-10-07		
2101_030_40	0946ce6848e123ed9bf7afe5399177f2228b8835	Boom! That's it!	machine	gemma-4-31B-it/qat-UD-Q4_K_XL/v2+story-v1/llama.cpp-b11443/t0	2026-10-07		
2101_030_42	a48d7d73238ba4de8a3ffd616139e2ff45d0f6dd	Don't worry.	machine	gemma-4-31B-it/qat-UD-Q4_K_XL/v2+story-v1/llama.cpp-b11443/t0	2026-10-07		
2101_030_43	182faff1d6a90abdf8b8f1d7b78f521512ec70e3	According to Coro, the\narmament of the GFSS-3214F\nis now more powerful than the\nGalactic Federation's latest\ncutting-edge combat ships.	machine	gemma-4-31B-it/qat-UD-Q4_K_XL/v2+story-v1/llama.cpp-b11443/t0	2026-10-07		
2101_030_44	70f525546d3aa9ff6db63081b19e6e8df0591be1	Asyl will be blown to\nsmithereens in a single hit!	machine	gemma-4-31B-it/qat-UD-Q4_K_XL/v2+story-v1/llama.cpp-b11443/t0	2026-10-07		
2101_030_45	af725334c2326c648af3feb27affc9ba50aebbcf	You make it sound so easy, but\nis it really that simple?	machine	gemma-4-31B-it/qat-UD-Q4_K_XL/v2+story-v1/llama.cpp-b11443/t0	2026-10-07		
2101_030_46	ffd90dd53f0a9398d18fa16cf5ed22e22327f6d1	I told you I've been researching\nthe phenomena in this sector\nsince before the Holy War\nbegan. Trust me on this.	machine	gemma-4-31B-it/qat-UD-Q4_K_XL/v2+story-v1/llama.cpp-b11443/t0	2026-10-07		
2101_030_47	fd33798bf473033b1df9ada4d2cf1b4dfe5f868f	For a long time now, I've been\nat a stage where I could\ndestroy Asyl whenever I\nwanted.	machine	gemma-4-31B-it/qat-UD-Q4_K_XL/v2+story-v1/llama.cpp-b11443/t0	2026-10-07		
2101_030_48	a02536505dc9c556f54143fbc220b0710e875cde	The reason I chose not to was\npartly because I felt it was\nhelping people.	machine	gemma-4-31B-it/qat-UD-Q4_K_XL/v2+story-v1/llama.cpp-b11443/t0	2026-10-07		
2101_030_49	a4ac2a427f0fccac10f952b21e324f369727df34	Huh?!	machine	gemma-4-31B-it/qat-UD-Q4_K_XL/v2+story-v1/llama.cpp-b11443/t0	2026-10-07		
2101_030_50	533d886cf2767f1bc2fd4573516fa2c875697809	Among those who emerge from\nthe Ladder of Moonlight, there\nare occasionally individuals who\nhave absolutely no connection\nto the Ladder and come from\nfar-off sectors of space.	machine	gemma-4-31B-it/qat-UD-Q4_K_XL/v2+story-v1/llama.cpp-b11443/t0	2026-10-07		
2101_030_51	d1b3e8406f6ffa16b563d19701202e2722b594b2	They are swept up by\nspace-time rifts that have\nnothing to do with the Ladder\nor Asyl, and eventually wash up\nhere.	machine	gemma-4-31B-it/qat-UD-Q4_K_XL/v2+story-v1/llama.cpp-b11443/t0	2026-10-07		
2101_030_52	c130c44b34d716dfbd816d510e9fe573d000e199	Once I realized that these\npeople were being protected, I\nfelt even less inclined to stop\nit.	machine	gemma-4-31B-it/qat-UD-Q4_K_XL/v2+story-v1/llama.cpp-b11443/t0	2026-10-07		
2101_030_53	d272a2c3544fe0eb5738d355f61f8dc8710498b6	In a manner of speaking, I was\ndoing a good deed.	machine	gemma-4-31B-it/qat-UD-Q4_K_XL/v2+story-v1/llama.cpp-b11443/t0	2026-10-07		
2101_030_54	a0afba625dbb9ebb574bd1f0e58238c4d6f60b83	Well, I guess it all depends on\nhow you put it...?	machine	gemma-4-31B-it/qat-UD-Q4_K_XL/v2+story-v1/llama.cpp-b11443/t0	2026-10-07		
2101_030_55	7ad8064b5da7468d486433f2ab52e207cf239091	However, it is a different story\nif someone other than myself\nwere to abuse it.	machine	gemma-4-31B-it/qat-UD-Q4_K_XL/v2+story-v1/llama.cpp-b11443/t0	2026-10-07		
2101_030_56	670dcc6036ec173a354aef27285a18c1b20873bc	I absolutely cannot tolerate\nothers manipulating something I\ncreated without my permission.	machine	gemma-4-31B-it/qat-UD-Q4_K_XL/v2+story-v1/llama.cpp-b11443/t0	2026-10-07		
2101_030_57	b6e1fe25b12f4e125be403b76432047d5723c7a1	That way of thinking is part of\nwhy the Ladder came into\nexistence in the first place.	machine	gemma-4-31B-it/qat-UD-Q4_K_XL/v2+story-v1/llama.cpp-b11443/t0	2026-10-07		
2101_030_58	bd757edf32e07d5f5e236fab878ba5374a05152f	Hm? Wait, Master Mastima.	machine	gemma-4-31B-it/qat-UD-Q4_K_XL/v2+story-v1/llama.cpp-b11443/t0	2026-10-07		
2101_030_59	6b06dcd8508fd0cc9707645c97da3db4c461bb02	If we destroy the Moonshadow\nLadder and Asyl, then\nnaturally, the Moonshadow\nLadder won't exist in the\nfuture, right?	machine	gemma-4-31B-it/qat-UD-Q4_K_XL/v2+story-v1/llama.cpp-b11443/t0	2026-10-07		
2101_030_60	e97844c934eebbea2928d1ee79320b8ec8b33cb2	That is correct.	machine	gemma-4-31B-it/qat-UD-Q4_K_XL/v2+story-v1/llama.cpp-b11443/t0	2026-10-07		
2101_030_61	d6cbeb4ceac100667e422a99ded56005813a8dc9	That's strange. If that's the\ncase, it doesn't explain why\nLady Tika and General Ricardo\nare here.	machine	gemma-4-31B-it/qat-UD-Q4_K_XL/v2+story-v1/llama.cpp-b11443/t0	2026-10-07		
2101_030_62	56850892886c14c4038afc574eb40da037c82d1c	...Mastima just said it. People\nwho have nothing to do with\nthe Ladder get washed up\nhere too.	machine	gemma-4-31B-it/qat-UD-Q4_K_XL/v2+story-v1/llama.cpp-b11443/t0	2026-10-07		
2101_030_63	1e2f229d878cee30db34dc7f097d3f3e7de33853	I was unaware of this since I\nwas the one who protected\nTika, but...	machine	gemma-4-31B-it/qat-UD-Q4_K_XL/v2+story-v1/llama.cpp-b11443/t0	2026-10-07		
2101_030_64	37758064400a352c2323cf74e798db26c52fddbc	The Daftine Space Force\nescort ship commanded by\nRicardo had a vague idea of\nwho attacked the transport\nship.	machine	gemma-4-31B-it/qat-UD-Q4_K_XL/v2+story-v1/llama.cpp-b11443/t0	2026-10-07		
2101_030_65	c6af559de70d0e08be53c21d7e08a7e6185376e0	What?!	machine	gemma-4-31B-it/qat-UD-Q4_K_XL/v2+story-v1/llama.cpp-b11443/t0	2026-10-07		
2101_030_66	c1fd00366b19c02e5c9d1d0bfa6a19fee2d5aace	Back in my day, the Daftine\nmilitary had intel that several\nadvanced planets in our\nalliance were being invaded by\na mysterious force.	machine	gemma-4-31B-it/qat-UD-Q4_K_XL/v2+story-v1/llama.cpp-b11443/t0	2026-10-07		
2101_030_67	a278338d56d3e7b8219e40c82661fc4f44ffcf2a	At the time, we'd observed an\nempire ruled by a unified will\nlifeform in the far reaches of\nspace, so I figured it was\nsomething like that...	machine	gemma-4-31B-it/qat-UD-Q4_K_XL/v2+story-v1/llama.cpp-b11443/t0	2026-10-07		
2101_030_68	82bd4b25e39d0aafc4aa33416619a863bb47a673	But as it turns out, it wasn't.\nAnd I'm the only one who\nknows.	machine	gemma-4-31B-it/qat-UD-Q4_K_XL/v2+story-v1/llama.cpp-b11443/t0	2026-10-07		
2101_030_69	2584be4f8093e2d82f14dd23d53e070c36a731e7	Only you, Ricardo?	machine	gemma-4-31B-it/qat-UD-Q4_K_XL/v2+story-v1/llama.cpp-b11443/t0	2026-10-07		
2101_030_70	6e01606939ba2b5fce309eb7ea34479dab090930	<font color=blue>Ricardo</font> Back then, I was the\nfire control officer on the\nescort ship.	machine	gemma-4-31B-it/qat-UD-Q4_K_XL/v2+story-v1/llama.cpp-b11443/t0	2026-10-07		
2101_030_71	b2e6fd36232dae3ce5b5aecc5d766c9326cfb97e	That's why I saw it.	machine	gemma-4-31B-it/qat-UD-Q4_K_XL/v2+story-v1/llama.cpp-b11443/t0	2026-10-07		
2101_030_72	a039265897edce1a1a74bcdf3f67043ba88af039	A Class 3 energy wave was\nfired from a distance so\nextreme I didn't think it could\npossibly hit.	machine	gemma-4-31B-it/qat-UD-Q4_K_XL/v2+story-v1/llama.cpp-b11443/t0	2026-10-07		
2101_030_73	0aaafb2438d09f0d2e3da4068b42a6b05662d1b4	You'd be even more shocked if\nyou saw where it came from.	machine	gemma-4-31B-it/qat-UD-Q4_K_XL/v2+story-v1/llama.cpp-b11443/t0	2026-10-07		
2101_030_74	4c94e80a4fba69f3f8a47c6c71f7cb19edfe26c9	It wasn't a starship or a fixed\nbattery at a space station.\nThose movements... no matter\nhow you look at it, they were\nthose of an organic lifeform.	machine	gemma-4-31B-it/qat-UD-Q4_K_XL/v2+story-v1/llama.cpp-b11443/t0	2026-10-07		
2101_030_75	42553e47fa1dfb0fbf25bb2cdaa138b518038cba	<font color=blue>Valka</font> ...That's impossible...!	machine	gemma-4-31B-it/qat-UD-Q4_K_XL/v2+story-v1/llama.cpp-b11443/t0	2026-10-07		
2101_030_76	5d1ae3d1418e287b6fc2eba1acb7d7d7bfa8a177	<font color=blue>Ricardo</font> It was a shot fired\nfrom a distance that defies all\nlogic.	machine	gemma-4-31B-it/qat-UD-Q4_K_XL/v2+story-v1/llama.cpp-b11443/t0	2026-10-07		
2101_030_77	9d8b88c40a44da4f47f306596786cebeb77220c2	Actually, I don't even know if it\nwas a "shot" at all.	machine	gemma-4-31B-it/qat-UD-Q4_K_XL/v2+story-v1/llama.cpp-b11443/t0	2026-10-07		
2101_030_78	69959eeb5b099f054f76eb1bfeea57c00dad229d	But that thing captured in the\nlow Resolution footage by the\nfire-control computer...	machine	gemma-4-31B-it/qat-UD-Q4_K_XL/v2+story-v1/llama.cpp-b11443/t0	2026-10-07		
2101_030_79	d8df91f50e817e30638f7263338ef6f06109a0fe	<font color=blue>Welch</font> ...Wh-what on earth was\nthat?	machine	gemma-4-31B-it/qat-UD-Q4_K_XL/v2+story-v1/llama.cpp-b11443/t0	2026-10-07		
2101_030_80	1142a6839cefee8a6e173a84c65c2822cbb307aa	<font color=blue>Ricardo</font> ...Anyway, the moment\nafter I saw that footage, the\nescort ship I was on was hit by\nan unknown impact and sunk.	machine	gemma-4-31B-it/qat-UD-Q4_K_XL/v2+story-v1/llama.cpp-b11443/t0	2026-10-07		
2101_030_81	5b9cb973d880e88a6e56bf72b99bb99b241f0dca	I figure we probably took a\ndirect hit from Class 3 energy.	machine	gemma-4-31B-it/qat-UD-Q4_K_XL/v2+story-v1/llama.cpp-b11443/t0	2026-10-07		
2101_030_82	eb9686cd455541e0c678dea504706ef5dbc4b4f0	I don't know how or why I\nended up drifting toward Ex\nGiva after that, but...	machine	gemma-4-31B-it/qat-UD-Q4_K_XL/v2+story-v1/llama.cpp-b11443/t0	2026-10-07		
2101_030_83	f8233378974c24cba5670eee72eab542461f3eff	<font color=blue>Ricardo</font> It wouldn't be that\nfar-fetched to think some\nmonster capable of firing Class\n3 energy is involved.	machine	gemma-4-31B-it/qat-UD-Q4_K_XL/v2+story-v1/llama.cpp-b11443/t0	2026-10-07		
2101_030_84	eac5b03fa334a4f04c14a9df24a3bf2503616063	<font color=blue>Henri</font> I suppose common sense\ndoesn't apply in space.	machine	gemma-4-31B-it/qat-UD-Q4_K_XL/v2+story-v1/llama.cpp-b11443/t0	2026-10-07		
2101_030_85	f030feedcf1edf8f66d045b416e806a79d23dc68	However, if we believe\nMastima's explanation, even if\nthe periodic Moonshadow\nLadders stop occurring,	machine	gemma-4-31B-it/qat-UD-Q4_K_XL/v2+story-v1/llama.cpp-b11443/t0	2026-10-07		
2101_030_86	5d8e2827844cb81428ae7e6dc41ce28e43a226aa	there's still a possibility that\nthe current Ladder could\ncause a rift in the future\nspace-time, right?	machine	gemma-4-31B-it/qat-UD-Q4_K_XL/v2+story-v1/llama.cpp-b11443/t0	2026-10-07		
2101_030_87	6391fc4c348a5b04677f1d44593164a7acf04545	We can't rule out the possibility\nthat we were caught up in\nthat. We can't afford to be\ncomplacent.	machine	gemma-4-31B-it/qat-UD-Q4_K_XL/v2+story-v1/llama.cpp-b11443/t0	2026-10-07		
2101_030_88	ed40338fe44610f4a916f21767a62ccde832d60a	<font color=blue>Ricardo</font> Well, true enough.\nBesides, it's not like anything\nwe do now will get Tika and me\nback to our own time.	machine	gemma-4-31B-it/qat-UD-Q4_K_XL/v2+story-v1/llama.cpp-b11443/t0	2026-10-07		
2101_030_89	887edd58babf494bb95791383ad93e5ca743c07b	I'll just try not to overthink it.	machine	gemma-4-31B-it/qat-UD-Q4_K_XL/v2+story-v1/llama.cpp-b11443/t0	2026-10-07		
2101_030_90	2268eea840cf51649206f99eb75190bbe4969813	In any case, destroying the\nLadder and Asyl now offers\nmore benefits than leaving\nthem be.	machine	gemma-4-31B-it/qat-UD-Q4_K_XL/v2+story-v1/llama.cpp-b11443/t0	2026-10-07		
2101_030_91	30b6f9c817e6dc3f0e00fcb3898051a527227cdd	However, in the end, we must\nstop that fool Givel.	machine	gemma-4-31B-it/qat-UD-Q4_K_XL/v2+story-v1/llama.cpp-b11443/t0	2026-10-07		
2101_030_92	d5860915c703f77549175f664d469922eda4cb59	Once Asyl is destroyed, we will\nlikely head straight for the\nBaschen Imperial Castle. From\nthere, it will be a\nclose-quarters battle.	machine	gemma-4-31B-it/qat-UD-Q4_K_XL/v2+story-v1/llama.cpp-b11443/t0	2026-10-07		
2101_030_93	43d00317df4135eb3f8aafb94f0dd853d175c21c	We can't let them turn the kind\nof power that can destroy Asyl\ntoward the Imperial Castle or\nthe Imperial Capital...	machine	gemma-4-31B-it/qat-UD-Q4_K_XL/v2+story-v1/llama.cpp-b11443/t0	2026-10-07		
2101_030_94	2e38ff33063fe5a04d42c742867f80341636aac1	We can't afford to lose this\ntime.	machine	gemma-4-31B-it/qat-UD-Q4_K_XL/v2+story-v1/llama.cpp-b11443/t0	2026-10-07		
2101_030_95	7385efe900e7c4d5665c4c85d60fc8bbea7b4425	Mastima, will you come along\nfor that fight?	machine	gemma-4-31B-it/qat-UD-Q4_K_XL/v2+story-v1/llama.cpp-b11443/t0	2026-10-07		
2101_030_96	6bd2d6fe4893e7ba9730417deb794f9479b57729	I must teach that arrogant brat\na lesson.	machine	gemma-4-31B-it/qat-UD-Q4_K_XL/v2+story-v1/llama.cpp-b11443/t0	2026-10-07		
2101_030_97	a30af41bd7468673ee20bf08cdf5ce30b036e10b	Besides, I feel responsible for\nletting him learn about the\nGems here.	machine	gemma-4-31B-it/qat-UD-Q4_K_XL/v2+story-v1/llama.cpp-b11443/t0	2026-10-07		
2101_030_98	d77b50b30fd998e8d591808eee63d58a757ce874	Givel learned...? Then...	machine	gemma-4-31B-it/qat-UD-Q4_K_XL/v2+story-v1/llama.cpp-b11443/t0	2026-10-07		
2101_030_99	6b13f9bdaa39aa86ef2e1efe94845676de13fe41	What's wrong?	machine	gemma-4-31B-it/qat-UD-Q4_K_XL/v2+story-v1/llama.cpp-b11443/t0	2026-10-07		
2102_100_01	a71c82ab7765aa7087ed1c1401e56c391d618929	Hey, Eu.	machine	gemma-4-31B-it/qat-UD-Q4_K_XL/v2+story-v1/llama.cpp-b11443/t0	2026-10-07		
2102_100_02	cbfd66adac4790e5f3e851db56b6e3d28b0493e7	Hmm? What is it, Welch?	machine	gemma-4-31B-it/qat-UD-Q4_K_XL/v2+story-v1/llama.cpp-b11443/t0	2026-10-07		
2102_100_05	4023a790e16f9718178de7a82cd5b416abb53410	...Take this!!	machine	gemma-4-31B-it/qat-UD-Q4_K_XL/v2+story-v1/llama.cpp-b11443/t0	2026-10-07		
2102_100_06	6dcb0ac2d2664e6849d5d525bdff094340d78214	Gwah!? W-w-what was that for\nall of a sudden!!	machine	gemma-4-31B-it/qat-UD-Q4_K_XL/v2+story-v1/llama.cpp-b11443/t0	2026-10-07		
2102_100_07	0927102b37059d19db4ee3d0876cc25feee14caf	Eu! Get your head straight!	machine	gemma-4-31B-it/qat-UD-Q4_K_XL/v2+story-v1/llama.cpp-b11443/t0	2026-10-07		
2102_100_08	824dc5a628b32ce6a7021a0206a99097ddac7910	Huh!?	machine	gemma-4-31B-it/qat-UD-Q4_K_XL/v2+story-v1/llama.cpp-b11443/t0	2026-10-07		
2102_100_09	e9b376cf45387f751d0405e07b100eca61424483	What is the only thing you\nshould be thinking about right\nnow!!	machine	gemma-4-31B-it/qat-UD-Q4_K_XL/v2+story-v1/llama.cpp-b11443/t0	2026-10-07		
2102_100_10	f3736f0651f03940f89ef639c19b69871804544b	Where is this coming from all\nof a sudden!	machine	gemma-4-31B-it/qat-UD-Q4_K_XL/v2+story-v1/llama.cpp-b11443/t0	2026-10-07		
2102_100_11	64457d074e07dfce47b2f9b3624cb9a9e3f255a8	Ending the Holy War! And\nkicking Givel's ass!	machine	gemma-4-31B-it/qat-UD-Q4_K_XL/v2+story-v1/llama.cpp-b11443/t0	2026-10-07		
2102_100_12	3ed3363cdbb62bab5257d05e419c016b87ddc1c2	I-I know that...	machine	gemma-4-31B-it/qat-UD-Q4_K_XL/v2+story-v1/llama.cpp-b11443/t0	2026-10-07		
2102_100_13	b9a1222a1cceaa3822cbc56d0bd0cfe0c4bc3dbd	Then why on earth are you\nthinking about your father and\nbrother right now!!	machine	gemma-4-31B-it/qat-UD-Q4_K_XL/v2+story-v1/llama.cpp-b11443/t0	2026-10-07		
2102_100_14	5ee73ae18de15fcf24ea00b713a02c7a28967ca0	...!?	machine	gemma-4-31B-it/qat-UD-Q4_K_XL/v2+story-v1/llama.cpp-b11443/t0	2026-10-07		
2102_100_15	34c669789421c7848362e00ad43c1b30d2dfd90d	Wh...!	machine	gemma-4-31B-it/qat-UD-Q4_K_XL/v2+story-v1/llama.cpp-b11443/t0	2026-10-07		
2102_100_16	a457ea9a2a4d37b3a9b740248ba6edb13cde5e68	How many years do you think\nwe've been together?! You\nthink you can fool me?!	machine	gemma-4-31B-it/qat-UD-Q4_K_XL/v2+story-v1/llama.cpp-b11443/t0	2026-10-07		
2102_100_17	907b7ea594d90bd5b1a927d2aa4d87dd17576551	...Haha, you got me.	machine	gemma-4-31B-it/qat-UD-Q4_K_XL/v2+story-v1/llama.cpp-b11443/t0	2026-10-07		
2102_100_18	7bfd76f0c4c0473d539bd0a6f61e61aa024df831	Actually...	machine	gemma-4-31B-it/qat-UD-Q4_K_XL/v2+story-v1/llama.cpp-b11443/t0	2026-10-07		
2102_100_19	ae9eda1200e2fe370f9d1d4b64bcef33dcab4e1d	You're projecting yourself onto\nTika and Ricardo, aren't you?\nYou're so simple, Eu.	machine	gemma-4-31B-it/qat-UD-Q4_K_XL/v2+story-v1/llama.cpp-b11443/t0	2026-10-07		
2102_100_20	a243e08d9b8f13a851bc8072376ad97af5b86768	I don't want to be called simple\nby you, Welch!	machine	gemma-4-31B-it/qat-UD-Q4_K_XL/v2+story-v1/llama.cpp-b11443/t0	2026-10-07		
2102_100_21	72eb0b46f80f96bc5e731e9e65c8ffe9f88226c1	Knowing how earnest and\nwell-behaved you are, Eu-bo,	machine	gemma-4-31B-it/qat-UD-Q4_K_XL/v2+story-v1+fix/llama.cpp-b11443/t0	2026-10-07		
2102_100_22	13af858b8de3ce081d152f5292fff603d2a84f2b	You're probably thinking,\n"Maybe my father and brother\nhad to be cold to me because\nof their positions,"	machine	gemma-4-31B-it/qat-UD-Q4_K_XL/v2+story-v1/llama.cpp-b11443/t0	2026-10-07		
2102_100_23	d199fcfede35e8a61f65c1957280a40506f80144	Or, "Maybe I'd think the same\nway if I were in their shoes,"	machine	gemma-4-31B-it/qat-UD-Q4_K_XL/v2+story-v1/llama.cpp-b11443/t0	2026-10-07		
2102_100_24	e5fd474f6596df324ca1b10e0d558ae813e6b341	Thinking all that useless crap!	machine	gemma-4-31B-it/qat-UD-Q4_K_XL/v2+story-v1/llama.cpp-b11443/t0	2026-10-07		
2102_100_25	fa23205d885d88f2dd67acf67922b4398641ad2a	You don't have to put so much\nemphasis on the "useless"\npart... I do have my reasons for\nthinking about it...	machine	gemma-4-31B-it/qat-UD-Q4_K_XL/v2+story-v1/llama.cpp-b11443/t0	2026-10-07		
2102_100_26	9056d8e35f69c9218284df263590d8813ee4cc07	The only thing you and Tika's\nfamily have in common is that\nthe siblings have a huge age\ngap!	machine	gemma-4-31B-it/qat-UD-Q4_K_XL/v2+story-v1/llama.cpp-b11443/t0	2026-10-07		
2102_100_27	96a77cd200fdfb0dfa9e47cf4807d49e8dd7316b	Is there even anything to worry\nabout!?	machine	gemma-4-31B-it/qat-UD-Q4_K_XL/v2+story-v1/llama.cpp-b11443/t0	2026-10-07		
2102_100_28	30ac3b7c45dc180987651ea62cd077c76e654296	Huh...?	machine	gemma-4-31B-it/qat-UD-Q4_K_XL/v2+story-v1/llama.cpp-b11443/t0	2026-10-07		
2102_100_29	3601ac0397f707e78699ff0c09c642730390cea0	...Tika and Ricardo have always\nbeen close despite the age\ngap, and they've supported\neach other even through these\nharsh times, right!?	machine	gemma-4-31B-it/qat-UD-Q4_K_XL/v2+story-v1/llama.cpp-b11443/t0	2026-10-07		
2102_100_30	3db16519d2452bfaa72de23845981ccac9eb3bde	Did your father or brother ever\ntry to support you or\nunderstand you?	machine	gemma-4-31B-it/qat-UD-Q4_K_XL/v2+story-v1/llama.cpp-b11443/t0	2026-10-07		
2102_100_32	3b2052bc437ee1e9716b8cbba7e1d70396572b2d	I know. You've been trying your\nbest to find some common\nground with them, Eu.	machine	gemma-4-31B-it/qat-UD-Q4_K_XL/v2+story-v1/llama.cpp-b11443/t0	2026-10-07		
2102_100_33	fe00da0e006c568c0ffbbe461562d9c9dfc54968	But they have no intention of\ndoing the same.	machine	gemma-4-31B-it/qat-UD-Q4_K_XL/v2+story-v1/llama.cpp-b11443/t0	2026-10-07		
2102_100_34	5e98fc63ac673c927fab39cbf9c35da9a3a79035	It's obvious to anyone\nwatching. You're not like Tika\nand Ricardo.	machine	gemma-4-31B-it/qat-UD-Q4_K_XL/v2+story-v1/llama.cpp-b11443/t0	2026-10-07		
2102_100_35	9c3f3bc8c0a412d8403560faab1ebde76366084d	The only person you should be\nthinking about in this situation...\nis Lady Eslyn!	machine	gemma-4-31B-it/qat-UD-Q4_K_XL/v2+story-v1/llama.cpp-b11443/t0	2026-10-07		
2102_100_36	290d4194987728b07a4d40f4a43ecd60d53b0407	...Yeah, you're right.	machine	gemma-4-31B-it/qat-UD-Q4_K_XL/v2+story-v1/llama.cpp-b11443/t0	2026-10-07		
2102_100_37	eb2e87b9fe61316899eca940c3dcbcd7d0258bce	Make sure you don't mistake\nwho you should actually be\nworrying about.	machine	gemma-4-31B-it/qat-UD-Q4_K_XL/v2+story-v1/llama.cpp-b11443/t0	2026-10-07		
2102_100_38	ea59b4d292062235634c16421feac9a896418f02	When push comes to shove,\nyou'll want to be thinking about\nthe people who actually matter.	machine	gemma-4-31B-it/qat-UD-Q4_K_XL/v2+story-v1/llama.cpp-b11443/t0	2026-10-07		
2102_100_39	c0ed66d18e7571f60c98ef20ebab325198bafd25	Not that I'm trying to deny the\nRakstar family's love, but...	machine	gemma-4-31B-it/qat-UD-Q4_K_XL/v2+story-v1/llama.cpp-b11443/t0	2026-10-07		
2102_100_40	fde0a9e5c964c087b71b93f4610f6b25e807660c	In the battles ahead, don't you\nthink there are things you\nshould be worrying about more\nthan your father or brother?	machine	gemma-4-31B-it/qat-UD-Q4_K_XL/v2+story-v1/llama.cpp-b11443/t0	2026-10-07		
2102_100_41	12d20edec4d377e37fded13bd420822bb220ae47	...Yeah, you're right.	machine	gemma-4-31B-it/qat-UD-Q4_K_XL/v2+story-v1/llama.cpp-b11443/t0	2026-10-07		
2102_100_42	89bc351f967213e9027eb05fff156a394b25f92d	So?	machine	gemma-4-31B-it/qat-UD-Q4_K_XL/v2+story-v1/llama.cpp-b11443/t0	2026-10-07		
2102_100_43	612f6299e08c91e95b557569f3a35ed4c9d2d99e	Huh?	machine	gemma-4-31B-it/qat-UD-Q4_K_XL/v2+story-v1/llama.cpp-b11443/t0	2026-10-07		
2102_100_44	cea073cccfaf72e51467b5033cc08842bf541ee7	Who are you planning to think\nabout?	machine	gemma-4-31B-it/qat-UD-Q4_K_XL/v2+story-v1/llama.cpp-b11443/t0	2026-10-07		
2102_100_45	66921ae16436128d0a8f0fb42a825be0f5bb76c9	...Hmm...	machine	gemma-4-31B-it/qat-UD-Q4_K_XL/v2+story-v1/llama.cpp-b11443/t0	2026-10-07		
2102_100_47	f3f96f774406c54ffca4c98ba626f2cee6c295ed	My comrades, I guess?	machine	gemma-4-31B-it/qat-UD-Q4_K_XL/v2+story-v1/llama.cpp-b11443/t0	2026-10-07		
2102_100_48	6642889c0109adcb3a2814184b4dcb8ae2e9e632	...!	machine	gemma-4-31B-it/qat-UD-Q4_K_XL/v2+story-v1/llama.cpp-b11443/t0	2026-10-07		
2102_100_49	613952cfcc0377f7e21c427ba0e7da8cf2dcb826	Ow! What was that for?!	machine	gemma-4-31B-it/qat-UD-Q4_K_XL/v2+story-v1/llama.cpp-b11443/t0	2026-10-07		
2102_100_50	849d38422bab52330e1ae244f1aeae7831b5788f	Nothing! Just giving you a little\npush!	machine	gemma-4-31B-it/qat-UD-Q4_K_XL/v2+story-v1/llama.cpp-b11443/t0	2026-10-07		
2102_100_51	47144585f43d88cee8e95a640ce87cdb5e11f822	See ya! I'm heading over to\nCoro first!	machine	gemma-4-31B-it/qat-UD-Q4_K_XL/v2+story-v1/llama.cpp-b11443/t0	2026-10-07		
2102_100_52	619b78228b7584104e305f1fe18527a0c86d7aec	...Sigh.	machine	gemma-4-31B-it/qat-UD-Q4_K_XL/v2+story-v1/llama.cpp-b11443/t0	2026-10-07		
2102_100_53	e50c3d43e99dce2bc286d8398a3307d614b1e7c3	I mean, saying that now, after\neverything... really?	machine	gemma-4-31B-it/qat-UD-Q4_K_XL/v2+story-v1/llama.cpp-b11443/t0	2026-10-07		
2102_110_01	01887415f3e17af78cd5ebf9a81d6a6e1ad9f205	Mastima, do you have a\nmoment?	machine	gemma-4-31B-it/qat-UD-Q4_K_XL/v2+story-v1/llama.cpp-b11443/t0	2026-10-07		
2102_110_02	612f6299e08c91e95b557569f3a35ed4c9d2d99e	Hmm?	machine	gemma-4-31B-it/qat-UD-Q4_K_XL/v2+story-v1/llama.cpp-b11443/t0	2026-10-07		
2102_110_03	135e0b0bb6b29e7a7ff0bd91af8b3431bb3a9143	Do you know anything about\nthe power of the Beast Witch?	machine	gemma-4-31B-it/qat-UD-Q4_K_XL/v2+story-v1/llama.cpp-b11443/t0	2026-10-07		
2102_110_04	512984736ee169f0381c2c93b9f43e6a947ad154	Yes, I've heard about it from\nTika and Ricardo, and I'm\naware of it through Coro and\nRekoro's records...	machine	gemma-4-31B-it/qat-UD-Q4_K_XL/v2+story-v1/llama.cpp-b11443/t0	2026-10-07		
2102_110_05	dccefb6c1e1d20051f54104c592c9063857a457a	Unfortunately, it seems the\nBeast Witch's symbol arts were\ndeveloped independently by\nGivel based on the symbols I\ndiscovered.	machine	gemma-4-31B-it/qat-UD-Q4_K_XL/v2+story-v1/llama.cpp-b11443/t0	2026-10-07		
2102_110_06	452a91a26d451dddd7816829766909fc73ab2234	I haven't finished analyzing\nthem yet.	machine	gemma-4-31B-it/qat-UD-Q4_K_XL/v2+story-v1/llama.cpp-b11443/t0	2026-10-07		
2102_110_07	938a94808fe6d98e57f0b4d4b817752365edc2d4	Which means I cannot remove\nthose symbols from you.	machine	gemma-4-31B-it/qat-UD-Q4_K_XL/v2+story-v1/llama.cpp-b11443/t0	2026-10-07		
2102_110_09	43e88d3cd4ed08f68e069881e3f8ad7538a763dd	That is what you wanted to\nknow, isn't it?	machine	gemma-4-31B-it/qat-UD-Q4_K_XL/v2+story-v1/llama.cpp-b11443/t0	2026-10-07		
2102_110_10	7cb89ee4ff9d7bf254cc10d80b31f8557a7b3ddf	It's not that I find this power\nabhorrent...	machine	gemma-4-31B-it/qat-UD-Q4_K_XL/v2+story-v1/llama.cpp-b11443/t0	2026-10-07		
2102_110_11	685b95bbd97d5806a0e1fd69d70e893d1fa3376e	I can never forgive Givel, but\nthanks to this power, the\nstatus of the Fox-Soul people\nhas improved dramatically.	machine	gemma-4-31B-it/qat-UD-Q4_K_XL/v2+story-v1/llama.cpp-b11443/t0	2026-10-07		
2102_110_12	14b78b075f6f6c2a762ce552dbf723634555fe71	But...	machine	gemma-4-31B-it/qat-UD-Q4_K_XL/v2+story-v1/llama.cpp-b11443/t0	2026-10-07		
2102_110_13	5c3cd3e17dcac1ca2166a181a9833860093b07de	When I think that I might have\nused this to hurt Henri's\ncomrades...	machine	gemma-4-31B-it/qat-UD-Q4_K_XL/v2+story-v1/llama.cpp-b11443/t0	2026-10-07		
2102_110_14	97ba74811e811a43fc1b2ded648496edc6aeb220	Hmm.	machine	gemma-4-31B-it/qat-UD-Q4_K_XL/v2+story-v1/llama.cpp-b11443/t0	2026-10-07		
2102_110_15	20339fbdcbd28431cad425f260dc2443cb1b1951	I'm afraid that when the time\ncomes, I might hesitate to use\nthis power.	machine	gemma-4-31B-it/qat-UD-Q4_K_XL/v2+story-v1/llama.cpp-b11443/t0	2026-10-07		
2102_110_16	f8d2da9c8eb5b6d2cb3a1f832fa51c93740f2142	I see.	machine	gemma-4-31B-it/qat-UD-Q4_K_XL/v2+story-v1/llama.cpp-b11443/t0	2026-10-07		
2102_110_17	f4519812fe47fed71a2f206b882be7a485cda431	Well, I don't see why that's a\nproblem.	machine	gemma-4-31B-it/qat-UD-Q4_K_XL/v2+story-v1/llama.cpp-b11443/t0	2026-10-07		
2102_110_18	5590ff8011105dbc9611adfe36ab2f63edc164d3	What?	machine	gemma-4-31B-it/qat-UD-Q4_K_XL/v2+story-v1/llama.cpp-b11443/t0	2026-10-07		
2102_110_19	edd57c76596646c77589b18219d427c10ac6601b	Whether you win or lose\nagainst Givel, your life\ncontinues as long as you don't\ndie.	machine	gemma-4-31B-it/qat-UD-Q4_K_XL/v2+story-v1/llama.cpp-b11443/t0	2026-10-07		
2102_110_20	190cd909942f59ff9141f0f5d103bc6c5bb0e06b	This isn't some final battle for\nyour entire existence.	machine	gemma-4-31B-it/qat-UD-Q4_K_XL/v2+story-v1/llama.cpp-b11443/t0	2026-10-07		
2102_110_21	4dfa24797e283deff9ff159681e33157ac1e4426	Even I still have moments\nwhere I worry about the nature\nand morality of my own power.	machine	gemma-4-31B-it/qat-UD-Q4_K_XL/v2+story-v1/llama.cpp-b11443/t0	2026-10-07		
2102_110_22	5d8f813165b559cdc323599b320df234fc1cd4a8	People tend to think of doubt\nand worry as shackles in a\ncrisis, but it's also true that\nthey can give birth to a new\nkind of strength.	machine	gemma-4-31B-it/qat-UD-Q4_K_XL/v2+story-v1/llama.cpp-b11443/t0	2026-10-07		
2102_110_23	0716d3d39ccbe310503f2f5e9777400e474c3cbc	If you like, I can even help you\nresearch it once the battle is\nover.	machine	gemma-4-31B-it/qat-UD-Q4_K_XL/v2+story-v1/llama.cpp-b11443/t0	2026-10-07		
2102_110_24	6c9793b6e1c99cef8795f0ca60eed3b6f65c0531	...May I take you up on that?	machine	gemma-4-31B-it/qat-UD-Q4_K_XL/v2+story-v1/llama.cpp-b11443/t0	2026-10-07		
2102_110_25	c7b5a900be5fc410e5d58fe3a6f10d6be34bc9c5	I don't care for the fact that\nit's a crest art created by\nGivel, but my curiosity\nregarding new crests far\noutweighs that.	machine	gemma-4-31B-it/qat-UD-Q4_K_XL/v2+story-v1/llama.cpp-b11443/t0	2026-10-07		
2102_110_26	373f55643258a01040519ef957d122c1c040c29b	...Actually.	machine	gemma-4-31B-it/qat-UD-Q4_K_XL/v2+story-v1/llama.cpp-b11443/t0	2026-10-07		
2102_110_27	5590ff8011105dbc9611adfe36ab2f63edc164d3	Eh?	machine	gemma-4-31B-it/qat-UD-Q4_K_XL/v2+story-v1/llama.cpp-b11443/t0	2026-10-07		
2102_110_28	441c7234f4af50fd0b0dc387d72187f7fdfa0e55	I wouldn't mind starting my\nresearch right now, you know?	machine	gemma-4-31B-it/qat-UD-Q4_K_XL/v2+story-v1/llama.cpp-b11443/t0	2026-10-07		
2102_110_29	b76800a6f59ed8b777ac005a41018e9767ac0422	That crest on your chest...\nwere you born with it? Or is it\nthe crest of the "Beast Witch"?\nHmm?	machine	gemma-4-31B-it/qat-UD-Q4_K_XL/v2+story-v1/llama.cpp-b11443/t0	2026-10-07		
2102_110_30	fcdd0b8d0e5a2ac0e415ab86819951b1965bc8a0	Hyaah!? W-wait! What are you\ndoing!?	machine	gemma-4-31B-it/qat-UD-Q4_K_XL/v2+story-v1/llama.cpp-b11443/t0	2026-10-07		
2102_110_31	29ca18ef5fd90b21523dddcab68da30879d3721f	Hmm? If I'm to study a crest, I\ncan't exactly start without\ntouching it, can I?	machine	gemma-4-31B-it/qat-UD-Q4_K_XL/v2+story-v1/llama.cpp-b11443/t0	2026-10-07		
2102_110_32	5646bdee424825ab8b5e2567ae607c0141787558	I-if that's the case, now is not\na good time! S-someday, when I\nfeel like it! Goodbye!	machine	gemma-4-31B-it/qat-UD-Q4_K_XL/v2+story-v1/llama.cpp-b11443/t0	2026-10-07		
2102_110_33	2105c331a19ecbb57395d57e3bad9f0856428439	She's gone...	machine	gemma-4-31B-it/qat-UD-Q4_K_XL/v2+story-v1/llama.cpp-b11443/t0	2026-10-07		
2102_110_34	7d1024e209371a0cc87368a556150fd8a58f36cc	Hehehe. Well, I suppose that's\nhow it goes. Perhaps I teased\nher a bit too much?	machine	gemma-4-31B-it/qat-UD-Q4_K_XL/v2+story-v1/llama.cpp-b11443/t0	2026-10-07		
2102_120_01	cb3aa3c91abacda776e5a70881fa9c2242284185	It's finally time.	machine	gemma-4-31B-it/qat-UD-Q4_K_XL/v2+story-v1/llama.cpp-b11443/t0	2026-10-07		
2102_120_02	bee1378b4b2f5e3c453213d5520b49b27a83244c	Yeah.	machine	gemma-4-31B-it/qat-UD-Q4_K_XL/v2+story-v1/llama.cpp-b11443/t0	2026-10-07		
2102_120_03	b8bd03c87fbdc4fd9601a16bc575a1d1a926a079	It's been a long road to get\nhere.	machine	gemma-4-31B-it/qat-UD-Q4_K_XL/v2+story-v1/llama.cpp-b11443/t0	2026-10-07		
2102_120_04	bee1378b4b2f5e3c453213d5520b49b27a83244c	It has.	machine	gemma-4-31B-it/qat-UD-Q4_K_XL/v2+story-v1/llama.cpp-b11443/t0	2026-10-07		
2102_120_05	77d09ce436744b3567a4652fd72d3ce1aa2ee9e1	...If we ever run into Dad or\nMom somewhere, I bet they'd\nbe so surprised.	machine	gemma-4-31B-it/qat-UD-Q4_K_XL/v2+story-v1/llama.cpp-b11443/t0	2026-10-07		
2102_120_06	bee1378b4b2f5e3c453213d5520b49b27a83244c	Yeah.	machine	gemma-4-31B-it/qat-UD-Q4_K_XL/v2+story-v1/llama.cpp-b11443/t0	2026-10-07		
2102_120_07	5435a3e84fee0de07f98d880287b9b5131ba1c5a	...I heard that tomorrow, Coro\nplushies are going to rain down\non Dagris.	machine	gemma-4-31B-it/qat-UD-Q4_K_XL/v2+story-v1/llama.cpp-b11443/t0	2026-10-07		
2102_120_08	bee1378b4b2f5e3c453213d5520b49b27a83244c	Yeah.	machine	gemma-4-31B-it/qat-UD-Q4_K_XL/v2+story-v1/llama.cpp-b11443/t0	2026-10-07		
2102_120_09	36022931117942b512203303f6f64c6a58623a55	Hey, big brother!	machine	gemma-4-31B-it/qat-UD-Q4_K_XL/v2+story-v1/llama.cpp-b11443/t0	2026-10-07		
2102_120_10	abdde50369310377414ba0d9971fc2d2ee3d95b9	...Sorry. I was just lost in\nthought.	machine	gemma-4-31B-it/qat-UD-Q4_K_XL/v2+story-v1/llama.cpp-b11443/t0	2026-10-07		
2102_120_11	c8dda9326c9b2933b44782b003b327d18ac44b6a	Yeah, I figured.	machine	gemma-4-31B-it/qat-UD-Q4_K_XL/v2+story-v1/llama.cpp-b11443/t0	2026-10-07		
2102_120_12	619b10dd57a717e856b5eb75beac3abaada7433d	So, what were you thinking\nabout?	machine	gemma-4-31B-it/qat-UD-Q4_K_XL/v2+story-v1/llama.cpp-b11443/t0	2026-10-07		
2102_120_13	3e2e492eb7e855733318ab7d7128029de3e8854d	...How to find Dad and Mom.	machine	gemma-4-31B-it/qat-UD-Q4_K_XL/v2+story-v1/llama.cpp-b11443/t0	2026-10-07		
2102_120_15	73dab499a087cc018b3111658e1e3bffadf15140	Since you and I ended up like\nthis, it wouldn't be strange if\nthey were still alive.	machine	gemma-4-31B-it/qat-UD-Q4_K_XL/v2+story-v1/llama.cpp-b11443/t0	2026-10-07		
2102_120_16	0c9339c25a7c51b51078308f8bd73605cef80dd8	I've been thinking about what\nto do once the battle in this\nera's Daftine is over.	machine	gemma-4-31B-it/qat-UD-Q4_K_XL/v2+story-v1/llama.cpp-b11443/t0	2026-10-07		
2102_120_17	922367cb2b1c294810577afb0005f335d4501a74	It's quite different from how I\nimagined things, but well, I'm\nmanaging to get along with\nyou.	machine	gemma-4-31B-it/qat-UD-Q4_K_XL/v2+story-v1/llama.cpp-b11443/t0	2026-10-07		
2102_120_18	a9b03d04137f7c4e6559a4b173c2b02c6a1ef8ca	I thought about waiting at\nMastima's place and hoping\nthey'd show up, but Mastima is\nthe only one who can afford to\nwait like that.	machine	gemma-4-31B-it/qat-UD-Q4_K_XL/v2+story-v1/llama.cpp-b11443/t0	2026-10-07		
2102_120_19	93ae41a11b232576210c389d0a9e9fad46ca209f	Besides, if they crossed\nthrough time for the same\nreason we did, there's a\nchance they were sent\nsomewhere else entirely.	machine	gemma-4-31B-it/qat-UD-Q4_K_XL/v2+story-v1/llama.cpp-b11443/t0	2026-10-07		
2102_120_20	384c1755f7b476639c85bc9e4df0bade118a294e	I suppose it's like trying to find\none specific grain of sand in a\ndesert...	machine	gemma-4-31B-it/qat-UD-Q4_K_XL/v2+story-v1/llama.cpp-b11443/t0	2026-10-07		
2102_120_21	ddbd7bcd2f5a4a9dc477e6fc40e8db65be8f317f	...Yeah, you're right.	machine	gemma-4-31B-it/qat-UD-Q4_K_XL/v2+story-v1/llama.cpp-b11443/t0	2026-10-07		
2102_120_22	6c18ef2454d5dbe648f75c31f7b59aad8b92c8fe	Come to think of it, Dad and\nMom were still fighting with\nGrandpa and Grandma when\nthey left.	machine	gemma-4-31B-it/qat-UD-Q4_K_XL/v2+story-v1/llama.cpp-b11443/t0	2026-10-07		
2102_120_23	c8d3d56aba772e853d5aa97ef582367d179bf21c	Even if we're living apart, we've\nstill got to find a way to get in\ntouch.	machine	gemma-4-31B-it/qat-UD-Q4_K_XL/v2+story-v1/llama.cpp-b11443/t0	2026-10-07		
2102_120_24	32752c1fdf75d4e72df95f587af8c777cc2f5206	Yeah...!	machine	gemma-4-31B-it/qat-UD-Q4_K_XL/v2+story-v1/llama.cpp-b11443/t0	2026-10-07		
2102_120_25	70616d8f4aac4f00db390127514700e4ec7c6b4f	But it'll probably be hard for\njust the two of us. We don't\neven have a starship.	machine	gemma-4-31B-it/qat-UD-Q4_K_XL/v2+story-v1/llama.cpp-b11443/t0	2026-10-07		
2102_120_26	a80529cbc3355b66b6c5a17c366e3e2e0285fdf9	...That's the problem... damn it.	machine	gemma-4-31B-it/qat-UD-Q4_K_XL/v2+story-v1/llama.cpp-b11443/t0	2026-10-07		
2102_120_27	438fc0c257b8c451d7cf5ce5abaa6f394a81cfc4	So it feels like we're out of\noptions, right?	machine	gemma-4-31B-it/qat-UD-Q4_K_XL/v2+story-v1/llama.cpp-b11443/t0	2026-10-07		
2102_120_28	0cc8c071ae8d06d31eeef2b6f940b0a42c024817	Dammit... this is infuriating.	machine	gemma-4-31B-it/qat-UD-Q4_K_XL/v2+story-v1/llama.cpp-b11443/t0	2026-10-07		
2102_130_04	271e01e5394b0bf46d68269418de8ad9de75a64d	...Are you worried about\nwhether you'll get along with\nMastima?	machine	gemma-4-31B-it/qat-UD-Q4_K_XL/v2+story-v1/llama.cpp-b11443/t0	2026-10-07		
2102_130_05	c8a5dc06406277528a25cf605ba750d8ccfe8b72	Nbyah!?	machine	gemma-4-31B-it/qat-UD-Q4_K_XL/v2+story-v1/llama.cpp-b11443/t0	2026-10-07		
2102_130_06	0312237f3685c1852635cdbf2e0f2f3769f04b7b	H-H-Henri!?	machine	gemma-4-31B-it/qat-UD-Q4_K_XL/v2+story-v1/llama.cpp-b11443/t0	2026-10-07		
2102_130_07	53da6725d3184d27c762b870b23c92e626ccf45d	You look like you're wondering\nhow I knew.	machine	gemma-4-31B-it/qat-UD-Q4_K_XL/v2+story-v1/llama.cpp-b11443/t0	2026-10-07		
2102_130_08	00a5f26cea0db505c2d58d80ac1fc417a52d6fda	H-H-H-How did you know!	machine	gemma-4-31B-it/qat-UD-Q4_K_XL/v2+story-v1/llama.cpp-b11443/t0	2026-10-07		
2102_130_09	54bdf3f6c5012f431564d6fee2363adc3e9f99f4	Well, it's written all over your\nface.	machine	gemma-4-31B-it/qat-UD-Q4_K_XL/v2+story-v1/llama.cpp-b11443/t0	2026-10-07		
2102_130_10	085be8acb6e8dd0356d4468d06b7857eee28031b	What!! W-Where!?	machine	gemma-4-31B-it/qat-UD-Q4_K_XL/v2+story-v1/llama.cpp-b11443/t0	2026-10-07		
2102_130_11	a289b46c42673a4bb35e8e69c5b2c97eb8e8115c	No, it's not actually written\nthere.	machine	gemma-4-31B-it/qat-UD-Q4_K_XL/v2+story-v1/llama.cpp-b11443/t0	2026-10-07		
2102_130_12	06b4f6754888de053191c79ee906ff2f5e97beae	Which is it!	machine	gemma-4-31B-it/qat-UD-Q4_K_XL/v2+story-v1/llama.cpp-b11443/t0	2026-10-07		
2102_130_13	f3693f620e2f03f9a4cab60717623039f6a5518d	...You're quite flustered.	machine	gemma-4-31B-it/qat-UD-Q4_K_XL/v2+story-v1/llama.cpp-b11443/t0	2026-10-07		
2102_130_14	2eb6ffeaf3d26b0dcde25dc6032d94ee690a5db4	I can tell that Master Mastima\nisn't a bad person...	machine	gemma-4-31B-it/qat-UD-Q4_K_XL/v2+story-v1/llama.cpp-b11443/t0	2026-10-07		
2102_130_15	030c9de2e8356f57d0cf0cbcf329236f84724633	But I still don't know how I\nshould act around her.	machine	gemma-4-31B-it/qat-UD-Q4_K_XL/v2+story-v1/llama.cpp-b11443/t0	2026-10-07		
2102_130_16	76f1e5eb4664e8df15d3b7c798a11be391cd6be1	He's just so... elusive.	machine	gemma-4-31B-it/qat-UD-Q4_K_XL/v2+story-v1/llama.cpp-b11443/t0	2026-10-07		
2102_130_17	97ba74811e811a43fc1b2ded648496edc6aeb220	I see.	machine	gemma-4-31B-it/qat-UD-Q4_K_XL/v2+story-v1/llama.cpp-b11443/t0	2026-10-07		
2102_130_18	c5df7ad9db2cbd9150eb1520fd45dc6742d5c089	...I've never... heard anyone\nspeak against EnII or\nVandione...	machine	gemma-4-31B-it/qat-UD-Q4_K_XL/v2+story-v1/llama.cpp-b11443/t0	2026-10-07		
2102_130_19	03475ff025d37170fec9c90bf414b2baea096a5a	Or say anything to deny the\nnature of Ex.	machine	gemma-4-31B-it/qat-UD-Q4_K_XL/v2+story-v1/llama.cpp-b11443/t0	2026-10-07		
2102_130_20	bbf1451eb541a12df85ff911216574df300c2efc	For you, Valka, it must feel as\nif your god has been denied.	machine	gemma-4-31B-it/qat-UD-Q4_K_XL/v2+story-v1/llama.cpp-b11443/t0	2026-10-07		
2102_130_21	3c721f0e58f324ddf81a0cb84d829f7c28acecc1	Ex is not a god.	machine	gemma-4-31B-it/qat-UD-Q4_K_XL/v2+story-v1/llama.cpp-b11443/t0	2026-10-07		
2102_130_22	64de14ef42bb9187b8f6d186de9ebac215986e7b	Ex is... Ex is...	machine	gemma-4-31B-it/qat-UD-Q4_K_XL/v2+story-v1/llama.cpp-b11443/t0	2026-10-07		
2102_130_23	d8c96feb8c0f427e1ec520ff8e2dc6286536f0e6	Looking at your reaction, it's\nhard to think otherwise.	machine	gemma-4-31B-it/qat-UD-Q4_K_XL/v2+story-v1/llama.cpp-b11443/t0	2026-10-07		
2102_130_24	b3106d96cfb0a256849fb3e5392ba6fcad7e5ac7	Well, regardless of what\nhappened in the past, it's true\nthat seeing you like this makes\nme worried, Valka.	machine	gemma-4-31B-it/qat-UD-Q4_K_XL/v2+story-v1+fix/llama.cpp-b11443/t0	2026-10-07		
2102_130_25	160e1d4e89559ce0d9c8e2a455786e635c840d8e	...Worried?	machine	gemma-4-31B-it/qat-UD-Q4_K_XL/v2+story-v1/llama.cpp-b11443/t0	2026-10-07		
2102_130_26	617157a018a79076943c377c8d1211aed387d90d	...Valka, you seem to rely too\nheavily on your own identity as\nan existence of Ex and as a\nHardier Warrior of Morphus.	machine	gemma-4-26B-A4B-it/UD-Q4_K_M/v2+story-v1/llama.cpp-b11443/t0	2026-10-06		
2102_130_27	be9882d5d56bc2a1985736d8abe4caad52745ec3	Rather than taking pride in it,\naren't you driven by a\ndesperate fear of tarnishing\nthat name?	machine	gemma-4-31B-it/qat-UD-Q4_K_XL/v2+story-v1/llama.cpp-b11443/t0	2026-10-07		
2102_130_28	5d1db35c3e978c7be54f32f5710b10e7a2030ab5	T-that's not true!	machine	gemma-4-31B-it/qat-UD-Q4_K_XL/v2+story-v1/llama.cpp-b11443/t0	2026-10-07		
2102_130_30	8d337c3c36e53ae1c49d6e189c3e6ccc11e51e74	...At least, I think... I don't...	machine	gemma-4-31B-it/qat-UD-Q4_K_XL/v2+story-v1/llama.cpp-b11443/t0	2026-10-07		
2102_130_31	831145e4679308988d410dffcd173a94ca43123f	I know nothing of this "Ex" or\n"EnII."	machine	gemma-4-31B-it/qat-UD-Q4_K_XL/v2+story-v1/llama.cpp-b11443/t0	2026-10-07		
2102_130_32	e5315360ecca06c9d3f1370ba0809d4a88ea6c00	You are the only one who does.	machine	gemma-4-31B-it/qat-UD-Q4_K_XL/v2+story-v1/llama.cpp-b11443/t0	2026-10-07		
2102_130_33	41ee6a21cccf4eda5a315e695f3264cd625d2c6a	And from my perspective,\nValka...	machine	gemma-4-31B-it/qat-UD-Q4_K_XL/v2+story-v1/llama.cpp-b11443/t0	2026-10-07		
2102_130_34	148cdb606ed09321f83da34ceed50d4cc10fe684	From the perspective of\nsomeone who knows nothing of\nEx, EnII, or any other Hardier\nWarrior of Morphus...	machine	gemma-4-26B-A4B-it/UD-Q4_K_M/v2+story-v1/llama.cpp-b11443/t0	2026-10-06		
2102_130_35	22b9f20e5e8238f6309a87c6b8373b638d5e5a2e	You are a wonderful person.	machine	gemma-4-31B-it/qat-UD-Q4_K_XL/v2+story-v1/llama.cpp-b11443/t0	2026-10-07		
2102_130_36	23f9fcd6d110d60711919c61c3662d4182bfbd41	Huh...?	machine	gemma-4-31B-it/qat-UD-Q4_K_XL/v2+story-v1/llama.cpp-b11443/t0	2026-10-07		
2102_130_37	71c84477b3837aaee907e7aa1e0b3e7361376183	You know that battle is a\nterrifying thing and you never\nseek it out, yet you possess\nthe strength and resolve to\nthrow yourself into the fray for\nthe sake of your friends.	machine	gemma-4-31B-it/qat-UD-Q4_K_XL/v2+story-v1/llama.cpp-b11443/t0	2026-10-07		
2102_130_38	cf82cb41ae071cec779626f6ab1ead199a4eedb0	If that isn't wonderful, I don't\nknow what is.	machine	gemma-4-31B-it/qat-UD-Q4_K_XL/v2+story-v1/llama.cpp-b11443/t0	2026-10-07		
2102_130_39	3e80333817591fb36b3afde174023aeda2d92946	I-I don't! I don't think... that\nbattle is terrifying...!	machine	gemma-4-31B-it/qat-UD-Q4_K_XL/v2+story-v1/llama.cpp-b11443/t0	2026-10-07		
2102_130_40	ca4db7b86b2275113c507bee700031a0b9923d48	...I don't... think that...	machine	gemma-4-31B-it/qat-UD-Q4_K_XL/v2+story-v1/llama.cpp-b11443/t0	2026-10-07		
2102_130_42	b846e753770264491777f4fde32e875bef4d638c	...I just thought... that I wasn't\nallowed to feel that way...	machine	gemma-4-31B-it/qat-UD-Q4_K_XL/v2+story-v1/llama.cpp-b11443/t0	2026-10-07		
2102_130_43	bba293efdddf8a5e70c3aa28e845430d5e906c46	There is no such thing as a\nbattle that isn't terrifying. I\nhaven't lived as long as\nMastima, but even I know that\nmuch.	machine	gemma-4-31B-it/qat-UD-Q4_K_XL/v2+story-v1/llama.cpp-b11443/t0	2026-10-07		
2102_130_44	822d186e438b54b9a5551ff482246d9c6e52a32a	It is simple to hold your own\nagainst Mastima.	machine	gemma-4-31B-it/qat-UD-Q4_K_XL/v2+story-v1/llama.cpp-b11443/t0	2026-10-07		
2102_130_45	7b1199926871890632edc01b3dc049b9c979ec45	Just face the battle head-on,\nthe same way you have while\nspending time with the\ncaptains.	machine	gemma-4-31B-it/qat-UD-Q4_K_XL/v2+story-v1/llama.cpp-b11443/t0	2026-10-07		
2102_130_46	90b73c1fc47e6bd9dc5f5573dd236a8e72435493	If you do that, you will\neventually figure out how to\ndeal with Mastima, as someone\nwho shares the same universe.	machine	gemma-4-31B-it/qat-UD-Q4_K_XL/v2+story-v1/llama.cpp-b11443/t0	2026-10-07		
2102_130_47	4f7b35b841e23b4e6e4391dec741f84e812e9109	...Do you really think so?	machine	gemma-4-31B-it/qat-UD-Q4_K_XL/v2+story-v1/llama.cpp-b11443/t0	2026-10-07		
2102_130_48	643342381400266e63c3bb0dbc8db0afd90d6dc1	I do.	machine	gemma-4-31B-it/qat-UD-Q4_K_XL/v2+story-v1/llama.cpp-b11443/t0	2026-10-07		
2102_130_49	93eb0c5c7102608987c96cf87db681178b3ee6f0	...Henri, you're kind of like my\ndad sometimes. It makes me\nfeel safe.	machine	gemma-4-31B-it/qat-UD-Q4_K_XL/v2+story-v1/llama.cpp-b11443/t0	2026-10-07		
2102_130_51	7d3d2a9cb1eb1ab40830b1042e841cc8b92744ed	Henri?	machine	gemma-4-31B-it/qat-UD-Q4_K_XL/v2+story-v1/llama.cpp-b11443/t0	2026-10-07		
2102_130_52	446101a08d4efbd54a5a28e90213d68373dc2119	...If that is how you feel...	machine	gemma-4-31B-it/qat-UD-Q4_K_XL/v2+story-v1/llama.cpp-b11443/t0	2026-10-07		
2102_130_53	5590ff8011105dbc9611adfe36ab2f63edc164d3	Huh?	machine	gemma-4-31B-it/qat-UD-Q4_K_XL/v2+story-v1/llama.cpp-b11443/t0	2026-10-07		
2102_130_54	255d6ee09c3a04952995489abd028d90deb3b6e9	I'll head out first. I intended to\ngive you advice, but it seems I\nwas the one who found solace\ninstead.	machine	gemma-4-31B-it/qat-UD-Q4_K_XL/v2+story-v1/llama.cpp-b11443/t0	2026-10-07		
2102_130_55	8f0a1325b59b12acd99edc5c12bcb8ece69ea660	Huh? What?	machine	gemma-4-31B-it/qat-UD-Q4_K_XL/v2+story-v1/llama.cpp-b11443/t0	2026-10-07		
2102_130_56	4a653bb8f0bdb5b9bf068ebdb28b6fc4dd29c116	It's nothing.	machine	gemma-4-31B-it/qat-UD-Q4_K_XL/v2+story-v1/llama.cpp-b11443/t0	2026-10-07		
2102_130_57	14ba218ab2c0146edf64263a8a76ba3d9583bed0	Farewell.	machine	gemma-4-31B-it/qat-UD-Q4_K_XL/v2+story-v1/llama.cpp-b11443/t0	2026-10-07		
2102_130_58	93dea3511981e1dc7cb0c2ef37bf05fea3470de3	Oh, right...	machine	gemma-4-31B-it/qat-UD-Q4_K_XL/v2+story-v1/llama.cpp-b11443/t0	2026-10-07		
2102_130_59	9f76e360f7592efac5b8961cca2264278e7a124a	Getting over things is harder\nthan it looks...	machine	gemma-4-31B-it/qat-UD-Q4_K_XL/v2+story-v1/llama.cpp-b11443/t0	2026-10-07		
2102_140_01	8d7cdea27c1b42265b5a69618a508701730227a5	Coro, before we set off, I'm\ngoing to run a few checks.	machine	gemma-4-31B-it/qat-UD-Q4_K_XL/v2+story-v1/llama.cpp-b11443/t0	2026-10-07		
2102_140_02	c629afe086f3bf40a3b01aea0730d599f80cc8e2	While I was messing with the\nconsole earlier, I noticed some\nprograms and applications I've\nnever seen before.	machine	gemma-4-31B-it/qat-UD-Q4_K_XL/v2+story-v1/llama.cpp-b11443/t0	2026-10-07		
2102_140_03	d79f7d6141b09a6b00842820b198e57e2fe1cb25	I don't want some weird\noperation causing a failure\nwhen it counts.	machine	gemma-4-31B-it/qat-UD-Q4_K_XL/v2+story-v1/llama.cpp-b11443/t0	2026-10-07		
2102_140_05	17c68e7aad6d678ae399c610718a475f49f73e25	Rest assured, Captain!	machine	gemma-4-31B-it/qat-UD-Q4_K_XL/v2+story-v1/llama.cpp-b11443/t0	2026-10-07		
2102_140_06	d144afecf4e990a004246d94206760e87ab75fe0	It's true that Mastima added a\nfew things while modifying me,	machine	gemma-4-31B-it/qat-UD-Q4_K_XL/v2+story-v1/llama.cpp-b11443/t0	2026-10-07		
2102_140_07	d83adab10f74ff06f90c0da53a7feaf98ebc2c9f	but she didn't touch any of my\noriginal programming!	machine	gemma-4-31B-it/qat-UD-Q4_K_XL/v2+story-v1/llama.cpp-b11443/t0	2026-10-07		
2102_140_08	eaac17ab0789290037739943d5c949727e6ee29a	Hmm? The ship's scanners are\nactivating on their own.	machine	gemma-4-31B-it/qat-UD-Q4_K_XL/v2+story-v1/llama.cpp-b11443/t0	2026-10-07		
2102_140_09	7c503be5dfe64eb4f2bec61005596c11d97902e5	Hyah!	machine	gemma-4-31B-it/qat-UD-Q4_K_XL/v2+story-v1/llama.cpp-b11443/t0	2026-10-07		
2102_140_10	d0266993ffce130079272ddd5c92354a296e6d59	What!?	machine	gemma-4-31B-it/qat-UD-Q4_K_XL/v2+story-v1/llama.cpp-b11443/t0	2026-10-07		
2102_140_11	3ca80ca082e9982ca88868a0add0cdcb57504e2d	What is this? There's a\nprogram set up to collect data\nfrom normal space while we're\nwarping.	machine	gemma-4-31B-it/qat-UD-Q4_K_XL/v2+story-v1/llama.cpp-b11443/t0	2026-10-07		
2102_140_12	3b0393e4e784d97290a525584038ef8e08a7734f	Doing something like that would\nmake the drive sluggish as hell.\nTake this!	machine	gemma-4-31B-it/qat-UD-Q4_K_XL/v2+story-v1/llama.cpp-b11443/t0	2026-10-07		
2102_140_13	9d0521de5e0b23d27237d8c989b15b024aefad25	Hah!	machine	gemma-4-31B-it/qat-UD-Q4_K_XL/v2+story-v1/llama.cpp-b11443/t0	2026-10-07		
2102_140_14	ae3c4bfb82f2af9dc84d4eae724edb0e764e35ea	Gyah!?	machine	gemma-4-31B-it/qat-UD-Q4_K_XL/v2+story-v1/llama.cpp-b11443/t0	2026-10-07		
2102_140_15	353dcd988d24011a163eeff4120f80b86a951c12	Now then, Coro! Why has the\noriginal program been\ntampered with, eh?	machine	gemma-4-31B-it/qat-UD-Q4_K_XL/v2+story-v1/llama.cpp-b11443/t0	2026-10-07		
2102_140_16	953d75503e63c0e449095cc4c84d893ddcc7f61a	It's defined so that under\ncertain conditions, Mastima's\nauthority overrides the\ncaptain's!	machine	gemma-4-31B-it/qat-UD-Q4_K_XL/v2+story-v1/llama.cpp-b11443/t0	2026-10-07		
2102_140_17	d036532a45c75d94805ed876f1863f38e83f3a3e	This is getting deleted!	machine	gemma-4-31B-it/qat-UD-Q4_K_XL/v2+story-v1/llama.cpp-b11443/t0	2026-10-07		
2102_140_18	365a82ea05653795933555a1a78eeb251ed7d5d5	Awawawawa!?	machine	gemma-4-31B-it/qat-UD-Q4_K_XL/v2+story-v1/llama.cpp-b11443/t0	2026-10-07		
2102_140_20	9f5fb8827fc307effa1f5f3277c51e090858c3ce	I-I'm sorry...!	machine	gemma-4-31B-it/qat-UD-Q4_K_XL/v2+story-v1/llama.cpp-b11443/t0	2026-10-07		
2102_140_21	3e3b3a96ba15ff21468e6d9a64b4c8388ca48620	Individually, these aren't\nharmful to us, but it's a\nproblem when functions the\ncaptain doesn't know about are\nrunning on their own.	machine	gemma-4-31B-it/qat-UD-Q4_K_XL/v2+story-v1/llama.cpp-b11443/t0	2026-10-07		
2102_140_22	dfc4fb68d2585c7c10588daa46e28d40645bca70	At this rate, Mastima might\njust treat the ship as her own\npersonal property one of these\ndays!	machine	gemma-4-31B-it/qat-UD-Q4_K_XL/v2+story-v1/llama.cpp-b11443/t0	2026-10-07		
2102_140_23	d308d085662ee8f08fbb9808025465895c7c5597	Verda, could you check me as\nwell...?	machine	gemma-4-31B-it/qat-UD-Q4_K_XL/v2+story-v1/llama.cpp-b11443/t0	2026-10-07		
2102_140_24	ef7a4e458271ab247f3cd5d63f3e89d312cc740b	Seeing how much was done to\nCoro, I've become a little\nanxious.	machine	gemma-4-31B-it/qat-UD-Q4_K_XL/v2+story-v1/llama.cpp-b11443/t0	2026-10-07		
2102_140_25	7dee318bd5978b76ac2352f3ad44f4dc0bcd8b7c	Hmm, fair enough. Come over\nhere.	machine	gemma-4-31B-it/qat-UD-Q4_K_XL/v2+story-v1/llama.cpp-b11443/t0	2026-10-07		
2102_140_26	ee58f37b29a57bd3d951aa4574934541f27b246e	...Hm? What is this?	machine	gemma-4-31B-it/qat-UD-Q4_K_XL/v2+story-v1/llama.cpp-b11443/t0	2026-10-07		
2102_140_27	d7b761d8de0a8139b64983281ad6ce2f0384108e	I-is something wrong!?	machine	gemma-4-31B-it/qat-UD-Q4_K_XL/v2+story-v1/llama.cpp-b11443/t0	2026-10-07		
2102_140_28	e7ddb4a4c584b0d1504354a8b6815522007b90cf	There's a backdoor installed.\nIt's set up to send the human\nvital data Rekoro observed to\nsome unknown location.	machine	gemma-4-31B-it/qat-UD-Q4_K_XL/v2+story-v1/llama.cpp-b11443/t0	2026-10-07		
2102_140_29	99a466c990481844e8fb4496d88e95d45c7ea2aa	What!?	machine	gemma-4-31B-it/qat-UD-Q4_K_XL/v2+story-v1/llama.cpp-b11443/t0	2026-10-07		
2102_140_30	df0681340adf1feac86cdfb0d9a97d0b2cd8e4da	There are a lot of entries\nspecifically regarding Tika.\nThey likely intended to keep\nmonitoring Tika even after she\nleft the satellite Mastima.	machine	gemma-4-31B-it/qat-UD-Q4_K_XL/v2+story-v1/llama.cpp-b11443/t0	2026-10-07		
2102_140_31	e5c1b8cbda1443a6424408d33fe9a0dca01e0347	But when did this happen!?	machine	gemma-4-31B-it/qat-UD-Q4_K_XL/v2+story-v1/llama.cpp-b11443/t0	2026-10-07		
2102_140_32	fa3fbb57080e4808026089295a09bb3b38ee2d2b	I was threatened by Ricardo,\nbut...	machine	gemma-4-31B-it/qat-UD-Q4_K_XL/v2+story-v1/llama.cpp-b11443/t0	2026-10-07		
2102_140_33	9e8ed63b1ff3915d9251b028ce3d0f4694959907	I made sure Tika's personal\ninformation was strictly\nclassified so it couldn't be\nviewed carelessly!	machine	gemma-4-31B-it/qat-UD-Q4_K_XL/v2+story-v1/llama.cpp-b11443/t0	2026-10-07		
2102_140_34	f6b3e14e9c4e7055d7f0821e5bd510c63d06d5a9	...This is truly malicious. I'll have\nto demand answers from\nMastima later.	machine	gemma-4-31B-it/qat-UD-Q4_K_XL/v2+story-v1/llama.cpp-b11443/t0	2026-10-07		
2102_140_36	c54e4c8926506fa41185568bbd01718a7b6f1314	The journey of the "Coro's\nShip" must continue, even after\nwe defeat Givel.	machine	gemma-4-31B-it/qat-UD-Q4_K_XL/v2+story-v1/llama.cpp-b11443/t0	2026-10-07		
2102_140_37	2898c1fdeada9e9383b460c9d596ef59a51aa76f	There's no sign that the Holy\nWar will be brought to an end\nanytime soon...	machine	gemma-4-31B-it/qat-UD-Q4_K_XL/v2+story-v1/llama.cpp-b11443/t0	2026-10-07		
2102_140_38	145a575103430692a1f733f3a009f12a9c5c547a	The road ahead is filled with\nnothing but hardships.	machine	gemma-4-31B-it/qat-UD-Q4_K_XL/v2+story-v1/llama.cpp-b11443/t0	2026-10-07		
2102_140_40	3d144c6eab82355cb716a950d93de42a9b2ae67b	That's right. We made a\npromise to Tika.	machine	gemma-4-31B-it/qat-UD-Q4_K_XL/v2+story-v1/llama.cpp-b11443/t0	2026-10-07		
2102_140_41	d0f077ec89a76baa0a91ed7accfcd4a4d53e5dd4	We promised Tika that we\nwould get her home to where\nher grandfathers are... back to\nDaftine.	machine	gemma-4-31B-it/qat-UD-Q4_K_XL/v2+story-v1/llama.cpp-b11443/t0	2026-10-07		
2102_140_42	73d36941f1f45dec569698c915495b9bd8630f38	If that is the case, then we\nmust become strong enough to\nlaugh in the face of these\nhardships and blow them away!	machine	gemma-4-31B-it/qat-UD-Q4_K_XL/v2+story-v1/llama.cpp-b11443/t0	2026-10-07		
2102_140_43	49f6dec2e4eb0d474dc0a6dc21fc0f53d342d738	Truly inspiring.	machine	gemma-4-31B-it/qat-UD-Q4_K_XL/v2+story-v1/llama.cpp-b11443/t0	2026-10-07		
2102_140_44	967dd0e280b8fe164d2e1ebe59b5c8b298457f39	So inspiring, in fact, that I am\nstarting to think Verda should\nbe the captain instead.	machine	gemma-4-31B-it/qat-UD-Q4_K_XL/v2+story-v1/llama.cpp-b11443/t0	2026-10-07		
2102_140_46	7beae3392f4b36cfdbc8bebb1fd876a46dba8db3	Hmm! In that case, shall we\njust decide that the captain is\nthe pet?	machine	gemma-4-31B-it/qat-UD-Q4_K_XL/v2+story-v1/llama.cpp-b11443/t0	2026-10-07		
2102_140_48	4da815b9836174b5deb4a5e21f8cd8e1a15f4e16	No way! I won't lose! I won't\ngive in to your modifications,\nVerda! I'll fight back, Captain...!	machine	gemma-4-31B-it/qat-UD-Q4_K_XL/v2+story-v1/llama.cpp-b11443/t0	2026-10-07		
2102_140_49	a8fbfc6fa877e583c55ee751690edad9df6ff258	But wait, I just realized...\nwouldn't a pet captain actually\nbe kind of cute?	machine	gemma-4-31B-it/qat-UD-Q4_K_XL/v2+story-v1/llama.cpp-b11443/t0	2026-10-07		
2102_140_50	13d04d94a7f5a660694ac68021acb4bf09bc7af8	"Captain, shake!" "Now, go fetch\nthe banana!" I could say things\nlike that...	machine	gemma-4-31B-it/qat-UD-Q4_K_XL/v2+story-v1/llama.cpp-b11443/t0	2026-10-07		
2102_140_52	2fd6524acb820aa69245b8eea4f5bfa851b3c887	Awa-wa-wa-wa-wa!?	machine	gemma-4-31B-it/qat-UD-Q4_K_XL/v2+story-v1/llama.cpp-b11443/t0	2026-10-07		
2102_140_53	1841599c23a3a50a3471a6132693c8d67b4d396b	Oh! The rampage suppression\ndevice Mastima made for Coro\nis working! We should definitely\nkeep this on him!	machine	gemma-4-31B-it/qat-UD-Q4_K_XL/v2+story-v1/llama.cpp-b11443/t0	2026-10-07		
2102_140_54	6f9eeb59e501a615644d8a7b5ae2105e823ec6b1	Ugh, I was hoping for a much\nsharper comeback...	machine	gemma-4-31B-it/qat-UD-Q4_K_XL/v2+story-v1/llama.cpp-b11443/t0	2026-10-07		
2102_140_55	3bb5e071ae44a138babbf252337c63691c2d39d7	Eve is the only one who can\nkeep you quiet with just a\ncomeback.	machine	gemma-4-31B-it/qat-UD-Q4_K_XL/v2+story-v1/llama.cpp-b11443/t0	2026-10-07		
2102_140_57	93ff3ff70a97f75801c5db2334ece84fca295885	Indeed. We must go and\nretrieve her as soon as\npossible.	machine	gemma-4-31B-it/qat-UD-Q4_K_XL/v2+story-v1/llama.cpp-b11443/t0	2026-10-07		
2102_140_58	1e1952f755d68bf17b3464417c3d40b810025fe3	You're right! I haven't been\nscolded by Eve yet, so I'm not\nquite back in the swing of\nthings!	machine	gemma-4-31B-it/qat-UD-Q4_K_XL/v2+story-v1/llama.cpp-b11443/t0	2026-10-07		
2102_140_59	015c300e130d593e5fe974eb287e8d8e8c866dbb	I question that logic, but I\nagree that GFSS-3214F is not\nfunctioning normally without\nEve.	machine	gemma-4-31B-it/qat-UD-Q4_K_XL/v2+story-v1/llama.cpp-b11443/t0	2026-10-07		
2102_140_61	5e73a386cc8f57babfc4fbff7a90ff5fc78b80d0	True enough. It is time.	machine	gemma-4-31B-it/qat-UD-Q4_K_XL/v2+story-v1/llama.cpp-b11443/t0	2026-10-07		
2102_140_62	23ab339715d85a5468ee295e6ba7f12802fca7a1	It matters not what Mastima is\nplotting, nor what despicable\nmeans Givel may employ.	machine	gemma-4-31B-it/qat-UD-Q4_K_XL/v2+story-v1/llama.cpp-b11443/t0	2026-10-07		
2102_140_63	b58f4c3bf46423e1f2bd8b3580228d5ae57dd8b5	Together with our comrades,\nwe shall certainly rescue Eve\nand fulfill our promise to Tika!	machine	gemma-4-31B-it/qat-UD-Q4_K_XL/v2+story-v1/llama.cpp-b11443/t0	2026-10-07		
2102_140_64	9eeef11903524b9fd715768dbcbf54b552977723	Let's goooo! I'm not staying\nbehind this time!!	machine	gemma-4-31B-it/qat-UD-Q4_K_XL/v2+story-v1/llama.cpp-b11443/t0	2026-10-07		
2103_200_01	fbf629aac4b3278c5795afb4f46a1b1cdbfe0b87	Everyone's here.	machine	gemma-4-31B-it/qat-UD-Q4_K_XL/v2+story-v1/llama.cpp-b11443/t0	2026-10-07		
2103_200_02	48c220b63843f297e299b801333981125588fcca	Coro and Rapture Day Control\nwill handle the launch\nsequence, but once we're\nairborne, I'm leaving it to you.	machine	gemma-4-31B-it/qat-UD-Q4_K_XL/v2+story-v1/llama.cpp-b11443/t0	2026-10-07		
2103_200_04	3c8b0129066dda4e001f130e66878e7247daa662	Yes! This ship only truly flies\nwhen the Captain is in that\nseat! Oh, I'm just so, so happy!	machine	gemma-4-31B-it/qat-UD-Q4_K_XL/v2+story-v1/llama.cpp-b11443/t0	2026-10-07		
2103_200_05	27c01be995d262d5fa0f60e610fc463de56195ba	Coro! Keep your eyes on the\nroad! Get a grip!	machine	gemma-4-31B-it/qat-UD-Q4_K_XL/v2+story-v1/llama.cpp-b11443/t0	2026-10-07		
2103_200_06	b64fc22445d2c474c230ed1be40f6523894a67d3	Right! Of course!	machine	gemma-4-31B-it/qat-UD-Q4_K_XL/v2+story-v1/llama.cpp-b11443/t0	2026-10-07		
2103_200_07	fe81172838757febd0eadd6b9c89411112827ca6	I won't let my guard down for a\nsingle second from here on\nout!	machine	gemma-4-31B-it/qat-UD-Q4_K_XL/v2+story-v1/llama.cpp-b11443/t0	2026-10-07		
2103_200_08	057bc94fffd15464d985588a6375637f09fe1fb8	Upon launch, Ex Giva will fire a\nspace-time regression crest\ntoward the waters off Rubarika\nand Baschen.	machine	gemma-4-31B-it/qat-UD-Q4_K_XL/v2+story-v1/llama.cpp-b11443/t0	2026-10-07		
2103_200_09	61a96431014e8496c0976a7a87b281ca1068bee8	The moment Asyl surfaces,\nwe'll destroy it with the main\ncannon.	machine	gemma-4-31B-it/qat-UD-Q4_K_XL/v2+story-v1/llama.cpp-b11443/t0	2026-10-07		
2103_200_11	32719c564bb4f6dfe862ca4af48d2e580625090e	Control gave the go-ahead!\nCoro and GFSS-3214F, launch\nsequence systems are all\ngreen!	machine	gemma-4-31B-it/qat-UD-Q4_K_XL/v2+story-v1/llama.cpp-b11443/t0	2026-10-07		
2103_200_12	bdff0cca02485247b749012736eeb8f1e25da57f	Hey, everyone make sure your\nharnesses are tight! It's gonna\nbe a bumpy ride!	machine	gemma-4-31B-it/qat-UD-Q4_K_XL/v2+story-v1/llama.cpp-b11443/t0	2026-10-07		
2103_200_13	2447fea497c375201dd4c168c31b8434c2d76801	The reborn GFSS-3214F is\nlaunching!	machine	gemma-4-31B-it/qat-UD-Q4_K_XL/v2+story-v1/llama.cpp-b11443/t0	2026-10-07		
2103_200_14	19dc294d2dbb8c50fdb17d3694ed2901629d37e5	We've matched the planned\nflight path!	machine	gemma-4-31B-it/qat-UD-Q4_K_XL/v2+story-v1/llama.cpp-b11443/t0	2026-10-07		
2103_200_15	1dcd81eddbcb6c3c63b1ec7dab023ca6dc89f682	Ms. Mastima!	machine	gemma-4-31B-it/qat-UD-Q4_K_XL/v2+story-v1/llama.cpp-b11443/t0	2026-10-07		
2103_200_16	cdb1e64ca6ced823e24e48bebbbb9d83976b1518	Alright, Coro! Signal Ex Giva to\nactivate the space-time\nregression Gem! Lure Asyl out!	machine	gemma-4-31B-it/qat-UD-Q4_K_XL/v2+story-v1/llama.cpp-b11443/t0	2026-10-07		
2103_200_17	42191614dad7aae384da4a82b05ba107c8e3ba27	Roger that!!	machine	gemma-4-31B-it/qat-UD-Q4_K_XL/v2+story-v1/llama.cpp-b11443/t0	2026-10-07		
2103_210_01	9dca138feaef135935d30a68a2fa4b30f7bcae9a	Hm.	machine	gemma-4-31B-it/qat-UD-Q4_K_XL/v2+story-v1/llama.cpp-b11443/t0	2026-10-07		
2103_210_03	c6e8b2475880b19a5a7c881f97b05a19aed94038	...Heh heh... I see. It seems they\nintend to make Asyl float once\nagain.	machine	gemma-4-31B-it/qat-UD-Q4_K_XL/v2+story-v1/llama.cpp-b11443/t0	2026-10-07		
2103_210_04	5ea419801a190145f6859ec0677e4fa4cbf19f35	Captain... everyone...	machine	gemma-4-31B-it/qat-UD-Q4_K_XL/v2+story-v1/llama.cpp-b11443/t0	2026-10-07		
2103_210_05	679a09abc8388943466b5efbc3a86bc282d90c75	Give them a warm welcome.	machine	gemma-4-31B-it/qat-UD-Q4_K_XL/v2+story-v1/llama.cpp-b11443/t0	2026-10-07		
2103_210_06	cf1204c09d49d33aa5a34503a4ce38577c398f4b	W-what is that...!	machine	gemma-4-31B-it/qat-UD-Q4_K_XL/v2+story-v1/llama.cpp-b11443/t0	2026-10-07		
2103_210_07	0228e510dd9fb4f4da87859d77ff57342678aca1	Heh heh heh. These are the\nsame Crest Creatures I sent\ninto Ex Giva. I don't expect\nthem to bring the enemy down\non their own, but they should\nserve as a decent threat.	machine	gemma-4-31B-it/qat-UD-Q4_K_XL/v2+story-v1/llama.cpp-b11443/t0	2026-10-07		
2103_210_08	b6fb4cc5750234c58f7c0bc1e46db873ac1d69ac	You keep saying things just to\nmake me mad, but you actually\nwant me to cooperate with\nyou, don't you!	machine	gemma-4-31B-it/qat-UD-Q4_K_XL/v2+story-v1/llama.cpp-b11443/t0	2026-10-07		
2103_210_09	5515e8052fdfdf3264334fb63c92ddd07e84d08a	Of course.	machine	gemma-4-31B-it/qat-UD-Q4_K_XL/v2+story-v1/llama.cpp-b11443/t0	2026-10-07		
2103_210_10	34114ea77f154d18e96ff330509648d9f66b3945	I told you, didn't I? Regardless\nof your will, that power will\nbecome mine.	machine	gemma-4-31B-it/qat-UD-Q4_K_XL/v2+story-v1/llama.cpp-b11443/t0	2026-10-07		
2103_210_11	9d98cc50847159880e5ff93b786ce3d5e2723921	Ugh...	machine	gemma-4-31B-it/qat-UD-Q4_K_XL/v2+story-v1/llama.cpp-b11443/t0	2026-10-07		
2103_210_12	2360aca5ef22c780c26b67162ff6669e4dc77e1d	Now then... I wonder what kind\nof struggle they'll put up... I\nsimply cannot wait.	machine	gemma-4-31B-it/qat-UD-Q4_K_XL/v2+story-v1/llama.cpp-b11443/t0	2026-10-07		
2103_220_01	e6e0917a2363cd88011758631a47ad2be543dfc4	The Moonshadow Ladder and\nthe ascent of Asyl were\nobserved almost\nsimultaneously!	machine	gemma-4-31B-it/qat-UD-Q4_K_XL/v2+story-v1/llama.cpp-b11443/t0	2026-10-07		
2103_220_02	a6419528a48973c6f4e0534a72f5cdc763acd2c5	I'm rushing toward the\npredicted ascent point of Asyl!	machine	gemma-4-31B-it/qat-UD-Q4_K_XL/v2+story-v1/llama.cpp-b11443/t0	2026-10-07		
2103_220_03	704dcc170b65679eb7f86565f754dff795ab583f	Obstacles ahead! Numerous\ngiant Gem reactions have\nappeared!	machine	gemma-4-31B-it/qat-UD-Q4_K_XL/v2+story-v1/llama.cpp-b11443/t0	2026-10-07		
2103_220_04	66b78b9597bcb27ebeb300504649a6fa8cbce395	Put it on the screen!	machine	gemma-4-31B-it/qat-UD-Q4_K_XL/v2+story-v1/llama.cpp-b11443/t0	2026-10-07		
2103_220_05	fc1a5605c6319482a24dddab6b49e7648d57b54a	Don't these things look exactly\nlike the ones that attacked\nCosmo City!?	machine	gemma-4-31B-it/qat-UD-Q4_K_XL/v2+story-v1/llama.cpp-b11443/t0	2026-10-07		
2103_220_06	130dd129bce6493f056b494bf7a76a43de4e30fc	There's no way this is a\ncoincidence!	machine	gemma-4-31B-it/qat-UD-Q4_K_XL/v2+story-v1/llama.cpp-b11443/t0	2026-10-07		
2103_220_07	254918412cf260df0334c5aee696ef942d353c43	Coro! Can you handle this!?	machine	gemma-4-31B-it/qat-UD-Q4_K_XL/v2+story-v1/llama.cpp-b11443/t0	2026-10-07		
2103_220_08	415268b481a5e72de92ea3944bc4479f7ac70619	Leave it to me! I...	machine	gemma-4-31B-it/qat-UD-Q4_K_XL/v2+story-v1/llama.cpp-b11443/t0	2026-10-07		
2103_220_09	5ddb5d927e794bf057e4e2eea038b6c9c908b107	There is no way that Coro,\nwhom I have modified using the\ncombined technology of Ex\nGiva, could lose!	machine	gemma-4-31B-it/qat-UD-Q4_K_XL/v2+story-v1/llama.cpp-b11443/t0	2026-10-07		
2103_220_10	0ae78757c49a8dbda0bf359b7c5699edc72bfb8a	Go, Coro! Scatter them!	machine	gemma-4-31B-it/qat-UD-Q4_K_XL/v2+story-v1/llama.cpp-b11443/t0	2026-10-07		
2103_220_11	3d15e2b834ef9c661495d18eb062c0883ffc05c9	...Yes, ma'am.	machine	gemma-4-31B-it/qat-UD-Q4_K_XL/v2+story-v1/llama.cpp-b11443/t0	2026-10-07		
2103_220_13	0461b4be0c0d1c8c35083cd5e3c6874494c59c30	Captain! Pull yourself together!	machine	gemma-4-31B-it/qat-UD-Q4_K_XL/v2+story-v1/llama.cpp-b11443/t0	2026-10-07		
2103_220_15	0651e9113eb3b29041ed77675c6821279a2f54cb	Right away! Brace yourselves,\nit's going to be a bumpy ride!\nEveryone, please assume shock\npositions!	machine	gemma-4-31B-it/qat-UD-Q4_K_XL/v2+story-v1/llama.cpp-b11443/t0	2026-10-07		
2103_220_16	e76d7c8b4f838ad36b1580bb2bd06a2f1c132f87	Whoaaaaa!?	machine	gemma-4-31B-it/qat-UD-Q4_K_XL/v2+story-v1/llama.cpp-b11443/t0	2026-10-07		
2103_220_17	24fa0ad64472764e15c89fb1d32503f00a8d3ce5	There are more of them than I\nexpected! Ricardo! Henri! Could\nyou handle some of the fire\ncontrol?	machine	gemma-4-31B-it/qat-UD-Q4_K_XL/v2+story-v1/llama.cpp-b11443/t0	2026-10-07		
2103_220_18	043a0d2abeda52ec075cfdf68411339189cae6f7	Understood! Leave the\nstarboard side to me!	machine	gemma-4-31B-it/qat-UD-Q4_K_XL/v2+story-v1/llama.cpp-b11443/t0	2026-10-07		
2103_220_19	fe97de2c6580d663cb40a0f91f92c5d57151a0eb	I'm a pro too! I've got the port\nside covered!	machine	gemma-4-31B-it/qat-UD-Q4_K_XL/v2+story-v1/llama.cpp-b11443/t0	2026-10-07		
2103_220_20	b007a4993318b21de0b9c18aca6dcabb47977fac	Take this!	machine	gemma-4-31B-it/qat-UD-Q4_K_XL/v2+story-v1/llama.cpp-b11443/t0	2026-10-07		
2103_220_21	fcddb3e8738e9baab958591ea75bd1c2af5f3ceb	I-incredible...! Those shells of\nlight... just how powerful is a\nsingle hit!?	machine	gemma-4-31B-it/qat-UD-Q4_K_XL/v2+story-v1/llama.cpp-b11443/t0	2026-10-07		
2103_220_22	e5c3e10901672a3c31e051e6bd469c66304df535	Hey, Welch!?	machine	gemma-4-31B-it/qat-UD-Q4_K_XL/v2+story-v1/llama.cpp-b11443/t0	2026-10-07		
2103_220_23	6db079d392401db846bc16bc66be3a5e4e11a3e9	Aaaaaah!! I want to do it\ntooooo!! I want to try firing\nthemmmm!!	machine	gemma-4-31B-it/qat-UD-Q4_K_XL/v2+story-v1/llama.cpp-b11443/t0	2026-10-07		
2103_220_24	47ddce1e88457291294d45288b84d6d9968120c4	Hey, idiot, stay seated! You\ncan't be walking around while\nwe're shaking like―	machine	gemma-4-31B-it/qat-UD-Q4_K_XL/v2+story-v1/llama.cpp-b11443/t0	2026-10-07		
2103_220_25	947e727e8f7b434fe75a3e370dc4ec76b73a14db	Whoa!?	machine	gemma-4-31B-it/qat-UD-Q4_K_XL/v2+story-v1/llama.cpp-b11443/t0	2026-10-07		
2103_220_26	33d32ff5f2fb33905b33379ec3934a2e04e0deb1	Look! They're firing strange\nlights back at us! It's an enemy\nattack!	machine	gemma-4-31B-it/qat-UD-Q4_K_XL/v2+story-v1/llama.cpp-b11443/t0	2026-10-07		
2103_220_27	5040a5868d728de80c8ee2b6e65b94071b949061	It's nothing! Deploying shields!\nWe're pushing through!	machine	gemma-4-31B-it/qat-UD-Q4_K_XL/v2+story-v1/llama.cpp-b11443/t0	2026-10-07		
2103_220_29	c0b9785af13781f5b10a4811cee37e990ebac09b	Incredible! Even after taking a\nfull barrage, shield efficiency is\nholding at 93%!	machine	gemma-4-31B-it/qat-UD-Q4_K_XL/v2+story-v1/llama.cpp-b11443/t0	2026-10-07		
2103_220_30	cdd6faf99d0329d22059ba7c851bcc01d7a6c635	Leave it to me! Just a little\nmore and we'll...	machine	gemma-4-31B-it/qat-UD-Q4_K_XL/v2+story-v1/llama.cpp-b11443/t0	2026-10-07		
2103_220_31	ebcc518c6afcf21f140d63ecd00331686b1482ef	Huh!?	machine	gemma-4-31B-it/qat-UD-Q4_K_XL/v2+story-v1/llama.cpp-b11443/t0	2026-10-07		
2103_220_32	dcf857345509fde751d5e4cec371e4944131daba	Internal sensors detecting an\nanomaly! An unregistered\nlifeform has appeared on the\nstarboard aft!	machine	gemma-4-31B-it/qat-UD-Q4_K_XL/v2+story-v1/llama.cpp-b11443/t0	2026-10-07		
2103_220_33	97f7d499bd2f8d5e2685f05aee59083d1f3fdc12	They're playing with us...! I bet\nthat thing has appeared inside\nthe ship!	machine	gemma-4-31B-it/qat-UD-Q4_K_XL/v2+story-v1/llama.cpp-b11443/t0	2026-10-07		
2103_220_34	633fcafdb48198f5640d888191af2cbff9757e39	Tika's hypothesis is correct! I\nhave confirmed the\nappearance of a Crest\nCreature of the same type as\nthe ones that attacked Cosmo\nCity in the starboard\nresidential sector!	machine	gemma-4-31B-it/qat-UD-Q4_K_XL/v2+story-v1/llama.cpp-b11443/t0	2026-10-07		
2103_220_35	1dcf88a6d055cfcb030d405ed7c18559325abbd3	Rekoro! I'm going to go check it\nout! Keep the medical system\non standby, just in case!	machine	gemma-4-31B-it/qat-UD-Q4_K_XL/v2+story-v1/llama.cpp-b11443/t0	2026-10-07		
2103_220_36	9e278498949a0b0ce436faf3bfc8398b44321cbe	Understood!	machine	gemma-4-31B-it/qat-UD-Q4_K_XL/v2+story-v1/llama.cpp-b11443/t0	2026-10-07		
2103_220_37	72a8fe5ca6fc7aa4d49b3ccea5bfd421d80f38eb	Captain! I request that you\nallocate more resources to the\nship's inertial cancelers!\nClose-quarters combat is\nimpossible with this much\nshaking!	machine	gemma-4-31B-it/qat-UD-Q4_K_XL/v2+story-v1/llama.cpp-b11443/t0	2026-10-07		
2103_220_39	b8cb36ee9fb9905b8d212b391808d6ffcfab95fe	Roger that. Hey, Coro! Divert\nresources to the inertial\ncancelers! Henri and I will take\non a bit more of the fire\ncontrol load!	machine	gemma-4-31B-it/qat-UD-Q4_K_XL/v2+story-v1/llama.cpp-b11443/t0	2026-10-07		
2103_220_40	d624b86b39c910317e19589fe13d321d33acee1e	Based on the remaining Crest\nreactions in the surrounding\nspace, we don't have much\ntime to spend on\nclose-quarters combat.	machine	gemma-4-31B-it/qat-UD-Q4_K_XL/v2+story-v1/llama.cpp-b11443/t0	2026-10-07		
2103_220_41	0bbdfacf49df850e6ffbfc885c445fff506e5158	Miss Tika won't be able to\neliminate them all in time on\nher own! Captain!	machine	gemma-4-31B-it/qat-UD-Q4_K_XL/v2+story-v1/llama.cpp-b11443/t0	2026-10-07		
2103_220_43	80fdee6e603a33c3666a4c60cf4bd23208ed54cb	Of course! Let's go too!	machine	gemma-4-31B-it/qat-UD-Q4_K_XL/v2+story-v1/llama.cpp-b11443/t0	2026-10-07		
2103_220_44	536431103cbcf8f92ca110b8142f6ff793225db0	Finally, my turn! There's no way\nwe're letting Tika go alone!	machine	gemma-4-31B-it/qat-UD-Q4_K_XL/v2+story-v1/llama.cpp-b11443/t0	2026-10-07		
2103_220_45	dd98f0e0441e9995424f6189cdc6a7eef7d7ea3e	Just don't expect me to be\ngentle! Is this ship sturdy\nenough for us to go all out!?	machine	gemma-4-31B-it/qat-UD-Q4_K_XL/v2+story-v1/llama.cpp-b11443/t0	2026-10-07		
2103_220_46	79d96b4503ab4418e4ec9ac34f211491f0706176	I'd like to say yes... but it would\nmake repairs much easier if\nyou could lure them into the\nBattle Simulator!	machine	gemma-4-31B-it/qat-UD-Q4_K_XL/v2+story-v1/llama.cpp-b11443/t0	2026-10-07		
2103_220_47	67b228f0f07d5863122505fa0e43a74915f61f0d	So we have to fight while\nguiding them and minimizing\ndamage.	machine	gemma-4-31B-it/qat-UD-Q4_K_XL/v2+story-v1/llama.cpp-b11443/t0	2026-10-07		
2103_220_48	13501fe3cd3a65b0cc1c2b57ab235c519cea8ab3	This looks like it's going to be\nquite a challenge!	machine	gemma-4-31B-it/qat-UD-Q4_K_XL/v2+story-v1/llama.cpp-b11443/t0	2026-10-07		
2103_220_49	d12c4af02e8f2d7ff2cbba75ba816536f690290e	It'll be okay! The simulator is\nright next to the sector where\nthey appeared!	machine	gemma-4-31B-it/qat-UD-Q4_K_XL/v2+story-v1/llama.cpp-b11443/t0	2026-10-07		
2103_220_50	407a4647ebf6dd22bb9b829b40d758d4a4d1b4fd	Let's go, everyone!	machine	gemma-4-31B-it/qat-UD-Q4_K_XL/v2+story-v1/llama.cpp-b11443/t0	2026-10-07		
2103_220_51	c9934ac19359db2b99aa34652e83f9ef8f1e86ac	Tika! Be careful out there!	machine	gemma-4-31B-it/qat-UD-Q4_K_XL/v2+story-v1/llama.cpp-b11443/t0	2026-10-07		
2103_230_01	d3058aad0dcef457c9fd8f83f19d4282218db175	Captain! Coro! Mastima!	machine	gemma-4-31B-it/qat-UD-Q4_K_XL/v2+story-v1/llama.cpp-b11443/t0	2026-10-07		
2103_230_03	8e9c94a4f05d732d5657e3774704853d76a4ac95	I've confirmed a massive Gem\nreaction over the waters of\nDaftine! Asyl has surfaced\nonce again!	machine	gemma-4-31B-it/qat-UD-Q4_K_XL/v2+story-v1/llama.cpp-b11443/t0	2026-10-07		
2103_230_04	686269fd4121a1277ebda623c89f4d84a7f13ff3	Hehehe, Coro, you're ready,\naren't you!	machine	gemma-4-31B-it/qat-UD-Q4_K_XL/v2+story-v1/llama.cpp-b11443/t0	2026-10-07		
2103_230_05	0b40350194a85eafc73dd8266dc8c34fd99bcb4e	B-but, while the main cannons\nare firing, the ship's inertia\ncancel function is halved! It'll\nbe dangerous for Tika and the\nothers!	machine	gemma-4-31B-it/qat-UD-Q4_K_XL/v2+story-v1/llama.cpp-b11443/t0	2026-10-07		
2103_230_06	67bcc19f41c40cc2b55d221c6d5e6e8251d226a6	...Did you hear that, Tika! Hurry\nup and dispose of the\nnuisances on board and get\nback here!	machine	gemma-4-31B-it/qat-UD-Q4_K_XL/v2+story-v1/llama.cpp-b11443/t0	2026-10-07		
2103_230_07	396ec7802cefd3cb26a63197a2105a44ea0e776d	Good grief, she really just says\nwhatever she wants.	machine	gemma-4-31B-it/qat-UD-Q4_K_XL/v2+story-v1/llama.cpp-b11443/t0	2026-10-07		
2103_230_08	a849754dee1f09523f1b8f719dc8dd2ae0cf45b5	It's okay! We've fought them\nbefore, and with Big Brother\nEuwin and the others, we'll be\ndone in no time!	machine	gemma-4-31B-it/qat-UD-Q4_K_XL/v2+story-v1/llama.cpp-b11443/t0	2026-10-07		
2103_230_09	f2aac5d171f870ce5c39e0aa26ec2a91e99ddf8e	Come on, let's get this over\nwith quickly!	machine	gemma-4-31B-it/qat-UD-Q4_K_XL/v2+story-v1/llama.cpp-b11443/t0	2026-10-07		
2103_230_10	105a400d72dc42b174d480402aa399eeddddf7be	If this were Rekoro from a little\nwhile ago, they'd probably have\nfainted just hearing that!	machine	gemma-4-31B-it/qat-UD-Q4_K_XL/v2+story-v1/llama.cpp-b11443/t0	2026-10-07		
2103_230_11	1850178b201db85f2c801f633e8b1d253b5349cc	...I can hear them. Just beyond\nthis door! It seems our guests\nare dissatisfied with the ride\non this ship.	machine	gemma-4-31B-it/qat-UD-Q4_K_XL/v2+story-v1/llama.cpp-b11443/t0	2026-10-07		
2103_230_12	4de7c09ed15f3a99fa0233c27d05bea6287d6f2c	Stowaways acting all high and\nmighty! I'm gonna shove you\ninto some kind of\nshimmy-thingy and turn you\ninto a pouch!	machine	gemma-4-31B-it/qat-UD-Q4_K_XL/v2+story-v1/llama.cpp-b11443/t0	2026-10-07		
2103_230_13	5b0da3b3f44850d06d72c386d995401cb713a470	True. It wouldn't be an\nexaggeration to say that\nwhether we can end the Holy\nWar depends on this battle.	machine	gemma-4-31B-it/qat-UD-Q4_K_XL/v2+story-v1/llama.cpp-b11443/t0	2026-10-07		
2103_230_14	2d45c147c739134c52e1871cc1abff65222eee93	We can't afford to be held up\nhere if we want Coro to\ndestroy Asyl as soon as\npossible!	machine	gemma-4-31B-it/qat-UD-Q4_K_XL/v2+story-v1/llama.cpp-b11443/t0	2026-10-07		
2103_230_15	48a8aa5c1097eddd8f400c16edd4881da587a346	Once the door opens, I'll push\nstraight through! The simulator\nis just past the main gate!	machine	gemma-4-31B-it/qat-UD-Q4_K_XL/v2+story-v1/llama.cpp-b11443/t0	2026-10-07		
2103_230_16	6b8044da9bf386b9a54fe1e194501448ba0da5c7	Let's go, you punks!	machine	gemma-4-31B-it/qat-UD-Q4_K_XL/v2+story-v1/llama.cpp-b11443/t0	2026-10-07		
2103_240_01	ed3d45e8167747842aa91abd9c499e1d2218f891	Tika and the others did it! The\ncrest reactions inside the ship\nhave vanished!	machine	gemma-4-31B-it/qat-UD-Q4_K_XL/v2+story-v1/llama.cpp-b11443/t0	2026-10-07		
2103_240_02	4fe8a9c7fd7b01b79e4f92247d961aa572d22623	Tika and the others have\nsecured themselves with the\nharnesses inside the Battle\nSimulator!	machine	gemma-4-31B-it/qat-UD-Q4_K_XL/v2+story-v1/llama.cpp-b11443/t0	2026-10-07		
2103_240_03	1da39bfd116f8405ba3bfd4c1b9de06f3c748292	Mastima, Captain!	machine	gemma-4-31B-it/qat-UD-Q4_K_XL/v2+story-v1/llama.cpp-b11443/t0	2026-10-07		
2103_240_04	ee8cc64af8dd8830056df8edf39f5d29e946979a	Target acquired! The Holy Land\nAsyl! Those bastards are just\nfloating there carelessly!\nLock-on complete!	machine	gemma-4-31B-it/qat-UD-Q4_K_XL/v2+story-v1/llama.cpp-b11443/t0	2026-10-07		
2103_240_05	92720b314a7c241608ce214ae993fbaf3e2df8df	No obstacles ahead! Visibility is\nclear!	machine	gemma-4-31B-it/qat-UD-Q4_K_XL/v2+story-v1/llama.cpp-b11443/t0	2026-10-07		
2103_240_06	0e8d5b23a95f2157dd7edd9ec3e3934c6dc83c19	Now!	machine	gemma-4-31B-it/qat-UD-Q4_K_XL/v2+story-v1/llama.cpp-b11443/t0	2026-10-07		
2103_240_08	dc0a28abce58fd50afe142209efe70d2a92a8f66	Fire!!	machine	gemma-4-31B-it/qat-UD-Q4_K_XL/v2+story-v1/llama.cpp-b11443/t0	2026-10-07		
2103_240_09	2bfd0eca1fe531fb984ee537f5c54af31a6579cc	Here we goooo!!	machine	gemma-4-31B-it/qat-UD-Q4_K_XL/v2+story-v1/llama.cpp-b11443/t0	2026-10-07		
2103_240_10	23f64ae36c880e5798845d86f98d1af29725f387	W-what a shock. I think I'd be\nblown across the room if I\nweren't strapped in by this\n"harness" thing.	machine	gemma-4-31B-it/qat-UD-Q4_K_XL/v2+story-v1/llama.cpp-b11443/t0	2026-10-07		
2103_240_11	241f6cb2f6bd2071c58c3ad0f7991261ba073064	I wonder if Asyl was destroyed\nby that. I kind of wanted to see\nit.	machine	gemma-4-31B-it/qat-UD-Q4_K_XL/v2+story-v1/llama.cpp-b11443/t0	2026-10-07		
2103_240_12	0f645e67e1f8999f41eaa4b13bd1c94df59445a8	With this, one of the causes of\nthe Holy War is gone.	machine	gemma-4-31B-it/qat-UD-Q4_K_XL/v2+story-v1/llama.cpp-b11443/t0	2026-10-07		
2103_240_13	faf86ff30068b1d2a0249b31e28036d3bc3f845b	Now we just have to defeat\nGivel, and then we can work\ntoward ending the war...	machine	gemma-4-31B-it/qat-UD-Q4_K_XL/v2+story-v1/llama.cpp-b11443/t0	2026-10-07		
2103_240_14	4a554593c25a38d1804714947b21c0d25dfef3ad	Tika?	machine	gemma-4-31B-it/qat-UD-Q4_K_XL/v2+story-v1/llama.cpp-b11443/t0	2026-10-07		
2103_240_16	8abd1298ff7110ce596dd3c6c4a037e580f3274d	What's wrong? Are you feeling\nsick?	machine	gemma-4-31B-it/qat-UD-Q4_K_XL/v2+story-v1/llama.cpp-b11443/t0	2026-10-07		
2103_240_17	aabf19a1ebbd2735c2bf06f7f7a954b62201b274	N-no... I think it probably\nworked.	machine	gemma-4-31B-it/qat-UD-Q4_K_XL/v2+story-v1/llama.cpp-b11443/t0	2026-10-07		
2103_240_18	6b9bfd40955b936db419942bc0af5223dda29ecc	But, just now...	machine	gemma-4-31B-it/qat-UD-Q4_K_XL/v2+story-v1/llama.cpp-b11443/t0	2026-10-07		
2103_240_19	114285ae1dc3fe5ad5476a2416e32647b85f03da	Sister Karlyn, don't you feel it?	machine	gemma-4-31B-it/qat-UD-Q4_K_XL/v2+story-v1/llama.cpp-b11443/t0	2026-10-07		
2103_240_20	5590ff8011105dbc9611adfe36ab2f63edc164d3	What?	machine	gemma-4-31B-it/qat-UD-Q4_K_XL/v2+story-v1/llama.cpp-b11443/t0	2026-10-07		
2103_240_21	3bf8e11822601482da331c582b12bdb374ddd711	Something... something is...	machine	gemma-4-31B-it/qat-UD-Q4_K_XL/v2+story-v1/llama.cpp-b11443/t0	2026-10-07		
2103_240_22	39d0a760bafb7c212cdafae1dfcc209a03dc822a	What is it?! You scared me! Did\nsomething happen?!	machine	gemma-4-31B-it/qat-UD-Q4_K_XL/v2+story-v1/llama.cpp-b11443/t0	2026-10-07		
2103_240_23	4e169cbf8c5054f8e10bb339ce2631f4bcb32018	"W-what is this reaction?!"	machine	gemma-4-31B-it/qat-UD-Q4_K_XL/v2+story-v1/llama.cpp-b11443/t0	2026-10-07		
2103_240_24	d98b847b34c144121c7ae29e4a1fcd452b0e56ee	What now... what's happening\nthis time?!	machine	gemma-4-31B-it/qat-UD-Q4_K_XL/v2+story-v1/llama.cpp-b11443/t0	2026-10-07		
2103_250_01	37db55c7d2681b454b4b4c8f805f0a6ef22f616c	Haha... we did it! Asyl is\ncompletely wiped out!	machine	gemma-4-31B-it/qat-UD-Q4_K_XL/v2+story-v1/llama.cpp-b11443/t0	2026-10-07		
2103_250_02	4bafd461d64d3632ce0edb953b446e3a3ad60ee5	The ones in our path are\nvanishing one after another as\nwell!	machine	gemma-4-31B-it/qat-UD-Q4_K_XL/v2+story-v1/llama.cpp-b11443/t0	2026-10-07		
2103_250_04	4239949b82fae29a2e1c1f7990de25be7225b51b	Yes! I've confirmed the\ndisappearance of Asyl and all\ncrest reactions within! The\ndestruction of Asyl was a\nsuccess!	machine	gemma-4-31B-it/qat-UD-Q4_K_XL/v2+story-v1/llama.cpp-b11443/t0	2026-10-07		
2103_250_05	51272dd3e8fb770a2a170ac757cafb48581523bc	...With that, the first phase of\nthe operation is complete.	machine	gemma-4-31B-it/qat-UD-Q4_K_XL/v2+story-v1/llama.cpp-b11443/t0	2026-10-07		
2103_250_06	6971b10cde71a425f3836468e841fa3ec81e74bf	Now, all that's left is Givel...	machine	gemma-4-31B-it/qat-UD-Q4_K_XL/v2+story-v1/llama.cpp-b11443/t0	2026-10-07		
2103_250_07	9cfec1388c25f3d0480d709ca60a1bc988c97e16	W-what is this reaction!?	machine	gemma-4-31B-it/qat-UD-Q4_K_XL/v2+story-v1/llama.cpp-b11443/t0	2026-10-07		
2103_250_08	9598ef78d9d6a6f6d26f4dbf363d91a7f3c73720	Countless crest reactions are\nappearing on the surface of\nDaftine...!	machine	gemma-4-31B-it/qat-UD-Q4_K_XL/v2+story-v1/llama.cpp-b11443/t0	2026-10-07		
2103_250_09	84866864965f88e518eb95f2fbe4ce0a6b4baef3	Wait, what... what is with these\nnumbers!?	machine	gemma-4-31B-it/qat-UD-Q4_K_XL/v2+story-v1/llama.cpp-b11443/t0	2026-10-07		
2103_250_10	7ca770185398907694caf50de94cf2b91b209503	Hey, Mastima! What the hell is\ngoing on!	machine	gemma-4-31B-it/qat-UD-Q4_K_XL/v2+story-v1/llama.cpp-b11443/t0	2026-10-07		
2103_250_11	434b49bec0a0396384fcaff239bfdee8abdbd7cb	I'm thinking. Give me a moment.	machine	gemma-4-31B-it/qat-UD-Q4_K_XL/v2+story-v1/llama.cpp-b11443/t0	2026-10-07		
2103_250_12	d7b70832ec979c5a14ef302a6080052a1e4dcfbf	Don't "give me a moment"!	machine	gemma-4-31B-it/qat-UD-Q4_K_XL/v2+story-v1/llama.cpp-b11443/t0	2026-10-07		
2103_250_13	119b19971bbd59afa087f9644b7160bc0165507a	Rubarika... Baschen... no,\nabnormal crest reactions are\nappearing across the entire\ncontinent of Schenberyl!	machine	gemma-4-31B-it/qat-UD-Q4_K_XL/v2+story-v1/llama.cpp-b11443/t0	2026-10-07		
2103_250_14	61583c29cf43eac22252da7ce8fe4cf784be2004	This number... no matter how\nyou look at it, this number is...!	machine	gemma-4-31B-it/qat-UD-Q4_K_XL/v2+story-v1/llama.cpp-b11443/t0	2026-10-07		
2103_250_15	00972fa27750658021606c9e1311f3e584695e33	Eek!	machine	gemma-4-31B-it/qat-UD-Q4_K_XL/v2+story-v1/llama.cpp-b11443/t0	2026-10-07		
2103_250_16	f1e745972255bb7986e95d64bf89aa0628c194e0	What's wrong, Coro! What\nhappened!	machine	gemma-4-31B-it/qat-UD-Q4_K_XL/v2+story-v1/llama.cpp-b11443/t0	2026-10-07		
2103_250_17	5cdda9ea059b83928af8dcd7f769129ba858b6e6	I've... I've captured images of\nthe Baschen Imperial Capital...	machine	gemma-4-31B-it/qat-UD-Q4_K_XL/v2+story-v1/llama.cpp-b11443/t0	2026-10-07		
2103_250_18	65581a7255e12859401e4c6d60943323a622a15a	I've captured them, but this...\nthis is just too much...!	machine	gemma-4-31B-it/qat-UD-Q4_K_XL/v2+story-v1/llama.cpp-b11443/t0	2026-10-07		
2103_250_20	fc7bf5a556beb90066879f41c529a5f972d3b67f	I-I understand. I'll put it on the\nscreen...	machine	gemma-4-31B-it/qat-UD-Q4_K_XL/v2+story-v1/llama.cpp-b11443/t0	2026-10-07		
2103_250_21	af813653189996b264e3ae3d3ce81e9ea3dd8b54	I'll put it up, but if possible,\nVerda, please don't look...	machine	gemma-4-31B-it/qat-UD-Q4_K_XL/v2+story-v1/llama.cpp-b11443/t0	2026-10-07		
2103_250_22	1287a8f91342c9c8063a8d027ed3383d797388e4	It's a truly gruesome sight...	machine	gemma-4-31B-it/qat-UD-Q4_K_XL/v2+story-v1/llama.cpp-b11443/t0	2026-10-07		
2103_250_23	672792c31e3865afddb27662eaefce3e3d10e9c5	What!!	machine	gemma-4-31B-it/qat-UD-Q4_K_XL/v2+story-v1/llama.cpp-b11443/t0	2026-10-07		
2103_250_24	96b82bdbdf62757d2944f69fde45d960cdc51f51	Th-this is...!	machine	gemma-4-31B-it/qat-UD-Q4_K_XL/v2+story-v1/llama.cpp-b11443/t0	2026-10-07		
2103_250_25	ace83bc73a57abc345799597ad0a02ef9cb569d9	Ugh... how horrible...	machine	gemma-4-31B-it/qat-UD-Q4_K_XL/v2+story-v1/llama.cpp-b11443/t0	2026-10-07		
2103_250_26	f8f32104d6245c3b4bc2a729c61e4c72479f15ec	What... what in the world is\nthis...!!	machine	gemma-4-31B-it/qat-UD-Q4_K_XL/v2+story-v1/llama.cpp-b11443/t0	2026-10-07		
2103_250_27	f89e6d109b8ed5d8aab05894123de825ba92d36d	...That Givel...!	machine	gemma-4-31B-it/qat-UD-Q4_K_XL/v2+story-v1/llama.cpp-b11443/t0	2026-10-07		
2103_250_28	79c95bb2443e92471f675cd2ea6bb45280023c83	...A vast number of people\nacross the entire continent are\nturning into Thornite!	machine	gemma-4-31B-it/qat-UD-Q4_K_XL/v2+story-v1/llama.cpp-b11443/t0	2026-10-07		
2103_250_29	10787d05534bb9b9e195688593c8987cd9730270	Based on the observation data,\nthe Thornite transformation\noccurred almost simultaneously\nwith Asyl's disappearance...	machine	gemma-4-31B-it/qat-UD-Q4_K_XL/v2+story-v1/llama.cpp-b11443/t0	2026-10-07		
2103_250_30	f48d4b90eb06e4d78cfa34c0204d3e2f0dbaf16e	Could this be the Giverese's\ntrue objective...?	machine	gemma-4-31B-it/qat-UD-Q4_K_XL/v2+story-v1/llama.cpp-b11443/t0	2026-10-07		
2103_250_31	3bc6d6c7b53a239619625da7fbfc31dcee4a81f0	Some of the humans who have\nturned into Thornite are\nshowing signs of extreme\naggression!	machine	gemma-4-31B-it/qat-UD-Q4_K_XL/v2+story-v1/llama.cpp-b11443/t0	2026-10-07		
2103_250_32	1f42b4d85d2541e27dc0f5f1030ba7c16149d929	Some of them are attacking\nthe people around them who\nhaven't turned into Thornite!	machine	gemma-4-31B-it/qat-UD-Q4_K_XL/v2+story-v1+fix/llama.cpp-b11443/t0	2026-10-07		
2103_250_33	4da8180d9cacae27d2aeb7b82de4b48261ffe659	What the hell is he trying to\ndo?! If he needs a mass of\npeople with glowing stakes in\nthem, the Beast Witch could've\njust mass-produced them!	machine	gemma-4-31B-it/qat-UD-Q4_K_XL/v2+story-v1/llama.cpp-b11443/t0	2026-10-07		
2103_250_34	21d1cd6e1e23115ba177db23b78e206e39354717	And... something's strange.\nAren't most of the\nThornite-transformed people...\nlooking at the sky?	machine	gemma-4-31B-it/qat-UD-Q4_K_XL/v2+story-v1/llama.cpp-b11443/t0	2026-10-07		
2103_250_35	91bca760d9c5710d9ec4331aa463aa864ac999ad	The sky? They're looking at\nthe sky?	machine	gemma-4-31B-it/qat-UD-Q4_K_XL/v2+story-v1/llama.cpp-b11443/t0	2026-10-07		
2103_250_36	e22e669fd037735cac54550e86ef32f64a7256c5	This is just like...!	machine	gemma-4-31B-it/qat-UD-Q4_K_XL/v2+story-v1/llama.cpp-b11443/t0	2026-10-07		
2103_250_37	8c143bc4e796047c7f4c74899a769a25c33f14c1	Your intuition is likely correct.	machine	gemma-4-31B-it/qat-UD-Q4_K_XL/v2+story-v1/llama.cpp-b11443/t0	2026-10-07		
2103_250_38	c10c00a11264a57fb31def18e54e59f104dc9c5b	They... they are looking at us!	machine	gemma-4-31B-it/qat-UD-Q4_K_XL/v2+story-v1/llama.cpp-b11443/t0	2026-10-07		
2103_250_39	052b3f21ccc2d49f26df4676fc5b594db0a7bc7d	...It doesn't matter! Captain!\nCoro! Charge! We cannot\nsimply leave things as they are!	machine	gemma-4-31B-it/qat-UD-Q4_K_XL/v2+story-v1/llama.cpp-b11443/t0	2026-10-07		
2103_250_40	d4758d3efd35cdb46484949f334cd33f296b9d80	Head directly for the skies\nabove Baschen!	machine	gemma-4-31B-it/qat-UD-Q4_K_XL/v2+story-v1/llama.cpp-b11443/t0	2026-10-07		
2103_250_42	134dfcd69a6a78643cc5c0c986049c59e6513daf	Understood. There's no more\ntime for hesitation!	machine	gemma-4-31B-it/qat-UD-Q4_K_XL/v2+story-v1/llama.cpp-b11443/t0	2026-10-07		
2103_250_43	40e06458a2212a500a94e7d057b20df8fc0ed9b2	Tika, everyone, get ready!\nWe're heading into\nclose-quarters combat under\nfar more eerie circumstances\nthan we first anticipated!	machine	gemma-4-31B-it/qat-UD-Q4_K_XL/v2+story-v1/llama.cpp-b11443/t0	2026-10-07		
2103_250_44	c7dd6bef776febbbc3d5b58066ebbb9f8654397f	Here we go!	machine	gemma-4-31B-it/qat-UD-Q4_K_XL/v2+story-v1/llama.cpp-b11443/t0	2026-10-07		
2104_260_01	553350d5a9445da531d9b6733350adb8db0d3d93	This is... What on earth did you\ndo...?	machine	gemma-4-31B-it/qat-UD-Q4_K_XL/v2+story-v1/llama.cpp-b11443/t0	2026-10-07		
2104_260_02	4fd9b83951edca6f71dd2b1d2737d4c6538b8d9f	I haven't done a thing.	machine	gemma-4-31B-it/qat-UD-Q4_K_XL/v2+story-v1/llama.cpp-b11443/t0	2026-10-07		
2104_260_03	3815bf239be265f699b7e7b7526f3aaafee519d5	This is... let's see.	machine	gemma-4-31B-it/qat-UD-Q4_K_XL/v2+story-v1/llama.cpp-b11443/t0	2026-10-07		
2104_260_04	bb79450338a42686fab489d74634ff058d996419	To borrow the words of these\ncreatures, it is the "laws of\nnature."	machine	gemma-4-31B-it/qat-UD-Q4_K_XL/v2+story-v1/llama.cpp-b11443/t0	2026-10-07		
2104_260_05	94b1050ce5acfa1c6ecf33837c92a07138ddd138	Nature...? What are you talking\nabout...?	machine	gemma-4-31B-it/qat-UD-Q4_K_XL/v2+story-v1/llama.cpp-b11443/t0	2026-10-07		
2104_260_06	bcdb74bc3fc148f19825ed3e14ed07ca42b7596d	Just a moment ago, the holy\nland of Asyl was destroyed. I\nassume your comrades did\nsomething under Mastima's\nguidance.	machine	gemma-4-31B-it/qat-UD-Q4_K_XL/v2+story-v1/llama.cpp-b11443/t0	2026-10-07		
2104_260_07	1a476f9f6f439d4a542ab597f75f685d940aa525	And at that exact moment,\nthese things appeared.	machine	gemma-4-31B-it/qat-UD-Q4_K_XL/v2+story-v1/llama.cpp-b11443/t0	2026-10-07		
2104_260_08	3f2f1aedfafefca2362e051391038a831aa3d27e	In other words, you could say\nthis whole situation is the fault\nof your comrades who tried to\nsave you, Evelysse.	machine	gemma-4-31B-it/qat-UD-Q4_K_XL/v2+story-v1/llama.cpp-b11443/t0	2026-10-07		
2104_260_09	0f7ab58ab9c83aad000e1e3b86bacff3d9998494	You... you absolute...\nAAAAAHH!!	machine	gemma-4-31B-it/qat-UD-Q4_K_XL/v2+story-v1/llama.cpp-b11443/t0	2026-10-07		
2104_260_10	77316014cf2979963063fc3d444c586467c587c1	Glaring at me like that won't\nchange anything.	machine	gemma-4-31B-it/qat-UD-Q4_K_XL/v2+story-v1/llama.cpp-b11443/t0	2026-10-07		
2104_260_11	158f0189807ffe11487dc2291523f91d43007e34	If Asyl were destroyed without\nchanging Daftine's current\nsituation, this would have\nhappened regardless of who\nwas responsible.	machine	gemma-4-31B-it/qat-UD-Q4_K_XL/v2+story-v1/llama.cpp-b11443/t0	2026-10-07		
2104_260_12	5cdb4f38f2a9cee7299a0f81c734050986a6b721	It just so happens that this\ntime, your comrades were the\nones who pulled the trigger.	machine	gemma-4-31B-it/qat-UD-Q4_K_XL/v2+story-v1/llama.cpp-b11443/t0	2026-10-07		
2104_260_13	6a13dd90665700b6b079b7191fc99ca921ea57c0	I will say it once more: this is\nthe "law of nature."	machine	gemma-4-31B-it/qat-UD-Q4_K_XL/v2+story-v1/llama.cpp-b11443/t0	2026-10-07		
2104_260_14	de8acd64ef71e8477ef17b8285e1c2c4dd7e1d38	Stop it! Just stop it! Humans\nturning into Thornite... that's\njust...!	machine	gemma-4-31B-it/qat-UD-Q4_K_XL/v2+story-v1/llama.cpp-b11443/t0	2026-10-07		
2104_260_15	74272ed093e62e36748c67df53ca5448ba219bf6	Those things you call Thornite...	machine	gemma-4-31B-it/qat-UD-Q4_K_XL/v2+story-v1/llama.cpp-b11443/t0	2026-10-07		
2104_260_16	cc241db9c24b4ea679a9014641e5bae3ecb41e29	Have you ever wondered what\nthat light piercing their bodies\nactually is?	machine	gemma-4-31B-it/qat-UD-Q4_K_XL/v2+story-v1/llama.cpp-b11443/t0	2026-10-07		
2104_260_17	3dc060f067155a8d6274828555821ba1be587226	...What?	machine	gemma-4-31B-it/qat-UD-Q4_K_XL/v2+story-v1/llama.cpp-b11443/t0	2026-10-07		
2104_260_18	c49ae6d5504b7cecf21035d85878c7dafef5a7a1	<font color=blue>Givel</font>: Despite piercing the\nflesh, there is no physical\ndamage, nor any effect on\ngenes or Gem power, as one\nwould imagine from its optical\nappearance.	machine	gemma-4-31B-it/qat-UD-Q4_K_XL/v2+story-v1/llama.cpp-b11443/t0	2026-10-07		
2104_260_19	78d1217d5f657988b58fd3a809696e7e4d6dbf1f	The true nature of that light,\nwhich drastically enhances\nphysical abilities in exchange\nfor a bit of ferocity...	machine	gemma-4-31B-it/qat-UD-Q4_K_XL/v2+story-v1/llama.cpp-b11443/t0	2026-10-07		
2104_260_20	2fd1af323a800fbca461d3ee9344450cea70384b	Do you not wish to know?	machine	gemma-4-31B-it/qat-UD-Q4_K_XL/v2+story-v1/llama.cpp-b11443/t0	2026-10-07		
2104_260_21	e80a908875b8c134def800bc9215d0cbb5a023cb	<font color=blue>Eve</font>: ...W-why would you know\nsomething like that...!	machine	gemma-4-31B-it/qat-UD-Q4_K_XL/v2+story-v1/llama.cpp-b11443/t0	2026-10-07		
2104_260_22	5b725a9eac0118ebbf8c3cc1effea8b0fda4bafc	<font color=blue>Givel</font>: This, too, is a result of\nmy research.	machine	gemma-4-31B-it/qat-UD-Q4_K_XL/v2+story-v1/llama.cpp-b11443/t0	2026-10-07		
2104_260_23	8a2c4f98fe919b15dd07c4941b4c8ead608dda08	<font color=blue>Givel</font>: It is not as if I am the\none who set it in motion.	machine	gemma-4-31B-it/qat-UD-Q4_K_XL/v2+story-v1/llama.cpp-b11443/t0	2026-10-07		
2104_260_24	343f9914686fa9b1a80e37a19997a2d0e5adedc3	You see, those are "antennas"\nand "sewing needles."	machine	gemma-4-31B-it/qat-UD-Q4_K_XL/v2+story-v1/llama.cpp-b11443/t0	2026-10-07		
2104_260_25	36490ccc9efe9e5162e90108fb0de61303fc13b7	<font color=blue>Eve</font> Stop talking in riddles! Are\nyou trying to confuse me?	machine	gemma-4-31B-it/qat-UD-Q4_K_XL/v2+story-v1/llama.cpp-b11443/t0	2026-10-07		
2104_260_26	0e54e867dbf5e73d0f33055eb45adb364105cd45	<font color=blue>Givel</font> Just watch, and you'll\nsee.	machine	gemma-4-31B-it/qat-UD-Q4_K_XL/v2+story-v1/llama.cpp-b11443/t0	2026-10-07		
2104_260_27	839a02dd4873007f7cff371a5018a0a5a6232c71	Look.	machine	gemma-4-31B-it/qat-UD-Q4_K_XL/v2+story-v1/llama.cpp-b11443/t0	2026-10-07		
2104_260_28	26606702f6f70e1f84d537d9b10ef98dea2b2d42	<font color=blue>Eve</font> What!? What's happening!?\nThe people who turned into\nThornite... they're floating into\nthe sky!	machine	gemma-4-31B-it/qat-UD-Q4_K_XL/v2+story-v1/llama.cpp-b11443/t0	2026-10-07		
2104_260_29	58beafce04180fac50a89710601490d451bebb16	<font color=blue>Givel</font> With Asyl gone, the\ninfluence of the new crest\nMastima planted has been left\nunchecked...	machine	gemma-4-31B-it/qat-UD-Q4_K_XL/v2+story-v1/llama.cpp-b11443/t0	2026-10-07		
2104_260_30	0acacd94392d680b3e074e8da3008af5b9657540	They are going to fill that void.	machine	gemma-4-31B-it/qat-UD-Q4_K_XL/v2+story-v1/llama.cpp-b11443/t0	2026-10-07		
2104_260_31	1072c205a0dcd1263c4d5ca8986bcb83a424bca4	<font color=blue>Eve</font> Fill a void...?	machine	gemma-4-31B-it/qat-UD-Q4_K_XL/v2+story-v1/llama.cpp-b11443/t0	2026-10-07		
2104_260_32	710f647b10d9119bb9d5c610222152ad29cc39bd	What are you talking about?\nYou mean... into space!?	machine	gemma-4-31B-it/qat-UD-Q4_K_XL/v2+story-v1/llama.cpp-b11443/t0	2026-10-07		
2104_260_33	480c1d388ced8cc992cd953748c7945c56940ddf	<font color=blue>Givel</font> Did it never occur to you\nwhy the "Thornite" you speak\nof exists across the universe?	machine	gemma-4-31B-it/qat-UD-Q4_K_XL/v2+story-v1/llama.cpp-b11443/t0	2026-10-07		
2104_260_34	c2974e0854417f037600ae1d9401b6c8cc4353c9	Did it never occur to you why\nyou are being hunted?	machine	gemma-4-31B-it/qat-UD-Q4_K_XL/v2+story-v1/llama.cpp-b11443/t0	2026-10-07		
2104_260_35	44d16dc51a68611c4a7fe5dcf98b593498b1a4ff	Did it never occur to you why\nyou appear through the\nsummons of those beast\nwitches?	machine	gemma-4-31B-it/qat-UD-Q4_K_XL/v2+story-v1/llama.cpp-b11443/t0	2026-10-07		
2104_260_36	9b3c5d2647d70fcd11ce64f45cb3b6f0cd936f03	<font color=blue>Eve</font> ...!	machine	gemma-4-31B-it/qat-UD-Q4_K_XL/v2+story-v1/llama.cpp-b11443/t0	2026-10-07		
2104_260_37	f76180f8331d2274bc42ce1c7df5a2f837f4ef4e	<font color=blue>Givel</font> Detecting and repairing\nspace-time rifts.	machine	gemma-4-31B-it/qat-UD-Q4_K_XL/v2+story-v1/llama.cpp-b11443/t0	2026-10-07		
2104_260_38	2e04f927899ed768b82ae0a24dd0951b8c24b697	This is a perfectly clear\nexample.	machine	gemma-4-31B-it/qat-UD-Q4_K_XL/v2+story-v1/llama.cpp-b11443/t0	2026-10-07		
2104_260_39	a280e8291141dbb9bd632eb90910b56d0dc0659d	Thanks to the Moonshadow\nLadder, this planet is an\nenvironment where those\nthings appear with particular\nease.	machine	gemma-4-31B-it/qat-UD-Q4_K_XL/v2+story-v1/llama.cpp-b11443/t0	2026-10-07		
2104_260_40	e3a57d411da9dff34b811eca4b7e17e026659337	Especially now, since Asyl has\nlet go of Mastima's Gems...	machine	gemma-4-31B-it/qat-UD-Q4_K_XL/v2+story-v1/llama.cpp-b11443/t0	2026-10-07		
2104_260_41	2900c1a03b77ded83c0c216c68a97d348a358f4f	They shall become Daftine's\nstars in the sky, serving as a\nprecious sacrifice to stabilize\nthe space-time of this world.	machine	gemma-4-31B-it/qat-UD-Q4_K_XL/v2+story-v1/llama.cpp-b11443/t0	2026-10-07		
2104_260_42	8ab3594316dad49e7e0a2e873d64b4d162f773cd	You...! How can you be so\nindifferent!	machine	gemma-4-31B-it/qat-UD-Q4_K_XL/v2+story-v1/llama.cpp-b11443/t0	2026-10-07		
2104_260_43	8f4bb5e9cfe7ec141a18b5884d6481f78b586b5f	What are you saying? My heart\naches as well.	machine	gemma-4-31B-it/qat-UD-Q4_K_XL/v2+story-v1/llama.cpp-b11443/t0	2026-10-07		
2104_260_44	d992993f15fab6713a6daa1ce9ca8bf1a2d54ecf	That is why I can teach you\nthe method to stop this\nphenomenon of people\nvanishing into the sky...	machine	gemma-4-31B-it/qat-UD-Q4_K_XL/v2+story-v1/llama.cpp-b11443/t0	2026-10-07		
2104_260_45	4e48b2f03bb677f37335c79698793585f05edb66	...What?	machine	gemma-4-31B-it/qat-UD-Q4_K_XL/v2+story-v1/llama.cpp-b11443/t0	2026-10-07		
2104_260_46	2353d10ec2b8b6d18b97b8ea2a768eadd23907f9	Your summoning sigil arts. With\nthose, it can be stopped.	machine	gemma-4-31B-it/qat-UD-Q4_K_XL/v2+story-v1/llama.cpp-b11443/t0	2026-10-07		
2104_260_47	fa9d908ca0a439298cbaef16d7a899a58b048f94	Just as my black disc\nvanished, you must overlap the\ndiscs you create upon them.	machine	gemma-4-31B-it/qat-UD-Q4_K_XL/v2+story-v1/llama.cpp-b11443/t0	2026-10-07		
2104_260_48	6daf71f8651a4aa6c057cd0a8bd2db32fda8deae	By doing so, you can prevent\ntheir sacrifice.	machine	gemma-4-31B-it/qat-UD-Q4_K_XL/v2+story-v1/llama.cpp-b11443/t0	2026-10-07		
2104_260_50	36e40b513352ee976159d51bd6d2d7a880d9c042	I... I won't fall for your lies...!	machine	gemma-4-31B-it/qat-UD-Q4_K_XL/v2+story-v1/llama.cpp-b11443/t0	2026-10-07		
2104_260_51	2dc62de67fac1426680a7acc085ccf220066ea99	Feel free to doubt me.	machine	gemma-4-31B-it/qat-UD-Q4_K_XL/v2+story-v1/llama.cpp-b11443/t0	2026-10-07		
2104_260_52	40f7a0aa0555d96e5e396fe5fe4907850b5c1393	I couldn't care less how many\npeople on this planet die as\nvictims of Mastima's handiwork.	machine	gemma-4-31B-it/qat-UD-Q4_K_XL/v2+story-v1/llama.cpp-b11443/t0	2026-10-07		
2104_260_53	536fa8ef12e0d60cfd9c552e7739e24cfdf13a39	Besides, I have no means of\nstopping this phenomenon\nmyself.	machine	gemma-4-31B-it/qat-UD-Q4_K_XL/v2+story-v1/llama.cpp-b11443/t0	2026-10-07		
2104_260_54	2f9da90515008ce13f8806cf36d56f9907e58828	The choice, Evelysse, is entirely\nin your hands.	machine	gemma-4-31B-it/qat-UD-Q4_K_XL/v2+story-v1/llama.cpp-b11443/t0	2026-10-07		
2104_260_55	ed314767cf9f068ef69ae58fa0478436bd776684	Urgh!	machine	gemma-4-31B-it/qat-UD-Q4_K_XL/v2+story-v1/llama.cpp-b11443/t0	2026-10-07		
2104_260_56	2b6eec2943da10bc1a10cee0b2a6aad20ad826bd	You are free now. Do as you\nplease.	machine	gemma-4-31B-it/qat-UD-Q4_K_XL/v2+story-v1/llama.cpp-b11443/t0	2026-10-07		
2104_260_57	1bca613271bbfb143295688d486960b06405c3f6	You don't like me, do you? Why\nnot fight me right here and\nnow? I'm more than happy to\noblige.	machine	gemma-4-31B-it/qat-UD-Q4_K_XL/v2+story-v1/llama.cpp-b11443/t0	2026-10-07		
2104_260_58	2d4e53f6f9f8b667936dca54cc21591ab845961d	You... you... you!!	machine	gemma-4-31B-it/qat-UD-Q4_K_XL/v2+story-v1/llama.cpp-b11443/t0	2026-10-07		
2104_260_59	3a6e29cfd79a193f19f530b0433e397573c6ae59	I shall wait for your decision\nindefinitely!	machine	gemma-4-31B-it/qat-UD-Q4_K_XL/v2+story-v1/llama.cpp-b11443/t0	2026-10-07		
2104_260_60	ab30eff08e6f7d4c2975e5cfd20d929ca16aa042	Take your time, think it over,\nand reach a conclusion...\nHehehe...!	machine	gemma-4-31B-it/qat-UD-Q4_K_XL/v2+story-v1/llama.cpp-b11443/t0	2026-10-07		
2104_260_61	fad101d519be5b3acb9194573cd4fb49bc2b10f9	You... you're not human!	machine	gemma-4-31B-it/qat-UD-Q4_K_XL/v2+story-v1/llama.cpp-b11443/t0	2026-10-07		
2104_260_62	9592d04f999830af04af6ba5c9871b95599aa5c4	...I am human.	machine	gemma-4-31B-it/qat-UD-Q4_K_XL/v2+story-v1/llama.cpp-b11443/t0	2026-10-07		
2104_260_63	b8256a7cdd4d25a633d41f420740befe9010afef	!	machine	gemma-4-31B-it/qat-UD-Q4_K_XL/v2+story-v1/llama.cpp-b11443/t0	2026-10-07		
2104_260_64	c9b6042d936f002302b29c58c4aa1a9774d0fffa	In this world, I am more human\nthan anyone.	machine	gemma-4-31B-it/qat-UD-Q4_K_XL/v2+story-v1/llama.cpp-b11443/t0	2026-10-07		
2104_260_65	34bda46b2a3686c6ea6f692e206b4e5c777043a1	Sparing no effort for my own\ndesires, fighting to reclaim the\none I love...	machine	gemma-4-31B-it/qat-UD-Q4_K_XL/v2+story-v1/llama.cpp-b11443/t0	2026-10-07		
2104_260_66	81fdd19a6326c37c569b0e57f8ebd638c63818d2	I am a perfectly ordinary\nhuman.	machine	gemma-4-31B-it/qat-UD-Q4_K_XL/v2+story-v1/llama.cpp-b11443/t0	2026-10-07		
2104_260_67	bd1faa64b8cf1b6a88c64284b114a6510272037c	...It seems you and I live in\ncompletely different worlds.	machine	gemma-4-31B-it/qat-UD-Q4_K_XL/v2+story-v1/llama.cpp-b11443/t0	2026-10-07		
2104_260_68	7b7aa4dd8f2109e085d7b5eb5e44ddf660d279d1	Fine.	machine	gemma-4-31B-it/qat-UD-Q4_K_XL/v2+story-v1/llama.cpp-b11443/t0	2026-10-07		
2104_260_69	33a0a07182493e7958ce2fd4f9bf6c4c9b8f9676	...Oh?	machine	gemma-4-31B-it/qat-UD-Q4_K_XL/v2+story-v1/llama.cpp-b11443/t0	2026-10-07		
2104_260_70	cd149f771bb1bdbc20e53f6dd8c07567dec4fcc5	It galls me to let your prophecy\ncome true, but fine.	machine	gemma-4-31B-it/qat-UD-Q4_K_XL/v2+story-v1/llama.cpp-b11443/t0	2026-10-07		
2104_260_71	6b3fdc0d3fcc55b6e63301dc62ad4cd761e7c8d5	I'll give it a try...	machine	gemma-4-31B-it/qat-UD-Q4_K_XL/v2+story-v1/llama.cpp-b11443/t0	2026-10-07		
2104_260_72	13c33ddc9550b30ee3f4ca0e87666d135aae3c8e	Have you changed your mind?	machine	gemma-4-31B-it/qat-UD-Q4_K_XL/v2+story-v1/llama.cpp-b11443/t0	2026-10-07		
2104_260_73	0eb2fce8c7ad77787d1806ac341bb624b28cf761	...Because I believe in my\nfriends.	machine	gemma-4-31B-it/qat-UD-Q4_K_XL/v2+story-v1/llama.cpp-b11443/t0	2026-10-07		
2104_260_74	c92e1464f008440f88f03f9a5c5fbdbdd2aa6430	No matter what happens from\nhere on... my friends will never\nabandon this planet.	machine	gemma-4-31B-it/qat-UD-Q4_K_XL/v2+story-v1/llama.cpp-b11443/t0	2026-10-07		
2104_260_75	d8baac86c20c3547a4122010c00069aee3e41c4d	They'll find a way to make up\nfor the things I've done.	machine	gemma-4-31B-it/qat-UD-Q4_K_XL/v2+story-v1/llama.cpp-b11443/t0	2026-10-07		
2104_260_76	5673fa618f14802ccd7ae752f9dff3eec683c38b	And of course, no matter how\ndesperate things get,	machine	gemma-4-31B-it/qat-UD-Q4_K_XL/v2+story-v1/llama.cpp-b11443/t0	2026-10-07		
2104_260_77	7bd18a204444811a35e2a4e8987c19ec1f5182af	I will never buckle!	machine	gemma-4-31B-it/qat-UD-Q4_K_XL/v2+story-v1/llama.cpp-b11443/t0	2026-10-07		
2104_260_78	9d529f0c0d3b63f81b1c45d89c3155e1acfe072b	Just watch me, Giverese!	machine	gemma-4-31B-it/qat-UD-Q4_K_XL/v2+story-v1/llama.cpp-b11443/t0	2026-10-07		
2104_260_79	6ef1f4ec2ced746e6f8ec5ea5d597bf8cdee33fd	I'll use it, just as you wanted!\nSummoning Sigil Arts!	machine	gemma-4-31B-it/qat-UD-Q4_K_XL/v2+story-v1/llama.cpp-b11443/t0	2026-10-07		
2104_260_80	81831fc54054a1b1344947961489e490a411b98e	Sparkling stars! Become...	machine	gemma-4-31B-it/qat-UD-Q4_K_XL/v2+story-v1/llama.cpp-b11443/t0	2026-10-07		
2104_260_81	b630ca9ffdb528eb693a0ef69d8e4a74a13628cf	The light that guides the\npeople of Daftine!!!!	machine	gemma-4-31B-it/qat-UD-Q4_K_XL/v2+story-v1/llama.cpp-b11443/t0	2026-10-07		
2104_270_01	f29dc14f76bc244658908237dd7c676026f1780d	The people turned into\nThornite... they stopped...? Is\nthis really happening...?	machine	gemma-4-31B-it/qat-UD-Q4_K_XL/v2+story-v1/llama.cpp-b11443/t0	2026-10-07		
2104_270_02	28b87311533d39a50ad415587bfc95b8a78395df	W-what is this?!	machine	gemma-4-31B-it/qat-UD-Q4_K_XL/v2+story-v1/llama.cpp-b11443/t0	2026-10-07		
2104_270_03	c4407e74eb40581e04c852f4ed3ce22e0604badd	...It is done.	machine	gemma-4-31B-it/qat-UD-Q4_K_XL/v2+story-v1/llama.cpp-b11443/t0	2026-10-07		
2104_270_04	b513778b9d1babe858c6abae10035002c37a166f	It is done... It is finally done!\nMuhahaha!	machine	gemma-4-31B-it/qat-UD-Q4_K_XL/v2+story-v1/llama.cpp-b11443/t0	2026-10-07		
2104_270_05	b0e57871906e4919e48cf93dfbfa3cb353a2266d	Wh... What's happening?	machine	gemma-4-31B-it/qat-UD-Q4_K_XL/v2+story-v1/llama.cpp-b11443/t0	2026-10-07		
2104_270_06	622741218cab1d194aa8d219e37ed2e42fdb04d4	Th-the space is tearing apart!?	machine	gemma-4-31B-it/qat-UD-Q4_K_XL/v2+story-v1/llama.cpp-b11443/t0	2026-10-07		
2104_270_07	46196e30f6a1ca42469278adeca55bc914f5c35f	It is done! It is finally done!	machine	gemma-4-31B-it/qat-UD-Q4_K_XL/v2+story-v1/llama.cpp-b11443/t0	2026-10-07		
2104_270_08	10b46a252ae5b87febe4c2d634ace1468ced0f39	Exorciser! Create a world... a\npure world!	machine	gemma-4-31B-it/qat-UD-Q4_K_XL/v2+story-v1/llama.cpp-b11443/t0	2026-10-07		
2104_270_09	f525414f37674691b81c9ae7ac90ce8c934ea245	Wh... What... a starry sky?	machine	gemma-4-31B-it/qat-UD-Q4_K_XL/v2+story-v1/llama.cpp-b11443/t0	2026-10-07		
2104_270_10	6ca69ffe6568660765b73da823d72c854186f05a	No... that's...	machine	gemma-4-31B-it/qat-UD-Q4_K_XL/v2+story-v1/llama.cpp-b11443/t0	2026-10-07		
2104_270_11	d2b9d3a0c2521708f4ad888b8f66c8617ecb6165	Is that... Daftine!?	machine	gemma-4-31B-it/qat-UD-Q4_K_XL/v2+story-v1/llama.cpp-b11443/t0	2026-10-07		
2104_270_12	d5d534fec062aa1f38e6ddbf46b823c5560c9195	Is this rift in space connected\nto the cosmos?!	machine	gemma-4-31B-it/qat-UD-Q4_K_XL/v2+story-v1/llama.cpp-b11443/t0	2026-10-07		
2104_270_13	6fb7d7b90f53c8b5c2d2d71dd4fe6b70a46f2cda	You think this is just some\nordinary space!	machine	gemma-4-31B-it/qat-UD-Q4_K_XL/v2+story-v1/llama.cpp-b11443/t0	2026-10-07		
2104_270_14	aa06ddd41900181c7fceabb59a13c39a43b2f1ba	This is a "New World"!	machine	gemma-4-31B-it/qat-UD-Q4_K_XL/v2+story-v1/llama.cpp-b11443/t0	2026-10-07		
2104_270_15	00b12cde8546dbb267ff7523d04213f6ff7b9ee2	That Daftine is another Daftine\nfrom a parallel world!	machine	gemma-4-31B-it/qat-UD-Q4_K_XL/v2+story-v1/llama.cpp-b11443/t0	2026-10-07		
2104_270_16	8455cdd68fdc461a9566fb9803ec92478ed909f1	Another... one...?	machine	gemma-4-31B-it/qat-UD-Q4_K_XL/v2+story-v1/llama.cpp-b11443/t0	2026-10-07		
2104_270_17	2202da00feea7fe251b9786fbace7d87b37dd27a	Do you have any idea how\nmuch faster it is to "duplicate"\nan original from scratch than\nto "correct" it!	machine	gemma-4-31B-it/qat-UD-Q4_K_XL/v2+story-v1/llama.cpp-b11443/t0	2026-10-07		
2104_270_18	f79c88b415dddf003367148e21e63688c16e0f52	My... our "Exorciser" was the\nanswer all along!	machine	gemma-4-31B-it/qat-UD-Q4_K_XL/v2+story-v1/llama.cpp-b11443/t0	2026-10-07		
2104_270_19	0ac361bcffdf36e0c4f1c78941d4dd598fb8d4de	Now... it is time to go home,\nEvelysse...	machine	gemma-4-31B-it/qat-UD-Q4_K_XL/v2+story-v1/llama.cpp-b11443/t0	2026-10-07		
2104_270_20	53d53365b99808e741d630a855cc0757005e16b1	I have no more use for a world\nlike this...	machine	gemma-4-31B-it/qat-UD-Q4_K_XL/v2+story-v1/llama.cpp-b11443/t0	2026-10-07		
2104_270_21	9e002c6876015f68033f5dd53ab86e95166d9156	L-let me go!	machine	gemma-4-31B-it/qat-UD-Q4_K_XL/v2+story-v1/llama.cpp-b11443/t0	2026-10-07		
2104_270_22	519c77439cd7a2e9e95f99d927a374840c91894a	What do you mean, a "new\nworld"?! I'm not going to a\nplace like that...!	machine	gemma-4-31B-it/qat-UD-Q4_K_XL/v2+story-v1/llama.cpp-b11443/t0	2026-10-07		
2104_270_23	4230651b537fc527cad601394d24edc492d688bb	What are you talking about?\nWho said anything about going\nto a "new world"?	machine	gemma-4-31B-it/qat-UD-Q4_K_XL/v2+story-v1/llama.cpp-b11443/t0	2026-10-07		
2104_270_24	d2ae37dd1046e797965d07beea0fc1f8e5b2acf2	This is merely a demonstration\nof our power.	machine	gemma-4-31B-it/qat-UD-Q4_K_XL/v2+story-v1/llama.cpp-b11443/t0	2026-10-07		
2104_270_25	45f17a67465ab3d3a8902cd852c2f2607b81b867	My objective is the "interstice"\nbetween worlds.	machine	gemma-4-31B-it/qat-UD-Q4_K_XL/v2+story-v1/llama.cpp-b11443/t0	2026-10-07		
2104_270_26	19a4c5f8d16ce2d38ccc0a333bd78ce859316a38	The boundary between here\nand there.	machine	gemma-4-31B-it/qat-UD-Q4_K_XL/v2+story-v1/llama.cpp-b11443/t0	2026-10-07		
2104_270_27	0bce7a6ff1f5d4aad0e2d242d22c47419cb4be36	From there, we shall return to\nwhere we belong. Now, come...	machine	gemma-4-31B-it/qat-UD-Q4_K_XL/v2+story-v1/llama.cpp-b11443/t0	2026-10-07		
2104_270_28	adcefa698914bd619e1408d439af7fce70c73801	No!!	machine	gemma-4-31B-it/qat-UD-Q4_K_XL/v2+story-v1/llama.cpp-b11443/t0	2026-10-07		
2104_270_29	f762e1fce2be316bef2360dc4ad9966088cafab6	I... I still have things to do...!	machine	gemma-4-31B-it/qat-UD-Q4_K_XL/v2+story-v1/llama.cpp-b11443/t0	2026-10-07		
2104_270_30	4f4e449ac80953d1a8f209cc89c02d1210265197	There is nothing more for us to\ndo in this world.	machine	gemma-4-31B-it/qat-UD-Q4_K_XL/v2+story-v1/llama.cpp-b11443/t0	2026-10-07		
2104_270_31	95421a4c5e870dc5743d671ef3082a07e2a04846	Do not make this difficult for\nme...	machine	gemma-4-31B-it/qat-UD-Q4_K_XL/v2+story-v1/llama.cpp-b11443/t0	2026-10-07		
2104_270_32	ee122a8bfe76d501e15ef583bc10a1e7fc76ba8a	No, let me go! I can't... I can't\ngo back to a place like that...!	machine	gemma-4-31B-it/qat-UD-Q4_K_XL/v2+story-v1/llama.cpp-b11443/t0	2026-10-07		
2104_270_33	f28738b86d56bf0b10d0fb0c4c4f31e01c99ecfb	I don't want to go back there!!	machine	gemma-4-31B-it/qat-UD-Q4_K_XL/v2+story-v1/llama.cpp-b11443/t0	2026-10-07		
2104_270_34	7de1e8365931ac01742b3ebae5f803cab98c18ae	Eve!!	machine	gemma-4-31B-it/qat-UD-Q4_K_XL/v2+story-v1/llama.cpp-b11443/t0	2026-10-07		
2104_280_01	45f17a67465ab3d3a8902cd852c2f2607b81b867	My objective is the "Interstice"\nbetween worlds.	machine	gemma-4-31B-it/qat-UD-Q4_K_XL/v2+story-v1/llama.cpp-b11443/t0	2026-10-07		
2104_280_02	ee122a8bfe76d501e15ef583bc10a1e7fc76ba8a	N-no, let me go! I can't... I can't\ngo to a place like that...!	machine	gemma-4-31B-it/qat-UD-Q4_K_XL/v2+story-v1/llama.cpp-b11443/t0	2026-10-07		
2104_280_03	7de1e8365931ac01742b3ebae5f803cab98c18ae	Eve!!	machine	gemma-4-31B-it/qat-UD-Q4_K_XL/v2+story-v1/llama.cpp-b11443/t0	2026-10-07		
2104_280_05	48d72b03661e8e5ad6bde65cacaa407fd0b07046	Damn it, right at the very end...!	machine	gemma-4-31B-it/qat-UD-Q4_K_XL/v2+story-v1/llama.cpp-b11443/t0	2026-10-07		
2104_280_06	42d563d936acd2e42fd59b1c37572a619e7b1374	Come and chase me if you\nwish!	machine	gemma-4-31B-it/qat-UD-Q4_K_XL/v2+story-v1/llama.cpp-b11443/t0	2026-10-07		
2104_280_07	2a4e07b7c6d5c1530352a19314f2add834b38eda	But do not think for a second\nthat you will ever return to\nyour "original world" once you\nenter the Interstice!!	machine	gemma-4-31B-it/qat-UD-Q4_K_XL/v2+story-v1/llama.cpp-b11443/t0	2026-10-07		
2104_280_08	1cf883a366ca132686624562cda9a057aae93827	Come!	machine	gemma-4-31B-it/qat-UD-Q4_K_XL/v2+story-v1/llama.cpp-b11443/t0	2026-10-07		
2104_280_09	153afd2cd12a263fd24b40768254832179e0f2d3	No! Captain! Coro! Verda!!	machine	gemma-4-31B-it/qat-UD-Q4_K_XL/v2+story-v1/llama.cpp-b11443/t0	2026-10-07		
2104_280_10	f3e71d2ee8e17a12803b3be9bf5430f24c6689a5	Eve!	machine	gemma-4-31B-it/qat-UD-Q4_K_XL/v2+story-v1/llama.cpp-b11443/t0	2026-10-07		
2104_280_11	414fefbe8e530ed3b436cd40eaecc2c447fb9d87	I have optical confirmation of\nEve's position! Giverese is with\nher!	machine	gemma-4-31B-it/qat-UD-Q4_K_XL/v2+story-v1/llama.cpp-b11443/t0	2026-10-07		
2104_280_12	fb990f173e0b49788c62f0f05079d7ae172b5e28	Where on earth is Givel\nplanning to take Eve!?	machine	gemma-4-31B-it/qat-UD-Q4_K_XL/v2+story-v1/llama.cpp-b11443/t0	2026-10-07		
2104_280_13	d7a4093de09c400c7c8a9a4cf9f3e0c752d70e18	That glowing monster is tearing\nthrough space!	machine	gemma-4-31B-it/qat-UD-Q4_K_XL/v2+story-v1/llama.cpp-b11443/t0	2026-10-07		
2104_280_14	00091fb88f7f68886a63f2bb069a61446d8172db	Is Givel trying to pass through\nthat rift!?	machine	gemma-4-31B-it/qat-UD-Q4_K_XL/v2+story-v1/llama.cpp-b11443/t0	2026-10-07		
2104_280_15	7fa0b5ff8c883fdb35a5f1b535d1cd7525a85388	What the hell is going on? The\nspace is staying stable even\nthough it's been sliced open!	machine	gemma-4-31B-it/qat-UD-Q4_K_XL/v2+story-v1/llama.cpp-b11443/t0	2026-10-07		
2104_280_16	a01abd1799c1bc2ea6dc44cf3afe2f8bb3749279	Based on the optical feed, the\nplanet on the other side of\nthat rupture is Daftine!	machine	gemma-4-31B-it/qat-UD-Q4_K_XL/v2+story-v1/llama.cpp-b11443/t0	2026-10-07		
2104_280_17	8a99a0272c9a08119cc5bfa3d92ed9682e9cfdcd	Daftine!?	machine	gemma-4-31B-it/qat-UD-Q4_K_XL/v2+story-v1/llama.cpp-b11443/t0	2026-10-07		
2104_280_18	32901a026684e0da60867696994607a65e48c5d0	You mean that hole leads back\nup into... outer space!?	machine	gemma-4-31B-it/qat-UD-Q4_K_XL/v2+story-v1/llama.cpp-b11443/t0	2026-10-07		
2104_280_19	9efc7e1e9f69a6f5b7159f3cb8bd0568107583e4	No... it doesn't seem to be\nthat...	machine	gemma-4-31B-it/qat-UD-Q4_K_XL/v2+story-v1/llama.cpp-b11443/t0	2026-10-07		
2104_280_20	88a2fb3949756052a323c98b7e5cec6967d610bd	It looks like a parallel...	machine	gemma-4-31B-it/qat-UD-Q4_K_XL/v2+story-v1/llama.cpp-b11443/t0	2026-10-07		
2104_280_21	49329ca7a0c9eaeb1df9d23580bb3a5faf252732	No, a duplicate!	machine	gemma-4-31B-it/qat-UD-Q4_K_XL/v2+story-v1/llama.cpp-b11443/t0	2026-10-07		
2104_280_22	a6d76f078c782ef57ab5a0db59a54f0bb0907b9c	A duplicate!? You're saying the\nuniverse was duplicated!?	machine	gemma-4-31B-it/qat-UD-Q4_K_XL/v2+story-v1/llama.cpp-b11443/t0	2026-10-07		
2104_280_23	3b09f244235efa15408e6a1cd6f168792aaa3c40	Eve and the Giverese are\napproaching the rift! We have\nto follow them...!	machine	gemma-4-31B-it/qat-UD-Q4_K_XL/v2+story-v1/llama.cpp-b11443/t0	2026-10-07		
2104_280_24	11b9925b665498f6d7e4fd193a6eb2813bd6f11a	What!?	machine	gemma-4-31B-it/qat-UD-Q4_K_XL/v2+story-v1/llama.cpp-b11443/t0	2026-10-07		
2104_280_25	e60e698d90a65205d64cd3e50bbf1a5d1783ca20	Their signals... they've\nvanished!?	machine	gemma-4-31B-it/qat-UD-Q4_K_XL/v2+story-v1/llama.cpp-b11443/t0	2026-10-07		
2104_280_26	006b5c95201e2ced105219ef1a275d8fda1f3ddc	Gone...!? Didn't they go through\nthe rift!?	machine	gemma-4-31B-it/qat-UD-Q4_K_XL/v2+story-v1/llama.cpp-b11443/t0	2026-10-07		
2104_280_27	09d37af85d5b1863fe1b865ba22b33839e28f1ca	I see. So that's Givel's game.	machine	gemma-4-31B-it/qat-UD-Q4_K_XL/v2+story-v1/llama.cpp-b11443/t0	2026-10-07		
2104_280_28	29a9d4e955f7dcd8724fe7d0103f6ef9359b76b6	The monster anchoring the rift\nis coming our way! The rift is\nstarting to fluctuate!	machine	gemma-4-31B-it/qat-UD-Q4_K_XL/v2+story-v1/llama.cpp-b11443/t0	2026-10-07		
2104_280_29	ce6d64c2781b373515b262503561f7bcdc09573b	Is the rift closing!? At this rate,\nwe won't be able to follow\nthem!	machine	gemma-4-31B-it/qat-UD-Q4_K_XL/v2+story-v1/llama.cpp-b11443/t0	2026-10-07		
2104_280_31	e5d93aa1f88d38696ec37709de1357a0901a0de7	Don't panic.	machine	gemma-4-31B-it/qat-UD-Q4_K_XL/v2+story-v1/llama.cpp-b11443/t0	2026-10-07		
2104_280_32	9a59b6879da8218c131ec881ac11a58b41b23789	It was worth analyzing Asyl in\nhaste after seeing Tika's time\nreversal.	machine	gemma-4-31B-it/qat-UD-Q4_K_XL/v2+story-v1/llama.cpp-b11443/t0	2026-10-07		
2104_280_33	b5d9ec5c8d8872dc38de05bc7b3a2a31dc7240b4	The technology to anchor a rift\nconnecting adjacent worlds is\nsomething the people of this\nuniverse created long ago.	machine	gemma-4-31B-it/qat-UD-Q4_K_XL/v2+story-v1/llama.cpp-b11443/t0	2026-10-07		
2104_280_34	4b6d5b03423dfb45076661ca32436c11a41430a6	Coro!	machine	gemma-4-31B-it/qat-UD-Q4_K_XL/v2+story-v1/llama.cpp-b11443/t0	2026-10-07		
2104_280_35	05768451bfd9f4de17613a8f248cbb9af286e081	Anchoring the space-time\nboundary, understood!	machine	gemma-4-31B-it/qat-UD-Q4_K_XL/v2+story-v1/llama.cpp-b11443/t0	2026-10-07		
2104_280_36	7daa0ceed017f98e3a3130c6aeb06f5110ca4cfc	W-what the hell are you doing!?	machine	gemma-4-31B-it/qat-UD-Q4_K_XL/v2+story-v1/llama.cpp-b11443/t0	2026-10-07		
2104_280_37	ef0b8e16478b4482ac66003d59940f9b712bd3e8	I'll explain the details once we\nreach wherever Givel has gone.	machine	gemma-4-31B-it/qat-UD-Q4_K_XL/v2+story-v1/llama.cpp-b11443/t0	2026-10-07		
2104_280_38	83bab37dd90bfb3d2fd4010d8334c634738c3965	Tika's two time reversals, and\nthe black sphere in the depths\nof Asyl.	machine	gemma-4-31B-it/qat-UD-Q4_K_XL/v2+story-v1/llama.cpp-b11443/t0	2026-10-07		
2104_280_39	b0da56766988291499f8b0399f51d39cdc868501	While researching these two\nevents, I installed a function in\nCoro as a precaution.	machine	gemma-4-31B-it/qat-UD-Q4_K_XL/v2+story-v1/llama.cpp-b11443/t0	2026-10-07		
2104_280_40	ea9d298245af3639e6ee6d5a0c70303058951430	It is nothing grand; it simply\nfixes an open space-time rift\nso that we can pass through\nit...	machine	gemma-4-31B-it/qat-UD-Q4_K_XL/v2+story-v1/llama.cpp-b11443/t0	2026-10-07		
2104_280_41	4207008ad04632cc4eb78886c728f32b1d3956f6	Have you ever heard this\nname?	machine	gemma-4-31B-it/qat-UD-Q4_K_XL/v2+story-v1/llama.cpp-b11443/t0	2026-10-07		
2104_280_43	528b6c8a9e9b5ab88660e76a7fd4e417c14aa531	The one who first created this\nfunction apparently called the\nkey to its activation the <font color=yellow>Eye of\nTruth</font>.	machine	gemma-4-31B-it/qat-UD-Q4_K_XL/v2+story-v1/llama.cpp-b11443/t0	2026-10-07		
2104_280_44	8ed5971dcce9750926434fd407eef67728132a54	I wonder what kind of truth the\nperson who named it hoped to\nsee reflected in those eyes...?	machine	gemma-4-31B-it/qat-UD-Q4_K_XL/v2+story-v1/llama.cpp-b11443/t0	2026-10-07		
2104_280_45	e6a7e33585437620ae2b1b3c75cfd7604d0c595e	The rift is now fixed! The\nmonsters' attacks are having\nlittle effect on the ship!	machine	gemma-4-31B-it/qat-UD-Q4_K_XL/v2+story-v1/llama.cpp-b11443/t0	2026-10-07		
2104_280_46	fe5e19960fa76def8eec0a708845f454a8a1e638	Continue forward. His goal is\nnot the "neighbor," but the\n"interstice."	machine	gemma-4-31B-it/qat-UD-Q4_K_XL/v2+story-v1/llama.cpp-b11443/t0	2026-10-07		
2104_280_47	68cd33b4c04296b4bf6eff699b7f04e858aab81f	Captain!	machine	gemma-4-31B-it/qat-UD-Q4_K_XL/v2+story-v1/llama.cpp-b11443/t0	2026-10-07		
2104_280_49	184ff68c0a03f8b58c8864d65fd4a031aaca7743	At the edge of the rift... it\nlooks like the universes are\nmelting together.	machine	gemma-4-31B-it/qat-UD-Q4_K_XL/v2+story-v1/llama.cpp-b11443/t0	2026-10-07		
2104_280_50	8cd1e0a9a57f78ef3a4aabb8dada8b6398335fb3	That is not entirely incorrect.\nHowever, we are not heading\ntoward a parallel universe, but\nthe interstice between them.	machine	gemma-4-31B-it/qat-UD-Q4_K_XL/v2+story-v1/llama.cpp-b11443/t0	2026-10-07		
2104_280_51	2d64b0f5edceda49c28042ba230e7b606c8227b8	The interstice... Could that be\nwhat the "Guardian" of Asyl\nwas talking about...!	machine	gemma-4-31B-it/qat-UD-Q4_K_XL/v2+story-v1/llama.cpp-b11443/t0	2026-10-07		
2104_280_52	39a9fae5acf6b177a8fe3056624a85c040dffe9f	Exactly. Though not for your\nbenefit.	machine	gemma-4-31B-it/qat-UD-Q4_K_XL/v2+story-v1/llama.cpp-b11443/t0	2026-10-07		
2104_280_53	bc69aa552a313721ba00bcce56516d8069a8bbac	The Guardian of Asyl was\ntrying to exclude... that man,\nGivel.	machine	gemma-4-31B-it/qat-UD-Q4_K_XL/v2+story-v1/llama.cpp-b11443/t0	2026-10-07		
2104_280_54	fff4105a33779be52655836dc1c9080672204018	The light...!	machine	gemma-4-31B-it/qat-UD-Q4_K_XL/v2+story-v1/llama.cpp-b11443/t0	2026-10-07		
2104_280_55	9ff28813189b65e852ab730159f63c66e0382e67	...We are transcending space!	machine	gemma-4-31B-it/qat-UD-Q4_K_XL/v2+story-v1/llama.cpp-b11443/t0	2026-10-07		
2105_300_01	857e553b67c66d05e076749ae864e3613436fa20	Is this the gap between\nworlds? It seems far too...	machine	gemma-4-31B-it/qat-UD-Q4_K_XL/v2+story-v1/llama.cpp-b11443/t0	2026-10-07		
2105_300_02	0755a390a9fd75c7d339b9d39cebeaa23ec91bbf	It looks a lot like the Baschen\nImperial Castle.	machine	gemma-4-31B-it/qat-UD-Q4_K_XL/v2+story-v1/llama.cpp-b11443/t0	2026-10-07		
2105_300_03	4fb9d1caff030837c5048048d2b6787d12a889da	You think so? I feel like it looks\nlike the royal castle of\nRubarika, too...	machine	gemma-4-31B-it/qat-UD-Q4_K_XL/v2+story-v1/llama.cpp-b11443/t0	2026-10-07		
2105_300_04	a080a71c4fb66b73e4690cc69de98a1e28fe89ee	...It also reminds me of the\nCorridor of Time... that my\nfather showed me long ago...	machine	gemma-4-31B-it/qat-UD-Q4_K_XL/v2+story-v1/llama.cpp-b11443/t0	2026-10-07		
2105_300_05	845df8c564bb3244ed9983e1320961c6fcad0467	Everything here is something\nI've never seen, yet it feels like\nI've seen it all before... It's\ncreepy.	machine	gemma-4-31B-it/qat-UD-Q4_K_XL/v2+story-v1/llama.cpp-b11443/t0	2026-10-07		
2105_300_06	80f382c71cdc74585bd62132b37edf1577502017	What is this place?	machine	gemma-4-31B-it/qat-UD-Q4_K_XL/v2+story-v1/llama.cpp-b11443/t0	2026-10-07		
2105_300_07	64258eb02915a9ca06b8ec8271bd4783c19a7806	It projects the consciousness\nof those who traverse the gap\nto change its form.	machine	gemma-4-31B-it/qat-UD-Q4_K_XL/v2+story-v1/llama.cpp-b11443/t0	2026-10-07		
2105_300_08	76479155b0c65be916171f103a2f62762613b3be	Since Givel is the one who\nopened this gap, he is\ncurrently the master, and his\nimage is being strongly\nprojected here.	machine	gemma-4-31B-it/qat-UD-Q4_K_XL/v2+story-v1/llama.cpp-b11443/t0	2026-10-07		
2105_300_09	a7ec0637da43445509806d23a2e66ee9b81c9008	We must hurry. If he escapes\nthe gap, this makeshift Eye of\nTruth won't be enough to keep\nthe space-time rupture fixed.\nWe'll be left behind.	machine	gemma-4-31B-it/qat-UD-Q4_K_XL/v2+story-v1/llama.cpp-b11443/t0	2026-10-07		
2105_310_01	3b0491c2c47499b81793b8d96097d34061cfdd1e	<font color=blue>Ricardo</font> But how the hell is it\nso convenient that they built\nsomething that lets us just\nbarge in here?	machine	gemma-4-31B-it/qat-UD-Q4_K_XL/v2+story-v1/llama.cpp-b11443/t0	2026-10-07		
2105_310_02	952fcfb7d7458067d5a565e093601df0d0befe83	<font color=blue>Mastima</font> I told you about this\nbefore.	machine	gemma-4-31B-it/qat-UD-Q4_K_XL/v2+story-v1/llama.cpp-b11443/t0	2026-10-07		
2105_310_03	f26eeb080feab37ca27d04a8289330db902632ce	That facilities similar to Asyl...\nor rather, equipment like that,\nexists throughout the universe.	machine	gemma-4-31B-it/qat-UD-Q4_K_XL/v2+story-v1/llama.cpp-b11443/t0	2026-10-07		
2105_310_04	8b17e03437cadd10d06622ca73cc12fedad30a78	Some of those were among the\nones Nede had planned to\nconstruct.	machine	gemma-4-31B-it/qat-UD-Q4_K_XL/v2+story-v1/llama.cpp-b11443/t0	2026-10-07		
2105_310_05	3d5fb9b9d473e9b42c275fc72d2e3c5972db4e31	Nede had likely already\ndiscovered several of the\nparallel universes that existed\nat that time.	machine	gemma-4-31B-it/qat-UD-Q4_K_XL/v2+story-v1/llama.cpp-b11443/t0	2026-10-07		
2105_310_06	0993f6baed09d5f835808d4abd465a78aaa6a7f0	That is why, alongside the First\nTen Wise Men Defense Plan,\nthey devised another way to\nmaintain their rule.	machine	gemma-4-31B-it/qat-UD-Q4_K_XL/v2+story-v1/llama.cpp-b11443/t0	2026-10-07		
2105_310_07	55d7dc8bab7b4c7681f83afb21de868bee5b6768	That was the transfer to\nparallel worlds.	machine	gemma-4-31B-it/qat-UD-Q4_K_XL/v2+story-v1/llama.cpp-b11443/t0	2026-10-07		
2105_310_08	082c1901c244a8d06643c0bc840e075209e738ec	<font color=blue>Ricardo</font> Are you insane? Even\nif parallel worlds actually exist,\nthere are people living there!	machine	gemma-4-31B-it/qat-UD-Q4_K_XL/v2+story-v1/llama.cpp-b11443/t0	2026-10-07		
2105_310_09	5ddfcfbbb6782fca3dea21340f923410fcf2ff44	There's no way you could just...\nbring your own world into\ntheirs.	machine	gemma-4-31B-it/qat-UD-Q4_K_XL/v2+story-v1/llama.cpp-b11443/t0	2026-10-07		
2105_310_10	7ebfa03cdf5c5d3219c5857515a190c23d848577	<font color=blue>Mastima</font> Normally, you couldn't.	machine	gemma-4-31B-it/qat-UD-Q4_K_XL/v2+story-v1/llama.cpp-b11443/t0	2026-10-07		
2105_310_11	22c800374d6aa8a54986cc9f448ab78c2c753951	However, Nede attempted to\ndo so, and in the end, they\nfailed.	machine	gemma-4-31B-it/qat-UD-Q4_K_XL/v2+story-v1/llama.cpp-b11443/t0	2026-10-07		
2105_310_12	feeabc64323bca3863e9ec0259c10cafb83f5fa3	The contact between parallel\nworlds distorted the nature of\none world, causing it to\ncollapse completely.	machine	gemma-4-31B-it/qat-UD-Q4_K_XL/v2+story-v1/llama.cpp-b11443/t0	2026-10-07		
2105_310_13	5aecc110f314f829a3a2458d822fc9e8d57b937d	I knew that for Givel, the\nExorciser was nothing more\nthan a means to an end.	machine	gemma-4-31B-it/qat-UD-Q4_K_XL/v2+story-v1/llama.cpp-b11443/t0	2026-10-07		
2105_310_14	47a2a83d919ccfe38d22f289895eaa99d8e7fc2c	He must have a specific goal in\nmind for bringing it forth.	machine	gemma-4-31B-it/qat-UD-Q4_K_XL/v2+story-v1/llama.cpp-b11443/t0	2026-10-07		
2105_310_15	80f42b820d812b10af0ce922c7922880a228efe2	<font color=blue>Mastima</font> Once I realized that, it\ndidn't take much effort to\nguess the rest.	machine	gemma-4-31B-it/qat-UD-Q4_K_XL/v2+story-v1/llama.cpp-b11443/t0	2026-10-07		
2105_310_16	f3cf30c041d08a9a2e8485fd60fc9f518dcf3b87	The reason he was so\nobsessed with Evelysse and\nKarlyn Kayson ultimately came\ndown to summoning sigil arts.	machine	gemma-4-31B-it/qat-UD-Q4_K_XL/v2+story-v1/llama.cpp-b11443/t0	2026-10-07		
2105_310_17	36aa7da8b3768e75a7b3310b72f0312afafbcc88	And the "summoned targets"\ncalled forth by existing\nsummoning sigil arts are, in\nmost cases, known to be\nsummoned from a specific\nplace.	machine	gemma-4-31B-it/qat-UD-Q4_K_XL/v2+story-v1/llama.cpp-b11443/t0	2026-10-07		
2105_310_18	5af173fd0c64d83eea790d64073e7bbfe04db709	<font color=blue>Karlyn</font> A specific place?	machine	gemma-4-31B-it/qat-UD-Q4_K_XL/v2+story-v1/llama.cpp-b11443/t0	2026-10-07		
2105_310_19	f5defa1d9fbe1f0668424822edc887f131c6eef7	<font color=blue>Mastima</font> A place called the\nDemon Realm.	machine	gemma-4-31B-it/qat-UD-Q4_K_XL/v2+story-v1/llama.cpp-b11443/t0	2026-10-07		
2105_310_20	64ecf8950a95ff5b7e118f055ff3761b5b3ddffe	<font color=blue>Welch</font> The Demon Realm... this\nisn't some children's picture\nbook...	machine	gemma-4-31B-it/qat-UD-Q4_K_XL/v2+story-v1/llama.cpp-b11443/t0	2026-10-07		
2105_310_21	ed4e4abadf6ebaf7e49f0cfaaab00e89e5ac76de	<font color=blue>Mastima</font> But it is a fact. The\nsigil arts of the well-known\nGremlin Lear, for instance,\nhave been analyzed as such.	machine	gemma-4-31B-it/qat-UD-Q4_K_XL/v2+story-v1/llama.cpp-b11443/t0	2026-10-07		
2105_310_22	ca27873ed929ceb1c88cb6adbddecfb008755127	<font color=blue>Valka</font> Come to think of it... I've\nheard that one of my father's\ntraveling companions was a\nsigil user who could summon\nbeasts from the Demon Realm.	machine	gemma-4-31B-it/qat-UD-Q4_K_XL/v2+story-v1/llama.cpp-b11443/t0	2026-10-07		
2105_310_23	cd2af85a9d25a75e1ac86f90f6ad06c1f35334bc	<font color=blue>Mastima</font> The Demon Realm...\nthis is merely my speculation,\nbut among the countless\nparallel worlds, it is a universe\nthat followed an exceptionally\ndark path.	machine	gemma-4-31B-it/qat-UD-Q4_K_XL/v2+story-v1/llama.cpp-b11443/t0	2026-10-07		
2105_310_24	d1d32b9593867d258cb93d79ba4363388ee0ef5d	Original summoning sigil arts\nare techniques used to call\nsomething forth from such a\nparallel universe.	machine	gemma-4-31B-it/qat-UD-Q4_K_XL/v2+story-v1/llama.cpp-b11443/t0	2026-10-07		
2105_310_25	a927fad724646377d6f25e9e1cf395c418d4da52	<font color=blue>Karlyn</font> But the "beasts" I\nsummoned were all creatures\nfrom Daftes, weren't they?	machine	gemma-4-31B-it/qat-UD-Q4_K_XL/v2+story-v1/llama.cpp-b11443/t0	2026-10-07		
2105_310_26	046a19bcb79ddc11255c341cf0a1d2a659b22c2c	<font color=blue>Mastima</font> Perhaps they came\nfrom a version of "Daftes"\ndifferent from the one you\nknow.	machine	gemma-4-31B-it/qat-UD-Q4_K_XL/v2+story-v1/llama.cpp-b11443/t0	2026-10-07		
2105_310_27	6f08fda5ca14a4496795d2123ba23b5de3b10d55	<font color=blue>Karlyn</font> ...That's a pretty\nunsettling thought.	machine	gemma-4-31B-it/qat-UD-Q4_K_XL/v2+story-v1/llama.cpp-b11443/t0	2026-10-07		
2105_310_28	6c80dcd760a3453d2a5d261410a455e03ecf7676	<font color=blue>Henri</font> But if that's the case,\nthen what about Eve's symbol\narts...?	machine	gemma-4-31B-it/qat-UD-Q4_K_XL/v2+story-v1/llama.cpp-b11443/t0	2026-10-07		
2105_310_29	b80b540eb680dd9fc3233356cdb10f28c83933f1	<font color=blue>Mastima</font> ...I cannot say for\ncertain if I can find the answer,\neven if I investigate it myself.	machine	gemma-4-31B-it/qat-UD-Q4_K_XL/v2+story-v1/llama.cpp-b11443/t0	2026-10-07		
2105_310_30	cfbde6e819548d27e0aeaa0f9946a3b04f5759f1	First, we must recover this\nEvelysse.	machine	gemma-4-31B-it/qat-UD-Q4_K_XL/v2+story-v1/llama.cpp-b11443/t0	2026-10-07		
2105_320_01	c934a44a81b741dcf0354f7abc28e55907c668f3	So, you've come...	machine	gemma-4-31B-it/qat-UD-Q4_K_XL/v2+story-v1/llama.cpp-b11443/t0	2026-10-07		
2105_320_02	cc6c2eca86ce31e1de132aef362cb2c06daa8a6f	Captain! Everyone!!	machine	gemma-4-31B-it/qat-UD-Q4_K_XL/v2+story-v1/llama.cpp-b11443/t0	2026-10-07		
2105_320_04	b506d6da73a3483a92df81992b691e5fea4e6f94	Eve! Are you alright?!	machine	gemma-4-31B-it/qat-UD-Q4_K_XL/v2+story-v1/llama.cpp-b11443/t0	2026-10-07		
2105_320_05	15fc54343163eb0d44bfb5a529d8646b84530610	...Strange. Why wait for us like\nthis instead of making a quick\nescape?	machine	gemma-4-31B-it/qat-UD-Q4_K_XL/v2+story-v1/llama.cpp-b11443/t0	2026-10-07		
2105_320_06	82457bbca854c1a4f94860688f0ad19613392a92	Who cares about that!	machine	gemma-4-31B-it/qat-UD-Q4_K_XL/v2+story-v1/llama.cpp-b11443/t0	2026-10-07		
2105_320_07	6ce8231d424e620f2497ba7922395f4dc62a17d0	Hey, you! Give Eve back right\nnow!	machine	gemma-4-31B-it/qat-UD-Q4_K_XL/v2+story-v1/llama.cpp-b11443/t0	2026-10-07		
2105_320_08	ea29724fef7e56dc64d9581f4142fdbe17d820af	And while we're at it, you're\ngoing to pay for everything\nyou've done.	machine	gemma-4-31B-it/qat-UD-Q4_K_XL/v2+story-v1/llama.cpp-b11443/t0	2026-10-07		
2105_320_09	8dcbf7875c5e68ce65e0abe6f012a5d6354ae68a	Pay... is that so?	machine	gemma-4-31B-it/qat-UD-Q4_K_XL/v2+story-v1/llama.cpp-b11443/t0	2026-10-07		
2105_320_10	41ab98702361045ac8f90b6e4314b367099c7449	Surrender, Giverese! No matter\nwhat you're plotting here, we\nwill crush it all! Stop this\npointless fighting!	machine	gemma-4-31B-it/qat-UD-Q4_K_XL/v2+story-v1/llama.cpp-b11443/t0	2026-10-07		
2105_320_11	c0d0aff0a1560a220e77cfc57fd2007a22b3875d	Pointless fighting? ...You seem\nto be mistaken.	machine	gemma-4-31B-it/qat-UD-Q4_K_XL/v2+story-v1/llama.cpp-b11443/t0	2026-10-07		
2105_320_12	6e2beaf396c5c952973cd98b3c2e26098dfbd208	The reason I stopped here was\nto ensure that none of you\nproceed any further.	machine	gemma-4-31B-it/qat-UD-Q4_K_XL/v2+story-v1/llama.cpp-b11443/t0	2026-10-07		
2105_320_13	73e70c252a15d23acb999b691248746ea6ba1dca	Especially you, Mastima. Having\nlived so long, your supply of\nhidden tricks is bottomless.	machine	gemma-4-31B-it/qat-UD-Q4_K_XL/v2+story-v1/llama.cpp-b11443/t0	2026-10-07		
2105_320_14	c2d80c13cc12fb5325f4638bf282a16da2e6572e	I never imagined you'd have the\nnerve to emerge from that\nsatellite.	machine	gemma-4-31B-it/qat-UD-Q4_K_XL/v2+story-v1/llama.cpp-b11443/t0	2026-10-07		
2105_320_15	bfa66106982ddb002eb9b99a4c860e529deaad29	I like to think I have a normal\nsense of responsibility.	machine	gemma-4-31B-it/qat-UD-Q4_K_XL/v2+story-v1/llama.cpp-b11443/t0	2026-10-07		
2105_320_16	97ba74811e811a43fc1b2ded648496edc6aeb220	Hmph.	machine	gemma-4-31B-it/qat-UD-Q4_K_XL/v2+story-v1/llama.cpp-b11443/t0	2026-10-07		
2105_320_17	bca13eb21d0f63ebf47f28daa11e600e387c1dfe	However, that judgment was\nultimately a mistake.	machine	gemma-4-31B-it/qat-UD-Q4_K_XL/v2+story-v1/llama.cpp-b11443/t0	2026-10-07		
2105_320_18	a04577a6f259820b3dc23b45648e173218cb5c01	...What?	machine	gemma-4-31B-it/qat-UD-Q4_K_XL/v2+story-v1/llama.cpp-b11443/t0	2026-10-07		
2105_320_19	b3e052b94d581dd84d706a621c7551386eafe3fa	...Behold.	machine	gemma-4-31B-it/qat-UD-Q4_K_XL/v2+story-v1/llama.cpp-b11443/t0	2026-10-07		
2105_320_20	0e963d5f63a143dcabf52551cd533399d16b53a7	<font color=blue>Welch</font> W-what? Is that\nsomething in the castle\nwindow...?	machine	gemma-4-31B-it/qat-UD-Q4_K_XL/v2+story-v1/llama.cpp-b11443/t0	2026-10-07		
2105_320_21	47fe7123ef2dc7d881f36def173604dca664b836	<font color=blue>Tika</font>, that is Ex Giva!	machine	gemma-4-31B-it/qat-UD-Q4_K_XL/v2+story-v1/llama.cpp-b11443/t0	2026-10-07		
2105_320_22	d1fd30a7ac4a9fc30c4a068b2a2504dc76425872	<font color=blue>Ricardo</font> Hey! That's...!	machine	gemma-4-31B-it/qat-UD-Q4_K_XL/v2+story-v1/llama.cpp-b11443/t0	2026-10-07		
2105_320_23	be918d59ea275fa19cea938a8aa3b0b690084008	<font color=blue>Givel</font> That was an image of Ex\nGiva. It seems the impact of\nAsyl's destruction has reached\nfurther than expected.	machine	gemma-4-31B-it/qat-UD-Q4_K_XL/v2+story-v1/llama.cpp-b11443/t0	2026-10-07		
2105_320_24	330ee579d1c648b69c4fb1130d34cc91e8db4452	<font color=blue>Valka</font> What does this mean!\nWho on earth...!	machine	gemma-4-31B-it/qat-UD-Q4_K_XL/v2+story-v1/llama.cpp-b11443/t0	2026-10-07		
2105_320_25	20bca0f51aeca53977537f055ee98debed322b04	<font color=blue>Givel</font> I merely released a few\nCrest Creatures...	machine	gemma-4-31B-it/qat-UD-Q4_K_XL/v2+story-v1/llama.cpp-b11443/t0	2026-10-07		
2105_320_26	c978b46724eb023f2a90382d068229ec0a014104	But the people of Daftine, who\nrefused to lower the\n"Exorciser" for Evelysse,	machine	gemma-4-31B-it/qat-UD-Q4_K_XL/v2+story-v1/llama.cpp-b11443/t0	2026-10-07		
2105_320_27	e50f84ea9f96947cbe99bc0fc6e390de568ee54f	The people of Daftine, who\nfailed to lower the "Exorciser"\nfor Iblis, have completely\nmutated and reached Ex Giva,\nwhere they are now rampaging\ntoward the new Crest you\ncreated.	machine	gemma-4-31B-it/qat-UD-Q4_K_XL/v2+story-v1/llama.cpp-b11443/t0	2026-10-07		
2105_320_28	b6da71e7a2ec0a559dab16927863224c671a54f1	Of course, this is an event\nbeyond my control. It is merely\na conjecture.	machine	gemma-4-31B-it/qat-UD-Q4_K_XL/v2+story-v1/llama.cpp-b11443/t0	2026-10-07		
2105_320_29	6f665a9428afe657571f07b2f46e628c71f4e80f	<font color=blue>Tika</font> N-no...! Cosmo City is...!!	machine	gemma-4-31B-it/qat-UD-Q4_K_XL/v2+story-v1/llama.cpp-b11443/t0	2026-10-07		
2105_320_30	555c997326396b070b2eb1ddc18e52315f202236	<font color=blue>Mastima</font> ....	machine	gemma-4-31B-it/qat-UD-Q4_K_XL/v2+story-v1/llama.cpp-b11443/t0	2026-10-07		
2105_320_31	0cd349f89aee2c47090e03ff362f46051bb4374c	<font color=blue>Givel</font> If you hadn't come from\nthe moon, perhaps it could\nhave been saved.	machine	gemma-4-31B-it/qat-UD-Q4_K_XL/v2+story-v1/llama.cpp-b11443/t0	2026-10-07		
2105_320_32	fba5e212c12221fad868110bfaf6e111d314e57d	Wouldn't you agree, Mastima...?	machine	gemma-4-31B-it/qat-UD-Q4_K_XL/v2+story-v1/llama.cpp-b11443/t0	2026-10-07		
2105_320_33	dc0acc1c272f22077487d20c904e3214c521552e	...I won't forgive you!!	machine	gemma-4-31B-it/qat-UD-Q4_K_XL/v2+story-v1/llama.cpp-b11443/t0	2026-10-07		
2105_320_34	0b38e3cb22c3d700b8b20cd66ebdefe43ce12405	Tika!!	machine	gemma-4-31B-it/qat-UD-Q4_K_XL/v2+story-v1/llama.cpp-b11443/t0	2026-10-07		
2105_320_36	6d43bfb6fba7f9a0c49b50e30b2a69125878a311	Did... did it hit...?	machine	gemma-4-31B-it/qat-UD-Q4_K_XL/v2+story-v1/llama.cpp-b11443/t0	2026-10-07		
2105_320_37	ac7d1d6b0bf45fc2afe71d3346f814e03b75e0c4	Are you satisfied now,\n"Messenger of Daftes" from\nRubarika?	machine	gemma-4-31B-it/qat-UD-Q4_K_XL/v2+story-v1/llama.cpp-b11443/t0	2026-10-07		
2105_320_38	0332ec22cb2c73b220b3df2e34f1efc8a4fa7f4f	To think that you, who called\nyourself Elaine, are that child\nwho appeared at the Imperial\nCastle.	machine	gemma-4-31B-it/qat-UD-Q4_K_XL/v2+story-v1/llama.cpp-b11443/t0	2026-10-07		
2105_320_39	7f6ba8de43ca1acccd41c06c2cb68c646241694a	Truly, the phenomena of this\nworld never cease to amaze\nme.	machine	gemma-4-31B-it/qat-UD-Q4_K_XL/v2+story-v1/llama.cpp-b11443/t0	2026-10-07		
2105_320_40	ad87799dcaac86ab49aee8c3b86684f7790cbd50	...The girl who could do nothing\nbut run away from you that\nday... is gone!	machine	gemma-4-31B-it/qat-UD-Q4_K_XL/v2+story-v1/llama.cpp-b11443/t0	2026-10-07		
2105_320_41	56c70b3d470a86c6993d57b012ea12815d9b1d46	I'm taking Big Sister Eve back!	machine	gemma-4-31B-it/qat-UD-Q4_K_XL/v2+story-v1/llama.cpp-b11443/t0	2026-10-07		
2105_320_42	c60fa725b7a69c412e4554af1e99ef16736886ca	Commander Giverese of the\nBaschen Imperial Army! Today\nis the day the Holy War ends!!	machine	gemma-4-31B-it/qat-UD-Q4_K_XL/v2+story-v1/llama.cpp-b11443/t0	2026-10-07		
2105_320_43	0fc7bb3f9ad532c5e327b1a6b8ad81a5978d0136	...How narrow.	machine	gemma-4-31B-it/qat-UD-Q4_K_XL/v2+story-v1/llama.cpp-b11443/t0	2026-10-07		
2105_320_44	c3f8934535bfc5bb84576f7b9bfcbc2fa2e4c3e8	Huh?	machine	gemma-4-31B-it/qat-UD-Q4_K_XL/v2+story-v1/llama.cpp-b11443/t0	2026-10-07		
2105_320_45	93c5a426e99336ab0f402f670c8c264eb8e0f60a	Narrow... shallow... No matter\nhow far you go, you are all\nnothing more than that.	machine	gemma-4-31B-it/qat-UD-Q4_K_XL/v2+story-v1/llama.cpp-b11443/t0	2026-10-07		
2105_320_46	657f966a35285929d22ce54e2733cf71f65c6f01	Still, you have made it this far.	machine	gemma-4-31B-it/qat-UD-Q4_K_XL/v2+story-v1/llama.cpp-b11443/t0	2026-10-07		
2105_320_47	1ef03fa40083510399e30d6445c2fcb736c27ce4	I will not let my guard down.	machine	gemma-4-31B-it/qat-UD-Q4_K_XL/v2+story-v1/llama.cpp-b11443/t0	2026-10-07		
2105_320_48	d12622c4d313a875d1dfb7fca533d608f4aea9c7	I will not underestimate those\nwho have dared to venture this\ndeep.	machine	gemma-4-31B-it/qat-UD-Q4_K_XL/v2+story-v1/llama.cpp-b11443/t0	2026-10-07		
2105_320_49	312d7c6371e3f582d294008ebaf496833c58b7d0	As long as there is even the\nslightest, most infinitesimal\nchance, I cannot allow you to\nproceed any further.	machine	gemma-4-31B-it/qat-UD-Q4_K_XL/v2+story-v1/llama.cpp-b11443/t0	2026-10-07		
2105_320_50	1925a1c064adece866e910f475739dc3780516e4	If I did, everything I have done\nuntil now might be for nothing.	machine	gemma-4-31B-it/qat-UD-Q4_K_XL/v2+story-v1/llama.cpp-b11443/t0	2026-10-07		
2105_320_51	fe7edf5675127a22e499d5bc3b881ff6d5a5ee8f	Therefore, I shall eliminate you\nhere.	machine	gemma-4-31B-it/qat-UD-Q4_K_XL/v2+story-v1/llama.cpp-b11443/t0	2026-10-07		
2105_320_52	e913f030230148520014dd57916e36e7772bc210	"Further" than this?	machine	gemma-4-31B-it/qat-UD-Q4_K_XL/v2+story-v1/llama.cpp-b11443/t0	2026-10-07		
2105_320_53	cea97bc7db6f21bef54a09553178d8c2f4cab1c7	A place that people of your\nstanding must never reach.	machine	gemma-4-31B-it/qat-UD-Q4_K_XL/v2+story-v1/llama.cpp-b11443/t0	2026-10-07		
2105_320_54	4a2d07162494490c5ee6859601fa4f790d4c876f	Only Evelysse and I may\nproceed beyond this point.	machine	gemma-4-31B-it/qat-UD-Q4_K_XL/v2+story-v1/llama.cpp-b11443/t0	2026-10-07		
2105_320_55	fc4a4566ec9f7cb5d821f4d5e75d18cce1bed8d6	Mastima, your "Paradise" once\ntread a truly foolish path, did it\nnot?	machine	gemma-4-31B-it/qat-UD-Q4_K_XL/v2+story-v1/llama.cpp-b11443/t0	2026-10-07		
2105_320_56	9391d8bbb6b53a71f3e0b6b96bdcd4a16f0a1b1b	...I no longer care about things\nfrom that far in the past.	machine	gemma-4-31B-it/qat-UD-Q4_K_XL/v2+story-v1/llama.cpp-b11443/t0	2026-10-07		
2105_320_57	9ae38b46211b6f25e8e49932bd2baa4acbfe6f52	All that matters is the present\nand the future.	machine	gemma-4-31B-it/qat-UD-Q4_K_XL/v2+story-v1/llama.cpp-b11443/t0	2026-10-07		
2105_320_58	7acc7d9b3147596bc1247221a0292afbd4cea45b	The present... the future...	machine	gemma-4-31B-it/qat-UD-Q4_K_XL/v2+story-v1/llama.cpp-b11443/t0	2026-10-07		
2105_320_59	ad5efcf2bdd3559e27a00612f2c93392d6a2f240	You have no such things!!	machine	gemma-4-31B-it/qat-UD-Q4_K_XL/v2+story-v1/llama.cpp-b11443/t0	2026-10-07		
2105_320_60	8ec062b7c7bed53fe7bbef0019044b644225f0c5	Every shred of possibility... I\nshall crush it here and now!!	machine	gemma-4-31B-it/qat-UD-Q4_K_XL/v2+story-v1/llama.cpp-b11443/t0	2026-10-07		
2105_320_61	ce773b9f39e48d002fad62d25b7e042e6841c609	We won't let you!	machine	gemma-4-31B-it/qat-UD-Q4_K_XL/v2+story-v1/llama.cpp-b11443/t0	2026-10-07		
2105_320_62	1bc02b044aa39cdd7ddce3bcbb61affac8a17523	We've finally, finally made it\nthis far!	machine	gemma-4-31B-it/qat-UD-Q4_K_XL/v2+story-v1/llama.cpp-b11443/t0	2026-10-07		
2105_320_63	1d7af0af1c5fa3b26e3696a18a9fded538bf71d5	I won't let you threaten our...\nour "Universe" any further just\nfor your own sake!	machine	gemma-4-31B-it/qat-UD-Q4_K_XL/v2+story-v1/llama.cpp-b11443/t0	2026-10-07		
2105_320_64	256f672d4f3ede52223a3fda68a54e9c8aa08aaf	Silence!	machine	gemma-4-31B-it/qat-UD-Q4_K_XL/v2+story-v1/llama.cpp-b11443/t0	2026-10-07		
2105_320_65	6bbd8a7f754c7715ddd782133e23d25ff9bc7bf9	Dark Star! Become the dark\npath that snatches him away!\nExterminate every last one of\nthese pests!	machine	gemma-4-31B-it/qat-UD-Q4_K_XL/v2+story-v1/llama.cpp-b11443/t0	2026-10-07		
2105_330_01	ac30ab28325d45244c25cbc33e60533cb8c41003	...Guh...!	machine	gemma-4-31B-it/qat-UD-Q4_K_XL/v2+story-v1/llama.cpp-b11443/t0	2026-10-07		
2105_330_02	28f24259522f15ea20a94304782c66f4e2be1201	Impossible!!	machine	gemma-4-31B-it/qat-UD-Q4_K_XL/v2+story-v1/llama.cpp-b11443/t0	2026-10-07		
2105_330_03	e7cb227a69643b0dee0e289877b461fb7ea069a4	Now's our chance! Get Eve!	machine	gemma-4-31B-it/qat-UD-Q4_K_XL/v2+story-v1/llama.cpp-b11443/t0	2026-10-07		
2105_330_04	6051430db2f3679cde893b5710af6680faa530e7	Leave it to me!	machine	gemma-4-31B-it/qat-UD-Q4_K_XL/v2+story-v1/llama.cpp-b11443/t0	2026-10-07		
2105_330_05	79e84035d9c7044af50d7b94de6e13b714e79769	Curse you...!	machine	gemma-4-31B-it/qat-UD-Q4_K_XL/v2+story-v1/llama.cpp-b11443/t0	2026-10-07		
2105_330_06	5328cb63e698d8b55a90c451b48b0944ec193362	Darkness...	machine	gemma-4-31B-it/qat-UD-Q4_K_XL/v2+story-v1/llama.cpp-b11443/t0	2026-10-07		
2105_330_07	d8fdc9d77bb233115128827e58262486ac9e87d7	Not on my watch!	machine	gemma-4-31B-it/qat-UD-Q4_K_XL/v2+story-v1/llama.cpp-b11443/t0	2026-10-07		
2105_330_08	870eac281334d9585ae70dfc56ee2f9963cf0c2e	Gwah!?	machine	gemma-4-31B-it/qat-UD-Q4_K_XL/v2+story-v1/llama.cpp-b11443/t0	2026-10-07		
2105_330_09	609beceeeba2a451dadedfc6c287655ed46744d4	Everyone... thank you!!	machine	gemma-4-31B-it/qat-UD-Q4_K_XL/v2+story-v1/llama.cpp-b11443/t0	2026-10-07		
2105_330_10	01345d89830e148bed4b2473b8b2e93c0c08c759	Rekoro! Check Eve's vitals!	machine	gemma-4-31B-it/qat-UD-Q4_K_XL/v2+story-v1/llama.cpp-b11443/t0	2026-10-07		
2105_330_11	3196419ddbc059f61dd424367ff060fa9915d309	There are no significant\nabnormalities in Evelysse's vital\ndata!	machine	gemma-4-31B-it/qat-UD-Q4_K_XL/v2+story-v1/llama.cpp-b11443/t0	2026-10-07		
2105_330_13	522d466b58c6c04ad53f6b1629d6c59d4317341e	I'm okay, Captain! I'm perfectly\nfine!	machine	gemma-4-31B-it/qat-UD-Q4_K_XL/v2+story-v1/llama.cpp-b11443/t0	2026-10-07		
2105_330_14	86a9428db54d87d5186a35137339581fdaf4d6ad	Also, who are all these\nstrangers...!?	machine	gemma-4-31B-it/qat-UD-Q4_K_XL/v2+story-v1/llama.cpp-b11443/t0	2026-10-07		
2105_330_15	d526e7a400d71365aad9799f66d65fd061c5e031	So you're Evelysse. We don't\nhave time for leisurely\nintroductions, but for now, I'm\nglad to see you're safe.	machine	gemma-4-31B-it/qat-UD-Q4_K_XL/v2+story-v1/llama.cpp-b11443/t0	2026-10-07		
2105_330_16	0ec06d5c7e789b1d5146e8334adcd5c6c4319a79	There's so much I want to tell\nyou. We're definitely getting\nhome safe, Big Sister Eve!	machine	gemma-4-31B-it/qat-UD-Q4_K_XL/v2+story-v1/llama.cpp-b11443/t0	2026-10-07		
2105_330_17	8eb8b05bf0714c687ade8aad423d6379e9ee7fbf	I'm with you!	machine	gemma-4-31B-it/qat-UD-Q4_K_XL/v2+story-v1/llama.cpp-b11443/t0	2026-10-07		
2105_330_18	8257f4b428cab25c6f66a03edc97c07361d18d1d	Wait... what?	machine	gemma-4-31B-it/qat-UD-Q4_K_XL/v2+story-v1/llama.cpp-b11443/t0	2026-10-07		
2105_330_19	fd50394f1e2fab305d9e49843e2716786619cec3	Who are you? And "Big Sister\nEve"...?	machine	gemma-4-31B-it/qat-UD-Q4_K_XL/v2+story-v1/llama.cpp-b11443/t0	2026-10-07		
2105_330_21	ccc18eb8d3c1b609b32c0a406408a9a10f638cc2	What!? Tika!? This person!?\nCaptain, what are you talking\nabout!?	machine	gemma-4-31B-it/qat-UD-Q4_K_XL/v2+story-v1/llama.cpp-b11443/t0	2026-10-07		
2105_330_22	81805d393182c600b9fa506e76f2b83292b5ddb5	A lot has happened, and Tika\nhas grown up! Under the\nguidance of Mastima over\nthere! We'll explain the details\nlater!	machine	gemma-4-31B-it/qat-UD-Q4_K_XL/v2+story-v1/llama.cpp-b11443/t0	2026-10-07		
2105_330_23	f6d90dc2f028977690abdf4f33e5ec9ca60b5a55	That person is Mastima...!	machine	gemma-4-31B-it/qat-UD-Q4_K_XL/v2+story-v1/llama.cpp-b11443/t0	2026-10-07		
2105_330_24	9be89433fd8ef3aa1b7133da23ac56296bd6c8c1	Fine! But in exchange, you'd\nbetter tell me everything that\nhappened while I was gone!	machine	gemma-4-31B-it/qat-UD-Q4_K_XL/v2+story-v1/llama.cpp-b11443/t0	2026-10-07		
2105_330_25	cf152b36f53fc203fee620940115c6c1e48ffb4f	Of course!	machine	gemma-4-31B-it/qat-UD-Q4_K_XL/v2+story-v1/llama.cpp-b11443/t0	2026-10-07		
2105_330_26	c3bfd7929c683396a2bcc6b2a1754aab8461d462	But first, we have to get out of\nhere! Coro!	machine	gemma-4-31B-it/qat-UD-Q4_K_XL/v2+story-v1/llama.cpp-b11443/t0	2026-10-07		
2105_330_27	ebfe93f150415017ffcb3946375534aa04a42942	"Yes! Once we confirm that Eve\nis safe, it's as good as a\nvictory for us!"	machine	gemma-4-31B-it/qat-UD-Q4_K_XL/v2+story-v1/llama.cpp-b11443/t0	2026-10-07		
2105_330_28	ce397130ec954c94c061e8c0d3ce9f5299ffbe92	It's over, Giverese! You've lost!	machine	gemma-4-31B-it/qat-UD-Q4_K_XL/v2+story-v1/llama.cpp-b11443/t0	2026-10-07		
2105_330_29	34690f82b02127d1e8410d594f112b77bdb01f33	Yeah! Just give it up already\nand let us cuff ya!!	machine	gemma-4-31B-it/qat-UD-Q4_K_XL/v2+story-v1/llama.cpp-b11443/t0	2026-10-07		
2105_330_30	8e0485c39bde298ccc5e0dc59e10d298d6b6642d	...Lost? Give up?	machine	gemma-4-31B-it/qat-UD-Q4_K_XL/v2+story-v1/llama.cpp-b11443/t0	2026-10-07		
2105_330_31	1367de177b67439c5169039353bb53785f5d7d65	What are you mistaken about?	machine	gemma-4-31B-it/qat-UD-Q4_K_XL/v2+story-v1/llama.cpp-b11443/t0	2026-10-07		
2105_330_32	8a1aa72351be364d71cb066c2aaa3b6846433b73	This is bad! Euwin!	machine	gemma-4-31B-it/qat-UD-Q4_K_XL/v2+story-v1/llama.cpp-b11443/t0	2026-10-07		
2105_330_33	d5f0e3cb3a0d087dae0ac24059979597e90dcdd3	Welch! Look out!	machine	gemma-4-31B-it/qat-UD-Q4_K_XL/v2+story-v1/llama.cpp-b11443/t0	2026-10-07		
2105_330_34	ac88044f4e68b34214c033d0be033e74601b459b	Whoa!?	machine	gemma-4-31B-it/qat-UD-Q4_K_XL/v2+story-v1/llama.cpp-b11443/t0	2026-10-07		
2105_330_35	068e493da375a51ddc96acdadcbab65168f33d4b	Eek!?	machine	gemma-4-31B-it/qat-UD-Q4_K_XL/v2+story-v1/llama.cpp-b11443/t0	2026-10-07		
2105_330_36	172cd8e68a018518e1eb339a78c78572b096bf31	...I should not have been\ncareless...	machine	gemma-4-31B-it/qat-UD-Q4_K_XL/v2+story-v1/llama.cpp-b11443/t0	2026-10-07		
2105_330_37	517b54e34b2313b55eb3d569364eaa8c15e04d59	And yet, I have been brought\nto my knees... here, in this rift...\nI...	machine	gemma-4-31B-it/qat-UD-Q4_K_XL/v2+story-v1/llama.cpp-b11443/t0	2026-10-07		
2105_330_38	dc3f53f06950b43132b4e2964ad2e80768c9c092	I... it is unbelievable...	machine	gemma-4-31B-it/qat-UD-Q4_K_XL/v2+story-v1/llama.cpp-b11443/t0	2026-10-07		
2105_330_39	ca1c988c70a563e96615eb5993804e453d528e05	But it is a fact.	machine	gemma-4-31B-it/qat-UD-Q4_K_XL/v2+story-v1/llama.cpp-b11443/t0	2026-10-07		
2105_330_40	f0fa8294f0dc153b44bee686ec8eb87e56ffa200	Mastima. Is this your doing?	machine	gemma-4-31B-it/qat-UD-Q4_K_XL/v2+story-v1/llama.cpp-b11443/t0	2026-10-07		
2105_330_41	d5acb115e5cc6af9004ffe94a949df2cf5d3a659	No. Not just you. A power\ninherent in everyone of this\nworld.	machine	gemma-4-31B-it/qat-UD-Q4_K_XL/v2+story-v1/llama.cpp-b11443/t0	2026-10-07		
2105_330_42	72226a696fea4fd48731fb2444f32d45c5657e26	That is how I shall consider it.	machine	gemma-4-31B-it/qat-UD-Q4_K_XL/v2+story-v1/llama.cpp-b11443/t0	2026-10-07		
2105_330_43	5d9fd3fc541fa7c68801e45bc607e88452362cd1	You are strong! A formidable\nexistence capable of becoming\nour enemy!	machine	gemma-4-31B-it/qat-UD-Q4_K_XL/v2+story-v1/llama.cpp-b11443/t0	2026-10-07		
2105_330_44	8a5225baebe043721d68359a3ea29804fce01805	In that case... I shall face you\nwith everything I have!	machine	gemma-4-31B-it/qat-UD-Q4_K_XL/v2+story-v1/llama.cpp-b11443/t0	2026-10-07		
2105_330_45	2167aa82dc9101fb794fed58b819db490b1b0633	I will stake my very life on this.	machine	gemma-4-31B-it/qat-UD-Q4_K_XL/v2+story-v1/llama.cpp-b11443/t0	2026-10-07		
2105_330_47	54e48db98ac56ebb019f48b8bacbb1e7192ceb94	You... you are at the center of\nit all.	machine	gemma-4-31B-it/qat-UD-Q4_K_XL/v2+story-v1/llama.cpp-b11443/t0	2026-10-07		
2105_330_49	f54d59b21d38e0687b59ed6b555af1d911caba88	That ship... your vessel that\nsails the sea of stars... it lies\nwithin the rift...	machine	gemma-4-31B-it/qat-UD-Q4_K_XL/v2+story-v1/llama.cpp-b11443/t0	2026-10-07		
2105_330_50	9744ba6695ba11fc65bebfa15f3d39da30151272	I will never let you escape; I will\ncrush everything!	machine	gemma-4-31B-it/qat-UD-Q4_K_XL/v2+story-v1/llama.cpp-b11443/t0	2026-10-07		
2105_330_51	ccdf58bf1f4690e22b4e8c2d0a35935e592f0b2c	To achieve that, I shall cast\nmyself down into the very rules\nof this world!	machine	gemma-4-31B-it/qat-UD-Q4_K_XL/v2+story-v1/llama.cpp-b11443/t0	2026-10-07		
2105_330_52	e5b9f92cfa7d6a22a553abdf6063f38a6bab8adb	Dark Star!!	machine	gemma-4-31B-it/qat-UD-Q4_K_XL/v2+story-v1/llama.cpp-b11443/t0	2026-10-07		
2105_330_53	83e96ccc42ed0b2c6717f3728db748ac966f3261	What... what is he doing?!	machine	gemma-4-31B-it/qat-UD-Q4_K_XL/v2+story-v1/llama.cpp-b11443/t0	2026-10-07		
2105_330_54	81b9180dcc50bf7afb739bafc16fd213ee775a63	His form is beginning to\nmutate! It's a mutation at the\ngenetic level! We don't know\nwhat's going to happen!	machine	gemma-4-31B-it/qat-UD-Q4_K_XL/v2+story-v1/llama.cpp-b11443/t0	2026-10-07		
2105_330_55	86d9e4b5ac8c411af6d962f3c3a5218678485468	What else is that guy planning\nto do?! He's not even human\nanymore!	machine	gemma-4-31B-it/qat-UD-Q4_K_XL/v2+story-v1/llama.cpp-b11443/t0	2026-10-07		
2105_330_56	b636443c91156c70bb3c0de840d34126a369779f	I doubt he ever believed\nhimself to be "human" in the\nfirst place...	machine	gemma-4-31B-it/qat-UD-Q4_K_XL/v2+story-v1/llama.cpp-b11443/t0	2026-10-07		
2105_330_57	43532584c309164a398e323859d84ff8ba373c8a	This is... the level of the Ten\nSages from the First Plan...	machine	gemma-4-31B-it/qat-UD-Q4_K_XL/v2+story-v1/llama.cpp-b11443/t0	2026-10-07		
2105_330_58	4da379eb9a4cf6ab1dca89da574fa65ba75a2387	No, perhaps even beyond that...	machine	gemma-4-31B-it/qat-UD-Q4_K_XL/v2+story-v1/llama.cpp-b11443/t0	2026-10-07		
2105_330_59	103f0379b39ec1ec6c73736ee36c55a9bcd0ad00	Who cares.	machine	gemma-4-31B-it/qat-UD-Q4_K_XL/v2+story-v1/llama.cpp-b11443/t0	2026-10-07		
2105_330_60	43b729eecf97ace2c9f6c8a1c4a7278771ce69bd	Either way, we've just gotta do\nthis.	machine	gemma-4-31B-it/qat-UD-Q4_K_XL/v2+story-v1/llama.cpp-b11443/t0	2026-10-07		
2105_330_61	ee42de70e471310856e12e68d564ca2623bc1b2c	Right. Doesn't look like that guy\nhas any intention of\napologizing.	machine	gemma-4-31B-it/qat-UD-Q4_K_XL/v2+story-v1/llama.cpp-b11443/t0	2026-10-07		
2105_330_62	347e67fee84596af6914b23aaadfe6eb95d79841	No matter what form he takes,\nGivel is now an enemy I must\ndefeat.	machine	gemma-4-31B-it/qat-UD-Q4_K_XL/v2+story-v1/llama.cpp-b11443/t0	2026-10-07		
2105_330_63	c5e148df8f64be9124ea9ac87d97a8a281bf53a2	I cannot allow any more of this\nmadness from one who dares\ndefy my friends, my kin, and\nthis universe.	machine	gemma-4-31B-it/qat-UD-Q4_K_XL/v2+story-v1/llama.cpp-b11443/t0	2026-10-07		
2105_330_64	e54af1d6cf34bfcc813ab8184c999cc9962f1843	Everyone's vitals are stable!\nWe cannot lose!	machine	gemma-4-31B-it/qat-UD-Q4_K_XL/v2+story-v1/llama.cpp-b11443/t0	2026-10-07		
2105_330_65	7da7d8ab745ce11690707a28ae9baad55858f3a7	"We have a place we need to\nreach! We can't afford to stop\nhere!"	machine	gemma-4-31B-it/qat-UD-Q4_K_XL/v2+story-v1/llama.cpp-b11443/t0	2026-10-07		
2105_330_67	2bbc344b0b72ae22f021668920efee5673d087df	I will ensure that people like\nyou never appear again...	machine	gemma-4-31B-it/qat-UD-Q4_K_XL/v2+story-v1/llama.cpp-b11443/t0	2026-10-07		
2105_330_68	1efd483570fa6e208f7932137ce817e4703b26e3	I will crush you here and now!!	machine	gemma-4-31B-it/qat-UD-Q4_K_XL/v2+story-v1/llama.cpp-b11443/t0	2026-10-07		
2105_330_69	277a3eb06f60863415174232e369b02bdd506602	That's our line...! You're going\nto pay for every tear you've\ncaused!	machine	gemma-4-31B-it/qat-UD-Q4_K_XL/v2+story-v1/llama.cpp-b11443/t0	2026-10-07		
2105_330_70	5f158267b1f926cc704eeaedf5071b0f2fd196ba	Neither I... nor my precious\nfriends... will fall in a place like\nthis!	machine	gemma-4-31B-it/qat-UD-Q4_K_XL/v2+story-v1/llama.cpp-b11443/t0	2026-10-07		
2105_330_71	1f5d8ca125e02c1a66d26cd90726a4f1c45c178f	Let's go, everyone!!	machine	gemma-4-31B-it/qat-UD-Q4_K_XL/v2+story-v1/llama.cpp-b11443/t0	2026-10-07		
2105_330_72	df42eefe790128b2c617506d10710d5aebcef7a9	Come!! I shall deny everything...\nI shall deny your entire\nuniverse, right here and now!!	machine	gemma-4-31B-it/qat-UD-Q4_K_XL/v2+story-v1/llama.cpp-b11443/t0	2026-10-07		
2105_330_73	1edebc9c7a5ce905b6dcf0fb933fe81cc0e7fa87	We won't let you deny anything!	machine	gemma-4-31B-it/qat-UD-Q4_K_XL/v2+story-v1/llama.cpp-b11443/t0	2026-10-07		
2105_330_74	88d7066087d66b04f2a2df30674f44dcf9f127d6	I... we have things in this\nuniverse that we absolutely\nmust protect!!	machine	gemma-4-31B-it/qat-UD-Q4_K_XL/v2+story-v1/llama.cpp-b11443/t0	2026-10-07		
2105_340_01	24d20963b5a29d76dbc0bef901aebb270efa1e12	Not yet...! Evelysse... return... to\nmy hand...!	machine	gemma-4-31B-it/qat-UD-Q4_K_XL/v2+story-v1/llama.cpp-b11443/t0	2026-10-07		
2105_340_02	59fef0bbcefa2d35b9d4699ed5fdca717dd3b740	Sh-she's changing again! Give it\na rest already!	machine	gemma-4-31B-it/qat-UD-Q4_K_XL/v2+story-v1/llama.cpp-b11443/t0	2026-10-07		
2105_340_03	e76ef4525e214fc7da84bc9c4183863bcc7dd2f2	Ugh... we can't keep this up\nforever!	machine	gemma-4-31B-it/qat-UD-Q4_K_XL/v2+story-v1/llama.cpp-b11443/t0	2026-10-07		
2105_340_04	7c42c414ce47b0a33ecffa1c54b231292e39c541	Then we just keep fighting until\nwe drop! Don't back down!	machine	gemma-4-31B-it/qat-UD-Q4_K_XL/v2+story-v1/llama.cpp-b11443/t0	2026-10-07		
2105_340_05	96bf87cb1c5dbbe06227b0f764f1fc889fe6d799	Dark Star!	machine	gemma-4-31B-it/qat-UD-Q4_K_XL/v2+story-v1/llama.cpp-b11443/t0	2026-10-07		
2105_340_06	0bde5de9b2bcc890cc626c8b3edc1219c11e4b75	Gah! That's the power of the\nThornite Spikes...!	machine	gemma-4-31B-it/qat-UD-Q4_K_XL/v2+story-v1/llama.cpp-b11443/t0	2026-10-07		
2105_340_07	d3b7259b0c5a56a6982b4bbfd48fc59f36f13182	Is her power being amplified\nagain?!	machine	gemma-4-31B-it/qat-UD-Q4_K_XL/v2+story-v1/llama.cpp-b11443/t0	2026-10-07		
2105_340_08	7efa1b4c653060cfa3527a390c125180b8f91be3	It is impossible... that I, should\nbe defeated by the people of\nthis world!!	machine	gemma-4-31B-it/qat-UD-Q4_K_XL/v2+story-v1/llama.cpp-b11443/t0	2026-10-07		
2105_340_09	ec374f4ea3defe4996fac9268ebbbd59460bf934	Waaaaagh!?	machine	gemma-4-31B-it/qat-UD-Q4_K_XL/v2+story-v1/llama.cpp-b11443/t0	2026-10-07		
2105_340_10	f911079cab8c358a74f5458700321c326ba85f8f	Gwah!	machine	gemma-4-31B-it/qat-UD-Q4_K_XL/v2+story-v1/llama.cpp-b11443/t0	2026-10-07		
2105_340_12	1e12ee386508158d6fc5d932a205b8440eaf8f56	This is bad... this has slightly\nexceeded my expectations.\nThat power...	machine	gemma-4-31B-it/qat-UD-Q4_K_XL/v2+story-v1/llama.cpp-b11443/t0	2026-10-07		
2105_340_13	612f6299e08c91e95b557569f3a35ed4c9d2d99e	Hm?	machine	gemma-4-31B-it/qat-UD-Q4_K_XL/v2+story-v1/llama.cpp-b11443/t0	2026-10-07		
2105_340_14	fbd9c2212975d7d75f9fca2e85569f41a2e606c7	...That power of yours... it's\nfrom the Thornite...	machine	gemma-4-31B-it/qat-UD-Q4_K_XL/v2+story-v1/llama.cpp-b11443/t0	2026-10-07		
2105_340_15	4421c5a61b03c6386b7105df5217c36904e4adf5	No, it's the power of the\nExorciser itself.	machine	gemma-4-31B-it/qat-UD-Q4_K_XL/v2+story-v1/llama.cpp-b11443/t0	2026-10-07		
2105_340_17	e54ac159806e3a1868c353ee377b3d85e2ce7488	You don't have to answer; I\ncan tell.	machine	gemma-4-31B-it/qat-UD-Q4_K_XL/v2+story-v1/llama.cpp-b11443/t0	2026-10-07		
2105_340_18	8930e6e009238670d4821f3cdc6ff6083d190141	The crest... it's exactly the\nsame.	machine	gemma-4-31B-it/qat-UD-Q4_K_XL/v2+story-v1/llama.cpp-b11443/t0	2026-10-07		
2105_340_19	22aa88d9c3019c744f8e4f96e3cfd568cd51c65f	The crest is the same...?	machine	gemma-4-31B-it/qat-UD-Q4_K_XL/v2+story-v1/llama.cpp-b11443/t0	2026-10-07		
2105_340_20	b1b99aa8a983b6fb017486bb6413547fa6f8e5c7	What are you talking about...?	machine	gemma-4-31B-it/qat-UD-Q4_K_XL/v2+story-v1/llama.cpp-b11443/t0	2026-10-07		
2105_340_21	ce0b4e416b9c2d9c24d64542807e53e666fb5495	Evelysse...! I will... you...	machine	gemma-4-31B-it/qat-UD-Q4_K_XL/v2+story-v1/llama.cpp-b11443/t0	2026-10-07		
2105_340_22	58f0430145a895a50550ad36f87a48690a509691	I'll give you credit for the\ndetermination to go to such\nlengths just to get your hands\non me.	machine	gemma-4-31B-it/qat-UD-Q4_K_XL/v2+story-v1/llama.cpp-b11443/t0	2026-10-07		
2105_340_23	ffd3709c1d907e56ca2e4962e918c338366813a6	But... thinking that becoming\npowerful would allow you to\ndefeat my comrades was your\nfirst mistake. Giverese!	machine	gemma-4-31B-it/qat-UD-Q4_K_XL/v2+story-v1/llama.cpp-b11443/t0	2026-10-07		
2105_340_24	98487c8ad3fba219680938979ffae469bb6458cc	Sparkling Star!!	machine	gemma-4-31B-it/qat-UD-Q4_K_XL/v2+story-v1/llama.cpp-b11443/t0	2026-10-07		
2105_340_25	e14ca83697624935a3f3945406e80ed821ea306a	Guoh!? Goaaaaaaah!?	machine	gemma-4-31B-it/qat-UD-Q4_K_XL/v2+story-v1/llama.cpp-b11443/t0	2026-10-07		
2105_340_26	67069679b996c5eadab2f768a66908b92c07b121	You were the one who told me\nthat I had the power to stop\nhumans who had been turned\ninto Thornite.	machine	gemma-4-31B-it/qat-UD-Q4_K_XL/v2+story-v1/llama.cpp-b11443/t0	2026-10-07		
2105_340_28	86c7fa24ce1a93c700e12ada2630a085a07f3f12	Eve...?	machine	gemma-4-31B-it/qat-UD-Q4_K_XL/v2+story-v1/llama.cpp-b11443/t0	2026-10-07		
2105_340_29	4a5c4df63ccf05cb073d803e27d25156c569213a	This... this power...!	machine	gemma-4-31B-it/qat-UD-Q4_K_XL/v2+story-v1/llama.cpp-b11443/t0	2026-10-07		
2105_340_30	c58ff558731bdc7c3a38aa36eb114b4f8730fb26	It's... disappearing! My power...\nthe Exorciser is...	machine	gemma-4-31B-it/qat-UD-Q4_K_XL/v2+story-v1/llama.cpp-b11443/t0	2026-10-07		
2105_340_31	79f9c93b33adf6cc7b5c7089178375ff222c21d5	Evelysse! Why?! Why is this\nhappening?!	machine	gemma-4-31B-it/qat-UD-Q4_K_XL/v2+story-v1/llama.cpp-b11443/t0	2026-10-07		
2105_340_32	5940b9f4dc38c6c7e3a4101eeb79c55cd83c9fc0	You saw the mark of the\nExorciser, so why!!	machine	gemma-4-31B-it/qat-UD-Q4_K_XL/v2+story-v1/llama.cpp-b11443/t0	2026-10-07		
2105_340_33	68530bbf6397f6bb75f2f04139be52fcd7dc7875	Why? That's obvious.	machine	gemma-4-31B-it/qat-UD-Q4_K_XL/v2+story-v1/llama.cpp-b11443/t0	2026-10-07		
2105_340_34	6f2037b9e944cb4b13b133bfe5b90c325a773d76	I don't care what your goals\nare.	machine	gemma-4-31B-it/qat-UD-Q4_K_XL/v2+story-v1/llama.cpp-b11443/t0	2026-10-07		
2105_340_35	b04627eb4a6cc54d1dc3272a2f3135428ba24f99	You tried to destroy something\nprecious to me.	machine	gemma-4-31B-it/qat-UD-Q4_K_XL/v2+story-v1/llama.cpp-b11443/t0	2026-10-07		
2105_340_36	9b442244426b7ce1977e21d18e7cdc0c9d2bef8f	That alone is more than\nenough reason for me to\nrefuse to go with you.	machine	gemma-4-31B-it/qat-UD-Q4_K_XL/v2+story-v1/llama.cpp-b11443/t0	2026-10-07		
2105_340_37	f811025b9fc70bfa81ae6c53cf1948f92971cb7e	You're lying! Evelysse!	machine	gemma-4-31B-it/qat-UD-Q4_K_XL/v2+story-v1/llama.cpp-b11443/t0	2026-10-07		
2105_340_38	dbc57c11776983b7b48b51abc3a07d581e1d48d6	Something precious?!	machine	gemma-4-31B-it/qat-UD-Q4_K_XL/v2+story-v1/llama.cpp-b11443/t0	2026-10-07		
2105_340_39	f1640f9fc6b9c07de621573ac23d168c3ef2b8ce	The things that are precious to\nme and you... they aren't like\nthat...!	machine	gemma-4-31B-it/qat-UD-Q4_K_XL/v2+story-v1/llama.cpp-b11443/t0	2026-10-07		
2105_340_40	b571d9595c5967199a98f3a401596d0671e196d8	Why!!	machine	gemma-4-31B-it/qat-UD-Q4_K_XL/v2+story-v1/llama.cpp-b11443/t0	2026-10-07		
2105_340_41	9b64201a272171420f5ca20b66b9dbda8141252a	...People change, Givel.	machine	gemma-4-31B-it/qat-UD-Q4_K_XL/v2+story-v1/llama.cpp-b11443/t0	2026-10-07		
2105_340_42	c9e2d08493d488ca8f20b6bf67deed8b61542b36	For better or for worse...	machine	gemma-4-31B-it/qat-UD-Q4_K_XL/v2+story-v1/llama.cpp-b11443/t0	2026-10-07		
2105_340_43	e39d63923b709dc4e9a78165548c84e58ccde9f5	That is why the world... why the\nuniverse is so wonderful.	machine	gemma-4-31B-it/qat-UD-Q4_K_XL/v2+story-v1/llama.cpp-b11443/t0	2026-10-07		
2105_340_44	d9c548facb83cdceee219412c9cb56afd1c6de8c	Evelysse!! Why now, of all\ntimes!!	machine	gemma-4-31B-it/qat-UD-Q4_K_XL/v2+story-v1/llama.cpp-b11443/t0	2026-10-07		
2105_340_45	0c18f833901aabfe183efc7c573f38b81e69c9a3	I've realized something.	machine	gemma-4-31B-it/qat-UD-Q4_K_XL/v2+story-v1/llama.cpp-b11443/t0	2026-10-07		
2105_340_46	39ee848d94ffaa9bf7ad556491b39e750bfe51b8	The people of this universe\naren't weak.	machine	gemma-4-31B-it/qat-UD-Q4_K_XL/v2+story-v1/llama.cpp-b11443/t0	2026-10-07		
2105_340_47	0c650163ccd1b8c444eb956d16d1a1e7e0892c0f	You've learned that firsthand\nnow, haven't you?	machine	gemma-4-31B-it/qat-UD-Q4_K_XL/v2+story-v1/llama.cpp-b11443/t0	2026-10-07		
2105_340_48	2a642be6b72a8f356ff4ea3a1c2c96e9d9253e4a	And as for me, now that I've\ncome this far, I won't back\ndown.	machine	gemma-4-31B-it/qat-UD-Q4_K_XL/v2+story-v1/llama.cpp-b11443/t0	2026-10-07		
2105_340_49	b0929ac1cc41d9428526e56d73fc777c27113a5a	I don't think you and I can ever\nunderstand each other again.	machine	gemma-4-31B-it/qat-UD-Q4_K_XL/v2+story-v1/llama.cpp-b11443/t0	2026-10-07		
2105_340_50	f6c6d6f819a65dc4994dadd546eb90d960bada45	No! I refuse! What was it all for\nthen!!	machine	gemma-4-31B-it/qat-UD-Q4_K_XL/v2+story-v1/llama.cpp-b11443/t0	2026-10-07		
2105_340_51	45f24b571cc27b23f3d0c80e6e370f97c683140f	...You arrogant fool playing\ngod...	machine	gemma-4-31B-it/qat-UD-Q4_K_XL/v2+story-v1/llama.cpp-b11443/t0	2026-10-07		
2105_340_52	9a415b380835f612a764430b0467ec43d25813c3	If possible, please never show\nyour face before us again...	machine	gemma-4-31B-it/qat-UD-Q4_K_XL/v2+story-v1/llama.cpp-b11443/t0	2026-10-07		
2105_340_53	d211a1b37b89c87127d4c184233524d0d17388bd	That's for the best, for both of\nus.	machine	gemma-4-31B-it/qat-UD-Q4_K_XL/v2+story-v1/llama.cpp-b11443/t0	2026-10-07		
2105_340_54	f481a83a3a801eb4460b3512324e64081a7209bc	Evelysse! Evelysse!!	machine	gemma-4-31B-it/qat-UD-Q4_K_XL/v2+story-v1/llama.cpp-b11443/t0	2026-10-07		
2105_340_55	3867df4ac980a876f8d43610d55bc990366eca6d	No! Stop it!	machine	gemma-4-31B-it/qat-UD-Q4_K_XL/v2+story-v1/llama.cpp-b11443/t0	2026-10-07		
2105_340_56	022ff600e35c64968b5ce89748d1bb1ae42ccccf	O sparkling stars... become the\nlight... that guides him...	machine	gemma-4-31B-it/qat-UD-Q4_K_XL/v2+story-v1/llama.cpp-b11443/t0	2026-10-07		
2105_340_57	11872aed7b57704271838080b848c8631f61f0a7	How... how could this happen...	machine	gemma-4-31B-it/qat-UD-Q4_K_XL/v2+story-v1/llama.cpp-b11443/t0	2026-10-07		
2105_340_58	8daed94df9e5f86ec20f530f1af6db5ba6808ce3	Why...	machine	gemma-4-31B-it/qat-UD-Q4_K_XL/v2+story-v1/llama.cpp-b11443/t0	2026-10-07		
2105_340_59	e512b8bb1ed592beebd1b7cdd4355d7f882b0831	Sister...!!	machine	gemma-4-31B-it/qat-UD-Q4_K_XL/v2+story-v1/llama.cpp-b11443/t0	2026-10-07		
2105_340_60	6642889c0109adcb3a2814184b4dcb8ae2e9e632	...!	machine	gemma-4-31B-it/qat-UD-Q4_K_XL/v2+story-v1/llama.cpp-b11443/t0	2026-10-07		
2105_340_61	1e2120ab68fdd7db639901d50c12f0ca3dce8052	Big sister Eve!?	machine	gemma-4-31B-it/qat-UD-Q4_K_XL/v2+story-v1/llama.cpp-b11443/t0	2026-10-07		
2105_340_62	1198a1010db9d5e6d70b8944dee71854686c7828	Oh no! She's unconscious!	machine	gemma-4-31B-it/qat-UD-Q4_K_XL/v2+story-v1/llama.cpp-b11443/t0	2026-10-07		
2105_340_63	80dfc95222f4385300673c148fa30f1dc85658d2	Givel is gone... What happened?	machine	gemma-4-31B-it/qat-UD-Q4_K_XL/v2+story-v1/llama.cpp-b11443/t0	2026-10-07		
2105_340_64	ddbae400b428dcce1aff3f38518cd508fce48bd7	Did Eve do that all on her\nown...?	machine	gemma-4-31B-it/qat-UD-Q4_K_XL/v2+story-v1/llama.cpp-b11443/t0	2026-10-07		
2105_340_65	88c31099c1e544c2b98b5407fa68c0294668954c	There is no trace of Givel's\nreaction anywhere in the\nvicinity...	machine	gemma-4-31B-it/qat-UD-Q4_K_XL/v2+story-v1/llama.cpp-b11443/t0	2026-10-07		
2105_340_66	084388b8a18f8a2e6e3efeb284c252d3bd2464cb	Furthermore, every energy\nreaction that could pose a\nthreat to us has vanished from\nthis space...	machine	gemma-4-31B-it/qat-UD-Q4_K_XL/v2+story-v1/llama.cpp-b11443/t0	2026-10-07		
2105_340_67	b4a044a0649df49e10a4fef3aea5bf37bc62a6b7	...What the hell? This is all too\nvague...	machine	gemma-4-31B-it/qat-UD-Q4_K_XL/v2+story-v1/llama.cpp-b11443/t0	2026-10-07		
2105_340_68	59d466298d55f6ffcd32897b06ea2df97eefe6c4	...For once, I agree with you.	machine	gemma-4-31B-it/qat-UD-Q4_K_XL/v2+story-v1/llama.cpp-b11443/t0	2026-10-07		
2105_340_69	b19fcb7bfb9ca6f37dafd52ad1cdad14903dbab4	I wanted something more... you\nknow, a big "bam!" to make it\nfeel like we actually won...	machine	gemma-4-31B-it/qat-UD-Q4_K_XL/v2+story-v1/llama.cpp-b11443/t0	2026-10-07		
2105_340_70	3b42c950280126f3a3a00989d9e0eb213a5e14b0	Wait, what?!	machine	gemma-4-31B-it/qat-UD-Q4_K_XL/v2+story-v1/llama.cpp-b11443/t0	2026-10-07		
2105_340_71	5d59d51678fdbfe82486e1233a0a4bc43027c5fb	Th-the space is starting to\nwarp! Did the power\nmaintaining this area vanish\nwhen Givel disappeared?!	machine	gemma-4-31B-it/qat-UD-Q4_K_XL/v2+story-v1/llama.cpp-b11443/t0	2026-10-07		
2105_340_72	fc304e2e5db9e7adb15fad4d217f3fd2ddb250ac	"The glowing monster that the\nGiverese called the Exorciser\nhas vanished!"	machine	gemma-4-31B-it/qat-UD-Q4_K_XL/v2+story-v1/llama.cpp-b11443/t0	2026-10-07		
2105_340_73	e43033eabcb04c17261f92c133432fe7e23bffaa	"I believe that is the cause of\nthe spatial collapse!"	machine	gemma-4-31B-it/qat-UD-Q4_K_XL/v2+story-v1/llama.cpp-b11443/t0	2026-10-07		
2105_340_75	ba347b4e717c9eac30dbf430e0acd83c7120f168	"Leave it to me! I have been\ntracing everyone's movements\nperfectly! I will teleport you to\nsafety immediately!"	machine	gemma-4-31B-it/qat-UD-Q4_K_XL/v2+story-v1/llama.cpp-b11443/t0	2026-10-07		
2105_340_76	cdd80fe7a42bfe87f34029d6a3a4399d17ce0021	Eve! Hang in there! We won!\nYou're safe now!	machine	gemma-4-31B-it/qat-UD-Q4_K_XL/v2+story-v1/llama.cpp-b11443/t0	2026-10-07		
2105_340_77	691a441f9ef5002fdd76d2059778af883622aff3	"Everyone! Please stay as close\ntogether as possible! Beginning\nteleportation!"	machine	gemma-4-31B-it/qat-UD-Q4_K_XL/v2+story-v1/llama.cpp-b11443/t0	2026-10-07		
2105_340_78	29921fb26de1923b50ff74833906575cd724c634	...Farewell, Lord Givel...	machine	gemma-4-31B-it/qat-UD-Q4_K_XL/v2+story-v1/llama.cpp-b11443/t0	2026-10-07		
2105_340_79	2e8a26a5ec56d31ebbd67938acd6a1bd4c5e690a	...Evelysse... Giverese... you all...	machine	gemma-4-31B-it/qat-UD-Q4_K_XL/v2+story-v1/llama.cpp-b11443/t0	2026-10-07		
