message_id	ja_sha1	en	source	engine	date	editor	note
6061_010_01	b3f56ad1311884e54e71903fd9004a272cecf8b6	I checked Heath and Jeanne's\nhealth. Just as Valka\npredicted, there were no signs\nof the petrification virus\naffecting them.	machine	gemma-4-26B-A4B-it/UD-Q4_K_M/v2+story-v1+short-v1/llama.cpp-b11443/t0	2026-10-06		
6061_010_02	af65b3e324cbe0731a6be8d583bd277df216baca	That's a relief! But I wonder\nhow it works?	machine	gemma-4-26B-A4B-it/UD-Q4_K_M/v2+story-v1/llama.cpp-b11443/t0	2026-10-06		
6061_010_03	4b972e7158bbb13d93e6dd07e5c54594c08058b0	They are infected, but I\nsuspect their bodies have\nadapted to the infected state.	machine	gemma-4-26B-A4B-it/UD-Q4_K_M/v2+story-v1/llama.cpp-b11443/t0	2026-10-06		
6061_010_04	e495d41ce989599aab9fffb9ee8a0a5fc5f528cf	However, since there's no\nsignificant difference from the\nCaptain's genetic structure, we\nmust research further to find\nthe root cause.	machine	gemma-4-26B-A4B-it/UD-Q4_K_M/v2+story-v1+short-v1/llama.cpp-b11443/t0	2026-10-06		
6061_010_05	c2713ac40c1b395d91a958803903aa29ba397567	Even on the Raza home planet,\nthere's no record of humans\npetrifying completely. Usually,\nsymptoms are slight before\nthey return to normal.	machine	gemma-4-26B-A4B-it/UD-Q4_K_M/v2+story-v1+short-v1/llama.cpp-b11443/t0	2026-10-06		
6061_010_06	3e83ba0e86f932e97b61cf220821798cdb408484	However, as long as the full\nextent of the virus remains\nunknown, we cannot let our\nguard down.	machine	gemma-4-26B-A4B-it/UD-Q4_K_M/v2+story-v1/llama.cpp-b11443/t0	2026-10-06		
6061_010_07	4740a23f9b00b9417c879e319c70824320cf45b1	...And yet, we can't even settle\ndown to implement planet-wide\ncountermeasures. It's quite\nproblematic.	machine	gemma-4-26B-A4B-it/UD-Q4_K_M/v2+story-v1+short-v1/llama.cpp-b11443/t0	2026-10-06		
6061_010_08	433ed28d266953adb5af1a341e597c08e429dedd	Why is that?	machine	gemma-4-26B-A4B-it/UD-Q4_K_M/v2+story-v1/llama.cpp-b11443/t0	2026-10-06		
6061_010_09	6fef902f35b456f0afc95dfc5a6d55e74aa30ae0	Currently, Raza and Ober are\nin a state of truce across all\nsectors.	machine	gemma-4-26B-A4B-it/UD-Q4_K_M/v2+story-v1/llama.cpp-b11443/t0	2026-10-06		
6061_010_10	c54fc6cfbe472e8296eef5941999a9211914a0b9	However, the Raza Space\nForce leadership, who should\nbe negotiating our future, have\nall gone missing.	machine	gemma-4-26B-A4B-it/UD-Q4_K_M/v2+story-v1+short-v1/llama.cpp-b11443/t0	2026-10-06		
6061_010_11	5ea5f3fcd8253a94deb941487e3783664c1af1a2	Apparently, they vanished\namidst the chaos of that fleet\nbattle.	machine	gemma-4-26B-A4B-it/UD-Q4_K_M/v2+story-v1/llama.cpp-b11443/t0	2026-10-06		
6061_010_12	e4fcd36be7656f385e4068ad7bbeb1412d2675de	That's quite unsettling...	machine	gemma-4-26B-A4B-it/UD-Q4_K_M/v2+story-v1/llama.cpp-b11443/t0	2026-10-06		
6061_010_13	0abc3d1eee5291cf92c12087eeb34bbf99120c52	We defeated Asmodeus and\nBig Sister Eve is back, but\nthere are still so many things\nwe don't know...	machine	gemma-4-26B-A4B-it/UD-Q4_K_M/v2+story-v1+short-v1/llama.cpp-b11443/t0	2026-10-06		
6061_010_14	361f1959759ebb274d614f074f75d8c9c4e00eef	Rekoro, is Big Sister Eve still\nnot awake?	machine	gemma-4-26B-A4B-it/UD-Q4_K_M/v2+story-v1/llama.cpp-b11443/t0	2026-10-06		
6061_010_15	a68b6064e542ddddf5497e8ef311a8ee8581ddd7	Fortunately, her condition is\nstable, but there is no sign of\nher waking up.	machine	gemma-4-26B-A4B-it/UD-Q4_K_M/v2+story-v1/llama.cpp-b11443/t0	2026-10-06		
6061_010_16	72f774d7f9f1544e6c6cd13201b9aa4f7657005b	I see...	machine	gemma-4-26B-A4B-it/UD-Q4_K_M/v2+story-v1/llama.cpp-b11443/t0	2026-10-06		
6061_010_17	134d8437f2269585ddbe22d9006a5e63be8c8f1b	Verda, Valka, and Henri are\nusing Asmodeus's biological\nsamples for a serum, but its\neffectiveness has been\nunderwhelming.	machine	gemma-4-26B-A4B-it/UD-Q4_K_M/v2+story-v1+short-v1/llama.cpp-b11443/t0	2026-10-06		
6061_010_18	cc0c91414a7544e35b38b537212bc3463ccac22b	While there are no signs of\npetrification, a full recovery will\nlikely be some time away.	machine	gemma-4-26B-A4B-it/UD-Q4_K_M/v2+story-v1/llama.cpp-b11443/t0	2026-10-06		
6061_010_19	c5541f0d80838f25833c0c961e95bf0fff40516e	Big Sister Verda and Henri-san\ndefinitely can't just leave a\ndisease that erodes stars\nalone.	machine	gemma-4-26B-A4B-it/UD-Q4_K_M/v2+story-v1/llama.cpp-b11443/t0	2026-10-06		
6061_010_20	407292de10b9eefb757e3d61eaf4091af065f4a1	I just hope the damage doesn't\nspread any further... Oh.	machine	gemma-4-26B-A4B-it/UD-Q4_K_M/v2+story-v1/llama.cpp-b11443/t0	2026-10-06		
6061_010_22	77391b36b628ed7fbe1fc261acee1612f1899c45	Good job, Big Sister Verda. Are\nyou okay? You look\nexhausted...	machine	gemma-4-26B-A4B-it/UD-Q4_K_M/v2+story-v1/llama.cpp-b11443/t0	2026-10-06		
6061_010_23	96b4b114539c1c4f2307494fe4c2513c93ad07d3	Mm... Tika, you're right. I might\nhave pushed myself a bit too\nhard. Eve's condition just isn't\nimproving much...	machine	gemma-4-26B-A4B-it/UD-Q4_K_M/v2+story-v1/llama.cpp-b11443/t0	2026-10-06		
6061_010_24	8838222f60b2c3dfeb56bc15c8638ff6c097a231	Sit down here. Do you want\nsomething warm to drink?	machine	gemma-4-26B-A4B-it/UD-Q4_K_M/v2+story-v1/llama.cpp-b11443/t0	2026-10-06		
6061_010_25	bed3ede9c1e43e34cd42d0afbf82232e77187b58	Sorry... By the way, Coro, how\nlong are you going to keep\ndressing like that?	machine	gemma-4-26B-A4B-it/UD-Q4_K_M/v2+story-v1/llama.cpp-b11443/t0	2026-10-06		
6061_010_26	42f2bab4c457a9aabccb2e246f2b03cbe00c498a	I'd love to get repaired, but\nright now I have to allocate all\nmaterial refining to the\nproduction of serum...	machine	gemma-4-26B-A4B-it/UD-Q4_K_M/v2+story-v1/llama.cpp-b11443/t0	2026-10-06		
6061_010_27	816c6592d7fdba9bd24bc0dec130820302b29160	In this situation, I simply cannot\nreproduce my perfect, flawless,\nand marvelous body.	machine	gemma-4-26B-A4B-it/UD-Q4_K_M/v2+story-v1/llama.cpp-b11443/t0	2026-10-06		
6061_010_28	de0f4d28f77a7ceab8f9311c4d7d845f0488ff14	My own performance depends\non the ship's capabilities, so I\nthink I'll stay like this until\neverything settles down.	machine	gemma-4-26B-A4B-it/UD-Q4_K_M/v2+story-v1/llama.cpp-b11443/t0	2026-10-06		
6061_010_29	6a539a63f24ecc04f465f9c4b11016807b6f51da	It's depressing to see even you\nlooking so unwell.	machine	gemma-4-26B-A4B-it/UD-Q4_K_M/v2+story-v1/llama.cpp-b11443/t0	2026-10-06		
6061_010_30	a84b2a2b836aad1215fca0bed904017e489713c7	Well, if you're fine... then...\nthat's... fine... ugh...	machine	gemma-4-26B-A4B-it/UD-Q4_K_M/v2+story-v1/llama.cpp-b11443/t0	2026-10-06		
6061_010_31	d7f85fe7a371ba87c3730c346f995b32149f0da8	Verda!	machine	gemma-4-26B-A4B-it/UD-Q4_K_M/v2+story-v1/llama.cpp-b11443/t0	2026-10-06		
6061_010_32	77f399ca00e360c4356f9a14c55542c9963362d5	Ah, s-sorry, Tika. I don't know\nwhat's wrong, my legs just\ngave out...	machine	gemma-4-26B-A4B-it/UD-Q4_K_M/v2+story-v1/llama.cpp-b11443/t0	2026-10-06		
6061_010_33	8d2be744d41ace79ef826a5eaaab725c05bf6ca7	Verda! ...Oh no! She's burning\nup!	machine	gemma-4-26B-A4B-it/UD-Q4_K_M/v2+story-v1/llama.cpp-b11443/t0	2026-10-06		
6061_010_34	e20a46efeb90e89bb8a864800728ff9071a0ce92	...Sorry, Tika... my footing is a\nbit...	machine	gemma-4-26B-A4B-it/UD-Q4_K_M/v2+story-v1/llama.cpp-b11443/t0	2026-10-06		
6061_010_35	5bb386a5f40975fdf1c3f4a8661e29cd2c1ad7fe	Verda, stay with me! Let's get\nyou to the infirmary! I'll give\nyou a piggyback ride, so hold\non tight!	machine	gemma-4-26B-A4B-it/UD-Q4_K_M/v2+story-v1/llama.cpp-b11443/t0	2026-10-06		
6061_010_36	dd28b2cfd76fcef123eddf2d2398712ea505f184	Gah! Tika!! No!! Get away from\nVerda!!	machine	gemma-4-26B-A4B-it/UD-Q4_K_M/v2+story-v1/llama.cpp-b11443/t0	2026-10-06		
6061_010_37	db648da9d93e1f9b4e6cc0d9d7dffb18c5bc7510	Eh? W-what?!	machine	gemma-4-26B-A4B-it/UD-Q4_K_M/v2+story-v1/llama.cpp-b11443/t0	2026-10-06		
6061_010_38	d226ba8abe0f583e9500827cb09924612c60bfc4	...Was I too late...!!	machine	gemma-4-26B-A4B-it/UD-Q4_K_M/v2+story-v1/llama.cpp-b11443/t0	2026-10-06		
6061_010_39	18a5bb64011e3a4220a20f12f32b0ec35602d895	Coro! Get Mastima and the\nCaptain! Then, separate Valka\nand Henri from Eve! Hurry!!	machine	gemma-4-26B-A4B-it/UD-Q4_K_M/v2+story-v1/llama.cpp-b11443/t0	2026-10-06		
6061_010_40	632cc70abe6c4fa863de9ad8ad421965551e2b1e	...Rekoro, don't tell me... am I...	machine	gemma-4-26B-A4B-it/UD-Q4_K_M/v2+story-v1/llama.cpp-b11443/t0	2026-10-06		
6061_010_41	3bc58a36569bc83064107ebb925dec597451c2b5	...You're infected.	machine	gemma-4-26B-A4B-it/UD-Q4_K_M/v2+story-v1/llama.cpp-b11443/t0	2026-10-06		
6061_010_42	17f8d1fc934da08a934afa5db0988e3613051900	Whaaaat!?	machine	gemma-4-26B-A4B-it/UD-Q4_K_M/v2+story-v1/llama.cpp-b11443/t0	2026-10-06		
6061_010_43	7b856b89cbf5f622ae41f2e686e24d2185564d0e	N-No way...!	machine	gemma-4-26B-A4B-it/UD-Q4_K_M/v2+story-v1/llama.cpp-b11443/t0	2026-10-06		
6061_010_44	0f3d331e02af126181dba0e87198ba7288ac1928	Verda Kleiman is infected with\nthe Petrification Virus! Tika\nlikely caught it from her too!	machine	gemma-4-26B-A4B-it/UD-Q4_K_M/v2+story-v1+short-v1/llama.cpp-b11443/t0	2026-10-06		
6061_010_45	774b68e9dc561b181600e4d9d77fc3a4829d3668	This is an emergency! Summon\nLambda! Coro! Move it!	machine	gemma-4-26B-A4B-it/UD-Q4_K_M/v2+story-v1/llama.cpp-b11443/t0	2026-10-06		
6061_010_46	59f063577cfdb0255222411810a7fb1edd21f901	Y-Yeeessir!!	machine	gemma-4-26B-A4B-it/UD-Q4_K_M/v2+story-v1/llama.cpp-b11443/t0	2026-10-06		
6061_010_47	95be2b1c15bfc384f962b12e4a7726827739f7be	...Forgive me... Tika... I was\nbeing careful, but...	machine	gemma-4-26B-A4B-it/UD-Q4_K_M/v2+story-v1/llama.cpp-b11443/t0	2026-10-06		
6061_010_48	3668090164744fdb20871ee1d6db01f3f82d76db	Don't talk...! I'm still fine! Let's\nget to the infirmary, just hold\non tight.	machine	gemma-4-26B-A4B-it/UD-Q4_K_M/v2+story-v1/llama.cpp-b11443/t0	2026-10-06		
6061_010_49	c6616888677fba6ae6cf232dc0a134a78cc0be66	I'm sorry... Haha, so this is what\nthey call "carrying a child on\none's back."	machine	gemma-4-26B-A4B-it/UD-Q4_K_M/v2+story-v1/llama.cpp-b11443/t0	2026-10-06		
6061_010_50	62899a8753f9b0e01fe35dc477ff3e0f0191ac8f	...Sister Verda. It's okay... This\nis a disease that has been\nknown for a very long time...\nYou'll definitely get better...!	machine	gemma-4-26B-A4B-it/UD-Q4_K_M/v2+story-v1/llama.cpp-b11443/t0	2026-10-06		
6061_015_01	886dc19927b33687fed51dd072bc303593fb6643	I've just confirmed infections in\nTika, Ricardo, Karlyn, and even\nGiverese...	machine	gemma-4-26B-A4B-it/UD-Q4_K_M/v2+story-v1/llama.cpp-b11443/t0	2026-10-06		
6061_015_02	649238749bcfa8db6f9d5689561463e13946864b	...What are we supposed to do\nabout this...?	machine	gemma-4-26B-A4B-it/UD-Q4_K_M/v2+story-v1/llama.cpp-b11443/t0	2026-10-06		
6061_015_03	80d626f1140a179b4e300f9adf900f1f3ea3d1e9	Face reality. Crying won't\nchange anything.	machine	gemma-4-26B-A4B-it/UD-Q4_K_M/v2+story-v1/llama.cpp-b11443/t0	2026-10-06		
6061_015_05	4b87b9ca7da61966d5b54539469fba62bc9f3a5e	...This virus's infectiousness is\nabnormal. Isn't it even more\nvicious than what the captains\ndescribed on Planet Roak?	machine	gemma-4-26B-A4B-it/UD-Q4_K_M/v2+story-v1+short-v1/llama.cpp-b11443/t0	2026-10-06		
6061_015_06	a91a3e68fc64be64c50bd1faa3c385527aac6529	Come to think of it... they\ncouldn't identify the\ntransmission route when my\nfather's comrades were\ninfected, either...	machine	gemma-4-26B-A4B-it/UD-Q4_K_M/v2+story-v1+short-v1/llama.cpp-b11443/t0	2026-10-06		
6061_015_07	5d409eadaa77c5b4e0461127e9f471caf19b18ce	Perhaps the petrification\ndisease Coro knows about and\nthe one I know about are\ndifferent types.	machine	gemma-4-26B-A4B-it/UD-Q4_K_M/v2+story-v1/llama.cpp-b11443/t0	2026-10-06		
6061_015_08	621962ef380bae2874832abd75d32feb4566cedc	Is there a possibility that Givel\nwas infected from the very\nbeginning?	machine	gemma-4-26B-A4B-it/UD-Q4_K_M/v2+story-v1/llama.cpp-b11443/t0	2026-10-06		
6061_015_09	32142c95b3c0ec659615fbcdb2c8cdfd67eba6d8	Even if captured, they were\nwith Asmodeus, so maybe\ngenetic differences caused a\nlonger incubation period...	machine	gemma-4-26B-A4B-it/UD-Q4_K_M/v2+story-v1+short-v1/llama.cpp-b11443/t0	2026-10-06		
6061_015_10	6ee244558133cc8b69412101daed454a0391c449	If that were the case, Valka\nshould have detected it the\nmoment they were brought\nonto the Overman.	machine	gemma-4-26B-A4B-it/UD-Q4_K_M/v2+story-v1/llama.cpp-b11443/t0	2026-10-06		
6061_015_11	0fa391abda20d3a83fb10508ad8d620197bd8dc3	Euwin, Welch, and Lavarnia,\nwho were confirmed to be\nuninfected, were evacuated to\nthe Overman.	machine	gemma-4-26B-A4B-it/UD-Q4_K_M/v2+story-v1/llama.cpp-b11443/t0	2026-10-06		
6061_015_12	c67e821cd67c3a51081085eb946a4959c5477b73	As for Heath and Jeanne,\nsince they are infected, they\nare currently on standby in the\ninfirmary.	machine	gemma-4-26B-A4B-it/UD-Q4_K_M/v2+story-v1/llama.cpp-b11443/t0	2026-10-06		
6061_015_13	c3b12116e6eec8ac1d90af83b76e664e9915b548	Henri shows no symptoms, but\nsince he was present for Eve's\nexam from the start, we\nsuspect he's in the incubation\nperiod.	machine	gemma-4-26B-A4B-it/UD-Q4_K_M/v2+story-v1+short-v1/llama.cpp-b11443/t0	2026-10-06		
6061_015_14	7f47235d5a9c10f8511a485b4e8008db4c138a47	Kevin is looking after everyone\nright now, but...	machine	gemma-4-26B-A4B-it/UD-Q4_K_M/v2+story-v1/llama.cpp-b11443/t0	2026-10-06		
6061_015_15	38711886195ab4ef74187be47ac0a49973b3f92c	If that's the case, then the fact\nthat we haven't shown\nsymptoms yet is truly just a\ncoincidence.	machine	gemma-4-26B-A4B-it/UD-Q4_K_M/v2+story-v1/llama.cpp-b11443/t0	2026-10-06		
6061_015_16	fcfdb1f095b4d083e398110cf8de50a1f7cdb04b	Exactly. In particular, we\ncannot rule out the possibility\nthat the Captain is in the\nincubation period, just like\nHenri.	machine	gemma-4-26B-A4B-it/UD-Q4_K_M/v2+story-v1/llama.cpp-b11443/t0	2026-10-06		
6061_015_17	ec60124fc2e69d5e164ddf6d8abcd6a0f1d114cb	What is the status of the\nserum development?	machine	gemma-4-26B-A4B-it/UD-Q4_K_M/v2+story-v1/llama.cpp-b11443/t0	2026-10-06		
6061_015_18	01a504bb6e046734b1b8942390463777f49b4c5b	The prototypes we've\ncompleted are not working\neffectively against Lady\nLeash...	machine	gemma-4-26B-A4B-it/UD-Q4_K_M/v2+story-v1/llama.cpp-b11443/t0	2026-10-06		
6061_015_19	44a7270190266fd4f88fe088875d22d602400933	...Furthermore, we will need\nspecific serums for the Daftine,\nDaftes, Levarance, and humans\nrespectively.	machine	gemma-4-26B-A4B-it/UD-Q4_K_M/v2+story-v1/llama.cpp-b11443/t0	2026-10-06		
6061_015_20	c7e767b5f761beb825ffb4e32c918c2ff2e23ea8	As for Lady Leash and Givel,\nwe haven't even been able to\nidentify their genetic\nstructures.	machine	gemma-4-26B-A4B-it/UD-Q4_K_M/v2+story-v1/llama.cpp-b11443/t0	2026-10-06		
6061_015_21	172815a34d4da93c49b9d4ed7ed1ca9335a29837	Can we not detect any serum\nor antibodies from the bodies\nof the Raza, like Heath and\nJeanne?	machine	gemma-4-26B-A4B-it/UD-Q4_K_M/v2+story-v1/llama.cpp-b11443/t0	2026-10-06		
6061_015_22	8d580331c521eabdcec82696ee3575a7e8a26228	It seems their bodies do not\npossess antigens against the\nvirus.	machine	gemma-4-26B-A4B-it/UD-Q4_K_M/v2+story-v1/llama.cpp-b11443/t0	2026-10-06		
6061_015_23	21af74d458ab0d990a073a5647d08baba6a2bf32	It appears they are adapting\ntheir bodies to the presence of\nthe virus and neutralizing it.	machine	gemma-4-26B-A4B-it/UD-Q4_K_M/v2+story-v1/llama.cpp-b11443/t0	2026-10-06		
6061_015_24	f2a25eefbe2225f6c8e499a275fe2406cda409c0	Even if we were to analyze this\nmechanism, we simply don't\nhave the time to apply it to\neveryone on this ship.	machine	gemma-4-26B-A4B-it/UD-Q4_K_M/v2+story-v1/llama.cpp-b11443/t0	2026-10-06		
6061_015_25	cab75b3aa6c3eb520b5d4aaea2cb63caecd8a9f3	We're backed into a corner,\nthen.	machine	gemma-4-26B-A4B-it/UD-Q4_K_M/v2+story-v1/llama.cpp-b11443/t0	2026-10-06		
6061_015_26	b23d6af4af2bee84366d9af70b90fc9614369787	Can we ask Ober for help?\nAsmodeus had already\nmastered mass-producing this\nvirus and integrating it into\nweaponry.	machine	gemma-4-26B-A4B-it/UD-Q4_K_M/v2+story-v1+short-v1/llama.cpp-b11443/t0	2026-10-06		
6061_015_27	3f50b1365f3d3330b4580efc1e413655c2a7e7b2	That means Ober should have\na wealth of expertise regarding\nthe handling of this virus.	machine	gemma-4-26B-A4B-it/UD-Q4_K_M/v2+story-v1/llama.cpp-b11443/t0	2026-10-06		
6061_015_28	57075714e148b54552407e2ac423a5b98c1fd359	How do we get them to hand it\nover? We're still outsiders, and\nall of Raza's leadership capable\nof negotiating a ceasefire are\nmissing.	machine	gemma-4-26B-A4B-it/UD-Q4_K_M/v2+story-v1+short-v1/llama.cpp-b11443/t0	2026-10-06		
6061_015_29	6a62b5f341e4d753631843454abae1e82762c73a	Jeanne Marswest doesn't hold\nenough authority to be\ndelegated all negotiation\npowers, either.	machine	gemma-4-26B-A4B-it/UD-Q4_K_M/v2+story-v1/llama.cpp-b11443/t0	2026-10-06		
6061_015_30	ebb0b1347b7f23f0ea2a54acd26b98a109dfe11a	Besides, if a careless contact\ntriggers a petrification\npandemic in Ober, it will truly\nbe the end for us.	machine	gemma-4-26B-A4B-it/UD-Q4_K_M/v2+story-v1+short-v1/llama.cpp-b11443/t0	2026-10-06		
6061_015_31	a9946f75cd8f1bca9362d5495d65a167b0405300	Then what am I supposed to\ndo?! We're running out of\noptions here!	machine	gemma-4-26B-A4B-it/UD-Q4_K_M/v2+story-v1/llama.cpp-b11443/t0	2026-10-06		
6061_015_32	60be7aec5fb5645bccd5619b8df0c28f4eac1caa	Please calm down, Valka! This\nis no time to be fighting...	machine	gemma-4-26B-A4B-it/UD-Q4_K_M/v2+story-v1/llama.cpp-b11443/t0	2026-10-06		
6061_015_33	d79a5d8e1de9da704517bd88ba07c40ab05e58c5	We have no choice but to\ncontinue our research steadily.\nIf there is any silver lining, it's\nthat this isn't a fatal disease.	machine	gemma-4-26B-A4B-it/UD-Q4_K_M/v2+story-v1/llama.cpp-b11443/t0	2026-10-06		
6061_015_34	d5ba4cfd9297e465e95444e3f6f8923e3702831f	Kevin, Valka, and I―since we\ndon't have to worry about\ninfection―will take the lead and\nfocus on our research.	machine	gemma-4-26B-A4B-it/UD-Q4_K_M/v2+story-v1/llama.cpp-b11443/t0	2026-10-06		
6061_015_35	ed73d031a158305445ec3b82bb7ccabb4d8fecb8	As for external affairs like\nsupplies, we can rely on Euwin,\nWelch, and Lavarnia.	machine	gemma-4-26B-A4B-it/UD-Q4_K_M/v2+story-v1/llama.cpp-b11443/t0	2026-10-06		
6061_015_36	251dc573d86f97ea8cfd4285e4013f8c6b6290d2	Is that... really all there is?	machine	gemma-4-26B-A4B-it/UD-Q4_K_M/v2+story-v1/llama.cpp-b11443/t0	2026-10-06		
6061_015_37	6c4976e1a9637541492d74a4a650f915cb508a1c	At this rate, we don't know\nwhen the Captain will show\nsymptoms. We must start with\nwhat we can do... Captain.	machine	gemma-4-26B-A4B-it/UD-Q4_K_M/v2+story-v1+short-v1/llama.cpp-b11443/t0	2026-10-06		
6061_015_39	b2dac61247b427f38971c40e3d7f0022903d1f47	Captain!? What's wrong?	machine	gemma-4-26B-A4B-it/UD-Q4_K_M/v2+story-v1/llama.cpp-b11443/t0	2026-10-06		
6061_015_41	a2ce84b64bdaf4ae7fe0437f663b0fd9f3651655	C-C-C-C-Captainnnnnnnn!?	machine	gemma-4-26B-A4B-it/UD-Q4_K_M/v2+story-v1/llama.cpp-b11443/t0	2026-10-06		
6061_015_42	6edb76f8e44b78511222a1a38dbae987302ef40f	Damn it... it's onset!	machine	gemma-4-26B-A4B-it/UD-Q4_K_M/v2+story-v1/llama.cpp-b11443/t0	2026-10-06		
6061_015_43	53187533e3096260ad2758d22250311135a9477a	Captain! Stay with me!	machine	gemma-4-26B-A4B-it/UD-Q4_K_M/v2+story-v1/llama.cpp-b11443/t0	2026-10-06		
6061_015_44	5879ae2874f91f994de2926585f55a18cb997eee	Captain! Please, wake up,\nCaptain!!	machine	gemma-4-26B-A4B-it/UD-Q4_K_M/v2+story-v1/llama.cpp-b11443/t0	2026-10-06		
6061_030_01	4fa0532f6da59ed065b3774aa57d9678e6bfa463	Even so, this is a blow... To\nthink the Captain, Eve, and I\nwould all fall ill with the same\ndisease and end up sharing a\nsickbed... Hahaha...	machine	gemma-4-26B-A4B-it/UD-Q4_K_M/v2+story-v1+short-v1/llama.cpp-b11443/t0	2026-10-06		
6061_030_03	52b01a282a7087665f07668316d59ff57f722784	Don't lose heart. For now, just\nfocus on resting. Leave the\nrest to us.	machine	gemma-4-26B-A4B-it/UD-Q4_K_M/v2+story-v1/llama.cpp-b11443/t0	2026-10-06		
6061_030_04	e7a816b48efdd845a94f6976c45ce1a5e3b9b916	Eve seems to be in a stable\ncondition for now and is\nsleeping soundly.	machine	gemma-4-26B-A4B-it/UD-Q4_K_M/v2+story-v1/llama.cpp-b11443/t0	2026-10-06		
6061_030_06	858cd1a33466b9069df79815e711d63d5a3b8f85	Mmm... Sorry, but could you\nkeep an eye on Valka so she\ndoesn't start crying? She must\nbe quite exhausted.	machine	gemma-4-26B-A4B-it/UD-Q4_K_M/v2+story-v1/llama.cpp-b11443/t0	2026-10-06		
6061_030_07	d9d3bf8c7793238bf7a9b35019532aad96bf740c	...It's alright. Valka is holding up\nfine.	machine	gemma-4-26B-A4B-it/UD-Q4_K_M/v2+story-v1/llama.cpp-b11443/t0	2026-10-06		
6061_030_08	00069cdd97e0ba4af54cd5982ad16ad1aa79dc06	I see... You've grown strong...\nWait, am I being too\npresumptuous saying that?	machine	gemma-4-26B-A4B-it/UD-Q4_K_M/v2+story-v1/llama.cpp-b11443/t0	2026-10-06		
6061_030_10	31f56e922b694ebb66b8040d294860523cca8926	Please get some rest. We will\ncome by again later.	machine	gemma-4-26B-A4B-it/UD-Q4_K_M/v2+story-v1/llama.cpp-b11443/t0	2026-10-06		
6061_030_11	b7131e1f7b5e160357c8f0d59957abddc61e8321	Hey, Captain, Coro.	machine	gemma-4-26B-A4B-it/UD-Q4_K_M/v2+story-v1/llama.cpp-b11443/t0	2026-10-06		
6061_030_13	301f1771378300c3e4995d8dda28403f409efcc5	Ever since Eve left, Tika and\nMastima have fought\nconstantly. Mastima always\nsuspected Eve was up to\nsomething...	machine	gemma-4-26B-A4B-it/UD-Q4_K_M/v2+story-v1+short-v1/llama.cpp-b11443/t0	2026-10-06		
6061_030_14	9d12afc84db2ba34e8f9f0730d0619237085b07f	Now that you mention it, that's\ntrue.	machine	gemma-4-26B-A4B-it/UD-Q4_K_M/v2+story-v1/llama.cpp-b11443/t0	2026-10-06		
6061_030_15	84db8cbb7641e283413d258b387a63b1c2cb6f63	Come to think of it, I feel like\nMastima has been suspicious\nof Eve ever since the days in\nDaftine...	machine	gemma-4-26B-A4B-it/UD-Q4_K_M/v2+story-v1/llama.cpp-b11443/t0	2026-10-06		
6061_030_16	f37018dd71600e400f9308b4d2ec4c5d4431f2ef	It's true that the battle in\nDaftine over the Summoning\nCrest was full of unnatural\noccurrences.	machine	gemma-4-26B-A4B-it/UD-Q4_K_M/v2+story-v1/llama.cpp-b11443/t0	2026-10-06		
6061_030_17	55170801df7542cb2050f6bf76200bc103570e02	Eve possesses the same power\nas Givel.	machine	gemma-4-26B-A4B-it/UD-Q4_K_M/v2+story-v1/llama.cpp-b11443/t0	2026-10-06		
6061_030_18	32d270a7f97e13cf11d6d04dd790672fa35a7e7d	Therefore, it is not entirely\nunnatural to think that the two\nof them share some kind of\nconnection...	machine	gemma-4-26B-A4B-it/UD-Q4_K_M/v2+story-v1/llama.cpp-b11443/t0	2026-10-06		
6061_030_20	a0354deed69c9a39136da6fcac64b282d14bcc42	But... I just couldn't bring\nmyself to believe that Eve was\nsuch a scheming, audacious\nvillain...	machine	gemma-4-26B-A4B-it/UD-Q4_K_M/v2+story-v1/llama.cpp-b11443/t0	2026-10-06		
6061_030_21	d0e4c25994ff1e19c20134457df9768e3d0efca8	It can't be... Back then, Eve\nwas...!	machine	gemma-4-26B-A4B-it/UD-Q4_K_M/v2+story-v1/llama.cpp-b11443/t0	2026-10-06		
6061_030_22	7a071ebed6e6928b8c9fffa2800b689ec895d113	You mean when the Captain\ncontracted Scorching Death at\nthe Levarance space base,\nright, Verda?	machine	gemma-4-26B-A4B-it/UD-Q4_K_M/v2+story-v1+short-v1/llama.cpp-b11443/t0	2026-10-06		
6061_030_23	3c99ffac245099837ead095f7b26d8ab274d8898	...So, Coro, you remember that\ntime too?	machine	gemma-4-26B-A4B-it/UD-Q4_K_M/v2+story-v1/llama.cpp-b11443/t0	2026-10-06		
6061_030_24	296cf983a2991f1bd8387d13e2a97d6a535a7663	How could I ever forget? Back\nthen, a cure for the Scorching\nDeath hadn't even been\nestablished yet.	machine	gemma-4-26B-A4B-it/UD-Q4_K_M/v2+story-v1/llama.cpp-b11443/t0	2026-10-06		
6061_030_25	ec256fa5da6fd636a6449f72784ace8a55eb4db1	And yet, the Captain\nrecovered.	machine	gemma-4-26B-A4B-it/UD-Q4_K_M/v2+story-v1/llama.cpp-b11443/t0	2026-10-06		
6061_030_26	6f307b78663013a93607cdbacef2b5a0fc932135	I could only conclude that it\nwas Eve's Gem Arts that did it.	machine	gemma-4-26B-A4B-it/UD-Q4_K_M/v2+story-v1/llama.cpp-b11443/t0	2026-10-06		
6061_030_28	61a7db9390d58aba9b3980fa30119263ad102c9c	If Eve were a villain like Givel,\nkeeping the Captain alive only\nfor utility... I doubt she'd look\nso desperate.	machine	gemma-4-26B-A4B-it/UD-Q4_K_M/v2+story-v1+short-v1/llama.cpp-b11443/t0	2026-10-06		
6061_030_29	cbab74a18d963bb4744c2bb18eff63e8d0b90558	If she could have saved the\nCaptain with absolute\ncertainty...	machine	gemma-4-26B-A4B-it/UD-Q4_K_M/v2+story-v1/llama.cpp-b11443/t0	2026-10-06		
6061_030_30	7df67d5fde63ddb194769dcd7dfad96f61fe2fe0	It would have been far more\neffective to calm the chaos\nand urge everyone to act\ncalmly to earn their trust...	machine	gemma-4-26B-A4B-it/UD-Q4_K_M/v2+story-v1/llama.cpp-b11443/t0	2026-10-06		
6061_030_31	316bd664dd046e111dcabc4320128ffedeec8458	Everyone was desperate back\nthen, wasn't it?	machine	gemma-4-26B-A4B-it/UD-Q4_K_M/v2+story-v1/llama.cpp-b11443/t0	2026-10-06		
6061_030_32	2c0d69f9bb3f1d672b98dc644812d5e1391be45f	Indeed... Eve, who would do\nsomething so irrational just to\nsave her comrades... she\ncannot be a villain...	machine	gemma-4-26B-A4B-it/UD-Q4_K_M/v2+story-v1/llama.cpp-b11443/t0	2026-10-06		
6061_030_34	34612786d0ae8e315186fc74382a494fed4faf30	You're right... I think so, too.	machine	gemma-4-26B-A4B-it/UD-Q4_K_M/v2+story-v1/llama.cpp-b11443/t0	2026-10-06		
6061_030_35	12147bf6c8b929e57d383a17a20f9a61a9724260	*Sigh*... I've talked a bit too\nmuch. I'm going to sleep for a\nwhile.	machine	gemma-4-26B-A4B-it/UD-Q4_K_M/v2+story-v1/llama.cpp-b11443/t0	2026-10-06		
6061_030_37	bcf203942003d1ab17ab4fc172d3570a75bf55ef	Yes. Please get some rest.	machine	gemma-4-26B-A4B-it/UD-Q4_K_M/v2+story-v1/llama.cpp-b11443/t0	2026-10-06		
6061_030_38	d8414f69c5d6a45dc303f82565c797e677f757f3	...Truly, there is never a dull\nmoment on a journey through\nthe sea of stars...	machine	gemma-4-26B-A4B-it/UD-Q4_K_M/v2+story-v1/llama.cpp-b11443/t0	2026-10-06		
6061_030_39	39575e5544157ec0138eb1492cb9b0cec5ee03ff	...!	machine	gemma-4-26B-A4B-it/UD-Q4_K_M/v2+story-v1/llama.cpp-b11443/t0	2026-10-06		
6062_100_01	139e8da3c1b428c714454a5a76e2585dd317cb66	Haaah!	machine	gemma-4-26B-A4B-it/UD-Q4_K_M/v2+story-v1/llama.cpp-b11443/t0	2026-10-06		
6062_100_02	2b238dd9e83d0b4b9b1611f7258ca15ee5f075e9	I won't let you get away!	machine	gemma-4-26B-A4B-it/UD-Q4_K_M/v2+story-v1/llama.cpp-b11443/t0	2026-10-06		
6062_100_03	335d991623b99071f4821cd6f9d9862be92ee689	Take this! Hah! Get crushed!\nYou...! Daaaaah!	machine	gemma-4-26B-A4B-it/UD-Q4_K_M/v2+story-v1/llama.cpp-b11443/t0	2026-10-06		
6062_100_04	aed7919fd0afe6b37275b9079eabf0a90092b61d	"Alright... looks like that took\ncare of most of them."	machine	gemma-4-26B-A4B-it/UD-Q4_K_M/v2+story-v1/llama.cpp-b11443/t0	2026-10-06		
6062_100_05	2a3366727502513930c2254685c59192a693a24f	I believe the number of\nenemies defeated roughly\nmatches the figures predicted\nby the Bazaar Council.	machine	gemma-4-26B-A4B-it/UD-Q4_K_M/v2+story-v1/llama.cpp-b11443/t0	2026-10-06		
6062_100_06	edfddb30e8d91a1a762b0408f4c91c2caa561c2c	Hmph!	machine	gemma-4-26B-A4B-it/UD-Q4_K_M/v2+story-v1/llama.cpp-b11443/t0	2026-10-06		
6062_100_07	026db4d18d56b5a6ef90db8e78f961df7358313a	"Ms. Welch, you seem quite\nworked up."	machine	gemma-4-26B-A4B-it/UD-Q4_K_M/v2+story-v1/llama.cpp-b11443/t0	2026-10-06		
6062_100_08	10d207d8e90f721db869c19aacd8f7489ea9cb45	Even the Gem mining machine\nin the mine didn't react. She's\nin bad shape.	machine	gemma-4-26B-A4B-it/UD-Q4_K_M/v2+story-v1/llama.cpp-b11443/t0	2026-10-06		
6062_100_09	19ebaa12881cde37760d945740e32c436247b6b6	She's just frustrated because\nshe can't even go visit our\ncomrades who are suffering\nfrom illness.	machine	gemma-4-26B-A4B-it/UD-Q4_K_M/v2+story-v1/llama.cpp-b11443/t0	2026-10-06		
6062_100_10	e4adcbb51b08036a320106a2bbc221a6421c7573	But the Stardust Bazaar has\nhelped Ms. Welch and the\nothers so much.	machine	gemma-4-26B-A4B-it/UD-Q4_K_M/v2+story-v1/llama.cpp-b11443/t0	2026-10-06		
6062_100_11	e295ae83a918004dbb9a60989d94c54f47edd397	Thanks to everyone, we've\nmostly confirmed the damage\nfrom Raza and Ober's attack.\nDad will be happy too.	machine	gemma-4-26B-A4B-it/UD-Q4_K_M/v2+story-v1+short-v1/llama.cpp-b11443/t0	2026-10-06		
6062_100_13	6fce8d4fce6408812ba74bf4021e043db932f301	I understand that feeling of\nunease.	machine	gemma-4-26B-A4B-it/UD-Q4_K_M/v2+story-v1/llama.cpp-b11443/t0	2026-10-06		
6062_100_14	4042c8c9230c24b7c45f05ac99973b0ef11680c8	If I saw leaders abandoning\ntheir posts during a planetary\ncrisis, I might feel like taking\ntheir heads myself.	machine	gemma-4-26B-A4B-it/UD-Q4_K_M/v2+story-v1+short-v1/llama.cpp-b11443/t0	2026-10-06		
6062_100_15	e36178d07aee733d405e3318da1fcb2555ef1a5d	Besides, even if neutralized, we\ndon't know how the\npetrification virus Heath and I\ncarry might affect the Ober\nresidents.	machine	gemma-4-26B-A4B-it/UD-Q4_K_M/v2+story-v1+short-v1/llama.cpp-b11443/t0	2026-10-06		
6062_100_16	93302aa14ad89d62d9848ba894626c70917d0f8d	We cannot even descend to\nthe Bazaar. Euwin, Welch, and\nLavarnia have truly been a\ngreat help to us.	machine	gemma-4-26B-A4B-it/UD-Q4_K_M/v2+story-v1/llama.cpp-b11443/t0	2026-10-06		
6062_100_17	f4d42fd8b7e4d46306132a943b6985f4117b1c1b	Dammit, things should be\nlooking up in the big picture,\nbut nothing feels right. I get\nwhy you're feeling restless.	machine	gemma-4-26B-A4B-it/UD-Q4_K_M/v2+story-v1/llama.cpp-b11443/t0	2026-10-06		
6062_100_18	a25dea66c460def283a966748b77fcffaaf30456	With both the Raza and Ober\narmies in total shambles, I\nwonder what's going to happen\nto the Azurite system.	machine	gemma-4-26B-A4B-it/UD-Q4_K_M/v2+story-v1/llama.cpp-b11443/t0	2026-10-06		
6062_100_19	d164037a8eefd9afaaeb1aabc229c88ae684bfc3	An idle mind is the devil's\nworkshop. For now, we must\nstay in this remote asteroid\nbelt and focus on pest\ncontrol...	machine	gemma-4-26B-A4B-it/UD-Q4_K_M/v2+story-v1+short-v1/llama.cpp-b11443/t0	2026-10-06		
6062_100_20	612f6299e08c91e95b557569f3a35ed4c9d2d99e	Hm?	machine	gemma-4-26B-A4B-it/UD-Q4_K_M/v2+story-v1/llama.cpp-b11443/t0	2026-10-06		
6062_100_21	285c37c218c25be08f3b3463498184f67cf96db4	What is it, Boss?	machine	gemma-4-26B-A4B-it/UD-Q4_K_M/v2+story-v1/llama.cpp-b11443/t0	2026-10-06		
6062_100_22	b7d81e58f6993660279ad453140391353149246c	Speak of the devil, I suppose.\nWe have a transmission from\nCoro. They want everyone to\nreturn to the ship.	machine	gemma-4-26B-A4B-it/UD-Q4_K_M/v2+story-v1/llama.cpp-b11443/t0	2026-10-06		
6062_100_23	8644bf986bce9f78d304c175d0bc0d8f1a680801	"I wonder what's wrong? I hope\nit isn't bad news..."	machine	gemma-4-26B-A4B-it/UD-Q4_K_M/v2+story-v1/llama.cpp-b11443/t0	2026-10-06		
6062_100_24	f9608c385baf694354b3883e757cd787f7e55397	I'm not sure if this will help us\ndecide, but it seems they are\nabout to leave the Stardust\nBazaar.	machine	gemma-4-26B-A4B-it/UD-Q4_K_M/v2+story-v1/llama.cpp-b11443/t0	2026-10-06		
6062_100_25	bdc0a586e200ef800a11dce55c39569b6eef3975	Eve has regained\nconsciousness.	machine	gemma-4-26B-A4B-it/UD-Q4_K_M/v2+story-v1/llama.cpp-b11443/t0	2026-10-06		
6062_100_26	d0266993ffce130079272ddd5c92354a296e6d59	What!?	machine	gemma-4-26B-A4B-it/UD-Q4_K_M/v2+story-v1/llama.cpp-b11443/t0	2026-10-06		
6062_100_27	523b7634a9a8e3e0d5f155626c312c8ceac1e3b8	Is that true!?	machine	gemma-4-26B-A4B-it/UD-Q4_K_M/v2+story-v1/llama.cpp-b11443/t0	2026-10-06		
6062_100_28	f5e56d8f0c1e898976f0117d231108be865b5cdf	"Yes. Under Eve's instructions,\nit seems we will be curing our\npetrification disease."	machine	gemma-4-26B-A4B-it/UD-Q4_K_M/v2+story-v1/llama.cpp-b11443/t0	2026-10-06		
6062_100_29	675469ef18530564132b15866e50197961d81c5a	"The destination is reportedly\nPlanet Lazuli."	machine	gemma-4-26B-A4B-it/UD-Q4_K_M/v2+story-v1/llama.cpp-b11443/t0	2026-10-06		
6062_110_01	884eae141130b7b25c355ce3c74422ba116abaf6	Twinkling stars... become the\nlight... that guides him...	machine	gemma-4-26B-A4B-it/UD-Q4_K_M/v2+story-v1/llama.cpp-b11443/t0	2026-10-06		
6062_110_03	96dca1a3466b25fcebb96fa42e15bd606c1547c1	Nn... ah...	machine	gemma-4-26B-A4B-it/UD-Q4_K_M/v2+story-v1/llama.cpp-b11443/t0	2026-10-06		
6062_110_04	e16565314b57abb774758baaf4b250e98ec52829	Haah...	machine	gemma-4-26B-A4B-it/UD-Q4_K_M/v2+story-v1/llama.cpp-b11443/t0	2026-10-06		
6062_110_05	04e613197555d2bcc2607fd3592a2f786d2d4e93	...What the hell happened?	machine	gemma-4-26B-A4B-it/UD-Q4_K_M/v2+story-v1/llama.cpp-b11443/t0	2026-10-06		
6062_110_07	c40aeaaa2e662b95e0aeb0e5b28fe562579d087e	What on earth is going on... the\npetrification virus...	machine	gemma-4-26B-A4B-it/UD-Q4_K_M/v2+story-v1/llama.cpp-b11443/t0	2026-10-06		
6062_110_08	6809312f51c311126877aca66f8d4843d05f63e9	It's all gone now. I used the\nGems and my own power to\namplify them at the Urza Gate\nto repair it.	machine	gemma-4-26B-A4B-it/UD-Q4_K_M/v2+story-v1/llama.cpp-b11443/t0	2026-10-06		
6062_110_09	dd158ecd4a1d0a3198f8449b9603b9f586a826e0	How are you able to do such a\nthing? I expect an explanation.	machine	gemma-4-26B-A4B-it/UD-Q4_K_M/v2+story-v1/llama.cpp-b11443/t0	2026-10-06		
6062_110_10	35ac2aafa082610d839b6bf69714511210747573	I know. I'll tell you everything...\nRight, Givel?	machine	gemma-4-26B-A4B-it/UD-Q4_K_M/v2+story-v1/llama.cpp-b11443/t0	2026-10-06		
6062_110_11	05f5b0499b70a9ec96b6ff5e64903ef6775a3371	...Do as you wish.	machine	gemma-4-26B-A4B-it/UD-Q4_K_M/v2+story-v1/llama.cpp-b11443/t0	2026-10-06		
6062_110_13	a056d67733da5b4408a0d49e989447a15d8a23bf	Eve... don't tell me, your\nmemories...	machine	gemma-4-26B-A4B-it/UD-Q4_K_M/v2+story-v1/llama.cpp-b11443/t0	2026-10-06		
6062_110_14	ead64e70edc116f93715b4fae76b53f47342804d	...Yeah. To be honest, most of\nthem were lost at Daftine.	machine	gemma-4-26B-A4B-it/UD-Q4_K_M/v2+story-v1/llama.cpp-b11443/t0	2026-10-06		
6062_110_15	069c16ae8b27ebb8f63e1aff708a40ed21702582	So you admit it.	machine	gemma-4-26B-A4B-it/UD-Q4_K_M/v2+story-v1/llama.cpp-b11443/t0	2026-10-06		
6062_110_16	72c4ac43738d7795edbad1b776069feda0bc5070	That's right. I knew Givel. Back\nthen, I let him escape.	machine	gemma-4-26B-A4B-it/UD-Q4_K_M/v2+story-v1/llama.cpp-b11443/t0	2026-10-06		
6062_110_17	19cce9633b3f73af81745aee7d68e9ae65e06f10	Givel and I have never seen\neye to eye... In the end, we\nrealized we could never\nunderstand one another. But...	machine	gemma-4-26B-A4B-it/UD-Q4_K_M/v2+story-v1/llama.cpp-b11443/t0	2026-10-06		
6062_110_18	20b1cac192558fcf6775e8ec989e75d909b0ba97	...I couldn't bring myself to kill\nhim.	machine	gemma-4-26B-A4B-it/UD-Q4_K_M/v2+story-v1/llama.cpp-b11443/t0	2026-10-06		
6062_110_20	e1738205ecf284a8f80f51414b68fec25b5d58dd	...And that's when I met Heath.\nHeath, who possesses the\nsame Earthling genes as the\nCaptain.	machine	gemma-4-26B-A4B-it/UD-Q4_K_M/v2+story-v1/llama.cpp-b11443/t0	2026-10-06		
6062_110_21	f73d43de2597f18c4716c0845d9a42fc59133621	I knew it. The reason Givel and\nI disagreed so fundamentally...\nwas because of Heath's Earth\nin the first place.	machine	gemma-4-26B-A4B-it/UD-Q4_K_M/v2+story-v1+short-v1/llama.cpp-b11443/t0	2026-10-06		
6062_110_22	9658ef3149c44cf77ce17b47283af77300059618	Givel said your goal was to\ndestroy Raza. And I bet you\ndon't even mean that literally,\ndo you?	machine	gemma-4-26B-A4B-it/UD-Q4_K_M/v2+story-v1/llama.cpp-b11443/t0	2026-10-06		
6062_110_23	355e6f94e5d452d44f878cc87b8c4fde2bf7593d	You might not be entirely\nwrong. More than anyone, I\nwanted Raza to return to\nwhere it belongs.	machine	gemma-4-26B-A4B-it/UD-Q4_K_M/v2+story-v1/llama.cpp-b11443/t0	2026-10-06		
6062_110_24	16c9745b7fa0ff983223b0c98eea331b1a3aebdc	Because Raza... and Earth...\nhave vanished from the\nuniverse.	machine	gemma-4-26B-A4B-it/UD-Q4_K_M/v2+story-v1/llama.cpp-b11443/t0	2026-10-06		
6062_115_01	ccf1ac5d56ffd573428de57781c4d577d461b477	It vanished...? Are you saying\nAnother Earth has transferred\nout of the Solar System?	machine	gemma-4-26B-A4B-it/UD-Q4_K_M/v2+story-v1/llama.cpp-b11443/t0	2026-10-06		
6062_115_02	78ff49a6c1cb233ba5f6854392561dbcd041ba25	And how does Eve know of\nthis? Did you see it in the Urza\nSystem?	machine	gemma-4-26B-A4B-it/UD-Q4_K_M/v2+story-v1/llama.cpp-b11443/t0	2026-10-06		
6062_115_03	7b57114f801bcf54610e61bbf125a5e0d590a661	No. I... I've known about it from\nthe very beginning.	machine	gemma-4-26B-A4B-it/UD-Q4_K_M/v2+story-v1/llama.cpp-b11443/t0	2026-10-06		
6062_115_04	e3bdae667b1b649dfd8f6095b8037f1b8cb5d1dd	...From the beginning...? What\ndo you mean by "the\nbeginning"? What is the\nmeaning of this?	machine	gemma-4-26B-A4B-it/UD-Q4_K_M/v2+story-v1/llama.cpp-b11443/t0	2026-10-06		
6062_115_05	41810968e4df56743ffcfae21340e36eeef6332f	The beginning. Ever since the\nEarth where Kevin's parents\nwere born became the planet\nRaza...	machine	gemma-4-26B-A4B-it/UD-Q4_K_M/v2+story-v1/llama.cpp-b11443/t0	2026-10-06		
6062_115_06	45774df9476863a2b9a0342a377da1c4cd8fdfb4	B-but that was hundreds of\nyears ago!	machine	gemma-4-26B-A4B-it/UD-Q4_K_M/v2+story-v1/llama.cpp-b11443/t0	2026-10-06		
6062_115_07	62320a991c140c04c309905caa4e2aa4c235d9d9	Living a long time isn't strange.\nThere are those like me and\nMastima who live many times\nlonger than a Human in our\nphysical bodies.	machine	gemma-4-26B-A4B-it/UD-Q4_K_M/v2+story-v1+short-v1/llama.cpp-b11443/t0	2026-10-06		
6062_115_08	cf90cd424f0492a32c3c65c88aa0bbf59ad8feb8	Henri, Kevin, and even Valka\nhave lived for a long time\nthrough the power of\ntechnology. But...	machine	gemma-4-26B-A4B-it/UD-Q4_K_M/v2+story-v1/llama.cpp-b11443/t0	2026-10-06		
6062_115_09	6bb7ac4aa3634a00078438496240b8987b362c94	Planet Raza shouldn't be Earth\nin this universe... To have\nknown that from the start,\nLady Leash, just who are\nyou...?	machine	gemma-4-26B-A4B-it/UD-Q4_K_M/v2+story-v1+short-v1/llama.cpp-b11443/t0	2026-10-06		
6062_115_10	e3d4c904fd8509f13ac30ef5e2a643203f1b62a3	When one studies Gems for a\nlong time, one occasionally\nruns into that very question.	machine	gemma-4-26B-A4B-it/UD-Q4_K_M/v2+story-v1/llama.cpp-b11443/t0	2026-10-06		
6062_115_11	7236f7fbb27b5cafc31f471be8c33e0bf5f699a8	No, it is simpler than\nGems―physics and chemistry. I\nfeel it in things that exist and\nare established naturally.	machine	gemma-4-26B-A4B-it/UD-Q4_K_M/v2+story-v1+short-v1/llama.cpp-b11443/t0	2026-10-06		
6062_115_12	80fe2731bbd85d46b31b786a38159702370eac9a	...The will of someone, or\nsomething, that created them.	machine	gemma-4-26B-A4B-it/UD-Q4_K_M/v2+story-v1/llama.cpp-b11443/t0	2026-10-06		
6062_115_13	b8a40866e2c8c3c182429805756cd6d7e665ab2e	A "God," you mean?	machine	gemma-4-26B-A4B-it/UD-Q4_K_M/v2+story-v1/llama.cpp-b11443/t0	2026-10-06		
6062_115_14	9a21834a180aa9b7c1af50dce1af97e251fb21bc	That's a bad joke. It's even\nworse coming from you.	machine	gemma-4-26B-A4B-it/UD-Q4_K_M/v2+story-v1/llama.cpp-b11443/t0	2026-10-06		
6062_115_15	41689872c839eff933bfc85fe9a5b97f7eaa5572	Demon worlds and lords exist.\nIt wouldn't be unnatural if their\npolar opposites existed\nsomewhere in the universe.	machine	gemma-4-26B-A4B-it/UD-Q4_K_M/v2+story-v1+short-v1/llama.cpp-b11443/t0	2026-10-06		
6062_115_16	19a2cfca250b677c4d996b8a6f9557b854443805	Can you actually accept the\nexistence of something like a\n"God," Mastima?	machine	gemma-4-26B-A4B-it/UD-Q4_K_M/v2+story-v1/llama.cpp-b11443/t0	2026-10-06		
6062_115_17	7b90fa91ccc2d2827d3166fcb69438621bc83a33	God" is a concept all intelligent\nlife seeks. If scientific evidence\nwere provided, I would not\nhesitate to acknowledge it.	machine	gemma-4-26B-A4B-it/UD-Q4_K_M/v2+story-v1+short-v1/llama.cpp-b11443/t0	2026-10-06		
6062_115_18	44de833a30a20227aa0a193c9ea85f53edbaf728	...I see. But I've never seen a\nGod myself. I only know plenty\nof loudmouths who act like\nthey're Gods, though.	machine	gemma-4-26B-A4B-it/UD-Q4_K_M/v2+story-v1+short-v1/llama.cpp-b11443/t0	2026-10-06		
6062_115_19	7c73f71955c684dad61314b4a69d3309244c03f5	Evelysse, what exactly were\nyou trying to do in this Azurite\nsystem?	machine	gemma-4-26B-A4B-it/UD-Q4_K_M/v2+story-v1/llama.cpp-b11443/t0	2026-10-06		
6062_115_20	ad74a65d060c05c911af715bbc4c7395ade29d61	...I wanted to prevent a\ncalamity that might strike this\nuniverse in the distant future.\nThat... calamity.	machine	gemma-4-26B-A4B-it/UD-Q4_K_M/v2+story-v1/llama.cpp-b11443/t0	2026-10-06		
6062_115_21	4e48b2f03bb677f37335c79698793585f05edb66	...Eh?	machine	gemma-4-26B-A4B-it/UD-Q4_K_M/v2+story-v1/llama.cpp-b11443/t0	2026-10-06		
6062_115_22	6dc547f7aef7abbbf3a4df8ff656fbd65ceae327	After hearing Tika and\nRicardo's stories... perhaps a\nplanet that shouldn't exist is\nhere... that "two of the same\nplanet" exist in this universe...	machine	gemma-4-26B-A4B-it/UD-Q4_K_M/v2+story-v1+short-v1/llama.cpp-b11443/t0	2026-10-06		
6062_115_23	8a495c9335b1ed7f87c48b76f7a57c3971b37aa7	...might have become the\ntrigger for the crisis, so I\nwanted to correct it.	machine	gemma-4-26B-A4B-it/UD-Q4_K_M/v2+story-v1/llama.cpp-b11443/t0	2026-10-06		
6062_115_24	bfb1c88cf170233b7ec4f9beabf7138fac6ff1dd	...Don't be ridiculous. Even if\nthat were true, the Exorciser\nshould have been meant to fix\nit.	machine	gemma-4-26B-A4B-it/UD-Q4_K_M/v2+story-v1/llama.cpp-b11443/t0	2026-10-06		
6062_115_25	290501eeef39893d32f0997bce2daf0191df4b3c	It didn't work, and that's why\nyou lost to us on Daftine. Have\nyou forgotten?	machine	gemma-4-26B-A4B-it/UD-Q4_K_M/v2+story-v1/llama.cpp-b11443/t0	2026-10-06		
6062_115_27	9940da1d9314204b951a2d7e27e7f27d29bbef30	Givel and I were in complete\ndisagreement regarding the\nEarth that vanished from the\nuniverse.	machine	gemma-4-26B-A4B-it/UD-Q4_K_M/v2+story-v1/llama.cpp-b11443/t0	2026-10-06		
6062_115_28	117b244f21d5e580ef27760a06008278b8efcdd5	The fact that we couldn't\ndetermine why the other Earth\nvanished also caused our\nconflict.	machine	gemma-4-26B-A4B-it/UD-Q4_K_M/v2+story-v1+short-v1/llama.cpp-b11443/t0	2026-10-06		
6062_115_29	d1885e9fad64cafbcb072bbd6eff4459e89faff4	I believed we had to return the\nvanished Earth to its original\nplace, no matter what. But\nGivel...	machine	gemma-4-26B-A4B-it/UD-Q4_K_M/v2+story-v1/llama.cpp-b11443/t0	2026-10-06		
6062_115_30	c2b057f7f19c1289f251112510ac3c71d3a8ceee	If it is to vanish, then that is\nthe true history of that planet.\nWe must never distort that.	machine	gemma-4-26B-A4B-it/UD-Q4_K_M/v2+story-v1/llama.cpp-b11443/t0	2026-10-06		
6062_115_31	bd6fb00ca5d2d3d59891d2851ac894c35410b7cb	...It's as if you're claiming you\nhold the power of life and\ndeath over an entire planet.	machine	gemma-4-26B-A4B-it/UD-Q4_K_M/v2+story-v1/llama.cpp-b11443/t0	2026-10-06		
6062_115_32	b38e2ce1b7443ee843bcd6a7324c5d823181e295	But what you just said sounds\nexactly like that.	machine	gemma-4-26B-A4B-it/UD-Q4_K_M/v2+story-v1/llama.cpp-b11443/t0	2026-10-06		
6062_115_33	02d33c6d3e6915c210ea3268a2487e4f860301a5	Speaking as if you hold the\nentire universe in your hands...\nYou truly are a "pretentious\ngod-complexed fool.	machine	gemma-4-26B-A4B-it/UD-Q4_K_M/v2+story-v1+short-v1/llama.cpp-b11443/t0	2026-10-06		
6062_115_35	c3ee29494c9e1464db1ce4180391b1a26bfba5b4	He's right! I remember when\nEve-san brought a planet back\nto life.	machine	gemma-4-26B-A4B-it/UD-Q4_K_M/v2+story-v1/llama.cpp-b11443/t0	2026-10-06		
6062_115_36	c99cdbe31511651fae3fc0065d99ebc99cad4436	Planet Berbent. Back then,\ndidn't Eve-san do something to\nthe entire dying planet?	machine	gemma-4-26B-A4B-it/UD-Q4_K_M/v2+story-v1/llama.cpp-b11443/t0	2026-10-06		
6062_115_37	b3341dd61c3c791339ce89db3b6d49f4a6401f83	...That brings back memories. I\nsuppose that did happen.	machine	gemma-4-26B-A4B-it/UD-Q4_K_M/v2+story-v1/llama.cpp-b11443/t0	2026-10-06		
6062_115_38	e5b5025ff1906529382269adaf8ee1ec9db24544	Berbent... The planet that was\non the verge of destruction at\nthe Pulse Tower, was it not?	machine	gemma-4-26B-A4B-it/UD-Q4_K_M/v2+story-v1/llama.cpp-b11443/t0	2026-10-06		
6062_115_39	8f2a7e0d85481c3b577f4c79c5dbce45f9d27d2a	That's right. On that planet,\nEve used a mysterious form of\nCrest Arts just once.	machine	gemma-4-26B-A4B-it/UD-Q4_K_M/v2+story-v1/llama.cpp-b11443/t0	2026-10-06		
6062_115_40	838db558424cc2641405bc5604231d714175e48e	I don't know what power was\nat work, but a single person's\nCrest Arts actually stopped\nthe earthquakes shaking the\nentire planetary surface...	machine	gemma-4-26B-A4B-it/UD-Q4_K_M/v2+story-v1+short-v1/llama.cpp-b11443/t0	2026-10-06		
6062_115_41	9b39e8f3b0e516d9e2b4428d53191a4865a7e028	It's true that my memories\nweren't all back to normal at\nthat time.	machine	gemma-4-26B-A4B-it/UD-Q4_K_M/v2+story-v1/llama.cpp-b11443/t0	2026-10-06		
6062_115_42	d17225f02043e1237b9ddee2b6e360df8cf3eb7e	But deep down, I always\nwanted to protect the natural\nevolution of the stars and the\nuniverse above all else.	machine	gemma-4-26B-A4B-it/UD-Q4_K_M/v2+story-v1+short-v1/llama.cpp-b11443/t0	2026-10-06		
6062_115_43	fbb316ee2c1c65840a6775ad384727006ad7aef1	Perhaps that's why the\nappearance of the Thornite felt\nlike the universe was telling me\nI was wrong,	machine	gemma-4-26B-A4B-it/UD-Q4_K_M/v2+story-v1/llama.cpp-b11443/t0	2026-10-06		
6062_115_44	1a6fb34ca81100f2c3b617691e5a1d4d1e463e88	and since I couldn't remember\nwhy, the Thornite appeared as\na terrifying existence to my\neyes.	machine	gemma-4-26B-A4B-it/UD-Q4_K_M/v2+story-v1/llama.cpp-b11443/t0	2026-10-06		
6062_115_45	92b8c34d54d1b5eb42039d1e34e1c7ee82dffd78	Even after that, every time I\ntraveled to a new planet, the\nThornite would appear just to\ntell me I was wrong.	machine	gemma-4-26B-A4B-it/UD-Q4_K_M/v2+story-v1+short-v1/llama.cpp-b11443/t0	2026-10-06		
6062_115_46	0015a574648e00988715900d2ab32b63125c6c3b	I didn't realize that twisting the\npresent to force a planet back\nto its original state was the\nreal mistake.	machine	gemma-4-26B-A4B-it/UD-Q4_K_M/v2+story-v1+short-v1/llama.cpp-b11443/t0	2026-10-06		
6062_115_47	153d47436050338db55e45422dada038f7a6c1da	Not until I met Heath.	machine	gemma-4-26B-A4B-it/UD-Q4_K_M/v2+story-v1/llama.cpp-b11443/t0	2026-10-06		
6062_115_48	90c9feaaa186ed561fa7806da22ec499b11d49fa	Not until I saw the people\ndesperately fighting to survive\non the current Earth... no, on\nplanet Raza.	machine	gemma-4-26B-A4B-it/UD-Q4_K_M/v2+story-v1/llama.cpp-b11443/t0	2026-10-06		
6062_115_49	4fde99350bad8a71b26dde21ae7802aadfa1069f	The "Earth" I finally found after\nsearching so long... I had\nbecome an existence that\nshouldn't have interfered.	machine	gemma-4-26B-A4B-it/UD-Q4_K_M/v2+story-v1/llama.cpp-b11443/t0	2026-10-06		
6062_115_50	6886906b1569804132e1b6c6214a27e716c97773	Ah, I realized then that Givel\nwas right all along.	machine	gemma-4-26B-A4B-it/UD-Q4_K_M/v2+story-v1/llama.cpp-b11443/t0	2026-10-06		
6062_115_51	5a78d4d8a9678617a6daa67d1e720d3736f51ec7	After seeing the history that\nPlanet Raza went through at\nthe Urza Gate... I felt like I had\nto apologize.	machine	gemma-4-26B-A4B-it/UD-Q4_K_M/v2+story-v1/llama.cpp-b11443/t0	2026-10-06		
6062_115_52	e8cf00fbcf87fe42b0a8770c66d0f9a7f013640a	That's why... I searched for\nGivel. But by then, Givel was\nalready...	machine	gemma-4-26B-A4B-it/UD-Q4_K_M/v2+story-v1/llama.cpp-b11443/t0	2026-10-06		
6062_115_53	bebbd9a2655873687fb0a9471a9301bd8cc7504a	Was he captured by\nAsmodeus?	machine	gemma-4-26B-A4B-it/UD-Q4_K_M/v2+story-v1/llama.cpp-b11443/t0	2026-10-06		
6062_115_54	21d363aba4be65f0fe0068ce8ae33a1bd0847104	...Yes.	machine	gemma-4-26B-A4B-it/UD-Q4_K_M/v2+story-v1/llama.cpp-b11443/t0	2026-10-06		
6062_115_55	81ee83cc0b3ea69ca41be502a074b970d25331dd	...I'm not following this at all.\nCan we clear something up\nfirst?	machine	gemma-4-26B-A4B-it/UD-Q4_K_M/v2+story-v1/llama.cpp-b11443/t0	2026-10-06		
6062_115_56	3afc6d290bb3d196de205287991d8a9698af1f35	What exactly is the relationship\nbetween Eve and Givel?	machine	gemma-4-26B-A4B-it/UD-Q4_K_M/v2+story-v1/llama.cpp-b11443/t0	2026-10-06		
6062_115_59	3cd3008c06de6c580c8d14439b47b9c633c62c40	Givel is... my younger brother.	machine	gemma-4-26B-A4B-it/UD-Q4_K_M/v2+story-v1/llama.cpp-b11443/t0	2026-10-06		
6062_120_01	ac6bc7de7112c02d6a8dbe789837ee08bffa34ad	Oh.	machine	gemma-4-26B-A4B-it/UD-Q4_K_M/v2+story-v1/llama.cpp-b11443/t0	2026-10-06		
6062_120_02	ac6bc7de7112c02d6a8dbe789837ee08bffa34ad	Oh.	machine	gemma-4-26B-A4B-it/UD-Q4_K_M/v2+story-v1/llama.cpp-b11443/t0	2026-10-06		
6062_120_03	ac6bc7de7112c02d6a8dbe789837ee08bffa34ad	Oh.	machine	gemma-4-26B-A4B-it/UD-Q4_K_M/v2+story-v1/llama.cpp-b11443/t0	2026-10-06		
6062_120_05	6ac2c29f5cc921698f8ab6110c493038c9ad0f34	...Now that you mention it, they\ndo have a similar vibe.	machine	gemma-4-26B-A4B-it/UD-Q4_K_M/v2+story-v1/llama.cpp-b11443/t0	2026-10-06		
6062_120_06	b17083b0146559cd4d670cccef3a2f2a969b2f2c	N-no, but that's... Wait, WHAT!?\nSiblings!?	machine	gemma-4-26B-A4B-it/UD-Q4_K_M/v2+story-v1/llama.cpp-b11443/t0	2026-10-06		
6062_120_07	24c3901de702ad298d8bd26b6a88caabc65b62af	This is even more shocking\nthan when we found out Tika\nand Ricardo were siblings...	machine	gemma-4-26B-A4B-it/UD-Q4_K_M/v2+story-v1/llama.cpp-b11443/t0	2026-10-06		
6062_120_08	66a67ec7918e605cbdef35419816ee6937dcb842	I'd like to say don't lump us\ntogether, but... I can see it...	machine	gemma-4-26B-A4B-it/UD-Q4_K_M/v2+story-v1/llama.cpp-b11443/t0	2026-10-06		
6062_120_09	c02e5950de5926f48302046a2d985657a93d573e	...If you're joking, that's in very\nbad taste.	machine	gemma-4-26B-A4B-it/UD-Q4_K_M/v2+story-v1/llama.cpp-b11443/t0	2026-10-06		
6062_120_10	85016958957c4525b45ab7b6609952ffad583d3a	It's the truth. As everyone\nknows, their personalities are\ncompletely different, though.	machine	gemma-4-26B-A4B-it/UD-Q4_K_M/v2+story-v1/llama.cpp-b11443/t0	2026-10-06		
6062_120_11	05d7bd85aa6924759357b8fb35ddef86ef4df55c	I feel like there's something\nmuch more important to worry\nabout than their personalities\nin this situation...	machine	gemma-4-26B-A4B-it/UD-Q4_K_M/v2+story-v1/llama.cpp-b11443/t0	2026-10-06		
6062_120_12	92f9826d433a7626655af59326c3d8df3a946fd1	But if she was trying to save\nher brother, it's understandable\nwhy she had to obey\nAsmodeus while he held him\nhostage.	machine	gemma-4-26B-A4B-it/UD-Q4_K_M/v2+story-v1+short-v1/llama.cpp-b11443/t0	2026-10-06		
6062_120_13	fb950b1d089d267354bb5df70c702b8a5fa038c3	But why did she continue to\nobey Asmodeus even after we\ntook Giverese into custody?	machine	gemma-4-26B-A4B-it/UD-Q4_K_M/v2+story-v1/llama.cpp-b11443/t0	2026-10-06		
6062_120_14	23c1c7036939a824f70ce22d28e2b3a9e0d01224	She likely knew that losing the\nmeans to summon Phantom\nwould lead Asmodeus to\nspread the petrification\ndisease throughout Raza.	machine	gemma-4-26B-A4B-it/UD-Q4_K_M/v2+story-v1+short-v1/llama.cpp-b11443/t0	2026-10-06		
6062_120_15	2de5ebbdc1c733c3517bc644c2c469ab29a5811c	What?	machine	gemma-4-26B-A4B-it/UD-Q4_K_M/v2+story-v1/llama.cpp-b11443/t0	2026-10-06		
6062_120_16	95a4f4c23d182270325aa2a8bfb3caa09327836d	At that time, all I knew was\nthat it was some kind of\nterrifying virus.	machine	gemma-4-26B-A4B-it/UD-Q4_K_M/v2+story-v1/llama.cpp-b11443/t0	2026-10-06		
6062_120_17	0a3fddc42941dca87272bb298e1962d7a250e80f	I can control Phantom, but you\ncan't do that with a virus.	machine	gemma-4-26B-A4B-it/UD-Q4_K_M/v2+story-v1/llama.cpp-b11443/t0	2026-10-06		
6062_120_18	bd5c85831a9820c193c5811ecd6564aab422aa8b	So, to prevent him from using\nthe virus, I had no choice but\nto stay by his side.	machine	gemma-4-26B-A4B-it/UD-Q4_K_M/v2+story-v1/llama.cpp-b11443/t0	2026-10-06		
6062_120_19	16fb40386da366943252a2bea910b4cd0fbf2772	In the end... it was all for\nnothing, though.	machine	gemma-4-26B-A4B-it/UD-Q4_K_M/v2+story-v1/llama.cpp-b11443/t0	2026-10-06		
6062_120_20	7362c06564d65981ceae7e7f701859a08e4298e4	I changed my mind and decided\nthat I shouldn't send Raza back\nto the original Earth, now that\nthey've begun walking a new\npath traveling through the\nAzurite system.	machine	gemma-4-26B-A4B-it/UD-Q4_K_M/v2+story-v1/llama.cpp-b11443/t0	2026-10-06		
6062_120_21	0ff6b53cb6f11cd93420993a833f00b8c226e273	...But there were many people\nwho didn't feel the same way\nabout Raza.	machine	gemma-4-26B-A4B-it/UD-Q4_K_M/v2+story-v1/llama.cpp-b11443/t0	2026-10-06		
6062_120_22	b889e590fbce691588aefa4d2ded108244241956	Could that be related to the\nRaza leadership that is\ncurrently missing?	machine	gemma-4-26B-A4B-it/UD-Q4_K_M/v2+story-v1/llama.cpp-b11443/t0	2026-10-06		
6062_120_23	26af341df8344eb65b9df886efaa17fe81f7461c	The reason I summoned\nAsmodeus was...	machine	gemma-4-26B-A4B-it/UD-Q4_K_M/v2+story-v1/llama.cpp-b11443/t0	2026-10-06		
6062_120_24	a26b1d11213177620e663a27c54b2e9eeb1dab6d	Because I wanted Ober to\ndefeat Raza under a strong\nleader and seize control of the\nAzurite system.	machine	gemma-4-26B-A4B-it/UD-Q4_K_M/v2+story-v1/llama.cpp-b11443/t0	2026-10-06		
6062_120_25	0c135fc8e2c9e2503f3752a5f7f0e53c7e251bea	At that time, I needed to\norganize my forces to return to\nDaftine, where I had succeeded\nin creating the Rift. However...	machine	gemma-4-26B-A4B-it/UD-Q4_K_M/v2+story-v1/llama.cpp-b11443/t0	2026-10-06		
6062_120_26	d3ad5b3146f490a690e1a9415b466901031186c5	You summoned Asmodeus\nwhile you were weakened, and\nthen they betrayed you.	machine	gemma-4-26B-A4B-it/UD-Q4_K_M/v2+story-v1/llama.cpp-b11443/t0	2026-10-06		
6062_120_27	b942d2a2e9da20f21da1560251e128d8df4bb8ca	...That's right. Since the dawn\nof their civilization, a faction in\nRaza has always sought to\nreturn Earth to its original\nstate and location.	machine	gemma-4-26B-A4B-it/UD-Q4_K_M/v2+story-v1+short-v1/llama.cpp-b11443/t0	2026-10-06		
6062_120_28	6083a67023bced765e6eb8dfde69b491ca77df84	Asmodeus always hated\nhumanity, so they conspired\nwith the faction seeking to\nrestore Raza to its original\nform and position on Earth.	machine	gemma-4-26B-A4B-it/UD-Q4_K_M/v2+story-v1+short-v1/llama.cpp-b11443/t0	2026-10-06		
6062_120_29	1774cae355db0088871fa1d772eed9361514754e	...They planned to corner Raza\nwith the Phantom fleet and\nPetrification Virus, creating a\npretext to restore Earth to its\noriginal state.	machine	gemma-4-26B-A4B-it/UD-Q4_K_M/v2+story-v1+short-v1/llama.cpp-b11443/t0	2026-10-06		
6062_120_30	b878ed8acc1e984a171032b0dfd11ae69d5ee1f0	...I don't deny the longing for\nEarth. The responsibility for\nthe post-transfer disasters\ncertainly lies with my foster\nfather and foster mother.	machine	gemma-4-26B-A4B-it/UD-Q4_K_M/v2+story-v1+short-v1/llama.cpp-b11443/t0	2026-10-06		
6062_120_31	fdc5d2ea047473d5f564b514b7ffdb8a08cffeea	But even if we truly returned\nto Earth as it was in that era,\nwhat on earth would we do?	machine	gemma-4-26B-A4B-it/UD-Q4_K_M/v2+story-v1/llama.cpp-b11443/t0	2026-10-06		
6062_120_32	7d1c7dbf3ae530f3043b6ac5fca24db2e35f3674	If we return to an age of\nconflict and energy depletion,\nthe humanity that fought so\nhard to survive will only face\nextinction once again...!	machine	gemma-4-26B-A4B-it/UD-Q4_K_M/v2+story-v1+short-v1/llama.cpp-b11443/t0	2026-10-06		
6062_120_33	11b58d98746bb284a6752c0804340bd73ef13d9e	...Maybe they weren't thinking\nthat far ahead. I think they\nwere just consumed by the\ndesire to return things to how\nthey should be.	machine	gemma-4-26B-A4B-it/UD-Q4_K_M/v2+story-v1+short-v1/llama.cpp-b11443/t0	2026-10-06		
6062_120_34	daa5f8fd3e76bce2f467fa395ccdb78e436d76d5	Perhaps they expected\nparadise to appear just by\nchanging the situation. ...Not\nthat I know for sure.	machine	gemma-4-26B-A4B-it/UD-Q4_K_M/v2+story-v1+short-v1/llama.cpp-b11443/t0	2026-10-06		
6062_120_35	52e708ce7ec73bfe4123400fd76e189b28d86b9f	But wait, does that mean all\nthose people who are missing\nnow... are all holders of such\ndangerous ideologies?!	machine	gemma-4-26B-A4B-it/UD-Q4_K_M/v2+story-v1/llama.cpp-b11443/t0	2026-10-06		
6062_120_36	fcd4a65f5b2b38f76fd76073c877bcd649fa162e	That's insane! They're throwing\naway our prosperity just to\nprove this place used to be\nEarth!	machine	gemma-4-26B-A4B-it/UD-Q4_K_M/v2+story-v1+short-v1/llama.cpp-b11443/t0	2026-10-06		
6062_120_37	32ca13a63d476ded0b74c584ffb8291d82f885e9	You're right. I was the same\nway...	machine	gemma-4-26B-A4B-it/UD-Q4_K_M/v2+story-v1/llama.cpp-b11443/t0	2026-10-06		
6062_120_38	71661a9299ee8d016782aa4a8a25d9972e307957	...But I won't let that happen\never again... and I won't forgive\nthose who are trying to make it\nhappen.	machine	gemma-4-26B-A4B-it/UD-Q4_K_M/v2+story-v1/llama.cpp-b11443/t0	2026-10-06		
6062_125_01	87b8de53e2eba90af0ac0f81fdf970fcced48812	You're activating the Urza\nSystem quite easily. I had such\na hard time with it. What is this\nfootage?	machine	gemma-4-26B-A4B-it/UD-Q4_K_M/v2+story-v1/llama.cpp-b11443/t0	2026-10-06		
6062_125_02	a457d1c1e6dff8ea71fd200693a4109d5bcd4102	That is the Raza Space Force\nfleet.	machine	gemma-4-26B-A4B-it/UD-Q4_K_M/v2+story-v1/llama.cpp-b11443/t0	2026-10-06		
6062_125_03	414b089b26fc34920b299cbed6dfcca9c7632d2f	Just fools obsessed with my\nideas. I think they used the\nceasefire to come and pillage\nthe Urza System.	machine	gemma-4-26B-A4B-it/UD-Q4_K_M/v2+story-v1+short-v1/llama.cpp-b11443/t0	2026-10-06		
6062_125_04	056582a7eaed2b3ef1cce975f072b2fa2dfbdfd1	Boss! Look at that! Could it\nbe...!	machine	gemma-4-26B-A4B-it/UD-Q4_K_M/v2+story-v1/llama.cpp-b11443/t0	2026-10-06		
6062_125_05	cd3cb36b5ce4249460e67d211a3f7b52389b2367	...That is... the\nCommander-in-Chief of the\nRaza Home World Defense\nForce.	machine	gemma-4-26B-A4B-it/UD-Q4_K_M/v2+story-v1/llama.cpp-b11443/t0	2026-10-06		
6062_125_06	cff907c88ef201a4ad39b8143b9c57fc4c3fc31e	I know him. Until last year, he\nwas the Ambassador at the\nRaza Embassy in the Bazaar.	machine	gemma-4-26B-A4B-it/UD-Q4_K_M/v2+story-v1+short-v1/llama.cpp-b11443/t0	2026-10-06		
6062_125_07	e99e9e9b421e6b4a3d1a9759adecc7da605caec4	What is... that purple,\ncrystal-like thing beside\nthem...?	machine	gemma-4-26B-A4B-it/UD-Q4_K_M/v2+story-v1/llama.cpp-b11443/t0	2026-10-06		
6062_125_08	862132917ad09c29867594f13af1e29ec1085f1a	It's Grigori... A fragment of\nGrigori... There's no mistake!	machine	gemma-4-26B-A4B-it/UD-Q4_K_M/v2+story-v1/llama.cpp-b11443/t0	2026-10-06		
6062_125_09	2d3705cb193e94bc0525a7e4f64184b6bb53932d	That's Grigori? The thing\nBacchus D79 and the others\nsupposedly eradicated from\nspace...?	machine	gemma-4-26B-A4B-it/UD-Q4_K_M/v2+story-v1/llama.cpp-b11443/t0	2026-10-06		
6062_125_10	733ab2e9cafb5412f34b56bb6668df3a6a7486b0	Exactly. This is bad. The people\nin the footage have been\ncompletely consumed by\nGrigori!	machine	gemma-4-26B-A4B-it/UD-Q4_K_M/v2+story-v1/llama.cpp-b11443/t0	2026-10-06		
6062_125_11	a5c8dbd7065d478827ff62e8ab23bd3f1e997792	Grigori parasitizes living\norganisms, magnifying and\ndriving their desires into\nmadness!	machine	gemma-4-26B-A4B-it/UD-Q4_K_M/v2+story-v1/llama.cpp-b11443/t0	2026-10-06		
6062_125_12	118b7317e2ee72eefe7835a7cabb836a13c7c782	...So Raza's catastrophic drive\nto return to Earth is the result\nof being infected by this\nGrigori?!	machine	gemma-4-26B-A4B-it/UD-Q4_K_M/v2+story-v1+short-v1/llama.cpp-b11443/t0	2026-10-06		
6062_125_13	967d22e4f09a16f3bb7e0e4cff6cd2557599d1e4	It is certainly possible that the\nGrigori caused this situation.	machine	gemma-4-26B-A4B-it/UD-Q4_K_M/v2+story-v1/llama.cpp-b11443/t0	2026-10-06		
6062_125_14	7be7f1311b4da3d170fcda772605016c85de1821	Even so, there was\nundoubtedly a desire within\ntheir hearts that allowed the\nGrigori to exploit them.	machine	gemma-4-26B-A4B-it/UD-Q4_K_M/v2+story-v1/llama.cpp-b11443/t0	2026-10-06		
6062_125_15	f2f478e573cc03a7220d03c0fae37a2a09ac6705	A desire to return to Earth, to\ntheir home, no matter what\nsacrifices had to be made...	machine	gemma-4-26B-A4B-it/UD-Q4_K_M/v2+story-v1/llama.cpp-b11443/t0	2026-10-06		
6062_125_16	d9c1e3c746179ed0b8171e5753781bc5327a5539	Once again, the people of Raza\nhave succumbed to the pursuit\nof power... Instead of relying on\ntheir own strength, they\nmistook temptation for a\nblessing.	machine	gemma-4-26B-A4B-it/UD-Q4_K_M/v2+story-v1+short-v1/llama.cpp-b11443/t0	2026-10-06		
6062_125_18	caed3451a3315807018778c60ba9aa020c43c543	The enemy fleet has deployed\nabove planet Lazuli! I'm\ndetecting abnormal energy\nreadings!	machine	gemma-4-26B-A4B-it/UD-Q4_K_M/v2+story-v1/llama.cpp-b11443/t0	2026-10-06		
6062_125_19	aa4678152e3fa590879d58ffbf12f91a2933214c	...I can see that. Those people\nin the footage... their readings\nare because they've been\ninfested by the Grigori...	machine	gemma-4-26B-A4B-it/UD-Q4_K_M/v2+story-v1+short-v1/llama.cpp-b11443/t0	2026-10-06		
6062_125_20	be671acb6bdcca9590a558375a20c121b9b58585	Even hearing about it from so\nfar away makes me sick. And\nthe stench of those Crests is\nso bad, I feel like my nose is\ngoing to fall off.	machine	gemma-4-26B-A4B-it/UD-Q4_K_M/v2+story-v1+short-v1/llama.cpp-b11443/t0	2026-10-06		
6062_125_21	fe68ea0c00ace7275db4855c8b44c289dfc2e978	Humans... turned into that... Is\nthis really happening right\nnow!?	machine	gemma-4-26B-A4B-it/UD-Q4_K_M/v2+story-v1/llama.cpp-b11443/t0	2026-10-06		
6062_125_22	aefd6a1cf5019d11623f3686d4df621e0bcc1c94	Stop whining about what's right\nin front of us. Make up your\nmind; we've come this far, and\nthere's only one choice left.	machine	gemma-4-26B-A4B-it/UD-Q4_K_M/v2+story-v1+short-v1/llama.cpp-b11443/t0	2026-10-06		
6062_125_23	c8302eb3230589d7b43d08c260f610c938a3991a	...You're right. We can't just let\nthings like that remain forever.\nIsn't that right, Givel?	machine	gemma-4-26B-A4B-it/UD-Q4_K_M/v2+story-v1/llama.cpp-b11443/t0	2026-10-06		
6062_125_24	3a16a90d7dc0ee427292f243a2372d8baf481b30	They obstruct the Exorciser\nand distort the universe. They\nmust be eliminated.	machine	gemma-4-26B-A4B-it/UD-Q4_K_M/v2+story-v1+short-v1/llama.cpp-b11443/t0	2026-10-06		
6062_125_25	fe6085abdc8bfcf8b3707e78526cc21730ad62a4	...Small, pitiful, and trivial\nfragments of will, possessed by\nthe desire to seek their home...	machine	gemma-4-26B-A4B-it/UD-Q4_K_M/v2+story-v1/llama.cpp-b11443/t0	2026-10-06		
6062_125_26	8a375d6cf874678dba80a22dfe183a1c8a59c4c1	It was proven long ago that\nsomething like the Grigori has\nno impact on the rightful\nevolution of this universe.	machine	gemma-4-26B-A4B-it/UD-Q4_K_M/v2+story-v1/llama.cpp-b11443/t0	2026-10-06		
6062_125_27	f81c51894d5ce851cafbbaee0134a4514b686f37	...We shall eliminate them. For\nthe sake of the universe's\nfuture.	machine	gemma-4-26B-A4B-it/UD-Q4_K_M/v2+story-v1/llama.cpp-b11443/t0	2026-10-06		
6062_125_28	ef921940af746ae99a5c3448d6a3f887dfd3b3f3	Abnormal energy readings!\nThey're descending!	machine	gemma-4-26B-A4B-it/UD-Q4_K_M/v2+story-v1/llama.cpp-b11443/t0	2026-10-06		
6062_125_29	900df17415b632882e985c8a40ce64320a0177bc	If they're coming, let 'em come!!\nI'll never forgive anyone who\nthreatens my home... the\nAzurite system!	machine	gemma-4-26B-A4B-it/UD-Q4_K_M/v2+story-v1/llama.cpp-b11443/t0	2026-10-06		
6062_130_01	9e9c83a511d04bca18e1af386ee461b35b09ce7c	Those possessed by Grigori\ncan never truly return to who\nthey were, can they?	machine	gemma-4-26B-A4B-it/UD-Q4_K_M/v2+story-v1/llama.cpp-b11443/t0	2026-10-06		
6062_130_02	443d1cf9d471477ebc4b187c0959b4a7968f6342	I don't know how much of their\nhumanity was left...	machine	gemma-4-26B-A4B-it/UD-Q4_K_M/v2+story-v1/llama.cpp-b11443/t0	2026-10-06		
6062_130_03	278bdcdd9eb14992842463188fe95329f6c2b4d4	But because these bastards\nhid their pathetic ambitions, so\nmany people who should've\nlived ended up dead.	machine	gemma-4-26B-A4B-it/UD-Q4_K_M/v2+story-v1+short-v1/llama.cpp-b11443/t0	2026-10-06		
6062_130_04	82bb9a376d10f03cad7a857f359b7a15bf10b62f	I can't bring myself to feel any\nsympathy for them.	machine	gemma-4-26B-A4B-it/UD-Q4_K_M/v2+story-v1/llama.cpp-b11443/t0	2026-10-06		
6062_130_05	48052508c9cc60098a856ad240784cfea44ae0cc	Is it really over now? The war\nin the Azurite System, and\nEve's battle...	machine	gemma-4-26B-A4B-it/UD-Q4_K_M/v2+story-v1/llama.cpp-b11443/t0	2026-10-06		
6062_130_06	740b7b4bb130871c566fcd4c8cd387764291ea32	No, there's still something\nimportant left to do.	machine	gemma-4-26B-A4B-it/UD-Q4_K_M/v2+story-v1/llama.cpp-b11443/t0	2026-10-06		
6062_130_07	a1fc8d0db914326c1774025e25c4f6de8d57ef47	We have to ensure that things\nlike Grigori and Thornite never\ndisturb the peace of the living\nin this universe again...	machine	gemma-4-26B-A4B-it/UD-Q4_K_M/v2+story-v1/llama.cpp-b11443/t0	2026-10-06		
6062_130_08	23193bfc4321c5865948af68196a5e5155ce646e	We must make sure that the\npeople of Raza and Ober\ncannot approach the Urza\nSystem.	machine	gemma-4-26B-A4B-it/UD-Q4_K_M/v2+story-v1/llama.cpp-b11443/t0	2026-10-06		
6062_130_09	656e07a5735a1e24d69b6dae38c8d3a6acdb34f0	"Captain! Emergency! Fleets\nfrom both the Raza Space\nForce and the Ober Space\nForce are approaching Lazuli!"	machine	gemma-4-26B-A4B-it/UD-Q4_K_M/v2+story-v1/llama.cpp-b11443/t0	2026-10-06		
6062_130_10	54af75f924206c651c23dc508d922ddf73eae4ae	What!? Why!?	machine	gemma-4-26B-A4B-it/UD-Q4_K_M/v2+story-v1/llama.cpp-b11443/t0	2026-10-06		
6062_130_11	e170f1261700bd7aa52541352500a163a74c2065	The war isn't over. They\nprobably saw the Grigori fleet\napproaching Lazuli and mistook\nit for the enemy moving in.	machine	gemma-4-26B-A4B-it/UD-Q4_K_M/v2+story-v1/llama.cpp-b11443/t0	2026-10-06		
6062_130_12	94956df698bc3b5c51ce3883d51b9d649a335f0e	Are we going to intercept\nthem? If you wish, I can take\nmy place on the bridge.	machine	gemma-4-26B-A4B-it/UD-Q4_K_M/v2+story-v1/llama.cpp-b11443/t0	2026-10-06		
6062_130_13	637fe02bd7689cae61a8e10f48d923fbacea196b	It's fine. This was all part of\nthe plan.	machine	gemma-4-26B-A4B-it/UD-Q4_K_M/v2+story-v1/llama.cpp-b11443/t0	2026-10-06		
6062_130_14	50b75e0bbd545fb1425619bb7d787e4419d6d5de	I had the Overman follow us\nunder the pretext of an illness,\njust so they would be easier to\ndetect.	machine	gemma-4-26B-A4B-it/UD-Q4_K_M/v2+story-v1/llama.cpp-b11443/t0	2026-10-06		
6062_130_15	010dd2536d8951455269350c3f4c63c925c8f829	...What? What do you mean?	machine	gemma-4-26B-A4B-it/UD-Q4_K_M/v2+story-v1/llama.cpp-b11443/t0	2026-10-06		
6062_130_16	7abbfdb346a6482ef9c64278a08b2237566a2422	There is nothing on this planet\nthat would benefit either Raza\nor Ober.	machine	gemma-4-26B-A4B-it/UD-Q4_K_M/v2+story-v1/llama.cpp-b11443/t0	2026-10-06		
6062_130_17	d98b183963c554a5369bdc5658782de682da27ab	On the contrary, I want them\nto take back information\nwarning them that approaching\nhere is dangerous.	machine	gemma-4-26B-A4B-it/UD-Q4_K_M/v2+story-v1/llama.cpp-b11443/t0	2026-10-06		
6062_130_18	83ac0aa8356086aa75a53f25be99ec5f47c41ceb	I want the fleets that fought at\nRaza's final defense line to\ntruly understand that terror.	machine	gemma-4-26B-A4B-it/UD-Q4_K_M/v2+story-v1/llama.cpp-b11443/t0	2026-10-06		
6062_130_19	887e233b4bfe6b7e09a0fa2bfaa8543b63f91a41	...O, Brilliant Stars.	machine	gemma-4-26B-A4B-it/UD-Q4_K_M/v2+story-v1/llama.cpp-b11443/t0	2026-10-06		
6062_130_20	f4db3c0e390f77b57977ca0c7bb4a38ff9c000fc	Become the light that guides\nthem.	machine	gemma-4-26B-A4B-it/UD-Q4_K_M/v2+story-v1/llama.cpp-b11443/t0	2026-10-06		
6062_130_21	2b38b44d2339e51d187f30d0b5b77b12bf9591f5	Karnas, Accura, Eremia, Valena,\nDandelion... another Karnas...	machine	gemma-4-26B-A4B-it/UD-Q4_K_M/v2+story-v1/llama.cpp-b11443/t0	2026-10-06		
6062_130_22	a11f6d875b561731083f51a3a69c8f7697ab91a0	Charles D. Goal, Diplo,\nAqualery... and...	machine	gemma-4-26B-A4B-it/UD-Q4_K_M/v2+story-v1/llama.cpp-b11443/t0	2026-10-06		
6062_130_24	b16f855aff599e76af7f1df0f3169a731dd0a587	Go... and protect the future of\nthe Azurite system... you\nphantom fleets...	machine	gemma-4-26B-A4B-it/UD-Q4_K_M/v2+story-v1/llama.cpp-b11443/t0	2026-10-06		
6062_130_25	01f0174b36d26ae787cff16217bda8d940bfafed	So that people may never\nagain be tormented by powers\nthat deny the very lives they\nhold dear...!	machine	gemma-4-26B-A4B-it/UD-Q4_K_M/v2+story-v1/llama.cpp-b11443/t0	2026-10-06		
6062_130_26	f112f3bd0fc5772ac35d8957ab871591a3dd30d8	Phantoms that shouldn't exist\nin this universe... a phantom\nfleet, is it...?	machine	gemma-4-26B-A4B-it/UD-Q4_K_M/v2+story-v1/llama.cpp-b11443/t0	2026-10-06		
6062_130_27	217546adcfd2488cd141d9847704e4d3052c2e6f	Why not just have this fleet\ndestroy the Urza System?	machine	gemma-4-26B-A4B-it/UD-Q4_K_M/v2+story-v1/llama.cpp-b11443/t0	2026-10-06		
6062_130_28	3d790712a2a37daf3996ba0784194f108127469c	That is my ultimate goal, but I\nwant the Urza System to live\njust a little while longer.	machine	gemma-4-26B-A4B-it/UD-Q4_K_M/v2+story-v1/llama.cpp-b11443/t0	2026-10-06		
6062_130_29	054359316195293631d2f62a452326ba1d1af7a8	Because I have a promise to\nmy comrades that I must fulfill.	machine	gemma-4-26B-A4B-it/UD-Q4_K_M/v2+story-v1/llama.cpp-b11443/t0	2026-10-06		
6062_130_30	4bce97a5835d060ebdc949591bb56a74d39d593f	Eh!? What!? The Overman!?	machine	gemma-4-26B-A4B-it/UD-Q4_K_M/v2+story-v1/llama.cpp-b11443/t0	2026-10-06		
6062_130_31	222bfd5d4125f5dcee3c59092aaf350359f7d64b	Sorry for summoning you\nwithout permission. Your\nOverman is parked exactly\nwhere you left it, so don't\nworry...	machine	gemma-4-26B-A4B-it/UD-Q4_K_M/v2+story-v1+short-v1/llama.cpp-b11443/t0	2026-10-06		
6062_130_32	8092c296866bcdd9decce4996f036798528824c8	It just happened to be the\nperfect size for me to pilot\nalone.	machine	gemma-4-26B-A4B-it/UD-Q4_K_M/v2+story-v1/llama.cpp-b11443/t0	2026-10-06		
6062_130_33	a052d2bb4ab71b5d1e242b198e7915841975e915	Alone...?	machine	gemma-4-26B-A4B-it/UD-Q4_K_M/v2+story-v1/llama.cpp-b11443/t0	2026-10-06		
6062_130_34	447f68b93bfe18accb15c31a3bc9868edebc533a	Eve, you're not going off\nsomewhere by yourself again,\nare you...?	machine	gemma-4-26B-A4B-it/UD-Q4_K_M/v2+story-v1/llama.cpp-b11443/t0	2026-10-06		
6062_130_35	6877fc233438e47a09001e72bdf497ac5435aaec	...I'm sorry.	machine	gemma-4-26B-A4B-it/UD-Q4_K_M/v2+story-v1/llama.cpp-b11443/t0	2026-10-06		
6062_130_36	8653c94cd404a70d9186a2f3f812d787d66d552f	...Though, I've lost track of how\nmany times I've apologized by\nnow...	machine	gemma-4-26B-A4B-it/UD-Q4_K_M/v2+story-v1/llama.cpp-b11443/t0	2026-10-06		
6062_130_37	05251a0b56f136a093c0437a5d76193c0ba111c0	But this is something that only\nI can do.	machine	gemma-4-26B-A4B-it/UD-Q4_K_M/v2+story-v1/llama.cpp-b11443/t0	2026-10-06		
6062_130_38	75c50b2de33991f6ea4fdb30b0e4f0fd8ea85da0	You can't! You can't do that! I\nhaven't even forgiven you for\nwhat you did this time, Eve!	machine	gemma-4-26B-A4B-it/UD-Q4_K_M/v2+story-v1/llama.cpp-b11443/t0	2026-10-06		
6062_130_39	7e4e00020d8b140ff8ed6cfec3f497acf7c12d15	You haven't even properly\napologized to Lavarnia yet!	machine	gemma-4-26B-A4B-it/UD-Q4_K_M/v2+story-v1/llama.cpp-b11443/t0	2026-10-06		
6062_130_40	dddb14e3287f9d43c540ebefd1be5445cfd74758	Hey! Eve! We're comrades,\naren't we?!	machine	gemma-4-26B-A4B-it/UD-Q4_K_M/v2+story-v1/llama.cpp-b11443/t0	2026-10-06		
6062_130_41	234f459a95f46577220b48aaa6fe6eb8e5b9d03e	If there's something you have\nto do, I'll help you! Let's go\ntogether!!	machine	gemma-4-26B-A4B-it/UD-Q4_K_M/v2+story-v1/llama.cpp-b11443/t0	2026-10-06		
6062_130_42	5287b1f74ec084565df6238fd2c0455bc77c1833	...I'm sorry, Tika. But this time, I\npromise I'll come back.	machine	gemma-4-26B-A4B-it/UD-Q4_K_M/v2+story-v1/llama.cpp-b11443/t0	2026-10-06		
6062_130_43	dc5804e3ab9d610c4141e0920d38c8267cd8a009	Eve!!	machine	gemma-4-26B-A4B-it/UD-Q4_K_M/v2+story-v1/llama.cpp-b11443/t0	2026-10-06		
6062_130_44	02c240ed61b71d3e465b0f5dbe2a20b67cb9ea7b	Givel! Stay here and behave\nyourself for a little while!	machine	gemma-4-26B-A4B-it/UD-Q4_K_M/v2+story-v1/llama.cpp-b11443/t0	2026-10-06		
6062_130_45	c166081560acfcaa73b9827229914f6cb94dbf7e	I was wrong this time.	machine	gemma-4-26B-A4B-it/UD-Q4_K_M/v2+story-v1/llama.cpp-b11443/t0	2026-10-06		
6062_130_46	4c1ad42b5862d2c9734e7becf9938eee533eb259	That's why I can't let my\njourney end here!	machine	gemma-4-26B-A4B-it/UD-Q4_K_M/v2+story-v1/llama.cpp-b11443/t0	2026-10-06		
6062_130_47	0a68c144d420f95f368a068e19939660db68e2fc	...Do as you please.	machine	gemma-4-26B-A4B-it/UD-Q4_K_M/v2+story-v1/llama.cpp-b11443/t0	2026-10-06		
6062_130_48	b3970dd4b6d7dad15f1339c17e55285b3bc22c13	Eve... are you really going?	machine	gemma-4-26B-A4B-it/UD-Q4_K_M/v2+story-v1/llama.cpp-b11443/t0	2026-10-06		
6062_130_49	f32716dda9581e55ec31853fd4f8b0d1722ab1a9	Eve...!	machine	gemma-4-26B-A4B-it/UD-Q4_K_M/v2+story-v1/llama.cpp-b11443/t0	2026-10-06		
6062_130_51	72a04a53a22bfd0025ead90c5a1f0a130608dd1d	Captain. I've always wondered\nwhy I was on that wasteland\nplanet where I first met you.	machine	gemma-4-26B-A4B-it/UD-Q4_K_M/v2+story-v1/llama.cpp-b11443/t0	2026-10-06		
6062_130_52	aad217f21d60f4bb4692680ed503fdb79b3d2e36	Even though there are so many\nplanets in the universe with\n"Gates."	machine	gemma-4-26B-A4B-it/UD-Q4_K_M/v2+story-v1/llama.cpp-b11443/t0	2026-10-06		
6062_130_54	64c7047ee417afd1df947e92e8192cb4fe46ac2e	Captain. Do you remember the\nplanet Maere?	machine	gemma-4-26B-A4B-it/UD-Q4_K_M/v2+story-v1/llama.cpp-b11443/t0	2026-10-06		
6062_130_56	23912de8ca8081f8d919879cc7e234855c76c11a	That planet was so similar to\nEarth. To your home, that\nwonderful blue planet teeming\nwith life.	machine	gemma-4-26B-A4B-it/UD-Q4_K_M/v2+story-v1/llama.cpp-b11443/t0	2026-10-06		
6062_130_57	013e7f080a82bc1394ccbe3c616f0bb2f2ac7183	Perhaps I was drawn to that\nplanet because it resembled\nEarth, and that's how I met\nyou...	machine	gemma-4-26B-A4B-it/UD-Q4_K_M/v2+story-v1/llama.cpp-b11443/t0	2026-10-06		
6062_130_58	c340ff6ec471d048918d12e547680ef33653f27f	Maybe I'm overthinking it.	machine	gemma-4-26B-A4B-it/UD-Q4_K_M/v2+story-v1/llama.cpp-b11443/t0	2026-10-06		
6062_130_60	efee97d652d0fc34602ba150d1115044c7908e6b	Captain! Stop Big Sister Eve!!	machine	gemma-4-26B-A4B-it/UD-Q4_K_M/v2+story-v1/llama.cpp-b11443/t0	2026-10-06		
6062_130_61	51939f9705d3de759c9cdee87e2f66c6c46dfc07	Captain. I'm going to pass\nthrough the "Gate" on that\nplanet I came from, to fulfill an\nimportant promise...	machine	gemma-4-26B-A4B-it/UD-Q4_K_M/v2+story-v1/llama.cpp-b11443/t0	2026-10-06		
6062_130_62	3fc809e61659231605c7f7eb130376522314e4f8	But this time, I won't leave\nwithout saying anything. I'll be\nback soon.	machine	gemma-4-26B-A4B-it/UD-Q4_K_M/v2+story-v1/llama.cpp-b11443/t0	2026-10-06		
6062_130_63	19651554d99aa9fa0443b5d21dae4da31f9652d4	Please, just wait for me for a\nlittle while.	machine	gemma-4-26B-A4B-it/UD-Q4_K_M/v2+story-v1/llama.cpp-b11443/t0	2026-10-06		
6062_140_01	fa07128fe4a7ad19f8d0220f7eb9e324ef50b928	Why! Why do you just leave\nagain without saying anything!?\nEve... why...?	machine	gemma-4-26B-A4B-it/UD-Q4_K_M/v2+story-v1/llama.cpp-b11443/t0	2026-10-06		
6062_140_02	e0c0dd8bef8b1c1f509139a0141c42c52290176f	...She's always been like that.\nNever saying anything\nimportant, she just carries it all\nalone and acts on her own\nwhims.	machine	gemma-4-26B-A4B-it/UD-Q4_K_M/v2+story-v1+short-v1/llama.cpp-b11443/t0	2026-10-06		
6062_140_03	d59a56d3f81eb86ecf75695e6742c3198e8b148b	Even after descending to this\nuniverse, nothing has changed.\nIt is utterly infuriating.	machine	gemma-4-26B-A4B-it/UD-Q4_K_M/v2+story-v1/llama.cpp-b11443/t0	2026-10-06		
6062_140_04	94638d7dc94b7798767e50a9cfad655d7dec590d	Heading to Planet Maere now...\nat the Overman's speed, that's\na distance that will take over\nsix months.	machine	gemma-4-26B-A4B-it/UD-Q4_K_M/v2+story-v1/llama.cpp-b11443/t0	2026-10-06		
6062_140_05	fa551e323cd549be25a66b9c49f81e577a4a6343	Just what is Eve's goal?	machine	gemma-4-26B-A4B-it/UD-Q4_K_M/v2+story-v1/llama.cpp-b11443/t0	2026-10-06		
6062_140_06	44d825abcd68d654f5c1bb60c5243aec2e2846e8	As Givel says, I don't believe\nshe has such a deep,\ncalculated plan...	machine	gemma-4-26B-A4B-it/UD-Q4_K_M/v2+story-v1/llama.cpp-b11443/t0	2026-10-06		
6062_140_07	d5ef6b17294b660aac945e1f7ea43b37b1122883	But... she was serious and\ndesperate... I suspect it was\nsomething Eve truly needed to\ndo.	machine	gemma-4-26B-A4B-it/UD-Q4_K_M/v2+story-v1/llama.cpp-b11443/t0	2026-10-06		
6062_140_08	bce8e44922c2f9509998cf49b0198248f4334f78	Tell me, Givel.	machine	gemma-4-26B-A4B-it/UD-Q4_K_M/v2+story-v1/llama.cpp-b11443/t0	2026-10-06		
6062_140_09	ed306d712f71e6fd6771c4b96dd5a2e987941510	What is it?	machine	gemma-4-26B-A4B-it/UD-Q4_K_M/v2+story-v1/llama.cpp-b11443/t0	2026-10-06		
6062_140_10	77608913d937be6765d0dd77c990a24f48a122a5	What is this "Gate" Eve spoke\nof?	machine	gemma-4-26B-A4B-it/UD-Q4_K_M/v2+story-v1/llama.cpp-b11443/t0	2026-10-06		
6062_140_11	166a90972c391c728673c8a34f651152907c55f1	From your tone, I suspect it's\nsomething other than the "Gate\nof Urza" you mentioned. You\nknow something, don't you?	machine	gemma-4-26B-A4B-it/UD-Q4_K_M/v2+story-v1+short-v1/llama.cpp-b11443/t0	2026-10-06		
6062_140_12	f39813d20ab585caf754c6bc0d2dc3ccf17e1e12	...She said it herself. That it's a\nwasteland planet located near\nPlanet Maere.	machine	gemma-4-26B-A4B-it/UD-Q4_K_M/v2+story-v1/llama.cpp-b11443/t0	2026-10-06		
6062_140_13	29c0e1a80298c85be2bc807e1efe207b1ccc3255	So that is where the "Gate"\nEve is seeking is located, is it?	machine	gemma-4-26B-A4B-it/UD-Q4_K_M/v2+story-v1/llama.cpp-b11443/t0	2026-10-06		
6062_140_14	3b4b0a40054ae617e76199dcb1399ffd35a88990	How should I know? I've never\neven been to that planet...	machine	gemma-4-26B-A4B-it/UD-Q4_K_M/v2+story-v1/llama.cpp-b11443/t0	2026-10-06		
6062_140_15	d4c2fa81439eb7240889d4b2c6475a800c71e730	...Hm.	machine	gemma-4-26B-A4B-it/UD-Q4_K_M/v2+story-v1/llama.cpp-b11443/t0	2026-10-06		
6062_140_16	2d3f9b4d140ad462a3a5eb6a413a580da3931c6c	What now?! What's happening\nthis time?!	machine	gemma-4-26B-A4B-it/UD-Q4_K_M/v2+story-v1/llama.cpp-b11443/t0	2026-10-06		
6062_140_17	736393ca8e82e964c6cda0539fbd4fa63f257383	Is the Lazuli Stone activating?!	machine	gemma-4-26B-A4B-it/UD-Q4_K_M/v2+story-v1/llama.cpp-b11443/t0	2026-10-06		
6062_140_18	64942b366c0dc1470c48562c50be5b98a14de12a	No, that's not it! This Gate isn't\nreacting at all! The space in\nfront of it is tearing apart!	machine	gemma-4-26B-A4B-it/UD-Q4_K_M/v2+story-v1/llama.cpp-b11443/t0	2026-10-06		
6062_140_19	5146b47bf851c5380ac3fb2a092c07ad95aa8401	A ladder... of moonlight...?	machine	gemma-4-26B-A4B-it/UD-Q4_K_M/v2+story-v1/llama.cpp-b11443/t0	2026-10-06		
6062_140_20	1fdb6ce43e42de2230d1dbeafc8589612e4d315c	It seems Evelysse has safely\narrived at the "True Gate" after\nall.	machine	gemma-4-26B-A4B-it/UD-Q4_K_M/v2+story-v1/llama.cpp-b11443/t0	2026-10-06		
6062_140_21	f7a2b9abe8e95816f672aa7efafd51389cd65c3a	What was that?	machine	gemma-4-26B-A4B-it/UD-Q4_K_M/v2+story-v1/llama.cpp-b11443/t0	2026-10-06		
6062_140_23	8763a016daa2440d6acca1998c667947e8468c82	Tika! Ricardo! Sorry to keep\nyou waiting!	machine	gemma-4-26B-A4B-it/UD-Q4_K_M/v2+story-v1/llama.cpp-b11443/t0	2026-10-06		
6062_140_24	a68b3810ef576b6b5f1daf670e714e2bb81908aa	I've come back to fulfill my\npromise!!	machine	gemma-4-26B-A4B-it/UD-Q4_K_M/v2+story-v1/llama.cpp-b11443/t0	2026-10-06		
6062_140_25	1e2120ab68fdd7db639901d50c12f0ca3dce8052	Eve?!	machine	gemma-4-26B-A4B-it/UD-Q4_K_M/v2+story-v1/llama.cpp-b11443/t0	2026-10-06		
6062_140_26	aa8543f9c8d86221813f59b86a1c069322e9aad5	Huh? Wait, didn't Eve just fly\noff somewhere on the\nOverman?	machine	gemma-4-26B-A4B-it/UD-Q4_K_M/v2+story-v1/llama.cpp-b11443/t0	2026-10-06		
6062_140_27	2d6077595ada6b30eb5e119eebaf47ba5f6645fb	What the hell...? That thing on\nher arm... isn't it a Daftine\nSpace Force immigration tag?!	machine	gemma-4-26B-A4B-it/UD-Q4_K_M/v2+story-v1+short-v1/llama.cpp-b11443/t0	2026-10-06		
6062_140_28	53a38a6b0e40620cf4d1c47eb10469d222cc0e2f	Tika! Ricardo! And Rekoro! I'm\nsorry for the suddenness, but\ncould you all come over here\nfor a moment?!	machine	gemma-4-26B-A4B-it/UD-Q4_K_M/v2+story-v1/llama.cpp-b11443/t0	2026-10-06		
6062_140_29	74dbfb319e6219bd2704e8a01f8fdd15477f61c2	This Time Gate is opening from\nincredibly far away, so it's not\nvery stable!	machine	gemma-4-26B-A4B-it/UD-Q4_K_M/v2+story-v1/llama.cpp-b11443/t0	2026-10-06		
6062_140_30	6c0e68d75672fc78471062687949d504eb63babc	Givel is over there too! I'll be\nback in a little bit, so please\nhandle the rest!	machine	gemma-4-26B-A4B-it/UD-Q4_K_M/v2+story-v1/llama.cpp-b11443/t0	2026-10-06		
6062_140_31	7dedb065a209b130ae191c2685fe178a6c580748	Do as you please...	machine	gemma-4-26B-A4B-it/UD-Q4_K_M/v2+story-v1/llama.cpp-b11443/t0	2026-10-06		
6062_140_32	5afb01fd4c05afac79bded5af449beb190d8d87a	Come on, Tika!	machine	gemma-4-26B-A4B-it/UD-Q4_K_M/v2+story-v1/llama.cpp-b11443/t0	2026-10-06		
6062_140_33	cdce8496f1528c14f6b32f06d00065cab696be9b	Eve!	machine	gemma-4-26B-A4B-it/UD-Q4_K_M/v2+story-v1/llama.cpp-b11443/t0	2026-10-06		
6062_140_34	127e8a8ee4606ebacee91a7bd96024c61bd76a48	...I can finally keep my promise.\nI've come to get you, from 200\nyears in the future!	machine	gemma-4-26B-A4B-it/UD-Q4_K_M/v2+story-v1/llama.cpp-b11443/t0	2026-10-06		
6064_200_01	2f8aab50ae52378d7945f85f5576e81b430b545f	Oh, looks like they're back,\nWelch. ...Welch, you okay?	machine	gemma-4-26B-A4B-it/UD-Q4_K_M/v2+story-v1/llama.cpp-b11443/t0	2026-10-06		
6064_200_02	1bbb8e8c8a7feb8a2f8bf2b76c978f5d5ba07d25	I know! I can see it! Just shut\nup for a second!	machine	gemma-4-26B-A4B-it/UD-Q4_K_M/v2+story-v1/llama.cpp-b11443/t0	2026-10-06		
6064_200_03	308799ec92245b2d07f8b4ff17a775b3a1dc0f99	Calm down. What happened to\nyour usual confidence? You're\nruining your reputation as a\ngenius beauty.	machine	gemma-4-26B-A4B-it/UD-Q4_K_M/v2+story-v1/llama.cpp-b11443/t0	2026-10-06		
6064_200_04	b7ba11a09fc722d5938f5f1e8ce25e8d16236dc6	Shut up! You're distracting me!	machine	gemma-4-26B-A4B-it/UD-Q4_K_M/v2+story-v1/llama.cpp-b11443/t0	2026-10-06		
6064_200_05	b31b0b46593b55a17d3735aaf2fc1aa311a009d3	U-Um, press here, the display\nis... since everything is green\nhere, it should be fine...	machine	gemma-4-26B-A4B-it/UD-Q4_K_M/v2+story-v1/llama.cpp-b11443/t0	2026-10-06		
6064_200_06	4b7fb2b68b4a6fb09afc8e12e3d96d09eeb14414	And, this! Um, nngh!\nG-GFSS-3214...	machine	gemma-4-26B-A4B-it/UD-Q4_K_M/v2+story-v1/llama.cpp-b11443/t0	2026-10-06		
6064_200_07	895264551808473fe62404b2d56ec2c526952c90	You're drifting a little bit.	machine	gemma-4-26B-A4B-it/UD-Q4_K_M/v2+story-v1/llama.cpp-b11443/t0	2026-10-06		
6064_200_08	d2e1c09c7930feee356e52feea8e042a5d62166d	Oh! Overman, it's not Hangar 1!\nI'm opening Hangar 3, so\nplease head there!	machine	gemma-4-26B-A4B-it/UD-Q4_K_M/v2+story-v1/llama.cpp-b11443/t0	2026-10-06		
6064_200_09	4bd2f031514dedae89410a745e7b769ddfd95751	Ah... this is nerve-wracking.	machine	gemma-4-26B-A4B-it/UD-Q4_K_M/v2+story-v1/llama.cpp-b11443/t0	2026-10-06		
6064_200_10	0feb80f7810ff80de491783e00e6e962acd573c7	Oh, the landing signal from the\nOverman, this is it! Received!	machine	gemma-4-26B-A4B-it/UD-Q4_K_M/v2+story-v1/llama.cpp-b11443/t0	2026-10-06		
6064_200_11	4a45060360cd93fd11807f2ed1753f3c67e67b1c	And, the guidance Tractor\nBeam is this one. It's green, so\nit should work. Activating...\nactivating!!	machine	gemma-4-26B-A4B-it/UD-Q4_K_M/v2+story-v1/llama.cpp-b11443/t0	2026-10-06		
6064_200_12	ccbe030fb6400aef9778bc87dc2a187bccd54786	"...GFSS-3214F, Tractor Beam\nreceived from Overman.\nEntering hangar. Over."	machine	gemma-4-26B-A4B-it/UD-Q4_K_M/v2+story-v1/llama.cpp-b11443/t0	2026-10-06		
6064_200_13	ca4416679a802f786b1dd97effd17407596234e9	...Phew! Did it work!? It worked\njust now, right?!	machine	gemma-4-26B-A4B-it/UD-Q4_K_M/v2+story-v1/llama.cpp-b11443/t0	2026-10-06		
6064_200_14	4d6920e1f0c3601ddbc550c4459dc67b34a1246b	Yeah. I'd give it about an 80.\nGetting the hangar number\nwrong was a little sketchy,\nthough.	machine	gemma-4-26B-A4B-it/UD-Q4_K_M/v2+story-v1/llama.cpp-b11443/t0	2026-10-06		
6064_200_15	29ff4f92695014d2bf1b242a61b245e7476667dc	I feel like it was more than just\n"a little"...	machine	gemma-4-26B-A4B-it/UD-Q4_K_M/v2+story-v1/llama.cpp-b11443/t0	2026-10-06		
6064_200_16	092625dbd97ee8a0d64b3a6c506d7535e07e6764	Well, anyway, good job on your\nfirst landing operation.	machine	gemma-4-26B-A4B-it/UD-Q4_K_M/v2+story-v1/llama.cpp-b11443/t0	2026-10-06		
6064_200_17	5ac9531263a16994fa5cd69fdc03b9f185aa2c10	Since we're family, let's not\nsweat the small stuff. Just use\ntoday's mistake to improve\nnext time.	machine	gemma-4-26B-A4B-it/UD-Q4_K_M/v2+story-v1/llama.cpp-b11443/t0	2026-10-06		
6064_200_18	750feae2ab29de309031e056ebc07f9abc4b0fc3	...Yeah, I'll do my best!	machine	gemma-4-26B-A4B-it/UD-Q4_K_M/v2+story-v1/llama.cpp-b11443/t0	2026-10-06		
6064_200_19	56cd3eab41da505963968e8e9f1a8d177677157b	...I just hope Sir Ewin doesn't\ncollapse from gastroenteritis...	machine	gemma-4-26B-A4B-it/UD-Q4_K_M/v2+story-v1/llama.cpp-b11443/t0	2026-10-06		
6064_200_20	b70a1f38d08389b96aa8e11bb979383062b11859	Sir Ewin: W-Welch was the one\nguiding that landing just now?!	machine	gemma-4-26B-A4B-it/UD-Q4_K_M/v2+story-v1/llama.cpp-b11443/t0	2026-10-06		
6064_200_21	69cd2660edb4a0eb42b5eb4fa6f28fc6568f87d3	And Heath was the one\nsupervising her.	machine	gemma-4-26B-A4B-it/UD-Q4_K_M/v2+story-v1/llama.cpp-b11443/t0	2026-10-06		
6064_200_22	b5b43cd74eeb5d8828b24d06b9f6703695b10f93	That's right!	machine	gemma-4-26B-A4B-it/UD-Q4_K_M/v2+story-v1/llama.cpp-b11443/t0	2026-10-06		
6064_200_23	a481fd355ebfa684a61e6ab1e0b9bc532e9a1fcf	You bet!	machine	gemma-4-26B-A4B-it/UD-Q4_K_M/v2+story-v1/llama.cpp-b11443/t0	2026-10-06		
6064_200_24	e125e5535208c40102db036e53c919f020dc0123	Sir Ewin: ...*Sigh*!	machine	gemma-4-26B-A4B-it/UD-Q4_K_M/v2+story-v1/llama.cpp-b11443/t0	2026-10-06		
6064_200_25	f5309a1eda850e0f06b593ef035232dc631b054a	*Gasp*!!	machine	gemma-4-26B-A4B-it/UD-Q4_K_M/v2+story-v1/llama.cpp-b11443/t0	2026-10-06		
6064_200_26	3b061abf454d55bc183c6c77fe8e06637508ace4	...I'm back... Huh? Why are\nEuwin and Heath collapsed on\nthe floor?	machine	gemma-4-26B-A4B-it/UD-Q4_K_M/v2+story-v1/llama.cpp-b11443/t0	2026-10-06		
6064_200_27	2b4aa833c98846da57c580857f98d60de05e47cf	Uh, ah, well, Eu-boy just fainted\non his own, and Jeanne\nslapped Heath...	machine	gemma-4-26B-A4B-it/UD-Q4_K_M/v2+story-v1/llama.cpp-b11443/t0	2026-10-06		
6064_200_28	f8176134ddeac6bc9a23271b5872b21a27729913	Then the responsibility for that\nextremely dangerous operation\nlies with Heath, who was in\ncharge of supervision.	machine	gemma-4-26B-A4B-it/UD-Q4_K_M/v2+story-v1+short-v1/llama.cpp-b11443/t0	2026-10-06		
6064_200_29	17dc73db6d15b42e0db5c3c02f4c68c8c2a6b5a2	Y-Yes, boss!	machine	gemma-4-26B-A4B-it/UD-Q4_K_M/v2+story-v1/llama.cpp-b11443/t0	2026-10-06		
6064_200_30	e3c1ef38d5b6311c0889b37f93ff66528c9b1cec	Eh? Ah, no, no, no! If something\nwent wrong, it's my\nresponsibility...!	machine	gemma-4-26B-A4B-it/UD-Q4_K_M/v2+story-v1/llama.cpp-b11443/t0	2026-10-06		
6064_200_31	dc19a93ca2ffa467a58d814fbded91f453ac4a3c	No. As an Operator, Ms. Welch\nis less than a novice.	machine	gemma-4-26B-A4B-it/UD-Q4_K_M/v2+story-v1/llama.cpp-b11443/t0	2026-10-06		
6064_200_32	c41415b74902782c1f8bcfc3bfa10d00f3421899	The responsibility for that\nfailure lies with Heath, as the\nsupervisor. Heath, we need to\nhave a word.	machine	gemma-4-26B-A4B-it/UD-Q4_K_M/v2+story-v1/llama.cpp-b11443/t0	2026-10-06		
6064_200_33	35987a49af9c7a8796d942f04dd3a80b1a518a09	First, we must consider when\nyour control techniques\nbecame proficient enough to\nsupervise others.	machine	gemma-4-26B-A4B-it/UD-Q4_K_M/v2+story-v1+short-v1/llama.cpp-b11443/t0	2026-10-06		
6064_200_34	8f639a8e45541e6cc3d55fd8dc153bf2bf3f0639	YES, BOSS!!!	machine	gemma-4-26B-A4B-it/UD-Q4_K_M/v2+story-v1/llama.cpp-b11443/t0	2026-10-06		
6064_200_35	2145f22a533e9ce9ddef56010cb4f2af2d9b40df	And also, Ms. Welch.	machine	gemma-4-26B-A4B-it/UD-Q4_K_M/v2+story-v1/llama.cpp-b11443/t0	2026-10-06		
6064_200_36	ca34123c3763923d5a894a4453e2a89abe91298f	Y-Yes, ma'am!	machine	gemma-4-26B-A4B-it/UD-Q4_K_M/v2+story-v1/llama.cpp-b11443/t0	2026-10-06		
6064_200_37	1c6a6e4306ac1b167b71b61e91b917ce0a7251f5	Please make plenty of\nmistakes while you are still a\nnovice. Those above you will\nbear all the responsibility.	machine	gemma-4-26B-A4B-it/UD-Q4_K_M/v2+story-v1/llama.cpp-b11443/t0	2026-10-06		
6064_200_38	4c6862b541b391d3a6cd278e76d38c6e2ed465ae	...O-okay...	machine	gemma-4-26B-A4B-it/UD-Q4_K_M/v2+story-v1/llama.cpp-b11443/t0	2026-10-06		
6064_200_39	fa0be2ce0a798623b1180c6d645653adb927e61c	...Are you okay?	machine	gemma-4-26B-A4B-it/UD-Q4_K_M/v2+story-v1/llama.cpp-b11443/t0	2026-10-06		
6064_200_40	19b3b912525916bb9bbaa583dd72014eda3e4af6	Yeah, I mean, usually when you\nmess up, people get seriously\npissed off...	machine	gemma-4-26B-A4B-it/UD-Q4_K_M/v2+story-v1/llama.cpp-b11443/t0	2026-10-06		
6064_200_41	7c52b1cf141aee690aa59d96c0cd423d9abafcf4	For the first time, I felt like\napologizing to Eu. I realized I\nneed to be more responsible.\nYeah.	machine	gemma-4-26B-A4B-it/UD-Q4_K_M/v2+story-v1+short-v1/llama.cpp-b11443/t0	2026-10-06		
6064_200_42	b6b68ff0a6731159ae5449a37207c2184302e63a	If you tell him while he's awake,\ndon't you think he'll cry with\njoy?	machine	gemma-4-26B-A4B-it/UD-Q4_K_M/v2+story-v1/llama.cpp-b11443/t0	2026-10-06		
6064_200_43	84e174640d0c759089410d78501a851339dfeb05	No, I feel like he'd start\nworrying because it's so unlike\nthe usual Welch.	machine	gemma-4-26B-A4B-it/UD-Q4_K_M/v2+story-v1/llama.cpp-b11443/t0	2026-10-06		
6064_200_44	ff2f4f34f512005c6ee8f8c0bc9a682d3caa6d0d	You're certainly quick to talk\nthe moment you get back...	machine	gemma-4-26B-A4B-it/UD-Q4_K_M/v2+story-v1/llama.cpp-b11443/t0	2026-10-06		
6064_200_45	26c6df79b0fb1a6f123e5a34a9f503b953458837	So, how was it? Your\nmonth-long trip to Ober.	machine	gemma-4-26B-A4B-it/UD-Q4_K_M/v2+story-v1/llama.cpp-b11443/t0	2026-10-06		
6064_200_46	dc86599b0d551030282f5a1ffb2c29f0b66bec9b	Ah, it was very meaningful. I\nhave already achieved one\nsmall objective of this journey\nthrough space.	machine	gemma-4-26B-A4B-it/UD-Q4_K_M/v2+story-v1/llama.cpp-b11443/t0	2026-10-06		
6064_200_47	511c2d425348c79f6a4288ac7940d7d18823dc30	Don't tell me, was it about the\nLycanthropes on Ober?	machine	gemma-4-26B-A4B-it/UD-Q4_K_M/v2+story-v1/llama.cpp-b11443/t0	2026-10-06		
6064_200_48	ace75b59141e5320f3f95b98425d41bbbfece693	Yes. A genetic connection to\nthe Daftes was confirmed in\nabout half of the Lycanthrope\nspecies on Ober.	machine	gemma-4-26B-A4B-it/UD-Q4_K_M/v2+story-v1/llama.cpp-b11443/t0	2026-10-06		
6064_200_49	7735edd6b9a75d810d6be1bd0ee9bbab8b8eb042	Those who escaped Daftes\nshouldn't have developed\nlycanthropy, but there must\nhave been many latent\ncarriers.	machine	gemma-4-26B-A4B-it/UD-Q4_K_M/v2+story-v1+short-v1/llama.cpp-b11443/t0	2026-10-06		
6064_200_50	6b7e5c12fbf88bf4d19bd1e57f7b1ee448482371	It seems it's not just the\nLycanthropes; about half of\nthe species living on Ober have\nroots from off-planet.	machine	gemma-4-26B-A4B-it/UD-Q4_K_M/v2+story-v1/llama.cpp-b11443/t0	2026-10-06		
6064_200_51	631d486a087d4c5e2c91aaf366a40bae174745be	It looks like the people of Ober\nhave long been conscious of\nventuring into space to search\nfor their origins.	machine	gemma-4-26B-A4B-it/UD-Q4_K_M/v2+story-v1/llama.cpp-b11443/t0	2026-10-06		
6064_200_52	500c487a8d9f2f699e247f6de033c6757758199c	However, judging from the\nhistorical sites, records, and\ncurrent population distribution...	machine	gemma-4-26B-A4B-it/UD-Q4_K_M/v2+story-v1/llama.cpp-b11443/t0	2026-10-06		
6064_200_53	bb2bb4bbda9b52cd83a743bfa326dad3acf1b257	...it seems they were a lucky\nfew, making up less than a few\npercent of those who escaped\nDaftes 30,000 years ago.	machine	gemma-4-26B-A4B-it/UD-Q4_K_M/v2+story-v1+short-v1/llama.cpp-b11443/t0	2026-10-06		
6064_200_54	8ee161dbf11b7b1f278a79d7909919658ed0370c	I suppose finding our kin's\nwhereabouts was a promising\nstart. We still have a long way\nto go.	machine	gemma-4-26B-A4B-it/UD-Q4_K_M/v2+story-v1+short-v1/llama.cpp-b11443/t0	2026-10-06		
6064_200_55	3e10d3f3c3e2d0a0fa47f9e852f3be4e1064caea	I see. Well, anyway, good job.	machine	gemma-4-26B-A4B-it/UD-Q4_K_M/v2+story-v1/llama.cpp-b11443/t0	2026-10-06		
6064_200_56	9f1c007b89be2c57c84be7ebd42509c0cdb9c6d8	Yes, thank you. Euwin was\nworried about you the entire\ntime you were traveling, Welch.\nYou should thank him.	machine	gemma-4-26B-A4B-it/UD-Q4_K_M/v2+story-v1/llama.cpp-b11443/t0	2026-10-06		
6064_200_57	818c216e5d62f1b87fa427504da1006dd8cb294b	I bet it was just him constantly\nasking if I'd broken anything or\nsomething.	machine	gemma-4-26B-A4B-it/UD-Q4_K_M/v2+story-v1/llama.cpp-b11443/t0	2026-10-06		
6064_200_58	908ac657665c4694422d50e309aadde3ffe39cfa	If you know that, then try to\nact in a way that lets him feel\na little more at ease.	machine	gemma-4-26B-A4B-it/UD-Q4_K_M/v2+story-v1/llama.cpp-b11443/t0	2026-10-06		
6064_200_59	7cb18a4a2698d8c41309a6d2b25b4aad50fc7196	Hmph! If he's so worried, he\ncan just stay here and\nhouse-sit with me!	machine	gemma-4-26B-A4B-it/UD-Q4_K_M/v2+story-v1/llama.cpp-b11443/t0	2026-10-06		
6064_200_60	3914be31aba7ed28e4c37bb0a0ab182f1e3aff80	Oh my.	machine	gemma-4-26B-A4B-it/UD-Q4_K_M/v2+story-v1/llama.cpp-b11443/t0	2026-10-06		
6064_200_61	0886b7fb99972339fe8fa162701a8f1d0ed36219	What?	machine	gemma-4-26B-A4B-it/UD-Q4_K_M/v2+story-v1/llama.cpp-b11443/t0	2026-10-06		
6064_200_62	facc87f0717e8f7bede241a669e8306b863ce740	It's nothing. Forgive us, but\nwe're a bit tired. We're\ncounting on you to look after\nEuwin.	machine	gemma-4-26B-A4B-it/UD-Q4_K_M/v2+story-v1/llama.cpp-b11443/t0	2026-10-06		
6064_200_63	118bc7281640ac5e25448021d293cbb5a71e1f06	What?! Hey, wait a minute!	machine	gemma-4-26B-A4B-it/UD-Q4_K_M/v2+story-v1/llama.cpp-b11443/t0	2026-10-06		
6064_200_64	6804faca04c987fbfc13e7431739c89382ef24fa	Ugh... Welch... I can't... I'm gonna\nexplode...	machine	gemma-4-26B-A4B-it/UD-Q4_K_M/v2+story-v1/llama.cpp-b11443/t0	2026-10-06		
6064_200_65	f6f3d30537f1a4c04a83a21a33ddfcaff8b11d2c	...Geez, come on, pull yourself\ntogether! I didn't break\nanything.	machine	gemma-4-26B-A4B-it/UD-Q4_K_M/v2+story-v1/llama.cpp-b11443/t0	2026-10-06		
6064_200_66	42c84c6b9b14ead4b472f72062e9b37c0efe4345	Ugh... Welch... are you hurt...?	machine	gemma-4-26B-A4B-it/UD-Q4_K_M/v2+story-v1/llama.cpp-b11443/t0	2026-10-06		
6064_200_67	79e089eccca21439bebb96dfe08846103d04bdd5	Honestly... I... I do feel really\nbad about this, okay...?	machine	gemma-4-26B-A4B-it/UD-Q4_K_M/v2+story-v1/llama.cpp-b11443/t0	2026-10-06		
6064_200_68	a52de9f0fbaed17f14d62f493fd674953990e3b3	...Huh. Is that so?	machine	gemma-4-26B-A4B-it/UD-Q4_K_M/v2+story-v1/llama.cpp-b11443/t0	2026-10-06		
6064_200_69	eb54ee7a38f6dabf9bf22ef065d2ee435c90929b	Wha―!? Eh!? Huh!? Didn't you\njust go that way!?	machine	gemma-4-26B-A4B-it/UD-Q4_K_M/v2+story-v1/llama.cpp-b11443/t0	2026-10-06		
6064_200_70	b47a232480a7f87fcaa92d97946afde5224cfc92	...I've been here the whole time.	machine	gemma-4-26B-A4B-it/UD-Q4_K_M/v2+story-v1/llama.cpp-b11443/t0	2026-10-06		
6064_200_71	a3904f14a611da16e8003ec8fba8d9d27cd6debf	Ugh... oh... ohhhhh.	machine	gemma-4-26B-A4B-it/UD-Q4_K_M/v2+story-v1/llama.cpp-b11443/t0	2026-10-06		
6064_200_72	d4d1d62fd987d0e7f62acceb958e531abe7d78e7	...It's fine. It didn't even\nsurprise me.	machine	gemma-4-26B-A4B-it/UD-Q4_K_M/v2+story-v1/llama.cpp-b11443/t0	2026-10-06		
6064_200_73	62c327cb01cc30d8098c1c934ce67e864537b9a5	...Huh?	machine	gemma-4-26B-A4B-it/UD-Q4_K_M/v2+story-v1/llama.cpp-b11443/t0	2026-10-06		
6064_200_74	761f2c1f112dd95ad6810f9de4f1ab3f0b841d3d	...Thanks for the meal.	machine	gemma-4-26B-A4B-it/UD-Q4_K_M/v2+story-v1/llama.cpp-b11443/t0	2026-10-06		
6064_200_75	aa53dcc8d741cb0cb189150e32e97a892a943ffe	Whaaaaaaaaaaaaaaat!?	machine	gemma-4-26B-A4B-it/UD-Q4_K_M/v2+story-v1/llama.cpp-b11443/t0	2026-10-06		
6064_200_77	55e1ba371b40e2799b3e08e3006ed4ae2914d333	Don't run away with a weird\nmisunderstanding like that!!	machine	gemma-4-26B-A4B-it/UD-Q4_K_M/v2+story-v1/llama.cpp-b11443/t0	2026-10-06		
6064_200_78	190bafc75cb5483c58e89dfcf1fbf63725fcb2f4	Ow!! ...Wait, what? There's no\none here. I feel like I just heard\nsomething incredibly bad...\nHuh?	machine	gemma-4-26B-A4B-it/UD-Q4_K_M/v2+story-v1/llama.cpp-b11443/t0	2026-10-06		
6064_210_01	a4dfe5f9e1ce4f13e3c60b11a7fb2596bd08e1d7	So, thanks to Karlyn and Henri\nin particular, discussions have\nproceeded smoothly,	machine	gemma-4-26B-A4B-it/UD-Q4_K_M/v2+story-v1/llama.cpp-b11443/t0	2026-10-06		
6064_210_02	33eb5947b8301b2060e907ba272e0bb78316fb32	Practical terms for ending the\nwar are mostly settled. Now,\nit's up to the higher-ups.	machine	gemma-4-26B-A4B-it/UD-Q4_K_M/v2+story-v1+short-v1/llama.cpp-b11443/t0	2026-10-06		
6064_210_03	04b30038e3b9a278440d5eb5eef235bf230b6fdc	U-Um, that's fine, but Heath,\nare you okay? You look\nincredibly pale. Do you want to\ngo to the infirmary?	machine	gemma-4-26B-A4B-it/UD-Q4_K_M/v2+story-v1/llama.cpp-b11443/t0	2026-10-06		
6064_210_04	308c3752f2b2e73ec72c7cbcec8e7a921c988b76	…………Ah, no, I'm fine…….	machine	gemma-4-26B-A4B-it/UD-Q4_K_M/v2+story-v1/llama.cpp-b11443/t0	2026-10-06		
6064_210_05	866998cfe82442690dc7bf07d0750e42521418ab	Ah, regarding that, I'll want to\nspeak with the Captain later,\nso that's a separate matter.	machine	gemma-4-26B-A4B-it/UD-Q4_K_M/v2+story-v1/llama.cpp-b11443/t0	2026-10-06		
6064_210_07	417f82396524302e148c76e5b71a2807e7193285	He's been through the\nwringer...	machine	gemma-4-26B-A4B-it/UD-Q4_K_M/v2+story-v1/llama.cpp-b11443/t0	2026-10-06		
6064_210_08	9288182c9df4073db2a6274889c50f1ea9356aab	Continuing the report.	machine	gemma-4-26B-A4B-it/UD-Q4_K_M/v2+story-v1/llama.cpp-b11443/t0	2026-10-06		
6064_210_09	d84a731ee51afa59dff4fda886d3aa1442110663	Thanks to Ms. Rose,\nappropriate reparations will be\nmade for the aggression\nagainst the Bazaar's mining\ndistricts just before the\nceasefire.	machine	gemma-4-26B-A4B-it/UD-Q4_K_M/v2+story-v1+short-v1/llama.cpp-b11443/t0	2026-10-06		
6064_210_10	887400489caa7bf215780634837234d2dbd74b2c	and that the Bazaar will settle\nthe score by acting as the\nmediator for the end-of-war\nnegotiations.	machine	gemma-4-26B-A4B-it/UD-Q4_K_M/v2+story-v1/llama.cpp-b11443/t0	2026-10-06		
6064_210_11	0ade7b1e44c5327c2946d39661a2f8cec2ad1952	However, Raza, Ober, and the\nBazaar have all presented one\nprimary condition for deciding\nthe end of the war.	machine	gemma-4-26B-A4B-it/UD-Q4_K_M/v2+story-v1/llama.cpp-b11443/t0	2026-10-06		
6064_210_12	ade736ae87386865a0817cc4d557c46e446e4e4e	And that is... proof of the\ncomplete neutrality of\nGFSS-3214F.	machine	gemma-4-26B-A4B-it/UD-Q4_K_M/v2+story-v1/llama.cpp-b11443/t0	2026-10-06		
6064_210_13	a03ef1a2fde97614d698e05ee5d37ff4d28fb839	Complete neutrality?	machine	gemma-4-26B-A4B-it/UD-Q4_K_M/v2+story-v1/llama.cpp-b11443/t0	2026-10-06		
6064_210_14	4d4fc996a7e9ff80796be324825fda07c9cdce2d	Yes. It seems this ship went a\nbit too far during the recent\nAsmodeus invasion.	machine	gemma-4-26B-A4B-it/UD-Q4_K_M/v2+story-v1/llama.cpp-b11443/t0	2026-10-06		
6064_210_15	685d08ff8dd765175b1240f44cf9a8f8c7df7b46	It wasn't just "a bit too far," it\nwas overkill!! *cough*	machine	gemma-4-26B-A4B-it/UD-Q4_K_M/v2+story-v1/llama.cpp-b11443/t0	2026-10-06		
6064_210_16	bd742e59fd671136eb7a1c75a682fefd2cdba797	This ship's performance is\notherworldly, capable of\nrepelling the Ober fleet's\nfull-scale assault\nsingle-handedly.	machine	gemma-4-26B-A4B-it/UD-Q4_K_M/v2+story-v1+short-v1/llama.cpp-b11443/t0	2026-10-06		
6064_210_17	c1c951a762b0d7b3542191fc959a813b8e2a4039	It is an entity that completely\ndisrupts the military balance of\nthe Azurite system.	machine	gemma-4-26B-A4B-it/UD-Q4_K_M/v2+story-v1/llama.cpp-b11443/t0	2026-10-06		
6064_210_18	6fa8509da0d23e38984243bc4c22efefb1d30458	Consequently, the Ober military\nleadership fears that this ship\nbelongs to the Raza military.	machine	gemma-4-26B-A4B-it/UD-Q4_K_M/v2+story-v1/llama.cpp-b11443/t0	2026-10-06		
6064_210_19	8f657b97873c1799ba6e4ac0ae526ee39d66edfa	B-but, it's currently docked at\nthe Bazaar...	machine	gemma-4-26B-A4B-it/UD-Q4_K_M/v2+story-v1/llama.cpp-b11443/t0	2026-10-06		
6064_210_20	166b8f0d17727ff0a4821bf2c4167df0cd3441aa	That is the same thing.	machine	gemma-4-26B-A4B-it/UD-Q4_K_M/v2+story-v1/llama.cpp-b11443/t0	2026-10-06		
6064_210_21	b791999a13f1708c0aba8d4169ed40d03bfdd4f5	They fear the Stardust Bazaar,\nalready controlling both\nplanets' resources, will also\nmonitor Raza and Ober\nmilitarily.	machine	gemma-4-26B-A4B-it/UD-Q4_K_M/v2+story-v1+short-v1/llama.cpp-b11443/t0	2026-10-06		
6064_210_22	af60ca441e9c674c235a8eccff26e548a72e1d06	But if that's the case, how are\nwe supposed to prove our\nneutrality?	machine	gemma-4-26B-A4B-it/UD-Q4_K_M/v2+story-v1/llama.cpp-b11443/t0	2026-10-06		
6064_210_23	52a68311be14074760e77ec7d5bb54705f3b2916	...You mean, we have to leave\nthis system.	machine	gemma-4-26B-A4B-it/UD-Q4_K_M/v2+story-v1/llama.cpp-b11443/t0	2026-10-06		
6064_210_24	d1e30f3caaff370422e48a06901db76c0ca3b52a	Precisely. There is no other\nway to declare neutrality.	machine	gemma-4-26B-A4B-it/UD-Q4_K_M/v2+story-v1/llama.cpp-b11443/t0	2026-10-06		
6064_210_26	42c7e1df896a18ff1f1cb346a4855c23a1ecb825	I myself find it to be a foolish,\nungrateful, and shameless\nsituation.	machine	gemma-4-26B-A4B-it/UD-Q4_K_M/v2+story-v1/llama.cpp-b11443/t0	2026-10-06		
6064_210_27	46aa50927d336f639b70a6edd152bab5eab51395	But Captain <player>, if you are\na soldier yourself, I believe you\nwill understand.	machine	gemma-4-26B-A4B-it/UD-Q4_K_M/v2+story-v1/llama.cpp-b11443/t0	2026-10-06		
6064_210_28	9dc4aee80cc1e8500434856d3ca1a456e49ed455	So that's why Raza and Ober\nstealth patrol boats have been\nfrequenting this sector these\npast few days.	machine	gemma-4-26B-A4B-it/UD-Q4_K_M/v2+story-v1+short-v1/llama.cpp-b11443/t0	2026-10-06		
6064_210_29	b824828dcf7170e86db3f989364cc37ffedbfe54	It wouldn't even be funny if our\nstealth were being detected.	machine	gemma-4-26B-A4B-it/UD-Q4_K_M/v2+story-v1/llama.cpp-b11443/t0	2026-10-06		
6064_210_30	78b1763278713384f87129574cbdf00c5c88459a	But you are correct. Everyone\nis watching and remaining\nvigilant regarding this ship's\nmovements after the ceasefire.	machine	gemma-4-26B-A4B-it/UD-Q4_K_M/v2+story-v1/llama.cpp-b11443/t0	2026-10-06		
6064_210_31	b48799c4c705544c309dd5379693d29e6b2ef8ae	...Then if we leave the Bazaar\nand accidentally land\nsomewhere like Lazuli...	machine	gemma-4-26B-A4B-it/UD-Q4_K_M/v2+story-v1/llama.cpp-b11443/t0	2026-10-06		
6064_210_32	461bebeb32d3d56e7b0fce71f0ad7410b67d9fd9	Suspicion might reach its peak.	machine	gemma-4-26B-A4B-it/UD-Q4_K_M/v2+story-v1/llama.cpp-b11443/t0	2026-10-06		
6064_210_33	2d1fbc49e141ce2dac8a28e7f328a89b2443c839	The new regime's leaders know\nwhat's happening on Lazuli. If\nthis drags on, the end-of-war\nnegotiations could fall through\nentirely.	machine	gemma-4-26B-A4B-it/UD-Q4_K_M/v2+story-v1+short-v1/llama.cpp-b11443/t0	2026-10-06		
6064_210_34	0ccf141036af91c857ddfdef004622fcbc2e2006	After all, this ship has sided\nwith Raza and has been\ndocked at the Bazaar this\nwhole time.	machine	gemma-4-26B-A4B-it/UD-Q4_K_M/v2+story-v1/llama.cpp-b11443/t0	2026-10-06		
6064_210_35	36aedd684a5539489dcd4a1267ce3965c4b65b8d	To Ober, in particular, it must\nbe nothing less than a symbol\nof terror.	machine	gemma-4-26B-A4B-it/UD-Q4_K_M/v2+story-v1/llama.cpp-b11443/t0	2026-10-06		
6064_210_36	8d9dbacb6943c2688e1bb7e8957d544cc09adf9b	To become a threat to the\nuniverse... As a Hardier Warrior\nof Morphus, it is a truly ironic\nsituation.	machine	gemma-4-26B-A4B-it/UD-Q4_K_M/v2+story-v1+short-v1/llama.cpp-b11443/t0	2026-10-06		
6064_210_37	5eaede4c925c68a1b167f8fc967e3aa20eb3b8e7	I understand what you're\nsaying. But we still can't just\nleave this star system.	machine	gemma-4-26B-A4B-it/UD-Q4_K_M/v2+story-v1/llama.cpp-b11443/t0	2026-10-06		
6064_210_38	5bafcf5f79942c1806049407a6d50eb03a203b7b	Yes, I am well aware of that.	machine	gemma-4-26B-A4B-it/UD-Q4_K_M/v2+story-v1/llama.cpp-b11443/t0	2026-10-06		
6064_210_39	8eb57f8ec77930d2c954e3c9f9fac1f887559669	...Still no word?	machine	gemma-4-26B-A4B-it/UD-Q4_K_M/v2+story-v1/llama.cpp-b11443/t0	2026-10-06		
6064_210_41	d639a3f6a1a3c2eb3e83d8ce739e952f2ec4b8b1	...No, Verda has been waiting in\nfront of the Urza System ever\nsince then.	machine	gemma-4-26B-A4B-it/UD-Q4_K_M/v2+story-v1/llama.cpp-b11443/t0	2026-10-06		
6064_220_01	74fb4e4f57d7c9f4642850cbdf906de94de299c3	...I see, I see. It seems we have\nentered a difficult period.\nUnderstood, then.	machine	gemma-4-26B-A4B-it/UD-Q4_K_M/v2+story-v1/llama.cpp-b11443/t0	2026-10-06		
6064_220_02	342ff8639ca28dffd1f4ae2ffdf84d691cda302f	The Captain and the others?	machine	gemma-4-26B-A4B-it/UD-Q4_K_M/v2+story-v1/llama.cpp-b11443/t0	2026-10-06		
6064_220_03	f31b48a9401c92c642564972e49903a06923cc6d	Mm. I received a report that\nRaza and Ober have begun\nformal end-of-war negotiations.	machine	gemma-4-26B-A4B-it/UD-Q4_K_M/v2+story-v1/llama.cpp-b11443/t0	2026-10-06		
6064_220_04	22100ae7b53e7ed8d34459ca6f46bd5f383b613a	For news of a war ending, they\ndon't look particularly happy.	machine	gemma-4-26B-A4B-it/UD-Q4_K_M/v2+story-v1/llama.cpp-b11443/t0	2026-10-06		
6064_220_05	6422ba11a3a0c3e3702c1571c531b1a2f4ca423b	I suspect they are being\nrequested to evacuate the star\nsystem?	machine	gemma-4-26B-A4B-it/UD-Q4_K_M/v2+story-v1/llama.cpp-b11443/t0	2026-10-06		
6064_220_06	9d31b6b2010a600afea12f6dcbc9ebd890a6ce42	It seems that is the case.	machine	gemma-4-26B-A4B-it/UD-Q4_K_M/v2+story-v1/llama.cpp-b11443/t0	2026-10-06		
6064_220_07	c212f7d69d431fd30e41e5062de1946873f6e5c4	Ungrateful wretches. Without\nour strength, it wouldn't just be\nthe war's end, but the very\nfate of the star itself that\nwould have perished.	machine	gemma-4-26B-A4B-it/UD-Q4_K_M/v2+story-v1+short-v1/llama.cpp-b11443/t0	2026-10-06		
6064_220_08	29bb645c17076f3293b6ec7566d3d49119d8d446	Apparently, they want us gone\nbefore the power of our ship\nbecomes widely known to the\nworld.	machine	gemma-4-26B-A4B-it/UD-Q4_K_M/v2+story-v1+short-v1/llama.cpp-b11443/t0	2026-10-06		
6064_220_09	839043557205083505c45c224d33e2f232076027	Hmph, well, it's only natural.\nThis ship has undergone\nmodifications that gather the\nvery best of Ex Giva.	machine	gemma-4-26B-A4B-it/UD-Q4_K_M/v2+story-v1/llama.cpp-b11443/t0	2026-10-06		
6064_220_10	2255898f5d75b64dfa0b39fa2340d4c1c52dbf5a	It is no wonder the likes of\nRaza and Ober are afraid.\nHmph.	machine	gemma-4-26B-A4B-it/UD-Q4_K_M/v2+story-v1/llama.cpp-b11443/t0	2026-10-06		
6064_220_11	ca0cdd9053210773e02b3941e6825104f871a022	Are you angry, or are you\nhappy?	machine	gemma-4-26B-A4B-it/UD-Q4_K_M/v2+story-v1/llama.cpp-b11443/t0	2026-10-06		
6064_220_12	4a45c56ae0e9e36c19fa4ffd5a0bcab467f860b7	I suppose it's a bit of both.	machine	gemma-4-26B-A4B-it/UD-Q4_K_M/v2+story-v1/llama.cpp-b11443/t0	2026-10-06		
6064_220_13	76b538b2589cd699944b35af43cc889e39b46023	So, how much time do we\nhave?	machine	gemma-4-26B-A4B-it/UD-Q4_K_M/v2+story-v1/llama.cpp-b11443/t0	2026-10-06		
6064_220_14	2b76f0b6c1e86556d4fc8e887f01a0454bbd24cf	It seems Jeanne and Henri's\ngroup did their best, but it\nlooks like we won't be able to\nrelax just yet.	machine	gemma-4-26B-A4B-it/UD-Q4_K_M/v2+story-v1/llama.cpp-b11443/t0	2026-10-06		
6064_220_15	e07bcfc192a5cf1c2629acae16b1f21bfc65ca20	If this truce lasts too long\nwithout a formal end to the\nwar, more people might start\nplotting something wicked\nagain.	machine	gemma-4-26B-A4B-it/UD-Q4_K_M/v2+story-v1+short-v1/llama.cpp-b11443/t0	2026-10-06		
6064_220_16	52ca128a3a5b5fd292e11df3e329dede945c0225	Then we should just leave\nthem be. They lack both the\npower and the guts to do\nanything to us anyway.	machine	gemma-4-26B-A4B-it/UD-Q4_K_M/v2+story-v1/llama.cpp-b11443/t0	2026-10-06		
6064_220_17	49e5bb69f6f474f09dead87c0376893d135d2090	If they lose their patience and\nplunge us back into war, that's\non them. It's not our concern.	machine	gemma-4-26B-A4B-it/UD-Q4_K_M/v2+story-v1/llama.cpp-b11443/t0	2026-10-06		
6064_220_18	b950b2ca120605851551a4ee6ecdf54e80ef8588	That would leave a terrible\naftertaste, wouldn't it?	machine	gemma-4-26B-A4B-it/UD-Q4_K_M/v2+story-v1/llama.cpp-b11443/t0	2026-10-06		
6064_220_19	728628e6847b11a2dbe8c4230243c6c2c8a5789d	That's just life. The Holy Land\nWar of Daftine was resolved\nfar too beautifully.	machine	gemma-4-26B-A4B-it/UD-Q4_K_M/v2+story-v1/llama.cpp-b11443/t0	2026-10-06		
6064_220_20	16e071cfcb680b548add0fdcbfe5bf3d027a10c1	You really think you can say\nthat in front of Tika? I'm\ncertain she'll lose her temper.	machine	gemma-4-26B-A4B-it/UD-Q4_K_M/v2+story-v1/llama.cpp-b11443/t0	2026-10-06		
6064_220_21	1e4b4cd27a01df2eb399db4fabf7dc52a0bf28eb	...Do you truly believe that Tika\nand Ricardo are coming back?	machine	gemma-4-26B-A4B-it/UD-Q4_K_M/v2+story-v1/llama.cpp-b11443/t0	2026-10-06		
6064_220_22	ed79374dd6da27a988cb047e2ddba8f1891f6b1f	Eve said she would return,\ndidn't she?	machine	gemma-4-26B-A4B-it/UD-Q4_K_M/v2+story-v1/llama.cpp-b11443/t0	2026-10-06		
6064_220_23	d60da796cf18e89f8c506e0fdfea35832c8523f1	Evelysse did. I am talking about\nTika and Ricardo.	machine	gemma-4-26B-A4B-it/UD-Q4_K_M/v2+story-v1/llama.cpp-b11443/t0	2026-10-06		
6064_220_24	1830588addbedac96566d5bb905978e2f48943d8	Mastima. It seems you still\ndon't trust Eve, do you?	machine	gemma-4-26B-A4B-it/UD-Q4_K_M/v2+story-v1/llama.cpp-b11443/t0	2026-10-06		
6064_220_25	47fcfe0040e2ce1d85936734c042db0bb41643fd	Naturally. To be blunt, that\ncreature is no different from\nthe Giverese.	machine	gemma-4-26B-A4B-it/UD-Q4_K_M/v2+story-v1/llama.cpp-b11443/t0	2026-10-06		
6064_220_26	6a42386f148f20995a83ce9b9e090a19e77db750	They defy the very laws of this\nuniverse. Their power, their\nexistence... everything about\nthem.	machine	gemma-4-26B-A4B-it/UD-Q4_K_M/v2+story-v1+short-v1/llama.cpp-b11443/t0	2026-10-06		
6064_220_27	161c846cdc09613ce26a05d3de2c15923df242f6	What? You're making an issue\nof that now?	machine	gemma-4-26B-A4B-it/UD-Q4_K_M/v2+story-v1/llama.cpp-b11443/t0	2026-10-06		
6064_220_28	099228cf66b87b133b1af027347235d9f6865140	What?	machine	gemma-4-26B-A4B-it/UD-Q4_K_M/v2+story-v1/llama.cpp-b11443/t0	2026-10-06		
6064_220_29	00fef3858dd6cbb78e281fee0104d7da12351401	To us, someone living for 3.7\nbillion years is a being far\nremoved from the laws of\nnature.	machine	gemma-4-26B-A4B-it/UD-Q4_K_M/v2+story-v1+short-v1/llama.cpp-b11443/t0	2026-10-06		
6064_220_30	423097210fc2eed20e4fece407d4ec9bba5d267b	...Hmph.	machine	gemma-4-26B-A4B-it/UD-Q4_K_M/v2+story-v1/llama.cpp-b11443/t0	2026-10-06		
6064_220_31	dba84ecc3b60d5e91a23658f1419a9f3aefad46e	It is far too late to be\nsurprised that Eve possesses\nsupernatural powers.	machine	gemma-4-26B-A4B-it/UD-Q4_K_M/v2+story-v1/llama.cpp-b11443/t0	2026-10-06		
6064_220_32	56384f2179e2bdcdf8850f5ab3ee655e77b64fd4	If Eve is a being from another\ndimension, I simply accept it as\nsuch.	machine	gemma-4-26B-A4B-it/UD-Q4_K_M/v2+story-v1/llama.cpp-b11443/t0	2026-10-06		
6064_220_33	346be873fdc57fae180b6b24f0db73b0d37949ad	Listen, Mastima.	machine	gemma-4-26B-A4B-it/UD-Q4_K_M/v2+story-v1/llama.cpp-b11443/t0	2026-10-06		
6064_220_34	e8dcfbb27cd29fcac2ac8d39ffa4739f2f65c2fb	I know Eve has a normal\nheart―one that laughs and\nrages at life's small things, and\ncherishes their traveling\ncompanions.	machine	gemma-4-26B-A4B-it/UD-Q4_K_M/v2+story-v1+short-v1/llama.cpp-b11443/t0	2026-10-06		
6064_220_35	2605bfc4daaeff64cd86c00ac038492d0cf51804	Unscientific. You have no basis\nfor such a claim.	machine	gemma-4-26B-A4B-it/UD-Q4_K_M/v2+story-v1/llama.cpp-b11443/t0	2026-10-06		
6064_220_36	4f0a62b54d659fd56e11759883ae3409fd194749	Science is a discipline of\nreproducibility.	machine	gemma-4-26B-A4B-it/UD-Q4_K_M/v2+story-v1/llama.cpp-b11443/t0	2026-10-06		
6064_220_37	227447c1c89bd8aeecbfdb01730280a37a0a34cc	Listen, Mastima. In 3.7 billion\nyears, how often has the\nhuman heart shown\nscientifically clear and\naccurate reproducibility?	machine	gemma-4-26B-A4B-it/UD-Q4_K_M/v2+story-v1+short-v1/llama.cpp-b11443/t0	2026-10-06		
6064_220_38	3b0c6dd6a888cedbc4d103af572c39215b63b5f4	If you have any actual\nexamples, I would love to hear\nthem.	machine	gemma-4-26B-A4B-it/UD-Q4_K_M/v2+story-v1/llama.cpp-b11443/t0	2026-10-06		
6064_220_40	e6cf3a4f21843313ae4ceada5205e3b650366a5f	It's strange. Even more so than\nMastima-san and myself, who\nlive outside the laws of\nhumanity...	machine	gemma-4-26B-A4B-it/UD-Q4_K_M/v2+story-v1/llama.cpp-b11443/t0	2026-10-06		
6064_220_41	25030cb9d7e39b4c7b0b127dc7f4412c3a9ea952	Verda-san, who has only been\nalive for a little over ten years,\nseems to know much more\nabout the universe.	machine	gemma-4-26B-A4B-it/UD-Q4_K_M/v2+story-v1/llama.cpp-b11443/t0	2026-10-06		
6064_220_42	c2bdd45241fa7f3be7be9facdb187d4e5b771f6d	Children exist slightly outside\nof society, so they possess a\ncertain sharpness of\nobservation.	machine	gemma-4-26B-A4B-it/UD-Q4_K_M/v2+story-v1/llama.cpp-b11443/t0	2026-10-06		
6064_220_43	8b770db1e2bcfe90eb79b1084585cb54ebfd2caf	But because I am still a child,\nunlike you adults, I am\nconstantly reminded of my own\npowerlessness.	machine	gemma-4-26B-A4B-it/UD-Q4_K_M/v2+story-v1/llama.cpp-b11443/t0	2026-10-06		
6064_220_44	d6eecef36d5dcd5f03c89f4316789afed9a6cdc3	...As if the world could afford\nto have brats like you\nwandering around everywhere.	machine	gemma-4-26B-A4B-it/UD-Q4_K_M/v2+story-v1/llama.cpp-b11443/t0	2026-10-06		
6064_220_45	c14309c1f239f51dc4ece19beb2b66b81c7ff159	Nyah-fufu, it's a trait I inherited\nfrom my grandfather. Well,\nanyway, what I'm trying to say\nis...	machine	gemma-4-26B-A4B-it/UD-Q4_K_M/v2+story-v1/llama.cpp-b11443/t0	2026-10-06		
6064_220_46	9607336acf05d50d907a4857f136b401bd42de1c	In the end, it all comes down to\nhow much each and every one\nof us can truly trust the\npeople we hold dear.	machine	gemma-4-26B-A4B-it/UD-Q4_K_M/v2+story-v1/llama.cpp-b11443/t0	2026-10-06		
6064_220_47	ceb35d4a0f83709ea3b8f8c64776b55010448b17	Are you finished with your trip\nback to your village?	machine	gemma-4-26B-A4B-it/UD-Q4_K_M/v2+story-v1/llama.cpp-b11443/t0	2026-10-06		
6064_220_48	51adf1602d3c710e668102e2ae85cbc23f55a416	Yeah, sorry to keep you\nwaiting.	machine	gemma-4-26B-A4B-it/UD-Q4_K_M/v2+story-v1/llama.cpp-b11443/t0	2026-10-06		
6064_220_49	52619a78e350c164b434a1e3da269314a679abce	It seems I still have a few\nthings left to do.	machine	gemma-4-26B-A4B-it/UD-Q4_K_M/v2+story-v1/llama.cpp-b11443/t0	2026-10-06		
6064_220_50	0b68c162ee957133aaae7256eff1686e0dcf0520	I see. I see... Eve.	machine	gemma-4-26B-A4B-it/UD-Q4_K_M/v2+story-v1/llama.cpp-b11443/t0	2026-10-06		
6064_220_51	e2f59c8da351a7fc6c2bb2b3a955272cf0ef7042	...Yeah. I'm home, Verda.	machine	gemma-4-26B-A4B-it/UD-Q4_K_M/v2+story-v1/llama.cpp-b11443/t0	2026-10-06		
6064_220_52	cac6aa544832e1f529a92be3d3fd2672f1af95c7	...Welcome back.	machine	gemma-4-26B-A4B-it/UD-Q4_K_M/v2+story-v1/llama.cpp-b11443/t0	2026-10-06		
6064_220_53	877c78101424ded30ce8c11a603655a4725f8dbd	...Yes.	machine	gemma-4-26B-A4B-it/UD-Q4_K_M/v2+story-v1/llama.cpp-b11443/t0	2026-10-06		
6064_220_54	317c2a7dc95becff95dfb54fdceea2ffcdc1a33a	Yeah. I'm home, Big Sister\nVerda.	machine	gemma-4-26B-A4B-it/UD-Q4_K_M/v2+story-v1/llama.cpp-b11443/t0	2026-10-06		
6064_230_02	1cccd07b71d436ea094a028bcd45f656979ffef5	Roger! Launch sequence,\ninitiating!	machine	gemma-4-26B-A4B-it/UD-Q4_K_M/v2+story-v1/llama.cpp-b11443/t0	2026-10-06		
6064_230_03	4733232d02846dbdef4da79f69798351cf775cf5	All crew harness locks\nconfirmed. All sensors are\ngreen.	machine	gemma-4-26B-A4B-it/UD-Q4_K_M/v2+story-v1/llama.cpp-b11443/t0	2026-10-06		
6064_230_04	1828d276ac82c77d8c3ccb381d4d00ea3477d3f8	Received launch authorization\nsignal. Simultaneously received\nthe designated course to the\nextrastellar region.	machine	gemma-4-26B-A4B-it/UD-Q4_K_M/v2+story-v1/llama.cpp-b11443/t0	2026-10-06		
6064_230_05	e86908070d88dd3124ca2fec961a6abbfc7b5627	Heath, Jeanne, there's no\nturning back now. Are you sure\nabout this?	machine	gemma-4-26B-A4B-it/UD-Q4_K_M/v2+story-v1/llama.cpp-b11443/t0	2026-10-06		
6064_230_06	17b055cacb7bc937585b7f473387588d0ce5df57	I don't mind. I believe I have\nalready emphasized this many\ntimes.	machine	gemma-4-26B-A4B-it/UD-Q4_K_M/v2+story-v1/llama.cpp-b11443/t0	2026-10-06		
6064_230_07	b23948429cbf1cd97728054e98b172de611318df	No more playing it safe!\nWherever you go, Boss, I'm\nright behind you!	machine	gemma-4-26B-A4B-it/UD-Q4_K_M/v2+story-v1/llama.cpp-b11443/t0	2026-10-06		
6064_230_08	c0b1329380141dc8744423aff9854b43be1047ac	I don't recall asking you to.	machine	gemma-4-26B-A4B-it/UD-Q4_K_M/v2+story-v1/llama.cpp-b11443/t0	2026-10-06		
6064_230_09	59d2bb3ac699314f9833903538e45422793564fd	Yes, Boss!! Hahaha!	machine	gemma-4-26B-A4B-it/UD-Q4_K_M/v2+story-v1/llama.cpp-b11443/t0	2026-10-06		
6064_230_10	d55188982841ff08452af8f24c8f781fb715a170	It feels like things are about to\nget lively again...	machine	gemma-4-26B-A4B-it/UD-Q4_K_M/v2+story-v1/llama.cpp-b11443/t0	2026-10-06		
6064_230_11	95b6191895b9b665e9d41b29af3a6ae29fb21807	Uh, Henri, there's a small\nasteroid field on our course,\nbut we aren't allowed to use\nany weapons while inside the\nstar system, right?	machine	gemma-4-26B-A4B-it/UD-Q4_K_M/v2+story-v1+short-v1/llama.cpp-b11443/t0	2026-10-06		
6064_230_12	12b4ce08941375010a751f914db052e225d88585	Yeah, that's right. They're a bit\ntoo large to just push aside\nwith the hull, so what should\nwe do...	machine	gemma-4-26B-A4B-it/UD-Q4_K_M/v2+story-v1/llama.cpp-b11443/t0	2026-10-06		
6064_230_13	872e756ca2fc0904aa705fdc08bfa80477530af7	What's there to decide? If they\nsay don't use them, we follow\norders. We'll just have to take\nthe pains to weave around\nthem.	machine	gemma-4-26B-A4B-it/UD-Q4_K_M/v2+story-v1+short-v1/llama.cpp-b11443/t0	2026-10-06		
6064_230_14	9218e9588182696c4dfba8f3f727a30f50939a02	"Hey, hey, hey! That's exactly\nwhat this ship is for!"	machine	gemma-4-26B-A4B-it/UD-Q4_K_M/v2+story-v1/llama.cpp-b11443/t0	2026-10-06		
6064_230_15	c184164ed9259d7703255125cdc066f3d6c91c6d	"We'll lead the way! Since the\nOverman is a Lover ship, its\nweapons aren't sealed!"	machine	gemma-4-26B-A4B-it/UD-Q4_K_M/v2+story-v1/llama.cpp-b11443/t0	2026-10-06		
6064_230_16	41367e961ee51d4e1d2c2817547ece5d47e92245	"...Welch. Just so you know, I'm\nactually the captain of this\nship..."	machine	gemma-4-26B-A4B-it/UD-Q4_K_M/v2+story-v1/llama.cpp-b11443/t0	2026-10-06		
6064_230_17	92bf554021a49017202ce72bcb702a3b4b67f85f	"You need to speak up more,\nor she'll take over entirely..."	machine	gemma-4-26B-A4B-it/UD-Q4_K_M/v2+story-v1/llama.cpp-b11443/t0	2026-10-06		
6064_230_18	e70168a0da68821b449bbee200f65c434fd56f44	"Taking over a space pirate\nship... that's so like you, Welch!\nWe've got launch clearance\nhere, too."	machine	gemma-4-26B-A4B-it/UD-Q4_K_M/v2+story-v1/llama.cpp-b11443/t0	2026-10-06		
6064_230_19	6b346d12a44658e2da53746986167a43efe325d2	"Captain, Henri. The Overman\nwill handle the minesweeping!"	machine	gemma-4-26B-A4B-it/UD-Q4_K_M/v2+story-v1/llama.cpp-b11443/t0	2026-10-06		
6064_230_20	745933b7ee3b20818f0f45d10b3ed8390dcdcbd3	"I told you, I'm the captain...\nUgh, whatever. Overman,\nlaunching!"	machine	gemma-4-26B-A4B-it/UD-Q4_K_M/v2+story-v1/llama.cpp-b11443/t0	2026-10-06		
6064_230_21	db7e6d2f9b9f1fe1cb8ae6b57b32a6a5a31aafb7	"As far as I'm concerned, the\nfact that the Lovers are\nfollowing us with the Overman\nis the bigger issue."	machine	gemma-4-26B-A4B-it/UD-Q4_K_M/v2+story-v1/llama.cpp-b11443/t0	2026-10-06		
6064_230_22	44af3dd0d7c770ed0a3e614c3ee91ea79e88efe7	"Even if she helped out with\npirate business, she's still just\na sheltered lady at heart."	machine	gemma-4-26B-A4B-it/UD-Q4_K_M/v2+story-v1/llama.cpp-b11443/t0	2026-10-06		
6064_230_23	2511678e6bb7946ecc675309c58ec8a02db3e6c3	"Is that such a bad thing? This\nship was already suspected of\nnot being neutral."	machine	gemma-4-26B-A4B-it/UD-Q4_K_M/v2+story-v1/llama.cpp-b11443/t0	2026-10-06		
6064_230_24	7f6ddd025482e8fc44a598989c72c44ecd2014d6	"With us, former Raza soldiers,\nand her, an Ober resident from\nthe Bazaar,"	machine	gemma-4-26B-A4B-it/UD-Q4_K_M/v2+story-v1/llama.cpp-b11443/t0	2026-10-06		
6064_230_25	d5cb4a3c8ad5acfaa0dd8fe88f3741cce09122c0	"And with an Ober ship\nescorting us, we will appear\nneutral to any onlooker."	machine	gemma-4-26B-A4B-it/UD-Q4_K_M/v2+story-v1/llama.cpp-b11443/t0	2026-10-06		
6064_230_26	2089a5c7f613846cbed24f055efb84f1239181bd	Let us pray that by the time\nwe return, both Raza and Ober\nwill have become more stable\nplanets than they are now.	machine	gemma-4-26B-A4B-it/UD-Q4_K_M/v2+story-v1/llama.cpp-b11443/t0	2026-10-06		
6064_230_27	233d79a3cf160241324da7cbde4b4ebfa4492d70	Alright, we're launching too.\nTransmitting weapon seal and\nposition signals.	machine	gemma-4-26B-A4B-it/UD-Q4_K_M/v2+story-v1/llama.cpp-b11443/t0	2026-10-06		
6064_230_28	5d4392ab2957b0a11871b06e3e18d99d3529a307	You're being dramatic. Are we\nreally that terrifying?	machine	gemma-4-26B-A4B-it/UD-Q4_K_M/v2+story-v1/llama.cpp-b11443/t0	2026-10-06		
6064_230_29	175c38d606022f494692acb50d734306421fa42f	You are. Unlike the vanished\nPhantom fleet, this ship is a\nreal, tangible vessel that can\nbe seen and touched.	machine	gemma-4-26B-A4B-it/UD-Q4_K_M/v2+story-v1/llama.cpp-b11443/t0	2026-10-06		
6064_230_30	ba97cb0288f6ae97177be68ac275f0a610c79fa0	So you mean to say that\nhumans are more fearsome\nthan ghosts?	machine	gemma-4-26B-A4B-it/UD-Q4_K_M/v2+story-v1/llama.cpp-b11443/t0	2026-10-06		
6064_230_31	c067a9ef58408d0782241c6851e7de7761d13bac	You got that right. Coming\nfrom Mastima, it carries a lot\nof weight.	machine	gemma-4-26B-A4B-it/UD-Q4_K_M/v2+story-v1/llama.cpp-b11443/t0	2026-10-06		
6064_230_32	462459991d5353bbf919704ca71fc942d38d32b2	Even if nations change, or the\nuniverse changes, or time itself\nchanges... I guess that's just\nthe way humans are.	machine	gemma-4-26B-A4B-it/UD-Q4_K_M/v2+story-v1/llama.cpp-b11443/t0	2026-10-06		
6064_235_01	524413f9fc9f17da7434ccc2fbaebfae8d9c4c2d	Captain! We're receiving a\ntransmission from Mista Kevin!\nDeploying to the screen.	machine	gemma-4-26B-A4B-it/UD-Q4_K_M/v2+story-v1/llama.cpp-b11443/t0	2026-10-06		
6064_235_02	4213aff7d3399501010414a5982dc5ec9c7773f8	This is Raza Space Force\nHeadquarters to GFSS-3214F.	machine	gemma-4-26B-A4B-it/UD-Q4_K_M/v2+story-v1/llama.cpp-b11443/t0	2026-10-06		
6064_235_03	d10d2b2a89c994d52d55e934ae801ab4dad96c4d	We have confirmed your\nsuccessful launch. We sincerely\nwish you a safe voyage.	machine	gemma-4-26B-A4B-it/UD-Q4_K_M/v2+story-v1/llama.cpp-b11443/t0	2026-10-06		
6064_235_04	f8dfe91d013616fa81ecaf0f395482196bfae9fe	"This is GFSS-3214F. Mista\nKevin. Thank you for the\nsend-off. We appreciate your\nhelp."	machine	gemma-4-26B-A4B-it/UD-Q4_K_M/v2+story-v1/llama.cpp-b11443/t0	2026-10-06		
6064_235_05	f01d0be0f0700077799a9a29c515aeec2f2dbaf3	No. It is we who should be\nthanking you.	machine	gemma-4-26B-A4B-it/UD-Q4_K_M/v2+story-v1/llama.cpp-b11443/t0	2026-10-06		
6064_235_06	466af1753c68b88cd9b2292a15f70d4691256f68	It is thanks to all of you that\nthe Azurite system can\ncontinue to forge its history\nwithout losing its way.	machine	gemma-4-26B-A4B-it/UD-Q4_K_M/v2+story-v1/llama.cpp-b11443/t0	2026-10-06		
6064_235_07	1a3b40fca1f42a978d19afce13f474e1b3050a23	"...Please stay safe. Someday,\nlet us speak of our fathers\nonce more."	machine	gemma-4-26B-A4B-it/UD-Q4_K_M/v2+story-v1/llama.cpp-b11443/t0	2026-10-06		
6064_235_09	96f23ed3a88795f00ec491dcfffff86e68621317	Yes, my compatriot who knows\nmy distant home in the stars. I\nlook forward to the day we\nmeet again.	machine	gemma-4-26B-A4B-it/UD-Q4_K_M/v2+story-v1/llama.cpp-b11443/t0	2026-10-06		
6064_235_10	d12f31deb4ab27b115c913c2134ef05be98dc01f	As leader of this system, I'll do\nmy utmost to ensure you can\ntravel through Raza, Ober, and\nthe Stardust Bazaar with even\ngreater freedom.	machine	gemma-4-26B-A4B-it/UD-Q4_K_M/v2+story-v1+short-v1/llama.cpp-b11443/t0	2026-10-06		
6064_235_11	9e1e2428c4ac928921c2c8f0753325c394933cc3	I pray for the safety of your\njourney.	machine	gemma-4-26B-A4B-it/UD-Q4_K_M/v2+story-v1/llama.cpp-b11443/t0	2026-10-06		
6064_235_12	35457b7f45282478b2c0d0c29e6515d52b71ddde	I mean, I'm certainly happy for\nthem, but are you sure this\nwas the right thing to do?	machine	gemma-4-26B-A4B-it/UD-Q4_K_M/v2+story-v1/llama.cpp-b11443/t0	2026-10-06		
6064_235_13	4231597e93a50d367e8228d4e588a0d76c2580b6	...It's just that I'm envious and\nannoyed that Heath is the only\none looking toward the outside\nworld...	machine	gemma-4-26B-A4B-it/UD-Q4_K_M/v2+story-v1/llama.cpp-b11443/t0	2026-10-06		
6064_235_14	06fc827d46ec96faa33e90ddcb36a40e26e92933	Besides, the Succubus race\nhas always been a people who\ntravel in search of a beloved\npartner.	machine	gemma-4-26B-A4B-it/UD-Q4_K_M/v2+story-v1/llama.cpp-b11443/t0	2026-10-06		
6064_235_15	5e79d2ee6699f31f81ee626b6b3252a69fe158a1	I promised Papa and the rest\nof the family that I'd travel the\nuniverse with my friends and\nbring back plenty of stories.	machine	gemma-4-26B-A4B-it/UD-Q4_K_M/v2+story-v1/llama.cpp-b11443/t0	2026-10-06		
6064_235_16	d0ef18a656043f900198a89f2a37118be27e9a8f	Hmm, I see. Well, I won't be a\nkilljoy and ask anything more.\nI'm here for similar reasons,\nafter all!	machine	gemma-4-26B-A4B-it/UD-Q4_K_M/v2+story-v1/llama.cpp-b11443/t0	2026-10-06		
6064_235_17	f633963e65bd3e37c506a3c8dd83c38f64a95049	Come to think of it, Tika,\nRicardo, didn't you go back\nafter 200 years? Didn't you\never want to see how we all\nturned out?	machine	gemma-4-26B-A4B-it/UD-Q4_K_M/v2+story-v1+short-v1/llama.cpp-b11443/t0	2026-10-06		
6064_235_18	7c1d659ae55777f10ddff432b6c0927f6cd58110	Hmm, to be honest, not really.\nIt's not like we had the luxury\nto think about that.	machine	gemma-4-26B-A4B-it/UD-Q4_K_M/v2+story-v1/llama.cpp-b11443/t0	2026-10-06		
6064_235_19	0ac0258065df68588e49953dabf4fa33f4b01267	And I still don't quite\nunderstand why Eve became\nthe way she did.	machine	gemma-4-26B-A4B-it/UD-Q4_K_M/v2+story-v1/llama.cpp-b11443/t0	2026-10-06		
6064_235_20	47aa981d14256f20d8529a81307c1df91f0ba39f	Were you able to reunite safely\nwith your grandparents?	machine	gemma-4-26B-A4B-it/UD-Q4_K_M/v2+story-v1/llama.cpp-b11443/t0	2026-10-06		
6064_235_21	6542107c4d55f82c58cc16cfef342ebec1c8f6b2	Yeah. After Mom and Dad\nescaped from Kugo,	machine	gemma-4-26B-A4B-it/UD-Q4_K_M/v2+story-v1/llama.cpp-b11443/t0	2026-10-06		
6064_235_22	5e1a1aaa3015d663dc31e905dcfcb14e0a29f06c	They made it back to Daftine\nsafely and were able to make\nup with Grandpa and Grandma.	machine	gemma-4-26B-A4B-it/UD-Q4_K_M/v2+story-v1/llama.cpp-b11443/t0	2026-10-06		
6064_235_23	b404887053a404794b80c8a802c6df424ea2cf7d	Actually, things were so bad on\nDaftine that they wouldn't have\nbeen able to survive if they\nhadn't made up.	machine	gemma-4-26B-A4B-it/UD-Q4_K_M/v2+story-v1/llama.cpp-b11443/t0	2026-10-06		
6064_235_24	0fb5c8dc48bf170b00212be1cdd740202e72da49	They were planning to leave\ntheir home planet for migration\nin the first place, after all.	machine	gemma-4-26B-A4B-it/UD-Q4_K_M/v2+story-v1/llama.cpp-b11443/t0	2026-10-06		
6064_235_25	6b3046cd5060dd13f630439362a604c083d4957e	And it was a situation where\neven the warship Ricardo was\non was being brought down.	machine	gemma-4-26B-A4B-it/UD-Q4_K_M/v2+story-v1/llama.cpp-b11443/t0	2026-10-06		
6064_235_26	7d46d329515fa322fc6994954232a75f6ec19969	Yeah, the Daftine Space Force\nwas in ruins, and we couldn't\ntravel much around in Eve's\nOverman...	machine	gemma-4-26B-A4B-it/UD-Q4_K_M/v2+story-v1/llama.cpp-b11443/t0	2026-10-06		
6064_235_27	7a83872e0a3d994af955e4b80e8347eeae090976	Could you not have simply\nstayed where you were?	machine	gemma-4-26B-A4B-it/UD-Q4_K_M/v2+story-v1/llama.cpp-b11443/t0	2026-10-06		
6064_235_28	163897041385422a9b93d12c4aa2612b29a469df	We couldn't. Even my brother\nagreed with the decision right\naway.	machine	gemma-4-26B-A4B-it/UD-Q4_K_M/v2+story-v1/llama.cpp-b11443/t0	2026-10-06		
6064_235_29	2c13fb5706a51a52de5c58f81a0f0b58d690ccfb	I see.	machine	gemma-4-26B-A4B-it/UD-Q4_K_M/v2+story-v1/llama.cpp-b11443/t0	2026-10-06		
6064_235_30	acbb157174dfe3e6b0bef80df884c6f17a8a5753	If we returned to Verda and\nthe others, we would have had\na 200-year grace period\nbefore the anomaly hit Daftine.	machine	gemma-4-26B-A4B-it/UD-Q4_K_M/v2+story-v1/llama.cpp-b11443/t0	2026-10-06		
6064_235_31	7e2d22468fc9fa037a0e23813c1cdbe05c714dd5	Since we "know the future," I\nfelt that we should work with\nreliable allies to uncover the\nmysteries lurking in space.	machine	gemma-4-26B-A4B-it/UD-Q4_K_M/v2+story-v1/llama.cpp-b11443/t0	2026-10-06		
6064_235_32	6440d6c78707edcc9d4be24e33a25dc227e0dee5	...And there were people who\nagreed with me.	machine	gemma-4-26B-A4B-it/UD-Q4_K_M/v2+story-v1/llama.cpp-b11443/t0	2026-10-06		
6064_235_33	36498744cb3618b048d6035f1bbd23e8aded322e	People who agreed?	machine	gemma-4-26B-A4B-it/UD-Q4_K_M/v2+story-v1/llama.cpp-b11443/t0	2026-10-06		
6064_235_34	f74be8cb2e198dc627346f56f171191dec80d8e2	Yeah. I was warned not to say\nanything unnecessary, but...\nsurely this much is okay?	machine	gemma-4-26B-A4B-it/UD-Q4_K_M/v2+story-v1/llama.cpp-b11443/t0	2026-10-06		
6064_235_35	a46eeec09699200823b2f94d6565a96db739262f	The person who contacted Eve\nand helped reunite the families\nwho had fled from us and\nKugo.	machine	gemma-4-26B-A4B-it/UD-Q4_K_M/v2+story-v1/llama.cpp-b11443/t0	2026-10-06		
6064_235_36	dd0c980742f375fa85edd7c38310018d70050c89	Their numbers had grown, but\nthey were just as beautiful as\never.	machine	gemma-4-26B-A4B-it/UD-Q4_K_M/v2+story-v1/llama.cpp-b11443/t0	2026-10-06		
6064_235_37	b344f6a2b294f1183a1de7f12e9c4202dd004955	Dammit.	machine	gemma-4-26B-A4B-it/UD-Q4_K_M/v2+story-v1/llama.cpp-b11443/t0	2026-10-06		
6064_235_38	7dba1148baf94c4b79aedd3e6ba686f4734501cd	What's wrong? Do you have a\ncold?	machine	gemma-4-26B-A4B-it/UD-Q4_K_M/v2+story-v1/llama.cpp-b11443/t0	2026-10-06		
6064_235_39	2c7b2e7018263d28d05a4b15b415621702b7f071	I'm sorry, it's nothing. Just\ndon't take your eyes off him\nfor a second.	machine	gemma-4-26B-A4B-it/UD-Q4_K_M/v2+story-v1/llama.cpp-b11443/t0	2026-10-06		
6064_235_41	9b6bf88a9baf001e8b1b1d651616dd1bde9b5c9d	Don't worry. His limbs are\nrestrained by Mastima's Gem\nArts, and the infirmary is doing\neverything they can to perform\na Vital Signs Check.	machine	gemma-4-26B-A4B-it/UD-Q4_K_M/v2+story-v1/llama.cpp-b11443/t0	2026-10-06		
6064_235_42	c9ac2e2a8dd04dd40fcbe5e799353661ee1d0d6a	If anything abnormal is\ndetected, an alarm will sound\nthroughout the entire ship\nimmediately.	machine	gemma-4-26B-A4B-it/UD-Q4_K_M/v2+story-v1/llama.cpp-b11443/t0	2026-10-06		
6064_235_43	38d2c7fe8bb918189715238ec27ea2748d9008e7	If I am so terrifying, then you\nshould just kill me quickly.	machine	gemma-4-26B-A4B-it/UD-Q4_K_M/v2+story-v1/llama.cpp-b11443/t0	2026-10-06		
6064_235_44	8ae7323b3411fde7b30a5e50293fcb855c3d1dae	Regardless of my relationship\nwith Evelysse, I am your enemy.	machine	gemma-4-26B-A4B-it/UD-Q4_K_M/v2+story-v1/llama.cpp-b11443/t0	2026-10-06		
6064_235_45	dd31b8bd3e9a609c91f18fddf89a8e7b31eaf344	If you had simply cast me out\nto Ober, you wouldn't have to\ndeal with this unnecessary\ntrouble, would you?	machine	gemma-4-26B-A4B-it/UD-Q4_K_M/v2+story-v1/llama.cpp-b11443/t0	2026-10-06		
6064_235_46	73f59c29aa946d0dc0f27c3e726d791cf1fbc7a9	...Don't get the wrong idea. I\nhave no intention of killing you.	machine	gemma-4-26B-A4B-it/UD-Q4_K_M/v2+story-v1/llama.cpp-b11443/t0	2026-10-06		
6064_235_47	53cdc3bf20b0d227aa729793d202b54aa19fce95	Oh?	machine	gemma-4-26B-A4B-it/UD-Q4_K_M/v2+story-v1/llama.cpp-b11443/t0	2026-10-06		
6064_235_48	cb1f7c71cd0b4836fa6c7a6f5535a1bfa32b5d11	I'll have Mastima thoroughly\nexamine your Gem Arts. I won't\nmake it easy, and I'm certainly\nnot letting you escape.	machine	gemma-4-26B-A4B-it/UD-Q4_K_M/v2+story-v1+short-v1/llama.cpp-b11443/t0	2026-10-06		
6064_235_49	94b74d3be692327c53b830e54e84e087baa5cf3e	Prepare yourself. I will make\nyou atone for every single life\nyou insulted. I promise you\nthat.	machine	gemma-4-26B-A4B-it/UD-Q4_K_M/v2+story-v1/llama.cpp-b11443/t0	2026-10-06		
6064_235_50	f596494f9f7fa6c6f3b9e2b6b945d4abe6f2a27d	I'll make you use that life for\nthe sake of this universe, until\nyou wish you were dead.	machine	gemma-4-26B-A4B-it/UD-Q4_K_M/v2+story-v1/llama.cpp-b11443/t0	2026-10-06		
6064_235_51	cbfb63db7cbc02d90befe7bc1de11ae359dafc28	...I look forward to it, Witch of\nthe Beast.	machine	gemma-4-26B-A4B-it/UD-Q4_K_M/v2+story-v1/llama.cpp-b11443/t0	2026-10-06		
6064_235_52	4caecb5e1545bab50e403b5bba775219761076b9	...Rekoro, and... Eve.	machine	gemma-4-26B-A4B-it/UD-Q4_K_M/v2+story-v1/llama.cpp-b11443/t0	2026-10-06		
6064_235_53	877c78101424ded30ce8c11a603655a4725f8dbd	...Yes.	machine	gemma-4-26B-A4B-it/UD-Q4_K_M/v2+story-v1/llama.cpp-b11443/t0	2026-10-06		
6064_235_54	984ec15eb6814cec7557ef8b16da63161806d9d9	I'm counting on you.	machine	gemma-4-26B-A4B-it/UD-Q4_K_M/v2+story-v1/llama.cpp-b11443/t0	2026-10-06		
6064_235_55	427e0122769ce36ecd6c431c3c7649334c89d0ea	Yes, leave it to me.	machine	gemma-4-26B-A4B-it/UD-Q4_K_M/v2+story-v1/llama.cpp-b11443/t0	2026-10-06		
6064_250_01	be729ca020315d2cf24d41945a3e437ea9da9508	I wonder... if I've regained even\na little bit of their trust.	machine	gemma-4-26B-A4B-it/UD-Q4_K_M/v2+story-v1/llama.cpp-b11443/t0	2026-10-06		
6064_250_02	163beba235e19bc581d02b291257ab24107a822a	No one ever truly believed you\nwere our enemy, Eve. They\nwere simply bewildered\nbecause they couldn't\nunderstand your motivations.	machine	gemma-4-26B-A4B-it/UD-Q4_K_M/v2+story-v1/llama.cpp-b11443/t0	2026-10-06		
6064_250_03	3ab6c3cb5f1ae4088a7ed104c1d68e4d36f59dea	...I see.	machine	gemma-4-26B-A4B-it/UD-Q4_K_M/v2+story-v1/llama.cpp-b11443/t0	2026-10-06		
6064_250_05	8e779d53743081e0d0d26f05855f3dfa7d9ce224	Setting aside the details,\nhaving your comrades by your\nside is what matters most.	machine	gemma-4-26B-A4B-it/UD-Q4_K_M/v2+story-v1/llama.cpp-b11443/t0	2026-10-06		
6064_250_06	a50b75414ed0e0b4a9fea3c95c7fb96d08ea37cb	...Yeah. Thank you.	machine	gemma-4-26B-A4B-it/UD-Q4_K_M/v2+story-v1/llama.cpp-b11443/t0	2026-10-06		
6064_250_07	6951a418c06203e9db637ffbb965dd969a50c3e1	Hey, Rekoro, I'm sorry, but\ncould you leave Givel and me\nalone for a moment?	machine	gemma-4-26B-A4B-it/UD-Q4_K_M/v2+story-v1/llama.cpp-b11443/t0	2026-10-06		
6064_250_08	0839150092c3c7baece5ee6f7e34754d6c67c415	Understood. Be sure to remain\nvigilant.	machine	gemma-4-26B-A4B-it/UD-Q4_K_M/v2+story-v1/llama.cpp-b11443/t0	2026-10-06		
6064_250_09	94abe609adf03360163d294aeb45bcf6f43904b9	...What is there left to talk\nabout? Do you intend to speak\nof our homeland?	machine	gemma-4-26B-A4B-it/UD-Q4_K_M/v2+story-v1/llama.cpp-b11443/t0	2026-10-06		
6064_250_10	6c2f34e6076a65ad097006c3cf6574887f194a83	Not in the slightest. There's no\npoint in talking about a place\nlike that.	machine	gemma-4-26B-A4B-it/UD-Q4_K_M/v2+story-v1/llama.cpp-b11443/t0	2026-10-06		
6064_250_11	cc27f5c03e91135a20881df08a290fc1bc1ea453	If you "returned" after 200\nyears, you should have been\nable to go back.	machine	gemma-4-26B-A4B-it/UD-Q4_K_M/v2+story-v1/llama.cpp-b11443/t0	2026-10-06		
6064_250_12	df21f4bc9baceace44379907b4379ec068b42339	That's my business. I want to\nlive in a place where I can be\nmost myself, and most human.	machine	gemma-4-26B-A4B-it/UD-Q4_K_M/v2+story-v1/llama.cpp-b11443/t0	2026-10-06		
6064_250_13	4257a871b4a5611d476cd16b80a1e0d23f2d2b0c	"Humanly," you say? Is this\nsome kind of joke?	machine	gemma-4-26B-A4B-it/UD-Q4_K_M/v2+story-v1/llama.cpp-b11443/t0	2026-10-06		
6064_250_14	f72f49a2f872c85afddef66ae0bb39cab6149d2d	Oh, is something wrong? You\nsaw Karlyn and Rekoro just\nnow, didn't you?	machine	gemma-4-26B-A4B-it/UD-Q4_K_M/v2+story-v1/llama.cpp-b11443/t0	2026-10-06		
6064_250_15	099228cf66b87b133b1af027347235d9f6865140	What about them?	machine	gemma-4-26B-A4B-it/UD-Q4_K_M/v2+story-v1/llama.cpp-b11443/t0	2026-10-06		
6064_250_16	91934d5314cd602782e9c839e2ba7b630cf05447	You're so unpredictable that I\ncan't take my eyes off you, yet\nyou let us be alone together\nthis easily.	machine	gemma-4-26B-A4B-it/UD-Q4_K_M/v2+story-v1/llama.cpp-b11443/t0	2026-10-06		
6064_250_17	e84b2bc896a28b77257acbcf7222d8fa8e31b66d	You trust me so easily, even\nafter everything I did in the\nAzurite system.	machine	gemma-4-26B-A4B-it/UD-Q4_K_M/v2+story-v1/llama.cpp-b11443/t0	2026-10-06		
6064_250_18	c6a7bc7bdcc0b05fedeb276cbc59a38d09593c7c	If I can't live up to that trust,\nthen I'm not human.	machine	gemma-4-26B-A4B-it/UD-Q4_K_M/v2+story-v1/llama.cpp-b11443/t0	2026-10-06		
6064_250_19	d8414513bc142e95cac461f8ffd1c3c78e603720	What value is there in the trust\ngained from the inhabitants of\nthis universe?	machine	gemma-4-26B-A4B-it/UD-Q4_K_M/v2+story-v1/llama.cpp-b11443/t0	2026-10-06		
6064_250_20	e56488e960ed656cfdd90e4b881f07f068ec8927	You might not see any value,\nbut I do.	machine	gemma-4-26B-A4B-it/UD-Q4_K_M/v2+story-v1/llama.cpp-b11443/t0	2026-10-06		
6064_250_21	d050efa94be6d09872eee6efe81fa656f92c3013	Ultimately, I want to live a life\nwhere the people I care about\ncan trust me from the bottom\nof their hearts.	machine	gemma-4-26B-A4B-it/UD-Q4_K_M/v2+story-v1/llama.cpp-b11443/t0	2026-10-06		
6064_250_22	45c76a65813cf4c747f19aac206bc8b58283a640	And that's something I can only\ndo "here."	machine	gemma-4-26B-A4B-it/UD-Q4_K_M/v2+story-v1/llama.cpp-b11443/t0	2026-10-06		
6064_250_23	9e52a93b3d787e604e1ca8f7a4d164037e5d565d	...You are beyond help.	machine	gemma-4-26B-A4B-it/UD-Q4_K_M/v2+story-v1/llama.cpp-b11443/t0	2026-10-06		
6064_250_24	085d63efa9a1790dd837c6d4797eca67aea18053	Well, you'll understand\neventually. We both have\nplenty of time, don't we?	machine	gemma-4-26B-A4B-it/UD-Q4_K_M/v2+story-v1/llama.cpp-b11443/t0	2026-10-06		
6064_250_26	eea170598694656c6b228994b0a9a6e1c729351f	It's not just Grigori. There are\nmany more things out there\nthreatening this universe.	machine	gemma-4-26B-A4B-it/UD-Q4_K_M/v2+story-v1/llama.cpp-b11443/t0	2026-10-06		
6064_250_27	9cecd5731015fed65885733c1cf9ddb1bf2620bb	The calamity that struck Tika's\nera... the Daftine of 200 years\nlater...	machine	gemma-4-26B-A4B-it/UD-Q4_K_M/v2+story-v1/llama.cpp-b11443/t0	2026-10-06		
6064_250_28	233caf68495366b3786810731438d57b81a6aac1	I thought perhaps it was\nbecause a planet that\nshouldn't exist is in this\nuniverse...	machine	gemma-4-26B-A4B-it/UD-Q4_K_M/v2+story-v1/llama.cpp-b11443/t0	2026-10-06		
6064_250_29	89861c93612c2fc0c19c954fe01705ead103044b	But something deemed an\n"anomaly" in this universe might\nbe born again one day.	machine	gemma-4-26B-A4B-it/UD-Q4_K_M/v2+story-v1/llama.cpp-b11443/t0	2026-10-06		
6064_250_30	53c268d4e5b27b5ea3851b37fdbdf0a5d2bf8c6c	I came from the future where\nTika and the others live, all to\nprotect this universe. You must\nhave done the same.	machine	gemma-4-26B-A4B-it/UD-Q4_K_M/v2+story-v1/llama.cpp-b11443/t0	2026-10-06		
6064_250_31	9809d7436f37c06762116495995abf74e6566120	...Though our opinions never\nonce aligned.	machine	gemma-4-26B-A4B-it/UD-Q4_K_M/v2+story-v1/llama.cpp-b11443/t0	2026-10-06		
6064_250_32	c9260a4515a42b58de194698bfae736d43fe1046	Right now, I think you're right.	machine	gemma-4-26B-A4B-it/UD-Q4_K_M/v2+story-v1/llama.cpp-b11443/t0	2026-10-06		
6064_250_33	e22c356fd1da3697c59a56b18f1a9f852577e862	If even an impossible anomaly\nwas caused by the life forms\nliving in this universe,	machine	gemma-4-26B-A4B-it/UD-Q4_K_M/v2+story-v1/llama.cpp-b11443/t0	2026-10-06		
6064_250_34	a1e4e466599bdb61e0228020656328cc3996149a	Then it is simply a part of the\nhistory carved by the stars of\nthis universe.	machine	gemma-4-26B-A4B-it/UD-Q4_K_M/v2+story-v1/llama.cpp-b11443/t0	2026-10-06		
6064_250_35	1950b4808e90b8b7cb5316f3a8ef95f0d0ed900f	Look, Givel. It's Planet Lazuli.	machine	gemma-4-26B-A4B-it/UD-Q4_K_M/v2+story-v1/llama.cpp-b11443/t0	2026-10-06		
6064_250_36	6bca4f9ce5b23bd0af7da4faa86d9240cac7f898	...What are you planning to do?	machine	gemma-4-26B-A4B-it/UD-Q4_K_M/v2+story-v1/llama.cpp-b11443/t0	2026-10-06		
6064_250_37	dedabb230bd528307c88793a458e7bee3bad6621	I'm just praying. That Lazuli\nand the Azurite system can\ncontinue to carve out a history\noverflowing with life...	machine	gemma-4-26B-A4B-it/UD-Q4_K_M/v2+story-v1/llama.cpp-b11443/t0	2026-10-06		
6064_250_38	32be3565a4bd560c85f2417f9c7e38200038e651	"The heartbeat of the star\nsunken in chaos, by my life,\nshall reclaim the righteous\ntruth."	machine	gemma-4-26B-A4B-it/UD-Q4_K_M/v2+story-v1/llama.cpp-b11443/t0	2026-10-06		
6064_250_39	fae049f65d0d46b62f1d86f3cce54f29d902701c	The "Urza Gate" is a mere\ncounterfeit of the Time Gate,\nmade by humans of this\nuniverse. Your prayers will\nbring no meaning at all.	machine	gemma-4-26B-A4B-it/UD-Q4_K_M/v2+story-v1+short-v1/llama.cpp-b11443/t0	2026-10-06		
6064_250_40	27ea625d635b594db98ba20424fd590623d24fb4	I don't think so.	machine	gemma-4-26B-A4B-it/UD-Q4_K_M/v2+story-v1/llama.cpp-b11443/t0	2026-10-06		
6064_250_41	b8c21cf206e0cb18a1e14e580d0e3b1e0a5d9c93	I think it's truly wonderful that\nan Urza Gate, resonating with\nour Crest Arts, was created in\nthis universe.	machine	gemma-4-26B-A4B-it/UD-Q4_K_M/v2+story-v1+short-v1/llama.cpp-b11443/t0	2026-10-06		
6064_250_43	4ef6dec7586d7012d25ab88c07db4324ff56da27	The crests carved by the\npeople of Planet Raza to\nsurvive the catastrophe of\ndimensional shifting...	machine	gemma-4-26B-A4B-it/UD-Q4_K_M/v2+story-v1/llama.cpp-b11443/t0	2026-10-06		
6064_250_44	5c6317ee333be8e80d1174b35f2b223d808d9bfb	...brought them closer to the\nsecrets of the Urza Gate,\nproviding the spark of desire\nthat Grigori exploited.	machine	gemma-4-26B-A4B-it/UD-Q4_K_M/v2+story-v1/llama.cpp-b11443/t0	2026-10-06		
6064_250_45	1c646bee034f0c5f20cd6367937396c374a5d9b6	This universe is already\nbeginning to intertwine with\nours.	machine	gemma-4-26B-A4B-it/UD-Q4_K_M/v2+story-v1/llama.cpp-b11443/t0	2026-10-06		
6064_250_46	f664de00348f2888f28d47d846d1ebaede404e31	Nonsense. That is impossible.	machine	gemma-4-26B-A4B-it/UD-Q4_K_M/v2+story-v1/llama.cpp-b11443/t0	2026-10-06		
6064_250_47	e84e81f1c3d10b150f33653de01506e53bd0911a	If that's what you say, then\nmaybe you're right...	machine	gemma-4-26B-A4B-it/UD-Q4_K_M/v2+story-v1/llama.cpp-b11443/t0	2026-10-06		
6064_250_48	5e1c4db854cc8726f0c9f768eccdea59bbb81786	But there is still so much we\ndon't know about this universe.	machine	gemma-4-26B-A4B-it/UD-Q4_K_M/v2+story-v1/llama.cpp-b11443/t0	2026-10-06		
6064_250_49	4481badc2a8555e1452ffb91621ffccfa56a2d41	And there is so much we still\nneed to understand about the\nCaptain and our companions.	machine	gemma-4-26B-A4B-it/UD-Q4_K_M/v2+story-v1/llama.cpp-b11443/t0	2026-10-06		
6064_250_50	e3bbe142ae81f4a267354c4b7d98ebfb8f60c389	That's why today is the true\nbeginning of our journey―to\ntruly know this universe where\nwe live.	machine	gemma-4-26B-A4B-it/UD-Q4_K_M/v2+story-v1/llama.cpp-b11443/t0	2026-10-06		
6064_260_01	b15a6454681dd4825bc2ea939eb0fde0008a3aec	Captain! We have reached the\ntarget sector.	machine	gemma-4-26B-A4B-it/UD-Q4_K_M/v2+story-v1/llama.cpp-b11443/t0	2026-10-06		
6064_260_03	684e15dc509ebf34faf167b5e1d0dbcc52a8a198	Roger. Scanning all parts of\nthe ship.	machine	gemma-4-26B-A4B-it/UD-Q4_K_M/v2+story-v1/llama.cpp-b11443/t0	2026-10-06		
6064_260_04	a06862311aed5ee801c6db5a5b133cec0ff3c0db	No suspicious objects around\nthe hull. Visibility is good.	machine	gemma-4-26B-A4B-it/UD-Q4_K_M/v2+story-v1/llama.cpp-b11443/t0	2026-10-06		
6064_260_05	36ec72e9c1bb693256571ed01bfcf006f4faf68a	No abnormalities detected on\ninternal or external sensors.	machine	gemma-4-26B-A4B-it/UD-Q4_K_M/v2+story-v1/llama.cpp-b11443/t0	2026-10-06		
6064_260_06	a3ec185de42407657ce766ca1a945e3e6fc3ea0e	Checking weapons. We\nscattered too many asteroids\nduring that warp, so Phase\nCannon energy is low.	machine	gemma-4-26B-A4B-it/UD-Q4_K_M/v2+story-v1+short-v1/llama.cpp-b11443/t0	2026-10-06		
6064_260_07	6dade54a88cf53dc86cb762ee7e4d7a6dca45a2b	In that case, we should be\ncautious during our first\ncontact on the next planet.	machine	gemma-4-26B-A4B-it/UD-Q4_K_M/v2+story-v1/llama.cpp-b11443/t0	2026-10-06		
6064_260_08	e16390c76a4c641645b1adf8c907ca6aa1f1278e	Heath, can you visually confirm\nthe target arrival point?	machine	gemma-4-26B-A4B-it/UD-Q4_K_M/v2+story-v1/llama.cpp-b11443/t0	2026-10-06		
6064_260_09	e702c6583068b16c64616df0ebe9f9cb964d72e8	Yes, boss! Target star system\nconfirmed at 3800. I've\ndetected countless spacecraft\nand comms waves!	machine	gemma-4-26B-A4B-it/UD-Q4_K_M/v2+story-v1+short-v1/llama.cpp-b11443/t0	2026-10-06		
6064_260_10	748b97eab068e929ce7b81c6c4c8167f612f6364	If it's an advanced planet,\ncharging in with this ship might\ncause quite a stir.	machine	gemma-4-26B-A4B-it/UD-Q4_K_M/v2+story-v1/llama.cpp-b11443/t0	2026-10-06		
6064_260_11	409dd7f53dcd974c989a22a1c0514792ac0aba2e	I hope it's a peaceful star\nsystem this time. I'd rather\navoid a massive brawl while I\nhave Givel with me.	machine	gemma-4-26B-A4B-it/UD-Q4_K_M/v2+story-v1/llama.cpp-b11443/t0	2026-10-06		
6064_260_12	71ed207b69b447e95583ffc8719a794bd9e4220c	This is exactly when we should\nuse the Overman for\nreconnaissance! Lover! Let's\ngo!	machine	gemma-4-26B-A4B-it/UD-Q4_K_M/v2+story-v1/llama.cpp-b11443/t0	2026-10-06		
6064_260_13	18f945e392d4f5afb311f155a08a5c9add0d9e08	Wait, Welch! We can't just take\noff without checking the route.\nWe must submit a launch plan\nto the Captain first, so... ah...	machine	gemma-4-26B-A4B-it/UD-Q4_K_M/v2+story-v1+short-v1/llama.cpp-b11443/t0	2026-10-06		
6064_260_14	1d310c3159155ef6ac607e8b2aedb675ea460ffc	Perhaps because she's been\nlearning so much lately, she's\nalways eager to hop on the\nOverman.	machine	gemma-4-26B-A4B-it/UD-Q4_K_M/v2+story-v1/llama.cpp-b11443/t0	2026-10-06		
6064_260_15	6ac1032bd24f82dca2199d3109fbd68ffd0a4c9b	At this rate, she'll probably\nhave Lover teach her how to\nbuild her own spaceship.	machine	gemma-4-26B-A4B-it/UD-Q4_K_M/v2+story-v1/llama.cpp-b11443/t0	2026-10-06		
6064_260_16	b709d8cdaa741d1eee667791a0c77ea9bbe82cb5	Euwin's stomach is in for more\ntrouble, isn't it? So, Captain,\nwill you grant permission for\nreconnaissance?	machine	gemma-4-26B-A4B-it/UD-Q4_K_M/v2+story-v1+short-v1/llama.cpp-b11443/t0	2026-10-06		
6064_260_18	3c8016fa6aabad21c15892ffb077b173a2c1ff3b	Alright, I get it. I'll join you on\nthe Overman too. I learned a\nlot about that ship during our\nlast journey, so don't worry!	machine	gemma-4-26B-A4B-it/UD-Q4_K_M/v2+story-v1/llama.cpp-b11443/t0	2026-10-06		
6064_260_19	ef8289af5cb227b9fa0c1e2c3b50645fc3ea5b8e	...I find it hard to believe that I\nwas aboard an immigrant ship\nwith Tika in Daftine, two\nhundred years in the future.	machine	gemma-4-26B-A4B-it/UD-Q4_K_M/v2+story-v1/llama.cpp-b11443/t0	2026-10-06		
6064_260_20	ba6c6bf0cff3a43696861eba36f1423f68cca589	I'm the one who finds it\nhardest to believe.	machine	gemma-4-26B-A4B-it/UD-Q4_K_M/v2+story-v1/llama.cpp-b11443/t0	2026-10-06		
6064_260_21	623e8b0a387de09942bf04e3098be14590093d01	I suppose so. Even this journey\ntoward Earth, with everyone\nsafe and sound, feels\nsomewhat like a dream.	machine	gemma-4-26B-A4B-it/UD-Q4_K_M/v2+story-v1+short-v1/llama.cpp-b11443/t0	2026-10-06		
6064_260_22	616181c27afb4b7f3ff23848ae37f4c9f3897bf6	It's not a dream. Everything\nreally happened―everything\nthat has happened, and\neverything that will happen.	machine	gemma-4-26B-A4B-it/UD-Q4_K_M/v2+story-v1+short-v1/llama.cpp-b11443/t0	2026-10-06		
6064_260_23	492179b7b7276db40ce454d84ebfd96c743b3058	I'm so excited to see what\nhappens next.	machine	gemma-4-26B-A4B-it/UD-Q4_K_M/v2+story-v1/llama.cpp-b11443/t0	2026-10-06		
6064_260_24	d85a03dcd7919d989973eaa2df7cb31bf860f927	...Yes. You're right.	machine	gemma-4-26B-A4B-it/UD-Q4_K_M/v2+story-v1/llama.cpp-b11443/t0	2026-10-06		
6064_260_25	3f2fb7bbff09a4f888d6a6c700cc42888554e33c	"Ah, hello, Captain? This is the\nOverman. We're ready for\ntakeoff anytime!"	machine	gemma-4-26B-A4B-it/UD-Q4_K_M/v2+story-v1/llama.cpp-b11443/t0	2026-10-06		
6064_260_26	5cf1d58c4068ad1e9f511937e054e842f675f2e6	"That's why I'm the Captain..."	machine	gemma-4-26B-A4B-it/UD-Q4_K_M/v2+story-v1/llama.cpp-b11443/t0	2026-10-06		
6064_260_27	b5d03c394b90020cb48f04e64cf88ea974cc1b00	The sight of Welch piloting a\nstarship... it really is reality,\nisn't it?	machine	gemma-4-26B-A4B-it/UD-Q4_K_M/v2+story-v1/llama.cpp-b11443/t0	2026-10-06		
6064_260_28	476a851e7e6aee7e09c9539295262080c32e0edc	...Maybe it's time you taught\nme the ropes. Euwin and I are\nthe only ones left who know\nnothing about starships.	machine	gemma-4-26B-A4B-it/UD-Q4_K_M/v2+story-v1+short-v1/llama.cpp-b11443/t0	2026-10-06		
6064_260_29	9f1fa5ae1e009758085475942e2c49f43c812480	I'm just hesitant because once\nI learn, I feel like Welch is going\nto work me to death.	machine	gemma-4-26B-A4B-it/UD-Q4_K_M/v2+story-v1/llama.cpp-b11443/t0	2026-10-06		
6064_260_30	9206576e1670098f2ccaa4336f4d86d443926402	You've got a point there.	machine	gemma-4-26B-A4B-it/UD-Q4_K_M/v2+story-v1/llama.cpp-b11443/t0	2026-10-06		
6064_260_31	8eda65f6e85c58a401a76e82ccaaa25b49ea3b07	Whoa, Captain. We've got a\nlong-range transmission. Looks\nlike their surveillance network\njust picked us up.	machine	gemma-4-26B-A4B-it/UD-Q4_K_M/v2+story-v1+short-v1/llama.cpp-b11443/t0	2026-10-06		
6064_260_32	ed8e8d5f37b066b4253ca5fcda7893d94a4dd63d	They're requesting our\naffiliation. What should we do?\nShall we identify ourselves as\nthe Raza Space Force?	machine	gemma-4-26B-A4B-it/UD-Q4_K_M/v2+story-v1/llama.cpp-b11443/t0	2026-10-06		
6064_260_34	7749b87e8c75f0ea5833c9de8bb244a378b8b407	...Huh? A traveling troupe?\nCoro's ship?	machine	gemma-4-26B-A4B-it/UD-Q4_K_M/v2+story-v1/llama.cpp-b11443/t0	2026-10-06		
6064_260_35	a18f209ead02815fc0153bebf2d778ce50fb9153	Ah! That's great! Let's go with\nthat, Captain!	machine	gemma-4-26B-A4B-it/UD-Q4_K_M/v2+story-v1/llama.cpp-b11443/t0	2026-10-06		
6064_260_36	06090b87f937c0871454bc60ab0f86deb98f0acd	Haha, that brings back\nmemories. Honestly, being a\ntraveling troupe spanning the\ncosmos doesn't sound half bad.	machine	gemma-4-26B-A4B-it/UD-Q4_K_M/v2+story-v1/llama.cpp-b11443/t0	2026-10-06		
6064_260_37	7d0ffe78b335855ce4e1f1fd293affa95d3a07f5	If you say something so\nreckless, don't blame me if\nwe're suspected and boarded.	machine	gemma-4-26B-A4B-it/UD-Q4_K_M/v2+story-v1/llama.cpp-b11443/t0	2026-10-06		
6064_260_38	06c5e10c587c2a68ce80c26d55402e37b067d4fd	However, the issue of affiliation\nwill continue to haunt us.	machine	gemma-4-26B-A4B-it/UD-Q4_K_M/v2+story-v1/llama.cpp-b11443/t0	2026-10-06		
6064_260_39	fd52cb4b9af871c040688808579a6d8622fecf73	To avoid trouble for the star\nsystems we pass, perhaps\nacting as wanderers isn't a bad\nidea after all.	machine	gemma-4-26B-A4B-it/UD-Q4_K_M/v2+story-v1+short-v1/llama.cpp-b11443/t0	2026-10-06		
6064_260_40	2882af73eee244fb94ce75b2f7442ce3517698c2	A troupe of traveling\nperformers spanning the\nuniverse, huh? Given how\nscattered we are, it might\nactually fit.	machine	gemma-4-26B-A4B-it/UD-Q4_K_M/v2+story-v1+short-v1/llama.cpp-b11443/t0	2026-10-06		
6064_260_41	434fabfff41d99a6e3c4858436bae956f9e7516d	Considering our\nreconnaissance team, people\nmight actually believe us.	machine	gemma-4-26B-A4B-it/UD-Q4_K_M/v2+story-v1/llama.cpp-b11443/t0	2026-10-06		
6064_260_42	d545ac05584547bcb7b66d684199c7538f6688c8	"Valka, Ricardo, what do you\nmean by that?"	machine	gemma-4-26B-A4B-it/UD-Q4_K_M/v2+story-v1/llama.cpp-b11443/t0	2026-10-06		
6064_260_43	43c980640299c1454d32efc0f4a90d1b8a80e51f	"Who are you calling a bunch of\noddballs?!"	machine	gemma-4-26B-A4B-it/UD-Q4_K_M/v2+story-v1/llama.cpp-b11443/t0	2026-10-06		
6064_260_44	9bcb9311c02d861d5231cc67448e274b4c1cdcbc	"Don't go admitting it yourself!"	machine	gemma-4-26B-A4B-it/UD-Q4_K_M/v2+story-v1/llama.cpp-b11443/t0	2026-10-06		
6064_260_45	438259c2784b41bba37bb9a3a1d01f48da743ddd	Right, Coro. You can board the\nOverman, right? Come help us\nnegotiate. Things might go\nmore smoothly if you're there.	machine	gemma-4-26B-A4B-it/UD-Q4_K_M/v2+story-v1+short-v1/llama.cpp-b11443/t0	2026-10-06		
6064_260_46	df8e8f70352712482cd8426d3cddcc1cd46aaac7	Ehh!? Are you really planning\nto pass us off as a troupe of\ntraveling performers!?	machine	gemma-4-26B-A4B-it/UD-Q4_K_M/v2+story-v1/llama.cpp-b11443/t0	2026-10-06		
6064_260_48	cc7b64b5558f08998f78e392d6518620bdc5d5e7	Well, if that's what the Captain\nsays! I'll go then, but in the\nmeantime, I'll leave this ship in\nRekoro's hands.	machine	gemma-4-26B-A4B-it/UD-Q4_K_M/v2+story-v1/llama.cpp-b11443/t0	2026-10-06		
6064_260_49	324ece772277899a1c32c0ffb2c9b577a5d56adc	Understood! Carry out your\nmission to the fullest!	machine	gemma-4-26B-A4B-it/UD-Q4_K_M/v2+story-v1/llama.cpp-b11443/t0	2026-10-06		
6064_260_50	14b4b4a06da77132353550ae3744d1968b4f7123	Coro, you! Have you still not\nfixed this defect?! What will\nyou do if it breaks again?!	machine	gemma-4-26B-A4B-it/UD-Q4_K_M/v2+story-v1/llama.cpp-b11443/t0	2026-10-06		
6064_260_51	6a1ad16386b642d60bd46cac2cc2ed21a7f769cb	...Still, it really is eerie when he\nbecomes a hollow shell.	machine	gemma-4-26B-A4B-it/UD-Q4_K_M/v2+story-v1/llama.cpp-b11443/t0	2026-10-06		
6064_265_01	85bf5078a78e31b53998e8a2629a7b0aa106a677	Well then, shall we get going?\nCan you hear me in the\ninfirmary? Mastima, please\ntake care of Givel.	machine	gemma-4-26B-A4B-it/UD-Q4_K_M/v2+story-v1/llama.cpp-b11443/t0	2026-10-06		
6064_265_02	8a48b47500d609a2b56407485e8a28085748c603	Stop being so wary of me\nevery single time! Even if you\ndon't say anything, I'll behave\nmyseeeeeeeeeeeelff―!?	machine	gemma-4-26B-A4B-it/UD-Q4_K_M/v2+story-v1/llama.cpp-b11443/t0	2026-10-06		
6064_265_03	0854cdad7a3c425411ee277ee3b3f9254f67aa46	Don't just open your mouth\nwhenever you feel like it.	machine	gemma-4-26B-A4B-it/UD-Q4_K_M/v2+story-v1/llama.cpp-b11443/t0	2026-10-06		
6064_265_04	a21397f6dd5e546d05156adac56c50aa968f0d16	Oh, by the way. Eve.	machine	gemma-4-26B-A4B-it/UD-Q4_K_M/v2+story-v1/llama.cpp-b11443/t0	2026-10-06		
6064_265_05	4f1a4cf895cc7954487f01929bdf65be1ea9b15f	"What is it?"	machine	gemma-4-26B-A4B-it/UD-Q4_K_M/v2+story-v1/llama.cpp-b11443/t0	2026-10-06		
6064_265_06	b821631a0242c7227e9137c9dda393fe3c66e1fe	Negotiate to ensure we can\nland on the surface. We can't\nconduct large-scale\nexperiments while navigating\nthrough space.	machine	gemma-4-26B-A4B-it/UD-Q4_K_M/v2+story-v1+short-v1/llama.cpp-b11443/t0	2026-10-06		
6064_265_07	c2c2ab1336e5e3602073c3887213f96fbb6dc2e1	"Understood. Please go easy\non me."	machine	gemma-4-26B-A4B-it/UD-Q4_K_M/v2+story-v1/llama.cpp-b11443/t0	2026-10-06		
6064_265_08	4125bf7b923855175573bb927b3805f1f823b0d9	What on earth is Mastima\ndoing...? I just hope he isn't\ndoing anything inhumane.	machine	gemma-4-26B-A4B-it/UD-Q4_K_M/v2+story-v1/llama.cpp-b11443/t0	2026-10-06		
6064_265_09	6698261f4762c1dbad67af3f804b1df20a513730	It'll be fine... probably.	machine	gemma-4-26B-A4B-it/UD-Q4_K_M/v2+story-v1/llama.cpp-b11443/t0	2026-10-06		
6064_265_10	6413a15320566923095455ce927f266e1f531768	Captain. We have received a\nguidance beacon from the\ntarget star system.	machine	gemma-4-26B-A4B-it/UD-Q4_K_M/v2+story-v1/llama.cpp-b11443/t0	2026-10-06		
6064_265_11	68ce9f01e4a27df6869a2f057b862f9ea8a8fde7	Hell yeah! Bring it on! Start the\nlaunch sequence!	machine	gemma-4-26B-A4B-it/UD-Q4_K_M/v2+story-v1/llama.cpp-b11443/t0	2026-10-06		
6064_265_12	9c8c065537a35acf7793c9d820d03ab45a8a216a	"Welch! Watch your piloting!\nDon't cause trouble for Lover!"	machine	gemma-4-26B-A4B-it/UD-Q4_K_M/v2+story-v1/llama.cpp-b11443/t0	2026-10-06		
6064_265_13	250e0c96ee2d5c28e197a147acf7da60f8692f77	Have some faith, Euwin.\nEveryone, be careful and have\na safe trip!	machine	gemma-4-26B-A4B-it/UD-Q4_K_M/v2+story-v1/llama.cpp-b11443/t0	2026-10-06		
6064_265_14	d18561f58baa7a4fd877866c2d5f7e104604920d	I see no suspicious points in\nthe analysis of the coordinates\nor route. I conclude this is a\nsafe course.	machine	gemma-4-26B-A4B-it/UD-Q4_K_M/v2+story-v1/llama.cpp-b11443/t0	2026-10-06		
6064_265_15	7a7566b28bebe1be27f737d0682db3c49e8adf59	Roger, Overman. Transferring\nthe guidance beacon. Confirm\nthe target location.	machine	gemma-4-26B-A4B-it/UD-Q4_K_M/v2+story-v1/llama.cpp-b11443/t0	2026-10-06		
6064_265_16	5786333c002d2f2d86e8cb8618a618693b63515c	All systems green. Overman,\nopening launch hatch. 10\nseconds to launch.	machine	gemma-4-26B-A4B-it/UD-Q4_K_M/v2+story-v1/llama.cpp-b11443/t0	2026-10-06		
6064_265_17	c437982db99e8cf9d71e97135135ccaadefb88d0	Take care out there, Lover.	machine	gemma-4-26B-A4B-it/UD-Q4_K_M/v2+story-v1/llama.cpp-b11443/t0	2026-10-06		
6064_265_18	a32d82b57e614fbb3b6ba2b09564c372b2dee675	"There are no problems. Leave\nit to me."	machine	gemma-4-26B-A4B-it/UD-Q4_K_M/v2+story-v1/llama.cpp-b11443/t0	2026-10-06		
6064_265_20	12f01d8c2c7f32543f73aca2baaeeacc652066d4	"Right. I'm off, Captain. I wonder\nwhat kind of place this next\nstar will be?"	machine	gemma-4-26B-A4B-it/UD-Q4_K_M/v2+story-v1/llama.cpp-b11443/t0	2026-10-06		
6064_265_21	864032f760bf3f59631ae70bae235b17cacbf568	I hope it's a planet with lots of\nfun things to do. Overman, 3\nseconds to launch!	machine	gemma-4-26B-A4B-it/UD-Q4_K_M/v2+story-v1/llama.cpp-b11443/t0	2026-10-06		
6064_265_22	63f1a5b07ba8cb3f154b6dd4c0ff8de3e30a1c35	"And now, everyone!"	machine	gemma-4-26B-A4B-it/UD-Q4_K_M/v2+story-v1/llama.cpp-b11443/t0	2026-10-06		
6064_265_23	2ffee5bf4bc48412ffbbf996702515db3eae0752	"The journey begins!"	machine	gemma-4-26B-A4B-it/UD-Q4_K_M/v2+story-v1/llama.cpp-b11443/t0	2026-10-06		
