vaddr	ghidra	size	symbol	demangled	topic	status	note
0x1f4ed94	0x204ed94	80	_ZN4Aska15IParticleObjectnwEm	Aska::IParticleObject::operator new(unsigned long)	object	decompiled	
0x1f4ede4	0x204ede4	80	_ZN4Aska15IParticleObjectnaEm	Aska::IParticleObject::operator new[](unsigned long)	object	decompiled	
0x1f4ee34	0x204ee34	80	_ZN4Aska16IParticleEmitternwEm	Aska::IParticleEmitter::operator new(unsigned long)	emitter	decompiled	
0x1f4ee84	0x204ee84	80	_ZN4Aska16IParticleEmitternaEm	Aska::IParticleEmitter::operator new[](unsigned long)	emitter	decompiled	
0x2194a80	0x2294a80	632	_ZN4Aska16IParticleEmitterC2Ev	Aska::IParticleEmitter::IParticleEmitter()	emitter	decompiled	
0x2194cf8	0x2294cf8	48	_ZN4Aska16IParticleEmitter5ResetEv	Aska::IParticleEmitter::Reset()	emitter	decompiled	
0x2194d28	0x2294d28	108	_ZN4Aska16IParticleEmitterD1Ev	Aska::IParticleEmitter::~IParticleEmitter()	emitter	decompiled	
0x2194d94	0x2294d94	4	_ZN4Aska16IParticleEmitterD0Ev	Aska::IParticleEmitter::~IParticleEmitter()	emitter	decompiled	
0x2194d98	0x2294d98	32	_ZNK4Aska16IParticleEmitter10IsEmittingEv	Aska::IParticleEmitter::IsEmitting() const	emitter	tested	
0x2194db8	0x2294db8	24	_ZNK4Aska16IParticleEmitter26GetActiveNumberOfParticlesEv	Aska::IParticleEmitter::GetActiveNumberOfParticles() const	emitter	native	
0x2194dd0	0x2294dd0	4	_ZN4Aska16IParticleEmitter3RunEi	Aska::IParticleEmitter::Run(int)	emitter	decompiled	
0x2194dd4	0x2294dd4	92	_ZNK4Aska16IParticleEmitter10GetClassIDEi	Aska::IParticleEmitter::GetClassID(int) const	emitter	decompiled	
0x2194e30	0x2294e30	4	_ZN4Aska16IParticleEmitter16PerfCounterStartEv	Aska::IParticleEmitter::PerfCounterStart()	emitter	decompiled	
0x2194e34	0x2294e34	4	_ZN4Aska16IParticleEmitter14PerfCounterEndEv	Aska::IParticleEmitter::PerfCounterEnd()	emitter	decompiled	
0x2194e38	0x2294e38	52	_ZNK4Aska16IParticleEmitter13SkipThisFrameEv	Aska::IParticleEmitter::SkipThisFrame() const	emitter	native	
0x2194e6c	0x2294e6c	28	_ZN4Aska16IParticleEmitter14GetBoundingBoxEb	Aska::IParticleEmitter::GetBoundingBox(bool)	emitter	decompiled	
0x2194e88	0x2294e88	68	_ZN4Aska16IParticleEmitter21VirtualBoundingSphereEv	Aska::IParticleEmitter::VirtualBoundingSphere()	emitter	decompiled	
0x2194ecc	0x2294ecc	48	_ZN4Aska16IParticleEmitter17EnableAttenuationEbbhf	Aska::IParticleEmitter::EnableAttenuation(bool, bool, unsigned char, float)	emitter	decompiled	
0x2194efc	0x2294efc	80	_ZN4Aska16IParticleEmitter19SetConnectedEmitterEPS0_hh	Aska::IParticleEmitter::SetConnectedEmitter(Aska::IParticleEmitter*, unsigned char, unsigned char)	emitter	decompiled	
0x2194f4c	0x2294f4c	12	_ZN4Aska16IParticleEmitter15SetEmissionMeshEPNS_9AofObjectEf	Aska::IParticleEmitter::SetEmissionMesh(Aska::AofObject*, float)	emitter	decompiled	
0x2194f58	0x2294f58	56	_ZN4Aska16IParticleEmitter14SetEmitterLinkEPS0_ihff	Aska::IParticleEmitter::SetEmitterLink(Aska::IParticleEmitter*, int, unsigned char, float, float)	emitter	decompiled	
0x2194f90	0x2294f90	200	_ZN4Aska16IParticleEmitter7ReleaseEv	Aska::IParticleEmitter::Release()	emitter	decompiled	
0x2195058	0x2295058	48	_ZN4Aska16IParticleEmitter12DetachObjectEv	Aska::IParticleEmitter::DetachObject()	emitter	decompiled	
0x2195088	0x2295088	108	_ZN4Aska16IParticleEmitter16DetachRenderableEv	Aska::IParticleEmitter::DetachRenderable()	emitter	decompiled	
0x21950f4	0x22950f4	40	_ZN4Aska16IParticleEmitter10DeleteThisEPNS_13DeleteManagerE	Aska::IParticleEmitter::DeleteThis(Aska::DeleteManager*)	emitter	decompiled	
0x219511c	0x229511c	40	_ZN4Aska16IParticleEmitter19DeleteThisNextFrameEPNS_13DeleteManagerE	Aska::IParticleEmitter::DeleteThisNextFrame(Aska::DeleteManager*)	emitter	decompiled	
0x2195144	0x2295144	40	_ZN4Aska16IParticleEmitter24DeleteThisAfterTwoFramesEPNS_13DeleteManagerE	Aska::IParticleEmitter::DeleteThisAfterTwoFrames(Aska::DeleteManager*)	emitter	decompiled	
0x219516c	0x229516c	168	_ZN4Aska16IParticleEmitter21DeleteThisImmediatelyEv	Aska::IParticleEmitter::DeleteThisImmediately()	emitter	decompiled	
0x2195214	0x2295214	52	_ZN4Aska16IParticleEmitter12AttachObjectEPNS_15IParticleObjectE	Aska::IParticleEmitter::AttachObject(Aska::IParticleObject*)	emitter	decompiled	
0x2195248	0x2295248	316	_ZN4Aska16IParticleEmitter16AttachRenderableEPKNS_3AFF18AsfParticleEmitterEPNS_22ParticleRenderableBaseE	Aska::IParticleEmitter::AttachRenderable(Aska::AFF::AsfParticleEmitter const*, Aska::ParticleRenderableBase*)	emitter	decompiled	
0x2195384	0x2295384	64	_ZN4Aska16IParticleEmitter25DetachRenderableForRenderEv	Aska::IParticleEmitter::DetachRenderableForRender()	emitter	decompiled	
0x21953c4	0x22953c4	712	_ZN4Aska16IParticleEmitter15PrepareMatricesEv	Aska::IParticleEmitter::PrepareMatrices()	emitter	tested	
0x219568c	0x229568c	48	_ZN4Aska16IParticleEmitter23PrepareMatricesTraverseEv	Aska::IParticleEmitter::PrepareMatricesTraverse()	emitter	tested	
0x21956bc	0x22956bc	368	_ZN4Aska16IParticleEmitter18UpdateMatrixBufferEv	Aska::IParticleEmitter::UpdateMatrixBuffer()	emitter	decompiled	
0x219582c	0x229582c	200	_ZN4Aska16IParticleEmitter17FillMatrixContextEPNS0_13MatrixContextE	Aska::IParticleEmitter::FillMatrixContext(Aska::IParticleEmitter::MatrixContext*)	emitter	tested	
0x21958f4	0x22958f4	1016	_ZN4Aska16IParticleEmitter7PrepareEv	Aska::IParticleEmitter::Prepare()	emitter	tested	
0x2195cec	0x2295cec	28	_ZN4Aska16IParticleEmitter8OnActiveEb	Aska::IParticleEmitter::OnActive(bool)	emitter	decompiled	
0x2195d08	0x2295d08	28	_ZN4Aska16IParticleEmitter4KickEv	Aska::IParticleEmitter::Kick()	emitter	decompiled	
0x2195d24	0x2295d24	792	_ZN4Aska16IParticleEmitter6AttachEPKNS_3AFF18AsfParticleEmitterE	Aska::IParticleEmitter::Attach(Aska::AFF::AsfParticleEmitter const*)	emitter	decompiled	
0x219603c	0x229603c	76	_ZN4Aska16IParticleEmitter28UpdateReceiveShadowConditionEv	Aska::IParticleEmitter::UpdateReceiveShadowCondition()	emitter	decompiled	
0x2196088	0x2296088	32	_ZN4Aska16IParticleEmitter14SetManualZFlagEb	Aska::IParticleEmitter::SetManualZFlag(bool)	emitter	decompiled	
0x21960a8	0x22960a8	24	_ZN4Aska16IParticleEmitter14SetShallowestZEf	Aska::IParticleEmitter::SetShallowestZ(float)	emitter	decompiled	
0x21960c0	0x22960c0	12	_ZN4Aska16IParticleEmitter14GetShallowestZEv	Aska::IParticleEmitter::GetShallowestZ()	emitter	decompiled	
0x21960cc	0x22960cc	24	_ZN4Aska16IParticleEmitter18SetAdjustShiftFlagEj	Aska::IParticleEmitter::SetAdjustShiftFlag(unsigned int)	emitter	decompiled	
0x21960e4	0x22960e4	20	_ZN4Aska16IParticleEmitter14SetAdjustShiftEff	Aska::IParticleEmitter::SetAdjustShift(float, float)	emitter	decompiled	
0x21960f8	0x22960f8	84	_ZN4Aska25ParticleEmitterMotionUnitC2Ev	Aska::ParticleEmitterMotionUnit::ParticleEmitterMotionUnit()	emitter	decompiled	
0x219614c	0x229614c	184	_ZN4Aska25ParticleEmitterMotionUnit6AttachEPKNS_3AFF18AsfParticleEmitterE	Aska::ParticleEmitterMotionUnit::Attach(Aska::AFF::AsfParticleEmitter const*)	emitter	decompiled	
0x2196204	0x2296204	288	_ZNK4Aska25ParticleEmitterMotionUnit3GetEiPv	Aska::ParticleEmitterMotionUnit::Get(int, void*) const	emitter	decompiled	
0x2196324	0x2296324	364	_ZN4Aska25ParticleEmitterMotionUnit3SetEiPKv	Aska::ParticleEmitterMotionUnit::Set(int, void const*)	emitter	decompiled	
0x2196490	0x2296490	160	_ZN4Aska27ParticleEmitterRotationUnitC2Ev	Aska::ParticleEmitterRotationUnit::ParticleEmitterRotationUnit()	emitter	decompiled	
0x2196530	0x2296530	448	_ZN4Aska27ParticleEmitterRotationUnit6AttachEPKNS_3AFF18AsfParticleEmitterE	Aska::ParticleEmitterRotationUnit::Attach(Aska::AFF::AsfParticleEmitter const*)	emitter	decompiled	
0x21966f0	0x22966f0	528	_ZNK4Aska27ParticleEmitterRotationUnit3GetEiPv	Aska::ParticleEmitterRotationUnit::Get(int, void*) const	emitter	decompiled	
0x2196900	0x2296900	616	_ZN4Aska27ParticleEmitterRotationUnit3SetEiPKv	Aska::ParticleEmitterRotationUnit::Set(int, void const*)	emitter	decompiled	
0x2196b68	0x2296b68	76	_ZN4Aska33ParticleEmitterColorAnimationUnitC2Ev	Aska::ParticleEmitterColorAnimationUnit::ParticleEmitterColorAnimationUnit()	emitter	decompiled	
0x2196bb4	0x2296bb4	128	_ZN4Aska33ParticleEmitterColorAnimationUnit6AttachEPKNS_3AFF18AsfParticleEmitterE	Aska::ParticleEmitterColorAnimationUnit::Attach(Aska::AFF::AsfParticleEmitter const*)	emitter	decompiled	
0x2196c34	0x2296c34	176	_ZNK4Aska33ParticleEmitterColorAnimationUnit3GetEiPv	Aska::ParticleEmitterColorAnimationUnit::Get(int, void*) const	emitter	decompiled	
0x2196ce4	0x2296ce4	192	_ZN4Aska33ParticleEmitterColorAnimationUnit3SetEiPKv	Aska::ParticleEmitterColorAnimationUnit::Set(int, void const*)	emitter	decompiled	
0x2196da4	0x2296da4	120	_ZN4Aska26ParticleEmitterTextureUnitC1Ev	Aska::ParticleEmitterTextureUnit::ParticleEmitterTextureUnit()	emitter	decompiled	
0x2196e1c	0x2296e1c	428	_ZN4Aska26ParticleEmitterTextureUnit6AttachEPKNS_3AFF18AsfParticleEmitterE	Aska::ParticleEmitterTextureUnit::Attach(Aska::AFF::AsfParticleEmitter const*)	emitter	decompiled	
0x2196fc8	0x2296fc8	468	_ZNK4Aska26ParticleEmitterTextureUnit3GetEiPv	Aska::ParticleEmitterTextureUnit::Get(int, void*) const	emitter	decompiled	
0x219719c	0x229719c	524	_ZN4Aska26ParticleEmitterTextureUnit3SetEiPKv	Aska::ParticleEmitterTextureUnit::Set(int, void const*)	emitter	decompiled	
0x21973a8	0x22973a8	20	_ZN4Aska30ParticleEmitterCurveMotionUnit6AttachEPKNS_3AFF18AsfParticleEmitterE	Aska::ParticleEmitterCurveMotionUnit::Attach(Aska::AFF::AsfParticleEmitter const*)	emitter	decompiled	
0x21973bc	0x22973bc	56	_ZN4Aska16IParticleEmitternwEmmb	Aska::IParticleEmitter::operator new(unsigned long, unsigned long, bool)	emitter	decompiled	
0x21973f4	0x22973f4	56	_ZN4Aska16IParticleEmitternaEmmb	Aska::IParticleEmitter::operator new[](unsigned long, unsigned long, bool)	emitter	decompiled	
0x219742c	0x229742c	44	_ZN4Aska16IParticleEmitterdlEPvRKSt9nothrow_t	Aska::IParticleEmitter::operator delete(void*, std::nothrow_t const&)	emitter	decompiled	
0x2197458	0x2297458	44	_ZN4Aska16IParticleEmitterdaEPvRKSt9nothrow_t	Aska::IParticleEmitter::operator delete[](void*, std::nothrow_t const&)	emitter	decompiled	
0x2197484	0x2297484	44	_ZN4Aska16IParticleEmitterdlEPv	Aska::IParticleEmitter::operator delete(void*)	emitter	decompiled	
0x21974b0	0x22974b0	44	_ZN4Aska16IParticleEmitterdaEPv	Aska::IParticleEmitter::operator delete[](void*)	emitter	decompiled	
0x21974dc	0x22974dc	4	_ZN4Aska16IParticleEmitter4StopEv	Aska::IParticleEmitter::Stop()	emitter	decompiled	
0x21974e0	0x22974e0	4	_ZN4Aska16IParticleEmitter22SetLandscapeConstraintEPNS_20ILandscapeConstraintE	Aska::IParticleEmitter::SetLandscapeConstraint(Aska::ILandscapeConstraint*)	emitter	decompiled	
0x21974e4	0x22974e4	32	_ZNK4Aska16IParticleEmitter25GetTotalNumberOfParticlesEv	Aska::IParticleEmitter::GetTotalNumberOfParticles() const	emitter	decompiled	
0x2197504	0x2297504	212	_ZN4Aska15ParticleManagerC2Ev	Aska::ParticleManager::ParticleManager()	manager	decompiled	
0x21975d8	0x22975d8	128	_ZN4Aska15ParticleManagerD1Ev	Aska::ParticleManager::~ParticleManager()	manager	decompiled	
0x2197658	0x2297658	140	_ZThn40_N4Aska15ParticleManagerD1Ev	non-virtual thunk to Aska::ParticleManager::~ParticleManager()	manager	decompiled	
0x21976e4	0x22976e4	140	_ZThn4080_N4Aska15ParticleManagerD1Ev	non-virtual thunk to Aska::ParticleManager::~ParticleManager()	manager	decompiled	
0x2197770	0x2297770	136	_ZN4Aska15ParticleManagerD0Ev	Aska::ParticleManager::~ParticleManager()	manager	decompiled	
0x21977f8	0x22977f8	148	_ZThn40_N4Aska15ParticleManagerD0Ev	non-virtual thunk to Aska::ParticleManager::~ParticleManager()	manager	decompiled	
0x219788c	0x229788c	148	_ZThn4080_N4Aska15ParticleManagerD0Ev	non-virtual thunk to Aska::ParticleManager::~ParticleManager()	manager	decompiled	
0x2197920	0x2297920	120	_ZN4Aska15ParticleManager4InitEv	Aska::ParticleManager::Init()	manager	decompiled	
0x2197998	0x2297998	60	_ZNK4Aska15ParticleManager10GetClassIDEi	Aska::ParticleManager::GetClassID(int) const	manager	native	
0x21979d4	0x22979d4	60	_ZThn40_NK4Aska15ParticleManager10GetClassIDEi	non-virtual thunk to Aska::ParticleManager::GetClassID(int) const	manager	native	
0x2197a10	0x2297a10	12	_ZNK4Aska15ParticleManager15GetDefaultLevelEv	Aska::ParticleManager::GetDefaultLevel() const	manager	native	
0x2197a1c	0x2297a1c	12	_ZThn40_NK4Aska15ParticleManager15GetDefaultLevelEv	non-virtual thunk to Aska::ParticleManager::GetDefaultLevel() const	manager	tested	
0x2197a28	0x2297a28	16	_ZN4Aska15ParticleManager18PreAllocateBuffersEv	Aska::ParticleManager::PreAllocateBuffers()	manager	decompiled	
0x2197a38	0x2297a38	16	_ZN4Aska15ParticleManager14ReleaseBuffersEv	Aska::ParticleManager::ReleaseBuffers()	manager	decompiled	
0x2197a48	0x2297a48	76	_ZN4Aska15ParticleManager3AddEPNS_21AnimatableLinkElementE	Aska::ParticleManager::Add(Aska::AnimatableLinkElement*)	manager	native	
0x2197a94	0x2297a94	104	_ZN4Aska15ParticleManager6DeleteEPNS_21AnimatableLinkElementE	Aska::ParticleManager::Delete(Aska::AnimatableLinkElement*)	manager	native	
0x2197afc	0x2297afc	28	_ZN4Aska15ParticleManager3RunEi	Aska::ParticleManager::Run(int)	manager	native	
0x2197b18	0x2297b18	700	_ZN4Aska15ParticleManager6RunLowEv	Aska::ParticleManager::RunLow()	manager	tested	
0x2197dd4	0x2297dd4	380	_ZN4Aska15ParticleManager17RunAfterRenderingEv	Aska::ParticleManager::RunAfterRendering()	manager	tested	
0x2197f50	0x2297f50	32	_ZThn40_N4Aska15ParticleManager3RunEi	non-virtual thunk to Aska::ParticleManager::Run(int)	manager	tested	
0x2197f70	0x2297f70	384	_ZN4Aska15ParticleManager16DispatchEmittersEv	Aska::ParticleManager::DispatchEmitters()	manager	tested	
0x21980f0	0x22980f0	252	_ZN4Aska15ParticleManager15DispatchEmitterEPNS_16IParticleEmitterEb	Aska::ParticleManager::DispatchEmitter(Aska::IParticleEmitter*, bool)	manager	native	
0x21981ec	0x22981ec	424	_ZN4Aska15ParticleManager4KickEPNS_16IParticleEmitterE	Aska::ParticleManager::Kick(Aska::IParticleEmitter*)	manager	native	
0x2198394	0x2298394	52	_ZN4Aska15ParticleManager4TickEPNS_16IParticleEmitterEf	Aska::ParticleManager::Tick(Aska::IParticleEmitter*, float)	manager	native	
0x21983c8	0x22983c8	328	_ZN4Aska15ParticleManager7HandlerEm	Aska::ParticleManager::Handler(unsigned long)	manager	native	
0x2198510	0x2298510	320	_ZThn4080_N4Aska15ParticleManager7HandlerEm	non-virtual thunk to Aska::ParticleManager::Handler(unsigned long)	manager	tested	
0x21986a4	0x22986a4	144	_ZN4Aska15ParticleManager13DeleteEmitterEPNS_16IParticleEmitterE	Aska::ParticleManager::DeleteEmitter(Aska::IParticleEmitter*)	manager	decompiled	
0x2198734	0x2298734	32	_ZNK4Aska15ParticleManager3GetEmPv	Aska::ParticleManager::Get(unsigned long, void*) const	manager	decompiled	
0x2198754	0x2298754	32	_ZThn40_NK4Aska15ParticleManager3GetEmPv	non-virtual thunk to Aska::ParticleManager::Get(unsigned long, void*) const	manager	decompiled	
0x2198774	0x2298774	8	_ZN4Aska15ParticleManager3SetEmPKv	Aska::ParticleManager::Set(unsigned long, void const*)	manager	decompiled	
0x219877c	0x229877c	8	_ZThn40_N4Aska15ParticleManager3SetEmPKv	non-virtual thunk to Aska::ParticleManager::Set(unsigned long, void const*)	manager	decompiled	
0x2198784	0x2298784	528	_ZN4Aska15ParticleManager14CreateParticleEPKNS_3AFF18AsfParticleEmitterEj	Aska::ParticleManager::CreateParticle(Aska::AFF::AsfParticleEmitter const*, unsigned int)	manager	decompiled	
0x2198994	0x2298994	412	_ZN4Aska15ParticleManager14CreateParticleINS_11FeatureListINS_16ParticleFeatures9LifeLimitENS_6StNULLEEEEEPNS_15ParticleEmitterIT_EEPKNS_3AFF18AsfParticleEmitterE	Aska::ParticleEmitter<Aska::FeatureList<Aska::ParticleFeatures::LifeLimit, Aska::StNULL> >* Aska::ParticleManager::CreateParticle<Aska::FeatureList<Aska::ParticleFeatures::LifeLimit, Aska::StNULL> >(Aska::AFF::AsfParticleEmitter const*)	manager	decompiled	
0x2198b30	0x2298b30	400	_ZN4Aska15ParticleManager14CreateParticleINS_6StNULLEEEPNS_15ParticleEmitterIT_EEPKNS_3AFF18AsfParticleEmitterE	Aska::ParticleEmitter<Aska::StNULL>* Aska::ParticleManager::CreateParticle<Aska::StNULL>(Aska::AFF::AsfParticleEmitter const*)	manager	decompiled	
0x2198cc0	0x2298cc0	52	_ZN4Aska15ParticleManager6MallocEm	Aska::ParticleManager::Malloc(unsigned long)	manager	decompiled	
0x2198cf4	0x2298cf4	44	_ZN4Aska15ParticleManager4FreeEPv	Aska::ParticleManager::Free(void*)	manager	decompiled	
0x2198e80	0x2298e80	16	_ZN4Aska15ParticleManager21ParticleDeleteHandler14DeleteCallbackEiPv	Aska::ParticleManager::ParticleDeleteHandler::DeleteCallback(int, void*)	manager	decompiled	
0x2198e90	0x2298e90	4	_ZN4Aska15ParticleManager21ParticleDeleteHandler14CancelCallbackEiPv	Aska::ParticleManager::ParticleDeleteHandler::CancelCallback(int, void*)	manager	decompiled	
0x2198e94	0x2298e94	4	_ZN4Aska15ParticleManager21ParticleDeleteHandlerD0Ev	Aska::ParticleManager::ParticleDeleteHandler::~ParticleDeleteHandler()	manager	decompiled	
0x2199ff4	0x2299ff4	480	_ZN4Aska15ParticleEmitterINS_11FeatureListINS_16ParticleFeatures9LifeLimitENS_6StNULLEEEE8EmitLinkEiPNS_16IParticleEmitter11EmitContextE	Aska::ParticleEmitter<Aska::FeatureList<Aska::ParticleFeatures::LifeLimit, Aska::StNULL> >::EmitLink(int, Aska::IParticleEmitter::EmitContext*)	emitter	decompiled	
0x219a304	0x229a304	7816	_ZN4Aska15ParticleEmitterINS_11FeatureListINS_16ParticleFeatures9LifeLimitENS_6StNULLEEEE4EmitEiPNS_16IParticleEmitter11EmitContextEPKNS7_13MatrixContextE	Aska::ParticleEmitter<Aska::FeatureList<Aska::ParticleFeatures::LifeLimit, Aska::StNULL> >::Emit(int, Aska::IParticleEmitter::EmitContext*, Aska::IParticleEmitter::MatrixContext const*)	emitter	decompiled	
0x219c46c	0x229c46c	944	_ZN4Aska15ParticleEmitterINS_11FeatureListINS_16ParticleFeatures9LifeLimitENS_6StNULLEEEE8SimulateEf	Aska::ParticleEmitter<Aska::FeatureList<Aska::ParticleFeatures::LifeLimit, Aska::StNULL> >::Simulate(float)	simulate	native	
0x219c81c	0x229c81c	516	_ZN4Aska15ParticleEmitterINS_11FeatureListINS_16ParticleFeatures9LifeLimitENS_6StNULLEEEE23EmitterAffectToParticleEPNS_6VectorEPNS_16IParticleEmitter13MatrixContextEf	Aska::ParticleEmitter<Aska::FeatureList<Aska::ParticleFeatures::LifeLimit, Aska::StNULL> >::EmitterAffectToParticle(Aska::Vector*, Aska::IParticleEmitter::MatrixContext*, float)	emitter	decompiled	
0x219ca20	0x229ca20	616	_ZN4Aska24ParticleRenderableObjectINS_11FeatureListINS_16ParticleFeatures9LifeLimitENS_6StNULLEEEE15RenderProcedureEfPNS_16IParticleEmitter13MatrixContextEb	Aska::ParticleRenderableObject<Aska::FeatureList<Aska::ParticleFeatures::LifeLimit, Aska::StNULL> >::RenderProcedure(float, Aska::IParticleEmitter::MatrixContext*, bool)	emitter	decompiled	
0x219d238	0x229d238	160	_ZN4Aska15IParticleObject7PrepareEv	Aska::IParticleObject::Prepare()	object	decompiled	
0x219d2d8	0x229d2d8	20	_ZN4Aska15IParticleObject5ResetEv	Aska::IParticleObject::Reset()	object	decompiled	
0x219d2ec	0x229d2ec	24	_ZN4Aska15IParticleObject14BeginParticlesEv	Aska::IParticleObject::BeginParticles()	object	decompiled	
0x219d31c	0x229d31c	24	_ZN4Aska22ParticleRenderableBase14GetBoundingBoxEb	Aska::ParticleRenderableBase::GetBoundingBox(bool)	renderable	decompiled	
0x219d334	0x229d334	92	_ZN4Aska22ParticleRenderableBase18SetSystemColorRateEPKNS_6VectorE	Aska::ParticleRenderableBase::SetSystemColorRate(Aska::Vector const*)	renderable	decompiled	
0x219d390	0x229d390	8	_ZNK4Aska22ParticleRenderableBase15SystemColorRateEv	Aska::ParticleRenderableBase::SystemColorRate() const	renderable	decompiled	
0x219d398	0x229d398	92	_ZN4Aska22ParticleRenderableBase12SetColorRateEPKNS_6VectorE	Aska::ParticleRenderableBase::SetColorRate(Aska::Vector const*)	renderable	decompiled	
0x219d3f4	0x229d3f4	8	_ZNK4Aska22ParticleRenderableBase9ColorRateEv	Aska::ParticleRenderableBase::ColorRate() const	renderable	decompiled	
0x219d3fc	0x229d3fc	40	_ZN4Aska22ParticleRenderableBase21ComputeBoundingSphereEb	Aska::ParticleRenderableBase::ComputeBoundingSphere(bool)	renderable	decompiled	
0x219e3e4	0x229e3e4	480	_ZN4Aska15ParticleEmitterINS_6StNULLEE8EmitLinkEiPNS_16IParticleEmitter11EmitContextE	Aska::ParticleEmitter<Aska::StNULL>::EmitLink(int, Aska::IParticleEmitter::EmitContext*)	emitter	decompiled	
0x219e69c	0x229e69c	7808	_ZN4Aska15ParticleEmitterINS_6StNULLEE4EmitEiPNS_16IParticleEmitter11EmitContextEPKNS3_13MatrixContextE	Aska::ParticleEmitter<Aska::StNULL>::Emit(int, Aska::IParticleEmitter::EmitContext*, Aska::IParticleEmitter::MatrixContext const*)	emitter	decompiled	
0x21a07fc	0x22a07fc	944	_ZN4Aska15ParticleEmitterINS_6StNULLEE8SimulateEf	Aska::ParticleEmitter<Aska::StNULL>::Simulate(float)	simulate	native	
0x21a0bac	0x22a0bac	516	_ZN4Aska15ParticleEmitterINS_6StNULLEE23EmitterAffectToParticleEPNS_6VectorEPNS_16IParticleEmitter13MatrixContextEf	Aska::ParticleEmitter<Aska::StNULL>::EmitterAffectToParticle(Aska::Vector*, Aska::IParticleEmitter::MatrixContext*, float)	emitter	decompiled	
0x21a0db0	0x22a0db0	616	_ZN4Aska24ParticleRenderableObjectINS_6StNULLEE15RenderProcedureEfPNS_16IParticleEmitter13MatrixContextEb	Aska::ParticleRenderableObject<Aska::StNULL>::RenderProcedure(float, Aska::IParticleEmitter::MatrixContext*, bool)	emitter	decompiled	
0x21a12e0	0x22a12e0	328	_ZN4Aska15IParticleObjectC1Ejjj	Aska::IParticleObject::IParticleObject(unsigned int, unsigned int, unsigned int)	object	decompiled	
0x21a1428	0x22a1428	140	_ZN4Aska15IParticleObjectD1Ev	Aska::IParticleObject::~IParticleObject()	object	decompiled	
0x21a15bc	0x22a15bc	48	_ZN4Aska15IParticleObject4FreeEv	Aska::IParticleObject::Free()	object	decompiled	
0x21a15ec	0x22a15ec	64	_ZN4Aska15IParticleObjectD0Ev	Aska::IParticleObject::~IParticleObject()	object	decompiled	
0x21a162c	0x22a162c	44	_ZN4Aska15IParticleObjectdlEPv	Aska::IParticleObject::operator delete(void*)	object	decompiled	
0x21a1658	0x22a1658	668	_ZN4Aska15IParticleObject6AttachEPKNS_3AFF18AsfParticleEmitterE	Aska::IParticleObject::Attach(Aska::AFF::AsfParticleEmitter const*)	object	decompiled	
0x21a18f4	0x22a18f4	16	_ZN4Aska15IParticleObject6AddRefEv	Aska::IParticleObject::AddRef()	object	decompiled	
0x21a1904	0x22a1904	36	_ZN4Aska15IParticleObject7ReleaseEv	Aska::IParticleObject::Release()	object	decompiled	
0x21a1928	0x22a1928	24	_ZN4Aska15IParticleObject14SetEmitterLinkEPNS_16IParticleEmitterEihff	Aska::IParticleObject::SetEmitterLink(Aska::IParticleEmitter*, int, unsigned char, float, float)	object	decompiled	
0x21a1940	0x22a1940	240	_ZN4Aska15IParticleObject12SetAnimationEi	Aska::IParticleObject::SetAnimation(int)	object	decompiled	
0x21a1a30	0x22a1a30	176	_ZN4Aska15IParticleObject17CalcAnimationSizeEii	Aska::IParticleObject::CalcAnimationSize(int, int)	object	decompiled	
0x21a1ae0	0x22a1ae0	108	_ZNK4Aska15IParticleObject17GetAnimBlendModesEv	Aska::IParticleObject::GetAnimBlendModes() const	object	decompiled	
0x21a1b4c	0x22a1b4c	16	_ZNK4Aska15IParticleObject16GetAnimationSizeEv	Aska::IParticleObject::GetAnimationSize() const	object	decompiled	
0x21a1b5c	0x22a1b5c	68	_ZNK4Aska15IParticleObject21GetAnimationFrameTimeEj	Aska::IParticleObject::GetAnimationFrameTime(unsigned int) const	object	decompiled	
0x21a1ba0	0x22a1ba0	140	_ZN4Aska15IParticleObject23GetNextParticlePositionEPNS_6VectorE	Aska::IParticleObject::GetNextParticlePosition(Aska::Vector*)	object	decompiled	
0x21a1c2c	0x22a1c2c	268	_ZN4Aska15IParticleObject5AllocEii	Aska::IParticleObject::Alloc(int, int)	object	decompiled	
0x21a1d38	0x22a1d38	64	_ZNK4Aska15IParticleObject18GetMemoryFootprintEv	Aska::IParticleObject::GetMemoryFootprint() const	object	decompiled	
0x21a1d78	0x22a1d78	284	_ZN4Aska15IParticleObject12GatherActiveEfiPiS1_	Aska::IParticleObject::GatherActive(float, int, int*, int*)	object	decompiled	
0x21a1e94	0x22a1e94	468	_ZN4Aska15IParticleObject13AttachTextureEPKNS_3AFF18AsfParticleEmitterE9StBooleanILb1EE	Aska::IParticleObject::AttachTexture(Aska::AFF::AsfParticleEmitter const*, StBoolean<true>)	object	decompiled	
0x21a2068	0x22a2068	772	_ZN4Aska15IParticleObject14AttachDynamicsEPKNS_3AFF18AsfParticleEmitterE9StBooleanILb1EE	Aska::IParticleObject::AttachDynamics(Aska::AFF::AsfParticleEmitter const*, StBoolean<true>)	object	decompiled	
0x21a236c	0x22a236c	512	_ZN4Aska15IParticleObject12InitDynamicsEPNS_10AsfHandlerE9StBooleanILb1EE	Aska::IParticleObject::InitDynamics(Aska::AsfHandler*, StBoolean<true>)	object	decompiled	
0x21a256c	0x22a256c	16	_ZN4Aska15IParticleObject22SetLandscapeConstraintEPNS_20ILandscapeConstraintE9StBooleanILb1EE	Aska::IParticleObject::SetLandscapeConstraint(Aska::ILandscapeConstraint*, StBoolean<true>)	object	decompiled	
0x21a257c	0x22a257c	208	_ZN4Aska15IParticleObject15DynamicsPrepareEPNS_6MatrixE9StBooleanILb1EE	Aska::IParticleObject::DynamicsPrepare(Aska::Matrix*, StBoolean<true>)	object	decompiled	
0x21a264c	0x22a264c	216	_ZN4Aska15IParticleObject21AddManualForceEmitterEPNS_28ParticleDynamicsForceEmitterE	Aska::IParticleObject::AddManualForceEmitter(Aska::ParticleDynamicsForceEmitter*)	object	decompiled	
0x21a2724	0x22a2724	112	_ZN4Aska15IParticleObject17AttachCurveMotionEPKNS_3AFF18AsfParticleEmitterE9StBooleanILb1EE	Aska::IParticleObject::AttachCurveMotion(Aska::AFF::AsfParticleEmitter const*, StBoolean<true>)	object	decompiled	
0x21a2794	0x22a2794	40	_ZN4Aska15IParticleObject13TailProcedureEPKiiPNS_15ParticleContextE	Aska::IParticleObject::TailProcedure(int const*, int, Aska::ParticleContext*)	object	decompiled	
0x21a27bc	0x22a27bc	2528	_ZN4Aska15IParticleObject25Tail_ConnectionMode_TrailEPKiiPNS_15ParticleContextE	Aska::IParticleObject::Tail_ConnectionMode_Trail(int const*, int, Aska::ParticleContext*)	object	decompiled	
0x21a319c	0x22a319c	2400	_ZN4Aska15IParticleObject26Tail_ConnectionMode_NoCopyEPKiiPNS_15ParticleContextE	Aska::IParticleObject::Tail_ConnectionMode_NoCopy(int const*, int, Aska::ParticleContext*)	object	decompiled	
0x21a3afc	0x22a3afc	2344	_ZN4Aska15IParticleObject28Tail_ConnectionMode_RelativeEPKiiPNS_15ParticleContextE	Aska::IParticleObject::Tail_ConnectionMode_Relative(int const*, int, Aska::ParticleContext*)	object	decompiled	
0x21a4424	0x22a4424	108	_ZN4Aska15IParticleObject17LightingProcedureEfPKiiPNS_15ParticleContextE	Aska::IParticleObject::LightingProcedure(float, int const*, int, Aska::ParticleContext*)	object	decompiled	
0x21a4490	0x22a4490	636	_ZN4Aska15IParticleObject15ExtendProcedureEPNS_15ParticleContextEi	Aska::IParticleObject::ExtendProcedure(Aska::ParticleContext*, int)	object	decompiled	
0x21a470c	0x22a470c	56	_ZN4Aska15IParticleObjectnwEmmb	Aska::IParticleObject::operator new(unsigned long, unsigned long, bool)	object	decompiled	
0x21a4744	0x22a4744	56	_ZN4Aska15IParticleObjectnaEmmb	Aska::IParticleObject::operator new[](unsigned long, unsigned long, bool)	object	decompiled	
0x21a477c	0x22a477c	44	_ZN4Aska15IParticleObjectdlEPvRKSt9nothrow_t	Aska::IParticleObject::operator delete(void*, std::nothrow_t const&)	object	decompiled	
0x21a47a8	0x22a47a8	44	_ZN4Aska15IParticleObjectdaEPvRKSt9nothrow_t	Aska::IParticleObject::operator delete[](void*, std::nothrow_t const&)	object	decompiled	
0x21a47d4	0x22a47d4	44	_ZN4Aska15IParticleObjectdaEPv	Aska::IParticleObject::operator delete[](void*)	object	decompiled	
0x21a497c	0x22a497c	856	_ZN4Aska22ParticleRenderableBaseC2Ev	Aska::ParticleRenderableBase::ParticleRenderableBase()	renderable	decompiled	
0x21a4cd4	0x22a4cd4	420	_ZN4Aska22ParticleRenderableBaseD2Ev	Aska::ParticleRenderableBase::~ParticleRenderableBase()	renderable	decompiled	
0x21a4e78	0x22a4e78	80	_ZN4Aska22ParticleRenderableBase12DetachObjectEv	Aska::ParticleRenderableBase::DetachObject()	renderable	decompiled	
0x21a4ec8	0x22a4ec8	60	_ZN4Aska22ParticleRenderableBase14ReleaseBuffersEv	Aska::ParticleRenderableBase::ReleaseBuffers()	renderable	decompiled	
0x21a4f04	0x22a4f04	8	_ZThn776_N4Aska22ParticleRenderableBaseD1Ev	non-virtual thunk to Aska::ParticleRenderableBase::~ParticleRenderableBase()	renderable	decompiled	
0x21a4f0c	0x22a4f0c	64	_ZN4Aska22ParticleRenderableBaseD0Ev	Aska::ParticleRenderableBase::~ParticleRenderableBase()	renderable	decompiled	
0x21a4f4c	0x22a4f4c	44	_ZN4Aska22ParticleRenderableBasedlEPv	Aska::ParticleRenderableBase::operator delete(void*)	renderable	decompiled	
0x21a4f78	0x22a4f78	56	_ZThn776_N4Aska22ParticleRenderableBaseD0Ev	non-virtual thunk to Aska::ParticleRenderableBase::~ParticleRenderableBase()	renderable	decompiled	
0x21a4fb0	0x22a4fb0	24	_ZN4Aska22ParticleRenderableBase18ReleaseImmediatelyEv	Aska::ParticleRenderableBase::ReleaseImmediately()	renderable	decompiled	
0x21a4fc8	0x22a4fc8	240	_ZN4Aska22ParticleRenderableBase12AttachObjectEPNS_15IParticleObjectE	Aska::ParticleRenderableBase::AttachObject(Aska::IParticleObject*)	renderable	decompiled	
0x21a50b8	0x22a50b8	152	_ZN4Aska22ParticleRenderableBase11InitBuffersEhiii	Aska::ParticleRenderableBase::InitBuffers(unsigned char, int, int, int)	renderable	decompiled	
0x21a5150	0x22a5150	172	_ZN4Aska22ParticleRenderableBase16AttachMeshObjectEPNS_9AofObjectE	Aska::ParticleRenderableBase::AttachMeshObject(Aska::AofObject*)	renderable	decompiled	
0x21a51fc	0x22a51fc	96	_ZN4Aska22ParticleRenderableBase16DetachMeshObjectEv	Aska::ParticleRenderableBase::DetachMeshObject()	renderable	decompiled	
0x21a525c	0x22a525c	284	_ZN4Aska22ParticleRenderableBase17CreateFillContextEPNS_19ParticleFillContextEj	Aska::ParticleRenderableBase::CreateFillContext(Aska::ParticleFillContext*, unsigned int)	renderable	decompiled	
0x21a5378	0x22a5378	596	_ZN4Aska22ParticleRenderableBase17CreateDrawContextEPNS0_11DrawContextE	Aska::ParticleRenderableBase::CreateDrawContext(Aska::ParticleRenderableBase::DrawContext*)	renderable	decompiled	
0x21a55cc	0x22a55cc	216	_ZN4Aska22ParticleRenderableBase8SetupLodEv	Aska::ParticleRenderableBase::SetupLod()	renderable	decompiled	
0x21a56a4	0x22a56a4	104	_ZN4Aska22ParticleRenderableBase16SetRenderLayerIDEh	Aska::ParticleRenderableBase::SetRenderLayerID(unsigned char)	renderable	decompiled	
0x21a570c	0x22a570c	68	_ZNK4Aska22ParticleRenderableBase10GetClassIDEi	Aska::ParticleRenderableBase::GetClassID(int) const	renderable	decompiled	
0x21a5750	0x22a5750	4	_ZN4Aska22ParticleRenderableBase16PerfCounterStartEv	Aska::ParticleRenderableBase::PerfCounterStart()	renderable	decompiled	
0x21a5754	0x22a5754	4	_ZN4Aska22ParticleRenderableBase14PerfCounterEndEv	Aska::ParticleRenderableBase::PerfCounterEnd()	renderable	decompiled	
0x21a5758	0x22a5758	212	_ZN4Aska22ParticleRenderableBase14SetRenderLayerEjb	Aska::ParticleRenderableBase::SetRenderLayer(unsigned int, bool)	renderable	decompiled	
0x21a582c	0x22a582c	36	_ZNK4Aska22ParticleRenderableBase11GetVBufSizeEv	Aska::ParticleRenderableBase::GetVBufSize() const	renderable	decompiled	
0x21a5850	0x22a5850	180	_ZN4Aska22ParticleRenderableBase5BeginEiii	Aska::ParticleRenderableBase::Begin(int, int, int)	renderable	decompiled	
0x21a5904	0x22a5904	88	_ZN4Aska22ParticleRenderableBase4FillEPKNS_19ParticleFillContextEPKNS_15ParticleContextEi	Aska::ParticleRenderableBase::Fill(Aska::ParticleFillContext const*, Aska::ParticleContext const*, int)	renderable	decompiled	
0x21a595c	0x22a595c	1612	_ZN4Aska22ParticleRenderableBase8FillMeshEPKNS_19ParticleFillContextEPKNS_15ParticleContextEi	Aska::ParticleRenderableBase::FillMesh(Aska::ParticleFillContext const*, Aska::ParticleContext const*, int)	renderable	decompiled	
0x21a5fa8	0x22a5fa8	856	_ZN4Aska22ParticleRenderableBase3EndEb	Aska::ParticleRenderableBase::End(bool)	renderable	decompiled	
0x21a6300	0x22a6300	320	_ZN4Aska22ParticleRenderableBase13NotifyTextureEv	Aska::ParticleRenderableBase::NotifyTexture()	renderable	decompiled	
0x21a6440	0x22a6440	8	_ZThn776_N4Aska22ParticleRenderableBase13NotifyTextureEv	non-virtual thunk to Aska::ParticleRenderableBase::NotifyTexture()	renderable	decompiled	
0x21a6448	0x22a6448	124	_ZN4Aska22ParticleRenderableBase18ReleaseShaderCacheEv	Aska::ParticleRenderableBase::ReleaseShaderCache()	renderable	decompiled	
0x21a64c4	0x22a64c4	480	_ZN4Aska22ParticleRenderableBase20PreliminarilyPrepareEPNS_12LightManagerE	Aska::ParticleRenderableBase::PreliminarilyPrepare(Aska::LightManager*)	renderable	decompiled	
0x21a66a4	0x22a66a4	4368	_ZN4Aska22ParticleRenderableBase19PrepareForRenderingEPKNS_10RENDERINFOE	Aska::ParticleRenderableBase::PrepareForRendering(Aska::RENDERINFO const*)	renderable	decompiled	
0x21a7be8	0x22a7be8	552	_ZN4Aska22ParticleRenderableBase6RenderEPNS_13RenderContextEi	Aska::ParticleRenderableBase::Render(Aska::RenderContext*, int)	renderable	decompiled	
0x21a7e10	0x22a7e10	84	_ZNK4Aska22ParticleRenderableBase13IsBufferReadyEv	Aska::ParticleRenderableBase::IsBufferReady() const	renderable	native	
0x21a7e64	0x22a7e64	56	_ZN4Aska22ParticleRenderableBasenwEmmb	Aska::ParticleRenderableBase::operator new(unsigned long, unsigned long, bool)	renderable	decompiled	
0x21a7e9c	0x22a7e9c	56	_ZN4Aska22ParticleRenderableBasenaEmmb	Aska::ParticleRenderableBase::operator new[](unsigned long, unsigned long, bool)	renderable	decompiled	
0x21a7ed4	0x22a7ed4	44	_ZN4Aska22ParticleRenderableBasedaEPv	Aska::ParticleRenderableBase::operator delete[](void*)	renderable	decompiled	
0x2369bf0	0x2469bf0	544	_ZN4Aska21ParticleRenderManagerC1Ev	Aska::ParticleRenderManager::ParticleRenderManager()	render_manager	decompiled	
0x2369e10	0x2469e10	552	_ZN4Aska21ParticleRenderManagerD2Ev	Aska::ParticleRenderManager::~ParticleRenderManager()	render_manager	decompiled	
0x236a038	0x246a038	24	_ZN4Aska21ParticleRenderManagerD0Ev	Aska::ParticleRenderManager::~ParticleRenderManager()	render_manager	decompiled	
0x236a050	0x246a050	4	_ZN4Aska21ParticleRenderManager14ReleaseBuffersEv	Aska::ParticleRenderManager::ReleaseBuffers()	render_manager	decompiled	
0x236a054	0x246a054	1144	_ZN4Aska21ParticleRenderManager7ReleaseEv	Aska::ParticleRenderManager::Release()	render_manager	decompiled	
0x236a4cc	0x246a4cc	8	_ZN4Aska21ParticleRenderManager4InitEv	Aska::ParticleRenderManager::Init()	render_manager	decompiled	
0x236a4d4	0x246a4d4	292	_ZN4Aska21ParticleRenderManager18PreAllocateBuffersEv	Aska::ParticleRenderManager::PreAllocateBuffers()	render_manager	decompiled	
0x236a5f8	0x246a5f8	472	_ZN4Aska21ParticleRenderManager18GetLineIndexBufferEi	Aska::ParticleRenderManager::GetLineIndexBuffer(int)	render_manager	decompiled	
0x236a7d0	0x246a7d0	472	_ZN4Aska21ParticleRenderManager23GetPolyStripIndexBufferEi	Aska::ParticleRenderManager::GetPolyStripIndexBuffer(int)	render_manager	decompiled	
0x236a9a8	0x246a9a8	588	_ZN4Aska21ParticleRenderManager11AllocBufferEhii	Aska::ParticleRenderManager::AllocBuffer(unsigned char, int, int)	render_manager	decompiled	
0x236abf4	0x246abf4	220	_ZN4Aska21ParticleRenderManager20GetSpriteIndexBufferEv	Aska::ParticleRenderManager::GetSpriteIndexBuffer()	render_manager	decompiled	
0x236acd0	0x246acd0	76	_ZN4Aska21ParticleRenderManager12DeleteBufferEi	Aska::ParticleRenderManager::DeleteBuffer(int)	render_manager	decompiled	
0x236ad1c	0x246ad1c	100	_ZN4Aska21ParticleRenderManager10LockBufferEihii	Aska::ParticleRenderManager::LockBuffer(int, unsigned char, int, int)	render_manager	decompiled	
0x236ad80	0x246ad80	128	_ZN4Aska21ParticleRenderManager12UnlockBufferEib	Aska::ParticleRenderManager::UnlockBuffer(int, bool)	render_manager	decompiled	
0x236ae00	0x246ae00	128	_ZN4Aska21ParticleRenderManager9FillVertsEiPKNS_19ParticleFillContextEPKNS_15ParticleContextEiPNS_6VectorES8_	Aska::ParticleRenderManager::FillVerts(int, Aska::ParticleFillContext const*, Aska::ParticleContext const*, int, Aska::Vector*, Aska::Vector*)	render_manager	decompiled	
0x236ae80	0x246ae80	228	_ZN4Aska21ParticleRenderManager11SetTexturesEPKNS_19ParticleDrawContextE	Aska::ParticleRenderManager::SetTextures(Aska::ParticleDrawContext const*)	render_manager	decompiled	
0x236af64	0x246af64	4	_ZN4Aska21ParticleRenderManager16SetShadowTextureEPKNS_19ParticleDrawContextE	Aska::ParticleRenderManager::SetShadowTexture(Aska::ParticleDrawContext const*)	render_manager	decompiled	
0x236af68	0x246af68	232	_ZN4Aska21ParticleRenderManager7DrawDotEiiPNS_14ParticleBufferEPNS_19ParticleDrawContextE	Aska::ParticleRenderManager::DrawDot(int, int, Aska::ParticleBuffer*, Aska::ParticleDrawContext*)	render_manager	decompiled	
0x236b050	0x246b050	1316	_ZN4Aska21ParticleRenderManager8DrawLineEiiPNS_14ParticleBufferEPNS_19ParticleDrawContextE	Aska::ParticleRenderManager::DrawLine(int, int, Aska::ParticleBuffer*, Aska::ParticleDrawContext*)	render_manager	decompiled	
0x236b574	0x246b574	388	_ZN4Aska21ParticleRenderManager12DrawPolyLineEiiPNS_14ParticleBufferEPNS_19ParticleDrawContextE	Aska::ParticleRenderManager::DrawPolyLine(int, int, Aska::ParticleBuffer*, Aska::ParticleDrawContext*)	render_manager	decompiled	
0x236b6f8	0x246b6f8	96	_ZN4Aska21ParticleRenderManager16DrawFilterSpriteEPiiPNS_14ParticleBufferEPNS_19ParticleDrawContextEii	Aska::ParticleRenderManager::DrawFilterSprite(int*, int, Aska::ParticleBuffer*, Aska::ParticleDrawContext*, int, int)	render_manager	decompiled	
0x236b758	0x246b758	896	_ZN4Aska21ParticleRenderManager10DrawSpriteEPiiPNS_14ParticleBufferEPNS_19ParticleDrawContextEii	Aska::ParticleRenderManager::DrawSprite(int*, int, Aska::ParticleBuffer*, Aska::ParticleDrawContext*, int, int)	render_manager	decompiled	
0x236bad8	0x246bad8	588	_ZN4Aska21ParticleRenderManager14DrawSpriteLineEPiiPNS_14ParticleBufferEPNS_19ParticleDrawContextEii	Aska::ParticleRenderManager::DrawSpriteLine(int*, int, Aska::ParticleBuffer*, Aska::ParticleDrawContext*, int, int)	render_manager	decompiled	
0x236bd24	0x246bd24	36	_ZN4Aska21ParticleRenderManager10BindShaderEPNS_11ShaderCacheE	Aska::ParticleRenderManager::BindShader(Aska::ShaderCache*)	render_manager	decompiled	
0x236bd48	0x246bd48	432	_ZN4Aska21ParticleRenderManager7FillDotEiPKNS_19ParticleFillContextEPKNS_15ParticleContextEiPNS_6VectorES8_	Aska::ParticleRenderManager::FillDot(int, Aska::ParticleFillContext const*, Aska::ParticleContext const*, int, Aska::Vector*, Aska::Vector*)	render_manager	decompiled	
0x236bef8	0x246bef8	12	_ZN4Aska21ParticleRenderManager8FillLineEiPKNS_19ParticleFillContextEPKNS_15ParticleContextEiPNS_6VectorES8_	Aska::ParticleRenderManager::FillLine(int, Aska::ParticleFillContext const*, Aska::ParticleContext const*, int, Aska::Vector*, Aska::Vector*)	render_manager	decompiled	
0x236bf04	0x246bf04	1080	_ZN4Aska21ParticleRenderManager10FillSpriteEiPKNS_19ParticleFillContextEPKNS_15ParticleContextEiPNS_6VectorES8_	Aska::ParticleRenderManager::FillSprite(int, Aska::ParticleFillContext const*, Aska::ParticleContext const*, int, Aska::Vector*, Aska::Vector*)	render_manager	decompiled	
0x236c33c	0x246c33c	744	_ZN4Aska21ParticleRenderManager12FillPolyLineEiPKNS_19ParticleFillContextEPKNS_15ParticleContextEiPNS_6VectorES8_	Aska::ParticleRenderManager::FillPolyLine(int, Aska::ParticleFillContext const*, Aska::ParticleContext const*, int, Aska::Vector*, Aska::Vector*)	render_manager	decompiled	
0x236c624	0x246c624	1352	_ZN4Aska21ParticleRenderManager14FillSpriteLineEiPKNS_19ParticleFillContextEPKNS_15ParticleContextEiPNS_6VectorES8_	Aska::ParticleRenderManager::FillSpriteLine(int, Aska::ParticleFillContext const*, Aska::ParticleContext const*, int, Aska::Vector*, Aska::Vector*)	render_manager	decompiled	
0x236cb6c	0x246cb6c	76	_ZN4Aska21ParticleRenderManager17ResetDefaultValueEv	Aska::ParticleRenderManager::ResetDefaultValue()	render_manager	decompiled	
0x236cbb8	0x246cbb8	188	_ZN4Aska21ParticleRenderManager8FlipSyncEii	Aska::ParticleRenderManager::FlipSync(int, int)	render_manager	decompiled	
0x236d444	0x246d444	452	_ZN4Aska15ParticleManager14CreateParticleINS_11FeatureListINS_16ParticleFeatures5SpeedENS2_INS3_6MotionENS2_INS3_9LifeLimitENS2_INS3_4LineENS_6StNULLEEEEEEEEEEEPNS_15ParticleEmitterIT_EEPKNS_3AFF18AsfParticleEmitterE	Aska::ParticleEmitter<Aska::FeatureList<Aska::ParticleFeatures::Speed, Aska::FeatureList<Aska::ParticleFeatures::Motion, Aska::FeatureList<Aska::ParticleFeatures::LifeLimit, Aska::FeatureList<Aska::ParticleFeatures::Line, Aska::StNULL> > > > >* Aska::ParticleManager::CreateParticle<Aska::FeatureList<Aska::ParticleFeatures::Speed, Aska::FeatureList<Aska::ParticleFeatures::Motion, Aska::FeatureList<Aska::ParticleFeatures::LifeLimit, Aska::FeatureList<Aska::ParticleFeatures::Line, Aska::StNULL> > > > >(Aska::AFF::AsfParticleEmitter const*)	manager	decompiled	
0x236d608	0x246d608	420	_ZN4Aska15ParticleManager14CreateParticleINS_11FeatureListINS_16ParticleFeatures5SpeedENS2_INS3_6MotionENS2_INS3_9LifeLimitENS_6StNULLEEEEEEEEEPNS_15ParticleEmitterIT_EEPKNS_3AFF18AsfParticleEmitterE	Aska::ParticleEmitter<Aska::FeatureList<Aska::ParticleFeatures::Speed, Aska::FeatureList<Aska::ParticleFeatures::Motion, Aska::FeatureList<Aska::ParticleFeatures::LifeLimit, Aska::StNULL> > > >* Aska::ParticleManager::CreateParticle<Aska::FeatureList<Aska::ParticleFeatures::Speed, Aska::FeatureList<Aska::ParticleFeatures::Motion, Aska::FeatureList<Aska::ParticleFeatures::LifeLimit, Aska::StNULL> > > >(Aska::AFF::AsfParticleEmitter const*)	manager	decompiled	
0x236d7ac	0x246d7ac	440	_ZN4Aska15ParticleManager14CreateParticleINS_11FeatureListINS_16ParticleFeatures5SpeedENS2_INS3_6MotionENS2_INS3_4LineENS_6StNULLEEEEEEEEEPNS_15ParticleEmitterIT_EEPKNS_3AFF18AsfParticleEmitterE	Aska::ParticleEmitter<Aska::FeatureList<Aska::ParticleFeatures::Speed, Aska::FeatureList<Aska::ParticleFeatures::Motion, Aska::FeatureList<Aska::ParticleFeatures::Line, Aska::StNULL> > > >* Aska::ParticleManager::CreateParticle<Aska::FeatureList<Aska::ParticleFeatures::Speed, Aska::FeatureList<Aska::ParticleFeatures::Motion, Aska::FeatureList<Aska::ParticleFeatures::Line, Aska::StNULL> > > >(Aska::AFF::AsfParticleEmitter const*)	manager	decompiled	
0x236d964	0x246d964	408	_ZN4Aska15ParticleManager14CreateParticleINS_11FeatureListINS_16ParticleFeatures5SpeedENS2_INS3_6MotionENS_6StNULLEEEEEEEPNS_15ParticleEmitterIT_EEPKNS_3AFF18AsfParticleEmitterE	Aska::ParticleEmitter<Aska::FeatureList<Aska::ParticleFeatures::Speed, Aska::FeatureList<Aska::ParticleFeatures::Motion, Aska::StNULL> > >* Aska::ParticleManager::CreateParticle<Aska::FeatureList<Aska::ParticleFeatures::Speed, Aska::FeatureList<Aska::ParticleFeatures::Motion, Aska::StNULL> > >(Aska::AFF::AsfParticleEmitter const*)	manager	decompiled	
0x236ef78	0x246ef78	480	_ZN4Aska15ParticleEmitterINS_11FeatureListINS_16ParticleFeatures5SpeedENS1_INS2_6MotionENS1_INS2_9LifeLimitENS1_INS2_4LineENS_6StNULLEEEEEEEEEE8EmitLinkEiPNS_16IParticleEmitter11EmitContextE	Aska::ParticleEmitter<Aska::FeatureList<Aska::ParticleFeatures::Speed, Aska::FeatureList<Aska::ParticleFeatures::Motion, Aska::FeatureList<Aska::ParticleFeatures::LifeLimit, Aska::FeatureList<Aska::ParticleFeatures::Line, Aska::StNULL> > > > >::EmitLink(int, Aska::IParticleEmitter::EmitContext*)	emitter	decompiled	
0x236f288	0x246f288	8184	_ZN4Aska15ParticleEmitterINS_11FeatureListINS_16ParticleFeatures5SpeedENS1_INS2_6MotionENS1_INS2_9LifeLimitENS1_INS2_4LineENS_6StNULLEEEEEEEEEE4EmitEiPNS_16IParticleEmitter11EmitContextEPKNSD_13MatrixContextE	Aska::ParticleEmitter<Aska::FeatureList<Aska::ParticleFeatures::Speed, Aska::FeatureList<Aska::ParticleFeatures::Motion, Aska::FeatureList<Aska::ParticleFeatures::LifeLimit, Aska::FeatureList<Aska::ParticleFeatures::Line, Aska::StNULL> > > > >::Emit(int, Aska::IParticleEmitter::EmitContext*, Aska::IParticleEmitter::MatrixContext const*)	emitter	decompiled	
0x2371280	0x2471280	4848	_ZN4Aska15ParticleEmitterINS_11FeatureListINS_16ParticleFeatures5SpeedENS1_INS2_6MotionENS1_INS2_9LifeLimitENS1_INS2_4LineENS_6StNULLEEEEEEEEEE10EmitMotionEPNS_15ParticleElementISB_EEPKNS_16IParticleEmitter11EmitContextEPSH_9StBooleanILb1EE	Aska::ParticleEmitter<Aska::FeatureList<Aska::ParticleFeatures::Speed, Aska::FeatureList<Aska::ParticleFeatures::Motion, Aska::FeatureList<Aska::ParticleFeatures::LifeLimit, Aska::FeatureList<Aska::ParticleFeatures::Line, Aska::StNULL> > > > >::EmitMotion(Aska::ParticleElement<Aska::FeatureList<Aska::ParticleFeatures::Speed, Aska::FeatureList<Aska::ParticleFeatures::Motion, Aska::FeatureList<Aska::ParticleFeatures::LifeLimit, Aska::FeatureList<Aska::ParticleFeatures::Line, Aska::StNULL> > > > >*, Aska::IParticleEmitter::EmitContext const*, Aska::IParticleEmitter::EmitContext*, StBoolean<true>)	emitter	decompiled	
0x2372854	0x2472854	944	_ZN4Aska15ParticleEmitterINS_11FeatureListINS_16ParticleFeatures5SpeedENS1_INS2_6MotionENS1_INS2_9LifeLimitENS1_INS2_4LineENS_6StNULLEEEEEEEEEE8SimulateEf	Aska::ParticleEmitter<Aska::FeatureList<Aska::ParticleFeatures::Speed, Aska::FeatureList<Aska::ParticleFeatures::Motion, Aska::FeatureList<Aska::ParticleFeatures::LifeLimit, Aska::FeatureList<Aska::ParticleFeatures::Line, Aska::StNULL> > > > >::Simulate(float)	simulate	native	
0x2372c04	0x2472c04	516	_ZN4Aska15ParticleEmitterINS_11FeatureListINS_16ParticleFeatures5SpeedENS1_INS2_6MotionENS1_INS2_9LifeLimitENS1_INS2_4LineENS_6StNULLEEEEEEEEEE23EmitterAffectToParticleEPNS_6VectorEPNS_16IParticleEmitter13MatrixContextEf	Aska::ParticleEmitter<Aska::FeatureList<Aska::ParticleFeatures::Speed, Aska::FeatureList<Aska::ParticleFeatures::Motion, Aska::FeatureList<Aska::ParticleFeatures::LifeLimit, Aska::FeatureList<Aska::ParticleFeatures::Line, Aska::StNULL> > > > >::EmitterAffectToParticle(Aska::Vector*, Aska::IParticleEmitter::MatrixContext*, float)	emitter	decompiled	
0x2372e08	0x2472e08	616	_ZN4Aska24ParticleRenderableObjectINS_11FeatureListINS_16ParticleFeatures5SpeedENS1_INS2_6MotionENS1_INS2_9LifeLimitENS1_INS2_4LineENS_6StNULLEEEEEEEEEE15RenderProcedureEfPNS_16IParticleEmitter13MatrixContextEb	Aska::ParticleRenderableObject<Aska::FeatureList<Aska::ParticleFeatures::Speed, Aska::FeatureList<Aska::ParticleFeatures::Motion, Aska::FeatureList<Aska::ParticleFeatures::LifeLimit, Aska::FeatureList<Aska::ParticleFeatures::Line, Aska::StNULL> > > > >::RenderProcedure(float, Aska::IParticleEmitter::MatrixContext*, bool)	emitter	decompiled	
0x2375b68	0x2475b68	480	_ZN4Aska15ParticleEmitterINS_11FeatureListINS_16ParticleFeatures5SpeedENS1_INS2_6MotionENS1_INS2_9LifeLimitENS_6StNULLEEEEEEEE8EmitLinkEiPNS_16IParticleEmitter11EmitContextE	Aska::ParticleEmitter<Aska::FeatureList<Aska::ParticleFeatures::Speed, Aska::FeatureList<Aska::ParticleFeatures::Motion, Aska::FeatureList<Aska::ParticleFeatures::LifeLimit, Aska::StNULL> > > >::EmitLink(int, Aska::IParticleEmitter::EmitContext*)	emitter	decompiled	
0x2375e78	0x2475e78	7956	_ZN4Aska15ParticleEmitterINS_11FeatureListINS_16ParticleFeatures5SpeedENS1_INS2_6MotionENS1_INS2_9LifeLimitENS_6StNULLEEEEEEEE4EmitEiPNS_16IParticleEmitter11EmitContextEPKNSB_13MatrixContextE	Aska::ParticleEmitter<Aska::FeatureList<Aska::ParticleFeatures::Speed, Aska::FeatureList<Aska::ParticleFeatures::Motion, Aska::FeatureList<Aska::ParticleFeatures::LifeLimit, Aska::StNULL> > > >::Emit(int, Aska::IParticleEmitter::EmitContext*, Aska::IParticleEmitter::MatrixContext const*)	emitter	decompiled	
0x2377d8c	0x2477d8c	4848	_ZN4Aska15ParticleEmitterINS_11FeatureListINS_16ParticleFeatures5SpeedENS1_INS2_6MotionENS1_INS2_9LifeLimitENS_6StNULLEEEEEEEE10EmitMotionEPNS_15ParticleElementIS9_EEPKNS_16IParticleEmitter11EmitContextEPSF_9StBooleanILb1EE	Aska::ParticleEmitter<Aska::FeatureList<Aska::ParticleFeatures::Speed, Aska::FeatureList<Aska::ParticleFeatures::Motion, Aska::FeatureList<Aska::ParticleFeatures::LifeLimit, Aska::StNULL> > > >::EmitMotion(Aska::ParticleElement<Aska::FeatureList<Aska::ParticleFeatures::Speed, Aska::FeatureList<Aska::ParticleFeatures::Motion, Aska::FeatureList<Aska::ParticleFeatures::LifeLimit, Aska::StNULL> > > >*, Aska::IParticleEmitter::EmitContext const*, Aska::IParticleEmitter::EmitContext*, StBoolean<true>)	emitter	decompiled	
0x2379360	0x2479360	944	_ZN4Aska15ParticleEmitterINS_11FeatureListINS_16ParticleFeatures5SpeedENS1_INS2_6MotionENS1_INS2_9LifeLimitENS_6StNULLEEEEEEEE8SimulateEf	Aska::ParticleEmitter<Aska::FeatureList<Aska::ParticleFeatures::Speed, Aska::FeatureList<Aska::ParticleFeatures::Motion, Aska::FeatureList<Aska::ParticleFeatures::LifeLimit, Aska::StNULL> > > >::Simulate(float)	simulate	native	
0x2379710	0x2479710	516	_ZN4Aska15ParticleEmitterINS_11FeatureListINS_16ParticleFeatures5SpeedENS1_INS2_6MotionENS1_INS2_9LifeLimitENS_6StNULLEEEEEEEE23EmitterAffectToParticleEPNS_6VectorEPNS_16IParticleEmitter13MatrixContextEf	Aska::ParticleEmitter<Aska::FeatureList<Aska::ParticleFeatures::Speed, Aska::FeatureList<Aska::ParticleFeatures::Motion, Aska::FeatureList<Aska::ParticleFeatures::LifeLimit, Aska::StNULL> > > >::EmitterAffectToParticle(Aska::Vector*, Aska::IParticleEmitter::MatrixContext*, float)	emitter	decompiled	
0x2379914	0x2479914	616	_ZN4Aska24ParticleRenderableObjectINS_11FeatureListINS_16ParticleFeatures5SpeedENS1_INS2_6MotionENS1_INS2_9LifeLimitENS_6StNULLEEEEEEEE15RenderProcedureEfPNS_16IParticleEmitter13MatrixContextEb	Aska::ParticleRenderableObject<Aska::FeatureList<Aska::ParticleFeatures::Speed, Aska::FeatureList<Aska::ParticleFeatures::Motion, Aska::FeatureList<Aska::ParticleFeatures::LifeLimit, Aska::StNULL> > > >::RenderProcedure(float, Aska::IParticleEmitter::MatrixContext*, bool)	emitter	decompiled	
0x237c6e0	0x247c6e0	480	_ZN4Aska15ParticleEmitterINS_11FeatureListINS_16ParticleFeatures5SpeedENS1_INS2_6MotionENS1_INS2_4LineENS_6StNULLEEEEEEEE8EmitLinkEiPNS_16IParticleEmitter11EmitContextE	Aska::ParticleEmitter<Aska::FeatureList<Aska::ParticleFeatures::Speed, Aska::FeatureList<Aska::ParticleFeatures::Motion, Aska::FeatureList<Aska::ParticleFeatures::Line, Aska::StNULL> > > >::EmitLink(int, Aska::IParticleEmitter::EmitContext*)	emitter	decompiled	
0x237c9f0	0x247c9f0	8176	_ZN4Aska15ParticleEmitterINS_11FeatureListINS_16ParticleFeatures5SpeedENS1_INS2_6MotionENS1_INS2_4LineENS_6StNULLEEEEEEEE4EmitEiPNS_16IParticleEmitter11EmitContextEPKNSB_13MatrixContextE	Aska::ParticleEmitter<Aska::FeatureList<Aska::ParticleFeatures::Speed, Aska::FeatureList<Aska::ParticleFeatures::Motion, Aska::FeatureList<Aska::ParticleFeatures::Line, Aska::StNULL> > > >::Emit(int, Aska::IParticleEmitter::EmitContext*, Aska::IParticleEmitter::MatrixContext const*)	emitter	decompiled	
0x237e9e0	0x247e9e0	4848	_ZN4Aska15ParticleEmitterINS_11FeatureListINS_16ParticleFeatures5SpeedENS1_INS2_6MotionENS1_INS2_4LineENS_6StNULLEEEEEEEE10EmitMotionEPNS_15ParticleElementIS9_EEPKNS_16IParticleEmitter11EmitContextEPSF_9StBooleanILb1EE	Aska::ParticleEmitter<Aska::FeatureList<Aska::ParticleFeatures::Speed, Aska::FeatureList<Aska::ParticleFeatures::Motion, Aska::FeatureList<Aska::ParticleFeatures::Line, Aska::StNULL> > > >::EmitMotion(Aska::ParticleElement<Aska::FeatureList<Aska::ParticleFeatures::Speed, Aska::FeatureList<Aska::ParticleFeatures::Motion, Aska::FeatureList<Aska::ParticleFeatures::Line, Aska::StNULL> > > >*, Aska::IParticleEmitter::EmitContext const*, Aska::IParticleEmitter::EmitContext*, StBoolean<true>)	emitter	decompiled	
0x237ffb4	0x247ffb4	944	_ZN4Aska15ParticleEmitterINS_11FeatureListINS_16ParticleFeatures5SpeedENS1_INS2_6MotionENS1_INS2_4LineENS_6StNULLEEEEEEEE8SimulateEf	Aska::ParticleEmitter<Aska::FeatureList<Aska::ParticleFeatures::Speed, Aska::FeatureList<Aska::ParticleFeatures::Motion, Aska::FeatureList<Aska::ParticleFeatures::Line, Aska::StNULL> > > >::Simulate(float)	simulate	native	
0x2380364	0x2480364	516	_ZN4Aska15ParticleEmitterINS_11FeatureListINS_16ParticleFeatures5SpeedENS1_INS2_6MotionENS1_INS2_4LineENS_6StNULLEEEEEEEE23EmitterAffectToParticleEPNS_6VectorEPNS_16IParticleEmitter13MatrixContextEf	Aska::ParticleEmitter<Aska::FeatureList<Aska::ParticleFeatures::Speed, Aska::FeatureList<Aska::ParticleFeatures::Motion, Aska::FeatureList<Aska::ParticleFeatures::Line, Aska::StNULL> > > >::EmitterAffectToParticle(Aska::Vector*, Aska::IParticleEmitter::MatrixContext*, float)	emitter	decompiled	
0x2380568	0x2480568	616	_ZN4Aska24ParticleRenderableObjectINS_11FeatureListINS_16ParticleFeatures5SpeedENS1_INS2_6MotionENS1_INS2_4LineENS_6StNULLEEEEEEEE15RenderProcedureEfPNS_16IParticleEmitter13MatrixContextEb	Aska::ParticleRenderableObject<Aska::FeatureList<Aska::ParticleFeatures::Speed, Aska::FeatureList<Aska::ParticleFeatures::Motion, Aska::FeatureList<Aska::ParticleFeatures::Line, Aska::StNULL> > > >::RenderProcedure(float, Aska::IParticleEmitter::MatrixContext*, bool)	emitter	decompiled	
0x238299c	0x248299c	480	_ZN4Aska15ParticleEmitterINS_11FeatureListINS_16ParticleFeatures5SpeedENS1_INS2_6MotionENS_6StNULLEEEEEE8EmitLinkEiPNS_16IParticleEmitter11EmitContextE	Aska::ParticleEmitter<Aska::FeatureList<Aska::ParticleFeatures::Speed, Aska::FeatureList<Aska::ParticleFeatures::Motion, Aska::StNULL> > >::EmitLink(int, Aska::IParticleEmitter::EmitContext*)	emitter	decompiled	
0x2382cac	0x2482cac	7948	_ZN4Aska15ParticleEmitterINS_11FeatureListINS_16ParticleFeatures5SpeedENS1_INS2_6MotionENS_6StNULLEEEEEE4EmitEiPNS_16IParticleEmitter11EmitContextEPKNS9_13MatrixContextE	Aska::ParticleEmitter<Aska::FeatureList<Aska::ParticleFeatures::Speed, Aska::FeatureList<Aska::ParticleFeatures::Motion, Aska::StNULL> > >::Emit(int, Aska::IParticleEmitter::EmitContext*, Aska::IParticleEmitter::MatrixContext const*)	emitter	decompiled	
0x2384bb8	0x2484bb8	4848	_ZN4Aska15ParticleEmitterINS_11FeatureListINS_16ParticleFeatures5SpeedENS1_INS2_6MotionENS_6StNULLEEEEEE10EmitMotionEPNS_15ParticleElementIS7_EEPKNS_16IParticleEmitter11EmitContextEPSD_9StBooleanILb1EE	Aska::ParticleEmitter<Aska::FeatureList<Aska::ParticleFeatures::Speed, Aska::FeatureList<Aska::ParticleFeatures::Motion, Aska::StNULL> > >::EmitMotion(Aska::ParticleElement<Aska::FeatureList<Aska::ParticleFeatures::Speed, Aska::FeatureList<Aska::ParticleFeatures::Motion, Aska::StNULL> > >*, Aska::IParticleEmitter::EmitContext const*, Aska::IParticleEmitter::EmitContext*, StBoolean<true>)	emitter	decompiled	
0x238618c	0x248618c	944	_ZN4Aska15ParticleEmitterINS_11FeatureListINS_16ParticleFeatures5SpeedENS1_INS2_6MotionENS_6StNULLEEEEEE8SimulateEf	Aska::ParticleEmitter<Aska::FeatureList<Aska::ParticleFeatures::Speed, Aska::FeatureList<Aska::ParticleFeatures::Motion, Aska::StNULL> > >::Simulate(float)	simulate	native	
0x238653c	0x248653c	516	_ZN4Aska15ParticleEmitterINS_11FeatureListINS_16ParticleFeatures5SpeedENS1_INS2_6MotionENS_6StNULLEEEEEE23EmitterAffectToParticleEPNS_6VectorEPNS_16IParticleEmitter13MatrixContextEf	Aska::ParticleEmitter<Aska::FeatureList<Aska::ParticleFeatures::Speed, Aska::FeatureList<Aska::ParticleFeatures::Motion, Aska::StNULL> > >::EmitterAffectToParticle(Aska::Vector*, Aska::IParticleEmitter::MatrixContext*, float)	emitter	decompiled	
0x2386740	0x2486740	616	_ZN4Aska24ParticleRenderableObjectINS_11FeatureListINS_16ParticleFeatures5SpeedENS1_INS2_6MotionENS_6StNULLEEEEEE15RenderProcedureEfPNS_16IParticleEmitter13MatrixContextEb	Aska::ParticleRenderableObject<Aska::FeatureList<Aska::ParticleFeatures::Speed, Aska::FeatureList<Aska::ParticleFeatures::Motion, Aska::StNULL> > >::RenderProcedure(float, Aska::IParticleEmitter::MatrixContext*, bool)	emitter	decompiled	
0x23878c8	0x24878c8	460	_ZN4Aska15ParticleManager14CreateParticleINS_11FeatureListINS_16ParticleFeatures5SpeedENS2_INS3_6MotionENS2_INS3_14ColorAnimationENS2_INS3_9LifeLimitENS2_INS3_4LineENS_6StNULLEEEEEEEEEEEEEPNS_15ParticleEmitterIT_EEPKNS_3AFF18AsfParticleEmitterE	Aska::ParticleEmitter<Aska::FeatureList<Aska::ParticleFeatures::Speed, Aska::FeatureList<Aska::ParticleFeatures::Motion, Aska::FeatureList<Aska::ParticleFeatures::ColorAnimation, Aska::FeatureList<Aska::ParticleFeatures::LifeLimit, Aska::FeatureList<Aska::ParticleFeatures::Line, Aska::StNULL> > > > > >* Aska::ParticleManager::CreateParticle<Aska::FeatureList<Aska::ParticleFeatures::Speed, Aska::FeatureList<Aska::ParticleFeatures::Motion, Aska::FeatureList<Aska::ParticleFeatures::ColorAnimation, Aska::FeatureList<Aska::ParticleFeatures::LifeLimit, Aska::FeatureList<Aska::ParticleFeatures::Line, Aska::StNULL> > > > > >(Aska::AFF::AsfParticleEmitter const*)	manager	decompiled	
0x2387a94	0x2487a94	428	_ZN4Aska15ParticleManager14CreateParticleINS_11FeatureListINS_16ParticleFeatures5SpeedENS2_INS3_6MotionENS2_INS3_14ColorAnimationENS2_INS3_9LifeLimitENS_6StNULLEEEEEEEEEEEPNS_15ParticleEmitterIT_EEPKNS_3AFF18AsfParticleEmitterE	Aska::ParticleEmitter<Aska::FeatureList<Aska::ParticleFeatures::Speed, Aska::FeatureList<Aska::ParticleFeatures::Motion, Aska::FeatureList<Aska::ParticleFeatures::ColorAnimation, Aska::FeatureList<Aska::ParticleFeatures::LifeLimit, Aska::StNULL> > > > >* Aska::ParticleManager::CreateParticle<Aska::FeatureList<Aska::ParticleFeatures::Speed, Aska::FeatureList<Aska::ParticleFeatures::Motion, Aska::FeatureList<Aska::ParticleFeatures::ColorAnimation, Aska::FeatureList<Aska::ParticleFeatures::LifeLimit, Aska::StNULL> > > > >(Aska::AFF::AsfParticleEmitter const*)	manager	decompiled	
0x2387c40	0x2487c40	448	_ZN4Aska15ParticleManager14CreateParticleINS_11FeatureListINS_16ParticleFeatures5SpeedENS2_INS3_6MotionENS2_INS3_14ColorAnimationENS2_INS3_4LineENS_6StNULLEEEEEEEEEEEPNS_15ParticleEmitterIT_EEPKNS_3AFF18AsfParticleEmitterE	Aska::ParticleEmitter<Aska::FeatureList<Aska::ParticleFeatures::Speed, Aska::FeatureList<Aska::ParticleFeatures::Motion, Aska::FeatureList<Aska::ParticleFeatures::ColorAnimation, Aska::FeatureList<Aska::ParticleFeatures::Line, Aska::StNULL> > > > >* Aska::ParticleManager::CreateParticle<Aska::FeatureList<Aska::ParticleFeatures::Speed, Aska::FeatureList<Aska::ParticleFeatures::Motion, Aska::FeatureList<Aska::ParticleFeatures::ColorAnimation, Aska::FeatureList<Aska::ParticleFeatures::Line, Aska::StNULL> > > > >(Aska::AFF::AsfParticleEmitter const*)	manager	decompiled	
0x2387e00	0x2487e00	416	_ZN4Aska15ParticleManager14CreateParticleINS_11FeatureListINS_16ParticleFeatures5SpeedENS2_INS3_6MotionENS2_INS3_14ColorAnimationENS_6StNULLEEEEEEEEEPNS_15ParticleEmitterIT_EEPKNS_3AFF18AsfParticleEmitterE	Aska::ParticleEmitter<Aska::FeatureList<Aska::ParticleFeatures::Speed, Aska::FeatureList<Aska::ParticleFeatures::Motion, Aska::FeatureList<Aska::ParticleFeatures::ColorAnimation, Aska::StNULL> > > >* Aska::ParticleManager::CreateParticle<Aska::FeatureList<Aska::ParticleFeatures::Speed, Aska::FeatureList<Aska::ParticleFeatures::Motion, Aska::FeatureList<Aska::ParticleFeatures::ColorAnimation, Aska::StNULL> > > >(Aska::AFF::AsfParticleEmitter const*)	manager	decompiled	
0x238947c	0x248947c	480	_ZN4Aska15ParticleEmitterINS_11FeatureListINS_16ParticleFeatures5SpeedENS1_INS2_6MotionENS1_INS2_14ColorAnimationENS1_INS2_9LifeLimitENS1_INS2_4LineENS_6StNULLEEEEEEEEEEEE8EmitLinkEiPNS_16IParticleEmitter11EmitContextE	Aska::ParticleEmitter<Aska::FeatureList<Aska::ParticleFeatures::Speed, Aska::FeatureList<Aska::ParticleFeatures::Motion, Aska::FeatureList<Aska::ParticleFeatures::ColorAnimation, Aska::FeatureList<Aska::ParticleFeatures::LifeLimit, Aska::FeatureList<Aska::ParticleFeatures::Line, Aska::StNULL> > > > > >::EmitLink(int, Aska::IParticleEmitter::EmitContext*)	emitter	decompiled	
0x238978c	0x248978c	8200	_ZN4Aska15ParticleEmitterINS_11FeatureListINS_16ParticleFeatures5SpeedENS1_INS2_6MotionENS1_INS2_14ColorAnimationENS1_INS2_9LifeLimitENS1_INS2_4LineENS_6StNULLEEEEEEEEEEEE4EmitEiPNS_16IParticleEmitter11EmitContextEPKNSF_13MatrixContextE	Aska::ParticleEmitter<Aska::FeatureList<Aska::ParticleFeatures::Speed, Aska::FeatureList<Aska::ParticleFeatures::Motion, Aska::FeatureList<Aska::ParticleFeatures::ColorAnimation, Aska::FeatureList<Aska::ParticleFeatures::LifeLimit, Aska::FeatureList<Aska::ParticleFeatures::Line, Aska::StNULL> > > > > >::Emit(int, Aska::IParticleEmitter::EmitContext*, Aska::IParticleEmitter::MatrixContext const*)	emitter	decompiled	
0x238b794	0x248b794	4848	_ZN4Aska15ParticleEmitterINS_11FeatureListINS_16ParticleFeatures5SpeedENS1_INS2_6MotionENS1_INS2_14ColorAnimationENS1_INS2_9LifeLimitENS1_INS2_4LineENS_6StNULLEEEEEEEEEEEE10EmitMotionEPNS_15ParticleElementISD_EEPKNS_16IParticleEmitter11EmitContextEPSJ_9StBooleanILb1EE	Aska::ParticleEmitter<Aska::FeatureList<Aska::ParticleFeatures::Speed, Aska::FeatureList<Aska::ParticleFeatures::Motion, Aska::FeatureList<Aska::ParticleFeatures::ColorAnimation, Aska::FeatureList<Aska::ParticleFeatures::LifeLimit, Aska::FeatureList<Aska::ParticleFeatures::Line, Aska::StNULL> > > > > >::EmitMotion(Aska::ParticleElement<Aska::FeatureList<Aska::ParticleFeatures::Speed, Aska::FeatureList<Aska::ParticleFeatures::Motion, Aska::FeatureList<Aska::ParticleFeatures::ColorAnimation, Aska::FeatureList<Aska::ParticleFeatures::LifeLimit, Aska::FeatureList<Aska::ParticleFeatures::Line, Aska::StNULL> > > > > >*, Aska::IParticleEmitter::EmitContext const*, Aska::IParticleEmitter::EmitContext*, StBoolean<true>)	emitter	decompiled	
0x238d058	0x248d058	944	_ZN4Aska15ParticleEmitterINS_11FeatureListINS_16ParticleFeatures5SpeedENS1_INS2_6MotionENS1_INS2_14ColorAnimationENS1_INS2_9LifeLimitENS1_INS2_4LineENS_6StNULLEEEEEEEEEEEE8SimulateEf	Aska::ParticleEmitter<Aska::FeatureList<Aska::ParticleFeatures::Speed, Aska::FeatureList<Aska::ParticleFeatures::Motion, Aska::FeatureList<Aska::ParticleFeatures::ColorAnimation, Aska::FeatureList<Aska::ParticleFeatures::LifeLimit, Aska::FeatureList<Aska::ParticleFeatures::Line, Aska::StNULL> > > > > >::Simulate(float)	simulate	tested	
0x238d408	0x248d408	516	_ZN4Aska15ParticleEmitterINS_11FeatureListINS_16ParticleFeatures5SpeedENS1_INS2_6MotionENS1_INS2_14ColorAnimationENS1_INS2_9LifeLimitENS1_INS2_4LineENS_6StNULLEEEEEEEEEEEE23EmitterAffectToParticleEPNS_6VectorEPNS_16IParticleEmitter13MatrixContextEf	Aska::ParticleEmitter<Aska::FeatureList<Aska::ParticleFeatures::Speed, Aska::FeatureList<Aska::ParticleFeatures::Motion, Aska::FeatureList<Aska::ParticleFeatures::ColorAnimation, Aska::FeatureList<Aska::ParticleFeatures::LifeLimit, Aska::FeatureList<Aska::ParticleFeatures::Line, Aska::StNULL> > > > > >::EmitterAffectToParticle(Aska::Vector*, Aska::IParticleEmitter::MatrixContext*, float)	emitter	decompiled	
0x238d60c	0x248d60c	616	_ZN4Aska24ParticleRenderableObjectINS_11FeatureListINS_16ParticleFeatures5SpeedENS1_INS2_6MotionENS1_INS2_14ColorAnimationENS1_INS2_9LifeLimitENS1_INS2_4LineENS_6StNULLEEEEEEEEEEEE15RenderProcedureEfPNS_16IParticleEmitter13MatrixContextEb	Aska::ParticleRenderableObject<Aska::FeatureList<Aska::ParticleFeatures::Speed, Aska::FeatureList<Aska::ParticleFeatures::Motion, Aska::FeatureList<Aska::ParticleFeatures::ColorAnimation, Aska::FeatureList<Aska::ParticleFeatures::LifeLimit, Aska::FeatureList<Aska::ParticleFeatures::Line, Aska::StNULL> > > > > >::RenderProcedure(float, Aska::IParticleEmitter::MatrixContext*, bool)	emitter	decompiled	
0x239063c	0x249063c	480	_ZN4Aska15ParticleEmitterINS_11FeatureListINS_16ParticleFeatures5SpeedENS1_INS2_6MotionENS1_INS2_14ColorAnimationENS1_INS2_9LifeLimitENS_6StNULLEEEEEEEEEE8EmitLinkEiPNS_16IParticleEmitter11EmitContextE	Aska::ParticleEmitter<Aska::FeatureList<Aska::ParticleFeatures::Speed, Aska::FeatureList<Aska::ParticleFeatures::Motion, Aska::FeatureList<Aska::ParticleFeatures::ColorAnimation, Aska::FeatureList<Aska::ParticleFeatures::LifeLimit, Aska::StNULL> > > > >::EmitLink(int, Aska::IParticleEmitter::EmitContext*)	emitter	decompiled	
0x239094c	0x249094c	7972	_ZN4Aska15ParticleEmitterINS_11FeatureListINS_16ParticleFeatures5SpeedENS1_INS2_6MotionENS1_INS2_14ColorAnimationENS1_INS2_9LifeLimitENS_6StNULLEEEEEEEEEE4EmitEiPNS_16IParticleEmitter11EmitContextEPKNSD_13MatrixContextE	Aska::ParticleEmitter<Aska::FeatureList<Aska::ParticleFeatures::Speed, Aska::FeatureList<Aska::ParticleFeatures::Motion, Aska::FeatureList<Aska::ParticleFeatures::ColorAnimation, Aska::FeatureList<Aska::ParticleFeatures::LifeLimit, Aska::StNULL> > > > >::Emit(int, Aska::IParticleEmitter::EmitContext*, Aska::IParticleEmitter::MatrixContext const*)	emitter	decompiled	
0x2392870	0x2492870	4848	_ZN4Aska15ParticleEmitterINS_11FeatureListINS_16ParticleFeatures5SpeedENS1_INS2_6MotionENS1_INS2_14ColorAnimationENS1_INS2_9LifeLimitENS_6StNULLEEEEEEEEEE10EmitMotionEPNS_15ParticleElementISB_EEPKNS_16IParticleEmitter11EmitContextEPSH_9StBooleanILb1EE	Aska::ParticleEmitter<Aska::FeatureList<Aska::ParticleFeatures::Speed, Aska::FeatureList<Aska::ParticleFeatures::Motion, Aska::FeatureList<Aska::ParticleFeatures::ColorAnimation, Aska::FeatureList<Aska::ParticleFeatures::LifeLimit, Aska::StNULL> > > > >::EmitMotion(Aska::ParticleElement<Aska::FeatureList<Aska::ParticleFeatures::Speed, Aska::FeatureList<Aska::ParticleFeatures::Motion, Aska::FeatureList<Aska::ParticleFeatures::ColorAnimation, Aska::FeatureList<Aska::ParticleFeatures::LifeLimit, Aska::StNULL> > > > >*, Aska::IParticleEmitter::EmitContext const*, Aska::IParticleEmitter::EmitContext*, StBoolean<true>)	emitter	decompiled	
0x2394134	0x2494134	944	_ZN4Aska15ParticleEmitterINS_11FeatureListINS_16ParticleFeatures5SpeedENS1_INS2_6MotionENS1_INS2_14ColorAnimationENS1_INS2_9LifeLimitENS_6StNULLEEEEEEEEEE8SimulateEf	Aska::ParticleEmitter<Aska::FeatureList<Aska::ParticleFeatures::Speed, Aska::FeatureList<Aska::ParticleFeatures::Motion, Aska::FeatureList<Aska::ParticleFeatures::ColorAnimation, Aska::FeatureList<Aska::ParticleFeatures::LifeLimit, Aska::StNULL> > > > >::Simulate(float)	simulate	native	
0x23944e4	0x24944e4	516	_ZN4Aska15ParticleEmitterINS_11FeatureListINS_16ParticleFeatures5SpeedENS1_INS2_6MotionENS1_INS2_14ColorAnimationENS1_INS2_9LifeLimitENS_6StNULLEEEEEEEEEE23EmitterAffectToParticleEPNS_6VectorEPNS_16IParticleEmitter13MatrixContextEf	Aska::ParticleEmitter<Aska::FeatureList<Aska::ParticleFeatures::Speed, Aska::FeatureList<Aska::ParticleFeatures::Motion, Aska::FeatureList<Aska::ParticleFeatures::ColorAnimation, Aska::FeatureList<Aska::ParticleFeatures::LifeLimit, Aska::StNULL> > > > >::EmitterAffectToParticle(Aska::Vector*, Aska::IParticleEmitter::MatrixContext*, float)	emitter	decompiled	
0x23946e8	0x24946e8	616	_ZN4Aska24ParticleRenderableObjectINS_11FeatureListINS_16ParticleFeatures5SpeedENS1_INS2_6MotionENS1_INS2_14ColorAnimationENS1_INS2_9LifeLimitENS_6StNULLEEEEEEEEEE15RenderProcedureEfPNS_16IParticleEmitter13MatrixContextEb	Aska::ParticleRenderableObject<Aska::FeatureList<Aska::ParticleFeatures::Speed, Aska::FeatureList<Aska::ParticleFeatures::Motion, Aska::FeatureList<Aska::ParticleFeatures::ColorAnimation, Aska::FeatureList<Aska::ParticleFeatures::LifeLimit, Aska::StNULL> > > > >::RenderProcedure(float, Aska::IParticleEmitter::MatrixContext*, bool)	emitter	decompiled	
0x2397784	0x2497784	480	_ZN4Aska15ParticleEmitterINS_11FeatureListINS_16ParticleFeatures5SpeedENS1_INS2_6MotionENS1_INS2_14ColorAnimationENS1_INS2_4LineENS_6StNULLEEEEEEEEEE8EmitLinkEiPNS_16IParticleEmitter11EmitContextE	Aska::ParticleEmitter<Aska::FeatureList<Aska::ParticleFeatures::Speed, Aska::FeatureList<Aska::ParticleFeatures::Motion, Aska::FeatureList<Aska::ParticleFeatures::ColorAnimation, Aska::FeatureList<Aska::ParticleFeatures::Line, Aska::StNULL> > > > >::EmitLink(int, Aska::IParticleEmitter::EmitContext*)	emitter	decompiled	
0x2397a94	0x2497a94	8192	_ZN4Aska15ParticleEmitterINS_11FeatureListINS_16ParticleFeatures5SpeedENS1_INS2_6MotionENS1_INS2_14ColorAnimationENS1_INS2_4LineENS_6StNULLEEEEEEEEEE4EmitEiPNS_16IParticleEmitter11EmitContextEPKNSD_13MatrixContextE	Aska::ParticleEmitter<Aska::FeatureList<Aska::ParticleFeatures::Speed, Aska::FeatureList<Aska::ParticleFeatures::Motion, Aska::FeatureList<Aska::ParticleFeatures::ColorAnimation, Aska::FeatureList<Aska::ParticleFeatures::Line, Aska::StNULL> > > > >::Emit(int, Aska::IParticleEmitter::EmitContext*, Aska::IParticleEmitter::MatrixContext const*)	emitter	decompiled	
0x2399a94	0x2499a94	4848	_ZN4Aska15ParticleEmitterINS_11FeatureListINS_16ParticleFeatures5SpeedENS1_INS2_6MotionENS1_INS2_14ColorAnimationENS1_INS2_4LineENS_6StNULLEEEEEEEEEE10EmitMotionEPNS_15ParticleElementISB_EEPKNS_16IParticleEmitter11EmitContextEPSH_9StBooleanILb1EE	Aska::ParticleEmitter<Aska::FeatureList<Aska::ParticleFeatures::Speed, Aska::FeatureList<Aska::ParticleFeatures::Motion, Aska::FeatureList<Aska::ParticleFeatures::ColorAnimation, Aska::FeatureList<Aska::ParticleFeatures::Line, Aska::StNULL> > > > >::EmitMotion(Aska::ParticleElement<Aska::FeatureList<Aska::ParticleFeatures::Speed, Aska::FeatureList<Aska::ParticleFeatures::Motion, Aska::FeatureList<Aska::ParticleFeatures::ColorAnimation, Aska::FeatureList<Aska::ParticleFeatures::Line, Aska::StNULL> > > > >*, Aska::IParticleEmitter::EmitContext const*, Aska::IParticleEmitter::EmitContext*, StBoolean<true>)	emitter	decompiled	
0x239b358	0x249b358	944	_ZN4Aska15ParticleEmitterINS_11FeatureListINS_16ParticleFeatures5SpeedENS1_INS2_6MotionENS1_INS2_14ColorAnimationENS1_INS2_4LineENS_6StNULLEEEEEEEEEE8SimulateEf	Aska::ParticleEmitter<Aska::FeatureList<Aska::ParticleFeatures::Speed, Aska::FeatureList<Aska::ParticleFeatures::Motion, Aska::FeatureList<Aska::ParticleFeatures::ColorAnimation, Aska::FeatureList<Aska::ParticleFeatures::Line, Aska::StNULL> > > > >::Simulate(float)	simulate	native	
0x239b708	0x249b708	516	_ZN4Aska15ParticleEmitterINS_11FeatureListINS_16ParticleFeatures5SpeedENS1_INS2_6MotionENS1_INS2_14ColorAnimationENS1_INS2_4LineENS_6StNULLEEEEEEEEEE23EmitterAffectToParticleEPNS_6VectorEPNS_16IParticleEmitter13MatrixContextEf	Aska::ParticleEmitter<Aska::FeatureList<Aska::ParticleFeatures::Speed, Aska::FeatureList<Aska::ParticleFeatures::Motion, Aska::FeatureList<Aska::ParticleFeatures::ColorAnimation, Aska::FeatureList<Aska::ParticleFeatures::Line, Aska::StNULL> > > > >::EmitterAffectToParticle(Aska::Vector*, Aska::IParticleEmitter::MatrixContext*, float)	emitter	decompiled	
0x239b90c	0x249b90c	616	_ZN4Aska24ParticleRenderableObjectINS_11FeatureListINS_16ParticleFeatures5SpeedENS1_INS2_6MotionENS1_INS2_14ColorAnimationENS1_INS2_4LineENS_6StNULLEEEEEEEEEE15RenderProcedureEfPNS_16IParticleEmitter13MatrixContextEb	Aska::ParticleRenderableObject<Aska::FeatureList<Aska::ParticleFeatures::Speed, Aska::FeatureList<Aska::ParticleFeatures::Motion, Aska::FeatureList<Aska::ParticleFeatures::ColorAnimation, Aska::FeatureList<Aska::ParticleFeatures::Line, Aska::StNULL> > > > >::RenderProcedure(float, Aska::IParticleEmitter::MatrixContext*, bool)	emitter	decompiled	
0x239e020	0x249e020	480	_ZN4Aska15ParticleEmitterINS_11FeatureListINS_16ParticleFeatures5SpeedENS1_INS2_6MotionENS1_INS2_14ColorAnimationENS_6StNULLEEEEEEEE8EmitLinkEiPNS_16IParticleEmitter11EmitContextE	Aska::ParticleEmitter<Aska::FeatureList<Aska::ParticleFeatures::Speed, Aska::FeatureList<Aska::ParticleFeatures::Motion, Aska::FeatureList<Aska::ParticleFeatures::ColorAnimation, Aska::StNULL> > > >::EmitLink(int, Aska::IParticleEmitter::EmitContext*)	emitter	decompiled	
0x239e330	0x249e330	7964	_ZN4Aska15ParticleEmitterINS_11FeatureListINS_16ParticleFeatures5SpeedENS1_INS2_6MotionENS1_INS2_14ColorAnimationENS_6StNULLEEEEEEEE4EmitEiPNS_16IParticleEmitter11EmitContextEPKNSB_13MatrixContextE	Aska::ParticleEmitter<Aska::FeatureList<Aska::ParticleFeatures::Speed, Aska::FeatureList<Aska::ParticleFeatures::Motion, Aska::FeatureList<Aska::ParticleFeatures::ColorAnimation, Aska::StNULL> > > >::Emit(int, Aska::IParticleEmitter::EmitContext*, Aska::IParticleEmitter::MatrixContext const*)	emitter	decompiled	
0x23a024c	0x24a024c	4848	_ZN4Aska15ParticleEmitterINS_11FeatureListINS_16ParticleFeatures5SpeedENS1_INS2_6MotionENS1_INS2_14ColorAnimationENS_6StNULLEEEEEEEE10EmitMotionEPNS_15ParticleElementIS9_EEPKNS_16IParticleEmitter11EmitContextEPSF_9StBooleanILb1EE	Aska::ParticleEmitter<Aska::FeatureList<Aska::ParticleFeatures::Speed, Aska::FeatureList<Aska::ParticleFeatures::Motion, Aska::FeatureList<Aska::ParticleFeatures::ColorAnimation, Aska::StNULL> > > >::EmitMotion(Aska::ParticleElement<Aska::FeatureList<Aska::ParticleFeatures::Speed, Aska::FeatureList<Aska::ParticleFeatures::Motion, Aska::FeatureList<Aska::ParticleFeatures::ColorAnimation, Aska::StNULL> > > >*, Aska::IParticleEmitter::EmitContext const*, Aska::IParticleEmitter::EmitContext*, StBoolean<true>)	emitter	decompiled	
0x23a1b10	0x24a1b10	944	_ZN4Aska15ParticleEmitterINS_11FeatureListINS_16ParticleFeatures5SpeedENS1_INS2_6MotionENS1_INS2_14ColorAnimationENS_6StNULLEEEEEEEE8SimulateEf	Aska::ParticleEmitter<Aska::FeatureList<Aska::ParticleFeatures::Speed, Aska::FeatureList<Aska::ParticleFeatures::Motion, Aska::FeatureList<Aska::ParticleFeatures::ColorAnimation, Aska::StNULL> > > >::Simulate(float)	simulate	native	
0x23a1ec0	0x24a1ec0	516	_ZN4Aska15ParticleEmitterINS_11FeatureListINS_16ParticleFeatures5SpeedENS1_INS2_6MotionENS1_INS2_14ColorAnimationENS_6StNULLEEEEEEEE23EmitterAffectToParticleEPNS_6VectorEPNS_16IParticleEmitter13MatrixContextEf	Aska::ParticleEmitter<Aska::FeatureList<Aska::ParticleFeatures::Speed, Aska::FeatureList<Aska::ParticleFeatures::Motion, Aska::FeatureList<Aska::ParticleFeatures::ColorAnimation, Aska::StNULL> > > >::EmitterAffectToParticle(Aska::Vector*, Aska::IParticleEmitter::MatrixContext*, float)	emitter	decompiled	
0x23a20c4	0x24a20c4	616	_ZN4Aska24ParticleRenderableObjectINS_11FeatureListINS_16ParticleFeatures5SpeedENS1_INS2_6MotionENS1_INS2_14ColorAnimationENS_6StNULLEEEEEEEE15RenderProcedureEfPNS_16IParticleEmitter13MatrixContextEb	Aska::ParticleRenderableObject<Aska::FeatureList<Aska::ParticleFeatures::Speed, Aska::FeatureList<Aska::ParticleFeatures::Motion, Aska::FeatureList<Aska::ParticleFeatures::ColorAnimation, Aska::StNULL> > > >::RenderProcedure(float, Aska::IParticleEmitter::MatrixContext*, bool)	emitter	decompiled	
0x23a34bc	0x24a34bc	476	_ZN4Aska15ParticleManager14CreateParticleINS_11FeatureListINS_16ParticleFeatures5SpeedENS2_INS3_6MotionENS2_INS3_14ColorAnimationENS2_INS3_9LifeLimitENS2_INS3_4LineENS2_INS3_8DynamicsENS2_INS_24ParticleDynamicsFeatures8DynamicsENS_6StNULLEEEEEEEEEEEEEEEEEPNS_15ParticleEmitterIT_EEPKNS_3AFF18AsfParticleEmitterE	Aska::ParticleEmitter<Aska::FeatureList<Aska::ParticleFeatures::Speed, Aska::FeatureList<Aska::ParticleFeatures::Motion, Aska::FeatureList<Aska::ParticleFeatures::ColorAnimation, Aska::FeatureList<Aska::ParticleFeatures::LifeLimit, Aska::FeatureList<Aska::ParticleFeatures::Line, Aska::FeatureList<Aska::ParticleFeatures::Dynamics, Aska::FeatureList<Aska::ParticleDynamicsFeatures::Dynamics, Aska::StNULL> > > > > > > >* Aska::ParticleManager::CreateParticle<Aska::FeatureList<Aska::ParticleFeatures::Speed, Aska::FeatureList<Aska::ParticleFeatures::Motion, Aska::FeatureList<Aska::ParticleFeatures::ColorAnimation, Aska::FeatureList<Aska::ParticleFeatures::LifeLimit, Aska::FeatureList<Aska::ParticleFeatures::Line, Aska::FeatureList<Aska::ParticleFeatures::Dynamics, Aska::FeatureList<Aska::ParticleDynamicsFeatures::Dynamics, Aska::StNULL> > > > > > > >(Aska::AFF::AsfParticleEmitter const*)	manager	decompiled	
0x23a3698	0x24a3698	444	_ZN4Aska15ParticleManager14CreateParticleINS_11FeatureListINS_16ParticleFeatures5SpeedENS2_INS3_6MotionENS2_INS3_14ColorAnimationENS2_INS3_9LifeLimitENS2_INS3_8DynamicsENS2_INS_24ParticleDynamicsFeatures8DynamicsENS_6StNULLEEEEEEEEEEEEEEEPNS_15ParticleEmitterIT_EEPKNS_3AFF18AsfParticleEmitterE	Aska::ParticleEmitter<Aska::FeatureList<Aska::ParticleFeatures::Speed, Aska::FeatureList<Aska::ParticleFeatures::Motion, Aska::FeatureList<Aska::ParticleFeatures::ColorAnimation, Aska::FeatureList<Aska::ParticleFeatures::LifeLimit, Aska::FeatureList<Aska::ParticleFeatures::Dynamics, Aska::FeatureList<Aska::ParticleDynamicsFeatures::Dynamics, Aska::StNULL> > > > > > >* Aska::ParticleManager::CreateParticle<Aska::FeatureList<Aska::ParticleFeatures::Speed, Aska::FeatureList<Aska::ParticleFeatures::Motion, Aska::FeatureList<Aska::ParticleFeatures::ColorAnimation, Aska::FeatureList<Aska::ParticleFeatures::LifeLimit, Aska::FeatureList<Aska::ParticleFeatures::Dynamics, Aska::FeatureList<Aska::ParticleDynamicsFeatures::Dynamics, Aska::StNULL> > > > > > >(Aska::AFF::AsfParticleEmitter const*)	manager	decompiled	
0x23a3854	0x24a3854	464	_ZN4Aska15ParticleManager14CreateParticleINS_11FeatureListINS_16ParticleFeatures5SpeedENS2_INS3_6MotionENS2_INS3_14ColorAnimationENS2_INS3_4LineENS2_INS3_8DynamicsENS2_INS_24ParticleDynamicsFeatures8DynamicsENS_6StNULLEEEEEEEEEEEEEEEPNS_15ParticleEmitterIT_EEPKNS_3AFF18AsfParticleEmitterE	Aska::ParticleEmitter<Aska::FeatureList<Aska::ParticleFeatures::Speed, Aska::FeatureList<Aska::ParticleFeatures::Motion, Aska::FeatureList<Aska::ParticleFeatures::ColorAnimation, Aska::FeatureList<Aska::ParticleFeatures::Line, Aska::FeatureList<Aska::ParticleFeatures::Dynamics, Aska::FeatureList<Aska::ParticleDynamicsFeatures::Dynamics, Aska::StNULL> > > > > > >* Aska::ParticleManager::CreateParticle<Aska::FeatureList<Aska::ParticleFeatures::Speed, Aska::FeatureList<Aska::ParticleFeatures::Motion, Aska::FeatureList<Aska::ParticleFeatures::ColorAnimation, Aska::FeatureList<Aska::ParticleFeatures::Line, Aska::FeatureList<Aska::ParticleFeatures::Dynamics, Aska::FeatureList<Aska::ParticleDynamicsFeatures::Dynamics, Aska::StNULL> > > > > > >(Aska::AFF::AsfParticleEmitter const*)	manager	decompiled	
0x23a3a24	0x24a3a24	432	_ZN4Aska15ParticleManager14CreateParticleINS_11FeatureListINS_16ParticleFeatures5SpeedENS2_INS3_6MotionENS2_INS3_14ColorAnimationENS2_INS3_8DynamicsENS2_INS_24ParticleDynamicsFeatures8DynamicsENS_6StNULLEEEEEEEEEEEEEPNS_15ParticleEmitterIT_EEPKNS_3AFF18AsfParticleEmitterE	Aska::ParticleEmitter<Aska::FeatureList<Aska::ParticleFeatures::Speed, Aska::FeatureList<Aska::ParticleFeatures::Motion, Aska::FeatureList<Aska::ParticleFeatures::ColorAnimation, Aska::FeatureList<Aska::ParticleFeatures::Dynamics, Aska::FeatureList<Aska::ParticleDynamicsFeatures::Dynamics, Aska::StNULL> > > > > >* Aska::ParticleManager::CreateParticle<Aska::FeatureList<Aska::ParticleFeatures::Speed, Aska::FeatureList<Aska::ParticleFeatures::Motion, Aska::FeatureList<Aska::ParticleFeatures::ColorAnimation, Aska::FeatureList<Aska::ParticleFeatures::Dynamics, Aska::FeatureList<Aska::ParticleDynamicsFeatures::Dynamics, Aska::StNULL> > > > > >(Aska::AFF::AsfParticleEmitter const*)	manager	decompiled	
0x23a4ff0	0x24a4ff0	480	_ZN4Aska15ParticleEmitterINS_11FeatureListINS_16ParticleFeatures5SpeedENS1_INS2_6MotionENS1_INS2_14ColorAnimationENS1_INS2_9LifeLimitENS1_INS2_4LineENS1_INS2_8DynamicsENS1_INS_24ParticleDynamicsFeatures8DynamicsENS_6StNULLEEEEEEEEEEEEEEEE8EmitLinkEiPNS_16IParticleEmitter11EmitContextE	Aska::ParticleEmitter<Aska::FeatureList<Aska::ParticleFeatures::Speed, Aska::FeatureList<Aska::ParticleFeatures::Motion, Aska::FeatureList<Aska::ParticleFeatures::ColorAnimation, Aska::FeatureList<Aska::ParticleFeatures::LifeLimit, Aska::FeatureList<Aska::ParticleFeatures::Line, Aska::FeatureList<Aska::ParticleFeatures::Dynamics, Aska::FeatureList<Aska::ParticleDynamicsFeatures::Dynamics, Aska::StNULL> > > > > > > >::EmitLink(int, Aska::IParticleEmitter::EmitContext*)	emitter	decompiled	
0x23a5428	0x24a5428	8200	_ZN4Aska15ParticleEmitterINS_11FeatureListINS_16ParticleFeatures5SpeedENS1_INS2_6MotionENS1_INS2_14ColorAnimationENS1_INS2_9LifeLimitENS1_INS2_4LineENS1_INS2_8DynamicsENS1_INS_24ParticleDynamicsFeatures8DynamicsENS_6StNULLEEEEEEEEEEEEEEEE4EmitEiPNS_16IParticleEmitter11EmitContextEPKNSK_13MatrixContextE	Aska::ParticleEmitter<Aska::FeatureList<Aska::ParticleFeatures::Speed, Aska::FeatureList<Aska::ParticleFeatures::Motion, Aska::FeatureList<Aska::ParticleFeatures::ColorAnimation, Aska::FeatureList<Aska::ParticleFeatures::LifeLimit, Aska::FeatureList<Aska::ParticleFeatures::Line, Aska::FeatureList<Aska::ParticleFeatures::Dynamics, Aska::FeatureList<Aska::ParticleDynamicsFeatures::Dynamics, Aska::StNULL> > > > > > > >::Emit(int, Aska::IParticleEmitter::EmitContext*, Aska::IParticleEmitter::MatrixContext const*)	emitter	decompiled	
0x23a7430	0x24a7430	4848	_ZN4Aska15ParticleEmitterINS_11FeatureListINS_16ParticleFeatures5SpeedENS1_INS2_6MotionENS1_INS2_14ColorAnimationENS1_INS2_9LifeLimitENS1_INS2_4LineENS1_INS2_8DynamicsENS1_INS_24ParticleDynamicsFeatures8DynamicsENS_6StNULLEEEEEEEEEEEEEEEE10EmitMotionEPNS_15ParticleElementISI_EEPKNS_16IParticleEmitter11EmitContextEPSO_9StBooleanILb1EE	Aska::ParticleEmitter<Aska::FeatureList<Aska::ParticleFeatures::Speed, Aska::FeatureList<Aska::ParticleFeatures::Motion, Aska::FeatureList<Aska::ParticleFeatures::ColorAnimation, Aska::FeatureList<Aska::ParticleFeatures::LifeLimit, Aska::FeatureList<Aska::ParticleFeatures::Line, Aska::FeatureList<Aska::ParticleFeatures::Dynamics, Aska::FeatureList<Aska::ParticleDynamicsFeatures::Dynamics, Aska::StNULL> > > > > > > >::EmitMotion(Aska::ParticleElement<Aska::FeatureList<Aska::ParticleFeatures::Speed, Aska::FeatureList<Aska::ParticleFeatures::Motion, Aska::FeatureList<Aska::ParticleFeatures::ColorAnimation, Aska::FeatureList<Aska::ParticleFeatures::LifeLimit, Aska::FeatureList<Aska::ParticleFeatures::Line, Aska::FeatureList<Aska::ParticleFeatures::Dynamics, Aska::FeatureList<Aska::ParticleDynamicsFeatures::Dynamics, Aska::StNULL> > > > > > > >*, Aska::IParticleEmitter::EmitContext const*, Aska::IParticleEmitter::EmitContext*, StBoolean<true>)	emitter	decompiled	
0x23a8cf4	0x24a8cf4	944	_ZN4Aska15ParticleEmitterINS_11FeatureListINS_16ParticleFeatures5SpeedENS1_INS2_6MotionENS1_INS2_14ColorAnimationENS1_INS2_9LifeLimitENS1_INS2_4LineENS1_INS2_8DynamicsENS1_INS_24ParticleDynamicsFeatures8DynamicsENS_6StNULLEEEEEEEEEEEEEEEE8SimulateEf	Aska::ParticleEmitter<Aska::FeatureList<Aska::ParticleFeatures::Speed, Aska::FeatureList<Aska::ParticleFeatures::Motion, Aska::FeatureList<Aska::ParticleFeatures::ColorAnimation, Aska::FeatureList<Aska::ParticleFeatures::LifeLimit, Aska::FeatureList<Aska::ParticleFeatures::Line, Aska::FeatureList<Aska::ParticleFeatures::Dynamics, Aska::FeatureList<Aska::ParticleDynamicsFeatures::Dynamics, Aska::StNULL> > > > > > > >::Simulate(float)	simulate	native	
0x23a90a4	0x24a90a4	516	_ZN4Aska15ParticleEmitterINS_11FeatureListINS_16ParticleFeatures5SpeedENS1_INS2_6MotionENS1_INS2_14ColorAnimationENS1_INS2_9LifeLimitENS1_INS2_4LineENS1_INS2_8DynamicsENS1_INS_24ParticleDynamicsFeatures8DynamicsENS_6StNULLEEEEEEEEEEEEEEEE23EmitterAffectToParticleEPNS_6VectorEPNS_16IParticleEmitter13MatrixContextEf	Aska::ParticleEmitter<Aska::FeatureList<Aska::ParticleFeatures::Speed, Aska::FeatureList<Aska::ParticleFeatures::Motion, Aska::FeatureList<Aska::ParticleFeatures::ColorAnimation, Aska::FeatureList<Aska::ParticleFeatures::LifeLimit, Aska::FeatureList<Aska::ParticleFeatures::Line, Aska::FeatureList<Aska::ParticleFeatures::Dynamics, Aska::FeatureList<Aska::ParticleDynamicsFeatures::Dynamics, Aska::StNULL> > > > > > > >::EmitterAffectToParticle(Aska::Vector*, Aska::IParticleEmitter::MatrixContext*, float)	emitter	decompiled	
0x23a92a8	0x24a92a8	632	_ZN4Aska24ParticleRenderableObjectINS_11FeatureListINS_16ParticleFeatures5SpeedENS1_INS2_6MotionENS1_INS2_14ColorAnimationENS1_INS2_9LifeLimitENS1_INS2_4LineENS1_INS2_8DynamicsENS1_INS_24ParticleDynamicsFeatures8DynamicsENS_6StNULLEEEEEEEEEEEEEEEE15RenderProcedureEfPNS_16IParticleEmitter13MatrixContextEb	Aska::ParticleRenderableObject<Aska::FeatureList<Aska::ParticleFeatures::Speed, Aska::FeatureList<Aska::ParticleFeatures::Motion, Aska::FeatureList<Aska::ParticleFeatures::ColorAnimation, Aska::FeatureList<Aska::ParticleFeatures::LifeLimit, Aska::FeatureList<Aska::ParticleFeatures::Line, Aska::FeatureList<Aska::ParticleFeatures::Dynamics, Aska::FeatureList<Aska::ParticleDynamicsFeatures::Dynamics, Aska::StNULL> > > > > > > >::RenderProcedure(float, Aska::IParticleEmitter::MatrixContext*, bool)	emitter	decompiled	
0x23ac19c	0x24ac19c	480	_ZN4Aska15ParticleEmitterINS_11FeatureListINS_16ParticleFeatures5SpeedENS1_INS2_6MotionENS1_INS2_14ColorAnimationENS1_INS2_9LifeLimitENS1_INS2_8DynamicsENS1_INS_24ParticleDynamicsFeatures8DynamicsENS_6StNULLEEEEEEEEEEEEEE8EmitLinkEiPNS_16IParticleEmitter11EmitContextE	Aska::ParticleEmitter<Aska::FeatureList<Aska::ParticleFeatures::Speed, Aska::FeatureList<Aska::ParticleFeatures::Motion, Aska::FeatureList<Aska::ParticleFeatures::ColorAnimation, Aska::FeatureList<Aska::ParticleFeatures::LifeLimit, Aska::FeatureList<Aska::ParticleFeatures::Dynamics, Aska::FeatureList<Aska::ParticleDynamicsFeatures::Dynamics, Aska::StNULL> > > > > > >::EmitLink(int, Aska::IParticleEmitter::EmitContext*)	emitter	decompiled	
0x23ac4c4	0x24ac4c4	7972	_ZN4Aska15ParticleEmitterINS_11FeatureListINS_16ParticleFeatures5SpeedENS1_INS2_6MotionENS1_INS2_14ColorAnimationENS1_INS2_9LifeLimitENS1_INS2_8DynamicsENS1_INS_24ParticleDynamicsFeatures8DynamicsENS_6StNULLEEEEEEEEEEEEEE4EmitEiPNS_16IParticleEmitter11EmitContextEPKNSI_13MatrixContextE	Aska::ParticleEmitter<Aska::FeatureList<Aska::ParticleFeatures::Speed, Aska::FeatureList<Aska::ParticleFeatures::Motion, Aska::FeatureList<Aska::ParticleFeatures::ColorAnimation, Aska::FeatureList<Aska::ParticleFeatures::LifeLimit, Aska::FeatureList<Aska::ParticleFeatures::Dynamics, Aska::FeatureList<Aska::ParticleDynamicsFeatures::Dynamics, Aska::StNULL> > > > > > >::Emit(int, Aska::IParticleEmitter::EmitContext*, Aska::IParticleEmitter::MatrixContext const*)	emitter	decompiled	
0x23af3e8	0x24af3e8	4848	_ZN4Aska15ParticleEmitterINS_11FeatureListINS_16ParticleFeatures5SpeedENS1_INS2_6MotionENS1_INS2_14ColorAnimationENS1_INS2_9LifeLimitENS1_INS2_8DynamicsENS1_INS_24ParticleDynamicsFeatures8DynamicsENS_6StNULLEEEEEEEEEEEEEE10EmitMotionEPNS_15ParticleElementISG_EEPKNS_16IParticleEmitter11EmitContextEPSM_9StBooleanILb1EE	Aska::ParticleEmitter<Aska::FeatureList<Aska::ParticleFeatures::Speed, Aska::FeatureList<Aska::ParticleFeatures::Motion, Aska::FeatureList<Aska::ParticleFeatures::ColorAnimation, Aska::FeatureList<Aska::ParticleFeatures::LifeLimit, Aska::FeatureList<Aska::ParticleFeatures::Dynamics, Aska::FeatureList<Aska::ParticleDynamicsFeatures::Dynamics, Aska::StNULL> > > > > > >::EmitMotion(Aska::ParticleElement<Aska::FeatureList<Aska::ParticleFeatures::Speed, Aska::FeatureList<Aska::ParticleFeatures::Motion, Aska::FeatureList<Aska::ParticleFeatures::ColorAnimation, Aska::FeatureList<Aska::ParticleFeatures::LifeLimit, Aska::FeatureList<Aska::ParticleFeatures::Dynamics, Aska::FeatureList<Aska::ParticleDynamicsFeatures::Dynamics, Aska::StNULL> > > > > > >*, Aska::IParticleEmitter::EmitContext const*, Aska::IParticleEmitter::EmitContext*, StBoolean<true>)	emitter	decompiled	
0x23b0cac	0x24b0cac	944	_ZN4Aska15ParticleEmitterINS_11FeatureListINS_16ParticleFeatures5SpeedENS1_INS2_6MotionENS1_INS2_14ColorAnimationENS1_INS2_9LifeLimitENS1_INS2_8DynamicsENS1_INS_24ParticleDynamicsFeatures8DynamicsENS_6StNULLEEEEEEEEEEEEEE8SimulateEf	Aska::ParticleEmitter<Aska::FeatureList<Aska::ParticleFeatures::Speed, Aska::FeatureList<Aska::ParticleFeatures::Motion, Aska::FeatureList<Aska::ParticleFeatures::ColorAnimation, Aska::FeatureList<Aska::ParticleFeatures::LifeLimit, Aska::FeatureList<Aska::ParticleFeatures::Dynamics, Aska::FeatureList<Aska::ParticleDynamicsFeatures::Dynamics, Aska::StNULL> > > > > > >::Simulate(float)	simulate	native	
0x23b105c	0x24b105c	516	_ZN4Aska15ParticleEmitterINS_11FeatureListINS_16ParticleFeatures5SpeedENS1_INS2_6MotionENS1_INS2_14ColorAnimationENS1_INS2_9LifeLimitENS1_INS2_8DynamicsENS1_INS_24ParticleDynamicsFeatures8DynamicsENS_6StNULLEEEEEEEEEEEEEE23EmitterAffectToParticleEPNS_6VectorEPNS_16IParticleEmitter13MatrixContextEf	Aska::ParticleEmitter<Aska::FeatureList<Aska::ParticleFeatures::Speed, Aska::FeatureList<Aska::ParticleFeatures::Motion, Aska::FeatureList<Aska::ParticleFeatures::ColorAnimation, Aska::FeatureList<Aska::ParticleFeatures::LifeLimit, Aska::FeatureList<Aska::ParticleFeatures::Dynamics, Aska::FeatureList<Aska::ParticleDynamicsFeatures::Dynamics, Aska::StNULL> > > > > > >::EmitterAffectToParticle(Aska::Vector*, Aska::IParticleEmitter::MatrixContext*, float)	emitter	decompiled	
0x23b1260	0x24b1260	632	_ZN4Aska24ParticleRenderableObjectINS_11FeatureListINS_16ParticleFeatures5SpeedENS1_INS2_6MotionENS1_INS2_14ColorAnimationENS1_INS2_9LifeLimitENS1_INS2_8DynamicsENS1_INS_24ParticleDynamicsFeatures8DynamicsENS_6StNULLEEEEEEEEEEEEEE15RenderProcedureEfPNS_16IParticleEmitter13MatrixContextEb	Aska::ParticleRenderableObject<Aska::FeatureList<Aska::ParticleFeatures::Speed, Aska::FeatureList<Aska::ParticleFeatures::Motion, Aska::FeatureList<Aska::ParticleFeatures::ColorAnimation, Aska::FeatureList<Aska::ParticleFeatures::LifeLimit, Aska::FeatureList<Aska::ParticleFeatures::Dynamics, Aska::FeatureList<Aska::ParticleDynamicsFeatures::Dynamics, Aska::StNULL> > > > > > >::RenderProcedure(float, Aska::IParticleEmitter::MatrixContext*, bool)	emitter	decompiled	
0x23b41c4	0x24b41c4	480	_ZN4Aska15ParticleEmitterINS_11FeatureListINS_16ParticleFeatures5SpeedENS1_INS2_6MotionENS1_INS2_14ColorAnimationENS1_INS2_4LineENS1_INS2_8DynamicsENS1_INS_24ParticleDynamicsFeatures8DynamicsENS_6StNULLEEEEEEEEEEEEEE8EmitLinkEiPNS_16IParticleEmitter11EmitContextE	Aska::ParticleEmitter<Aska::FeatureList<Aska::ParticleFeatures::Speed, Aska::FeatureList<Aska::ParticleFeatures::Motion, Aska::FeatureList<Aska::ParticleFeatures::ColorAnimation, Aska::FeatureList<Aska::ParticleFeatures::Line, Aska::FeatureList<Aska::ParticleFeatures::Dynamics, Aska::FeatureList<Aska::ParticleDynamicsFeatures::Dynamics, Aska::StNULL> > > > > > >::EmitLink(int, Aska::IParticleEmitter::EmitContext*)	emitter	decompiled	
0x23b44ec	0x24b44ec	8192	_ZN4Aska15ParticleEmitterINS_11FeatureListINS_16ParticleFeatures5SpeedENS1_INS2_6MotionENS1_INS2_14ColorAnimationENS1_INS2_4LineENS1_INS2_8DynamicsENS1_INS_24ParticleDynamicsFeatures8DynamicsENS_6StNULLEEEEEEEEEEEEEE4EmitEiPNS_16IParticleEmitter11EmitContextEPKNSI_13MatrixContextE	Aska::ParticleEmitter<Aska::FeatureList<Aska::ParticleFeatures::Speed, Aska::FeatureList<Aska::ParticleFeatures::Motion, Aska::FeatureList<Aska::ParticleFeatures::ColorAnimation, Aska::FeatureList<Aska::ParticleFeatures::Line, Aska::FeatureList<Aska::ParticleFeatures::Dynamics, Aska::FeatureList<Aska::ParticleDynamicsFeatures::Dynamics, Aska::StNULL> > > > > > >::Emit(int, Aska::IParticleEmitter::EmitContext*, Aska::IParticleEmitter::MatrixContext const*)	emitter	decompiled	
0x23b64ec	0x24b64ec	4848	_ZN4Aska15ParticleEmitterINS_11FeatureListINS_16ParticleFeatures5SpeedENS1_INS2_6MotionENS1_INS2_14ColorAnimationENS1_INS2_4LineENS1_INS2_8DynamicsENS1_INS_24ParticleDynamicsFeatures8DynamicsENS_6StNULLEEEEEEEEEEEEEE10EmitMotionEPNS_15ParticleElementISG_EEPKNS_16IParticleEmitter11EmitContextEPSM_9StBooleanILb1EE	Aska::ParticleEmitter<Aska::FeatureList<Aska::ParticleFeatures::Speed, Aska::FeatureList<Aska::ParticleFeatures::Motion, Aska::FeatureList<Aska::ParticleFeatures::ColorAnimation, Aska::FeatureList<Aska::ParticleFeatures::Line, Aska::FeatureList<Aska::ParticleFeatures::Dynamics, Aska::FeatureList<Aska::ParticleDynamicsFeatures::Dynamics, Aska::StNULL> > > > > > >::EmitMotion(Aska::ParticleElement<Aska::FeatureList<Aska::ParticleFeatures::Speed, Aska::FeatureList<Aska::ParticleFeatures::Motion, Aska::FeatureList<Aska::ParticleFeatures::ColorAnimation, Aska::FeatureList<Aska::ParticleFeatures::Line, Aska::FeatureList<Aska::ParticleFeatures::Dynamics, Aska::FeatureList<Aska::ParticleDynamicsFeatures::Dynamics, Aska::StNULL> > > > > > >*, Aska::IParticleEmitter::EmitContext const*, Aska::IParticleEmitter::EmitContext*, StBoolean<true>)	emitter	decompiled	
0x23b7db0	0x24b7db0	944	_ZN4Aska15ParticleEmitterINS_11FeatureListINS_16ParticleFeatures5SpeedENS1_INS2_6MotionENS1_INS2_14ColorAnimationENS1_INS2_4LineENS1_INS2_8DynamicsENS1_INS_24ParticleDynamicsFeatures8DynamicsENS_6StNULLEEEEEEEEEEEEEE8SimulateEf	Aska::ParticleEmitter<Aska::FeatureList<Aska::ParticleFeatures::Speed, Aska::FeatureList<Aska::ParticleFeatures::Motion, Aska::FeatureList<Aska::ParticleFeatures::ColorAnimation, Aska::FeatureList<Aska::ParticleFeatures::Line, Aska::FeatureList<Aska::ParticleFeatures::Dynamics, Aska::FeatureList<Aska::ParticleDynamicsFeatures::Dynamics, Aska::StNULL> > > > > > >::Simulate(float)	simulate	native	
0x23b8160	0x24b8160	516	_ZN4Aska15ParticleEmitterINS_11FeatureListINS_16ParticleFeatures5SpeedENS1_INS2_6MotionENS1_INS2_14ColorAnimationENS1_INS2_4LineENS1_INS2_8DynamicsENS1_INS_24ParticleDynamicsFeatures8DynamicsENS_6StNULLEEEEEEEEEEEEEE23EmitterAffectToParticleEPNS_6VectorEPNS_16IParticleEmitter13MatrixContextEf	Aska::ParticleEmitter<Aska::FeatureList<Aska::ParticleFeatures::Speed, Aska::FeatureList<Aska::ParticleFeatures::Motion, Aska::FeatureList<Aska::ParticleFeatures::ColorAnimation, Aska::FeatureList<Aska::ParticleFeatures::Line, Aska::FeatureList<Aska::ParticleFeatures::Dynamics, Aska::FeatureList<Aska::ParticleDynamicsFeatures::Dynamics, Aska::StNULL> > > > > > >::EmitterAffectToParticle(Aska::Vector*, Aska::IParticleEmitter::MatrixContext*, float)	emitter	decompiled	
0x23b8364	0x24b8364	632	_ZN4Aska24ParticleRenderableObjectINS_11FeatureListINS_16ParticleFeatures5SpeedENS1_INS2_6MotionENS1_INS2_14ColorAnimationENS1_INS2_4LineENS1_INS2_8DynamicsENS1_INS_24ParticleDynamicsFeatures8DynamicsENS_6StNULLEEEEEEEEEEEEEE15RenderProcedureEfPNS_16IParticleEmitter13MatrixContextEb	Aska::ParticleRenderableObject<Aska::FeatureList<Aska::ParticleFeatures::Speed, Aska::FeatureList<Aska::ParticleFeatures::Motion, Aska::FeatureList<Aska::ParticleFeatures::ColorAnimation, Aska::FeatureList<Aska::ParticleFeatures::Line, Aska::FeatureList<Aska::ParticleFeatures::Dynamics, Aska::FeatureList<Aska::ParticleDynamicsFeatures::Dynamics, Aska::StNULL> > > > > > >::RenderProcedure(float, Aska::IParticleEmitter::MatrixContext*, bool)	emitter	decompiled	
0x23ba944	0x24ba944	480	_ZN4Aska15ParticleEmitterINS_11FeatureListINS_16ParticleFeatures5SpeedENS1_INS2_6MotionENS1_INS2_14ColorAnimationENS1_INS2_8DynamicsENS1_INS_24ParticleDynamicsFeatures8DynamicsENS_6StNULLEEEEEEEEEEEE8EmitLinkEiPNS_16IParticleEmitter11EmitContextE	Aska::ParticleEmitter<Aska::FeatureList<Aska::ParticleFeatures::Speed, Aska::FeatureList<Aska::ParticleFeatures::Motion, Aska::FeatureList<Aska::ParticleFeatures::ColorAnimation, Aska::FeatureList<Aska::ParticleFeatures::Dynamics, Aska::FeatureList<Aska::ParticleDynamicsFeatures::Dynamics, Aska::StNULL> > > > > >::EmitLink(int, Aska::IParticleEmitter::EmitContext*)	emitter	decompiled	
0x23bac6c	0x24bac6c	7964	_ZN4Aska15ParticleEmitterINS_11FeatureListINS_16ParticleFeatures5SpeedENS1_INS2_6MotionENS1_INS2_14ColorAnimationENS1_INS2_8DynamicsENS1_INS_24ParticleDynamicsFeatures8DynamicsENS_6StNULLEEEEEEEEEEEE4EmitEiPNS_16IParticleEmitter11EmitContextEPKNSG_13MatrixContextE	Aska::ParticleEmitter<Aska::FeatureList<Aska::ParticleFeatures::Speed, Aska::FeatureList<Aska::ParticleFeatures::Motion, Aska::FeatureList<Aska::ParticleFeatures::ColorAnimation, Aska::FeatureList<Aska::ParticleFeatures::Dynamics, Aska::FeatureList<Aska::ParticleDynamicsFeatures::Dynamics, Aska::StNULL> > > > > >::Emit(int, Aska::IParticleEmitter::EmitContext*, Aska::IParticleEmitter::MatrixContext const*)	emitter	decompiled	
0x23bcb88	0x24bcb88	4848	_ZN4Aska15ParticleEmitterINS_11FeatureListINS_16ParticleFeatures5SpeedENS1_INS2_6MotionENS1_INS2_14ColorAnimationENS1_INS2_8DynamicsENS1_INS_24ParticleDynamicsFeatures8DynamicsENS_6StNULLEEEEEEEEEEEE10EmitMotionEPNS_15ParticleElementISE_EEPKNS_16IParticleEmitter11EmitContextEPSK_9StBooleanILb1EE	Aska::ParticleEmitter<Aska::FeatureList<Aska::ParticleFeatures::Speed, Aska::FeatureList<Aska::ParticleFeatures::Motion, Aska::FeatureList<Aska::ParticleFeatures::ColorAnimation, Aska::FeatureList<Aska::ParticleFeatures::Dynamics, Aska::FeatureList<Aska::ParticleDynamicsFeatures::Dynamics, Aska::StNULL> > > > > >::EmitMotion(Aska::ParticleElement<Aska::FeatureList<Aska::ParticleFeatures::Speed, Aska::FeatureList<Aska::ParticleFeatures::Motion, Aska::FeatureList<Aska::ParticleFeatures::ColorAnimation, Aska::FeatureList<Aska::ParticleFeatures::Dynamics, Aska::FeatureList<Aska::ParticleDynamicsFeatures::Dynamics, Aska::StNULL> > > > > >*, Aska::IParticleEmitter::EmitContext const*, Aska::IParticleEmitter::EmitContext*, StBoolean<true>)	emitter	decompiled	
0x23be44c	0x24be44c	944	_ZN4Aska15ParticleEmitterINS_11FeatureListINS_16ParticleFeatures5SpeedENS1_INS2_6MotionENS1_INS2_14ColorAnimationENS1_INS2_8DynamicsENS1_INS_24ParticleDynamicsFeatures8DynamicsENS_6StNULLEEEEEEEEEEEE8SimulateEf	Aska::ParticleEmitter<Aska::FeatureList<Aska::ParticleFeatures::Speed, Aska::FeatureList<Aska::ParticleFeatures::Motion, Aska::FeatureList<Aska::ParticleFeatures::ColorAnimation, Aska::FeatureList<Aska::ParticleFeatures::Dynamics, Aska::FeatureList<Aska::ParticleDynamicsFeatures::Dynamics, Aska::StNULL> > > > > >::Simulate(float)	simulate	native	
0x23be7fc	0x24be7fc	516	_ZN4Aska15ParticleEmitterINS_11FeatureListINS_16ParticleFeatures5SpeedENS1_INS2_6MotionENS1_INS2_14ColorAnimationENS1_INS2_8DynamicsENS1_INS_24ParticleDynamicsFeatures8DynamicsENS_6StNULLEEEEEEEEEEEE23EmitterAffectToParticleEPNS_6VectorEPNS_16IParticleEmitter13MatrixContextEf	Aska::ParticleEmitter<Aska::FeatureList<Aska::ParticleFeatures::Speed, Aska::FeatureList<Aska::ParticleFeatures::Motion, Aska::FeatureList<Aska::ParticleFeatures::ColorAnimation, Aska::FeatureList<Aska::ParticleFeatures::Dynamics, Aska::FeatureList<Aska::ParticleDynamicsFeatures::Dynamics, Aska::StNULL> > > > > >::EmitterAffectToParticle(Aska::Vector*, Aska::IParticleEmitter::MatrixContext*, float)	emitter	decompiled	
0x23bea00	0x24bea00	632	_ZN4Aska24ParticleRenderableObjectINS_11FeatureListINS_16ParticleFeatures5SpeedENS1_INS2_6MotionENS1_INS2_14ColorAnimationENS1_INS2_8DynamicsENS1_INS_24ParticleDynamicsFeatures8DynamicsENS_6StNULLEEEEEEEEEEEE15RenderProcedureEfPNS_16IParticleEmitter13MatrixContextEb	Aska::ParticleRenderableObject<Aska::FeatureList<Aska::ParticleFeatures::Speed, Aska::FeatureList<Aska::ParticleFeatures::Motion, Aska::FeatureList<Aska::ParticleFeatures::ColorAnimation, Aska::FeatureList<Aska::ParticleFeatures::Dynamics, Aska::FeatureList<Aska::ParticleDynamicsFeatures::Dynamics, Aska::StNULL> > > > > >::RenderProcedure(float, Aska::IParticleEmitter::MatrixContext*, bool)	emitter	decompiled	
0x23bfca0	0x24bfca0	468	_ZN4Aska15ParticleManager14CreateParticleINS_11FeatureListINS_16ParticleFeatures5SpeedENS2_INS3_6MotionENS2_INS3_14ColorAnimationENS2_INS3_7TextureENS2_INS3_9LifeLimitENS2_INS3_4LineENS_6StNULLEEEEEEEEEEEEEEEPNS_15ParticleEmitterIT_EEPKNS_3AFF18AsfParticleEmitterE	Aska::ParticleEmitter<Aska::FeatureList<Aska::ParticleFeatures::Speed, Aska::FeatureList<Aska::ParticleFeatures::Motion, Aska::FeatureList<Aska::ParticleFeatures::ColorAnimation, Aska::FeatureList<Aska::ParticleFeatures::Texture, Aska::FeatureList<Aska::ParticleFeatures::LifeLimit, Aska::FeatureList<Aska::ParticleFeatures::Line, Aska::StNULL> > > > > > >* Aska::ParticleManager::CreateParticle<Aska::FeatureList<Aska::ParticleFeatures::Speed, Aska::FeatureList<Aska::ParticleFeatures::Motion, Aska::FeatureList<Aska::ParticleFeatures::ColorAnimation, Aska::FeatureList<Aska::ParticleFeatures::Texture, Aska::FeatureList<Aska::ParticleFeatures::LifeLimit, Aska::FeatureList<Aska::ParticleFeatures::Line, Aska::StNULL> > > > > > >(Aska::AFF::AsfParticleEmitter const*)	manager	decompiled	
0x23bfe74	0x24bfe74	436	_ZN4Aska15ParticleManager14CreateParticleINS_11FeatureListINS_16ParticleFeatures5SpeedENS2_INS3_6MotionENS2_INS3_14ColorAnimationENS2_INS3_7TextureENS2_INS3_9LifeLimitENS_6StNULLEEEEEEEEEEEEEPNS_15ParticleEmitterIT_EEPKNS_3AFF18AsfParticleEmitterE	Aska::ParticleEmitter<Aska::FeatureList<Aska::ParticleFeatures::Speed, Aska::FeatureList<Aska::ParticleFeatures::Motion, Aska::FeatureList<Aska::ParticleFeatures::ColorAnimation, Aska::FeatureList<Aska::ParticleFeatures::Texture, Aska::FeatureList<Aska::ParticleFeatures::LifeLimit, Aska::StNULL> > > > > >* Aska::ParticleManager::CreateParticle<Aska::FeatureList<Aska::ParticleFeatures::Speed, Aska::FeatureList<Aska::ParticleFeatures::Motion, Aska::FeatureList<Aska::ParticleFeatures::ColorAnimation, Aska::FeatureList<Aska::ParticleFeatures::Texture, Aska::FeatureList<Aska::ParticleFeatures::LifeLimit, Aska::StNULL> > > > > >(Aska::AFF::AsfParticleEmitter const*)	manager	decompiled	
0x23c0028	0x24c0028	456	_ZN4Aska15ParticleManager14CreateParticleINS_11FeatureListINS_16ParticleFeatures5SpeedENS2_INS3_6MotionENS2_INS3_14ColorAnimationENS2_INS3_7TextureENS2_INS3_4LineENS_6StNULLEEEEEEEEEEEEEPNS_15ParticleEmitterIT_EEPKNS_3AFF18AsfParticleEmitterE	Aska::ParticleEmitter<Aska::FeatureList<Aska::ParticleFeatures::Speed, Aska::FeatureList<Aska::ParticleFeatures::Motion, Aska::FeatureList<Aska::ParticleFeatures::ColorAnimation, Aska::FeatureList<Aska::ParticleFeatures::Texture, Aska::FeatureList<Aska::ParticleFeatures::Line, Aska::StNULL> > > > > >* Aska::ParticleManager::CreateParticle<Aska::FeatureList<Aska::ParticleFeatures::Speed, Aska::FeatureList<Aska::ParticleFeatures::Motion, Aska::FeatureList<Aska::ParticleFeatures::ColorAnimation, Aska::FeatureList<Aska::ParticleFeatures::Texture, Aska::FeatureList<Aska::ParticleFeatures::Line, Aska::StNULL> > > > > >(Aska::AFF::AsfParticleEmitter const*)	manager	decompiled	
0x23c01f0	0x24c01f0	424	_ZN4Aska15ParticleManager14CreateParticleINS_11FeatureListINS_16ParticleFeatures5SpeedENS2_INS3_6MotionENS2_INS3_14ColorAnimationENS2_INS3_7TextureENS_6StNULLEEEEEEEEEEEPNS_15ParticleEmitterIT_EEPKNS_3AFF18AsfParticleEmitterE	Aska::ParticleEmitter<Aska::FeatureList<Aska::ParticleFeatures::Speed, Aska::FeatureList<Aska::ParticleFeatures::Motion, Aska::FeatureList<Aska::ParticleFeatures::ColorAnimation, Aska::FeatureList<Aska::ParticleFeatures::Texture, Aska::StNULL> > > > >* Aska::ParticleManager::CreateParticle<Aska::FeatureList<Aska::ParticleFeatures::Speed, Aska::FeatureList<Aska::ParticleFeatures::Motion, Aska::FeatureList<Aska::ParticleFeatures::ColorAnimation, Aska::FeatureList<Aska::ParticleFeatures::Texture, Aska::StNULL> > > > >(Aska::AFF::AsfParticleEmitter const*)	manager	decompiled	
0x23c17c0	0x24c17c0	480	_ZN4Aska15ParticleEmitterINS_11FeatureListINS_16ParticleFeatures5SpeedENS1_INS2_6MotionENS1_INS2_14ColorAnimationENS1_INS2_7TextureENS1_INS2_9LifeLimitENS1_INS2_4LineENS_6StNULLEEEEEEEEEEEEEE8EmitLinkEiPNS_16IParticleEmitter11EmitContextE	Aska::ParticleEmitter<Aska::FeatureList<Aska::ParticleFeatures::Speed, Aska::FeatureList<Aska::ParticleFeatures::Motion, Aska::FeatureList<Aska::ParticleFeatures::ColorAnimation, Aska::FeatureList<Aska::ParticleFeatures::Texture, Aska::FeatureList<Aska::ParticleFeatures::LifeLimit, Aska::FeatureList<Aska::ParticleFeatures::Line, Aska::StNULL> > > > > > >::EmitLink(int, Aska::IParticleEmitter::EmitContext*)	emitter	decompiled	
0x23c1c10	0x24c1c10	7884	_ZN4Aska15ParticleEmitterINS_11FeatureListINS_16ParticleFeatures5SpeedENS1_INS2_6MotionENS1_INS2_14ColorAnimationENS1_INS2_7TextureENS1_INS2_9LifeLimitENS1_INS2_4LineENS_6StNULLEEEEEEEEEEEEEE4EmitEiPNS_16IParticleEmitter11EmitContextEPKNSH_13MatrixContextE	Aska::ParticleEmitter<Aska::FeatureList<Aska::ParticleFeatures::Speed, Aska::FeatureList<Aska::ParticleFeatures::Motion, Aska::FeatureList<Aska::ParticleFeatures::ColorAnimation, Aska::FeatureList<Aska::ParticleFeatures::Texture, Aska::FeatureList<Aska::ParticleFeatures::LifeLimit, Aska::FeatureList<Aska::ParticleFeatures::Line, Aska::StNULL> > > > > > >::Emit(int, Aska::IParticleEmitter::EmitContext*, Aska::IParticleEmitter::MatrixContext const*)	emitter	decompiled	
0x23c3adc	0x24c3adc	4848	_ZN4Aska15ParticleEmitterINS_11FeatureListINS_16ParticleFeatures5SpeedENS1_INS2_6MotionENS1_INS2_14ColorAnimationENS1_INS2_7TextureENS1_INS2_9LifeLimitENS1_INS2_4LineENS_6StNULLEEEEEEEEEEEEEE10EmitMotionEPNS_15ParticleElementISF_EEPKNS_16IParticleEmitter11EmitContextEPSL_9StBooleanILb1EE	Aska::ParticleEmitter<Aska::FeatureList<Aska::ParticleFeatures::Speed, Aska::FeatureList<Aska::ParticleFeatures::Motion, Aska::FeatureList<Aska::ParticleFeatures::ColorAnimation, Aska::FeatureList<Aska::ParticleFeatures::Texture, Aska::FeatureList<Aska::ParticleFeatures::LifeLimit, Aska::FeatureList<Aska::ParticleFeatures::Line, Aska::StNULL> > > > > > >::EmitMotion(Aska::ParticleElement<Aska::FeatureList<Aska::ParticleFeatures::Speed, Aska::FeatureList<Aska::ParticleFeatures::Motion, Aska::FeatureList<Aska::ParticleFeatures::ColorAnimation, Aska::FeatureList<Aska::ParticleFeatures::Texture, Aska::FeatureList<Aska::ParticleFeatures::LifeLimit, Aska::FeatureList<Aska::ParticleFeatures::Line, Aska::StNULL> > > > > > >*, Aska::IParticleEmitter::EmitContext const*, Aska::IParticleEmitter::EmitContext*, StBoolean<true>)	emitter	decompiled	
0x23c5b18	0x24c5b18	1020	_ZN4Aska15ParticleEmitterINS_11FeatureListINS_16ParticleFeatures5SpeedENS1_INS2_6MotionENS1_INS2_14ColorAnimationENS1_INS2_7TextureENS1_INS2_9LifeLimitENS1_INS2_4LineENS_6StNULLEEEEEEEEEEEEEE8SimulateEf	Aska::ParticleEmitter<Aska::FeatureList<Aska::ParticleFeatures::Speed, Aska::FeatureList<Aska::ParticleFeatures::Motion, Aska::FeatureList<Aska::ParticleFeatures::ColorAnimation, Aska::FeatureList<Aska::ParticleFeatures::Texture, Aska::FeatureList<Aska::ParticleFeatures::LifeLimit, Aska::FeatureList<Aska::ParticleFeatures::Line, Aska::StNULL> > > > > > >::Simulate(float)	simulate	tested	
0x23c5f14	0x24c5f14	516	_ZN4Aska15ParticleEmitterINS_11FeatureListINS_16ParticleFeatures5SpeedENS1_INS2_6MotionENS1_INS2_14ColorAnimationENS1_INS2_7TextureENS1_INS2_9LifeLimitENS1_INS2_4LineENS_6StNULLEEEEEEEEEEEEEE23EmitterAffectToParticleEPNS_6VectorEPNS_16IParticleEmitter13MatrixContextEf	Aska::ParticleEmitter<Aska::FeatureList<Aska::ParticleFeatures::Speed, Aska::FeatureList<Aska::ParticleFeatures::Motion, Aska::FeatureList<Aska::ParticleFeatures::ColorAnimation, Aska::FeatureList<Aska::ParticleFeatures::Texture, Aska::FeatureList<Aska::ParticleFeatures::LifeLimit, Aska::FeatureList<Aska::ParticleFeatures::Line, Aska::StNULL> > > > > > >::EmitterAffectToParticle(Aska::Vector*, Aska::IParticleEmitter::MatrixContext*, float)	emitter	decompiled	
0x23c6118	0x24c6118	616	_ZN4Aska24ParticleRenderableObjectINS_11FeatureListINS_16ParticleFeatures5SpeedENS1_INS2_6MotionENS1_INS2_14ColorAnimationENS1_INS2_7TextureENS1_INS2_9LifeLimitENS1_INS2_4LineENS_6StNULLEEEEEEEEEEEEEE15RenderProcedureEfPNS_16IParticleEmitter13MatrixContextEb	Aska::ParticleRenderableObject<Aska::FeatureList<Aska::ParticleFeatures::Speed, Aska::FeatureList<Aska::ParticleFeatures::Motion, Aska::FeatureList<Aska::ParticleFeatures::ColorAnimation, Aska::FeatureList<Aska::ParticleFeatures::Texture, Aska::FeatureList<Aska::ParticleFeatures::LifeLimit, Aska::FeatureList<Aska::ParticleFeatures::Line, Aska::StNULL> > > > > > >::RenderProcedure(float, Aska::IParticleEmitter::MatrixContext*, bool)	emitter	decompiled	
0x23c9bbc	0x24c9bbc	480	_ZN4Aska15ParticleEmitterINS_11FeatureListINS_16ParticleFeatures5SpeedENS1_INS2_6MotionENS1_INS2_14ColorAnimationENS1_INS2_7TextureENS1_INS2_9LifeLimitENS_6StNULLEEEEEEEEEEEE8EmitLinkEiPNS_16IParticleEmitter11EmitContextE	Aska::ParticleEmitter<Aska::FeatureList<Aska::ParticleFeatures::Speed, Aska::FeatureList<Aska::ParticleFeatures::Motion, Aska::FeatureList<Aska::ParticleFeatures::ColorAnimation, Aska::FeatureList<Aska::ParticleFeatures::Texture, Aska::FeatureList<Aska::ParticleFeatures::LifeLimit, Aska::StNULL> > > > > >::EmitLink(int, Aska::IParticleEmitter::EmitContext*)	emitter	decompiled	
0x23c9ecc	0x24c9ecc	8380	_ZN4Aska15ParticleEmitterINS_11FeatureListINS_16ParticleFeatures5SpeedENS1_INS2_6MotionENS1_INS2_14ColorAnimationENS1_INS2_7TextureENS1_INS2_9LifeLimitENS_6StNULLEEEEEEEEEEEE4EmitEiPNS_16IParticleEmitter11EmitContextEPKNSF_13MatrixContextE	Aska::ParticleEmitter<Aska::FeatureList<Aska::ParticleFeatures::Speed, Aska::FeatureList<Aska::ParticleFeatures::Motion, Aska::FeatureList<Aska::ParticleFeatures::ColorAnimation, Aska::FeatureList<Aska::ParticleFeatures::Texture, Aska::FeatureList<Aska::ParticleFeatures::LifeLimit, Aska::StNULL> > > > > >::Emit(int, Aska::IParticleEmitter::EmitContext*, Aska::IParticleEmitter::MatrixContext const*)	emitter_hot	decompiled	
0x23cbf88	0x24cbf88	4848	_ZN4Aska15ParticleEmitterINS_11FeatureListINS_16ParticleFeatures5SpeedENS1_INS2_6MotionENS1_INS2_14ColorAnimationENS1_INS2_7TextureENS1_INS2_9LifeLimitENS_6StNULLEEEEEEEEEEEE10EmitMotionEPNS_15ParticleElementISD_EEPKNS_16IParticleEmitter11EmitContextEPSJ_9StBooleanILb1EE	Aska::ParticleEmitter<Aska::FeatureList<Aska::ParticleFeatures::Speed, Aska::FeatureList<Aska::ParticleFeatures::Motion, Aska::FeatureList<Aska::ParticleFeatures::ColorAnimation, Aska::FeatureList<Aska::ParticleFeatures::Texture, Aska::FeatureList<Aska::ParticleFeatures::LifeLimit, Aska::StNULL> > > > > >::EmitMotion(Aska::ParticleElement<Aska::FeatureList<Aska::ParticleFeatures::Speed, Aska::FeatureList<Aska::ParticleFeatures::Motion, Aska::FeatureList<Aska::ParticleFeatures::ColorAnimation, Aska::FeatureList<Aska::ParticleFeatures::Texture, Aska::FeatureList<Aska::ParticleFeatures::LifeLimit, Aska::StNULL> > > > > >*, Aska::IParticleEmitter::EmitContext const*, Aska::IParticleEmitter::EmitContext*, StBoolean<true>)	emitter	decompiled	
0x23cde9c	0x24cde9c	1020	_ZN4Aska15ParticleEmitterINS_11FeatureListINS_16ParticleFeatures5SpeedENS1_INS2_6MotionENS1_INS2_14ColorAnimationENS1_INS2_7TextureENS1_INS2_9LifeLimitENS_6StNULLEEEEEEEEEEEE8SimulateEf	Aska::ParticleEmitter<Aska::FeatureList<Aska::ParticleFeatures::Speed, Aska::FeatureList<Aska::ParticleFeatures::Motion, Aska::FeatureList<Aska::ParticleFeatures::ColorAnimation, Aska::FeatureList<Aska::ParticleFeatures::Texture, Aska::FeatureList<Aska::ParticleFeatures::LifeLimit, Aska::StNULL> > > > > >::Simulate(float)	simulate	tested	
0x23ce298	0x24ce298	516	_ZN4Aska15ParticleEmitterINS_11FeatureListINS_16ParticleFeatures5SpeedENS1_INS2_6MotionENS1_INS2_14ColorAnimationENS1_INS2_7TextureENS1_INS2_9LifeLimitENS_6StNULLEEEEEEEEEEEE23EmitterAffectToParticleEPNS_6VectorEPNS_16IParticleEmitter13MatrixContextEf	Aska::ParticleEmitter<Aska::FeatureList<Aska::ParticleFeatures::Speed, Aska::FeatureList<Aska::ParticleFeatures::Motion, Aska::FeatureList<Aska::ParticleFeatures::ColorAnimation, Aska::FeatureList<Aska::ParticleFeatures::Texture, Aska::FeatureList<Aska::ParticleFeatures::LifeLimit, Aska::StNULL> > > > > >::EmitterAffectToParticle(Aska::Vector*, Aska::IParticleEmitter::MatrixContext*, float)	emitter	decompiled	
0x23ce49c	0x24ce49c	616	_ZN4Aska24ParticleRenderableObjectINS_11FeatureListINS_16ParticleFeatures5SpeedENS1_INS2_6MotionENS1_INS2_14ColorAnimationENS1_INS2_7TextureENS1_INS2_9LifeLimitENS_6StNULLEEEEEEEEEEEE15RenderProcedureEfPNS_16IParticleEmitter13MatrixContextEb	Aska::ParticleRenderableObject<Aska::FeatureList<Aska::ParticleFeatures::Speed, Aska::FeatureList<Aska::ParticleFeatures::Motion, Aska::FeatureList<Aska::ParticleFeatures::ColorAnimation, Aska::FeatureList<Aska::ParticleFeatures::Texture, Aska::FeatureList<Aska::ParticleFeatures::LifeLimit, Aska::StNULL> > > > > >::RenderProcedure(float, Aska::IParticleEmitter::MatrixContext*, bool)	emitter_hot	decompiled	
0x23ce704	0x24ce704	2520	_ZN4Aska14ParticleObjectINS_11FeatureListINS_16ParticleFeatures5SpeedENS1_INS2_6MotionENS1_INS2_14ColorAnimationENS1_INS2_7TextureENS1_INS2_9LifeLimitENS_6StNULLEEEEEEEEEEENS_18DefaultFunctorListEE9ProcedureEfPiiPNS_15ParticleContextE	Aska::ParticleObject<Aska::FeatureList<Aska::ParticleFeatures::Speed, Aska::FeatureList<Aska::ParticleFeatures::Motion, Aska::FeatureList<Aska::ParticleFeatures::ColorAnimation, Aska::FeatureList<Aska::ParticleFeatures::Texture, Aska::FeatureList<Aska::ParticleFeatures::LifeLimit, Aska::StNULL> > > > >, Aska::DefaultFunctorList>::Procedure(float, int*, int, Aska::ParticleContext*)	emitter_hot	decompiled	
0x23d1fa0	0x24d1fa0	480	_ZN4Aska15ParticleEmitterINS_11FeatureListINS_16ParticleFeatures5SpeedENS1_INS2_6MotionENS1_INS2_14ColorAnimationENS1_INS2_7TextureENS1_INS2_4LineENS_6StNULLEEEEEEEEEEEE8EmitLinkEiPNS_16IParticleEmitter11EmitContextE	Aska::ParticleEmitter<Aska::FeatureList<Aska::ParticleFeatures::Speed, Aska::FeatureList<Aska::ParticleFeatures::Motion, Aska::FeatureList<Aska::ParticleFeatures::ColorAnimation, Aska::FeatureList<Aska::ParticleFeatures::Texture, Aska::FeatureList<Aska::ParticleFeatures::Line, Aska::StNULL> > > > > >::EmitLink(int, Aska::IParticleEmitter::EmitContext*)	emitter	decompiled	
0x23d22b0	0x24d22b0	7876	_ZN4Aska15ParticleEmitterINS_11FeatureListINS_16ParticleFeatures5SpeedENS1_INS2_6MotionENS1_INS2_14ColorAnimationENS1_INS2_7TextureENS1_INS2_4LineENS_6StNULLEEEEEEEEEEEE4EmitEiPNS_16IParticleEmitter11EmitContextEPKNSF_13MatrixContextE	Aska::ParticleEmitter<Aska::FeatureList<Aska::ParticleFeatures::Speed, Aska::FeatureList<Aska::ParticleFeatures::Motion, Aska::FeatureList<Aska::ParticleFeatures::ColorAnimation, Aska::FeatureList<Aska::ParticleFeatures::Texture, Aska::FeatureList<Aska::ParticleFeatures::Line, Aska::StNULL> > > > > >::Emit(int, Aska::IParticleEmitter::EmitContext*, Aska::IParticleEmitter::MatrixContext const*)	emitter	decompiled	
0x23d4174	0x24d4174	4848	_ZN4Aska15ParticleEmitterINS_11FeatureListINS_16ParticleFeatures5SpeedENS1_INS2_6MotionENS1_INS2_14ColorAnimationENS1_INS2_7TextureENS1_INS2_4LineENS_6StNULLEEEEEEEEEEEE10EmitMotionEPNS_15ParticleElementISD_EEPKNS_16IParticleEmitter11EmitContextEPSJ_9StBooleanILb1EE	Aska::ParticleEmitter<Aska::FeatureList<Aska::ParticleFeatures::Speed, Aska::FeatureList<Aska::ParticleFeatures::Motion, Aska::FeatureList<Aska::ParticleFeatures::ColorAnimation, Aska::FeatureList<Aska::ParticleFeatures::Texture, Aska::FeatureList<Aska::ParticleFeatures::Line, Aska::StNULL> > > > > >::EmitMotion(Aska::ParticleElement<Aska::FeatureList<Aska::ParticleFeatures::Speed, Aska::FeatureList<Aska::ParticleFeatures::Motion, Aska::FeatureList<Aska::ParticleFeatures::ColorAnimation, Aska::FeatureList<Aska::ParticleFeatures::Texture, Aska::FeatureList<Aska::ParticleFeatures::Line, Aska::StNULL> > > > > >*, Aska::IParticleEmitter::EmitContext const*, Aska::IParticleEmitter::EmitContext*, StBoolean<true>)	emitter	decompiled	
0x23d61b0	0x24d61b0	1020	_ZN4Aska15ParticleEmitterINS_11FeatureListINS_16ParticleFeatures5SpeedENS1_INS2_6MotionENS1_INS2_14ColorAnimationENS1_INS2_7TextureENS1_INS2_4LineENS_6StNULLEEEEEEEEEEEE8SimulateEf	Aska::ParticleEmitter<Aska::FeatureList<Aska::ParticleFeatures::Speed, Aska::FeatureList<Aska::ParticleFeatures::Motion, Aska::FeatureList<Aska::ParticleFeatures::ColorAnimation, Aska::FeatureList<Aska::ParticleFeatures::Texture, Aska::FeatureList<Aska::ParticleFeatures::Line, Aska::StNULL> > > > > >::Simulate(float)	simulate	native	
0x23d65ac	0x24d65ac	516	_ZN4Aska15ParticleEmitterINS_11FeatureListINS_16ParticleFeatures5SpeedENS1_INS2_6MotionENS1_INS2_14ColorAnimationENS1_INS2_7TextureENS1_INS2_4LineENS_6StNULLEEEEEEEEEEEE23EmitterAffectToParticleEPNS_6VectorEPNS_16IParticleEmitter13MatrixContextEf	Aska::ParticleEmitter<Aska::FeatureList<Aska::ParticleFeatures::Speed, Aska::FeatureList<Aska::ParticleFeatures::Motion, Aska::FeatureList<Aska::ParticleFeatures::ColorAnimation, Aska::FeatureList<Aska::ParticleFeatures::Texture, Aska::FeatureList<Aska::ParticleFeatures::Line, Aska::StNULL> > > > > >::EmitterAffectToParticle(Aska::Vector*, Aska::IParticleEmitter::MatrixContext*, float)	emitter	decompiled	
0x23d67b0	0x24d67b0	616	_ZN4Aska24ParticleRenderableObjectINS_11FeatureListINS_16ParticleFeatures5SpeedENS1_INS2_6MotionENS1_INS2_14ColorAnimationENS1_INS2_7TextureENS1_INS2_4LineENS_6StNULLEEEEEEEEEEEE15RenderProcedureEfPNS_16IParticleEmitter13MatrixContextEb	Aska::ParticleRenderableObject<Aska::FeatureList<Aska::ParticleFeatures::Speed, Aska::FeatureList<Aska::ParticleFeatures::Motion, Aska::FeatureList<Aska::ParticleFeatures::ColorAnimation, Aska::FeatureList<Aska::ParticleFeatures::Texture, Aska::FeatureList<Aska::ParticleFeatures::Line, Aska::StNULL> > > > > >::RenderProcedure(float, Aska::IParticleEmitter::MatrixContext*, bool)	emitter	decompiled	
0x23d96bc	0x24d96bc	480	_ZN4Aska15ParticleEmitterINS_11FeatureListINS_16ParticleFeatures5SpeedENS1_INS2_6MotionENS1_INS2_14ColorAnimationENS1_INS2_7TextureENS_6StNULLEEEEEEEEEE8EmitLinkEiPNS_16IParticleEmitter11EmitContextE	Aska::ParticleEmitter<Aska::FeatureList<Aska::ParticleFeatures::Speed, Aska::FeatureList<Aska::ParticleFeatures::Motion, Aska::FeatureList<Aska::ParticleFeatures::ColorAnimation, Aska::FeatureList<Aska::ParticleFeatures::Texture, Aska::StNULL> > > > >::EmitLink(int, Aska::IParticleEmitter::EmitContext*)	emitter	decompiled	
0x23d99cc	0x24d99cc	8372	_ZN4Aska15ParticleEmitterINS_11FeatureListINS_16ParticleFeatures5SpeedENS1_INS2_6MotionENS1_INS2_14ColorAnimationENS1_INS2_7TextureENS_6StNULLEEEEEEEEEE4EmitEiPNS_16IParticleEmitter11EmitContextEPKNSD_13MatrixContextE	Aska::ParticleEmitter<Aska::FeatureList<Aska::ParticleFeatures::Speed, Aska::FeatureList<Aska::ParticleFeatures::Motion, Aska::FeatureList<Aska::ParticleFeatures::ColorAnimation, Aska::FeatureList<Aska::ParticleFeatures::Texture, Aska::StNULL> > > > >::Emit(int, Aska::IParticleEmitter::EmitContext*, Aska::IParticleEmitter::MatrixContext const*)	emitter	decompiled	
0x23dba80	0x24dba80	4848	_ZN4Aska15ParticleEmitterINS_11FeatureListINS_16ParticleFeatures5SpeedENS1_INS2_6MotionENS1_INS2_14ColorAnimationENS1_INS2_7TextureENS_6StNULLEEEEEEEEEE10EmitMotionEPNS_15ParticleElementISB_EEPKNS_16IParticleEmitter11EmitContextEPSH_9StBooleanILb1EE	Aska::ParticleEmitter<Aska::FeatureList<Aska::ParticleFeatures::Speed, Aska::FeatureList<Aska::ParticleFeatures::Motion, Aska::FeatureList<Aska::ParticleFeatures::ColorAnimation, Aska::FeatureList<Aska::ParticleFeatures::Texture, Aska::StNULL> > > > >::EmitMotion(Aska::ParticleElement<Aska::FeatureList<Aska::ParticleFeatures::Speed, Aska::FeatureList<Aska::ParticleFeatures::Motion, Aska::FeatureList<Aska::ParticleFeatures::ColorAnimation, Aska::FeatureList<Aska::ParticleFeatures::Texture, Aska::StNULL> > > > >*, Aska::IParticleEmitter::EmitContext const*, Aska::IParticleEmitter::EmitContext*, StBoolean<true>)	emitter	decompiled	
0x23dd994	0x24dd994	1020	_ZN4Aska15ParticleEmitterINS_11FeatureListINS_16ParticleFeatures5SpeedENS1_INS2_6MotionENS1_INS2_14ColorAnimationENS1_INS2_7TextureENS_6StNULLEEEEEEEEEE8SimulateEf	Aska::ParticleEmitter<Aska::FeatureList<Aska::ParticleFeatures::Speed, Aska::FeatureList<Aska::ParticleFeatures::Motion, Aska::FeatureList<Aska::ParticleFeatures::ColorAnimation, Aska::FeatureList<Aska::ParticleFeatures::Texture, Aska::StNULL> > > > >::Simulate(float)	simulate	native	
0x23ddd90	0x24ddd90	516	_ZN4Aska15ParticleEmitterINS_11FeatureListINS_16ParticleFeatures5SpeedENS1_INS2_6MotionENS1_INS2_14ColorAnimationENS1_INS2_7TextureENS_6StNULLEEEEEEEEEE23EmitterAffectToParticleEPNS_6VectorEPNS_16IParticleEmitter13MatrixContextEf	Aska::ParticleEmitter<Aska::FeatureList<Aska::ParticleFeatures::Speed, Aska::FeatureList<Aska::ParticleFeatures::Motion, Aska::FeatureList<Aska::ParticleFeatures::ColorAnimation, Aska::FeatureList<Aska::ParticleFeatures::Texture, Aska::StNULL> > > > >::EmitterAffectToParticle(Aska::Vector*, Aska::IParticleEmitter::MatrixContext*, float)	emitter	decompiled	
0x23ddf94	0x24ddf94	616	_ZN4Aska24ParticleRenderableObjectINS_11FeatureListINS_16ParticleFeatures5SpeedENS1_INS2_6MotionENS1_INS2_14ColorAnimationENS1_INS2_7TextureENS_6StNULLEEEEEEEEEE15RenderProcedureEfPNS_16IParticleEmitter13MatrixContextEb	Aska::ParticleRenderableObject<Aska::FeatureList<Aska::ParticleFeatures::Speed, Aska::FeatureList<Aska::ParticleFeatures::Motion, Aska::FeatureList<Aska::ParticleFeatures::ColorAnimation, Aska::FeatureList<Aska::ParticleFeatures::Texture, Aska::StNULL> > > > >::RenderProcedure(float, Aska::IParticleEmitter::MatrixContext*, bool)	emitter	decompiled	
0x23dfb34	0x24dfb34	484	_ZN4Aska15ParticleManager14CreateParticleINS_11FeatureListINS_16ParticleFeatures5SpeedENS2_INS3_6MotionENS2_INS3_14ColorAnimationENS2_INS3_7TextureENS2_INS3_9LifeLimitENS2_INS3_4LineENS2_INS3_8DynamicsENS2_INS_24ParticleDynamicsFeatures8DynamicsENS_6StNULLEEEEEEEEEEEEEEEEEEEPNS_15ParticleEmitterIT_EEPKNS_3AFF18AsfParticleEmitterE	Aska::ParticleEmitter<Aska::FeatureList<Aska::ParticleFeatures::Speed, Aska::FeatureList<Aska::ParticleFeatures::Motion, Aska::FeatureList<Aska::ParticleFeatures::ColorAnimation, Aska::FeatureList<Aska::ParticleFeatures::Texture, Aska::FeatureList<Aska::ParticleFeatures::LifeLimit, Aska::FeatureList<Aska::ParticleFeatures::Line, Aska::FeatureList<Aska::ParticleFeatures::Dynamics, Aska::FeatureList<Aska::ParticleDynamicsFeatures::Dynamics, Aska::StNULL> > > > > > > > >* Aska::ParticleManager::CreateParticle<Aska::FeatureList<Aska::ParticleFeatures::Speed, Aska::FeatureList<Aska::ParticleFeatures::Motion, Aska::FeatureList<Aska::ParticleFeatures::ColorAnimation, Aska::FeatureList<Aska::ParticleFeatures::Texture, Aska::FeatureList<Aska::ParticleFeatures::LifeLimit, Aska::FeatureList<Aska::ParticleFeatures::Line, Aska::FeatureList<Aska::ParticleFeatures::Dynamics, Aska::FeatureList<Aska::ParticleDynamicsFeatures::Dynamics, Aska::StNULL> > > > > > > > >(Aska::AFF::AsfParticleEmitter const*)	manager	decompiled	
0x23dfd18	0x24dfd18	452	_ZN4Aska15ParticleManager14CreateParticleINS_11FeatureListINS_16ParticleFeatures5SpeedENS2_INS3_6MotionENS2_INS3_14ColorAnimationENS2_INS3_7TextureENS2_INS3_9LifeLimitENS2_INS3_8DynamicsENS2_INS_24ParticleDynamicsFeatures8DynamicsENS_6StNULLEEEEEEEEEEEEEEEEEPNS_15ParticleEmitterIT_EEPKNS_3AFF18AsfParticleEmitterE	Aska::ParticleEmitter<Aska::FeatureList<Aska::ParticleFeatures::Speed, Aska::FeatureList<Aska::ParticleFeatures::Motion, Aska::FeatureList<Aska::ParticleFeatures::ColorAnimation, Aska::FeatureList<Aska::ParticleFeatures::Texture, Aska::FeatureList<Aska::ParticleFeatures::LifeLimit, Aska::FeatureList<Aska::ParticleFeatures::Dynamics, Aska::FeatureList<Aska::ParticleDynamicsFeatures::Dynamics, Aska::StNULL> > > > > > > >* Aska::ParticleManager::CreateParticle<Aska::FeatureList<Aska::ParticleFeatures::Speed, Aska::FeatureList<Aska::ParticleFeatures::Motion, Aska::FeatureList<Aska::ParticleFeatures::ColorAnimation, Aska::FeatureList<Aska::ParticleFeatures::Texture, Aska::FeatureList<Aska::ParticleFeatures::LifeLimit, Aska::FeatureList<Aska::ParticleFeatures::Dynamics, Aska::FeatureList<Aska::ParticleDynamicsFeatures::Dynamics, Aska::StNULL> > > > > > > >(Aska::AFF::AsfParticleEmitter const*)	manager	decompiled	
0x23dfedc	0x24dfedc	472	_ZN4Aska15ParticleManager14CreateParticleINS_11FeatureListINS_16ParticleFeatures5SpeedENS2_INS3_6MotionENS2_INS3_14ColorAnimationENS2_INS3_7TextureENS2_INS3_4LineENS2_INS3_8DynamicsENS2_INS_24ParticleDynamicsFeatures8DynamicsENS_6StNULLEEEEEEEEEEEEEEEEEPNS_15ParticleEmitterIT_EEPKNS_3AFF18AsfParticleEmitterE	Aska::ParticleEmitter<Aska::FeatureList<Aska::ParticleFeatures::Speed, Aska::FeatureList<Aska::ParticleFeatures::Motion, Aska::FeatureList<Aska::ParticleFeatures::ColorAnimation, Aska::FeatureList<Aska::ParticleFeatures::Texture, Aska::FeatureList<Aska::ParticleFeatures::Line, Aska::FeatureList<Aska::ParticleFeatures::Dynamics, Aska::FeatureList<Aska::ParticleDynamicsFeatures::Dynamics, Aska::StNULL> > > > > > > >* Aska::ParticleManager::CreateParticle<Aska::FeatureList<Aska::ParticleFeatures::Speed, Aska::FeatureList<Aska::ParticleFeatures::Motion, Aska::FeatureList<Aska::ParticleFeatures::ColorAnimation, Aska::FeatureList<Aska::ParticleFeatures::Texture, Aska::FeatureList<Aska::ParticleFeatures::Line, Aska::FeatureList<Aska::ParticleFeatures::Dynamics, Aska::FeatureList<Aska::ParticleDynamicsFeatures::Dynamics, Aska::StNULL> > > > > > > >(Aska::AFF::AsfParticleEmitter const*)	manager	decompiled	
0x23e00b4	0x24e00b4	440	_ZN4Aska15ParticleManager14CreateParticleINS_11FeatureListINS_16ParticleFeatures5SpeedENS2_INS3_6MotionENS2_INS3_14ColorAnimationENS2_INS3_7TextureENS2_INS3_8DynamicsENS2_INS_24ParticleDynamicsFeatures8DynamicsENS_6StNULLEEEEEEEEEEEEEEEPNS_15ParticleEmitterIT_EEPKNS_3AFF18AsfParticleEmitterE	Aska::ParticleEmitter<Aska::FeatureList<Aska::ParticleFeatures::Speed, Aska::FeatureList<Aska::ParticleFeatures::Motion, Aska::FeatureList<Aska::ParticleFeatures::ColorAnimation, Aska::FeatureList<Aska::ParticleFeatures::Texture, Aska::FeatureList<Aska::ParticleFeatures::Dynamics, Aska::FeatureList<Aska::ParticleDynamicsFeatures::Dynamics, Aska::StNULL> > > > > > >* Aska::ParticleManager::CreateParticle<Aska::FeatureList<Aska::ParticleFeatures::Speed, Aska::FeatureList<Aska::ParticleFeatures::Motion, Aska::FeatureList<Aska::ParticleFeatures::ColorAnimation, Aska::FeatureList<Aska::ParticleFeatures::Texture, Aska::FeatureList<Aska::ParticleFeatures::Dynamics, Aska::FeatureList<Aska::ParticleDynamicsFeatures::Dynamics, Aska::StNULL> > > > > > >(Aska::AFF::AsfParticleEmitter const*)	manager	decompiled	
0x23e17c4	0x24e17c4	480	_ZN4Aska15ParticleEmitterINS_11FeatureListINS_16ParticleFeatures5SpeedENS1_INS2_6MotionENS1_INS2_14ColorAnimationENS1_INS2_7TextureENS1_INS2_9LifeLimitENS1_INS2_4LineENS1_INS2_8DynamicsENS1_INS_24ParticleDynamicsFeatures8DynamicsENS_6StNULLEEEEEEEEEEEEEEEEEE8EmitLinkEiPNS_16IParticleEmitter11EmitContextE	Aska::ParticleEmitter<Aska::FeatureList<Aska::ParticleFeatures::Speed, Aska::FeatureList<Aska::ParticleFeatures::Motion, Aska::FeatureList<Aska::ParticleFeatures::ColorAnimation, Aska::FeatureList<Aska::ParticleFeatures::Texture, Aska::FeatureList<Aska::ParticleFeatures::LifeLimit, Aska::FeatureList<Aska::ParticleFeatures::Line, Aska::FeatureList<Aska::ParticleFeatures::Dynamics, Aska::FeatureList<Aska::ParticleDynamicsFeatures::Dynamics, Aska::StNULL> > > > > > > > >::EmitLink(int, Aska::IParticleEmitter::EmitContext*)	emitter	decompiled	
0x23e1aec	0x24e1aec	7884	_ZN4Aska15ParticleEmitterINS_11FeatureListINS_16ParticleFeatures5SpeedENS1_INS2_6MotionENS1_INS2_14ColorAnimationENS1_INS2_7TextureENS1_INS2_9LifeLimitENS1_INS2_4LineENS1_INS2_8DynamicsENS1_INS_24ParticleDynamicsFeatures8DynamicsENS_6StNULLEEEEEEEEEEEEEEEEEE4EmitEiPNS_16IParticleEmitter11EmitContextEPKNSM_13MatrixContextE	Aska::ParticleEmitter<Aska::FeatureList<Aska::ParticleFeatures::Speed, Aska::FeatureList<Aska::ParticleFeatures::Motion, Aska::FeatureList<Aska::ParticleFeatures::ColorAnimation, Aska::FeatureList<Aska::ParticleFeatures::Texture, Aska::FeatureList<Aska::ParticleFeatures::LifeLimit, Aska::FeatureList<Aska::ParticleFeatures::Line, Aska::FeatureList<Aska::ParticleFeatures::Dynamics, Aska::FeatureList<Aska::ParticleDynamicsFeatures::Dynamics, Aska::StNULL> > > > > > > > >::Emit(int, Aska::IParticleEmitter::EmitContext*, Aska::IParticleEmitter::MatrixContext const*)	emitter	decompiled	
0x23e39b8	0x24e39b8	4848	_ZN4Aska15ParticleEmitterINS_11FeatureListINS_16ParticleFeatures5SpeedENS1_INS2_6MotionENS1_INS2_14ColorAnimationENS1_INS2_7TextureENS1_INS2_9LifeLimitENS1_INS2_4LineENS1_INS2_8DynamicsENS1_INS_24ParticleDynamicsFeatures8DynamicsENS_6StNULLEEEEEEEEEEEEEEEEEE10EmitMotionEPNS_15ParticleElementISK_EEPKNS_16IParticleEmitter11EmitContextEPSQ_9StBooleanILb1EE	Aska::ParticleEmitter<Aska::FeatureList<Aska::ParticleFeatures::Speed, Aska::FeatureList<Aska::ParticleFeatures::Motion, Aska::FeatureList<Aska::ParticleFeatures::ColorAnimation, Aska::FeatureList<Aska::ParticleFeatures::Texture, Aska::FeatureList<Aska::ParticleFeatures::LifeLimit, Aska::FeatureList<Aska::ParticleFeatures::Line, Aska::FeatureList<Aska::ParticleFeatures::Dynamics, Aska::FeatureList<Aska::ParticleDynamicsFeatures::Dynamics, Aska::StNULL> > > > > > > > >::EmitMotion(Aska::ParticleElement<Aska::FeatureList<Aska::ParticleFeatures::Speed, Aska::FeatureList<Aska::ParticleFeatures::Motion, Aska::FeatureList<Aska::ParticleFeatures::ColorAnimation, Aska::FeatureList<Aska::ParticleFeatures::Texture, Aska::FeatureList<Aska::ParticleFeatures::LifeLimit, Aska::FeatureList<Aska::ParticleFeatures::Line, Aska::FeatureList<Aska::ParticleFeatures::Dynamics, Aska::FeatureList<Aska::ParticleDynamicsFeatures::Dynamics, Aska::StNULL> > > > > > > > >*, Aska::IParticleEmitter::EmitContext const*, Aska::IParticleEmitter::EmitContext*, StBoolean<true>)	emitter	decompiled	
0x23e59f4	0x24e59f4	1020	_ZN4Aska15ParticleEmitterINS_11FeatureListINS_16ParticleFeatures5SpeedENS1_INS2_6MotionENS1_INS2_14ColorAnimationENS1_INS2_7TextureENS1_INS2_9LifeLimitENS1_INS2_4LineENS1_INS2_8DynamicsENS1_INS_24ParticleDynamicsFeatures8DynamicsENS_6StNULLEEEEEEEEEEEEEEEEEE8SimulateEf	Aska::ParticleEmitter<Aska::FeatureList<Aska::ParticleFeatures::Speed, Aska::FeatureList<Aska::ParticleFeatures::Motion, Aska::FeatureList<Aska::ParticleFeatures::ColorAnimation, Aska::FeatureList<Aska::ParticleFeatures::Texture, Aska::FeatureList<Aska::ParticleFeatures::LifeLimit, Aska::FeatureList<Aska::ParticleFeatures::Line, Aska::FeatureList<Aska::ParticleFeatures::Dynamics, Aska::FeatureList<Aska::ParticleDynamicsFeatures::Dynamics, Aska::StNULL> > > > > > > > >::Simulate(float)	simulate	native	
0x23e5df0	0x24e5df0	516	_ZN4Aska15ParticleEmitterINS_11FeatureListINS_16ParticleFeatures5SpeedENS1_INS2_6MotionENS1_INS2_14ColorAnimationENS1_INS2_7TextureENS1_INS2_9LifeLimitENS1_INS2_4LineENS1_INS2_8DynamicsENS1_INS_24ParticleDynamicsFeatures8DynamicsENS_6StNULLEEEEEEEEEEEEEEEEEE23EmitterAffectToParticleEPNS_6VectorEPNS_16IParticleEmitter13MatrixContextEf	Aska::ParticleEmitter<Aska::FeatureList<Aska::ParticleFeatures::Speed, Aska::FeatureList<Aska::ParticleFeatures::Motion, Aska::FeatureList<Aska::ParticleFeatures::ColorAnimation, Aska::FeatureList<Aska::ParticleFeatures::Texture, Aska::FeatureList<Aska::ParticleFeatures::LifeLimit, Aska::FeatureList<Aska::ParticleFeatures::Line, Aska::FeatureList<Aska::ParticleFeatures::Dynamics, Aska::FeatureList<Aska::ParticleDynamicsFeatures::Dynamics, Aska::StNULL> > > > > > > > >::EmitterAffectToParticle(Aska::Vector*, Aska::IParticleEmitter::MatrixContext*, float)	emitter	decompiled	
0x23e5ff4	0x24e5ff4	632	_ZN4Aska24ParticleRenderableObjectINS_11FeatureListINS_16ParticleFeatures5SpeedENS1_INS2_6MotionENS1_INS2_14ColorAnimationENS1_INS2_7TextureENS1_INS2_9LifeLimitENS1_INS2_4LineENS1_INS2_8DynamicsENS1_INS_24ParticleDynamicsFeatures8DynamicsENS_6StNULLEEEEEEEEEEEEEEEEEE15RenderProcedureEfPNS_16IParticleEmitter13MatrixContextEb	Aska::ParticleRenderableObject<Aska::FeatureList<Aska::ParticleFeatures::Speed, Aska::FeatureList<Aska::ParticleFeatures::Motion, Aska::FeatureList<Aska::ParticleFeatures::ColorAnimation, Aska::FeatureList<Aska::ParticleFeatures::Texture, Aska::FeatureList<Aska::ParticleFeatures::LifeLimit, Aska::FeatureList<Aska::ParticleFeatures::Line, Aska::FeatureList<Aska::ParticleFeatures::Dynamics, Aska::FeatureList<Aska::ParticleDynamicsFeatures::Dynamics, Aska::StNULL> > > > > > > > >::RenderProcedure(float, Aska::IParticleEmitter::MatrixContext*, bool)	emitter	decompiled	
0x23e995c	0x24e995c	480	_ZN4Aska15ParticleEmitterINS_11FeatureListINS_16ParticleFeatures5SpeedENS1_INS2_6MotionENS1_INS2_14ColorAnimationENS1_INS2_7TextureENS1_INS2_9LifeLimitENS1_INS2_8DynamicsENS1_INS_24ParticleDynamicsFeatures8DynamicsENS_6StNULLEEEEEEEEEEEEEEEE8EmitLinkEiPNS_16IParticleEmitter11EmitContextE	Aska::ParticleEmitter<Aska::FeatureList<Aska::ParticleFeatures::Speed, Aska::FeatureList<Aska::ParticleFeatures::Motion, Aska::FeatureList<Aska::ParticleFeatures::ColorAnimation, Aska::FeatureList<Aska::ParticleFeatures::Texture, Aska::FeatureList<Aska::ParticleFeatures::LifeLimit, Aska::FeatureList<Aska::ParticleFeatures::Dynamics, Aska::FeatureList<Aska::ParticleDynamicsFeatures::Dynamics, Aska::StNULL> > > > > > > >::EmitLink(int, Aska::IParticleEmitter::EmitContext*)	emitter	decompiled	
0x23e9c84	0x24e9c84	8380	_ZN4Aska15ParticleEmitterINS_11FeatureListINS_16ParticleFeatures5SpeedENS1_INS2_6MotionENS1_INS2_14ColorAnimationENS1_INS2_7TextureENS1_INS2_9LifeLimitENS1_INS2_8DynamicsENS1_INS_24ParticleDynamicsFeatures8DynamicsENS_6StNULLEEEEEEEEEEEEEEEE4EmitEiPNS_16IParticleEmitter11EmitContextEPKNSK_13MatrixContextE	Aska::ParticleEmitter<Aska::FeatureList<Aska::ParticleFeatures::Speed, Aska::FeatureList<Aska::ParticleFeatures::Motion, Aska::FeatureList<Aska::ParticleFeatures::ColorAnimation, Aska::FeatureList<Aska::ParticleFeatures::Texture, Aska::FeatureList<Aska::ParticleFeatures::LifeLimit, Aska::FeatureList<Aska::ParticleFeatures::Dynamics, Aska::FeatureList<Aska::ParticleDynamicsFeatures::Dynamics, Aska::StNULL> > > > > > > >::Emit(int, Aska::IParticleEmitter::EmitContext*, Aska::IParticleEmitter::MatrixContext const*)	emitter	decompiled	
0x23ebd40	0x24ebd40	4848	_ZN4Aska15ParticleEmitterINS_11FeatureListINS_16ParticleFeatures5SpeedENS1_INS2_6MotionENS1_INS2_14ColorAnimationENS1_INS2_7TextureENS1_INS2_9LifeLimitENS1_INS2_8DynamicsENS1_INS_24ParticleDynamicsFeatures8DynamicsENS_6StNULLEEEEEEEEEEEEEEEE10EmitMotionEPNS_15ParticleElementISI_EEPKNS_16IParticleEmitter11EmitContextEPSO_9StBooleanILb1EE	Aska::ParticleEmitter<Aska::FeatureList<Aska::ParticleFeatures::Speed, Aska::FeatureList<Aska::ParticleFeatures::Motion, Aska::FeatureList<Aska::ParticleFeatures::ColorAnimation, Aska::FeatureList<Aska::ParticleFeatures::Texture, Aska::FeatureList<Aska::ParticleFeatures::LifeLimit, Aska::FeatureList<Aska::ParticleFeatures::Dynamics, Aska::FeatureList<Aska::ParticleDynamicsFeatures::Dynamics, Aska::StNULL> > > > > > > >::EmitMotion(Aska::ParticleElement<Aska::FeatureList<Aska::ParticleFeatures::Speed, Aska::FeatureList<Aska::ParticleFeatures::Motion, Aska::FeatureList<Aska::ParticleFeatures::ColorAnimation, Aska::FeatureList<Aska::ParticleFeatures::Texture, Aska::FeatureList<Aska::ParticleFeatures::LifeLimit, Aska::FeatureList<Aska::ParticleFeatures::Dynamics, Aska::FeatureList<Aska::ParticleDynamicsFeatures::Dynamics, Aska::StNULL> > > > > > > >*, Aska::IParticleEmitter::EmitContext const*, Aska::IParticleEmitter::EmitContext*, StBoolean<true>)	emitter	decompiled	
0x23edc54	0x24edc54	1020	_ZN4Aska15ParticleEmitterINS_11FeatureListINS_16ParticleFeatures5SpeedENS1_INS2_6MotionENS1_INS2_14ColorAnimationENS1_INS2_7TextureENS1_INS2_9LifeLimitENS1_INS2_8DynamicsENS1_INS_24ParticleDynamicsFeatures8DynamicsENS_6StNULLEEEEEEEEEEEEEEEE8SimulateEf	Aska::ParticleEmitter<Aska::FeatureList<Aska::ParticleFeatures::Speed, Aska::FeatureList<Aska::ParticleFeatures::Motion, Aska::FeatureList<Aska::ParticleFeatures::ColorAnimation, Aska::FeatureList<Aska::ParticleFeatures::Texture, Aska::FeatureList<Aska::ParticleFeatures::LifeLimit, Aska::FeatureList<Aska::ParticleFeatures::Dynamics, Aska::FeatureList<Aska::ParticleDynamicsFeatures::Dynamics, Aska::StNULL> > > > > > > >::Simulate(float)	simulate	native	
0x23ee050	0x24ee050	516	_ZN4Aska15ParticleEmitterINS_11FeatureListINS_16ParticleFeatures5SpeedENS1_INS2_6MotionENS1_INS2_14ColorAnimationENS1_INS2_7TextureENS1_INS2_9LifeLimitENS1_INS2_8DynamicsENS1_INS_24ParticleDynamicsFeatures8DynamicsENS_6StNULLEEEEEEEEEEEEEEEE23EmitterAffectToParticleEPNS_6VectorEPNS_16IParticleEmitter13MatrixContextEf	Aska::ParticleEmitter<Aska::FeatureList<Aska::ParticleFeatures::Speed, Aska::FeatureList<Aska::ParticleFeatures::Motion, Aska::FeatureList<Aska::ParticleFeatures::ColorAnimation, Aska::FeatureList<Aska::ParticleFeatures::Texture, Aska::FeatureList<Aska::ParticleFeatures::LifeLimit, Aska::FeatureList<Aska::ParticleFeatures::Dynamics, Aska::FeatureList<Aska::ParticleDynamicsFeatures::Dynamics, Aska::StNULL> > > > > > > >::EmitterAffectToParticle(Aska::Vector*, Aska::IParticleEmitter::MatrixContext*, float)	emitter	decompiled	
0x23ee254	0x24ee254	632	_ZN4Aska24ParticleRenderableObjectINS_11FeatureListINS_16ParticleFeatures5SpeedENS1_INS2_6MotionENS1_INS2_14ColorAnimationENS1_INS2_7TextureENS1_INS2_9LifeLimitENS1_INS2_8DynamicsENS1_INS_24ParticleDynamicsFeatures8DynamicsENS_6StNULLEEEEEEEEEEEEEEEE15RenderProcedureEfPNS_16IParticleEmitter13MatrixContextEb	Aska::ParticleRenderableObject<Aska::FeatureList<Aska::ParticleFeatures::Speed, Aska::FeatureList<Aska::ParticleFeatures::Motion, Aska::FeatureList<Aska::ParticleFeatures::ColorAnimation, Aska::FeatureList<Aska::ParticleFeatures::Texture, Aska::FeatureList<Aska::ParticleFeatures::LifeLimit, Aska::FeatureList<Aska::ParticleFeatures::Dynamics, Aska::FeatureList<Aska::ParticleDynamicsFeatures::Dynamics, Aska::StNULL> > > > > > > >::RenderProcedure(float, Aska::IParticleEmitter::MatrixContext*, bool)	emitter	decompiled	
0x23f1c20	0x24f1c20	480	_ZN4Aska15ParticleEmitterINS_11FeatureListINS_16ParticleFeatures5SpeedENS1_INS2_6MotionENS1_INS2_14ColorAnimationENS1_INS2_7TextureENS1_INS2_4LineENS1_INS2_8DynamicsENS1_INS_24ParticleDynamicsFeatures8DynamicsENS_6StNULLEEEEEEEEEEEEEEEE8EmitLinkEiPNS_16IParticleEmitter11EmitContextE	Aska::ParticleEmitter<Aska::FeatureList<Aska::ParticleFeatures::Speed, Aska::FeatureList<Aska::ParticleFeatures::Motion, Aska::FeatureList<Aska::ParticleFeatures::ColorAnimation, Aska::FeatureList<Aska::ParticleFeatures::Texture, Aska::FeatureList<Aska::ParticleFeatures::Line, Aska::FeatureList<Aska::ParticleFeatures::Dynamics, Aska::FeatureList<Aska::ParticleDynamicsFeatures::Dynamics, Aska::StNULL> > > > > > > >::EmitLink(int, Aska::IParticleEmitter::EmitContext*)	emitter	decompiled	
0x23f1f48	0x24f1f48	7876	_ZN4Aska15ParticleEmitterINS_11FeatureListINS_16ParticleFeatures5SpeedENS1_INS2_6MotionENS1_INS2_14ColorAnimationENS1_INS2_7TextureENS1_INS2_4LineENS1_INS2_8DynamicsENS1_INS_24ParticleDynamicsFeatures8DynamicsENS_6StNULLEEEEEEEEEEEEEEEE4EmitEiPNS_16IParticleEmitter11EmitContextEPKNSK_13MatrixContextE	Aska::ParticleEmitter<Aska::FeatureList<Aska::ParticleFeatures::Speed, Aska::FeatureList<Aska::ParticleFeatures::Motion, Aska::FeatureList<Aska::ParticleFeatures::ColorAnimation, Aska::FeatureList<Aska::ParticleFeatures::Texture, Aska::FeatureList<Aska::ParticleFeatures::Line, Aska::FeatureList<Aska::ParticleFeatures::Dynamics, Aska::FeatureList<Aska::ParticleDynamicsFeatures::Dynamics, Aska::StNULL> > > > > > > >::Emit(int, Aska::IParticleEmitter::EmitContext*, Aska::IParticleEmitter::MatrixContext const*)	emitter	decompiled	
0x23f3e0c	0x24f3e0c	4848	_ZN4Aska15ParticleEmitterINS_11FeatureListINS_16ParticleFeatures5SpeedENS1_INS2_6MotionENS1_INS2_14ColorAnimationENS1_INS2_7TextureENS1_INS2_4LineENS1_INS2_8DynamicsENS1_INS_24ParticleDynamicsFeatures8DynamicsENS_6StNULLEEEEEEEEEEEEEEEE10EmitMotionEPNS_15ParticleElementISI_EEPKNS_16IParticleEmitter11EmitContextEPSO_9StBooleanILb1EE	Aska::ParticleEmitter<Aska::FeatureList<Aska::ParticleFeatures::Speed, Aska::FeatureList<Aska::ParticleFeatures::Motion, Aska::FeatureList<Aska::ParticleFeatures::ColorAnimation, Aska::FeatureList<Aska::ParticleFeatures::Texture, Aska::FeatureList<Aska::ParticleFeatures::Line, Aska::FeatureList<Aska::ParticleFeatures::Dynamics, Aska::FeatureList<Aska::ParticleDynamicsFeatures::Dynamics, Aska::StNULL> > > > > > > >::EmitMotion(Aska::ParticleElement<Aska::FeatureList<Aska::ParticleFeatures::Speed, Aska::FeatureList<Aska::ParticleFeatures::Motion, Aska::FeatureList<Aska::ParticleFeatures::ColorAnimation, Aska::FeatureList<Aska::ParticleFeatures::Texture, Aska::FeatureList<Aska::ParticleFeatures::Line, Aska::FeatureList<Aska::ParticleFeatures::Dynamics, Aska::FeatureList<Aska::ParticleDynamicsFeatures::Dynamics, Aska::StNULL> > > > > > > >*, Aska::IParticleEmitter::EmitContext const*, Aska::IParticleEmitter::EmitContext*, StBoolean<true>)	emitter	decompiled	
0x23f5e48	0x24f5e48	1020	_ZN4Aska15ParticleEmitterINS_11FeatureListINS_16ParticleFeatures5SpeedENS1_INS2_6MotionENS1_INS2_14ColorAnimationENS1_INS2_7TextureENS1_INS2_4LineENS1_INS2_8DynamicsENS1_INS_24ParticleDynamicsFeatures8DynamicsENS_6StNULLEEEEEEEEEEEEEEEE8SimulateEf	Aska::ParticleEmitter<Aska::FeatureList<Aska::ParticleFeatures::Speed, Aska::FeatureList<Aska::ParticleFeatures::Motion, Aska::FeatureList<Aska::ParticleFeatures::ColorAnimation, Aska::FeatureList<Aska::ParticleFeatures::Texture, Aska::FeatureList<Aska::ParticleFeatures::Line, Aska::FeatureList<Aska::ParticleFeatures::Dynamics, Aska::FeatureList<Aska::ParticleDynamicsFeatures::Dynamics, Aska::StNULL> > > > > > > >::Simulate(float)	simulate	native	
0x23f6244	0x24f6244	516	_ZN4Aska15ParticleEmitterINS_11FeatureListINS_16ParticleFeatures5SpeedENS1_INS2_6MotionENS1_INS2_14ColorAnimationENS1_INS2_7TextureENS1_INS2_4LineENS1_INS2_8DynamicsENS1_INS_24ParticleDynamicsFeatures8DynamicsENS_6StNULLEEEEEEEEEEEEEEEE23EmitterAffectToParticleEPNS_6VectorEPNS_16IParticleEmitter13MatrixContextEf	Aska::ParticleEmitter<Aska::FeatureList<Aska::ParticleFeatures::Speed, Aska::FeatureList<Aska::ParticleFeatures::Motion, Aska::FeatureList<Aska::ParticleFeatures::ColorAnimation, Aska::FeatureList<Aska::ParticleFeatures::Texture, Aska::FeatureList<Aska::ParticleFeatures::Line, Aska::FeatureList<Aska::ParticleFeatures::Dynamics, Aska::FeatureList<Aska::ParticleDynamicsFeatures::Dynamics, Aska::StNULL> > > > > > > >::EmitterAffectToParticle(Aska::Vector*, Aska::IParticleEmitter::MatrixContext*, float)	emitter	decompiled	
0x23f6448	0x24f6448	632	_ZN4Aska24ParticleRenderableObjectINS_11FeatureListINS_16ParticleFeatures5SpeedENS1_INS2_6MotionENS1_INS2_14ColorAnimationENS1_INS2_7TextureENS1_INS2_4LineENS1_INS2_8DynamicsENS1_INS_24ParticleDynamicsFeatures8DynamicsENS_6StNULLEEEEEEEEEEEEEEEE15RenderProcedureEfPNS_16IParticleEmitter13MatrixContextEb	Aska::ParticleRenderableObject<Aska::FeatureList<Aska::ParticleFeatures::Speed, Aska::FeatureList<Aska::ParticleFeatures::Motion, Aska::FeatureList<Aska::ParticleFeatures::ColorAnimation, Aska::FeatureList<Aska::ParticleFeatures::Texture, Aska::FeatureList<Aska::ParticleFeatures::Line, Aska::FeatureList<Aska::ParticleFeatures::Dynamics, Aska::FeatureList<Aska::ParticleDynamicsFeatures::Dynamics, Aska::StNULL> > > > > > > >::RenderProcedure(float, Aska::IParticleEmitter::MatrixContext*, bool)	emitter	decompiled	
0x23f9110	0x24f9110	480	_ZN4Aska15ParticleEmitterINS_11FeatureListINS_16ParticleFeatures5SpeedENS1_INS2_6MotionENS1_INS2_14ColorAnimationENS1_INS2_7TextureENS1_INS2_8DynamicsENS1_INS_24ParticleDynamicsFeatures8DynamicsENS_6StNULLEEEEEEEEEEEEEE8EmitLinkEiPNS_16IParticleEmitter11EmitContextE	Aska::ParticleEmitter<Aska::FeatureList<Aska::ParticleFeatures::Speed, Aska::FeatureList<Aska::ParticleFeatures::Motion, Aska::FeatureList<Aska::ParticleFeatures::ColorAnimation, Aska::FeatureList<Aska::ParticleFeatures::Texture, Aska::FeatureList<Aska::ParticleFeatures::Dynamics, Aska::FeatureList<Aska::ParticleDynamicsFeatures::Dynamics, Aska::StNULL> > > > > > >::EmitLink(int, Aska::IParticleEmitter::EmitContext*)	emitter	decompiled	
0x23f9578	0x24f9578	8372	_ZN4Aska15ParticleEmitterINS_11FeatureListINS_16ParticleFeatures5SpeedENS1_INS2_6MotionENS1_INS2_14ColorAnimationENS1_INS2_7TextureENS1_INS2_8DynamicsENS1_INS_24ParticleDynamicsFeatures8DynamicsENS_6StNULLEEEEEEEEEEEEEE4EmitEiPNS_16IParticleEmitter11EmitContextEPKNSI_13MatrixContextE	Aska::ParticleEmitter<Aska::FeatureList<Aska::ParticleFeatures::Speed, Aska::FeatureList<Aska::ParticleFeatures::Motion, Aska::FeatureList<Aska::ParticleFeatures::ColorAnimation, Aska::FeatureList<Aska::ParticleFeatures::Texture, Aska::FeatureList<Aska::ParticleFeatures::Dynamics, Aska::FeatureList<Aska::ParticleDynamicsFeatures::Dynamics, Aska::StNULL> > > > > > >::Emit(int, Aska::IParticleEmitter::EmitContext*, Aska::IParticleEmitter::MatrixContext const*)	emitter	decompiled	
0x23fb62c	0x24fb62c	4848	_ZN4Aska15ParticleEmitterINS_11FeatureListINS_16ParticleFeatures5SpeedENS1_INS2_6MotionENS1_INS2_14ColorAnimationENS1_INS2_7TextureENS1_INS2_8DynamicsENS1_INS_24ParticleDynamicsFeatures8DynamicsENS_6StNULLEEEEEEEEEEEEEE10EmitMotionEPNS_15ParticleElementISG_EEPKNS_16IParticleEmitter11EmitContextEPSM_9StBooleanILb1EE	Aska::ParticleEmitter<Aska::FeatureList<Aska::ParticleFeatures::Speed, Aska::FeatureList<Aska::ParticleFeatures::Motion, Aska::FeatureList<Aska::ParticleFeatures::ColorAnimation, Aska::FeatureList<Aska::ParticleFeatures::Texture, Aska::FeatureList<Aska::ParticleFeatures::Dynamics, Aska::FeatureList<Aska::ParticleDynamicsFeatures::Dynamics, Aska::StNULL> > > > > > >::EmitMotion(Aska::ParticleElement<Aska::FeatureList<Aska::ParticleFeatures::Speed, Aska::FeatureList<Aska::ParticleFeatures::Motion, Aska::FeatureList<Aska::ParticleFeatures::ColorAnimation, Aska::FeatureList<Aska::ParticleFeatures::Texture, Aska::FeatureList<Aska::ParticleFeatures::Dynamics, Aska::FeatureList<Aska::ParticleDynamicsFeatures::Dynamics, Aska::StNULL> > > > > > >*, Aska::IParticleEmitter::EmitContext const*, Aska::IParticleEmitter::EmitContext*, StBoolean<true>)	emitter	decompiled	
0x23fd540	0x24fd540	1020	_ZN4Aska15ParticleEmitterINS_11FeatureListINS_16ParticleFeatures5SpeedENS1_INS2_6MotionENS1_INS2_14ColorAnimationENS1_INS2_7TextureENS1_INS2_8DynamicsENS1_INS_24ParticleDynamicsFeatures8DynamicsENS_6StNULLEEEEEEEEEEEEEE8SimulateEf	Aska::ParticleEmitter<Aska::FeatureList<Aska::ParticleFeatures::Speed, Aska::FeatureList<Aska::ParticleFeatures::Motion, Aska::FeatureList<Aska::ParticleFeatures::ColorAnimation, Aska::FeatureList<Aska::ParticleFeatures::Texture, Aska::FeatureList<Aska::ParticleFeatures::Dynamics, Aska::FeatureList<Aska::ParticleDynamicsFeatures::Dynamics, Aska::StNULL> > > > > > >::Simulate(float)	simulate	native	
0x23fd93c	0x24fd93c	516	_ZN4Aska15ParticleEmitterINS_11FeatureListINS_16ParticleFeatures5SpeedENS1_INS2_6MotionENS1_INS2_14ColorAnimationENS1_INS2_7TextureENS1_INS2_8DynamicsENS1_INS_24ParticleDynamicsFeatures8DynamicsENS_6StNULLEEEEEEEEEEEEEE23EmitterAffectToParticleEPNS_6VectorEPNS_16IParticleEmitter13MatrixContextEf	Aska::ParticleEmitter<Aska::FeatureList<Aska::ParticleFeatures::Speed, Aska::FeatureList<Aska::ParticleFeatures::Motion, Aska::FeatureList<Aska::ParticleFeatures::ColorAnimation, Aska::FeatureList<Aska::ParticleFeatures::Texture, Aska::FeatureList<Aska::ParticleFeatures::Dynamics, Aska::FeatureList<Aska::ParticleDynamicsFeatures::Dynamics, Aska::StNULL> > > > > > >::EmitterAffectToParticle(Aska::Vector*, Aska::IParticleEmitter::MatrixContext*, float)	emitter	decompiled	
0x23fdb40	0x24fdb40	632	_ZN4Aska24ParticleRenderableObjectINS_11FeatureListINS_16ParticleFeatures5SpeedENS1_INS2_6MotionENS1_INS2_14ColorAnimationENS1_INS2_7TextureENS1_INS2_8DynamicsENS1_INS_24ParticleDynamicsFeatures8DynamicsENS_6StNULLEEEEEEEEEEEEEE15RenderProcedureEfPNS_16IParticleEmitter13MatrixContextEb	Aska::ParticleRenderableObject<Aska::FeatureList<Aska::ParticleFeatures::Speed, Aska::FeatureList<Aska::ParticleFeatures::Motion, Aska::FeatureList<Aska::ParticleFeatures::ColorAnimation, Aska::FeatureList<Aska::ParticleFeatures::Texture, Aska::FeatureList<Aska::ParticleFeatures::Dynamics, Aska::FeatureList<Aska::ParticleDynamicsFeatures::Dynamics, Aska::StNULL> > > > > > >::RenderProcedure(float, Aska::IParticleEmitter::MatrixContext*, bool)	emitter	decompiled	
0x23ff588	0x24ff588	468	_ZN4Aska15ParticleManager14CreateParticleINS_11FeatureListINS_16ParticleFeatures5SpeedENS2_INS3_6MotionENS2_INS3_9LifeLimitENS2_INS3_4LineENS2_INS3_8DynamicsENS2_INS_24ParticleDynamicsFeatures8DynamicsENS_6StNULLEEEEEEEEEEEEEEEPNS_15ParticleEmitterIT_EEPKNS_3AFF18AsfParticleEmitterE	Aska::ParticleEmitter<Aska::FeatureList<Aska::ParticleFeatures::Speed, Aska::FeatureList<Aska::ParticleFeatures::Motion, Aska::FeatureList<Aska::ParticleFeatures::LifeLimit, Aska::FeatureList<Aska::ParticleFeatures::Line, Aska::FeatureList<Aska::ParticleFeatures::Dynamics, Aska::FeatureList<Aska::ParticleDynamicsFeatures::Dynamics, Aska::StNULL> > > > > > >* Aska::ParticleManager::CreateParticle<Aska::FeatureList<Aska::ParticleFeatures::Speed, Aska::FeatureList<Aska::ParticleFeatures::Motion, Aska::FeatureList<Aska::ParticleFeatures::LifeLimit, Aska::FeatureList<Aska::ParticleFeatures::Line, Aska::FeatureList<Aska::ParticleFeatures::Dynamics, Aska::FeatureList<Aska::ParticleDynamicsFeatures::Dynamics, Aska::StNULL> > > > > > >(Aska::AFF::AsfParticleEmitter const*)	manager	decompiled	
0x23ff75c	0x24ff75c	436	_ZN4Aska15ParticleManager14CreateParticleINS_11FeatureListINS_16ParticleFeatures5SpeedENS2_INS3_6MotionENS2_INS3_9LifeLimitENS2_INS3_8DynamicsENS2_INS_24ParticleDynamicsFeatures8DynamicsENS_6StNULLEEEEEEEEEEEEEPNS_15ParticleEmitterIT_EEPKNS_3AFF18AsfParticleEmitterE	Aska::ParticleEmitter<Aska::FeatureList<Aska::ParticleFeatures::Speed, Aska::FeatureList<Aska::ParticleFeatures::Motion, Aska::FeatureList<Aska::ParticleFeatures::LifeLimit, Aska::FeatureList<Aska::ParticleFeatures::Dynamics, Aska::FeatureList<Aska::ParticleDynamicsFeatures::Dynamics, Aska::StNULL> > > > > >* Aska::ParticleManager::CreateParticle<Aska::FeatureList<Aska::ParticleFeatures::Speed, Aska::FeatureList<Aska::ParticleFeatures::Motion, Aska::FeatureList<Aska::ParticleFeatures::LifeLimit, Aska::FeatureList<Aska::ParticleFeatures::Dynamics, Aska::FeatureList<Aska::ParticleDynamicsFeatures::Dynamics, Aska::StNULL> > > > > >(Aska::AFF::AsfParticleEmitter const*)	manager	decompiled	
0x23ff910	0x24ff910	456	_ZN4Aska15ParticleManager14CreateParticleINS_11FeatureListINS_16ParticleFeatures5SpeedENS2_INS3_6MotionENS2_INS3_4LineENS2_INS3_8DynamicsENS2_INS_24ParticleDynamicsFeatures8DynamicsENS_6StNULLEEEEEEEEEEEEEPNS_15ParticleEmitterIT_EEPKNS_3AFF18AsfParticleEmitterE	Aska::ParticleEmitter<Aska::FeatureList<Aska::ParticleFeatures::Speed, Aska::FeatureList<Aska::ParticleFeatures::Motion, Aska::FeatureList<Aska::ParticleFeatures::Line, Aska::FeatureList<Aska::ParticleFeatures::Dynamics, Aska::FeatureList<Aska::ParticleDynamicsFeatures::Dynamics, Aska::StNULL> > > > > >* Aska::ParticleManager::CreateParticle<Aska::FeatureList<Aska::ParticleFeatures::Speed, Aska::FeatureList<Aska::ParticleFeatures::Motion, Aska::FeatureList<Aska::ParticleFeatures::Line, Aska::FeatureList<Aska::ParticleFeatures::Dynamics, Aska::FeatureList<Aska::ParticleDynamicsFeatures::Dynamics, Aska::StNULL> > > > > >(Aska::AFF::AsfParticleEmitter const*)	manager	decompiled	
0x23ffad8	0x24ffad8	424	_ZN4Aska15ParticleManager14CreateParticleINS_11FeatureListINS_16ParticleFeatures5SpeedENS2_INS3_6MotionENS2_INS3_8DynamicsENS2_INS_24ParticleDynamicsFeatures8DynamicsENS_6StNULLEEEEEEEEEEEPNS_15ParticleEmitterIT_EEPKNS_3AFF18AsfParticleEmitterE	Aska::ParticleEmitter<Aska::FeatureList<Aska::ParticleFeatures::Speed, Aska::FeatureList<Aska::ParticleFeatures::Motion, Aska::FeatureList<Aska::ParticleFeatures::Dynamics, Aska::FeatureList<Aska::ParticleDynamicsFeatures::Dynamics, Aska::StNULL> > > > >* Aska::ParticleManager::CreateParticle<Aska::FeatureList<Aska::ParticleFeatures::Speed, Aska::FeatureList<Aska::ParticleFeatures::Motion, Aska::FeatureList<Aska::ParticleFeatures::Dynamics, Aska::FeatureList<Aska::ParticleDynamicsFeatures::Dynamics, Aska::StNULL> > > > >(Aska::AFF::AsfParticleEmitter const*)	manager	decompiled	
0x240111c	0x250111c	480	_ZN4Aska15ParticleEmitterINS_11FeatureListINS_16ParticleFeatures5SpeedENS1_INS2_6MotionENS1_INS2_9LifeLimitENS1_INS2_4LineENS1_INS2_8DynamicsENS1_INS_24ParticleDynamicsFeatures8DynamicsENS_6StNULLEEEEEEEEEEEEEE8EmitLinkEiPNS_16IParticleEmitter11EmitContextE	Aska::ParticleEmitter<Aska::FeatureList<Aska::ParticleFeatures::Speed, Aska::FeatureList<Aska::ParticleFeatures::Motion, Aska::FeatureList<Aska::ParticleFeatures::LifeLimit, Aska::FeatureList<Aska::ParticleFeatures::Line, Aska::FeatureList<Aska::ParticleFeatures::Dynamics, Aska::FeatureList<Aska::ParticleDynamicsFeatures::Dynamics, Aska::StNULL> > > > > > >::EmitLink(int, Aska::IParticleEmitter::EmitContext*)	emitter	decompiled	
0x2401444	0x2501444	8184	_ZN4Aska15ParticleEmitterINS_11FeatureListINS_16ParticleFeatures5SpeedENS1_INS2_6MotionENS1_INS2_9LifeLimitENS1_INS2_4LineENS1_INS2_8DynamicsENS1_INS_24ParticleDynamicsFeatures8DynamicsENS_6StNULLEEEEEEEEEEEEEE4EmitEiPNS_16IParticleEmitter11EmitContextEPKNSI_13MatrixContextE	Aska::ParticleEmitter<Aska::FeatureList<Aska::ParticleFeatures::Speed, Aska::FeatureList<Aska::ParticleFeatures::Motion, Aska::FeatureList<Aska::ParticleFeatures::LifeLimit, Aska::FeatureList<Aska::ParticleFeatures::Line, Aska::FeatureList<Aska::ParticleFeatures::Dynamics, Aska::FeatureList<Aska::ParticleDynamicsFeatures::Dynamics, Aska::StNULL> > > > > > >::Emit(int, Aska::IParticleEmitter::EmitContext*, Aska::IParticleEmitter::MatrixContext const*)	emitter	decompiled	
0x240343c	0x250343c	4848	_ZN4Aska15ParticleEmitterINS_11FeatureListINS_16ParticleFeatures5SpeedENS1_INS2_6MotionENS1_INS2_9LifeLimitENS1_INS2_4LineENS1_INS2_8DynamicsENS1_INS_24ParticleDynamicsFeatures8DynamicsENS_6StNULLEEEEEEEEEEEEEE10EmitMotionEPNS_15ParticleElementISG_EEPKNS_16IParticleEmitter11EmitContextEPSM_9StBooleanILb1EE	Aska::ParticleEmitter<Aska::FeatureList<Aska::ParticleFeatures::Speed, Aska::FeatureList<Aska::ParticleFeatures::Motion, Aska::FeatureList<Aska::ParticleFeatures::LifeLimit, Aska::FeatureList<Aska::ParticleFeatures::Line, Aska::FeatureList<Aska::ParticleFeatures::Dynamics, Aska::FeatureList<Aska::ParticleDynamicsFeatures::Dynamics, Aska::StNULL> > > > > > >::EmitMotion(Aska::ParticleElement<Aska::FeatureList<Aska::ParticleFeatures::Speed, Aska::FeatureList<Aska::ParticleFeatures::Motion, Aska::FeatureList<Aska::ParticleFeatures::LifeLimit, Aska::FeatureList<Aska::ParticleFeatures::Line, Aska::FeatureList<Aska::ParticleFeatures::Dynamics, Aska::FeatureList<Aska::ParticleDynamicsFeatures::Dynamics, Aska::StNULL> > > > > > >*, Aska::IParticleEmitter::EmitContext const*, Aska::IParticleEmitter::EmitContext*, StBoolean<true>)	emitter	decompiled	
0x2404a10	0x2504a10	944	_ZN4Aska15ParticleEmitterINS_11FeatureListINS_16ParticleFeatures5SpeedENS1_INS2_6MotionENS1_INS2_9LifeLimitENS1_INS2_4LineENS1_INS2_8DynamicsENS1_INS_24ParticleDynamicsFeatures8DynamicsENS_6StNULLEEEEEEEEEEEEEE8SimulateEf	Aska::ParticleEmitter<Aska::FeatureList<Aska::ParticleFeatures::Speed, Aska::FeatureList<Aska::ParticleFeatures::Motion, Aska::FeatureList<Aska::ParticleFeatures::LifeLimit, Aska::FeatureList<Aska::ParticleFeatures::Line, Aska::FeatureList<Aska::ParticleFeatures::Dynamics, Aska::FeatureList<Aska::ParticleDynamicsFeatures::Dynamics, Aska::StNULL> > > > > > >::Simulate(float)	simulate	native	
0x2404dc0	0x2504dc0	516	_ZN4Aska15ParticleEmitterINS_11FeatureListINS_16ParticleFeatures5SpeedENS1_INS2_6MotionENS1_INS2_9LifeLimitENS1_INS2_4LineENS1_INS2_8DynamicsENS1_INS_24ParticleDynamicsFeatures8DynamicsENS_6StNULLEEEEEEEEEEEEEE23EmitterAffectToParticleEPNS_6VectorEPNS_16IParticleEmitter13MatrixContextEf	Aska::ParticleEmitter<Aska::FeatureList<Aska::ParticleFeatures::Speed, Aska::FeatureList<Aska::ParticleFeatures::Motion, Aska::FeatureList<Aska::ParticleFeatures::LifeLimit, Aska::FeatureList<Aska::ParticleFeatures::Line, Aska::FeatureList<Aska::ParticleFeatures::Dynamics, Aska::FeatureList<Aska::ParticleDynamicsFeatures::Dynamics, Aska::StNULL> > > > > > >::EmitterAffectToParticle(Aska::Vector*, Aska::IParticleEmitter::MatrixContext*, float)	emitter	decompiled	
0x2404fc4	0x2504fc4	632	_ZN4Aska24ParticleRenderableObjectINS_11FeatureListINS_16ParticleFeatures5SpeedENS1_INS2_6MotionENS1_INS2_9LifeLimitENS1_INS2_4LineENS1_INS2_8DynamicsENS1_INS_24ParticleDynamicsFeatures8DynamicsENS_6StNULLEEEEEEEEEEEEEE15RenderProcedureEfPNS_16IParticleEmitter13MatrixContextEb	Aska::ParticleRenderableObject<Aska::FeatureList<Aska::ParticleFeatures::Speed, Aska::FeatureList<Aska::ParticleFeatures::Motion, Aska::FeatureList<Aska::ParticleFeatures::LifeLimit, Aska::FeatureList<Aska::ParticleFeatures::Line, Aska::FeatureList<Aska::ParticleFeatures::Dynamics, Aska::FeatureList<Aska::ParticleDynamicsFeatures::Dynamics, Aska::StNULL> > > > > > >::RenderProcedure(float, Aska::IParticleEmitter::MatrixContext*, bool)	emitter	decompiled	
0x2407bd4	0x2507bd4	480	_ZN4Aska15ParticleEmitterINS_11FeatureListINS_16ParticleFeatures5SpeedENS1_INS2_6MotionENS1_INS2_9LifeLimitENS1_INS2_8DynamicsENS1_INS_24ParticleDynamicsFeatures8DynamicsENS_6StNULLEEEEEEEEEEEE8EmitLinkEiPNS_16IParticleEmitter11EmitContextE	Aska::ParticleEmitter<Aska::FeatureList<Aska::ParticleFeatures::Speed, Aska::FeatureList<Aska::ParticleFeatures::Motion, Aska::FeatureList<Aska::ParticleFeatures::LifeLimit, Aska::FeatureList<Aska::ParticleFeatures::Dynamics, Aska::FeatureList<Aska::ParticleDynamicsFeatures::Dynamics, Aska::StNULL> > > > > >::EmitLink(int, Aska::IParticleEmitter::EmitContext*)	emitter	decompiled	
0x2407efc	0x2507efc	7956	_ZN4Aska15ParticleEmitterINS_11FeatureListINS_16ParticleFeatures5SpeedENS1_INS2_6MotionENS1_INS2_9LifeLimitENS1_INS2_8DynamicsENS1_INS_24ParticleDynamicsFeatures8DynamicsENS_6StNULLEEEEEEEEEEEE4EmitEiPNS_16IParticleEmitter11EmitContextEPKNSG_13MatrixContextE	Aska::ParticleEmitter<Aska::FeatureList<Aska::ParticleFeatures::Speed, Aska::FeatureList<Aska::ParticleFeatures::Motion, Aska::FeatureList<Aska::ParticleFeatures::LifeLimit, Aska::FeatureList<Aska::ParticleFeatures::Dynamics, Aska::FeatureList<Aska::ParticleDynamicsFeatures::Dynamics, Aska::StNULL> > > > > >::Emit(int, Aska::IParticleEmitter::EmitContext*, Aska::IParticleEmitter::MatrixContext const*)	emitter	decompiled	
0x2409e10	0x2509e10	4848	_ZN4Aska15ParticleEmitterINS_11FeatureListINS_16ParticleFeatures5SpeedENS1_INS2_6MotionENS1_INS2_9LifeLimitENS1_INS2_8DynamicsENS1_INS_24ParticleDynamicsFeatures8DynamicsENS_6StNULLEEEEEEEEEEEE10EmitMotionEPNS_15ParticleElementISE_EEPKNS_16IParticleEmitter11EmitContextEPSK_9StBooleanILb1EE	Aska::ParticleEmitter<Aska::FeatureList<Aska::ParticleFeatures::Speed, Aska::FeatureList<Aska::ParticleFeatures::Motion, Aska::FeatureList<Aska::ParticleFeatures::LifeLimit, Aska::FeatureList<Aska::ParticleFeatures::Dynamics, Aska::FeatureList<Aska::ParticleDynamicsFeatures::Dynamics, Aska::StNULL> > > > > >::EmitMotion(Aska::ParticleElement<Aska::FeatureList<Aska::ParticleFeatures::Speed, Aska::FeatureList<Aska::ParticleFeatures::Motion, Aska::FeatureList<Aska::ParticleFeatures::LifeLimit, Aska::FeatureList<Aska::ParticleFeatures::Dynamics, Aska::FeatureList<Aska::ParticleDynamicsFeatures::Dynamics, Aska::StNULL> > > > > >*, Aska::IParticleEmitter::EmitContext const*, Aska::IParticleEmitter::EmitContext*, StBoolean<true>)	emitter	decompiled	
0x240b3e4	0x250b3e4	944	_ZN4Aska15ParticleEmitterINS_11FeatureListINS_16ParticleFeatures5SpeedENS1_INS2_6MotionENS1_INS2_9LifeLimitENS1_INS2_8DynamicsENS1_INS_24ParticleDynamicsFeatures8DynamicsENS_6StNULLEEEEEEEEEEEE8SimulateEf	Aska::ParticleEmitter<Aska::FeatureList<Aska::ParticleFeatures::Speed, Aska::FeatureList<Aska::ParticleFeatures::Motion, Aska::FeatureList<Aska::ParticleFeatures::LifeLimit, Aska::FeatureList<Aska::ParticleFeatures::Dynamics, Aska::FeatureList<Aska::ParticleDynamicsFeatures::Dynamics, Aska::StNULL> > > > > >::Simulate(float)	simulate	native	
0x240b794	0x250b794	516	_ZN4Aska15ParticleEmitterINS_11FeatureListINS_16ParticleFeatures5SpeedENS1_INS2_6MotionENS1_INS2_9LifeLimitENS1_INS2_8DynamicsENS1_INS_24ParticleDynamicsFeatures8DynamicsENS_6StNULLEEEEEEEEEEEE23EmitterAffectToParticleEPNS_6VectorEPNS_16IParticleEmitter13MatrixContextEf	Aska::ParticleEmitter<Aska::FeatureList<Aska::ParticleFeatures::Speed, Aska::FeatureList<Aska::ParticleFeatures::Motion, Aska::FeatureList<Aska::ParticleFeatures::LifeLimit, Aska::FeatureList<Aska::ParticleFeatures::Dynamics, Aska::FeatureList<Aska::ParticleDynamicsFeatures::Dynamics, Aska::StNULL> > > > > >::EmitterAffectToParticle(Aska::Vector*, Aska::IParticleEmitter::MatrixContext*, float)	emitter	decompiled	
0x240b998	0x250b998	632	_ZN4Aska24ParticleRenderableObjectINS_11FeatureListINS_16ParticleFeatures5SpeedENS1_INS2_6MotionENS1_INS2_9LifeLimitENS1_INS2_8DynamicsENS1_INS_24ParticleDynamicsFeatures8DynamicsENS_6StNULLEEEEEEEEEEEE15RenderProcedureEfPNS_16IParticleEmitter13MatrixContextEb	Aska::ParticleRenderableObject<Aska::FeatureList<Aska::ParticleFeatures::Speed, Aska::FeatureList<Aska::ParticleFeatures::Motion, Aska::FeatureList<Aska::ParticleFeatures::LifeLimit, Aska::FeatureList<Aska::ParticleFeatures::Dynamics, Aska::FeatureList<Aska::ParticleDynamicsFeatures::Dynamics, Aska::StNULL> > > > > >::RenderProcedure(float, Aska::IParticleEmitter::MatrixContext*, bool)	emitter	decompiled	
0x240e610	0x250e610	480	_ZN4Aska15ParticleEmitterINS_11FeatureListINS_16ParticleFeatures5SpeedENS1_INS2_6MotionENS1_INS2_4LineENS1_INS2_8DynamicsENS1_INS_24ParticleDynamicsFeatures8DynamicsENS_6StNULLEEEEEEEEEEEE8EmitLinkEiPNS_16IParticleEmitter11EmitContextE	Aska::ParticleEmitter<Aska::FeatureList<Aska::ParticleFeatures::Speed, Aska::FeatureList<Aska::ParticleFeatures::Motion, Aska::FeatureList<Aska::ParticleFeatures::Line, Aska::FeatureList<Aska::ParticleFeatures::Dynamics, Aska::FeatureList<Aska::ParticleDynamicsFeatures::Dynamics, Aska::StNULL> > > > > >::EmitLink(int, Aska::IParticleEmitter::EmitContext*)	emitter	decompiled	
0x240e938	0x250e938	8176	_ZN4Aska15ParticleEmitterINS_11FeatureListINS_16ParticleFeatures5SpeedENS1_INS2_6MotionENS1_INS2_4LineENS1_INS2_8DynamicsENS1_INS_24ParticleDynamicsFeatures8DynamicsENS_6StNULLEEEEEEEEEEEE4EmitEiPNS_16IParticleEmitter11EmitContextEPKNSG_13MatrixContextE	Aska::ParticleEmitter<Aska::FeatureList<Aska::ParticleFeatures::Speed, Aska::FeatureList<Aska::ParticleFeatures::Motion, Aska::FeatureList<Aska::ParticleFeatures::Line, Aska::FeatureList<Aska::ParticleFeatures::Dynamics, Aska::FeatureList<Aska::ParticleDynamicsFeatures::Dynamics, Aska::StNULL> > > > > >::Emit(int, Aska::IParticleEmitter::EmitContext*, Aska::IParticleEmitter::MatrixContext const*)	emitter	decompiled	
0x2410928	0x2510928	4848	_ZN4Aska15ParticleEmitterINS_11FeatureListINS_16ParticleFeatures5SpeedENS1_INS2_6MotionENS1_INS2_4LineENS1_INS2_8DynamicsENS1_INS_24ParticleDynamicsFeatures8DynamicsENS_6StNULLEEEEEEEEEEEE10EmitMotionEPNS_15ParticleElementISE_EEPKNS_16IParticleEmitter11EmitContextEPSK_9StBooleanILb1EE	Aska::ParticleEmitter<Aska::FeatureList<Aska::ParticleFeatures::Speed, Aska::FeatureList<Aska::ParticleFeatures::Motion, Aska::FeatureList<Aska::ParticleFeatures::Line, Aska::FeatureList<Aska::ParticleFeatures::Dynamics, Aska::FeatureList<Aska::ParticleDynamicsFeatures::Dynamics, Aska::StNULL> > > > > >::EmitMotion(Aska::ParticleElement<Aska::FeatureList<Aska::ParticleFeatures::Speed, Aska::FeatureList<Aska::ParticleFeatures::Motion, Aska::FeatureList<Aska::ParticleFeatures::Line, Aska::FeatureList<Aska::ParticleFeatures::Dynamics, Aska::FeatureList<Aska::ParticleDynamicsFeatures::Dynamics, Aska::StNULL> > > > > >*, Aska::IParticleEmitter::EmitContext const*, Aska::IParticleEmitter::EmitContext*, StBoolean<true>)	emitter	decompiled	
0x2411efc	0x2511efc	944	_ZN4Aska15ParticleEmitterINS_11FeatureListINS_16ParticleFeatures5SpeedENS1_INS2_6MotionENS1_INS2_4LineENS1_INS2_8DynamicsENS1_INS_24ParticleDynamicsFeatures8DynamicsENS_6StNULLEEEEEEEEEEEE8SimulateEf	Aska::ParticleEmitter<Aska::FeatureList<Aska::ParticleFeatures::Speed, Aska::FeatureList<Aska::ParticleFeatures::Motion, Aska::FeatureList<Aska::ParticleFeatures::Line, Aska::FeatureList<Aska::ParticleFeatures::Dynamics, Aska::FeatureList<Aska::ParticleDynamicsFeatures::Dynamics, Aska::StNULL> > > > > >::Simulate(float)	simulate	native	
0x24122ac	0x25122ac	516	_ZN4Aska15ParticleEmitterINS_11FeatureListINS_16ParticleFeatures5SpeedENS1_INS2_6MotionENS1_INS2_4LineENS1_INS2_8DynamicsENS1_INS_24ParticleDynamicsFeatures8DynamicsENS_6StNULLEEEEEEEEEEEE23EmitterAffectToParticleEPNS_6VectorEPNS_16IParticleEmitter13MatrixContextEf	Aska::ParticleEmitter<Aska::FeatureList<Aska::ParticleFeatures::Speed, Aska::FeatureList<Aska::ParticleFeatures::Motion, Aska::FeatureList<Aska::ParticleFeatures::Line, Aska::FeatureList<Aska::ParticleFeatures::Dynamics, Aska::FeatureList<Aska::ParticleDynamicsFeatures::Dynamics, Aska::StNULL> > > > > >::EmitterAffectToParticle(Aska::Vector*, Aska::IParticleEmitter::MatrixContext*, float)	emitter	decompiled	
0x24124b0	0x25124b0	632	_ZN4Aska24ParticleRenderableObjectINS_11FeatureListINS_16ParticleFeatures5SpeedENS1_INS2_6MotionENS1_INS2_4LineENS1_INS2_8DynamicsENS1_INS_24ParticleDynamicsFeatures8DynamicsENS_6StNULLEEEEEEEEEEEE15RenderProcedureEfPNS_16IParticleEmitter13MatrixContextEb	Aska::ParticleRenderableObject<Aska::FeatureList<Aska::ParticleFeatures::Speed, Aska::FeatureList<Aska::ParticleFeatures::Motion, Aska::FeatureList<Aska::ParticleFeatures::Line, Aska::FeatureList<Aska::ParticleFeatures::Dynamics, Aska::FeatureList<Aska::ParticleDynamicsFeatures::Dynamics, Aska::StNULL> > > > > >::RenderProcedure(float, Aska::IParticleEmitter::MatrixContext*, bool)	emitter	decompiled	
0x24147ac	0x25147ac	480	_ZN4Aska15ParticleEmitterINS_11FeatureListINS_16ParticleFeatures5SpeedENS1_INS2_6MotionENS1_INS2_8DynamicsENS1_INS_24ParticleDynamicsFeatures8DynamicsENS_6StNULLEEEEEEEEEE8EmitLinkEiPNS_16IParticleEmitter11EmitContextE	Aska::ParticleEmitter<Aska::FeatureList<Aska::ParticleFeatures::Speed, Aska::FeatureList<Aska::ParticleFeatures::Motion, Aska::FeatureList<Aska::ParticleFeatures::Dynamics, Aska::FeatureList<Aska::ParticleDynamicsFeatures::Dynamics, Aska::StNULL> > > > >::EmitLink(int, Aska::IParticleEmitter::EmitContext*)	emitter	decompiled	
0x2414ad4	0x2514ad4	7948	_ZN4Aska15ParticleEmitterINS_11FeatureListINS_16ParticleFeatures5SpeedENS1_INS2_6MotionENS1_INS2_8DynamicsENS1_INS_24ParticleDynamicsFeatures8DynamicsENS_6StNULLEEEEEEEEEE4EmitEiPNS_16IParticleEmitter11EmitContextEPKNSE_13MatrixContextE	Aska::ParticleEmitter<Aska::FeatureList<Aska::ParticleFeatures::Speed, Aska::FeatureList<Aska::ParticleFeatures::Motion, Aska::FeatureList<Aska::ParticleFeatures::Dynamics, Aska::FeatureList<Aska::ParticleDynamicsFeatures::Dynamics, Aska::StNULL> > > > >::Emit(int, Aska::IParticleEmitter::EmitContext*, Aska::IParticleEmitter::MatrixContext const*)	emitter	decompiled	
0x24169e0	0x25169e0	4848	_ZN4Aska15ParticleEmitterINS_11FeatureListINS_16ParticleFeatures5SpeedENS1_INS2_6MotionENS1_INS2_8DynamicsENS1_INS_24ParticleDynamicsFeatures8DynamicsENS_6StNULLEEEEEEEEEE10EmitMotionEPNS_15ParticleElementISC_EEPKNS_16IParticleEmitter11EmitContextEPSI_9StBooleanILb1EE	Aska::ParticleEmitter<Aska::FeatureList<Aska::ParticleFeatures::Speed, Aska::FeatureList<Aska::ParticleFeatures::Motion, Aska::FeatureList<Aska::ParticleFeatures::Dynamics, Aska::FeatureList<Aska::ParticleDynamicsFeatures::Dynamics, Aska::StNULL> > > > >::EmitMotion(Aska::ParticleElement<Aska::FeatureList<Aska::ParticleFeatures::Speed, Aska::FeatureList<Aska::ParticleFeatures::Motion, Aska::FeatureList<Aska::ParticleFeatures::Dynamics, Aska::FeatureList<Aska::ParticleDynamicsFeatures::Dynamics, Aska::StNULL> > > > >*, Aska::IParticleEmitter::EmitContext const*, Aska::IParticleEmitter::EmitContext*, StBoolean<true>)	emitter	decompiled	
0x2417fb4	0x2517fb4	944	_ZN4Aska15ParticleEmitterINS_11FeatureListINS_16ParticleFeatures5SpeedENS1_INS2_6MotionENS1_INS2_8DynamicsENS1_INS_24ParticleDynamicsFeatures8DynamicsENS_6StNULLEEEEEEEEEE8SimulateEf	Aska::ParticleEmitter<Aska::FeatureList<Aska::ParticleFeatures::Speed, Aska::FeatureList<Aska::ParticleFeatures::Motion, Aska::FeatureList<Aska::ParticleFeatures::Dynamics, Aska::FeatureList<Aska::ParticleDynamicsFeatures::Dynamics, Aska::StNULL> > > > >::Simulate(float)	simulate	native	
0x2418364	0x2518364	516	_ZN4Aska15ParticleEmitterINS_11FeatureListINS_16ParticleFeatures5SpeedENS1_INS2_6MotionENS1_INS2_8DynamicsENS1_INS_24ParticleDynamicsFeatures8DynamicsENS_6StNULLEEEEEEEEEE23EmitterAffectToParticleEPNS_6VectorEPNS_16IParticleEmitter13MatrixContextEf	Aska::ParticleEmitter<Aska::FeatureList<Aska::ParticleFeatures::Speed, Aska::FeatureList<Aska::ParticleFeatures::Motion, Aska::FeatureList<Aska::ParticleFeatures::Dynamics, Aska::FeatureList<Aska::ParticleDynamicsFeatures::Dynamics, Aska::StNULL> > > > >::EmitterAffectToParticle(Aska::Vector*, Aska::IParticleEmitter::MatrixContext*, float)	emitter	decompiled	
0x2418568	0x2518568	632	_ZN4Aska24ParticleRenderableObjectINS_11FeatureListINS_16ParticleFeatures5SpeedENS1_INS2_6MotionENS1_INS2_8DynamicsENS1_INS_24ParticleDynamicsFeatures8DynamicsENS_6StNULLEEEEEEEEEE15RenderProcedureEfPNS_16IParticleEmitter13MatrixContextEb	Aska::ParticleRenderableObject<Aska::FeatureList<Aska::ParticleFeatures::Speed, Aska::FeatureList<Aska::ParticleFeatures::Motion, Aska::FeatureList<Aska::ParticleFeatures::Dynamics, Aska::FeatureList<Aska::ParticleDynamicsFeatures::Dynamics, Aska::StNULL> > > > >::RenderProcedure(float, Aska::IParticleEmitter::MatrixContext*, bool)	emitter	decompiled	
0x241957c	0x251957c	460	_ZN4Aska15ParticleManager14CreateParticleINS_11FeatureListINS_16ParticleFeatures5SpeedENS2_INS3_6MotionENS2_INS3_8RotationENS2_INS3_9LifeLimitENS2_INS3_4LineENS_6StNULLEEEEEEEEEEEEEPNS_15ParticleEmitterIT_EEPKNS_3AFF18AsfParticleEmitterE	Aska::ParticleEmitter<Aska::FeatureList<Aska::ParticleFeatures::Speed, Aska::FeatureList<Aska::ParticleFeatures::Motion, Aska::FeatureList<Aska::ParticleFeatures::Rotation, Aska::FeatureList<Aska::ParticleFeatures::LifeLimit, Aska::FeatureList<Aska::ParticleFeatures::Line, Aska::StNULL> > > > > >* Aska::ParticleManager::CreateParticle<Aska::FeatureList<Aska::ParticleFeatures::Speed, Aska::FeatureList<Aska::ParticleFeatures::Motion, Aska::FeatureList<Aska::ParticleFeatures::Rotation, Aska::FeatureList<Aska::ParticleFeatures::LifeLimit, Aska::FeatureList<Aska::ParticleFeatures::Line, Aska::StNULL> > > > > >(Aska::AFF::AsfParticleEmitter const*)	manager	decompiled	
0x2419748	0x2519748	428	_ZN4Aska15ParticleManager14CreateParticleINS_11FeatureListINS_16ParticleFeatures5SpeedENS2_INS3_6MotionENS2_INS3_8RotationENS2_INS3_9LifeLimitENS_6StNULLEEEEEEEEEEEPNS_15ParticleEmitterIT_EEPKNS_3AFF18AsfParticleEmitterE	Aska::ParticleEmitter<Aska::FeatureList<Aska::ParticleFeatures::Speed, Aska::FeatureList<Aska::ParticleFeatures::Motion, Aska::FeatureList<Aska::ParticleFeatures::Rotation, Aska::FeatureList<Aska::ParticleFeatures::LifeLimit, Aska::StNULL> > > > >* Aska::ParticleManager::CreateParticle<Aska::FeatureList<Aska::ParticleFeatures::Speed, Aska::FeatureList<Aska::ParticleFeatures::Motion, Aska::FeatureList<Aska::ParticleFeatures::Rotation, Aska::FeatureList<Aska::ParticleFeatures::LifeLimit, Aska::StNULL> > > > >(Aska::AFF::AsfParticleEmitter const*)	manager	decompiled	
0x24198f4	0x25198f4	448	_ZN4Aska15ParticleManager14CreateParticleINS_11FeatureListINS_16ParticleFeatures5SpeedENS2_INS3_6MotionENS2_INS3_8RotationENS2_INS3_4LineENS_6StNULLEEEEEEEEEEEPNS_15ParticleEmitterIT_EEPKNS_3AFF18AsfParticleEmitterE	Aska::ParticleEmitter<Aska::FeatureList<Aska::ParticleFeatures::Speed, Aska::FeatureList<Aska::ParticleFeatures::Motion, Aska::FeatureList<Aska::ParticleFeatures::Rotation, Aska::FeatureList<Aska::ParticleFeatures::Line, Aska::StNULL> > > > >* Aska::ParticleManager::CreateParticle<Aska::FeatureList<Aska::ParticleFeatures::Speed, Aska::FeatureList<Aska::ParticleFeatures::Motion, Aska::FeatureList<Aska::ParticleFeatures::Rotation, Aska::FeatureList<Aska::ParticleFeatures::Line, Aska::StNULL> > > > >(Aska::AFF::AsfParticleEmitter const*)	manager	decompiled	
0x2419ab4	0x2519ab4	416	_ZN4Aska15ParticleManager14CreateParticleINS_11FeatureListINS_16ParticleFeatures5SpeedENS2_INS3_6MotionENS2_INS3_8RotationENS_6StNULLEEEEEEEEEPNS_15ParticleEmitterIT_EEPKNS_3AFF18AsfParticleEmitterE	Aska::ParticleEmitter<Aska::FeatureList<Aska::ParticleFeatures::Speed, Aska::FeatureList<Aska::ParticleFeatures::Motion, Aska::FeatureList<Aska::ParticleFeatures::Rotation, Aska::StNULL> > > >* Aska::ParticleManager::CreateParticle<Aska::FeatureList<Aska::ParticleFeatures::Speed, Aska::FeatureList<Aska::ParticleFeatures::Motion, Aska::FeatureList<Aska::ParticleFeatures::Rotation, Aska::StNULL> > > >(Aska::AFF::AsfParticleEmitter const*)	manager	decompiled	
0x241b130	0x251b130	480	_ZN4Aska15ParticleEmitterINS_11FeatureListINS_16ParticleFeatures5SpeedENS1_INS2_6MotionENS1_INS2_8RotationENS1_INS2_9LifeLimitENS1_INS2_4LineENS_6StNULLEEEEEEEEEEEE8EmitLinkEiPNS_16IParticleEmitter11EmitContextE	Aska::ParticleEmitter<Aska::FeatureList<Aska::ParticleFeatures::Speed, Aska::FeatureList<Aska::ParticleFeatures::Motion, Aska::FeatureList<Aska::ParticleFeatures::Rotation, Aska::FeatureList<Aska::ParticleFeatures::LifeLimit, Aska::FeatureList<Aska::ParticleFeatures::Line, Aska::StNULL> > > > > >::EmitLink(int, Aska::IParticleEmitter::EmitContext*)	emitter	decompiled	
0x241b440	0x251b440	8272	_ZN4Aska15ParticleEmitterINS_11FeatureListINS_16ParticleFeatures5SpeedENS1_INS2_6MotionENS1_INS2_8RotationENS1_INS2_9LifeLimitENS1_INS2_4LineENS_6StNULLEEEEEEEEEEEE4EmitEiPNS_16IParticleEmitter11EmitContextEPKNSF_13MatrixContextE	Aska::ParticleEmitter<Aska::FeatureList<Aska::ParticleFeatures::Speed, Aska::FeatureList<Aska::ParticleFeatures::Motion, Aska::FeatureList<Aska::ParticleFeatures::Rotation, Aska::FeatureList<Aska::ParticleFeatures::LifeLimit, Aska::FeatureList<Aska::ParticleFeatures::Line, Aska::StNULL> > > > > >::Emit(int, Aska::IParticleEmitter::EmitContext*, Aska::IParticleEmitter::MatrixContext const*)	emitter	decompiled	
0x241d490	0x251d490	4848	_ZN4Aska15ParticleEmitterINS_11FeatureListINS_16ParticleFeatures5SpeedENS1_INS2_6MotionENS1_INS2_8RotationENS1_INS2_9LifeLimitENS1_INS2_4LineENS_6StNULLEEEEEEEEEEEE10EmitMotionEPNS_15ParticleElementISD_EEPKNS_16IParticleEmitter11EmitContextEPSJ_9StBooleanILb1EE	Aska::ParticleEmitter<Aska::FeatureList<Aska::ParticleFeatures::Speed, Aska::FeatureList<Aska::ParticleFeatures::Motion, Aska::FeatureList<Aska::ParticleFeatures::Rotation, Aska::FeatureList<Aska::ParticleFeatures::LifeLimit, Aska::FeatureList<Aska::ParticleFeatures::Line, Aska::StNULL> > > > > >::EmitMotion(Aska::ParticleElement<Aska::FeatureList<Aska::ParticleFeatures::Speed, Aska::FeatureList<Aska::ParticleFeatures::Motion, Aska::FeatureList<Aska::ParticleFeatures::Rotation, Aska::FeatureList<Aska::ParticleFeatures::LifeLimit, Aska::FeatureList<Aska::ParticleFeatures::Line, Aska::StNULL> > > > > >*, Aska::IParticleEmitter::EmitContext const*, Aska::IParticleEmitter::EmitContext*, StBoolean<true>)	emitter	decompiled	
0x241e780	0x251e780	2008	_ZN4Aska15ParticleEmitterINS_11FeatureListINS_16ParticleFeatures5SpeedENS1_INS2_6MotionENS1_INS2_8RotationENS1_INS2_9LifeLimitENS1_INS2_4LineENS_6StNULLEEEEEEEEEEEE12EmitRotationEPNS_15ParticleElementISD_EEPKNS_16IParticleEmitter11EmitContextEPSJ_9StBooleanILb1EE	Aska::ParticleEmitter<Aska::FeatureList<Aska::ParticleFeatures::Speed, Aska::FeatureList<Aska::ParticleFeatures::Motion, Aska::FeatureList<Aska::ParticleFeatures::Rotation, Aska::FeatureList<Aska::ParticleFeatures::LifeLimit, Aska::FeatureList<Aska::ParticleFeatures::Line, Aska::StNULL> > > > > >::EmitRotation(Aska::ParticleElement<Aska::FeatureList<Aska::ParticleFeatures::Speed, Aska::FeatureList<Aska::ParticleFeatures::Motion, Aska::FeatureList<Aska::ParticleFeatures::Rotation, Aska::FeatureList<Aska::ParticleFeatures::LifeLimit, Aska::FeatureList<Aska::ParticleFeatures::Line, Aska::StNULL> > > > > >*, Aska::IParticleEmitter::EmitContext const*, Aska::IParticleEmitter::EmitContext*, StBoolean<true>)	emitter	decompiled	
0x241ef58	0x251ef58	484	_ZN4Aska15ParticleEmitterINS_11FeatureListINS_16ParticleFeatures5SpeedENS1_INS2_6MotionENS1_INS2_8RotationENS1_INS2_9LifeLimitENS1_INS2_4LineENS_6StNULLEEEEEEEEEEEE26LineSpeedAffectionRotationEPNS_15ParticleElementISD_EEPKNS_16IParticleEmitter11EmitContextEPNS_6VectorE9StBooleanILb1EE	Aska::ParticleEmitter<Aska::FeatureList<Aska::ParticleFeatures::Speed, Aska::FeatureList<Aska::ParticleFeatures::Motion, Aska::FeatureList<Aska::ParticleFeatures::Rotation, Aska::FeatureList<Aska::ParticleFeatures::LifeLimit, Aska::FeatureList<Aska::ParticleFeatures::Line, Aska::StNULL> > > > > >::LineSpeedAffectionRotation(Aska::ParticleElement<Aska::FeatureList<Aska::ParticleFeatures::Speed, Aska::FeatureList<Aska::ParticleFeatures::Motion, Aska::FeatureList<Aska::ParticleFeatures::Rotation, Aska::FeatureList<Aska::ParticleFeatures::LifeLimit, Aska::FeatureList<Aska::ParticleFeatures::Line, Aska::StNULL> > > > > >*, Aska::IParticleEmitter::EmitContext const*, Aska::Vector*, StBoolean<true>)	emitter	decompiled	
0x241f694	0x251f694	944	_ZN4Aska15ParticleEmitterINS_11FeatureListINS_16ParticleFeatures5SpeedENS1_INS2_6MotionENS1_INS2_8RotationENS1_INS2_9LifeLimitENS1_INS2_4LineENS_6StNULLEEEEEEEEEEEE8SimulateEf	Aska::ParticleEmitter<Aska::FeatureList<Aska::ParticleFeatures::Speed, Aska::FeatureList<Aska::ParticleFeatures::Motion, Aska::FeatureList<Aska::ParticleFeatures::Rotation, Aska::FeatureList<Aska::ParticleFeatures::LifeLimit, Aska::FeatureList<Aska::ParticleFeatures::Line, Aska::StNULL> > > > > >::Simulate(float)	simulate	native	
0x241fa44	0x251fa44	516	_ZN4Aska15ParticleEmitterINS_11FeatureListINS_16ParticleFeatures5SpeedENS1_INS2_6MotionENS1_INS2_8RotationENS1_INS2_9LifeLimitENS1_INS2_4LineENS_6StNULLEEEEEEEEEEEE23EmitterAffectToParticleEPNS_6VectorEPNS_16IParticleEmitter13MatrixContextEf	Aska::ParticleEmitter<Aska::FeatureList<Aska::ParticleFeatures::Speed, Aska::FeatureList<Aska::ParticleFeatures::Motion, Aska::FeatureList<Aska::ParticleFeatures::Rotation, Aska::FeatureList<Aska::ParticleFeatures::LifeLimit, Aska::FeatureList<Aska::ParticleFeatures::Line, Aska::StNULL> > > > > >::EmitterAffectToParticle(Aska::Vector*, Aska::IParticleEmitter::MatrixContext*, float)	emitter	decompiled	
0x241fc48	0x251fc48	616	_ZN4Aska24ParticleRenderableObjectINS_11FeatureListINS_16ParticleFeatures5SpeedENS1_INS2_6MotionENS1_INS2_8RotationENS1_INS2_9LifeLimitENS1_INS2_4LineENS_6StNULLEEEEEEEEEEEE15RenderProcedureEfPNS_16IParticleEmitter13MatrixContextEb	Aska::ParticleRenderableObject<Aska::FeatureList<Aska::ParticleFeatures::Speed, Aska::FeatureList<Aska::ParticleFeatures::Motion, Aska::FeatureList<Aska::ParticleFeatures::Rotation, Aska::FeatureList<Aska::ParticleFeatures::LifeLimit, Aska::FeatureList<Aska::ParticleFeatures::Line, Aska::StNULL> > > > > >::RenderProcedure(float, Aska::IParticleEmitter::MatrixContext*, bool)	emitter	decompiled	
0x24228d8	0x25228d8	480	_ZN4Aska15ParticleEmitterINS_11FeatureListINS_16ParticleFeatures5SpeedENS1_INS2_6MotionENS1_INS2_8RotationENS1_INS2_9LifeLimitENS_6StNULLEEEEEEEEEE8EmitLinkEiPNS_16IParticleEmitter11EmitContextE	Aska::ParticleEmitter<Aska::FeatureList<Aska::ParticleFeatures::Speed, Aska::FeatureList<Aska::ParticleFeatures::Motion, Aska::FeatureList<Aska::ParticleFeatures::Rotation, Aska::FeatureList<Aska::ParticleFeatures::LifeLimit, Aska::StNULL> > > > >::EmitLink(int, Aska::IParticleEmitter::EmitContext*)	emitter	decompiled	
0x2422be8	0x2522be8	8044	_ZN4Aska15ParticleEmitterINS_11FeatureListINS_16ParticleFeatures5SpeedENS1_INS2_6MotionENS1_INS2_8RotationENS1_INS2_9LifeLimitENS_6StNULLEEEEEEEEEE4EmitEiPNS_16IParticleEmitter11EmitContextEPKNSD_13MatrixContextE	Aska::ParticleEmitter<Aska::FeatureList<Aska::ParticleFeatures::Speed, Aska::FeatureList<Aska::ParticleFeatures::Motion, Aska::FeatureList<Aska::ParticleFeatures::Rotation, Aska::FeatureList<Aska::ParticleFeatures::LifeLimit, Aska::StNULL> > > > >::Emit(int, Aska::IParticleEmitter::EmitContext*, Aska::IParticleEmitter::MatrixContext const*)	emitter	decompiled	
0x2424b54	0x2524b54	4848	_ZN4Aska15ParticleEmitterINS_11FeatureListINS_16ParticleFeatures5SpeedENS1_INS2_6MotionENS1_INS2_8RotationENS1_INS2_9LifeLimitENS_6StNULLEEEEEEEEEE10EmitMotionEPNS_15ParticleElementISB_EEPKNS_16IParticleEmitter11EmitContextEPSH_9StBooleanILb1EE	Aska::ParticleEmitter<Aska::FeatureList<Aska::ParticleFeatures::Speed, Aska::FeatureList<Aska::ParticleFeatures::Motion, Aska::FeatureList<Aska::ParticleFeatures::Rotation, Aska::FeatureList<Aska::ParticleFeatures::LifeLimit, Aska::StNULL> > > > >::EmitMotion(Aska::ParticleElement<Aska::FeatureList<Aska::ParticleFeatures::Speed, Aska::FeatureList<Aska::ParticleFeatures::Motion, Aska::FeatureList<Aska::ParticleFeatures::Rotation, Aska::FeatureList<Aska::ParticleFeatures::LifeLimit, Aska::StNULL> > > > >*, Aska::IParticleEmitter::EmitContext const*, Aska::IParticleEmitter::EmitContext*, StBoolean<true>)	emitter	decompiled	
0x2425e44	0x2525e44	2008	_ZN4Aska15ParticleEmitterINS_11FeatureListINS_16ParticleFeatures5SpeedENS1_INS2_6MotionENS1_INS2_8RotationENS1_INS2_9LifeLimitENS_6StNULLEEEEEEEEEE12EmitRotationEPNS_15ParticleElementISB_EEPKNS_16IParticleEmitter11EmitContextEPSH_9StBooleanILb1EE	Aska::ParticleEmitter<Aska::FeatureList<Aska::ParticleFeatures::Speed, Aska::FeatureList<Aska::ParticleFeatures::Motion, Aska::FeatureList<Aska::ParticleFeatures::Rotation, Aska::FeatureList<Aska::ParticleFeatures::LifeLimit, Aska::StNULL> > > > >::EmitRotation(Aska::ParticleElement<Aska::FeatureList<Aska::ParticleFeatures::Speed, Aska::FeatureList<Aska::ParticleFeatures::Motion, Aska::FeatureList<Aska::ParticleFeatures::Rotation, Aska::FeatureList<Aska::ParticleFeatures::LifeLimit, Aska::StNULL> > > > >*, Aska::IParticleEmitter::EmitContext const*, Aska::IParticleEmitter::EmitContext*, StBoolean<true>)	emitter	decompiled	
0x242661c	0x252661c	484	_ZN4Aska15ParticleEmitterINS_11FeatureListINS_16ParticleFeatures5SpeedENS1_INS2_6MotionENS1_INS2_8RotationENS1_INS2_9LifeLimitENS_6StNULLEEEEEEEEEE26LineSpeedAffectionRotationEPNS_15ParticleElementISB_EEPKNS_16IParticleEmitter11EmitContextEPNS_6VectorE9StBooleanILb1EE	Aska::ParticleEmitter<Aska::FeatureList<Aska::ParticleFeatures::Speed, Aska::FeatureList<Aska::ParticleFeatures::Motion, Aska::FeatureList<Aska::ParticleFeatures::Rotation, Aska::FeatureList<Aska::ParticleFeatures::LifeLimit, Aska::StNULL> > > > >::LineSpeedAffectionRotation(Aska::ParticleElement<Aska::FeatureList<Aska::ParticleFeatures::Speed, Aska::FeatureList<Aska::ParticleFeatures::Motion, Aska::FeatureList<Aska::ParticleFeatures::Rotation, Aska::FeatureList<Aska::ParticleFeatures::LifeLimit, Aska::StNULL> > > > >*, Aska::IParticleEmitter::EmitContext const*, Aska::Vector*, StBoolean<true>)	emitter	decompiled	
0x2426d58	0x2526d58	944	_ZN4Aska15ParticleEmitterINS_11FeatureListINS_16ParticleFeatures5SpeedENS1_INS2_6MotionENS1_INS2_8RotationENS1_INS2_9LifeLimitENS_6StNULLEEEEEEEEEE8SimulateEf	Aska::ParticleEmitter<Aska::FeatureList<Aska::ParticleFeatures::Speed, Aska::FeatureList<Aska::ParticleFeatures::Motion, Aska::FeatureList<Aska::ParticleFeatures::Rotation, Aska::FeatureList<Aska::ParticleFeatures::LifeLimit, Aska::StNULL> > > > >::Simulate(float)	simulate	native	
0x2427108	0x2527108	516	_ZN4Aska15ParticleEmitterINS_11FeatureListINS_16ParticleFeatures5SpeedENS1_INS2_6MotionENS1_INS2_8RotationENS1_INS2_9LifeLimitENS_6StNULLEEEEEEEEEE23EmitterAffectToParticleEPNS_6VectorEPNS_16IParticleEmitter13MatrixContextEf	Aska::ParticleEmitter<Aska::FeatureList<Aska::ParticleFeatures::Speed, Aska::FeatureList<Aska::ParticleFeatures::Motion, Aska::FeatureList<Aska::ParticleFeatures::Rotation, Aska::FeatureList<Aska::ParticleFeatures::LifeLimit, Aska::StNULL> > > > >::EmitterAffectToParticle(Aska::Vector*, Aska::IParticleEmitter::MatrixContext*, float)	emitter	decompiled	
0x242730c	0x252730c	616	_ZN4Aska24ParticleRenderableObjectINS_11FeatureListINS_16ParticleFeatures5SpeedENS1_INS2_6MotionENS1_INS2_8RotationENS1_INS2_9LifeLimitENS_6StNULLEEEEEEEEEE15RenderProcedureEfPNS_16IParticleEmitter13MatrixContextEb	Aska::ParticleRenderableObject<Aska::FeatureList<Aska::ParticleFeatures::Speed, Aska::FeatureList<Aska::ParticleFeatures::Motion, Aska::FeatureList<Aska::ParticleFeatures::Rotation, Aska::FeatureList<Aska::ParticleFeatures::LifeLimit, Aska::StNULL> > > > >::RenderProcedure(float, Aska::IParticleEmitter::MatrixContext*, bool)	emitter	decompiled	
0x242a004	0x252a004	480	_ZN4Aska15ParticleEmitterINS_11FeatureListINS_16ParticleFeatures5SpeedENS1_INS2_6MotionENS1_INS2_8RotationENS1_INS2_4LineENS_6StNULLEEEEEEEEEE8EmitLinkEiPNS_16IParticleEmitter11EmitContextE	Aska::ParticleEmitter<Aska::FeatureList<Aska::ParticleFeatures::Speed, Aska::FeatureList<Aska::ParticleFeatures::Motion, Aska::FeatureList<Aska::ParticleFeatures::Rotation, Aska::FeatureList<Aska::ParticleFeatures::Line, Aska::StNULL> > > > >::EmitLink(int, Aska::IParticleEmitter::EmitContext*)	emitter	decompiled	
0x242a314	0x252a314	8264	_ZN4Aska15ParticleEmitterINS_11FeatureListINS_16ParticleFeatures5SpeedENS1_INS2_6MotionENS1_INS2_8RotationENS1_INS2_4LineENS_6StNULLEEEEEEEEEE4EmitEiPNS_16IParticleEmitter11EmitContextEPKNSD_13MatrixContextE	Aska::ParticleEmitter<Aska::FeatureList<Aska::ParticleFeatures::Speed, Aska::FeatureList<Aska::ParticleFeatures::Motion, Aska::FeatureList<Aska::ParticleFeatures::Rotation, Aska::FeatureList<Aska::ParticleFeatures::Line, Aska::StNULL> > > > >::Emit(int, Aska::IParticleEmitter::EmitContext*, Aska::IParticleEmitter::MatrixContext const*)	emitter	decompiled	
0x242c35c	0x252c35c	4848	_ZN4Aska15ParticleEmitterINS_11FeatureListINS_16ParticleFeatures5SpeedENS1_INS2_6MotionENS1_INS2_8RotationENS1_INS2_4LineENS_6StNULLEEEEEEEEEE10EmitMotionEPNS_15ParticleElementISB_EEPKNS_16IParticleEmitter11EmitContextEPSH_9StBooleanILb1EE	Aska::ParticleEmitter<Aska::FeatureList<Aska::ParticleFeatures::Speed, Aska::FeatureList<Aska::ParticleFeatures::Motion, Aska::FeatureList<Aska::ParticleFeatures::Rotation, Aska::FeatureList<Aska::ParticleFeatures::Line, Aska::StNULL> > > > >::EmitMotion(Aska::ParticleElement<Aska::FeatureList<Aska::ParticleFeatures::Speed, Aska::FeatureList<Aska::ParticleFeatures::Motion, Aska::FeatureList<Aska::ParticleFeatures::Rotation, Aska::FeatureList<Aska::ParticleFeatures::Line, Aska::StNULL> > > > >*, Aska::IParticleEmitter::EmitContext const*, Aska::IParticleEmitter::EmitContext*, StBoolean<true>)	emitter	decompiled	
0x242d64c	0x252d64c	2008	_ZN4Aska15ParticleEmitterINS_11FeatureListINS_16ParticleFeatures5SpeedENS1_INS2_6MotionENS1_INS2_8RotationENS1_INS2_4LineENS_6StNULLEEEEEEEEEE12EmitRotationEPNS_15ParticleElementISB_EEPKNS_16IParticleEmitter11EmitContextEPSH_9StBooleanILb1EE	Aska::ParticleEmitter<Aska::FeatureList<Aska::ParticleFeatures::Speed, Aska::FeatureList<Aska::ParticleFeatures::Motion, Aska::FeatureList<Aska::ParticleFeatures::Rotation, Aska::FeatureList<Aska::ParticleFeatures::Line, Aska::StNULL> > > > >::EmitRotation(Aska::ParticleElement<Aska::FeatureList<Aska::ParticleFeatures::Speed, Aska::FeatureList<Aska::ParticleFeatures::Motion, Aska::FeatureList<Aska::ParticleFeatures::Rotation, Aska::FeatureList<Aska::ParticleFeatures::Line, Aska::StNULL> > > > >*, Aska::IParticleEmitter::EmitContext const*, Aska::IParticleEmitter::EmitContext*, StBoolean<true>)	emitter	decompiled	
0x242de24	0x252de24	484	_ZN4Aska15ParticleEmitterINS_11FeatureListINS_16ParticleFeatures5SpeedENS1_INS2_6MotionENS1_INS2_8RotationENS1_INS2_4LineENS_6StNULLEEEEEEEEEE26LineSpeedAffectionRotationEPNS_15ParticleElementISB_EEPKNS_16IParticleEmitter11EmitContextEPNS_6VectorE9StBooleanILb1EE	Aska::ParticleEmitter<Aska::FeatureList<Aska::ParticleFeatures::Speed, Aska::FeatureList<Aska::ParticleFeatures::Motion, Aska::FeatureList<Aska::ParticleFeatures::Rotation, Aska::FeatureList<Aska::ParticleFeatures::Line, Aska::StNULL> > > > >::LineSpeedAffectionRotation(Aska::ParticleElement<Aska::FeatureList<Aska::ParticleFeatures::Speed, Aska::FeatureList<Aska::ParticleFeatures::Motion, Aska::FeatureList<Aska::ParticleFeatures::Rotation, Aska::FeatureList<Aska::ParticleFeatures::Line, Aska::StNULL> > > > >*, Aska::IParticleEmitter::EmitContext const*, Aska::Vector*, StBoolean<true>)	emitter	decompiled	
0x242e560	0x252e560	944	_ZN4Aska15ParticleEmitterINS_11FeatureListINS_16ParticleFeatures5SpeedENS1_INS2_6MotionENS1_INS2_8RotationENS1_INS2_4LineENS_6StNULLEEEEEEEEEE8SimulateEf	Aska::ParticleEmitter<Aska::FeatureList<Aska::ParticleFeatures::Speed, Aska::FeatureList<Aska::ParticleFeatures::Motion, Aska::FeatureList<Aska::ParticleFeatures::Rotation, Aska::FeatureList<Aska::ParticleFeatures::Line, Aska::StNULL> > > > >::Simulate(float)	simulate	native	
0x242e910	0x252e910	516	_ZN4Aska15ParticleEmitterINS_11FeatureListINS_16ParticleFeatures5SpeedENS1_INS2_6MotionENS1_INS2_8RotationENS1_INS2_4LineENS_6StNULLEEEEEEEEEE23EmitterAffectToParticleEPNS_6VectorEPNS_16IParticleEmitter13MatrixContextEf	Aska::ParticleEmitter<Aska::FeatureList<Aska::ParticleFeatures::Speed, Aska::FeatureList<Aska::ParticleFeatures::Motion, Aska::FeatureList<Aska::ParticleFeatures::Rotation, Aska::FeatureList<Aska::ParticleFeatures::Line, Aska::StNULL> > > > >::EmitterAffectToParticle(Aska::Vector*, Aska::IParticleEmitter::MatrixContext*, float)	emitter	decompiled	
0x242eb14	0x252eb14	616	_ZN4Aska24ParticleRenderableObjectINS_11FeatureListINS_16ParticleFeatures5SpeedENS1_INS2_6MotionENS1_INS2_8RotationENS1_INS2_4LineENS_6StNULLEEEEEEEEEE15RenderProcedureEfPNS_16IParticleEmitter13MatrixContextEb	Aska::ParticleRenderableObject<Aska::FeatureList<Aska::ParticleFeatures::Speed, Aska::FeatureList<Aska::ParticleFeatures::Motion, Aska::FeatureList<Aska::ParticleFeatures::Rotation, Aska::FeatureList<Aska::ParticleFeatures::Line, Aska::StNULL> > > > >::RenderProcedure(float, Aska::IParticleEmitter::MatrixContext*, bool)	emitter	decompiled	
0x2430e88	0x2530e88	480	_ZN4Aska15ParticleEmitterINS_11FeatureListINS_16ParticleFeatures5SpeedENS1_INS2_6MotionENS1_INS2_8RotationENS_6StNULLEEEEEEEE8EmitLinkEiPNS_16IParticleEmitter11EmitContextE	Aska::ParticleEmitter<Aska::FeatureList<Aska::ParticleFeatures::Speed, Aska::FeatureList<Aska::ParticleFeatures::Motion, Aska::FeatureList<Aska::ParticleFeatures::Rotation, Aska::StNULL> > > >::EmitLink(int, Aska::IParticleEmitter::EmitContext*)	emitter	decompiled	
0x2431198	0x2531198	8036	_ZN4Aska15ParticleEmitterINS_11FeatureListINS_16ParticleFeatures5SpeedENS1_INS2_6MotionENS1_INS2_8RotationENS_6StNULLEEEEEEEE4EmitEiPNS_16IParticleEmitter11EmitContextEPKNSB_13MatrixContextE	Aska::ParticleEmitter<Aska::FeatureList<Aska::ParticleFeatures::Speed, Aska::FeatureList<Aska::ParticleFeatures::Motion, Aska::FeatureList<Aska::ParticleFeatures::Rotation, Aska::StNULL> > > >::Emit(int, Aska::IParticleEmitter::EmitContext*, Aska::IParticleEmitter::MatrixContext const*)	emitter	decompiled	
0x24330fc	0x25330fc	4848	_ZN4Aska15ParticleEmitterINS_11FeatureListINS_16ParticleFeatures5SpeedENS1_INS2_6MotionENS1_INS2_8RotationENS_6StNULLEEEEEEEE10EmitMotionEPNS_15ParticleElementIS9_EEPKNS_16IParticleEmitter11EmitContextEPSF_9StBooleanILb1EE	Aska::ParticleEmitter<Aska::FeatureList<Aska::ParticleFeatures::Speed, Aska::FeatureList<Aska::ParticleFeatures::Motion, Aska::FeatureList<Aska::ParticleFeatures::Rotation, Aska::StNULL> > > >::EmitMotion(Aska::ParticleElement<Aska::FeatureList<Aska::ParticleFeatures::Speed, Aska::FeatureList<Aska::ParticleFeatures::Motion, Aska::FeatureList<Aska::ParticleFeatures::Rotation, Aska::StNULL> > > >*, Aska::IParticleEmitter::EmitContext const*, Aska::IParticleEmitter::EmitContext*, StBoolean<true>)	emitter	decompiled	
0x24343ec	0x25343ec	2008	_ZN4Aska15ParticleEmitterINS_11FeatureListINS_16ParticleFeatures5SpeedENS1_INS2_6MotionENS1_INS2_8RotationENS_6StNULLEEEEEEEE12EmitRotationEPNS_15ParticleElementIS9_EEPKNS_16IParticleEmitter11EmitContextEPSF_9StBooleanILb1EE	Aska::ParticleEmitter<Aska::FeatureList<Aska::ParticleFeatures::Speed, Aska::FeatureList<Aska::ParticleFeatures::Motion, Aska::FeatureList<Aska::ParticleFeatures::Rotation, Aska::StNULL> > > >::EmitRotation(Aska::ParticleElement<Aska::FeatureList<Aska::ParticleFeatures::Speed, Aska::FeatureList<Aska::ParticleFeatures::Motion, Aska::FeatureList<Aska::ParticleFeatures::Rotation, Aska::StNULL> > > >*, Aska::IParticleEmitter::EmitContext const*, Aska::IParticleEmitter::EmitContext*, StBoolean<true>)	emitter	decompiled	
0x2434bc4	0x2534bc4	484	_ZN4Aska15ParticleEmitterINS_11FeatureListINS_16ParticleFeatures5SpeedENS1_INS2_6MotionENS1_INS2_8RotationENS_6StNULLEEEEEEEE26LineSpeedAffectionRotationEPNS_15ParticleElementIS9_EEPKNS_16IParticleEmitter11EmitContextEPNS_6VectorE9StBooleanILb1EE	Aska::ParticleEmitter<Aska::FeatureList<Aska::ParticleFeatures::Speed, Aska::FeatureList<Aska::ParticleFeatures::Motion, Aska::FeatureList<Aska::ParticleFeatures::Rotation, Aska::StNULL> > > >::LineSpeedAffectionRotation(Aska::ParticleElement<Aska::FeatureList<Aska::ParticleFeatures::Speed, Aska::FeatureList<Aska::ParticleFeatures::Motion, Aska::FeatureList<Aska::ParticleFeatures::Rotation, Aska::StNULL> > > >*, Aska::IParticleEmitter::EmitContext const*, Aska::Vector*, StBoolean<true>)	emitter	decompiled	
0x2435300	0x2535300	944	_ZN4Aska15ParticleEmitterINS_11FeatureListINS_16ParticleFeatures5SpeedENS1_INS2_6MotionENS1_INS2_8RotationENS_6StNULLEEEEEEEE8SimulateEf	Aska::ParticleEmitter<Aska::FeatureList<Aska::ParticleFeatures::Speed, Aska::FeatureList<Aska::ParticleFeatures::Motion, Aska::FeatureList<Aska::ParticleFeatures::Rotation, Aska::StNULL> > > >::Simulate(float)	simulate	native	
0x24356b0	0x25356b0	516	_ZN4Aska15ParticleEmitterINS_11FeatureListINS_16ParticleFeatures5SpeedENS1_INS2_6MotionENS1_INS2_8RotationENS_6StNULLEEEEEEEE23EmitterAffectToParticleEPNS_6VectorEPNS_16IParticleEmitter13MatrixContextEf	Aska::ParticleEmitter<Aska::FeatureList<Aska::ParticleFeatures::Speed, Aska::FeatureList<Aska::ParticleFeatures::Motion, Aska::FeatureList<Aska::ParticleFeatures::Rotation, Aska::StNULL> > > >::EmitterAffectToParticle(Aska::Vector*, Aska::IParticleEmitter::MatrixContext*, float)	emitter	decompiled	
0x24358b4	0x25358b4	616	_ZN4Aska24ParticleRenderableObjectINS_11FeatureListINS_16ParticleFeatures5SpeedENS1_INS2_6MotionENS1_INS2_8RotationENS_6StNULLEEEEEEEE15RenderProcedureEfPNS_16IParticleEmitter13MatrixContextEb	Aska::ParticleRenderableObject<Aska::FeatureList<Aska::ParticleFeatures::Speed, Aska::FeatureList<Aska::ParticleFeatures::Motion, Aska::FeatureList<Aska::ParticleFeatures::Rotation, Aska::StNULL> > > >::RenderProcedure(float, Aska::IParticleEmitter::MatrixContext*, bool)	emitter	decompiled	
0x2436908	0x2536908	468	_ZN4Aska15ParticleManager14CreateParticleINS_11FeatureListINS_16ParticleFeatures5SpeedENS2_INS3_6MotionENS2_INS3_8RotationENS2_INS3_14ColorAnimationENS2_INS3_9LifeLimitENS2_INS3_4LineENS_6StNULLEEEEEEEEEEEEEEEPNS_15ParticleEmitterIT_EEPKNS_3AFF18AsfParticleEmitterE	Aska::ParticleEmitter<Aska::FeatureList<Aska::ParticleFeatures::Speed, Aska::FeatureList<Aska::ParticleFeatures::Motion, Aska::FeatureList<Aska::ParticleFeatures::Rotation, Aska::FeatureList<Aska::ParticleFeatures::ColorAnimation, Aska::FeatureList<Aska::ParticleFeatures::LifeLimit, Aska::FeatureList<Aska::ParticleFeatures::Line, Aska::StNULL> > > > > > >* Aska::ParticleManager::CreateParticle<Aska::FeatureList<Aska::ParticleFeatures::Speed, Aska::FeatureList<Aska::ParticleFeatures::Motion, Aska::FeatureList<Aska::ParticleFeatures::Rotation, Aska::FeatureList<Aska::ParticleFeatures::ColorAnimation, Aska::FeatureList<Aska::ParticleFeatures::LifeLimit, Aska::FeatureList<Aska::ParticleFeatures::Line, Aska::StNULL> > > > > > >(Aska::AFF::AsfParticleEmitter const*)	manager	decompiled	
0x2436adc	0x2536adc	436	_ZN4Aska15ParticleManager14CreateParticleINS_11FeatureListINS_16ParticleFeatures5SpeedENS2_INS3_6MotionENS2_INS3_8RotationENS2_INS3_14ColorAnimationENS2_INS3_9LifeLimitENS_6StNULLEEEEEEEEEEEEEPNS_15ParticleEmitterIT_EEPKNS_3AFF18AsfParticleEmitterE	Aska::ParticleEmitter<Aska::FeatureList<Aska::ParticleFeatures::Speed, Aska::FeatureList<Aska::ParticleFeatures::Motion, Aska::FeatureList<Aska::ParticleFeatures::Rotation, Aska::FeatureList<Aska::ParticleFeatures::ColorAnimation, Aska::FeatureList<Aska::ParticleFeatures::LifeLimit, Aska::StNULL> > > > > >* Aska::ParticleManager::CreateParticle<Aska::FeatureList<Aska::ParticleFeatures::Speed, Aska::FeatureList<Aska::ParticleFeatures::Motion, Aska::FeatureList<Aska::ParticleFeatures::Rotation, Aska::FeatureList<Aska::ParticleFeatures::ColorAnimation, Aska::FeatureList<Aska::ParticleFeatures::LifeLimit, Aska::StNULL> > > > > >(Aska::AFF::AsfParticleEmitter const*)	manager	decompiled	
0x2436c90	0x2536c90	456	_ZN4Aska15ParticleManager14CreateParticleINS_11FeatureListINS_16ParticleFeatures5SpeedENS2_INS3_6MotionENS2_INS3_8RotationENS2_INS3_14ColorAnimationENS2_INS3_4LineENS_6StNULLEEEEEEEEEEEEEPNS_15ParticleEmitterIT_EEPKNS_3AFF18AsfParticleEmitterE	Aska::ParticleEmitter<Aska::FeatureList<Aska::ParticleFeatures::Speed, Aska::FeatureList<Aska::ParticleFeatures::Motion, Aska::FeatureList<Aska::ParticleFeatures::Rotation, Aska::FeatureList<Aska::ParticleFeatures::ColorAnimation, Aska::FeatureList<Aska::ParticleFeatures::Line, Aska::StNULL> > > > > >* Aska::ParticleManager::CreateParticle<Aska::FeatureList<Aska::ParticleFeatures::Speed, Aska::FeatureList<Aska::ParticleFeatures::Motion, Aska::FeatureList<Aska::ParticleFeatures::Rotation, Aska::FeatureList<Aska::ParticleFeatures::ColorAnimation, Aska::FeatureList<Aska::ParticleFeatures::Line, Aska::StNULL> > > > > >(Aska::AFF::AsfParticleEmitter const*)	manager	decompiled	
0x2436e58	0x2536e58	424	_ZN4Aska15ParticleManager14CreateParticleINS_11FeatureListINS_16ParticleFeatures5SpeedENS2_INS3_6MotionENS2_INS3_8RotationENS2_INS3_14ColorAnimationENS_6StNULLEEEEEEEEEEEPNS_15ParticleEmitterIT_EEPKNS_3AFF18AsfParticleEmitterE	Aska::ParticleEmitter<Aska::FeatureList<Aska::ParticleFeatures::Speed, Aska::FeatureList<Aska::ParticleFeatures::Motion, Aska::FeatureList<Aska::ParticleFeatures::Rotation, Aska::FeatureList<Aska::ParticleFeatures::ColorAnimation, Aska::StNULL> > > > >* Aska::ParticleManager::CreateParticle<Aska::FeatureList<Aska::ParticleFeatures::Speed, Aska::FeatureList<Aska::ParticleFeatures::Motion, Aska::FeatureList<Aska::ParticleFeatures::Rotation, Aska::FeatureList<Aska::ParticleFeatures::ColorAnimation, Aska::StNULL> > > > >(Aska::AFF::AsfParticleEmitter const*)	manager	decompiled	
0x2438428	0x2538428	480	_ZN4Aska15ParticleEmitterINS_11FeatureListINS_16ParticleFeatures5SpeedENS1_INS2_6MotionENS1_INS2_8RotationENS1_INS2_14ColorAnimationENS1_INS2_9LifeLimitENS1_INS2_4LineENS_6StNULLEEEEEEEEEEEEEE8EmitLinkEiPNS_16IParticleEmitter11EmitContextE	Aska::ParticleEmitter<Aska::FeatureList<Aska::ParticleFeatures::Speed, Aska::FeatureList<Aska::ParticleFeatures::Motion, Aska::FeatureList<Aska::ParticleFeatures::Rotation, Aska::FeatureList<Aska::ParticleFeatures::ColorAnimation, Aska::FeatureList<Aska::ParticleFeatures::LifeLimit, Aska::FeatureList<Aska::ParticleFeatures::Line, Aska::StNULL> > > > > > >::EmitLink(int, Aska::IParticleEmitter::EmitContext*)	emitter	decompiled	
0x2438878	0x2538878	8276	_ZN4Aska15ParticleEmitterINS_11FeatureListINS_16ParticleFeatures5SpeedENS1_INS2_6MotionENS1_INS2_8RotationENS1_INS2_14ColorAnimationENS1_INS2_9LifeLimitENS1_INS2_4LineENS_6StNULLEEEEEEEEEEEEEE4EmitEiPNS_16IParticleEmitter11EmitContextEPKNSH_13MatrixContextE	Aska::ParticleEmitter<Aska::FeatureList<Aska::ParticleFeatures::Speed, Aska::FeatureList<Aska::ParticleFeatures::Motion, Aska::FeatureList<Aska::ParticleFeatures::Rotation, Aska::FeatureList<Aska::ParticleFeatures::ColorAnimation, Aska::FeatureList<Aska::ParticleFeatures::LifeLimit, Aska::FeatureList<Aska::ParticleFeatures::Line, Aska::StNULL> > > > > > >::Emit(int, Aska::IParticleEmitter::EmitContext*, Aska::IParticleEmitter::MatrixContext const*)	emitter	decompiled	
0x243a8cc	0x253a8cc	4848	_ZN4Aska15ParticleEmitterINS_11FeatureListINS_16ParticleFeatures5SpeedENS1_INS2_6MotionENS1_INS2_8RotationENS1_INS2_14ColorAnimationENS1_INS2_9LifeLimitENS1_INS2_4LineENS_6StNULLEEEEEEEEEEEEEE10EmitMotionEPNS_15ParticleElementISF_EEPKNS_16IParticleEmitter11EmitContextEPSL_9StBooleanILb1EE	Aska::ParticleEmitter<Aska::FeatureList<Aska::ParticleFeatures::Speed, Aska::FeatureList<Aska::ParticleFeatures::Motion, Aska::FeatureList<Aska::ParticleFeatures::Rotation, Aska::FeatureList<Aska::ParticleFeatures::ColorAnimation, Aska::FeatureList<Aska::ParticleFeatures::LifeLimit, Aska::FeatureList<Aska::ParticleFeatures::Line, Aska::StNULL> > > > > > >::EmitMotion(Aska::ParticleElement<Aska::FeatureList<Aska::ParticleFeatures::Speed, Aska::FeatureList<Aska::ParticleFeatures::Motion, Aska::FeatureList<Aska::ParticleFeatures::Rotation, Aska::FeatureList<Aska::ParticleFeatures::ColorAnimation, Aska::FeatureList<Aska::ParticleFeatures::LifeLimit, Aska::FeatureList<Aska::ParticleFeatures::Line, Aska::StNULL> > > > > > >*, Aska::IParticleEmitter::EmitContext const*, Aska::IParticleEmitter::EmitContext*, StBoolean<true>)	emitter	decompiled	
0x243bbbc	0x253bbbc	2008	_ZN4Aska15ParticleEmitterINS_11FeatureListINS_16ParticleFeatures5SpeedENS1_INS2_6MotionENS1_INS2_8RotationENS1_INS2_14ColorAnimationENS1_INS2_9LifeLimitENS1_INS2_4LineENS_6StNULLEEEEEEEEEEEEEE12EmitRotationEPNS_15ParticleElementISF_EEPKNS_16IParticleEmitter11EmitContextEPSL_9StBooleanILb1EE	Aska::ParticleEmitter<Aska::FeatureList<Aska::ParticleFeatures::Speed, Aska::FeatureList<Aska::ParticleFeatures::Motion, Aska::FeatureList<Aska::ParticleFeatures::Rotation, Aska::FeatureList<Aska::ParticleFeatures::ColorAnimation, Aska::FeatureList<Aska::ParticleFeatures::LifeLimit, Aska::FeatureList<Aska::ParticleFeatures::Line, Aska::StNULL> > > > > > >::EmitRotation(Aska::ParticleElement<Aska::FeatureList<Aska::ParticleFeatures::Speed, Aska::FeatureList<Aska::ParticleFeatures::Motion, Aska::FeatureList<Aska::ParticleFeatures::Rotation, Aska::FeatureList<Aska::ParticleFeatures::ColorAnimation, Aska::FeatureList<Aska::ParticleFeatures::LifeLimit, Aska::FeatureList<Aska::ParticleFeatures::Line, Aska::StNULL> > > > > > >*, Aska::IParticleEmitter::EmitContext const*, Aska::IParticleEmitter::EmitContext*, StBoolean<true>)	emitter	decompiled	
0x243c684	0x253c684	484	_ZN4Aska15ParticleEmitterINS_11FeatureListINS_16ParticleFeatures5SpeedENS1_INS2_6MotionENS1_INS2_8RotationENS1_INS2_14ColorAnimationENS1_INS2_9LifeLimitENS1_INS2_4LineENS_6StNULLEEEEEEEEEEEEEE26LineSpeedAffectionRotationEPNS_15ParticleElementISF_EEPKNS_16IParticleEmitter11EmitContextEPNS_6VectorE9StBooleanILb1EE	Aska::ParticleEmitter<Aska::FeatureList<Aska::ParticleFeatures::Speed, Aska::FeatureList<Aska::ParticleFeatures::Motion, Aska::FeatureList<Aska::ParticleFeatures::Rotation, Aska::FeatureList<Aska::ParticleFeatures::ColorAnimation, Aska::FeatureList<Aska::ParticleFeatures::LifeLimit, Aska::FeatureList<Aska::ParticleFeatures::Line, Aska::StNULL> > > > > > >::LineSpeedAffectionRotation(Aska::ParticleElement<Aska::FeatureList<Aska::ParticleFeatures::Speed, Aska::FeatureList<Aska::ParticleFeatures::Motion, Aska::FeatureList<Aska::ParticleFeatures::Rotation, Aska::FeatureList<Aska::ParticleFeatures::ColorAnimation, Aska::FeatureList<Aska::ParticleFeatures::LifeLimit, Aska::FeatureList<Aska::ParticleFeatures::Line, Aska::StNULL> > > > > > >*, Aska::IParticleEmitter::EmitContext const*, Aska::Vector*, StBoolean<true>)	emitter	decompiled	
0x243cdbc	0x253cdbc	944	_ZN4Aska15ParticleEmitterINS_11FeatureListINS_16ParticleFeatures5SpeedENS1_INS2_6MotionENS1_INS2_8RotationENS1_INS2_14ColorAnimationENS1_INS2_9LifeLimitENS1_INS2_4LineENS_6StNULLEEEEEEEEEEEEEE8SimulateEf	Aska::ParticleEmitter<Aska::FeatureList<Aska::ParticleFeatures::Speed, Aska::FeatureList<Aska::ParticleFeatures::Motion, Aska::FeatureList<Aska::ParticleFeatures::Rotation, Aska::FeatureList<Aska::ParticleFeatures::ColorAnimation, Aska::FeatureList<Aska::ParticleFeatures::LifeLimit, Aska::FeatureList<Aska::ParticleFeatures::Line, Aska::StNULL> > > > > > >::Simulate(float)	simulate	native	
0x243d16c	0x253d16c	516	_ZN4Aska15ParticleEmitterINS_11FeatureListINS_16ParticleFeatures5SpeedENS1_INS2_6MotionENS1_INS2_8RotationENS1_INS2_14ColorAnimationENS1_INS2_9LifeLimitENS1_INS2_4LineENS_6StNULLEEEEEEEEEEEEEE23EmitterAffectToParticleEPNS_6VectorEPNS_16IParticleEmitter13MatrixContextEf	Aska::ParticleEmitter<Aska::FeatureList<Aska::ParticleFeatures::Speed, Aska::FeatureList<Aska::ParticleFeatures::Motion, Aska::FeatureList<Aska::ParticleFeatures::Rotation, Aska::FeatureList<Aska::ParticleFeatures::ColorAnimation, Aska::FeatureList<Aska::ParticleFeatures::LifeLimit, Aska::FeatureList<Aska::ParticleFeatures::Line, Aska::StNULL> > > > > > >::EmitterAffectToParticle(Aska::Vector*, Aska::IParticleEmitter::MatrixContext*, float)	emitter	decompiled	
0x243d370	0x253d370	616	_ZN4Aska24ParticleRenderableObjectINS_11FeatureListINS_16ParticleFeatures5SpeedENS1_INS2_6MotionENS1_INS2_8RotationENS1_INS2_14ColorAnimationENS1_INS2_9LifeLimitENS1_INS2_4LineENS_6StNULLEEEEEEEEEEEEEE15RenderProcedureEfPNS_16IParticleEmitter13MatrixContextEb	Aska::ParticleRenderableObject<Aska::FeatureList<Aska::ParticleFeatures::Speed, Aska::FeatureList<Aska::ParticleFeatures::Motion, Aska::FeatureList<Aska::ParticleFeatures::Rotation, Aska::FeatureList<Aska::ParticleFeatures::ColorAnimation, Aska::FeatureList<Aska::ParticleFeatures::LifeLimit, Aska::FeatureList<Aska::ParticleFeatures::Line, Aska::StNULL> > > > > > >::RenderProcedure(float, Aska::IParticleEmitter::MatrixContext*, bool)	emitter	decompiled	
0x2440214	0x2540214	480	_ZN4Aska15ParticleEmitterINS_11FeatureListINS_16ParticleFeatures5SpeedENS1_INS2_6MotionENS1_INS2_8RotationENS1_INS2_14ColorAnimationENS1_INS2_9LifeLimitENS_6StNULLEEEEEEEEEEEE8EmitLinkEiPNS_16IParticleEmitter11EmitContextE	Aska::ParticleEmitter<Aska::FeatureList<Aska::ParticleFeatures::Speed, Aska::FeatureList<Aska::ParticleFeatures::Motion, Aska::FeatureList<Aska::ParticleFeatures::Rotation, Aska::FeatureList<Aska::ParticleFeatures::ColorAnimation, Aska::FeatureList<Aska::ParticleFeatures::LifeLimit, Aska::StNULL> > > > > >::EmitLink(int, Aska::IParticleEmitter::EmitContext*)	emitter	decompiled	
0x2440524	0x2540524	8064	_ZN4Aska15ParticleEmitterINS_11FeatureListINS_16ParticleFeatures5SpeedENS1_INS2_6MotionENS1_INS2_8RotationENS1_INS2_14ColorAnimationENS1_INS2_9LifeLimitENS_6StNULLEEEEEEEEEEEE4EmitEiPNS_16IParticleEmitter11EmitContextEPKNSF_13MatrixContextE	Aska::ParticleEmitter<Aska::FeatureList<Aska::ParticleFeatures::Speed, Aska::FeatureList<Aska::ParticleFeatures::Motion, Aska::FeatureList<Aska::ParticleFeatures::Rotation, Aska::FeatureList<Aska::ParticleFeatures::ColorAnimation, Aska::FeatureList<Aska::ParticleFeatures::LifeLimit, Aska::StNULL> > > > > >::Emit(int, Aska::IParticleEmitter::EmitContext*, Aska::IParticleEmitter::MatrixContext const*)	emitter	decompiled	
0x24424a4	0x25424a4	4848	_ZN4Aska15ParticleEmitterINS_11FeatureListINS_16ParticleFeatures5SpeedENS1_INS2_6MotionENS1_INS2_8RotationENS1_INS2_14ColorAnimationENS1_INS2_9LifeLimitENS_6StNULLEEEEEEEEEEEE10EmitMotionEPNS_15ParticleElementISD_EEPKNS_16IParticleEmitter11EmitContextEPSJ_9StBooleanILb1EE	Aska::ParticleEmitter<Aska::FeatureList<Aska::ParticleFeatures::Speed, Aska::FeatureList<Aska::ParticleFeatures::Motion, Aska::FeatureList<Aska::ParticleFeatures::Rotation, Aska::FeatureList<Aska::ParticleFeatures::ColorAnimation, Aska::FeatureList<Aska::ParticleFeatures::LifeLimit, Aska::StNULL> > > > > >::EmitMotion(Aska::ParticleElement<Aska::FeatureList<Aska::ParticleFeatures::Speed, Aska::FeatureList<Aska::ParticleFeatures::Motion, Aska::FeatureList<Aska::ParticleFeatures::Rotation, Aska::FeatureList<Aska::ParticleFeatures::ColorAnimation, Aska::FeatureList<Aska::ParticleFeatures::LifeLimit, Aska::StNULL> > > > > >*, Aska::IParticleEmitter::EmitContext const*, Aska::IParticleEmitter::EmitContext*, StBoolean<true>)	emitter	decompiled	
0x2443794	0x2543794	2008	_ZN4Aska15ParticleEmitterINS_11FeatureListINS_16ParticleFeatures5SpeedENS1_INS2_6MotionENS1_INS2_8RotationENS1_INS2_14ColorAnimationENS1_INS2_9LifeLimitENS_6StNULLEEEEEEEEEEEE12EmitRotationEPNS_15ParticleElementISD_EEPKNS_16IParticleEmitter11EmitContextEPSJ_9StBooleanILb1EE	Aska::ParticleEmitter<Aska::FeatureList<Aska::ParticleFeatures::Speed, Aska::FeatureList<Aska::ParticleFeatures::Motion, Aska::FeatureList<Aska::ParticleFeatures::Rotation, Aska::FeatureList<Aska::ParticleFeatures::ColorAnimation, Aska::FeatureList<Aska::ParticleFeatures::LifeLimit, Aska::StNULL> > > > > >::EmitRotation(Aska::ParticleElement<Aska::FeatureList<Aska::ParticleFeatures::Speed, Aska::FeatureList<Aska::ParticleFeatures::Motion, Aska::FeatureList<Aska::ParticleFeatures::Rotation, Aska::FeatureList<Aska::ParticleFeatures::ColorAnimation, Aska::FeatureList<Aska::ParticleFeatures::LifeLimit, Aska::StNULL> > > > > >*, Aska::IParticleEmitter::EmitContext const*, Aska::IParticleEmitter::EmitContext*, StBoolean<true>)	emitter	decompiled	
0x244425c	0x254425c	484	_ZN4Aska15ParticleEmitterINS_11FeatureListINS_16ParticleFeatures5SpeedENS1_INS2_6MotionENS1_INS2_8RotationENS1_INS2_14ColorAnimationENS1_INS2_9LifeLimitENS_6StNULLEEEEEEEEEEEE26LineSpeedAffectionRotationEPNS_15ParticleElementISD_EEPKNS_16IParticleEmitter11EmitContextEPNS_6VectorE9StBooleanILb1EE	Aska::ParticleEmitter<Aska::FeatureList<Aska::ParticleFeatures::Speed, Aska::FeatureList<Aska::ParticleFeatures::Motion, Aska::FeatureList<Aska::ParticleFeatures::Rotation, Aska::FeatureList<Aska::ParticleFeatures::ColorAnimation, Aska::FeatureList<Aska::ParticleFeatures::LifeLimit, Aska::StNULL> > > > > >::LineSpeedAffectionRotation(Aska::ParticleElement<Aska::FeatureList<Aska::ParticleFeatures::Speed, Aska::FeatureList<Aska::ParticleFeatures::Motion, Aska::FeatureList<Aska::ParticleFeatures::Rotation, Aska::FeatureList<Aska::ParticleFeatures::ColorAnimation, Aska::FeatureList<Aska::ParticleFeatures::LifeLimit, Aska::StNULL> > > > > >*, Aska::IParticleEmitter::EmitContext const*, Aska::Vector*, StBoolean<true>)	emitter	decompiled	
0x2444994	0x2544994	944	_ZN4Aska15ParticleEmitterINS_11FeatureListINS_16ParticleFeatures5SpeedENS1_INS2_6MotionENS1_INS2_8RotationENS1_INS2_14ColorAnimationENS1_INS2_9LifeLimitENS_6StNULLEEEEEEEEEEEE8SimulateEf	Aska::ParticleEmitter<Aska::FeatureList<Aska::ParticleFeatures::Speed, Aska::FeatureList<Aska::ParticleFeatures::Motion, Aska::FeatureList<Aska::ParticleFeatures::Rotation, Aska::FeatureList<Aska::ParticleFeatures::ColorAnimation, Aska::FeatureList<Aska::ParticleFeatures::LifeLimit, Aska::StNULL> > > > > >::Simulate(float)	simulate	native	
0x2444d44	0x2544d44	516	_ZN4Aska15ParticleEmitterINS_11FeatureListINS_16ParticleFeatures5SpeedENS1_INS2_6MotionENS1_INS2_8RotationENS1_INS2_14ColorAnimationENS1_INS2_9LifeLimitENS_6StNULLEEEEEEEEEEEE23EmitterAffectToParticleEPNS_6VectorEPNS_16IParticleEmitter13MatrixContextEf	Aska::ParticleEmitter<Aska::FeatureList<Aska::ParticleFeatures::Speed, Aska::FeatureList<Aska::ParticleFeatures::Motion, Aska::FeatureList<Aska::ParticleFeatures::Rotation, Aska::FeatureList<Aska::ParticleFeatures::ColorAnimation, Aska::FeatureList<Aska::ParticleFeatures::LifeLimit, Aska::StNULL> > > > > >::EmitterAffectToParticle(Aska::Vector*, Aska::IParticleEmitter::MatrixContext*, float)	emitter	decompiled	
0x2444f48	0x2544f48	616	_ZN4Aska24ParticleRenderableObjectINS_11FeatureListINS_16ParticleFeatures5SpeedENS1_INS2_6MotionENS1_INS2_8RotationENS1_INS2_14ColorAnimationENS1_INS2_9LifeLimitENS_6StNULLEEEEEEEEEEEE15RenderProcedureEfPNS_16IParticleEmitter13MatrixContextEb	Aska::ParticleRenderableObject<Aska::FeatureList<Aska::ParticleFeatures::Speed, Aska::FeatureList<Aska::ParticleFeatures::Motion, Aska::FeatureList<Aska::ParticleFeatures::Rotation, Aska::FeatureList<Aska::ParticleFeatures::ColorAnimation, Aska::FeatureList<Aska::ParticleFeatures::LifeLimit, Aska::StNULL> > > > > >::RenderProcedure(float, Aska::IParticleEmitter::MatrixContext*, bool)	emitter	decompiled	
0x2447e58	0x2547e58	480	_ZN4Aska15ParticleEmitterINS_11FeatureListINS_16ParticleFeatures5SpeedENS1_INS2_6MotionENS1_INS2_8RotationENS1_INS2_14ColorAnimationENS1_INS2_4LineENS_6StNULLEEEEEEEEEEEE8EmitLinkEiPNS_16IParticleEmitter11EmitContextE	Aska::ParticleEmitter<Aska::FeatureList<Aska::ParticleFeatures::Speed, Aska::FeatureList<Aska::ParticleFeatures::Motion, Aska::FeatureList<Aska::ParticleFeatures::Rotation, Aska::FeatureList<Aska::ParticleFeatures::ColorAnimation, Aska::FeatureList<Aska::ParticleFeatures::Line, Aska::StNULL> > > > > >::EmitLink(int, Aska::IParticleEmitter::EmitContext*)	emitter	decompiled	
0x2448168	0x2548168	8268	_ZN4Aska15ParticleEmitterINS_11FeatureListINS_16ParticleFeatures5SpeedENS1_INS2_6MotionENS1_INS2_8RotationENS1_INS2_14ColorAnimationENS1_INS2_4LineENS_6StNULLEEEEEEEEEEEE4EmitEiPNS_16IParticleEmitter11EmitContextEPKNSF_13MatrixContextE	Aska::ParticleEmitter<Aska::FeatureList<Aska::ParticleFeatures::Speed, Aska::FeatureList<Aska::ParticleFeatures::Motion, Aska::FeatureList<Aska::ParticleFeatures::Rotation, Aska::FeatureList<Aska::ParticleFeatures::ColorAnimation, Aska::FeatureList<Aska::ParticleFeatures::Line, Aska::StNULL> > > > > >::Emit(int, Aska::IParticleEmitter::EmitContext*, Aska::IParticleEmitter::MatrixContext const*)	emitter	decompiled	
0x244a1b4	0x254a1b4	4848	_ZN4Aska15ParticleEmitterINS_11FeatureListINS_16ParticleFeatures5SpeedENS1_INS2_6MotionENS1_INS2_8RotationENS1_INS2_14ColorAnimationENS1_INS2_4LineENS_6StNULLEEEEEEEEEEEE10EmitMotionEPNS_15ParticleElementISD_EEPKNS_16IParticleEmitter11EmitContextEPSJ_9StBooleanILb1EE	Aska::ParticleEmitter<Aska::FeatureList<Aska::ParticleFeatures::Speed, Aska::FeatureList<Aska::ParticleFeatures::Motion, Aska::FeatureList<Aska::ParticleFeatures::Rotation, Aska::FeatureList<Aska::ParticleFeatures::ColorAnimation, Aska::FeatureList<Aska::ParticleFeatures::Line, Aska::StNULL> > > > > >::EmitMotion(Aska::ParticleElement<Aska::FeatureList<Aska::ParticleFeatures::Speed, Aska::FeatureList<Aska::ParticleFeatures::Motion, Aska::FeatureList<Aska::ParticleFeatures::Rotation, Aska::FeatureList<Aska::ParticleFeatures::ColorAnimation, Aska::FeatureList<Aska::ParticleFeatures::Line, Aska::StNULL> > > > > >*, Aska::IParticleEmitter::EmitContext const*, Aska::IParticleEmitter::EmitContext*, StBoolean<true>)	emitter	decompiled	
0x244b4a4	0x254b4a4	2008	_ZN4Aska15ParticleEmitterINS_11FeatureListINS_16ParticleFeatures5SpeedENS1_INS2_6MotionENS1_INS2_8RotationENS1_INS2_14ColorAnimationENS1_INS2_4LineENS_6StNULLEEEEEEEEEEEE12EmitRotationEPNS_15ParticleElementISD_EEPKNS_16IParticleEmitter11EmitContextEPSJ_9StBooleanILb1EE	Aska::ParticleEmitter<Aska::FeatureList<Aska::ParticleFeatures::Speed, Aska::FeatureList<Aska::ParticleFeatures::Motion, Aska::FeatureList<Aska::ParticleFeatures::Rotation, Aska::FeatureList<Aska::ParticleFeatures::ColorAnimation, Aska::FeatureList<Aska::ParticleFeatures::Line, Aska::StNULL> > > > > >::EmitRotation(Aska::ParticleElement<Aska::FeatureList<Aska::ParticleFeatures::Speed, Aska::FeatureList<Aska::ParticleFeatures::Motion, Aska::FeatureList<Aska::ParticleFeatures::Rotation, Aska::FeatureList<Aska::ParticleFeatures::ColorAnimation, Aska::FeatureList<Aska::ParticleFeatures::Line, Aska::StNULL> > > > > >*, Aska::IParticleEmitter::EmitContext const*, Aska::IParticleEmitter::EmitContext*, StBoolean<true>)	emitter	decompiled	
0x244bf6c	0x254bf6c	484	_ZN4Aska15ParticleEmitterINS_11FeatureListINS_16ParticleFeatures5SpeedENS1_INS2_6MotionENS1_INS2_8RotationENS1_INS2_14ColorAnimationENS1_INS2_4LineENS_6StNULLEEEEEEEEEEEE26LineSpeedAffectionRotationEPNS_15ParticleElementISD_EEPKNS_16IParticleEmitter11EmitContextEPNS_6VectorE9StBooleanILb1EE	Aska::ParticleEmitter<Aska::FeatureList<Aska::ParticleFeatures::Speed, Aska::FeatureList<Aska::ParticleFeatures::Motion, Aska::FeatureList<Aska::ParticleFeatures::Rotation, Aska::FeatureList<Aska::ParticleFeatures::ColorAnimation, Aska::FeatureList<Aska::ParticleFeatures::Line, Aska::StNULL> > > > > >::LineSpeedAffectionRotation(Aska::ParticleElement<Aska::FeatureList<Aska::ParticleFeatures::Speed, Aska::FeatureList<Aska::ParticleFeatures::Motion, Aska::FeatureList<Aska::ParticleFeatures::Rotation, Aska::FeatureList<Aska::ParticleFeatures::ColorAnimation, Aska::FeatureList<Aska::ParticleFeatures::Line, Aska::StNULL> > > > > >*, Aska::IParticleEmitter::EmitContext const*, Aska::Vector*, StBoolean<true>)	emitter	decompiled	
0x244d6a4	0x254d6a4	944	_ZN4Aska15ParticleEmitterINS_11FeatureListINS_16ParticleFeatures5SpeedENS1_INS2_6MotionENS1_INS2_8RotationENS1_INS2_14ColorAnimationENS1_INS2_4LineENS_6StNULLEEEEEEEEEEEE8SimulateEf	Aska::ParticleEmitter<Aska::FeatureList<Aska::ParticleFeatures::Speed, Aska::FeatureList<Aska::ParticleFeatures::Motion, Aska::FeatureList<Aska::ParticleFeatures::Rotation, Aska::FeatureList<Aska::ParticleFeatures::ColorAnimation, Aska::FeatureList<Aska::ParticleFeatures::Line, Aska::StNULL> > > > > >::Simulate(float)	simulate	native	
0x244da54	0x254da54	516	_ZN4Aska15ParticleEmitterINS_11FeatureListINS_16ParticleFeatures5SpeedENS1_INS2_6MotionENS1_INS2_8RotationENS1_INS2_14ColorAnimationENS1_INS2_4LineENS_6StNULLEEEEEEEEEEEE23EmitterAffectToParticleEPNS_6VectorEPNS_16IParticleEmitter13MatrixContextEf	Aska::ParticleEmitter<Aska::FeatureList<Aska::ParticleFeatures::Speed, Aska::FeatureList<Aska::ParticleFeatures::Motion, Aska::FeatureList<Aska::ParticleFeatures::Rotation, Aska::FeatureList<Aska::ParticleFeatures::ColorAnimation, Aska::FeatureList<Aska::ParticleFeatures::Line, Aska::StNULL> > > > > >::EmitterAffectToParticle(Aska::Vector*, Aska::IParticleEmitter::MatrixContext*, float)	emitter	decompiled	
0x244dc58	0x254dc58	616	_ZN4Aska24ParticleRenderableObjectINS_11FeatureListINS_16ParticleFeatures5SpeedENS1_INS2_6MotionENS1_INS2_8RotationENS1_INS2_14ColorAnimationENS1_INS2_4LineENS_6StNULLEEEEEEEEEEEE15RenderProcedureEfPNS_16IParticleEmitter13MatrixContextEb	Aska::ParticleRenderableObject<Aska::FeatureList<Aska::ParticleFeatures::Speed, Aska::FeatureList<Aska::ParticleFeatures::Motion, Aska::FeatureList<Aska::ParticleFeatures::Rotation, Aska::FeatureList<Aska::ParticleFeatures::ColorAnimation, Aska::FeatureList<Aska::ParticleFeatures::Line, Aska::StNULL> > > > > >::RenderProcedure(float, Aska::IParticleEmitter::MatrixContext*, bool)	emitter	decompiled	
0x2450254	0x2550254	480	_ZN4Aska15ParticleEmitterINS_11FeatureListINS_16ParticleFeatures5SpeedENS1_INS2_6MotionENS1_INS2_8RotationENS1_INS2_14ColorAnimationENS_6StNULLEEEEEEEEEE8EmitLinkEiPNS_16IParticleEmitter11EmitContextE	Aska::ParticleEmitter<Aska::FeatureList<Aska::ParticleFeatures::Speed, Aska::FeatureList<Aska::ParticleFeatures::Motion, Aska::FeatureList<Aska::ParticleFeatures::Rotation, Aska::FeatureList<Aska::ParticleFeatures::ColorAnimation, Aska::StNULL> > > > >::EmitLink(int, Aska::IParticleEmitter::EmitContext*)	emitter	decompiled	
0x2450564	0x2550564	8056	_ZN4Aska15ParticleEmitterINS_11FeatureListINS_16ParticleFeatures5SpeedENS1_INS2_6MotionENS1_INS2_8RotationENS1_INS2_14ColorAnimationENS_6StNULLEEEEEEEEEE4EmitEiPNS_16IParticleEmitter11EmitContextEPKNSD_13MatrixContextE	Aska::ParticleEmitter<Aska::FeatureList<Aska::ParticleFeatures::Speed, Aska::FeatureList<Aska::ParticleFeatures::Motion, Aska::FeatureList<Aska::ParticleFeatures::Rotation, Aska::FeatureList<Aska::ParticleFeatures::ColorAnimation, Aska::StNULL> > > > >::Emit(int, Aska::IParticleEmitter::EmitContext*, Aska::IParticleEmitter::MatrixContext const*)	emitter	decompiled	
0x24524dc	0x25524dc	4848	_ZN4Aska15ParticleEmitterINS_11FeatureListINS_16ParticleFeatures5SpeedENS1_INS2_6MotionENS1_INS2_8RotationENS1_INS2_14ColorAnimationENS_6StNULLEEEEEEEEEE10EmitMotionEPNS_15ParticleElementISB_EEPKNS_16IParticleEmitter11EmitContextEPSH_9StBooleanILb1EE	Aska::ParticleEmitter<Aska::FeatureList<Aska::ParticleFeatures::Speed, Aska::FeatureList<Aska::ParticleFeatures::Motion, Aska::FeatureList<Aska::ParticleFeatures::Rotation, Aska::FeatureList<Aska::ParticleFeatures::ColorAnimation, Aska::StNULL> > > > >::EmitMotion(Aska::ParticleElement<Aska::FeatureList<Aska::ParticleFeatures::Speed, Aska::FeatureList<Aska::ParticleFeatures::Motion, Aska::FeatureList<Aska::ParticleFeatures::Rotation, Aska::FeatureList<Aska::ParticleFeatures::ColorAnimation, Aska::StNULL> > > > >*, Aska::IParticleEmitter::EmitContext const*, Aska::IParticleEmitter::EmitContext*, StBoolean<true>)	emitter	decompiled	
0x24537cc	0x25537cc	2008	_ZN4Aska15ParticleEmitterINS_11FeatureListINS_16ParticleFeatures5SpeedENS1_INS2_6MotionENS1_INS2_8RotationENS1_INS2_14ColorAnimationENS_6StNULLEEEEEEEEEE12EmitRotationEPNS_15ParticleElementISB_EEPKNS_16IParticleEmitter11EmitContextEPSH_9StBooleanILb1EE	Aska::ParticleEmitter<Aska::FeatureList<Aska::ParticleFeatures::Speed, Aska::FeatureList<Aska::ParticleFeatures::Motion, Aska::FeatureList<Aska::ParticleFeatures::Rotation, Aska::FeatureList<Aska::ParticleFeatures::ColorAnimation, Aska::StNULL> > > > >::EmitRotation(Aska::ParticleElement<Aska::FeatureList<Aska::ParticleFeatures::Speed, Aska::FeatureList<Aska::ParticleFeatures::Motion, Aska::FeatureList<Aska::ParticleFeatures::Rotation, Aska::FeatureList<Aska::ParticleFeatures::ColorAnimation, Aska::StNULL> > > > >*, Aska::IParticleEmitter::EmitContext const*, Aska::IParticleEmitter::EmitContext*, StBoolean<true>)	emitter	decompiled	
0x2454294	0x2554294	484	_ZN4Aska15ParticleEmitterINS_11FeatureListINS_16ParticleFeatures5SpeedENS1_INS2_6MotionENS1_INS2_8RotationENS1_INS2_14ColorAnimationENS_6StNULLEEEEEEEEEE26LineSpeedAffectionRotationEPNS_15ParticleElementISB_EEPKNS_16IParticleEmitter11EmitContextEPNS_6VectorE9StBooleanILb1EE	Aska::ParticleEmitter<Aska::FeatureList<Aska::ParticleFeatures::Speed, Aska::FeatureList<Aska::ParticleFeatures::Motion, Aska::FeatureList<Aska::ParticleFeatures::Rotation, Aska::FeatureList<Aska::ParticleFeatures::ColorAnimation, Aska::StNULL> > > > >::LineSpeedAffectionRotation(Aska::ParticleElement<Aska::FeatureList<Aska::ParticleFeatures::Speed, Aska::FeatureList<Aska::ParticleFeatures::Motion, Aska::FeatureList<Aska::ParticleFeatures::Rotation, Aska::FeatureList<Aska::ParticleFeatures::ColorAnimation, Aska::StNULL> > > > >*, Aska::IParticleEmitter::EmitContext const*, Aska::Vector*, StBoolean<true>)	emitter	decompiled	
0x24549cc	0x25549cc	944	_ZN4Aska15ParticleEmitterINS_11FeatureListINS_16ParticleFeatures5SpeedENS1_INS2_6MotionENS1_INS2_8RotationENS1_INS2_14ColorAnimationENS_6StNULLEEEEEEEEEE8SimulateEf	Aska::ParticleEmitter<Aska::FeatureList<Aska::ParticleFeatures::Speed, Aska::FeatureList<Aska::ParticleFeatures::Motion, Aska::FeatureList<Aska::ParticleFeatures::Rotation, Aska::FeatureList<Aska::ParticleFeatures::ColorAnimation, Aska::StNULL> > > > >::Simulate(float)	simulate	native	
0x2454d7c	0x2554d7c	516	_ZN4Aska15ParticleEmitterINS_11FeatureListINS_16ParticleFeatures5SpeedENS1_INS2_6MotionENS1_INS2_8RotationENS1_INS2_14ColorAnimationENS_6StNULLEEEEEEEEEE23EmitterAffectToParticleEPNS_6VectorEPNS_16IParticleEmitter13MatrixContextEf	Aska::ParticleEmitter<Aska::FeatureList<Aska::ParticleFeatures::Speed, Aska::FeatureList<Aska::ParticleFeatures::Motion, Aska::FeatureList<Aska::ParticleFeatures::Rotation, Aska::FeatureList<Aska::ParticleFeatures::ColorAnimation, Aska::StNULL> > > > >::EmitterAffectToParticle(Aska::Vector*, Aska::IParticleEmitter::MatrixContext*, float)	emitter	decompiled	
0x2454f80	0x2554f80	616	_ZN4Aska24ParticleRenderableObjectINS_11FeatureListINS_16ParticleFeatures5SpeedENS1_INS2_6MotionENS1_INS2_8RotationENS1_INS2_14ColorAnimationENS_6StNULLEEEEEEEEEE15RenderProcedureEfPNS_16IParticleEmitter13MatrixContextEb	Aska::ParticleRenderableObject<Aska::FeatureList<Aska::ParticleFeatures::Speed, Aska::FeatureList<Aska::ParticleFeatures::Motion, Aska::FeatureList<Aska::ParticleFeatures::Rotation, Aska::FeatureList<Aska::ParticleFeatures::ColorAnimation, Aska::StNULL> > > > >::RenderProcedure(float, Aska::IParticleEmitter::MatrixContext*, bool)	emitter	decompiled	
0x2456204	0x2556204	484	_ZN4Aska15ParticleManager14CreateParticleINS_11FeatureListINS_16ParticleFeatures5SpeedENS2_INS3_6MotionENS2_INS3_8RotationENS2_INS3_14ColorAnimationENS2_INS3_9LifeLimitENS2_INS3_4LineENS2_INS3_8DynamicsENS2_INS_24ParticleDynamicsFeatures8DynamicsENS_6StNULLEEEEEEEEEEEEEEEEEEEPNS_15ParticleEmitterIT_EEPKNS_3AFF18AsfParticleEmitterE	Aska::ParticleEmitter<Aska::FeatureList<Aska::ParticleFeatures::Speed, Aska::FeatureList<Aska::ParticleFeatures::Motion, Aska::FeatureList<Aska::ParticleFeatures::Rotation, Aska::FeatureList<Aska::ParticleFeatures::ColorAnimation, Aska::FeatureList<Aska::ParticleFeatures::LifeLimit, Aska::FeatureList<Aska::ParticleFeatures::Line, Aska::FeatureList<Aska::ParticleFeatures::Dynamics, Aska::FeatureList<Aska::ParticleDynamicsFeatures::Dynamics, Aska::StNULL> > > > > > > > >* Aska::ParticleManager::CreateParticle<Aska::FeatureList<Aska::ParticleFeatures::Speed, Aska::FeatureList<Aska::ParticleFeatures::Motion, Aska::FeatureList<Aska::ParticleFeatures::Rotation, Aska::FeatureList<Aska::ParticleFeatures::ColorAnimation, Aska::FeatureList<Aska::ParticleFeatures::LifeLimit, Aska::FeatureList<Aska::ParticleFeatures::Line, Aska::FeatureList<Aska::ParticleFeatures::Dynamics, Aska::FeatureList<Aska::ParticleDynamicsFeatures::Dynamics, Aska::StNULL> > > > > > > > >(Aska::AFF::AsfParticleEmitter const*)	manager	decompiled	
0x24563e8	0x25563e8	452	_ZN4Aska15ParticleManager14CreateParticleINS_11FeatureListINS_16ParticleFeatures5SpeedENS2_INS3_6MotionENS2_INS3_8RotationENS2_INS3_14ColorAnimationENS2_INS3_9LifeLimitENS2_INS3_8DynamicsENS2_INS_24ParticleDynamicsFeatures8DynamicsENS_6StNULLEEEEEEEEEEEEEEEEEPNS_15ParticleEmitterIT_EEPKNS_3AFF18AsfParticleEmitterE	Aska::ParticleEmitter<Aska::FeatureList<Aska::ParticleFeatures::Speed, Aska::FeatureList<Aska::ParticleFeatures::Motion, Aska::FeatureList<Aska::ParticleFeatures::Rotation, Aska::FeatureList<Aska::ParticleFeatures::ColorAnimation, Aska::FeatureList<Aska::ParticleFeatures::LifeLimit, Aska::FeatureList<Aska::ParticleFeatures::Dynamics, Aska::FeatureList<Aska::ParticleDynamicsFeatures::Dynamics, Aska::StNULL> > > > > > > >* Aska::ParticleManager::CreateParticle<Aska::FeatureList<Aska::ParticleFeatures::Speed, Aska::FeatureList<Aska::ParticleFeatures::Motion, Aska::FeatureList<Aska::ParticleFeatures::Rotation, Aska::FeatureList<Aska::ParticleFeatures::ColorAnimation, Aska::FeatureList<Aska::ParticleFeatures::LifeLimit, Aska::FeatureList<Aska::ParticleFeatures::Dynamics, Aska::FeatureList<Aska::ParticleDynamicsFeatures::Dynamics, Aska::StNULL> > > > > > > >(Aska::AFF::AsfParticleEmitter const*)	manager	decompiled	
0x24565ac	0x25565ac	472	_ZN4Aska15ParticleManager14CreateParticleINS_11FeatureListINS_16ParticleFeatures5SpeedENS2_INS3_6MotionENS2_INS3_8RotationENS2_INS3_14ColorAnimationENS2_INS3_4LineENS2_INS3_8DynamicsENS2_INS_24ParticleDynamicsFeatures8DynamicsENS_6StNULLEEEEEEEEEEEEEEEEEPNS_15ParticleEmitterIT_EEPKNS_3AFF18AsfParticleEmitterE	Aska::ParticleEmitter<Aska::FeatureList<Aska::ParticleFeatures::Speed, Aska::FeatureList<Aska::ParticleFeatures::Motion, Aska::FeatureList<Aska::ParticleFeatures::Rotation, Aska::FeatureList<Aska::ParticleFeatures::ColorAnimation, Aska::FeatureList<Aska::ParticleFeatures::Line, Aska::FeatureList<Aska::ParticleFeatures::Dynamics, Aska::FeatureList<Aska::ParticleDynamicsFeatures::Dynamics, Aska::StNULL> > > > > > > >* Aska::ParticleManager::CreateParticle<Aska::FeatureList<Aska::ParticleFeatures::Speed, Aska::FeatureList<Aska::ParticleFeatures::Motion, Aska::FeatureList<Aska::ParticleFeatures::Rotation, Aska::FeatureList<Aska::ParticleFeatures::ColorAnimation, Aska::FeatureList<Aska::ParticleFeatures::Line, Aska::FeatureList<Aska::ParticleFeatures::Dynamics, Aska::FeatureList<Aska::ParticleDynamicsFeatures::Dynamics, Aska::StNULL> > > > > > > >(Aska::AFF::AsfParticleEmitter const*)	manager	decompiled	
0x2456784	0x2556784	440	_ZN4Aska15ParticleManager14CreateParticleINS_11FeatureListINS_16ParticleFeatures5SpeedENS2_INS3_6MotionENS2_INS3_8RotationENS2_INS3_14ColorAnimationENS2_INS3_8DynamicsENS2_INS_24ParticleDynamicsFeatures8DynamicsENS_6StNULLEEEEEEEEEEEEEEEPNS_15ParticleEmitterIT_EEPKNS_3AFF18AsfParticleEmitterE	Aska::ParticleEmitter<Aska::FeatureList<Aska::ParticleFeatures::Speed, Aska::FeatureList<Aska::ParticleFeatures::Motion, Aska::FeatureList<Aska::ParticleFeatures::Rotation, Aska::FeatureList<Aska::ParticleFeatures::ColorAnimation, Aska::FeatureList<Aska::ParticleFeatures::Dynamics, Aska::FeatureList<Aska::ParticleDynamicsFeatures::Dynamics, Aska::StNULL> > > > > > >* Aska::ParticleManager::CreateParticle<Aska::FeatureList<Aska::ParticleFeatures::Speed, Aska::FeatureList<Aska::ParticleFeatures::Motion, Aska::FeatureList<Aska::ParticleFeatures::Rotation, Aska::FeatureList<Aska::ParticleFeatures::ColorAnimation, Aska::FeatureList<Aska::ParticleFeatures::Dynamics, Aska::FeatureList<Aska::ParticleDynamicsFeatures::Dynamics, Aska::StNULL> > > > > > >(Aska::AFF::AsfParticleEmitter const*)	manager	decompiled	
0x2457e94	0x2557e94	480	_ZN4Aska15ParticleEmitterINS_11FeatureListINS_16ParticleFeatures5SpeedENS1_INS2_6MotionENS1_INS2_8RotationENS1_INS2_14ColorAnimationENS1_INS2_9LifeLimitENS1_INS2_4LineENS1_INS2_8DynamicsENS1_INS_24ParticleDynamicsFeatures8DynamicsENS_6StNULLEEEEEEEEEEEEEEEEEE8EmitLinkEiPNS_16IParticleEmitter11EmitContextE	Aska::ParticleEmitter<Aska::FeatureList<Aska::ParticleFeatures::Speed, Aska::FeatureList<Aska::ParticleFeatures::Motion, Aska::FeatureList<Aska::ParticleFeatures::Rotation, Aska::FeatureList<Aska::ParticleFeatures::ColorAnimation, Aska::FeatureList<Aska::ParticleFeatures::LifeLimit, Aska::FeatureList<Aska::ParticleFeatures::Line, Aska::FeatureList<Aska::ParticleFeatures::Dynamics, Aska::FeatureList<Aska::ParticleDynamicsFeatures::Dynamics, Aska::StNULL> > > > > > > > >::EmitLink(int, Aska::IParticleEmitter::EmitContext*)	emitter	decompiled	
0x24581bc	0x25581bc	8276	_ZN4Aska15ParticleEmitterINS_11FeatureListINS_16ParticleFeatures5SpeedENS1_INS2_6MotionENS1_INS2_8RotationENS1_INS2_14ColorAnimationENS1_INS2_9LifeLimitENS1_INS2_4LineENS1_INS2_8DynamicsENS1_INS_24ParticleDynamicsFeatures8DynamicsENS_6StNULLEEEEEEEEEEEEEEEEEE4EmitEiPNS_16IParticleEmitter11EmitContextEPKNSM_13MatrixContextE	Aska::ParticleEmitter<Aska::FeatureList<Aska::ParticleFeatures::Speed, Aska::FeatureList<Aska::ParticleFeatures::Motion, Aska::FeatureList<Aska::ParticleFeatures::Rotation, Aska::FeatureList<Aska::ParticleFeatures::ColorAnimation, Aska::FeatureList<Aska::ParticleFeatures::LifeLimit, Aska::FeatureList<Aska::ParticleFeatures::Line, Aska::FeatureList<Aska::ParticleFeatures::Dynamics, Aska::FeatureList<Aska::ParticleDynamicsFeatures::Dynamics, Aska::StNULL> > > > > > > > >::Emit(int, Aska::IParticleEmitter::EmitContext*, Aska::IParticleEmitter::MatrixContext const*)	emitter	decompiled	
0x245a210	0x255a210	4848	_ZN4Aska15ParticleEmitterINS_11FeatureListINS_16ParticleFeatures5SpeedENS1_INS2_6MotionENS1_INS2_8RotationENS1_INS2_14ColorAnimationENS1_INS2_9LifeLimitENS1_INS2_4LineENS1_INS2_8DynamicsENS1_INS_24ParticleDynamicsFeatures8DynamicsENS_6StNULLEEEEEEEEEEEEEEEEEE10EmitMotionEPNS_15ParticleElementISK_EEPKNS_16IParticleEmitter11EmitContextEPSQ_9StBooleanILb1EE	Aska::ParticleEmitter<Aska::FeatureList<Aska::ParticleFeatures::Speed, Aska::FeatureList<Aska::ParticleFeatures::Motion, Aska::FeatureList<Aska::ParticleFeatures::Rotation, Aska::FeatureList<Aska::ParticleFeatures::ColorAnimation, Aska::FeatureList<Aska::ParticleFeatures::LifeLimit, Aska::FeatureList<Aska::ParticleFeatures::Line, Aska::FeatureList<Aska::ParticleFeatures::Dynamics, Aska::FeatureList<Aska::ParticleDynamicsFeatures::Dynamics, Aska::StNULL> > > > > > > > >::EmitMotion(Aska::ParticleElement<Aska::FeatureList<Aska::ParticleFeatures::Speed, Aska::FeatureList<Aska::ParticleFeatures::Motion, Aska::FeatureList<Aska::ParticleFeatures::Rotation, Aska::FeatureList<Aska::ParticleFeatures::ColorAnimation, Aska::FeatureList<Aska::ParticleFeatures::LifeLimit, Aska::FeatureList<Aska::ParticleFeatures::Line, Aska::FeatureList<Aska::ParticleFeatures::Dynamics, Aska::FeatureList<Aska::ParticleDynamicsFeatures::Dynamics, Aska::StNULL> > > > > > > > >*, Aska::IParticleEmitter::EmitContext const*, Aska::IParticleEmitter::EmitContext*, StBoolean<true>)	emitter	decompiled	
0x245b500	0x255b500	2008	_ZN4Aska15ParticleEmitterINS_11FeatureListINS_16ParticleFeatures5SpeedENS1_INS2_6MotionENS1_INS2_8RotationENS1_INS2_14ColorAnimationENS1_INS2_9LifeLimitENS1_INS2_4LineENS1_INS2_8DynamicsENS1_INS_24ParticleDynamicsFeatures8DynamicsENS_6StNULLEEEEEEEEEEEEEEEEEE12EmitRotationEPNS_15ParticleElementISK_EEPKNS_16IParticleEmitter11EmitContextEPSQ_9StBooleanILb1EE	Aska::ParticleEmitter<Aska::FeatureList<Aska::ParticleFeatures::Speed, Aska::FeatureList<Aska::ParticleFeatures::Motion, Aska::FeatureList<Aska::ParticleFeatures::Rotation, Aska::FeatureList<Aska::ParticleFeatures::ColorAnimation, Aska::FeatureList<Aska::ParticleFeatures::LifeLimit, Aska::FeatureList<Aska::ParticleFeatures::Line, Aska::FeatureList<Aska::ParticleFeatures::Dynamics, Aska::FeatureList<Aska::ParticleDynamicsFeatures::Dynamics, Aska::StNULL> > > > > > > > >::EmitRotation(Aska::ParticleElement<Aska::FeatureList<Aska::ParticleFeatures::Speed, Aska::FeatureList<Aska::ParticleFeatures::Motion, Aska::FeatureList<Aska::ParticleFeatures::Rotation, Aska::FeatureList<Aska::ParticleFeatures::ColorAnimation, Aska::FeatureList<Aska::ParticleFeatures::LifeLimit, Aska::FeatureList<Aska::ParticleFeatures::Line, Aska::FeatureList<Aska::ParticleFeatures::Dynamics, Aska::FeatureList<Aska::ParticleDynamicsFeatures::Dynamics, Aska::StNULL> > > > > > > > >*, Aska::IParticleEmitter::EmitContext const*, Aska::IParticleEmitter::EmitContext*, StBoolean<true>)	emitter	decompiled	
0x245bfc8	0x255bfc8	484	_ZN4Aska15ParticleEmitterINS_11FeatureListINS_16ParticleFeatures5SpeedENS1_INS2_6MotionENS1_INS2_8RotationENS1_INS2_14ColorAnimationENS1_INS2_9LifeLimitENS1_INS2_4LineENS1_INS2_8DynamicsENS1_INS_24ParticleDynamicsFeatures8DynamicsENS_6StNULLEEEEEEEEEEEEEEEEEE26LineSpeedAffectionRotationEPNS_15ParticleElementISK_EEPKNS_16IParticleEmitter11EmitContextEPNS_6VectorE9StBooleanILb1EE	Aska::ParticleEmitter<Aska::FeatureList<Aska::ParticleFeatures::Speed, Aska::FeatureList<Aska::ParticleFeatures::Motion, Aska::FeatureList<Aska::ParticleFeatures::Rotation, Aska::FeatureList<Aska::ParticleFeatures::ColorAnimation, Aska::FeatureList<Aska::ParticleFeatures::LifeLimit, Aska::FeatureList<Aska::ParticleFeatures::Line, Aska::FeatureList<Aska::ParticleFeatures::Dynamics, Aska::FeatureList<Aska::ParticleDynamicsFeatures::Dynamics, Aska::StNULL> > > > > > > > >::LineSpeedAffectionRotation(Aska::ParticleElement<Aska::FeatureList<Aska::ParticleFeatures::Speed, Aska::FeatureList<Aska::ParticleFeatures::Motion, Aska::FeatureList<Aska::ParticleFeatures::Rotation, Aska::FeatureList<Aska::ParticleFeatures::ColorAnimation, Aska::FeatureList<Aska::ParticleFeatures::LifeLimit, Aska::FeatureList<Aska::ParticleFeatures::Line, Aska::FeatureList<Aska::ParticleFeatures::Dynamics, Aska::FeatureList<Aska::ParticleDynamicsFeatures::Dynamics, Aska::StNULL> > > > > > > > >*, Aska::IParticleEmitter::EmitContext const*, Aska::Vector*, StBoolean<true>)	emitter	decompiled	
0x245c700	0x255c700	944	_ZN4Aska15ParticleEmitterINS_11FeatureListINS_16ParticleFeatures5SpeedENS1_INS2_6MotionENS1_INS2_8RotationENS1_INS2_14ColorAnimationENS1_INS2_9LifeLimitENS1_INS2_4LineENS1_INS2_8DynamicsENS1_INS_24ParticleDynamicsFeatures8DynamicsENS_6StNULLEEEEEEEEEEEEEEEEEE8SimulateEf	Aska::ParticleEmitter<Aska::FeatureList<Aska::ParticleFeatures::Speed, Aska::FeatureList<Aska::ParticleFeatures::Motion, Aska::FeatureList<Aska::ParticleFeatures::Rotation, Aska::FeatureList<Aska::ParticleFeatures::ColorAnimation, Aska::FeatureList<Aska::ParticleFeatures::LifeLimit, Aska::FeatureList<Aska::ParticleFeatures::Line, Aska::FeatureList<Aska::ParticleFeatures::Dynamics, Aska::FeatureList<Aska::ParticleDynamicsFeatures::Dynamics, Aska::StNULL> > > > > > > > >::Simulate(float)	simulate	native	
0x245cab0	0x255cab0	516	_ZN4Aska15ParticleEmitterINS_11FeatureListINS_16ParticleFeatures5SpeedENS1_INS2_6MotionENS1_INS2_8RotationENS1_INS2_14ColorAnimationENS1_INS2_9LifeLimitENS1_INS2_4LineENS1_INS2_8DynamicsENS1_INS_24ParticleDynamicsFeatures8DynamicsENS_6StNULLEEEEEEEEEEEEEEEEEE23EmitterAffectToParticleEPNS_6VectorEPNS_16IParticleEmitter13MatrixContextEf	Aska::ParticleEmitter<Aska::FeatureList<Aska::ParticleFeatures::Speed, Aska::FeatureList<Aska::ParticleFeatures::Motion, Aska::FeatureList<Aska::ParticleFeatures::Rotation, Aska::FeatureList<Aska::ParticleFeatures::ColorAnimation, Aska::FeatureList<Aska::ParticleFeatures::LifeLimit, Aska::FeatureList<Aska::ParticleFeatures::Line, Aska::FeatureList<Aska::ParticleFeatures::Dynamics, Aska::FeatureList<Aska::ParticleDynamicsFeatures::Dynamics, Aska::StNULL> > > > > > > > >::EmitterAffectToParticle(Aska::Vector*, Aska::IParticleEmitter::MatrixContext*, float)	emitter	decompiled	
0x245ccb4	0x255ccb4	632	_ZN4Aska24ParticleRenderableObjectINS_11FeatureListINS_16ParticleFeatures5SpeedENS1_INS2_6MotionENS1_INS2_8RotationENS1_INS2_14ColorAnimationENS1_INS2_9LifeLimitENS1_INS2_4LineENS1_INS2_8DynamicsENS1_INS_24ParticleDynamicsFeatures8DynamicsENS_6StNULLEEEEEEEEEEEEEEEEEE15RenderProcedureEfPNS_16IParticleEmitter13MatrixContextEb	Aska::ParticleRenderableObject<Aska::FeatureList<Aska::ParticleFeatures::Speed, Aska::FeatureList<Aska::ParticleFeatures::Motion, Aska::FeatureList<Aska::ParticleFeatures::Rotation, Aska::FeatureList<Aska::ParticleFeatures::ColorAnimation, Aska::FeatureList<Aska::ParticleFeatures::LifeLimit, Aska::FeatureList<Aska::ParticleFeatures::Line, Aska::FeatureList<Aska::ParticleFeatures::Dynamics, Aska::FeatureList<Aska::ParticleDynamicsFeatures::Dynamics, Aska::StNULL> > > > > > > > >::RenderProcedure(float, Aska::IParticleEmitter::MatrixContext*, bool)	emitter	decompiled	
0x245fb38	0x255fb38	480	_ZN4Aska15ParticleEmitterINS_11FeatureListINS_16ParticleFeatures5SpeedENS1_INS2_6MotionENS1_INS2_8RotationENS1_INS2_14ColorAnimationENS1_INS2_9LifeLimitENS1_INS2_8DynamicsENS1_INS_24ParticleDynamicsFeatures8DynamicsENS_6StNULLEEEEEEEEEEEEEEEE8EmitLinkEiPNS_16IParticleEmitter11EmitContextE	Aska::ParticleEmitter<Aska::FeatureList<Aska::ParticleFeatures::Speed, Aska::FeatureList<Aska::ParticleFeatures::Motion, Aska::FeatureList<Aska::ParticleFeatures::Rotation, Aska::FeatureList<Aska::ParticleFeatures::ColorAnimation, Aska::FeatureList<Aska::ParticleFeatures::LifeLimit, Aska::FeatureList<Aska::ParticleFeatures::Dynamics, Aska::FeatureList<Aska::ParticleDynamicsFeatures::Dynamics, Aska::StNULL> > > > > > > >::EmitLink(int, Aska::IParticleEmitter::EmitContext*)	emitter	decompiled	
0x245fe60	0x255fe60	8064	_ZN4Aska15ParticleEmitterINS_11FeatureListINS_16ParticleFeatures5SpeedENS1_INS2_6MotionENS1_INS2_8RotationENS1_INS2_14ColorAnimationENS1_INS2_9LifeLimitENS1_INS2_8DynamicsENS1_INS_24ParticleDynamicsFeatures8DynamicsENS_6StNULLEEEEEEEEEEEEEEEE4EmitEiPNS_16IParticleEmitter11EmitContextEPKNSK_13MatrixContextE	Aska::ParticleEmitter<Aska::FeatureList<Aska::ParticleFeatures::Speed, Aska::FeatureList<Aska::ParticleFeatures::Motion, Aska::FeatureList<Aska::ParticleFeatures::Rotation, Aska::FeatureList<Aska::ParticleFeatures::ColorAnimation, Aska::FeatureList<Aska::ParticleFeatures::LifeLimit, Aska::FeatureList<Aska::ParticleFeatures::Dynamics, Aska::FeatureList<Aska::ParticleDynamicsFeatures::Dynamics, Aska::StNULL> > > > > > > >::Emit(int, Aska::IParticleEmitter::EmitContext*, Aska::IParticleEmitter::MatrixContext const*)	emitter	decompiled	
0x2461de0	0x2561de0	4848	_ZN4Aska15ParticleEmitterINS_11FeatureListINS_16ParticleFeatures5SpeedENS1_INS2_6MotionENS1_INS2_8RotationENS1_INS2_14ColorAnimationENS1_INS2_9LifeLimitENS1_INS2_8DynamicsENS1_INS_24ParticleDynamicsFeatures8DynamicsENS_6StNULLEEEEEEEEEEEEEEEE10EmitMotionEPNS_15ParticleElementISI_EEPKNS_16IParticleEmitter11EmitContextEPSO_9StBooleanILb1EE	Aska::ParticleEmitter<Aska::FeatureList<Aska::ParticleFeatures::Speed, Aska::FeatureList<Aska::ParticleFeatures::Motion, Aska::FeatureList<Aska::ParticleFeatures::Rotation, Aska::FeatureList<Aska::ParticleFeatures::ColorAnimation, Aska::FeatureList<Aska::ParticleFeatures::LifeLimit, Aska::FeatureList<Aska::ParticleFeatures::Dynamics, Aska::FeatureList<Aska::ParticleDynamicsFeatures::Dynamics, Aska::StNULL> > > > > > > >::EmitMotion(Aska::ParticleElement<Aska::FeatureList<Aska::ParticleFeatures::Speed, Aska::FeatureList<Aska::ParticleFeatures::Motion, Aska::FeatureList<Aska::ParticleFeatures::Rotation, Aska::FeatureList<Aska::ParticleFeatures::ColorAnimation, Aska::FeatureList<Aska::ParticleFeatures::LifeLimit, Aska::FeatureList<Aska::ParticleFeatures::Dynamics, Aska::FeatureList<Aska::ParticleDynamicsFeatures::Dynamics, Aska::StNULL> > > > > > > >*, Aska::IParticleEmitter::EmitContext const*, Aska::IParticleEmitter::EmitContext*, StBoolean<true>)	emitter	decompiled	
0x24630d0	0x25630d0	2008	_ZN4Aska15ParticleEmitterINS_11FeatureListINS_16ParticleFeatures5SpeedENS1_INS2_6MotionENS1_INS2_8RotationENS1_INS2_14ColorAnimationENS1_INS2_9LifeLimitENS1_INS2_8DynamicsENS1_INS_24ParticleDynamicsFeatures8DynamicsENS_6StNULLEEEEEEEEEEEEEEEE12EmitRotationEPNS_15ParticleElementISI_EEPKNS_16IParticleEmitter11EmitContextEPSO_9StBooleanILb1EE	Aska::ParticleEmitter<Aska::FeatureList<Aska::ParticleFeatures::Speed, Aska::FeatureList<Aska::ParticleFeatures::Motion, Aska::FeatureList<Aska::ParticleFeatures::Rotation, Aska::FeatureList<Aska::ParticleFeatures::ColorAnimation, Aska::FeatureList<Aska::ParticleFeatures::LifeLimit, Aska::FeatureList<Aska::ParticleFeatures::Dynamics, Aska::FeatureList<Aska::ParticleDynamicsFeatures::Dynamics, Aska::StNULL> > > > > > > >::EmitRotation(Aska::ParticleElement<Aska::FeatureList<Aska::ParticleFeatures::Speed, Aska::FeatureList<Aska::ParticleFeatures::Motion, Aska::FeatureList<Aska::ParticleFeatures::Rotation, Aska::FeatureList<Aska::ParticleFeatures::ColorAnimation, Aska::FeatureList<Aska::ParticleFeatures::LifeLimit, Aska::FeatureList<Aska::ParticleFeatures::Dynamics, Aska::FeatureList<Aska::ParticleDynamicsFeatures::Dynamics, Aska::StNULL> > > > > > > >*, Aska::IParticleEmitter::EmitContext const*, Aska::IParticleEmitter::EmitContext*, StBoolean<true>)	emitter	decompiled	
0x2463b98	0x2563b98	484	_ZN4Aska15ParticleEmitterINS_11FeatureListINS_16ParticleFeatures5SpeedENS1_INS2_6MotionENS1_INS2_8RotationENS1_INS2_14ColorAnimationENS1_INS2_9LifeLimitENS1_INS2_8DynamicsENS1_INS_24ParticleDynamicsFeatures8DynamicsENS_6StNULLEEEEEEEEEEEEEEEE26LineSpeedAffectionRotationEPNS_15ParticleElementISI_EEPKNS_16IParticleEmitter11EmitContextEPNS_6VectorE9StBooleanILb1EE	Aska::ParticleEmitter<Aska::FeatureList<Aska::ParticleFeatures::Speed, Aska::FeatureList<Aska::ParticleFeatures::Motion, Aska::FeatureList<Aska::ParticleFeatures::Rotation, Aska::FeatureList<Aska::ParticleFeatures::ColorAnimation, Aska::FeatureList<Aska::ParticleFeatures::LifeLimit, Aska::FeatureList<Aska::ParticleFeatures::Dynamics, Aska::FeatureList<Aska::ParticleDynamicsFeatures::Dynamics, Aska::StNULL> > > > > > > >::LineSpeedAffectionRotation(Aska::ParticleElement<Aska::FeatureList<Aska::ParticleFeatures::Speed, Aska::FeatureList<Aska::ParticleFeatures::Motion, Aska::FeatureList<Aska::ParticleFeatures::Rotation, Aska::FeatureList<Aska::ParticleFeatures::ColorAnimation, Aska::FeatureList<Aska::ParticleFeatures::LifeLimit, Aska::FeatureList<Aska::ParticleFeatures::Dynamics, Aska::FeatureList<Aska::ParticleDynamicsFeatures::Dynamics, Aska::StNULL> > > > > > > >*, Aska::IParticleEmitter::EmitContext const*, Aska::Vector*, StBoolean<true>)	emitter	decompiled	
0x24642d0	0x25642d0	944	_ZN4Aska15ParticleEmitterINS_11FeatureListINS_16ParticleFeatures5SpeedENS1_INS2_6MotionENS1_INS2_8RotationENS1_INS2_14ColorAnimationENS1_INS2_9LifeLimitENS1_INS2_8DynamicsENS1_INS_24ParticleDynamicsFeatures8DynamicsENS_6StNULLEEEEEEEEEEEEEEEE8SimulateEf	Aska::ParticleEmitter<Aska::FeatureList<Aska::ParticleFeatures::Speed, Aska::FeatureList<Aska::ParticleFeatures::Motion, Aska::FeatureList<Aska::ParticleFeatures::Rotation, Aska::FeatureList<Aska::ParticleFeatures::ColorAnimation, Aska::FeatureList<Aska::ParticleFeatures::LifeLimit, Aska::FeatureList<Aska::ParticleFeatures::Dynamics, Aska::FeatureList<Aska::ParticleDynamicsFeatures::Dynamics, Aska::StNULL> > > > > > > >::Simulate(float)	simulate	native	
0x2464680	0x2564680	516	_ZN4Aska15ParticleEmitterINS_11FeatureListINS_16ParticleFeatures5SpeedENS1_INS2_6MotionENS1_INS2_8RotationENS1_INS2_14ColorAnimationENS1_INS2_9LifeLimitENS1_INS2_8DynamicsENS1_INS_24ParticleDynamicsFeatures8DynamicsENS_6StNULLEEEEEEEEEEEEEEEE23EmitterAffectToParticleEPNS_6VectorEPNS_16IParticleEmitter13MatrixContextEf	Aska::ParticleEmitter<Aska::FeatureList<Aska::ParticleFeatures::Speed, Aska::FeatureList<Aska::ParticleFeatures::Motion, Aska::FeatureList<Aska::ParticleFeatures::Rotation, Aska::FeatureList<Aska::ParticleFeatures::ColorAnimation, Aska::FeatureList<Aska::ParticleFeatures::LifeLimit, Aska::FeatureList<Aska::ParticleFeatures::Dynamics, Aska::FeatureList<Aska::ParticleDynamicsFeatures::Dynamics, Aska::StNULL> > > > > > > >::EmitterAffectToParticle(Aska::Vector*, Aska::IParticleEmitter::MatrixContext*, float)	emitter	decompiled	
0x2464884	0x2564884	632	_ZN4Aska24ParticleRenderableObjectINS_11FeatureListINS_16ParticleFeatures5SpeedENS1_INS2_6MotionENS1_INS2_8RotationENS1_INS2_14ColorAnimationENS1_INS2_9LifeLimitENS1_INS2_8DynamicsENS1_INS_24ParticleDynamicsFeatures8DynamicsENS_6StNULLEEEEEEEEEEEEEEEE15RenderProcedureEfPNS_16IParticleEmitter13MatrixContextEb	Aska::ParticleRenderableObject<Aska::FeatureList<Aska::ParticleFeatures::Speed, Aska::FeatureList<Aska::ParticleFeatures::Motion, Aska::FeatureList<Aska::ParticleFeatures::Rotation, Aska::FeatureList<Aska::ParticleFeatures::ColorAnimation, Aska::FeatureList<Aska::ParticleFeatures::LifeLimit, Aska::FeatureList<Aska::ParticleFeatures::Dynamics, Aska::FeatureList<Aska::ParticleDynamicsFeatures::Dynamics, Aska::StNULL> > > > > > > >::RenderProcedure(float, Aska::IParticleEmitter::MatrixContext*, bool)	emitter	decompiled	
0x2467774	0x2567774	480	_ZN4Aska15ParticleEmitterINS_11FeatureListINS_16ParticleFeatures5SpeedENS1_INS2_6MotionENS1_INS2_8RotationENS1_INS2_14ColorAnimationENS1_INS2_4LineENS1_INS2_8DynamicsENS1_INS_24ParticleDynamicsFeatures8DynamicsENS_6StNULLEEEEEEEEEEEEEEEE8EmitLinkEiPNS_16IParticleEmitter11EmitContextE	Aska::ParticleEmitter<Aska::FeatureList<Aska::ParticleFeatures::Speed, Aska::FeatureList<Aska::ParticleFeatures::Motion, Aska::FeatureList<Aska::ParticleFeatures::Rotation, Aska::FeatureList<Aska::ParticleFeatures::ColorAnimation, Aska::FeatureList<Aska::ParticleFeatures::Line, Aska::FeatureList<Aska::ParticleFeatures::Dynamics, Aska::FeatureList<Aska::ParticleDynamicsFeatures::Dynamics, Aska::StNULL> > > > > > > >::EmitLink(int, Aska::IParticleEmitter::EmitContext*)	emitter	decompiled	
0x2467a9c	0x2567a9c	8268	_ZN4Aska15ParticleEmitterINS_11FeatureListINS_16ParticleFeatures5SpeedENS1_INS2_6MotionENS1_INS2_8RotationENS1_INS2_14ColorAnimationENS1_INS2_4LineENS1_INS2_8DynamicsENS1_INS_24ParticleDynamicsFeatures8DynamicsENS_6StNULLEEEEEEEEEEEEEEEE4EmitEiPNS_16IParticleEmitter11EmitContextEPKNSK_13MatrixContextE	Aska::ParticleEmitter<Aska::FeatureList<Aska::ParticleFeatures::Speed, Aska::FeatureList<Aska::ParticleFeatures::Motion, Aska::FeatureList<Aska::ParticleFeatures::Rotation, Aska::FeatureList<Aska::ParticleFeatures::ColorAnimation, Aska::FeatureList<Aska::ParticleFeatures::Line, Aska::FeatureList<Aska::ParticleFeatures::Dynamics, Aska::FeatureList<Aska::ParticleDynamicsFeatures::Dynamics, Aska::StNULL> > > > > > > >::Emit(int, Aska::IParticleEmitter::EmitContext*, Aska::IParticleEmitter::MatrixContext const*)	emitter	decompiled	
0x2469ae8	0x2569ae8	4848	_ZN4Aska15ParticleEmitterINS_11FeatureListINS_16ParticleFeatures5SpeedENS1_INS2_6MotionENS1_INS2_8RotationENS1_INS2_14ColorAnimationENS1_INS2_4LineENS1_INS2_8DynamicsENS1_INS_24ParticleDynamicsFeatures8DynamicsENS_6StNULLEEEEEEEEEEEEEEEE10EmitMotionEPNS_15ParticleElementISI_EEPKNS_16IParticleEmitter11EmitContextEPSO_9StBooleanILb1EE	Aska::ParticleEmitter<Aska::FeatureList<Aska::ParticleFeatures::Speed, Aska::FeatureList<Aska::ParticleFeatures::Motion, Aska::FeatureList<Aska::ParticleFeatures::Rotation, Aska::FeatureList<Aska::ParticleFeatures::ColorAnimation, Aska::FeatureList<Aska::ParticleFeatures::Line, Aska::FeatureList<Aska::ParticleFeatures::Dynamics, Aska::FeatureList<Aska::ParticleDynamicsFeatures::Dynamics, Aska::StNULL> > > > > > > >::EmitMotion(Aska::ParticleElement<Aska::FeatureList<Aska::ParticleFeatures::Speed, Aska::FeatureList<Aska::ParticleFeatures::Motion, Aska::FeatureList<Aska::ParticleFeatures::Rotation, Aska::FeatureList<Aska::ParticleFeatures::ColorAnimation, Aska::FeatureList<Aska::ParticleFeatures::Line, Aska::FeatureList<Aska::ParticleFeatures::Dynamics, Aska::FeatureList<Aska::ParticleDynamicsFeatures::Dynamics, Aska::StNULL> > > > > > > >*, Aska::IParticleEmitter::EmitContext const*, Aska::IParticleEmitter::EmitContext*, StBoolean<true>)	emitter	decompiled	
0x246add8	0x256add8	2008	_ZN4Aska15ParticleEmitterINS_11FeatureListINS_16ParticleFeatures5SpeedENS1_INS2_6MotionENS1_INS2_8RotationENS1_INS2_14ColorAnimationENS1_INS2_4LineENS1_INS2_8DynamicsENS1_INS_24ParticleDynamicsFeatures8DynamicsENS_6StNULLEEEEEEEEEEEEEEEE12EmitRotationEPNS_15ParticleElementISI_EEPKNS_16IParticleEmitter11EmitContextEPSO_9StBooleanILb1EE	Aska::ParticleEmitter<Aska::FeatureList<Aska::ParticleFeatures::Speed, Aska::FeatureList<Aska::ParticleFeatures::Motion, Aska::FeatureList<Aska::ParticleFeatures::Rotation, Aska::FeatureList<Aska::ParticleFeatures::ColorAnimation, Aska::FeatureList<Aska::ParticleFeatures::Line, Aska::FeatureList<Aska::ParticleFeatures::Dynamics, Aska::FeatureList<Aska::ParticleDynamicsFeatures::Dynamics, Aska::StNULL> > > > > > > >::EmitRotation(Aska::ParticleElement<Aska::FeatureList<Aska::ParticleFeatures::Speed, Aska::FeatureList<Aska::ParticleFeatures::Motion, Aska::FeatureList<Aska::ParticleFeatures::Rotation, Aska::FeatureList<Aska::ParticleFeatures::ColorAnimation, Aska::FeatureList<Aska::ParticleFeatures::Line, Aska::FeatureList<Aska::ParticleFeatures::Dynamics, Aska::FeatureList<Aska::ParticleDynamicsFeatures::Dynamics, Aska::StNULL> > > > > > > >*, Aska::IParticleEmitter::EmitContext const*, Aska::IParticleEmitter::EmitContext*, StBoolean<true>)	emitter	decompiled	
0x246b8a0	0x256b8a0	484	_ZN4Aska15ParticleEmitterINS_11FeatureListINS_16ParticleFeatures5SpeedENS1_INS2_6MotionENS1_INS2_8RotationENS1_INS2_14ColorAnimationENS1_INS2_4LineENS1_INS2_8DynamicsENS1_INS_24ParticleDynamicsFeatures8DynamicsENS_6StNULLEEEEEEEEEEEEEEEE26LineSpeedAffectionRotationEPNS_15ParticleElementISI_EEPKNS_16IParticleEmitter11EmitContextEPNS_6VectorE9StBooleanILb1EE	Aska::ParticleEmitter<Aska::FeatureList<Aska::ParticleFeatures::Speed, Aska::FeatureList<Aska::ParticleFeatures::Motion, Aska::FeatureList<Aska::ParticleFeatures::Rotation, Aska::FeatureList<Aska::ParticleFeatures::ColorAnimation, Aska::FeatureList<Aska::ParticleFeatures::Line, Aska::FeatureList<Aska::ParticleFeatures::Dynamics, Aska::FeatureList<Aska::ParticleDynamicsFeatures::Dynamics, Aska::StNULL> > > > > > > >::LineSpeedAffectionRotation(Aska::ParticleElement<Aska::FeatureList<Aska::ParticleFeatures::Speed, Aska::FeatureList<Aska::ParticleFeatures::Motion, Aska::FeatureList<Aska::ParticleFeatures::Rotation, Aska::FeatureList<Aska::ParticleFeatures::ColorAnimation, Aska::FeatureList<Aska::ParticleFeatures::Line, Aska::FeatureList<Aska::ParticleFeatures::Dynamics, Aska::FeatureList<Aska::ParticleDynamicsFeatures::Dynamics, Aska::StNULL> > > > > > > >*, Aska::IParticleEmitter::EmitContext const*, Aska::Vector*, StBoolean<true>)	emitter	decompiled	
0x246bfd8	0x256bfd8	944	_ZN4Aska15ParticleEmitterINS_11FeatureListINS_16ParticleFeatures5SpeedENS1_INS2_6MotionENS1_INS2_8RotationENS1_INS2_14ColorAnimationENS1_INS2_4LineENS1_INS2_8DynamicsENS1_INS_24ParticleDynamicsFeatures8DynamicsENS_6StNULLEEEEEEEEEEEEEEEE8SimulateEf	Aska::ParticleEmitter<Aska::FeatureList<Aska::ParticleFeatures::Speed, Aska::FeatureList<Aska::ParticleFeatures::Motion, Aska::FeatureList<Aska::ParticleFeatures::Rotation, Aska::FeatureList<Aska::ParticleFeatures::ColorAnimation, Aska::FeatureList<Aska::ParticleFeatures::Line, Aska::FeatureList<Aska::ParticleFeatures::Dynamics, Aska::FeatureList<Aska::ParticleDynamicsFeatures::Dynamics, Aska::StNULL> > > > > > > >::Simulate(float)	simulate	native	
0x246c388	0x256c388	516	_ZN4Aska15ParticleEmitterINS_11FeatureListINS_16ParticleFeatures5SpeedENS1_INS2_6MotionENS1_INS2_8RotationENS1_INS2_14ColorAnimationENS1_INS2_4LineENS1_INS2_8DynamicsENS1_INS_24ParticleDynamicsFeatures8DynamicsENS_6StNULLEEEEEEEEEEEEEEEE23EmitterAffectToParticleEPNS_6VectorEPNS_16IParticleEmitter13MatrixContextEf	Aska::ParticleEmitter<Aska::FeatureList<Aska::ParticleFeatures::Speed, Aska::FeatureList<Aska::ParticleFeatures::Motion, Aska::FeatureList<Aska::ParticleFeatures::Rotation, Aska::FeatureList<Aska::ParticleFeatures::ColorAnimation, Aska::FeatureList<Aska::ParticleFeatures::Line, Aska::FeatureList<Aska::ParticleFeatures::Dynamics, Aska::FeatureList<Aska::ParticleDynamicsFeatures::Dynamics, Aska::StNULL> > > > > > > >::EmitterAffectToParticle(Aska::Vector*, Aska::IParticleEmitter::MatrixContext*, float)	emitter	decompiled	
0x246c58c	0x256c58c	632	_ZN4Aska24ParticleRenderableObjectINS_11FeatureListINS_16ParticleFeatures5SpeedENS1_INS2_6MotionENS1_INS2_8RotationENS1_INS2_14ColorAnimationENS1_INS2_4LineENS1_INS2_8DynamicsENS1_INS_24ParticleDynamicsFeatures8DynamicsENS_6StNULLEEEEEEEEEEEEEEEE15RenderProcedureEfPNS_16IParticleEmitter13MatrixContextEb	Aska::ParticleRenderableObject<Aska::FeatureList<Aska::ParticleFeatures::Speed, Aska::FeatureList<Aska::ParticleFeatures::Motion, Aska::FeatureList<Aska::ParticleFeatures::Rotation, Aska::FeatureList<Aska::ParticleFeatures::ColorAnimation, Aska::FeatureList<Aska::ParticleFeatures::Line, Aska::FeatureList<Aska::ParticleFeatures::Dynamics, Aska::FeatureList<Aska::ParticleDynamicsFeatures::Dynamics, Aska::StNULL> > > > > > > >::RenderProcedure(float, Aska::IParticleEmitter::MatrixContext*, bool)	emitter	decompiled	
0x246ea60	0x256ea60	480	_ZN4Aska15ParticleEmitterINS_11FeatureListINS_16ParticleFeatures5SpeedENS1_INS2_6MotionENS1_INS2_8RotationENS1_INS2_14ColorAnimationENS1_INS2_8DynamicsENS1_INS_24ParticleDynamicsFeatures8DynamicsENS_6StNULLEEEEEEEEEEEEEE8EmitLinkEiPNS_16IParticleEmitter11EmitContextE	Aska::ParticleEmitter<Aska::FeatureList<Aska::ParticleFeatures::Speed, Aska::FeatureList<Aska::ParticleFeatures::Motion, Aska::FeatureList<Aska::ParticleFeatures::Rotation, Aska::FeatureList<Aska::ParticleFeatures::ColorAnimation, Aska::FeatureList<Aska::ParticleFeatures::Dynamics, Aska::FeatureList<Aska::ParticleDynamicsFeatures::Dynamics, Aska::StNULL> > > > > > >::EmitLink(int, Aska::IParticleEmitter::EmitContext*)	emitter	decompiled	
0x246eec8	0x256eec8	8056	_ZN4Aska15ParticleEmitterINS_11FeatureListINS_16ParticleFeatures5SpeedENS1_INS2_6MotionENS1_INS2_8RotationENS1_INS2_14ColorAnimationENS1_INS2_8DynamicsENS1_INS_24ParticleDynamicsFeatures8DynamicsENS_6StNULLEEEEEEEEEEEEEE4EmitEiPNS_16IParticleEmitter11EmitContextEPKNSI_13MatrixContextE	Aska::ParticleEmitter<Aska::FeatureList<Aska::ParticleFeatures::Speed, Aska::FeatureList<Aska::ParticleFeatures::Motion, Aska::FeatureList<Aska::ParticleFeatures::Rotation, Aska::FeatureList<Aska::ParticleFeatures::ColorAnimation, Aska::FeatureList<Aska::ParticleFeatures::Dynamics, Aska::FeatureList<Aska::ParticleDynamicsFeatures::Dynamics, Aska::StNULL> > > > > > >::Emit(int, Aska::IParticleEmitter::EmitContext*, Aska::IParticleEmitter::MatrixContext const*)	emitter	decompiled	
0x2470e40	0x2570e40	4848	_ZN4Aska15ParticleEmitterINS_11FeatureListINS_16ParticleFeatures5SpeedENS1_INS2_6MotionENS1_INS2_8RotationENS1_INS2_14ColorAnimationENS1_INS2_8DynamicsENS1_INS_24ParticleDynamicsFeatures8DynamicsENS_6StNULLEEEEEEEEEEEEEE10EmitMotionEPNS_15ParticleElementISG_EEPKNS_16IParticleEmitter11EmitContextEPSM_9StBooleanILb1EE	Aska::ParticleEmitter<Aska::FeatureList<Aska::ParticleFeatures::Speed, Aska::FeatureList<Aska::ParticleFeatures::Motion, Aska::FeatureList<Aska::ParticleFeatures::Rotation, Aska::FeatureList<Aska::ParticleFeatures::ColorAnimation, Aska::FeatureList<Aska::ParticleFeatures::Dynamics, Aska::FeatureList<Aska::ParticleDynamicsFeatures::Dynamics, Aska::StNULL> > > > > > >::EmitMotion(Aska::ParticleElement<Aska::FeatureList<Aska::ParticleFeatures::Speed, Aska::FeatureList<Aska::ParticleFeatures::Motion, Aska::FeatureList<Aska::ParticleFeatures::Rotation, Aska::FeatureList<Aska::ParticleFeatures::ColorAnimation, Aska::FeatureList<Aska::ParticleFeatures::Dynamics, Aska::FeatureList<Aska::ParticleDynamicsFeatures::Dynamics, Aska::StNULL> > > > > > >*, Aska::IParticleEmitter::EmitContext const*, Aska::IParticleEmitter::EmitContext*, StBoolean<true>)	emitter	decompiled	
0x2472130	0x2572130	2008	_ZN4Aska15ParticleEmitterINS_11FeatureListINS_16ParticleFeatures5SpeedENS1_INS2_6MotionENS1_INS2_8RotationENS1_INS2_14ColorAnimationENS1_INS2_8DynamicsENS1_INS_24ParticleDynamicsFeatures8DynamicsENS_6StNULLEEEEEEEEEEEEEE12EmitRotationEPNS_15ParticleElementISG_EEPKNS_16IParticleEmitter11EmitContextEPSM_9StBooleanILb1EE	Aska::ParticleEmitter<Aska::FeatureList<Aska::ParticleFeatures::Speed, Aska::FeatureList<Aska::ParticleFeatures::Motion, Aska::FeatureList<Aska::ParticleFeatures::Rotation, Aska::FeatureList<Aska::ParticleFeatures::ColorAnimation, Aska::FeatureList<Aska::ParticleFeatures::Dynamics, Aska::FeatureList<Aska::ParticleDynamicsFeatures::Dynamics, Aska::StNULL> > > > > > >::EmitRotation(Aska::ParticleElement<Aska::FeatureList<Aska::ParticleFeatures::Speed, Aska::FeatureList<Aska::ParticleFeatures::Motion, Aska::FeatureList<Aska::ParticleFeatures::Rotation, Aska::FeatureList<Aska::ParticleFeatures::ColorAnimation, Aska::FeatureList<Aska::ParticleFeatures::Dynamics, Aska::FeatureList<Aska::ParticleDynamicsFeatures::Dynamics, Aska::StNULL> > > > > > >*, Aska::IParticleEmitter::EmitContext const*, Aska::IParticleEmitter::EmitContext*, StBoolean<true>)	emitter	decompiled	
0x2472bf8	0x2572bf8	484	_ZN4Aska15ParticleEmitterINS_11FeatureListINS_16ParticleFeatures5SpeedENS1_INS2_6MotionENS1_INS2_8RotationENS1_INS2_14ColorAnimationENS1_INS2_8DynamicsENS1_INS_24ParticleDynamicsFeatures8DynamicsENS_6StNULLEEEEEEEEEEEEEE26LineSpeedAffectionRotationEPNS_15ParticleElementISG_EEPKNS_16IParticleEmitter11EmitContextEPNS_6VectorE9StBooleanILb1EE	Aska::ParticleEmitter<Aska::FeatureList<Aska::ParticleFeatures::Speed, Aska::FeatureList<Aska::ParticleFeatures::Motion, Aska::FeatureList<Aska::ParticleFeatures::Rotation, Aska::FeatureList<Aska::ParticleFeatures::ColorAnimation, Aska::FeatureList<Aska::ParticleFeatures::Dynamics, Aska::FeatureList<Aska::ParticleDynamicsFeatures::Dynamics, Aska::StNULL> > > > > > >::LineSpeedAffectionRotation(Aska::ParticleElement<Aska::FeatureList<Aska::ParticleFeatures::Speed, Aska::FeatureList<Aska::ParticleFeatures::Motion, Aska::FeatureList<Aska::ParticleFeatures::Rotation, Aska::FeatureList<Aska::ParticleFeatures::ColorAnimation, Aska::FeatureList<Aska::ParticleFeatures::Dynamics, Aska::FeatureList<Aska::ParticleDynamicsFeatures::Dynamics, Aska::StNULL> > > > > > >*, Aska::IParticleEmitter::EmitContext const*, Aska::Vector*, StBoolean<true>)	emitter	decompiled	
0x2473330	0x2573330	944	_ZN4Aska15ParticleEmitterINS_11FeatureListINS_16ParticleFeatures5SpeedENS1_INS2_6MotionENS1_INS2_8RotationENS1_INS2_14ColorAnimationENS1_INS2_8DynamicsENS1_INS_24ParticleDynamicsFeatures8DynamicsENS_6StNULLEEEEEEEEEEEEEE8SimulateEf	Aska::ParticleEmitter<Aska::FeatureList<Aska::ParticleFeatures::Speed, Aska::FeatureList<Aska::ParticleFeatures::Motion, Aska::FeatureList<Aska::ParticleFeatures::Rotation, Aska::FeatureList<Aska::ParticleFeatures::ColorAnimation, Aska::FeatureList<Aska::ParticleFeatures::Dynamics, Aska::FeatureList<Aska::ParticleDynamicsFeatures::Dynamics, Aska::StNULL> > > > > > >::Simulate(float)	simulate	native	
0x24736e0	0x25736e0	516	_ZN4Aska15ParticleEmitterINS_11FeatureListINS_16ParticleFeatures5SpeedENS1_INS2_6MotionENS1_INS2_8RotationENS1_INS2_14ColorAnimationENS1_INS2_8DynamicsENS1_INS_24ParticleDynamicsFeatures8DynamicsENS_6StNULLEEEEEEEEEEEEEE23EmitterAffectToParticleEPNS_6VectorEPNS_16IParticleEmitter13MatrixContextEf	Aska::ParticleEmitter<Aska::FeatureList<Aska::ParticleFeatures::Speed, Aska::FeatureList<Aska::ParticleFeatures::Motion, Aska::FeatureList<Aska::ParticleFeatures::Rotation, Aska::FeatureList<Aska::ParticleFeatures::ColorAnimation, Aska::FeatureList<Aska::ParticleFeatures::Dynamics, Aska::FeatureList<Aska::ParticleDynamicsFeatures::Dynamics, Aska::StNULL> > > > > > >::EmitterAffectToParticle(Aska::Vector*, Aska::IParticleEmitter::MatrixContext*, float)	emitter	decompiled	
0x24738e4	0x25738e4	632	_ZN4Aska24ParticleRenderableObjectINS_11FeatureListINS_16ParticleFeatures5SpeedENS1_INS2_6MotionENS1_INS2_8RotationENS1_INS2_14ColorAnimationENS1_INS2_8DynamicsENS1_INS_24ParticleDynamicsFeatures8DynamicsENS_6StNULLEEEEEEEEEEEEEE15RenderProcedureEfPNS_16IParticleEmitter13MatrixContextEb	Aska::ParticleRenderableObject<Aska::FeatureList<Aska::ParticleFeatures::Speed, Aska::FeatureList<Aska::ParticleFeatures::Motion, Aska::FeatureList<Aska::ParticleFeatures::Rotation, Aska::FeatureList<Aska::ParticleFeatures::ColorAnimation, Aska::FeatureList<Aska::ParticleFeatures::Dynamics, Aska::FeatureList<Aska::ParticleDynamicsFeatures::Dynamics, Aska::StNULL> > > > > > >::RenderProcedure(float, Aska::IParticleEmitter::MatrixContext*, bool)	emitter	decompiled	
0x2474b28	0x2574b28	476	_ZN4Aska15ParticleManager14CreateParticleINS_11FeatureListINS_16ParticleFeatures5SpeedENS2_INS3_6MotionENS2_INS3_8RotationENS2_INS3_9LifeLimitENS2_INS3_4LineENS2_INS3_8DynamicsENS2_INS_24ParticleDynamicsFeatures8DynamicsENS_6StNULLEEEEEEEEEEEEEEEEEPNS_15ParticleEmitterIT_EEPKNS_3AFF18AsfParticleEmitterE	Aska::ParticleEmitter<Aska::FeatureList<Aska::ParticleFeatures::Speed, Aska::FeatureList<Aska::ParticleFeatures::Motion, Aska::FeatureList<Aska::ParticleFeatures::Rotation, Aska::FeatureList<Aska::ParticleFeatures::LifeLimit, Aska::FeatureList<Aska::ParticleFeatures::Line, Aska::FeatureList<Aska::ParticleFeatures::Dynamics, Aska::FeatureList<Aska::ParticleDynamicsFeatures::Dynamics, Aska::StNULL> > > > > > > >* Aska::ParticleManager::CreateParticle<Aska::FeatureList<Aska::ParticleFeatures::Speed, Aska::FeatureList<Aska::ParticleFeatures::Motion, Aska::FeatureList<Aska::ParticleFeatures::Rotation, Aska::FeatureList<Aska::ParticleFeatures::LifeLimit, Aska::FeatureList<Aska::ParticleFeatures::Line, Aska::FeatureList<Aska::ParticleFeatures::Dynamics, Aska::FeatureList<Aska::ParticleDynamicsFeatures::Dynamics, Aska::StNULL> > > > > > > >(Aska::AFF::AsfParticleEmitter const*)	manager	decompiled	
0x2474d04	0x2574d04	444	_ZN4Aska15ParticleManager14CreateParticleINS_11FeatureListINS_16ParticleFeatures5SpeedENS2_INS3_6MotionENS2_INS3_8RotationENS2_INS3_9LifeLimitENS2_INS3_8DynamicsENS2_INS_24ParticleDynamicsFeatures8DynamicsENS_6StNULLEEEEEEEEEEEEEEEPNS_15ParticleEmitterIT_EEPKNS_3AFF18AsfParticleEmitterE	Aska::ParticleEmitter<Aska::FeatureList<Aska::ParticleFeatures::Speed, Aska::FeatureList<Aska::ParticleFeatures::Motion, Aska::FeatureList<Aska::ParticleFeatures::Rotation, Aska::FeatureList<Aska::ParticleFeatures::LifeLimit, Aska::FeatureList<Aska::ParticleFeatures::Dynamics, Aska::FeatureList<Aska::ParticleDynamicsFeatures::Dynamics, Aska::StNULL> > > > > > >* Aska::ParticleManager::CreateParticle<Aska::FeatureList<Aska::ParticleFeatures::Speed, Aska::FeatureList<Aska::ParticleFeatures::Motion, Aska::FeatureList<Aska::ParticleFeatures::Rotation, Aska::FeatureList<Aska::ParticleFeatures::LifeLimit, Aska::FeatureList<Aska::ParticleFeatures::Dynamics, Aska::FeatureList<Aska::ParticleDynamicsFeatures::Dynamics, Aska::StNULL> > > > > > >(Aska::AFF::AsfParticleEmitter const*)	manager	decompiled	
0x2474ec0	0x2574ec0	464	_ZN4Aska15ParticleManager14CreateParticleINS_11FeatureListINS_16ParticleFeatures5SpeedENS2_INS3_6MotionENS2_INS3_8RotationENS2_INS3_4LineENS2_INS3_8DynamicsENS2_INS_24ParticleDynamicsFeatures8DynamicsENS_6StNULLEEEEEEEEEEEEEEEPNS_15ParticleEmitterIT_EEPKNS_3AFF18AsfParticleEmitterE	Aska::ParticleEmitter<Aska::FeatureList<Aska::ParticleFeatures::Speed, Aska::FeatureList<Aska::ParticleFeatures::Motion, Aska::FeatureList<Aska::ParticleFeatures::Rotation, Aska::FeatureList<Aska::ParticleFeatures::Line, Aska::FeatureList<Aska::ParticleFeatures::Dynamics, Aska::FeatureList<Aska::ParticleDynamicsFeatures::Dynamics, Aska::StNULL> > > > > > >* Aska::ParticleManager::CreateParticle<Aska::FeatureList<Aska::ParticleFeatures::Speed, Aska::FeatureList<Aska::ParticleFeatures::Motion, Aska::FeatureList<Aska::ParticleFeatures::Rotation, Aska::FeatureList<Aska::ParticleFeatures::Line, Aska::FeatureList<Aska::ParticleFeatures::Dynamics, Aska::FeatureList<Aska::ParticleDynamicsFeatures::Dynamics, Aska::StNULL> > > > > > >(Aska::AFF::AsfParticleEmitter const*)	manager	decompiled	
0x2475090	0x2575090	432	_ZN4Aska15ParticleManager14CreateParticleINS_11FeatureListINS_16ParticleFeatures5SpeedENS2_INS3_6MotionENS2_INS3_8RotationENS2_INS3_8DynamicsENS2_INS_24ParticleDynamicsFeatures8DynamicsENS_6StNULLEEEEEEEEEEEEEPNS_15ParticleEmitterIT_EEPKNS_3AFF18AsfParticleEmitterE	Aska::ParticleEmitter<Aska::FeatureList<Aska::ParticleFeatures::Speed, Aska::FeatureList<Aska::ParticleFeatures::Motion, Aska::FeatureList<Aska::ParticleFeatures::Rotation, Aska::FeatureList<Aska::ParticleFeatures::Dynamics, Aska::FeatureList<Aska::ParticleDynamicsFeatures::Dynamics, Aska::StNULL> > > > > >* Aska::ParticleManager::CreateParticle<Aska::FeatureList<Aska::ParticleFeatures::Speed, Aska::FeatureList<Aska::ParticleFeatures::Motion, Aska::FeatureList<Aska::ParticleFeatures::Rotation, Aska::FeatureList<Aska::ParticleFeatures::Dynamics, Aska::FeatureList<Aska::ParticleDynamicsFeatures::Dynamics, Aska::StNULL> > > > > >(Aska::AFF::AsfParticleEmitter const*)	manager	decompiled	
0x247665c	0x257665c	480	_ZN4Aska15ParticleEmitterINS_11FeatureListINS_16ParticleFeatures5SpeedENS1_INS2_6MotionENS1_INS2_8RotationENS1_INS2_9LifeLimitENS1_INS2_4LineENS1_INS2_8DynamicsENS1_INS_24ParticleDynamicsFeatures8DynamicsENS_6StNULLEEEEEEEEEEEEEEEE8EmitLinkEiPNS_16IParticleEmitter11EmitContextE	Aska::ParticleEmitter<Aska::FeatureList<Aska::ParticleFeatures::Speed, Aska::FeatureList<Aska::ParticleFeatures::Motion, Aska::FeatureList<Aska::ParticleFeatures::Rotation, Aska::FeatureList<Aska::ParticleFeatures::LifeLimit, Aska::FeatureList<Aska::ParticleFeatures::Line, Aska::FeatureList<Aska::ParticleFeatures::Dynamics, Aska::FeatureList<Aska::ParticleDynamicsFeatures::Dynamics, Aska::StNULL> > > > > > > >::EmitLink(int, Aska::IParticleEmitter::EmitContext*)	emitter	decompiled	
0x2476a94	0x2576a94	8272	_ZN4Aska15ParticleEmitterINS_11FeatureListINS_16ParticleFeatures5SpeedENS1_INS2_6MotionENS1_INS2_8RotationENS1_INS2_9LifeLimitENS1_INS2_4LineENS1_INS2_8DynamicsENS1_INS_24ParticleDynamicsFeatures8DynamicsENS_6StNULLEEEEEEEEEEEEEEEE4EmitEiPNS_16IParticleEmitter11EmitContextEPKNSK_13MatrixContextE	Aska::ParticleEmitter<Aska::FeatureList<Aska::ParticleFeatures::Speed, Aska::FeatureList<Aska::ParticleFeatures::Motion, Aska::FeatureList<Aska::ParticleFeatures::Rotation, Aska::FeatureList<Aska::ParticleFeatures::LifeLimit, Aska::FeatureList<Aska::ParticleFeatures::Line, Aska::FeatureList<Aska::ParticleFeatures::Dynamics, Aska::FeatureList<Aska::ParticleDynamicsFeatures::Dynamics, Aska::StNULL> > > > > > > >::Emit(int, Aska::IParticleEmitter::EmitContext*, Aska::IParticleEmitter::MatrixContext const*)	emitter	decompiled	
0x2478ae4	0x2578ae4	4848	_ZN4Aska15ParticleEmitterINS_11FeatureListINS_16ParticleFeatures5SpeedENS1_INS2_6MotionENS1_INS2_8RotationENS1_INS2_9LifeLimitENS1_INS2_4LineENS1_INS2_8DynamicsENS1_INS_24ParticleDynamicsFeatures8DynamicsENS_6StNULLEEEEEEEEEEEEEEEE10EmitMotionEPNS_15ParticleElementISI_EEPKNS_16IParticleEmitter11EmitContextEPSO_9StBooleanILb1EE	Aska::ParticleEmitter<Aska::FeatureList<Aska::ParticleFeatures::Speed, Aska::FeatureList<Aska::ParticleFeatures::Motion, Aska::FeatureList<Aska::ParticleFeatures::Rotation, Aska::FeatureList<Aska::ParticleFeatures::LifeLimit, Aska::FeatureList<Aska::ParticleFeatures::Line, Aska::FeatureList<Aska::ParticleFeatures::Dynamics, Aska::FeatureList<Aska::ParticleDynamicsFeatures::Dynamics, Aska::StNULL> > > > > > > >::EmitMotion(Aska::ParticleElement<Aska::FeatureList<Aska::ParticleFeatures::Speed, Aska::FeatureList<Aska::ParticleFeatures::Motion, Aska::FeatureList<Aska::ParticleFeatures::Rotation, Aska::FeatureList<Aska::ParticleFeatures::LifeLimit, Aska::FeatureList<Aska::ParticleFeatures::Line, Aska::FeatureList<Aska::ParticleFeatures::Dynamics, Aska::FeatureList<Aska::ParticleDynamicsFeatures::Dynamics, Aska::StNULL> > > > > > > >*, Aska::IParticleEmitter::EmitContext const*, Aska::IParticleEmitter::EmitContext*, StBoolean<true>)	emitter	decompiled	
0x2479dd4	0x2579dd4	2008	_ZN4Aska15ParticleEmitterINS_11FeatureListINS_16ParticleFeatures5SpeedENS1_INS2_6MotionENS1_INS2_8RotationENS1_INS2_9LifeLimitENS1_INS2_4LineENS1_INS2_8DynamicsENS1_INS_24ParticleDynamicsFeatures8DynamicsENS_6StNULLEEEEEEEEEEEEEEEE12EmitRotationEPNS_15ParticleElementISI_EEPKNS_16IParticleEmitter11EmitContextEPSO_9StBooleanILb1EE	Aska::ParticleEmitter<Aska::FeatureList<Aska::ParticleFeatures::Speed, Aska::FeatureList<Aska::ParticleFeatures::Motion, Aska::FeatureList<Aska::ParticleFeatures::Rotation, Aska::FeatureList<Aska::ParticleFeatures::LifeLimit, Aska::FeatureList<Aska::ParticleFeatures::Line, Aska::FeatureList<Aska::ParticleFeatures::Dynamics, Aska::FeatureList<Aska::ParticleDynamicsFeatures::Dynamics, Aska::StNULL> > > > > > > >::EmitRotation(Aska::ParticleElement<Aska::FeatureList<Aska::ParticleFeatures::Speed, Aska::FeatureList<Aska::ParticleFeatures::Motion, Aska::FeatureList<Aska::ParticleFeatures::Rotation, Aska::FeatureList<Aska::ParticleFeatures::LifeLimit, Aska::FeatureList<Aska::ParticleFeatures::Line, Aska::FeatureList<Aska::ParticleFeatures::Dynamics, Aska::FeatureList<Aska::ParticleDynamicsFeatures::Dynamics, Aska::StNULL> > > > > > > >*, Aska::IParticleEmitter::EmitContext const*, Aska::IParticleEmitter::EmitContext*, StBoolean<true>)	emitter	decompiled	
0x247a5ac	0x257a5ac	484	_ZN4Aska15ParticleEmitterINS_11FeatureListINS_16ParticleFeatures5SpeedENS1_INS2_6MotionENS1_INS2_8RotationENS1_INS2_9LifeLimitENS1_INS2_4LineENS1_INS2_8DynamicsENS1_INS_24ParticleDynamicsFeatures8DynamicsENS_6StNULLEEEEEEEEEEEEEEEE26LineSpeedAffectionRotationEPNS_15ParticleElementISI_EEPKNS_16IParticleEmitter11EmitContextEPNS_6VectorE9StBooleanILb1EE	Aska::ParticleEmitter<Aska::FeatureList<Aska::ParticleFeatures::Speed, Aska::FeatureList<Aska::ParticleFeatures::Motion, Aska::FeatureList<Aska::ParticleFeatures::Rotation, Aska::FeatureList<Aska::ParticleFeatures::LifeLimit, Aska::FeatureList<Aska::ParticleFeatures::Line, Aska::FeatureList<Aska::ParticleFeatures::Dynamics, Aska::FeatureList<Aska::ParticleDynamicsFeatures::Dynamics, Aska::StNULL> > > > > > > >::LineSpeedAffectionRotation(Aska::ParticleElement<Aska::FeatureList<Aska::ParticleFeatures::Speed, Aska::FeatureList<Aska::ParticleFeatures::Motion, Aska::FeatureList<Aska::ParticleFeatures::Rotation, Aska::FeatureList<Aska::ParticleFeatures::LifeLimit, Aska::FeatureList<Aska::ParticleFeatures::Line, Aska::FeatureList<Aska::ParticleFeatures::Dynamics, Aska::FeatureList<Aska::ParticleDynamicsFeatures::Dynamics, Aska::StNULL> > > > > > > >*, Aska::IParticleEmitter::EmitContext const*, Aska::Vector*, StBoolean<true>)	emitter	decompiled	
0x247ace8	0x257ace8	944	_ZN4Aska15ParticleEmitterINS_11FeatureListINS_16ParticleFeatures5SpeedENS1_INS2_6MotionENS1_INS2_8RotationENS1_INS2_9LifeLimitENS1_INS2_4LineENS1_INS2_8DynamicsENS1_INS_24ParticleDynamicsFeatures8DynamicsENS_6StNULLEEEEEEEEEEEEEEEE8SimulateEf	Aska::ParticleEmitter<Aska::FeatureList<Aska::ParticleFeatures::Speed, Aska::FeatureList<Aska::ParticleFeatures::Motion, Aska::FeatureList<Aska::ParticleFeatures::Rotation, Aska::FeatureList<Aska::ParticleFeatures::LifeLimit, Aska::FeatureList<Aska::ParticleFeatures::Line, Aska::FeatureList<Aska::ParticleFeatures::Dynamics, Aska::FeatureList<Aska::ParticleDynamicsFeatures::Dynamics, Aska::StNULL> > > > > > > >::Simulate(float)	simulate	native	
0x247b098	0x257b098	516	_ZN4Aska15ParticleEmitterINS_11FeatureListINS_16ParticleFeatures5SpeedENS1_INS2_6MotionENS1_INS2_8RotationENS1_INS2_9LifeLimitENS1_INS2_4LineENS1_INS2_8DynamicsENS1_INS_24ParticleDynamicsFeatures8DynamicsENS_6StNULLEEEEEEEEEEEEEEEE23EmitterAffectToParticleEPNS_6VectorEPNS_16IParticleEmitter13MatrixContextEf	Aska::ParticleEmitter<Aska::FeatureList<Aska::ParticleFeatures::Speed, Aska::FeatureList<Aska::ParticleFeatures::Motion, Aska::FeatureList<Aska::ParticleFeatures::Rotation, Aska::FeatureList<Aska::ParticleFeatures::LifeLimit, Aska::FeatureList<Aska::ParticleFeatures::Line, Aska::FeatureList<Aska::ParticleFeatures::Dynamics, Aska::FeatureList<Aska::ParticleDynamicsFeatures::Dynamics, Aska::StNULL> > > > > > > >::EmitterAffectToParticle(Aska::Vector*, Aska::IParticleEmitter::MatrixContext*, float)	emitter	decompiled	
0x247b29c	0x257b29c	632	_ZN4Aska24ParticleRenderableObjectINS_11FeatureListINS_16ParticleFeatures5SpeedENS1_INS2_6MotionENS1_INS2_8RotationENS1_INS2_9LifeLimitENS1_INS2_4LineENS1_INS2_8DynamicsENS1_INS_24ParticleDynamicsFeatures8DynamicsENS_6StNULLEEEEEEEEEEEEEEEE15RenderProcedureEfPNS_16IParticleEmitter13MatrixContextEb	Aska::ParticleRenderableObject<Aska::FeatureList<Aska::ParticleFeatures::Speed, Aska::FeatureList<Aska::ParticleFeatures::Motion, Aska::FeatureList<Aska::ParticleFeatures::Rotation, Aska::FeatureList<Aska::ParticleFeatures::LifeLimit, Aska::FeatureList<Aska::ParticleFeatures::Line, Aska::FeatureList<Aska::ParticleFeatures::Dynamics, Aska::FeatureList<Aska::ParticleDynamicsFeatures::Dynamics, Aska::StNULL> > > > > > > >::RenderProcedure(float, Aska::IParticleEmitter::MatrixContext*, bool)	emitter	decompiled	
0x247df0c	0x257df0c	480	_ZN4Aska15ParticleEmitterINS_11FeatureListINS_16ParticleFeatures5SpeedENS1_INS2_6MotionENS1_INS2_8RotationENS1_INS2_9LifeLimitENS1_INS2_8DynamicsENS1_INS_24ParticleDynamicsFeatures8DynamicsENS_6StNULLEEEEEEEEEEEEEE8EmitLinkEiPNS_16IParticleEmitter11EmitContextE	Aska::ParticleEmitter<Aska::FeatureList<Aska::ParticleFeatures::Speed, Aska::FeatureList<Aska::ParticleFeatures::Motion, Aska::FeatureList<Aska::ParticleFeatures::Rotation, Aska::FeatureList<Aska::ParticleFeatures::LifeLimit, Aska::FeatureList<Aska::ParticleFeatures::Dynamics, Aska::FeatureList<Aska::ParticleDynamicsFeatures::Dynamics, Aska::StNULL> > > > > > >::EmitLink(int, Aska::IParticleEmitter::EmitContext*)	emitter	decompiled	
0x247e234	0x257e234	8044	_ZN4Aska15ParticleEmitterINS_11FeatureListINS_16ParticleFeatures5SpeedENS1_INS2_6MotionENS1_INS2_8RotationENS1_INS2_9LifeLimitENS1_INS2_8DynamicsENS1_INS_24ParticleDynamicsFeatures8DynamicsENS_6StNULLEEEEEEEEEEEEEE4EmitEiPNS_16IParticleEmitter11EmitContextEPKNSI_13MatrixContextE	Aska::ParticleEmitter<Aska::FeatureList<Aska::ParticleFeatures::Speed, Aska::FeatureList<Aska::ParticleFeatures::Motion, Aska::FeatureList<Aska::ParticleFeatures::Rotation, Aska::FeatureList<Aska::ParticleFeatures::LifeLimit, Aska::FeatureList<Aska::ParticleFeatures::Dynamics, Aska::FeatureList<Aska::ParticleDynamicsFeatures::Dynamics, Aska::StNULL> > > > > > >::Emit(int, Aska::IParticleEmitter::EmitContext*, Aska::IParticleEmitter::MatrixContext const*)	emitter	decompiled	
0x24801a0	0x25801a0	4848	_ZN4Aska15ParticleEmitterINS_11FeatureListINS_16ParticleFeatures5SpeedENS1_INS2_6MotionENS1_INS2_8RotationENS1_INS2_9LifeLimitENS1_INS2_8DynamicsENS1_INS_24ParticleDynamicsFeatures8DynamicsENS_6StNULLEEEEEEEEEEEEEE10EmitMotionEPNS_15ParticleElementISG_EEPKNS_16IParticleEmitter11EmitContextEPSM_9StBooleanILb1EE	Aska::ParticleEmitter<Aska::FeatureList<Aska::ParticleFeatures::Speed, Aska::FeatureList<Aska::ParticleFeatures::Motion, Aska::FeatureList<Aska::ParticleFeatures::Rotation, Aska::FeatureList<Aska::ParticleFeatures::LifeLimit, Aska::FeatureList<Aska::ParticleFeatures::Dynamics, Aska::FeatureList<Aska::ParticleDynamicsFeatures::Dynamics, Aska::StNULL> > > > > > >::EmitMotion(Aska::ParticleElement<Aska::FeatureList<Aska::ParticleFeatures::Speed, Aska::FeatureList<Aska::ParticleFeatures::Motion, Aska::FeatureList<Aska::ParticleFeatures::Rotation, Aska::FeatureList<Aska::ParticleFeatures::LifeLimit, Aska::FeatureList<Aska::ParticleFeatures::Dynamics, Aska::FeatureList<Aska::ParticleDynamicsFeatures::Dynamics, Aska::StNULL> > > > > > >*, Aska::IParticleEmitter::EmitContext const*, Aska::IParticleEmitter::EmitContext*, StBoolean<true>)	emitter	decompiled	
0x2481490	0x2581490	2008	_ZN4Aska15ParticleEmitterINS_11FeatureListINS_16ParticleFeatures5SpeedENS1_INS2_6MotionENS1_INS2_8RotationENS1_INS2_9LifeLimitENS1_INS2_8DynamicsENS1_INS_24ParticleDynamicsFeatures8DynamicsENS_6StNULLEEEEEEEEEEEEEE12EmitRotationEPNS_15ParticleElementISG_EEPKNS_16IParticleEmitter11EmitContextEPSM_9StBooleanILb1EE	Aska::ParticleEmitter<Aska::FeatureList<Aska::ParticleFeatures::Speed, Aska::FeatureList<Aska::ParticleFeatures::Motion, Aska::FeatureList<Aska::ParticleFeatures::Rotation, Aska::FeatureList<Aska::ParticleFeatures::LifeLimit, Aska::FeatureList<Aska::ParticleFeatures::Dynamics, Aska::FeatureList<Aska::ParticleDynamicsFeatures::Dynamics, Aska::StNULL> > > > > > >::EmitRotation(Aska::ParticleElement<Aska::FeatureList<Aska::ParticleFeatures::Speed, Aska::FeatureList<Aska::ParticleFeatures::Motion, Aska::FeatureList<Aska::ParticleFeatures::Rotation, Aska::FeatureList<Aska::ParticleFeatures::LifeLimit, Aska::FeatureList<Aska::ParticleFeatures::Dynamics, Aska::FeatureList<Aska::ParticleDynamicsFeatures::Dynamics, Aska::StNULL> > > > > > >*, Aska::IParticleEmitter::EmitContext const*, Aska::IParticleEmitter::EmitContext*, StBoolean<true>)	emitter	decompiled	
0x2481c68	0x2581c68	484	_ZN4Aska15ParticleEmitterINS_11FeatureListINS_16ParticleFeatures5SpeedENS1_INS2_6MotionENS1_INS2_8RotationENS1_INS2_9LifeLimitENS1_INS2_8DynamicsENS1_INS_24ParticleDynamicsFeatures8DynamicsENS_6StNULLEEEEEEEEEEEEEE26LineSpeedAffectionRotationEPNS_15ParticleElementISG_EEPKNS_16IParticleEmitter11EmitContextEPNS_6VectorE9StBooleanILb1EE	Aska::ParticleEmitter<Aska::FeatureList<Aska::ParticleFeatures::Speed, Aska::FeatureList<Aska::ParticleFeatures::Motion, Aska::FeatureList<Aska::ParticleFeatures::Rotation, Aska::FeatureList<Aska::ParticleFeatures::LifeLimit, Aska::FeatureList<Aska::ParticleFeatures::Dynamics, Aska::FeatureList<Aska::ParticleDynamicsFeatures::Dynamics, Aska::StNULL> > > > > > >::LineSpeedAffectionRotation(Aska::ParticleElement<Aska::FeatureList<Aska::ParticleFeatures::Speed, Aska::FeatureList<Aska::ParticleFeatures::Motion, Aska::FeatureList<Aska::ParticleFeatures::Rotation, Aska::FeatureList<Aska::ParticleFeatures::LifeLimit, Aska::FeatureList<Aska::ParticleFeatures::Dynamics, Aska::FeatureList<Aska::ParticleDynamicsFeatures::Dynamics, Aska::StNULL> > > > > > >*, Aska::IParticleEmitter::EmitContext const*, Aska::Vector*, StBoolean<true>)	emitter	decompiled	
0x24823a4	0x25823a4	944	_ZN4Aska15ParticleEmitterINS_11FeatureListINS_16ParticleFeatures5SpeedENS1_INS2_6MotionENS1_INS2_8RotationENS1_INS2_9LifeLimitENS1_INS2_8DynamicsENS1_INS_24ParticleDynamicsFeatures8DynamicsENS_6StNULLEEEEEEEEEEEEEE8SimulateEf	Aska::ParticleEmitter<Aska::FeatureList<Aska::ParticleFeatures::Speed, Aska::FeatureList<Aska::ParticleFeatures::Motion, Aska::FeatureList<Aska::ParticleFeatures::Rotation, Aska::FeatureList<Aska::ParticleFeatures::LifeLimit, Aska::FeatureList<Aska::ParticleFeatures::Dynamics, Aska::FeatureList<Aska::ParticleDynamicsFeatures::Dynamics, Aska::StNULL> > > > > > >::Simulate(float)	simulate	native	
0x2482754	0x2582754	516	_ZN4Aska15ParticleEmitterINS_11FeatureListINS_16ParticleFeatures5SpeedENS1_INS2_6MotionENS1_INS2_8RotationENS1_INS2_9LifeLimitENS1_INS2_8DynamicsENS1_INS_24ParticleDynamicsFeatures8DynamicsENS_6StNULLEEEEEEEEEEEEEE23EmitterAffectToParticleEPNS_6VectorEPNS_16IParticleEmitter13MatrixContextEf	Aska::ParticleEmitter<Aska::FeatureList<Aska::ParticleFeatures::Speed, Aska::FeatureList<Aska::ParticleFeatures::Motion, Aska::FeatureList<Aska::ParticleFeatures::Rotation, Aska::FeatureList<Aska::ParticleFeatures::LifeLimit, Aska::FeatureList<Aska::ParticleFeatures::Dynamics, Aska::FeatureList<Aska::ParticleDynamicsFeatures::Dynamics, Aska::StNULL> > > > > > >::EmitterAffectToParticle(Aska::Vector*, Aska::IParticleEmitter::MatrixContext*, float)	emitter	decompiled	
0x2482958	0x2582958	632	_ZN4Aska24ParticleRenderableObjectINS_11FeatureListINS_16ParticleFeatures5SpeedENS1_INS2_6MotionENS1_INS2_8RotationENS1_INS2_9LifeLimitENS1_INS2_8DynamicsENS1_INS_24ParticleDynamicsFeatures8DynamicsENS_6StNULLEEEEEEEEEEEEEE15RenderProcedureEfPNS_16IParticleEmitter13MatrixContextEb	Aska::ParticleRenderableObject<Aska::FeatureList<Aska::ParticleFeatures::Speed, Aska::FeatureList<Aska::ParticleFeatures::Motion, Aska::FeatureList<Aska::ParticleFeatures::Rotation, Aska::FeatureList<Aska::ParticleFeatures::LifeLimit, Aska::FeatureList<Aska::ParticleFeatures::Dynamics, Aska::FeatureList<Aska::ParticleDynamicsFeatures::Dynamics, Aska::StNULL> > > > > > >::RenderProcedure(float, Aska::IParticleEmitter::MatrixContext*, bool)	emitter	decompiled	
0x2485630	0x2585630	480	_ZN4Aska15ParticleEmitterINS_11FeatureListINS_16ParticleFeatures5SpeedENS1_INS2_6MotionENS1_INS2_8RotationENS1_INS2_4LineENS1_INS2_8DynamicsENS1_INS_24ParticleDynamicsFeatures8DynamicsENS_6StNULLEEEEEEEEEEEEEE8EmitLinkEiPNS_16IParticleEmitter11EmitContextE	Aska::ParticleEmitter<Aska::FeatureList<Aska::ParticleFeatures::Speed, Aska::FeatureList<Aska::ParticleFeatures::Motion, Aska::FeatureList<Aska::ParticleFeatures::Rotation, Aska::FeatureList<Aska::ParticleFeatures::Line, Aska::FeatureList<Aska::ParticleFeatures::Dynamics, Aska::FeatureList<Aska::ParticleDynamicsFeatures::Dynamics, Aska::StNULL> > > > > > >::EmitLink(int, Aska::IParticleEmitter::EmitContext*)	emitter	decompiled	
0x2485958	0x2585958	8264	_ZN4Aska15ParticleEmitterINS_11FeatureListINS_16ParticleFeatures5SpeedENS1_INS2_6MotionENS1_INS2_8RotationENS1_INS2_4LineENS1_INS2_8DynamicsENS1_INS_24ParticleDynamicsFeatures8DynamicsENS_6StNULLEEEEEEEEEEEEEE4EmitEiPNS_16IParticleEmitter11EmitContextEPKNSI_13MatrixContextE	Aska::ParticleEmitter<Aska::FeatureList<Aska::ParticleFeatures::Speed, Aska::FeatureList<Aska::ParticleFeatures::Motion, Aska::FeatureList<Aska::ParticleFeatures::Rotation, Aska::FeatureList<Aska::ParticleFeatures::Line, Aska::FeatureList<Aska::ParticleFeatures::Dynamics, Aska::FeatureList<Aska::ParticleDynamicsFeatures::Dynamics, Aska::StNULL> > > > > > >::Emit(int, Aska::IParticleEmitter::EmitContext*, Aska::IParticleEmitter::MatrixContext const*)	emitter	decompiled	
0x24879a0	0x25879a0	4848	_ZN4Aska15ParticleEmitterINS_11FeatureListINS_16ParticleFeatures5SpeedENS1_INS2_6MotionENS1_INS2_8RotationENS1_INS2_4LineENS1_INS2_8DynamicsENS1_INS_24ParticleDynamicsFeatures8DynamicsENS_6StNULLEEEEEEEEEEEEEE10EmitMotionEPNS_15ParticleElementISG_EEPKNS_16IParticleEmitter11EmitContextEPSM_9StBooleanILb1EE	Aska::ParticleEmitter<Aska::FeatureList<Aska::ParticleFeatures::Speed, Aska::FeatureList<Aska::ParticleFeatures::Motion, Aska::FeatureList<Aska::ParticleFeatures::Rotation, Aska::FeatureList<Aska::ParticleFeatures::Line, Aska::FeatureList<Aska::ParticleFeatures::Dynamics, Aska::FeatureList<Aska::ParticleDynamicsFeatures::Dynamics, Aska::StNULL> > > > > > >::EmitMotion(Aska::ParticleElement<Aska::FeatureList<Aska::ParticleFeatures::Speed, Aska::FeatureList<Aska::ParticleFeatures::Motion, Aska::FeatureList<Aska::ParticleFeatures::Rotation, Aska::FeatureList<Aska::ParticleFeatures::Line, Aska::FeatureList<Aska::ParticleFeatures::Dynamics, Aska::FeatureList<Aska::ParticleDynamicsFeatures::Dynamics, Aska::StNULL> > > > > > >*, Aska::IParticleEmitter::EmitContext const*, Aska::IParticleEmitter::EmitContext*, StBoolean<true>)	emitter	decompiled	
0x2488c90	0x2588c90	2008	_ZN4Aska15ParticleEmitterINS_11FeatureListINS_16ParticleFeatures5SpeedENS1_INS2_6MotionENS1_INS2_8RotationENS1_INS2_4LineENS1_INS2_8DynamicsENS1_INS_24ParticleDynamicsFeatures8DynamicsENS_6StNULLEEEEEEEEEEEEEE12EmitRotationEPNS_15ParticleElementISG_EEPKNS_16IParticleEmitter11EmitContextEPSM_9StBooleanILb1EE	Aska::ParticleEmitter<Aska::FeatureList<Aska::ParticleFeatures::Speed, Aska::FeatureList<Aska::ParticleFeatures::Motion, Aska::FeatureList<Aska::ParticleFeatures::Rotation, Aska::FeatureList<Aska::ParticleFeatures::Line, Aska::FeatureList<Aska::ParticleFeatures::Dynamics, Aska::FeatureList<Aska::ParticleDynamicsFeatures::Dynamics, Aska::StNULL> > > > > > >::EmitRotation(Aska::ParticleElement<Aska::FeatureList<Aska::ParticleFeatures::Speed, Aska::FeatureList<Aska::ParticleFeatures::Motion, Aska::FeatureList<Aska::ParticleFeatures::Rotation, Aska::FeatureList<Aska::ParticleFeatures::Line, Aska::FeatureList<Aska::ParticleFeatures::Dynamics, Aska::FeatureList<Aska::ParticleDynamicsFeatures::Dynamics, Aska::StNULL> > > > > > >*, Aska::IParticleEmitter::EmitContext const*, Aska::IParticleEmitter::EmitContext*, StBoolean<true>)	emitter	decompiled	
0x2489468	0x2589468	484	_ZN4Aska15ParticleEmitterINS_11FeatureListINS_16ParticleFeatures5SpeedENS1_INS2_6MotionENS1_INS2_8RotationENS1_INS2_4LineENS1_INS2_8DynamicsENS1_INS_24ParticleDynamicsFeatures8DynamicsENS_6StNULLEEEEEEEEEEEEEE26LineSpeedAffectionRotationEPNS_15ParticleElementISG_EEPKNS_16IParticleEmitter11EmitContextEPNS_6VectorE9StBooleanILb1EE	Aska::ParticleEmitter<Aska::FeatureList<Aska::ParticleFeatures::Speed, Aska::FeatureList<Aska::ParticleFeatures::Motion, Aska::FeatureList<Aska::ParticleFeatures::Rotation, Aska::FeatureList<Aska::ParticleFeatures::Line, Aska::FeatureList<Aska::ParticleFeatures::Dynamics, Aska::FeatureList<Aska::ParticleDynamicsFeatures::Dynamics, Aska::StNULL> > > > > > >::LineSpeedAffectionRotation(Aska::ParticleElement<Aska::FeatureList<Aska::ParticleFeatures::Speed, Aska::FeatureList<Aska::ParticleFeatures::Motion, Aska::FeatureList<Aska::ParticleFeatures::Rotation, Aska::FeatureList<Aska::ParticleFeatures::Line, Aska::FeatureList<Aska::ParticleFeatures::Dynamics, Aska::FeatureList<Aska::ParticleDynamicsFeatures::Dynamics, Aska::StNULL> > > > > > >*, Aska::IParticleEmitter::EmitContext const*, Aska::Vector*, StBoolean<true>)	emitter	decompiled	
0x2489ba4	0x2589ba4	944	_ZN4Aska15ParticleEmitterINS_11FeatureListINS_16ParticleFeatures5SpeedENS1_INS2_6MotionENS1_INS2_8RotationENS1_INS2_4LineENS1_INS2_8DynamicsENS1_INS_24ParticleDynamicsFeatures8DynamicsENS_6StNULLEEEEEEEEEEEEEE8SimulateEf	Aska::ParticleEmitter<Aska::FeatureList<Aska::ParticleFeatures::Speed, Aska::FeatureList<Aska::ParticleFeatures::Motion, Aska::FeatureList<Aska::ParticleFeatures::Rotation, Aska::FeatureList<Aska::ParticleFeatures::Line, Aska::FeatureList<Aska::ParticleFeatures::Dynamics, Aska::FeatureList<Aska::ParticleDynamicsFeatures::Dynamics, Aska::StNULL> > > > > > >::Simulate(float)	simulate	native	
0x2489f54	0x2589f54	516	_ZN4Aska15ParticleEmitterINS_11FeatureListINS_16ParticleFeatures5SpeedENS1_INS2_6MotionENS1_INS2_8RotationENS1_INS2_4LineENS1_INS2_8DynamicsENS1_INS_24ParticleDynamicsFeatures8DynamicsENS_6StNULLEEEEEEEEEEEEEE23EmitterAffectToParticleEPNS_6VectorEPNS_16IParticleEmitter13MatrixContextEf	Aska::ParticleEmitter<Aska::FeatureList<Aska::ParticleFeatures::Speed, Aska::FeatureList<Aska::ParticleFeatures::Motion, Aska::FeatureList<Aska::ParticleFeatures::Rotation, Aska::FeatureList<Aska::ParticleFeatures::Line, Aska::FeatureList<Aska::ParticleFeatures::Dynamics, Aska::FeatureList<Aska::ParticleDynamicsFeatures::Dynamics, Aska::StNULL> > > > > > >::EmitterAffectToParticle(Aska::Vector*, Aska::IParticleEmitter::MatrixContext*, float)	emitter	decompiled	
0x248a158	0x258a158	632	_ZN4Aska24ParticleRenderableObjectINS_11FeatureListINS_16ParticleFeatures5SpeedENS1_INS2_6MotionENS1_INS2_8RotationENS1_INS2_4LineENS1_INS2_8DynamicsENS1_INS_24ParticleDynamicsFeatures8DynamicsENS_6StNULLEEEEEEEEEEEEEE15RenderProcedureEfPNS_16IParticleEmitter13MatrixContextEb	Aska::ParticleRenderableObject<Aska::FeatureList<Aska::ParticleFeatures::Speed, Aska::FeatureList<Aska::ParticleFeatures::Motion, Aska::FeatureList<Aska::ParticleFeatures::Rotation, Aska::FeatureList<Aska::ParticleFeatures::Line, Aska::FeatureList<Aska::ParticleFeatures::Dynamics, Aska::FeatureList<Aska::ParticleDynamicsFeatures::Dynamics, Aska::StNULL> > > > > > >::RenderProcedure(float, Aska::IParticleEmitter::MatrixContext*, bool)	emitter	decompiled	
0x248c4b4	0x258c4b4	480	_ZN4Aska15ParticleEmitterINS_11FeatureListINS_16ParticleFeatures5SpeedENS1_INS2_6MotionENS1_INS2_8RotationENS1_INS2_8DynamicsENS1_INS_24ParticleDynamicsFeatures8DynamicsENS_6StNULLEEEEEEEEEEEE8EmitLinkEiPNS_16IParticleEmitter11EmitContextE	Aska::ParticleEmitter<Aska::FeatureList<Aska::ParticleFeatures::Speed, Aska::FeatureList<Aska::ParticleFeatures::Motion, Aska::FeatureList<Aska::ParticleFeatures::Rotation, Aska::FeatureList<Aska::ParticleFeatures::Dynamics, Aska::FeatureList<Aska::ParticleDynamicsFeatures::Dynamics, Aska::StNULL> > > > > >::EmitLink(int, Aska::IParticleEmitter::EmitContext*)	emitter	decompiled	
0x248c7dc	0x258c7dc	8036	_ZN4Aska15ParticleEmitterINS_11FeatureListINS_16ParticleFeatures5SpeedENS1_INS2_6MotionENS1_INS2_8RotationENS1_INS2_8DynamicsENS1_INS_24ParticleDynamicsFeatures8DynamicsENS_6StNULLEEEEEEEEEEEE4EmitEiPNS_16IParticleEmitter11EmitContextEPKNSG_13MatrixContextE	Aska::ParticleEmitter<Aska::FeatureList<Aska::ParticleFeatures::Speed, Aska::FeatureList<Aska::ParticleFeatures::Motion, Aska::FeatureList<Aska::ParticleFeatures::Rotation, Aska::FeatureList<Aska::ParticleFeatures::Dynamics, Aska::FeatureList<Aska::ParticleDynamicsFeatures::Dynamics, Aska::StNULL> > > > > >::Emit(int, Aska::IParticleEmitter::EmitContext*, Aska::IParticleEmitter::MatrixContext const*)	emitter	decompiled	
0x248e740	0x258e740	4848	_ZN4Aska15ParticleEmitterINS_11FeatureListINS_16ParticleFeatures5SpeedENS1_INS2_6MotionENS1_INS2_8RotationENS1_INS2_8DynamicsENS1_INS_24ParticleDynamicsFeatures8DynamicsENS_6StNULLEEEEEEEEEEEE10EmitMotionEPNS_15ParticleElementISE_EEPKNS_16IParticleEmitter11EmitContextEPSK_9StBooleanILb1EE	Aska::ParticleEmitter<Aska::FeatureList<Aska::ParticleFeatures::Speed, Aska::FeatureList<Aska::ParticleFeatures::Motion, Aska::FeatureList<Aska::ParticleFeatures::Rotation, Aska::FeatureList<Aska::ParticleFeatures::Dynamics, Aska::FeatureList<Aska::ParticleDynamicsFeatures::Dynamics, Aska::StNULL> > > > > >::EmitMotion(Aska::ParticleElement<Aska::FeatureList<Aska::ParticleFeatures::Speed, Aska::FeatureList<Aska::ParticleFeatures::Motion, Aska::FeatureList<Aska::ParticleFeatures::Rotation, Aska::FeatureList<Aska::ParticleFeatures::Dynamics, Aska::FeatureList<Aska::ParticleDynamicsFeatures::Dynamics, Aska::StNULL> > > > > >*, Aska::IParticleEmitter::EmitContext const*, Aska::IParticleEmitter::EmitContext*, StBoolean<true>)	emitter	decompiled	
0x248fa30	0x258fa30	2008	_ZN4Aska15ParticleEmitterINS_11FeatureListINS_16ParticleFeatures5SpeedENS1_INS2_6MotionENS1_INS2_8RotationENS1_INS2_8DynamicsENS1_INS_24ParticleDynamicsFeatures8DynamicsENS_6StNULLEEEEEEEEEEEE12EmitRotationEPNS_15ParticleElementISE_EEPKNS_16IParticleEmitter11EmitContextEPSK_9StBooleanILb1EE	Aska::ParticleEmitter<Aska::FeatureList<Aska::ParticleFeatures::Speed, Aska::FeatureList<Aska::ParticleFeatures::Motion, Aska::FeatureList<Aska::ParticleFeatures::Rotation, Aska::FeatureList<Aska::ParticleFeatures::Dynamics, Aska::FeatureList<Aska::ParticleDynamicsFeatures::Dynamics, Aska::StNULL> > > > > >::EmitRotation(Aska::ParticleElement<Aska::FeatureList<Aska::ParticleFeatures::Speed, Aska::FeatureList<Aska::ParticleFeatures::Motion, Aska::FeatureList<Aska::ParticleFeatures::Rotation, Aska::FeatureList<Aska::ParticleFeatures::Dynamics, Aska::FeatureList<Aska::ParticleDynamicsFeatures::Dynamics, Aska::StNULL> > > > > >*, Aska::IParticleEmitter::EmitContext const*, Aska::IParticleEmitter::EmitContext*, StBoolean<true>)	emitter	decompiled	
0x2490208	0x2590208	484	_ZN4Aska15ParticleEmitterINS_11FeatureListINS_16ParticleFeatures5SpeedENS1_INS2_6MotionENS1_INS2_8RotationENS1_INS2_8DynamicsENS1_INS_24ParticleDynamicsFeatures8DynamicsENS_6StNULLEEEEEEEEEEEE26LineSpeedAffectionRotationEPNS_15ParticleElementISE_EEPKNS_16IParticleEmitter11EmitContextEPNS_6VectorE9StBooleanILb1EE	Aska::ParticleEmitter<Aska::FeatureList<Aska::ParticleFeatures::Speed, Aska::FeatureList<Aska::ParticleFeatures::Motion, Aska::FeatureList<Aska::ParticleFeatures::Rotation, Aska::FeatureList<Aska::ParticleFeatures::Dynamics, Aska::FeatureList<Aska::ParticleDynamicsFeatures::Dynamics, Aska::StNULL> > > > > >::LineSpeedAffectionRotation(Aska::ParticleElement<Aska::FeatureList<Aska::ParticleFeatures::Speed, Aska::FeatureList<Aska::ParticleFeatures::Motion, Aska::FeatureList<Aska::ParticleFeatures::Rotation, Aska::FeatureList<Aska::ParticleFeatures::Dynamics, Aska::FeatureList<Aska::ParticleDynamicsFeatures::Dynamics, Aska::StNULL> > > > > >*, Aska::IParticleEmitter::EmitContext const*, Aska::Vector*, StBoolean<true>)	emitter	decompiled	
0x2490944	0x2590944	944	_ZN4Aska15ParticleEmitterINS_11FeatureListINS_16ParticleFeatures5SpeedENS1_INS2_6MotionENS1_INS2_8RotationENS1_INS2_8DynamicsENS1_INS_24ParticleDynamicsFeatures8DynamicsENS_6StNULLEEEEEEEEEEEE8SimulateEf	Aska::ParticleEmitter<Aska::FeatureList<Aska::ParticleFeatures::Speed, Aska::FeatureList<Aska::ParticleFeatures::Motion, Aska::FeatureList<Aska::ParticleFeatures::Rotation, Aska::FeatureList<Aska::ParticleFeatures::Dynamics, Aska::FeatureList<Aska::ParticleDynamicsFeatures::Dynamics, Aska::StNULL> > > > > >::Simulate(float)	simulate	native	
0x2490cf4	0x2590cf4	516	_ZN4Aska15ParticleEmitterINS_11FeatureListINS_16ParticleFeatures5SpeedENS1_INS2_6MotionENS1_INS2_8RotationENS1_INS2_8DynamicsENS1_INS_24ParticleDynamicsFeatures8DynamicsENS_6StNULLEEEEEEEEEEEE23EmitterAffectToParticleEPNS_6VectorEPNS_16IParticleEmitter13MatrixContextEf	Aska::ParticleEmitter<Aska::FeatureList<Aska::ParticleFeatures::Speed, Aska::FeatureList<Aska::ParticleFeatures::Motion, Aska::FeatureList<Aska::ParticleFeatures::Rotation, Aska::FeatureList<Aska::ParticleFeatures::Dynamics, Aska::FeatureList<Aska::ParticleDynamicsFeatures::Dynamics, Aska::StNULL> > > > > >::EmitterAffectToParticle(Aska::Vector*, Aska::IParticleEmitter::MatrixContext*, float)	emitter	decompiled	
0x2490ef8	0x2590ef8	632	_ZN4Aska24ParticleRenderableObjectINS_11FeatureListINS_16ParticleFeatures5SpeedENS1_INS2_6MotionENS1_INS2_8RotationENS1_INS2_8DynamicsENS1_INS_24ParticleDynamicsFeatures8DynamicsENS_6StNULLEEEEEEEEEEEE15RenderProcedureEfPNS_16IParticleEmitter13MatrixContextEb	Aska::ParticleRenderableObject<Aska::FeatureList<Aska::ParticleFeatures::Speed, Aska::FeatureList<Aska::ParticleFeatures::Motion, Aska::FeatureList<Aska::ParticleFeatures::Rotation, Aska::FeatureList<Aska::ParticleFeatures::Dynamics, Aska::FeatureList<Aska::ParticleDynamicsFeatures::Dynamics, Aska::StNULL> > > > > >::RenderProcedure(float, Aska::IParticleEmitter::MatrixContext*, bool)	emitter	decompiled	
0x2491f0c	0x2591f0c	468	_ZN4Aska15ParticleManager14CreateParticleINS_11FeatureListINS_16ParticleFeatures5SpeedENS2_INS3_6MotionENS2_INS3_8RotationENS2_INS3_7TextureENS2_INS3_9LifeLimitENS2_INS3_4LineENS_6StNULLEEEEEEEEEEEEEEEPNS_15ParticleEmitterIT_EEPKNS_3AFF18AsfParticleEmitterE	Aska::ParticleEmitter<Aska::FeatureList<Aska::ParticleFeatures::Speed, Aska::FeatureList<Aska::ParticleFeatures::Motion, Aska::FeatureList<Aska::ParticleFeatures::Rotation, Aska::FeatureList<Aska::ParticleFeatures::Texture, Aska::FeatureList<Aska::ParticleFeatures::LifeLimit, Aska::FeatureList<Aska::ParticleFeatures::Line, Aska::StNULL> > > > > > >* Aska::ParticleManager::CreateParticle<Aska::FeatureList<Aska::ParticleFeatures::Speed, Aska::FeatureList<Aska::ParticleFeatures::Motion, Aska::FeatureList<Aska::ParticleFeatures::Rotation, Aska::FeatureList<Aska::ParticleFeatures::Texture, Aska::FeatureList<Aska::ParticleFeatures::LifeLimit, Aska::FeatureList<Aska::ParticleFeatures::Line, Aska::StNULL> > > > > > >(Aska::AFF::AsfParticleEmitter const*)	manager	decompiled	
0x24920e0	0x25920e0	436	_ZN4Aska15ParticleManager14CreateParticleINS_11FeatureListINS_16ParticleFeatures5SpeedENS2_INS3_6MotionENS2_INS3_8RotationENS2_INS3_7TextureENS2_INS3_9LifeLimitENS_6StNULLEEEEEEEEEEEEEPNS_15ParticleEmitterIT_EEPKNS_3AFF18AsfParticleEmitterE	Aska::ParticleEmitter<Aska::FeatureList<Aska::ParticleFeatures::Speed, Aska::FeatureList<Aska::ParticleFeatures::Motion, Aska::FeatureList<Aska::ParticleFeatures::Rotation, Aska::FeatureList<Aska::ParticleFeatures::Texture, Aska::FeatureList<Aska::ParticleFeatures::LifeLimit, Aska::StNULL> > > > > >* Aska::ParticleManager::CreateParticle<Aska::FeatureList<Aska::ParticleFeatures::Speed, Aska::FeatureList<Aska::ParticleFeatures::Motion, Aska::FeatureList<Aska::ParticleFeatures::Rotation, Aska::FeatureList<Aska::ParticleFeatures::Texture, Aska::FeatureList<Aska::ParticleFeatures::LifeLimit, Aska::StNULL> > > > > >(Aska::AFF::AsfParticleEmitter const*)	manager	decompiled	
0x2492294	0x2592294	456	_ZN4Aska15ParticleManager14CreateParticleINS_11FeatureListINS_16ParticleFeatures5SpeedENS2_INS3_6MotionENS2_INS3_8RotationENS2_INS3_7TextureENS2_INS3_4LineENS_6StNULLEEEEEEEEEEEEEPNS_15ParticleEmitterIT_EEPKNS_3AFF18AsfParticleEmitterE	Aska::ParticleEmitter<Aska::FeatureList<Aska::ParticleFeatures::Speed, Aska::FeatureList<Aska::ParticleFeatures::Motion, Aska::FeatureList<Aska::ParticleFeatures::Rotation, Aska::FeatureList<Aska::ParticleFeatures::Texture, Aska::FeatureList<Aska::ParticleFeatures::Line, Aska::StNULL> > > > > >* Aska::ParticleManager::CreateParticle<Aska::FeatureList<Aska::ParticleFeatures::Speed, Aska::FeatureList<Aska::ParticleFeatures::Motion, Aska::FeatureList<Aska::ParticleFeatures::Rotation, Aska::FeatureList<Aska::ParticleFeatures::Texture, Aska::FeatureList<Aska::ParticleFeatures::Line, Aska::StNULL> > > > > >(Aska::AFF::AsfParticleEmitter const*)	manager	decompiled	
0x249245c	0x259245c	424	_ZN4Aska15ParticleManager14CreateParticleINS_11FeatureListINS_16ParticleFeatures5SpeedENS2_INS3_6MotionENS2_INS3_8RotationENS2_INS3_7TextureENS_6StNULLEEEEEEEEEEEPNS_15ParticleEmitterIT_EEPKNS_3AFF18AsfParticleEmitterE	Aska::ParticleEmitter<Aska::FeatureList<Aska::ParticleFeatures::Speed, Aska::FeatureList<Aska::ParticleFeatures::Motion, Aska::FeatureList<Aska::ParticleFeatures::Rotation, Aska::FeatureList<Aska::ParticleFeatures::Texture, Aska::StNULL> > > > >* Aska::ParticleManager::CreateParticle<Aska::FeatureList<Aska::ParticleFeatures::Speed, Aska::FeatureList<Aska::ParticleFeatures::Motion, Aska::FeatureList<Aska::ParticleFeatures::Rotation, Aska::FeatureList<Aska::ParticleFeatures::Texture, Aska::StNULL> > > > >(Aska::AFF::AsfParticleEmitter const*)	manager	decompiled	
0x2493a2c	0x2593a2c	480	_ZN4Aska15ParticleEmitterINS_11FeatureListINS_16ParticleFeatures5SpeedENS1_INS2_6MotionENS1_INS2_8RotationENS1_INS2_7TextureENS1_INS2_9LifeLimitENS1_INS2_4LineENS_6StNULLEEEEEEEEEEEEEE8EmitLinkEiPNS_16IParticleEmitter11EmitContextE	Aska::ParticleEmitter<Aska::FeatureList<Aska::ParticleFeatures::Speed, Aska::FeatureList<Aska::ParticleFeatures::Motion, Aska::FeatureList<Aska::ParticleFeatures::Rotation, Aska::FeatureList<Aska::ParticleFeatures::Texture, Aska::FeatureList<Aska::ParticleFeatures::LifeLimit, Aska::FeatureList<Aska::ParticleFeatures::Line, Aska::StNULL> > > > > > >::EmitLink(int, Aska::IParticleEmitter::EmitContext*)	emitter	decompiled	
0x2493e7c	0x2593e7c	7944	_ZN4Aska15ParticleEmitterINS_11FeatureListINS_16ParticleFeatures5SpeedENS1_INS2_6MotionENS1_INS2_8RotationENS1_INS2_7TextureENS1_INS2_9LifeLimitENS1_INS2_4LineENS_6StNULLEEEEEEEEEEEEEE4EmitEiPNS_16IParticleEmitter11EmitContextEPKNSH_13MatrixContextE	Aska::ParticleEmitter<Aska::FeatureList<Aska::ParticleFeatures::Speed, Aska::FeatureList<Aska::ParticleFeatures::Motion, Aska::FeatureList<Aska::ParticleFeatures::Rotation, Aska::FeatureList<Aska::ParticleFeatures::Texture, Aska::FeatureList<Aska::ParticleFeatures::LifeLimit, Aska::FeatureList<Aska::ParticleFeatures::Line, Aska::StNULL> > > > > > >::Emit(int, Aska::IParticleEmitter::EmitContext*, Aska::IParticleEmitter::MatrixContext const*)	emitter	decompiled	
0x2495d84	0x2595d84	4856	_ZN4Aska15ParticleEmitterINS_11FeatureListINS_16ParticleFeatures5SpeedENS1_INS2_6MotionENS1_INS2_8RotationENS1_INS2_7TextureENS1_INS2_9LifeLimitENS1_INS2_4LineENS_6StNULLEEEEEEEEEEEEEE10EmitMotionEPNS_15ParticleElementISF_EEPKNS_16IParticleEmitter11EmitContextEPSL_9StBooleanILb1EE	Aska::ParticleEmitter<Aska::FeatureList<Aska::ParticleFeatures::Speed, Aska::FeatureList<Aska::ParticleFeatures::Motion, Aska::FeatureList<Aska::ParticleFeatures::Rotation, Aska::FeatureList<Aska::ParticleFeatures::Texture, Aska::FeatureList<Aska::ParticleFeatures::LifeLimit, Aska::FeatureList<Aska::ParticleFeatures::Line, Aska::StNULL> > > > > > >::EmitMotion(Aska::ParticleElement<Aska::FeatureList<Aska::ParticleFeatures::Speed, Aska::FeatureList<Aska::ParticleFeatures::Motion, Aska::FeatureList<Aska::ParticleFeatures::Rotation, Aska::FeatureList<Aska::ParticleFeatures::Texture, Aska::FeatureList<Aska::ParticleFeatures::LifeLimit, Aska::FeatureList<Aska::ParticleFeatures::Line, Aska::StNULL> > > > > > >*, Aska::IParticleEmitter::EmitContext const*, Aska::IParticleEmitter::EmitContext*, StBoolean<true>)	emitter	decompiled	
0x249707c	0x259707c	2008	_ZN4Aska15ParticleEmitterINS_11FeatureListINS_16ParticleFeatures5SpeedENS1_INS2_6MotionENS1_INS2_8RotationENS1_INS2_7TextureENS1_INS2_9LifeLimitENS1_INS2_4LineENS_6StNULLEEEEEEEEEEEEEE12EmitRotationEPNS_15ParticleElementISF_EEPKNS_16IParticleEmitter11EmitContextEPSL_9StBooleanILb1EE	Aska::ParticleEmitter<Aska::FeatureList<Aska::ParticleFeatures::Speed, Aska::FeatureList<Aska::ParticleFeatures::Motion, Aska::FeatureList<Aska::ParticleFeatures::Rotation, Aska::FeatureList<Aska::ParticleFeatures::Texture, Aska::FeatureList<Aska::ParticleFeatures::LifeLimit, Aska::FeatureList<Aska::ParticleFeatures::Line, Aska::StNULL> > > > > > >::EmitRotation(Aska::ParticleElement<Aska::FeatureList<Aska::ParticleFeatures::Speed, Aska::FeatureList<Aska::ParticleFeatures::Motion, Aska::FeatureList<Aska::ParticleFeatures::Rotation, Aska::FeatureList<Aska::ParticleFeatures::Texture, Aska::FeatureList<Aska::ParticleFeatures::LifeLimit, Aska::FeatureList<Aska::ParticleFeatures::Line, Aska::StNULL> > > > > > >*, Aska::IParticleEmitter::EmitContext const*, Aska::IParticleEmitter::EmitContext*, StBoolean<true>)	emitter	decompiled	
0x2497ea4	0x2597ea4	484	_ZN4Aska15ParticleEmitterINS_11FeatureListINS_16ParticleFeatures5SpeedENS1_INS2_6MotionENS1_INS2_8RotationENS1_INS2_7TextureENS1_INS2_9LifeLimitENS1_INS2_4LineENS_6StNULLEEEEEEEEEEEEEE26LineSpeedAffectionRotationEPNS_15ParticleElementISF_EEPKNS_16IParticleEmitter11EmitContextEPNS_6VectorE9StBooleanILb1EE	Aska::ParticleEmitter<Aska::FeatureList<Aska::ParticleFeatures::Speed, Aska::FeatureList<Aska::ParticleFeatures::Motion, Aska::FeatureList<Aska::ParticleFeatures::Rotation, Aska::FeatureList<Aska::ParticleFeatures::Texture, Aska::FeatureList<Aska::ParticleFeatures::LifeLimit, Aska::FeatureList<Aska::ParticleFeatures::Line, Aska::StNULL> > > > > > >::LineSpeedAffectionRotation(Aska::ParticleElement<Aska::FeatureList<Aska::ParticleFeatures::Speed, Aska::FeatureList<Aska::ParticleFeatures::Motion, Aska::FeatureList<Aska::ParticleFeatures::Rotation, Aska::FeatureList<Aska::ParticleFeatures::Texture, Aska::FeatureList<Aska::ParticleFeatures::LifeLimit, Aska::FeatureList<Aska::ParticleFeatures::Line, Aska::StNULL> > > > > > >*, Aska::IParticleEmitter::EmitContext const*, Aska::Vector*, StBoolean<true>)	emitter	decompiled	
0x2498708	0x2598708	1020	_ZN4Aska15ParticleEmitterINS_11FeatureListINS_16ParticleFeatures5SpeedENS1_INS2_6MotionENS1_INS2_8RotationENS1_INS2_7TextureENS1_INS2_9LifeLimitENS1_INS2_4LineENS_6StNULLEEEEEEEEEEEEEE8SimulateEf	Aska::ParticleEmitter<Aska::FeatureList<Aska::ParticleFeatures::Speed, Aska::FeatureList<Aska::ParticleFeatures::Motion, Aska::FeatureList<Aska::ParticleFeatures::Rotation, Aska::FeatureList<Aska::ParticleFeatures::Texture, Aska::FeatureList<Aska::ParticleFeatures::LifeLimit, Aska::FeatureList<Aska::ParticleFeatures::Line, Aska::StNULL> > > > > > >::Simulate(float)	simulate	native	
0x2498b04	0x2598b04	516	_ZN4Aska15ParticleEmitterINS_11FeatureListINS_16ParticleFeatures5SpeedENS1_INS2_6MotionENS1_INS2_8RotationENS1_INS2_7TextureENS1_INS2_9LifeLimitENS1_INS2_4LineENS_6StNULLEEEEEEEEEEEEEE23EmitterAffectToParticleEPNS_6VectorEPNS_16IParticleEmitter13MatrixContextEf	Aska::ParticleEmitter<Aska::FeatureList<Aska::ParticleFeatures::Speed, Aska::FeatureList<Aska::ParticleFeatures::Motion, Aska::FeatureList<Aska::ParticleFeatures::Rotation, Aska::FeatureList<Aska::ParticleFeatures::Texture, Aska::FeatureList<Aska::ParticleFeatures::LifeLimit, Aska::FeatureList<Aska::ParticleFeatures::Line, Aska::StNULL> > > > > > >::EmitterAffectToParticle(Aska::Vector*, Aska::IParticleEmitter::MatrixContext*, float)	emitter	decompiled	
0x2498d08	0x2598d08	616	_ZN4Aska24ParticleRenderableObjectINS_11FeatureListINS_16ParticleFeatures5SpeedENS1_INS2_6MotionENS1_INS2_8RotationENS1_INS2_7TextureENS1_INS2_9LifeLimitENS1_INS2_4LineENS_6StNULLEEEEEEEEEEEEEE15RenderProcedureEfPNS_16IParticleEmitter13MatrixContextEb	Aska::ParticleRenderableObject<Aska::FeatureList<Aska::ParticleFeatures::Speed, Aska::FeatureList<Aska::ParticleFeatures::Motion, Aska::FeatureList<Aska::ParticleFeatures::Rotation, Aska::FeatureList<Aska::ParticleFeatures::Texture, Aska::FeatureList<Aska::ParticleFeatures::LifeLimit, Aska::FeatureList<Aska::ParticleFeatures::Line, Aska::StNULL> > > > > > >::RenderProcedure(float, Aska::IParticleEmitter::MatrixContext*, bool)	emitter	decompiled	
0x249c434	0x259c434	480	_ZN4Aska15ParticleEmitterINS_11FeatureListINS_16ParticleFeatures5SpeedENS1_INS2_6MotionENS1_INS2_8RotationENS1_INS2_7TextureENS1_INS2_9LifeLimitENS_6StNULLEEEEEEEEEEEE8EmitLinkEiPNS_16IParticleEmitter11EmitContextE	Aska::ParticleEmitter<Aska::FeatureList<Aska::ParticleFeatures::Speed, Aska::FeatureList<Aska::ParticleFeatures::Motion, Aska::FeatureList<Aska::ParticleFeatures::Rotation, Aska::FeatureList<Aska::ParticleFeatures::Texture, Aska::FeatureList<Aska::ParticleFeatures::LifeLimit, Aska::StNULL> > > > > >::EmitLink(int, Aska::IParticleEmitter::EmitContext*)	emitter	decompiled	
0x249c744	0x259c744	8452	_ZN4Aska15ParticleEmitterINS_11FeatureListINS_16ParticleFeatures5SpeedENS1_INS2_6MotionENS1_INS2_8RotationENS1_INS2_7TextureENS1_INS2_9LifeLimitENS_6StNULLEEEEEEEEEEEE4EmitEiPNS_16IParticleEmitter11EmitContextEPKNSF_13MatrixContextE	Aska::ParticleEmitter<Aska::FeatureList<Aska::ParticleFeatures::Speed, Aska::FeatureList<Aska::ParticleFeatures::Motion, Aska::FeatureList<Aska::ParticleFeatures::Rotation, Aska::FeatureList<Aska::ParticleFeatures::Texture, Aska::FeatureList<Aska::ParticleFeatures::LifeLimit, Aska::StNULL> > > > > >::Emit(int, Aska::IParticleEmitter::EmitContext*, Aska::IParticleEmitter::MatrixContext const*)	emitter	decompiled	
0x249e848	0x259e848	4856	_ZN4Aska15ParticleEmitterINS_11FeatureListINS_16ParticleFeatures5SpeedENS1_INS2_6MotionENS1_INS2_8RotationENS1_INS2_7TextureENS1_INS2_9LifeLimitENS_6StNULLEEEEEEEEEEEE10EmitMotionEPNS_15ParticleElementISD_EEPKNS_16IParticleEmitter11EmitContextEPSJ_9StBooleanILb1EE	Aska::ParticleEmitter<Aska::FeatureList<Aska::ParticleFeatures::Speed, Aska::FeatureList<Aska::ParticleFeatures::Motion, Aska::FeatureList<Aska::ParticleFeatures::Rotation, Aska::FeatureList<Aska::ParticleFeatures::Texture, Aska::FeatureList<Aska::ParticleFeatures::LifeLimit, Aska::StNULL> > > > > >::EmitMotion(Aska::ParticleElement<Aska::FeatureList<Aska::ParticleFeatures::Speed, Aska::FeatureList<Aska::ParticleFeatures::Motion, Aska::FeatureList<Aska::ParticleFeatures::Rotation, Aska::FeatureList<Aska::ParticleFeatures::Texture, Aska::FeatureList<Aska::ParticleFeatures::LifeLimit, Aska::StNULL> > > > > >*, Aska::IParticleEmitter::EmitContext const*, Aska::IParticleEmitter::EmitContext*, StBoolean<true>)	emitter	decompiled	
0x249fb40	0x259fb40	2008	_ZN4Aska15ParticleEmitterINS_11FeatureListINS_16ParticleFeatures5SpeedENS1_INS2_6MotionENS1_INS2_8RotationENS1_INS2_7TextureENS1_INS2_9LifeLimitENS_6StNULLEEEEEEEEEEEE12EmitRotationEPNS_15ParticleElementISD_EEPKNS_16IParticleEmitter11EmitContextEPSJ_9StBooleanILb1EE	Aska::ParticleEmitter<Aska::FeatureList<Aska::ParticleFeatures::Speed, Aska::FeatureList<Aska::ParticleFeatures::Motion, Aska::FeatureList<Aska::ParticleFeatures::Rotation, Aska::FeatureList<Aska::ParticleFeatures::Texture, Aska::FeatureList<Aska::ParticleFeatures::LifeLimit, Aska::StNULL> > > > > >::EmitRotation(Aska::ParticleElement<Aska::FeatureList<Aska::ParticleFeatures::Speed, Aska::FeatureList<Aska::ParticleFeatures::Motion, Aska::FeatureList<Aska::ParticleFeatures::Rotation, Aska::FeatureList<Aska::ParticleFeatures::Texture, Aska::FeatureList<Aska::ParticleFeatures::LifeLimit, Aska::StNULL> > > > > >*, Aska::IParticleEmitter::EmitContext const*, Aska::IParticleEmitter::EmitContext*, StBoolean<true>)	emitter	decompiled	
0x24a0968	0x25a0968	484	_ZN4Aska15ParticleEmitterINS_11FeatureListINS_16ParticleFeatures5SpeedENS1_INS2_6MotionENS1_INS2_8RotationENS1_INS2_7TextureENS1_INS2_9LifeLimitENS_6StNULLEEEEEEEEEEEE26LineSpeedAffectionRotationEPNS_15ParticleElementISD_EEPKNS_16IParticleEmitter11EmitContextEPNS_6VectorE9StBooleanILb1EE	Aska::ParticleEmitter<Aska::FeatureList<Aska::ParticleFeatures::Speed, Aska::FeatureList<Aska::ParticleFeatures::Motion, Aska::FeatureList<Aska::ParticleFeatures::Rotation, Aska::FeatureList<Aska::ParticleFeatures::Texture, Aska::FeatureList<Aska::ParticleFeatures::LifeLimit, Aska::StNULL> > > > > >::LineSpeedAffectionRotation(Aska::ParticleElement<Aska::FeatureList<Aska::ParticleFeatures::Speed, Aska::FeatureList<Aska::ParticleFeatures::Motion, Aska::FeatureList<Aska::ParticleFeatures::Rotation, Aska::FeatureList<Aska::ParticleFeatures::Texture, Aska::FeatureList<Aska::ParticleFeatures::LifeLimit, Aska::StNULL> > > > > >*, Aska::IParticleEmitter::EmitContext const*, Aska::Vector*, StBoolean<true>)	emitter	decompiled	
0x24a10a4	0x25a10a4	1020	_ZN4Aska15ParticleEmitterINS_11FeatureListINS_16ParticleFeatures5SpeedENS1_INS2_6MotionENS1_INS2_8RotationENS1_INS2_7TextureENS1_INS2_9LifeLimitENS_6StNULLEEEEEEEEEEEE8SimulateEf	Aska::ParticleEmitter<Aska::FeatureList<Aska::ParticleFeatures::Speed, Aska::FeatureList<Aska::ParticleFeatures::Motion, Aska::FeatureList<Aska::ParticleFeatures::Rotation, Aska::FeatureList<Aska::ParticleFeatures::Texture, Aska::FeatureList<Aska::ParticleFeatures::LifeLimit, Aska::StNULL> > > > > >::Simulate(float)	simulate	native	
0x24a14a0	0x25a14a0	516	_ZN4Aska15ParticleEmitterINS_11FeatureListINS_16ParticleFeatures5SpeedENS1_INS2_6MotionENS1_INS2_8RotationENS1_INS2_7TextureENS1_INS2_9LifeLimitENS_6StNULLEEEEEEEEEEEE23EmitterAffectToParticleEPNS_6VectorEPNS_16IParticleEmitter13MatrixContextEf	Aska::ParticleEmitter<Aska::FeatureList<Aska::ParticleFeatures::Speed, Aska::FeatureList<Aska::ParticleFeatures::Motion, Aska::FeatureList<Aska::ParticleFeatures::Rotation, Aska::FeatureList<Aska::ParticleFeatures::Texture, Aska::FeatureList<Aska::ParticleFeatures::LifeLimit, Aska::StNULL> > > > > >::EmitterAffectToParticle(Aska::Vector*, Aska::IParticleEmitter::MatrixContext*, float)	emitter	decompiled	
0x24a16a4	0x25a16a4	616	_ZN4Aska24ParticleRenderableObjectINS_11FeatureListINS_16ParticleFeatures5SpeedENS1_INS2_6MotionENS1_INS2_8RotationENS1_INS2_7TextureENS1_INS2_9LifeLimitENS_6StNULLEEEEEEEEEEEE15RenderProcedureEfPNS_16IParticleEmitter13MatrixContextEb	Aska::ParticleRenderableObject<Aska::FeatureList<Aska::ParticleFeatures::Speed, Aska::FeatureList<Aska::ParticleFeatures::Motion, Aska::FeatureList<Aska::ParticleFeatures::Rotation, Aska::FeatureList<Aska::ParticleFeatures::Texture, Aska::FeatureList<Aska::ParticleFeatures::LifeLimit, Aska::StNULL> > > > > >::RenderProcedure(float, Aska::IParticleEmitter::MatrixContext*, bool)	emitter	decompiled	
0x24a4e2c	0x25a4e2c	480	_ZN4Aska15ParticleEmitterINS_11FeatureListINS_16ParticleFeatures5SpeedENS1_INS2_6MotionENS1_INS2_8RotationENS1_INS2_7TextureENS1_INS2_4LineENS_6StNULLEEEEEEEEEEEE8EmitLinkEiPNS_16IParticleEmitter11EmitContextE	Aska::ParticleEmitter<Aska::FeatureList<Aska::ParticleFeatures::Speed, Aska::FeatureList<Aska::ParticleFeatures::Motion, Aska::FeatureList<Aska::ParticleFeatures::Rotation, Aska::FeatureList<Aska::ParticleFeatures::Texture, Aska::FeatureList<Aska::ParticleFeatures::Line, Aska::StNULL> > > > > >::EmitLink(int, Aska::IParticleEmitter::EmitContext*)	emitter	decompiled	
0x24a513c	0x25a513c	7936	_ZN4Aska15ParticleEmitterINS_11FeatureListINS_16ParticleFeatures5SpeedENS1_INS2_6MotionENS1_INS2_8RotationENS1_INS2_7TextureENS1_INS2_4LineENS_6StNULLEEEEEEEEEEEE4EmitEiPNS_16IParticleEmitter11EmitContextEPKNSF_13MatrixContextE	Aska::ParticleEmitter<Aska::FeatureList<Aska::ParticleFeatures::Speed, Aska::FeatureList<Aska::ParticleFeatures::Motion, Aska::FeatureList<Aska::ParticleFeatures::Rotation, Aska::FeatureList<Aska::ParticleFeatures::Texture, Aska::FeatureList<Aska::ParticleFeatures::Line, Aska::StNULL> > > > > >::Emit(int, Aska::IParticleEmitter::EmitContext*, Aska::IParticleEmitter::MatrixContext const*)	emitter	decompiled	
0x24a703c	0x25a703c	4856	_ZN4Aska15ParticleEmitterINS_11FeatureListINS_16ParticleFeatures5SpeedENS1_INS2_6MotionENS1_INS2_8RotationENS1_INS2_7TextureENS1_INS2_4LineENS_6StNULLEEEEEEEEEEEE10EmitMotionEPNS_15ParticleElementISD_EEPKNS_16IParticleEmitter11EmitContextEPSJ_9StBooleanILb1EE	Aska::ParticleEmitter<Aska::FeatureList<Aska::ParticleFeatures::Speed, Aska::FeatureList<Aska::ParticleFeatures::Motion, Aska::FeatureList<Aska::ParticleFeatures::Rotation, Aska::FeatureList<Aska::ParticleFeatures::Texture, Aska::FeatureList<Aska::ParticleFeatures::Line, Aska::StNULL> > > > > >::EmitMotion(Aska::ParticleElement<Aska::FeatureList<Aska::ParticleFeatures::Speed, Aska::FeatureList<Aska::ParticleFeatures::Motion, Aska::FeatureList<Aska::ParticleFeatures::Rotation, Aska::FeatureList<Aska::ParticleFeatures::Texture, Aska::FeatureList<Aska::ParticleFeatures::Line, Aska::StNULL> > > > > >*, Aska::IParticleEmitter::EmitContext const*, Aska::IParticleEmitter::EmitContext*, StBoolean<true>)	emitter	decompiled	
0x24a8334	0x25a8334	2008	_ZN4Aska15ParticleEmitterINS_11FeatureListINS_16ParticleFeatures5SpeedENS1_INS2_6MotionENS1_INS2_8RotationENS1_INS2_7TextureENS1_INS2_4LineENS_6StNULLEEEEEEEEEEEE12EmitRotationEPNS_15ParticleElementISD_EEPKNS_16IParticleEmitter11EmitContextEPSJ_9StBooleanILb1EE	Aska::ParticleEmitter<Aska::FeatureList<Aska::ParticleFeatures::Speed, Aska::FeatureList<Aska::ParticleFeatures::Motion, Aska::FeatureList<Aska::ParticleFeatures::Rotation, Aska::FeatureList<Aska::ParticleFeatures::Texture, Aska::FeatureList<Aska::ParticleFeatures::Line, Aska::StNULL> > > > > >::EmitRotation(Aska::ParticleElement<Aska::FeatureList<Aska::ParticleFeatures::Speed, Aska::FeatureList<Aska::ParticleFeatures::Motion, Aska::FeatureList<Aska::ParticleFeatures::Rotation, Aska::FeatureList<Aska::ParticleFeatures::Texture, Aska::FeatureList<Aska::ParticleFeatures::Line, Aska::StNULL> > > > > >*, Aska::IParticleEmitter::EmitContext const*, Aska::IParticleEmitter::EmitContext*, StBoolean<true>)	emitter	decompiled	
0x24a915c	0x25a915c	484	_ZN4Aska15ParticleEmitterINS_11FeatureListINS_16ParticleFeatures5SpeedENS1_INS2_6MotionENS1_INS2_8RotationENS1_INS2_7TextureENS1_INS2_4LineENS_6StNULLEEEEEEEEEEEE26LineSpeedAffectionRotationEPNS_15ParticleElementISD_EEPKNS_16IParticleEmitter11EmitContextEPNS_6VectorE9StBooleanILb1EE	Aska::ParticleEmitter<Aska::FeatureList<Aska::ParticleFeatures::Speed, Aska::FeatureList<Aska::ParticleFeatures::Motion, Aska::FeatureList<Aska::ParticleFeatures::Rotation, Aska::FeatureList<Aska::ParticleFeatures::Texture, Aska::FeatureList<Aska::ParticleFeatures::Line, Aska::StNULL> > > > > >::LineSpeedAffectionRotation(Aska::ParticleElement<Aska::FeatureList<Aska::ParticleFeatures::Speed, Aska::FeatureList<Aska::ParticleFeatures::Motion, Aska::FeatureList<Aska::ParticleFeatures::Rotation, Aska::FeatureList<Aska::ParticleFeatures::Texture, Aska::FeatureList<Aska::ParticleFeatures::Line, Aska::StNULL> > > > > >*, Aska::IParticleEmitter::EmitContext const*, Aska::Vector*, StBoolean<true>)	emitter	decompiled	
0x24a99c0	0x25a99c0	1020	_ZN4Aska15ParticleEmitterINS_11FeatureListINS_16ParticleFeatures5SpeedENS1_INS2_6MotionENS1_INS2_8RotationENS1_INS2_7TextureENS1_INS2_4LineENS_6StNULLEEEEEEEEEEEE8SimulateEf	Aska::ParticleEmitter<Aska::FeatureList<Aska::ParticleFeatures::Speed, Aska::FeatureList<Aska::ParticleFeatures::Motion, Aska::FeatureList<Aska::ParticleFeatures::Rotation, Aska::FeatureList<Aska::ParticleFeatures::Texture, Aska::FeatureList<Aska::ParticleFeatures::Line, Aska::StNULL> > > > > >::Simulate(float)	simulate	native	
0x24a9dbc	0x25a9dbc	516	_ZN4Aska15ParticleEmitterINS_11FeatureListINS_16ParticleFeatures5SpeedENS1_INS2_6MotionENS1_INS2_8RotationENS1_INS2_7TextureENS1_INS2_4LineENS_6StNULLEEEEEEEEEEEE23EmitterAffectToParticleEPNS_6VectorEPNS_16IParticleEmitter13MatrixContextEf	Aska::ParticleEmitter<Aska::FeatureList<Aska::ParticleFeatures::Speed, Aska::FeatureList<Aska::ParticleFeatures::Motion, Aska::FeatureList<Aska::ParticleFeatures::Rotation, Aska::FeatureList<Aska::ParticleFeatures::Texture, Aska::FeatureList<Aska::ParticleFeatures::Line, Aska::StNULL> > > > > >::EmitterAffectToParticle(Aska::Vector*, Aska::IParticleEmitter::MatrixContext*, float)	emitter	decompiled	
0x24a9fc0	0x25a9fc0	616	_ZN4Aska24ParticleRenderableObjectINS_11FeatureListINS_16ParticleFeatures5SpeedENS1_INS2_6MotionENS1_INS2_8RotationENS1_INS2_7TextureENS1_INS2_4LineENS_6StNULLEEEEEEEEEEEE15RenderProcedureEfPNS_16IParticleEmitter13MatrixContextEb	Aska::ParticleRenderableObject<Aska::FeatureList<Aska::ParticleFeatures::Speed, Aska::FeatureList<Aska::ParticleFeatures::Motion, Aska::FeatureList<Aska::ParticleFeatures::Rotation, Aska::FeatureList<Aska::ParticleFeatures::Texture, Aska::FeatureList<Aska::ParticleFeatures::Line, Aska::StNULL> > > > > >::RenderProcedure(float, Aska::IParticleEmitter::MatrixContext*, bool)	emitter	decompiled	
0x24acb48	0x25acb48	480	_ZN4Aska15ParticleEmitterINS_11FeatureListINS_16ParticleFeatures5SpeedENS1_INS2_6MotionENS1_INS2_8RotationENS1_INS2_7TextureENS_6StNULLEEEEEEEEEE8EmitLinkEiPNS_16IParticleEmitter11EmitContextE	Aska::ParticleEmitter<Aska::FeatureList<Aska::ParticleFeatures::Speed, Aska::FeatureList<Aska::ParticleFeatures::Motion, Aska::FeatureList<Aska::ParticleFeatures::Rotation, Aska::FeatureList<Aska::ParticleFeatures::Texture, Aska::StNULL> > > > >::EmitLink(int, Aska::IParticleEmitter::EmitContext*)	emitter	decompiled	
0x24ace58	0x25ace58	8444	_ZN4Aska15ParticleEmitterINS_11FeatureListINS_16ParticleFeatures5SpeedENS1_INS2_6MotionENS1_INS2_8RotationENS1_INS2_7TextureENS_6StNULLEEEEEEEEEE4EmitEiPNS_16IParticleEmitter11EmitContextEPKNSD_13MatrixContextE	Aska::ParticleEmitter<Aska::FeatureList<Aska::ParticleFeatures::Speed, Aska::FeatureList<Aska::ParticleFeatures::Motion, Aska::FeatureList<Aska::ParticleFeatures::Rotation, Aska::FeatureList<Aska::ParticleFeatures::Texture, Aska::StNULL> > > > >::Emit(int, Aska::IParticleEmitter::EmitContext*, Aska::IParticleEmitter::MatrixContext const*)	emitter	decompiled	
0x24aef54	0x25aef54	4856	_ZN4Aska15ParticleEmitterINS_11FeatureListINS_16ParticleFeatures5SpeedENS1_INS2_6MotionENS1_INS2_8RotationENS1_INS2_7TextureENS_6StNULLEEEEEEEEEE10EmitMotionEPNS_15ParticleElementISB_EEPKNS_16IParticleEmitter11EmitContextEPSH_9StBooleanILb1EE	Aska::ParticleEmitter<Aska::FeatureList<Aska::ParticleFeatures::Speed, Aska::FeatureList<Aska::ParticleFeatures::Motion, Aska::FeatureList<Aska::ParticleFeatures::Rotation, Aska::FeatureList<Aska::ParticleFeatures::Texture, Aska::StNULL> > > > >::EmitMotion(Aska::ParticleElement<Aska::FeatureList<Aska::ParticleFeatures::Speed, Aska::FeatureList<Aska::ParticleFeatures::Motion, Aska::FeatureList<Aska::ParticleFeatures::Rotation, Aska::FeatureList<Aska::ParticleFeatures::Texture, Aska::StNULL> > > > >*, Aska::IParticleEmitter::EmitContext const*, Aska::IParticleEmitter::EmitContext*, StBoolean<true>)	emitter	decompiled	
0x24b024c	0x25b024c	2008	_ZN4Aska15ParticleEmitterINS_11FeatureListINS_16ParticleFeatures5SpeedENS1_INS2_6MotionENS1_INS2_8RotationENS1_INS2_7TextureENS_6StNULLEEEEEEEEEE12EmitRotationEPNS_15ParticleElementISB_EEPKNS_16IParticleEmitter11EmitContextEPSH_9StBooleanILb1EE	Aska::ParticleEmitter<Aska::FeatureList<Aska::ParticleFeatures::Speed, Aska::FeatureList<Aska::ParticleFeatures::Motion, Aska::FeatureList<Aska::ParticleFeatures::Rotation, Aska::FeatureList<Aska::ParticleFeatures::Texture, Aska::StNULL> > > > >::EmitRotation(Aska::ParticleElement<Aska::FeatureList<Aska::ParticleFeatures::Speed, Aska::FeatureList<Aska::ParticleFeatures::Motion, Aska::FeatureList<Aska::ParticleFeatures::Rotation, Aska::FeatureList<Aska::ParticleFeatures::Texture, Aska::StNULL> > > > >*, Aska::IParticleEmitter::EmitContext const*, Aska::IParticleEmitter::EmitContext*, StBoolean<true>)	emitter	decompiled	
0x24b1074	0x25b1074	484	_ZN4Aska15ParticleEmitterINS_11FeatureListINS_16ParticleFeatures5SpeedENS1_INS2_6MotionENS1_INS2_8RotationENS1_INS2_7TextureENS_6StNULLEEEEEEEEEE26LineSpeedAffectionRotationEPNS_15ParticleElementISB_EEPKNS_16IParticleEmitter11EmitContextEPNS_6VectorE9StBooleanILb1EE	Aska::ParticleEmitter<Aska::FeatureList<Aska::ParticleFeatures::Speed, Aska::FeatureList<Aska::ParticleFeatures::Motion, Aska::FeatureList<Aska::ParticleFeatures::Rotation, Aska::FeatureList<Aska::ParticleFeatures::Texture, Aska::StNULL> > > > >::LineSpeedAffectionRotation(Aska::ParticleElement<Aska::FeatureList<Aska::ParticleFeatures::Speed, Aska::FeatureList<Aska::ParticleFeatures::Motion, Aska::FeatureList<Aska::ParticleFeatures::Rotation, Aska::FeatureList<Aska::ParticleFeatures::Texture, Aska::StNULL> > > > >*, Aska::IParticleEmitter::EmitContext const*, Aska::Vector*, StBoolean<true>)	emitter	decompiled	
0x24b17b0	0x25b17b0	1020	_ZN4Aska15ParticleEmitterINS_11FeatureListINS_16ParticleFeatures5SpeedENS1_INS2_6MotionENS1_INS2_8RotationENS1_INS2_7TextureENS_6StNULLEEEEEEEEEE8SimulateEf	Aska::ParticleEmitter<Aska::FeatureList<Aska::ParticleFeatures::Speed, Aska::FeatureList<Aska::ParticleFeatures::Motion, Aska::FeatureList<Aska::ParticleFeatures::Rotation, Aska::FeatureList<Aska::ParticleFeatures::Texture, Aska::StNULL> > > > >::Simulate(float)	simulate	native	
0x24b1bac	0x25b1bac	516	_ZN4Aska15ParticleEmitterINS_11FeatureListINS_16ParticleFeatures5SpeedENS1_INS2_6MotionENS1_INS2_8RotationENS1_INS2_7TextureENS_6StNULLEEEEEEEEEE23EmitterAffectToParticleEPNS_6VectorEPNS_16IParticleEmitter13MatrixContextEf	Aska::ParticleEmitter<Aska::FeatureList<Aska::ParticleFeatures::Speed, Aska::FeatureList<Aska::ParticleFeatures::Motion, Aska::FeatureList<Aska::ParticleFeatures::Rotation, Aska::FeatureList<Aska::ParticleFeatures::Texture, Aska::StNULL> > > > >::EmitterAffectToParticle(Aska::Vector*, Aska::IParticleEmitter::MatrixContext*, float)	emitter	decompiled	
0x24b1db0	0x25b1db0	616	_ZN4Aska24ParticleRenderableObjectINS_11FeatureListINS_16ParticleFeatures5SpeedENS1_INS2_6MotionENS1_INS2_8RotationENS1_INS2_7TextureENS_6StNULLEEEEEEEEEE15RenderProcedureEfPNS_16IParticleEmitter13MatrixContextEb	Aska::ParticleRenderableObject<Aska::FeatureList<Aska::ParticleFeatures::Speed, Aska::FeatureList<Aska::ParticleFeatures::Motion, Aska::FeatureList<Aska::ParticleFeatures::Rotation, Aska::FeatureList<Aska::ParticleFeatures::Texture, Aska::StNULL> > > > >::RenderProcedure(float, Aska::IParticleEmitter::MatrixContext*, bool)	emitter	decompiled	
0x24b35c8	0x25b35c8	476	_ZN4Aska15ParticleManager14CreateParticleINS_11FeatureListINS_16ParticleFeatures5SpeedENS2_INS3_6MotionENS2_INS3_8RotationENS2_INS3_7TextureENS2_INS3_14ColorAnimationENS2_INS3_9LifeLimitENS2_INS3_4LineENS_6StNULLEEEEEEEEEEEEEEEEEPNS_15ParticleEmitterIT_EEPKNS_3AFF18AsfParticleEmitterE	Aska::ParticleEmitter<Aska::FeatureList<Aska::ParticleFeatures::Speed, Aska::FeatureList<Aska::ParticleFeatures::Motion, Aska::FeatureList<Aska::ParticleFeatures::Rotation, Aska::FeatureList<Aska::ParticleFeatures::Texture, Aska::FeatureList<Aska::ParticleFeatures::ColorAnimation, Aska::FeatureList<Aska::ParticleFeatures::LifeLimit, Aska::FeatureList<Aska::ParticleFeatures::Line, Aska::StNULL> > > > > > > >* Aska::ParticleManager::CreateParticle<Aska::FeatureList<Aska::ParticleFeatures::Speed, Aska::FeatureList<Aska::ParticleFeatures::Motion, Aska::FeatureList<Aska::ParticleFeatures::Rotation, Aska::FeatureList<Aska::ParticleFeatures::Texture, Aska::FeatureList<Aska::ParticleFeatures::ColorAnimation, Aska::FeatureList<Aska::ParticleFeatures::LifeLimit, Aska::FeatureList<Aska::ParticleFeatures::Line, Aska::StNULL> > > > > > > >(Aska::AFF::AsfParticleEmitter const*)	manager	decompiled	
0x24b37a4	0x25b37a4	444	_ZN4Aska15ParticleManager14CreateParticleINS_11FeatureListINS_16ParticleFeatures5SpeedENS2_INS3_6MotionENS2_INS3_8RotationENS2_INS3_7TextureENS2_INS3_14ColorAnimationENS2_INS3_9LifeLimitENS_6StNULLEEEEEEEEEEEEEEEPNS_15ParticleEmitterIT_EEPKNS_3AFF18AsfParticleEmitterE	Aska::ParticleEmitter<Aska::FeatureList<Aska::ParticleFeatures::Speed, Aska::FeatureList<Aska::ParticleFeatures::Motion, Aska::FeatureList<Aska::ParticleFeatures::Rotation, Aska::FeatureList<Aska::ParticleFeatures::Texture, Aska::FeatureList<Aska::ParticleFeatures::ColorAnimation, Aska::FeatureList<Aska::ParticleFeatures::LifeLimit, Aska::StNULL> > > > > > >* Aska::ParticleManager::CreateParticle<Aska::FeatureList<Aska::ParticleFeatures::Speed, Aska::FeatureList<Aska::ParticleFeatures::Motion, Aska::FeatureList<Aska::ParticleFeatures::Rotation, Aska::FeatureList<Aska::ParticleFeatures::Texture, Aska::FeatureList<Aska::ParticleFeatures::ColorAnimation, Aska::FeatureList<Aska::ParticleFeatures::LifeLimit, Aska::StNULL> > > > > > >(Aska::AFF::AsfParticleEmitter const*)	manager	decompiled	
0x24b3960	0x25b3960	464	_ZN4Aska15ParticleManager14CreateParticleINS_11FeatureListINS_16ParticleFeatures5SpeedENS2_INS3_6MotionENS2_INS3_8RotationENS2_INS3_7TextureENS2_INS3_14ColorAnimationENS2_INS3_4LineENS_6StNULLEEEEEEEEEEEEEEEPNS_15ParticleEmitterIT_EEPKNS_3AFF18AsfParticleEmitterE	Aska::ParticleEmitter<Aska::FeatureList<Aska::ParticleFeatures::Speed, Aska::FeatureList<Aska::ParticleFeatures::Motion, Aska::FeatureList<Aska::ParticleFeatures::Rotation, Aska::FeatureList<Aska::ParticleFeatures::Texture, Aska::FeatureList<Aska::ParticleFeatures::ColorAnimation, Aska::FeatureList<Aska::ParticleFeatures::Line, Aska::StNULL> > > > > > >* Aska::ParticleManager::CreateParticle<Aska::FeatureList<Aska::ParticleFeatures::Speed, Aska::FeatureList<Aska::ParticleFeatures::Motion, Aska::FeatureList<Aska::ParticleFeatures::Rotation, Aska::FeatureList<Aska::ParticleFeatures::Texture, Aska::FeatureList<Aska::ParticleFeatures::ColorAnimation, Aska::FeatureList<Aska::ParticleFeatures::Line, Aska::StNULL> > > > > > >(Aska::AFF::AsfParticleEmitter const*)	manager	decompiled	
0x24b3b30	0x25b3b30	432	_ZN4Aska15ParticleManager14CreateParticleINS_11FeatureListINS_16ParticleFeatures5SpeedENS2_INS3_6MotionENS2_INS3_8RotationENS2_INS3_7TextureENS2_INS3_14ColorAnimationENS_6StNULLEEEEEEEEEEEEEPNS_15ParticleEmitterIT_EEPKNS_3AFF18AsfParticleEmitterE	Aska::ParticleEmitter<Aska::FeatureList<Aska::ParticleFeatures::Speed, Aska::FeatureList<Aska::ParticleFeatures::Motion, Aska::FeatureList<Aska::ParticleFeatures::Rotation, Aska::FeatureList<Aska::ParticleFeatures::Texture, Aska::FeatureList<Aska::ParticleFeatures::ColorAnimation, Aska::StNULL> > > > > >* Aska::ParticleManager::CreateParticle<Aska::FeatureList<Aska::ParticleFeatures::Speed, Aska::FeatureList<Aska::ParticleFeatures::Motion, Aska::FeatureList<Aska::ParticleFeatures::Rotation, Aska::FeatureList<Aska::ParticleFeatures::Texture, Aska::FeatureList<Aska::ParticleFeatures::ColorAnimation, Aska::StNULL> > > > > >(Aska::AFF::AsfParticleEmitter const*)	manager	decompiled	
0x24b5274	0x25b5274	480	_ZN4Aska15ParticleEmitterINS_11FeatureListINS_16ParticleFeatures5SpeedENS1_INS2_6MotionENS1_INS2_8RotationENS1_INS2_7TextureENS1_INS2_14ColorAnimationENS1_INS2_9LifeLimitENS1_INS2_4LineENS_6StNULLEEEEEEEEEEEEEEEE8EmitLinkEiPNS_16IParticleEmitter11EmitContextE	Aska::ParticleEmitter<Aska::FeatureList<Aska::ParticleFeatures::Speed, Aska::FeatureList<Aska::ParticleFeatures::Motion, Aska::FeatureList<Aska::ParticleFeatures::Rotation, Aska::FeatureList<Aska::ParticleFeatures::Texture, Aska::FeatureList<Aska::ParticleFeatures::ColorAnimation, Aska::FeatureList<Aska::ParticleFeatures::LifeLimit, Aska::FeatureList<Aska::ParticleFeatures::Line, Aska::StNULL> > > > > > > >::EmitLink(int, Aska::IParticleEmitter::EmitContext*)	emitter	decompiled	
0x24b5584	0x25b5584	7960	_ZN4Aska15ParticleEmitterINS_11FeatureListINS_16ParticleFeatures5SpeedENS1_INS2_6MotionENS1_INS2_8RotationENS1_INS2_7TextureENS1_INS2_14ColorAnimationENS1_INS2_9LifeLimitENS1_INS2_4LineENS_6StNULLEEEEEEEEEEEEEEEE4EmitEiPNS_16IParticleEmitter11EmitContextEPKNSJ_13MatrixContextE	Aska::ParticleEmitter<Aska::FeatureList<Aska::ParticleFeatures::Speed, Aska::FeatureList<Aska::ParticleFeatures::Motion, Aska::FeatureList<Aska::ParticleFeatures::Rotation, Aska::FeatureList<Aska::ParticleFeatures::Texture, Aska::FeatureList<Aska::ParticleFeatures::ColorAnimation, Aska::FeatureList<Aska::ParticleFeatures::LifeLimit, Aska::FeatureList<Aska::ParticleFeatures::Line, Aska::StNULL> > > > > > > >::Emit(int, Aska::IParticleEmitter::EmitContext*, Aska::IParticleEmitter::MatrixContext const*)	emitter	decompiled	
0x24b849c	0x25b849c	4860	_ZN4Aska15ParticleEmitterINS_11FeatureListINS_16ParticleFeatures5SpeedENS1_INS2_6MotionENS1_INS2_8RotationENS1_INS2_7TextureENS1_INS2_14ColorAnimationENS1_INS2_9LifeLimitENS1_INS2_4LineENS_6StNULLEEEEEEEEEEEEEEEE10EmitMotionEPNS_15ParticleElementISH_EEPKNS_16IParticleEmitter11EmitContextEPSN_9StBooleanILb1EE	Aska::ParticleEmitter<Aska::FeatureList<Aska::ParticleFeatures::Speed, Aska::FeatureList<Aska::ParticleFeatures::Motion, Aska::FeatureList<Aska::ParticleFeatures::Rotation, Aska::FeatureList<Aska::ParticleFeatures::Texture, Aska::FeatureList<Aska::ParticleFeatures::ColorAnimation, Aska::FeatureList<Aska::ParticleFeatures::LifeLimit, Aska::FeatureList<Aska::ParticleFeatures::Line, Aska::StNULL> > > > > > > >::EmitMotion(Aska::ParticleElement<Aska::FeatureList<Aska::ParticleFeatures::Speed, Aska::FeatureList<Aska::ParticleFeatures::Motion, Aska::FeatureList<Aska::ParticleFeatures::Rotation, Aska::FeatureList<Aska::ParticleFeatures::Texture, Aska::FeatureList<Aska::ParticleFeatures::ColorAnimation, Aska::FeatureList<Aska::ParticleFeatures::LifeLimit, Aska::FeatureList<Aska::ParticleFeatures::Line, Aska::StNULL> > > > > > > >*, Aska::IParticleEmitter::EmitContext const*, Aska::IParticleEmitter::EmitContext*, StBoolean<true>)	emitter	decompiled	
0x24b9798	0x25b9798	2012	_ZN4Aska15ParticleEmitterINS_11FeatureListINS_16ParticleFeatures5SpeedENS1_INS2_6MotionENS1_INS2_8RotationENS1_INS2_7TextureENS1_INS2_14ColorAnimationENS1_INS2_9LifeLimitENS1_INS2_4LineENS_6StNULLEEEEEEEEEEEEEEEE12EmitRotationEPNS_15ParticleElementISH_EEPKNS_16IParticleEmitter11EmitContextEPSN_9StBooleanILb1EE	Aska::ParticleEmitter<Aska::FeatureList<Aska::ParticleFeatures::Speed, Aska::FeatureList<Aska::ParticleFeatures::Motion, Aska::FeatureList<Aska::ParticleFeatures::Rotation, Aska::FeatureList<Aska::ParticleFeatures::Texture, Aska::FeatureList<Aska::ParticleFeatures::ColorAnimation, Aska::FeatureList<Aska::ParticleFeatures::LifeLimit, Aska::FeatureList<Aska::ParticleFeatures::Line, Aska::StNULL> > > > > > > >::EmitRotation(Aska::ParticleElement<Aska::FeatureList<Aska::ParticleFeatures::Speed, Aska::FeatureList<Aska::ParticleFeatures::Motion, Aska::FeatureList<Aska::ParticleFeatures::Rotation, Aska::FeatureList<Aska::ParticleFeatures::Texture, Aska::FeatureList<Aska::ParticleFeatures::ColorAnimation, Aska::FeatureList<Aska::ParticleFeatures::LifeLimit, Aska::FeatureList<Aska::ParticleFeatures::Line, Aska::StNULL> > > > > > > >*, Aska::IParticleEmitter::EmitContext const*, Aska::IParticleEmitter::EmitContext*, StBoolean<true>)	emitter	decompiled	
0x24ba8b4	0x25ba8b4	484	_ZN4Aska15ParticleEmitterINS_11FeatureListINS_16ParticleFeatures5SpeedENS1_INS2_6MotionENS1_INS2_8RotationENS1_INS2_7TextureENS1_INS2_14ColorAnimationENS1_INS2_9LifeLimitENS1_INS2_4LineENS_6StNULLEEEEEEEEEEEEEEEE26LineSpeedAffectionRotationEPNS_15ParticleElementISH_EEPKNS_16IParticleEmitter11EmitContextEPNS_6VectorE9StBooleanILb1EE	Aska::ParticleEmitter<Aska::FeatureList<Aska::ParticleFeatures::Speed, Aska::FeatureList<Aska::ParticleFeatures::Motion, Aska::FeatureList<Aska::ParticleFeatures::Rotation, Aska::FeatureList<Aska::ParticleFeatures::Texture, Aska::FeatureList<Aska::ParticleFeatures::ColorAnimation, Aska::FeatureList<Aska::ParticleFeatures::LifeLimit, Aska::FeatureList<Aska::ParticleFeatures::Line, Aska::StNULL> > > > > > > >::LineSpeedAffectionRotation(Aska::ParticleElement<Aska::FeatureList<Aska::ParticleFeatures::Speed, Aska::FeatureList<Aska::ParticleFeatures::Motion, Aska::FeatureList<Aska::ParticleFeatures::Rotation, Aska::FeatureList<Aska::ParticleFeatures::Texture, Aska::FeatureList<Aska::ParticleFeatures::ColorAnimation, Aska::FeatureList<Aska::ParticleFeatures::LifeLimit, Aska::FeatureList<Aska::ParticleFeatures::Line, Aska::StNULL> > > > > > > >*, Aska::IParticleEmitter::EmitContext const*, Aska::Vector*, StBoolean<true>)	emitter	decompiled	
0x24bb118	0x25bb118	1020	_ZN4Aska15ParticleEmitterINS_11FeatureListINS_16ParticleFeatures5SpeedENS1_INS2_6MotionENS1_INS2_8RotationENS1_INS2_7TextureENS1_INS2_14ColorAnimationENS1_INS2_9LifeLimitENS1_INS2_4LineENS_6StNULLEEEEEEEEEEEEEEEE8SimulateEf	Aska::ParticleEmitter<Aska::FeatureList<Aska::ParticleFeatures::Speed, Aska::FeatureList<Aska::ParticleFeatures::Motion, Aska::FeatureList<Aska::ParticleFeatures::Rotation, Aska::FeatureList<Aska::ParticleFeatures::Texture, Aska::FeatureList<Aska::ParticleFeatures::ColorAnimation, Aska::FeatureList<Aska::ParticleFeatures::LifeLimit, Aska::FeatureList<Aska::ParticleFeatures::Line, Aska::StNULL> > > > > > > >::Simulate(float)	simulate	tested	
0x24bb514	0x25bb514	516	_ZN4Aska15ParticleEmitterINS_11FeatureListINS_16ParticleFeatures5SpeedENS1_INS2_6MotionENS1_INS2_8RotationENS1_INS2_7TextureENS1_INS2_14ColorAnimationENS1_INS2_9LifeLimitENS1_INS2_4LineENS_6StNULLEEEEEEEEEEEEEEEE23EmitterAffectToParticleEPNS_6VectorEPNS_16IParticleEmitter13MatrixContextEf	Aska::ParticleEmitter<Aska::FeatureList<Aska::ParticleFeatures::Speed, Aska::FeatureList<Aska::ParticleFeatures::Motion, Aska::FeatureList<Aska::ParticleFeatures::Rotation, Aska::FeatureList<Aska::ParticleFeatures::Texture, Aska::FeatureList<Aska::ParticleFeatures::ColorAnimation, Aska::FeatureList<Aska::ParticleFeatures::LifeLimit, Aska::FeatureList<Aska::ParticleFeatures::Line, Aska::StNULL> > > > > > > >::EmitterAffectToParticle(Aska::Vector*, Aska::IParticleEmitter::MatrixContext*, float)	emitter	decompiled	
0x24bb718	0x25bb718	616	_ZN4Aska24ParticleRenderableObjectINS_11FeatureListINS_16ParticleFeatures5SpeedENS1_INS2_6MotionENS1_INS2_8RotationENS1_INS2_7TextureENS1_INS2_14ColorAnimationENS1_INS2_9LifeLimitENS1_INS2_4LineENS_6StNULLEEEEEEEEEEEEEEEE15RenderProcedureEfPNS_16IParticleEmitter13MatrixContextEb	Aska::ParticleRenderableObject<Aska::FeatureList<Aska::ParticleFeatures::Speed, Aska::FeatureList<Aska::ParticleFeatures::Motion, Aska::FeatureList<Aska::ParticleFeatures::Rotation, Aska::FeatureList<Aska::ParticleFeatures::Texture, Aska::FeatureList<Aska::ParticleFeatures::ColorAnimation, Aska::FeatureList<Aska::ParticleFeatures::LifeLimit, Aska::FeatureList<Aska::ParticleFeatures::Line, Aska::StNULL> > > > > > > >::RenderProcedure(float, Aska::IParticleEmitter::MatrixContext*, bool)	emitter	decompiled	
0x24bf130	0x25bf130	480	_ZN4Aska15ParticleEmitterINS_11FeatureListINS_16ParticleFeatures5SpeedENS1_INS2_6MotionENS1_INS2_8RotationENS1_INS2_7TextureENS1_INS2_14ColorAnimationENS1_INS2_9LifeLimitENS_6StNULLEEEEEEEEEEEEEE8EmitLinkEiPNS_16IParticleEmitter11EmitContextE	Aska::ParticleEmitter<Aska::FeatureList<Aska::ParticleFeatures::Speed, Aska::FeatureList<Aska::ParticleFeatures::Motion, Aska::FeatureList<Aska::ParticleFeatures::Rotation, Aska::FeatureList<Aska::ParticleFeatures::Texture, Aska::FeatureList<Aska::ParticleFeatures::ColorAnimation, Aska::FeatureList<Aska::ParticleFeatures::LifeLimit, Aska::StNULL> > > > > > >::EmitLink(int, Aska::IParticleEmitter::EmitContext*)	emitter	decompiled	
0x24bf440	0x25bf440	8468	_ZN4Aska15ParticleEmitterINS_11FeatureListINS_16ParticleFeatures5SpeedENS1_INS2_6MotionENS1_INS2_8RotationENS1_INS2_7TextureENS1_INS2_14ColorAnimationENS1_INS2_9LifeLimitENS_6StNULLEEEEEEEEEEEEEE4EmitEiPNS_16IParticleEmitter11EmitContextEPKNSH_13MatrixContextE	Aska::ParticleEmitter<Aska::FeatureList<Aska::ParticleFeatures::Speed, Aska::FeatureList<Aska::ParticleFeatures::Motion, Aska::FeatureList<Aska::ParticleFeatures::Rotation, Aska::FeatureList<Aska::ParticleFeatures::Texture, Aska::FeatureList<Aska::ParticleFeatures::ColorAnimation, Aska::FeatureList<Aska::ParticleFeatures::LifeLimit, Aska::StNULL> > > > > > >::Emit(int, Aska::IParticleEmitter::EmitContext*, Aska::IParticleEmitter::MatrixContext const*)	emitter	decompiled	
0x24c1554	0x25c1554	4860	_ZN4Aska15ParticleEmitterINS_11FeatureListINS_16ParticleFeatures5SpeedENS1_INS2_6MotionENS1_INS2_8RotationENS1_INS2_7TextureENS1_INS2_14ColorAnimationENS1_INS2_9LifeLimitENS_6StNULLEEEEEEEEEEEEEE10EmitMotionEPNS_15ParticleElementISF_EEPKNS_16IParticleEmitter11EmitContextEPSL_9StBooleanILb1EE	Aska::ParticleEmitter<Aska::FeatureList<Aska::ParticleFeatures::Speed, Aska::FeatureList<Aska::ParticleFeatures::Motion, Aska::FeatureList<Aska::ParticleFeatures::Rotation, Aska::FeatureList<Aska::ParticleFeatures::Texture, Aska::FeatureList<Aska::ParticleFeatures::ColorAnimation, Aska::FeatureList<Aska::ParticleFeatures::LifeLimit, Aska::StNULL> > > > > > >::EmitMotion(Aska::ParticleElement<Aska::FeatureList<Aska::ParticleFeatures::Speed, Aska::FeatureList<Aska::ParticleFeatures::Motion, Aska::FeatureList<Aska::ParticleFeatures::Rotation, Aska::FeatureList<Aska::ParticleFeatures::Texture, Aska::FeatureList<Aska::ParticleFeatures::ColorAnimation, Aska::FeatureList<Aska::ParticleFeatures::LifeLimit, Aska::StNULL> > > > > > >*, Aska::IParticleEmitter::EmitContext const*, Aska::IParticleEmitter::EmitContext*, StBoolean<true>)	emitter	decompiled	
0x24c2850	0x25c2850	2012	_ZN4Aska15ParticleEmitterINS_11FeatureListINS_16ParticleFeatures5SpeedENS1_INS2_6MotionENS1_INS2_8RotationENS1_INS2_7TextureENS1_INS2_14ColorAnimationENS1_INS2_9LifeLimitENS_6StNULLEEEEEEEEEEEEEE12EmitRotationEPNS_15ParticleElementISF_EEPKNS_16IParticleEmitter11EmitContextEPSL_9StBooleanILb1EE	Aska::ParticleEmitter<Aska::FeatureList<Aska::ParticleFeatures::Speed, Aska::FeatureList<Aska::ParticleFeatures::Motion, Aska::FeatureList<Aska::ParticleFeatures::Rotation, Aska::FeatureList<Aska::ParticleFeatures::Texture, Aska::FeatureList<Aska::ParticleFeatures::ColorAnimation, Aska::FeatureList<Aska::ParticleFeatures::LifeLimit, Aska::StNULL> > > > > > >::EmitRotation(Aska::ParticleElement<Aska::FeatureList<Aska::ParticleFeatures::Speed, Aska::FeatureList<Aska::ParticleFeatures::Motion, Aska::FeatureList<Aska::ParticleFeatures::Rotation, Aska::FeatureList<Aska::ParticleFeatures::Texture, Aska::FeatureList<Aska::ParticleFeatures::ColorAnimation, Aska::FeatureList<Aska::ParticleFeatures::LifeLimit, Aska::StNULL> > > > > > >*, Aska::IParticleEmitter::EmitContext const*, Aska::IParticleEmitter::EmitContext*, StBoolean<true>)	emitter	decompiled	
0x24c396c	0x25c396c	484	_ZN4Aska15ParticleEmitterINS_11FeatureListINS_16ParticleFeatures5SpeedENS1_INS2_6MotionENS1_INS2_8RotationENS1_INS2_7TextureENS1_INS2_14ColorAnimationENS1_INS2_9LifeLimitENS_6StNULLEEEEEEEEEEEEEE26LineSpeedAffectionRotationEPNS_15ParticleElementISF_EEPKNS_16IParticleEmitter11EmitContextEPNS_6VectorE9StBooleanILb1EE	Aska::ParticleEmitter<Aska::FeatureList<Aska::ParticleFeatures::Speed, Aska::FeatureList<Aska::ParticleFeatures::Motion, Aska::FeatureList<Aska::ParticleFeatures::Rotation, Aska::FeatureList<Aska::ParticleFeatures::Texture, Aska::FeatureList<Aska::ParticleFeatures::ColorAnimation, Aska::FeatureList<Aska::ParticleFeatures::LifeLimit, Aska::StNULL> > > > > > >::LineSpeedAffectionRotation(Aska::ParticleElement<Aska::FeatureList<Aska::ParticleFeatures::Speed, Aska::FeatureList<Aska::ParticleFeatures::Motion, Aska::FeatureList<Aska::ParticleFeatures::Rotation, Aska::FeatureList<Aska::ParticleFeatures::Texture, Aska::FeatureList<Aska::ParticleFeatures::ColorAnimation, Aska::FeatureList<Aska::ParticleFeatures::LifeLimit, Aska::StNULL> > > > > > >*, Aska::IParticleEmitter::EmitContext const*, Aska::Vector*, StBoolean<true>)	emitter	decompiled	
0x24c40a8	0x25c40a8	1020	_ZN4Aska15ParticleEmitterINS_11FeatureListINS_16ParticleFeatures5SpeedENS1_INS2_6MotionENS1_INS2_8RotationENS1_INS2_7TextureENS1_INS2_14ColorAnimationENS1_INS2_9LifeLimitENS_6StNULLEEEEEEEEEEEEEE8SimulateEf	Aska::ParticleEmitter<Aska::FeatureList<Aska::ParticleFeatures::Speed, Aska::FeatureList<Aska::ParticleFeatures::Motion, Aska::FeatureList<Aska::ParticleFeatures::Rotation, Aska::FeatureList<Aska::ParticleFeatures::Texture, Aska::FeatureList<Aska::ParticleFeatures::ColorAnimation, Aska::FeatureList<Aska::ParticleFeatures::LifeLimit, Aska::StNULL> > > > > > >::Simulate(float)	simulate	native	
0x24c44a4	0x25c44a4	516	_ZN4Aska15ParticleEmitterINS_11FeatureListINS_16ParticleFeatures5SpeedENS1_INS2_6MotionENS1_INS2_8RotationENS1_INS2_7TextureENS1_INS2_14ColorAnimationENS1_INS2_9LifeLimitENS_6StNULLEEEEEEEEEEEEEE23EmitterAffectToParticleEPNS_6VectorEPNS_16IParticleEmitter13MatrixContextEf	Aska::ParticleEmitter<Aska::FeatureList<Aska::ParticleFeatures::Speed, Aska::FeatureList<Aska::ParticleFeatures::Motion, Aska::FeatureList<Aska::ParticleFeatures::Rotation, Aska::FeatureList<Aska::ParticleFeatures::Texture, Aska::FeatureList<Aska::ParticleFeatures::ColorAnimation, Aska::FeatureList<Aska::ParticleFeatures::LifeLimit, Aska::StNULL> > > > > > >::EmitterAffectToParticle(Aska::Vector*, Aska::IParticleEmitter::MatrixContext*, float)	emitter	decompiled	
0x24c46a8	0x25c46a8	616	_ZN4Aska24ParticleRenderableObjectINS_11FeatureListINS_16ParticleFeatures5SpeedENS1_INS2_6MotionENS1_INS2_8RotationENS1_INS2_7TextureENS1_INS2_14ColorAnimationENS1_INS2_9LifeLimitENS_6StNULLEEEEEEEEEEEEEE15RenderProcedureEfPNS_16IParticleEmitter13MatrixContextEb	Aska::ParticleRenderableObject<Aska::FeatureList<Aska::ParticleFeatures::Speed, Aska::FeatureList<Aska::ParticleFeatures::Motion, Aska::FeatureList<Aska::ParticleFeatures::Rotation, Aska::FeatureList<Aska::ParticleFeatures::Texture, Aska::FeatureList<Aska::ParticleFeatures::ColorAnimation, Aska::FeatureList<Aska::ParticleFeatures::LifeLimit, Aska::StNULL> > > > > > >::RenderProcedure(float, Aska::IParticleEmitter::MatrixContext*, bool)	emitter	decompiled	
0x24c8124	0x25c8124	480	_ZN4Aska15ParticleEmitterINS_11FeatureListINS_16ParticleFeatures5SpeedENS1_INS2_6MotionENS1_INS2_8RotationENS1_INS2_7TextureENS1_INS2_14ColorAnimationENS1_INS2_4LineENS_6StNULLEEEEEEEEEEEEEE8EmitLinkEiPNS_16IParticleEmitter11EmitContextE	Aska::ParticleEmitter<Aska::FeatureList<Aska::ParticleFeatures::Speed, Aska::FeatureList<Aska::ParticleFeatures::Motion, Aska::FeatureList<Aska::ParticleFeatures::Rotation, Aska::FeatureList<Aska::ParticleFeatures::Texture, Aska::FeatureList<Aska::ParticleFeatures::ColorAnimation, Aska::FeatureList<Aska::ParticleFeatures::Line, Aska::StNULL> > > > > > >::EmitLink(int, Aska::IParticleEmitter::EmitContext*)	emitter	decompiled	
0x24c8434	0x25c8434	7952	_ZN4Aska15ParticleEmitterINS_11FeatureListINS_16ParticleFeatures5SpeedENS1_INS2_6MotionENS1_INS2_8RotationENS1_INS2_7TextureENS1_INS2_14ColorAnimationENS1_INS2_4LineENS_6StNULLEEEEEEEEEEEEEE4EmitEiPNS_16IParticleEmitter11EmitContextEPKNSH_13MatrixContextE	Aska::ParticleEmitter<Aska::FeatureList<Aska::ParticleFeatures::Speed, Aska::FeatureList<Aska::ParticleFeatures::Motion, Aska::FeatureList<Aska::ParticleFeatures::Rotation, Aska::FeatureList<Aska::ParticleFeatures::Texture, Aska::FeatureList<Aska::ParticleFeatures::ColorAnimation, Aska::FeatureList<Aska::ParticleFeatures::Line, Aska::StNULL> > > > > > >::Emit(int, Aska::IParticleEmitter::EmitContext*, Aska::IParticleEmitter::MatrixContext const*)	emitter	decompiled	
0x24ca344	0x25ca344	4860	_ZN4Aska15ParticleEmitterINS_11FeatureListINS_16ParticleFeatures5SpeedENS1_INS2_6MotionENS1_INS2_8RotationENS1_INS2_7TextureENS1_INS2_14ColorAnimationENS1_INS2_4LineENS_6StNULLEEEEEEEEEEEEEE10EmitMotionEPNS_15ParticleElementISF_EEPKNS_16IParticleEmitter11EmitContextEPSL_9StBooleanILb1EE	Aska::ParticleEmitter<Aska::FeatureList<Aska::ParticleFeatures::Speed, Aska::FeatureList<Aska::ParticleFeatures::Motion, Aska::FeatureList<Aska::ParticleFeatures::Rotation, Aska::FeatureList<Aska::ParticleFeatures::Texture, Aska::FeatureList<Aska::ParticleFeatures::ColorAnimation, Aska::FeatureList<Aska::ParticleFeatures::Line, Aska::StNULL> > > > > > >::EmitMotion(Aska::ParticleElement<Aska::FeatureList<Aska::ParticleFeatures::Speed, Aska::FeatureList<Aska::ParticleFeatures::Motion, Aska::FeatureList<Aska::ParticleFeatures::Rotation, Aska::FeatureList<Aska::ParticleFeatures::Texture, Aska::FeatureList<Aska::ParticleFeatures::ColorAnimation, Aska::FeatureList<Aska::ParticleFeatures::Line, Aska::StNULL> > > > > > >*, Aska::IParticleEmitter::EmitContext const*, Aska::IParticleEmitter::EmitContext*, StBoolean<true>)	emitter	decompiled	
0x24cb640	0x25cb640	2012	_ZN4Aska15ParticleEmitterINS_11FeatureListINS_16ParticleFeatures5SpeedENS1_INS2_6MotionENS1_INS2_8RotationENS1_INS2_7TextureENS1_INS2_14ColorAnimationENS1_INS2_4LineENS_6StNULLEEEEEEEEEEEEEE12EmitRotationEPNS_15ParticleElementISF_EEPKNS_16IParticleEmitter11EmitContextEPSL_9StBooleanILb1EE	Aska::ParticleEmitter<Aska::FeatureList<Aska::ParticleFeatures::Speed, Aska::FeatureList<Aska::ParticleFeatures::Motion, Aska::FeatureList<Aska::ParticleFeatures::Rotation, Aska::FeatureList<Aska::ParticleFeatures::Texture, Aska::FeatureList<Aska::ParticleFeatures::ColorAnimation, Aska::FeatureList<Aska::ParticleFeatures::Line, Aska::StNULL> > > > > > >::EmitRotation(Aska::ParticleElement<Aska::FeatureList<Aska::ParticleFeatures::Speed, Aska::FeatureList<Aska::ParticleFeatures::Motion, Aska::FeatureList<Aska::ParticleFeatures::Rotation, Aska::FeatureList<Aska::ParticleFeatures::Texture, Aska::FeatureList<Aska::ParticleFeatures::ColorAnimation, Aska::FeatureList<Aska::ParticleFeatures::Line, Aska::StNULL> > > > > > >*, Aska::IParticleEmitter::EmitContext const*, Aska::IParticleEmitter::EmitContext*, StBoolean<true>)	emitter	decompiled	
0x24cc75c	0x25cc75c	484	_ZN4Aska15ParticleEmitterINS_11FeatureListINS_16ParticleFeatures5SpeedENS1_INS2_6MotionENS1_INS2_8RotationENS1_INS2_7TextureENS1_INS2_14ColorAnimationENS1_INS2_4LineENS_6StNULLEEEEEEEEEEEEEE26LineSpeedAffectionRotationEPNS_15ParticleElementISF_EEPKNS_16IParticleEmitter11EmitContextEPNS_6VectorE9StBooleanILb1EE	Aska::ParticleEmitter<Aska::FeatureList<Aska::ParticleFeatures::Speed, Aska::FeatureList<Aska::ParticleFeatures::Motion, Aska::FeatureList<Aska::ParticleFeatures::Rotation, Aska::FeatureList<Aska::ParticleFeatures::Texture, Aska::FeatureList<Aska::ParticleFeatures::ColorAnimation, Aska::FeatureList<Aska::ParticleFeatures::Line, Aska::StNULL> > > > > > >::LineSpeedAffectionRotation(Aska::ParticleElement<Aska::FeatureList<Aska::ParticleFeatures::Speed, Aska::FeatureList<Aska::ParticleFeatures::Motion, Aska::FeatureList<Aska::ParticleFeatures::Rotation, Aska::FeatureList<Aska::ParticleFeatures::Texture, Aska::FeatureList<Aska::ParticleFeatures::ColorAnimation, Aska::FeatureList<Aska::ParticleFeatures::Line, Aska::StNULL> > > > > > >*, Aska::IParticleEmitter::EmitContext const*, Aska::Vector*, StBoolean<true>)	emitter	decompiled	
0x24ccfc0	0x25ccfc0	1020	_ZN4Aska15ParticleEmitterINS_11FeatureListINS_16ParticleFeatures5SpeedENS1_INS2_6MotionENS1_INS2_8RotationENS1_INS2_7TextureENS1_INS2_14ColorAnimationENS1_INS2_4LineENS_6StNULLEEEEEEEEEEEEEE8SimulateEf	Aska::ParticleEmitter<Aska::FeatureList<Aska::ParticleFeatures::Speed, Aska::FeatureList<Aska::ParticleFeatures::Motion, Aska::FeatureList<Aska::ParticleFeatures::Rotation, Aska::FeatureList<Aska::ParticleFeatures::Texture, Aska::FeatureList<Aska::ParticleFeatures::ColorAnimation, Aska::FeatureList<Aska::ParticleFeatures::Line, Aska::StNULL> > > > > > >::Simulate(float)	simulate	native	
0x24cd3bc	0x25cd3bc	516	_ZN4Aska15ParticleEmitterINS_11FeatureListINS_16ParticleFeatures5SpeedENS1_INS2_6MotionENS1_INS2_8RotationENS1_INS2_7TextureENS1_INS2_14ColorAnimationENS1_INS2_4LineENS_6StNULLEEEEEEEEEEEEEE23EmitterAffectToParticleEPNS_6VectorEPNS_16IParticleEmitter13MatrixContextEf	Aska::ParticleEmitter<Aska::FeatureList<Aska::ParticleFeatures::Speed, Aska::FeatureList<Aska::ParticleFeatures::Motion, Aska::FeatureList<Aska::ParticleFeatures::Rotation, Aska::FeatureList<Aska::ParticleFeatures::Texture, Aska::FeatureList<Aska::ParticleFeatures::ColorAnimation, Aska::FeatureList<Aska::ParticleFeatures::Line, Aska::StNULL> > > > > > >::EmitterAffectToParticle(Aska::Vector*, Aska::IParticleEmitter::MatrixContext*, float)	emitter	decompiled	
0x24cd5c0	0x25cd5c0	616	_ZN4Aska24ParticleRenderableObjectINS_11FeatureListINS_16ParticleFeatures5SpeedENS1_INS2_6MotionENS1_INS2_8RotationENS1_INS2_7TextureENS1_INS2_14ColorAnimationENS1_INS2_4LineENS_6StNULLEEEEEEEEEEEEEE15RenderProcedureEfPNS_16IParticleEmitter13MatrixContextEb	Aska::ParticleRenderableObject<Aska::FeatureList<Aska::ParticleFeatures::Speed, Aska::FeatureList<Aska::ParticleFeatures::Motion, Aska::FeatureList<Aska::ParticleFeatures::Rotation, Aska::FeatureList<Aska::ParticleFeatures::Texture, Aska::FeatureList<Aska::ParticleFeatures::ColorAnimation, Aska::FeatureList<Aska::ParticleFeatures::Line, Aska::StNULL> > > > > > >::RenderProcedure(float, Aska::IParticleEmitter::MatrixContext*, bool)	emitter	decompiled	
0x24d02fc	0x25d02fc	480	_ZN4Aska15ParticleEmitterINS_11FeatureListINS_16ParticleFeatures5SpeedENS1_INS2_6MotionENS1_INS2_8RotationENS1_INS2_7TextureENS1_INS2_14ColorAnimationENS_6StNULLEEEEEEEEEEEE8EmitLinkEiPNS_16IParticleEmitter11EmitContextE	Aska::ParticleEmitter<Aska::FeatureList<Aska::ParticleFeatures::Speed, Aska::FeatureList<Aska::ParticleFeatures::Motion, Aska::FeatureList<Aska::ParticleFeatures::Rotation, Aska::FeatureList<Aska::ParticleFeatures::Texture, Aska::FeatureList<Aska::ParticleFeatures::ColorAnimation, Aska::StNULL> > > > > >::EmitLink(int, Aska::IParticleEmitter::EmitContext*)	emitter	decompiled	
0x24d0784	0x25d0784	8460	_ZN4Aska15ParticleEmitterINS_11FeatureListINS_16ParticleFeatures5SpeedENS1_INS2_6MotionENS1_INS2_8RotationENS1_INS2_7TextureENS1_INS2_14ColorAnimationENS_6StNULLEEEEEEEEEEEE4EmitEiPNS_16IParticleEmitter11EmitContextEPKNSF_13MatrixContextE	Aska::ParticleEmitter<Aska::FeatureList<Aska::ParticleFeatures::Speed, Aska::FeatureList<Aska::ParticleFeatures::Motion, Aska::FeatureList<Aska::ParticleFeatures::Rotation, Aska::FeatureList<Aska::ParticleFeatures::Texture, Aska::FeatureList<Aska::ParticleFeatures::ColorAnimation, Aska::StNULL> > > > > >::Emit(int, Aska::IParticleEmitter::EmitContext*, Aska::IParticleEmitter::MatrixContext const*)	emitter	decompiled	
0x24d2890	0x25d2890	4860	_ZN4Aska15ParticleEmitterINS_11FeatureListINS_16ParticleFeatures5SpeedENS1_INS2_6MotionENS1_INS2_8RotationENS1_INS2_7TextureENS1_INS2_14ColorAnimationENS_6StNULLEEEEEEEEEEEE10EmitMotionEPNS_15ParticleElementISD_EEPKNS_16IParticleEmitter11EmitContextEPSJ_9StBooleanILb1EE	Aska::ParticleEmitter<Aska::FeatureList<Aska::ParticleFeatures::Speed, Aska::FeatureList<Aska::ParticleFeatures::Motion, Aska::FeatureList<Aska::ParticleFeatures::Rotation, Aska::FeatureList<Aska::ParticleFeatures::Texture, Aska::FeatureList<Aska::ParticleFeatures::ColorAnimation, Aska::StNULL> > > > > >::EmitMotion(Aska::ParticleElement<Aska::FeatureList<Aska::ParticleFeatures::Speed, Aska::FeatureList<Aska::ParticleFeatures::Motion, Aska::FeatureList<Aska::ParticleFeatures::Rotation, Aska::FeatureList<Aska::ParticleFeatures::Texture, Aska::FeatureList<Aska::ParticleFeatures::ColorAnimation, Aska::StNULL> > > > > >*, Aska::IParticleEmitter::EmitContext const*, Aska::IParticleEmitter::EmitContext*, StBoolean<true>)	emitter	decompiled	
0x24d3b8c	0x25d3b8c	2012	_ZN4Aska15ParticleEmitterINS_11FeatureListINS_16ParticleFeatures5SpeedENS1_INS2_6MotionENS1_INS2_8RotationENS1_INS2_7TextureENS1_INS2_14ColorAnimationENS_6StNULLEEEEEEEEEEEE12EmitRotationEPNS_15ParticleElementISD_EEPKNS_16IParticleEmitter11EmitContextEPSJ_9StBooleanILb1EE	Aska::ParticleEmitter<Aska::FeatureList<Aska::ParticleFeatures::Speed, Aska::FeatureList<Aska::ParticleFeatures::Motion, Aska::FeatureList<Aska::ParticleFeatures::Rotation, Aska::FeatureList<Aska::ParticleFeatures::Texture, Aska::FeatureList<Aska::ParticleFeatures::ColorAnimation, Aska::StNULL> > > > > >::EmitRotation(Aska::ParticleElement<Aska::FeatureList<Aska::ParticleFeatures::Speed, Aska::FeatureList<Aska::ParticleFeatures::Motion, Aska::FeatureList<Aska::ParticleFeatures::Rotation, Aska::FeatureList<Aska::ParticleFeatures::Texture, Aska::FeatureList<Aska::ParticleFeatures::ColorAnimation, Aska::StNULL> > > > > >*, Aska::IParticleEmitter::EmitContext const*, Aska::IParticleEmitter::EmitContext*, StBoolean<true>)	emitter	decompiled	
0x24d4ca8	0x25d4ca8	484	_ZN4Aska15ParticleEmitterINS_11FeatureListINS_16ParticleFeatures5SpeedENS1_INS2_6MotionENS1_INS2_8RotationENS1_INS2_7TextureENS1_INS2_14ColorAnimationENS_6StNULLEEEEEEEEEEEE26LineSpeedAffectionRotationEPNS_15ParticleElementISD_EEPKNS_16IParticleEmitter11EmitContextEPNS_6VectorE9StBooleanILb1EE	Aska::ParticleEmitter<Aska::FeatureList<Aska::ParticleFeatures::Speed, Aska::FeatureList<Aska::ParticleFeatures::Motion, Aska::FeatureList<Aska::ParticleFeatures::Rotation, Aska::FeatureList<Aska::ParticleFeatures::Texture, Aska::FeatureList<Aska::ParticleFeatures::ColorAnimation, Aska::StNULL> > > > > >::LineSpeedAffectionRotation(Aska::ParticleElement<Aska::FeatureList<Aska::ParticleFeatures::Speed, Aska::FeatureList<Aska::ParticleFeatures::Motion, Aska::FeatureList<Aska::ParticleFeatures::Rotation, Aska::FeatureList<Aska::ParticleFeatures::Texture, Aska::FeatureList<Aska::ParticleFeatures::ColorAnimation, Aska::StNULL> > > > > >*, Aska::IParticleEmitter::EmitContext const*, Aska::Vector*, StBoolean<true>)	emitter	decompiled	
0x24d53e4	0x25d53e4	1020	_ZN4Aska15ParticleEmitterINS_11FeatureListINS_16ParticleFeatures5SpeedENS1_INS2_6MotionENS1_INS2_8RotationENS1_INS2_7TextureENS1_INS2_14ColorAnimationENS_6StNULLEEEEEEEEEEEE8SimulateEf	Aska::ParticleEmitter<Aska::FeatureList<Aska::ParticleFeatures::Speed, Aska::FeatureList<Aska::ParticleFeatures::Motion, Aska::FeatureList<Aska::ParticleFeatures::Rotation, Aska::FeatureList<Aska::ParticleFeatures::Texture, Aska::FeatureList<Aska::ParticleFeatures::ColorAnimation, Aska::StNULL> > > > > >::Simulate(float)	simulate	native	
0x24d57e0	0x25d57e0	516	_ZN4Aska15ParticleEmitterINS_11FeatureListINS_16ParticleFeatures5SpeedENS1_INS2_6MotionENS1_INS2_8RotationENS1_INS2_7TextureENS1_INS2_14ColorAnimationENS_6StNULLEEEEEEEEEEEE23EmitterAffectToParticleEPNS_6VectorEPNS_16IParticleEmitter13MatrixContextEf	Aska::ParticleEmitter<Aska::FeatureList<Aska::ParticleFeatures::Speed, Aska::FeatureList<Aska::ParticleFeatures::Motion, Aska::FeatureList<Aska::ParticleFeatures::Rotation, Aska::FeatureList<Aska::ParticleFeatures::Texture, Aska::FeatureList<Aska::ParticleFeatures::ColorAnimation, Aska::StNULL> > > > > >::EmitterAffectToParticle(Aska::Vector*, Aska::IParticleEmitter::MatrixContext*, float)	emitter	decompiled	
0x24d59e4	0x25d59e4	616	_ZN4Aska24ParticleRenderableObjectINS_11FeatureListINS_16ParticleFeatures5SpeedENS1_INS2_6MotionENS1_INS2_8RotationENS1_INS2_7TextureENS1_INS2_14ColorAnimationENS_6StNULLEEEEEEEEEEEE15RenderProcedureEfPNS_16IParticleEmitter13MatrixContextEb	Aska::ParticleRenderableObject<Aska::FeatureList<Aska::ParticleFeatures::Speed, Aska::FeatureList<Aska::ParticleFeatures::Motion, Aska::FeatureList<Aska::ParticleFeatures::Rotation, Aska::FeatureList<Aska::ParticleFeatures::Texture, Aska::FeatureList<Aska::ParticleFeatures::ColorAnimation, Aska::StNULL> > > > > >::RenderProcedure(float, Aska::IParticleEmitter::MatrixContext*, bool)	emitter	decompiled	
0x24d7494	0x25d7494	492	_ZN4Aska15ParticleManager14CreateParticleINS_11FeatureListINS_16ParticleFeatures5SpeedENS2_INS3_6MotionENS2_INS3_8RotationENS2_INS3_7TextureENS2_INS3_14ColorAnimationENS2_INS3_9LifeLimitENS2_INS3_4LineENS2_INS3_8DynamicsENS2_INS_24ParticleDynamicsFeatures8DynamicsENS_6StNULLEEEEEEEEEEEEEEEEEEEEEPNS_15ParticleEmitterIT_EEPKNS_3AFF18AsfParticleEmitterE	Aska::ParticleEmitter<Aska::FeatureList<Aska::ParticleFeatures::Speed, Aska::FeatureList<Aska::ParticleFeatures::Motion, Aska::FeatureList<Aska::ParticleFeatures::Rotation, Aska::FeatureList<Aska::ParticleFeatures::Texture, Aska::FeatureList<Aska::ParticleFeatures::ColorAnimation, Aska::FeatureList<Aska::ParticleFeatures::LifeLimit, Aska::FeatureList<Aska::ParticleFeatures::Line, Aska::FeatureList<Aska::ParticleFeatures::Dynamics, Aska::FeatureList<Aska::ParticleDynamicsFeatures::Dynamics, Aska::StNULL> > > > > > > > > >* Aska::ParticleManager::CreateParticle<Aska::FeatureList<Aska::ParticleFeatures::Speed, Aska::FeatureList<Aska::ParticleFeatures::Motion, Aska::FeatureList<Aska::ParticleFeatures::Rotation, Aska::FeatureList<Aska::ParticleFeatures::Texture, Aska::FeatureList<Aska::ParticleFeatures::ColorAnimation, Aska::FeatureList<Aska::ParticleFeatures::LifeLimit, Aska::FeatureList<Aska::ParticleFeatures::Line, Aska::FeatureList<Aska::ParticleFeatures::Dynamics, Aska::FeatureList<Aska::ParticleDynamicsFeatures::Dynamics, Aska::StNULL> > > > > > > > > >(Aska::AFF::AsfParticleEmitter const*)	manager	decompiled	
0x24d7680	0x25d7680	460	_ZN4Aska15ParticleManager14CreateParticleINS_11FeatureListINS_16ParticleFeatures5SpeedENS2_INS3_6MotionENS2_INS3_8RotationENS2_INS3_7TextureENS2_INS3_14ColorAnimationENS2_INS3_9LifeLimitENS2_INS3_8DynamicsENS2_INS_24ParticleDynamicsFeatures8DynamicsENS_6StNULLEEEEEEEEEEEEEEEEEEEPNS_15ParticleEmitterIT_EEPKNS_3AFF18AsfParticleEmitterE	Aska::ParticleEmitter<Aska::FeatureList<Aska::ParticleFeatures::Speed, Aska::FeatureList<Aska::ParticleFeatures::Motion, Aska::FeatureList<Aska::ParticleFeatures::Rotation, Aska::FeatureList<Aska::ParticleFeatures::Texture, Aska::FeatureList<Aska::ParticleFeatures::ColorAnimation, Aska::FeatureList<Aska::ParticleFeatures::LifeLimit, Aska::FeatureList<Aska::ParticleFeatures::Dynamics, Aska::FeatureList<Aska::ParticleDynamicsFeatures::Dynamics, Aska::StNULL> > > > > > > > >* Aska::ParticleManager::CreateParticle<Aska::FeatureList<Aska::ParticleFeatures::Speed, Aska::FeatureList<Aska::ParticleFeatures::Motion, Aska::FeatureList<Aska::ParticleFeatures::Rotation, Aska::FeatureList<Aska::ParticleFeatures::Texture, Aska::FeatureList<Aska::ParticleFeatures::ColorAnimation, Aska::FeatureList<Aska::ParticleFeatures::LifeLimit, Aska::FeatureList<Aska::ParticleFeatures::Dynamics, Aska::FeatureList<Aska::ParticleDynamicsFeatures::Dynamics, Aska::StNULL> > > > > > > > >(Aska::AFF::AsfParticleEmitter const*)	manager	decompiled	
0x24d784c	0x25d784c	480	_ZN4Aska15ParticleManager14CreateParticleINS_11FeatureListINS_16ParticleFeatures5SpeedENS2_INS3_6MotionENS2_INS3_8RotationENS2_INS3_7TextureENS2_INS3_14ColorAnimationENS2_INS3_4LineENS2_INS3_8DynamicsENS2_INS_24ParticleDynamicsFeatures8DynamicsENS_6StNULLEEEEEEEEEEEEEEEEEEEPNS_15ParticleEmitterIT_EEPKNS_3AFF18AsfParticleEmitterE	Aska::ParticleEmitter<Aska::FeatureList<Aska::ParticleFeatures::Speed, Aska::FeatureList<Aska::ParticleFeatures::Motion, Aska::FeatureList<Aska::ParticleFeatures::Rotation, Aska::FeatureList<Aska::ParticleFeatures::Texture, Aska::FeatureList<Aska::ParticleFeatures::ColorAnimation, Aska::FeatureList<Aska::ParticleFeatures::Line, Aska::FeatureList<Aska::ParticleFeatures::Dynamics, Aska::FeatureList<Aska::ParticleDynamicsFeatures::Dynamics, Aska::StNULL> > > > > > > > >* Aska::ParticleManager::CreateParticle<Aska::FeatureList<Aska::ParticleFeatures::Speed, Aska::FeatureList<Aska::ParticleFeatures::Motion, Aska::FeatureList<Aska::ParticleFeatures::Rotation, Aska::FeatureList<Aska::ParticleFeatures::Texture, Aska::FeatureList<Aska::ParticleFeatures::ColorAnimation, Aska::FeatureList<Aska::ParticleFeatures::Line, Aska::FeatureList<Aska::ParticleFeatures::Dynamics, Aska::FeatureList<Aska::ParticleDynamicsFeatures::Dynamics, Aska::StNULL> > > > > > > > >(Aska::AFF::AsfParticleEmitter const*)	manager	decompiled	
0x24d7a2c	0x25d7a2c	448	_ZN4Aska15ParticleManager14CreateParticleINS_11FeatureListINS_16ParticleFeatures5SpeedENS2_INS3_6MotionENS2_INS3_8RotationENS2_INS3_7TextureENS2_INS3_14ColorAnimationENS2_INS3_8DynamicsENS2_INS_24ParticleDynamicsFeatures8DynamicsENS_6StNULLEEEEEEEEEEEEEEEEEPNS_15ParticleEmitterIT_EEPKNS_3AFF18AsfParticleEmitterE	Aska::ParticleEmitter<Aska::FeatureList<Aska::ParticleFeatures::Speed, Aska::FeatureList<Aska::ParticleFeatures::Motion, Aska::FeatureList<Aska::ParticleFeatures::Rotation, Aska::FeatureList<Aska::ParticleFeatures::Texture, Aska::FeatureList<Aska::ParticleFeatures::ColorAnimation, Aska::FeatureList<Aska::ParticleFeatures::Dynamics, Aska::FeatureList<Aska::ParticleDynamicsFeatures::Dynamics, Aska::StNULL> > > > > > > >* Aska::ParticleManager::CreateParticle<Aska::FeatureList<Aska::ParticleFeatures::Speed, Aska::FeatureList<Aska::ParticleFeatures::Motion, Aska::FeatureList<Aska::ParticleFeatures::Rotation, Aska::FeatureList<Aska::ParticleFeatures::Texture, Aska::FeatureList<Aska::ParticleFeatures::ColorAnimation, Aska::FeatureList<Aska::ParticleFeatures::Dynamics, Aska::FeatureList<Aska::ParticleDynamicsFeatures::Dynamics, Aska::StNULL> > > > > > > >(Aska::AFF::AsfParticleEmitter const*)	manager	decompiled	
0x24d91a0	0x25d91a0	480	_ZN4Aska15ParticleEmitterINS_11FeatureListINS_16ParticleFeatures5SpeedENS1_INS2_6MotionENS1_INS2_8RotationENS1_INS2_7TextureENS1_INS2_14ColorAnimationENS1_INS2_9LifeLimitENS1_INS2_4LineENS1_INS2_8DynamicsENS1_INS_24ParticleDynamicsFeatures8DynamicsENS_6StNULLEEEEEEEEEEEEEEEEEEEE8EmitLinkEiPNS_16IParticleEmitter11EmitContextE	Aska::ParticleEmitter<Aska::FeatureList<Aska::ParticleFeatures::Speed, Aska::FeatureList<Aska::ParticleFeatures::Motion, Aska::FeatureList<Aska::ParticleFeatures::Rotation, Aska::FeatureList<Aska::ParticleFeatures::Texture, Aska::FeatureList<Aska::ParticleFeatures::ColorAnimation, Aska::FeatureList<Aska::ParticleFeatures::LifeLimit, Aska::FeatureList<Aska::ParticleFeatures::Line, Aska::FeatureList<Aska::ParticleFeatures::Dynamics, Aska::FeatureList<Aska::ParticleDynamicsFeatures::Dynamics, Aska::StNULL> > > > > > > > > >::EmitLink(int, Aska::IParticleEmitter::EmitContext*)	emitter	decompiled	
0x24d94c8	0x25d94c8	7960	_ZN4Aska15ParticleEmitterINS_11FeatureListINS_16ParticleFeatures5SpeedENS1_INS2_6MotionENS1_INS2_8RotationENS1_INS2_7TextureENS1_INS2_14ColorAnimationENS1_INS2_9LifeLimitENS1_INS2_4LineENS1_INS2_8DynamicsENS1_INS_24ParticleDynamicsFeatures8DynamicsENS_6StNULLEEEEEEEEEEEEEEEEEEEE4EmitEiPNS_16IParticleEmitter11EmitContextEPKNSO_13MatrixContextE	Aska::ParticleEmitter<Aska::FeatureList<Aska::ParticleFeatures::Speed, Aska::FeatureList<Aska::ParticleFeatures::Motion, Aska::FeatureList<Aska::ParticleFeatures::Rotation, Aska::FeatureList<Aska::ParticleFeatures::Texture, Aska::FeatureList<Aska::ParticleFeatures::ColorAnimation, Aska::FeatureList<Aska::ParticleFeatures::LifeLimit, Aska::FeatureList<Aska::ParticleFeatures::Line, Aska::FeatureList<Aska::ParticleFeatures::Dynamics, Aska::FeatureList<Aska::ParticleDynamicsFeatures::Dynamics, Aska::StNULL> > > > > > > > > >::Emit(int, Aska::IParticleEmitter::EmitContext*, Aska::IParticleEmitter::MatrixContext const*)	emitter	decompiled	
0x24dc3e0	0x25dc3e0	4860	_ZN4Aska15ParticleEmitterINS_11FeatureListINS_16ParticleFeatures5SpeedENS1_INS2_6MotionENS1_INS2_8RotationENS1_INS2_7TextureENS1_INS2_14ColorAnimationENS1_INS2_9LifeLimitENS1_INS2_4LineENS1_INS2_8DynamicsENS1_INS_24ParticleDynamicsFeatures8DynamicsENS_6StNULLEEEEEEEEEEEEEEEEEEEE10EmitMotionEPNS_15ParticleElementISM_EEPKNS_16IParticleEmitter11EmitContextEPSS_9StBooleanILb1EE	Aska::ParticleEmitter<Aska::FeatureList<Aska::ParticleFeatures::Speed, Aska::FeatureList<Aska::ParticleFeatures::Motion, Aska::FeatureList<Aska::ParticleFeatures::Rotation, Aska::FeatureList<Aska::ParticleFeatures::Texture, Aska::FeatureList<Aska::ParticleFeatures::ColorAnimation, Aska::FeatureList<Aska::ParticleFeatures::LifeLimit, Aska::FeatureList<Aska::ParticleFeatures::Line, Aska::FeatureList<Aska::ParticleFeatures::Dynamics, Aska::FeatureList<Aska::ParticleDynamicsFeatures::Dynamics, Aska::StNULL> > > > > > > > > >::EmitMotion(Aska::ParticleElement<Aska::FeatureList<Aska::ParticleFeatures::Speed, Aska::FeatureList<Aska::ParticleFeatures::Motion, Aska::FeatureList<Aska::ParticleFeatures::Rotation, Aska::FeatureList<Aska::ParticleFeatures::Texture, Aska::FeatureList<Aska::ParticleFeatures::ColorAnimation, Aska::FeatureList<Aska::ParticleFeatures::LifeLimit, Aska::FeatureList<Aska::ParticleFeatures::Line, Aska::FeatureList<Aska::ParticleFeatures::Dynamics, Aska::FeatureList<Aska::ParticleDynamicsFeatures::Dynamics, Aska::StNULL> > > > > > > > > >*, Aska::IParticleEmitter::EmitContext const*, Aska::IParticleEmitter::EmitContext*, StBoolean<true>)	emitter	decompiled	
0x24dd6dc	0x25dd6dc	2012	_ZN4Aska15ParticleEmitterINS_11FeatureListINS_16ParticleFeatures5SpeedENS1_INS2_6MotionENS1_INS2_8RotationENS1_INS2_7TextureENS1_INS2_14ColorAnimationENS1_INS2_9LifeLimitENS1_INS2_4LineENS1_INS2_8DynamicsENS1_INS_24ParticleDynamicsFeatures8DynamicsENS_6StNULLEEEEEEEEEEEEEEEEEEEE12EmitRotationEPNS_15ParticleElementISM_EEPKNS_16IParticleEmitter11EmitContextEPSS_9StBooleanILb1EE	Aska::ParticleEmitter<Aska::FeatureList<Aska::ParticleFeatures::Speed, Aska::FeatureList<Aska::ParticleFeatures::Motion, Aska::FeatureList<Aska::ParticleFeatures::Rotation, Aska::FeatureList<Aska::ParticleFeatures::Texture, Aska::FeatureList<Aska::ParticleFeatures::ColorAnimation, Aska::FeatureList<Aska::ParticleFeatures::LifeLimit, Aska::FeatureList<Aska::ParticleFeatures::Line, Aska::FeatureList<Aska::ParticleFeatures::Dynamics, Aska::FeatureList<Aska::ParticleDynamicsFeatures::Dynamics, Aska::StNULL> > > > > > > > > >::EmitRotation(Aska::ParticleElement<Aska::FeatureList<Aska::ParticleFeatures::Speed, Aska::FeatureList<Aska::ParticleFeatures::Motion, Aska::FeatureList<Aska::ParticleFeatures::Rotation, Aska::FeatureList<Aska::ParticleFeatures::Texture, Aska::FeatureList<Aska::ParticleFeatures::ColorAnimation, Aska::FeatureList<Aska::ParticleFeatures::LifeLimit, Aska::FeatureList<Aska::ParticleFeatures::Line, Aska::FeatureList<Aska::ParticleFeatures::Dynamics, Aska::FeatureList<Aska::ParticleDynamicsFeatures::Dynamics, Aska::StNULL> > > > > > > > > >*, Aska::IParticleEmitter::EmitContext const*, Aska::IParticleEmitter::EmitContext*, StBoolean<true>)	emitter	decompiled	
0x24de7f8	0x25de7f8	484	_ZN4Aska15ParticleEmitterINS_11FeatureListINS_16ParticleFeatures5SpeedENS1_INS2_6MotionENS1_INS2_8RotationENS1_INS2_7TextureENS1_INS2_14ColorAnimationENS1_INS2_9LifeLimitENS1_INS2_4LineENS1_INS2_8DynamicsENS1_INS_24ParticleDynamicsFeatures8DynamicsENS_6StNULLEEEEEEEEEEEEEEEEEEEE26LineSpeedAffectionRotationEPNS_15ParticleElementISM_EEPKNS_16IParticleEmitter11EmitContextEPNS_6VectorE9StBooleanILb1EE	Aska::ParticleEmitter<Aska::FeatureList<Aska::ParticleFeatures::Speed, Aska::FeatureList<Aska::ParticleFeatures::Motion, Aska::FeatureList<Aska::ParticleFeatures::Rotation, Aska::FeatureList<Aska::ParticleFeatures::Texture, Aska::FeatureList<Aska::ParticleFeatures::ColorAnimation, Aska::FeatureList<Aska::ParticleFeatures::LifeLimit, Aska::FeatureList<Aska::ParticleFeatures::Line, Aska::FeatureList<Aska::ParticleFeatures::Dynamics, Aska::FeatureList<Aska::ParticleDynamicsFeatures::Dynamics, Aska::StNULL> > > > > > > > > >::LineSpeedAffectionRotation(Aska::ParticleElement<Aska::FeatureList<Aska::ParticleFeatures::Speed, Aska::FeatureList<Aska::ParticleFeatures::Motion, Aska::FeatureList<Aska::ParticleFeatures::Rotation, Aska::FeatureList<Aska::ParticleFeatures::Texture, Aska::FeatureList<Aska::ParticleFeatures::ColorAnimation, Aska::FeatureList<Aska::ParticleFeatures::LifeLimit, Aska::FeatureList<Aska::ParticleFeatures::Line, Aska::FeatureList<Aska::ParticleFeatures::Dynamics, Aska::FeatureList<Aska::ParticleDynamicsFeatures::Dynamics, Aska::StNULL> > > > > > > > > >*, Aska::IParticleEmitter::EmitContext const*, Aska::Vector*, StBoolean<true>)	emitter	decompiled	
0x24df05c	0x25df05c	1020	_ZN4Aska15ParticleEmitterINS_11FeatureListINS_16ParticleFeatures5SpeedENS1_INS2_6MotionENS1_INS2_8RotationENS1_INS2_7TextureENS1_INS2_14ColorAnimationENS1_INS2_9LifeLimitENS1_INS2_4LineENS1_INS2_8DynamicsENS1_INS_24ParticleDynamicsFeatures8DynamicsENS_6StNULLEEEEEEEEEEEEEEEEEEEE8SimulateEf	Aska::ParticleEmitter<Aska::FeatureList<Aska::ParticleFeatures::Speed, Aska::FeatureList<Aska::ParticleFeatures::Motion, Aska::FeatureList<Aska::ParticleFeatures::Rotation, Aska::FeatureList<Aska::ParticleFeatures::Texture, Aska::FeatureList<Aska::ParticleFeatures::ColorAnimation, Aska::FeatureList<Aska::ParticleFeatures::LifeLimit, Aska::FeatureList<Aska::ParticleFeatures::Line, Aska::FeatureList<Aska::ParticleFeatures::Dynamics, Aska::FeatureList<Aska::ParticleDynamicsFeatures::Dynamics, Aska::StNULL> > > > > > > > > >::Simulate(float)	simulate	native	
0x24df458	0x25df458	516	_ZN4Aska15ParticleEmitterINS_11FeatureListINS_16ParticleFeatures5SpeedENS1_INS2_6MotionENS1_INS2_8RotationENS1_INS2_7TextureENS1_INS2_14ColorAnimationENS1_INS2_9LifeLimitENS1_INS2_4LineENS1_INS2_8DynamicsENS1_INS_24ParticleDynamicsFeatures8DynamicsENS_6StNULLEEEEEEEEEEEEEEEEEEEE23EmitterAffectToParticleEPNS_6VectorEPNS_16IParticleEmitter13MatrixContextEf	Aska::ParticleEmitter<Aska::FeatureList<Aska::ParticleFeatures::Speed, Aska::FeatureList<Aska::ParticleFeatures::Motion, Aska::FeatureList<Aska::ParticleFeatures::Rotation, Aska::FeatureList<Aska::ParticleFeatures::Texture, Aska::FeatureList<Aska::ParticleFeatures::ColorAnimation, Aska::FeatureList<Aska::ParticleFeatures::LifeLimit, Aska::FeatureList<Aska::ParticleFeatures::Line, Aska::FeatureList<Aska::ParticleFeatures::Dynamics, Aska::FeatureList<Aska::ParticleDynamicsFeatures::Dynamics, Aska::StNULL> > > > > > > > > >::EmitterAffectToParticle(Aska::Vector*, Aska::IParticleEmitter::MatrixContext*, float)	emitter	decompiled	
0x24df65c	0x25df65c	632	_ZN4Aska24ParticleRenderableObjectINS_11FeatureListINS_16ParticleFeatures5SpeedENS1_INS2_6MotionENS1_INS2_8RotationENS1_INS2_7TextureENS1_INS2_14ColorAnimationENS1_INS2_9LifeLimitENS1_INS2_4LineENS1_INS2_8DynamicsENS1_INS_24ParticleDynamicsFeatures8DynamicsENS_6StNULLEEEEEEEEEEEEEEEEEEEE15RenderProcedureEfPNS_16IParticleEmitter13MatrixContextEb	Aska::ParticleRenderableObject<Aska::FeatureList<Aska::ParticleFeatures::Speed, Aska::FeatureList<Aska::ParticleFeatures::Motion, Aska::FeatureList<Aska::ParticleFeatures::Rotation, Aska::FeatureList<Aska::ParticleFeatures::Texture, Aska::FeatureList<Aska::ParticleFeatures::ColorAnimation, Aska::FeatureList<Aska::ParticleFeatures::LifeLimit, Aska::FeatureList<Aska::ParticleFeatures::Line, Aska::FeatureList<Aska::ParticleFeatures::Dynamics, Aska::FeatureList<Aska::ParticleDynamicsFeatures::Dynamics, Aska::StNULL> > > > > > > > > >::RenderProcedure(float, Aska::IParticleEmitter::MatrixContext*, bool)	emitter	decompiled	
0x24e304c	0x25e304c	480	_ZN4Aska15ParticleEmitterINS_11FeatureListINS_16ParticleFeatures5SpeedENS1_INS2_6MotionENS1_INS2_8RotationENS1_INS2_7TextureENS1_INS2_14ColorAnimationENS1_INS2_9LifeLimitENS1_INS2_8DynamicsENS1_INS_24ParticleDynamicsFeatures8DynamicsENS_6StNULLEEEEEEEEEEEEEEEEEE8EmitLinkEiPNS_16IParticleEmitter11EmitContextE	Aska::ParticleEmitter<Aska::FeatureList<Aska::ParticleFeatures::Speed, Aska::FeatureList<Aska::ParticleFeatures::Motion, Aska::FeatureList<Aska::ParticleFeatures::Rotation, Aska::FeatureList<Aska::ParticleFeatures::Texture, Aska::FeatureList<Aska::ParticleFeatures::ColorAnimation, Aska::FeatureList<Aska::ParticleFeatures::LifeLimit, Aska::FeatureList<Aska::ParticleFeatures::Dynamics, Aska::FeatureList<Aska::ParticleDynamicsFeatures::Dynamics, Aska::StNULL> > > > > > > > >::EmitLink(int, Aska::IParticleEmitter::EmitContext*)	emitter	decompiled	
0x24e3374	0x25e3374	8468	_ZN4Aska15ParticleEmitterINS_11FeatureListINS_16ParticleFeatures5SpeedENS1_INS2_6MotionENS1_INS2_8RotationENS1_INS2_7TextureENS1_INS2_14ColorAnimationENS1_INS2_9LifeLimitENS1_INS2_8DynamicsENS1_INS_24ParticleDynamicsFeatures8DynamicsENS_6StNULLEEEEEEEEEEEEEEEEEE4EmitEiPNS_16IParticleEmitter11EmitContextEPKNSM_13MatrixContextE	Aska::ParticleEmitter<Aska::FeatureList<Aska::ParticleFeatures::Speed, Aska::FeatureList<Aska::ParticleFeatures::Motion, Aska::FeatureList<Aska::ParticleFeatures::Rotation, Aska::FeatureList<Aska::ParticleFeatures::Texture, Aska::FeatureList<Aska::ParticleFeatures::ColorAnimation, Aska::FeatureList<Aska::ParticleFeatures::LifeLimit, Aska::FeatureList<Aska::ParticleFeatures::Dynamics, Aska::FeatureList<Aska::ParticleDynamicsFeatures::Dynamics, Aska::StNULL> > > > > > > > >::Emit(int, Aska::IParticleEmitter::EmitContext*, Aska::IParticleEmitter::MatrixContext const*)	emitter	decompiled	
0x24e5488	0x25e5488	4860	_ZN4Aska15ParticleEmitterINS_11FeatureListINS_16ParticleFeatures5SpeedENS1_INS2_6MotionENS1_INS2_8RotationENS1_INS2_7TextureENS1_INS2_14ColorAnimationENS1_INS2_9LifeLimitENS1_INS2_8DynamicsENS1_INS_24ParticleDynamicsFeatures8DynamicsENS_6StNULLEEEEEEEEEEEEEEEEEE10EmitMotionEPNS_15ParticleElementISK_EEPKNS_16IParticleEmitter11EmitContextEPSQ_9StBooleanILb1EE	Aska::ParticleEmitter<Aska::FeatureList<Aska::ParticleFeatures::Speed, Aska::FeatureList<Aska::ParticleFeatures::Motion, Aska::FeatureList<Aska::ParticleFeatures::Rotation, Aska::FeatureList<Aska::ParticleFeatures::Texture, Aska::FeatureList<Aska::ParticleFeatures::ColorAnimation, Aska::FeatureList<Aska::ParticleFeatures::LifeLimit, Aska::FeatureList<Aska::ParticleFeatures::Dynamics, Aska::FeatureList<Aska::ParticleDynamicsFeatures::Dynamics, Aska::StNULL> > > > > > > > >::EmitMotion(Aska::ParticleElement<Aska::FeatureList<Aska::ParticleFeatures::Speed, Aska::FeatureList<Aska::ParticleFeatures::Motion, Aska::FeatureList<Aska::ParticleFeatures::Rotation, Aska::FeatureList<Aska::ParticleFeatures::Texture, Aska::FeatureList<Aska::ParticleFeatures::ColorAnimation, Aska::FeatureList<Aska::ParticleFeatures::LifeLimit, Aska::FeatureList<Aska::ParticleFeatures::Dynamics, Aska::FeatureList<Aska::ParticleDynamicsFeatures::Dynamics, Aska::StNULL> > > > > > > > >*, Aska::IParticleEmitter::EmitContext const*, Aska::IParticleEmitter::EmitContext*, StBoolean<true>)	emitter	decompiled	
0x24e6784	0x25e6784	2012	_ZN4Aska15ParticleEmitterINS_11FeatureListINS_16ParticleFeatures5SpeedENS1_INS2_6MotionENS1_INS2_8RotationENS1_INS2_7TextureENS1_INS2_14ColorAnimationENS1_INS2_9LifeLimitENS1_INS2_8DynamicsENS1_INS_24ParticleDynamicsFeatures8DynamicsENS_6StNULLEEEEEEEEEEEEEEEEEE12EmitRotationEPNS_15ParticleElementISK_EEPKNS_16IParticleEmitter11EmitContextEPSQ_9StBooleanILb1EE	Aska::ParticleEmitter<Aska::FeatureList<Aska::ParticleFeatures::Speed, Aska::FeatureList<Aska::ParticleFeatures::Motion, Aska::FeatureList<Aska::ParticleFeatures::Rotation, Aska::FeatureList<Aska::ParticleFeatures::Texture, Aska::FeatureList<Aska::ParticleFeatures::ColorAnimation, Aska::FeatureList<Aska::ParticleFeatures::LifeLimit, Aska::FeatureList<Aska::ParticleFeatures::Dynamics, Aska::FeatureList<Aska::ParticleDynamicsFeatures::Dynamics, Aska::StNULL> > > > > > > > >::EmitRotation(Aska::ParticleElement<Aska::FeatureList<Aska::ParticleFeatures::Speed, Aska::FeatureList<Aska::ParticleFeatures::Motion, Aska::FeatureList<Aska::ParticleFeatures::Rotation, Aska::FeatureList<Aska::ParticleFeatures::Texture, Aska::FeatureList<Aska::ParticleFeatures::ColorAnimation, Aska::FeatureList<Aska::ParticleFeatures::LifeLimit, Aska::FeatureList<Aska::ParticleFeatures::Dynamics, Aska::FeatureList<Aska::ParticleDynamicsFeatures::Dynamics, Aska::StNULL> > > > > > > > >*, Aska::IParticleEmitter::EmitContext const*, Aska::IParticleEmitter::EmitContext*, StBoolean<true>)	emitter	decompiled	
0x24e78a0	0x25e78a0	484	_ZN4Aska15ParticleEmitterINS_11FeatureListINS_16ParticleFeatures5SpeedENS1_INS2_6MotionENS1_INS2_8RotationENS1_INS2_7TextureENS1_INS2_14ColorAnimationENS1_INS2_9LifeLimitENS1_INS2_8DynamicsENS1_INS_24ParticleDynamicsFeatures8DynamicsENS_6StNULLEEEEEEEEEEEEEEEEEE26LineSpeedAffectionRotationEPNS_15ParticleElementISK_EEPKNS_16IParticleEmitter11EmitContextEPNS_6VectorE9StBooleanILb1EE	Aska::ParticleEmitter<Aska::FeatureList<Aska::ParticleFeatures::Speed, Aska::FeatureList<Aska::ParticleFeatures::Motion, Aska::FeatureList<Aska::ParticleFeatures::Rotation, Aska::FeatureList<Aska::ParticleFeatures::Texture, Aska::FeatureList<Aska::ParticleFeatures::ColorAnimation, Aska::FeatureList<Aska::ParticleFeatures::LifeLimit, Aska::FeatureList<Aska::ParticleFeatures::Dynamics, Aska::FeatureList<Aska::ParticleDynamicsFeatures::Dynamics, Aska::StNULL> > > > > > > > >::LineSpeedAffectionRotation(Aska::ParticleElement<Aska::FeatureList<Aska::ParticleFeatures::Speed, Aska::FeatureList<Aska::ParticleFeatures::Motion, Aska::FeatureList<Aska::ParticleFeatures::Rotation, Aska::FeatureList<Aska::ParticleFeatures::Texture, Aska::FeatureList<Aska::ParticleFeatures::ColorAnimation, Aska::FeatureList<Aska::ParticleFeatures::LifeLimit, Aska::FeatureList<Aska::ParticleFeatures::Dynamics, Aska::FeatureList<Aska::ParticleDynamicsFeatures::Dynamics, Aska::StNULL> > > > > > > > >*, Aska::IParticleEmitter::EmitContext const*, Aska::Vector*, StBoolean<true>)	emitter	decompiled	
0x24e7fdc	0x25e7fdc	1020	_ZN4Aska15ParticleEmitterINS_11FeatureListINS_16ParticleFeatures5SpeedENS1_INS2_6MotionENS1_INS2_8RotationENS1_INS2_7TextureENS1_INS2_14ColorAnimationENS1_INS2_9LifeLimitENS1_INS2_8DynamicsENS1_INS_24ParticleDynamicsFeatures8DynamicsENS_6StNULLEEEEEEEEEEEEEEEEEE8SimulateEf	Aska::ParticleEmitter<Aska::FeatureList<Aska::ParticleFeatures::Speed, Aska::FeatureList<Aska::ParticleFeatures::Motion, Aska::FeatureList<Aska::ParticleFeatures::Rotation, Aska::FeatureList<Aska::ParticleFeatures::Texture, Aska::FeatureList<Aska::ParticleFeatures::ColorAnimation, Aska::FeatureList<Aska::ParticleFeatures::LifeLimit, Aska::FeatureList<Aska::ParticleFeatures::Dynamics, Aska::FeatureList<Aska::ParticleDynamicsFeatures::Dynamics, Aska::StNULL> > > > > > > > >::Simulate(float)	simulate	native	
0x24e83d8	0x25e83d8	516	_ZN4Aska15ParticleEmitterINS_11FeatureListINS_16ParticleFeatures5SpeedENS1_INS2_6MotionENS1_INS2_8RotationENS1_INS2_7TextureENS1_INS2_14ColorAnimationENS1_INS2_9LifeLimitENS1_INS2_8DynamicsENS1_INS_24ParticleDynamicsFeatures8DynamicsENS_6StNULLEEEEEEEEEEEEEEEEEE23EmitterAffectToParticleEPNS_6VectorEPNS_16IParticleEmitter13MatrixContextEf	Aska::ParticleEmitter<Aska::FeatureList<Aska::ParticleFeatures::Speed, Aska::FeatureList<Aska::ParticleFeatures::Motion, Aska::FeatureList<Aska::ParticleFeatures::Rotation, Aska::FeatureList<Aska::ParticleFeatures::Texture, Aska::FeatureList<Aska::ParticleFeatures::ColorAnimation, Aska::FeatureList<Aska::ParticleFeatures::LifeLimit, Aska::FeatureList<Aska::ParticleFeatures::Dynamics, Aska::FeatureList<Aska::ParticleDynamicsFeatures::Dynamics, Aska::StNULL> > > > > > > > >::EmitterAffectToParticle(Aska::Vector*, Aska::IParticleEmitter::MatrixContext*, float)	emitter	decompiled	
0x24e85dc	0x25e85dc	632	_ZN4Aska24ParticleRenderableObjectINS_11FeatureListINS_16ParticleFeatures5SpeedENS1_INS2_6MotionENS1_INS2_8RotationENS1_INS2_7TextureENS1_INS2_14ColorAnimationENS1_INS2_9LifeLimitENS1_INS2_8DynamicsENS1_INS_24ParticleDynamicsFeatures8DynamicsENS_6StNULLEEEEEEEEEEEEEEEEEE15RenderProcedureEfPNS_16IParticleEmitter13MatrixContextEb	Aska::ParticleRenderableObject<Aska::FeatureList<Aska::ParticleFeatures::Speed, Aska::FeatureList<Aska::ParticleFeatures::Motion, Aska::FeatureList<Aska::ParticleFeatures::Rotation, Aska::FeatureList<Aska::ParticleFeatures::Texture, Aska::FeatureList<Aska::ParticleFeatures::ColorAnimation, Aska::FeatureList<Aska::ParticleFeatures::LifeLimit, Aska::FeatureList<Aska::ParticleFeatures::Dynamics, Aska::FeatureList<Aska::ParticleDynamicsFeatures::Dynamics, Aska::StNULL> > > > > > > > >::RenderProcedure(float, Aska::IParticleEmitter::MatrixContext*, bool)	emitter	decompiled	
0x24ec030	0x25ec030	480	_ZN4Aska15ParticleEmitterINS_11FeatureListINS_16ParticleFeatures5SpeedENS1_INS2_6MotionENS1_INS2_8RotationENS1_INS2_7TextureENS1_INS2_14ColorAnimationENS1_INS2_4LineENS1_INS2_8DynamicsENS1_INS_24ParticleDynamicsFeatures8DynamicsENS_6StNULLEEEEEEEEEEEEEEEEEE8EmitLinkEiPNS_16IParticleEmitter11EmitContextE	Aska::ParticleEmitter<Aska::FeatureList<Aska::ParticleFeatures::Speed, Aska::FeatureList<Aska::ParticleFeatures::Motion, Aska::FeatureList<Aska::ParticleFeatures::Rotation, Aska::FeatureList<Aska::ParticleFeatures::Texture, Aska::FeatureList<Aska::ParticleFeatures::ColorAnimation, Aska::FeatureList<Aska::ParticleFeatures::Line, Aska::FeatureList<Aska::ParticleFeatures::Dynamics, Aska::FeatureList<Aska::ParticleDynamicsFeatures::Dynamics, Aska::StNULL> > > > > > > > >::EmitLink(int, Aska::IParticleEmitter::EmitContext*)	emitter	decompiled	
0x24ec358	0x25ec358	7952	_ZN4Aska15ParticleEmitterINS_11FeatureListINS_16ParticleFeatures5SpeedENS1_INS2_6MotionENS1_INS2_8RotationENS1_INS2_7TextureENS1_INS2_14ColorAnimationENS1_INS2_4LineENS1_INS2_8DynamicsENS1_INS_24ParticleDynamicsFeatures8DynamicsENS_6StNULLEEEEEEEEEEEEEEEEEE4EmitEiPNS_16IParticleEmitter11EmitContextEPKNSM_13MatrixContextE	Aska::ParticleEmitter<Aska::FeatureList<Aska::ParticleFeatures::Speed, Aska::FeatureList<Aska::ParticleFeatures::Motion, Aska::FeatureList<Aska::ParticleFeatures::Rotation, Aska::FeatureList<Aska::ParticleFeatures::Texture, Aska::FeatureList<Aska::ParticleFeatures::ColorAnimation, Aska::FeatureList<Aska::ParticleFeatures::Line, Aska::FeatureList<Aska::ParticleFeatures::Dynamics, Aska::FeatureList<Aska::ParticleDynamicsFeatures::Dynamics, Aska::StNULL> > > > > > > > >::Emit(int, Aska::IParticleEmitter::EmitContext*, Aska::IParticleEmitter::MatrixContext const*)	emitter	decompiled	
0x24ee268	0x25ee268	4860	_ZN4Aska15ParticleEmitterINS_11FeatureListINS_16ParticleFeatures5SpeedENS1_INS2_6MotionENS1_INS2_8RotationENS1_INS2_7TextureENS1_INS2_14ColorAnimationENS1_INS2_4LineENS1_INS2_8DynamicsENS1_INS_24ParticleDynamicsFeatures8DynamicsENS_6StNULLEEEEEEEEEEEEEEEEEE10EmitMotionEPNS_15ParticleElementISK_EEPKNS_16IParticleEmitter11EmitContextEPSQ_9StBooleanILb1EE	Aska::ParticleEmitter<Aska::FeatureList<Aska::ParticleFeatures::Speed, Aska::FeatureList<Aska::ParticleFeatures::Motion, Aska::FeatureList<Aska::ParticleFeatures::Rotation, Aska::FeatureList<Aska::ParticleFeatures::Texture, Aska::FeatureList<Aska::ParticleFeatures::ColorAnimation, Aska::FeatureList<Aska::ParticleFeatures::Line, Aska::FeatureList<Aska::ParticleFeatures::Dynamics, Aska::FeatureList<Aska::ParticleDynamicsFeatures::Dynamics, Aska::StNULL> > > > > > > > >::EmitMotion(Aska::ParticleElement<Aska::FeatureList<Aska::ParticleFeatures::Speed, Aska::FeatureList<Aska::ParticleFeatures::Motion, Aska::FeatureList<Aska::ParticleFeatures::Rotation, Aska::FeatureList<Aska::ParticleFeatures::Texture, Aska::FeatureList<Aska::ParticleFeatures::ColorAnimation, Aska::FeatureList<Aska::ParticleFeatures::Line, Aska::FeatureList<Aska::ParticleFeatures::Dynamics, Aska::FeatureList<Aska::ParticleDynamicsFeatures::Dynamics, Aska::StNULL> > > > > > > > >*, Aska::IParticleEmitter::EmitContext const*, Aska::IParticleEmitter::EmitContext*, StBoolean<true>)	emitter	decompiled	
0x24ef564	0x25ef564	2012	_ZN4Aska15ParticleEmitterINS_11FeatureListINS_16ParticleFeatures5SpeedENS1_INS2_6MotionENS1_INS2_8RotationENS1_INS2_7TextureENS1_INS2_14ColorAnimationENS1_INS2_4LineENS1_INS2_8DynamicsENS1_INS_24ParticleDynamicsFeatures8DynamicsENS_6StNULLEEEEEEEEEEEEEEEEEE12EmitRotationEPNS_15ParticleElementISK_EEPKNS_16IParticleEmitter11EmitContextEPSQ_9StBooleanILb1EE	Aska::ParticleEmitter<Aska::FeatureList<Aska::ParticleFeatures::Speed, Aska::FeatureList<Aska::ParticleFeatures::Motion, Aska::FeatureList<Aska::ParticleFeatures::Rotation, Aska::FeatureList<Aska::ParticleFeatures::Texture, Aska::FeatureList<Aska::ParticleFeatures::ColorAnimation, Aska::FeatureList<Aska::ParticleFeatures::Line, Aska::FeatureList<Aska::ParticleFeatures::Dynamics, Aska::FeatureList<Aska::ParticleDynamicsFeatures::Dynamics, Aska::StNULL> > > > > > > > >::EmitRotation(Aska::ParticleElement<Aska::FeatureList<Aska::ParticleFeatures::Speed, Aska::FeatureList<Aska::ParticleFeatures::Motion, Aska::FeatureList<Aska::ParticleFeatures::Rotation, Aska::FeatureList<Aska::ParticleFeatures::Texture, Aska::FeatureList<Aska::ParticleFeatures::ColorAnimation, Aska::FeatureList<Aska::ParticleFeatures::Line, Aska::FeatureList<Aska::ParticleFeatures::Dynamics, Aska::FeatureList<Aska::ParticleDynamicsFeatures::Dynamics, Aska::StNULL> > > > > > > > >*, Aska::IParticleEmitter::EmitContext const*, Aska::IParticleEmitter::EmitContext*, StBoolean<true>)	emitter	decompiled	
0x24f0680	0x25f0680	484	_ZN4Aska15ParticleEmitterINS_11FeatureListINS_16ParticleFeatures5SpeedENS1_INS2_6MotionENS1_INS2_8RotationENS1_INS2_7TextureENS1_INS2_14ColorAnimationENS1_INS2_4LineENS1_INS2_8DynamicsENS1_INS_24ParticleDynamicsFeatures8DynamicsENS_6StNULLEEEEEEEEEEEEEEEEEE26LineSpeedAffectionRotationEPNS_15ParticleElementISK_EEPKNS_16IParticleEmitter11EmitContextEPNS_6VectorE9StBooleanILb1EE	Aska::ParticleEmitter<Aska::FeatureList<Aska::ParticleFeatures::Speed, Aska::FeatureList<Aska::ParticleFeatures::Motion, Aska::FeatureList<Aska::ParticleFeatures::Rotation, Aska::FeatureList<Aska::ParticleFeatures::Texture, Aska::FeatureList<Aska::ParticleFeatures::ColorAnimation, Aska::FeatureList<Aska::ParticleFeatures::Line, Aska::FeatureList<Aska::ParticleFeatures::Dynamics, Aska::FeatureList<Aska::ParticleDynamicsFeatures::Dynamics, Aska::StNULL> > > > > > > > >::LineSpeedAffectionRotation(Aska::ParticleElement<Aska::FeatureList<Aska::ParticleFeatures::Speed, Aska::FeatureList<Aska::ParticleFeatures::Motion, Aska::FeatureList<Aska::ParticleFeatures::Rotation, Aska::FeatureList<Aska::ParticleFeatures::Texture, Aska::FeatureList<Aska::ParticleFeatures::ColorAnimation, Aska::FeatureList<Aska::ParticleFeatures::Line, Aska::FeatureList<Aska::ParticleFeatures::Dynamics, Aska::FeatureList<Aska::ParticleDynamicsFeatures::Dynamics, Aska::StNULL> > > > > > > > >*, Aska::IParticleEmitter::EmitContext const*, Aska::Vector*, StBoolean<true>)	emitter	decompiled	
0x24f0ee4	0x25f0ee4	1020	_ZN4Aska15ParticleEmitterINS_11FeatureListINS_16ParticleFeatures5SpeedENS1_INS2_6MotionENS1_INS2_8RotationENS1_INS2_7TextureENS1_INS2_14ColorAnimationENS1_INS2_4LineENS1_INS2_8DynamicsENS1_INS_24ParticleDynamicsFeatures8DynamicsENS_6StNULLEEEEEEEEEEEEEEEEEE8SimulateEf	Aska::ParticleEmitter<Aska::FeatureList<Aska::ParticleFeatures::Speed, Aska::FeatureList<Aska::ParticleFeatures::Motion, Aska::FeatureList<Aska::ParticleFeatures::Rotation, Aska::FeatureList<Aska::ParticleFeatures::Texture, Aska::FeatureList<Aska::ParticleFeatures::ColorAnimation, Aska::FeatureList<Aska::ParticleFeatures::Line, Aska::FeatureList<Aska::ParticleFeatures::Dynamics, Aska::FeatureList<Aska::ParticleDynamicsFeatures::Dynamics, Aska::StNULL> > > > > > > > >::Simulate(float)	simulate	native	
0x24f12e0	0x25f12e0	516	_ZN4Aska15ParticleEmitterINS_11FeatureListINS_16ParticleFeatures5SpeedENS1_INS2_6MotionENS1_INS2_8RotationENS1_INS2_7TextureENS1_INS2_14ColorAnimationENS1_INS2_4LineENS1_INS2_8DynamicsENS1_INS_24ParticleDynamicsFeatures8DynamicsENS_6StNULLEEEEEEEEEEEEEEEEEE23EmitterAffectToParticleEPNS_6VectorEPNS_16IParticleEmitter13MatrixContextEf	Aska::ParticleEmitter<Aska::FeatureList<Aska::ParticleFeatures::Speed, Aska::FeatureList<Aska::ParticleFeatures::Motion, Aska::FeatureList<Aska::ParticleFeatures::Rotation, Aska::FeatureList<Aska::ParticleFeatures::Texture, Aska::FeatureList<Aska::ParticleFeatures::ColorAnimation, Aska::FeatureList<Aska::ParticleFeatures::Line, Aska::FeatureList<Aska::ParticleFeatures::Dynamics, Aska::FeatureList<Aska::ParticleDynamicsFeatures::Dynamics, Aska::StNULL> > > > > > > > >::EmitterAffectToParticle(Aska::Vector*, Aska::IParticleEmitter::MatrixContext*, float)	emitter	decompiled	
0x24f14e4	0x25f14e4	632	_ZN4Aska24ParticleRenderableObjectINS_11FeatureListINS_16ParticleFeatures5SpeedENS1_INS2_6MotionENS1_INS2_8RotationENS1_INS2_7TextureENS1_INS2_14ColorAnimationENS1_INS2_4LineENS1_INS2_8DynamicsENS1_INS_24ParticleDynamicsFeatures8DynamicsENS_6StNULLEEEEEEEEEEEEEEEEEE15RenderProcedureEfPNS_16IParticleEmitter13MatrixContextEb	Aska::ParticleRenderableObject<Aska::FeatureList<Aska::ParticleFeatures::Speed, Aska::FeatureList<Aska::ParticleFeatures::Motion, Aska::FeatureList<Aska::ParticleFeatures::Rotation, Aska::FeatureList<Aska::ParticleFeatures::Texture, Aska::FeatureList<Aska::ParticleFeatures::ColorAnimation, Aska::FeatureList<Aska::ParticleFeatures::Line, Aska::FeatureList<Aska::ParticleFeatures::Dynamics, Aska::FeatureList<Aska::ParticleDynamicsFeatures::Dynamics, Aska::StNULL> > > > > > > > >::RenderProcedure(float, Aska::IParticleEmitter::MatrixContext*, bool)	emitter	decompiled	
0x24f4338	0x25f4338	480	_ZN4Aska15ParticleEmitterINS_11FeatureListINS_16ParticleFeatures5SpeedENS1_INS2_6MotionENS1_INS2_8RotationENS1_INS2_7TextureENS1_INS2_14ColorAnimationENS1_INS2_8DynamicsENS1_INS_24ParticleDynamicsFeatures8DynamicsENS_6StNULLEEEEEEEEEEEEEEEE8EmitLinkEiPNS_16IParticleEmitter11EmitContextE	Aska::ParticleEmitter<Aska::FeatureList<Aska::ParticleFeatures::Speed, Aska::FeatureList<Aska::ParticleFeatures::Motion, Aska::FeatureList<Aska::ParticleFeatures::Rotation, Aska::FeatureList<Aska::ParticleFeatures::Texture, Aska::FeatureList<Aska::ParticleFeatures::ColorAnimation, Aska::FeatureList<Aska::ParticleFeatures::Dynamics, Aska::FeatureList<Aska::ParticleDynamicsFeatures::Dynamics, Aska::StNULL> > > > > > > >::EmitLink(int, Aska::IParticleEmitter::EmitContext*)	emitter	decompiled	
0x24f4660	0x25f4660	8460	_ZN4Aska15ParticleEmitterINS_11FeatureListINS_16ParticleFeatures5SpeedENS1_INS2_6MotionENS1_INS2_8RotationENS1_INS2_7TextureENS1_INS2_14ColorAnimationENS1_INS2_8DynamicsENS1_INS_24ParticleDynamicsFeatures8DynamicsENS_6StNULLEEEEEEEEEEEEEEEE4EmitEiPNS_16IParticleEmitter11EmitContextEPKNSK_13MatrixContextE	Aska::ParticleEmitter<Aska::FeatureList<Aska::ParticleFeatures::Speed, Aska::FeatureList<Aska::ParticleFeatures::Motion, Aska::FeatureList<Aska::ParticleFeatures::Rotation, Aska::FeatureList<Aska::ParticleFeatures::Texture, Aska::FeatureList<Aska::ParticleFeatures::ColorAnimation, Aska::FeatureList<Aska::ParticleFeatures::Dynamics, Aska::FeatureList<Aska::ParticleDynamicsFeatures::Dynamics, Aska::StNULL> > > > > > > >::Emit(int, Aska::IParticleEmitter::EmitContext*, Aska::IParticleEmitter::MatrixContext const*)	emitter	decompiled	
0x24f676c	0x25f676c	4860	_ZN4Aska15ParticleEmitterINS_11FeatureListINS_16ParticleFeatures5SpeedENS1_INS2_6MotionENS1_INS2_8RotationENS1_INS2_7TextureENS1_INS2_14ColorAnimationENS1_INS2_8DynamicsENS1_INS_24ParticleDynamicsFeatures8DynamicsENS_6StNULLEEEEEEEEEEEEEEEE10EmitMotionEPNS_15ParticleElementISI_EEPKNS_16IParticleEmitter11EmitContextEPSO_9StBooleanILb1EE	Aska::ParticleEmitter<Aska::FeatureList<Aska::ParticleFeatures::Speed, Aska::FeatureList<Aska::ParticleFeatures::Motion, Aska::FeatureList<Aska::ParticleFeatures::Rotation, Aska::FeatureList<Aska::ParticleFeatures::Texture, Aska::FeatureList<Aska::ParticleFeatures::ColorAnimation, Aska::FeatureList<Aska::ParticleFeatures::Dynamics, Aska::FeatureList<Aska::ParticleDynamicsFeatures::Dynamics, Aska::StNULL> > > > > > > >::EmitMotion(Aska::ParticleElement<Aska::FeatureList<Aska::ParticleFeatures::Speed, Aska::FeatureList<Aska::ParticleFeatures::Motion, Aska::FeatureList<Aska::ParticleFeatures::Rotation, Aska::FeatureList<Aska::ParticleFeatures::Texture, Aska::FeatureList<Aska::ParticleFeatures::ColorAnimation, Aska::FeatureList<Aska::ParticleFeatures::Dynamics, Aska::FeatureList<Aska::ParticleDynamicsFeatures::Dynamics, Aska::StNULL> > > > > > > >*, Aska::IParticleEmitter::EmitContext const*, Aska::IParticleEmitter::EmitContext*, StBoolean<true>)	emitter	decompiled	
0x24f7a68	0x25f7a68	2012	_ZN4Aska15ParticleEmitterINS_11FeatureListINS_16ParticleFeatures5SpeedENS1_INS2_6MotionENS1_INS2_8RotationENS1_INS2_7TextureENS1_INS2_14ColorAnimationENS1_INS2_8DynamicsENS1_INS_24ParticleDynamicsFeatures8DynamicsENS_6StNULLEEEEEEEEEEEEEEEE12EmitRotationEPNS_15ParticleElementISI_EEPKNS_16IParticleEmitter11EmitContextEPSO_9StBooleanILb1EE	Aska::ParticleEmitter<Aska::FeatureList<Aska::ParticleFeatures::Speed, Aska::FeatureList<Aska::ParticleFeatures::Motion, Aska::FeatureList<Aska::ParticleFeatures::Rotation, Aska::FeatureList<Aska::ParticleFeatures::Texture, Aska::FeatureList<Aska::ParticleFeatures::ColorAnimation, Aska::FeatureList<Aska::ParticleFeatures::Dynamics, Aska::FeatureList<Aska::ParticleDynamicsFeatures::Dynamics, Aska::StNULL> > > > > > > >::EmitRotation(Aska::ParticleElement<Aska::FeatureList<Aska::ParticleFeatures::Speed, Aska::FeatureList<Aska::ParticleFeatures::Motion, Aska::FeatureList<Aska::ParticleFeatures::Rotation, Aska::FeatureList<Aska::ParticleFeatures::Texture, Aska::FeatureList<Aska::ParticleFeatures::ColorAnimation, Aska::FeatureList<Aska::ParticleFeatures::Dynamics, Aska::FeatureList<Aska::ParticleDynamicsFeatures::Dynamics, Aska::StNULL> > > > > > > >*, Aska::IParticleEmitter::EmitContext const*, Aska::IParticleEmitter::EmitContext*, StBoolean<true>)	emitter	decompiled	
0x24f8b84	0x25f8b84	484	_ZN4Aska15ParticleEmitterINS_11FeatureListINS_16ParticleFeatures5SpeedENS1_INS2_6MotionENS1_INS2_8RotationENS1_INS2_7TextureENS1_INS2_14ColorAnimationENS1_INS2_8DynamicsENS1_INS_24ParticleDynamicsFeatures8DynamicsENS_6StNULLEEEEEEEEEEEEEEEE26LineSpeedAffectionRotationEPNS_15ParticleElementISI_EEPKNS_16IParticleEmitter11EmitContextEPNS_6VectorE9StBooleanILb1EE	Aska::ParticleEmitter<Aska::FeatureList<Aska::ParticleFeatures::Speed, Aska::FeatureList<Aska::ParticleFeatures::Motion, Aska::FeatureList<Aska::ParticleFeatures::Rotation, Aska::FeatureList<Aska::ParticleFeatures::Texture, Aska::FeatureList<Aska::ParticleFeatures::ColorAnimation, Aska::FeatureList<Aska::ParticleFeatures::Dynamics, Aska::FeatureList<Aska::ParticleDynamicsFeatures::Dynamics, Aska::StNULL> > > > > > > >::LineSpeedAffectionRotation(Aska::ParticleElement<Aska::FeatureList<Aska::ParticleFeatures::Speed, Aska::FeatureList<Aska::ParticleFeatures::Motion, Aska::FeatureList<Aska::ParticleFeatures::Rotation, Aska::FeatureList<Aska::ParticleFeatures::Texture, Aska::FeatureList<Aska::ParticleFeatures::ColorAnimation, Aska::FeatureList<Aska::ParticleFeatures::Dynamics, Aska::FeatureList<Aska::ParticleDynamicsFeatures::Dynamics, Aska::StNULL> > > > > > > >*, Aska::IParticleEmitter::EmitContext const*, Aska::Vector*, StBoolean<true>)	emitter	decompiled	
0x24f92c0	0x25f92c0	1020	_ZN4Aska15ParticleEmitterINS_11FeatureListINS_16ParticleFeatures5SpeedENS1_INS2_6MotionENS1_INS2_8RotationENS1_INS2_7TextureENS1_INS2_14ColorAnimationENS1_INS2_8DynamicsENS1_INS_24ParticleDynamicsFeatures8DynamicsENS_6StNULLEEEEEEEEEEEEEEEE8SimulateEf	Aska::ParticleEmitter<Aska::FeatureList<Aska::ParticleFeatures::Speed, Aska::FeatureList<Aska::ParticleFeatures::Motion, Aska::FeatureList<Aska::ParticleFeatures::Rotation, Aska::FeatureList<Aska::ParticleFeatures::Texture, Aska::FeatureList<Aska::ParticleFeatures::ColorAnimation, Aska::FeatureList<Aska::ParticleFeatures::Dynamics, Aska::FeatureList<Aska::ParticleDynamicsFeatures::Dynamics, Aska::StNULL> > > > > > > >::Simulate(float)	simulate	native	
0x24f96bc	0x25f96bc	516	_ZN4Aska15ParticleEmitterINS_11FeatureListINS_16ParticleFeatures5SpeedENS1_INS2_6MotionENS1_INS2_8RotationENS1_INS2_7TextureENS1_INS2_14ColorAnimationENS1_INS2_8DynamicsENS1_INS_24ParticleDynamicsFeatures8DynamicsENS_6StNULLEEEEEEEEEEEEEEEE23EmitterAffectToParticleEPNS_6VectorEPNS_16IParticleEmitter13MatrixContextEf	Aska::ParticleEmitter<Aska::FeatureList<Aska::ParticleFeatures::Speed, Aska::FeatureList<Aska::ParticleFeatures::Motion, Aska::FeatureList<Aska::ParticleFeatures::Rotation, Aska::FeatureList<Aska::ParticleFeatures::Texture, Aska::FeatureList<Aska::ParticleFeatures::ColorAnimation, Aska::FeatureList<Aska::ParticleFeatures::Dynamics, Aska::FeatureList<Aska::ParticleDynamicsFeatures::Dynamics, Aska::StNULL> > > > > > > >::EmitterAffectToParticle(Aska::Vector*, Aska::IParticleEmitter::MatrixContext*, float)	emitter	decompiled	
0x24f98c0	0x25f98c0	632	_ZN4Aska24ParticleRenderableObjectINS_11FeatureListINS_16ParticleFeatures5SpeedENS1_INS2_6MotionENS1_INS2_8RotationENS1_INS2_7TextureENS1_INS2_14ColorAnimationENS1_INS2_8DynamicsENS1_INS_24ParticleDynamicsFeatures8DynamicsENS_6StNULLEEEEEEEEEEEEEEEE15RenderProcedureEfPNS_16IParticleEmitter13MatrixContextEb	Aska::ParticleRenderableObject<Aska::FeatureList<Aska::ParticleFeatures::Speed, Aska::FeatureList<Aska::ParticleFeatures::Motion, Aska::FeatureList<Aska::ParticleFeatures::Rotation, Aska::FeatureList<Aska::ParticleFeatures::Texture, Aska::FeatureList<Aska::ParticleFeatures::ColorAnimation, Aska::FeatureList<Aska::ParticleFeatures::Dynamics, Aska::FeatureList<Aska::ParticleDynamicsFeatures::Dynamics, Aska::StNULL> > > > > > > >::RenderProcedure(float, Aska::IParticleEmitter::MatrixContext*, bool)	emitter	decompiled	
0x24fb328	0x25fb328	484	_ZN4Aska15ParticleManager14CreateParticleINS_11FeatureListINS_16ParticleFeatures5SpeedENS2_INS3_6MotionENS2_INS3_8RotationENS2_INS3_7TextureENS2_INS3_9LifeLimitENS2_INS3_4LineENS2_INS3_8DynamicsENS2_INS_24ParticleDynamicsFeatures8DynamicsENS_6StNULLEEEEEEEEEEEEEEEEEEEPNS_15ParticleEmitterIT_EEPKNS_3AFF18AsfParticleEmitterE	Aska::ParticleEmitter<Aska::FeatureList<Aska::ParticleFeatures::Speed, Aska::FeatureList<Aska::ParticleFeatures::Motion, Aska::FeatureList<Aska::ParticleFeatures::Rotation, Aska::FeatureList<Aska::ParticleFeatures::Texture, Aska::FeatureList<Aska::ParticleFeatures::LifeLimit, Aska::FeatureList<Aska::ParticleFeatures::Line, Aska::FeatureList<Aska::ParticleFeatures::Dynamics, Aska::FeatureList<Aska::ParticleDynamicsFeatures::Dynamics, Aska::StNULL> > > > > > > > >* Aska::ParticleManager::CreateParticle<Aska::FeatureList<Aska::ParticleFeatures::Speed, Aska::FeatureList<Aska::ParticleFeatures::Motion, Aska::FeatureList<Aska::ParticleFeatures::Rotation, Aska::FeatureList<Aska::ParticleFeatures::Texture, Aska::FeatureList<Aska::ParticleFeatures::LifeLimit, Aska::FeatureList<Aska::ParticleFeatures::Line, Aska::FeatureList<Aska::ParticleFeatures::Dynamics, Aska::FeatureList<Aska::ParticleDynamicsFeatures::Dynamics, Aska::StNULL> > > > > > > > >(Aska::AFF::AsfParticleEmitter const*)	manager	decompiled	
0x24fb50c	0x25fb50c	452	_ZN4Aska15ParticleManager14CreateParticleINS_11FeatureListINS_16ParticleFeatures5SpeedENS2_INS3_6MotionENS2_INS3_8RotationENS2_INS3_7TextureENS2_INS3_9LifeLimitENS2_INS3_8DynamicsENS2_INS_24ParticleDynamicsFeatures8DynamicsENS_6StNULLEEEEEEEEEEEEEEEEEPNS_15ParticleEmitterIT_EEPKNS_3AFF18AsfParticleEmitterE	Aska::ParticleEmitter<Aska::FeatureList<Aska::ParticleFeatures::Speed, Aska::FeatureList<Aska::ParticleFeatures::Motion, Aska::FeatureList<Aska::ParticleFeatures::Rotation, Aska::FeatureList<Aska::ParticleFeatures::Texture, Aska::FeatureList<Aska::ParticleFeatures::LifeLimit, Aska::FeatureList<Aska::ParticleFeatures::Dynamics, Aska::FeatureList<Aska::ParticleDynamicsFeatures::Dynamics, Aska::StNULL> > > > > > > >* Aska::ParticleManager::CreateParticle<Aska::FeatureList<Aska::ParticleFeatures::Speed, Aska::FeatureList<Aska::ParticleFeatures::Motion, Aska::FeatureList<Aska::ParticleFeatures::Rotation, Aska::FeatureList<Aska::ParticleFeatures::Texture, Aska::FeatureList<Aska::ParticleFeatures::LifeLimit, Aska::FeatureList<Aska::ParticleFeatures::Dynamics, Aska::FeatureList<Aska::ParticleDynamicsFeatures::Dynamics, Aska::StNULL> > > > > > > >(Aska::AFF::AsfParticleEmitter const*)	manager	decompiled	
0x24fb6d0	0x25fb6d0	472	_ZN4Aska15ParticleManager14CreateParticleINS_11FeatureListINS_16ParticleFeatures5SpeedENS2_INS3_6MotionENS2_INS3_8RotationENS2_INS3_7TextureENS2_INS3_4LineENS2_INS3_8DynamicsENS2_INS_24ParticleDynamicsFeatures8DynamicsENS_6StNULLEEEEEEEEEEEEEEEEEPNS_15ParticleEmitterIT_EEPKNS_3AFF18AsfParticleEmitterE	Aska::ParticleEmitter<Aska::FeatureList<Aska::ParticleFeatures::Speed, Aska::FeatureList<Aska::ParticleFeatures::Motion, Aska::FeatureList<Aska::ParticleFeatures::Rotation, Aska::FeatureList<Aska::ParticleFeatures::Texture, Aska::FeatureList<Aska::ParticleFeatures::Line, Aska::FeatureList<Aska::ParticleFeatures::Dynamics, Aska::FeatureList<Aska::ParticleDynamicsFeatures::Dynamics, Aska::StNULL> > > > > > > >* Aska::ParticleManager::CreateParticle<Aska::FeatureList<Aska::ParticleFeatures::Speed, Aska::FeatureList<Aska::ParticleFeatures::Motion, Aska::FeatureList<Aska::ParticleFeatures::Rotation, Aska::FeatureList<Aska::ParticleFeatures::Texture, Aska::FeatureList<Aska::ParticleFeatures::Line, Aska::FeatureList<Aska::ParticleFeatures::Dynamics, Aska::FeatureList<Aska::ParticleDynamicsFeatures::Dynamics, Aska::StNULL> > > > > > > >(Aska::AFF::AsfParticleEmitter const*)	manager	decompiled	
0x24fb8a8	0x25fb8a8	440	_ZN4Aska15ParticleManager14CreateParticleINS_11FeatureListINS_16ParticleFeatures5SpeedENS2_INS3_6MotionENS2_INS3_8RotationENS2_INS3_7TextureENS2_INS3_8DynamicsENS2_INS_24ParticleDynamicsFeatures8DynamicsENS_6StNULLEEEEEEEEEEEEEEEPNS_15ParticleEmitterIT_EEPKNS_3AFF18AsfParticleEmitterE	Aska::ParticleEmitter<Aska::FeatureList<Aska::ParticleFeatures::Speed, Aska::FeatureList<Aska::ParticleFeatures::Motion, Aska::FeatureList<Aska::ParticleFeatures::Rotation, Aska::FeatureList<Aska::ParticleFeatures::Texture, Aska::FeatureList<Aska::ParticleFeatures::Dynamics, Aska::FeatureList<Aska::ParticleDynamicsFeatures::Dynamics, Aska::StNULL> > > > > > >* Aska::ParticleManager::CreateParticle<Aska::FeatureList<Aska::ParticleFeatures::Speed, Aska::FeatureList<Aska::ParticleFeatures::Motion, Aska::FeatureList<Aska::ParticleFeatures::Rotation, Aska::FeatureList<Aska::ParticleFeatures::Texture, Aska::FeatureList<Aska::ParticleFeatures::Dynamics, Aska::FeatureList<Aska::ParticleDynamicsFeatures::Dynamics, Aska::StNULL> > > > > > >(Aska::AFF::AsfParticleEmitter const*)	manager	decompiled	
0x24fcfb8	0x25fcfb8	480	_ZN4Aska15ParticleEmitterINS_11FeatureListINS_16ParticleFeatures5SpeedENS1_INS2_6MotionENS1_INS2_8RotationENS1_INS2_7TextureENS1_INS2_9LifeLimitENS1_INS2_4LineENS1_INS2_8DynamicsENS1_INS_24ParticleDynamicsFeatures8DynamicsENS_6StNULLEEEEEEEEEEEEEEEEEE8EmitLinkEiPNS_16IParticleEmitter11EmitContextE	Aska::ParticleEmitter<Aska::FeatureList<Aska::ParticleFeatures::Speed, Aska::FeatureList<Aska::ParticleFeatures::Motion, Aska::FeatureList<Aska::ParticleFeatures::Rotation, Aska::FeatureList<Aska::ParticleFeatures::Texture, Aska::FeatureList<Aska::ParticleFeatures::LifeLimit, Aska::FeatureList<Aska::ParticleFeatures::Line, Aska::FeatureList<Aska::ParticleFeatures::Dynamics, Aska::FeatureList<Aska::ParticleDynamicsFeatures::Dynamics, Aska::StNULL> > > > > > > > >::EmitLink(int, Aska::IParticleEmitter::EmitContext*)	emitter	decompiled	
0x24fd2e0	0x25fd2e0	7944	_ZN4Aska15ParticleEmitterINS_11FeatureListINS_16ParticleFeatures5SpeedENS1_INS2_6MotionENS1_INS2_8RotationENS1_INS2_7TextureENS1_INS2_9LifeLimitENS1_INS2_4LineENS1_INS2_8DynamicsENS1_INS_24ParticleDynamicsFeatures8DynamicsENS_6StNULLEEEEEEEEEEEEEEEEEE4EmitEiPNS_16IParticleEmitter11EmitContextEPKNSM_13MatrixContextE	Aska::ParticleEmitter<Aska::FeatureList<Aska::ParticleFeatures::Speed, Aska::FeatureList<Aska::ParticleFeatures::Motion, Aska::FeatureList<Aska::ParticleFeatures::Rotation, Aska::FeatureList<Aska::ParticleFeatures::Texture, Aska::FeatureList<Aska::ParticleFeatures::LifeLimit, Aska::FeatureList<Aska::ParticleFeatures::Line, Aska::FeatureList<Aska::ParticleFeatures::Dynamics, Aska::FeatureList<Aska::ParticleDynamicsFeatures::Dynamics, Aska::StNULL> > > > > > > > >::Emit(int, Aska::IParticleEmitter::EmitContext*, Aska::IParticleEmitter::MatrixContext const*)	emitter	decompiled	
0x24ff1e8	0x25ff1e8	4856	_ZN4Aska15ParticleEmitterINS_11FeatureListINS_16ParticleFeatures5SpeedENS1_INS2_6MotionENS1_INS2_8RotationENS1_INS2_7TextureENS1_INS2_9LifeLimitENS1_INS2_4LineENS1_INS2_8DynamicsENS1_INS_24ParticleDynamicsFeatures8DynamicsENS_6StNULLEEEEEEEEEEEEEEEEEE10EmitMotionEPNS_15ParticleElementISK_EEPKNS_16IParticleEmitter11EmitContextEPSQ_9StBooleanILb1EE	Aska::ParticleEmitter<Aska::FeatureList<Aska::ParticleFeatures::Speed, Aska::FeatureList<Aska::ParticleFeatures::Motion, Aska::FeatureList<Aska::ParticleFeatures::Rotation, Aska::FeatureList<Aska::ParticleFeatures::Texture, Aska::FeatureList<Aska::ParticleFeatures::LifeLimit, Aska::FeatureList<Aska::ParticleFeatures::Line, Aska::FeatureList<Aska::ParticleFeatures::Dynamics, Aska::FeatureList<Aska::ParticleDynamicsFeatures::Dynamics, Aska::StNULL> > > > > > > > >::EmitMotion(Aska::ParticleElement<Aska::FeatureList<Aska::ParticleFeatures::Speed, Aska::FeatureList<Aska::ParticleFeatures::Motion, Aska::FeatureList<Aska::ParticleFeatures::Rotation, Aska::FeatureList<Aska::ParticleFeatures::Texture, Aska::FeatureList<Aska::ParticleFeatures::LifeLimit, Aska::FeatureList<Aska::ParticleFeatures::Line, Aska::FeatureList<Aska::ParticleFeatures::Dynamics, Aska::FeatureList<Aska::ParticleDynamicsFeatures::Dynamics, Aska::StNULL> > > > > > > > >*, Aska::IParticleEmitter::EmitContext const*, Aska::IParticleEmitter::EmitContext*, StBoolean<true>)	emitter	decompiled	
0x25004e0	0x26004e0	2008	_ZN4Aska15ParticleEmitterINS_11FeatureListINS_16ParticleFeatures5SpeedENS1_INS2_6MotionENS1_INS2_8RotationENS1_INS2_7TextureENS1_INS2_9LifeLimitENS1_INS2_4LineENS1_INS2_8DynamicsENS1_INS_24ParticleDynamicsFeatures8DynamicsENS_6StNULLEEEEEEEEEEEEEEEEEE12EmitRotationEPNS_15ParticleElementISK_EEPKNS_16IParticleEmitter11EmitContextEPSQ_9StBooleanILb1EE	Aska::ParticleEmitter<Aska::FeatureList<Aska::ParticleFeatures::Speed, Aska::FeatureList<Aska::ParticleFeatures::Motion, Aska::FeatureList<Aska::ParticleFeatures::Rotation, Aska::FeatureList<Aska::ParticleFeatures::Texture, Aska::FeatureList<Aska::ParticleFeatures::LifeLimit, Aska::FeatureList<Aska::ParticleFeatures::Line, Aska::FeatureList<Aska::ParticleFeatures::Dynamics, Aska::FeatureList<Aska::ParticleDynamicsFeatures::Dynamics, Aska::StNULL> > > > > > > > >::EmitRotation(Aska::ParticleElement<Aska::FeatureList<Aska::ParticleFeatures::Speed, Aska::FeatureList<Aska::ParticleFeatures::Motion, Aska::FeatureList<Aska::ParticleFeatures::Rotation, Aska::FeatureList<Aska::ParticleFeatures::Texture, Aska::FeatureList<Aska::ParticleFeatures::LifeLimit, Aska::FeatureList<Aska::ParticleFeatures::Line, Aska::FeatureList<Aska::ParticleFeatures::Dynamics, Aska::FeatureList<Aska::ParticleDynamicsFeatures::Dynamics, Aska::StNULL> > > > > > > > >*, Aska::IParticleEmitter::EmitContext const*, Aska::IParticleEmitter::EmitContext*, StBoolean<true>)	emitter	decompiled	
0x2501308	0x2601308	484	_ZN4Aska15ParticleEmitterINS_11FeatureListINS_16ParticleFeatures5SpeedENS1_INS2_6MotionENS1_INS2_8RotationENS1_INS2_7TextureENS1_INS2_9LifeLimitENS1_INS2_4LineENS1_INS2_8DynamicsENS1_INS_24ParticleDynamicsFeatures8DynamicsENS_6StNULLEEEEEEEEEEEEEEEEEE26LineSpeedAffectionRotationEPNS_15ParticleElementISK_EEPKNS_16IParticleEmitter11EmitContextEPNS_6VectorE9StBooleanILb1EE	Aska::ParticleEmitter<Aska::FeatureList<Aska::ParticleFeatures::Speed, Aska::FeatureList<Aska::ParticleFeatures::Motion, Aska::FeatureList<Aska::ParticleFeatures::Rotation, Aska::FeatureList<Aska::ParticleFeatures::Texture, Aska::FeatureList<Aska::ParticleFeatures::LifeLimit, Aska::FeatureList<Aska::ParticleFeatures::Line, Aska::FeatureList<Aska::ParticleFeatures::Dynamics, Aska::FeatureList<Aska::ParticleDynamicsFeatures::Dynamics, Aska::StNULL> > > > > > > > >::LineSpeedAffectionRotation(Aska::ParticleElement<Aska::FeatureList<Aska::ParticleFeatures::Speed, Aska::FeatureList<Aska::ParticleFeatures::Motion, Aska::FeatureList<Aska::ParticleFeatures::Rotation, Aska::FeatureList<Aska::ParticleFeatures::Texture, Aska::FeatureList<Aska::ParticleFeatures::LifeLimit, Aska::FeatureList<Aska::ParticleFeatures::Line, Aska::FeatureList<Aska::ParticleFeatures::Dynamics, Aska::FeatureList<Aska::ParticleDynamicsFeatures::Dynamics, Aska::StNULL> > > > > > > > >*, Aska::IParticleEmitter::EmitContext const*, Aska::Vector*, StBoolean<true>)	emitter	decompiled	
0x2501b6c	0x2601b6c	1020	_ZN4Aska15ParticleEmitterINS_11FeatureListINS_16ParticleFeatures5SpeedENS1_INS2_6MotionENS1_INS2_8RotationENS1_INS2_7TextureENS1_INS2_9LifeLimitENS1_INS2_4LineENS1_INS2_8DynamicsENS1_INS_24ParticleDynamicsFeatures8DynamicsENS_6StNULLEEEEEEEEEEEEEEEEEE8SimulateEf	Aska::ParticleEmitter<Aska::FeatureList<Aska::ParticleFeatures::Speed, Aska::FeatureList<Aska::ParticleFeatures::Motion, Aska::FeatureList<Aska::ParticleFeatures::Rotation, Aska::FeatureList<Aska::ParticleFeatures::Texture, Aska::FeatureList<Aska::ParticleFeatures::LifeLimit, Aska::FeatureList<Aska::ParticleFeatures::Line, Aska::FeatureList<Aska::ParticleFeatures::Dynamics, Aska::FeatureList<Aska::ParticleDynamicsFeatures::Dynamics, Aska::StNULL> > > > > > > > >::Simulate(float)	simulate	native	
0x2501f68	0x2601f68	516	_ZN4Aska15ParticleEmitterINS_11FeatureListINS_16ParticleFeatures5SpeedENS1_INS2_6MotionENS1_INS2_8RotationENS1_INS2_7TextureENS1_INS2_9LifeLimitENS1_INS2_4LineENS1_INS2_8DynamicsENS1_INS_24ParticleDynamicsFeatures8DynamicsENS_6StNULLEEEEEEEEEEEEEEEEEE23EmitterAffectToParticleEPNS_6VectorEPNS_16IParticleEmitter13MatrixContextEf	Aska::ParticleEmitter<Aska::FeatureList<Aska::ParticleFeatures::Speed, Aska::FeatureList<Aska::ParticleFeatures::Motion, Aska::FeatureList<Aska::ParticleFeatures::Rotation, Aska::FeatureList<Aska::ParticleFeatures::Texture, Aska::FeatureList<Aska::ParticleFeatures::LifeLimit, Aska::FeatureList<Aska::ParticleFeatures::Line, Aska::FeatureList<Aska::ParticleFeatures::Dynamics, Aska::FeatureList<Aska::ParticleDynamicsFeatures::Dynamics, Aska::StNULL> > > > > > > > >::EmitterAffectToParticle(Aska::Vector*, Aska::IParticleEmitter::MatrixContext*, float)	emitter	decompiled	
0x250216c	0x260216c	632	_ZN4Aska24ParticleRenderableObjectINS_11FeatureListINS_16ParticleFeatures5SpeedENS1_INS2_6MotionENS1_INS2_8RotationENS1_INS2_7TextureENS1_INS2_9LifeLimitENS1_INS2_4LineENS1_INS2_8DynamicsENS1_INS_24ParticleDynamicsFeatures8DynamicsENS_6StNULLEEEEEEEEEEEEEEEEEE15RenderProcedureEfPNS_16IParticleEmitter13MatrixContextEb	Aska::ParticleRenderableObject<Aska::FeatureList<Aska::ParticleFeatures::Speed, Aska::FeatureList<Aska::ParticleFeatures::Motion, Aska::FeatureList<Aska::ParticleFeatures::Rotation, Aska::FeatureList<Aska::ParticleFeatures::Texture, Aska::FeatureList<Aska::ParticleFeatures::LifeLimit, Aska::FeatureList<Aska::ParticleFeatures::Line, Aska::FeatureList<Aska::ParticleFeatures::Dynamics, Aska::FeatureList<Aska::ParticleDynamicsFeatures::Dynamics, Aska::StNULL> > > > > > > > >::RenderProcedure(float, Aska::IParticleEmitter::MatrixContext*, bool)	emitter	decompiled	
0x2505878	0x2605878	480	_ZN4Aska15ParticleEmitterINS_11FeatureListINS_16ParticleFeatures5SpeedENS1_INS2_6MotionENS1_INS2_8RotationENS1_INS2_7TextureENS1_INS2_9LifeLimitENS1_INS2_8DynamicsENS1_INS_24ParticleDynamicsFeatures8DynamicsENS_6StNULLEEEEEEEEEEEEEEEE8EmitLinkEiPNS_16IParticleEmitter11EmitContextE	Aska::ParticleEmitter<Aska::FeatureList<Aska::ParticleFeatures::Speed, Aska::FeatureList<Aska::ParticleFeatures::Motion, Aska::FeatureList<Aska::ParticleFeatures::Rotation, Aska::FeatureList<Aska::ParticleFeatures::Texture, Aska::FeatureList<Aska::ParticleFeatures::LifeLimit, Aska::FeatureList<Aska::ParticleFeatures::Dynamics, Aska::FeatureList<Aska::ParticleDynamicsFeatures::Dynamics, Aska::StNULL> > > > > > > >::EmitLink(int, Aska::IParticleEmitter::EmitContext*)	emitter	decompiled	
0x2505ba0	0x2605ba0	8452	_ZN4Aska15ParticleEmitterINS_11FeatureListINS_16ParticleFeatures5SpeedENS1_INS2_6MotionENS1_INS2_8RotationENS1_INS2_7TextureENS1_INS2_9LifeLimitENS1_INS2_8DynamicsENS1_INS_24ParticleDynamicsFeatures8DynamicsENS_6StNULLEEEEEEEEEEEEEEEE4EmitEiPNS_16IParticleEmitter11EmitContextEPKNSK_13MatrixContextE	Aska::ParticleEmitter<Aska::FeatureList<Aska::ParticleFeatures::Speed, Aska::FeatureList<Aska::ParticleFeatures::Motion, Aska::FeatureList<Aska::ParticleFeatures::Rotation, Aska::FeatureList<Aska::ParticleFeatures::Texture, Aska::FeatureList<Aska::ParticleFeatures::LifeLimit, Aska::FeatureList<Aska::ParticleFeatures::Dynamics, Aska::FeatureList<Aska::ParticleDynamicsFeatures::Dynamics, Aska::StNULL> > > > > > > >::Emit(int, Aska::IParticleEmitter::EmitContext*, Aska::IParticleEmitter::MatrixContext const*)	emitter	decompiled	
0x2507ca4	0x2607ca4	4856	_ZN4Aska15ParticleEmitterINS_11FeatureListINS_16ParticleFeatures5SpeedENS1_INS2_6MotionENS1_INS2_8RotationENS1_INS2_7TextureENS1_INS2_9LifeLimitENS1_INS2_8DynamicsENS1_INS_24ParticleDynamicsFeatures8DynamicsENS_6StNULLEEEEEEEEEEEEEEEE10EmitMotionEPNS_15ParticleElementISI_EEPKNS_16IParticleEmitter11EmitContextEPSO_9StBooleanILb1EE	Aska::ParticleEmitter<Aska::FeatureList<Aska::ParticleFeatures::Speed, Aska::FeatureList<Aska::ParticleFeatures::Motion, Aska::FeatureList<Aska::ParticleFeatures::Rotation, Aska::FeatureList<Aska::ParticleFeatures::Texture, Aska::FeatureList<Aska::ParticleFeatures::LifeLimit, Aska::FeatureList<Aska::ParticleFeatures::Dynamics, Aska::FeatureList<Aska::ParticleDynamicsFeatures::Dynamics, Aska::StNULL> > > > > > > >::EmitMotion(Aska::ParticleElement<Aska::FeatureList<Aska::ParticleFeatures::Speed, Aska::FeatureList<Aska::ParticleFeatures::Motion, Aska::FeatureList<Aska::ParticleFeatures::Rotation, Aska::FeatureList<Aska::ParticleFeatures::Texture, Aska::FeatureList<Aska::ParticleFeatures::LifeLimit, Aska::FeatureList<Aska::ParticleFeatures::Dynamics, Aska::FeatureList<Aska::ParticleDynamicsFeatures::Dynamics, Aska::StNULL> > > > > > > >*, Aska::IParticleEmitter::EmitContext const*, Aska::IParticleEmitter::EmitContext*, StBoolean<true>)	emitter	decompiled	
0x2509f9c	0x2609f9c	2008	_ZN4Aska15ParticleEmitterINS_11FeatureListINS_16ParticleFeatures5SpeedENS1_INS2_6MotionENS1_INS2_8RotationENS1_INS2_7TextureENS1_INS2_9LifeLimitENS1_INS2_8DynamicsENS1_INS_24ParticleDynamicsFeatures8DynamicsENS_6StNULLEEEEEEEEEEEEEEEE12EmitRotationEPNS_15ParticleElementISI_EEPKNS_16IParticleEmitter11EmitContextEPSO_9StBooleanILb1EE	Aska::ParticleEmitter<Aska::FeatureList<Aska::ParticleFeatures::Speed, Aska::FeatureList<Aska::ParticleFeatures::Motion, Aska::FeatureList<Aska::ParticleFeatures::Rotation, Aska::FeatureList<Aska::ParticleFeatures::Texture, Aska::FeatureList<Aska::ParticleFeatures::LifeLimit, Aska::FeatureList<Aska::ParticleFeatures::Dynamics, Aska::FeatureList<Aska::ParticleDynamicsFeatures::Dynamics, Aska::StNULL> > > > > > > >::EmitRotation(Aska::ParticleElement<Aska::FeatureList<Aska::ParticleFeatures::Speed, Aska::FeatureList<Aska::ParticleFeatures::Motion, Aska::FeatureList<Aska::ParticleFeatures::Rotation, Aska::FeatureList<Aska::ParticleFeatures::Texture, Aska::FeatureList<Aska::ParticleFeatures::LifeLimit, Aska::FeatureList<Aska::ParticleFeatures::Dynamics, Aska::FeatureList<Aska::ParticleDynamicsFeatures::Dynamics, Aska::StNULL> > > > > > > >*, Aska::IParticleEmitter::EmitContext const*, Aska::IParticleEmitter::EmitContext*, StBoolean<true>)	emitter	decompiled	
0x250adc4	0x260adc4	484	_ZN4Aska15ParticleEmitterINS_11FeatureListINS_16ParticleFeatures5SpeedENS1_INS2_6MotionENS1_INS2_8RotationENS1_INS2_7TextureENS1_INS2_9LifeLimitENS1_INS2_8DynamicsENS1_INS_24ParticleDynamicsFeatures8DynamicsENS_6StNULLEEEEEEEEEEEEEEEE26LineSpeedAffectionRotationEPNS_15ParticleElementISI_EEPKNS_16IParticleEmitter11EmitContextEPNS_6VectorE9StBooleanILb1EE	Aska::ParticleEmitter<Aska::FeatureList<Aska::ParticleFeatures::Speed, Aska::FeatureList<Aska::ParticleFeatures::Motion, Aska::FeatureList<Aska::ParticleFeatures::Rotation, Aska::FeatureList<Aska::ParticleFeatures::Texture, Aska::FeatureList<Aska::ParticleFeatures::LifeLimit, Aska::FeatureList<Aska::ParticleFeatures::Dynamics, Aska::FeatureList<Aska::ParticleDynamicsFeatures::Dynamics, Aska::StNULL> > > > > > > >::LineSpeedAffectionRotation(Aska::ParticleElement<Aska::FeatureList<Aska::ParticleFeatures::Speed, Aska::FeatureList<Aska::ParticleFeatures::Motion, Aska::FeatureList<Aska::ParticleFeatures::Rotation, Aska::FeatureList<Aska::ParticleFeatures::Texture, Aska::FeatureList<Aska::ParticleFeatures::LifeLimit, Aska::FeatureList<Aska::ParticleFeatures::Dynamics, Aska::FeatureList<Aska::ParticleDynamicsFeatures::Dynamics, Aska::StNULL> > > > > > > >*, Aska::IParticleEmitter::EmitContext const*, Aska::Vector*, StBoolean<true>)	emitter	decompiled	
0x250c500	0x260c500	1020	_ZN4Aska15ParticleEmitterINS_11FeatureListINS_16ParticleFeatures5SpeedENS1_INS2_6MotionENS1_INS2_8RotationENS1_INS2_7TextureENS1_INS2_9LifeLimitENS1_INS2_8DynamicsENS1_INS_24ParticleDynamicsFeatures8DynamicsENS_6StNULLEEEEEEEEEEEEEEEE8SimulateEf	Aska::ParticleEmitter<Aska::FeatureList<Aska::ParticleFeatures::Speed, Aska::FeatureList<Aska::ParticleFeatures::Motion, Aska::FeatureList<Aska::ParticleFeatures::Rotation, Aska::FeatureList<Aska::ParticleFeatures::Texture, Aska::FeatureList<Aska::ParticleFeatures::LifeLimit, Aska::FeatureList<Aska::ParticleFeatures::Dynamics, Aska::FeatureList<Aska::ParticleDynamicsFeatures::Dynamics, Aska::StNULL> > > > > > > >::Simulate(float)	simulate	native	
0x250c8fc	0x260c8fc	516	_ZN4Aska15ParticleEmitterINS_11FeatureListINS_16ParticleFeatures5SpeedENS1_INS2_6MotionENS1_INS2_8RotationENS1_INS2_7TextureENS1_INS2_9LifeLimitENS1_INS2_8DynamicsENS1_INS_24ParticleDynamicsFeatures8DynamicsENS_6StNULLEEEEEEEEEEEEEEEE23EmitterAffectToParticleEPNS_6VectorEPNS_16IParticleEmitter13MatrixContextEf	Aska::ParticleEmitter<Aska::FeatureList<Aska::ParticleFeatures::Speed, Aska::FeatureList<Aska::ParticleFeatures::Motion, Aska::FeatureList<Aska::ParticleFeatures::Rotation, Aska::FeatureList<Aska::ParticleFeatures::Texture, Aska::FeatureList<Aska::ParticleFeatures::LifeLimit, Aska::FeatureList<Aska::ParticleFeatures::Dynamics, Aska::FeatureList<Aska::ParticleDynamicsFeatures::Dynamics, Aska::StNULL> > > > > > > >::EmitterAffectToParticle(Aska::Vector*, Aska::IParticleEmitter::MatrixContext*, float)	emitter	decompiled	
0x250cb00	0x260cb00	632	_ZN4Aska24ParticleRenderableObjectINS_11FeatureListINS_16ParticleFeatures5SpeedENS1_INS2_6MotionENS1_INS2_8RotationENS1_INS2_7TextureENS1_INS2_9LifeLimitENS1_INS2_8DynamicsENS1_INS_24ParticleDynamicsFeatures8DynamicsENS_6StNULLEEEEEEEEEEEEEEEE15RenderProcedureEfPNS_16IParticleEmitter13MatrixContextEb	Aska::ParticleRenderableObject<Aska::FeatureList<Aska::ParticleFeatures::Speed, Aska::FeatureList<Aska::ParticleFeatures::Motion, Aska::FeatureList<Aska::ParticleFeatures::Rotation, Aska::FeatureList<Aska::ParticleFeatures::Texture, Aska::FeatureList<Aska::ParticleFeatures::LifeLimit, Aska::FeatureList<Aska::ParticleFeatures::Dynamics, Aska::FeatureList<Aska::ParticleDynamicsFeatures::Dynamics, Aska::StNULL> > > > > > > >::RenderProcedure(float, Aska::IParticleEmitter::MatrixContext*, bool)	emitter	decompiled	
0x2510268	0x2610268	480	_ZN4Aska15ParticleEmitterINS_11FeatureListINS_16ParticleFeatures5SpeedENS1_INS2_6MotionENS1_INS2_8RotationENS1_INS2_7TextureENS1_INS2_4LineENS1_INS2_8DynamicsENS1_INS_24ParticleDynamicsFeatures8DynamicsENS_6StNULLEEEEEEEEEEEEEEEE8EmitLinkEiPNS_16IParticleEmitter11EmitContextE	Aska::ParticleEmitter<Aska::FeatureList<Aska::ParticleFeatures::Speed, Aska::FeatureList<Aska::ParticleFeatures::Motion, Aska::FeatureList<Aska::ParticleFeatures::Rotation, Aska::FeatureList<Aska::ParticleFeatures::Texture, Aska::FeatureList<Aska::ParticleFeatures::Line, Aska::FeatureList<Aska::ParticleFeatures::Dynamics, Aska::FeatureList<Aska::ParticleDynamicsFeatures::Dynamics, Aska::StNULL> > > > > > > >::EmitLink(int, Aska::IParticleEmitter::EmitContext*)	emitter	decompiled	
0x2510590	0x2610590	7936	_ZN4Aska15ParticleEmitterINS_11FeatureListINS_16ParticleFeatures5SpeedENS1_INS2_6MotionENS1_INS2_8RotationENS1_INS2_7TextureENS1_INS2_4LineENS1_INS2_8DynamicsENS1_INS_24ParticleDynamicsFeatures8DynamicsENS_6StNULLEEEEEEEEEEEEEEEE4EmitEiPNS_16IParticleEmitter11EmitContextEPKNSK_13MatrixContextE	Aska::ParticleEmitter<Aska::FeatureList<Aska::ParticleFeatures::Speed, Aska::FeatureList<Aska::ParticleFeatures::Motion, Aska::FeatureList<Aska::ParticleFeatures::Rotation, Aska::FeatureList<Aska::ParticleFeatures::Texture, Aska::FeatureList<Aska::ParticleFeatures::Line, Aska::FeatureList<Aska::ParticleFeatures::Dynamics, Aska::FeatureList<Aska::ParticleDynamicsFeatures::Dynamics, Aska::StNULL> > > > > > > >::Emit(int, Aska::IParticleEmitter::EmitContext*, Aska::IParticleEmitter::MatrixContext const*)	emitter	decompiled	
0x2512490	0x2612490	4856	_ZN4Aska15ParticleEmitterINS_11FeatureListINS_16ParticleFeatures5SpeedENS1_INS2_6MotionENS1_INS2_8RotationENS1_INS2_7TextureENS1_INS2_4LineENS1_INS2_8DynamicsENS1_INS_24ParticleDynamicsFeatures8DynamicsENS_6StNULLEEEEEEEEEEEEEEEE10EmitMotionEPNS_15ParticleElementISI_EEPKNS_16IParticleEmitter11EmitContextEPSO_9StBooleanILb1EE	Aska::ParticleEmitter<Aska::FeatureList<Aska::ParticleFeatures::Speed, Aska::FeatureList<Aska::ParticleFeatures::Motion, Aska::FeatureList<Aska::ParticleFeatures::Rotation, Aska::FeatureList<Aska::ParticleFeatures::Texture, Aska::FeatureList<Aska::ParticleFeatures::Line, Aska::FeatureList<Aska::ParticleFeatures::Dynamics, Aska::FeatureList<Aska::ParticleDynamicsFeatures::Dynamics, Aska::StNULL> > > > > > > >::EmitMotion(Aska::ParticleElement<Aska::FeatureList<Aska::ParticleFeatures::Speed, Aska::FeatureList<Aska::ParticleFeatures::Motion, Aska::FeatureList<Aska::ParticleFeatures::Rotation, Aska::FeatureList<Aska::ParticleFeatures::Texture, Aska::FeatureList<Aska::ParticleFeatures::Line, Aska::FeatureList<Aska::ParticleFeatures::Dynamics, Aska::FeatureList<Aska::ParticleDynamicsFeatures::Dynamics, Aska::StNULL> > > > > > > >*, Aska::IParticleEmitter::EmitContext const*, Aska::IParticleEmitter::EmitContext*, StBoolean<true>)	emitter	decompiled	
0x2513788	0x2613788	2008	_ZN4Aska15ParticleEmitterINS_11FeatureListINS_16ParticleFeatures5SpeedENS1_INS2_6MotionENS1_INS2_8RotationENS1_INS2_7TextureENS1_INS2_4LineENS1_INS2_8DynamicsENS1_INS_24ParticleDynamicsFeatures8DynamicsENS_6StNULLEEEEEEEEEEEEEEEE12EmitRotationEPNS_15ParticleElementISI_EEPKNS_16IParticleEmitter11EmitContextEPSO_9StBooleanILb1EE	Aska::ParticleEmitter<Aska::FeatureList<Aska::ParticleFeatures::Speed, Aska::FeatureList<Aska::ParticleFeatures::Motion, Aska::FeatureList<Aska::ParticleFeatures::Rotation, Aska::FeatureList<Aska::ParticleFeatures::Texture, Aska::FeatureList<Aska::ParticleFeatures::Line, Aska::FeatureList<Aska::ParticleFeatures::Dynamics, Aska::FeatureList<Aska::ParticleDynamicsFeatures::Dynamics, Aska::StNULL> > > > > > > >::EmitRotation(Aska::ParticleElement<Aska::FeatureList<Aska::ParticleFeatures::Speed, Aska::FeatureList<Aska::ParticleFeatures::Motion, Aska::FeatureList<Aska::ParticleFeatures::Rotation, Aska::FeatureList<Aska::ParticleFeatures::Texture, Aska::FeatureList<Aska::ParticleFeatures::Line, Aska::FeatureList<Aska::ParticleFeatures::Dynamics, Aska::FeatureList<Aska::ParticleDynamicsFeatures::Dynamics, Aska::StNULL> > > > > > > >*, Aska::IParticleEmitter::EmitContext const*, Aska::IParticleEmitter::EmitContext*, StBoolean<true>)	emitter	decompiled	
0x25145b0	0x26145b0	484	_ZN4Aska15ParticleEmitterINS_11FeatureListINS_16ParticleFeatures5SpeedENS1_INS2_6MotionENS1_INS2_8RotationENS1_INS2_7TextureENS1_INS2_4LineENS1_INS2_8DynamicsENS1_INS_24ParticleDynamicsFeatures8DynamicsENS_6StNULLEEEEEEEEEEEEEEEE26LineSpeedAffectionRotationEPNS_15ParticleElementISI_EEPKNS_16IParticleEmitter11EmitContextEPNS_6VectorE9StBooleanILb1EE	Aska::ParticleEmitter<Aska::FeatureList<Aska::ParticleFeatures::Speed, Aska::FeatureList<Aska::ParticleFeatures::Motion, Aska::FeatureList<Aska::ParticleFeatures::Rotation, Aska::FeatureList<Aska::ParticleFeatures::Texture, Aska::FeatureList<Aska::ParticleFeatures::Line, Aska::FeatureList<Aska::ParticleFeatures::Dynamics, Aska::FeatureList<Aska::ParticleDynamicsFeatures::Dynamics, Aska::StNULL> > > > > > > >::LineSpeedAffectionRotation(Aska::ParticleElement<Aska::FeatureList<Aska::ParticleFeatures::Speed, Aska::FeatureList<Aska::ParticleFeatures::Motion, Aska::FeatureList<Aska::ParticleFeatures::Rotation, Aska::FeatureList<Aska::ParticleFeatures::Texture, Aska::FeatureList<Aska::ParticleFeatures::Line, Aska::FeatureList<Aska::ParticleFeatures::Dynamics, Aska::FeatureList<Aska::ParticleDynamicsFeatures::Dynamics, Aska::StNULL> > > > > > > >*, Aska::IParticleEmitter::EmitContext const*, Aska::Vector*, StBoolean<true>)	emitter	decompiled	
0x2514e14	0x2614e14	1020	_ZN4Aska15ParticleEmitterINS_11FeatureListINS_16ParticleFeatures5SpeedENS1_INS2_6MotionENS1_INS2_8RotationENS1_INS2_7TextureENS1_INS2_4LineENS1_INS2_8DynamicsENS1_INS_24ParticleDynamicsFeatures8DynamicsENS_6StNULLEEEEEEEEEEEEEEEE8SimulateEf	Aska::ParticleEmitter<Aska::FeatureList<Aska::ParticleFeatures::Speed, Aska::FeatureList<Aska::ParticleFeatures::Motion, Aska::FeatureList<Aska::ParticleFeatures::Rotation, Aska::FeatureList<Aska::ParticleFeatures::Texture, Aska::FeatureList<Aska::ParticleFeatures::Line, Aska::FeatureList<Aska::ParticleFeatures::Dynamics, Aska::FeatureList<Aska::ParticleDynamicsFeatures::Dynamics, Aska::StNULL> > > > > > > >::Simulate(float)	simulate	native	
0x2515210	0x2615210	516	_ZN4Aska15ParticleEmitterINS_11FeatureListINS_16ParticleFeatures5SpeedENS1_INS2_6MotionENS1_INS2_8RotationENS1_INS2_7TextureENS1_INS2_4LineENS1_INS2_8DynamicsENS1_INS_24ParticleDynamicsFeatures8DynamicsENS_6StNULLEEEEEEEEEEEEEEEE23EmitterAffectToParticleEPNS_6VectorEPNS_16IParticleEmitter13MatrixContextEf	Aska::ParticleEmitter<Aska::FeatureList<Aska::ParticleFeatures::Speed, Aska::FeatureList<Aska::ParticleFeatures::Motion, Aska::FeatureList<Aska::ParticleFeatures::Rotation, Aska::FeatureList<Aska::ParticleFeatures::Texture, Aska::FeatureList<Aska::ParticleFeatures::Line, Aska::FeatureList<Aska::ParticleFeatures::Dynamics, Aska::FeatureList<Aska::ParticleDynamicsFeatures::Dynamics, Aska::StNULL> > > > > > > >::EmitterAffectToParticle(Aska::Vector*, Aska::IParticleEmitter::MatrixContext*, float)	emitter	decompiled	
0x2515414	0x2615414	632	_ZN4Aska24ParticleRenderableObjectINS_11FeatureListINS_16ParticleFeatures5SpeedENS1_INS2_6MotionENS1_INS2_8RotationENS1_INS2_7TextureENS1_INS2_4LineENS1_INS2_8DynamicsENS1_INS_24ParticleDynamicsFeatures8DynamicsENS_6StNULLEEEEEEEEEEEEEEEE15RenderProcedureEfPNS_16IParticleEmitter13MatrixContextEb	Aska::ParticleRenderableObject<Aska::FeatureList<Aska::ParticleFeatures::Speed, Aska::FeatureList<Aska::ParticleFeatures::Motion, Aska::FeatureList<Aska::ParticleFeatures::Rotation, Aska::FeatureList<Aska::ParticleFeatures::Texture, Aska::FeatureList<Aska::ParticleFeatures::Line, Aska::FeatureList<Aska::ParticleFeatures::Dynamics, Aska::FeatureList<Aska::ParticleDynamicsFeatures::Dynamics, Aska::StNULL> > > > > > > >::RenderProcedure(float, Aska::IParticleEmitter::MatrixContext*, bool)	emitter	decompiled	
0x2517e74	0x2617e74	480	_ZN4Aska15ParticleEmitterINS_11FeatureListINS_16ParticleFeatures5SpeedENS1_INS2_6MotionENS1_INS2_8RotationENS1_INS2_7TextureENS1_INS2_8DynamicsENS1_INS_24ParticleDynamicsFeatures8DynamicsENS_6StNULLEEEEEEEEEEEEEE8EmitLinkEiPNS_16IParticleEmitter11EmitContextE	Aska::ParticleEmitter<Aska::FeatureList<Aska::ParticleFeatures::Speed, Aska::FeatureList<Aska::ParticleFeatures::Motion, Aska::FeatureList<Aska::ParticleFeatures::Rotation, Aska::FeatureList<Aska::ParticleFeatures::Texture, Aska::FeatureList<Aska::ParticleFeatures::Dynamics, Aska::FeatureList<Aska::ParticleDynamicsFeatures::Dynamics, Aska::StNULL> > > > > > >::EmitLink(int, Aska::IParticleEmitter::EmitContext*)	emitter	decompiled	
0x25182dc	0x26182dc	8444	_ZN4Aska15ParticleEmitterINS_11FeatureListINS_16ParticleFeatures5SpeedENS1_INS2_6MotionENS1_INS2_8RotationENS1_INS2_7TextureENS1_INS2_8DynamicsENS1_INS_24ParticleDynamicsFeatures8DynamicsENS_6StNULLEEEEEEEEEEEEEE4EmitEiPNS_16IParticleEmitter11EmitContextEPKNSI_13MatrixContextE	Aska::ParticleEmitter<Aska::FeatureList<Aska::ParticleFeatures::Speed, Aska::FeatureList<Aska::ParticleFeatures::Motion, Aska::FeatureList<Aska::ParticleFeatures::Rotation, Aska::FeatureList<Aska::ParticleFeatures::Texture, Aska::FeatureList<Aska::ParticleFeatures::Dynamics, Aska::FeatureList<Aska::ParticleDynamicsFeatures::Dynamics, Aska::StNULL> > > > > > >::Emit(int, Aska::IParticleEmitter::EmitContext*, Aska::IParticleEmitter::MatrixContext const*)	emitter	decompiled	
0x251a3d8	0x261a3d8	4856	_ZN4Aska15ParticleEmitterINS_11FeatureListINS_16ParticleFeatures5SpeedENS1_INS2_6MotionENS1_INS2_8RotationENS1_INS2_7TextureENS1_INS2_8DynamicsENS1_INS_24ParticleDynamicsFeatures8DynamicsENS_6StNULLEEEEEEEEEEEEEE10EmitMotionEPNS_15ParticleElementISG_EEPKNS_16IParticleEmitter11EmitContextEPSM_9StBooleanILb1EE	Aska::ParticleEmitter<Aska::FeatureList<Aska::ParticleFeatures::Speed, Aska::FeatureList<Aska::ParticleFeatures::Motion, Aska::FeatureList<Aska::ParticleFeatures::Rotation, Aska::FeatureList<Aska::ParticleFeatures::Texture, Aska::FeatureList<Aska::ParticleFeatures::Dynamics, Aska::FeatureList<Aska::ParticleDynamicsFeatures::Dynamics, Aska::StNULL> > > > > > >::EmitMotion(Aska::ParticleElement<Aska::FeatureList<Aska::ParticleFeatures::Speed, Aska::FeatureList<Aska::ParticleFeatures::Motion, Aska::FeatureList<Aska::ParticleFeatures::Rotation, Aska::FeatureList<Aska::ParticleFeatures::Texture, Aska::FeatureList<Aska::ParticleFeatures::Dynamics, Aska::FeatureList<Aska::ParticleDynamicsFeatures::Dynamics, Aska::StNULL> > > > > > >*, Aska::IParticleEmitter::EmitContext const*, Aska::IParticleEmitter::EmitContext*, StBoolean<true>)	emitter	decompiled	
0x251b6d0	0x261b6d0	2008	_ZN4Aska15ParticleEmitterINS_11FeatureListINS_16ParticleFeatures5SpeedENS1_INS2_6MotionENS1_INS2_8RotationENS1_INS2_7TextureENS1_INS2_8DynamicsENS1_INS_24ParticleDynamicsFeatures8DynamicsENS_6StNULLEEEEEEEEEEEEEE12EmitRotationEPNS_15ParticleElementISG_EEPKNS_16IParticleEmitter11EmitContextEPSM_9StBooleanILb1EE	Aska::ParticleEmitter<Aska::FeatureList<Aska::ParticleFeatures::Speed, Aska::FeatureList<Aska::ParticleFeatures::Motion, Aska::FeatureList<Aska::ParticleFeatures::Rotation, Aska::FeatureList<Aska::ParticleFeatures::Texture, Aska::FeatureList<Aska::ParticleFeatures::Dynamics, Aska::FeatureList<Aska::ParticleDynamicsFeatures::Dynamics, Aska::StNULL> > > > > > >::EmitRotation(Aska::ParticleElement<Aska::FeatureList<Aska::ParticleFeatures::Speed, Aska::FeatureList<Aska::ParticleFeatures::Motion, Aska::FeatureList<Aska::ParticleFeatures::Rotation, Aska::FeatureList<Aska::ParticleFeatures::Texture, Aska::FeatureList<Aska::ParticleFeatures::Dynamics, Aska::FeatureList<Aska::ParticleDynamicsFeatures::Dynamics, Aska::StNULL> > > > > > >*, Aska::IParticleEmitter::EmitContext const*, Aska::IParticleEmitter::EmitContext*, StBoolean<true>)	emitter	decompiled	
0x251c4f8	0x261c4f8	484	_ZN4Aska15ParticleEmitterINS_11FeatureListINS_16ParticleFeatures5SpeedENS1_INS2_6MotionENS1_INS2_8RotationENS1_INS2_7TextureENS1_INS2_8DynamicsENS1_INS_24ParticleDynamicsFeatures8DynamicsENS_6StNULLEEEEEEEEEEEEEE26LineSpeedAffectionRotationEPNS_15ParticleElementISG_EEPKNS_16IParticleEmitter11EmitContextEPNS_6VectorE9StBooleanILb1EE	Aska::ParticleEmitter<Aska::FeatureList<Aska::ParticleFeatures::Speed, Aska::FeatureList<Aska::ParticleFeatures::Motion, Aska::FeatureList<Aska::ParticleFeatures::Rotation, Aska::FeatureList<Aska::ParticleFeatures::Texture, Aska::FeatureList<Aska::ParticleFeatures::Dynamics, Aska::FeatureList<Aska::ParticleDynamicsFeatures::Dynamics, Aska::StNULL> > > > > > >::LineSpeedAffectionRotation(Aska::ParticleElement<Aska::FeatureList<Aska::ParticleFeatures::Speed, Aska::FeatureList<Aska::ParticleFeatures::Motion, Aska::FeatureList<Aska::ParticleFeatures::Rotation, Aska::FeatureList<Aska::ParticleFeatures::Texture, Aska::FeatureList<Aska::ParticleFeatures::Dynamics, Aska::FeatureList<Aska::ParticleDynamicsFeatures::Dynamics, Aska::StNULL> > > > > > >*, Aska::IParticleEmitter::EmitContext const*, Aska::Vector*, StBoolean<true>)	emitter	decompiled	
0x251cc34	0x261cc34	1020	_ZN4Aska15ParticleEmitterINS_11FeatureListINS_16ParticleFeatures5SpeedENS1_INS2_6MotionENS1_INS2_8RotationENS1_INS2_7TextureENS1_INS2_8DynamicsENS1_INS_24ParticleDynamicsFeatures8DynamicsENS_6StNULLEEEEEEEEEEEEEE8SimulateEf	Aska::ParticleEmitter<Aska::FeatureList<Aska::ParticleFeatures::Speed, Aska::FeatureList<Aska::ParticleFeatures::Motion, Aska::FeatureList<Aska::ParticleFeatures::Rotation, Aska::FeatureList<Aska::ParticleFeatures::Texture, Aska::FeatureList<Aska::ParticleFeatures::Dynamics, Aska::FeatureList<Aska::ParticleDynamicsFeatures::Dynamics, Aska::StNULL> > > > > > >::Simulate(float)	simulate	native	
0x251d030	0x261d030	516	_ZN4Aska15ParticleEmitterINS_11FeatureListINS_16ParticleFeatures5SpeedENS1_INS2_6MotionENS1_INS2_8RotationENS1_INS2_7TextureENS1_INS2_8DynamicsENS1_INS_24ParticleDynamicsFeatures8DynamicsENS_6StNULLEEEEEEEEEEEEEE23EmitterAffectToParticleEPNS_6VectorEPNS_16IParticleEmitter13MatrixContextEf	Aska::ParticleEmitter<Aska::FeatureList<Aska::ParticleFeatures::Speed, Aska::FeatureList<Aska::ParticleFeatures::Motion, Aska::FeatureList<Aska::ParticleFeatures::Rotation, Aska::FeatureList<Aska::ParticleFeatures::Texture, Aska::FeatureList<Aska::ParticleFeatures::Dynamics, Aska::FeatureList<Aska::ParticleDynamicsFeatures::Dynamics, Aska::StNULL> > > > > > >::EmitterAffectToParticle(Aska::Vector*, Aska::IParticleEmitter::MatrixContext*, float)	emitter	decompiled	
0x251d234	0x261d234	632	_ZN4Aska24ParticleRenderableObjectINS_11FeatureListINS_16ParticleFeatures5SpeedENS1_INS2_6MotionENS1_INS2_8RotationENS1_INS2_7TextureENS1_INS2_8DynamicsENS1_INS_24ParticleDynamicsFeatures8DynamicsENS_6StNULLEEEEEEEEEEEEEE15RenderProcedureEfPNS_16IParticleEmitter13MatrixContextEb	Aska::ParticleRenderableObject<Aska::FeatureList<Aska::ParticleFeatures::Speed, Aska::FeatureList<Aska::ParticleFeatures::Motion, Aska::FeatureList<Aska::ParticleFeatures::Rotation, Aska::FeatureList<Aska::ParticleFeatures::Texture, Aska::FeatureList<Aska::ParticleFeatures::Dynamics, Aska::FeatureList<Aska::ParticleDynamicsFeatures::Dynamics, Aska::StNULL> > > > > > >::RenderProcedure(float, Aska::IParticleEmitter::MatrixContext*, bool)	emitter	decompiled	
0x251ea0c	0x261ea0c	460	_ZN4Aska15ParticleManager14CreateParticleINS_11FeatureListINS_16ParticleFeatures5SpeedENS2_INS3_6MotionENS2_INS3_7TextureENS2_INS3_9LifeLimitENS2_INS3_4LineENS_6StNULLEEEEEEEEEEEEEPNS_15ParticleEmitterIT_EEPKNS_3AFF18AsfParticleEmitterE	Aska::ParticleEmitter<Aska::FeatureList<Aska::ParticleFeatures::Speed, Aska::FeatureList<Aska::ParticleFeatures::Motion, Aska::FeatureList<Aska::ParticleFeatures::Texture, Aska::FeatureList<Aska::ParticleFeatures::LifeLimit, Aska::FeatureList<Aska::ParticleFeatures::Line, Aska::StNULL> > > > > >* Aska::ParticleManager::CreateParticle<Aska::FeatureList<Aska::ParticleFeatures::Speed, Aska::FeatureList<Aska::ParticleFeatures::Motion, Aska::FeatureList<Aska::ParticleFeatures::Texture, Aska::FeatureList<Aska::ParticleFeatures::LifeLimit, Aska::FeatureList<Aska::ParticleFeatures::Line, Aska::StNULL> > > > > >(Aska::AFF::AsfParticleEmitter const*)	manager	decompiled	
0x251ebd8	0x261ebd8	428	_ZN4Aska15ParticleManager14CreateParticleINS_11FeatureListINS_16ParticleFeatures5SpeedENS2_INS3_6MotionENS2_INS3_7TextureENS2_INS3_9LifeLimitENS_6StNULLEEEEEEEEEEEPNS_15ParticleEmitterIT_EEPKNS_3AFF18AsfParticleEmitterE	Aska::ParticleEmitter<Aska::FeatureList<Aska::ParticleFeatures::Speed, Aska::FeatureList<Aska::ParticleFeatures::Motion, Aska::FeatureList<Aska::ParticleFeatures::Texture, Aska::FeatureList<Aska::ParticleFeatures::LifeLimit, Aska::StNULL> > > > >* Aska::ParticleManager::CreateParticle<Aska::FeatureList<Aska::ParticleFeatures::Speed, Aska::FeatureList<Aska::ParticleFeatures::Motion, Aska::FeatureList<Aska::ParticleFeatures::Texture, Aska::FeatureList<Aska::ParticleFeatures::LifeLimit, Aska::StNULL> > > > >(Aska::AFF::AsfParticleEmitter const*)	manager	decompiled	
0x251ed84	0x261ed84	448	_ZN4Aska15ParticleManager14CreateParticleINS_11FeatureListINS_16ParticleFeatures5SpeedENS2_INS3_6MotionENS2_INS3_7TextureENS2_INS3_4LineENS_6StNULLEEEEEEEEEEEPNS_15ParticleEmitterIT_EEPKNS_3AFF18AsfParticleEmitterE	Aska::ParticleEmitter<Aska::FeatureList<Aska::ParticleFeatures::Speed, Aska::FeatureList<Aska::ParticleFeatures::Motion, Aska::FeatureList<Aska::ParticleFeatures::Texture, Aska::FeatureList<Aska::ParticleFeatures::Line, Aska::StNULL> > > > >* Aska::ParticleManager::CreateParticle<Aska::FeatureList<Aska::ParticleFeatures::Speed, Aska::FeatureList<Aska::ParticleFeatures::Motion, Aska::FeatureList<Aska::ParticleFeatures::Texture, Aska::FeatureList<Aska::ParticleFeatures::Line, Aska::StNULL> > > > >(Aska::AFF::AsfParticleEmitter const*)	manager	decompiled	
0x251ef44	0x261ef44	416	_ZN4Aska15ParticleManager14CreateParticleINS_11FeatureListINS_16ParticleFeatures5SpeedENS2_INS3_6MotionENS2_INS3_7TextureENS_6StNULLEEEEEEEEEPNS_15ParticleEmitterIT_EEPKNS_3AFF18AsfParticleEmitterE	Aska::ParticleEmitter<Aska::FeatureList<Aska::ParticleFeatures::Speed, Aska::FeatureList<Aska::ParticleFeatures::Motion, Aska::FeatureList<Aska::ParticleFeatures::Texture, Aska::StNULL> > > >* Aska::ParticleManager::CreateParticle<Aska::FeatureList<Aska::ParticleFeatures::Speed, Aska::FeatureList<Aska::ParticleFeatures::Motion, Aska::FeatureList<Aska::ParticleFeatures::Texture, Aska::StNULL> > > >(Aska::AFF::AsfParticleEmitter const*)	manager	decompiled	
0x25205c0	0x26205c0	480	_ZN4Aska15ParticleEmitterINS_11FeatureListINS_16ParticleFeatures5SpeedENS1_INS2_6MotionENS1_INS2_7TextureENS1_INS2_9LifeLimitENS1_INS2_4LineENS_6StNULLEEEEEEEEEEEE8EmitLinkEiPNS_16IParticleEmitter11EmitContextE	Aska::ParticleEmitter<Aska::FeatureList<Aska::ParticleFeatures::Speed, Aska::FeatureList<Aska::ParticleFeatures::Motion, Aska::FeatureList<Aska::ParticleFeatures::Texture, Aska::FeatureList<Aska::ParticleFeatures::LifeLimit, Aska::FeatureList<Aska::ParticleFeatures::Line, Aska::StNULL> > > > > >::EmitLink(int, Aska::IParticleEmitter::EmitContext*)	emitter	decompiled	
0x25208d0	0x26208d0	7868	_ZN4Aska15ParticleEmitterINS_11FeatureListINS_16ParticleFeatures5SpeedENS1_INS2_6MotionENS1_INS2_7TextureENS1_INS2_9LifeLimitENS1_INS2_4LineENS_6StNULLEEEEEEEEEEEE4EmitEiPNS_16IParticleEmitter11EmitContextEPKNSF_13MatrixContextE	Aska::ParticleEmitter<Aska::FeatureList<Aska::ParticleFeatures::Speed, Aska::FeatureList<Aska::ParticleFeatures::Motion, Aska::FeatureList<Aska::ParticleFeatures::Texture, Aska::FeatureList<Aska::ParticleFeatures::LifeLimit, Aska::FeatureList<Aska::ParticleFeatures::Line, Aska::StNULL> > > > > >::Emit(int, Aska::IParticleEmitter::EmitContext*, Aska::IParticleEmitter::MatrixContext const*)	emitter	decompiled	
0x252278c	0x262278c	4848	_ZN4Aska15ParticleEmitterINS_11FeatureListINS_16ParticleFeatures5SpeedENS1_INS2_6MotionENS1_INS2_7TextureENS1_INS2_9LifeLimitENS1_INS2_4LineENS_6StNULLEEEEEEEEEEEE10EmitMotionEPNS_15ParticleElementISD_EEPKNS_16IParticleEmitter11EmitContextEPSJ_9StBooleanILb1EE	Aska::ParticleEmitter<Aska::FeatureList<Aska::ParticleFeatures::Speed, Aska::FeatureList<Aska::ParticleFeatures::Motion, Aska::FeatureList<Aska::ParticleFeatures::Texture, Aska::FeatureList<Aska::ParticleFeatures::LifeLimit, Aska::FeatureList<Aska::ParticleFeatures::Line, Aska::StNULL> > > > > >::EmitMotion(Aska::ParticleElement<Aska::FeatureList<Aska::ParticleFeatures::Speed, Aska::FeatureList<Aska::ParticleFeatures::Motion, Aska::FeatureList<Aska::ParticleFeatures::Texture, Aska::FeatureList<Aska::ParticleFeatures::LifeLimit, Aska::FeatureList<Aska::ParticleFeatures::Line, Aska::StNULL> > > > > >*, Aska::IParticleEmitter::EmitContext const*, Aska::IParticleEmitter::EmitContext*, StBoolean<true>)	emitter	decompiled	
0x25244d8	0x26244d8	1020	_ZN4Aska15ParticleEmitterINS_11FeatureListINS_16ParticleFeatures5SpeedENS1_INS2_6MotionENS1_INS2_7TextureENS1_INS2_9LifeLimitENS1_INS2_4LineENS_6StNULLEEEEEEEEEEEE8SimulateEf	Aska::ParticleEmitter<Aska::FeatureList<Aska::ParticleFeatures::Speed, Aska::FeatureList<Aska::ParticleFeatures::Motion, Aska::FeatureList<Aska::ParticleFeatures::Texture, Aska::FeatureList<Aska::ParticleFeatures::LifeLimit, Aska::FeatureList<Aska::ParticleFeatures::Line, Aska::StNULL> > > > > >::Simulate(float)	simulate	native	
0x25248d4	0x26248d4	516	_ZN4Aska15ParticleEmitterINS_11FeatureListINS_16ParticleFeatures5SpeedENS1_INS2_6MotionENS1_INS2_7TextureENS1_INS2_9LifeLimitENS1_INS2_4LineENS_6StNULLEEEEEEEEEEEE23EmitterAffectToParticleEPNS_6VectorEPNS_16IParticleEmitter13MatrixContextEf	Aska::ParticleEmitter<Aska::FeatureList<Aska::ParticleFeatures::Speed, Aska::FeatureList<Aska::ParticleFeatures::Motion, Aska::FeatureList<Aska::ParticleFeatures::Texture, Aska::FeatureList<Aska::ParticleFeatures::LifeLimit, Aska::FeatureList<Aska::ParticleFeatures::Line, Aska::StNULL> > > > > >::EmitterAffectToParticle(Aska::Vector*, Aska::IParticleEmitter::MatrixContext*, float)	emitter	decompiled	
0x2524ad8	0x2624ad8	616	_ZN4Aska24ParticleRenderableObjectINS_11FeatureListINS_16ParticleFeatures5SpeedENS1_INS2_6MotionENS1_INS2_7TextureENS1_INS2_9LifeLimitENS1_INS2_4LineENS_6StNULLEEEEEEEEEEEE15RenderProcedureEfPNS_16IParticleEmitter13MatrixContextEb	Aska::ParticleRenderableObject<Aska::FeatureList<Aska::ParticleFeatures::Speed, Aska::FeatureList<Aska::ParticleFeatures::Motion, Aska::FeatureList<Aska::ParticleFeatures::Texture, Aska::FeatureList<Aska::ParticleFeatures::LifeLimit, Aska::FeatureList<Aska::ParticleFeatures::Line, Aska::StNULL> > > > > >::RenderProcedure(float, Aska::IParticleEmitter::MatrixContext*, bool)	emitter	decompiled	
0x25282b0	0x26282b0	480	_ZN4Aska15ParticleEmitterINS_11FeatureListINS_16ParticleFeatures5SpeedENS1_INS2_6MotionENS1_INS2_7TextureENS1_INS2_9LifeLimitENS_6StNULLEEEEEEEEEE8EmitLinkEiPNS_16IParticleEmitter11EmitContextE	Aska::ParticleEmitter<Aska::FeatureList<Aska::ParticleFeatures::Speed, Aska::FeatureList<Aska::ParticleFeatures::Motion, Aska::FeatureList<Aska::ParticleFeatures::Texture, Aska::FeatureList<Aska::ParticleFeatures::LifeLimit, Aska::StNULL> > > > >::EmitLink(int, Aska::IParticleEmitter::EmitContext*)	emitter	decompiled	
0x25285c0	0x26285c0	8364	_ZN4Aska15ParticleEmitterINS_11FeatureListINS_16ParticleFeatures5SpeedENS1_INS2_6MotionENS1_INS2_7TextureENS1_INS2_9LifeLimitENS_6StNULLEEEEEEEEEE4EmitEiPNS_16IParticleEmitter11EmitContextEPKNSD_13MatrixContextE	Aska::ParticleEmitter<Aska::FeatureList<Aska::ParticleFeatures::Speed, Aska::FeatureList<Aska::ParticleFeatures::Motion, Aska::FeatureList<Aska::ParticleFeatures::Texture, Aska::FeatureList<Aska::ParticleFeatures::LifeLimit, Aska::StNULL> > > > >::Emit(int, Aska::IParticleEmitter::EmitContext*, Aska::IParticleEmitter::MatrixContext const*)	emitter	decompiled	
0x252a66c	0x262a66c	4848	_ZN4Aska15ParticleEmitterINS_11FeatureListINS_16ParticleFeatures5SpeedENS1_INS2_6MotionENS1_INS2_7TextureENS1_INS2_9LifeLimitENS_6StNULLEEEEEEEEEE10EmitMotionEPNS_15ParticleElementISB_EEPKNS_16IParticleEmitter11EmitContextEPSH_9StBooleanILb1EE	Aska::ParticleEmitter<Aska::FeatureList<Aska::ParticleFeatures::Speed, Aska::FeatureList<Aska::ParticleFeatures::Motion, Aska::FeatureList<Aska::ParticleFeatures::Texture, Aska::FeatureList<Aska::ParticleFeatures::LifeLimit, Aska::StNULL> > > > >::EmitMotion(Aska::ParticleElement<Aska::FeatureList<Aska::ParticleFeatures::Speed, Aska::FeatureList<Aska::ParticleFeatures::Motion, Aska::FeatureList<Aska::ParticleFeatures::Texture, Aska::FeatureList<Aska::ParticleFeatures::LifeLimit, Aska::StNULL> > > > >*, Aska::IParticleEmitter::EmitContext const*, Aska::IParticleEmitter::EmitContext*, StBoolean<true>)	emitter	decompiled	
0x252c290	0x262c290	1020	_ZN4Aska15ParticleEmitterINS_11FeatureListINS_16ParticleFeatures5SpeedENS1_INS2_6MotionENS1_INS2_7TextureENS1_INS2_9LifeLimitENS_6StNULLEEEEEEEEEE8SimulateEf	Aska::ParticleEmitter<Aska::FeatureList<Aska::ParticleFeatures::Speed, Aska::FeatureList<Aska::ParticleFeatures::Motion, Aska::FeatureList<Aska::ParticleFeatures::Texture, Aska::FeatureList<Aska::ParticleFeatures::LifeLimit, Aska::StNULL> > > > >::Simulate(float)	simulate	native	
0x252c68c	0x262c68c	516	_ZN4Aska15ParticleEmitterINS_11FeatureListINS_16ParticleFeatures5SpeedENS1_INS2_6MotionENS1_INS2_7TextureENS1_INS2_9LifeLimitENS_6StNULLEEEEEEEEEE23EmitterAffectToParticleEPNS_6VectorEPNS_16IParticleEmitter13MatrixContextEf	Aska::ParticleEmitter<Aska::FeatureList<Aska::ParticleFeatures::Speed, Aska::FeatureList<Aska::ParticleFeatures::Motion, Aska::FeatureList<Aska::ParticleFeatures::Texture, Aska::FeatureList<Aska::ParticleFeatures::LifeLimit, Aska::StNULL> > > > >::EmitterAffectToParticle(Aska::Vector*, Aska::IParticleEmitter::MatrixContext*, float)	emitter	decompiled	
0x252c890	0x262c890	616	_ZN4Aska24ParticleRenderableObjectINS_11FeatureListINS_16ParticleFeatures5SpeedENS1_INS2_6MotionENS1_INS2_7TextureENS1_INS2_9LifeLimitENS_6StNULLEEEEEEEEEE15RenderProcedureEfPNS_16IParticleEmitter13MatrixContextEb	Aska::ParticleRenderableObject<Aska::FeatureList<Aska::ParticleFeatures::Speed, Aska::FeatureList<Aska::ParticleFeatures::Motion, Aska::FeatureList<Aska::ParticleFeatures::Texture, Aska::FeatureList<Aska::ParticleFeatures::LifeLimit, Aska::StNULL> > > > >::RenderProcedure(float, Aska::IParticleEmitter::MatrixContext*, bool)	emitter	decompiled	
0x25300c8	0x26300c8	480	_ZN4Aska15ParticleEmitterINS_11FeatureListINS_16ParticleFeatures5SpeedENS1_INS2_6MotionENS1_INS2_7TextureENS1_INS2_4LineENS_6StNULLEEEEEEEEEE8EmitLinkEiPNS_16IParticleEmitter11EmitContextE	Aska::ParticleEmitter<Aska::FeatureList<Aska::ParticleFeatures::Speed, Aska::FeatureList<Aska::ParticleFeatures::Motion, Aska::FeatureList<Aska::ParticleFeatures::Texture, Aska::FeatureList<Aska::ParticleFeatures::Line, Aska::StNULL> > > > >::EmitLink(int, Aska::IParticleEmitter::EmitContext*)	emitter	decompiled	
0x25303d8	0x26303d8	7860	_ZN4Aska15ParticleEmitterINS_11FeatureListINS_16ParticleFeatures5SpeedENS1_INS2_6MotionENS1_INS2_7TextureENS1_INS2_4LineENS_6StNULLEEEEEEEEEE4EmitEiPNS_16IParticleEmitter11EmitContextEPKNSD_13MatrixContextE	Aska::ParticleEmitter<Aska::FeatureList<Aska::ParticleFeatures::Speed, Aska::FeatureList<Aska::ParticleFeatures::Motion, Aska::FeatureList<Aska::ParticleFeatures::Texture, Aska::FeatureList<Aska::ParticleFeatures::Line, Aska::StNULL> > > > >::Emit(int, Aska::IParticleEmitter::EmitContext*, Aska::IParticleEmitter::MatrixContext const*)	emitter	decompiled	
0x253228c	0x263228c	4848	_ZN4Aska15ParticleEmitterINS_11FeatureListINS_16ParticleFeatures5SpeedENS1_INS2_6MotionENS1_INS2_7TextureENS1_INS2_4LineENS_6StNULLEEEEEEEEEE10EmitMotionEPNS_15ParticleElementISB_EEPKNS_16IParticleEmitter11EmitContextEPSH_9StBooleanILb1EE	Aska::ParticleEmitter<Aska::FeatureList<Aska::ParticleFeatures::Speed, Aska::FeatureList<Aska::ParticleFeatures::Motion, Aska::FeatureList<Aska::ParticleFeatures::Texture, Aska::FeatureList<Aska::ParticleFeatures::Line, Aska::StNULL> > > > >::EmitMotion(Aska::ParticleElement<Aska::FeatureList<Aska::ParticleFeatures::Speed, Aska::FeatureList<Aska::ParticleFeatures::Motion, Aska::FeatureList<Aska::ParticleFeatures::Texture, Aska::FeatureList<Aska::ParticleFeatures::Line, Aska::StNULL> > > > >*, Aska::IParticleEmitter::EmitContext const*, Aska::IParticleEmitter::EmitContext*, StBoolean<true>)	emitter	decompiled	
0x2533fd8	0x2633fd8	1020	_ZN4Aska15ParticleEmitterINS_11FeatureListINS_16ParticleFeatures5SpeedENS1_INS2_6MotionENS1_INS2_7TextureENS1_INS2_4LineENS_6StNULLEEEEEEEEEE8SimulateEf	Aska::ParticleEmitter<Aska::FeatureList<Aska::ParticleFeatures::Speed, Aska::FeatureList<Aska::ParticleFeatures::Motion, Aska::FeatureList<Aska::ParticleFeatures::Texture, Aska::FeatureList<Aska::ParticleFeatures::Line, Aska::StNULL> > > > >::Simulate(float)	simulate	native	
0x25343d4	0x26343d4	516	_ZN4Aska15ParticleEmitterINS_11FeatureListINS_16ParticleFeatures5SpeedENS1_INS2_6MotionENS1_INS2_7TextureENS1_INS2_4LineENS_6StNULLEEEEEEEEEE23EmitterAffectToParticleEPNS_6VectorEPNS_16IParticleEmitter13MatrixContextEf	Aska::ParticleEmitter<Aska::FeatureList<Aska::ParticleFeatures::Speed, Aska::FeatureList<Aska::ParticleFeatures::Motion, Aska::FeatureList<Aska::ParticleFeatures::Texture, Aska::FeatureList<Aska::ParticleFeatures::Line, Aska::StNULL> > > > >::EmitterAffectToParticle(Aska::Vector*, Aska::IParticleEmitter::MatrixContext*, float)	emitter	decompiled	
0x25345d8	0x26345d8	616	_ZN4Aska24ParticleRenderableObjectINS_11FeatureListINS_16ParticleFeatures5SpeedENS1_INS2_6MotionENS1_INS2_7TextureENS1_INS2_4LineENS_6StNULLEEEEEEEEEE15RenderProcedureEfPNS_16IParticleEmitter13MatrixContextEb	Aska::ParticleRenderableObject<Aska::FeatureList<Aska::ParticleFeatures::Speed, Aska::FeatureList<Aska::ParticleFeatures::Motion, Aska::FeatureList<Aska::ParticleFeatures::Texture, Aska::FeatureList<Aska::ParticleFeatures::Line, Aska::StNULL> > > > >::RenderProcedure(float, Aska::IParticleEmitter::MatrixContext*, bool)	emitter	decompiled	
0x2537218	0x2637218	480	_ZN4Aska15ParticleEmitterINS_11FeatureListINS_16ParticleFeatures5SpeedENS1_INS2_6MotionENS1_INS2_7TextureENS_6StNULLEEEEEEEE8EmitLinkEiPNS_16IParticleEmitter11EmitContextE	Aska::ParticleEmitter<Aska::FeatureList<Aska::ParticleFeatures::Speed, Aska::FeatureList<Aska::ParticleFeatures::Motion, Aska::FeatureList<Aska::ParticleFeatures::Texture, Aska::StNULL> > > >::EmitLink(int, Aska::IParticleEmitter::EmitContext*)	emitter	decompiled	
0x2537528	0x2637528	8356	_ZN4Aska15ParticleEmitterINS_11FeatureListINS_16ParticleFeatures5SpeedENS1_INS2_6MotionENS1_INS2_7TextureENS_6StNULLEEEEEEEE4EmitEiPNS_16IParticleEmitter11EmitContextEPKNSB_13MatrixContextE	Aska::ParticleEmitter<Aska::FeatureList<Aska::ParticleFeatures::Speed, Aska::FeatureList<Aska::ParticleFeatures::Motion, Aska::FeatureList<Aska::ParticleFeatures::Texture, Aska::StNULL> > > >::Emit(int, Aska::IParticleEmitter::EmitContext*, Aska::IParticleEmitter::MatrixContext const*)	emitter	decompiled	
0x25395cc	0x26395cc	4848	_ZN4Aska15ParticleEmitterINS_11FeatureListINS_16ParticleFeatures5SpeedENS1_INS2_6MotionENS1_INS2_7TextureENS_6StNULLEEEEEEEE10EmitMotionEPNS_15ParticleElementIS9_EEPKNS_16IParticleEmitter11EmitContextEPSF_9StBooleanILb1EE	Aska::ParticleEmitter<Aska::FeatureList<Aska::ParticleFeatures::Speed, Aska::FeatureList<Aska::ParticleFeatures::Motion, Aska::FeatureList<Aska::ParticleFeatures::Texture, Aska::StNULL> > > >::EmitMotion(Aska::ParticleElement<Aska::FeatureList<Aska::ParticleFeatures::Speed, Aska::FeatureList<Aska::ParticleFeatures::Motion, Aska::FeatureList<Aska::ParticleFeatures::Texture, Aska::StNULL> > > >*, Aska::IParticleEmitter::EmitContext const*, Aska::IParticleEmitter::EmitContext*, StBoolean<true>)	emitter	decompiled	
0x253b1f0	0x263b1f0	1020	_ZN4Aska15ParticleEmitterINS_11FeatureListINS_16ParticleFeatures5SpeedENS1_INS2_6MotionENS1_INS2_7TextureENS_6StNULLEEEEEEEE8SimulateEf	Aska::ParticleEmitter<Aska::FeatureList<Aska::ParticleFeatures::Speed, Aska::FeatureList<Aska::ParticleFeatures::Motion, Aska::FeatureList<Aska::ParticleFeatures::Texture, Aska::StNULL> > > >::Simulate(float)	simulate	native	
0x253b5ec	0x263b5ec	516	_ZN4Aska15ParticleEmitterINS_11FeatureListINS_16ParticleFeatures5SpeedENS1_INS2_6MotionENS1_INS2_7TextureENS_6StNULLEEEEEEEE23EmitterAffectToParticleEPNS_6VectorEPNS_16IParticleEmitter13MatrixContextEf	Aska::ParticleEmitter<Aska::FeatureList<Aska::ParticleFeatures::Speed, Aska::FeatureList<Aska::ParticleFeatures::Motion, Aska::FeatureList<Aska::ParticleFeatures::Texture, Aska::StNULL> > > >::EmitterAffectToParticle(Aska::Vector*, Aska::IParticleEmitter::MatrixContext*, float)	emitter	decompiled	
0x253b7f0	0x263b7f0	616	_ZN4Aska24ParticleRenderableObjectINS_11FeatureListINS_16ParticleFeatures5SpeedENS1_INS2_6MotionENS1_INS2_7TextureENS_6StNULLEEEEEEEE15RenderProcedureEfPNS_16IParticleEmitter13MatrixContextEb	Aska::ParticleRenderableObject<Aska::FeatureList<Aska::ParticleFeatures::Speed, Aska::FeatureList<Aska::ParticleFeatures::Motion, Aska::FeatureList<Aska::ParticleFeatures::Texture, Aska::StNULL> > > >::RenderProcedure(float, Aska::IParticleEmitter::MatrixContext*, bool)	emitter	decompiled	
0x253d120	0x263d120	476	_ZN4Aska15ParticleManager14CreateParticleINS_11FeatureListINS_16ParticleFeatures5SpeedENS2_INS3_6MotionENS2_INS3_7TextureENS2_INS3_9LifeLimitENS2_INS3_4LineENS2_INS3_8DynamicsENS2_INS_24ParticleDynamicsFeatures8DynamicsENS_6StNULLEEEEEEEEEEEEEEEEEPNS_15ParticleEmitterIT_EEPKNS_3AFF18AsfParticleEmitterE	Aska::ParticleEmitter<Aska::FeatureList<Aska::ParticleFeatures::Speed, Aska::FeatureList<Aska::ParticleFeatures::Motion, Aska::FeatureList<Aska::ParticleFeatures::Texture, Aska::FeatureList<Aska::ParticleFeatures::LifeLimit, Aska::FeatureList<Aska::ParticleFeatures::Line, Aska::FeatureList<Aska::ParticleFeatures::Dynamics, Aska::FeatureList<Aska::ParticleDynamicsFeatures::Dynamics, Aska::StNULL> > > > > > > >* Aska::ParticleManager::CreateParticle<Aska::FeatureList<Aska::ParticleFeatures::Speed, Aska::FeatureList<Aska::ParticleFeatures::Motion, Aska::FeatureList<Aska::ParticleFeatures::Texture, Aska::FeatureList<Aska::ParticleFeatures::LifeLimit, Aska::FeatureList<Aska::ParticleFeatures::Line, Aska::FeatureList<Aska::ParticleFeatures::Dynamics, Aska::FeatureList<Aska::ParticleDynamicsFeatures::Dynamics, Aska::StNULL> > > > > > > >(Aska::AFF::AsfParticleEmitter const*)	manager	decompiled	
0x253d2fc	0x263d2fc	444	_ZN4Aska15ParticleManager14CreateParticleINS_11FeatureListINS_16ParticleFeatures5SpeedENS2_INS3_6MotionENS2_INS3_7TextureENS2_INS3_9LifeLimitENS2_INS3_8DynamicsENS2_INS_24ParticleDynamicsFeatures8DynamicsENS_6StNULLEEEEEEEEEEEEEEEPNS_15ParticleEmitterIT_EEPKNS_3AFF18AsfParticleEmitterE	Aska::ParticleEmitter<Aska::FeatureList<Aska::ParticleFeatures::Speed, Aska::FeatureList<Aska::ParticleFeatures::Motion, Aska::FeatureList<Aska::ParticleFeatures::Texture, Aska::FeatureList<Aska::ParticleFeatures::LifeLimit, Aska::FeatureList<Aska::ParticleFeatures::Dynamics, Aska::FeatureList<Aska::ParticleDynamicsFeatures::Dynamics, Aska::StNULL> > > > > > >* Aska::ParticleManager::CreateParticle<Aska::FeatureList<Aska::ParticleFeatures::Speed, Aska::FeatureList<Aska::ParticleFeatures::Motion, Aska::FeatureList<Aska::ParticleFeatures::Texture, Aska::FeatureList<Aska::ParticleFeatures::LifeLimit, Aska::FeatureList<Aska::ParticleFeatures::Dynamics, Aska::FeatureList<Aska::ParticleDynamicsFeatures::Dynamics, Aska::StNULL> > > > > > >(Aska::AFF::AsfParticleEmitter const*)	manager	decompiled	
0x253d4b8	0x263d4b8	464	_ZN4Aska15ParticleManager14CreateParticleINS_11FeatureListINS_16ParticleFeatures5SpeedENS2_INS3_6MotionENS2_INS3_7TextureENS2_INS3_4LineENS2_INS3_8DynamicsENS2_INS_24ParticleDynamicsFeatures8DynamicsENS_6StNULLEEEEEEEEEEEEEEEPNS_15ParticleEmitterIT_EEPKNS_3AFF18AsfParticleEmitterE	Aska::ParticleEmitter<Aska::FeatureList<Aska::ParticleFeatures::Speed, Aska::FeatureList<Aska::ParticleFeatures::Motion, Aska::FeatureList<Aska::ParticleFeatures::Texture, Aska::FeatureList<Aska::ParticleFeatures::Line, Aska::FeatureList<Aska::ParticleFeatures::Dynamics, Aska::FeatureList<Aska::ParticleDynamicsFeatures::Dynamics, Aska::StNULL> > > > > > >* Aska::ParticleManager::CreateParticle<Aska::FeatureList<Aska::ParticleFeatures::Speed, Aska::FeatureList<Aska::ParticleFeatures::Motion, Aska::FeatureList<Aska::ParticleFeatures::Texture, Aska::FeatureList<Aska::ParticleFeatures::Line, Aska::FeatureList<Aska::ParticleFeatures::Dynamics, Aska::FeatureList<Aska::ParticleDynamicsFeatures::Dynamics, Aska::StNULL> > > > > > >(Aska::AFF::AsfParticleEmitter const*)	manager	decompiled	
0x253d688	0x263d688	432	_ZN4Aska15ParticleManager14CreateParticleINS_11FeatureListINS_16ParticleFeatures5SpeedENS2_INS3_6MotionENS2_INS3_7TextureENS2_INS3_8DynamicsENS2_INS_24ParticleDynamicsFeatures8DynamicsENS_6StNULLEEEEEEEEEEEEEPNS_15ParticleEmitterIT_EEPKNS_3AFF18AsfParticleEmitterE	Aska::ParticleEmitter<Aska::FeatureList<Aska::ParticleFeatures::Speed, Aska::FeatureList<Aska::ParticleFeatures::Motion, Aska::FeatureList<Aska::ParticleFeatures::Texture, Aska::FeatureList<Aska::ParticleFeatures::Dynamics, Aska::FeatureList<Aska::ParticleDynamicsFeatures::Dynamics, Aska::StNULL> > > > > >* Aska::ParticleManager::CreateParticle<Aska::FeatureList<Aska::ParticleFeatures::Speed, Aska::FeatureList<Aska::ParticleFeatures::Motion, Aska::FeatureList<Aska::ParticleFeatures::Texture, Aska::FeatureList<Aska::ParticleFeatures::Dynamics, Aska::FeatureList<Aska::ParticleDynamicsFeatures::Dynamics, Aska::StNULL> > > > > >(Aska::AFF::AsfParticleEmitter const*)	manager	decompiled	
0x253ec54	0x263ec54	480	_ZN4Aska15ParticleEmitterINS_11FeatureListINS_16ParticleFeatures5SpeedENS1_INS2_6MotionENS1_INS2_7TextureENS1_INS2_9LifeLimitENS1_INS2_4LineENS1_INS2_8DynamicsENS1_INS_24ParticleDynamicsFeatures8DynamicsENS_6StNULLEEEEEEEEEEEEEEEE8EmitLinkEiPNS_16IParticleEmitter11EmitContextE	Aska::ParticleEmitter<Aska::FeatureList<Aska::ParticleFeatures::Speed, Aska::FeatureList<Aska::ParticleFeatures::Motion, Aska::FeatureList<Aska::ParticleFeatures::Texture, Aska::FeatureList<Aska::ParticleFeatures::LifeLimit, Aska::FeatureList<Aska::ParticleFeatures::Line, Aska::FeatureList<Aska::ParticleFeatures::Dynamics, Aska::FeatureList<Aska::ParticleDynamicsFeatures::Dynamics, Aska::StNULL> > > > > > > >::EmitLink(int, Aska::IParticleEmitter::EmitContext*)	emitter	decompiled	
0x253f08c	0x263f08c	7868	_ZN4Aska15ParticleEmitterINS_11FeatureListINS_16ParticleFeatures5SpeedENS1_INS2_6MotionENS1_INS2_7TextureENS1_INS2_9LifeLimitENS1_INS2_4LineENS1_INS2_8DynamicsENS1_INS_24ParticleDynamicsFeatures8DynamicsENS_6StNULLEEEEEEEEEEEEEEEE4EmitEiPNS_16IParticleEmitter11EmitContextEPKNSK_13MatrixContextE	Aska::ParticleEmitter<Aska::FeatureList<Aska::ParticleFeatures::Speed, Aska::FeatureList<Aska::ParticleFeatures::Motion, Aska::FeatureList<Aska::ParticleFeatures::Texture, Aska::FeatureList<Aska::ParticleFeatures::LifeLimit, Aska::FeatureList<Aska::ParticleFeatures::Line, Aska::FeatureList<Aska::ParticleFeatures::Dynamics, Aska::FeatureList<Aska::ParticleDynamicsFeatures::Dynamics, Aska::StNULL> > > > > > > >::Emit(int, Aska::IParticleEmitter::EmitContext*, Aska::IParticleEmitter::MatrixContext const*)	emitter	decompiled	
0x2540f48	0x2640f48	4848	_ZN4Aska15ParticleEmitterINS_11FeatureListINS_16ParticleFeatures5SpeedENS1_INS2_6MotionENS1_INS2_7TextureENS1_INS2_9LifeLimitENS1_INS2_4LineENS1_INS2_8DynamicsENS1_INS_24ParticleDynamicsFeatures8DynamicsENS_6StNULLEEEEEEEEEEEEEEEE10EmitMotionEPNS_15ParticleElementISI_EEPKNS_16IParticleEmitter11EmitContextEPSO_9StBooleanILb1EE	Aska::ParticleEmitter<Aska::FeatureList<Aska::ParticleFeatures::Speed, Aska::FeatureList<Aska::ParticleFeatures::Motion, Aska::FeatureList<Aska::ParticleFeatures::Texture, Aska::FeatureList<Aska::ParticleFeatures::LifeLimit, Aska::FeatureList<Aska::ParticleFeatures::Line, Aska::FeatureList<Aska::ParticleFeatures::Dynamics, Aska::FeatureList<Aska::ParticleDynamicsFeatures::Dynamics, Aska::StNULL> > > > > > > >::EmitMotion(Aska::ParticleElement<Aska::FeatureList<Aska::ParticleFeatures::Speed, Aska::FeatureList<Aska::ParticleFeatures::Motion, Aska::FeatureList<Aska::ParticleFeatures::Texture, Aska::FeatureList<Aska::ParticleFeatures::LifeLimit, Aska::FeatureList<Aska::ParticleFeatures::Line, Aska::FeatureList<Aska::ParticleFeatures::Dynamics, Aska::FeatureList<Aska::ParticleDynamicsFeatures::Dynamics, Aska::StNULL> > > > > > > >*, Aska::IParticleEmitter::EmitContext const*, Aska::IParticleEmitter::EmitContext*, StBoolean<true>)	emitter	decompiled	
0x2542c94	0x2642c94	1020	_ZN4Aska15ParticleEmitterINS_11FeatureListINS_16ParticleFeatures5SpeedENS1_INS2_6MotionENS1_INS2_7TextureENS1_INS2_9LifeLimitENS1_INS2_4LineENS1_INS2_8DynamicsENS1_INS_24ParticleDynamicsFeatures8DynamicsENS_6StNULLEEEEEEEEEEEEEEEE8SimulateEf	Aska::ParticleEmitter<Aska::FeatureList<Aska::ParticleFeatures::Speed, Aska::FeatureList<Aska::ParticleFeatures::Motion, Aska::FeatureList<Aska::ParticleFeatures::Texture, Aska::FeatureList<Aska::ParticleFeatures::LifeLimit, Aska::FeatureList<Aska::ParticleFeatures::Line, Aska::FeatureList<Aska::ParticleFeatures::Dynamics, Aska::FeatureList<Aska::ParticleDynamicsFeatures::Dynamics, Aska::StNULL> > > > > > > >::Simulate(float)	simulate	native	
0x2543090	0x2643090	516	_ZN4Aska15ParticleEmitterINS_11FeatureListINS_16ParticleFeatures5SpeedENS1_INS2_6MotionENS1_INS2_7TextureENS1_INS2_9LifeLimitENS1_INS2_4LineENS1_INS2_8DynamicsENS1_INS_24ParticleDynamicsFeatures8DynamicsENS_6StNULLEEEEEEEEEEEEEEEE23EmitterAffectToParticleEPNS_6VectorEPNS_16IParticleEmitter13MatrixContextEf	Aska::ParticleEmitter<Aska::FeatureList<Aska::ParticleFeatures::Speed, Aska::FeatureList<Aska::ParticleFeatures::Motion, Aska::FeatureList<Aska::ParticleFeatures::Texture, Aska::FeatureList<Aska::ParticleFeatures::LifeLimit, Aska::FeatureList<Aska::ParticleFeatures::Line, Aska::FeatureList<Aska::ParticleFeatures::Dynamics, Aska::FeatureList<Aska::ParticleDynamicsFeatures::Dynamics, Aska::StNULL> > > > > > > >::EmitterAffectToParticle(Aska::Vector*, Aska::IParticleEmitter::MatrixContext*, float)	emitter	decompiled	
0x2543294	0x2643294	632	_ZN4Aska24ParticleRenderableObjectINS_11FeatureListINS_16ParticleFeatures5SpeedENS1_INS2_6MotionENS1_INS2_7TextureENS1_INS2_9LifeLimitENS1_INS2_4LineENS1_INS2_8DynamicsENS1_INS_24ParticleDynamicsFeatures8DynamicsENS_6StNULLEEEEEEEEEEEEEEEE15RenderProcedureEfPNS_16IParticleEmitter13MatrixContextEb	Aska::ParticleRenderableObject<Aska::FeatureList<Aska::ParticleFeatures::Speed, Aska::FeatureList<Aska::ParticleFeatures::Motion, Aska::FeatureList<Aska::ParticleFeatures::Texture, Aska::FeatureList<Aska::ParticleFeatures::LifeLimit, Aska::FeatureList<Aska::ParticleFeatures::Line, Aska::FeatureList<Aska::ParticleFeatures::Dynamics, Aska::FeatureList<Aska::ParticleDynamicsFeatures::Dynamics, Aska::StNULL> > > > > > > >::RenderProcedure(float, Aska::IParticleEmitter::MatrixContext*, bool)	emitter	decompiled	
0x254691c	0x264691c	480	_ZN4Aska15ParticleEmitterINS_11FeatureListINS_16ParticleFeatures5SpeedENS1_INS2_6MotionENS1_INS2_7TextureENS1_INS2_9LifeLimitENS1_INS2_8DynamicsENS1_INS_24ParticleDynamicsFeatures8DynamicsENS_6StNULLEEEEEEEEEEEEEE8EmitLinkEiPNS_16IParticleEmitter11EmitContextE	Aska::ParticleEmitter<Aska::FeatureList<Aska::ParticleFeatures::Speed, Aska::FeatureList<Aska::ParticleFeatures::Motion, Aska::FeatureList<Aska::ParticleFeatures::Texture, Aska::FeatureList<Aska::ParticleFeatures::LifeLimit, Aska::FeatureList<Aska::ParticleFeatures::Dynamics, Aska::FeatureList<Aska::ParticleDynamicsFeatures::Dynamics, Aska::StNULL> > > > > > >::EmitLink(int, Aska::IParticleEmitter::EmitContext*)	emitter	decompiled	
0x2546c44	0x2646c44	8364	_ZN4Aska15ParticleEmitterINS_11FeatureListINS_16ParticleFeatures5SpeedENS1_INS2_6MotionENS1_INS2_7TextureENS1_INS2_9LifeLimitENS1_INS2_8DynamicsENS1_INS_24ParticleDynamicsFeatures8DynamicsENS_6StNULLEEEEEEEEEEEEEE4EmitEiPNS_16IParticleEmitter11EmitContextEPKNSI_13MatrixContextE	Aska::ParticleEmitter<Aska::FeatureList<Aska::ParticleFeatures::Speed, Aska::FeatureList<Aska::ParticleFeatures::Motion, Aska::FeatureList<Aska::ParticleFeatures::Texture, Aska::FeatureList<Aska::ParticleFeatures::LifeLimit, Aska::FeatureList<Aska::ParticleFeatures::Dynamics, Aska::FeatureList<Aska::ParticleDynamicsFeatures::Dynamics, Aska::StNULL> > > > > > >::Emit(int, Aska::IParticleEmitter::EmitContext*, Aska::IParticleEmitter::MatrixContext const*)	emitter	decompiled	
0x2548cf0	0x2648cf0	4848	_ZN4Aska15ParticleEmitterINS_11FeatureListINS_16ParticleFeatures5SpeedENS1_INS2_6MotionENS1_INS2_7TextureENS1_INS2_9LifeLimitENS1_INS2_8DynamicsENS1_INS_24ParticleDynamicsFeatures8DynamicsENS_6StNULLEEEEEEEEEEEEEE10EmitMotionEPNS_15ParticleElementISG_EEPKNS_16IParticleEmitter11EmitContextEPSM_9StBooleanILb1EE	Aska::ParticleEmitter<Aska::FeatureList<Aska::ParticleFeatures::Speed, Aska::FeatureList<Aska::ParticleFeatures::Motion, Aska::FeatureList<Aska::ParticleFeatures::Texture, Aska::FeatureList<Aska::ParticleFeatures::LifeLimit, Aska::FeatureList<Aska::ParticleFeatures::Dynamics, Aska::FeatureList<Aska::ParticleDynamicsFeatures::Dynamics, Aska::StNULL> > > > > > >::EmitMotion(Aska::ParticleElement<Aska::FeatureList<Aska::ParticleFeatures::Speed, Aska::FeatureList<Aska::ParticleFeatures::Motion, Aska::FeatureList<Aska::ParticleFeatures::Texture, Aska::FeatureList<Aska::ParticleFeatures::LifeLimit, Aska::FeatureList<Aska::ParticleFeatures::Dynamics, Aska::FeatureList<Aska::ParticleDynamicsFeatures::Dynamics, Aska::StNULL> > > > > > >*, Aska::IParticleEmitter::EmitContext const*, Aska::IParticleEmitter::EmitContext*, StBoolean<true>)	emitter	decompiled	
0x254a914	0x264a914	1020	_ZN4Aska15ParticleEmitterINS_11FeatureListINS_16ParticleFeatures5SpeedENS1_INS2_6MotionENS1_INS2_7TextureENS1_INS2_9LifeLimitENS1_INS2_8DynamicsENS1_INS_24ParticleDynamicsFeatures8DynamicsENS_6StNULLEEEEEEEEEEEEEE8SimulateEf	Aska::ParticleEmitter<Aska::FeatureList<Aska::ParticleFeatures::Speed, Aska::FeatureList<Aska::ParticleFeatures::Motion, Aska::FeatureList<Aska::ParticleFeatures::Texture, Aska::FeatureList<Aska::ParticleFeatures::LifeLimit, Aska::FeatureList<Aska::ParticleFeatures::Dynamics, Aska::FeatureList<Aska::ParticleDynamicsFeatures::Dynamics, Aska::StNULL> > > > > > >::Simulate(float)	simulate	native	
0x254ad10	0x264ad10	516	_ZN4Aska15ParticleEmitterINS_11FeatureListINS_16ParticleFeatures5SpeedENS1_INS2_6MotionENS1_INS2_7TextureENS1_INS2_9LifeLimitENS1_INS2_8DynamicsENS1_INS_24ParticleDynamicsFeatures8DynamicsENS_6StNULLEEEEEEEEEEEEEE23EmitterAffectToParticleEPNS_6VectorEPNS_16IParticleEmitter13MatrixContextEf	Aska::ParticleEmitter<Aska::FeatureList<Aska::ParticleFeatures::Speed, Aska::FeatureList<Aska::ParticleFeatures::Motion, Aska::FeatureList<Aska::ParticleFeatures::Texture, Aska::FeatureList<Aska::ParticleFeatures::LifeLimit, Aska::FeatureList<Aska::ParticleFeatures::Dynamics, Aska::FeatureList<Aska::ParticleDynamicsFeatures::Dynamics, Aska::StNULL> > > > > > >::EmitterAffectToParticle(Aska::Vector*, Aska::IParticleEmitter::MatrixContext*, float)	emitter	decompiled	
0x254af14	0x264af14	632	_ZN4Aska24ParticleRenderableObjectINS_11FeatureListINS_16ParticleFeatures5SpeedENS1_INS2_6MotionENS1_INS2_7TextureENS1_INS2_9LifeLimitENS1_INS2_8DynamicsENS1_INS_24ParticleDynamicsFeatures8DynamicsENS_6StNULLEEEEEEEEEEEEEE15RenderProcedureEfPNS_16IParticleEmitter13MatrixContextEb	Aska::ParticleRenderableObject<Aska::FeatureList<Aska::ParticleFeatures::Speed, Aska::FeatureList<Aska::ParticleFeatures::Motion, Aska::FeatureList<Aska::ParticleFeatures::Texture, Aska::FeatureList<Aska::ParticleFeatures::LifeLimit, Aska::FeatureList<Aska::ParticleFeatures::Dynamics, Aska::FeatureList<Aska::ParticleDynamicsFeatures::Dynamics, Aska::StNULL> > > > > > >::RenderProcedure(float, Aska::IParticleEmitter::MatrixContext*, bool)	emitter	decompiled	
0x254e5f8	0x264e5f8	480	_ZN4Aska15ParticleEmitterINS_11FeatureListINS_16ParticleFeatures5SpeedENS1_INS2_6MotionENS1_INS2_7TextureENS1_INS2_4LineENS1_INS2_8DynamicsENS1_INS_24ParticleDynamicsFeatures8DynamicsENS_6StNULLEEEEEEEEEEEEEE8EmitLinkEiPNS_16IParticleEmitter11EmitContextE	Aska::ParticleEmitter<Aska::FeatureList<Aska::ParticleFeatures::Speed, Aska::FeatureList<Aska::ParticleFeatures::Motion, Aska::FeatureList<Aska::ParticleFeatures::Texture, Aska::FeatureList<Aska::ParticleFeatures::Line, Aska::FeatureList<Aska::ParticleFeatures::Dynamics, Aska::FeatureList<Aska::ParticleDynamicsFeatures::Dynamics, Aska::StNULL> > > > > > >::EmitLink(int, Aska::IParticleEmitter::EmitContext*)	emitter	decompiled	
0x254e920	0x264e920	7860	_ZN4Aska15ParticleEmitterINS_11FeatureListINS_16ParticleFeatures5SpeedENS1_INS2_6MotionENS1_INS2_7TextureENS1_INS2_4LineENS1_INS2_8DynamicsENS1_INS_24ParticleDynamicsFeatures8DynamicsENS_6StNULLEEEEEEEEEEEEEE4EmitEiPNS_16IParticleEmitter11EmitContextEPKNSI_13MatrixContextE	Aska::ParticleEmitter<Aska::FeatureList<Aska::ParticleFeatures::Speed, Aska::FeatureList<Aska::ParticleFeatures::Motion, Aska::FeatureList<Aska::ParticleFeatures::Texture, Aska::FeatureList<Aska::ParticleFeatures::Line, Aska::FeatureList<Aska::ParticleFeatures::Dynamics, Aska::FeatureList<Aska::ParticleDynamicsFeatures::Dynamics, Aska::StNULL> > > > > > >::Emit(int, Aska::IParticleEmitter::EmitContext*, Aska::IParticleEmitter::MatrixContext const*)	emitter	decompiled	
0x25507d4	0x26507d4	4848	_ZN4Aska15ParticleEmitterINS_11FeatureListINS_16ParticleFeatures5SpeedENS1_INS2_6MotionENS1_INS2_7TextureENS1_INS2_4LineENS1_INS2_8DynamicsENS1_INS_24ParticleDynamicsFeatures8DynamicsENS_6StNULLEEEEEEEEEEEEEE10EmitMotionEPNS_15ParticleElementISG_EEPKNS_16IParticleEmitter11EmitContextEPSM_9StBooleanILb1EE	Aska::ParticleEmitter<Aska::FeatureList<Aska::ParticleFeatures::Speed, Aska::FeatureList<Aska::ParticleFeatures::Motion, Aska::FeatureList<Aska::ParticleFeatures::Texture, Aska::FeatureList<Aska::ParticleFeatures::Line, Aska::FeatureList<Aska::ParticleFeatures::Dynamics, Aska::FeatureList<Aska::ParticleDynamicsFeatures::Dynamics, Aska::StNULL> > > > > > >::EmitMotion(Aska::ParticleElement<Aska::FeatureList<Aska::ParticleFeatures::Speed, Aska::FeatureList<Aska::ParticleFeatures::Motion, Aska::FeatureList<Aska::ParticleFeatures::Texture, Aska::FeatureList<Aska::ParticleFeatures::Line, Aska::FeatureList<Aska::ParticleFeatures::Dynamics, Aska::FeatureList<Aska::ParticleDynamicsFeatures::Dynamics, Aska::StNULL> > > > > > >*, Aska::IParticleEmitter::EmitContext const*, Aska::IParticleEmitter::EmitContext*, StBoolean<true>)	emitter	decompiled	
0x2552520	0x2652520	1020	_ZN4Aska15ParticleEmitterINS_11FeatureListINS_16ParticleFeatures5SpeedENS1_INS2_6MotionENS1_INS2_7TextureENS1_INS2_4LineENS1_INS2_8DynamicsENS1_INS_24ParticleDynamicsFeatures8DynamicsENS_6StNULLEEEEEEEEEEEEEE8SimulateEf	Aska::ParticleEmitter<Aska::FeatureList<Aska::ParticleFeatures::Speed, Aska::FeatureList<Aska::ParticleFeatures::Motion, Aska::FeatureList<Aska::ParticleFeatures::Texture, Aska::FeatureList<Aska::ParticleFeatures::Line, Aska::FeatureList<Aska::ParticleFeatures::Dynamics, Aska::FeatureList<Aska::ParticleDynamicsFeatures::Dynamics, Aska::StNULL> > > > > > >::Simulate(float)	simulate	native	
0x255291c	0x265291c	516	_ZN4Aska15ParticleEmitterINS_11FeatureListINS_16ParticleFeatures5SpeedENS1_INS2_6MotionENS1_INS2_7TextureENS1_INS2_4LineENS1_INS2_8DynamicsENS1_INS_24ParticleDynamicsFeatures8DynamicsENS_6StNULLEEEEEEEEEEEEEE23EmitterAffectToParticleEPNS_6VectorEPNS_16IParticleEmitter13MatrixContextEf	Aska::ParticleEmitter<Aska::FeatureList<Aska::ParticleFeatures::Speed, Aska::FeatureList<Aska::ParticleFeatures::Motion, Aska::FeatureList<Aska::ParticleFeatures::Texture, Aska::FeatureList<Aska::ParticleFeatures::Line, Aska::FeatureList<Aska::ParticleFeatures::Dynamics, Aska::FeatureList<Aska::ParticleDynamicsFeatures::Dynamics, Aska::StNULL> > > > > > >::EmitterAffectToParticle(Aska::Vector*, Aska::IParticleEmitter::MatrixContext*, float)	emitter	decompiled	
0x2552b20	0x2652b20	632	_ZN4Aska24ParticleRenderableObjectINS_11FeatureListINS_16ParticleFeatures5SpeedENS1_INS2_6MotionENS1_INS2_7TextureENS1_INS2_4LineENS1_INS2_8DynamicsENS1_INS_24ParticleDynamicsFeatures8DynamicsENS_6StNULLEEEEEEEEEEEEEE15RenderProcedureEfPNS_16IParticleEmitter13MatrixContextEb	Aska::ParticleRenderableObject<Aska::FeatureList<Aska::ParticleFeatures::Speed, Aska::FeatureList<Aska::ParticleFeatures::Motion, Aska::FeatureList<Aska::ParticleFeatures::Texture, Aska::FeatureList<Aska::ParticleFeatures::Line, Aska::FeatureList<Aska::ParticleFeatures::Dynamics, Aska::FeatureList<Aska::ParticleDynamicsFeatures::Dynamics, Aska::StNULL> > > > > > >::RenderProcedure(float, Aska::IParticleEmitter::MatrixContext*, bool)	emitter	decompiled	
0x2555618	0x2655618	480	_ZN4Aska15ParticleEmitterINS_11FeatureListINS_16ParticleFeatures5SpeedENS1_INS2_6MotionENS1_INS2_7TextureENS1_INS2_8DynamicsENS1_INS_24ParticleDynamicsFeatures8DynamicsENS_6StNULLEEEEEEEEEEEE8EmitLinkEiPNS_16IParticleEmitter11EmitContextE	Aska::ParticleEmitter<Aska::FeatureList<Aska::ParticleFeatures::Speed, Aska::FeatureList<Aska::ParticleFeatures::Motion, Aska::FeatureList<Aska::ParticleFeatures::Texture, Aska::FeatureList<Aska::ParticleFeatures::Dynamics, Aska::FeatureList<Aska::ParticleDynamicsFeatures::Dynamics, Aska::StNULL> > > > > >::EmitLink(int, Aska::IParticleEmitter::EmitContext*)	emitter	decompiled	
0x2555940	0x2655940	8356	_ZN4Aska15ParticleEmitterINS_11FeatureListINS_16ParticleFeatures5SpeedENS1_INS2_6MotionENS1_INS2_7TextureENS1_INS2_8DynamicsENS1_INS_24ParticleDynamicsFeatures8DynamicsENS_6StNULLEEEEEEEEEEEE4EmitEiPNS_16IParticleEmitter11EmitContextEPKNSG_13MatrixContextE	Aska::ParticleEmitter<Aska::FeatureList<Aska::ParticleFeatures::Speed, Aska::FeatureList<Aska::ParticleFeatures::Motion, Aska::FeatureList<Aska::ParticleFeatures::Texture, Aska::FeatureList<Aska::ParticleFeatures::Dynamics, Aska::FeatureList<Aska::ParticleDynamicsFeatures::Dynamics, Aska::StNULL> > > > > >::Emit(int, Aska::IParticleEmitter::EmitContext*, Aska::IParticleEmitter::MatrixContext const*)	emitter	decompiled	
0x25579e4	0x26579e4	4848	_ZN4Aska15ParticleEmitterINS_11FeatureListINS_16ParticleFeatures5SpeedENS1_INS2_6MotionENS1_INS2_7TextureENS1_INS2_8DynamicsENS1_INS_24ParticleDynamicsFeatures8DynamicsENS_6StNULLEEEEEEEEEEEE10EmitMotionEPNS_15ParticleElementISE_EEPKNS_16IParticleEmitter11EmitContextEPSK_9StBooleanILb1EE	Aska::ParticleEmitter<Aska::FeatureList<Aska::ParticleFeatures::Speed, Aska::FeatureList<Aska::ParticleFeatures::Motion, Aska::FeatureList<Aska::ParticleFeatures::Texture, Aska::FeatureList<Aska::ParticleFeatures::Dynamics, Aska::FeatureList<Aska::ParticleDynamicsFeatures::Dynamics, Aska::StNULL> > > > > >::EmitMotion(Aska::ParticleElement<Aska::FeatureList<Aska::ParticleFeatures::Speed, Aska::FeatureList<Aska::ParticleFeatures::Motion, Aska::FeatureList<Aska::ParticleFeatures::Texture, Aska::FeatureList<Aska::ParticleFeatures::Dynamics, Aska::FeatureList<Aska::ParticleDynamicsFeatures::Dynamics, Aska::StNULL> > > > > >*, Aska::IParticleEmitter::EmitContext const*, Aska::IParticleEmitter::EmitContext*, StBoolean<true>)	emitter	decompiled	
0x2559608	0x2659608	1020	_ZN4Aska15ParticleEmitterINS_11FeatureListINS_16ParticleFeatures5SpeedENS1_INS2_6MotionENS1_INS2_7TextureENS1_INS2_8DynamicsENS1_INS_24ParticleDynamicsFeatures8DynamicsENS_6StNULLEEEEEEEEEEEE8SimulateEf	Aska::ParticleEmitter<Aska::FeatureList<Aska::ParticleFeatures::Speed, Aska::FeatureList<Aska::ParticleFeatures::Motion, Aska::FeatureList<Aska::ParticleFeatures::Texture, Aska::FeatureList<Aska::ParticleFeatures::Dynamics, Aska::FeatureList<Aska::ParticleDynamicsFeatures::Dynamics, Aska::StNULL> > > > > >::Simulate(float)	simulate	native	
0x2559a04	0x2659a04	516	_ZN4Aska15ParticleEmitterINS_11FeatureListINS_16ParticleFeatures5SpeedENS1_INS2_6MotionENS1_INS2_7TextureENS1_INS2_8DynamicsENS1_INS_24ParticleDynamicsFeatures8DynamicsENS_6StNULLEEEEEEEEEEEE23EmitterAffectToParticleEPNS_6VectorEPNS_16IParticleEmitter13MatrixContextEf	Aska::ParticleEmitter<Aska::FeatureList<Aska::ParticleFeatures::Speed, Aska::FeatureList<Aska::ParticleFeatures::Motion, Aska::FeatureList<Aska::ParticleFeatures::Texture, Aska::FeatureList<Aska::ParticleFeatures::Dynamics, Aska::FeatureList<Aska::ParticleDynamicsFeatures::Dynamics, Aska::StNULL> > > > > >::EmitterAffectToParticle(Aska::Vector*, Aska::IParticleEmitter::MatrixContext*, float)	emitter	decompiled	
0x2559c08	0x2659c08	632	_ZN4Aska24ParticleRenderableObjectINS_11FeatureListINS_16ParticleFeatures5SpeedENS1_INS2_6MotionENS1_INS2_7TextureENS1_INS2_8DynamicsENS1_INS_24ParticleDynamicsFeatures8DynamicsENS_6StNULLEEEEEEEEEEEE15RenderProcedureEfPNS_16IParticleEmitter13MatrixContextEb	Aska::ParticleRenderableObject<Aska::FeatureList<Aska::ParticleFeatures::Speed, Aska::FeatureList<Aska::ParticleFeatures::Motion, Aska::FeatureList<Aska::ParticleFeatures::Texture, Aska::FeatureList<Aska::ParticleFeatures::Dynamics, Aska::FeatureList<Aska::ParticleDynamicsFeatures::Dynamics, Aska::StNULL> > > > > >::RenderProcedure(float, Aska::IParticleEmitter::MatrixContext*, bool)	emitter	decompiled	
0x255b37c	0x265b37c	476	_ZN4Aska15ParticleManager14CreateParticleINS_11FeatureListINS_16ParticleFeatures12ProgrammableENS2_INS3_5SpeedENS2_INS3_6MotionENS2_INS3_8RotationENS2_INS3_7TextureENS2_INS3_14ColorAnimationENS2_INS3_9LifeLimitENS2_INS3_4LineENS_6StNULLEEEEEEEEEEEEEEEEEEEPNS_15ParticleEmitterIT_EEPKNS_3AFF18AsfParticleEmitterE	Aska::ParticleEmitter<Aska::FeatureList<Aska::ParticleFeatures::Programmable, Aska::FeatureList<Aska::ParticleFeatures::Speed, Aska::FeatureList<Aska::ParticleFeatures::Motion, Aska::FeatureList<Aska::ParticleFeatures::Rotation, Aska::FeatureList<Aska::ParticleFeatures::Texture, Aska::FeatureList<Aska::ParticleFeatures::ColorAnimation, Aska::FeatureList<Aska::ParticleFeatures::LifeLimit, Aska::FeatureList<Aska::ParticleFeatures::Line, Aska::StNULL> > > > > > > > >* Aska::ParticleManager::CreateParticle<Aska::FeatureList<Aska::ParticleFeatures::Programmable, Aska::FeatureList<Aska::ParticleFeatures::Speed, Aska::FeatureList<Aska::ParticleFeatures::Motion, Aska::FeatureList<Aska::ParticleFeatures::Rotation, Aska::FeatureList<Aska::ParticleFeatures::Texture, Aska::FeatureList<Aska::ParticleFeatures::ColorAnimation, Aska::FeatureList<Aska::ParticleFeatures::LifeLimit, Aska::FeatureList<Aska::ParticleFeatures::Line, Aska::StNULL> > > > > > > > >(Aska::AFF::AsfParticleEmitter const*)	manager	decompiled	
0x255b558	0x265b558	444	_ZN4Aska15ParticleManager14CreateParticleINS_11FeatureListINS_16ParticleFeatures12ProgrammableENS2_INS3_5SpeedENS2_INS3_6MotionENS2_INS3_8RotationENS2_INS3_7TextureENS2_INS3_14ColorAnimationENS2_INS3_9LifeLimitENS_6StNULLEEEEEEEEEEEEEEEEEPNS_15ParticleEmitterIT_EEPKNS_3AFF18AsfParticleEmitterE	Aska::ParticleEmitter<Aska::FeatureList<Aska::ParticleFeatures::Programmable, Aska::FeatureList<Aska::ParticleFeatures::Speed, Aska::FeatureList<Aska::ParticleFeatures::Motion, Aska::FeatureList<Aska::ParticleFeatures::Rotation, Aska::FeatureList<Aska::ParticleFeatures::Texture, Aska::FeatureList<Aska::ParticleFeatures::ColorAnimation, Aska::FeatureList<Aska::ParticleFeatures::LifeLimit, Aska::StNULL> > > > > > > >* Aska::ParticleManager::CreateParticle<Aska::FeatureList<Aska::ParticleFeatures::Programmable, Aska::FeatureList<Aska::ParticleFeatures::Speed, Aska::FeatureList<Aska::ParticleFeatures::Motion, Aska::FeatureList<Aska::ParticleFeatures::Rotation, Aska::FeatureList<Aska::ParticleFeatures::Texture, Aska::FeatureList<Aska::ParticleFeatures::ColorAnimation, Aska::FeatureList<Aska::ParticleFeatures::LifeLimit, Aska::StNULL> > > > > > > >(Aska::AFF::AsfParticleEmitter const*)	manager	decompiled	
0x255ccb8	0x265ccb8	480	_ZN4Aska15ParticleEmitterINS_11FeatureListINS_16ParticleFeatures12ProgrammableENS1_INS2_5SpeedENS1_INS2_6MotionENS1_INS2_8RotationENS1_INS2_7TextureENS1_INS2_14ColorAnimationENS1_INS2_9LifeLimitENS1_INS2_4LineENS_6StNULLEEEEEEEEEEEEEEEEEE8EmitLinkEiPNS_16IParticleEmitter11EmitContextE	Aska::ParticleEmitter<Aska::FeatureList<Aska::ParticleFeatures::Programmable, Aska::FeatureList<Aska::ParticleFeatures::Speed, Aska::FeatureList<Aska::ParticleFeatures::Motion, Aska::FeatureList<Aska::ParticleFeatures::Rotation, Aska::FeatureList<Aska::ParticleFeatures::Texture, Aska::FeatureList<Aska::ParticleFeatures::ColorAnimation, Aska::FeatureList<Aska::ParticleFeatures::LifeLimit, Aska::FeatureList<Aska::ParticleFeatures::Line, Aska::StNULL> > > > > > > > >::EmitLink(int, Aska::IParticleEmitter::EmitContext*)	emitter	decompiled	
0x255cfc8	0x265cfc8	7960	_ZN4Aska15ParticleEmitterINS_11FeatureListINS_16ParticleFeatures12ProgrammableENS1_INS2_5SpeedENS1_INS2_6MotionENS1_INS2_8RotationENS1_INS2_7TextureENS1_INS2_14ColorAnimationENS1_INS2_9LifeLimitENS1_INS2_4LineENS_6StNULLEEEEEEEEEEEEEEEEEE4EmitEiPNS_16IParticleEmitter11EmitContextEPKNSL_13MatrixContextE	Aska::ParticleEmitter<Aska::FeatureList<Aska::ParticleFeatures::Programmable, Aska::FeatureList<Aska::ParticleFeatures::Speed, Aska::FeatureList<Aska::ParticleFeatures::Motion, Aska::FeatureList<Aska::ParticleFeatures::Rotation, Aska::FeatureList<Aska::ParticleFeatures::Texture, Aska::FeatureList<Aska::ParticleFeatures::ColorAnimation, Aska::FeatureList<Aska::ParticleFeatures::LifeLimit, Aska::FeatureList<Aska::ParticleFeatures::Line, Aska::StNULL> > > > > > > > >::Emit(int, Aska::IParticleEmitter::EmitContext*, Aska::IParticleEmitter::MatrixContext const*)	emitter	decompiled	
0x255eee0	0x265eee0	4860	_ZN4Aska15ParticleEmitterINS_11FeatureListINS_16ParticleFeatures12ProgrammableENS1_INS2_5SpeedENS1_INS2_6MotionENS1_INS2_8RotationENS1_INS2_7TextureENS1_INS2_14ColorAnimationENS1_INS2_9LifeLimitENS1_INS2_4LineENS_6StNULLEEEEEEEEEEEEEEEEEE10EmitMotionEPNS_15ParticleElementISJ_EEPKNS_16IParticleEmitter11EmitContextEPSP_9StBooleanILb1EE	Aska::ParticleEmitter<Aska::FeatureList<Aska::ParticleFeatures::Programmable, Aska::FeatureList<Aska::ParticleFeatures::Speed, Aska::FeatureList<Aska::ParticleFeatures::Motion, Aska::FeatureList<Aska::ParticleFeatures::Rotation, Aska::FeatureList<Aska::ParticleFeatures::Texture, Aska::FeatureList<Aska::ParticleFeatures::ColorAnimation, Aska::FeatureList<Aska::ParticleFeatures::LifeLimit, Aska::FeatureList<Aska::ParticleFeatures::Line, Aska::StNULL> > > > > > > > >::EmitMotion(Aska::ParticleElement<Aska::FeatureList<Aska::ParticleFeatures::Programmable, Aska::FeatureList<Aska::ParticleFeatures::Speed, Aska::FeatureList<Aska::ParticleFeatures::Motion, Aska::FeatureList<Aska::ParticleFeatures::Rotation, Aska::FeatureList<Aska::ParticleFeatures::Texture, Aska::FeatureList<Aska::ParticleFeatures::ColorAnimation, Aska::FeatureList<Aska::ParticleFeatures::LifeLimit, Aska::FeatureList<Aska::ParticleFeatures::Line, Aska::StNULL> > > > > > > > >*, Aska::IParticleEmitter::EmitContext const*, Aska::IParticleEmitter::EmitContext*, StBoolean<true>)	emitter	decompiled	
0x25611dc	0x26611dc	2012	_ZN4Aska15ParticleEmitterINS_11FeatureListINS_16ParticleFeatures12ProgrammableENS1_INS2_5SpeedENS1_INS2_6MotionENS1_INS2_8RotationENS1_INS2_7TextureENS1_INS2_14ColorAnimationENS1_INS2_9LifeLimitENS1_INS2_4LineENS_6StNULLEEEEEEEEEEEEEEEEEE12EmitRotationEPNS_15ParticleElementISJ_EEPKNS_16IParticleEmitter11EmitContextEPSP_9StBooleanILb1EE	Aska::ParticleEmitter<Aska::FeatureList<Aska::ParticleFeatures::Programmable, Aska::FeatureList<Aska::ParticleFeatures::Speed, Aska::FeatureList<Aska::ParticleFeatures::Motion, Aska::FeatureList<Aska::ParticleFeatures::Rotation, Aska::FeatureList<Aska::ParticleFeatures::Texture, Aska::FeatureList<Aska::ParticleFeatures::ColorAnimation, Aska::FeatureList<Aska::ParticleFeatures::LifeLimit, Aska::FeatureList<Aska::ParticleFeatures::Line, Aska::StNULL> > > > > > > > >::EmitRotation(Aska::ParticleElement<Aska::FeatureList<Aska::ParticleFeatures::Programmable, Aska::FeatureList<Aska::ParticleFeatures::Speed, Aska::FeatureList<Aska::ParticleFeatures::Motion, Aska::FeatureList<Aska::ParticleFeatures::Rotation, Aska::FeatureList<Aska::ParticleFeatures::Texture, Aska::FeatureList<Aska::ParticleFeatures::ColorAnimation, Aska::FeatureList<Aska::ParticleFeatures::LifeLimit, Aska::FeatureList<Aska::ParticleFeatures::Line, Aska::StNULL> > > > > > > > >*, Aska::IParticleEmitter::EmitContext const*, Aska::IParticleEmitter::EmitContext*, StBoolean<true>)	emitter	decompiled	
0x25622f8	0x26622f8	484	_ZN4Aska15ParticleEmitterINS_11FeatureListINS_16ParticleFeatures12ProgrammableENS1_INS2_5SpeedENS1_INS2_6MotionENS1_INS2_8RotationENS1_INS2_7TextureENS1_INS2_14ColorAnimationENS1_INS2_9LifeLimitENS1_INS2_4LineENS_6StNULLEEEEEEEEEEEEEEEEEE26LineSpeedAffectionRotationEPNS_15ParticleElementISJ_EEPKNS_16IParticleEmitter11EmitContextEPNS_6VectorE9StBooleanILb1EE	Aska::ParticleEmitter<Aska::FeatureList<Aska::ParticleFeatures::Programmable, Aska::FeatureList<Aska::ParticleFeatures::Speed, Aska::FeatureList<Aska::ParticleFeatures::Motion, Aska::FeatureList<Aska::ParticleFeatures::Rotation, Aska::FeatureList<Aska::ParticleFeatures::Texture, Aska::FeatureList<Aska::ParticleFeatures::ColorAnimation, Aska::FeatureList<Aska::ParticleFeatures::LifeLimit, Aska::FeatureList<Aska::ParticleFeatures::Line, Aska::StNULL> > > > > > > > >::LineSpeedAffectionRotation(Aska::ParticleElement<Aska::FeatureList<Aska::ParticleFeatures::Programmable, Aska::FeatureList<Aska::ParticleFeatures::Speed, Aska::FeatureList<Aska::ParticleFeatures::Motion, Aska::FeatureList<Aska::ParticleFeatures::Rotation, Aska::FeatureList<Aska::ParticleFeatures::Texture, Aska::FeatureList<Aska::ParticleFeatures::ColorAnimation, Aska::FeatureList<Aska::ParticleFeatures::LifeLimit, Aska::FeatureList<Aska::ParticleFeatures::Line, Aska::StNULL> > > > > > > > >*, Aska::IParticleEmitter::EmitContext const*, Aska::Vector*, StBoolean<true>)	emitter	decompiled	
0x2562b5c	0x2662b5c	1020	_ZN4Aska15ParticleEmitterINS_11FeatureListINS_16ParticleFeatures12ProgrammableENS1_INS2_5SpeedENS1_INS2_6MotionENS1_INS2_8RotationENS1_INS2_7TextureENS1_INS2_14ColorAnimationENS1_INS2_9LifeLimitENS1_INS2_4LineENS_6StNULLEEEEEEEEEEEEEEEEEE8SimulateEf	Aska::ParticleEmitter<Aska::FeatureList<Aska::ParticleFeatures::Programmable, Aska::FeatureList<Aska::ParticleFeatures::Speed, Aska::FeatureList<Aska::ParticleFeatures::Motion, Aska::FeatureList<Aska::ParticleFeatures::Rotation, Aska::FeatureList<Aska::ParticleFeatures::Texture, Aska::FeatureList<Aska::ParticleFeatures::ColorAnimation, Aska::FeatureList<Aska::ParticleFeatures::LifeLimit, Aska::FeatureList<Aska::ParticleFeatures::Line, Aska::StNULL> > > > > > > > >::Simulate(float)	simulate	native	
0x2562f58	0x2662f58	516	_ZN4Aska15ParticleEmitterINS_11FeatureListINS_16ParticleFeatures12ProgrammableENS1_INS2_5SpeedENS1_INS2_6MotionENS1_INS2_8RotationENS1_INS2_7TextureENS1_INS2_14ColorAnimationENS1_INS2_9LifeLimitENS1_INS2_4LineENS_6StNULLEEEEEEEEEEEEEEEEEE23EmitterAffectToParticleEPNS_6VectorEPNS_16IParticleEmitter13MatrixContextEf	Aska::ParticleEmitter<Aska::FeatureList<Aska::ParticleFeatures::Programmable, Aska::FeatureList<Aska::ParticleFeatures::Speed, Aska::FeatureList<Aska::ParticleFeatures::Motion, Aska::FeatureList<Aska::ParticleFeatures::Rotation, Aska::FeatureList<Aska::ParticleFeatures::Texture, Aska::FeatureList<Aska::ParticleFeatures::ColorAnimation, Aska::FeatureList<Aska::ParticleFeatures::LifeLimit, Aska::FeatureList<Aska::ParticleFeatures::Line, Aska::StNULL> > > > > > > > >::EmitterAffectToParticle(Aska::Vector*, Aska::IParticleEmitter::MatrixContext*, float)	emitter	decompiled	
0x256315c	0x266315c	616	_ZN4Aska24ParticleRenderableObjectINS_11FeatureListINS_16ParticleFeatures12ProgrammableENS1_INS2_5SpeedENS1_INS2_6MotionENS1_INS2_8RotationENS1_INS2_7TextureENS1_INS2_14ColorAnimationENS1_INS2_9LifeLimitENS1_INS2_4LineENS_6StNULLEEEEEEEEEEEEEEEEEE15RenderProcedureEfPNS_16IParticleEmitter13MatrixContextEb	Aska::ParticleRenderableObject<Aska::FeatureList<Aska::ParticleFeatures::Programmable, Aska::FeatureList<Aska::ParticleFeatures::Speed, Aska::FeatureList<Aska::ParticleFeatures::Motion, Aska::FeatureList<Aska::ParticleFeatures::Rotation, Aska::FeatureList<Aska::ParticleFeatures::Texture, Aska::FeatureList<Aska::ParticleFeatures::ColorAnimation, Aska::FeatureList<Aska::ParticleFeatures::LifeLimit, Aska::FeatureList<Aska::ParticleFeatures::Line, Aska::StNULL> > > > > > > > >::RenderProcedure(float, Aska::IParticleEmitter::MatrixContext*, bool)	emitter	decompiled	
0x2566fd0	0x2666fd0	480	_ZN4Aska15ParticleEmitterINS_11FeatureListINS_16ParticleFeatures12ProgrammableENS1_INS2_5SpeedENS1_INS2_6MotionENS1_INS2_8RotationENS1_INS2_7TextureENS1_INS2_14ColorAnimationENS1_INS2_9LifeLimitENS_6StNULLEEEEEEEEEEEEEEEE8EmitLinkEiPNS_16IParticleEmitter11EmitContextE	Aska::ParticleEmitter<Aska::FeatureList<Aska::ParticleFeatures::Programmable, Aska::FeatureList<Aska::ParticleFeatures::Speed, Aska::FeatureList<Aska::ParticleFeatures::Motion, Aska::FeatureList<Aska::ParticleFeatures::Rotation, Aska::FeatureList<Aska::ParticleFeatures::Texture, Aska::FeatureList<Aska::ParticleFeatures::ColorAnimation, Aska::FeatureList<Aska::ParticleFeatures::LifeLimit, Aska::StNULL> > > > > > > >::EmitLink(int, Aska::IParticleEmitter::EmitContext*)	emitter	decompiled	
0x25672e0	0x26672e0	8468	_ZN4Aska15ParticleEmitterINS_11FeatureListINS_16ParticleFeatures12ProgrammableENS1_INS2_5SpeedENS1_INS2_6MotionENS1_INS2_8RotationENS1_INS2_7TextureENS1_INS2_14ColorAnimationENS1_INS2_9LifeLimitENS_6StNULLEEEEEEEEEEEEEEEE4EmitEiPNS_16IParticleEmitter11EmitContextEPKNSJ_13MatrixContextE	Aska::ParticleEmitter<Aska::FeatureList<Aska::ParticleFeatures::Programmable, Aska::FeatureList<Aska::ParticleFeatures::Speed, Aska::FeatureList<Aska::ParticleFeatures::Motion, Aska::FeatureList<Aska::ParticleFeatures::Rotation, Aska::FeatureList<Aska::ParticleFeatures::Texture, Aska::FeatureList<Aska::ParticleFeatures::ColorAnimation, Aska::FeatureList<Aska::ParticleFeatures::LifeLimit, Aska::StNULL> > > > > > > >::Emit(int, Aska::IParticleEmitter::EmitContext*, Aska::IParticleEmitter::MatrixContext const*)	emitter	decompiled	
0x25693f4	0x26693f4	4860	_ZN4Aska15ParticleEmitterINS_11FeatureListINS_16ParticleFeatures12ProgrammableENS1_INS2_5SpeedENS1_INS2_6MotionENS1_INS2_8RotationENS1_INS2_7TextureENS1_INS2_14ColorAnimationENS1_INS2_9LifeLimitENS_6StNULLEEEEEEEEEEEEEEEE10EmitMotionEPNS_15ParticleElementISH_EEPKNS_16IParticleEmitter11EmitContextEPSN_9StBooleanILb1EE	Aska::ParticleEmitter<Aska::FeatureList<Aska::ParticleFeatures::Programmable, Aska::FeatureList<Aska::ParticleFeatures::Speed, Aska::FeatureList<Aska::ParticleFeatures::Motion, Aska::FeatureList<Aska::ParticleFeatures::Rotation, Aska::FeatureList<Aska::ParticleFeatures::Texture, Aska::FeatureList<Aska::ParticleFeatures::ColorAnimation, Aska::FeatureList<Aska::ParticleFeatures::LifeLimit, Aska::StNULL> > > > > > > >::EmitMotion(Aska::ParticleElement<Aska::FeatureList<Aska::ParticleFeatures::Programmable, Aska::FeatureList<Aska::ParticleFeatures::Speed, Aska::FeatureList<Aska::ParticleFeatures::Motion, Aska::FeatureList<Aska::ParticleFeatures::Rotation, Aska::FeatureList<Aska::ParticleFeatures::Texture, Aska::FeatureList<Aska::ParticleFeatures::ColorAnimation, Aska::FeatureList<Aska::ParticleFeatures::LifeLimit, Aska::StNULL> > > > > > > >*, Aska::IParticleEmitter::EmitContext const*, Aska::IParticleEmitter::EmitContext*, StBoolean<true>)	emitter	decompiled	
0x256a6f0	0x266a6f0	2012	_ZN4Aska15ParticleEmitterINS_11FeatureListINS_16ParticleFeatures12ProgrammableENS1_INS2_5SpeedENS1_INS2_6MotionENS1_INS2_8RotationENS1_INS2_7TextureENS1_INS2_14ColorAnimationENS1_INS2_9LifeLimitENS_6StNULLEEEEEEEEEEEEEEEE12EmitRotationEPNS_15ParticleElementISH_EEPKNS_16IParticleEmitter11EmitContextEPSN_9StBooleanILb1EE	Aska::ParticleEmitter<Aska::FeatureList<Aska::ParticleFeatures::Programmable, Aska::FeatureList<Aska::ParticleFeatures::Speed, Aska::FeatureList<Aska::ParticleFeatures::Motion, Aska::FeatureList<Aska::ParticleFeatures::Rotation, Aska::FeatureList<Aska::ParticleFeatures::Texture, Aska::FeatureList<Aska::ParticleFeatures::ColorAnimation, Aska::FeatureList<Aska::ParticleFeatures::LifeLimit, Aska::StNULL> > > > > > > >::EmitRotation(Aska::ParticleElement<Aska::FeatureList<Aska::ParticleFeatures::Programmable, Aska::FeatureList<Aska::ParticleFeatures::Speed, Aska::FeatureList<Aska::ParticleFeatures::Motion, Aska::FeatureList<Aska::ParticleFeatures::Rotation, Aska::FeatureList<Aska::ParticleFeatures::Texture, Aska::FeatureList<Aska::ParticleFeatures::ColorAnimation, Aska::FeatureList<Aska::ParticleFeatures::LifeLimit, Aska::StNULL> > > > > > > >*, Aska::IParticleEmitter::EmitContext const*, Aska::IParticleEmitter::EmitContext*, StBoolean<true>)	emitter	decompiled	
0x256b80c	0x266b80c	484	_ZN4Aska15ParticleEmitterINS_11FeatureListINS_16ParticleFeatures12ProgrammableENS1_INS2_5SpeedENS1_INS2_6MotionENS1_INS2_8RotationENS1_INS2_7TextureENS1_INS2_14ColorAnimationENS1_INS2_9LifeLimitENS_6StNULLEEEEEEEEEEEEEEEE26LineSpeedAffectionRotationEPNS_15ParticleElementISH_EEPKNS_16IParticleEmitter11EmitContextEPNS_6VectorE9StBooleanILb1EE	Aska::ParticleEmitter<Aska::FeatureList<Aska::ParticleFeatures::Programmable, Aska::FeatureList<Aska::ParticleFeatures::Speed, Aska::FeatureList<Aska::ParticleFeatures::Motion, Aska::FeatureList<Aska::ParticleFeatures::Rotation, Aska::FeatureList<Aska::ParticleFeatures::Texture, Aska::FeatureList<Aska::ParticleFeatures::ColorAnimation, Aska::FeatureList<Aska::ParticleFeatures::LifeLimit, Aska::StNULL> > > > > > > >::LineSpeedAffectionRotation(Aska::ParticleElement<Aska::FeatureList<Aska::ParticleFeatures::Programmable, Aska::FeatureList<Aska::ParticleFeatures::Speed, Aska::FeatureList<Aska::ParticleFeatures::Motion, Aska::FeatureList<Aska::ParticleFeatures::Rotation, Aska::FeatureList<Aska::ParticleFeatures::Texture, Aska::FeatureList<Aska::ParticleFeatures::ColorAnimation, Aska::FeatureList<Aska::ParticleFeatures::LifeLimit, Aska::StNULL> > > > > > > >*, Aska::IParticleEmitter::EmitContext const*, Aska::Vector*, StBoolean<true>)	emitter	decompiled	
0x256bf48	0x266bf48	1020	_ZN4Aska15ParticleEmitterINS_11FeatureListINS_16ParticleFeatures12ProgrammableENS1_INS2_5SpeedENS1_INS2_6MotionENS1_INS2_8RotationENS1_INS2_7TextureENS1_INS2_14ColorAnimationENS1_INS2_9LifeLimitENS_6StNULLEEEEEEEEEEEEEEEE8SimulateEf	Aska::ParticleEmitter<Aska::FeatureList<Aska::ParticleFeatures::Programmable, Aska::FeatureList<Aska::ParticleFeatures::Speed, Aska::FeatureList<Aska::ParticleFeatures::Motion, Aska::FeatureList<Aska::ParticleFeatures::Rotation, Aska::FeatureList<Aska::ParticleFeatures::Texture, Aska::FeatureList<Aska::ParticleFeatures::ColorAnimation, Aska::FeatureList<Aska::ParticleFeatures::LifeLimit, Aska::StNULL> > > > > > > >::Simulate(float)	simulate	native	
0x256c344	0x266c344	516	_ZN4Aska15ParticleEmitterINS_11FeatureListINS_16ParticleFeatures12ProgrammableENS1_INS2_5SpeedENS1_INS2_6MotionENS1_INS2_8RotationENS1_INS2_7TextureENS1_INS2_14ColorAnimationENS1_INS2_9LifeLimitENS_6StNULLEEEEEEEEEEEEEEEE23EmitterAffectToParticleEPNS_6VectorEPNS_16IParticleEmitter13MatrixContextEf	Aska::ParticleEmitter<Aska::FeatureList<Aska::ParticleFeatures::Programmable, Aska::FeatureList<Aska::ParticleFeatures::Speed, Aska::FeatureList<Aska::ParticleFeatures::Motion, Aska::FeatureList<Aska::ParticleFeatures::Rotation, Aska::FeatureList<Aska::ParticleFeatures::Texture, Aska::FeatureList<Aska::ParticleFeatures::ColorAnimation, Aska::FeatureList<Aska::ParticleFeatures::LifeLimit, Aska::StNULL> > > > > > > >::EmitterAffectToParticle(Aska::Vector*, Aska::IParticleEmitter::MatrixContext*, float)	emitter	decompiled	
0x256c548	0x266c548	616	_ZN4Aska24ParticleRenderableObjectINS_11FeatureListINS_16ParticleFeatures12ProgrammableENS1_INS2_5SpeedENS1_INS2_6MotionENS1_INS2_8RotationENS1_INS2_7TextureENS1_INS2_14ColorAnimationENS1_INS2_9LifeLimitENS_6StNULLEEEEEEEEEEEEEEEE15RenderProcedureEfPNS_16IParticleEmitter13MatrixContextEb	Aska::ParticleRenderableObject<Aska::FeatureList<Aska::ParticleFeatures::Programmable, Aska::FeatureList<Aska::ParticleFeatures::Speed, Aska::FeatureList<Aska::ParticleFeatures::Motion, Aska::FeatureList<Aska::ParticleFeatures::Rotation, Aska::FeatureList<Aska::ParticleFeatures::Texture, Aska::FeatureList<Aska::ParticleFeatures::ColorAnimation, Aska::FeatureList<Aska::ParticleFeatures::LifeLimit, Aska::StNULL> > > > > > > >::RenderProcedure(float, Aska::IParticleEmitter::MatrixContext*, bool)	emitter	decompiled	
0x256ef24	0x266ef24	492	_ZN4Aska15ParticleManager14CreateParticleINS_11FeatureListINS_16ParticleFeatures12ProgrammableENS2_INS3_5SpeedENS2_INS3_6MotionENS2_INS3_8RotationENS2_INS3_7TextureENS2_INS3_14ColorAnimationENS2_INS3_9LifeLimitENS2_INS3_4LineENS2_INS3_8DynamicsENS2_INS_24ParticleDynamicsFeatures8DynamicsENS_6StNULLEEEEEEEEEEEEEEEEEEEEEEEPNS_15ParticleEmitterIT_EEPKNS_3AFF18AsfParticleEmitterE	Aska::ParticleEmitter<Aska::FeatureList<Aska::ParticleFeatures::Programmable, Aska::FeatureList<Aska::ParticleFeatures::Speed, Aska::FeatureList<Aska::ParticleFeatures::Motion, Aska::FeatureList<Aska::ParticleFeatures::Rotation, Aska::FeatureList<Aska::ParticleFeatures::Texture, Aska::FeatureList<Aska::ParticleFeatures::ColorAnimation, Aska::FeatureList<Aska::ParticleFeatures::LifeLimit, Aska::FeatureList<Aska::ParticleFeatures::Line, Aska::FeatureList<Aska::ParticleFeatures::Dynamics, Aska::FeatureList<Aska::ParticleDynamicsFeatures::Dynamics, Aska::StNULL> > > > > > > > > > >* Aska::ParticleManager::CreateParticle<Aska::FeatureList<Aska::ParticleFeatures::Programmable, Aska::FeatureList<Aska::ParticleFeatures::Speed, Aska::FeatureList<Aska::ParticleFeatures::Motion, Aska::FeatureList<Aska::ParticleFeatures::Rotation, Aska::FeatureList<Aska::ParticleFeatures::Texture, Aska::FeatureList<Aska::ParticleFeatures::ColorAnimation, Aska::FeatureList<Aska::ParticleFeatures::LifeLimit, Aska::FeatureList<Aska::ParticleFeatures::Line, Aska::FeatureList<Aska::ParticleFeatures::Dynamics, Aska::FeatureList<Aska::ParticleDynamicsFeatures::Dynamics, Aska::StNULL> > > > > > > > > > >(Aska::AFF::AsfParticleEmitter const*)	manager	decompiled	
0x256f110	0x266f110	460	_ZN4Aska15ParticleManager14CreateParticleINS_11FeatureListINS_16ParticleFeatures12ProgrammableENS2_INS3_5SpeedENS2_INS3_6MotionENS2_INS3_8RotationENS2_INS3_7TextureENS2_INS3_14ColorAnimationENS2_INS3_9LifeLimitENS2_INS3_8DynamicsENS2_INS_24ParticleDynamicsFeatures8DynamicsENS_6StNULLEEEEEEEEEEEEEEEEEEEEEPNS_15ParticleEmitterIT_EEPKNS_3AFF18AsfParticleEmitterE	Aska::ParticleEmitter<Aska::FeatureList<Aska::ParticleFeatures::Programmable, Aska::FeatureList<Aska::ParticleFeatures::Speed, Aska::FeatureList<Aska::ParticleFeatures::Motion, Aska::FeatureList<Aska::ParticleFeatures::Rotation, Aska::FeatureList<Aska::ParticleFeatures::Texture, Aska::FeatureList<Aska::ParticleFeatures::ColorAnimation, Aska::FeatureList<Aska::ParticleFeatures::LifeLimit, Aska::FeatureList<Aska::ParticleFeatures::Dynamics, Aska::FeatureList<Aska::ParticleDynamicsFeatures::Dynamics, Aska::StNULL> > > > > > > > > >* Aska::ParticleManager::CreateParticle<Aska::FeatureList<Aska::ParticleFeatures::Programmable, Aska::FeatureList<Aska::ParticleFeatures::Speed, Aska::FeatureList<Aska::ParticleFeatures::Motion, Aska::FeatureList<Aska::ParticleFeatures::Rotation, Aska::FeatureList<Aska::ParticleFeatures::Texture, Aska::FeatureList<Aska::ParticleFeatures::ColorAnimation, Aska::FeatureList<Aska::ParticleFeatures::LifeLimit, Aska::FeatureList<Aska::ParticleFeatures::Dynamics, Aska::FeatureList<Aska::ParticleDynamicsFeatures::Dynamics, Aska::StNULL> > > > > > > > > >(Aska::AFF::AsfParticleEmitter const*)	manager	decompiled	
0x25708a0	0x26708a0	480	_ZN4Aska15ParticleEmitterINS_11FeatureListINS_16ParticleFeatures12ProgrammableENS1_INS2_5SpeedENS1_INS2_6MotionENS1_INS2_8RotationENS1_INS2_7TextureENS1_INS2_14ColorAnimationENS1_INS2_9LifeLimitENS1_INS2_4LineENS1_INS2_8DynamicsENS1_INS_24ParticleDynamicsFeatures8DynamicsENS_6StNULLEEEEEEEEEEEEEEEEEEEEEE8EmitLinkEiPNS_16IParticleEmitter11EmitContextE	Aska::ParticleEmitter<Aska::FeatureList<Aska::ParticleFeatures::Programmable, Aska::FeatureList<Aska::ParticleFeatures::Speed, Aska::FeatureList<Aska::ParticleFeatures::Motion, Aska::FeatureList<Aska::ParticleFeatures::Rotation, Aska::FeatureList<Aska::ParticleFeatures::Texture, Aska::FeatureList<Aska::ParticleFeatures::ColorAnimation, Aska::FeatureList<Aska::ParticleFeatures::LifeLimit, Aska::FeatureList<Aska::ParticleFeatures::Line, Aska::FeatureList<Aska::ParticleFeatures::Dynamics, Aska::FeatureList<Aska::ParticleDynamicsFeatures::Dynamics, Aska::StNULL> > > > > > > > > > >::EmitLink(int, Aska::IParticleEmitter::EmitContext*)	emitter	decompiled	
0x2570bc8	0x2670bc8	7960	_ZN4Aska15ParticleEmitterINS_11FeatureListINS_16ParticleFeatures12ProgrammableENS1_INS2_5SpeedENS1_INS2_6MotionENS1_INS2_8RotationENS1_INS2_7TextureENS1_INS2_14ColorAnimationENS1_INS2_9LifeLimitENS1_INS2_4LineENS1_INS2_8DynamicsENS1_INS_24ParticleDynamicsFeatures8DynamicsENS_6StNULLEEEEEEEEEEEEEEEEEEEEEE4EmitEiPNS_16IParticleEmitter11EmitContextEPKNSQ_13MatrixContextE	Aska::ParticleEmitter<Aska::FeatureList<Aska::ParticleFeatures::Programmable, Aska::FeatureList<Aska::ParticleFeatures::Speed, Aska::FeatureList<Aska::ParticleFeatures::Motion, Aska::FeatureList<Aska::ParticleFeatures::Rotation, Aska::FeatureList<Aska::ParticleFeatures::Texture, Aska::FeatureList<Aska::ParticleFeatures::ColorAnimation, Aska::FeatureList<Aska::ParticleFeatures::LifeLimit, Aska::FeatureList<Aska::ParticleFeatures::Line, Aska::FeatureList<Aska::ParticleFeatures::Dynamics, Aska::FeatureList<Aska::ParticleDynamicsFeatures::Dynamics, Aska::StNULL> > > > > > > > > > >::Emit(int, Aska::IParticleEmitter::EmitContext*, Aska::IParticleEmitter::MatrixContext const*)	emitter	decompiled	
0x2572ae0	0x2672ae0	4860	_ZN4Aska15ParticleEmitterINS_11FeatureListINS_16ParticleFeatures12ProgrammableENS1_INS2_5SpeedENS1_INS2_6MotionENS1_INS2_8RotationENS1_INS2_7TextureENS1_INS2_14ColorAnimationENS1_INS2_9LifeLimitENS1_INS2_4LineENS1_INS2_8DynamicsENS1_INS_24ParticleDynamicsFeatures8DynamicsENS_6StNULLEEEEEEEEEEEEEEEEEEEEEE10EmitMotionEPNS_15ParticleElementISO_EEPKNS_16IParticleEmitter11EmitContextEPSU_9StBooleanILb1EE	Aska::ParticleEmitter<Aska::FeatureList<Aska::ParticleFeatures::Programmable, Aska::FeatureList<Aska::ParticleFeatures::Speed, Aska::FeatureList<Aska::ParticleFeatures::Motion, Aska::FeatureList<Aska::ParticleFeatures::Rotation, Aska::FeatureList<Aska::ParticleFeatures::Texture, Aska::FeatureList<Aska::ParticleFeatures::ColorAnimation, Aska::FeatureList<Aska::ParticleFeatures::LifeLimit, Aska::FeatureList<Aska::ParticleFeatures::Line, Aska::FeatureList<Aska::ParticleFeatures::Dynamics, Aska::FeatureList<Aska::ParticleDynamicsFeatures::Dynamics, Aska::StNULL> > > > > > > > > > >::EmitMotion(Aska::ParticleElement<Aska::FeatureList<Aska::ParticleFeatures::Programmable, Aska::FeatureList<Aska::ParticleFeatures::Speed, Aska::FeatureList<Aska::ParticleFeatures::Motion, Aska::FeatureList<Aska::ParticleFeatures::Rotation, Aska::FeatureList<Aska::ParticleFeatures::Texture, Aska::FeatureList<Aska::ParticleFeatures::ColorAnimation, Aska::FeatureList<Aska::ParticleFeatures::LifeLimit, Aska::FeatureList<Aska::ParticleFeatures::Line, Aska::FeatureList<Aska::ParticleFeatures::Dynamics, Aska::FeatureList<Aska::ParticleDynamicsFeatures::Dynamics, Aska::StNULL> > > > > > > > > > >*, Aska::IParticleEmitter::EmitContext const*, Aska::IParticleEmitter::EmitContext*, StBoolean<true>)	emitter	decompiled	
0x2573ddc	0x2673ddc	2012	_ZN4Aska15ParticleEmitterINS_11FeatureListINS_16ParticleFeatures12ProgrammableENS1_INS2_5SpeedENS1_INS2_6MotionENS1_INS2_8RotationENS1_INS2_7TextureENS1_INS2_14ColorAnimationENS1_INS2_9LifeLimitENS1_INS2_4LineENS1_INS2_8DynamicsENS1_INS_24ParticleDynamicsFeatures8DynamicsENS_6StNULLEEEEEEEEEEEEEEEEEEEEEE12EmitRotationEPNS_15ParticleElementISO_EEPKNS_16IParticleEmitter11EmitContextEPSU_9StBooleanILb1EE	Aska::ParticleEmitter<Aska::FeatureList<Aska::ParticleFeatures::Programmable, Aska::FeatureList<Aska::ParticleFeatures::Speed, Aska::FeatureList<Aska::ParticleFeatures::Motion, Aska::FeatureList<Aska::ParticleFeatures::Rotation, Aska::FeatureList<Aska::ParticleFeatures::Texture, Aska::FeatureList<Aska::ParticleFeatures::ColorAnimation, Aska::FeatureList<Aska::ParticleFeatures::LifeLimit, Aska::FeatureList<Aska::ParticleFeatures::Line, Aska::FeatureList<Aska::ParticleFeatures::Dynamics, Aska::FeatureList<Aska::ParticleDynamicsFeatures::Dynamics, Aska::StNULL> > > > > > > > > > >::EmitRotation(Aska::ParticleElement<Aska::FeatureList<Aska::ParticleFeatures::Programmable, Aska::FeatureList<Aska::ParticleFeatures::Speed, Aska::FeatureList<Aska::ParticleFeatures::Motion, Aska::FeatureList<Aska::ParticleFeatures::Rotation, Aska::FeatureList<Aska::ParticleFeatures::Texture, Aska::FeatureList<Aska::ParticleFeatures::ColorAnimation, Aska::FeatureList<Aska::ParticleFeatures::LifeLimit, Aska::FeatureList<Aska::ParticleFeatures::Line, Aska::FeatureList<Aska::ParticleFeatures::Dynamics, Aska::FeatureList<Aska::ParticleDynamicsFeatures::Dynamics, Aska::StNULL> > > > > > > > > > >*, Aska::IParticleEmitter::EmitContext const*, Aska::IParticleEmitter::EmitContext*, StBoolean<true>)	emitter	decompiled	
0x2574ef8	0x2674ef8	484	_ZN4Aska15ParticleEmitterINS_11FeatureListINS_16ParticleFeatures12ProgrammableENS1_INS2_5SpeedENS1_INS2_6MotionENS1_INS2_8RotationENS1_INS2_7TextureENS1_INS2_14ColorAnimationENS1_INS2_9LifeLimitENS1_INS2_4LineENS1_INS2_8DynamicsENS1_INS_24ParticleDynamicsFeatures8DynamicsENS_6StNULLEEEEEEEEEEEEEEEEEEEEEE26LineSpeedAffectionRotationEPNS_15ParticleElementISO_EEPKNS_16IParticleEmitter11EmitContextEPNS_6VectorE9StBooleanILb1EE	Aska::ParticleEmitter<Aska::FeatureList<Aska::ParticleFeatures::Programmable, Aska::FeatureList<Aska::ParticleFeatures::Speed, Aska::FeatureList<Aska::ParticleFeatures::Motion, Aska::FeatureList<Aska::ParticleFeatures::Rotation, Aska::FeatureList<Aska::ParticleFeatures::Texture, Aska::FeatureList<Aska::ParticleFeatures::ColorAnimation, Aska::FeatureList<Aska::ParticleFeatures::LifeLimit, Aska::FeatureList<Aska::ParticleFeatures::Line, Aska::FeatureList<Aska::ParticleFeatures::Dynamics, Aska::FeatureList<Aska::ParticleDynamicsFeatures::Dynamics, Aska::StNULL> > > > > > > > > > >::LineSpeedAffectionRotation(Aska::ParticleElement<Aska::FeatureList<Aska::ParticleFeatures::Programmable, Aska::FeatureList<Aska::ParticleFeatures::Speed, Aska::FeatureList<Aska::ParticleFeatures::Motion, Aska::FeatureList<Aska::ParticleFeatures::Rotation, Aska::FeatureList<Aska::ParticleFeatures::Texture, Aska::FeatureList<Aska::ParticleFeatures::ColorAnimation, Aska::FeatureList<Aska::ParticleFeatures::LifeLimit, Aska::FeatureList<Aska::ParticleFeatures::Line, Aska::FeatureList<Aska::ParticleFeatures::Dynamics, Aska::FeatureList<Aska::ParticleDynamicsFeatures::Dynamics, Aska::StNULL> > > > > > > > > > >*, Aska::IParticleEmitter::EmitContext const*, Aska::Vector*, StBoolean<true>)	emitter	decompiled	
0x257575c	0x267575c	1020	_ZN4Aska15ParticleEmitterINS_11FeatureListINS_16ParticleFeatures12ProgrammableENS1_INS2_5SpeedENS1_INS2_6MotionENS1_INS2_8RotationENS1_INS2_7TextureENS1_INS2_14ColorAnimationENS1_INS2_9LifeLimitENS1_INS2_4LineENS1_INS2_8DynamicsENS1_INS_24ParticleDynamicsFeatures8DynamicsENS_6StNULLEEEEEEEEEEEEEEEEEEEEEE8SimulateEf	Aska::ParticleEmitter<Aska::FeatureList<Aska::ParticleFeatures::Programmable, Aska::FeatureList<Aska::ParticleFeatures::Speed, Aska::FeatureList<Aska::ParticleFeatures::Motion, Aska::FeatureList<Aska::ParticleFeatures::Rotation, Aska::FeatureList<Aska::ParticleFeatures::Texture, Aska::FeatureList<Aska::ParticleFeatures::ColorAnimation, Aska::FeatureList<Aska::ParticleFeatures::LifeLimit, Aska::FeatureList<Aska::ParticleFeatures::Line, Aska::FeatureList<Aska::ParticleFeatures::Dynamics, Aska::FeatureList<Aska::ParticleDynamicsFeatures::Dynamics, Aska::StNULL> > > > > > > > > > >::Simulate(float)	simulate	native	
0x2575b58	0x2675b58	516	_ZN4Aska15ParticleEmitterINS_11FeatureListINS_16ParticleFeatures12ProgrammableENS1_INS2_5SpeedENS1_INS2_6MotionENS1_INS2_8RotationENS1_INS2_7TextureENS1_INS2_14ColorAnimationENS1_INS2_9LifeLimitENS1_INS2_4LineENS1_INS2_8DynamicsENS1_INS_24ParticleDynamicsFeatures8DynamicsENS_6StNULLEEEEEEEEEEEEEEEEEEEEEE23EmitterAffectToParticleEPNS_6VectorEPNS_16IParticleEmitter13MatrixContextEf	Aska::ParticleEmitter<Aska::FeatureList<Aska::ParticleFeatures::Programmable, Aska::FeatureList<Aska::ParticleFeatures::Speed, Aska::FeatureList<Aska::ParticleFeatures::Motion, Aska::FeatureList<Aska::ParticleFeatures::Rotation, Aska::FeatureList<Aska::ParticleFeatures::Texture, Aska::FeatureList<Aska::ParticleFeatures::ColorAnimation, Aska::FeatureList<Aska::ParticleFeatures::LifeLimit, Aska::FeatureList<Aska::ParticleFeatures::Line, Aska::FeatureList<Aska::ParticleFeatures::Dynamics, Aska::FeatureList<Aska::ParticleDynamicsFeatures::Dynamics, Aska::StNULL> > > > > > > > > > >::EmitterAffectToParticle(Aska::Vector*, Aska::IParticleEmitter::MatrixContext*, float)	emitter	decompiled	
0x2575d5c	0x2675d5c	632	_ZN4Aska24ParticleRenderableObjectINS_11FeatureListINS_16ParticleFeatures12ProgrammableENS1_INS2_5SpeedENS1_INS2_6MotionENS1_INS2_8RotationENS1_INS2_7TextureENS1_INS2_14ColorAnimationENS1_INS2_9LifeLimitENS1_INS2_4LineENS1_INS2_8DynamicsENS1_INS_24ParticleDynamicsFeatures8DynamicsENS_6StNULLEEEEEEEEEEEEEEEEEEEEEE15RenderProcedureEfPNS_16IParticleEmitter13MatrixContextEb	Aska::ParticleRenderableObject<Aska::FeatureList<Aska::ParticleFeatures::Programmable, Aska::FeatureList<Aska::ParticleFeatures::Speed, Aska::FeatureList<Aska::ParticleFeatures::Motion, Aska::FeatureList<Aska::ParticleFeatures::Rotation, Aska::FeatureList<Aska::ParticleFeatures::Texture, Aska::FeatureList<Aska::ParticleFeatures::ColorAnimation, Aska::FeatureList<Aska::ParticleFeatures::LifeLimit, Aska::FeatureList<Aska::ParticleFeatures::Line, Aska::FeatureList<Aska::ParticleFeatures::Dynamics, Aska::FeatureList<Aska::ParticleDynamicsFeatures::Dynamics, Aska::StNULL> > > > > > > > > > >::RenderProcedure(float, Aska::IParticleEmitter::MatrixContext*, bool)	emitter	decompiled	
0x2579de0	0x2679de0	480	_ZN4Aska15ParticleEmitterINS_11FeatureListINS_16ParticleFeatures12ProgrammableENS1_INS2_5SpeedENS1_INS2_6MotionENS1_INS2_8RotationENS1_INS2_7TextureENS1_INS2_14ColorAnimationENS1_INS2_9LifeLimitENS1_INS2_8DynamicsENS1_INS_24ParticleDynamicsFeatures8DynamicsENS_6StNULLEEEEEEEEEEEEEEEEEEEE8EmitLinkEiPNS_16IParticleEmitter11EmitContextE	Aska::ParticleEmitter<Aska::FeatureList<Aska::ParticleFeatures::Programmable, Aska::FeatureList<Aska::ParticleFeatures::Speed, Aska::FeatureList<Aska::ParticleFeatures::Motion, Aska::FeatureList<Aska::ParticleFeatures::Rotation, Aska::FeatureList<Aska::ParticleFeatures::Texture, Aska::FeatureList<Aska::ParticleFeatures::ColorAnimation, Aska::FeatureList<Aska::ParticleFeatures::LifeLimit, Aska::FeatureList<Aska::ParticleFeatures::Dynamics, Aska::FeatureList<Aska::ParticleDynamicsFeatures::Dynamics, Aska::StNULL> > > > > > > > > >::EmitLink(int, Aska::IParticleEmitter::EmitContext*)	emitter	decompiled	
0x257a2b8	0x267a2b8	8468	_ZN4Aska15ParticleEmitterINS_11FeatureListINS_16ParticleFeatures12ProgrammableENS1_INS2_5SpeedENS1_INS2_6MotionENS1_INS2_8RotationENS1_INS2_7TextureENS1_INS2_14ColorAnimationENS1_INS2_9LifeLimitENS1_INS2_8DynamicsENS1_INS_24ParticleDynamicsFeatures8DynamicsENS_6StNULLEEEEEEEEEEEEEEEEEEEE4EmitEiPNS_16IParticleEmitter11EmitContextEPKNSO_13MatrixContextE	Aska::ParticleEmitter<Aska::FeatureList<Aska::ParticleFeatures::Programmable, Aska::FeatureList<Aska::ParticleFeatures::Speed, Aska::FeatureList<Aska::ParticleFeatures::Motion, Aska::FeatureList<Aska::ParticleFeatures::Rotation, Aska::FeatureList<Aska::ParticleFeatures::Texture, Aska::FeatureList<Aska::ParticleFeatures::ColorAnimation, Aska::FeatureList<Aska::ParticleFeatures::LifeLimit, Aska::FeatureList<Aska::ParticleFeatures::Dynamics, Aska::FeatureList<Aska::ParticleDynamicsFeatures::Dynamics, Aska::StNULL> > > > > > > > > >::Emit(int, Aska::IParticleEmitter::EmitContext*, Aska::IParticleEmitter::MatrixContext const*)	emitter	decompiled	
0x257c3cc	0x267c3cc	4860	_ZN4Aska15ParticleEmitterINS_11FeatureListINS_16ParticleFeatures12ProgrammableENS1_INS2_5SpeedENS1_INS2_6MotionENS1_INS2_8RotationENS1_INS2_7TextureENS1_INS2_14ColorAnimationENS1_INS2_9LifeLimitENS1_INS2_8DynamicsENS1_INS_24ParticleDynamicsFeatures8DynamicsENS_6StNULLEEEEEEEEEEEEEEEEEEEE10EmitMotionEPNS_15ParticleElementISM_EEPKNS_16IParticleEmitter11EmitContextEPSS_9StBooleanILb1EE	Aska::ParticleEmitter<Aska::FeatureList<Aska::ParticleFeatures::Programmable, Aska::FeatureList<Aska::ParticleFeatures::Speed, Aska::FeatureList<Aska::ParticleFeatures::Motion, Aska::FeatureList<Aska::ParticleFeatures::Rotation, Aska::FeatureList<Aska::ParticleFeatures::Texture, Aska::FeatureList<Aska::ParticleFeatures::ColorAnimation, Aska::FeatureList<Aska::ParticleFeatures::LifeLimit, Aska::FeatureList<Aska::ParticleFeatures::Dynamics, Aska::FeatureList<Aska::ParticleDynamicsFeatures::Dynamics, Aska::StNULL> > > > > > > > > >::EmitMotion(Aska::ParticleElement<Aska::FeatureList<Aska::ParticleFeatures::Programmable, Aska::FeatureList<Aska::ParticleFeatures::Speed, Aska::FeatureList<Aska::ParticleFeatures::Motion, Aska::FeatureList<Aska::ParticleFeatures::Rotation, Aska::FeatureList<Aska::ParticleFeatures::Texture, Aska::FeatureList<Aska::ParticleFeatures::ColorAnimation, Aska::FeatureList<Aska::ParticleFeatures::LifeLimit, Aska::FeatureList<Aska::ParticleFeatures::Dynamics, Aska::FeatureList<Aska::ParticleDynamicsFeatures::Dynamics, Aska::StNULL> > > > > > > > > >*, Aska::IParticleEmitter::EmitContext const*, Aska::IParticleEmitter::EmitContext*, StBoolean<true>)	emitter	decompiled	
0x257d6c8	0x267d6c8	2012	_ZN4Aska15ParticleEmitterINS_11FeatureListINS_16ParticleFeatures12ProgrammableENS1_INS2_5SpeedENS1_INS2_6MotionENS1_INS2_8RotationENS1_INS2_7TextureENS1_INS2_14ColorAnimationENS1_INS2_9LifeLimitENS1_INS2_8DynamicsENS1_INS_24ParticleDynamicsFeatures8DynamicsENS_6StNULLEEEEEEEEEEEEEEEEEEEE12EmitRotationEPNS_15ParticleElementISM_EEPKNS_16IParticleEmitter11EmitContextEPSS_9StBooleanILb1EE	Aska::ParticleEmitter<Aska::FeatureList<Aska::ParticleFeatures::Programmable, Aska::FeatureList<Aska::ParticleFeatures::Speed, Aska::FeatureList<Aska::ParticleFeatures::Motion, Aska::FeatureList<Aska::ParticleFeatures::Rotation, Aska::FeatureList<Aska::ParticleFeatures::Texture, Aska::FeatureList<Aska::ParticleFeatures::ColorAnimation, Aska::FeatureList<Aska::ParticleFeatures::LifeLimit, Aska::FeatureList<Aska::ParticleFeatures::Dynamics, Aska::FeatureList<Aska::ParticleDynamicsFeatures::Dynamics, Aska::StNULL> > > > > > > > > >::EmitRotation(Aska::ParticleElement<Aska::FeatureList<Aska::ParticleFeatures::Programmable, Aska::FeatureList<Aska::ParticleFeatures::Speed, Aska::FeatureList<Aska::ParticleFeatures::Motion, Aska::FeatureList<Aska::ParticleFeatures::Rotation, Aska::FeatureList<Aska::ParticleFeatures::Texture, Aska::FeatureList<Aska::ParticleFeatures::ColorAnimation, Aska::FeatureList<Aska::ParticleFeatures::LifeLimit, Aska::FeatureList<Aska::ParticleFeatures::Dynamics, Aska::FeatureList<Aska::ParticleDynamicsFeatures::Dynamics, Aska::StNULL> > > > > > > > > >*, Aska::IParticleEmitter::EmitContext const*, Aska::IParticleEmitter::EmitContext*, StBoolean<true>)	emitter	decompiled	
0x257e7e4	0x267e7e4	484	_ZN4Aska15ParticleEmitterINS_11FeatureListINS_16ParticleFeatures12ProgrammableENS1_INS2_5SpeedENS1_INS2_6MotionENS1_INS2_8RotationENS1_INS2_7TextureENS1_INS2_14ColorAnimationENS1_INS2_9LifeLimitENS1_INS2_8DynamicsENS1_INS_24ParticleDynamicsFeatures8DynamicsENS_6StNULLEEEEEEEEEEEEEEEEEEEE26LineSpeedAffectionRotationEPNS_15ParticleElementISM_EEPKNS_16IParticleEmitter11EmitContextEPNS_6VectorE9StBooleanILb1EE	Aska::ParticleEmitter<Aska::FeatureList<Aska::ParticleFeatures::Programmable, Aska::FeatureList<Aska::ParticleFeatures::Speed, Aska::FeatureList<Aska::ParticleFeatures::Motion, Aska::FeatureList<Aska::ParticleFeatures::Rotation, Aska::FeatureList<Aska::ParticleFeatures::Texture, Aska::FeatureList<Aska::ParticleFeatures::ColorAnimation, Aska::FeatureList<Aska::ParticleFeatures::LifeLimit, Aska::FeatureList<Aska::ParticleFeatures::Dynamics, Aska::FeatureList<Aska::ParticleDynamicsFeatures::Dynamics, Aska::StNULL> > > > > > > > > >::LineSpeedAffectionRotation(Aska::ParticleElement<Aska::FeatureList<Aska::ParticleFeatures::Programmable, Aska::FeatureList<Aska::ParticleFeatures::Speed, Aska::FeatureList<Aska::ParticleFeatures::Motion, Aska::FeatureList<Aska::ParticleFeatures::Rotation, Aska::FeatureList<Aska::ParticleFeatures::Texture, Aska::FeatureList<Aska::ParticleFeatures::ColorAnimation, Aska::FeatureList<Aska::ParticleFeatures::LifeLimit, Aska::FeatureList<Aska::ParticleFeatures::Dynamics, Aska::FeatureList<Aska::ParticleDynamicsFeatures::Dynamics, Aska::StNULL> > > > > > > > > >*, Aska::IParticleEmitter::EmitContext const*, Aska::Vector*, StBoolean<true>)	emitter	decompiled	
0x257ef20	0x267ef20	1020	_ZN4Aska15ParticleEmitterINS_11FeatureListINS_16ParticleFeatures12ProgrammableENS1_INS2_5SpeedENS1_INS2_6MotionENS1_INS2_8RotationENS1_INS2_7TextureENS1_INS2_14ColorAnimationENS1_INS2_9LifeLimitENS1_INS2_8DynamicsENS1_INS_24ParticleDynamicsFeatures8DynamicsENS_6StNULLEEEEEEEEEEEEEEEEEEEE8SimulateEf	Aska::ParticleEmitter<Aska::FeatureList<Aska::ParticleFeatures::Programmable, Aska::FeatureList<Aska::ParticleFeatures::Speed, Aska::FeatureList<Aska::ParticleFeatures::Motion, Aska::FeatureList<Aska::ParticleFeatures::Rotation, Aska::FeatureList<Aska::ParticleFeatures::Texture, Aska::FeatureList<Aska::ParticleFeatures::ColorAnimation, Aska::FeatureList<Aska::ParticleFeatures::LifeLimit, Aska::FeatureList<Aska::ParticleFeatures::Dynamics, Aska::FeatureList<Aska::ParticleDynamicsFeatures::Dynamics, Aska::StNULL> > > > > > > > > >::Simulate(float)	simulate	native	
0x257f31c	0x267f31c	516	_ZN4Aska15ParticleEmitterINS_11FeatureListINS_16ParticleFeatures12ProgrammableENS1_INS2_5SpeedENS1_INS2_6MotionENS1_INS2_8RotationENS1_INS2_7TextureENS1_INS2_14ColorAnimationENS1_INS2_9LifeLimitENS1_INS2_8DynamicsENS1_INS_24ParticleDynamicsFeatures8DynamicsENS_6StNULLEEEEEEEEEEEEEEEEEEEE23EmitterAffectToParticleEPNS_6VectorEPNS_16IParticleEmitter13MatrixContextEf	Aska::ParticleEmitter<Aska::FeatureList<Aska::ParticleFeatures::Programmable, Aska::FeatureList<Aska::ParticleFeatures::Speed, Aska::FeatureList<Aska::ParticleFeatures::Motion, Aska::FeatureList<Aska::ParticleFeatures::Rotation, Aska::FeatureList<Aska::ParticleFeatures::Texture, Aska::FeatureList<Aska::ParticleFeatures::ColorAnimation, Aska::FeatureList<Aska::ParticleFeatures::LifeLimit, Aska::FeatureList<Aska::ParticleFeatures::Dynamics, Aska::FeatureList<Aska::ParticleDynamicsFeatures::Dynamics, Aska::StNULL> > > > > > > > > >::EmitterAffectToParticle(Aska::Vector*, Aska::IParticleEmitter::MatrixContext*, float)	emitter	decompiled	
0x257f520	0x267f520	632	_ZN4Aska24ParticleRenderableObjectINS_11FeatureListINS_16ParticleFeatures12ProgrammableENS1_INS2_5SpeedENS1_INS2_6MotionENS1_INS2_8RotationENS1_INS2_7TextureENS1_INS2_14ColorAnimationENS1_INS2_9LifeLimitENS1_INS2_8DynamicsENS1_INS_24ParticleDynamicsFeatures8DynamicsENS_6StNULLEEEEEEEEEEEEEEEEEEEE15RenderProcedureEfPNS_16IParticleEmitter13MatrixContextEb	Aska::ParticleRenderableObject<Aska::FeatureList<Aska::ParticleFeatures::Programmable, Aska::FeatureList<Aska::ParticleFeatures::Speed, Aska::FeatureList<Aska::ParticleFeatures::Motion, Aska::FeatureList<Aska::ParticleFeatures::Rotation, Aska::FeatureList<Aska::ParticleFeatures::Texture, Aska::FeatureList<Aska::ParticleFeatures::ColorAnimation, Aska::FeatureList<Aska::ParticleFeatures::LifeLimit, Aska::FeatureList<Aska::ParticleFeatures::Dynamics, Aska::FeatureList<Aska::ParticleDynamicsFeatures::Dynamics, Aska::StNULL> > > > > > > > > >::RenderProcedure(float, Aska::IParticleEmitter::MatrixContext*, bool)	emitter	decompiled	
0x25822ac	0x26822ac	480	_ZN4Aska15ParticleManager14CreateParticleINS_11FeatureListINS_16ParticleFeatures11CurveMotionENS2_INS3_7TextureENS2_INS3_14ColorAnimationENS2_INS3_5SpeedENS2_INS3_9LifeLimitENS2_INS3_4LineENS_6StNULLEEEEEEEEEEEEEEEPNS_15ParticleEmitterIT_EEPKNS_3AFF18AsfParticleEmitterE	Aska::ParticleEmitter<Aska::FeatureList<Aska::ParticleFeatures::CurveMotion, Aska::FeatureList<Aska::ParticleFeatures::Texture, Aska::FeatureList<Aska::ParticleFeatures::ColorAnimation, Aska::FeatureList<Aska::ParticleFeatures::Speed, Aska::FeatureList<Aska::ParticleFeatures::LifeLimit, Aska::FeatureList<Aska::ParticleFeatures::Line, Aska::StNULL> > > > > > >* Aska::ParticleManager::CreateParticle<Aska::FeatureList<Aska::ParticleFeatures::CurveMotion, Aska::FeatureList<Aska::ParticleFeatures::Texture, Aska::FeatureList<Aska::ParticleFeatures::ColorAnimation, Aska::FeatureList<Aska::ParticleFeatures::Speed, Aska::FeatureList<Aska::ParticleFeatures::LifeLimit, Aska::FeatureList<Aska::ParticleFeatures::Line, Aska::StNULL> > > > > > >(Aska::AFF::AsfParticleEmitter const*)	manager	decompiled	
0x258248c	0x268248c	448	_ZN4Aska15ParticleManager14CreateParticleINS_11FeatureListINS_16ParticleFeatures11CurveMotionENS2_INS3_7TextureENS2_INS3_14ColorAnimationENS2_INS3_5SpeedENS2_INS3_9LifeLimitENS_6StNULLEEEEEEEEEEEEEPNS_15ParticleEmitterIT_EEPKNS_3AFF18AsfParticleEmitterE	Aska::ParticleEmitter<Aska::FeatureList<Aska::ParticleFeatures::CurveMotion, Aska::FeatureList<Aska::ParticleFeatures::Texture, Aska::FeatureList<Aska::ParticleFeatures::ColorAnimation, Aska::FeatureList<Aska::ParticleFeatures::Speed, Aska::FeatureList<Aska::ParticleFeatures::LifeLimit, Aska::StNULL> > > > > >* Aska::ParticleManager::CreateParticle<Aska::FeatureList<Aska::ParticleFeatures::CurveMotion, Aska::FeatureList<Aska::ParticleFeatures::Texture, Aska::FeatureList<Aska::ParticleFeatures::ColorAnimation, Aska::FeatureList<Aska::ParticleFeatures::Speed, Aska::FeatureList<Aska::ParticleFeatures::LifeLimit, Aska::StNULL> > > > > >(Aska::AFF::AsfParticleEmitter const*)	manager	decompiled	
0x258264c	0x268264c	468	_ZN4Aska15ParticleManager14CreateParticleINS_11FeatureListINS_16ParticleFeatures11CurveMotionENS2_INS3_7TextureENS2_INS3_14ColorAnimationENS2_INS3_5SpeedENS2_INS3_4LineENS_6StNULLEEEEEEEEEEEEEPNS_15ParticleEmitterIT_EEPKNS_3AFF18AsfParticleEmitterE	Aska::ParticleEmitter<Aska::FeatureList<Aska::ParticleFeatures::CurveMotion, Aska::FeatureList<Aska::ParticleFeatures::Texture, Aska::FeatureList<Aska::ParticleFeatures::ColorAnimation, Aska::FeatureList<Aska::ParticleFeatures::Speed, Aska::FeatureList<Aska::ParticleFeatures::Line, Aska::StNULL> > > > > >* Aska::ParticleManager::CreateParticle<Aska::FeatureList<Aska::ParticleFeatures::CurveMotion, Aska::FeatureList<Aska::ParticleFeatures::Texture, Aska::FeatureList<Aska::ParticleFeatures::ColorAnimation, Aska::FeatureList<Aska::ParticleFeatures::Speed, Aska::FeatureList<Aska::ParticleFeatures::Line, Aska::StNULL> > > > > >(Aska::AFF::AsfParticleEmitter const*)	manager	decompiled	
0x2582820	0x2682820	436	_ZN4Aska15ParticleManager14CreateParticleINS_11FeatureListINS_16ParticleFeatures11CurveMotionENS2_INS3_7TextureENS2_INS3_14ColorAnimationENS2_INS3_5SpeedENS_6StNULLEEEEEEEEEEEPNS_15ParticleEmitterIT_EEPKNS_3AFF18AsfParticleEmitterE	Aska::ParticleEmitter<Aska::FeatureList<Aska::ParticleFeatures::CurveMotion, Aska::FeatureList<Aska::ParticleFeatures::Texture, Aska::FeatureList<Aska::ParticleFeatures::ColorAnimation, Aska::FeatureList<Aska::ParticleFeatures::Speed, Aska::StNULL> > > > >* Aska::ParticleManager::CreateParticle<Aska::FeatureList<Aska::ParticleFeatures::CurveMotion, Aska::FeatureList<Aska::ParticleFeatures::Texture, Aska::FeatureList<Aska::ParticleFeatures::ColorAnimation, Aska::FeatureList<Aska::ParticleFeatures::Speed, Aska::StNULL> > > > >(Aska::AFF::AsfParticleEmitter const*)	manager	decompiled	
0x2583ec8	0x2683ec8	480	_ZN4Aska15ParticleEmitterINS_11FeatureListINS_16ParticleFeatures11CurveMotionENS1_INS2_7TextureENS1_INS2_14ColorAnimationENS1_INS2_5SpeedENS1_INS2_9LifeLimitENS1_INS2_4LineENS_6StNULLEEEEEEEEEEEEEE8EmitLinkEiPNS_16IParticleEmitter11EmitContextE	Aska::ParticleEmitter<Aska::FeatureList<Aska::ParticleFeatures::CurveMotion, Aska::FeatureList<Aska::ParticleFeatures::Texture, Aska::FeatureList<Aska::ParticleFeatures::ColorAnimation, Aska::FeatureList<Aska::ParticleFeatures::Speed, Aska::FeatureList<Aska::ParticleFeatures::LifeLimit, Aska::FeatureList<Aska::ParticleFeatures::Line, Aska::StNULL> > > > > > >::EmitLink(int, Aska::IParticleEmitter::EmitContext*)	emitter	decompiled	
0x25841d8	0x26841d8	7836	_ZN4Aska15ParticleEmitterINS_11FeatureListINS_16ParticleFeatures11CurveMotionENS1_INS2_7TextureENS1_INS2_14ColorAnimationENS1_INS2_5SpeedENS1_INS2_9LifeLimitENS1_INS2_4LineENS_6StNULLEEEEEEEEEEEEEE4EmitEiPNS_16IParticleEmitter11EmitContextEPKNSH_13MatrixContextE	Aska::ParticleEmitter<Aska::FeatureList<Aska::ParticleFeatures::CurveMotion, Aska::FeatureList<Aska::ParticleFeatures::Texture, Aska::FeatureList<Aska::ParticleFeatures::ColorAnimation, Aska::FeatureList<Aska::ParticleFeatures::Speed, Aska::FeatureList<Aska::ParticleFeatures::LifeLimit, Aska::FeatureList<Aska::ParticleFeatures::Line, Aska::StNULL> > > > > > >::Emit(int, Aska::IParticleEmitter::EmitContext*, Aska::IParticleEmitter::MatrixContext const*)	emitter	decompiled	
0x2586db8	0x2686db8	1020	_ZN4Aska15ParticleEmitterINS_11FeatureListINS_16ParticleFeatures11CurveMotionENS1_INS2_7TextureENS1_INS2_14ColorAnimationENS1_INS2_5SpeedENS1_INS2_9LifeLimitENS1_INS2_4LineENS_6StNULLEEEEEEEEEEEEEE8SimulateEf	Aska::ParticleEmitter<Aska::FeatureList<Aska::ParticleFeatures::CurveMotion, Aska::FeatureList<Aska::ParticleFeatures::Texture, Aska::FeatureList<Aska::ParticleFeatures::ColorAnimation, Aska::FeatureList<Aska::ParticleFeatures::Speed, Aska::FeatureList<Aska::ParticleFeatures::LifeLimit, Aska::FeatureList<Aska::ParticleFeatures::Line, Aska::StNULL> > > > > > >::Simulate(float)	simulate	native	
0x25871b4	0x26871b4	516	_ZN4Aska15ParticleEmitterINS_11FeatureListINS_16ParticleFeatures11CurveMotionENS1_INS2_7TextureENS1_INS2_14ColorAnimationENS1_INS2_5SpeedENS1_INS2_9LifeLimitENS1_INS2_4LineENS_6StNULLEEEEEEEEEEEEEE23EmitterAffectToParticleEPNS_6VectorEPNS_16IParticleEmitter13MatrixContextEf	Aska::ParticleEmitter<Aska::FeatureList<Aska::ParticleFeatures::CurveMotion, Aska::FeatureList<Aska::ParticleFeatures::Texture, Aska::FeatureList<Aska::ParticleFeatures::ColorAnimation, Aska::FeatureList<Aska::ParticleFeatures::Speed, Aska::FeatureList<Aska::ParticleFeatures::LifeLimit, Aska::FeatureList<Aska::ParticleFeatures::Line, Aska::StNULL> > > > > > >::EmitterAffectToParticle(Aska::Vector*, Aska::IParticleEmitter::MatrixContext*, float)	emitter	decompiled	
0x25873b8	0x26873b8	616	_ZN4Aska24ParticleRenderableObjectINS_11FeatureListINS_16ParticleFeatures11CurveMotionENS1_INS2_7TextureENS1_INS2_14ColorAnimationENS1_INS2_5SpeedENS1_INS2_9LifeLimitENS1_INS2_4LineENS_6StNULLEEEEEEEEEEEEEE15RenderProcedureEfPNS_16IParticleEmitter13MatrixContextEb	Aska::ParticleRenderableObject<Aska::FeatureList<Aska::ParticleFeatures::CurveMotion, Aska::FeatureList<Aska::ParticleFeatures::Texture, Aska::FeatureList<Aska::ParticleFeatures::ColorAnimation, Aska::FeatureList<Aska::ParticleFeatures::Speed, Aska::FeatureList<Aska::ParticleFeatures::LifeLimit, Aska::FeatureList<Aska::ParticleFeatures::Line, Aska::StNULL> > > > > > >::RenderProcedure(float, Aska::IParticleEmitter::MatrixContext*, bool)	emitter	decompiled	
0x2589fb8	0x2689fb8	480	_ZN4Aska15ParticleEmitterINS_11FeatureListINS_16ParticleFeatures11CurveMotionENS1_INS2_7TextureENS1_INS2_14ColorAnimationENS1_INS2_5SpeedENS1_INS2_9LifeLimitENS_6StNULLEEEEEEEEEEEE8EmitLinkEiPNS_16IParticleEmitter11EmitContextE	Aska::ParticleEmitter<Aska::FeatureList<Aska::ParticleFeatures::CurveMotion, Aska::FeatureList<Aska::ParticleFeatures::Texture, Aska::FeatureList<Aska::ParticleFeatures::ColorAnimation, Aska::FeatureList<Aska::ParticleFeatures::Speed, Aska::FeatureList<Aska::ParticleFeatures::LifeLimit, Aska::StNULL> > > > > >::EmitLink(int, Aska::IParticleEmitter::EmitContext*)	emitter	decompiled	
0x258a2c8	0x268a2c8	8432	_ZN4Aska15ParticleEmitterINS_11FeatureListINS_16ParticleFeatures11CurveMotionENS1_INS2_7TextureENS1_INS2_14ColorAnimationENS1_INS2_5SpeedENS1_INS2_9LifeLimitENS_6StNULLEEEEEEEEEEEE4EmitEiPNS_16IParticleEmitter11EmitContextEPKNSF_13MatrixContextE	Aska::ParticleEmitter<Aska::FeatureList<Aska::ParticleFeatures::CurveMotion, Aska::FeatureList<Aska::ParticleFeatures::Texture, Aska::FeatureList<Aska::ParticleFeatures::ColorAnimation, Aska::FeatureList<Aska::ParticleFeatures::Speed, Aska::FeatureList<Aska::ParticleFeatures::LifeLimit, Aska::StNULL> > > > > >::Emit(int, Aska::IParticleEmitter::EmitContext*, Aska::IParticleEmitter::MatrixContext const*)	emitter	decompiled	
0x258cfd8	0x268cfd8	1020	_ZN4Aska15ParticleEmitterINS_11FeatureListINS_16ParticleFeatures11CurveMotionENS1_INS2_7TextureENS1_INS2_14ColorAnimationENS1_INS2_5SpeedENS1_INS2_9LifeLimitENS_6StNULLEEEEEEEEEEEE8SimulateEf	Aska::ParticleEmitter<Aska::FeatureList<Aska::ParticleFeatures::CurveMotion, Aska::FeatureList<Aska::ParticleFeatures::Texture, Aska::FeatureList<Aska::ParticleFeatures::ColorAnimation, Aska::FeatureList<Aska::ParticleFeatures::Speed, Aska::FeatureList<Aska::ParticleFeatures::LifeLimit, Aska::StNULL> > > > > >::Simulate(float)	simulate	native	
0x258d3d4	0x268d3d4	516	_ZN4Aska15ParticleEmitterINS_11FeatureListINS_16ParticleFeatures11CurveMotionENS1_INS2_7TextureENS1_INS2_14ColorAnimationENS1_INS2_5SpeedENS1_INS2_9LifeLimitENS_6StNULLEEEEEEEEEEEE23EmitterAffectToParticleEPNS_6VectorEPNS_16IParticleEmitter13MatrixContextEf	Aska::ParticleEmitter<Aska::FeatureList<Aska::ParticleFeatures::CurveMotion, Aska::FeatureList<Aska::ParticleFeatures::Texture, Aska::FeatureList<Aska::ParticleFeatures::ColorAnimation, Aska::FeatureList<Aska::ParticleFeatures::Speed, Aska::FeatureList<Aska::ParticleFeatures::LifeLimit, Aska::StNULL> > > > > >::EmitterAffectToParticle(Aska::Vector*, Aska::IParticleEmitter::MatrixContext*, float)	emitter	decompiled	
0x258d5d8	0x268d5d8	616	_ZN4Aska24ParticleRenderableObjectINS_11FeatureListINS_16ParticleFeatures11CurveMotionENS1_INS2_7TextureENS1_INS2_14ColorAnimationENS1_INS2_5SpeedENS1_INS2_9LifeLimitENS_6StNULLEEEEEEEEEEEE15RenderProcedureEfPNS_16IParticleEmitter13MatrixContextEb	Aska::ParticleRenderableObject<Aska::FeatureList<Aska::ParticleFeatures::CurveMotion, Aska::FeatureList<Aska::ParticleFeatures::Texture, Aska::FeatureList<Aska::ParticleFeatures::ColorAnimation, Aska::FeatureList<Aska::ParticleFeatures::Speed, Aska::FeatureList<Aska::ParticleFeatures::LifeLimit, Aska::StNULL> > > > > >::RenderProcedure(float, Aska::IParticleEmitter::MatrixContext*, bool)	emitter	decompiled	
0x259023c	0x269023c	480	_ZN4Aska15ParticleEmitterINS_11FeatureListINS_16ParticleFeatures11CurveMotionENS1_INS2_7TextureENS1_INS2_14ColorAnimationENS1_INS2_5SpeedENS1_INS2_4LineENS_6StNULLEEEEEEEEEEEE8EmitLinkEiPNS_16IParticleEmitter11EmitContextE	Aska::ParticleEmitter<Aska::FeatureList<Aska::ParticleFeatures::CurveMotion, Aska::FeatureList<Aska::ParticleFeatures::Texture, Aska::FeatureList<Aska::ParticleFeatures::ColorAnimation, Aska::FeatureList<Aska::ParticleFeatures::Speed, Aska::FeatureList<Aska::ParticleFeatures::Line, Aska::StNULL> > > > > >::EmitLink(int, Aska::IParticleEmitter::EmitContext*)	emitter	decompiled	
0x259054c	0x269054c	7828	_ZN4Aska15ParticleEmitterINS_11FeatureListINS_16ParticleFeatures11CurveMotionENS1_INS2_7TextureENS1_INS2_14ColorAnimationENS1_INS2_5SpeedENS1_INS2_4LineENS_6StNULLEEEEEEEEEEEE4EmitEiPNS_16IParticleEmitter11EmitContextEPKNSF_13MatrixContextE	Aska::ParticleEmitter<Aska::FeatureList<Aska::ParticleFeatures::CurveMotion, Aska::FeatureList<Aska::ParticleFeatures::Texture, Aska::FeatureList<Aska::ParticleFeatures::ColorAnimation, Aska::FeatureList<Aska::ParticleFeatures::Speed, Aska::FeatureList<Aska::ParticleFeatures::Line, Aska::StNULL> > > > > >::Emit(int, Aska::IParticleEmitter::EmitContext*, Aska::IParticleEmitter::MatrixContext const*)	emitter	decompiled	
0x2593124	0x2693124	1020	_ZN4Aska15ParticleEmitterINS_11FeatureListINS_16ParticleFeatures11CurveMotionENS1_INS2_7TextureENS1_INS2_14ColorAnimationENS1_INS2_5SpeedENS1_INS2_4LineENS_6StNULLEEEEEEEEEEEE8SimulateEf	Aska::ParticleEmitter<Aska::FeatureList<Aska::ParticleFeatures::CurveMotion, Aska::FeatureList<Aska::ParticleFeatures::Texture, Aska::FeatureList<Aska::ParticleFeatures::ColorAnimation, Aska::FeatureList<Aska::ParticleFeatures::Speed, Aska::FeatureList<Aska::ParticleFeatures::Line, Aska::StNULL> > > > > >::Simulate(float)	simulate	native	
0x2593520	0x2693520	516	_ZN4Aska15ParticleEmitterINS_11FeatureListINS_16ParticleFeatures11CurveMotionENS1_INS2_7TextureENS1_INS2_14ColorAnimationENS1_INS2_5SpeedENS1_INS2_4LineENS_6StNULLEEEEEEEEEEEE23EmitterAffectToParticleEPNS_6VectorEPNS_16IParticleEmitter13MatrixContextEf	Aska::ParticleEmitter<Aska::FeatureList<Aska::ParticleFeatures::CurveMotion, Aska::FeatureList<Aska::ParticleFeatures::Texture, Aska::FeatureList<Aska::ParticleFeatures::ColorAnimation, Aska::FeatureList<Aska::ParticleFeatures::Speed, Aska::FeatureList<Aska::ParticleFeatures::Line, Aska::StNULL> > > > > >::EmitterAffectToParticle(Aska::Vector*, Aska::IParticleEmitter::MatrixContext*, float)	emitter	decompiled	
0x2593724	0x2693724	616	_ZN4Aska24ParticleRenderableObjectINS_11FeatureListINS_16ParticleFeatures11CurveMotionENS1_INS2_7TextureENS1_INS2_14ColorAnimationENS1_INS2_5SpeedENS1_INS2_4LineENS_6StNULLEEEEEEEEEEEE15RenderProcedureEfPNS_16IParticleEmitter13MatrixContextEb	Aska::ParticleRenderableObject<Aska::FeatureList<Aska::ParticleFeatures::CurveMotion, Aska::FeatureList<Aska::ParticleFeatures::Texture, Aska::FeatureList<Aska::ParticleFeatures::ColorAnimation, Aska::FeatureList<Aska::ParticleFeatures::Speed, Aska::FeatureList<Aska::ParticleFeatures::Line, Aska::StNULL> > > > > >::RenderProcedure(float, Aska::IParticleEmitter::MatrixContext*, bool)	emitter	decompiled	
0x2595e88	0x2695e88	480	_ZN4Aska15ParticleEmitterINS_11FeatureListINS_16ParticleFeatures11CurveMotionENS1_INS2_7TextureENS1_INS2_14ColorAnimationENS1_INS2_5SpeedENS_6StNULLEEEEEEEEEE8EmitLinkEiPNS_16IParticleEmitter11EmitContextE	Aska::ParticleEmitter<Aska::FeatureList<Aska::ParticleFeatures::CurveMotion, Aska::FeatureList<Aska::ParticleFeatures::Texture, Aska::FeatureList<Aska::ParticleFeatures::ColorAnimation, Aska::FeatureList<Aska::ParticleFeatures::Speed, Aska::StNULL> > > > >::EmitLink(int, Aska::IParticleEmitter::EmitContext*)	emitter	decompiled	
0x2596198	0x2696198	8424	_ZN4Aska15ParticleEmitterINS_11FeatureListINS_16ParticleFeatures11CurveMotionENS1_INS2_7TextureENS1_INS2_14ColorAnimationENS1_INS2_5SpeedENS_6StNULLEEEEEEEEEE4EmitEiPNS_16IParticleEmitter11EmitContextEPKNSD_13MatrixContextE	Aska::ParticleEmitter<Aska::FeatureList<Aska::ParticleFeatures::CurveMotion, Aska::FeatureList<Aska::ParticleFeatures::Texture, Aska::FeatureList<Aska::ParticleFeatures::ColorAnimation, Aska::FeatureList<Aska::ParticleFeatures::Speed, Aska::StNULL> > > > >::Emit(int, Aska::IParticleEmitter::EmitContext*, Aska::IParticleEmitter::MatrixContext const*)	emitter	decompiled	
0x2598ea0	0x2698ea0	1020	_ZN4Aska15ParticleEmitterINS_11FeatureListINS_16ParticleFeatures11CurveMotionENS1_INS2_7TextureENS1_INS2_14ColorAnimationENS1_INS2_5SpeedENS_6StNULLEEEEEEEEEE8SimulateEf	Aska::ParticleEmitter<Aska::FeatureList<Aska::ParticleFeatures::CurveMotion, Aska::FeatureList<Aska::ParticleFeatures::Texture, Aska::FeatureList<Aska::ParticleFeatures::ColorAnimation, Aska::FeatureList<Aska::ParticleFeatures::Speed, Aska::StNULL> > > > >::Simulate(float)	simulate	native	
0x259929c	0x269929c	516	_ZN4Aska15ParticleEmitterINS_11FeatureListINS_16ParticleFeatures11CurveMotionENS1_INS2_7TextureENS1_INS2_14ColorAnimationENS1_INS2_5SpeedENS_6StNULLEEEEEEEEEE23EmitterAffectToParticleEPNS_6VectorEPNS_16IParticleEmitter13MatrixContextEf	Aska::ParticleEmitter<Aska::FeatureList<Aska::ParticleFeatures::CurveMotion, Aska::FeatureList<Aska::ParticleFeatures::Texture, Aska::FeatureList<Aska::ParticleFeatures::ColorAnimation, Aska::FeatureList<Aska::ParticleFeatures::Speed, Aska::StNULL> > > > >::EmitterAffectToParticle(Aska::Vector*, Aska::IParticleEmitter::MatrixContext*, float)	emitter	decompiled	
0x25994a0	0x26994a0	616	_ZN4Aska24ParticleRenderableObjectINS_11FeatureListINS_16ParticleFeatures11CurveMotionENS1_INS2_7TextureENS1_INS2_14ColorAnimationENS1_INS2_5SpeedENS_6StNULLEEEEEEEEEE15RenderProcedureEfPNS_16IParticleEmitter13MatrixContextEb	Aska::ParticleRenderableObject<Aska::FeatureList<Aska::ParticleFeatures::CurveMotion, Aska::FeatureList<Aska::ParticleFeatures::Texture, Aska::FeatureList<Aska::ParticleFeatures::ColorAnimation, Aska::FeatureList<Aska::ParticleFeatures::Speed, Aska::StNULL> > > > >::RenderProcedure(float, Aska::IParticleEmitter::MatrixContext*, bool)	emitter	decompiled	
0x259a854	0x269a854	20	_ZN4Aska19ParticleDrawContextC1Ev	Aska::ParticleDrawContext::ParticleDrawContext()	renderable	decompiled	
0x259a868	0x269a868	4	_ZN4Aska19ParticleDrawContextD2Ev	Aska::ParticleDrawContext::~ParticleDrawContext()	renderable	decompiled	
0x259a86c	0x269a86c	1448	_ZN4Aska19ParticleDrawContext24SetShaderConstant_VertexEv	Aska::ParticleDrawContext::SetShaderConstant_Vertex()	renderable	decompiled	
0x259ae14	0x269ae14	428	_ZN4Aska19ParticleDrawContext23SetShaderConstant_PixelEv	Aska::ParticleDrawContext::SetShaderConstant_Pixel()	renderable	decompiled	
